scenario,run,k13_frequency,year
006/000-status-quo,0,0.8187891640093037,2031
006/000-status-quo,1,0.7877270562162768,2031
006/000-status-quo,2,0.8234121549216248,2031
006/000-status-quo,3,0.8223246338895112,2031
006/000-status-quo,4,0.835894375729159,2031
006/000-status-quo,5,0.8138409483280501,2031
006/000-status-quo,6,0.7999046462906403,2031
006/000-status-quo,7,0.8017301714718824,2031
006/000-status-quo,8,0.8126730636108915,2031
006/000-status-quo,9,0.8518700493981989,2031
006/000-status-quo,10,0.793489021534441,2031
006/000-status-quo,11,0.776680597351095,2031
006/000-status-quo,12,0.8404254631443572,2031
006/000-status-quo,13,0.826295982237604,2031
006/000-status-quo,14,0.8189707090524497,2031
006/000-status-quo,15,0.8102823998602063,2031
006/000-status-quo,16,0.824303616298478,2031
006/000-status-quo,17,0.7818147963800243,2031
006/000-status-quo,18,0.7924345481991675,2031
006/000-status-quo,19,0.8093966241941865,2031
006/000-status-quo,20,0.8145454117785635,2031
006/000-status-quo,21,0.8207863868425219,2031
006/000-status-quo,22,0.814826405146072,2031
006/000-status-quo,23,0.821834902438356,2031
006/000-status-quo,24,0.8023096732845683,2031
006/000-status-quo,25,0.8048394120827952,2031
006/000-status-quo,26,0.8260646913739219,2031
006/000-status-quo,27,0.8113118490428493,2031
006/000-status-quo,28,0.8168461452648398,2031
006/000-status-quo,29,0.8205959634625793,2031
006/000-status-quo,30,0.816740304981426,2031
006/000-status-quo,31,0.7792663459393071,2031
006/000-status-quo,32,0.8263057762613707,2031
006/000-status-quo,33,0.8275412632337152,2031
006/000-status-quo,34,0.8086236661317779,2031
006/000-status-quo,35,0.8095841663083062,2031
006/000-status-quo,36,0.7959540702933446,2031
006/000-status-quo,37,0.7986212190230496,2031
006/000-status-quo,38,0.7881104692196143,2031
006/000-status-quo,39,0.7778508254497624,2031
006/000-status-quo,40,0.7969033195298468,2031
006/000-status-quo,41,0.8242936184521304,2031
006/000-status-quo,42,0.7944757580530247,2031
006/000-status-quo,43,0.823083810844849,2031
006/000-status-quo,44,0.828990235292928,2031
006/000-status-quo,45,0.7981115100536095,2031
006/000-status-quo,46,0.8413146403155158,2031
006/000-status-quo,47,0.8061952717447651,2031
006/000-status-quo,48,0.8083531943439354,2031
006/000-status-quo,49,0.8445294259562405,2031
006/000-status-quo,50,0.7903442793582397,2031
006/000-status-quo,51,0.8310933539409334,2031
006/000-status-quo,52,0.8234993425731134,2031
006/000-status-quo,53,0.814270627892843,2031
006/000-status-quo,54,0.7640321560057172,2031
006/000-status-quo,55,0.8311249621898683,2031
006/000-status-quo,56,0.7792609589280134,2031
006/000-status-quo,57,0.7805624572425226,2031
006/000-status-quo,58,0.8253025155663954,2031
006/000-status-quo,59,0.8240433199982693,2031
006/000-status-quo,60,0.8250663551110348,2031
006/000-status-quo,61,0.8178030580175933,2031
006/000-status-quo,62,0.8224367539862859,2031
006/000-status-quo,63,0.8068493124379051,2031
006/000-status-quo,64,0.7978658927266555,2031
006/000-status-quo,65,0.7905488575159967,2031
006/000-status-quo,66,0.8269822002515977,2031
006/000-status-quo,67,0.836183810840117,2031
006/000-status-quo,68,0.8127004154669173,2031
006/000-status-quo,69,0.830785228208054,2031
006/000-status-quo,70,0.820498380326295,2031
006/000-status-quo,71,0.8065483985592049,2031
006/000-status-quo,72,0.7998830634643426,2031
006/000-status-quo,73,0.8088159377844407,2031
006/000-status-quo,74,0.8135292243224703,2031
006/000-status-quo,75,0.7965848964339005,2031
006/000-status-quo,76,0.8079435192831101,2031
006/000-status-quo,77,0.8087921552329179,2031
006/000-status-quo,78,0.8324922102040291,2031
006/000-status-quo,79,0.8068402424564125,2031
006/000-status-quo,80,0.8477311750875317,2031
006/000-status-quo,81,0.8171686583248138,2031
006/000-status-quo,82,0.7917935095592448,2031
006/000-status-quo,83,0.8160299302972295,2031
006/000-status-quo,84,0.8215520462964148,2031
006/000-status-quo,85,0.8358500193769652,2031
006/000-status-quo,86,0.7967042861925923,2031
006/000-status-quo,87,0.789252058005291,2031
006/000-status-quo,88,0.8157797314782882,2031
006/000-status-quo,89,0.8137178857745563,2031
006/000-status-quo,90,0.8292612988088587,2031
006/000-status-quo,91,0.8192064014279029,2031
006/000-status-quo,92,0.8320918797278801,2031
006/000-status-quo,93,0.7923018896261436,2031
006/000-status-quo,94,0.8187473589735926,2031
006/000-status-quo,95,0.8224338425635384,2031
006/000-status-quo,96,0.8347485630715169,2031
006/000-status-quo,97,0.7983870258769725,2031
006/000-status-quo,98,0.7836521636028917,2031
006/000-status-quo,99,0.8103679797646018,2031
006/001-basic-ASAQ,0,0.6750601773906912,2031
006/001-basic-ASAQ,1,0.6513693709265073,2031
006/001-basic-ASAQ,2,0.6667793633518765,2031
006/001-basic-ASAQ,3,0.67104159248897,2031
006/001-basic-ASAQ,4,0.6697089728961437,2031
006/001-basic-ASAQ,5,0.6526398640632468,2031
006/001-basic-ASAQ,6,0.6600231401478399,2031
006/001-basic-ASAQ,7,0.6600085965287966,2031
006/001-basic-ASAQ,8,0.6675422622421262,2031
006/001-basic-ASAQ,9,0.650716849633409,2031
006/001-basic-ASAQ,10,0.695453103153096,2031
006/001-basic-ASAQ,11,0.6364996107028834,2031
006/001-basic-ASAQ,12,0.658985900053982,2031
006/001-basic-ASAQ,13,0.6540574641054572,2031
006/001-basic-ASAQ,14,0.6668817635514266,2031
006/001-basic-ASAQ,15,0.6666770141225679,2031
006/001-basic-ASAQ,16,0.6462417187210793,2031
006/001-basic-ASAQ,17,0.6506030568638819,2031
006/001-basic-ASAQ,18,0.6609107449885337,2031
006/001-basic-ASAQ,19,0.6563792487091676,2031
006/001-basic-ASAQ,20,0.651215614176463,2031
006/001-basic-ASAQ,21,0.6597522638815658,2031
006/001-basic-ASAQ,22,0.6998785455575139,2031
006/001-basic-ASAQ,23,0.6594826732695817,2031
006/001-basic-ASAQ,24,0.6480571329694923,2031
006/001-basic-ASAQ,25,0.6811445427224756,2031
006/001-basic-ASAQ,26,0.6557481797171011,2031
006/001-basic-ASAQ,27,0.6546136268832848,2031
006/001-basic-ASAQ,28,0.6568029415478283,2031
006/001-basic-ASAQ,29,0.6387207398639015,2031
006/001-basic-ASAQ,30,0.6581911268019015,2031
006/001-basic-ASAQ,31,0.6610136322030398,2031
006/001-basic-ASAQ,32,0.6512319831623957,2031
006/001-basic-ASAQ,33,0.693227812427352,2031
006/001-basic-ASAQ,34,0.6555344348886217,2031
006/001-basic-ASAQ,35,0.6772022994305688,2031
006/001-basic-ASAQ,36,0.6685558795021137,2031
006/001-basic-ASAQ,37,0.655712698279049,2031
006/001-basic-ASAQ,38,0.6533419874596954,2031
006/001-basic-ASAQ,39,0.6548701102001088,2031
006/001-basic-ASAQ,40,0.6315140810480462,2031
006/001-basic-ASAQ,41,0.6673784700512831,2031
006/001-basic-ASAQ,42,0.6757661525882401,2031
006/001-basic-ASAQ,43,0.6524702100810474,2031
006/001-basic-ASAQ,44,0.6812530866003357,2031
006/001-basic-ASAQ,45,0.6594222501810525,2031
006/001-basic-ASAQ,46,0.6669687030533246,2031
006/001-basic-ASAQ,47,0.6898403837291966,2031
006/001-basic-ASAQ,48,0.6575130532737795,2031
006/001-basic-ASAQ,49,0.6623286033211484,2031
006/001-basic-ASAQ,50,0.6708272172329147,2031
006/001-basic-ASAQ,51,0.6517836357060791,2031
006/001-basic-ASAQ,52,0.6673768674195957,2031
006/001-basic-ASAQ,53,0.6765064988032177,2031
006/001-basic-ASAQ,54,0.6526611868193414,2031
006/001-basic-ASAQ,55,0.6495930505956939,2031
006/001-basic-ASAQ,56,0.6591912858798424,2031
006/001-basic-ASAQ,57,0.6705711238010287,2031
006/001-basic-ASAQ,58,0.6662051530200598,2031
006/001-basic-ASAQ,59,0.6763520269670589,2031
006/001-basic-ASAQ,60,0.6853139026852305,2031
006/001-basic-ASAQ,61,0.6753560322999069,2031
006/001-basic-ASAQ,62,0.6690861154433406,2031
006/001-basic-ASAQ,63,0.6428712979882003,2031
006/001-basic-ASAQ,64,0.6505890362198415,2031
006/001-basic-ASAQ,65,0.6982015096723755,2031
006/001-basic-ASAQ,66,0.6548336224316781,2031
006/001-basic-ASAQ,67,0.6701074342054653,2031
006/001-basic-ASAQ,68,0.6532920991842378,2031
006/001-basic-ASAQ,69,0.6690456010516089,2031
006/001-basic-ASAQ,70,0.6671917682477432,2031
006/001-basic-ASAQ,71,0.6574103643505979,2031
006/001-basic-ASAQ,72,0.6534955490915748,2031
006/001-basic-ASAQ,73,0.6685469719246484,2031
006/001-basic-ASAQ,74,0.6298567153855484,2031
006/001-basic-ASAQ,75,0.6532457747967174,2031
006/001-basic-ASAQ,76,0.6602056775142021,2031
006/001-basic-ASAQ,77,0.6864414157879489,2031
006/001-basic-ASAQ,78,0.6600788713973852,2031
006/001-basic-ASAQ,79,0.6421152529456904,2031
006/001-basic-ASAQ,80,0.6525120280959859,2031
006/001-basic-ASAQ,81,0.6462340905735364,2031
006/001-basic-ASAQ,82,0.6582554705038908,2031
006/001-basic-ASAQ,83,0.6895429459396977,2031
006/001-basic-ASAQ,84,0.6817894310888382,2031
006/001-basic-ASAQ,85,0.6464881176349032,2031
006/001-basic-ASAQ,86,0.6232728894808867,2031
006/001-basic-ASAQ,87,0.6683943427712137,2031
006/001-basic-ASAQ,88,0.6873811567162266,2031
006/001-basic-ASAQ,89,0.6474820723632021,2031
006/001-basic-ASAQ,90,0.6936612974351766,2031
006/001-basic-ASAQ,91,0.6504316083833902,2031
006/001-basic-ASAQ,92,0.6625123560111102,2031
006/001-basic-ASAQ,93,0.6566196458102279,2031
006/001-basic-ASAQ,94,0.6512441455329187,2031
006/001-basic-ASAQ,95,0.6363731972129657,2031
006/001-basic-ASAQ,96,0.6659131530721588,2031
006/001-basic-ASAQ,97,0.6781857195372756,2031
006/001-basic-ASAQ,98,0.6472498215235907,2031
006/001-basic-ASAQ,99,0.6754183625783883,2031
006/002-basic-DHAPPQ,0,0.7982110333969693,2031
006/002-basic-DHAPPQ,1,0.7806064052712923,2031
006/002-basic-DHAPPQ,2,0.81735496411047,2031
006/002-basic-DHAPPQ,3,0.7950568526341165,2031
006/002-basic-DHAPPQ,4,0.811578885887378,2031
006/002-basic-DHAPPQ,5,0.8075055065342713,2031
006/002-basic-DHAPPQ,6,0.8188023509027106,2031
006/002-basic-DHAPPQ,7,0.8065137460905683,2031
006/002-basic-DHAPPQ,8,0.7850574662396665,2031
006/002-basic-DHAPPQ,9,0.7880672541301922,2031
006/002-basic-DHAPPQ,10,0.8064897477405456,2031
006/002-basic-DHAPPQ,11,0.8170713433026845,2031
006/002-basic-DHAPPQ,12,0.8037226898598112,2031
006/002-basic-DHAPPQ,13,0.7870724355436888,2031
006/002-basic-DHAPPQ,14,0.8135268022028378,2031
006/002-basic-DHAPPQ,15,0.8122219040574649,2031
006/002-basic-DHAPPQ,16,0.8240015461940297,2031
006/002-basic-DHAPPQ,17,0.7769427619513847,2031
006/002-basic-DHAPPQ,18,0.7694170558238463,2031
006/002-basic-DHAPPQ,19,0.8065500782605995,2031
006/002-basic-DHAPPQ,20,0.7766727666628249,2031
006/002-basic-DHAPPQ,21,0.8091933808200293,2031
006/002-basic-DHAPPQ,22,0.8034058559233893,2031
006/002-basic-DHAPPQ,23,0.7938968894560876,2031
006/002-basic-DHAPPQ,24,0.825433493722533,2031
006/002-basic-DHAPPQ,25,0.811070685914666,2031
006/002-basic-DHAPPQ,26,0.8048340136910838,2031
006/002-basic-DHAPPQ,27,0.7979173596349828,2031
006/002-basic-DHAPPQ,28,0.8177774394417724,2031
006/002-basic-DHAPPQ,29,0.8045380182408038,2031
006/002-basic-DHAPPQ,30,0.7987459371545104,2031
006/002-basic-DHAPPQ,31,0.8031604545326755,2031
006/002-basic-DHAPPQ,32,0.8068067412689248,2031
006/002-basic-DHAPPQ,33,0.8156733672027188,2031
006/002-basic-DHAPPQ,34,0.8332791093783912,2031
006/002-basic-DHAPPQ,35,0.8040860985488196,2031
006/002-basic-DHAPPQ,36,0.8238445634942488,2031
006/002-basic-DHAPPQ,37,0.8032475033972628,2031
006/002-basic-DHAPPQ,38,0.7939040027719965,2031
006/002-basic-DHAPPQ,39,0.8073441591896953,2031
006/002-basic-DHAPPQ,40,0.802812430514421,2031
006/002-basic-DHAPPQ,41,0.7836870443592878,2031
006/002-basic-DHAPPQ,42,0.818480970890013,2031
006/002-basic-DHAPPQ,43,0.804134459685693,2031
006/002-basic-DHAPPQ,44,0.8024997721200006,2031
006/002-basic-DHAPPQ,45,0.7637468491371341,2031
006/002-basic-DHAPPQ,46,0.7914743209797978,2031
006/002-basic-DHAPPQ,47,0.8158333411556713,2031
006/002-basic-DHAPPQ,48,0.8092802412508447,2031
006/002-basic-DHAPPQ,49,0.8101850356356716,2031
006/002-basic-DHAPPQ,50,0.8222526505911643,2031
006/002-basic-DHAPPQ,51,0.8149151533058622,2031
006/002-basic-DHAPPQ,52,0.8078739503763509,2031
006/002-basic-DHAPPQ,53,0.8265870218381705,2031
006/002-basic-DHAPPQ,54,0.8060570596862769,2031
006/002-basic-DHAPPQ,55,0.8124995848350384,2031
006/002-basic-DHAPPQ,56,0.8044704081267522,2031
006/002-basic-DHAPPQ,57,0.8018743687466056,2031
006/002-basic-DHAPPQ,58,0.8114636408920717,2031
006/002-basic-DHAPPQ,59,0.7776853691429739,2031
006/002-basic-DHAPPQ,60,0.8203504069986116,2031
006/002-basic-DHAPPQ,61,0.8220275837281986,2031
006/002-basic-DHAPPQ,62,0.7838527647840142,2031
006/002-basic-DHAPPQ,63,0.8121396958853655,2031
006/002-basic-DHAPPQ,64,0.8014873027530296,2031
006/002-basic-DHAPPQ,65,0.8219015861026512,2031
006/002-basic-DHAPPQ,66,0.8068933369988383,2031
006/002-basic-DHAPPQ,67,0.8024233173750309,2031
006/002-basic-DHAPPQ,68,0.8036514078431461,2031
006/002-basic-DHAPPQ,69,0.8140513248901718,2031
006/002-basic-DHAPPQ,70,0.7809543168759321,2031
006/002-basic-DHAPPQ,71,0.8016786368877692,2031
006/002-basic-DHAPPQ,72,0.7786191482198673,2031
006/002-basic-DHAPPQ,73,0.7963838625147465,2031
006/002-basic-DHAPPQ,74,0.8111194646149564,2031
006/002-basic-DHAPPQ,75,0.7963562625483123,2031
006/002-basic-DHAPPQ,76,0.7704505193957165,2031
006/002-basic-DHAPPQ,77,0.8111573180812051,2031
006/002-basic-DHAPPQ,78,0.8063014090905813,2031
006/002-basic-DHAPPQ,79,0.8053947155165314,2031
006/002-basic-DHAPPQ,80,0.8068442140471929,2031
006/002-basic-DHAPPQ,81,0.8259216935270586,2031
006/002-basic-DHAPPQ,82,0.7880631512894941,2031
006/002-basic-DHAPPQ,83,0.8233731510168102,2031
006/002-basic-DHAPPQ,84,0.8028190293307853,2031
006/002-basic-DHAPPQ,85,0.8013018190475697,2031
006/002-basic-DHAPPQ,86,0.7590689480528895,2031
006/002-basic-DHAPPQ,87,0.8087595644140327,2031
006/002-basic-DHAPPQ,88,0.8091353051848026,2031
006/002-basic-DHAPPQ,89,0.7944359117539747,2031
006/002-basic-DHAPPQ,90,0.8145790457062024,2031
006/002-basic-DHAPPQ,91,0.7914710712013946,2031
006/002-basic-DHAPPQ,92,0.8338435587732875,2031
006/002-basic-DHAPPQ,93,0.8027373990712015,2031
006/002-basic-DHAPPQ,94,0.8168657947207745,2031
006/002-basic-DHAPPQ,95,0.8059480939366286,2031
006/002-basic-DHAPPQ,96,0.8276649306498735,2031
006/002-basic-DHAPPQ,97,0.7926919117320982,2031
006/002-basic-DHAPPQ,98,0.8099185278250762,2031
006/002-basic-DHAPPQ,99,0.8128338429131902,2031
006/003-Cycling-1y-AL-ASAQ,0,0.7711199326396793,2031
006/003-Cycling-1y-AL-ASAQ,1,0.7181262961732863,2031
006/003-Cycling-1y-AL-ASAQ,2,0.7617694647926069,2031
006/003-Cycling-1y-AL-ASAQ,3,0.7363856029891879,2031
006/003-Cycling-1y-AL-ASAQ,4,0.7292872548419753,2031
006/003-Cycling-1y-AL-ASAQ,5,0.7668796610817378,2031
006/003-Cycling-1y-AL-ASAQ,6,0.7411054975545031,2031
006/003-Cycling-1y-AL-ASAQ,7,0.7437751543146515,2031
006/003-Cycling-1y-AL-ASAQ,8,0.7560325745681012,2031
006/003-Cycling-1y-AL-ASAQ,9,0.7349239500962724,2031
006/003-Cycling-1y-AL-ASAQ,10,0.7691994007403616,2031
006/003-Cycling-1y-AL-ASAQ,11,0.7166186855084001,2031
006/003-Cycling-1y-AL-ASAQ,12,0.7408320025349212,2031
006/003-Cycling-1y-AL-ASAQ,13,0.7355369154169069,2031
006/003-Cycling-1y-AL-ASAQ,14,0.7459662067227661,2031
006/003-Cycling-1y-AL-ASAQ,15,0.7135357560702767,2031
006/003-Cycling-1y-AL-ASAQ,16,0.7389711296449805,2031
006/003-Cycling-1y-AL-ASAQ,17,0.7561857084044771,2031
006/003-Cycling-1y-AL-ASAQ,18,0.7711410492848741,2031
006/003-Cycling-1y-AL-ASAQ,19,0.7340422510003952,2031
006/003-Cycling-1y-AL-ASAQ,20,0.7207958703963812,2031
006/003-Cycling-1y-AL-ASAQ,21,0.7420306702823734,2031
006/003-Cycling-1y-AL-ASAQ,22,0.7477895743520598,2031
006/003-Cycling-1y-AL-ASAQ,23,0.7440039641958158,2031
006/003-Cycling-1y-AL-ASAQ,24,0.7430549554803134,2031
006/003-Cycling-1y-AL-ASAQ,25,0.7699019701763169,2031
006/003-Cycling-1y-AL-ASAQ,26,0.6982055537569188,2031
006/003-Cycling-1y-AL-ASAQ,27,0.75389674627731,2031
006/003-Cycling-1y-AL-ASAQ,28,0.7417753017232197,2031
006/003-Cycling-1y-AL-ASAQ,29,0.7156254564611443,2031
006/003-Cycling-1y-AL-ASAQ,30,0.7555193661306344,2031
006/003-Cycling-1y-AL-ASAQ,31,0.7168166722863055,2031
006/003-Cycling-1y-AL-ASAQ,32,0.7393788703576218,2031
006/003-Cycling-1y-AL-ASAQ,33,0.7345801517563336,2031
006/003-Cycling-1y-AL-ASAQ,34,0.7276463641036046,2031
006/003-Cycling-1y-AL-ASAQ,35,0.7564437289872369,2031
006/003-Cycling-1y-AL-ASAQ,36,0.7155250758809703,2031
006/003-Cycling-1y-AL-ASAQ,37,0.7479765459687902,2031
006/003-Cycling-1y-AL-ASAQ,38,0.7685963191150657,2031
006/003-Cycling-1y-AL-ASAQ,39,0.72039464704877,2031
006/003-Cycling-1y-AL-ASAQ,40,0.7258972557975788,2031
006/003-Cycling-1y-AL-ASAQ,41,0.7601290583834603,2031
006/003-Cycling-1y-AL-ASAQ,42,0.7572002745534996,2031
006/003-Cycling-1y-AL-ASAQ,43,0.725584332818312,2031
006/003-Cycling-1y-AL-ASAQ,44,0.762736227718268,2031
006/003-Cycling-1y-AL-ASAQ,45,0.7346318825297389,2031
006/003-Cycling-1y-AL-ASAQ,46,0.7328310509534539,2031
006/003-Cycling-1y-AL-ASAQ,47,0.7169711067249356,2031
006/003-Cycling-1y-AL-ASAQ,48,0.7403726114990752,2031
006/003-Cycling-1y-AL-ASAQ,49,0.7554105913918767,2031
006/003-Cycling-1y-AL-ASAQ,50,0.7415686766184666,2031
006/003-Cycling-1y-AL-ASAQ,51,0.7612105366677344,2031
006/003-Cycling-1y-AL-ASAQ,52,0.7384312565428357,2031
006/003-Cycling-1y-AL-ASAQ,53,0.7241537825638581,2031
006/003-Cycling-1y-AL-ASAQ,54,0.7617571929347807,2031
006/003-Cycling-1y-AL-ASAQ,55,0.749689286489459,2031
006/003-Cycling-1y-AL-ASAQ,56,0.7387676716251473,2031
006/003-Cycling-1y-AL-ASAQ,57,0.7403296399999019,2031
006/003-Cycling-1y-AL-ASAQ,58,0.7344240985899155,2031
006/003-Cycling-1y-AL-ASAQ,59,0.721071129288735,2031
006/003-Cycling-1y-AL-ASAQ,60,0.7362699259890229,2031
006/003-Cycling-1y-AL-ASAQ,61,0.7383018699966047,2031
006/003-Cycling-1y-AL-ASAQ,62,0.7565329466466376,2031
006/003-Cycling-1y-AL-ASAQ,63,0.7283289684111184,2031
006/003-Cycling-1y-AL-ASAQ,64,0.7209731244224195,2031
006/003-Cycling-1y-AL-ASAQ,65,0.7241647498807265,2031
006/003-Cycling-1y-AL-ASAQ,66,0.7641810350956182,2031
006/003-Cycling-1y-AL-ASAQ,67,0.7701356319618607,2031
006/003-Cycling-1y-AL-ASAQ,68,0.7424940999259038,2031
006/003-Cycling-1y-AL-ASAQ,69,0.7138555916862951,2031
006/003-Cycling-1y-AL-ASAQ,70,0.7404402410843597,2031
006/003-Cycling-1y-AL-ASAQ,71,0.7666565160615891,2031
006/003-Cycling-1y-AL-ASAQ,72,0.7326395118528185,2031
006/003-Cycling-1y-AL-ASAQ,73,0.7474307104960576,2031
006/003-Cycling-1y-AL-ASAQ,74,0.7560339344141213,2031
006/003-Cycling-1y-AL-ASAQ,75,0.7284240631963109,2031
006/003-Cycling-1y-AL-ASAQ,76,0.7259288592030528,2031
006/003-Cycling-1y-AL-ASAQ,77,0.7314377784114919,2031
006/003-Cycling-1y-AL-ASAQ,78,0.7443510950512047,2031
006/003-Cycling-1y-AL-ASAQ,79,0.7531939216403543,2031
006/003-Cycling-1y-AL-ASAQ,80,0.7455036088545198,2031
006/003-Cycling-1y-AL-ASAQ,81,0.692383560376968,2031
006/003-Cycling-1y-AL-ASAQ,82,0.7475357456646798,2031
006/003-Cycling-1y-AL-ASAQ,83,0.7537447114342838,2031
006/003-Cycling-1y-AL-ASAQ,84,0.7651933896602007,2031
006/003-Cycling-1y-AL-ASAQ,85,0.7453074262632318,2031
006/003-Cycling-1y-AL-ASAQ,86,0.7434985466473149,2031
006/003-Cycling-1y-AL-ASAQ,87,0.7415862808771753,2031
006/003-Cycling-1y-AL-ASAQ,88,0.7538329621472105,2031
006/003-Cycling-1y-AL-ASAQ,89,0.7340682252220873,2031
006/003-Cycling-1y-AL-ASAQ,90,0.742539418147992,2031
006/003-Cycling-1y-AL-ASAQ,91,0.7521155826211366,2031
006/003-Cycling-1y-AL-ASAQ,92,0.7449339670492868,2031
006/003-Cycling-1y-AL-ASAQ,93,0.7351642703115364,2031
006/003-Cycling-1y-AL-ASAQ,94,0.7775399706288993,2031
006/003-Cycling-1y-AL-ASAQ,95,0.7569856131796285,2031
006/003-Cycling-1y-AL-ASAQ,96,0.713945627258089,2031
006/003-Cycling-1y-AL-ASAQ,97,0.7174816388991284,2031
006/003-Cycling-1y-AL-ASAQ,98,0.7318182433850303,2031
006/003-Cycling-1y-AL-ASAQ,99,0.7358551516709557,2031
006/004-Cycling-1y-AL-DHAPPQ,0,0.7617568481155339,2031
006/004-Cycling-1y-AL-DHAPPQ,1,0.7648213953120289,2031
006/004-Cycling-1y-AL-DHAPPQ,2,0.7679743895266496,2031
006/004-Cycling-1y-AL-DHAPPQ,3,0.7381319423736216,2031
006/004-Cycling-1y-AL-DHAPPQ,4,0.7737243985483873,2031
006/004-Cycling-1y-AL-DHAPPQ,5,0.7594213514717283,2031
006/004-Cycling-1y-AL-DHAPPQ,6,0.7700032734025052,2031
006/004-Cycling-1y-AL-DHAPPQ,7,0.7818610815221168,2031
006/004-Cycling-1y-AL-DHAPPQ,8,0.7822643472082477,2031
006/004-Cycling-1y-AL-DHAPPQ,9,0.7646227878654565,2031
006/004-Cycling-1y-AL-DHAPPQ,10,0.7612085443763118,2031
006/004-Cycling-1y-AL-DHAPPQ,11,0.7687003714924071,2031
006/004-Cycling-1y-AL-DHAPPQ,12,0.7614225718273778,2031
006/004-Cycling-1y-AL-DHAPPQ,13,0.763358806782143,2031
006/004-Cycling-1y-AL-DHAPPQ,14,0.7725102689578806,2031
006/004-Cycling-1y-AL-DHAPPQ,15,0.773860005284685,2031
006/004-Cycling-1y-AL-DHAPPQ,16,0.7745530608111514,2031
006/004-Cycling-1y-AL-DHAPPQ,17,0.7837952851717799,2031
006/004-Cycling-1y-AL-DHAPPQ,18,0.759692980733068,2031
006/004-Cycling-1y-AL-DHAPPQ,19,0.7709257934732537,2031
006/004-Cycling-1y-AL-DHAPPQ,20,0.7653397861330679,2031
006/004-Cycling-1y-AL-DHAPPQ,21,0.7804759943003954,2031
006/004-Cycling-1y-AL-DHAPPQ,22,0.7667775029069054,2031
006/004-Cycling-1y-AL-DHAPPQ,23,0.7708060042851423,2031
006/004-Cycling-1y-AL-DHAPPQ,24,0.7486626529067325,2031
006/004-Cycling-1y-AL-DHAPPQ,25,0.7818642735565579,2031
006/004-Cycling-1y-AL-DHAPPQ,26,0.7716101548708191,2031
006/004-Cycling-1y-AL-DHAPPQ,27,0.7728121393762971,2031
006/004-Cycling-1y-AL-DHAPPQ,28,0.7714117603656127,2031
006/004-Cycling-1y-AL-DHAPPQ,29,0.7682783574659836,2031
006/004-Cycling-1y-AL-DHAPPQ,30,0.7871750402170763,2031
006/004-Cycling-1y-AL-DHAPPQ,31,0.7700587094380674,2031
006/004-Cycling-1y-AL-DHAPPQ,32,0.754260144534979,2031
006/004-Cycling-1y-AL-DHAPPQ,33,0.7474313282391137,2031
006/004-Cycling-1y-AL-DHAPPQ,34,0.7795045988337007,2031
006/004-Cycling-1y-AL-DHAPPQ,35,0.7913584156857598,2031
006/004-Cycling-1y-AL-DHAPPQ,36,0.7703791207217873,2031
006/004-Cycling-1y-AL-DHAPPQ,37,0.7634164854695266,2031
006/004-Cycling-1y-AL-DHAPPQ,38,0.7234221870377712,2031
006/004-Cycling-1y-AL-DHAPPQ,39,0.78366932348181,2031
006/004-Cycling-1y-AL-DHAPPQ,40,0.7327977390782731,2031
006/004-Cycling-1y-AL-DHAPPQ,41,0.7789614239435614,2031
006/004-Cycling-1y-AL-DHAPPQ,42,0.7610170083628301,2031
006/004-Cycling-1y-AL-DHAPPQ,43,0.7686582854072367,2031
006/004-Cycling-1y-AL-DHAPPQ,44,0.7345178194742882,2031
006/004-Cycling-1y-AL-DHAPPQ,45,0.747486500313502,2031
006/004-Cycling-1y-AL-DHAPPQ,46,0.7769755797162546,2031
006/004-Cycling-1y-AL-DHAPPQ,47,0.7785146639309768,2031
006/004-Cycling-1y-AL-DHAPPQ,48,0.7618547018116799,2031
006/004-Cycling-1y-AL-DHAPPQ,49,0.7710655197354285,2031
006/004-Cycling-1y-AL-DHAPPQ,50,0.7501635122217957,2031
006/004-Cycling-1y-AL-DHAPPQ,51,0.7536211385175138,2031
006/004-Cycling-1y-AL-DHAPPQ,52,0.7928949389912988,2031
006/004-Cycling-1y-AL-DHAPPQ,53,0.8004385565566383,2031
006/004-Cycling-1y-AL-DHAPPQ,54,0.7682200560647424,2031
006/004-Cycling-1y-AL-DHAPPQ,55,0.7941167540184154,2031
006/004-Cycling-1y-AL-DHAPPQ,56,0.7910377630070821,2031
006/004-Cycling-1y-AL-DHAPPQ,57,0.7736397462327157,2031
006/004-Cycling-1y-AL-DHAPPQ,58,0.7881434075444722,2031
006/004-Cycling-1y-AL-DHAPPQ,59,0.761927090613515,2031
006/004-Cycling-1y-AL-DHAPPQ,60,0.7560717367006902,2031
006/004-Cycling-1y-AL-DHAPPQ,61,0.7827422854199891,2031
006/004-Cycling-1y-AL-DHAPPQ,62,0.7604991077671639,2031
006/004-Cycling-1y-AL-DHAPPQ,63,0.7531359698088216,2031
006/004-Cycling-1y-AL-DHAPPQ,64,0.7647146278835771,2031
006/004-Cycling-1y-AL-DHAPPQ,65,0.7566098754876097,2031
006/004-Cycling-1y-AL-DHAPPQ,66,0.7444615143110712,2031
006/004-Cycling-1y-AL-DHAPPQ,67,0.7664159555530577,2031
006/004-Cycling-1y-AL-DHAPPQ,68,0.7460809479014617,2031
006/004-Cycling-1y-AL-DHAPPQ,69,0.7635896809328351,2031
006/004-Cycling-1y-AL-DHAPPQ,70,0.7907167665055611,2031
006/004-Cycling-1y-AL-DHAPPQ,71,0.7733707553499832,2031
006/004-Cycling-1y-AL-DHAPPQ,72,0.7746600540896237,2031
006/004-Cycling-1y-AL-DHAPPQ,73,0.7514846102476609,2031
006/004-Cycling-1y-AL-DHAPPQ,74,0.7770259015753108,2031
006/004-Cycling-1y-AL-DHAPPQ,75,0.7477738811667782,2031
006/004-Cycling-1y-AL-DHAPPQ,76,0.7524722871189548,2031
006/004-Cycling-1y-AL-DHAPPQ,77,0.7513251752365396,2031
006/004-Cycling-1y-AL-DHAPPQ,78,0.7506862250515828,2031
006/004-Cycling-1y-AL-DHAPPQ,79,0.7367986277326958,2031
006/004-Cycling-1y-AL-DHAPPQ,80,0.7800934108822717,2031
006/004-Cycling-1y-AL-DHAPPQ,81,0.7580292315002413,2031
006/004-Cycling-1y-AL-DHAPPQ,82,0.7615189134814759,2031
006/004-Cycling-1y-AL-DHAPPQ,83,0.7520243310399731,2031
006/004-Cycling-1y-AL-DHAPPQ,84,0.7498621179165404,2031
006/004-Cycling-1y-AL-DHAPPQ,85,0.7875585670184625,2031
006/004-Cycling-1y-AL-DHAPPQ,86,0.7323729369190928,2031
006/004-Cycling-1y-AL-DHAPPQ,87,0.7603894700628069,2031
006/004-Cycling-1y-AL-DHAPPQ,88,0.7591261305609618,2031
006/004-Cycling-1y-AL-DHAPPQ,89,0.7778346400618203,2031
006/004-Cycling-1y-AL-DHAPPQ,90,0.7604774541540523,2031
006/004-Cycling-1y-AL-DHAPPQ,91,0.7648698954697908,2031
006/004-Cycling-1y-AL-DHAPPQ,92,0.7476698303592619,2031
006/004-Cycling-1y-AL-DHAPPQ,93,0.75729205810738,2031
006/004-Cycling-1y-AL-DHAPPQ,94,0.7481690214568993,2031
006/004-Cycling-1y-AL-DHAPPQ,95,0.7538126614762423,2031
006/004-Cycling-1y-AL-DHAPPQ,96,0.7739944893335687,2031
006/004-Cycling-1y-AL-DHAPPQ,97,0.7437237541968905,2031
006/004-Cycling-1y-AL-DHAPPQ,98,0.7608333335534772,2031
006/004-Cycling-1y-AL-DHAPPQ,99,0.8033845473716957,2031
006/005-Cycling-1y-ASAQ-AL,0,0.7331954450621389,2031
006/005-Cycling-1y-ASAQ-AL,1,0.7342556089232275,2031
006/005-Cycling-1y-ASAQ-AL,2,0.7456116324411686,2031
006/005-Cycling-1y-ASAQ-AL,3,0.7127414464329304,2031
006/005-Cycling-1y-ASAQ-AL,4,0.7478883104149582,2031
006/005-Cycling-1y-ASAQ-AL,5,0.7326517071726514,2031
006/005-Cycling-1y-ASAQ-AL,6,0.7126768380393137,2031
006/005-Cycling-1y-ASAQ-AL,7,0.7563945088940832,2031
006/005-Cycling-1y-ASAQ-AL,8,0.7494191795504878,2031
006/005-Cycling-1y-ASAQ-AL,9,0.742872437981614,2031
006/005-Cycling-1y-ASAQ-AL,10,0.7258845494200764,2031
006/005-Cycling-1y-ASAQ-AL,11,0.7750573811234679,2031
006/005-Cycling-1y-ASAQ-AL,12,0.7414084477948982,2031
006/005-Cycling-1y-ASAQ-AL,13,0.7136182542448882,2031
006/005-Cycling-1y-ASAQ-AL,14,0.70922383197924,2031
006/005-Cycling-1y-ASAQ-AL,15,0.7401807972045414,2031
006/005-Cycling-1y-ASAQ-AL,16,0.7141692652090317,2031
006/005-Cycling-1y-ASAQ-AL,17,0.7333279020740648,2031
006/005-Cycling-1y-ASAQ-AL,18,0.7379949567120424,2031
006/005-Cycling-1y-ASAQ-AL,19,0.7149658751994344,2031
006/005-Cycling-1y-ASAQ-AL,20,0.7334023736118608,2031
006/005-Cycling-1y-ASAQ-AL,21,0.719320940957792,2031
006/005-Cycling-1y-ASAQ-AL,22,0.7562264784484046,2031
006/005-Cycling-1y-ASAQ-AL,23,0.751968099738976,2031
006/005-Cycling-1y-ASAQ-AL,24,0.69506523269236,2031
006/005-Cycling-1y-ASAQ-AL,25,0.7354885327803009,2031
006/005-Cycling-1y-ASAQ-AL,26,0.6948255883037606,2031
006/005-Cycling-1y-ASAQ-AL,27,0.7412793540369013,2031
006/005-Cycling-1y-ASAQ-AL,28,0.7325279787418421,2031
006/005-Cycling-1y-ASAQ-AL,29,0.7486986235828161,2031
006/005-Cycling-1y-ASAQ-AL,30,0.7433114389675265,2031
006/005-Cycling-1y-ASAQ-AL,31,0.7251563806844014,2031
006/005-Cycling-1y-ASAQ-AL,32,0.7327574600602119,2031
006/005-Cycling-1y-ASAQ-AL,33,0.7277404068950538,2031
006/005-Cycling-1y-ASAQ-AL,34,0.7118074385922025,2031
006/005-Cycling-1y-ASAQ-AL,35,0.6978220582316838,2031
006/005-Cycling-1y-ASAQ-AL,36,0.741708070332188,2031
006/005-Cycling-1y-ASAQ-AL,37,0.7297573292577617,2031
006/005-Cycling-1y-ASAQ-AL,38,0.7091018673929415,2031
006/005-Cycling-1y-ASAQ-AL,39,0.7489679699397492,2031
006/005-Cycling-1y-ASAQ-AL,40,0.7425716829398513,2031
006/005-Cycling-1y-ASAQ-AL,41,0.7193847064438345,2031
006/005-Cycling-1y-ASAQ-AL,42,0.7339286235673798,2031
006/005-Cycling-1y-ASAQ-AL,43,0.7258599323781777,2031
006/005-Cycling-1y-ASAQ-AL,44,0.7176055706061756,2031
006/005-Cycling-1y-ASAQ-AL,45,0.7017704438192792,2031
006/005-Cycling-1y-ASAQ-AL,46,0.7382660455335629,2031
006/005-Cycling-1y-ASAQ-AL,47,0.7436273496416201,2031
006/005-Cycling-1y-ASAQ-AL,48,0.7052196021804846,2031
006/005-Cycling-1y-ASAQ-AL,49,0.7511370146289035,2031
006/005-Cycling-1y-ASAQ-AL,50,0.7201461158233607,2031
006/005-Cycling-1y-ASAQ-AL,51,0.7228708315735745,2031
006/005-Cycling-1y-ASAQ-AL,52,0.7139755290631791,2031
006/005-Cycling-1y-ASAQ-AL,53,0.7126347013207425,2031
006/005-Cycling-1y-ASAQ-AL,54,0.7452123650109984,2031
006/005-Cycling-1y-ASAQ-AL,55,0.7787854448289289,2031
006/005-Cycling-1y-ASAQ-AL,56,0.7343705270749875,2031
006/005-Cycling-1y-ASAQ-AL,57,0.7297336953831518,2031
006/005-Cycling-1y-ASAQ-AL,58,0.7200168908338843,2031
006/005-Cycling-1y-ASAQ-AL,59,0.7338101967554879,2031
006/005-Cycling-1y-ASAQ-AL,60,0.7000724815400491,2031
006/005-Cycling-1y-ASAQ-AL,61,0.722025810161978,2031
006/005-Cycling-1y-ASAQ-AL,62,0.7075359272890561,2031
006/005-Cycling-1y-ASAQ-AL,63,0.6802086589272194,2031
006/005-Cycling-1y-ASAQ-AL,64,0.7128679411857178,2031
006/005-Cycling-1y-ASAQ-AL,65,0.7674578751566569,2031
006/005-Cycling-1y-ASAQ-AL,66,0.7571727026159244,2031
006/005-Cycling-1y-ASAQ-AL,67,0.7243796329282585,2031
006/005-Cycling-1y-ASAQ-AL,68,0.7319926896421919,2031
006/005-Cycling-1y-ASAQ-AL,69,0.7226613533384256,2031
006/005-Cycling-1y-ASAQ-AL,70,0.7526905875855242,2031
006/005-Cycling-1y-ASAQ-AL,71,0.7440445070296052,2031
006/005-Cycling-1y-ASAQ-AL,72,0.7409924475024265,2031
006/005-Cycling-1y-ASAQ-AL,73,0.7303697459456445,2031
006/005-Cycling-1y-ASAQ-AL,74,0.7216292555023354,2031
006/005-Cycling-1y-ASAQ-AL,75,0.7078714991104132,2031
006/005-Cycling-1y-ASAQ-AL,76,0.730652246643909,2031
006/005-Cycling-1y-ASAQ-AL,77,0.7352075307385358,2031
006/005-Cycling-1y-ASAQ-AL,78,0.7294554264497458,2031
006/005-Cycling-1y-ASAQ-AL,79,0.707485407192496,2031
006/005-Cycling-1y-ASAQ-AL,80,0.7327161845140836,2031
006/005-Cycling-1y-ASAQ-AL,81,0.7293989857708342,2031
006/005-Cycling-1y-ASAQ-AL,82,0.7150280900796372,2031
006/005-Cycling-1y-ASAQ-AL,83,0.7671028217099324,2031
006/005-Cycling-1y-ASAQ-AL,84,0.751347059630698,2031
006/005-Cycling-1y-ASAQ-AL,85,0.7243876290978711,2031
006/005-Cycling-1y-ASAQ-AL,86,0.7338786386672765,2031
006/005-Cycling-1y-ASAQ-AL,87,0.741064107281494,2031
006/005-Cycling-1y-ASAQ-AL,88,0.7353256048902618,2031
006/005-Cycling-1y-ASAQ-AL,89,0.712732019412187,2031
006/005-Cycling-1y-ASAQ-AL,90,0.7260286179969526,2031
006/005-Cycling-1y-ASAQ-AL,91,0.7430632795561231,2031
006/005-Cycling-1y-ASAQ-AL,92,0.7075880170284602,2031
006/005-Cycling-1y-ASAQ-AL,93,0.7590462065508743,2031
006/005-Cycling-1y-ASAQ-AL,94,0.7218284313516481,2031
006/005-Cycling-1y-ASAQ-AL,95,0.7364820306497837,2031
006/005-Cycling-1y-ASAQ-AL,96,0.7570033379719573,2031
006/005-Cycling-1y-ASAQ-AL,97,0.7651986273069685,2031
006/005-Cycling-1y-ASAQ-AL,98,0.7503027868082256,2031
006/005-Cycling-1y-ASAQ-AL,99,0.7332296517183915,2031
006/006-Cycling-1y-ASAQ-DHAPPQ,0,0.6932965709669987,2031
006/006-Cycling-1y-ASAQ-DHAPPQ,1,0.6593064376363544,2031
006/006-Cycling-1y-ASAQ-DHAPPQ,2,0.6750870033119002,2031
006/006-Cycling-1y-ASAQ-DHAPPQ,3,0.6787276671432156,2031
006/006-Cycling-1y-ASAQ-DHAPPQ,4,0.6755628274010511,2031
006/006-Cycling-1y-ASAQ-DHAPPQ,5,0.6477872929947966,2031
006/006-Cycling-1y-ASAQ-DHAPPQ,6,0.6660253220282054,2031
006/006-Cycling-1y-ASAQ-DHAPPQ,7,0.6875665483837065,2031
006/006-Cycling-1y-ASAQ-DHAPPQ,8,0.6564574558435204,2031
006/006-Cycling-1y-ASAQ-DHAPPQ,9,0.7022190855732835,2031
006/006-Cycling-1y-ASAQ-DHAPPQ,10,0.7074409536212328,2031
006/006-Cycling-1y-ASAQ-DHAPPQ,11,0.6592782896952777,2031
006/006-Cycling-1y-ASAQ-DHAPPQ,12,0.685183572833612,2031
006/006-Cycling-1y-ASAQ-DHAPPQ,13,0.6703929869433694,2031
006/006-Cycling-1y-ASAQ-DHAPPQ,14,0.7146930593689276,2031
006/006-Cycling-1y-ASAQ-DHAPPQ,15,0.6729039071725226,2031
006/006-Cycling-1y-ASAQ-DHAPPQ,16,0.6940399590117791,2031
006/006-Cycling-1y-ASAQ-DHAPPQ,17,0.6548342227279184,2031
006/006-Cycling-1y-ASAQ-DHAPPQ,18,0.6454555867177819,2031
006/006-Cycling-1y-ASAQ-DHAPPQ,19,0.6746507195890131,2031
006/006-Cycling-1y-ASAQ-DHAPPQ,20,0.7183883768601343,2031
006/006-Cycling-1y-ASAQ-DHAPPQ,21,0.7225994272311179,2031
006/006-Cycling-1y-ASAQ-DHAPPQ,22,0.6792567045336853,2031
006/006-Cycling-1y-ASAQ-DHAPPQ,23,0.6721732344676773,2031
006/006-Cycling-1y-ASAQ-DHAPPQ,24,0.684226137940168,2031
006/006-Cycling-1y-ASAQ-DHAPPQ,25,0.6921039041822904,2031
006/006-Cycling-1y-ASAQ-DHAPPQ,26,0.7083466223756424,2031
006/006-Cycling-1y-ASAQ-DHAPPQ,27,0.7063472497942204,2031
006/006-Cycling-1y-ASAQ-DHAPPQ,28,0.7050995944697545,2031
006/006-Cycling-1y-ASAQ-DHAPPQ,29,0.6684565163348376,2031
006/006-Cycling-1y-ASAQ-DHAPPQ,30,0.6589001285992706,2031
006/006-Cycling-1y-ASAQ-DHAPPQ,31,0.7072931595017268,2031
006/006-Cycling-1y-ASAQ-DHAPPQ,32,0.7122078366435801,2031
006/006-Cycling-1y-ASAQ-DHAPPQ,33,0.6794700394973026,2031
006/006-Cycling-1y-ASAQ-DHAPPQ,34,0.6813908828570382,2031
006/006-Cycling-1y-ASAQ-DHAPPQ,35,0.690029789574083,2031
006/006-Cycling-1y-ASAQ-DHAPPQ,36,0.720358394256941,2031
006/006-Cycling-1y-ASAQ-DHAPPQ,37,0.6911073816593384,2031
006/006-Cycling-1y-ASAQ-DHAPPQ,38,0.6693439969988014,2031
006/006-Cycling-1y-ASAQ-DHAPPQ,39,0.6567307650028757,2031
006/006-Cycling-1y-ASAQ-DHAPPQ,40,0.692427335432586,2031
006/006-Cycling-1y-ASAQ-DHAPPQ,41,0.6752619817637341,2031
006/006-Cycling-1y-ASAQ-DHAPPQ,42,0.6914381121861433,2031
006/006-Cycling-1y-ASAQ-DHAPPQ,43,0.6550682125518343,2031
006/006-Cycling-1y-ASAQ-DHAPPQ,44,0.661739453661077,2031
006/006-Cycling-1y-ASAQ-DHAPPQ,45,0.6834397576230677,2031
006/006-Cycling-1y-ASAQ-DHAPPQ,46,0.6899930277825005,2031
006/006-Cycling-1y-ASAQ-DHAPPQ,47,0.6863989885130924,2031
006/006-Cycling-1y-ASAQ-DHAPPQ,48,0.6895566620867974,2031
006/006-Cycling-1y-ASAQ-DHAPPQ,49,0.714644080021125,2031
006/006-Cycling-1y-ASAQ-DHAPPQ,50,0.6749929207073536,2031
006/006-Cycling-1y-ASAQ-DHAPPQ,51,0.6619644276550353,2031
006/006-Cycling-1y-ASAQ-DHAPPQ,52,0.7029903063090618,2031
006/006-Cycling-1y-ASAQ-DHAPPQ,53,0.7202749555079145,2031
006/006-Cycling-1y-ASAQ-DHAPPQ,54,0.7073314245207669,2031
006/006-Cycling-1y-ASAQ-DHAPPQ,55,0.6849761315879724,2031
006/006-Cycling-1y-ASAQ-DHAPPQ,56,0.686889536854692,2031
006/006-Cycling-1y-ASAQ-DHAPPQ,57,0.6790760164630426,2031
006/006-Cycling-1y-ASAQ-DHAPPQ,58,0.6923071476936249,2031
006/006-Cycling-1y-ASAQ-DHAPPQ,59,0.6570152013635688,2031
006/006-Cycling-1y-ASAQ-DHAPPQ,60,0.6772984833513919,2031
006/006-Cycling-1y-ASAQ-DHAPPQ,61,0.685724549127296,2031
006/006-Cycling-1y-ASAQ-DHAPPQ,62,0.6832321629922417,2031
006/006-Cycling-1y-ASAQ-DHAPPQ,63,0.6707979180245592,2031
006/006-Cycling-1y-ASAQ-DHAPPQ,64,0.6855845934836914,2031
006/006-Cycling-1y-ASAQ-DHAPPQ,65,0.6807167426352949,2031
006/006-Cycling-1y-ASAQ-DHAPPQ,66,0.678548087073985,2031
006/006-Cycling-1y-ASAQ-DHAPPQ,67,0.676695193291375,2031
006/006-Cycling-1y-ASAQ-DHAPPQ,68,0.6927438121762579,2031
006/006-Cycling-1y-ASAQ-DHAPPQ,69,0.6903372953770949,2031
006/006-Cycling-1y-ASAQ-DHAPPQ,70,0.7218280875663369,2031
006/006-Cycling-1y-ASAQ-DHAPPQ,71,0.6960899922565158,2031
006/006-Cycling-1y-ASAQ-DHAPPQ,72,0.7030357577592176,2031
006/006-Cycling-1y-ASAQ-DHAPPQ,73,0.6913388657937424,2031
006/006-Cycling-1y-ASAQ-DHAPPQ,74,0.6923524522315957,2031
006/006-Cycling-1y-ASAQ-DHAPPQ,75,0.6675348370652738,2031
006/006-Cycling-1y-ASAQ-DHAPPQ,76,0.7139918746244436,2031
006/006-Cycling-1y-ASAQ-DHAPPQ,77,0.6772625785523844,2031
006/006-Cycling-1y-ASAQ-DHAPPQ,78,0.6711267876805719,2031
006/006-Cycling-1y-ASAQ-DHAPPQ,79,0.678074941244763,2031
006/006-Cycling-1y-ASAQ-DHAPPQ,80,0.6875375915723773,2031
006/006-Cycling-1y-ASAQ-DHAPPQ,81,0.6939005596000771,2031
006/006-Cycling-1y-ASAQ-DHAPPQ,82,0.7028095782450327,2031
006/006-Cycling-1y-ASAQ-DHAPPQ,83,0.6757917622596851,2031
006/006-Cycling-1y-ASAQ-DHAPPQ,84,0.6711274209966741,2031
006/006-Cycling-1y-ASAQ-DHAPPQ,85,0.6646488561379896,2031
006/006-Cycling-1y-ASAQ-DHAPPQ,86,0.6686099623837239,2031
006/006-Cycling-1y-ASAQ-DHAPPQ,87,0.6823473964865193,2031
006/006-Cycling-1y-ASAQ-DHAPPQ,88,0.6696995733743902,2031
006/006-Cycling-1y-ASAQ-DHAPPQ,89,0.6752143043627742,2031
006/006-Cycling-1y-ASAQ-DHAPPQ,90,0.6678318411695056,2031
006/006-Cycling-1y-ASAQ-DHAPPQ,91,0.6530672598696529,2031
006/006-Cycling-1y-ASAQ-DHAPPQ,92,0.6729439496847439,2031
006/006-Cycling-1y-ASAQ-DHAPPQ,93,0.6760087239989706,2031
006/006-Cycling-1y-ASAQ-DHAPPQ,94,0.6958505163150845,2031
006/006-Cycling-1y-ASAQ-DHAPPQ,95,0.705724829827679,2031
006/006-Cycling-1y-ASAQ-DHAPPQ,96,0.6883026496988017,2031
006/006-Cycling-1y-ASAQ-DHAPPQ,97,0.6465485364789126,2031
006/006-Cycling-1y-ASAQ-DHAPPQ,98,0.6599847974512183,2031
006/006-Cycling-1y-ASAQ-DHAPPQ,99,0.7030968338728437,2031
006/007-Cycling-1y-DHAPPQ-AL,0,0.7754321945196808,2031
006/007-Cycling-1y-DHAPPQ-AL,1,0.7635576106434363,2031
006/007-Cycling-1y-DHAPPQ-AL,2,0.7403125461026664,2031
006/007-Cycling-1y-DHAPPQ-AL,3,0.8173710106169384,2031
006/007-Cycling-1y-DHAPPQ-AL,4,0.7515913924943886,2031
006/007-Cycling-1y-DHAPPQ-AL,5,0.7833753443840336,2031
006/007-Cycling-1y-DHAPPQ-AL,6,0.73022854877697,2031
006/007-Cycling-1y-DHAPPQ-AL,7,0.7520837052295999,2031
006/007-Cycling-1y-DHAPPQ-AL,8,0.7632051729426754,2031
006/007-Cycling-1y-DHAPPQ-AL,9,0.7654432645342949,2031
006/007-Cycling-1y-DHAPPQ-AL,10,0.7751021159058035,2031
006/007-Cycling-1y-DHAPPQ-AL,11,0.7344697857945092,2031
006/007-Cycling-1y-DHAPPQ-AL,12,0.7428921121891028,2031
006/007-Cycling-1y-DHAPPQ-AL,13,0.7317918941909335,2031
006/007-Cycling-1y-DHAPPQ-AL,14,0.7822113367541119,2031
006/007-Cycling-1y-DHAPPQ-AL,15,0.7521255811371432,2031
006/007-Cycling-1y-DHAPPQ-AL,16,0.7759239045875826,2031
006/007-Cycling-1y-DHAPPQ-AL,17,0.7451758701027779,2031
006/007-Cycling-1y-DHAPPQ-AL,18,0.7819496354087855,2031
006/007-Cycling-1y-DHAPPQ-AL,19,0.7747539117502197,2031
006/007-Cycling-1y-DHAPPQ-AL,20,0.7444885572464767,2031
006/007-Cycling-1y-DHAPPQ-AL,21,0.7928384317168371,2031
006/007-Cycling-1y-DHAPPQ-AL,22,0.7588332535636798,2031
006/007-Cycling-1y-DHAPPQ-AL,23,0.7553599390665332,2031
006/007-Cycling-1y-DHAPPQ-AL,24,0.7412322664992007,2031
006/007-Cycling-1y-DHAPPQ-AL,25,0.72682602955391,2031
006/007-Cycling-1y-DHAPPQ-AL,26,0.7268244867435768,2031
006/007-Cycling-1y-DHAPPQ-AL,27,0.7472986007450323,2031
006/007-Cycling-1y-DHAPPQ-AL,28,0.7455812986424778,2031
006/007-Cycling-1y-DHAPPQ-AL,29,0.7598665203866943,2031
006/007-Cycling-1y-DHAPPQ-AL,30,0.7898855190750865,2031
006/007-Cycling-1y-DHAPPQ-AL,31,0.7982197743248743,2031
006/007-Cycling-1y-DHAPPQ-AL,32,0.787458541219709,2031
006/007-Cycling-1y-DHAPPQ-AL,33,0.7646496721692161,2031
006/007-Cycling-1y-DHAPPQ-AL,34,0.7473350507467936,2031
006/007-Cycling-1y-DHAPPQ-AL,35,0.7606847953134271,2031
006/007-Cycling-1y-DHAPPQ-AL,36,0.7546113801583134,2031
006/007-Cycling-1y-DHAPPQ-AL,37,0.7642163252859766,2031
006/007-Cycling-1y-DHAPPQ-AL,38,0.7665654967476531,2031
006/007-Cycling-1y-DHAPPQ-AL,39,0.7918040739058844,2031
006/007-Cycling-1y-DHAPPQ-AL,40,0.7598753861606041,2031
006/007-Cycling-1y-DHAPPQ-AL,41,0.80563214513787,2031
006/007-Cycling-1y-DHAPPQ-AL,42,0.7405560151172836,2031
006/007-Cycling-1y-DHAPPQ-AL,43,0.7552984073274106,2031
006/007-Cycling-1y-DHAPPQ-AL,44,0.7670495183552638,2031
006/007-Cycling-1y-DHAPPQ-AL,45,0.7980058624779889,2031
006/007-Cycling-1y-DHAPPQ-AL,46,0.767279089771398,2031
006/007-Cycling-1y-DHAPPQ-AL,47,0.7898031510373552,2031
006/007-Cycling-1y-DHAPPQ-AL,48,0.7775790437908486,2031
006/007-Cycling-1y-DHAPPQ-AL,49,0.7511758500477868,2031
006/007-Cycling-1y-DHAPPQ-AL,50,0.7685756588281745,2031
006/007-Cycling-1y-DHAPPQ-AL,51,0.755401833877731,2031
006/007-Cycling-1y-DHAPPQ-AL,52,0.7747489131094586,2031
006/007-Cycling-1y-DHAPPQ-AL,53,0.7903792301052809,2031
006/007-Cycling-1y-DHAPPQ-AL,54,0.7390946224471618,2031
006/007-Cycling-1y-DHAPPQ-AL,55,0.7336356955833656,2031
006/007-Cycling-1y-DHAPPQ-AL,56,0.7447866959399767,2031
006/007-Cycling-1y-DHAPPQ-AL,57,0.7337372851031514,2031
006/007-Cycling-1y-DHAPPQ-AL,58,0.7422945319897919,2031
006/007-Cycling-1y-DHAPPQ-AL,59,0.7542247626351779,2031
006/007-Cycling-1y-DHAPPQ-AL,60,0.7610274956697909,2031
006/007-Cycling-1y-DHAPPQ-AL,61,0.7762981572840674,2031
006/007-Cycling-1y-DHAPPQ-AL,62,0.7722559915630621,2031
006/007-Cycling-1y-DHAPPQ-AL,63,0.7466736382087915,2031
006/007-Cycling-1y-DHAPPQ-AL,64,0.8065728853372325,2031
006/007-Cycling-1y-DHAPPQ-AL,65,0.7590238564519676,2031
006/007-Cycling-1y-DHAPPQ-AL,66,0.753561372003213,2031
006/007-Cycling-1y-DHAPPQ-AL,67,0.7959301362375735,2031
006/007-Cycling-1y-DHAPPQ-AL,68,0.7712305224898516,2031
006/007-Cycling-1y-DHAPPQ-AL,69,0.7735551163741842,2031
006/007-Cycling-1y-DHAPPQ-AL,70,0.7617343175253453,2031
006/007-Cycling-1y-DHAPPQ-AL,71,0.7717683000506814,2031
006/007-Cycling-1y-DHAPPQ-AL,72,0.7623363057783323,2031
006/007-Cycling-1y-DHAPPQ-AL,73,0.7330836968368649,2031
006/007-Cycling-1y-DHAPPQ-AL,74,0.7659063459049033,2031
006/007-Cycling-1y-DHAPPQ-AL,75,0.7738539325953866,2031
006/007-Cycling-1y-DHAPPQ-AL,76,0.7854685942862067,2031
006/007-Cycling-1y-DHAPPQ-AL,77,0.7716409887828758,2031
006/007-Cycling-1y-DHAPPQ-AL,78,0.7541807389180658,2031
006/007-Cycling-1y-DHAPPQ-AL,79,0.7735043518862722,2031
006/007-Cycling-1y-DHAPPQ-AL,80,0.7747479252918398,2031
006/007-Cycling-1y-DHAPPQ-AL,81,0.7543024304004639,2031
006/007-Cycling-1y-DHAPPQ-AL,82,0.7608683186322241,2031
006/007-Cycling-1y-DHAPPQ-AL,83,0.771913707915397,2031
006/007-Cycling-1y-DHAPPQ-AL,84,0.7639917578448321,2031
006/007-Cycling-1y-DHAPPQ-AL,85,0.7431902141420742,2031
006/007-Cycling-1y-DHAPPQ-AL,86,0.7460604909090299,2031
006/007-Cycling-1y-DHAPPQ-AL,87,0.7341892727041947,2031
006/007-Cycling-1y-DHAPPQ-AL,88,0.7608421152174983,2031
006/007-Cycling-1y-DHAPPQ-AL,89,0.7901838899399832,2031
006/007-Cycling-1y-DHAPPQ-AL,90,0.7632011943104661,2031
006/007-Cycling-1y-DHAPPQ-AL,91,0.776579378877567,2031
006/007-Cycling-1y-DHAPPQ-AL,92,0.763793042438484,2031
006/007-Cycling-1y-DHAPPQ-AL,93,0.7388369552808371,2031
006/007-Cycling-1y-DHAPPQ-AL,94,0.7731395956968176,2031
006/007-Cycling-1y-DHAPPQ-AL,95,0.763794616174362,2031
006/007-Cycling-1y-DHAPPQ-AL,96,0.7686240176871618,2031
006/007-Cycling-1y-DHAPPQ-AL,97,0.7809594828433105,2031
006/007-Cycling-1y-DHAPPQ-AL,98,0.7629138070278265,2031
006/007-Cycling-1y-DHAPPQ-AL,99,0.7696657929982499,2031
006/008-Cycling-1y-DHAPPQ-ASAQ,0,0.6932258757787514,2031
006/008-Cycling-1y-DHAPPQ-ASAQ,1,0.711590784900043,2031
006/008-Cycling-1y-DHAPPQ-ASAQ,2,0.6933370925227854,2031
006/008-Cycling-1y-DHAPPQ-ASAQ,3,0.6844499777648575,2031
006/008-Cycling-1y-DHAPPQ-ASAQ,4,0.6786001899886025,2031
006/008-Cycling-1y-DHAPPQ-ASAQ,5,0.6879885113796842,2031
006/008-Cycling-1y-DHAPPQ-ASAQ,6,0.7075804319553655,2031
006/008-Cycling-1y-DHAPPQ-ASAQ,7,0.6648792619376909,2031
006/008-Cycling-1y-DHAPPQ-ASAQ,8,0.716868275131298,2031
006/008-Cycling-1y-DHAPPQ-ASAQ,9,0.6931741820778824,2031
006/008-Cycling-1y-DHAPPQ-ASAQ,10,0.7004901194979419,2031
006/008-Cycling-1y-DHAPPQ-ASAQ,11,0.6914444588724679,2031
006/008-Cycling-1y-DHAPPQ-ASAQ,12,0.7105185225803939,2031
006/008-Cycling-1y-DHAPPQ-ASAQ,13,0.6778150089126499,2031
006/008-Cycling-1y-DHAPPQ-ASAQ,14,0.7367829045166786,2031
006/008-Cycling-1y-DHAPPQ-ASAQ,15,0.7042323293807914,2031
006/008-Cycling-1y-DHAPPQ-ASAQ,16,0.6645641217140251,2031
006/008-Cycling-1y-DHAPPQ-ASAQ,17,0.6682927175751593,2031
006/008-Cycling-1y-DHAPPQ-ASAQ,18,0.6663287391687581,2031
006/008-Cycling-1y-DHAPPQ-ASAQ,19,0.7036308838217301,2031
006/008-Cycling-1y-DHAPPQ-ASAQ,20,0.7135819509431128,2031
006/008-Cycling-1y-DHAPPQ-ASAQ,21,0.6830453222030162,2031
006/008-Cycling-1y-DHAPPQ-ASAQ,22,0.6666809989143202,2031
006/008-Cycling-1y-DHAPPQ-ASAQ,23,0.6947456317322112,2031
006/008-Cycling-1y-DHAPPQ-ASAQ,24,0.6693859437464464,2031
006/008-Cycling-1y-DHAPPQ-ASAQ,25,0.7023710340843272,2031
006/008-Cycling-1y-DHAPPQ-ASAQ,26,0.7063551779070281,2031
006/008-Cycling-1y-DHAPPQ-ASAQ,27,0.6971422081364643,2031
006/008-Cycling-1y-DHAPPQ-ASAQ,28,0.6686940838286529,2031
006/008-Cycling-1y-DHAPPQ-ASAQ,29,0.731554896630772,2031
006/008-Cycling-1y-DHAPPQ-ASAQ,30,0.6767874425389521,2031
006/008-Cycling-1y-DHAPPQ-ASAQ,31,0.657368166053118,2031
006/008-Cycling-1y-DHAPPQ-ASAQ,32,0.6815433557672463,2031
006/008-Cycling-1y-DHAPPQ-ASAQ,33,0.6825363617025092,2031
006/008-Cycling-1y-DHAPPQ-ASAQ,34,0.6808863432055983,2031
006/008-Cycling-1y-DHAPPQ-ASAQ,35,0.6909326616396214,2031
006/008-Cycling-1y-DHAPPQ-ASAQ,36,0.6885195678395618,2031
006/008-Cycling-1y-DHAPPQ-ASAQ,37,0.7121939090992409,2031
006/008-Cycling-1y-DHAPPQ-ASAQ,38,0.6953287761011401,2031
006/008-Cycling-1y-DHAPPQ-ASAQ,39,0.6903233666370507,2031
006/008-Cycling-1y-DHAPPQ-ASAQ,40,0.7194087747906122,2031
006/008-Cycling-1y-DHAPPQ-ASAQ,41,0.6999455300037467,2031
006/008-Cycling-1y-DHAPPQ-ASAQ,42,0.706549419587286,2031
006/008-Cycling-1y-DHAPPQ-ASAQ,43,0.6693482925377437,2031
006/008-Cycling-1y-DHAPPQ-ASAQ,44,0.6960191230495606,2031
006/008-Cycling-1y-DHAPPQ-ASAQ,45,0.6896327675663213,2031
006/008-Cycling-1y-DHAPPQ-ASAQ,46,0.7404455871202195,2031
006/008-Cycling-1y-DHAPPQ-ASAQ,47,0.6789542374723121,2031
006/008-Cycling-1y-DHAPPQ-ASAQ,48,0.6988812673621919,2031
006/008-Cycling-1y-DHAPPQ-ASAQ,49,0.7048029444581315,2031
006/008-Cycling-1y-DHAPPQ-ASAQ,50,0.7297125018800915,2031
006/008-Cycling-1y-DHAPPQ-ASAQ,51,0.6788954637318688,2031
006/008-Cycling-1y-DHAPPQ-ASAQ,52,0.6925688710885679,2031
006/008-Cycling-1y-DHAPPQ-ASAQ,53,0.6910852364791221,2031
006/008-Cycling-1y-DHAPPQ-ASAQ,54,0.7167222630421602,2031
006/008-Cycling-1y-DHAPPQ-ASAQ,55,0.6851267673845695,2031
006/008-Cycling-1y-DHAPPQ-ASAQ,56,0.6921392883863541,2031
006/008-Cycling-1y-DHAPPQ-ASAQ,57,0.6861598185927539,2031
006/008-Cycling-1y-DHAPPQ-ASAQ,58,0.6814284906652057,2031
006/008-Cycling-1y-DHAPPQ-ASAQ,59,0.6839469684776467,2031
006/008-Cycling-1y-DHAPPQ-ASAQ,60,0.6879401723176238,2031
006/008-Cycling-1y-DHAPPQ-ASAQ,61,0.7003874861603488,2031
006/008-Cycling-1y-DHAPPQ-ASAQ,62,0.680435136929268,2031
006/008-Cycling-1y-DHAPPQ-ASAQ,63,0.7381285442470834,2031
006/008-Cycling-1y-DHAPPQ-ASAQ,64,0.707053978715579,2031
006/008-Cycling-1y-DHAPPQ-ASAQ,65,0.650966805882439,2031
006/008-Cycling-1y-DHAPPQ-ASAQ,66,0.6637097451139361,2031
006/008-Cycling-1y-DHAPPQ-ASAQ,67,0.7254848301706184,2031
006/008-Cycling-1y-DHAPPQ-ASAQ,68,0.6917562727478573,2031
006/008-Cycling-1y-DHAPPQ-ASAQ,69,0.6650583239836986,2031
006/008-Cycling-1y-DHAPPQ-ASAQ,70,0.692914087364889,2031
006/008-Cycling-1y-DHAPPQ-ASAQ,71,0.6821983456131161,2031
006/008-Cycling-1y-DHAPPQ-ASAQ,72,0.6990337855691947,2031
006/008-Cycling-1y-DHAPPQ-ASAQ,73,0.6763847918027457,2031
006/008-Cycling-1y-DHAPPQ-ASAQ,74,0.7152188059798611,2031
006/008-Cycling-1y-DHAPPQ-ASAQ,75,0.7314300828759843,2031
006/008-Cycling-1y-DHAPPQ-ASAQ,76,0.6810916731117755,2031
006/008-Cycling-1y-DHAPPQ-ASAQ,77,0.7147344260140285,2031
006/008-Cycling-1y-DHAPPQ-ASAQ,78,0.6850042286903396,2031
006/008-Cycling-1y-DHAPPQ-ASAQ,79,0.685137913396504,2031
006/008-Cycling-1y-DHAPPQ-ASAQ,80,0.6621855977262713,2031
006/008-Cycling-1y-DHAPPQ-ASAQ,81,0.6885966368282971,2031
006/008-Cycling-1y-DHAPPQ-ASAQ,82,0.6877260703635607,2031
006/008-Cycling-1y-DHAPPQ-ASAQ,83,0.6837171429831891,2031
006/008-Cycling-1y-DHAPPQ-ASAQ,84,0.7177514742186877,2031
006/008-Cycling-1y-DHAPPQ-ASAQ,85,0.6902731592330463,2031
006/008-Cycling-1y-DHAPPQ-ASAQ,86,0.7227249258303243,2031
006/008-Cycling-1y-DHAPPQ-ASAQ,87,0.6872513282937192,2031
006/008-Cycling-1y-DHAPPQ-ASAQ,88,0.6948242047973302,2031
006/008-Cycling-1y-DHAPPQ-ASAQ,89,0.7058312227230096,2031
006/008-Cycling-1y-DHAPPQ-ASAQ,90,0.6969716810702625,2031
006/008-Cycling-1y-DHAPPQ-ASAQ,91,0.6964767248719096,2031
006/008-Cycling-1y-DHAPPQ-ASAQ,92,0.685156228881438,2031
006/008-Cycling-1y-DHAPPQ-ASAQ,93,0.6659561386837461,2031
006/008-Cycling-1y-DHAPPQ-ASAQ,94,0.6885677936769539,2031
006/008-Cycling-1y-DHAPPQ-ASAQ,95,0.6823032555919201,2031
006/008-Cycling-1y-DHAPPQ-ASAQ,96,0.6555066681421122,2031
006/008-Cycling-1y-DHAPPQ-ASAQ,97,0.6914501095697476,2031
006/008-Cycling-1y-DHAPPQ-ASAQ,98,0.6960305719269474,2031
006/008-Cycling-1y-DHAPPQ-ASAQ,99,0.7092123815251993,2031
006/009-Cycling-1y-AL-ASAQ-DHAPPQ,0,0.7471653882947916,2031
006/009-Cycling-1y-AL-ASAQ-DHAPPQ,1,0.716200065093998,2031
006/009-Cycling-1y-AL-ASAQ-DHAPPQ,2,0.7336666434849501,2031
006/009-Cycling-1y-AL-ASAQ-DHAPPQ,3,0.6982824697737243,2031
006/009-Cycling-1y-AL-ASAQ-DHAPPQ,4,0.7423503300445268,2031
006/009-Cycling-1y-AL-ASAQ-DHAPPQ,5,0.7074565621462169,2031
006/009-Cycling-1y-AL-ASAQ-DHAPPQ,6,0.702130790519422,2031
006/009-Cycling-1y-AL-ASAQ-DHAPPQ,7,0.7565253041007828,2031
006/009-Cycling-1y-AL-ASAQ-DHAPPQ,8,0.6858523014988068,2031
006/009-Cycling-1y-AL-ASAQ-DHAPPQ,9,0.7208080877665267,2031
006/009-Cycling-1y-AL-ASAQ-DHAPPQ,10,0.7059290276978204,2031
006/009-Cycling-1y-AL-ASAQ-DHAPPQ,11,0.706801147830284,2031
006/009-Cycling-1y-AL-ASAQ-DHAPPQ,12,0.7096309322878215,2031
006/009-Cycling-1y-AL-ASAQ-DHAPPQ,13,0.7417025103969325,2031
006/009-Cycling-1y-AL-ASAQ-DHAPPQ,14,0.69412166493434,2031
006/009-Cycling-1y-AL-ASAQ-DHAPPQ,15,0.6721991512244165,2031
006/009-Cycling-1y-AL-ASAQ-DHAPPQ,16,0.6979575138942975,2031
006/009-Cycling-1y-AL-ASAQ-DHAPPQ,17,0.7201484737466114,2031
006/009-Cycling-1y-AL-ASAQ-DHAPPQ,18,0.7063080754177321,2031
006/009-Cycling-1y-AL-ASAQ-DHAPPQ,19,0.6923908127554393,2031
006/009-Cycling-1y-AL-ASAQ-DHAPPQ,20,0.7077079058167026,2031
006/009-Cycling-1y-AL-ASAQ-DHAPPQ,21,0.6994674269086666,2031
006/009-Cycling-1y-AL-ASAQ-DHAPPQ,22,0.7207028870173792,2031
006/009-Cycling-1y-AL-ASAQ-DHAPPQ,23,0.7131126696412166,2031
006/009-Cycling-1y-AL-ASAQ-DHAPPQ,24,0.7047493926537892,2031
006/009-Cycling-1y-AL-ASAQ-DHAPPQ,25,0.7497644054443495,2031
006/009-Cycling-1y-AL-ASAQ-DHAPPQ,26,0.7354986182245482,2031
006/009-Cycling-1y-AL-ASAQ-DHAPPQ,27,0.7128368536340141,2031
006/009-Cycling-1y-AL-ASAQ-DHAPPQ,28,0.6950791988132928,2031
006/009-Cycling-1y-AL-ASAQ-DHAPPQ,29,0.733730152894429,2031
006/009-Cycling-1y-AL-ASAQ-DHAPPQ,30,0.7310184089222491,2031
006/009-Cycling-1y-AL-ASAQ-DHAPPQ,31,0.7221970862896265,2031
006/009-Cycling-1y-AL-ASAQ-DHAPPQ,32,0.7078417368221205,2031
006/009-Cycling-1y-AL-ASAQ-DHAPPQ,33,0.6822223238897666,2031
006/009-Cycling-1y-AL-ASAQ-DHAPPQ,34,0.6972763525814294,2031
006/009-Cycling-1y-AL-ASAQ-DHAPPQ,35,0.6993956524659591,2031
006/009-Cycling-1y-AL-ASAQ-DHAPPQ,36,0.7087479540084468,2031
006/009-Cycling-1y-AL-ASAQ-DHAPPQ,37,0.6847463902874203,2031
006/009-Cycling-1y-AL-ASAQ-DHAPPQ,38,0.6917875189382592,2031
006/009-Cycling-1y-AL-ASAQ-DHAPPQ,39,0.7048382423204366,2031
006/009-Cycling-1y-AL-ASAQ-DHAPPQ,40,0.7271013747979039,2031
006/009-Cycling-1y-AL-ASAQ-DHAPPQ,41,0.71605804858749,2031
006/009-Cycling-1y-AL-ASAQ-DHAPPQ,42,0.7171224556465692,2031
006/009-Cycling-1y-AL-ASAQ-DHAPPQ,43,0.7154121203254786,2031
006/009-Cycling-1y-AL-ASAQ-DHAPPQ,44,0.7030445383741325,2031
006/009-Cycling-1y-AL-ASAQ-DHAPPQ,45,0.7091154344374021,2031
006/009-Cycling-1y-AL-ASAQ-DHAPPQ,46,0.6983259270444302,2031
006/009-Cycling-1y-AL-ASAQ-DHAPPQ,47,0.7312256824061171,2031
006/009-Cycling-1y-AL-ASAQ-DHAPPQ,48,0.7240305094425924,2031
006/009-Cycling-1y-AL-ASAQ-DHAPPQ,49,0.7200971175631246,2031
006/009-Cycling-1y-AL-ASAQ-DHAPPQ,50,0.7274593355421836,2031
006/009-Cycling-1y-AL-ASAQ-DHAPPQ,51,0.7096051173060793,2031
006/009-Cycling-1y-AL-ASAQ-DHAPPQ,52,0.6988127898571023,2031
006/009-Cycling-1y-AL-ASAQ-DHAPPQ,53,0.7197838253342118,2031
006/009-Cycling-1y-AL-ASAQ-DHAPPQ,54,0.7045997807466916,2031
006/009-Cycling-1y-AL-ASAQ-DHAPPQ,55,0.7382005617403152,2031
006/009-Cycling-1y-AL-ASAQ-DHAPPQ,56,0.7077224913836041,2031
006/009-Cycling-1y-AL-ASAQ-DHAPPQ,57,0.7355984914977594,2031
006/009-Cycling-1y-AL-ASAQ-DHAPPQ,58,0.6921385564143866,2031
006/009-Cycling-1y-AL-ASAQ-DHAPPQ,59,0.729866793904724,2031
006/009-Cycling-1y-AL-ASAQ-DHAPPQ,60,0.7225703408918812,2031
006/009-Cycling-1y-AL-ASAQ-DHAPPQ,61,0.7105719230733176,2031
006/009-Cycling-1y-AL-ASAQ-DHAPPQ,62,0.7296187728229621,2031
006/009-Cycling-1y-AL-ASAQ-DHAPPQ,63,0.6869340015801301,2031
006/009-Cycling-1y-AL-ASAQ-DHAPPQ,64,0.7330831151015517,2031
006/009-Cycling-1y-AL-ASAQ-DHAPPQ,65,0.7194896005295969,2031
006/009-Cycling-1y-AL-ASAQ-DHAPPQ,66,0.7157500480068238,2031
006/009-Cycling-1y-AL-ASAQ-DHAPPQ,67,0.7226132611526905,2031
006/009-Cycling-1y-AL-ASAQ-DHAPPQ,68,0.6995508200978814,2031
006/009-Cycling-1y-AL-ASAQ-DHAPPQ,69,0.6940183384247316,2031
006/009-Cycling-1y-AL-ASAQ-DHAPPQ,70,0.7149748496751117,2031
006/009-Cycling-1y-AL-ASAQ-DHAPPQ,71,0.7015170401663738,2031
006/009-Cycling-1y-AL-ASAQ-DHAPPQ,72,0.7277991229941988,2031
006/009-Cycling-1y-AL-ASAQ-DHAPPQ,73,0.73656635604877,2031
006/009-Cycling-1y-AL-ASAQ-DHAPPQ,74,0.7271444860409068,2031
006/009-Cycling-1y-AL-ASAQ-DHAPPQ,75,0.7407349885343179,2031
006/009-Cycling-1y-AL-ASAQ-DHAPPQ,76,0.7237355177561381,2031
006/009-Cycling-1y-AL-ASAQ-DHAPPQ,77,0.7167542327893721,2031
006/009-Cycling-1y-AL-ASAQ-DHAPPQ,78,0.7373290659524329,2031
006/009-Cycling-1y-AL-ASAQ-DHAPPQ,79,0.7159003012866009,2031
006/009-Cycling-1y-AL-ASAQ-DHAPPQ,80,0.7390133270220566,2031
006/009-Cycling-1y-AL-ASAQ-DHAPPQ,81,0.6932941172309577,2031
006/009-Cycling-1y-AL-ASAQ-DHAPPQ,82,0.7125171562904447,2031
006/009-Cycling-1y-AL-ASAQ-DHAPPQ,83,0.7136017849025286,2031
006/009-Cycling-1y-AL-ASAQ-DHAPPQ,84,0.7122874543049708,2031
006/009-Cycling-1y-AL-ASAQ-DHAPPQ,85,0.6992838452830079,2031
006/009-Cycling-1y-AL-ASAQ-DHAPPQ,86,0.7222739229271863,2031
006/009-Cycling-1y-AL-ASAQ-DHAPPQ,87,0.7276006196784545,2031
006/009-Cycling-1y-AL-ASAQ-DHAPPQ,88,0.7201922807616388,2031
006/009-Cycling-1y-AL-ASAQ-DHAPPQ,89,0.7250797534272233,2031
006/009-Cycling-1y-AL-ASAQ-DHAPPQ,90,0.6880164554034301,2031
006/009-Cycling-1y-AL-ASAQ-DHAPPQ,91,0.7212538726886679,2031
006/009-Cycling-1y-AL-ASAQ-DHAPPQ,92,0.698848550352278,2031
006/009-Cycling-1y-AL-ASAQ-DHAPPQ,93,0.7172856408854408,2031
006/009-Cycling-1y-AL-ASAQ-DHAPPQ,94,0.7215268122242439,2031
006/009-Cycling-1y-AL-ASAQ-DHAPPQ,95,0.7328539875083276,2031
006/009-Cycling-1y-AL-ASAQ-DHAPPQ,96,0.7416362160439474,2031
006/009-Cycling-1y-AL-ASAQ-DHAPPQ,97,0.715362526644384,2031
006/009-Cycling-1y-AL-ASAQ-DHAPPQ,98,0.691413647437047,2031
006/009-Cycling-1y-AL-ASAQ-DHAPPQ,99,0.7213153805282113,2031
006/010-Cycling-1y-AL-DHAPPQ-ASAQ,0,0.7376036277179904,2031
006/010-Cycling-1y-AL-DHAPPQ-ASAQ,1,0.7059074050299777,2031
006/010-Cycling-1y-AL-DHAPPQ-ASAQ,2,0.7232630072015742,2031
006/010-Cycling-1y-AL-DHAPPQ-ASAQ,3,0.7172325073117921,2031
006/010-Cycling-1y-AL-DHAPPQ-ASAQ,4,0.7190564145126698,2031
006/010-Cycling-1y-AL-DHAPPQ-ASAQ,5,0.7195277542091145,2031
006/010-Cycling-1y-AL-DHAPPQ-ASAQ,6,0.6955819835325255,2031
006/010-Cycling-1y-AL-DHAPPQ-ASAQ,7,0.7106737455902614,2031
006/010-Cycling-1y-AL-DHAPPQ-ASAQ,8,0.7351071826758324,2031
006/010-Cycling-1y-AL-DHAPPQ-ASAQ,9,0.7519732499176671,2031
006/010-Cycling-1y-AL-DHAPPQ-ASAQ,10,0.7220239364777502,2031
006/010-Cycling-1y-AL-DHAPPQ-ASAQ,11,0.7174136387527041,2031
006/010-Cycling-1y-AL-DHAPPQ-ASAQ,12,0.7315030005341177,2031
006/010-Cycling-1y-AL-DHAPPQ-ASAQ,13,0.7270381205551814,2031
006/010-Cycling-1y-AL-DHAPPQ-ASAQ,14,0.7114680141929525,2031
006/010-Cycling-1y-AL-DHAPPQ-ASAQ,15,0.7155520092214803,2031
006/010-Cycling-1y-AL-DHAPPQ-ASAQ,16,0.7243046338719233,2031
006/010-Cycling-1y-AL-DHAPPQ-ASAQ,17,0.7277010279148377,2031
006/010-Cycling-1y-AL-DHAPPQ-ASAQ,18,0.7166185486552341,2031
006/010-Cycling-1y-AL-DHAPPQ-ASAQ,19,0.7160229323248246,2031
006/010-Cycling-1y-AL-DHAPPQ-ASAQ,20,0.7445032702731232,2031
006/010-Cycling-1y-AL-DHAPPQ-ASAQ,21,0.7305936534767588,2031
006/010-Cycling-1y-AL-DHAPPQ-ASAQ,22,0.7471922148493103,2031
006/010-Cycling-1y-AL-DHAPPQ-ASAQ,23,0.7286235956889229,2031
006/010-Cycling-1y-AL-DHAPPQ-ASAQ,24,0.707332138685651,2031
006/010-Cycling-1y-AL-DHAPPQ-ASAQ,25,0.6797691626755648,2031
006/010-Cycling-1y-AL-DHAPPQ-ASAQ,26,0.7227659426151752,2031
006/010-Cycling-1y-AL-DHAPPQ-ASAQ,27,0.7329531984033633,2031
006/010-Cycling-1y-AL-DHAPPQ-ASAQ,28,0.6955512524688197,2031
006/010-Cycling-1y-AL-DHAPPQ-ASAQ,29,0.738255335376428,2031
006/010-Cycling-1y-AL-DHAPPQ-ASAQ,30,0.7216646824378822,2031
006/010-Cycling-1y-AL-DHAPPQ-ASAQ,31,0.7111306721003574,2031
006/010-Cycling-1y-AL-DHAPPQ-ASAQ,32,0.713482385563065,2031
006/010-Cycling-1y-AL-DHAPPQ-ASAQ,33,0.7079746594248181,2031
006/010-Cycling-1y-AL-DHAPPQ-ASAQ,34,0.7196924346244834,2031
006/010-Cycling-1y-AL-DHAPPQ-ASAQ,35,0.7356781827481749,2031
006/010-Cycling-1y-AL-DHAPPQ-ASAQ,36,0.7208575843656754,2031
006/010-Cycling-1y-AL-DHAPPQ-ASAQ,37,0.699807376283245,2031
006/010-Cycling-1y-AL-DHAPPQ-ASAQ,38,0.7291591713352251,2031
006/010-Cycling-1y-AL-DHAPPQ-ASAQ,39,0.7365400410976884,2031
006/010-Cycling-1y-AL-DHAPPQ-ASAQ,40,0.6969554587443553,2031
006/010-Cycling-1y-AL-DHAPPQ-ASAQ,41,0.6694125590187996,2031
006/010-Cycling-1y-AL-DHAPPQ-ASAQ,42,0.735583459511474,2031
006/010-Cycling-1y-AL-DHAPPQ-ASAQ,43,0.6855674881125936,2031
006/010-Cycling-1y-AL-DHAPPQ-ASAQ,44,0.7054788533239676,2031
006/010-Cycling-1y-AL-DHAPPQ-ASAQ,45,0.7241774841151406,2031
006/010-Cycling-1y-AL-DHAPPQ-ASAQ,46,0.7288699174540537,2031
006/010-Cycling-1y-AL-DHAPPQ-ASAQ,47,0.7037279019719848,2031
006/010-Cycling-1y-AL-DHAPPQ-ASAQ,48,0.7293321021551559,2031
006/010-Cycling-1y-AL-DHAPPQ-ASAQ,49,0.7445731812250326,2031
006/010-Cycling-1y-AL-DHAPPQ-ASAQ,50,0.7241612220337453,2031
006/010-Cycling-1y-AL-DHAPPQ-ASAQ,51,0.7231348455189229,2031
006/010-Cycling-1y-AL-DHAPPQ-ASAQ,52,0.7160863354501207,2031
006/010-Cycling-1y-AL-DHAPPQ-ASAQ,53,0.7384364640571371,2031
006/010-Cycling-1y-AL-DHAPPQ-ASAQ,54,0.7012386136828432,2031
006/010-Cycling-1y-AL-DHAPPQ-ASAQ,55,0.7244700820295992,2031
006/010-Cycling-1y-AL-DHAPPQ-ASAQ,56,0.7117184191611283,2031
006/010-Cycling-1y-AL-DHAPPQ-ASAQ,57,0.7230187611795212,2031
006/010-Cycling-1y-AL-DHAPPQ-ASAQ,58,0.7316005730073657,2031
006/010-Cycling-1y-AL-DHAPPQ-ASAQ,59,0.7392529444262471,2031
006/010-Cycling-1y-AL-DHAPPQ-ASAQ,60,0.7361379824939432,2031
006/010-Cycling-1y-AL-DHAPPQ-ASAQ,61,0.7178107046123853,2031
006/010-Cycling-1y-AL-DHAPPQ-ASAQ,62,0.7265000261461823,2031
006/010-Cycling-1y-AL-DHAPPQ-ASAQ,63,0.7347241892067924,2031
006/010-Cycling-1y-AL-DHAPPQ-ASAQ,64,0.7092927862042399,2031
006/010-Cycling-1y-AL-DHAPPQ-ASAQ,65,0.7408141315914528,2031
006/010-Cycling-1y-AL-DHAPPQ-ASAQ,66,0.709474929908909,2031
006/010-Cycling-1y-AL-DHAPPQ-ASAQ,67,0.6938231171709014,2031
006/010-Cycling-1y-AL-DHAPPQ-ASAQ,68,0.7305262923764234,2031
006/010-Cycling-1y-AL-DHAPPQ-ASAQ,69,0.6929353085947332,2031
006/010-Cycling-1y-AL-DHAPPQ-ASAQ,70,0.7262142694333896,2031
006/010-Cycling-1y-AL-DHAPPQ-ASAQ,71,0.7194908460288181,2031
006/010-Cycling-1y-AL-DHAPPQ-ASAQ,72,0.7093038159428252,2031
006/010-Cycling-1y-AL-DHAPPQ-ASAQ,73,0.708314900847145,2031
006/010-Cycling-1y-AL-DHAPPQ-ASAQ,74,0.6891666920148198,2031
006/010-Cycling-1y-AL-DHAPPQ-ASAQ,75,0.7363099006535326,2031
006/010-Cycling-1y-AL-DHAPPQ-ASAQ,76,0.7295795767683261,2031
006/010-Cycling-1y-AL-DHAPPQ-ASAQ,77,0.7257193758306291,2031
006/010-Cycling-1y-AL-DHAPPQ-ASAQ,78,0.7200710389805313,2031
006/010-Cycling-1y-AL-DHAPPQ-ASAQ,79,0.7168070357075038,2031
006/010-Cycling-1y-AL-DHAPPQ-ASAQ,80,0.7411618586547973,2031
006/010-Cycling-1y-AL-DHAPPQ-ASAQ,81,0.742674929925085,2031
006/010-Cycling-1y-AL-DHAPPQ-ASAQ,82,0.7430318257541555,2031
006/010-Cycling-1y-AL-DHAPPQ-ASAQ,83,0.7200489656846844,2031
006/010-Cycling-1y-AL-DHAPPQ-ASAQ,84,0.7193594140447089,2031
006/010-Cycling-1y-AL-DHAPPQ-ASAQ,85,0.7165575383508744,2031
006/010-Cycling-1y-AL-DHAPPQ-ASAQ,86,0.7056725046357836,2031
006/010-Cycling-1y-AL-DHAPPQ-ASAQ,87,0.7408223244490783,2031
006/010-Cycling-1y-AL-DHAPPQ-ASAQ,88,0.7186949510169823,2031
006/010-Cycling-1y-AL-DHAPPQ-ASAQ,89,0.6974332711680788,2031
006/010-Cycling-1y-AL-DHAPPQ-ASAQ,90,0.717767283343682,2031
006/010-Cycling-1y-AL-DHAPPQ-ASAQ,91,0.735311267390853,2031
006/010-Cycling-1y-AL-DHAPPQ-ASAQ,92,0.7078796436305765,2031
006/010-Cycling-1y-AL-DHAPPQ-ASAQ,93,0.7269775039726988,2031
006/010-Cycling-1y-AL-DHAPPQ-ASAQ,94,0.7040519725432807,2031
006/010-Cycling-1y-AL-DHAPPQ-ASAQ,95,0.7711760615541068,2031
006/010-Cycling-1y-AL-DHAPPQ-ASAQ,96,0.7269868880852862,2031
006/010-Cycling-1y-AL-DHAPPQ-ASAQ,97,0.7249838519335405,2031
006/010-Cycling-1y-AL-DHAPPQ-ASAQ,98,0.7545111861422601,2031
006/010-Cycling-1y-AL-DHAPPQ-ASAQ,99,0.7364549654279258,2031
006/011-Cycling-1y-ASAQ-AL-DHAPPQ,0,0.7247329542510781,2031
006/011-Cycling-1y-ASAQ-AL-DHAPPQ,1,0.7134520503521319,2031
006/011-Cycling-1y-ASAQ-AL-DHAPPQ,2,0.7170851193587006,2031
006/011-Cycling-1y-ASAQ-AL-DHAPPQ,3,0.7247218424970835,2031
006/011-Cycling-1y-ASAQ-AL-DHAPPQ,4,0.748628782905873,2031
006/011-Cycling-1y-ASAQ-AL-DHAPPQ,5,0.7268691457325228,2031
006/011-Cycling-1y-ASAQ-AL-DHAPPQ,6,0.7233816375829796,2031
006/011-Cycling-1y-ASAQ-AL-DHAPPQ,7,0.7199761031176365,2031
006/011-Cycling-1y-ASAQ-AL-DHAPPQ,8,0.7659763679660766,2031
006/011-Cycling-1y-ASAQ-AL-DHAPPQ,9,0.7346829508573158,2031
006/011-Cycling-1y-ASAQ-AL-DHAPPQ,10,0.7285618150824752,2031
006/011-Cycling-1y-ASAQ-AL-DHAPPQ,11,0.7364590308369939,2031
006/011-Cycling-1y-ASAQ-AL-DHAPPQ,12,0.7107279982666306,2031
006/011-Cycling-1y-ASAQ-AL-DHAPPQ,13,0.7536205233195834,2031
006/011-Cycling-1y-ASAQ-AL-DHAPPQ,14,0.7284963142457382,2031
006/011-Cycling-1y-ASAQ-AL-DHAPPQ,15,0.7148137277032234,2031
006/011-Cycling-1y-ASAQ-AL-DHAPPQ,16,0.7179371226877214,2031
006/011-Cycling-1y-ASAQ-AL-DHAPPQ,17,0.7203255770649327,2031
006/011-Cycling-1y-ASAQ-AL-DHAPPQ,18,0.7273235545555884,2031
006/011-Cycling-1y-ASAQ-AL-DHAPPQ,19,0.7240199359259937,2031
006/011-Cycling-1y-ASAQ-AL-DHAPPQ,20,0.7227034109123597,2031
006/011-Cycling-1y-ASAQ-AL-DHAPPQ,21,0.7170256331038937,2031
006/011-Cycling-1y-ASAQ-AL-DHAPPQ,22,0.7430193251149738,2031
006/011-Cycling-1y-ASAQ-AL-DHAPPQ,23,0.730889977969996,2031
006/011-Cycling-1y-ASAQ-AL-DHAPPQ,24,0.7351919134377383,2031
006/011-Cycling-1y-ASAQ-AL-DHAPPQ,25,0.7297545388902352,2031
006/011-Cycling-1y-ASAQ-AL-DHAPPQ,26,0.7248436968669029,2031
006/011-Cycling-1y-ASAQ-AL-DHAPPQ,27,0.689761193174849,2031
006/011-Cycling-1y-ASAQ-AL-DHAPPQ,28,0.7118226896571588,2031
006/011-Cycling-1y-ASAQ-AL-DHAPPQ,29,0.7369183935753801,2031
006/011-Cycling-1y-ASAQ-AL-DHAPPQ,30,0.7163829753775085,2031
006/011-Cycling-1y-ASAQ-AL-DHAPPQ,31,0.7010585438436209,2031
006/011-Cycling-1y-ASAQ-AL-DHAPPQ,32,0.7439141284839232,2031
006/011-Cycling-1y-ASAQ-AL-DHAPPQ,33,0.7115449077822044,2031
006/011-Cycling-1y-ASAQ-AL-DHAPPQ,34,0.7306273527654645,2031
006/011-Cycling-1y-ASAQ-AL-DHAPPQ,35,0.7186032987915528,2031
006/011-Cycling-1y-ASAQ-AL-DHAPPQ,36,0.7149129650566158,2031
006/011-Cycling-1y-ASAQ-AL-DHAPPQ,37,0.7084851599545084,2031
006/011-Cycling-1y-ASAQ-AL-DHAPPQ,38,0.6986037217977006,2031
006/011-Cycling-1y-ASAQ-AL-DHAPPQ,39,0.7103148406501333,2031
006/011-Cycling-1y-ASAQ-AL-DHAPPQ,40,0.7554933655508237,2031
006/011-Cycling-1y-ASAQ-AL-DHAPPQ,41,0.7196114243033196,2031
006/011-Cycling-1y-ASAQ-AL-DHAPPQ,42,0.7233895477286326,2031
006/011-Cycling-1y-ASAQ-AL-DHAPPQ,43,0.7388303231493957,2031
006/011-Cycling-1y-ASAQ-AL-DHAPPQ,44,0.7077556301662816,2031
006/011-Cycling-1y-ASAQ-AL-DHAPPQ,45,0.7559221709040119,2031
006/011-Cycling-1y-ASAQ-AL-DHAPPQ,46,0.7065647582602823,2031
006/011-Cycling-1y-ASAQ-AL-DHAPPQ,47,0.7358005239495963,2031
006/011-Cycling-1y-ASAQ-AL-DHAPPQ,48,0.7223922781825364,2031
006/011-Cycling-1y-ASAQ-AL-DHAPPQ,49,0.7276417456522258,2031
006/011-Cycling-1y-ASAQ-AL-DHAPPQ,50,0.7355138773800608,2031
006/011-Cycling-1y-ASAQ-AL-DHAPPQ,51,0.7378370893293714,2031
006/011-Cycling-1y-ASAQ-AL-DHAPPQ,52,0.6958765171603534,2031
006/011-Cycling-1y-ASAQ-AL-DHAPPQ,53,0.7275590247587873,2031
006/011-Cycling-1y-ASAQ-AL-DHAPPQ,54,0.7166117403984974,2031
006/011-Cycling-1y-ASAQ-AL-DHAPPQ,55,0.7232514676580296,2031
006/011-Cycling-1y-ASAQ-AL-DHAPPQ,56,0.7137327841955043,2031
006/011-Cycling-1y-ASAQ-AL-DHAPPQ,57,0.7339860207611455,2031
006/011-Cycling-1y-ASAQ-AL-DHAPPQ,58,0.711702031573839,2031
006/011-Cycling-1y-ASAQ-AL-DHAPPQ,59,0.7231178341605998,2031
006/011-Cycling-1y-ASAQ-AL-DHAPPQ,60,0.7109393283656983,2031
006/011-Cycling-1y-ASAQ-AL-DHAPPQ,61,0.7464197184387612,2031
006/011-Cycling-1y-ASAQ-AL-DHAPPQ,62,0.7360315442372595,2031
006/011-Cycling-1y-ASAQ-AL-DHAPPQ,63,0.7456374653211862,2031
006/011-Cycling-1y-ASAQ-AL-DHAPPQ,64,0.7031582979177449,2031
006/011-Cycling-1y-ASAQ-AL-DHAPPQ,65,0.7229708301342267,2031
006/011-Cycling-1y-ASAQ-AL-DHAPPQ,66,0.7416252061655206,2031
006/011-Cycling-1y-ASAQ-AL-DHAPPQ,67,0.7094990032713105,2031
006/011-Cycling-1y-ASAQ-AL-DHAPPQ,68,0.701447679665613,2031
006/011-Cycling-1y-ASAQ-AL-DHAPPQ,69,0.734835039776152,2031
006/011-Cycling-1y-ASAQ-AL-DHAPPQ,70,0.7174817721593704,2031
006/011-Cycling-1y-ASAQ-AL-DHAPPQ,71,0.7506337175054124,2031
006/011-Cycling-1y-ASAQ-AL-DHAPPQ,72,0.7338389505390596,2031
006/011-Cycling-1y-ASAQ-AL-DHAPPQ,73,0.7304641619296427,2031
006/011-Cycling-1y-ASAQ-AL-DHAPPQ,74,0.7184102543634528,2031
006/011-Cycling-1y-ASAQ-AL-DHAPPQ,75,0.7213914838624834,2031
006/011-Cycling-1y-ASAQ-AL-DHAPPQ,76,0.7440705080808655,2031
006/011-Cycling-1y-ASAQ-AL-DHAPPQ,77,0.7206484775072283,2031
006/011-Cycling-1y-ASAQ-AL-DHAPPQ,78,0.7329687553814126,2031
006/011-Cycling-1y-ASAQ-AL-DHAPPQ,79,0.7264100376195716,2031
006/011-Cycling-1y-ASAQ-AL-DHAPPQ,80,0.7057284383467403,2031
006/011-Cycling-1y-ASAQ-AL-DHAPPQ,81,0.7494620249376812,2031
006/011-Cycling-1y-ASAQ-AL-DHAPPQ,82,0.7447112606408205,2031
006/011-Cycling-1y-ASAQ-AL-DHAPPQ,83,0.7643137851783953,2031
006/011-Cycling-1y-ASAQ-AL-DHAPPQ,84,0.70429673245403,2031
006/011-Cycling-1y-ASAQ-AL-DHAPPQ,85,0.7322131555279081,2031
006/011-Cycling-1y-ASAQ-AL-DHAPPQ,86,0.7341587911310091,2031
006/011-Cycling-1y-ASAQ-AL-DHAPPQ,87,0.7219509846845703,2031
006/011-Cycling-1y-ASAQ-AL-DHAPPQ,88,0.7093428709324444,2031
006/011-Cycling-1y-ASAQ-AL-DHAPPQ,89,0.704749712339816,2031
006/011-Cycling-1y-ASAQ-AL-DHAPPQ,90,0.7471265087826665,2031
006/011-Cycling-1y-ASAQ-AL-DHAPPQ,91,0.7169919090421456,2031
006/011-Cycling-1y-ASAQ-AL-DHAPPQ,92,0.7154570130106944,2031
006/011-Cycling-1y-ASAQ-AL-DHAPPQ,93,0.7223696808768288,2031
006/011-Cycling-1y-ASAQ-AL-DHAPPQ,94,0.7210817371361089,2031
006/011-Cycling-1y-ASAQ-AL-DHAPPQ,95,0.7179603382110068,2031
006/011-Cycling-1y-ASAQ-AL-DHAPPQ,96,0.7094297650446885,2031
006/011-Cycling-1y-ASAQ-AL-DHAPPQ,97,0.7389918447283251,2031
006/011-Cycling-1y-ASAQ-AL-DHAPPQ,98,0.7057901823646281,2031
006/011-Cycling-1y-ASAQ-AL-DHAPPQ,99,0.7187676966858151,2031
006/012-Cycling-1y-ASAQ-DHAPPQ-AL,0,0.7115859376159629,2031
006/012-Cycling-1y-ASAQ-DHAPPQ-AL,1,0.7113316021592011,2031
006/012-Cycling-1y-ASAQ-DHAPPQ-AL,2,0.7282717272269928,2031
006/012-Cycling-1y-ASAQ-DHAPPQ-AL,3,0.725064531231308,2031
006/012-Cycling-1y-ASAQ-DHAPPQ-AL,4,0.7165303224583336,2031
006/012-Cycling-1y-ASAQ-DHAPPQ-AL,5,0.7336091660160218,2031
006/012-Cycling-1y-ASAQ-DHAPPQ-AL,6,0.7288052357893481,2031
006/012-Cycling-1y-ASAQ-DHAPPQ-AL,7,0.7052276681413825,2031
006/012-Cycling-1y-ASAQ-DHAPPQ-AL,8,0.7146036467246107,2031
006/012-Cycling-1y-ASAQ-DHAPPQ-AL,9,0.7041931876473378,2031
006/012-Cycling-1y-ASAQ-DHAPPQ-AL,10,0.7579195182395465,2031
006/012-Cycling-1y-ASAQ-DHAPPQ-AL,11,0.7311876264710552,2031
006/012-Cycling-1y-ASAQ-DHAPPQ-AL,12,0.7076996593388151,2031
006/012-Cycling-1y-ASAQ-DHAPPQ-AL,13,0.6903301160870002,2031
006/012-Cycling-1y-ASAQ-DHAPPQ-AL,14,0.7181086990906292,2031
006/012-Cycling-1y-ASAQ-DHAPPQ-AL,15,0.6927588111154046,2031
006/012-Cycling-1y-ASAQ-DHAPPQ-AL,16,0.7250990809613341,2031
006/012-Cycling-1y-ASAQ-DHAPPQ-AL,17,0.7326395198441856,2031
006/012-Cycling-1y-ASAQ-DHAPPQ-AL,18,0.7035785327316323,2031
006/012-Cycling-1y-ASAQ-DHAPPQ-AL,19,0.7198369778284232,2031
006/012-Cycling-1y-ASAQ-DHAPPQ-AL,20,0.719507345015546,2031
006/012-Cycling-1y-ASAQ-DHAPPQ-AL,21,0.7149027768177837,2031
006/012-Cycling-1y-ASAQ-DHAPPQ-AL,22,0.7068008803377568,2031
006/012-Cycling-1y-ASAQ-DHAPPQ-AL,23,0.711395999886138,2031
006/012-Cycling-1y-ASAQ-DHAPPQ-AL,24,0.7159822812072294,2031
006/012-Cycling-1y-ASAQ-DHAPPQ-AL,25,0.6954091484927084,2031
006/012-Cycling-1y-ASAQ-DHAPPQ-AL,26,0.7346238995856994,2031
006/012-Cycling-1y-ASAQ-DHAPPQ-AL,27,0.7586686427163986,2031
006/012-Cycling-1y-ASAQ-DHAPPQ-AL,28,0.7208847447226088,2031
006/012-Cycling-1y-ASAQ-DHAPPQ-AL,29,0.7408177700913612,2031
006/012-Cycling-1y-ASAQ-DHAPPQ-AL,30,0.7316475214897746,2031
006/012-Cycling-1y-ASAQ-DHAPPQ-AL,31,0.7219408103223289,2031
006/012-Cycling-1y-ASAQ-DHAPPQ-AL,32,0.6909468916832445,2031
006/012-Cycling-1y-ASAQ-DHAPPQ-AL,33,0.7173359321252096,2031
006/012-Cycling-1y-ASAQ-DHAPPQ-AL,34,0.6991839991544877,2031
006/012-Cycling-1y-ASAQ-DHAPPQ-AL,35,0.7355288421730622,2031
006/012-Cycling-1y-ASAQ-DHAPPQ-AL,36,0.7077185916991545,2031
006/012-Cycling-1y-ASAQ-DHAPPQ-AL,37,0.722373876513886,2031
006/012-Cycling-1y-ASAQ-DHAPPQ-AL,38,0.712946256996467,2031
006/012-Cycling-1y-ASAQ-DHAPPQ-AL,39,0.7479456568921625,2031
006/012-Cycling-1y-ASAQ-DHAPPQ-AL,40,0.709267852156267,2031
006/012-Cycling-1y-ASAQ-DHAPPQ-AL,41,0.7043698276964879,2031
006/012-Cycling-1y-ASAQ-DHAPPQ-AL,42,0.7278573034516035,2031
006/012-Cycling-1y-ASAQ-DHAPPQ-AL,43,0.7072344239089011,2031
006/012-Cycling-1y-ASAQ-DHAPPQ-AL,44,0.704752117605404,2031
006/012-Cycling-1y-ASAQ-DHAPPQ-AL,45,0.7404495043955203,2031
006/012-Cycling-1y-ASAQ-DHAPPQ-AL,46,0.7152018275999422,2031
006/012-Cycling-1y-ASAQ-DHAPPQ-AL,47,0.7073859024528341,2031
006/012-Cycling-1y-ASAQ-DHAPPQ-AL,48,0.710328152784136,2031
006/012-Cycling-1y-ASAQ-DHAPPQ-AL,49,0.7199581661674409,2031
006/012-Cycling-1y-ASAQ-DHAPPQ-AL,50,0.75566022994802,2031
006/012-Cycling-1y-ASAQ-DHAPPQ-AL,51,0.7070320502258562,2031
006/012-Cycling-1y-ASAQ-DHAPPQ-AL,52,0.6946762867936603,2031
006/012-Cycling-1y-ASAQ-DHAPPQ-AL,53,0.6952193691090777,2031
006/012-Cycling-1y-ASAQ-DHAPPQ-AL,54,0.7239011611910094,2031
006/012-Cycling-1y-ASAQ-DHAPPQ-AL,55,0.7010589805944966,2031
006/012-Cycling-1y-ASAQ-DHAPPQ-AL,56,0.7277399318387805,2031
006/012-Cycling-1y-ASAQ-DHAPPQ-AL,57,0.6915075871521926,2031
006/012-Cycling-1y-ASAQ-DHAPPQ-AL,58,0.7376192310165148,2031
006/012-Cycling-1y-ASAQ-DHAPPQ-AL,59,0.7513921232078616,2031
006/012-Cycling-1y-ASAQ-DHAPPQ-AL,60,0.7122418571439821,2031
006/012-Cycling-1y-ASAQ-DHAPPQ-AL,61,0.7193416725570122,2031
006/012-Cycling-1y-ASAQ-DHAPPQ-AL,62,0.7056225556046969,2031
006/012-Cycling-1y-ASAQ-DHAPPQ-AL,63,0.7097329883186898,2031
006/012-Cycling-1y-ASAQ-DHAPPQ-AL,64,0.7335441049496353,2031
006/012-Cycling-1y-ASAQ-DHAPPQ-AL,65,0.719354739789675,2031
006/012-Cycling-1y-ASAQ-DHAPPQ-AL,66,0.7334083908682066,2031
006/012-Cycling-1y-ASAQ-DHAPPQ-AL,67,0.7113888997126145,2031
006/012-Cycling-1y-ASAQ-DHAPPQ-AL,68,0.7730264692477588,2031
006/012-Cycling-1y-ASAQ-DHAPPQ-AL,69,0.7146028120878971,2031
006/012-Cycling-1y-ASAQ-DHAPPQ-AL,70,0.7256088881955406,2031
006/012-Cycling-1y-ASAQ-DHAPPQ-AL,71,0.7067050774645054,2031
006/012-Cycling-1y-ASAQ-DHAPPQ-AL,72,0.7496784938276279,2031
006/012-Cycling-1y-ASAQ-DHAPPQ-AL,73,0.7176339316359219,2031
006/012-Cycling-1y-ASAQ-DHAPPQ-AL,74,0.7046213694990042,2031
006/012-Cycling-1y-ASAQ-DHAPPQ-AL,75,0.7152014849565517,2031
006/012-Cycling-1y-ASAQ-DHAPPQ-AL,76,0.7355036527052777,2031
006/012-Cycling-1y-ASAQ-DHAPPQ-AL,77,0.7353818495651212,2031
006/012-Cycling-1y-ASAQ-DHAPPQ-AL,78,0.6949280458551911,2031
006/012-Cycling-1y-ASAQ-DHAPPQ-AL,79,0.7304001155966099,2031
006/012-Cycling-1y-ASAQ-DHAPPQ-AL,80,0.7350397178464899,2031
006/012-Cycling-1y-ASAQ-DHAPPQ-AL,81,0.734218821999468,2031
006/012-Cycling-1y-ASAQ-DHAPPQ-AL,82,0.7252513535031245,2031
006/012-Cycling-1y-ASAQ-DHAPPQ-AL,83,0.7335007179454744,2031
006/012-Cycling-1y-ASAQ-DHAPPQ-AL,84,0.7132347996822647,2031
006/012-Cycling-1y-ASAQ-DHAPPQ-AL,85,0.721039374446686,2031
006/012-Cycling-1y-ASAQ-DHAPPQ-AL,86,0.710673186404119,2031
006/012-Cycling-1y-ASAQ-DHAPPQ-AL,87,0.6907247401186746,2031
006/012-Cycling-1y-ASAQ-DHAPPQ-AL,88,0.7185618127892024,2031
006/012-Cycling-1y-ASAQ-DHAPPQ-AL,89,0.730889731520805,2031
006/012-Cycling-1y-ASAQ-DHAPPQ-AL,90,0.7302166088988044,2031
006/012-Cycling-1y-ASAQ-DHAPPQ-AL,91,0.7156999920532087,2031
006/012-Cycling-1y-ASAQ-DHAPPQ-AL,92,0.7545414028450482,2031
006/012-Cycling-1y-ASAQ-DHAPPQ-AL,93,0.6940681834437026,2031
006/012-Cycling-1y-ASAQ-DHAPPQ-AL,94,0.7382174242467842,2031
006/012-Cycling-1y-ASAQ-DHAPPQ-AL,95,0.7659540193367381,2031
006/012-Cycling-1y-ASAQ-DHAPPQ-AL,96,0.7166683337701302,2031
006/012-Cycling-1y-ASAQ-DHAPPQ-AL,97,0.7319309099953366,2031
006/012-Cycling-1y-ASAQ-DHAPPQ-AL,98,0.7180709737508936,2031
006/012-Cycling-1y-ASAQ-DHAPPQ-AL,99,0.7008695495002595,2031
006/013-Cycling-1y-DHAPPQ-AL-ASAQ,0,0.7566229957143058,2031
006/013-Cycling-1y-DHAPPQ-AL-ASAQ,1,0.7403457066222024,2031
006/013-Cycling-1y-DHAPPQ-AL-ASAQ,2,0.7057491508221028,2031
006/013-Cycling-1y-DHAPPQ-AL-ASAQ,3,0.714403550939767,2031
006/013-Cycling-1y-DHAPPQ-AL-ASAQ,4,0.7311673939121656,2031
006/013-Cycling-1y-DHAPPQ-AL-ASAQ,5,0.7358877608710364,2031
006/013-Cycling-1y-DHAPPQ-AL-ASAQ,6,0.7142499873159115,2031
006/013-Cycling-1y-DHAPPQ-AL-ASAQ,7,0.7182692127208479,2031
006/013-Cycling-1y-DHAPPQ-AL-ASAQ,8,0.7068237901658031,2031
006/013-Cycling-1y-DHAPPQ-AL-ASAQ,9,0.7297306760072181,2031
006/013-Cycling-1y-DHAPPQ-AL-ASAQ,10,0.733446768546823,2031
006/013-Cycling-1y-DHAPPQ-AL-ASAQ,11,0.7363817722655552,2031
006/013-Cycling-1y-DHAPPQ-AL-ASAQ,12,0.7226714454116454,2031
006/013-Cycling-1y-DHAPPQ-AL-ASAQ,13,0.7324815126714678,2031
006/013-Cycling-1y-DHAPPQ-AL-ASAQ,14,0.7209406928620292,2031
006/013-Cycling-1y-DHAPPQ-AL-ASAQ,15,0.7168372178293098,2031
006/013-Cycling-1y-DHAPPQ-AL-ASAQ,16,0.7461566674815651,2031
006/013-Cycling-1y-DHAPPQ-AL-ASAQ,17,0.7608091140229658,2031
006/013-Cycling-1y-DHAPPQ-AL-ASAQ,18,0.7322380871266215,2031
006/013-Cycling-1y-DHAPPQ-AL-ASAQ,19,0.7297233947325372,2031
006/013-Cycling-1y-DHAPPQ-AL-ASAQ,20,0.7187240314890659,2031
006/013-Cycling-1y-DHAPPQ-AL-ASAQ,21,0.7181514122174028,2031
006/013-Cycling-1y-DHAPPQ-AL-ASAQ,22,0.7245015821149092,2031
006/013-Cycling-1y-DHAPPQ-AL-ASAQ,23,0.7323213793702603,2031
006/013-Cycling-1y-DHAPPQ-AL-ASAQ,24,0.7335143152853778,2031
006/013-Cycling-1y-DHAPPQ-AL-ASAQ,25,0.7218871350061735,2031
006/013-Cycling-1y-DHAPPQ-AL-ASAQ,26,0.7427870346264998,2031
006/013-Cycling-1y-DHAPPQ-AL-ASAQ,27,0.7262189461269487,2031
006/013-Cycling-1y-DHAPPQ-AL-ASAQ,28,0.7506493787741223,2031
006/013-Cycling-1y-DHAPPQ-AL-ASAQ,29,0.7517773578087451,2031
006/013-Cycling-1y-DHAPPQ-AL-ASAQ,30,0.7030192122211266,2031
006/013-Cycling-1y-DHAPPQ-AL-ASAQ,31,0.726522877019072,2031
006/013-Cycling-1y-DHAPPQ-AL-ASAQ,32,0.7319292368246245,2031
006/013-Cycling-1y-DHAPPQ-AL-ASAQ,33,0.7257559495873934,2031
006/013-Cycling-1y-DHAPPQ-AL-ASAQ,34,0.7194250387077101,2031
006/013-Cycling-1y-DHAPPQ-AL-ASAQ,35,0.7045952965321273,2031
006/013-Cycling-1y-DHAPPQ-AL-ASAQ,36,0.7331473463685371,2031
006/013-Cycling-1y-DHAPPQ-AL-ASAQ,37,0.7244475152685436,2031
006/013-Cycling-1y-DHAPPQ-AL-ASAQ,38,0.7360355834694698,2031
006/013-Cycling-1y-DHAPPQ-AL-ASAQ,39,0.7262861771718633,2031
006/013-Cycling-1y-DHAPPQ-AL-ASAQ,40,0.7334536900972543,2031
006/013-Cycling-1y-DHAPPQ-AL-ASAQ,41,0.7520632569701832,2031
006/013-Cycling-1y-DHAPPQ-AL-ASAQ,42,0.7232573075521769,2031
006/013-Cycling-1y-DHAPPQ-AL-ASAQ,43,0.7392665985395223,2031
006/013-Cycling-1y-DHAPPQ-AL-ASAQ,44,0.716689854385849,2031
006/013-Cycling-1y-DHAPPQ-AL-ASAQ,45,0.7185797054123668,2031
006/013-Cycling-1y-DHAPPQ-AL-ASAQ,46,0.7457096997191154,2031
006/013-Cycling-1y-DHAPPQ-AL-ASAQ,47,0.7215479058360117,2031
006/013-Cycling-1y-DHAPPQ-AL-ASAQ,48,0.7207805185968182,2031
006/013-Cycling-1y-DHAPPQ-AL-ASAQ,49,0.742312944512194,2031
006/013-Cycling-1y-DHAPPQ-AL-ASAQ,50,0.730605676087615,2031
006/013-Cycling-1y-DHAPPQ-AL-ASAQ,51,0.7358877545946392,2031
006/013-Cycling-1y-DHAPPQ-AL-ASAQ,52,0.7105977978344397,2031
006/013-Cycling-1y-DHAPPQ-AL-ASAQ,53,0.7464677377922144,2031
006/013-Cycling-1y-DHAPPQ-AL-ASAQ,54,0.7460038621596214,2031
006/013-Cycling-1y-DHAPPQ-AL-ASAQ,55,0.6985745432504897,2031
006/013-Cycling-1y-DHAPPQ-AL-ASAQ,56,0.7100431314705088,2031
006/013-Cycling-1y-DHAPPQ-AL-ASAQ,57,0.7403727434335751,2031
006/013-Cycling-1y-DHAPPQ-AL-ASAQ,58,0.7350470961518337,2031
006/013-Cycling-1y-DHAPPQ-AL-ASAQ,59,0.6973738663503762,2031
006/013-Cycling-1y-DHAPPQ-AL-ASAQ,60,0.7125054265527678,2031
006/013-Cycling-1y-DHAPPQ-AL-ASAQ,61,0.7539866267661739,2031
006/013-Cycling-1y-DHAPPQ-AL-ASAQ,62,0.7026677227362828,2031
006/013-Cycling-1y-DHAPPQ-AL-ASAQ,63,0.7213046023712125,2031
006/013-Cycling-1y-DHAPPQ-AL-ASAQ,64,0.7466626581099521,2031
006/013-Cycling-1y-DHAPPQ-AL-ASAQ,65,0.7283940808984674,2031
006/013-Cycling-1y-DHAPPQ-AL-ASAQ,66,0.7415889839478301,2031
006/013-Cycling-1y-DHAPPQ-AL-ASAQ,67,0.7001688640101206,2031
006/013-Cycling-1y-DHAPPQ-AL-ASAQ,68,0.737507733555435,2031
006/013-Cycling-1y-DHAPPQ-AL-ASAQ,69,0.7463475408407283,2031
006/013-Cycling-1y-DHAPPQ-AL-ASAQ,70,0.7228641339338703,2031
006/013-Cycling-1y-DHAPPQ-AL-ASAQ,71,0.7252728750575607,2031
006/013-Cycling-1y-DHAPPQ-AL-ASAQ,72,0.7361188185172609,2031
006/013-Cycling-1y-DHAPPQ-AL-ASAQ,73,0.7167804201124977,2031
006/013-Cycling-1y-DHAPPQ-AL-ASAQ,74,0.7019181766211023,2031
006/013-Cycling-1y-DHAPPQ-AL-ASAQ,75,0.7573943454968802,2031
006/013-Cycling-1y-DHAPPQ-AL-ASAQ,76,0.7235660568103217,2031
006/013-Cycling-1y-DHAPPQ-AL-ASAQ,77,0.7051221928296406,2031
006/013-Cycling-1y-DHAPPQ-AL-ASAQ,78,0.6805274563030476,2031
006/013-Cycling-1y-DHAPPQ-AL-ASAQ,79,0.7310530830224398,2031
006/013-Cycling-1y-DHAPPQ-AL-ASAQ,80,0.7171526264264276,2031
006/013-Cycling-1y-DHAPPQ-AL-ASAQ,81,0.73964671347512,2031
006/013-Cycling-1y-DHAPPQ-AL-ASAQ,82,0.7471894334329301,2031
006/013-Cycling-1y-DHAPPQ-AL-ASAQ,83,0.7245268073634888,2031
006/013-Cycling-1y-DHAPPQ-AL-ASAQ,84,0.7270058359866124,2031
006/013-Cycling-1y-DHAPPQ-AL-ASAQ,85,0.7190571149784745,2031
006/013-Cycling-1y-DHAPPQ-AL-ASAQ,86,0.7294257212071499,2031
006/013-Cycling-1y-DHAPPQ-AL-ASAQ,87,0.7347112679287258,2031
006/013-Cycling-1y-DHAPPQ-AL-ASAQ,88,0.734134190650466,2031
006/013-Cycling-1y-DHAPPQ-AL-ASAQ,89,0.7334594490744394,2031
006/013-Cycling-1y-DHAPPQ-AL-ASAQ,90,0.7466306583224017,2031
006/013-Cycling-1y-DHAPPQ-AL-ASAQ,91,0.7201657506747544,2031
006/013-Cycling-1y-DHAPPQ-AL-ASAQ,92,0.6989140068360529,2031
006/013-Cycling-1y-DHAPPQ-AL-ASAQ,93,0.7238145103447625,2031
006/013-Cycling-1y-DHAPPQ-AL-ASAQ,94,0.730508067824149,2031
006/013-Cycling-1y-DHAPPQ-AL-ASAQ,95,0.7122333315628606,2031
006/013-Cycling-1y-DHAPPQ-AL-ASAQ,96,0.7211229809080614,2031
006/013-Cycling-1y-DHAPPQ-AL-ASAQ,97,0.7158410928193605,2031
006/013-Cycling-1y-DHAPPQ-AL-ASAQ,98,0.7362039974787965,2031
006/013-Cycling-1y-DHAPPQ-AL-ASAQ,99,0.7286938886024831,2031
006/014-Cycling-1y-DHAPPQ-ASAQ-AL,0,0.7092320102159436,2031
006/014-Cycling-1y-DHAPPQ-ASAQ-AL,1,0.7162586339641579,2031
006/014-Cycling-1y-DHAPPQ-ASAQ-AL,2,0.7168418147321689,2031
006/014-Cycling-1y-DHAPPQ-ASAQ-AL,3,0.7347424607084814,2031
006/014-Cycling-1y-DHAPPQ-ASAQ-AL,4,0.717241030389299,2031
006/014-Cycling-1y-DHAPPQ-ASAQ-AL,5,0.7300926232996997,2031
006/014-Cycling-1y-DHAPPQ-ASAQ-AL,6,0.7211848920708813,2031
006/014-Cycling-1y-DHAPPQ-ASAQ-AL,7,0.6970428356186479,2031
006/014-Cycling-1y-DHAPPQ-ASAQ-AL,8,0.709236963192366,2031
006/014-Cycling-1y-DHAPPQ-ASAQ-AL,9,0.7137472187044608,2031
006/014-Cycling-1y-DHAPPQ-ASAQ-AL,10,0.7241803559475378,2031
006/014-Cycling-1y-DHAPPQ-ASAQ-AL,11,0.7072272690014962,2031
006/014-Cycling-1y-DHAPPQ-ASAQ-AL,12,0.7269087689249528,2031
006/014-Cycling-1y-DHAPPQ-ASAQ-AL,13,0.7053931343573122,2031
006/014-Cycling-1y-DHAPPQ-ASAQ-AL,14,0.7062718631843454,2031
006/014-Cycling-1y-DHAPPQ-ASAQ-AL,15,0.6950181506462377,2031
006/014-Cycling-1y-DHAPPQ-ASAQ-AL,16,0.7288773132042593,2031
006/014-Cycling-1y-DHAPPQ-ASAQ-AL,17,0.735438185362991,2031
006/014-Cycling-1y-DHAPPQ-ASAQ-AL,18,0.7337463807227316,2031
006/014-Cycling-1y-DHAPPQ-ASAQ-AL,19,0.7219718055537335,2031
006/014-Cycling-1y-DHAPPQ-ASAQ-AL,20,0.7240748996281603,2031
006/014-Cycling-1y-DHAPPQ-ASAQ-AL,21,0.7373339107631982,2031
006/014-Cycling-1y-DHAPPQ-ASAQ-AL,22,0.7232201774757682,2031
006/014-Cycling-1y-DHAPPQ-ASAQ-AL,23,0.7438923735745702,2031
006/014-Cycling-1y-DHAPPQ-ASAQ-AL,24,0.7070811414048368,2031
006/014-Cycling-1y-DHAPPQ-ASAQ-AL,25,0.7078710290251989,2031
006/014-Cycling-1y-DHAPPQ-ASAQ-AL,26,0.6987031953889081,2031
006/014-Cycling-1y-DHAPPQ-ASAQ-AL,27,0.7303336158835831,2031
006/014-Cycling-1y-DHAPPQ-ASAQ-AL,28,0.6849074381203705,2031
006/014-Cycling-1y-DHAPPQ-ASAQ-AL,29,0.7107855643167246,2031
006/014-Cycling-1y-DHAPPQ-ASAQ-AL,30,0.7224204955595844,2031
006/014-Cycling-1y-DHAPPQ-ASAQ-AL,31,0.7369997418634638,2031
006/014-Cycling-1y-DHAPPQ-ASAQ-AL,32,0.6984464312326648,2031
006/014-Cycling-1y-DHAPPQ-ASAQ-AL,33,0.7148504527398695,2031
006/014-Cycling-1y-DHAPPQ-ASAQ-AL,34,0.6745733053723618,2031
006/014-Cycling-1y-DHAPPQ-ASAQ-AL,35,0.7194622689746618,2031
006/014-Cycling-1y-DHAPPQ-ASAQ-AL,36,0.6738171137843693,2031
006/014-Cycling-1y-DHAPPQ-ASAQ-AL,37,0.6968297608641714,2031
006/014-Cycling-1y-DHAPPQ-ASAQ-AL,38,0.7183619837294218,2031
006/014-Cycling-1y-DHAPPQ-ASAQ-AL,39,0.7321268030857665,2031
006/014-Cycling-1y-DHAPPQ-ASAQ-AL,40,0.6720145791224028,2031
006/014-Cycling-1y-DHAPPQ-ASAQ-AL,41,0.7263593547900787,2031
006/014-Cycling-1y-DHAPPQ-ASAQ-AL,42,0.7478718653854352,2031
006/014-Cycling-1y-DHAPPQ-ASAQ-AL,43,0.7010615995230309,2031
006/014-Cycling-1y-DHAPPQ-ASAQ-AL,44,0.7543341982978721,2031
006/014-Cycling-1y-DHAPPQ-ASAQ-AL,45,0.6943325097339551,2031
006/014-Cycling-1y-DHAPPQ-ASAQ-AL,46,0.7283022143489539,2031
006/014-Cycling-1y-DHAPPQ-ASAQ-AL,47,0.7116442885055451,2031
006/014-Cycling-1y-DHAPPQ-ASAQ-AL,48,0.761462042255237,2031
006/014-Cycling-1y-DHAPPQ-ASAQ-AL,49,0.6967711799049118,2031
006/014-Cycling-1y-DHAPPQ-ASAQ-AL,50,0.7009853980367446,2031
006/014-Cycling-1y-DHAPPQ-ASAQ-AL,51,0.7162301336077475,2031
006/014-Cycling-1y-DHAPPQ-ASAQ-AL,52,0.712168050628942,2031
006/014-Cycling-1y-DHAPPQ-ASAQ-AL,53,0.7141562058322766,2031
006/014-Cycling-1y-DHAPPQ-ASAQ-AL,54,0.7076369218104084,2031
006/014-Cycling-1y-DHAPPQ-ASAQ-AL,55,0.7183729385783127,2031
006/014-Cycling-1y-DHAPPQ-ASAQ-AL,56,0.717446347885268,2031
006/014-Cycling-1y-DHAPPQ-ASAQ-AL,57,0.6952279936189799,2031
006/014-Cycling-1y-DHAPPQ-ASAQ-AL,58,0.7054731612794302,2031
006/014-Cycling-1y-DHAPPQ-ASAQ-AL,59,0.742920979533602,2031
006/014-Cycling-1y-DHAPPQ-ASAQ-AL,60,0.7250434823630346,2031
006/014-Cycling-1y-DHAPPQ-ASAQ-AL,61,0.7414887638377374,2031
006/014-Cycling-1y-DHAPPQ-ASAQ-AL,62,0.6903616173900026,2031
006/014-Cycling-1y-DHAPPQ-ASAQ-AL,63,0.7261562678314729,2031
006/014-Cycling-1y-DHAPPQ-ASAQ-AL,64,0.7344830196687401,2031
006/014-Cycling-1y-DHAPPQ-ASAQ-AL,65,0.722020307038369,2031
006/014-Cycling-1y-DHAPPQ-ASAQ-AL,66,0.7132091495802438,2031
006/014-Cycling-1y-DHAPPQ-ASAQ-AL,67,0.7043762270116667,2031
006/014-Cycling-1y-DHAPPQ-ASAQ-AL,68,0.6952043978442739,2031
006/014-Cycling-1y-DHAPPQ-ASAQ-AL,69,0.7319715210441452,2031
006/014-Cycling-1y-DHAPPQ-ASAQ-AL,70,0.7432364559828302,2031
006/014-Cycling-1y-DHAPPQ-ASAQ-AL,71,0.6900164935653802,2031
006/014-Cycling-1y-DHAPPQ-ASAQ-AL,72,0.7259503722844651,2031
006/014-Cycling-1y-DHAPPQ-ASAQ-AL,73,0.7153710115376691,2031
006/014-Cycling-1y-DHAPPQ-ASAQ-AL,74,0.7019617872006342,2031
006/014-Cycling-1y-DHAPPQ-ASAQ-AL,75,0.7292099179255181,2031
006/014-Cycling-1y-DHAPPQ-ASAQ-AL,76,0.7307177515130497,2031
006/014-Cycling-1y-DHAPPQ-ASAQ-AL,77,0.6963916341745179,2031
006/014-Cycling-1y-DHAPPQ-ASAQ-AL,78,0.6853004201138427,2031
006/014-Cycling-1y-DHAPPQ-ASAQ-AL,79,0.7496795828817674,2031
006/014-Cycling-1y-DHAPPQ-ASAQ-AL,80,0.738281069749982,2031
006/014-Cycling-1y-DHAPPQ-ASAQ-AL,81,0.7205269462615304,2031
006/014-Cycling-1y-DHAPPQ-ASAQ-AL,82,0.7343006481872019,2031
006/014-Cycling-1y-DHAPPQ-ASAQ-AL,83,0.7062065630539432,2031
006/014-Cycling-1y-DHAPPQ-ASAQ-AL,84,0.7382054397686684,2031
006/014-Cycling-1y-DHAPPQ-ASAQ-AL,85,0.7063000041483588,2031
006/014-Cycling-1y-DHAPPQ-ASAQ-AL,86,0.7181223873695481,2031
006/014-Cycling-1y-DHAPPQ-ASAQ-AL,87,0.7149196467582799,2031
006/014-Cycling-1y-DHAPPQ-ASAQ-AL,88,0.7375464517431588,2031
006/014-Cycling-1y-DHAPPQ-ASAQ-AL,89,0.7314820473220323,2031
006/014-Cycling-1y-DHAPPQ-ASAQ-AL,90,0.7097302239092153,2031
006/014-Cycling-1y-DHAPPQ-ASAQ-AL,91,0.7049144630365668,2031
006/014-Cycling-1y-DHAPPQ-ASAQ-AL,92,0.694161111030032,2031
006/014-Cycling-1y-DHAPPQ-ASAQ-AL,93,0.6917780404344328,2031
006/014-Cycling-1y-DHAPPQ-ASAQ-AL,94,0.6990246357793469,2031
006/014-Cycling-1y-DHAPPQ-ASAQ-AL,95,0.7264449992381513,2031
006/014-Cycling-1y-DHAPPQ-ASAQ-AL,96,0.711395617777414,2031
006/014-Cycling-1y-DHAPPQ-ASAQ-AL,97,0.700012576085693,2031
006/014-Cycling-1y-DHAPPQ-ASAQ-AL,98,0.7206133212948537,2031
006/014-Cycling-1y-DHAPPQ-ASAQ-AL,99,0.7095274891534636,2031
006/015-Cycling-2y-AL-ASAQ,0,0.7804349545189414,2031
006/015-Cycling-2y-AL-ASAQ,1,0.7601816782678156,2031
006/015-Cycling-2y-AL-ASAQ,2,0.7518842415530833,2031
006/015-Cycling-2y-AL-ASAQ,3,0.7733533114575634,2031
006/015-Cycling-2y-AL-ASAQ,4,0.7834556889548345,2031
006/015-Cycling-2y-AL-ASAQ,5,0.7665055662191594,2031
006/015-Cycling-2y-AL-ASAQ,6,0.8044731850085616,2031
006/015-Cycling-2y-AL-ASAQ,7,0.7781143011281787,2031
006/015-Cycling-2y-AL-ASAQ,8,0.7582513123738895,2031
006/015-Cycling-2y-AL-ASAQ,9,0.76998607998694,2031
006/015-Cycling-2y-AL-ASAQ,10,0.7682089204983679,2031
006/015-Cycling-2y-AL-ASAQ,11,0.7696578004097802,2031
006/015-Cycling-2y-AL-ASAQ,12,0.8207071885738935,2031
006/015-Cycling-2y-AL-ASAQ,13,0.7560072562093958,2031
006/015-Cycling-2y-AL-ASAQ,14,0.761086122947924,2031
006/015-Cycling-2y-AL-ASAQ,15,0.7700691294882271,2031
006/015-Cycling-2y-AL-ASAQ,16,0.7611960823874391,2031
006/015-Cycling-2y-AL-ASAQ,17,0.7573584826153987,2031
006/015-Cycling-2y-AL-ASAQ,18,0.7496778759046316,2031
006/015-Cycling-2y-AL-ASAQ,19,0.7728704710366304,2031
006/015-Cycling-2y-AL-ASAQ,20,0.7578641584680855,2031
006/015-Cycling-2y-AL-ASAQ,21,0.7601155253608542,2031
006/015-Cycling-2y-AL-ASAQ,22,0.756311189004648,2031
006/015-Cycling-2y-AL-ASAQ,23,0.73630119200816,2031
006/015-Cycling-2y-AL-ASAQ,24,0.742756830617946,2031
006/015-Cycling-2y-AL-ASAQ,25,0.7615131725959867,2031
006/015-Cycling-2y-AL-ASAQ,26,0.7711193129328002,2031
006/015-Cycling-2y-AL-ASAQ,27,0.7443669921275893,2031
006/015-Cycling-2y-AL-ASAQ,28,0.7318631488969478,2031
006/015-Cycling-2y-AL-ASAQ,29,0.7752908069591201,2031
006/015-Cycling-2y-AL-ASAQ,30,0.7873309288491351,2031
006/015-Cycling-2y-AL-ASAQ,31,0.7634691463655141,2031
006/015-Cycling-2y-AL-ASAQ,32,0.7760481192937155,2031
006/015-Cycling-2y-AL-ASAQ,33,0.776867797687065,2031
006/015-Cycling-2y-AL-ASAQ,34,0.8020117150343644,2031
006/015-Cycling-2y-AL-ASAQ,35,0.7668820406305779,2031
006/015-Cycling-2y-AL-ASAQ,36,0.7638722082812612,2031
006/015-Cycling-2y-AL-ASAQ,37,0.7674181707758181,2031
006/015-Cycling-2y-AL-ASAQ,38,0.7585072292987122,2031
006/015-Cycling-2y-AL-ASAQ,39,0.760908670828576,2031
006/015-Cycling-2y-AL-ASAQ,40,0.7479785356331073,2031
006/015-Cycling-2y-AL-ASAQ,41,0.7526832560701916,2031
006/015-Cycling-2y-AL-ASAQ,42,0.766643555633609,2031
006/015-Cycling-2y-AL-ASAQ,43,0.7396170022859799,2031
006/015-Cycling-2y-AL-ASAQ,44,0.7611424654684632,2031
006/015-Cycling-2y-AL-ASAQ,45,0.7859095237838568,2031
006/015-Cycling-2y-AL-ASAQ,46,0.756159513843254,2031
006/015-Cycling-2y-AL-ASAQ,47,0.762162782234144,2031
006/015-Cycling-2y-AL-ASAQ,48,0.7613734893345675,2031
006/015-Cycling-2y-AL-ASAQ,49,0.759245683293126,2031
006/015-Cycling-2y-AL-ASAQ,50,0.7551919255536905,2031
006/015-Cycling-2y-AL-ASAQ,51,0.7606518354449449,2031
006/015-Cycling-2y-AL-ASAQ,52,0.7815044367144021,2031
006/015-Cycling-2y-AL-ASAQ,53,0.7513321773642256,2031
006/015-Cycling-2y-AL-ASAQ,54,0.7505081475412805,2031
006/015-Cycling-2y-AL-ASAQ,55,0.7569685738867343,2031
006/015-Cycling-2y-AL-ASAQ,56,0.7446913150669004,2031
006/015-Cycling-2y-AL-ASAQ,57,0.7479528110559808,2031
006/015-Cycling-2y-AL-ASAQ,58,0.7566175957223372,2031
006/015-Cycling-2y-AL-ASAQ,59,0.782903796358312,2031
006/015-Cycling-2y-AL-ASAQ,60,0.7682177702436342,2031
006/015-Cycling-2y-AL-ASAQ,61,0.7823660295495047,2031
006/015-Cycling-2y-AL-ASAQ,62,0.7508424477699237,2031
006/015-Cycling-2y-AL-ASAQ,63,0.7779687165040244,2031
006/015-Cycling-2y-AL-ASAQ,64,0.7627267492898163,2031
006/015-Cycling-2y-AL-ASAQ,65,0.7641518708687401,2031
006/015-Cycling-2y-AL-ASAQ,66,0.7643027177166292,2031
006/015-Cycling-2y-AL-ASAQ,67,0.7302948457429689,2031
006/015-Cycling-2y-AL-ASAQ,68,0.7562283064962766,2031
006/015-Cycling-2y-AL-ASAQ,69,0.7483082043088025,2031
006/015-Cycling-2y-AL-ASAQ,70,0.771273680301715,2031
006/015-Cycling-2y-AL-ASAQ,71,0.7622486835454261,2031
006/015-Cycling-2y-AL-ASAQ,72,0.7809970605054891,2031
006/015-Cycling-2y-AL-ASAQ,73,0.7765083440829877,2031
006/015-Cycling-2y-AL-ASAQ,74,0.7766170181277072,2031
006/015-Cycling-2y-AL-ASAQ,75,0.7493122050096156,2031
006/015-Cycling-2y-AL-ASAQ,76,0.7612012634400721,2031
006/015-Cycling-2y-AL-ASAQ,77,0.7946615412100063,2031
006/015-Cycling-2y-AL-ASAQ,78,0.7657258563720651,2031
006/015-Cycling-2y-AL-ASAQ,79,0.7523746202217749,2031
006/015-Cycling-2y-AL-ASAQ,80,0.7615214853148662,2031
006/015-Cycling-2y-AL-ASAQ,81,0.770110804019359,2031
006/015-Cycling-2y-AL-ASAQ,82,0.766629633457137,2031
006/015-Cycling-2y-AL-ASAQ,83,0.7546558866047945,2031
006/015-Cycling-2y-AL-ASAQ,84,0.7449759788441722,2031
006/015-Cycling-2y-AL-ASAQ,85,0.7856643405858704,2031
006/015-Cycling-2y-AL-ASAQ,86,0.7613844135801439,2031
006/015-Cycling-2y-AL-ASAQ,87,0.7793283416763256,2031
006/015-Cycling-2y-AL-ASAQ,88,0.7776163602409242,2031
006/015-Cycling-2y-AL-ASAQ,89,0.7754839847819488,2031
006/015-Cycling-2y-AL-ASAQ,90,0.7968153724196133,2031
006/015-Cycling-2y-AL-ASAQ,91,0.7603605325503019,2031
006/015-Cycling-2y-AL-ASAQ,92,0.7695528332159233,2031
006/015-Cycling-2y-AL-ASAQ,93,0.7440336491983318,2031
006/015-Cycling-2y-AL-ASAQ,94,0.7531280790104798,2031
006/015-Cycling-2y-AL-ASAQ,95,0.7710632444790715,2031
006/015-Cycling-2y-AL-ASAQ,96,0.7604335928711152,2031
006/015-Cycling-2y-AL-ASAQ,97,0.7625303708687996,2031
006/015-Cycling-2y-AL-ASAQ,98,0.7696707124542561,2031
006/015-Cycling-2y-AL-ASAQ,99,0.7745155154197656,2031
006/016-Cycling-2y-AL-DHAPPQ,0,0.7784516942447955,2031
006/016-Cycling-2y-AL-DHAPPQ,1,0.7748513048293586,2031
006/016-Cycling-2y-AL-DHAPPQ,2,0.7824211482428001,2031
006/016-Cycling-2y-AL-DHAPPQ,3,0.7867082611893207,2031
006/016-Cycling-2y-AL-DHAPPQ,4,0.7711241323229588,2031
006/016-Cycling-2y-AL-DHAPPQ,5,0.7663206232642575,2031
006/016-Cycling-2y-AL-DHAPPQ,6,0.7737046190893176,2031
006/016-Cycling-2y-AL-DHAPPQ,7,0.7875208978746205,2031
006/016-Cycling-2y-AL-DHAPPQ,8,0.7679517395403694,2031
006/016-Cycling-2y-AL-DHAPPQ,9,0.7484773989537149,2031
006/016-Cycling-2y-AL-DHAPPQ,10,0.7886946565279787,2031
006/016-Cycling-2y-AL-DHAPPQ,11,0.7626268059485771,2031
006/016-Cycling-2y-AL-DHAPPQ,12,0.7594941458030857,2031
006/016-Cycling-2y-AL-DHAPPQ,13,0.7718216508090832,2031
006/016-Cycling-2y-AL-DHAPPQ,14,0.7588777984226329,2031
006/016-Cycling-2y-AL-DHAPPQ,15,0.7764371526173816,2031
006/016-Cycling-2y-AL-DHAPPQ,16,0.7949086110943585,2031
006/016-Cycling-2y-AL-DHAPPQ,17,0.7488043356636943,2031
006/016-Cycling-2y-AL-DHAPPQ,18,0.7968609900999136,2031
006/016-Cycling-2y-AL-DHAPPQ,19,0.7668796039018813,2031
006/016-Cycling-2y-AL-DHAPPQ,20,0.7796666596293284,2031
006/016-Cycling-2y-AL-DHAPPQ,21,0.7936451650237623,2031
006/016-Cycling-2y-AL-DHAPPQ,22,0.7642879160459972,2031
006/016-Cycling-2y-AL-DHAPPQ,23,0.7878915078223984,2031
006/016-Cycling-2y-AL-DHAPPQ,24,0.7930400608170372,2031
006/016-Cycling-2y-AL-DHAPPQ,25,0.7883163482907704,2031
006/016-Cycling-2y-AL-DHAPPQ,26,0.7783066888501063,2031
006/016-Cycling-2y-AL-DHAPPQ,27,0.7838213006398506,2031
006/016-Cycling-2y-AL-DHAPPQ,28,0.7795695210132824,2031
006/016-Cycling-2y-AL-DHAPPQ,29,0.7730229127498309,2031
006/016-Cycling-2y-AL-DHAPPQ,30,0.7644252792204326,2031
006/016-Cycling-2y-AL-DHAPPQ,31,0.7818521439347229,2031
006/016-Cycling-2y-AL-DHAPPQ,32,0.7756153838658073,2031
006/016-Cycling-2y-AL-DHAPPQ,33,0.7429281713606226,2031
006/016-Cycling-2y-AL-DHAPPQ,34,0.7932365809996833,2031
006/016-Cycling-2y-AL-DHAPPQ,35,0.774008130355495,2031
006/016-Cycling-2y-AL-DHAPPQ,36,0.7919153494098982,2031
006/016-Cycling-2y-AL-DHAPPQ,37,0.7439734282339027,2031
006/016-Cycling-2y-AL-DHAPPQ,38,0.8112523341818066,2031
006/016-Cycling-2y-AL-DHAPPQ,39,0.7680498681227839,2031
006/016-Cycling-2y-AL-DHAPPQ,40,0.7786978019769241,2031
006/016-Cycling-2y-AL-DHAPPQ,41,0.7662338939455559,2031
006/016-Cycling-2y-AL-DHAPPQ,42,0.7494969264954016,2031
006/016-Cycling-2y-AL-DHAPPQ,43,0.7681875632299855,2031
006/016-Cycling-2y-AL-DHAPPQ,44,0.7919625214517662,2031
006/016-Cycling-2y-AL-DHAPPQ,45,0.8026226898531169,2031
006/016-Cycling-2y-AL-DHAPPQ,46,0.7822771506186009,2031
006/016-Cycling-2y-AL-DHAPPQ,47,0.763080997764867,2031
006/016-Cycling-2y-AL-DHAPPQ,48,0.7630179585141234,2031
006/016-Cycling-2y-AL-DHAPPQ,49,0.7888710219331965,2031
006/016-Cycling-2y-AL-DHAPPQ,50,0.7835290376306361,2031
006/016-Cycling-2y-AL-DHAPPQ,51,0.7574342941811775,2031
006/016-Cycling-2y-AL-DHAPPQ,52,0.7688096237160974,2031
006/016-Cycling-2y-AL-DHAPPQ,53,0.7809144350381394,2031
006/016-Cycling-2y-AL-DHAPPQ,54,0.7878765166876694,2031
006/016-Cycling-2y-AL-DHAPPQ,55,0.7563127905425923,2031
006/016-Cycling-2y-AL-DHAPPQ,56,0.7714905162265705,2031
006/016-Cycling-2y-AL-DHAPPQ,57,0.7943821356195809,2031
006/016-Cycling-2y-AL-DHAPPQ,58,0.780514056036532,2031
006/016-Cycling-2y-AL-DHAPPQ,59,0.7532130454066763,2031
006/016-Cycling-2y-AL-DHAPPQ,60,0.7670714959591599,2031
006/016-Cycling-2y-AL-DHAPPQ,61,0.773151863055818,2031
006/016-Cycling-2y-AL-DHAPPQ,62,0.7796294116141101,2031
006/016-Cycling-2y-AL-DHAPPQ,63,0.7755638822473592,2031
006/016-Cycling-2y-AL-DHAPPQ,64,0.7660548171934449,2031
006/016-Cycling-2y-AL-DHAPPQ,65,0.774133990038364,2031
006/016-Cycling-2y-AL-DHAPPQ,66,0.7655876504142803,2031
006/016-Cycling-2y-AL-DHAPPQ,67,0.7839906895638462,2031
006/016-Cycling-2y-AL-DHAPPQ,68,0.7979567127480425,2031
006/016-Cycling-2y-AL-DHAPPQ,69,0.7825862772888804,2031
006/016-Cycling-2y-AL-DHAPPQ,70,0.7749306019909654,2031
006/016-Cycling-2y-AL-DHAPPQ,71,0.7646904606857546,2031
006/016-Cycling-2y-AL-DHAPPQ,72,0.7770689758906245,2031
006/016-Cycling-2y-AL-DHAPPQ,73,0.776919376790615,2031
006/016-Cycling-2y-AL-DHAPPQ,74,0.7886208537140004,2031
006/016-Cycling-2y-AL-DHAPPQ,75,0.7775885254846263,2031
006/016-Cycling-2y-AL-DHAPPQ,76,0.7633697587694961,2031
006/016-Cycling-2y-AL-DHAPPQ,77,0.7877582224118761,2031
006/016-Cycling-2y-AL-DHAPPQ,78,0.7550865972139431,2031
006/016-Cycling-2y-AL-DHAPPQ,79,0.7846610325978852,2031
006/016-Cycling-2y-AL-DHAPPQ,80,0.7685922564091672,2031
006/016-Cycling-2y-AL-DHAPPQ,81,0.7565541326862739,2031
006/016-Cycling-2y-AL-DHAPPQ,82,0.7803228964539922,2031
006/016-Cycling-2y-AL-DHAPPQ,83,0.7731221014278153,2031
006/016-Cycling-2y-AL-DHAPPQ,84,0.7829238736244132,2031
006/016-Cycling-2y-AL-DHAPPQ,85,0.7796134735534398,2031
006/016-Cycling-2y-AL-DHAPPQ,86,0.7846504376061532,2031
006/016-Cycling-2y-AL-DHAPPQ,87,0.7616472224079193,2031
006/016-Cycling-2y-AL-DHAPPQ,88,0.7686000323215446,2031
006/016-Cycling-2y-AL-DHAPPQ,89,0.7754261652160053,2031
006/016-Cycling-2y-AL-DHAPPQ,90,0.7797304426492571,2031
006/016-Cycling-2y-AL-DHAPPQ,91,0.7895756309711707,2031
006/016-Cycling-2y-AL-DHAPPQ,92,0.771588931452225,2031
006/016-Cycling-2y-AL-DHAPPQ,93,0.7795075471024103,2031
006/016-Cycling-2y-AL-DHAPPQ,94,0.788616047261779,2031
006/016-Cycling-2y-AL-DHAPPQ,95,0.7691157864761123,2031
006/016-Cycling-2y-AL-DHAPPQ,96,0.7867529415490279,2031
006/016-Cycling-2y-AL-DHAPPQ,97,0.751519818117635,2031
006/016-Cycling-2y-AL-DHAPPQ,98,0.7641464931953895,2031
006/016-Cycling-2y-AL-DHAPPQ,99,0.7641823675647905,2031
006/017-Cycling-2y-ASAQ-AL,0,0.700865984586148,2031
006/017-Cycling-2y-ASAQ-AL,1,0.7076229667886157,2031
006/017-Cycling-2y-ASAQ-AL,2,0.711519894061452,2031
006/017-Cycling-2y-ASAQ-AL,3,0.740112531386691,2031
006/017-Cycling-2y-ASAQ-AL,4,0.701175112079733,2031
006/017-Cycling-2y-ASAQ-AL,5,0.6991477765469081,2031
006/017-Cycling-2y-ASAQ-AL,6,0.6993932162508879,2031
006/017-Cycling-2y-ASAQ-AL,7,0.7225508825574454,2031
006/017-Cycling-2y-ASAQ-AL,8,0.6955284180319751,2031
006/017-Cycling-2y-ASAQ-AL,9,0.7010850759937467,2031
006/017-Cycling-2y-ASAQ-AL,10,0.718434134263564,2031
006/017-Cycling-2y-ASAQ-AL,11,0.7338581543770957,2031
006/017-Cycling-2y-ASAQ-AL,12,0.6942980065346053,2031
006/017-Cycling-2y-ASAQ-AL,13,0.7178711813038317,2031
006/017-Cycling-2y-ASAQ-AL,14,0.7073092462622882,2031
006/017-Cycling-2y-ASAQ-AL,15,0.6996671448732231,2031
006/017-Cycling-2y-ASAQ-AL,16,0.7068167400019933,2031
006/017-Cycling-2y-ASAQ-AL,17,0.7304533851375584,2031
006/017-Cycling-2y-ASAQ-AL,18,0.6914449851343442,2031
006/017-Cycling-2y-ASAQ-AL,19,0.7127467487446638,2031
006/017-Cycling-2y-ASAQ-AL,20,0.7253971006924872,2031
006/017-Cycling-2y-ASAQ-AL,21,0.7011892730248607,2031
006/017-Cycling-2y-ASAQ-AL,22,0.7184205281825576,2031
006/017-Cycling-2y-ASAQ-AL,23,0.6855924392648522,2031
006/017-Cycling-2y-ASAQ-AL,24,0.7059408739187948,2031
006/017-Cycling-2y-ASAQ-AL,25,0.6664386474168605,2031
006/017-Cycling-2y-ASAQ-AL,26,0.6752782343230015,2031
006/017-Cycling-2y-ASAQ-AL,27,0.7259670094949041,2031
006/017-Cycling-2y-ASAQ-AL,28,0.7113451944340564,2031
006/017-Cycling-2y-ASAQ-AL,29,0.7101037158354249,2031
006/017-Cycling-2y-ASAQ-AL,30,0.717469544821476,2031
006/017-Cycling-2y-ASAQ-AL,31,0.6947503886396063,2031
006/017-Cycling-2y-ASAQ-AL,32,0.7064260447512004,2031
006/017-Cycling-2y-ASAQ-AL,33,0.6814568199846444,2031
006/017-Cycling-2y-ASAQ-AL,34,0.7157928432443162,2031
006/017-Cycling-2y-ASAQ-AL,35,0.703668911844006,2031
006/017-Cycling-2y-ASAQ-AL,36,0.7215098799392545,2031
006/017-Cycling-2y-ASAQ-AL,37,0.7264150834306312,2031
006/017-Cycling-2y-ASAQ-AL,38,0.7096861471155975,2031
006/017-Cycling-2y-ASAQ-AL,39,0.6894520917552431,2031
006/017-Cycling-2y-ASAQ-AL,40,0.6758068060967916,2031
006/017-Cycling-2y-ASAQ-AL,41,0.7094771634689577,2031
006/017-Cycling-2y-ASAQ-AL,42,0.7102308076331028,2031
006/017-Cycling-2y-ASAQ-AL,43,0.7085167854150081,2031
006/017-Cycling-2y-ASAQ-AL,44,0.7064049673911527,2031
006/017-Cycling-2y-ASAQ-AL,45,0.7070375427249028,2031
006/017-Cycling-2y-ASAQ-AL,46,0.726082871464539,2031
006/017-Cycling-2y-ASAQ-AL,47,0.6965055814326794,2031
006/017-Cycling-2y-ASAQ-AL,48,0.7251783214565167,2031
006/017-Cycling-2y-ASAQ-AL,49,0.7058375254933127,2031
006/017-Cycling-2y-ASAQ-AL,50,0.7140921409505347,2031
006/017-Cycling-2y-ASAQ-AL,51,0.6752371483672622,2031
006/017-Cycling-2y-ASAQ-AL,52,0.6946041807441196,2031
006/017-Cycling-2y-ASAQ-AL,53,0.716883796314456,2031
006/017-Cycling-2y-ASAQ-AL,54,0.7228135153987968,2031
006/017-Cycling-2y-ASAQ-AL,55,0.7513813549904995,2031
006/017-Cycling-2y-ASAQ-AL,56,0.7189342625496077,2031
006/017-Cycling-2y-ASAQ-AL,57,0.7235808371906799,2031
006/017-Cycling-2y-ASAQ-AL,58,0.6718304526963025,2031
006/017-Cycling-2y-ASAQ-AL,59,0.7113968140810335,2031
006/017-Cycling-2y-ASAQ-AL,60,0.7148865308448279,2031
006/017-Cycling-2y-ASAQ-AL,61,0.7166241312835996,2031
006/017-Cycling-2y-ASAQ-AL,62,0.7384826376674328,2031
006/017-Cycling-2y-ASAQ-AL,63,0.7100448536770677,2031
006/017-Cycling-2y-ASAQ-AL,64,0.6933581208456671,2031
006/017-Cycling-2y-ASAQ-AL,65,0.6901418524775083,2031
006/017-Cycling-2y-ASAQ-AL,66,0.6964875394955526,2031
006/017-Cycling-2y-ASAQ-AL,67,0.6901667913975847,2031
006/017-Cycling-2y-ASAQ-AL,68,0.6996809971585631,2031
006/017-Cycling-2y-ASAQ-AL,69,0.7055860824835464,2031
006/017-Cycling-2y-ASAQ-AL,70,0.713008051659243,2031
006/017-Cycling-2y-ASAQ-AL,71,0.6970889975407708,2031
006/017-Cycling-2y-ASAQ-AL,72,0.7089251798841194,2031
006/017-Cycling-2y-ASAQ-AL,73,0.7274025266581982,2031
006/017-Cycling-2y-ASAQ-AL,74,0.7081295253420583,2031
006/017-Cycling-2y-ASAQ-AL,75,0.7230997661290948,2031
006/017-Cycling-2y-ASAQ-AL,76,0.7276688020686396,2031
006/017-Cycling-2y-ASAQ-AL,77,0.7116569134753009,2031
006/017-Cycling-2y-ASAQ-AL,78,0.7014528497481409,2031
006/017-Cycling-2y-ASAQ-AL,79,0.6835428807778815,2031
006/017-Cycling-2y-ASAQ-AL,80,0.7319245690693975,2031
006/017-Cycling-2y-ASAQ-AL,81,0.7265844811022326,2031
006/017-Cycling-2y-ASAQ-AL,82,0.6799797467605081,2031
006/017-Cycling-2y-ASAQ-AL,83,0.6771592776027426,2031
006/017-Cycling-2y-ASAQ-AL,84,0.6962735498676084,2031
006/017-Cycling-2y-ASAQ-AL,85,0.6994408111202289,2031
006/017-Cycling-2y-ASAQ-AL,86,0.6956722559672744,2031
006/017-Cycling-2y-ASAQ-AL,87,0.7014637406546903,2031
006/017-Cycling-2y-ASAQ-AL,88,0.6816981035779719,2031
006/017-Cycling-2y-ASAQ-AL,89,0.7152720329389687,2031
006/017-Cycling-2y-ASAQ-AL,90,0.6794637866761319,2031
006/017-Cycling-2y-ASAQ-AL,91,0.7079876260726192,2031
006/017-Cycling-2y-ASAQ-AL,92,0.7239767206654452,2031
006/017-Cycling-2y-ASAQ-AL,93,0.7239019279149507,2031
006/017-Cycling-2y-ASAQ-AL,94,0.7307548527948242,2031
006/017-Cycling-2y-ASAQ-AL,95,0.6635486045852944,2031
006/017-Cycling-2y-ASAQ-AL,96,0.71342963402605,2031
006/017-Cycling-2y-ASAQ-AL,97,0.7025468025934423,2031
006/017-Cycling-2y-ASAQ-AL,98,0.71137362112111,2031
006/017-Cycling-2y-ASAQ-AL,99,0.7247128188974843,2031
006/018-Cycling-2y-ASAQ-DHAPPQ,0,0.6476821029306646,2031
006/018-Cycling-2y-ASAQ-DHAPPQ,1,0.6478224053708564,2031
006/018-Cycling-2y-ASAQ-DHAPPQ,2,0.6918218941755323,2031
006/018-Cycling-2y-ASAQ-DHAPPQ,3,0.676968346030407,2031
006/018-Cycling-2y-ASAQ-DHAPPQ,4,0.6441881709522755,2031
006/018-Cycling-2y-ASAQ-DHAPPQ,5,0.6472264749193092,2031
006/018-Cycling-2y-ASAQ-DHAPPQ,6,0.6803803913414779,2031
006/018-Cycling-2y-ASAQ-DHAPPQ,7,0.6855391139056092,2031
006/018-Cycling-2y-ASAQ-DHAPPQ,8,0.6783177697462159,2031
006/018-Cycling-2y-ASAQ-DHAPPQ,9,0.6498209258862161,2031
006/018-Cycling-2y-ASAQ-DHAPPQ,10,0.657528893647184,2031
006/018-Cycling-2y-ASAQ-DHAPPQ,11,0.6831014880215158,2031
006/018-Cycling-2y-ASAQ-DHAPPQ,12,0.6866246578419625,2031
006/018-Cycling-2y-ASAQ-DHAPPQ,13,0.6712465638306889,2031
006/018-Cycling-2y-ASAQ-DHAPPQ,14,0.6883195067726934,2031
006/018-Cycling-2y-ASAQ-DHAPPQ,15,0.6787052473410476,2031
006/018-Cycling-2y-ASAQ-DHAPPQ,16,0.6666956288569464,2031
006/018-Cycling-2y-ASAQ-DHAPPQ,17,0.6638429350156551,2031
006/018-Cycling-2y-ASAQ-DHAPPQ,18,0.652733228124366,2031
006/018-Cycling-2y-ASAQ-DHAPPQ,19,0.6737376300778255,2031
006/018-Cycling-2y-ASAQ-DHAPPQ,20,0.6833240277046095,2031
006/018-Cycling-2y-ASAQ-DHAPPQ,21,0.674544158228891,2031
006/018-Cycling-2y-ASAQ-DHAPPQ,22,0.6634692661422001,2031
006/018-Cycling-2y-ASAQ-DHAPPQ,23,0.673055166173045,2031
006/018-Cycling-2y-ASAQ-DHAPPQ,24,0.6709589702705863,2031
006/018-Cycling-2y-ASAQ-DHAPPQ,25,0.6721397280695083,2031
006/018-Cycling-2y-ASAQ-DHAPPQ,26,0.6857040217104773,2031
006/018-Cycling-2y-ASAQ-DHAPPQ,27,0.6750660232672443,2031
006/018-Cycling-2y-ASAQ-DHAPPQ,28,0.6617938003900691,2031
006/018-Cycling-2y-ASAQ-DHAPPQ,29,0.6775331845202515,2031
006/018-Cycling-2y-ASAQ-DHAPPQ,30,0.6950637753017174,2031
006/018-Cycling-2y-ASAQ-DHAPPQ,31,0.6648990138456622,2031
006/018-Cycling-2y-ASAQ-DHAPPQ,32,0.6787871319882633,2031
006/018-Cycling-2y-ASAQ-DHAPPQ,33,0.672597212390014,2031
006/018-Cycling-2y-ASAQ-DHAPPQ,34,0.7090443285283287,2031
006/018-Cycling-2y-ASAQ-DHAPPQ,35,0.6952112301874888,2031
006/018-Cycling-2y-ASAQ-DHAPPQ,36,0.6913836572465749,2031
006/018-Cycling-2y-ASAQ-DHAPPQ,37,0.6736108711612823,2031
006/018-Cycling-2y-ASAQ-DHAPPQ,38,0.7117026191002808,2031
006/018-Cycling-2y-ASAQ-DHAPPQ,39,0.6746248140740375,2031
006/018-Cycling-2y-ASAQ-DHAPPQ,40,0.6688043437294179,2031
006/018-Cycling-2y-ASAQ-DHAPPQ,41,0.6659635398869456,2031
006/018-Cycling-2y-ASAQ-DHAPPQ,42,0.6492239768878841,2031
006/018-Cycling-2y-ASAQ-DHAPPQ,43,0.6737241057209064,2031
006/018-Cycling-2y-ASAQ-DHAPPQ,44,0.6613780574351639,2031
006/018-Cycling-2y-ASAQ-DHAPPQ,45,0.6141031032685824,2031
006/018-Cycling-2y-ASAQ-DHAPPQ,46,0.6730676433565521,2031
006/018-Cycling-2y-ASAQ-DHAPPQ,47,0.6855805552437961,2031
006/018-Cycling-2y-ASAQ-DHAPPQ,48,0.6462821350484532,2031
006/018-Cycling-2y-ASAQ-DHAPPQ,49,0.6773866721620608,2031
006/018-Cycling-2y-ASAQ-DHAPPQ,50,0.6711723439281133,2031
006/018-Cycling-2y-ASAQ-DHAPPQ,51,0.6733525537181135,2031
006/018-Cycling-2y-ASAQ-DHAPPQ,52,0.6714632793643155,2031
006/018-Cycling-2y-ASAQ-DHAPPQ,53,0.6645687477482509,2031
006/018-Cycling-2y-ASAQ-DHAPPQ,54,0.6867348037106497,2031
006/018-Cycling-2y-ASAQ-DHAPPQ,55,0.6684900232082852,2031
006/018-Cycling-2y-ASAQ-DHAPPQ,56,0.6580879575700457,2031
006/018-Cycling-2y-ASAQ-DHAPPQ,57,0.665378360939248,2031
006/018-Cycling-2y-ASAQ-DHAPPQ,58,0.6615843625602461,2031
006/018-Cycling-2y-ASAQ-DHAPPQ,59,0.661032316522281,2031
006/018-Cycling-2y-ASAQ-DHAPPQ,60,0.6776368480308036,2031
006/018-Cycling-2y-ASAQ-DHAPPQ,61,0.6588800428981252,2031
006/018-Cycling-2y-ASAQ-DHAPPQ,62,0.6698859825457811,2031
006/018-Cycling-2y-ASAQ-DHAPPQ,63,0.6704379558275239,2031
006/018-Cycling-2y-ASAQ-DHAPPQ,64,0.6561386970492024,2031
006/018-Cycling-2y-ASAQ-DHAPPQ,65,0.6923347790695588,2031
006/018-Cycling-2y-ASAQ-DHAPPQ,66,0.6818275905467092,2031
006/018-Cycling-2y-ASAQ-DHAPPQ,67,0.66204664874808,2031
006/018-Cycling-2y-ASAQ-DHAPPQ,68,0.6798833243944111,2031
006/018-Cycling-2y-ASAQ-DHAPPQ,69,0.6661944455282177,2031
006/018-Cycling-2y-ASAQ-DHAPPQ,70,0.6839710462128893,2031
006/018-Cycling-2y-ASAQ-DHAPPQ,71,0.7255045847652241,2031
006/018-Cycling-2y-ASAQ-DHAPPQ,72,0.6583694297303623,2031
006/018-Cycling-2y-ASAQ-DHAPPQ,73,0.6804497818050654,2031
006/018-Cycling-2y-ASAQ-DHAPPQ,74,0.6646769189358098,2031
006/018-Cycling-2y-ASAQ-DHAPPQ,75,0.6967649712407437,2031
006/018-Cycling-2y-ASAQ-DHAPPQ,76,0.6605633024480136,2031
006/018-Cycling-2y-ASAQ-DHAPPQ,77,0.6458274331136429,2031
006/018-Cycling-2y-ASAQ-DHAPPQ,78,0.6837488661669874,2031
006/018-Cycling-2y-ASAQ-DHAPPQ,79,0.6572203030754834,2031
006/018-Cycling-2y-ASAQ-DHAPPQ,80,0.6769465459727191,2031
006/018-Cycling-2y-ASAQ-DHAPPQ,81,0.6618746541116675,2031
006/018-Cycling-2y-ASAQ-DHAPPQ,82,0.6776098641326666,2031
006/018-Cycling-2y-ASAQ-DHAPPQ,83,0.6511327864379783,2031
006/018-Cycling-2y-ASAQ-DHAPPQ,84,0.687764303106956,2031
006/018-Cycling-2y-ASAQ-DHAPPQ,85,0.6900275392174352,2031
006/018-Cycling-2y-ASAQ-DHAPPQ,86,0.6899827387450302,2031
006/018-Cycling-2y-ASAQ-DHAPPQ,87,0.6454666529900076,2031
006/018-Cycling-2y-ASAQ-DHAPPQ,88,0.6742692270717909,2031
006/018-Cycling-2y-ASAQ-DHAPPQ,89,0.6500928566447671,2031
006/018-Cycling-2y-ASAQ-DHAPPQ,90,0.6838015389182917,2031
006/018-Cycling-2y-ASAQ-DHAPPQ,91,0.677396342150624,2031
006/018-Cycling-2y-ASAQ-DHAPPQ,92,0.6615158143447338,2031
006/018-Cycling-2y-ASAQ-DHAPPQ,93,0.649108710176502,2031
006/018-Cycling-2y-ASAQ-DHAPPQ,94,0.6479284597221635,2031
006/018-Cycling-2y-ASAQ-DHAPPQ,95,0.662202781893478,2031
006/018-Cycling-2y-ASAQ-DHAPPQ,96,0.6697477750861397,2031
006/018-Cycling-2y-ASAQ-DHAPPQ,97,0.6586163591322304,2031
006/018-Cycling-2y-ASAQ-DHAPPQ,98,0.666628169336753,2031
006/018-Cycling-2y-ASAQ-DHAPPQ,99,0.6545258110893426,2031
006/019-Cycling-2y-DHAPPQ-AL,0,0.7348709502542449,2031
006/019-Cycling-2y-DHAPPQ-AL,1,0.7541988519083985,2031
006/019-Cycling-2y-DHAPPQ-AL,2,0.7712232140433288,2031
006/019-Cycling-2y-DHAPPQ-AL,3,0.7531309495277467,2031
006/019-Cycling-2y-DHAPPQ-AL,4,0.7515619365002285,2031
006/019-Cycling-2y-DHAPPQ-AL,5,0.7611531846165255,2031
006/019-Cycling-2y-DHAPPQ-AL,6,0.7585283119991487,2031
006/019-Cycling-2y-DHAPPQ-AL,7,0.7379915759404251,2031
006/019-Cycling-2y-DHAPPQ-AL,8,0.7434179580168591,2031
006/019-Cycling-2y-DHAPPQ-AL,9,0.7606208425115774,2031
006/019-Cycling-2y-DHAPPQ-AL,10,0.7804606231195699,2031
006/019-Cycling-2y-DHAPPQ-AL,11,0.7121010063297654,2031
006/019-Cycling-2y-DHAPPQ-AL,12,0.7799685551914641,2031
006/019-Cycling-2y-DHAPPQ-AL,13,0.7803282309781446,2031
006/019-Cycling-2y-DHAPPQ-AL,14,0.7691320477222131,2031
006/019-Cycling-2y-DHAPPQ-AL,15,0.7760790791050018,2031
006/019-Cycling-2y-DHAPPQ-AL,16,0.7796620669571582,2031
006/019-Cycling-2y-DHAPPQ-AL,17,0.7899083438553327,2031
006/019-Cycling-2y-DHAPPQ-AL,18,0.7829797681851632,2031
006/019-Cycling-2y-DHAPPQ-AL,19,0.7513417880531631,2031
006/019-Cycling-2y-DHAPPQ-AL,20,0.7497882113980586,2031
006/019-Cycling-2y-DHAPPQ-AL,21,0.762508383695617,2031
006/019-Cycling-2y-DHAPPQ-AL,22,0.7524363533573785,2031
006/019-Cycling-2y-DHAPPQ-AL,23,0.7447938836942978,2031
006/019-Cycling-2y-DHAPPQ-AL,24,0.7942407933454106,2031
006/019-Cycling-2y-DHAPPQ-AL,25,0.7441969488005968,2031
006/019-Cycling-2y-DHAPPQ-AL,26,0.7650455962613746,2031
006/019-Cycling-2y-DHAPPQ-AL,27,0.7366620600721298,2031
006/019-Cycling-2y-DHAPPQ-AL,28,0.7603278391471021,2031
006/019-Cycling-2y-DHAPPQ-AL,29,0.7618270631014522,2031
006/019-Cycling-2y-DHAPPQ-AL,30,0.7489070581957379,2031
006/019-Cycling-2y-DHAPPQ-AL,31,0.7614220842592719,2031
006/019-Cycling-2y-DHAPPQ-AL,32,0.7619945546741694,2031
006/019-Cycling-2y-DHAPPQ-AL,33,0.7668525231271155,2031
006/019-Cycling-2y-DHAPPQ-AL,34,0.7482034631208673,2031
006/019-Cycling-2y-DHAPPQ-AL,35,0.7435581062562159,2031
006/019-Cycling-2y-DHAPPQ-AL,36,0.772975835015821,2031
006/019-Cycling-2y-DHAPPQ-AL,37,0.7669803935977221,2031
006/019-Cycling-2y-DHAPPQ-AL,38,0.7590185456269255,2031
006/019-Cycling-2y-DHAPPQ-AL,39,0.7705121537730037,2031
006/019-Cycling-2y-DHAPPQ-AL,40,0.7642001454206705,2031
006/019-Cycling-2y-DHAPPQ-AL,41,0.7476235663807663,2031
006/019-Cycling-2y-DHAPPQ-AL,42,0.7564548482429418,2031
006/019-Cycling-2y-DHAPPQ-AL,43,0.7760035473701922,2031
006/019-Cycling-2y-DHAPPQ-AL,44,0.7653630597543759,2031
006/019-Cycling-2y-DHAPPQ-AL,45,0.7314484225869875,2031
006/019-Cycling-2y-DHAPPQ-AL,46,0.741276669461679,2031
006/019-Cycling-2y-DHAPPQ-AL,47,0.7096574326136693,2031
006/019-Cycling-2y-DHAPPQ-AL,48,0.7710435597295229,2031
006/019-Cycling-2y-DHAPPQ-AL,49,0.7800554512244302,2031
006/019-Cycling-2y-DHAPPQ-AL,50,0.743820557417275,2031
006/019-Cycling-2y-DHAPPQ-AL,51,0.7550590025358416,2031
006/019-Cycling-2y-DHAPPQ-AL,52,0.757750753771414,2031
006/019-Cycling-2y-DHAPPQ-AL,53,0.7639833188630726,2031
006/019-Cycling-2y-DHAPPQ-AL,54,0.758365731594671,2031
006/019-Cycling-2y-DHAPPQ-AL,55,0.7728044018150165,2031
006/019-Cycling-2y-DHAPPQ-AL,56,0.7766419532935137,2031
006/019-Cycling-2y-DHAPPQ-AL,57,0.7679484805071292,2031
006/019-Cycling-2y-DHAPPQ-AL,58,0.7636079856316366,2031
006/019-Cycling-2y-DHAPPQ-AL,59,0.7418256997391315,2031
006/019-Cycling-2y-DHAPPQ-AL,60,0.7700175453611661,2031
006/019-Cycling-2y-DHAPPQ-AL,61,0.7562118894843087,2031
006/019-Cycling-2y-DHAPPQ-AL,62,0.7574011464019582,2031
006/019-Cycling-2y-DHAPPQ-AL,63,0.7575705115082328,2031
006/019-Cycling-2y-DHAPPQ-AL,64,0.7724377957531826,2031
006/019-Cycling-2y-DHAPPQ-AL,65,0.7428621848002911,2031
006/019-Cycling-2y-DHAPPQ-AL,66,0.7690769555383411,2031
006/019-Cycling-2y-DHAPPQ-AL,67,0.7119290337886858,2031
006/019-Cycling-2y-DHAPPQ-AL,68,0.7555833471399928,2031
006/019-Cycling-2y-DHAPPQ-AL,69,0.7718747503283452,2031
006/019-Cycling-2y-DHAPPQ-AL,70,0.7662248572375049,2031
006/019-Cycling-2y-DHAPPQ-AL,71,0.7645635411613574,2031
006/019-Cycling-2y-DHAPPQ-AL,72,0.773517324929388,2031
006/019-Cycling-2y-DHAPPQ-AL,73,0.763726359702351,2031
006/019-Cycling-2y-DHAPPQ-AL,74,0.7740562788080095,2031
006/019-Cycling-2y-DHAPPQ-AL,75,0.749131920680754,2031
006/019-Cycling-2y-DHAPPQ-AL,76,0.7686631280174653,2031
006/019-Cycling-2y-DHAPPQ-AL,77,0.7665736937216683,2031
006/019-Cycling-2y-DHAPPQ-AL,78,0.7618058814062799,2031
006/019-Cycling-2y-DHAPPQ-AL,79,0.7406353560209235,2031
006/019-Cycling-2y-DHAPPQ-AL,80,0.8116339830607003,2031
006/019-Cycling-2y-DHAPPQ-AL,81,0.7874902423109981,2031
006/019-Cycling-2y-DHAPPQ-AL,82,0.7572553745699765,2031
006/019-Cycling-2y-DHAPPQ-AL,83,0.7724010659016014,2031
006/019-Cycling-2y-DHAPPQ-AL,84,0.7509890653403097,2031
006/019-Cycling-2y-DHAPPQ-AL,85,0.7416745457105973,2031
006/019-Cycling-2y-DHAPPQ-AL,86,0.7869743658671352,2031
006/019-Cycling-2y-DHAPPQ-AL,87,0.7545368468661847,2031
006/019-Cycling-2y-DHAPPQ-AL,88,0.7704256926645489,2031
006/019-Cycling-2y-DHAPPQ-AL,89,0.7487192246572207,2031
006/019-Cycling-2y-DHAPPQ-AL,90,0.7523731370731613,2031
006/019-Cycling-2y-DHAPPQ-AL,91,0.7719373431270112,2031
006/019-Cycling-2y-DHAPPQ-AL,92,0.7469352637558795,2031
006/019-Cycling-2y-DHAPPQ-AL,93,0.7536361055673351,2031
006/019-Cycling-2y-DHAPPQ-AL,94,0.7290729179318823,2031
006/019-Cycling-2y-DHAPPQ-AL,95,0.7593402419863408,2031
006/019-Cycling-2y-DHAPPQ-AL,96,0.7451912780103478,2031
006/019-Cycling-2y-DHAPPQ-AL,97,0.7748102653722536,2031
006/019-Cycling-2y-DHAPPQ-AL,98,0.7598442068760822,2031
006/019-Cycling-2y-DHAPPQ-AL,99,0.7774525200264573,2031
006/020-Cycling-2y-DHAPPQ-ASAQ,0,0.736694111071957,2031
006/020-Cycling-2y-DHAPPQ-ASAQ,1,0.7116907407369717,2031
006/020-Cycling-2y-DHAPPQ-ASAQ,2,0.6680383034387573,2031
006/020-Cycling-2y-DHAPPQ-ASAQ,3,0.70966111730162,2031
006/020-Cycling-2y-DHAPPQ-ASAQ,4,0.7094056539815142,2031
006/020-Cycling-2y-DHAPPQ-ASAQ,5,0.7072844375275581,2031
006/020-Cycling-2y-DHAPPQ-ASAQ,6,0.6869570347454009,2031
006/020-Cycling-2y-DHAPPQ-ASAQ,7,0.6917140843910404,2031
006/020-Cycling-2y-DHAPPQ-ASAQ,8,0.6894429451949842,2031
006/020-Cycling-2y-DHAPPQ-ASAQ,9,0.7067392825037127,2031
006/020-Cycling-2y-DHAPPQ-ASAQ,10,0.7275698086673645,2031
006/020-Cycling-2y-DHAPPQ-ASAQ,11,0.7480941857114698,2031
006/020-Cycling-2y-DHAPPQ-ASAQ,12,0.7140773211568966,2031
006/020-Cycling-2y-DHAPPQ-ASAQ,13,0.7311331662031542,2031
006/020-Cycling-2y-DHAPPQ-ASAQ,14,0.7379905990762912,2031
006/020-Cycling-2y-DHAPPQ-ASAQ,15,0.7165141488316099,2031
006/020-Cycling-2y-DHAPPQ-ASAQ,16,0.7463925485806712,2031
006/020-Cycling-2y-DHAPPQ-ASAQ,17,0.7401186454641059,2031
006/020-Cycling-2y-DHAPPQ-ASAQ,18,0.7221501577894375,2031
006/020-Cycling-2y-DHAPPQ-ASAQ,19,0.6876847091958996,2031
006/020-Cycling-2y-DHAPPQ-ASAQ,20,0.7273613062920573,2031
006/020-Cycling-2y-DHAPPQ-ASAQ,21,0.7396805472035574,2031
006/020-Cycling-2y-DHAPPQ-ASAQ,22,0.6988451497281433,2031
006/020-Cycling-2y-DHAPPQ-ASAQ,23,0.7129455584022707,2031
006/020-Cycling-2y-DHAPPQ-ASAQ,24,0.7172344685628417,2031
006/020-Cycling-2y-DHAPPQ-ASAQ,25,0.7064103835925963,2031
006/020-Cycling-2y-DHAPPQ-ASAQ,26,0.7268981074461012,2031
006/020-Cycling-2y-DHAPPQ-ASAQ,27,0.712561002818401,2031
006/020-Cycling-2y-DHAPPQ-ASAQ,28,0.7694197481721458,2031
006/020-Cycling-2y-DHAPPQ-ASAQ,29,0.6975625091913157,2031
006/020-Cycling-2y-DHAPPQ-ASAQ,30,0.720221085699667,2031
006/020-Cycling-2y-DHAPPQ-ASAQ,31,0.7004167064746761,2031
006/020-Cycling-2y-DHAPPQ-ASAQ,32,0.7402663577818839,2031
006/020-Cycling-2y-DHAPPQ-ASAQ,33,0.7259339250948686,2031
006/020-Cycling-2y-DHAPPQ-ASAQ,34,0.7040437886367189,2031
006/020-Cycling-2y-DHAPPQ-ASAQ,35,0.7355306867579235,2031
006/020-Cycling-2y-DHAPPQ-ASAQ,36,0.6958178845771594,2031
006/020-Cycling-2y-DHAPPQ-ASAQ,37,0.720613014028714,2031
006/020-Cycling-2y-DHAPPQ-ASAQ,38,0.7102544107284595,2031
006/020-Cycling-2y-DHAPPQ-ASAQ,39,0.7101690572160361,2031
006/020-Cycling-2y-DHAPPQ-ASAQ,40,0.7341670482106943,2031
006/020-Cycling-2y-DHAPPQ-ASAQ,41,0.7237571086267321,2031
006/020-Cycling-2y-DHAPPQ-ASAQ,42,0.7176312369655942,2031
006/020-Cycling-2y-DHAPPQ-ASAQ,43,0.7524593408605004,2031
006/020-Cycling-2y-DHAPPQ-ASAQ,44,0.7204501876431547,2031
006/020-Cycling-2y-DHAPPQ-ASAQ,45,0.7207400056250504,2031
006/020-Cycling-2y-DHAPPQ-ASAQ,46,0.7416364925049274,2031
006/020-Cycling-2y-DHAPPQ-ASAQ,47,0.7362150521169809,2031
006/020-Cycling-2y-DHAPPQ-ASAQ,48,0.7488533670859123,2031
006/020-Cycling-2y-DHAPPQ-ASAQ,49,0.7458940885412578,2031
006/020-Cycling-2y-DHAPPQ-ASAQ,50,0.704452044522974,2031
006/020-Cycling-2y-DHAPPQ-ASAQ,51,0.7209146667292409,2031
006/020-Cycling-2y-DHAPPQ-ASAQ,52,0.7339972688562856,2031
006/020-Cycling-2y-DHAPPQ-ASAQ,53,0.7504626647076833,2031
006/020-Cycling-2y-DHAPPQ-ASAQ,54,0.7425032708609978,2031
006/020-Cycling-2y-DHAPPQ-ASAQ,55,0.7110203949406168,2031
006/020-Cycling-2y-DHAPPQ-ASAQ,56,0.7413343416733368,2031
006/020-Cycling-2y-DHAPPQ-ASAQ,57,0.7331274868686083,2031
006/020-Cycling-2y-DHAPPQ-ASAQ,58,0.690276693959201,2031
006/020-Cycling-2y-DHAPPQ-ASAQ,59,0.7581301645798408,2031
006/020-Cycling-2y-DHAPPQ-ASAQ,60,0.7337835021098975,2031
006/020-Cycling-2y-DHAPPQ-ASAQ,61,0.7210883815575665,2031
006/020-Cycling-2y-DHAPPQ-ASAQ,62,0.7151052121076543,2031
006/020-Cycling-2y-DHAPPQ-ASAQ,63,0.7214964861136742,2031
006/020-Cycling-2y-DHAPPQ-ASAQ,64,0.7229456745902675,2031
006/020-Cycling-2y-DHAPPQ-ASAQ,65,0.7206004318963891,2031
006/020-Cycling-2y-DHAPPQ-ASAQ,66,0.6955596255984097,2031
006/020-Cycling-2y-DHAPPQ-ASAQ,67,0.7413910729387619,2031
006/020-Cycling-2y-DHAPPQ-ASAQ,68,0.6768504977070172,2031
006/020-Cycling-2y-DHAPPQ-ASAQ,69,0.7305700206837619,2031
006/020-Cycling-2y-DHAPPQ-ASAQ,70,0.7244238622565149,2031
006/020-Cycling-2y-DHAPPQ-ASAQ,71,0.734086288329214,2031
006/020-Cycling-2y-DHAPPQ-ASAQ,72,0.7046455867544917,2031
006/020-Cycling-2y-DHAPPQ-ASAQ,73,0.692083617845589,2031
006/020-Cycling-2y-DHAPPQ-ASAQ,74,0.6977570345449502,2031
006/020-Cycling-2y-DHAPPQ-ASAQ,75,0.680549744079762,2031
006/020-Cycling-2y-DHAPPQ-ASAQ,76,0.7239736378877822,2031
006/020-Cycling-2y-DHAPPQ-ASAQ,77,0.7096424386390024,2031
006/020-Cycling-2y-DHAPPQ-ASAQ,78,0.7281604722593773,2031
006/020-Cycling-2y-DHAPPQ-ASAQ,79,0.6883106674605447,2031
006/020-Cycling-2y-DHAPPQ-ASAQ,80,0.7336554678771269,2031
006/020-Cycling-2y-DHAPPQ-ASAQ,81,0.7257677522212879,2031
006/020-Cycling-2y-DHAPPQ-ASAQ,82,0.720510217081714,2031
006/020-Cycling-2y-DHAPPQ-ASAQ,83,0.7361346471978044,2031
006/020-Cycling-2y-DHAPPQ-ASAQ,84,0.7278114211852723,2031
006/020-Cycling-2y-DHAPPQ-ASAQ,85,0.7176197877705457,2031
006/020-Cycling-2y-DHAPPQ-ASAQ,86,0.7283269711869069,2031
006/020-Cycling-2y-DHAPPQ-ASAQ,87,0.7382279283739531,2031
006/020-Cycling-2y-DHAPPQ-ASAQ,88,0.7382500259502494,2031
006/020-Cycling-2y-DHAPPQ-ASAQ,89,0.7283694619092941,2031
006/020-Cycling-2y-DHAPPQ-ASAQ,90,0.737236867526974,2031
006/020-Cycling-2y-DHAPPQ-ASAQ,91,0.7536781746434253,2031
006/020-Cycling-2y-DHAPPQ-ASAQ,92,0.7038545789560673,2031
006/020-Cycling-2y-DHAPPQ-ASAQ,93,0.7317208337271931,2031
006/020-Cycling-2y-DHAPPQ-ASAQ,94,0.7352022086033866,2031
006/020-Cycling-2y-DHAPPQ-ASAQ,95,0.7047411745175206,2031
006/020-Cycling-2y-DHAPPQ-ASAQ,96,0.6962490081374497,2031
006/020-Cycling-2y-DHAPPQ-ASAQ,97,0.7012822314888637,2031
006/020-Cycling-2y-DHAPPQ-ASAQ,98,0.7260983480901374,2031
006/020-Cycling-2y-DHAPPQ-ASAQ,99,0.6954538442761665,2031
006/021-Cycling-2y-AL-ASAQ-DHAPPQ,0,0.69259882066732,2031
006/021-Cycling-2y-AL-ASAQ-DHAPPQ,1,0.71097503100819,2031
006/021-Cycling-2y-AL-ASAQ-DHAPPQ,2,0.7181485758201598,2031
006/021-Cycling-2y-AL-ASAQ-DHAPPQ,3,0.7392695202667364,2031
006/021-Cycling-2y-AL-ASAQ-DHAPPQ,4,0.7399777066416081,2031
006/021-Cycling-2y-AL-ASAQ-DHAPPQ,5,0.7165066080604525,2031
006/021-Cycling-2y-AL-ASAQ-DHAPPQ,6,0.749577660109379,2031
006/021-Cycling-2y-AL-ASAQ-DHAPPQ,7,0.6890630761239241,2031
006/021-Cycling-2y-AL-ASAQ-DHAPPQ,8,0.7296191391391834,2031
006/021-Cycling-2y-AL-ASAQ-DHAPPQ,9,0.7410488083133289,2031
006/021-Cycling-2y-AL-ASAQ-DHAPPQ,10,0.7180152271587,2031
006/021-Cycling-2y-AL-ASAQ-DHAPPQ,11,0.7087157004030411,2031
006/021-Cycling-2y-AL-ASAQ-DHAPPQ,12,0.740178393009307,2031
006/021-Cycling-2y-AL-ASAQ-DHAPPQ,13,0.7208113697909854,2031
006/021-Cycling-2y-AL-ASAQ-DHAPPQ,14,0.7009198943199907,2031
006/021-Cycling-2y-AL-ASAQ-DHAPPQ,15,0.7213827358903444,2031
006/021-Cycling-2y-AL-ASAQ-DHAPPQ,16,0.7178592117901563,2031
006/021-Cycling-2y-AL-ASAQ-DHAPPQ,17,0.6802431397268197,2031
006/021-Cycling-2y-AL-ASAQ-DHAPPQ,18,0.7047961845321521,2031
006/021-Cycling-2y-AL-ASAQ-DHAPPQ,19,0.7388032815926763,2031
006/021-Cycling-2y-AL-ASAQ-DHAPPQ,20,0.7287549463170365,2031
006/021-Cycling-2y-AL-ASAQ-DHAPPQ,21,0.735935336465614,2031
006/021-Cycling-2y-AL-ASAQ-DHAPPQ,22,0.7104007600477172,2031
006/021-Cycling-2y-AL-ASAQ-DHAPPQ,23,0.7209714085256237,2031
006/021-Cycling-2y-AL-ASAQ-DHAPPQ,24,0.7045305432692374,2031
006/021-Cycling-2y-AL-ASAQ-DHAPPQ,25,0.7121325957282325,2031
006/021-Cycling-2y-AL-ASAQ-DHAPPQ,26,0.7114960299521127,2031
006/021-Cycling-2y-AL-ASAQ-DHAPPQ,27,0.7186450939482439,2031
006/021-Cycling-2y-AL-ASAQ-DHAPPQ,28,0.7141196103484647,2031
006/021-Cycling-2y-AL-ASAQ-DHAPPQ,29,0.7270723630841287,2031
006/021-Cycling-2y-AL-ASAQ-DHAPPQ,30,0.6952805118990306,2031
006/021-Cycling-2y-AL-ASAQ-DHAPPQ,31,0.6921019936753602,2031
006/021-Cycling-2y-AL-ASAQ-DHAPPQ,32,0.7134911761375599,2031
006/021-Cycling-2y-AL-ASAQ-DHAPPQ,33,0.6889847010668958,2031
006/021-Cycling-2y-AL-ASAQ-DHAPPQ,34,0.7026791402449222,2031
006/021-Cycling-2y-AL-ASAQ-DHAPPQ,35,0.7290808171002138,2031
006/021-Cycling-2y-AL-ASAQ-DHAPPQ,36,0.739790855407655,2031
006/021-Cycling-2y-AL-ASAQ-DHAPPQ,37,0.7109835513978919,2031
006/021-Cycling-2y-AL-ASAQ-DHAPPQ,38,0.7343923853489654,2031
006/021-Cycling-2y-AL-ASAQ-DHAPPQ,39,0.760631557053223,2031
006/021-Cycling-2y-AL-ASAQ-DHAPPQ,40,0.7121838164954445,2031
006/021-Cycling-2y-AL-ASAQ-DHAPPQ,41,0.7009622276573318,2031
006/021-Cycling-2y-AL-ASAQ-DHAPPQ,42,0.7165964852353749,2031
006/021-Cycling-2y-AL-ASAQ-DHAPPQ,43,0.7056981009787231,2031
006/021-Cycling-2y-AL-ASAQ-DHAPPQ,44,0.7260467519028201,2031
006/021-Cycling-2y-AL-ASAQ-DHAPPQ,45,0.6992984289258809,2031
006/021-Cycling-2y-AL-ASAQ-DHAPPQ,46,0.6967189874644193,2031
006/021-Cycling-2y-AL-ASAQ-DHAPPQ,47,0.7009626010736123,2031
006/021-Cycling-2y-AL-ASAQ-DHAPPQ,48,0.7134071078187625,2031
006/021-Cycling-2y-AL-ASAQ-DHAPPQ,49,0.7500996557393402,2031
006/021-Cycling-2y-AL-ASAQ-DHAPPQ,50,0.7266499714862841,2031
006/021-Cycling-2y-AL-ASAQ-DHAPPQ,51,0.729046319585112,2031
006/021-Cycling-2y-AL-ASAQ-DHAPPQ,52,0.7342373633694499,2031
006/021-Cycling-2y-AL-ASAQ-DHAPPQ,53,0.684963730923274,2031
006/021-Cycling-2y-AL-ASAQ-DHAPPQ,54,0.7314571883940947,2031
006/021-Cycling-2y-AL-ASAQ-DHAPPQ,55,0.7211041726094357,2031
006/021-Cycling-2y-AL-ASAQ-DHAPPQ,56,0.729123677589421,2031
006/021-Cycling-2y-AL-ASAQ-DHAPPQ,57,0.7224435710322741,2031
006/021-Cycling-2y-AL-ASAQ-DHAPPQ,58,0.7010738626930442,2031
006/021-Cycling-2y-AL-ASAQ-DHAPPQ,59,0.7027348592486842,2031
006/021-Cycling-2y-AL-ASAQ-DHAPPQ,60,0.734138180277938,2031
006/021-Cycling-2y-AL-ASAQ-DHAPPQ,61,0.7113655482857673,2031
006/021-Cycling-2y-AL-ASAQ-DHAPPQ,62,0.6922583658080342,2031
006/021-Cycling-2y-AL-ASAQ-DHAPPQ,63,0.7325195529188906,2031
006/021-Cycling-2y-AL-ASAQ-DHAPPQ,64,0.7138007125236596,2031
006/021-Cycling-2y-AL-ASAQ-DHAPPQ,65,0.6904713847188572,2031
006/021-Cycling-2y-AL-ASAQ-DHAPPQ,66,0.7370214751972853,2031
006/021-Cycling-2y-AL-ASAQ-DHAPPQ,67,0.7215329894144956,2031
006/021-Cycling-2y-AL-ASAQ-DHAPPQ,68,0.7222425266165335,2031
006/021-Cycling-2y-AL-ASAQ-DHAPPQ,69,0.7422961881765918,2031
006/021-Cycling-2y-AL-ASAQ-DHAPPQ,70,0.7231367131168324,2031
006/021-Cycling-2y-AL-ASAQ-DHAPPQ,71,0.7355300642431364,2031
006/021-Cycling-2y-AL-ASAQ-DHAPPQ,72,0.7129738784263209,2031
006/021-Cycling-2y-AL-ASAQ-DHAPPQ,73,0.7198831566464136,2031
006/021-Cycling-2y-AL-ASAQ-DHAPPQ,74,0.7123973430305698,2031
006/021-Cycling-2y-AL-ASAQ-DHAPPQ,75,0.746576056160248,2031
006/021-Cycling-2y-AL-ASAQ-DHAPPQ,76,0.7251264447980749,2031
006/021-Cycling-2y-AL-ASAQ-DHAPPQ,77,0.7238175294444118,2031
006/021-Cycling-2y-AL-ASAQ-DHAPPQ,78,0.7643068212068176,2031
006/021-Cycling-2y-AL-ASAQ-DHAPPQ,79,0.7153397416354054,2031
006/021-Cycling-2y-AL-ASAQ-DHAPPQ,80,0.7116570811556676,2031
006/021-Cycling-2y-AL-ASAQ-DHAPPQ,81,0.7538965831575496,2031
006/021-Cycling-2y-AL-ASAQ-DHAPPQ,82,0.7305528882512521,2031
006/021-Cycling-2y-AL-ASAQ-DHAPPQ,83,0.7071840038199723,2031
006/021-Cycling-2y-AL-ASAQ-DHAPPQ,84,0.7288345732056055,2031
006/021-Cycling-2y-AL-ASAQ-DHAPPQ,85,0.7436158246764538,2031
006/021-Cycling-2y-AL-ASAQ-DHAPPQ,86,0.7051282182486619,2031
006/021-Cycling-2y-AL-ASAQ-DHAPPQ,87,0.694905578703202,2031
006/021-Cycling-2y-AL-ASAQ-DHAPPQ,88,0.7266852949443586,2031
006/021-Cycling-2y-AL-ASAQ-DHAPPQ,89,0.7329764286455447,2031
006/021-Cycling-2y-AL-ASAQ-DHAPPQ,90,0.7331218349566995,2031
006/021-Cycling-2y-AL-ASAQ-DHAPPQ,91,0.7167345920678083,2031
006/021-Cycling-2y-AL-ASAQ-DHAPPQ,92,0.7193625795522326,2031
006/021-Cycling-2y-AL-ASAQ-DHAPPQ,93,0.7241654194003204,2031
006/021-Cycling-2y-AL-ASAQ-DHAPPQ,94,0.7196874988277299,2031
006/021-Cycling-2y-AL-ASAQ-DHAPPQ,95,0.7138241406428644,2031
006/021-Cycling-2y-AL-ASAQ-DHAPPQ,96,0.7263131186745501,2031
006/021-Cycling-2y-AL-ASAQ-DHAPPQ,97,0.719668525448621,2031
006/021-Cycling-2y-AL-ASAQ-DHAPPQ,98,0.7314380599632458,2031
006/021-Cycling-2y-AL-ASAQ-DHAPPQ,99,0.6888010146659139,2031
006/022-Cycling-2y-AL-DHAPPQ-ASAQ,0,0.7107788400188878,2031
006/022-Cycling-2y-AL-DHAPPQ-ASAQ,1,0.7042199286709603,2031
006/022-Cycling-2y-AL-DHAPPQ-ASAQ,2,0.6753470778914191,2031
006/022-Cycling-2y-AL-DHAPPQ-ASAQ,3,0.703367449480437,2031
006/022-Cycling-2y-AL-DHAPPQ-ASAQ,4,0.6978721171801995,2031
006/022-Cycling-2y-AL-DHAPPQ-ASAQ,5,0.7147294251710338,2031
006/022-Cycling-2y-AL-DHAPPQ-ASAQ,6,0.6990634724479771,2031
006/022-Cycling-2y-AL-DHAPPQ-ASAQ,7,0.7857129157262587,2031
006/022-Cycling-2y-AL-DHAPPQ-ASAQ,8,0.6908336200255563,2031
006/022-Cycling-2y-AL-DHAPPQ-ASAQ,9,0.7482911462472206,2031
006/022-Cycling-2y-AL-DHAPPQ-ASAQ,10,0.7212216646174454,2031
006/022-Cycling-2y-AL-DHAPPQ-ASAQ,11,0.7248668158959549,2031
006/022-Cycling-2y-AL-DHAPPQ-ASAQ,12,0.6919912885486846,2031
006/022-Cycling-2y-AL-DHAPPQ-ASAQ,13,0.7430413011549456,2031
006/022-Cycling-2y-AL-DHAPPQ-ASAQ,14,0.7291522978124366,2031
006/022-Cycling-2y-AL-DHAPPQ-ASAQ,15,0.685692108574317,2031
006/022-Cycling-2y-AL-DHAPPQ-ASAQ,16,0.7206915793487999,2031
006/022-Cycling-2y-AL-DHAPPQ-ASAQ,17,0.7360684598765875,2031
006/022-Cycling-2y-AL-DHAPPQ-ASAQ,18,0.7022056002283846,2031
006/022-Cycling-2y-AL-DHAPPQ-ASAQ,19,0.6947845142804986,2031
006/022-Cycling-2y-AL-DHAPPQ-ASAQ,20,0.6913720578815199,2031
006/022-Cycling-2y-AL-DHAPPQ-ASAQ,21,0.6876678252953172,2031
006/022-Cycling-2y-AL-DHAPPQ-ASAQ,22,0.7094996594469954,2031
006/022-Cycling-2y-AL-DHAPPQ-ASAQ,23,0.7132828400353448,2031
006/022-Cycling-2y-AL-DHAPPQ-ASAQ,24,0.7056764748241434,2031
006/022-Cycling-2y-AL-DHAPPQ-ASAQ,25,0.7012997039775773,2031
006/022-Cycling-2y-AL-DHAPPQ-ASAQ,26,0.7386683371485843,2031
006/022-Cycling-2y-AL-DHAPPQ-ASAQ,27,0.7084377165991248,2031
006/022-Cycling-2y-AL-DHAPPQ-ASAQ,28,0.6993174533308696,2031
006/022-Cycling-2y-AL-DHAPPQ-ASAQ,29,0.7155111309964899,2031
006/022-Cycling-2y-AL-DHAPPQ-ASAQ,30,0.6982804465797194,2031
006/022-Cycling-2y-AL-DHAPPQ-ASAQ,31,0.7232428541338067,2031
006/022-Cycling-2y-AL-DHAPPQ-ASAQ,32,0.7265199459153031,2031
006/022-Cycling-2y-AL-DHAPPQ-ASAQ,33,0.7246725773226257,2031
006/022-Cycling-2y-AL-DHAPPQ-ASAQ,34,0.7033192697806031,2031
006/022-Cycling-2y-AL-DHAPPQ-ASAQ,35,0.7286545503801451,2031
006/022-Cycling-2y-AL-DHAPPQ-ASAQ,36,0.7301068512244786,2031
006/022-Cycling-2y-AL-DHAPPQ-ASAQ,37,0.6808712390321676,2031
006/022-Cycling-2y-AL-DHAPPQ-ASAQ,38,0.7423570891633299,2031
006/022-Cycling-2y-AL-DHAPPQ-ASAQ,39,0.7346546821567387,2031
006/022-Cycling-2y-AL-DHAPPQ-ASAQ,40,0.6888058316257365,2031
006/022-Cycling-2y-AL-DHAPPQ-ASAQ,41,0.6894373403185664,2031
006/022-Cycling-2y-AL-DHAPPQ-ASAQ,42,0.7078266945630394,2031
006/022-Cycling-2y-AL-DHAPPQ-ASAQ,43,0.7137611049783715,2031
006/022-Cycling-2y-AL-DHAPPQ-ASAQ,44,0.7382759285912486,2031
006/022-Cycling-2y-AL-DHAPPQ-ASAQ,45,0.710161938655879,2031
006/022-Cycling-2y-AL-DHAPPQ-ASAQ,46,0.705738742552168,2031
006/022-Cycling-2y-AL-DHAPPQ-ASAQ,47,0.7043843653351738,2031
006/022-Cycling-2y-AL-DHAPPQ-ASAQ,48,0.7180371606749948,2031
006/022-Cycling-2y-AL-DHAPPQ-ASAQ,49,0.7145526386687998,2031
006/022-Cycling-2y-AL-DHAPPQ-ASAQ,50,0.7140615794832498,2031
006/022-Cycling-2y-AL-DHAPPQ-ASAQ,51,0.7644801292534488,2031
006/022-Cycling-2y-AL-DHAPPQ-ASAQ,52,0.711543385500641,2031
006/022-Cycling-2y-AL-DHAPPQ-ASAQ,53,0.7091423185741063,2031
006/022-Cycling-2y-AL-DHAPPQ-ASAQ,54,0.7267745265243453,2031
006/022-Cycling-2y-AL-DHAPPQ-ASAQ,55,0.7333154048205661,2031
006/022-Cycling-2y-AL-DHAPPQ-ASAQ,56,0.7038098679478569,2031
006/022-Cycling-2y-AL-DHAPPQ-ASAQ,57,0.7012731578150709,2031
006/022-Cycling-2y-AL-DHAPPQ-ASAQ,58,0.7004420800400505,2031
006/022-Cycling-2y-AL-DHAPPQ-ASAQ,59,0.6943117610298016,2031
006/022-Cycling-2y-AL-DHAPPQ-ASAQ,60,0.6928072434907584,2031
006/022-Cycling-2y-AL-DHAPPQ-ASAQ,61,0.703134375987294,2031
006/022-Cycling-2y-AL-DHAPPQ-ASAQ,62,0.6890715193676363,2031
006/022-Cycling-2y-AL-DHAPPQ-ASAQ,63,0.7291380625221972,2031
006/022-Cycling-2y-AL-DHAPPQ-ASAQ,64,0.7034414788203572,2031
006/022-Cycling-2y-AL-DHAPPQ-ASAQ,65,0.7534690591860028,2031
006/022-Cycling-2y-AL-DHAPPQ-ASAQ,66,0.7377445078360189,2031
006/022-Cycling-2y-AL-DHAPPQ-ASAQ,67,0.7195848693144761,2031
006/022-Cycling-2y-AL-DHAPPQ-ASAQ,68,0.7302957839024112,2031
006/022-Cycling-2y-AL-DHAPPQ-ASAQ,69,0.7336743865979636,2031
006/022-Cycling-2y-AL-DHAPPQ-ASAQ,70,0.7621744915343539,2031
006/022-Cycling-2y-AL-DHAPPQ-ASAQ,71,0.7089555703374805,2031
006/022-Cycling-2y-AL-DHAPPQ-ASAQ,72,0.7103470866600747,2031
006/022-Cycling-2y-AL-DHAPPQ-ASAQ,73,0.6922276554662997,2031
006/022-Cycling-2y-AL-DHAPPQ-ASAQ,74,0.7314570137067916,2031
006/022-Cycling-2y-AL-DHAPPQ-ASAQ,75,0.7027677611337658,2031
006/022-Cycling-2y-AL-DHAPPQ-ASAQ,76,0.7278408612412673,2031
006/022-Cycling-2y-AL-DHAPPQ-ASAQ,77,0.7189127573302789,2031
006/022-Cycling-2y-AL-DHAPPQ-ASAQ,78,0.7123605662552487,2031
006/022-Cycling-2y-AL-DHAPPQ-ASAQ,79,0.6883901855374092,2031
006/022-Cycling-2y-AL-DHAPPQ-ASAQ,80,0.7129769699973664,2031
006/022-Cycling-2y-AL-DHAPPQ-ASAQ,81,0.7038725268076585,2031
006/022-Cycling-2y-AL-DHAPPQ-ASAQ,82,0.6731031450731737,2031
006/022-Cycling-2y-AL-DHAPPQ-ASAQ,83,0.6943730167505113,2031
006/022-Cycling-2y-AL-DHAPPQ-ASAQ,84,0.7102479274594855,2031
006/022-Cycling-2y-AL-DHAPPQ-ASAQ,85,0.7254480963022215,2031
006/022-Cycling-2y-AL-DHAPPQ-ASAQ,86,0.7469765523802506,2031
006/022-Cycling-2y-AL-DHAPPQ-ASAQ,87,0.7273304573392747,2031
006/022-Cycling-2y-AL-DHAPPQ-ASAQ,88,0.6693528922756675,2031
006/022-Cycling-2y-AL-DHAPPQ-ASAQ,89,0.73167369394413,2031
006/022-Cycling-2y-AL-DHAPPQ-ASAQ,90,0.7043515246786413,2031
006/022-Cycling-2y-AL-DHAPPQ-ASAQ,91,0.7207993168268406,2031
006/022-Cycling-2y-AL-DHAPPQ-ASAQ,92,0.7383741582201672,2031
006/022-Cycling-2y-AL-DHAPPQ-ASAQ,93,0.6877361145822661,2031
006/022-Cycling-2y-AL-DHAPPQ-ASAQ,94,0.7259232311279661,2031
006/022-Cycling-2y-AL-DHAPPQ-ASAQ,95,0.675521859789528,2031
006/022-Cycling-2y-AL-DHAPPQ-ASAQ,96,0.7273911976386956,2031
006/022-Cycling-2y-AL-DHAPPQ-ASAQ,97,0.708772621405433,2031
006/022-Cycling-2y-AL-DHAPPQ-ASAQ,98,0.6982070403004138,2031
006/022-Cycling-2y-AL-DHAPPQ-ASAQ,99,0.7291052001466124,2031
006/023-Cycling-2y-ASAQ-AL-DHAPPQ,0,0.718047171105197,2031
006/023-Cycling-2y-ASAQ-AL-DHAPPQ,1,0.7116348811531433,2031
006/023-Cycling-2y-ASAQ-AL-DHAPPQ,2,0.7283038311992033,2031
006/023-Cycling-2y-ASAQ-AL-DHAPPQ,3,0.730648166095703,2031
006/023-Cycling-2y-ASAQ-AL-DHAPPQ,4,0.747705318731263,2031
006/023-Cycling-2y-ASAQ-AL-DHAPPQ,5,0.7162273492573711,2031
006/023-Cycling-2y-ASAQ-AL-DHAPPQ,6,0.7173611184182205,2031
006/023-Cycling-2y-ASAQ-AL-DHAPPQ,7,0.7463380696888965,2031
006/023-Cycling-2y-ASAQ-AL-DHAPPQ,8,0.7269327165662883,2031
006/023-Cycling-2y-ASAQ-AL-DHAPPQ,9,0.7382043940087132,2031
006/023-Cycling-2y-ASAQ-AL-DHAPPQ,10,0.7202750283112489,2031
006/023-Cycling-2y-ASAQ-AL-DHAPPQ,11,0.731176218165542,2031
006/023-Cycling-2y-ASAQ-AL-DHAPPQ,12,0.7359411719552242,2031
006/023-Cycling-2y-ASAQ-AL-DHAPPQ,13,0.7012905746398426,2031
006/023-Cycling-2y-ASAQ-AL-DHAPPQ,14,0.7229312979789652,2031
006/023-Cycling-2y-ASAQ-AL-DHAPPQ,15,0.7132347525338455,2031
006/023-Cycling-2y-ASAQ-AL-DHAPPQ,16,0.7087252804325511,2031
006/023-Cycling-2y-ASAQ-AL-DHAPPQ,17,0.7134526492718405,2031
006/023-Cycling-2y-ASAQ-AL-DHAPPQ,18,0.728011673765346,2031
006/023-Cycling-2y-ASAQ-AL-DHAPPQ,19,0.7202190953063482,2031
006/023-Cycling-2y-ASAQ-AL-DHAPPQ,20,0.7176925230103843,2031
006/023-Cycling-2y-ASAQ-AL-DHAPPQ,21,0.7038123880057027,2031
006/023-Cycling-2y-ASAQ-AL-DHAPPQ,22,0.7199584235567408,2031
006/023-Cycling-2y-ASAQ-AL-DHAPPQ,23,0.7076698431000183,2031
006/023-Cycling-2y-ASAQ-AL-DHAPPQ,24,0.7303097914765774,2031
006/023-Cycling-2y-ASAQ-AL-DHAPPQ,25,0.6930527937472846,2031
006/023-Cycling-2y-ASAQ-AL-DHAPPQ,26,0.752201925182607,2031
006/023-Cycling-2y-ASAQ-AL-DHAPPQ,27,0.7269032225016373,2031
006/023-Cycling-2y-ASAQ-AL-DHAPPQ,28,0.7210293815995672,2031
006/023-Cycling-2y-ASAQ-AL-DHAPPQ,29,0.7195893749626006,2031
006/023-Cycling-2y-ASAQ-AL-DHAPPQ,30,0.7275865904836102,2031
006/023-Cycling-2y-ASAQ-AL-DHAPPQ,31,0.7092830438707355,2031
006/023-Cycling-2y-ASAQ-AL-DHAPPQ,32,0.7353294572950205,2031
006/023-Cycling-2y-ASAQ-AL-DHAPPQ,33,0.7080913551082256,2031
006/023-Cycling-2y-ASAQ-AL-DHAPPQ,34,0.7562704317881367,2031
006/023-Cycling-2y-ASAQ-AL-DHAPPQ,35,0.7558539683409462,2031
006/023-Cycling-2y-ASAQ-AL-DHAPPQ,36,0.7069855171725635,2031
006/023-Cycling-2y-ASAQ-AL-DHAPPQ,37,0.7207900981694829,2031
006/023-Cycling-2y-ASAQ-AL-DHAPPQ,38,0.7012119591961491,2031
006/023-Cycling-2y-ASAQ-AL-DHAPPQ,39,0.7275389954639332,2031
006/023-Cycling-2y-ASAQ-AL-DHAPPQ,40,0.7413079643890162,2031
006/023-Cycling-2y-ASAQ-AL-DHAPPQ,41,0.7341257868231613,2031
006/023-Cycling-2y-ASAQ-AL-DHAPPQ,42,0.7213143793448452,2031
006/023-Cycling-2y-ASAQ-AL-DHAPPQ,43,0.7274210685871978,2031
006/023-Cycling-2y-ASAQ-AL-DHAPPQ,44,0.726971406723452,2031
006/023-Cycling-2y-ASAQ-AL-DHAPPQ,45,0.6861962978676991,2031
006/023-Cycling-2y-ASAQ-AL-DHAPPQ,46,0.696474484186771,2031
006/023-Cycling-2y-ASAQ-AL-DHAPPQ,47,0.7230549504298226,2031
006/023-Cycling-2y-ASAQ-AL-DHAPPQ,48,0.7248422867303003,2031
006/023-Cycling-2y-ASAQ-AL-DHAPPQ,49,0.7283839243053921,2031
006/023-Cycling-2y-ASAQ-AL-DHAPPQ,50,0.7164397792278502,2031
006/023-Cycling-2y-ASAQ-AL-DHAPPQ,51,0.7053368004869607,2031
006/023-Cycling-2y-ASAQ-AL-DHAPPQ,52,0.7013118919318698,2031
006/023-Cycling-2y-ASAQ-AL-DHAPPQ,53,0.7567821515060329,2031
006/023-Cycling-2y-ASAQ-AL-DHAPPQ,54,0.725469003859175,2031
006/023-Cycling-2y-ASAQ-AL-DHAPPQ,55,0.7186219269420961,2031
006/023-Cycling-2y-ASAQ-AL-DHAPPQ,56,0.7141521282887905,2031
006/023-Cycling-2y-ASAQ-AL-DHAPPQ,57,0.7132984256322277,2031
006/023-Cycling-2y-ASAQ-AL-DHAPPQ,58,0.7327199943025305,2031
006/023-Cycling-2y-ASAQ-AL-DHAPPQ,59,0.7236122257953692,2031
006/023-Cycling-2y-ASAQ-AL-DHAPPQ,60,0.7281194778252739,2031
006/023-Cycling-2y-ASAQ-AL-DHAPPQ,61,0.7243408122208582,2031
006/023-Cycling-2y-ASAQ-AL-DHAPPQ,62,0.6994529484097497,2031
006/023-Cycling-2y-ASAQ-AL-DHAPPQ,63,0.7341176831785843,2031
006/023-Cycling-2y-ASAQ-AL-DHAPPQ,64,0.7153823581746445,2031
006/023-Cycling-2y-ASAQ-AL-DHAPPQ,65,0.708894509521484,2031
006/023-Cycling-2y-ASAQ-AL-DHAPPQ,66,0.6819650934964222,2031
006/023-Cycling-2y-ASAQ-AL-DHAPPQ,67,0.7177460942713915,2031
006/023-Cycling-2y-ASAQ-AL-DHAPPQ,68,0.7089886234368282,2031
006/023-Cycling-2y-ASAQ-AL-DHAPPQ,69,0.7108676283497316,2031
006/023-Cycling-2y-ASAQ-AL-DHAPPQ,70,0.734514378700965,2031
006/023-Cycling-2y-ASAQ-AL-DHAPPQ,71,0.7220351426972452,2031
006/023-Cycling-2y-ASAQ-AL-DHAPPQ,72,0.7257805298527389,2031
006/023-Cycling-2y-ASAQ-AL-DHAPPQ,73,0.6863821272329854,2031
006/023-Cycling-2y-ASAQ-AL-DHAPPQ,74,0.7269011374112361,2031
006/023-Cycling-2y-ASAQ-AL-DHAPPQ,75,0.7263644950982706,2031
006/023-Cycling-2y-ASAQ-AL-DHAPPQ,76,0.7315720065567154,2031
006/023-Cycling-2y-ASAQ-AL-DHAPPQ,77,0.7026540119348504,2031
006/023-Cycling-2y-ASAQ-AL-DHAPPQ,78,0.7236887072020557,2031
006/023-Cycling-2y-ASAQ-AL-DHAPPQ,79,0.6949901295407216,2031
006/023-Cycling-2y-ASAQ-AL-DHAPPQ,80,0.7402786666631737,2031
006/023-Cycling-2y-ASAQ-AL-DHAPPQ,81,0.7225530109306945,2031
006/023-Cycling-2y-ASAQ-AL-DHAPPQ,82,0.7178882949807085,2031
006/023-Cycling-2y-ASAQ-AL-DHAPPQ,83,0.7111854378356176,2031
006/023-Cycling-2y-ASAQ-AL-DHAPPQ,84,0.7391679772833725,2031
006/023-Cycling-2y-ASAQ-AL-DHAPPQ,85,0.7376232817446079,2031
006/023-Cycling-2y-ASAQ-AL-DHAPPQ,86,0.7258457858157102,2031
006/023-Cycling-2y-ASAQ-AL-DHAPPQ,87,0.7192124062053619,2031
006/023-Cycling-2y-ASAQ-AL-DHAPPQ,88,0.7046341194136017,2031
006/023-Cycling-2y-ASAQ-AL-DHAPPQ,89,0.6988889000863744,2031
006/023-Cycling-2y-ASAQ-AL-DHAPPQ,90,0.7092781382826714,2031
006/023-Cycling-2y-ASAQ-AL-DHAPPQ,91,0.7472931379160409,2031
006/023-Cycling-2y-ASAQ-AL-DHAPPQ,92,0.7355681703812604,2031
006/023-Cycling-2y-ASAQ-AL-DHAPPQ,93,0.7151181990642193,2031
006/023-Cycling-2y-ASAQ-AL-DHAPPQ,94,0.7334296349725323,2031
006/023-Cycling-2y-ASAQ-AL-DHAPPQ,95,0.7499182135764068,2031
006/023-Cycling-2y-ASAQ-AL-DHAPPQ,96,0.7189773170582963,2031
006/023-Cycling-2y-ASAQ-AL-DHAPPQ,97,0.724557857784677,2031
006/023-Cycling-2y-ASAQ-AL-DHAPPQ,98,0.716390326420853,2031
006/023-Cycling-2y-ASAQ-AL-DHAPPQ,99,0.697763680131562,2031
006/024-Cycling-2y-ASAQ-DHAPPQ-AL,0,0.7065037695063566,2031
006/024-Cycling-2y-ASAQ-DHAPPQ-AL,1,0.69349528056387,2031
006/024-Cycling-2y-ASAQ-DHAPPQ-AL,2,0.7248884964625124,2031
006/024-Cycling-2y-ASAQ-DHAPPQ-AL,3,0.70665031895038,2031
006/024-Cycling-2y-ASAQ-DHAPPQ-AL,4,0.7417979008363832,2031
006/024-Cycling-2y-ASAQ-DHAPPQ-AL,5,0.7032045385086905,2031
006/024-Cycling-2y-ASAQ-DHAPPQ-AL,6,0.7318893309101812,2031
006/024-Cycling-2y-ASAQ-DHAPPQ-AL,7,0.7219530545681114,2031
006/024-Cycling-2y-ASAQ-DHAPPQ-AL,8,0.766097141056437,2031
006/024-Cycling-2y-ASAQ-DHAPPQ-AL,9,0.7215725455146377,2031
006/024-Cycling-2y-ASAQ-DHAPPQ-AL,10,0.7162135759726005,2031
006/024-Cycling-2y-ASAQ-DHAPPQ-AL,11,0.7485466805442519,2031
006/024-Cycling-2y-ASAQ-DHAPPQ-AL,12,0.7245433240774273,2031
006/024-Cycling-2y-ASAQ-DHAPPQ-AL,13,0.7108388397265918,2031
006/024-Cycling-2y-ASAQ-DHAPPQ-AL,14,0.7485470192925949,2031
006/024-Cycling-2y-ASAQ-DHAPPQ-AL,15,0.7320231148901087,2031
006/024-Cycling-2y-ASAQ-DHAPPQ-AL,16,0.6887301020789492,2031
006/024-Cycling-2y-ASAQ-DHAPPQ-AL,17,0.7397687264745101,2031
006/024-Cycling-2y-ASAQ-DHAPPQ-AL,18,0.7379021787103839,2031
006/024-Cycling-2y-ASAQ-DHAPPQ-AL,19,0.7307490376451327,2031
006/024-Cycling-2y-ASAQ-DHAPPQ-AL,20,0.7261220257911188,2031
006/024-Cycling-2y-ASAQ-DHAPPQ-AL,21,0.7348054910038001,2031
006/024-Cycling-2y-ASAQ-DHAPPQ-AL,22,0.7257614482205689,2031
006/024-Cycling-2y-ASAQ-DHAPPQ-AL,23,0.7330983016097289,2031
006/024-Cycling-2y-ASAQ-DHAPPQ-AL,24,0.7143185050586326,2031
006/024-Cycling-2y-ASAQ-DHAPPQ-AL,25,0.7118233614124736,2031
006/024-Cycling-2y-ASAQ-DHAPPQ-AL,26,0.7106401229611369,2031
006/024-Cycling-2y-ASAQ-DHAPPQ-AL,27,0.7140856346727186,2031
006/024-Cycling-2y-ASAQ-DHAPPQ-AL,28,0.7437953561991506,2031
006/024-Cycling-2y-ASAQ-DHAPPQ-AL,29,0.6952884228494303,2031
006/024-Cycling-2y-ASAQ-DHAPPQ-AL,30,0.7788477806785181,2031
006/024-Cycling-2y-ASAQ-DHAPPQ-AL,31,0.7148881787230169,2031
006/024-Cycling-2y-ASAQ-DHAPPQ-AL,32,0.7371793695492787,2031
006/024-Cycling-2y-ASAQ-DHAPPQ-AL,33,0.7484783650423944,2031
006/024-Cycling-2y-ASAQ-DHAPPQ-AL,34,0.7248988967417868,2031
006/024-Cycling-2y-ASAQ-DHAPPQ-AL,35,0.7157266749999827,2031
006/024-Cycling-2y-ASAQ-DHAPPQ-AL,36,0.7329899284234264,2031
006/024-Cycling-2y-ASAQ-DHAPPQ-AL,37,0.7087384525502195,2031
006/024-Cycling-2y-ASAQ-DHAPPQ-AL,38,0.7154674967929598,2031
006/024-Cycling-2y-ASAQ-DHAPPQ-AL,39,0.7539080646554536,2031
006/024-Cycling-2y-ASAQ-DHAPPQ-AL,40,0.746015038279133,2031
006/024-Cycling-2y-ASAQ-DHAPPQ-AL,41,0.7400304047790108,2031
006/024-Cycling-2y-ASAQ-DHAPPQ-AL,42,0.7325495140270512,2031
006/024-Cycling-2y-ASAQ-DHAPPQ-AL,43,0.7401374686932551,2031
006/024-Cycling-2y-ASAQ-DHAPPQ-AL,44,0.7689492946530753,2031
006/024-Cycling-2y-ASAQ-DHAPPQ-AL,45,0.7123867007742258,2031
006/024-Cycling-2y-ASAQ-DHAPPQ-AL,46,0.7381978467727378,2031
006/024-Cycling-2y-ASAQ-DHAPPQ-AL,47,0.718605746813333,2031
006/024-Cycling-2y-ASAQ-DHAPPQ-AL,48,0.72367499790442,2031
006/024-Cycling-2y-ASAQ-DHAPPQ-AL,49,0.7514413358399947,2031
006/024-Cycling-2y-ASAQ-DHAPPQ-AL,50,0.7413363211054319,2031
006/024-Cycling-2y-ASAQ-DHAPPQ-AL,51,0.7144699722574345,2031
006/024-Cycling-2y-ASAQ-DHAPPQ-AL,52,0.7221062103624352,2031
006/024-Cycling-2y-ASAQ-DHAPPQ-AL,53,0.7409324414293437,2031
006/024-Cycling-2y-ASAQ-DHAPPQ-AL,54,0.7084855202620068,2031
006/024-Cycling-2y-ASAQ-DHAPPQ-AL,55,0.7418111277914986,2031
006/024-Cycling-2y-ASAQ-DHAPPQ-AL,56,0.7080532167326189,2031
006/024-Cycling-2y-ASAQ-DHAPPQ-AL,57,0.7132934233219115,2031
006/024-Cycling-2y-ASAQ-DHAPPQ-AL,58,0.7299306646593534,2031
006/024-Cycling-2y-ASAQ-DHAPPQ-AL,59,0.7150315780252788,2031
006/024-Cycling-2y-ASAQ-DHAPPQ-AL,60,0.7046188919859587,2031
006/024-Cycling-2y-ASAQ-DHAPPQ-AL,61,0.747728951875842,2031
006/024-Cycling-2y-ASAQ-DHAPPQ-AL,62,0.7343734766438592,2031
006/024-Cycling-2y-ASAQ-DHAPPQ-AL,63,0.7363957764331871,2031
006/024-Cycling-2y-ASAQ-DHAPPQ-AL,64,0.7251825821214836,2031
006/024-Cycling-2y-ASAQ-DHAPPQ-AL,65,0.7298441603240845,2031
006/024-Cycling-2y-ASAQ-DHAPPQ-AL,66,0.7378425957658293,2031
006/024-Cycling-2y-ASAQ-DHAPPQ-AL,67,0.7273405160425392,2031
006/024-Cycling-2y-ASAQ-DHAPPQ-AL,68,0.7108597306653004,2031
006/024-Cycling-2y-ASAQ-DHAPPQ-AL,69,0.7468362914529206,2031
006/024-Cycling-2y-ASAQ-DHAPPQ-AL,70,0.7362661360305179,2031
006/024-Cycling-2y-ASAQ-DHAPPQ-AL,71,0.7316032246427665,2031
006/024-Cycling-2y-ASAQ-DHAPPQ-AL,72,0.7230092887536889,2031
006/024-Cycling-2y-ASAQ-DHAPPQ-AL,73,0.6989237804909592,2031
006/024-Cycling-2y-ASAQ-DHAPPQ-AL,74,0.7190057781170497,2031
006/024-Cycling-2y-ASAQ-DHAPPQ-AL,75,0.7251018748087462,2031
006/024-Cycling-2y-ASAQ-DHAPPQ-AL,76,0.7152834471057874,2031
006/024-Cycling-2y-ASAQ-DHAPPQ-AL,77,0.7183509361270562,2031
006/024-Cycling-2y-ASAQ-DHAPPQ-AL,78,0.7242133264838566,2031
006/024-Cycling-2y-ASAQ-DHAPPQ-AL,79,0.75247303613764,2031
006/024-Cycling-2y-ASAQ-DHAPPQ-AL,80,0.7238859018812541,2031
006/024-Cycling-2y-ASAQ-DHAPPQ-AL,81,0.7147394322435199,2031
006/024-Cycling-2y-ASAQ-DHAPPQ-AL,82,0.728030822434442,2031
006/024-Cycling-2y-ASAQ-DHAPPQ-AL,83,0.7057421433717804,2031
006/024-Cycling-2y-ASAQ-DHAPPQ-AL,84,0.771526123125657,2031
006/024-Cycling-2y-ASAQ-DHAPPQ-AL,85,0.7387634264495008,2031
006/024-Cycling-2y-ASAQ-DHAPPQ-AL,86,0.7433745450074327,2031
006/024-Cycling-2y-ASAQ-DHAPPQ-AL,87,0.7222016939231279,2031
006/024-Cycling-2y-ASAQ-DHAPPQ-AL,88,0.7285128579409976,2031
006/024-Cycling-2y-ASAQ-DHAPPQ-AL,89,0.7005067412048426,2031
006/024-Cycling-2y-ASAQ-DHAPPQ-AL,90,0.7275818716214043,2031
006/024-Cycling-2y-ASAQ-DHAPPQ-AL,91,0.7124943935500113,2031
006/024-Cycling-2y-ASAQ-DHAPPQ-AL,92,0.7291373048597795,2031
006/024-Cycling-2y-ASAQ-DHAPPQ-AL,93,0.7240017751284435,2031
006/024-Cycling-2y-ASAQ-DHAPPQ-AL,94,0.7388329346008152,2031
006/024-Cycling-2y-ASAQ-DHAPPQ-AL,95,0.7379624052404105,2031
006/024-Cycling-2y-ASAQ-DHAPPQ-AL,96,0.7298297294529212,2031
006/024-Cycling-2y-ASAQ-DHAPPQ-AL,97,0.698937288420353,2031
006/024-Cycling-2y-ASAQ-DHAPPQ-AL,98,0.7189100419545952,2031
006/024-Cycling-2y-ASAQ-DHAPPQ-AL,99,0.7015005025889223,2031
006/025-Cycling-2y-DHAPPQ-AL-ASAQ,0,0.6939281732179673,2031
006/025-Cycling-2y-DHAPPQ-AL-ASAQ,1,0.7311023907596305,2031
006/025-Cycling-2y-DHAPPQ-AL-ASAQ,2,0.7264644831121047,2031
006/025-Cycling-2y-DHAPPQ-AL-ASAQ,3,0.738035583475975,2031
006/025-Cycling-2y-DHAPPQ-AL-ASAQ,4,0.7103920367764909,2031
006/025-Cycling-2y-DHAPPQ-AL-ASAQ,5,0.723778379739242,2031
006/025-Cycling-2y-DHAPPQ-AL-ASAQ,6,0.7182297926416251,2031
006/025-Cycling-2y-DHAPPQ-AL-ASAQ,7,0.7124979561408621,2031
006/025-Cycling-2y-DHAPPQ-AL-ASAQ,8,0.7123093460974544,2031
006/025-Cycling-2y-DHAPPQ-AL-ASAQ,9,0.7307613149231784,2031
006/025-Cycling-2y-DHAPPQ-AL-ASAQ,10,0.7350790947285284,2031
006/025-Cycling-2y-DHAPPQ-AL-ASAQ,11,0.7492236325311646,2031
006/025-Cycling-2y-DHAPPQ-AL-ASAQ,12,0.7219540065455822,2031
006/025-Cycling-2y-DHAPPQ-AL-ASAQ,13,0.7069937986470868,2031
006/025-Cycling-2y-DHAPPQ-AL-ASAQ,14,0.7196690890584904,2031
006/025-Cycling-2y-DHAPPQ-AL-ASAQ,15,0.7026688512730398,2031
006/025-Cycling-2y-DHAPPQ-AL-ASAQ,16,0.7217243910668114,2031
006/025-Cycling-2y-DHAPPQ-AL-ASAQ,17,0.6793305475533122,2031
006/025-Cycling-2y-DHAPPQ-AL-ASAQ,18,0.7540600066732677,2031
006/025-Cycling-2y-DHAPPQ-AL-ASAQ,19,0.7116735676860612,2031
006/025-Cycling-2y-DHAPPQ-AL-ASAQ,20,0.693511900953545,2031
006/025-Cycling-2y-DHAPPQ-AL-ASAQ,21,0.7181530661200721,2031
006/025-Cycling-2y-DHAPPQ-AL-ASAQ,22,0.6871585006200919,2031
006/025-Cycling-2y-DHAPPQ-AL-ASAQ,23,0.7337859740724424,2031
006/025-Cycling-2y-DHAPPQ-AL-ASAQ,24,0.7079385982908506,2031
006/025-Cycling-2y-DHAPPQ-AL-ASAQ,25,0.7276378792806745,2031
006/025-Cycling-2y-DHAPPQ-AL-ASAQ,26,0.7202050857558722,2031
006/025-Cycling-2y-DHAPPQ-AL-ASAQ,27,0.712743095229416,2031
006/025-Cycling-2y-DHAPPQ-AL-ASAQ,28,0.7051008016187135,2031
006/025-Cycling-2y-DHAPPQ-AL-ASAQ,29,0.723871318258915,2031
006/025-Cycling-2y-DHAPPQ-AL-ASAQ,30,0.6887342267313458,2031
006/025-Cycling-2y-DHAPPQ-AL-ASAQ,31,0.7186699800031459,2031
006/025-Cycling-2y-DHAPPQ-AL-ASAQ,32,0.7044072118402004,2031
006/025-Cycling-2y-DHAPPQ-AL-ASAQ,33,0.7400963071817959,2031
006/025-Cycling-2y-DHAPPQ-AL-ASAQ,34,0.7560211845101765,2031
006/025-Cycling-2y-DHAPPQ-AL-ASAQ,35,0.7222624127898506,2031
006/025-Cycling-2y-DHAPPQ-AL-ASAQ,36,0.7337574888243849,2031
006/025-Cycling-2y-DHAPPQ-AL-ASAQ,37,0.6819289657830799,2031
006/025-Cycling-2y-DHAPPQ-AL-ASAQ,38,0.7187726508005273,2031
006/025-Cycling-2y-DHAPPQ-AL-ASAQ,39,0.7022982518320093,2031
006/025-Cycling-2y-DHAPPQ-AL-ASAQ,40,0.7022386309640853,2031
006/025-Cycling-2y-DHAPPQ-AL-ASAQ,41,0.7318264915605558,2031
006/025-Cycling-2y-DHAPPQ-AL-ASAQ,42,0.7202193415087642,2031
006/025-Cycling-2y-DHAPPQ-AL-ASAQ,43,0.7212702764253947,2031
006/025-Cycling-2y-DHAPPQ-AL-ASAQ,44,0.6983186727015124,2031
006/025-Cycling-2y-DHAPPQ-AL-ASAQ,45,0.7314108595276959,2031
006/025-Cycling-2y-DHAPPQ-AL-ASAQ,46,0.7630351679553972,2031
006/025-Cycling-2y-DHAPPQ-AL-ASAQ,47,0.7274914001689309,2031
006/025-Cycling-2y-DHAPPQ-AL-ASAQ,48,0.7402338249035815,2031
006/025-Cycling-2y-DHAPPQ-AL-ASAQ,49,0.7133671632864943,2031
006/025-Cycling-2y-DHAPPQ-AL-ASAQ,50,0.7101558426368074,2031
006/025-Cycling-2y-DHAPPQ-AL-ASAQ,51,0.7119876674110693,2031
006/025-Cycling-2y-DHAPPQ-AL-ASAQ,52,0.7102772384709605,2031
006/025-Cycling-2y-DHAPPQ-AL-ASAQ,53,0.6896507795051113,2031
006/025-Cycling-2y-DHAPPQ-AL-ASAQ,54,0.738322467623525,2031
006/025-Cycling-2y-DHAPPQ-AL-ASAQ,55,0.7429611601501557,2031
006/025-Cycling-2y-DHAPPQ-AL-ASAQ,56,0.7245247094509321,2031
006/025-Cycling-2y-DHAPPQ-AL-ASAQ,57,0.6950507466931103,2031
006/025-Cycling-2y-DHAPPQ-AL-ASAQ,58,0.7223224677163643,2031
006/025-Cycling-2y-DHAPPQ-AL-ASAQ,59,0.6947569319953507,2031
006/025-Cycling-2y-DHAPPQ-AL-ASAQ,60,0.7146820795755454,2031
006/025-Cycling-2y-DHAPPQ-AL-ASAQ,61,0.717343770464164,2031
006/025-Cycling-2y-DHAPPQ-AL-ASAQ,62,0.6929215298579267,2031
006/025-Cycling-2y-DHAPPQ-AL-ASAQ,63,0.7371519633279311,2031
006/025-Cycling-2y-DHAPPQ-AL-ASAQ,64,0.7568078621976589,2031
006/025-Cycling-2y-DHAPPQ-AL-ASAQ,65,0.724318423581285,2031
006/025-Cycling-2y-DHAPPQ-AL-ASAQ,66,0.7064118496187461,2031
006/025-Cycling-2y-DHAPPQ-AL-ASAQ,67,0.6872402482146902,2031
006/025-Cycling-2y-DHAPPQ-AL-ASAQ,68,0.6827127904826246,2031
006/025-Cycling-2y-DHAPPQ-AL-ASAQ,69,0.7249622557627964,2031
006/025-Cycling-2y-DHAPPQ-AL-ASAQ,70,0.7249998913337689,2031
006/025-Cycling-2y-DHAPPQ-AL-ASAQ,71,0.7258440129834569,2031
006/025-Cycling-2y-DHAPPQ-AL-ASAQ,72,0.7236455445578011,2031
006/025-Cycling-2y-DHAPPQ-AL-ASAQ,73,0.7219703260181025,2031
006/025-Cycling-2y-DHAPPQ-AL-ASAQ,74,0.6895772935811695,2031
006/025-Cycling-2y-DHAPPQ-AL-ASAQ,75,0.6853732824205995,2031
006/025-Cycling-2y-DHAPPQ-AL-ASAQ,76,0.7080850307461853,2031
006/025-Cycling-2y-DHAPPQ-AL-ASAQ,77,0.7075985635721053,2031
006/025-Cycling-2y-DHAPPQ-AL-ASAQ,78,0.7173328785721506,2031
006/025-Cycling-2y-DHAPPQ-AL-ASAQ,79,0.7327465675716575,2031
006/025-Cycling-2y-DHAPPQ-AL-ASAQ,80,0.7125984202399517,2031
006/025-Cycling-2y-DHAPPQ-AL-ASAQ,81,0.6844440660971123,2031
006/025-Cycling-2y-DHAPPQ-AL-ASAQ,82,0.7252810885676831,2031
006/025-Cycling-2y-DHAPPQ-AL-ASAQ,83,0.6836689812868418,2031
006/025-Cycling-2y-DHAPPQ-AL-ASAQ,84,0.7218496239759012,2031
006/025-Cycling-2y-DHAPPQ-AL-ASAQ,85,0.7033070569518084,2031
006/025-Cycling-2y-DHAPPQ-AL-ASAQ,86,0.6999056707337782,2031
006/025-Cycling-2y-DHAPPQ-AL-ASAQ,87,0.7116420899888127,2031
006/025-Cycling-2y-DHAPPQ-AL-ASAQ,88,0.7061850526055925,2031
006/025-Cycling-2y-DHAPPQ-AL-ASAQ,89,0.7579066029528737,2031
006/025-Cycling-2y-DHAPPQ-AL-ASAQ,90,0.6874782916944887,2031
006/025-Cycling-2y-DHAPPQ-AL-ASAQ,91,0.7083144691262001,2031
006/025-Cycling-2y-DHAPPQ-AL-ASAQ,92,0.7139409042671624,2031
006/025-Cycling-2y-DHAPPQ-AL-ASAQ,93,0.7199524587983523,2031
006/025-Cycling-2y-DHAPPQ-AL-ASAQ,94,0.7394334354621899,2031
006/025-Cycling-2y-DHAPPQ-AL-ASAQ,95,0.6985761643377688,2031
006/025-Cycling-2y-DHAPPQ-AL-ASAQ,96,0.708394590315982,2031
006/025-Cycling-2y-DHAPPQ-AL-ASAQ,97,0.7042686531381727,2031
006/025-Cycling-2y-DHAPPQ-AL-ASAQ,98,0.7264584221788559,2031
006/025-Cycling-2y-DHAPPQ-AL-ASAQ,99,0.7130254907707033,2031
006/026-Cycling-2y-DHAPPQ-ASAQ-AL,0,0.7175613552139435,2031
006/026-Cycling-2y-DHAPPQ-ASAQ-AL,1,0.7240854993130238,2031
006/026-Cycling-2y-DHAPPQ-ASAQ-AL,2,0.7205328586080003,2031
006/026-Cycling-2y-DHAPPQ-ASAQ-AL,3,0.7102979842469311,2031
006/026-Cycling-2y-DHAPPQ-ASAQ-AL,4,0.7171221281785339,2031
006/026-Cycling-2y-DHAPPQ-ASAQ-AL,5,0.7554075235877428,2031
006/026-Cycling-2y-DHAPPQ-ASAQ-AL,6,0.7204002658782783,2031
006/026-Cycling-2y-DHAPPQ-ASAQ-AL,7,0.7162822518275714,2031
006/026-Cycling-2y-DHAPPQ-ASAQ-AL,8,0.7398068478238683,2031
006/026-Cycling-2y-DHAPPQ-ASAQ-AL,9,0.7200254823376291,2031
006/026-Cycling-2y-DHAPPQ-ASAQ-AL,10,0.7564407113106615,2031
006/026-Cycling-2y-DHAPPQ-ASAQ-AL,11,0.7251380195408813,2031
006/026-Cycling-2y-DHAPPQ-ASAQ-AL,12,0.7244603684120613,2031
006/026-Cycling-2y-DHAPPQ-ASAQ-AL,13,0.7292763969785888,2031
006/026-Cycling-2y-DHAPPQ-ASAQ-AL,14,0.7275143856525333,2031
006/026-Cycling-2y-DHAPPQ-ASAQ-AL,15,0.7331988525979906,2031
006/026-Cycling-2y-DHAPPQ-ASAQ-AL,16,0.7358207320689183,2031
006/026-Cycling-2y-DHAPPQ-ASAQ-AL,17,0.7365386806570567,2031
006/026-Cycling-2y-DHAPPQ-ASAQ-AL,18,0.7033103018996743,2031
006/026-Cycling-2y-DHAPPQ-ASAQ-AL,19,0.729230614338425,2031
006/026-Cycling-2y-DHAPPQ-ASAQ-AL,20,0.7389159657612471,2031
006/026-Cycling-2y-DHAPPQ-ASAQ-AL,21,0.7372642874739045,2031
006/026-Cycling-2y-DHAPPQ-ASAQ-AL,22,0.7300464273675162,2031
006/026-Cycling-2y-DHAPPQ-ASAQ-AL,23,0.7151859745082522,2031
006/026-Cycling-2y-DHAPPQ-ASAQ-AL,24,0.7126148834200811,2031
006/026-Cycling-2y-DHAPPQ-ASAQ-AL,25,0.7110748008010699,2031
006/026-Cycling-2y-DHAPPQ-ASAQ-AL,26,0.7173172103994198,2031
006/026-Cycling-2y-DHAPPQ-ASAQ-AL,27,0.7270252605933479,2031
006/026-Cycling-2y-DHAPPQ-ASAQ-AL,28,0.732030756818261,2031
006/026-Cycling-2y-DHAPPQ-ASAQ-AL,29,0.7108909883105089,2031
006/026-Cycling-2y-DHAPPQ-ASAQ-AL,30,0.6990117356929454,2031
006/026-Cycling-2y-DHAPPQ-ASAQ-AL,31,0.7095450840495253,2031
006/026-Cycling-2y-DHAPPQ-ASAQ-AL,32,0.7257446958361656,2031
006/026-Cycling-2y-DHAPPQ-ASAQ-AL,33,0.7049830110820898,2031
006/026-Cycling-2y-DHAPPQ-ASAQ-AL,34,0.7210039463735528,2031
006/026-Cycling-2y-DHAPPQ-ASAQ-AL,35,0.7415289148721002,2031
006/026-Cycling-2y-DHAPPQ-ASAQ-AL,36,0.7533943139363334,2031
006/026-Cycling-2y-DHAPPQ-ASAQ-AL,37,0.7500995434572215,2031
006/026-Cycling-2y-DHAPPQ-ASAQ-AL,38,0.753521316706832,2031
006/026-Cycling-2y-DHAPPQ-ASAQ-AL,39,0.7264806618857603,2031
006/026-Cycling-2y-DHAPPQ-ASAQ-AL,40,0.7293704003588019,2031
006/026-Cycling-2y-DHAPPQ-ASAQ-AL,41,0.7005719101654422,2031
006/026-Cycling-2y-DHAPPQ-ASAQ-AL,42,0.7187577072170593,2031
006/026-Cycling-2y-DHAPPQ-ASAQ-AL,43,0.729332464172951,2031
006/026-Cycling-2y-DHAPPQ-ASAQ-AL,44,0.7392745406935991,2031
006/026-Cycling-2y-DHAPPQ-ASAQ-AL,45,0.7408880818045723,2031
006/026-Cycling-2y-DHAPPQ-ASAQ-AL,46,0.7320797114287579,2031
006/026-Cycling-2y-DHAPPQ-ASAQ-AL,47,0.7259724853545965,2031
006/026-Cycling-2y-DHAPPQ-ASAQ-AL,48,0.6936579246082882,2031
006/026-Cycling-2y-DHAPPQ-ASAQ-AL,49,0.726484774750381,2031
006/026-Cycling-2y-DHAPPQ-ASAQ-AL,50,0.7576389391235857,2031
006/026-Cycling-2y-DHAPPQ-ASAQ-AL,51,0.7393566842859145,2031
006/026-Cycling-2y-DHAPPQ-ASAQ-AL,52,0.7079613405233195,2031
006/026-Cycling-2y-DHAPPQ-ASAQ-AL,53,0.7148116217567787,2031
006/026-Cycling-2y-DHAPPQ-ASAQ-AL,54,0.7368118312488048,2031
006/026-Cycling-2y-DHAPPQ-ASAQ-AL,55,0.7306294258803567,2031
006/026-Cycling-2y-DHAPPQ-ASAQ-AL,56,0.6955213651381965,2031
006/026-Cycling-2y-DHAPPQ-ASAQ-AL,57,0.75326704041705,2031
006/026-Cycling-2y-DHAPPQ-ASAQ-AL,58,0.7228670401696212,2031
006/026-Cycling-2y-DHAPPQ-ASAQ-AL,59,0.7344822341473032,2031
006/026-Cycling-2y-DHAPPQ-ASAQ-AL,60,0.725698924342273,2031
006/026-Cycling-2y-DHAPPQ-ASAQ-AL,61,0.7305392058435388,2031
006/026-Cycling-2y-DHAPPQ-ASAQ-AL,62,0.7362896667775182,2031
006/026-Cycling-2y-DHAPPQ-ASAQ-AL,63,0.7241645455584925,2031
006/026-Cycling-2y-DHAPPQ-ASAQ-AL,64,0.7258193081081284,2031
006/026-Cycling-2y-DHAPPQ-ASAQ-AL,65,0.7231945835365038,2031
006/026-Cycling-2y-DHAPPQ-ASAQ-AL,66,0.7614429650642882,2031
006/026-Cycling-2y-DHAPPQ-ASAQ-AL,67,0.7072935474238379,2031
006/026-Cycling-2y-DHAPPQ-ASAQ-AL,68,0.7219700673221344,2031
006/026-Cycling-2y-DHAPPQ-ASAQ-AL,69,0.7263373816511299,2031
006/026-Cycling-2y-DHAPPQ-ASAQ-AL,70,0.7196771971257067,2031
006/026-Cycling-2y-DHAPPQ-ASAQ-AL,71,0.7604038846275089,2031
006/026-Cycling-2y-DHAPPQ-ASAQ-AL,72,0.7567449118003259,2031
006/026-Cycling-2y-DHAPPQ-ASAQ-AL,73,0.7110317278751143,2031
006/026-Cycling-2y-DHAPPQ-ASAQ-AL,74,0.7341796118156214,2031
006/026-Cycling-2y-DHAPPQ-ASAQ-AL,75,0.7190360946099488,2031
006/026-Cycling-2y-DHAPPQ-ASAQ-AL,76,0.7204860464936921,2031
006/026-Cycling-2y-DHAPPQ-ASAQ-AL,77,0.696382421094652,2031
006/026-Cycling-2y-DHAPPQ-ASAQ-AL,78,0.7390011864838075,2031
006/026-Cycling-2y-DHAPPQ-ASAQ-AL,79,0.7096402687428641,2031
006/026-Cycling-2y-DHAPPQ-ASAQ-AL,80,0.7419573979957809,2031
006/026-Cycling-2y-DHAPPQ-ASAQ-AL,81,0.7228249530369616,2031
006/026-Cycling-2y-DHAPPQ-ASAQ-AL,82,0.695937034926247,2031
006/026-Cycling-2y-DHAPPQ-ASAQ-AL,83,0.7243182075141181,2031
006/026-Cycling-2y-DHAPPQ-ASAQ-AL,84,0.7230353131377553,2031
006/026-Cycling-2y-DHAPPQ-ASAQ-AL,85,0.7552813143145919,2031
006/026-Cycling-2y-DHAPPQ-ASAQ-AL,86,0.7393310602104194,2031
006/026-Cycling-2y-DHAPPQ-ASAQ-AL,87,0.732195424341553,2031
006/026-Cycling-2y-DHAPPQ-ASAQ-AL,88,0.7350827328032454,2031
006/026-Cycling-2y-DHAPPQ-ASAQ-AL,89,0.719640017708702,2031
006/026-Cycling-2y-DHAPPQ-ASAQ-AL,90,0.7265170085735352,2031
006/026-Cycling-2y-DHAPPQ-ASAQ-AL,91,0.744885639332238,2031
006/026-Cycling-2y-DHAPPQ-ASAQ-AL,92,0.7453917126095365,2031
006/026-Cycling-2y-DHAPPQ-ASAQ-AL,93,0.7376312457095974,2031
006/026-Cycling-2y-DHAPPQ-ASAQ-AL,94,0.7264994823684727,2031
006/026-Cycling-2y-DHAPPQ-ASAQ-AL,95,0.7218906413681091,2031
006/026-Cycling-2y-DHAPPQ-ASAQ-AL,96,0.7322983306915988,2031
006/026-Cycling-2y-DHAPPQ-ASAQ-AL,97,0.7285729007529967,2031
006/026-Cycling-2y-DHAPPQ-ASAQ-AL,98,0.7660793819365873,2031
006/026-Cycling-2y-DHAPPQ-ASAQ-AL,99,0.702250707996694,2031
006/027-Cycling-3y-AL-ASAQ,0,0.7323562037159016,2031
006/027-Cycling-3y-AL-ASAQ,1,0.7154895540644133,2031
006/027-Cycling-3y-AL-ASAQ,2,0.7186785406928827,2031
006/027-Cycling-3y-AL-ASAQ,3,0.7317978379232691,2031
006/027-Cycling-3y-AL-ASAQ,4,0.7250411460581385,2031
006/027-Cycling-3y-AL-ASAQ,5,0.7542510078946286,2031
006/027-Cycling-3y-AL-ASAQ,6,0.7325985910080569,2031
006/027-Cycling-3y-AL-ASAQ,7,0.7270617955829529,2031
006/027-Cycling-3y-AL-ASAQ,8,0.6993086171722478,2031
006/027-Cycling-3y-AL-ASAQ,9,0.7515465159524285,2031
006/027-Cycling-3y-AL-ASAQ,10,0.728899850742441,2031
006/027-Cycling-3y-AL-ASAQ,11,0.7777889834957805,2031
006/027-Cycling-3y-AL-ASAQ,12,0.7552670386814592,2031
006/027-Cycling-3y-AL-ASAQ,13,0.6951274664398285,2031
006/027-Cycling-3y-AL-ASAQ,14,0.7072622087114745,2031
006/027-Cycling-3y-AL-ASAQ,15,0.737953633533615,2031
006/027-Cycling-3y-AL-ASAQ,16,0.7401352521156445,2031
006/027-Cycling-3y-AL-ASAQ,17,0.723508665373605,2031
006/027-Cycling-3y-AL-ASAQ,18,0.7633158407325303,2031
006/027-Cycling-3y-AL-ASAQ,19,0.7039328852619158,2031
006/027-Cycling-3y-AL-ASAQ,20,0.7240414082248097,2031
006/027-Cycling-3y-AL-ASAQ,21,0.723865640398647,2031
006/027-Cycling-3y-AL-ASAQ,22,0.734089067087543,2031
006/027-Cycling-3y-AL-ASAQ,23,0.7603211375043747,2031
006/027-Cycling-3y-AL-ASAQ,24,0.7528527775669865,2031
006/027-Cycling-3y-AL-ASAQ,25,0.7190718499033011,2031
006/027-Cycling-3y-AL-ASAQ,26,0.7162445635772358,2031
006/027-Cycling-3y-AL-ASAQ,27,0.7503879967350265,2031
006/027-Cycling-3y-AL-ASAQ,28,0.7415166880117195,2031
006/027-Cycling-3y-AL-ASAQ,29,0.736323387081849,2031
006/027-Cycling-3y-AL-ASAQ,30,0.7308600943822773,2031
006/027-Cycling-3y-AL-ASAQ,31,0.749208073495968,2031
006/027-Cycling-3y-AL-ASAQ,32,0.749743447489377,2031
006/027-Cycling-3y-AL-ASAQ,33,0.729407710744761,2031
006/027-Cycling-3y-AL-ASAQ,34,0.7360940804401664,2031
006/027-Cycling-3y-AL-ASAQ,35,0.7564873995923009,2031
006/027-Cycling-3y-AL-ASAQ,36,0.73985902468372,2031
006/027-Cycling-3y-AL-ASAQ,37,0.7346368786900553,2031
006/027-Cycling-3y-AL-ASAQ,38,0.7395009257947232,2031
006/027-Cycling-3y-AL-ASAQ,39,0.7509415963858874,2031
006/027-Cycling-3y-AL-ASAQ,40,0.7315459984122527,2031
006/027-Cycling-3y-AL-ASAQ,41,0.7332523678813363,2031
006/027-Cycling-3y-AL-ASAQ,42,0.7370894318311078,2031
006/027-Cycling-3y-AL-ASAQ,43,0.7177578401448644,2031
006/027-Cycling-3y-AL-ASAQ,44,0.7163071344353029,2031
006/027-Cycling-3y-AL-ASAQ,45,0.7457452816352848,2031
006/027-Cycling-3y-AL-ASAQ,46,0.7337387636334299,2031
006/027-Cycling-3y-AL-ASAQ,47,0.7364440180530094,2031
006/027-Cycling-3y-AL-ASAQ,48,0.7164016004786468,2031
006/027-Cycling-3y-AL-ASAQ,49,0.6941921348896086,2031
006/027-Cycling-3y-AL-ASAQ,50,0.7513765047996764,2031
006/027-Cycling-3y-AL-ASAQ,51,0.6992956454188834,2031
006/027-Cycling-3y-AL-ASAQ,52,0.7125264197446577,2031
006/027-Cycling-3y-AL-ASAQ,53,0.7496423381150296,2031
006/027-Cycling-3y-AL-ASAQ,54,0.7491727088518895,2031
006/027-Cycling-3y-AL-ASAQ,55,0.7235695824633206,2031
006/027-Cycling-3y-AL-ASAQ,56,0.706985746537367,2031
006/027-Cycling-3y-AL-ASAQ,57,0.7188146409011016,2031
006/027-Cycling-3y-AL-ASAQ,58,0.7307764881935964,2031
006/027-Cycling-3y-AL-ASAQ,59,0.7049519907861214,2031
006/027-Cycling-3y-AL-ASAQ,60,0.747653225931193,2031
006/027-Cycling-3y-AL-ASAQ,61,0.7532955633930113,2031
006/027-Cycling-3y-AL-ASAQ,62,0.7193585422792093,2031
006/027-Cycling-3y-AL-ASAQ,63,0.6743605009669235,2031
006/027-Cycling-3y-AL-ASAQ,64,0.7246440321118489,2031
006/027-Cycling-3y-AL-ASAQ,65,0.7230007620404768,2031
006/027-Cycling-3y-AL-ASAQ,66,0.7424886158450051,2031
006/027-Cycling-3y-AL-ASAQ,67,0.6974804195140316,2031
006/027-Cycling-3y-AL-ASAQ,68,0.7522586096869567,2031
006/027-Cycling-3y-AL-ASAQ,69,0.7370349966395672,2031
006/027-Cycling-3y-AL-ASAQ,70,0.7651367095276904,2031
006/027-Cycling-3y-AL-ASAQ,71,0.7212223450460771,2031
006/027-Cycling-3y-AL-ASAQ,72,0.7364671333358315,2031
006/027-Cycling-3y-AL-ASAQ,73,0.7352130007845972,2031
006/027-Cycling-3y-AL-ASAQ,74,0.7548695668194231,2031
006/027-Cycling-3y-AL-ASAQ,75,0.7065771390669372,2031
006/027-Cycling-3y-AL-ASAQ,76,0.7166045890762968,2031
006/027-Cycling-3y-AL-ASAQ,77,0.7113235588915857,2031
006/027-Cycling-3y-AL-ASAQ,78,0.722347191799884,2031
006/027-Cycling-3y-AL-ASAQ,79,0.7538842237014137,2031
006/027-Cycling-3y-AL-ASAQ,80,0.6967957467814876,2031
006/027-Cycling-3y-AL-ASAQ,81,0.7430231847304428,2031
006/027-Cycling-3y-AL-ASAQ,82,0.720533534426953,2031
006/027-Cycling-3y-AL-ASAQ,83,0.7576010470905694,2031
006/027-Cycling-3y-AL-ASAQ,84,0.7156146226932206,2031
006/027-Cycling-3y-AL-ASAQ,85,0.704098868228919,2031
006/027-Cycling-3y-AL-ASAQ,86,0.7468784921747181,2031
006/027-Cycling-3y-AL-ASAQ,87,0.7403484244651305,2031
006/027-Cycling-3y-AL-ASAQ,88,0.7358719029523977,2031
006/027-Cycling-3y-AL-ASAQ,89,0.7289901080911368,2031
006/027-Cycling-3y-AL-ASAQ,90,0.7411218191836837,2031
006/027-Cycling-3y-AL-ASAQ,91,0.7500535407673112,2031
006/027-Cycling-3y-AL-ASAQ,92,0.730840860917691,2031
006/027-Cycling-3y-AL-ASAQ,93,0.7452962315168558,2031
006/027-Cycling-3y-AL-ASAQ,94,0.7061086552370125,2031
006/027-Cycling-3y-AL-ASAQ,95,0.737145165846314,2031
006/027-Cycling-3y-AL-ASAQ,96,0.7158493539414018,2031
006/027-Cycling-3y-AL-ASAQ,97,0.7492032779965679,2031
006/027-Cycling-3y-AL-ASAQ,98,0.7007237622057997,2031
006/027-Cycling-3y-AL-ASAQ,99,0.7191808231966624,2031
006/028-Cycling-3y-AL-DHAPPQ,0,0.762300568767909,2031
006/028-Cycling-3y-AL-DHAPPQ,1,0.7453805850166383,2031
006/028-Cycling-3y-AL-DHAPPQ,2,0.7321320019029508,2031
006/028-Cycling-3y-AL-DHAPPQ,3,0.7539130617395848,2031
006/028-Cycling-3y-AL-DHAPPQ,4,0.7716215363994087,2031
006/028-Cycling-3y-AL-DHAPPQ,5,0.7725521996033328,2031
006/028-Cycling-3y-AL-DHAPPQ,6,0.7651590187719607,2031
006/028-Cycling-3y-AL-DHAPPQ,7,0.7533402626783857,2031
006/028-Cycling-3y-AL-DHAPPQ,8,0.7515717640230465,2031
006/028-Cycling-3y-AL-DHAPPQ,9,0.7705838506941923,2031
006/028-Cycling-3y-AL-DHAPPQ,10,0.7812317391227798,2031
006/028-Cycling-3y-AL-DHAPPQ,11,0.7413402560986765,2031
006/028-Cycling-3y-AL-DHAPPQ,12,0.7780509663912251,2031
006/028-Cycling-3y-AL-DHAPPQ,13,0.7559566677798366,2031
006/028-Cycling-3y-AL-DHAPPQ,14,0.7429094596987226,2031
006/028-Cycling-3y-AL-DHAPPQ,15,0.7336256373531654,2031
006/028-Cycling-3y-AL-DHAPPQ,16,0.750399023919668,2031
006/028-Cycling-3y-AL-DHAPPQ,17,0.7804621723293943,2031
006/028-Cycling-3y-AL-DHAPPQ,18,0.7625215502538464,2031
006/028-Cycling-3y-AL-DHAPPQ,19,0.7808982409520692,2031
006/028-Cycling-3y-AL-DHAPPQ,20,0.719810885119286,2031
006/028-Cycling-3y-AL-DHAPPQ,21,0.7681399538617596,2031
006/028-Cycling-3y-AL-DHAPPQ,22,0.7744724875896916,2031
006/028-Cycling-3y-AL-DHAPPQ,23,0.7800413778559095,2031
006/028-Cycling-3y-AL-DHAPPQ,24,0.7464608330034843,2031
006/028-Cycling-3y-AL-DHAPPQ,25,0.7529385095731634,2031
006/028-Cycling-3y-AL-DHAPPQ,26,0.772298510214202,2031
006/028-Cycling-3y-AL-DHAPPQ,27,0.7852360852240637,2031
006/028-Cycling-3y-AL-DHAPPQ,28,0.7517125039363112,2031
006/028-Cycling-3y-AL-DHAPPQ,29,0.7475978625811566,2031
006/028-Cycling-3y-AL-DHAPPQ,30,0.7506852607851145,2031
006/028-Cycling-3y-AL-DHAPPQ,31,0.7798518644356011,2031
006/028-Cycling-3y-AL-DHAPPQ,32,0.7381926701001446,2031
006/028-Cycling-3y-AL-DHAPPQ,33,0.7303258520394763,2031
006/028-Cycling-3y-AL-DHAPPQ,34,0.7577684574220435,2031
006/028-Cycling-3y-AL-DHAPPQ,35,0.7776331811651168,2031
006/028-Cycling-3y-AL-DHAPPQ,36,0.7688905329106124,2031
006/028-Cycling-3y-AL-DHAPPQ,37,0.7386392620794524,2031
006/028-Cycling-3y-AL-DHAPPQ,38,0.7727323489971986,2031
006/028-Cycling-3y-AL-DHAPPQ,39,0.7764582375615494,2031
006/028-Cycling-3y-AL-DHAPPQ,40,0.7923341107257388,2031
006/028-Cycling-3y-AL-DHAPPQ,41,0.782503901748191,2031
006/028-Cycling-3y-AL-DHAPPQ,42,0.7194880712008143,2031
006/028-Cycling-3y-AL-DHAPPQ,43,0.7828761813319124,2031
006/028-Cycling-3y-AL-DHAPPQ,44,0.7399210722222332,2031
006/028-Cycling-3y-AL-DHAPPQ,45,0.7711141865550576,2031
006/028-Cycling-3y-AL-DHAPPQ,46,0.7437220154316266,2031
006/028-Cycling-3y-AL-DHAPPQ,47,0.7783667131367743,2031
006/028-Cycling-3y-AL-DHAPPQ,48,0.7602916343120589,2031
006/028-Cycling-3y-AL-DHAPPQ,49,0.7635296227899354,2031
006/028-Cycling-3y-AL-DHAPPQ,50,0.7966259408771846,2031
006/028-Cycling-3y-AL-DHAPPQ,51,0.7634155239831094,2031
006/028-Cycling-3y-AL-DHAPPQ,52,0.7805328357120667,2031
006/028-Cycling-3y-AL-DHAPPQ,53,0.7549646058357733,2031
006/028-Cycling-3y-AL-DHAPPQ,54,0.7569987677793472,2031
006/028-Cycling-3y-AL-DHAPPQ,55,0.7506346814362027,2031
006/028-Cycling-3y-AL-DHAPPQ,56,0.7610444291390751,2031
006/028-Cycling-3y-AL-DHAPPQ,57,0.7600223172086452,2031
006/028-Cycling-3y-AL-DHAPPQ,58,0.7308273290003818,2031
006/028-Cycling-3y-AL-DHAPPQ,59,0.7812153590579266,2031
006/028-Cycling-3y-AL-DHAPPQ,60,0.7649135238837647,2031
006/028-Cycling-3y-AL-DHAPPQ,61,0.7646707451153425,2031
006/028-Cycling-3y-AL-DHAPPQ,62,0.7546751250664796,2031
006/028-Cycling-3y-AL-DHAPPQ,63,0.7541217854724476,2031
006/028-Cycling-3y-AL-DHAPPQ,64,0.7655035269815872,2031
006/028-Cycling-3y-AL-DHAPPQ,65,0.7581240516031366,2031
006/028-Cycling-3y-AL-DHAPPQ,66,0.7541027338848206,2031
006/028-Cycling-3y-AL-DHAPPQ,67,0.7631303926894284,2031
006/028-Cycling-3y-AL-DHAPPQ,68,0.7665534475558798,2031
006/028-Cycling-3y-AL-DHAPPQ,69,0.7363386588559281,2031
006/028-Cycling-3y-AL-DHAPPQ,70,0.7664340473563894,2031
006/028-Cycling-3y-AL-DHAPPQ,71,0.7528268544463157,2031
006/028-Cycling-3y-AL-DHAPPQ,72,0.7576688963209355,2031
006/028-Cycling-3y-AL-DHAPPQ,73,0.7339466812495582,2031
006/028-Cycling-3y-AL-DHAPPQ,74,0.760106468813668,2031
006/028-Cycling-3y-AL-DHAPPQ,75,0.7319239945441839,2031
006/028-Cycling-3y-AL-DHAPPQ,76,0.7707974461849566,2031
006/028-Cycling-3y-AL-DHAPPQ,77,0.7471152477815558,2031
006/028-Cycling-3y-AL-DHAPPQ,78,0.7397693911287532,2031
006/028-Cycling-3y-AL-DHAPPQ,79,0.7571083578429839,2031
006/028-Cycling-3y-AL-DHAPPQ,80,0.7433863071990228,2031
006/028-Cycling-3y-AL-DHAPPQ,81,0.7311884938278762,2031
006/028-Cycling-3y-AL-DHAPPQ,82,0.7646378863180664,2031
006/028-Cycling-3y-AL-DHAPPQ,83,0.785439128197987,2031
006/028-Cycling-3y-AL-DHAPPQ,84,0.7631549615608959,2031
006/028-Cycling-3y-AL-DHAPPQ,85,0.7522233941256741,2031
006/028-Cycling-3y-AL-DHAPPQ,86,0.7748812555907012,2031
006/028-Cycling-3y-AL-DHAPPQ,87,0.7322164733811563,2031
006/028-Cycling-3y-AL-DHAPPQ,88,0.7554424672449703,2031
006/028-Cycling-3y-AL-DHAPPQ,89,0.7572949877345198,2031
006/028-Cycling-3y-AL-DHAPPQ,90,0.756168159293058,2031
006/028-Cycling-3y-AL-DHAPPQ,91,0.7512743548497555,2031
006/028-Cycling-3y-AL-DHAPPQ,92,0.7516902890624797,2031
006/028-Cycling-3y-AL-DHAPPQ,93,0.7363476634166095,2031
006/028-Cycling-3y-AL-DHAPPQ,94,0.7834194705904155,2031
006/028-Cycling-3y-AL-DHAPPQ,95,0.7764714385931835,2031
006/028-Cycling-3y-AL-DHAPPQ,96,0.725668360413421,2031
006/028-Cycling-3y-AL-DHAPPQ,97,0.7600789501778081,2031
006/028-Cycling-3y-AL-DHAPPQ,98,0.7477625566680497,2031
006/028-Cycling-3y-AL-DHAPPQ,99,0.7675527444769245,2031
006/029-Cycling-3y-ASAQ-AL,0,0.7681823622580729,2031
006/029-Cycling-3y-ASAQ-AL,1,0.7355917309184107,2031
006/029-Cycling-3y-ASAQ-AL,2,0.7476026461802913,2031
006/029-Cycling-3y-ASAQ-AL,3,0.7361247260671498,2031
006/029-Cycling-3y-ASAQ-AL,4,0.7344427013148288,2031
006/029-Cycling-3y-ASAQ-AL,5,0.732153709262174,2031
006/029-Cycling-3y-ASAQ-AL,6,0.7180857857537496,2031
006/029-Cycling-3y-ASAQ-AL,7,0.7397723115258935,2031
006/029-Cycling-3y-ASAQ-AL,8,0.7369418049827842,2031
006/029-Cycling-3y-ASAQ-AL,9,0.7496880920369482,2031
006/029-Cycling-3y-ASAQ-AL,10,0.7408842798232453,2031
006/029-Cycling-3y-ASAQ-AL,11,0.7553011900830277,2031
006/029-Cycling-3y-ASAQ-AL,12,0.726661136018108,2031
006/029-Cycling-3y-ASAQ-AL,13,0.7490638138472684,2031
006/029-Cycling-3y-ASAQ-AL,14,0.7124805485371176,2031
006/029-Cycling-3y-ASAQ-AL,15,0.7699755828132351,2031
006/029-Cycling-3y-ASAQ-AL,16,0.7452151795434117,2031
006/029-Cycling-3y-ASAQ-AL,17,0.7511367391283473,2031
006/029-Cycling-3y-ASAQ-AL,18,0.734710604453115,2031
006/029-Cycling-3y-ASAQ-AL,19,0.7057170037993665,2031
006/029-Cycling-3y-ASAQ-AL,20,0.7422924705470475,2031
006/029-Cycling-3y-ASAQ-AL,21,0.751376259993845,2031
006/029-Cycling-3y-ASAQ-AL,22,0.7346106680062098,2031
006/029-Cycling-3y-ASAQ-AL,23,0.7326981168189183,2031
006/029-Cycling-3y-ASAQ-AL,24,0.7338638335922939,2031
006/029-Cycling-3y-ASAQ-AL,25,0.7194423486845829,2031
006/029-Cycling-3y-ASAQ-AL,26,0.7326505161183962,2031
006/029-Cycling-3y-ASAQ-AL,27,0.7090451671284633,2031
006/029-Cycling-3y-ASAQ-AL,28,0.745451946155904,2031
006/029-Cycling-3y-ASAQ-AL,29,0.7307104744177512,2031
006/029-Cycling-3y-ASAQ-AL,30,0.7789605293890732,2031
006/029-Cycling-3y-ASAQ-AL,31,0.7657657051255207,2031
006/029-Cycling-3y-ASAQ-AL,32,0.7467506841848723,2031
006/029-Cycling-3y-ASAQ-AL,33,0.7739887900702599,2031
006/029-Cycling-3y-ASAQ-AL,34,0.730119762068902,2031
006/029-Cycling-3y-ASAQ-AL,35,0.7366310748702126,2031
006/029-Cycling-3y-ASAQ-AL,36,0.7839566736838379,2031
006/029-Cycling-3y-ASAQ-AL,37,0.7280229627041653,2031
006/029-Cycling-3y-ASAQ-AL,38,0.7626992914878331,2031
006/029-Cycling-3y-ASAQ-AL,39,0.726519062859816,2031
006/029-Cycling-3y-ASAQ-AL,40,0.7391934305986597,2031
006/029-Cycling-3y-ASAQ-AL,41,0.7266505629210699,2031
006/029-Cycling-3y-ASAQ-AL,42,0.7530770884906013,2031
006/029-Cycling-3y-ASAQ-AL,43,0.7467846346479612,2031
006/029-Cycling-3y-ASAQ-AL,44,0.7455399998547665,2031
006/029-Cycling-3y-ASAQ-AL,45,0.7122212779622652,2031
006/029-Cycling-3y-ASAQ-AL,46,0.7340357462768395,2031
006/029-Cycling-3y-ASAQ-AL,47,0.7027889930641654,2031
006/029-Cycling-3y-ASAQ-AL,48,0.7403728375019382,2031
006/029-Cycling-3y-ASAQ-AL,49,0.7341092019565533,2031
006/029-Cycling-3y-ASAQ-AL,50,0.74568570249758,2031
006/029-Cycling-3y-ASAQ-AL,51,0.7263920861719413,2031
006/029-Cycling-3y-ASAQ-AL,52,0.7231894011520827,2031
006/029-Cycling-3y-ASAQ-AL,53,0.7689117587656297,2031
006/029-Cycling-3y-ASAQ-AL,54,0.7412238034508336,2031
006/029-Cycling-3y-ASAQ-AL,55,0.740623126250647,2031
006/029-Cycling-3y-ASAQ-AL,56,0.6970628583058175,2031
006/029-Cycling-3y-ASAQ-AL,57,0.7608304412436478,2031
006/029-Cycling-3y-ASAQ-AL,58,0.7463707483626942,2031
006/029-Cycling-3y-ASAQ-AL,59,0.7515808931726835,2031
006/029-Cycling-3y-ASAQ-AL,60,0.7492847343500868,2031
006/029-Cycling-3y-ASAQ-AL,61,0.7759474367840481,2031
006/029-Cycling-3y-ASAQ-AL,62,0.7393501400893685,2031
006/029-Cycling-3y-ASAQ-AL,63,0.753431172831711,2031
006/029-Cycling-3y-ASAQ-AL,64,0.740812460934304,2031
006/029-Cycling-3y-ASAQ-AL,65,0.7532369063724668,2031
006/029-Cycling-3y-ASAQ-AL,66,0.7396422580402778,2031
006/029-Cycling-3y-ASAQ-AL,67,0.7258931059564916,2031
006/029-Cycling-3y-ASAQ-AL,68,0.713403717925035,2031
006/029-Cycling-3y-ASAQ-AL,69,0.7570713898792419,2031
006/029-Cycling-3y-ASAQ-AL,70,0.7490834331396946,2031
006/029-Cycling-3y-ASAQ-AL,71,0.731743603975911,2031
006/029-Cycling-3y-ASAQ-AL,72,0.7312355725403483,2031
006/029-Cycling-3y-ASAQ-AL,73,0.7623053551743534,2031
006/029-Cycling-3y-ASAQ-AL,74,0.7680817206044223,2031
006/029-Cycling-3y-ASAQ-AL,75,0.739890322079218,2031
006/029-Cycling-3y-ASAQ-AL,76,0.7258022937002654,2031
006/029-Cycling-3y-ASAQ-AL,77,0.7114139302458048,2031
006/029-Cycling-3y-ASAQ-AL,78,0.7730815009816019,2031
006/029-Cycling-3y-ASAQ-AL,79,0.7262715482997447,2031
006/029-Cycling-3y-ASAQ-AL,80,0.7639677515003301,2031
006/029-Cycling-3y-ASAQ-AL,81,0.7432796340348341,2031
006/029-Cycling-3y-ASAQ-AL,82,0.7532929684790272,2031
006/029-Cycling-3y-ASAQ-AL,83,0.7523761061967728,2031
006/029-Cycling-3y-ASAQ-AL,84,0.7369138169100743,2031
006/029-Cycling-3y-ASAQ-AL,85,0.7525250582498463,2031
006/029-Cycling-3y-ASAQ-AL,86,0.7354921852826234,2031
006/029-Cycling-3y-ASAQ-AL,87,0.7456522109730658,2031
006/029-Cycling-3y-ASAQ-AL,88,0.7696922851976645,2031
006/029-Cycling-3y-ASAQ-AL,89,0.7491643142554504,2031
006/029-Cycling-3y-ASAQ-AL,90,0.7252034251324843,2031
006/029-Cycling-3y-ASAQ-AL,91,0.7444303390257382,2031
006/029-Cycling-3y-ASAQ-AL,92,0.7358332315244045,2031
006/029-Cycling-3y-ASAQ-AL,93,0.7484914908800943,2031
006/029-Cycling-3y-ASAQ-AL,94,0.7357309410982459,2031
006/029-Cycling-3y-ASAQ-AL,95,0.7522490513940187,2031
006/029-Cycling-3y-ASAQ-AL,96,0.7372255732641788,2031
006/029-Cycling-3y-ASAQ-AL,97,0.7378057636620029,2031
006/029-Cycling-3y-ASAQ-AL,98,0.7478365064063839,2031
006/029-Cycling-3y-ASAQ-AL,99,0.7588191986269718,2031
006/030-Cycling-3y-ASAQ-DHAPPQ,0,0.6978120231530053,2031
006/030-Cycling-3y-ASAQ-DHAPPQ,1,0.712945042195097,2031
006/030-Cycling-3y-ASAQ-DHAPPQ,2,0.7246262392255961,2031
006/030-Cycling-3y-ASAQ-DHAPPQ,3,0.7033832760303752,2031
006/030-Cycling-3y-ASAQ-DHAPPQ,4,0.6869669598909233,2031
006/030-Cycling-3y-ASAQ-DHAPPQ,5,0.6908059227255795,2031
006/030-Cycling-3y-ASAQ-DHAPPQ,6,0.6701061206662325,2031
006/030-Cycling-3y-ASAQ-DHAPPQ,7,0.6786458474835174,2031
006/030-Cycling-3y-ASAQ-DHAPPQ,8,0.6694510939273703,2031
006/030-Cycling-3y-ASAQ-DHAPPQ,9,0.6908724957832183,2031
006/030-Cycling-3y-ASAQ-DHAPPQ,10,0.6637182425027882,2031
006/030-Cycling-3y-ASAQ-DHAPPQ,11,0.7129760953946613,2031
006/030-Cycling-3y-ASAQ-DHAPPQ,12,0.6793836674228464,2031
006/030-Cycling-3y-ASAQ-DHAPPQ,13,0.6608761112078002,2031
006/030-Cycling-3y-ASAQ-DHAPPQ,14,0.6818403243688733,2031
006/030-Cycling-3y-ASAQ-DHAPPQ,15,0.6644013206223515,2031
006/030-Cycling-3y-ASAQ-DHAPPQ,16,0.7275636539796809,2031
006/030-Cycling-3y-ASAQ-DHAPPQ,17,0.6908405369018823,2031
006/030-Cycling-3y-ASAQ-DHAPPQ,18,0.6893435208490756,2031
006/030-Cycling-3y-ASAQ-DHAPPQ,19,0.7031952175018672,2031
006/030-Cycling-3y-ASAQ-DHAPPQ,20,0.6797474947071809,2031
006/030-Cycling-3y-ASAQ-DHAPPQ,21,0.706054008283202,2031
006/030-Cycling-3y-ASAQ-DHAPPQ,22,0.6914544370452443,2031
006/030-Cycling-3y-ASAQ-DHAPPQ,23,0.7123656952332169,2031
006/030-Cycling-3y-ASAQ-DHAPPQ,24,0.6634597297252712,2031
006/030-Cycling-3y-ASAQ-DHAPPQ,25,0.6817228153202247,2031
006/030-Cycling-3y-ASAQ-DHAPPQ,26,0.6711764296274919,2031
006/030-Cycling-3y-ASAQ-DHAPPQ,27,0.7210745421907223,2031
006/030-Cycling-3y-ASAQ-DHAPPQ,28,0.6892224335719125,2031
006/030-Cycling-3y-ASAQ-DHAPPQ,29,0.6624436460837038,2031
006/030-Cycling-3y-ASAQ-DHAPPQ,30,0.6864249022656509,2031
006/030-Cycling-3y-ASAQ-DHAPPQ,31,0.7245921810744486,2031
006/030-Cycling-3y-ASAQ-DHAPPQ,32,0.6919582198322495,2031
006/030-Cycling-3y-ASAQ-DHAPPQ,33,0.6678363872488761,2031
006/030-Cycling-3y-ASAQ-DHAPPQ,34,0.6933961924836295,2031
006/030-Cycling-3y-ASAQ-DHAPPQ,35,0.6772903529615616,2031
006/030-Cycling-3y-ASAQ-DHAPPQ,36,0.7147180939073489,2031
006/030-Cycling-3y-ASAQ-DHAPPQ,37,0.6916786173328561,2031
006/030-Cycling-3y-ASAQ-DHAPPQ,38,0.6924689618861991,2031
006/030-Cycling-3y-ASAQ-DHAPPQ,39,0.66511909779308,2031
006/030-Cycling-3y-ASAQ-DHAPPQ,40,0.6784024861528296,2031
006/030-Cycling-3y-ASAQ-DHAPPQ,41,0.7386810573151873,2031
006/030-Cycling-3y-ASAQ-DHAPPQ,42,0.7004248630013358,2031
006/030-Cycling-3y-ASAQ-DHAPPQ,43,0.6890795832962103,2031
006/030-Cycling-3y-ASAQ-DHAPPQ,44,0.6871378924877759,2031
006/030-Cycling-3y-ASAQ-DHAPPQ,45,0.6808413527300391,2031
006/030-Cycling-3y-ASAQ-DHAPPQ,46,0.6795828727441907,2031
006/030-Cycling-3y-ASAQ-DHAPPQ,47,0.6783524281762747,2031
006/030-Cycling-3y-ASAQ-DHAPPQ,48,0.6775303970732197,2031
006/030-Cycling-3y-ASAQ-DHAPPQ,49,0.68330296006212,2031
006/030-Cycling-3y-ASAQ-DHAPPQ,50,0.6698754020415224,2031
006/030-Cycling-3y-ASAQ-DHAPPQ,51,0.6851986595366876,2031
006/030-Cycling-3y-ASAQ-DHAPPQ,52,0.661490058140169,2031
006/030-Cycling-3y-ASAQ-DHAPPQ,53,0.6830201518573945,2031
006/030-Cycling-3y-ASAQ-DHAPPQ,54,0.7191488373101381,2031
006/030-Cycling-3y-ASAQ-DHAPPQ,55,0.7114167028461432,2031
006/030-Cycling-3y-ASAQ-DHAPPQ,56,0.669385577136899,2031
006/030-Cycling-3y-ASAQ-DHAPPQ,57,0.7021256988713417,2031
006/030-Cycling-3y-ASAQ-DHAPPQ,58,0.6906140552035821,2031
006/030-Cycling-3y-ASAQ-DHAPPQ,59,0.7039286182567878,2031
006/030-Cycling-3y-ASAQ-DHAPPQ,60,0.6921809618971445,2031
006/030-Cycling-3y-ASAQ-DHAPPQ,61,0.684941643306634,2031
006/030-Cycling-3y-ASAQ-DHAPPQ,62,0.7106075597531913,2031
006/030-Cycling-3y-ASAQ-DHAPPQ,63,0.6716787790832849,2031
006/030-Cycling-3y-ASAQ-DHAPPQ,64,0.6938288072787205,2031
006/030-Cycling-3y-ASAQ-DHAPPQ,65,0.703901515397149,2031
006/030-Cycling-3y-ASAQ-DHAPPQ,66,0.6623981643432316,2031
006/030-Cycling-3y-ASAQ-DHAPPQ,67,0.6518511121104033,2031
006/030-Cycling-3y-ASAQ-DHAPPQ,68,0.6993877374362576,2031
006/030-Cycling-3y-ASAQ-DHAPPQ,69,0.7035346282774285,2031
006/030-Cycling-3y-ASAQ-DHAPPQ,70,0.6797824202218395,2031
006/030-Cycling-3y-ASAQ-DHAPPQ,71,0.7109240743640108,2031
006/030-Cycling-3y-ASAQ-DHAPPQ,72,0.6712705943977354,2031
006/030-Cycling-3y-ASAQ-DHAPPQ,73,0.7068822998444323,2031
006/030-Cycling-3y-ASAQ-DHAPPQ,74,0.7125437196993855,2031
006/030-Cycling-3y-ASAQ-DHAPPQ,75,0.6863370996647774,2031
006/030-Cycling-3y-ASAQ-DHAPPQ,76,0.6687471793674646,2031
006/030-Cycling-3y-ASAQ-DHAPPQ,77,0.6884433123419139,2031
006/030-Cycling-3y-ASAQ-DHAPPQ,78,0.6907856951522886,2031
006/030-Cycling-3y-ASAQ-DHAPPQ,79,0.6871879416890692,2031
006/030-Cycling-3y-ASAQ-DHAPPQ,80,0.6516684360839172,2031
006/030-Cycling-3y-ASAQ-DHAPPQ,81,0.6984132186070638,2031
006/030-Cycling-3y-ASAQ-DHAPPQ,82,0.7267686775617825,2031
006/030-Cycling-3y-ASAQ-DHAPPQ,83,0.6728898458590266,2031
006/030-Cycling-3y-ASAQ-DHAPPQ,84,0.6838785102813622,2031
006/030-Cycling-3y-ASAQ-DHAPPQ,85,0.7150777326236956,2031
006/030-Cycling-3y-ASAQ-DHAPPQ,86,0.6798703169157673,2031
006/030-Cycling-3y-ASAQ-DHAPPQ,87,0.665290459965502,2031
006/030-Cycling-3y-ASAQ-DHAPPQ,88,0.6975484103623263,2031
006/030-Cycling-3y-ASAQ-DHAPPQ,89,0.6881940195226098,2031
006/030-Cycling-3y-ASAQ-DHAPPQ,90,0.695896047033508,2031
006/030-Cycling-3y-ASAQ-DHAPPQ,91,0.7026325522104941,2031
006/030-Cycling-3y-ASAQ-DHAPPQ,92,0.694839244619433,2031
006/030-Cycling-3y-ASAQ-DHAPPQ,93,0.7038032243245409,2031
006/030-Cycling-3y-ASAQ-DHAPPQ,94,0.6863987347198904,2031
006/030-Cycling-3y-ASAQ-DHAPPQ,95,0.6695274783629007,2031
006/030-Cycling-3y-ASAQ-DHAPPQ,96,0.6520901877141853,2031
006/030-Cycling-3y-ASAQ-DHAPPQ,97,0.687980405328651,2031
006/030-Cycling-3y-ASAQ-DHAPPQ,98,0.6692351345214814,2031
006/030-Cycling-3y-ASAQ-DHAPPQ,99,0.7250917095775925,2031
006/031-Cycling-3y-DHAPPQ-AL,0,0.7658686052844966,2031
006/031-Cycling-3y-DHAPPQ-AL,1,0.7467629351593877,2031
006/031-Cycling-3y-DHAPPQ-AL,2,0.7789967561090821,2031
006/031-Cycling-3y-DHAPPQ-AL,3,0.7872192268361843,2031
006/031-Cycling-3y-DHAPPQ-AL,4,0.7701797311081834,2031
006/031-Cycling-3y-DHAPPQ-AL,5,0.7647205124768871,2031
006/031-Cycling-3y-DHAPPQ-AL,6,0.7511310220852722,2031
006/031-Cycling-3y-DHAPPQ-AL,7,0.7615471906746998,2031
006/031-Cycling-3y-DHAPPQ-AL,8,0.7604556711332768,2031
006/031-Cycling-3y-DHAPPQ-AL,9,0.7943883241014217,2031
006/031-Cycling-3y-DHAPPQ-AL,10,0.7911983219676498,2031
006/031-Cycling-3y-DHAPPQ-AL,11,0.7402636276932913,2031
006/031-Cycling-3y-DHAPPQ-AL,12,0.7731670453136988,2031
006/031-Cycling-3y-DHAPPQ-AL,13,0.7520272269277216,2031
006/031-Cycling-3y-DHAPPQ-AL,14,0.7668223349484017,2031
006/031-Cycling-3y-DHAPPQ-AL,15,0.7577670285011825,2031
006/031-Cycling-3y-DHAPPQ-AL,16,0.7607308601209605,2031
006/031-Cycling-3y-DHAPPQ-AL,17,0.7509459407308926,2031
006/031-Cycling-3y-DHAPPQ-AL,18,0.7503680654096048,2031
006/031-Cycling-3y-DHAPPQ-AL,19,0.7191420035553483,2031
006/031-Cycling-3y-DHAPPQ-AL,20,0.748323118276534,2031
006/031-Cycling-3y-DHAPPQ-AL,21,0.7761128904203792,2031
006/031-Cycling-3y-DHAPPQ-AL,22,0.7890833619866595,2031
006/031-Cycling-3y-DHAPPQ-AL,23,0.7583278757106097,2031
006/031-Cycling-3y-DHAPPQ-AL,24,0.7562459438425696,2031
006/031-Cycling-3y-DHAPPQ-AL,25,0.7556436517605296,2031
006/031-Cycling-3y-DHAPPQ-AL,26,0.7692979417818271,2031
006/031-Cycling-3y-DHAPPQ-AL,27,0.7642827477125795,2031
006/031-Cycling-3y-DHAPPQ-AL,28,0.7202477961437753,2031
006/031-Cycling-3y-DHAPPQ-AL,29,0.8009717997799166,2031
006/031-Cycling-3y-DHAPPQ-AL,30,0.7700120861401717,2031
006/031-Cycling-3y-DHAPPQ-AL,31,0.7728691798157148,2031
006/031-Cycling-3y-DHAPPQ-AL,32,0.7845577663356949,2031
006/031-Cycling-3y-DHAPPQ-AL,33,0.7741168393674611,2031
006/031-Cycling-3y-DHAPPQ-AL,34,0.7468085153787317,2031
006/031-Cycling-3y-DHAPPQ-AL,35,0.7703118999695099,2031
006/031-Cycling-3y-DHAPPQ-AL,36,0.784121211930449,2031
006/031-Cycling-3y-DHAPPQ-AL,37,0.7796459677136988,2031
006/031-Cycling-3y-DHAPPQ-AL,38,0.7541484763050438,2031
006/031-Cycling-3y-DHAPPQ-AL,39,0.7382482291246921,2031
006/031-Cycling-3y-DHAPPQ-AL,40,0.7638470703857619,2031
006/031-Cycling-3y-DHAPPQ-AL,41,0.7709421417802461,2031
006/031-Cycling-3y-DHAPPQ-AL,42,0.7502081591698125,2031
006/031-Cycling-3y-DHAPPQ-AL,43,0.7255147650361002,2031
006/031-Cycling-3y-DHAPPQ-AL,44,0.7663711675436787,2031
006/031-Cycling-3y-DHAPPQ-AL,45,0.7564197323559836,2031
006/031-Cycling-3y-DHAPPQ-AL,46,0.7791627065622883,2031
006/031-Cycling-3y-DHAPPQ-AL,47,0.7646245190872705,2031
006/031-Cycling-3y-DHAPPQ-AL,48,0.7528698176664773,2031
006/031-Cycling-3y-DHAPPQ-AL,49,0.7858416994342714,2031
006/031-Cycling-3y-DHAPPQ-AL,50,0.777257187739124,2031
006/031-Cycling-3y-DHAPPQ-AL,51,0.759578632191625,2031
006/031-Cycling-3y-DHAPPQ-AL,52,0.760906435602264,2031
006/031-Cycling-3y-DHAPPQ-AL,53,0.757116801706342,2031
006/031-Cycling-3y-DHAPPQ-AL,54,0.7762141305498168,2031
006/031-Cycling-3y-DHAPPQ-AL,55,0.7599919693827384,2031
006/031-Cycling-3y-DHAPPQ-AL,56,0.7648729315401658,2031
006/031-Cycling-3y-DHAPPQ-AL,57,0.7597491391204451,2031
006/031-Cycling-3y-DHAPPQ-AL,58,0.7493314101588542,2031
006/031-Cycling-3y-DHAPPQ-AL,59,0.7584007094677379,2031
006/031-Cycling-3y-DHAPPQ-AL,60,0.7521497945119605,2031
006/031-Cycling-3y-DHAPPQ-AL,61,0.7961340182592703,2031
006/031-Cycling-3y-DHAPPQ-AL,62,0.7608730029784828,2031
006/031-Cycling-3y-DHAPPQ-AL,63,0.7731430120593957,2031
006/031-Cycling-3y-DHAPPQ-AL,64,0.7582364381436001,2031
006/031-Cycling-3y-DHAPPQ-AL,65,0.7617965272706709,2031
006/031-Cycling-3y-DHAPPQ-AL,66,0.7760737328584444,2031
006/031-Cycling-3y-DHAPPQ-AL,67,0.7641525241690387,2031
006/031-Cycling-3y-DHAPPQ-AL,68,0.7540000672934831,2031
006/031-Cycling-3y-DHAPPQ-AL,69,0.7754173739135464,2031
006/031-Cycling-3y-DHAPPQ-AL,70,0.7741452721188563,2031
006/031-Cycling-3y-DHAPPQ-AL,71,0.7669674064040293,2031
006/031-Cycling-3y-DHAPPQ-AL,72,0.7700066458920908,2031
006/031-Cycling-3y-DHAPPQ-AL,73,0.7738724386795622,2031
006/031-Cycling-3y-DHAPPQ-AL,74,0.7577163926865014,2031
006/031-Cycling-3y-DHAPPQ-AL,75,0.7722325205387884,2031
006/031-Cycling-3y-DHAPPQ-AL,76,0.72299769843147,2031
006/031-Cycling-3y-DHAPPQ-AL,77,0.7620441886289209,2031
006/031-Cycling-3y-DHAPPQ-AL,78,0.7585004729536373,2031
006/031-Cycling-3y-DHAPPQ-AL,79,0.7701731036313367,2031
006/031-Cycling-3y-DHAPPQ-AL,80,0.7539347709453414,2031
006/031-Cycling-3y-DHAPPQ-AL,81,0.7734747114480321,2031
006/031-Cycling-3y-DHAPPQ-AL,82,0.7459029586490297,2031
006/031-Cycling-3y-DHAPPQ-AL,83,0.7710219293648994,2031
006/031-Cycling-3y-DHAPPQ-AL,84,0.7749475433462436,2031
006/031-Cycling-3y-DHAPPQ-AL,85,0.7857721797950156,2031
006/031-Cycling-3y-DHAPPQ-AL,86,0.7607153399833595,2031
006/031-Cycling-3y-DHAPPQ-AL,87,0.736277960760184,2031
006/031-Cycling-3y-DHAPPQ-AL,88,0.7635107060278191,2031
006/031-Cycling-3y-DHAPPQ-AL,89,0.7584468294476759,2031
006/031-Cycling-3y-DHAPPQ-AL,90,0.7545504180896924,2031
006/031-Cycling-3y-DHAPPQ-AL,91,0.7333654265037973,2031
006/031-Cycling-3y-DHAPPQ-AL,92,0.7323715893739239,2031
006/031-Cycling-3y-DHAPPQ-AL,93,0.7971154098196224,2031
006/031-Cycling-3y-DHAPPQ-AL,94,0.7520298603973039,2031
006/031-Cycling-3y-DHAPPQ-AL,95,0.7573788855814779,2031
006/031-Cycling-3y-DHAPPQ-AL,96,0.7586450066281492,2031
006/031-Cycling-3y-DHAPPQ-AL,97,0.7573799486558787,2031
006/031-Cycling-3y-DHAPPQ-AL,98,0.7748289615679612,2031
006/031-Cycling-3y-DHAPPQ-AL,99,0.7596264203428617,2031
006/032-Cycling-3y-DHAPPQ-ASAQ,0,0.6875084733443954,2031
006/032-Cycling-3y-DHAPPQ-ASAQ,1,0.6997363167196643,2031
006/032-Cycling-3y-DHAPPQ-ASAQ,2,0.6840115456299863,2031
006/032-Cycling-3y-DHAPPQ-ASAQ,3,0.6707727510095832,2031
006/032-Cycling-3y-DHAPPQ-ASAQ,4,0.691377455463181,2031
006/032-Cycling-3y-DHAPPQ-ASAQ,5,0.7095686847902508,2031
006/032-Cycling-3y-DHAPPQ-ASAQ,6,0.6821619284685805,2031
006/032-Cycling-3y-DHAPPQ-ASAQ,7,0.6860019187996219,2031
006/032-Cycling-3y-DHAPPQ-ASAQ,8,0.7147578759637568,2031
006/032-Cycling-3y-DHAPPQ-ASAQ,9,0.6847914741978526,2031
006/032-Cycling-3y-DHAPPQ-ASAQ,10,0.6721683555159107,2031
006/032-Cycling-3y-DHAPPQ-ASAQ,11,0.6532231248269004,2031
006/032-Cycling-3y-DHAPPQ-ASAQ,12,0.7168084555685305,2031
006/032-Cycling-3y-DHAPPQ-ASAQ,13,0.6749541455698062,2031
006/032-Cycling-3y-DHAPPQ-ASAQ,14,0.6558772638839264,2031
006/032-Cycling-3y-DHAPPQ-ASAQ,15,0.6893584715118619,2031
006/032-Cycling-3y-DHAPPQ-ASAQ,16,0.6753723476368472,2031
006/032-Cycling-3y-DHAPPQ-ASAQ,17,0.6677293725009581,2031
006/032-Cycling-3y-DHAPPQ-ASAQ,18,0.6822333125834467,2031
006/032-Cycling-3y-DHAPPQ-ASAQ,19,0.6812296229891421,2031
006/032-Cycling-3y-DHAPPQ-ASAQ,20,0.6428936039226443,2031
006/032-Cycling-3y-DHAPPQ-ASAQ,21,0.6801558586516894,2031
006/032-Cycling-3y-DHAPPQ-ASAQ,22,0.6637417447162638,2031
006/032-Cycling-3y-DHAPPQ-ASAQ,23,0.6649923015657737,2031
006/032-Cycling-3y-DHAPPQ-ASAQ,24,0.705253503990193,2031
006/032-Cycling-3y-DHAPPQ-ASAQ,25,0.6882371384599928,2031
006/032-Cycling-3y-DHAPPQ-ASAQ,26,0.6912956619433154,2031
006/032-Cycling-3y-DHAPPQ-ASAQ,27,0.6806175768400702,2031
006/032-Cycling-3y-DHAPPQ-ASAQ,28,0.6726761045715764,2031
006/032-Cycling-3y-DHAPPQ-ASAQ,29,0.6962132952361223,2031
006/032-Cycling-3y-DHAPPQ-ASAQ,30,0.6617654765115171,2031
006/032-Cycling-3y-DHAPPQ-ASAQ,31,0.6785102005176861,2031
006/032-Cycling-3y-DHAPPQ-ASAQ,32,0.6796614397514172,2031
006/032-Cycling-3y-DHAPPQ-ASAQ,33,0.6918442651156571,2031
006/032-Cycling-3y-DHAPPQ-ASAQ,34,0.6819178554008722,2031
006/032-Cycling-3y-DHAPPQ-ASAQ,35,0.7028204261611163,2031
006/032-Cycling-3y-DHAPPQ-ASAQ,36,0.697052659981936,2031
006/032-Cycling-3y-DHAPPQ-ASAQ,37,0.7172837796135373,2031
006/032-Cycling-3y-DHAPPQ-ASAQ,38,0.66545894054851,2031
006/032-Cycling-3y-DHAPPQ-ASAQ,39,0.6957503574217547,2031
006/032-Cycling-3y-DHAPPQ-ASAQ,40,0.7187360882535544,2031
006/032-Cycling-3y-DHAPPQ-ASAQ,41,0.644930380896775,2031
006/032-Cycling-3y-DHAPPQ-ASAQ,42,0.6957159566592628,2031
006/032-Cycling-3y-DHAPPQ-ASAQ,43,0.6634741717612525,2031
006/032-Cycling-3y-DHAPPQ-ASAQ,44,0.7135709803988922,2031
006/032-Cycling-3y-DHAPPQ-ASAQ,45,0.6929481409839736,2031
006/032-Cycling-3y-DHAPPQ-ASAQ,46,0.6824789590448419,2031
006/032-Cycling-3y-DHAPPQ-ASAQ,47,0.6856191258891297,2031
006/032-Cycling-3y-DHAPPQ-ASAQ,48,0.6943666620483914,2031
006/032-Cycling-3y-DHAPPQ-ASAQ,49,0.6931254424163985,2031
006/032-Cycling-3y-DHAPPQ-ASAQ,50,0.6694881285732414,2031
006/032-Cycling-3y-DHAPPQ-ASAQ,51,0.6710289327256542,2031
006/032-Cycling-3y-DHAPPQ-ASAQ,52,0.6924851473548544,2031
006/032-Cycling-3y-DHAPPQ-ASAQ,53,0.6965817310379693,2031
006/032-Cycling-3y-DHAPPQ-ASAQ,54,0.6880274181831508,2031
006/032-Cycling-3y-DHAPPQ-ASAQ,55,0.7135707799105825,2031
006/032-Cycling-3y-DHAPPQ-ASAQ,56,0.6960487834193483,2031
006/032-Cycling-3y-DHAPPQ-ASAQ,57,0.6937110859026042,2031
006/032-Cycling-3y-DHAPPQ-ASAQ,58,0.7180864041730063,2031
006/032-Cycling-3y-DHAPPQ-ASAQ,59,0.6897451961796777,2031
006/032-Cycling-3y-DHAPPQ-ASAQ,60,0.6922824659249348,2031
006/032-Cycling-3y-DHAPPQ-ASAQ,61,0.6991900486833197,2031
006/032-Cycling-3y-DHAPPQ-ASAQ,62,0.6944851520773797,2031
006/032-Cycling-3y-DHAPPQ-ASAQ,63,0.6852504158028202,2031
006/032-Cycling-3y-DHAPPQ-ASAQ,64,0.6886976072694845,2031
006/032-Cycling-3y-DHAPPQ-ASAQ,65,0.6977561637106507,2031
006/032-Cycling-3y-DHAPPQ-ASAQ,66,0.6931316937957447,2031
006/032-Cycling-3y-DHAPPQ-ASAQ,67,0.7211050669884411,2031
006/032-Cycling-3y-DHAPPQ-ASAQ,68,0.650438533062493,2031
006/032-Cycling-3y-DHAPPQ-ASAQ,69,0.6980524691484605,2031
006/032-Cycling-3y-DHAPPQ-ASAQ,70,0.6881956082784049,2031
006/032-Cycling-3y-DHAPPQ-ASAQ,71,0.6996329308024126,2031
006/032-Cycling-3y-DHAPPQ-ASAQ,72,0.6774145996823185,2031
006/032-Cycling-3y-DHAPPQ-ASAQ,73,0.6917846863873504,2031
006/032-Cycling-3y-DHAPPQ-ASAQ,74,0.6648729054711615,2031
006/032-Cycling-3y-DHAPPQ-ASAQ,75,0.6787431042248505,2031
006/032-Cycling-3y-DHAPPQ-ASAQ,76,0.7030876622166288,2031
006/032-Cycling-3y-DHAPPQ-ASAQ,77,0.6809671893857687,2031
006/032-Cycling-3y-DHAPPQ-ASAQ,78,0.7190079069225263,2031
006/032-Cycling-3y-DHAPPQ-ASAQ,79,0.691975898683673,2031
006/032-Cycling-3y-DHAPPQ-ASAQ,80,0.6893782019719855,2031
006/032-Cycling-3y-DHAPPQ-ASAQ,81,0.687334384182059,2031
006/032-Cycling-3y-DHAPPQ-ASAQ,82,0.7049303895597748,2031
006/032-Cycling-3y-DHAPPQ-ASAQ,83,0.6930259052980694,2031
006/032-Cycling-3y-DHAPPQ-ASAQ,84,0.6567586024355562,2031
006/032-Cycling-3y-DHAPPQ-ASAQ,85,0.6900388858372467,2031
006/032-Cycling-3y-DHAPPQ-ASAQ,86,0.6563504055591087,2031
006/032-Cycling-3y-DHAPPQ-ASAQ,87,0.6679065789847886,2031
006/032-Cycling-3y-DHAPPQ-ASAQ,88,0.6796953278790164,2031
006/032-Cycling-3y-DHAPPQ-ASAQ,89,0.6765084641836828,2031
006/032-Cycling-3y-DHAPPQ-ASAQ,90,0.6750723304735075,2031
006/032-Cycling-3y-DHAPPQ-ASAQ,91,0.714558101805082,2031
006/032-Cycling-3y-DHAPPQ-ASAQ,92,0.6694695902924829,2031
006/032-Cycling-3y-DHAPPQ-ASAQ,93,0.7006938000714281,2031
006/032-Cycling-3y-DHAPPQ-ASAQ,94,0.6769544184051409,2031
006/032-Cycling-3y-DHAPPQ-ASAQ,95,0.6672520378216936,2031
006/032-Cycling-3y-DHAPPQ-ASAQ,96,0.6864599309351395,2031
006/032-Cycling-3y-DHAPPQ-ASAQ,97,0.6859106758056224,2031
006/032-Cycling-3y-DHAPPQ-ASAQ,98,0.7080164778514102,2031
006/032-Cycling-3y-DHAPPQ-ASAQ,99,0.7082383126905031,2031
006/033-Cycling-3y-AL-ASAQ-DHAPPQ,0,0.7474161933182808,2031
006/033-Cycling-3y-AL-ASAQ-DHAPPQ,1,0.747141554496403,2031
006/033-Cycling-3y-AL-ASAQ-DHAPPQ,2,0.739418196055499,2031
006/033-Cycling-3y-AL-ASAQ-DHAPPQ,3,0.7436261656822304,2031
006/033-Cycling-3y-AL-ASAQ-DHAPPQ,4,0.7369002276782831,2031
006/033-Cycling-3y-AL-ASAQ-DHAPPQ,5,0.7357156581343348,2031
006/033-Cycling-3y-AL-ASAQ-DHAPPQ,6,0.7230295905619079,2031
006/033-Cycling-3y-AL-ASAQ-DHAPPQ,7,0.6938812123978243,2031
006/033-Cycling-3y-AL-ASAQ-DHAPPQ,8,0.7441825307419423,2031
006/033-Cycling-3y-AL-ASAQ-DHAPPQ,9,0.719662191361091,2031
006/033-Cycling-3y-AL-ASAQ-DHAPPQ,10,0.7012824692563825,2031
006/033-Cycling-3y-AL-ASAQ-DHAPPQ,11,0.765023224718902,2031
006/033-Cycling-3y-AL-ASAQ-DHAPPQ,12,0.7369293352878649,2031
006/033-Cycling-3y-AL-ASAQ-DHAPPQ,13,0.7200759189349552,2031
006/033-Cycling-3y-AL-ASAQ-DHAPPQ,14,0.7067916627017135,2031
006/033-Cycling-3y-AL-ASAQ-DHAPPQ,15,0.7352275004556733,2031
006/033-Cycling-3y-AL-ASAQ-DHAPPQ,16,0.7233296639590399,2031
006/033-Cycling-3y-AL-ASAQ-DHAPPQ,17,0.717586978560468,2031
006/033-Cycling-3y-AL-ASAQ-DHAPPQ,18,0.7082079633931576,2031
006/033-Cycling-3y-AL-ASAQ-DHAPPQ,19,0.7290664357397959,2031
006/033-Cycling-3y-AL-ASAQ-DHAPPQ,20,0.7154713540110574,2031
006/033-Cycling-3y-AL-ASAQ-DHAPPQ,21,0.7381257221964702,2031
006/033-Cycling-3y-AL-ASAQ-DHAPPQ,22,0.7357178412348874,2031
006/033-Cycling-3y-AL-ASAQ-DHAPPQ,23,0.7366206588541638,2031
006/033-Cycling-3y-AL-ASAQ-DHAPPQ,24,0.7187565128564691,2031
006/033-Cycling-3y-AL-ASAQ-DHAPPQ,25,0.7125196504428769,2031
006/033-Cycling-3y-AL-ASAQ-DHAPPQ,26,0.7546756854818946,2031
006/033-Cycling-3y-AL-ASAQ-DHAPPQ,27,0.6937816426147005,2031
006/033-Cycling-3y-AL-ASAQ-DHAPPQ,28,0.7180444355161733,2031
006/033-Cycling-3y-AL-ASAQ-DHAPPQ,29,0.7304169874759081,2031
006/033-Cycling-3y-AL-ASAQ-DHAPPQ,30,0.746211516701362,2031
006/033-Cycling-3y-AL-ASAQ-DHAPPQ,31,0.7397606876799191,2031
006/033-Cycling-3y-AL-ASAQ-DHAPPQ,32,0.752404869347267,2031
006/033-Cycling-3y-AL-ASAQ-DHAPPQ,33,0.7214662605789437,2031
006/033-Cycling-3y-AL-ASAQ-DHAPPQ,34,0.7398449584081894,2031
006/033-Cycling-3y-AL-ASAQ-DHAPPQ,35,0.7393184029143031,2031
006/033-Cycling-3y-AL-ASAQ-DHAPPQ,36,0.7335520798531373,2031
006/033-Cycling-3y-AL-ASAQ-DHAPPQ,37,0.7265715615795759,2031
006/033-Cycling-3y-AL-ASAQ-DHAPPQ,38,0.7678805472068895,2031
006/033-Cycling-3y-AL-ASAQ-DHAPPQ,39,0.7488067030365729,2031
006/033-Cycling-3y-AL-ASAQ-DHAPPQ,40,0.7196470425756392,2031
006/033-Cycling-3y-AL-ASAQ-DHAPPQ,41,0.7616433551566639,2031
006/033-Cycling-3y-AL-ASAQ-DHAPPQ,42,0.753866448886762,2031
006/033-Cycling-3y-AL-ASAQ-DHAPPQ,43,0.7513695905155168,2031
006/033-Cycling-3y-AL-ASAQ-DHAPPQ,44,0.6758779899863345,2031
006/033-Cycling-3y-AL-ASAQ-DHAPPQ,45,0.7567456472261062,2031
006/033-Cycling-3y-AL-ASAQ-DHAPPQ,46,0.7215792425329203,2031
006/033-Cycling-3y-AL-ASAQ-DHAPPQ,47,0.7550899205816965,2031
006/033-Cycling-3y-AL-ASAQ-DHAPPQ,48,0.7519636833392855,2031
006/033-Cycling-3y-AL-ASAQ-DHAPPQ,49,0.7432312359045241,2031
006/033-Cycling-3y-AL-ASAQ-DHAPPQ,50,0.7298200862040263,2031
006/033-Cycling-3y-AL-ASAQ-DHAPPQ,51,0.7107327702368869,2031
006/033-Cycling-3y-AL-ASAQ-DHAPPQ,52,0.7155734193619682,2031
006/033-Cycling-3y-AL-ASAQ-DHAPPQ,53,0.7295324137851273,2031
006/033-Cycling-3y-AL-ASAQ-DHAPPQ,54,0.7194546499773283,2031
006/033-Cycling-3y-AL-ASAQ-DHAPPQ,55,0.7373088765141032,2031
006/033-Cycling-3y-AL-ASAQ-DHAPPQ,56,0.7280689881242952,2031
006/033-Cycling-3y-AL-ASAQ-DHAPPQ,57,0.7295146591875064,2031
006/033-Cycling-3y-AL-ASAQ-DHAPPQ,58,0.7202071704415663,2031
006/033-Cycling-3y-AL-ASAQ-DHAPPQ,59,0.7491912046072337,2031
006/033-Cycling-3y-AL-ASAQ-DHAPPQ,60,0.7543628452542072,2031
006/033-Cycling-3y-AL-ASAQ-DHAPPQ,61,0.7216516557538787,2031
006/033-Cycling-3y-AL-ASAQ-DHAPPQ,62,0.7464938812116108,2031
006/033-Cycling-3y-AL-ASAQ-DHAPPQ,63,0.7056874047062994,2031
006/033-Cycling-3y-AL-ASAQ-DHAPPQ,64,0.7137637473728144,2031
006/033-Cycling-3y-AL-ASAQ-DHAPPQ,65,0.7381846020746985,2031
006/033-Cycling-3y-AL-ASAQ-DHAPPQ,66,0.7592600973159191,2031
006/033-Cycling-3y-AL-ASAQ-DHAPPQ,67,0.7005242440599075,2031
006/033-Cycling-3y-AL-ASAQ-DHAPPQ,68,0.7299464770107722,2031
006/033-Cycling-3y-AL-ASAQ-DHAPPQ,69,0.7280105389485926,2031
006/033-Cycling-3y-AL-ASAQ-DHAPPQ,70,0.7136771863575458,2031
006/033-Cycling-3y-AL-ASAQ-DHAPPQ,71,0.7410197544965982,2031
006/033-Cycling-3y-AL-ASAQ-DHAPPQ,72,0.717099411750138,2031
006/033-Cycling-3y-AL-ASAQ-DHAPPQ,73,0.717192997994505,2031
006/033-Cycling-3y-AL-ASAQ-DHAPPQ,74,0.7263558872843663,2031
006/033-Cycling-3y-AL-ASAQ-DHAPPQ,75,0.741744062233888,2031
006/033-Cycling-3y-AL-ASAQ-DHAPPQ,76,0.7314313824014982,2031
006/033-Cycling-3y-AL-ASAQ-DHAPPQ,77,0.723514230430729,2031
006/033-Cycling-3y-AL-ASAQ-DHAPPQ,78,0.7428587920879325,2031
006/033-Cycling-3y-AL-ASAQ-DHAPPQ,79,0.7538782380022994,2031
006/033-Cycling-3y-AL-ASAQ-DHAPPQ,80,0.7073062250735344,2031
006/033-Cycling-3y-AL-ASAQ-DHAPPQ,81,0.7222197226443562,2031
006/033-Cycling-3y-AL-ASAQ-DHAPPQ,82,0.7186837456275829,2031
006/033-Cycling-3y-AL-ASAQ-DHAPPQ,83,0.7197074316362198,2031
006/033-Cycling-3y-AL-ASAQ-DHAPPQ,84,0.7239965942344823,2031
006/033-Cycling-3y-AL-ASAQ-DHAPPQ,85,0.7293737660608718,2031
006/033-Cycling-3y-AL-ASAQ-DHAPPQ,86,0.7245600191068747,2031
006/033-Cycling-3y-AL-ASAQ-DHAPPQ,87,0.7243668881481856,2031
006/033-Cycling-3y-AL-ASAQ-DHAPPQ,88,0.7404651943288987,2031
006/033-Cycling-3y-AL-ASAQ-DHAPPQ,89,0.7305635408787566,2031
006/033-Cycling-3y-AL-ASAQ-DHAPPQ,90,0.7456624376007728,2031
006/033-Cycling-3y-AL-ASAQ-DHAPPQ,91,0.7258588397560098,2031
006/033-Cycling-3y-AL-ASAQ-DHAPPQ,92,0.7449601745641776,2031
006/033-Cycling-3y-AL-ASAQ-DHAPPQ,93,0.7424925678104795,2031
006/033-Cycling-3y-AL-ASAQ-DHAPPQ,94,0.7238200536640473,2031
006/033-Cycling-3y-AL-ASAQ-DHAPPQ,95,0.7145370829682514,2031
006/033-Cycling-3y-AL-ASAQ-DHAPPQ,96,0.7232680889210069,2031
006/033-Cycling-3y-AL-ASAQ-DHAPPQ,97,0.7446434115589483,2031
006/033-Cycling-3y-AL-ASAQ-DHAPPQ,98,0.7150855961732825,2031
006/033-Cycling-3y-AL-ASAQ-DHAPPQ,99,0.7272379497901231,2031
006/034-Cycling-3y-AL-DHAPPQ-ASAQ,0,0.7636266502836278,2031
006/034-Cycling-3y-AL-DHAPPQ-ASAQ,1,0.7753619360678378,2031
006/034-Cycling-3y-AL-DHAPPQ-ASAQ,2,0.7358039940087187,2031
006/034-Cycling-3y-AL-DHAPPQ-ASAQ,3,0.7651167728719526,2031
006/034-Cycling-3y-AL-DHAPPQ-ASAQ,4,0.7595986990156498,2031
006/034-Cycling-3y-AL-DHAPPQ-ASAQ,5,0.759196642762976,2031
006/034-Cycling-3y-AL-DHAPPQ-ASAQ,6,0.7784912301116216,2031
006/034-Cycling-3y-AL-DHAPPQ-ASAQ,7,0.7503616409743512,2031
006/034-Cycling-3y-AL-DHAPPQ-ASAQ,8,0.7606460852963036,2031
006/034-Cycling-3y-AL-DHAPPQ-ASAQ,9,0.7699563953550076,2031
006/034-Cycling-3y-AL-DHAPPQ-ASAQ,10,0.7880492804378606,2031
006/034-Cycling-3y-AL-DHAPPQ-ASAQ,11,0.7513570776646636,2031
006/034-Cycling-3y-AL-DHAPPQ-ASAQ,12,0.7557760583814828,2031
006/034-Cycling-3y-AL-DHAPPQ-ASAQ,13,0.7688594136452592,2031
006/034-Cycling-3y-AL-DHAPPQ-ASAQ,14,0.7950688301384553,2031
006/034-Cycling-3y-AL-DHAPPQ-ASAQ,15,0.7465539227024989,2031
006/034-Cycling-3y-AL-DHAPPQ-ASAQ,16,0.8118854237982241,2031
006/034-Cycling-3y-AL-DHAPPQ-ASAQ,17,0.7928380147458874,2031
006/034-Cycling-3y-AL-DHAPPQ-ASAQ,18,0.7646037927782907,2031
006/034-Cycling-3y-AL-DHAPPQ-ASAQ,19,0.7701623613990147,2031
006/034-Cycling-3y-AL-DHAPPQ-ASAQ,20,0.7882047143350737,2031
006/034-Cycling-3y-AL-DHAPPQ-ASAQ,21,0.7418992552288101,2031
006/034-Cycling-3y-AL-DHAPPQ-ASAQ,22,0.7507559591605842,2031
006/034-Cycling-3y-AL-DHAPPQ-ASAQ,23,0.7711278828401174,2031
006/034-Cycling-3y-AL-DHAPPQ-ASAQ,24,0.7758477723301255,2031
006/034-Cycling-3y-AL-DHAPPQ-ASAQ,25,0.7694009133215024,2031
006/034-Cycling-3y-AL-DHAPPQ-ASAQ,26,0.7428020731517103,2031
006/034-Cycling-3y-AL-DHAPPQ-ASAQ,27,0.7442459496168842,2031
006/034-Cycling-3y-AL-DHAPPQ-ASAQ,28,0.7212036969087311,2031
006/034-Cycling-3y-AL-DHAPPQ-ASAQ,29,0.7505266175754229,2031
006/034-Cycling-3y-AL-DHAPPQ-ASAQ,30,0.7619010796636277,2031
006/034-Cycling-3y-AL-DHAPPQ-ASAQ,31,0.748201338194288,2031
006/034-Cycling-3y-AL-DHAPPQ-ASAQ,32,0.7689227437975701,2031
006/034-Cycling-3y-AL-DHAPPQ-ASAQ,33,0.7459254953577937,2031
006/034-Cycling-3y-AL-DHAPPQ-ASAQ,34,0.7655731943437747,2031
006/034-Cycling-3y-AL-DHAPPQ-ASAQ,35,0.7657314940282186,2031
006/034-Cycling-3y-AL-DHAPPQ-ASAQ,36,0.7604328052279218,2031
006/034-Cycling-3y-AL-DHAPPQ-ASAQ,37,0.7657002006499436,2031
006/034-Cycling-3y-AL-DHAPPQ-ASAQ,38,0.7426848178195743,2031
006/034-Cycling-3y-AL-DHAPPQ-ASAQ,39,0.7313638082441908,2031
006/034-Cycling-3y-AL-DHAPPQ-ASAQ,40,0.7663733216573889,2031
006/034-Cycling-3y-AL-DHAPPQ-ASAQ,41,0.7638847745273054,2031
006/034-Cycling-3y-AL-DHAPPQ-ASAQ,42,0.755413963144418,2031
006/034-Cycling-3y-AL-DHAPPQ-ASAQ,43,0.7551904585943882,2031
006/034-Cycling-3y-AL-DHAPPQ-ASAQ,44,0.7817486460153521,2031
006/034-Cycling-3y-AL-DHAPPQ-ASAQ,45,0.7836225076372575,2031
006/034-Cycling-3y-AL-DHAPPQ-ASAQ,46,0.7589584819754515,2031
006/034-Cycling-3y-AL-DHAPPQ-ASAQ,47,0.7546789671757864,2031
006/034-Cycling-3y-AL-DHAPPQ-ASAQ,48,0.7629166505296464,2031
006/034-Cycling-3y-AL-DHAPPQ-ASAQ,49,0.8052885136183464,2031
006/034-Cycling-3y-AL-DHAPPQ-ASAQ,50,0.7718420199473154,2031
006/034-Cycling-3y-AL-DHAPPQ-ASAQ,51,0.7732816818055704,2031
006/034-Cycling-3y-AL-DHAPPQ-ASAQ,52,0.7219999899489434,2031
006/034-Cycling-3y-AL-DHAPPQ-ASAQ,53,0.7613216823124692,2031
006/034-Cycling-3y-AL-DHAPPQ-ASAQ,54,0.7531129603192755,2031
006/034-Cycling-3y-AL-DHAPPQ-ASAQ,55,0.7550874221074526,2031
006/034-Cycling-3y-AL-DHAPPQ-ASAQ,56,0.7621143120295747,2031
006/034-Cycling-3y-AL-DHAPPQ-ASAQ,57,0.7566043571791337,2031
006/034-Cycling-3y-AL-DHAPPQ-ASAQ,58,0.7381600549295341,2031
006/034-Cycling-3y-AL-DHAPPQ-ASAQ,59,0.7683047227670787,2031
006/034-Cycling-3y-AL-DHAPPQ-ASAQ,60,0.7638337110774972,2031
006/034-Cycling-3y-AL-DHAPPQ-ASAQ,61,0.7693438236654632,2031
006/034-Cycling-3y-AL-DHAPPQ-ASAQ,62,0.7985937843251502,2031
006/034-Cycling-3y-AL-DHAPPQ-ASAQ,63,0.7751581664382193,2031
006/034-Cycling-3y-AL-DHAPPQ-ASAQ,64,0.7559320253047939,2031
006/034-Cycling-3y-AL-DHAPPQ-ASAQ,65,0.7674571967354185,2031
006/034-Cycling-3y-AL-DHAPPQ-ASAQ,66,0.7817805913035395,2031
006/034-Cycling-3y-AL-DHAPPQ-ASAQ,67,0.7745457855773332,2031
006/034-Cycling-3y-AL-DHAPPQ-ASAQ,68,0.7891373004854315,2031
006/034-Cycling-3y-AL-DHAPPQ-ASAQ,69,0.7736342320088611,2031
006/034-Cycling-3y-AL-DHAPPQ-ASAQ,70,0.740958100685762,2031
006/034-Cycling-3y-AL-DHAPPQ-ASAQ,71,0.7690521049210827,2031
006/034-Cycling-3y-AL-DHAPPQ-ASAQ,72,0.7465517409277272,2031
006/034-Cycling-3y-AL-DHAPPQ-ASAQ,73,0.7634879353029232,2031
006/034-Cycling-3y-AL-DHAPPQ-ASAQ,74,0.756076175210496,2031
006/034-Cycling-3y-AL-DHAPPQ-ASAQ,75,0.793725840664001,2031
006/034-Cycling-3y-AL-DHAPPQ-ASAQ,76,0.7670295636076792,2031
006/034-Cycling-3y-AL-DHAPPQ-ASAQ,77,0.7490939471545642,2031
006/034-Cycling-3y-AL-DHAPPQ-ASAQ,78,0.7559682004476039,2031
006/034-Cycling-3y-AL-DHAPPQ-ASAQ,79,0.780375468343557,2031
006/034-Cycling-3y-AL-DHAPPQ-ASAQ,80,0.7509064826999573,2031
006/034-Cycling-3y-AL-DHAPPQ-ASAQ,81,0.7661947705156472,2031
006/034-Cycling-3y-AL-DHAPPQ-ASAQ,82,0.7615095733481448,2031
006/034-Cycling-3y-AL-DHAPPQ-ASAQ,83,0.737067989942337,2031
006/034-Cycling-3y-AL-DHAPPQ-ASAQ,84,0.7429631056690837,2031
006/034-Cycling-3y-AL-DHAPPQ-ASAQ,85,0.7545730366750516,2031
006/034-Cycling-3y-AL-DHAPPQ-ASAQ,86,0.7258114568857224,2031
006/034-Cycling-3y-AL-DHAPPQ-ASAQ,87,0.7410686811224537,2031
006/034-Cycling-3y-AL-DHAPPQ-ASAQ,88,0.7170444069184568,2031
006/034-Cycling-3y-AL-DHAPPQ-ASAQ,89,0.7356039244906513,2031
006/034-Cycling-3y-AL-DHAPPQ-ASAQ,90,0.7554654181545106,2031
006/034-Cycling-3y-AL-DHAPPQ-ASAQ,91,0.7572346015583054,2031
006/034-Cycling-3y-AL-DHAPPQ-ASAQ,92,0.7589751568976268,2031
006/034-Cycling-3y-AL-DHAPPQ-ASAQ,93,0.7475748087005227,2031
006/034-Cycling-3y-AL-DHAPPQ-ASAQ,94,0.7471099087994229,2031
006/034-Cycling-3y-AL-DHAPPQ-ASAQ,95,0.7469021300930194,2031
006/034-Cycling-3y-AL-DHAPPQ-ASAQ,96,0.7885329103062452,2031
006/034-Cycling-3y-AL-DHAPPQ-ASAQ,97,0.774188076096307,2031
006/034-Cycling-3y-AL-DHAPPQ-ASAQ,98,0.7604299177757388,2031
006/034-Cycling-3y-AL-DHAPPQ-ASAQ,99,0.7397833132755708,2031
006/035-Cycling-3y-ASAQ-AL-DHAPPQ,0,0.7579619054975026,2031
006/035-Cycling-3y-ASAQ-AL-DHAPPQ,1,0.7516464054018837,2031
006/035-Cycling-3y-ASAQ-AL-DHAPPQ,2,0.746062543857286,2031
006/035-Cycling-3y-ASAQ-AL-DHAPPQ,3,0.7523838666046774,2031
006/035-Cycling-3y-ASAQ-AL-DHAPPQ,4,0.7287791621698704,2031
006/035-Cycling-3y-ASAQ-AL-DHAPPQ,5,0.7481612298866107,2031
006/035-Cycling-3y-ASAQ-AL-DHAPPQ,6,0.7503335193941262,2031
006/035-Cycling-3y-ASAQ-AL-DHAPPQ,7,0.7716009248082335,2031
006/035-Cycling-3y-ASAQ-AL-DHAPPQ,8,0.7348629807003858,2031
006/035-Cycling-3y-ASAQ-AL-DHAPPQ,9,0.7488648419570597,2031
006/035-Cycling-3y-ASAQ-AL-DHAPPQ,10,0.7096403363074333,2031
006/035-Cycling-3y-ASAQ-AL-DHAPPQ,11,0.7200047720728205,2031
006/035-Cycling-3y-ASAQ-AL-DHAPPQ,12,0.7573761012499896,2031
006/035-Cycling-3y-ASAQ-AL-DHAPPQ,13,0.740462370678943,2031
006/035-Cycling-3y-ASAQ-AL-DHAPPQ,14,0.73976436672028,2031
006/035-Cycling-3y-ASAQ-AL-DHAPPQ,15,0.759237681295637,2031
006/035-Cycling-3y-ASAQ-AL-DHAPPQ,16,0.7387838403749759,2031
006/035-Cycling-3y-ASAQ-AL-DHAPPQ,17,0.7465984185741023,2031
006/035-Cycling-3y-ASAQ-AL-DHAPPQ,18,0.7766041346528311,2031
006/035-Cycling-3y-ASAQ-AL-DHAPPQ,19,0.7510875998348894,2031
006/035-Cycling-3y-ASAQ-AL-DHAPPQ,20,0.7240014280518748,2031
006/035-Cycling-3y-ASAQ-AL-DHAPPQ,21,0.7156758738298267,2031
006/035-Cycling-3y-ASAQ-AL-DHAPPQ,22,0.7368314113117128,2031
006/035-Cycling-3y-ASAQ-AL-DHAPPQ,23,0.7585585490852133,2031
006/035-Cycling-3y-ASAQ-AL-DHAPPQ,24,0.7204972121462615,2031
006/035-Cycling-3y-ASAQ-AL-DHAPPQ,25,0.7324356774883722,2031
006/035-Cycling-3y-ASAQ-AL-DHAPPQ,26,0.7721885992061974,2031
006/035-Cycling-3y-ASAQ-AL-DHAPPQ,27,0.7389326382257554,2031
006/035-Cycling-3y-ASAQ-AL-DHAPPQ,28,0.7353293472529835,2031
006/035-Cycling-3y-ASAQ-AL-DHAPPQ,29,0.7492596529287732,2031
006/035-Cycling-3y-ASAQ-AL-DHAPPQ,30,0.7094876882179321,2031
006/035-Cycling-3y-ASAQ-AL-DHAPPQ,31,0.7520783309640051,2031
006/035-Cycling-3y-ASAQ-AL-DHAPPQ,32,0.74714905187502,2031
006/035-Cycling-3y-ASAQ-AL-DHAPPQ,33,0.7009816168199402,2031
006/035-Cycling-3y-ASAQ-AL-DHAPPQ,34,0.7390865321497625,2031
006/035-Cycling-3y-ASAQ-AL-DHAPPQ,35,0.7667115069434424,2031
006/035-Cycling-3y-ASAQ-AL-DHAPPQ,36,0.7611412084060157,2031
006/035-Cycling-3y-ASAQ-AL-DHAPPQ,37,0.7642928651975694,2031
006/035-Cycling-3y-ASAQ-AL-DHAPPQ,38,0.7519033826599437,2031
006/035-Cycling-3y-ASAQ-AL-DHAPPQ,39,0.7532866582862559,2031
006/035-Cycling-3y-ASAQ-AL-DHAPPQ,40,0.7008179210208167,2031
006/035-Cycling-3y-ASAQ-AL-DHAPPQ,41,0.7273331734763335,2031
006/035-Cycling-3y-ASAQ-AL-DHAPPQ,42,0.7652530242772803,2031
006/035-Cycling-3y-ASAQ-AL-DHAPPQ,43,0.7243124253346721,2031
006/035-Cycling-3y-ASAQ-AL-DHAPPQ,44,0.7638716298964053,2031
006/035-Cycling-3y-ASAQ-AL-DHAPPQ,45,0.7379726717825793,2031
006/035-Cycling-3y-ASAQ-AL-DHAPPQ,46,0.7649067917223472,2031
006/035-Cycling-3y-ASAQ-AL-DHAPPQ,47,0.7551632933933647,2031
006/035-Cycling-3y-ASAQ-AL-DHAPPQ,48,0.7619485823309909,2031
006/035-Cycling-3y-ASAQ-AL-DHAPPQ,49,0.7225105740402472,2031
006/035-Cycling-3y-ASAQ-AL-DHAPPQ,50,0.7441655712246383,2031
006/035-Cycling-3y-ASAQ-AL-DHAPPQ,51,0.7414285780336173,2031
006/035-Cycling-3y-ASAQ-AL-DHAPPQ,52,0.7364928300381393,2031
006/035-Cycling-3y-ASAQ-AL-DHAPPQ,53,0.7430828520550291,2031
006/035-Cycling-3y-ASAQ-AL-DHAPPQ,54,0.7328492448682717,2031
006/035-Cycling-3y-ASAQ-AL-DHAPPQ,55,0.7420349690309506,2031
006/035-Cycling-3y-ASAQ-AL-DHAPPQ,56,0.715094300178143,2031
006/035-Cycling-3y-ASAQ-AL-DHAPPQ,57,0.7495776210315306,2031
006/035-Cycling-3y-ASAQ-AL-DHAPPQ,58,0.7421153762956011,2031
006/035-Cycling-3y-ASAQ-AL-DHAPPQ,59,0.7217812799745561,2031
006/035-Cycling-3y-ASAQ-AL-DHAPPQ,60,0.7386870328518774,2031
006/035-Cycling-3y-ASAQ-AL-DHAPPQ,61,0.7331760912108756,2031
006/035-Cycling-3y-ASAQ-AL-DHAPPQ,62,0.7571896430880197,2031
006/035-Cycling-3y-ASAQ-AL-DHAPPQ,63,0.7342081505420491,2031
006/035-Cycling-3y-ASAQ-AL-DHAPPQ,64,0.7620877152967257,2031
006/035-Cycling-3y-ASAQ-AL-DHAPPQ,65,0.754640251844667,2031
006/035-Cycling-3y-ASAQ-AL-DHAPPQ,66,0.7361660017447136,2031
006/035-Cycling-3y-ASAQ-AL-DHAPPQ,67,0.7400618490253502,2031
006/035-Cycling-3y-ASAQ-AL-DHAPPQ,68,0.7367203239492396,2031
006/035-Cycling-3y-ASAQ-AL-DHAPPQ,69,0.7563072241134475,2031
006/035-Cycling-3y-ASAQ-AL-DHAPPQ,70,0.7701233203306725,2031
006/035-Cycling-3y-ASAQ-AL-DHAPPQ,71,0.7247077035674874,2031
006/035-Cycling-3y-ASAQ-AL-DHAPPQ,72,0.7620224994244861,2031
006/035-Cycling-3y-ASAQ-AL-DHAPPQ,73,0.7102838783681708,2031
006/035-Cycling-3y-ASAQ-AL-DHAPPQ,74,0.7766542078991061,2031
006/035-Cycling-3y-ASAQ-AL-DHAPPQ,75,0.7490746802208118,2031
006/035-Cycling-3y-ASAQ-AL-DHAPPQ,76,0.7438555076114239,2031
006/035-Cycling-3y-ASAQ-AL-DHAPPQ,77,0.7649963844544999,2031
006/035-Cycling-3y-ASAQ-AL-DHAPPQ,78,0.7329271324987547,2031
006/035-Cycling-3y-ASAQ-AL-DHAPPQ,79,0.7613786748979291,2031
006/035-Cycling-3y-ASAQ-AL-DHAPPQ,80,0.7291824708195017,2031
006/035-Cycling-3y-ASAQ-AL-DHAPPQ,81,0.7576114994506913,2031
006/035-Cycling-3y-ASAQ-AL-DHAPPQ,82,0.7376626011232651,2031
006/035-Cycling-3y-ASAQ-AL-DHAPPQ,83,0.7186074084325407,2031
006/035-Cycling-3y-ASAQ-AL-DHAPPQ,84,0.7325315874546335,2031
006/035-Cycling-3y-ASAQ-AL-DHAPPQ,85,0.7455555486113714,2031
006/035-Cycling-3y-ASAQ-AL-DHAPPQ,86,0.7584659092167687,2031
006/035-Cycling-3y-ASAQ-AL-DHAPPQ,87,0.7442167162101333,2031
006/035-Cycling-3y-ASAQ-AL-DHAPPQ,88,0.7401215354195783,2031
006/035-Cycling-3y-ASAQ-AL-DHAPPQ,89,0.7262219657847789,2031
006/035-Cycling-3y-ASAQ-AL-DHAPPQ,90,0.7362819947675843,2031
006/035-Cycling-3y-ASAQ-AL-DHAPPQ,91,0.7563676703891126,2031
006/035-Cycling-3y-ASAQ-AL-DHAPPQ,92,0.7385083963324034,2031
006/035-Cycling-3y-ASAQ-AL-DHAPPQ,93,0.7332433057299036,2031
006/035-Cycling-3y-ASAQ-AL-DHAPPQ,94,0.74067730439533,2031
006/035-Cycling-3y-ASAQ-AL-DHAPPQ,95,0.7522284821516733,2031
006/035-Cycling-3y-ASAQ-AL-DHAPPQ,96,0.7348163312723117,2031
006/035-Cycling-3y-ASAQ-AL-DHAPPQ,97,0.7426328515959099,2031
006/035-Cycling-3y-ASAQ-AL-DHAPPQ,98,0.7377806120555416,2031
006/035-Cycling-3y-ASAQ-AL-DHAPPQ,99,0.7699079321970069,2031
006/036-Cycling-3y-ASAQ-DHAPPQ-AL,0,0.6952327691318317,2031
006/036-Cycling-3y-ASAQ-DHAPPQ-AL,1,0.6912206612882823,2031
006/036-Cycling-3y-ASAQ-DHAPPQ-AL,2,0.692320616343563,2031
006/036-Cycling-3y-ASAQ-DHAPPQ-AL,3,0.6818498032109019,2031
006/036-Cycling-3y-ASAQ-DHAPPQ-AL,4,0.6715556776271141,2031
006/036-Cycling-3y-ASAQ-DHAPPQ-AL,5,0.7114315566704436,2031
006/036-Cycling-3y-ASAQ-DHAPPQ-AL,6,0.7047354482749331,2031
006/036-Cycling-3y-ASAQ-DHAPPQ-AL,7,0.7010379727522259,2031
006/036-Cycling-3y-ASAQ-DHAPPQ-AL,8,0.6595909574278527,2031
006/036-Cycling-3y-ASAQ-DHAPPQ-AL,9,0.6808498227496907,2031
006/036-Cycling-3y-ASAQ-DHAPPQ-AL,10,0.6796152957672773,2031
006/036-Cycling-3y-ASAQ-DHAPPQ-AL,11,0.6860347913330139,2031
006/036-Cycling-3y-ASAQ-DHAPPQ-AL,12,0.670029132159829,2031
006/036-Cycling-3y-ASAQ-DHAPPQ-AL,13,0.7176877675762975,2031
006/036-Cycling-3y-ASAQ-DHAPPQ-AL,14,0.7018236863317987,2031
006/036-Cycling-3y-ASAQ-DHAPPQ-AL,15,0.6945638624988103,2031
006/036-Cycling-3y-ASAQ-DHAPPQ-AL,16,0.7015471818884755,2031
006/036-Cycling-3y-ASAQ-DHAPPQ-AL,17,0.7180682331326946,2031
006/036-Cycling-3y-ASAQ-DHAPPQ-AL,18,0.6899598301096169,2031
006/036-Cycling-3y-ASAQ-DHAPPQ-AL,19,0.6809092479143679,2031
006/036-Cycling-3y-ASAQ-DHAPPQ-AL,20,0.6971574887495883,2031
006/036-Cycling-3y-ASAQ-DHAPPQ-AL,21,0.706664418190635,2031
006/036-Cycling-3y-ASAQ-DHAPPQ-AL,22,0.7238258443002384,2031
006/036-Cycling-3y-ASAQ-DHAPPQ-AL,23,0.6842178523166126,2031
006/036-Cycling-3y-ASAQ-DHAPPQ-AL,24,0.684538989186743,2031
006/036-Cycling-3y-ASAQ-DHAPPQ-AL,25,0.6875782650037929,2031
006/036-Cycling-3y-ASAQ-DHAPPQ-AL,26,0.686325156803122,2031
006/036-Cycling-3y-ASAQ-DHAPPQ-AL,27,0.7099961420044284,2031
006/036-Cycling-3y-ASAQ-DHAPPQ-AL,28,0.6840674367046335,2031
006/036-Cycling-3y-ASAQ-DHAPPQ-AL,29,0.6874008778003553,2031
006/036-Cycling-3y-ASAQ-DHAPPQ-AL,30,0.6710005290705775,2031
006/036-Cycling-3y-ASAQ-DHAPPQ-AL,31,0.7040852340084248,2031
006/036-Cycling-3y-ASAQ-DHAPPQ-AL,32,0.6799594496320948,2031
006/036-Cycling-3y-ASAQ-DHAPPQ-AL,33,0.6919300919845695,2031
006/036-Cycling-3y-ASAQ-DHAPPQ-AL,34,0.7231196273152563,2031
006/036-Cycling-3y-ASAQ-DHAPPQ-AL,35,0.7003477949137217,2031
006/036-Cycling-3y-ASAQ-DHAPPQ-AL,36,0.6674195824404697,2031
006/036-Cycling-3y-ASAQ-DHAPPQ-AL,37,0.7053713647508877,2031
006/036-Cycling-3y-ASAQ-DHAPPQ-AL,38,0.7186999871967132,2031
006/036-Cycling-3y-ASAQ-DHAPPQ-AL,39,0.7118999069346001,2031
006/036-Cycling-3y-ASAQ-DHAPPQ-AL,40,0.6643543058090967,2031
006/036-Cycling-3y-ASAQ-DHAPPQ-AL,41,0.6738496431165514,2031
006/036-Cycling-3y-ASAQ-DHAPPQ-AL,42,0.7034699799896872,2031
006/036-Cycling-3y-ASAQ-DHAPPQ-AL,43,0.6612535354302277,2031
006/036-Cycling-3y-ASAQ-DHAPPQ-AL,44,0.6938195445824116,2031
006/036-Cycling-3y-ASAQ-DHAPPQ-AL,45,0.6894064705206696,2031
006/036-Cycling-3y-ASAQ-DHAPPQ-AL,46,0.6872393418992299,2031
006/036-Cycling-3y-ASAQ-DHAPPQ-AL,47,0.6713216473865153,2031
006/036-Cycling-3y-ASAQ-DHAPPQ-AL,48,0.7052822831711891,2031
006/036-Cycling-3y-ASAQ-DHAPPQ-AL,49,0.6947264315987213,2031
006/036-Cycling-3y-ASAQ-DHAPPQ-AL,50,0.6836267763132359,2031
006/036-Cycling-3y-ASAQ-DHAPPQ-AL,51,0.7095043033712778,2031
006/036-Cycling-3y-ASAQ-DHAPPQ-AL,52,0.6769899009612871,2031
006/036-Cycling-3y-ASAQ-DHAPPQ-AL,53,0.6709424856950791,2031
006/036-Cycling-3y-ASAQ-DHAPPQ-AL,54,0.6803371240639895,2031
006/036-Cycling-3y-ASAQ-DHAPPQ-AL,55,0.7028625043104357,2031
006/036-Cycling-3y-ASAQ-DHAPPQ-AL,56,0.6888800465539627,2031
006/036-Cycling-3y-ASAQ-DHAPPQ-AL,57,0.6808796322572571,2031
006/036-Cycling-3y-ASAQ-DHAPPQ-AL,58,0.7065357159021297,2031
006/036-Cycling-3y-ASAQ-DHAPPQ-AL,59,0.6786059626343142,2031
006/036-Cycling-3y-ASAQ-DHAPPQ-AL,60,0.6773631796323061,2031
006/036-Cycling-3y-ASAQ-DHAPPQ-AL,61,0.706809000243668,2031
006/036-Cycling-3y-ASAQ-DHAPPQ-AL,62,0.6858568959247274,2031
006/036-Cycling-3y-ASAQ-DHAPPQ-AL,63,0.69448849719905,2031
006/036-Cycling-3y-ASAQ-DHAPPQ-AL,64,0.6838726473191175,2031
006/036-Cycling-3y-ASAQ-DHAPPQ-AL,65,0.6624083134888288,2031
006/036-Cycling-3y-ASAQ-DHAPPQ-AL,66,0.6994127435467085,2031
006/036-Cycling-3y-ASAQ-DHAPPQ-AL,67,0.6893394412929191,2031
006/036-Cycling-3y-ASAQ-DHAPPQ-AL,68,0.6782079608035051,2031
006/036-Cycling-3y-ASAQ-DHAPPQ-AL,69,0.6794830831473196,2031
006/036-Cycling-3y-ASAQ-DHAPPQ-AL,70,0.703440478196354,2031
006/036-Cycling-3y-ASAQ-DHAPPQ-AL,71,0.6777760230631539,2031
006/036-Cycling-3y-ASAQ-DHAPPQ-AL,72,0.6542828521012214,2031
006/036-Cycling-3y-ASAQ-DHAPPQ-AL,73,0.6681231097440082,2031
006/036-Cycling-3y-ASAQ-DHAPPQ-AL,74,0.6924168774785312,2031
006/036-Cycling-3y-ASAQ-DHAPPQ-AL,75,0.676910980783037,2031
006/036-Cycling-3y-ASAQ-DHAPPQ-AL,76,0.7045323950257446,2031
006/036-Cycling-3y-ASAQ-DHAPPQ-AL,77,0.6937845681028914,2031
006/036-Cycling-3y-ASAQ-DHAPPQ-AL,78,0.7178491239214299,2031
006/036-Cycling-3y-ASAQ-DHAPPQ-AL,79,0.6712984512772483,2031
006/036-Cycling-3y-ASAQ-DHAPPQ-AL,80,0.6919426669825698,2031
006/036-Cycling-3y-ASAQ-DHAPPQ-AL,81,0.6876117268757699,2031
006/036-Cycling-3y-ASAQ-DHAPPQ-AL,82,0.7196475758258188,2031
006/036-Cycling-3y-ASAQ-DHAPPQ-AL,83,0.6964989760248049,2031
006/036-Cycling-3y-ASAQ-DHAPPQ-AL,84,0.7050154103664141,2031
006/036-Cycling-3y-ASAQ-DHAPPQ-AL,85,0.6740713010927658,2031
006/036-Cycling-3y-ASAQ-DHAPPQ-AL,86,0.6965630607949382,2031
006/036-Cycling-3y-ASAQ-DHAPPQ-AL,87,0.691777399184874,2031
006/036-Cycling-3y-ASAQ-DHAPPQ-AL,88,0.6726842055763097,2031
006/036-Cycling-3y-ASAQ-DHAPPQ-AL,89,0.7062958918610773,2031
006/036-Cycling-3y-ASAQ-DHAPPQ-AL,90,0.701067150629255,2031
006/036-Cycling-3y-ASAQ-DHAPPQ-AL,91,0.6897603803011383,2031
006/036-Cycling-3y-ASAQ-DHAPPQ-AL,92,0.6947406612378377,2031
006/036-Cycling-3y-ASAQ-DHAPPQ-AL,93,0.7253544120396258,2031
006/036-Cycling-3y-ASAQ-DHAPPQ-AL,94,0.694570166928425,2031
006/036-Cycling-3y-ASAQ-DHAPPQ-AL,95,0.6903975285395426,2031
006/036-Cycling-3y-ASAQ-DHAPPQ-AL,96,0.6650404231101369,2031
006/036-Cycling-3y-ASAQ-DHAPPQ-AL,97,0.7001945213534294,2031
006/036-Cycling-3y-ASAQ-DHAPPQ-AL,98,0.7071316808877697,2031
006/036-Cycling-3y-ASAQ-DHAPPQ-AL,99,0.6910786153420022,2031
006/037-Cycling-3y-DHAPPQ-AL-ASAQ,0,0.798043931668043,2031
006/037-Cycling-3y-DHAPPQ-AL-ASAQ,1,0.7653931435790327,2031
006/037-Cycling-3y-DHAPPQ-AL-ASAQ,2,0.7731678513586769,2031
006/037-Cycling-3y-DHAPPQ-AL-ASAQ,3,0.7531671331731804,2031
006/037-Cycling-3y-DHAPPQ-AL-ASAQ,4,0.7495390561679794,2031
006/037-Cycling-3y-DHAPPQ-AL-ASAQ,5,0.7624928436555858,2031
006/037-Cycling-3y-DHAPPQ-AL-ASAQ,6,0.7471704907056268,2031
006/037-Cycling-3y-DHAPPQ-AL-ASAQ,7,0.7771085855931358,2031
006/037-Cycling-3y-DHAPPQ-AL-ASAQ,8,0.7609226269811774,2031
006/037-Cycling-3y-DHAPPQ-AL-ASAQ,9,0.7420326606014185,2031
006/037-Cycling-3y-DHAPPQ-AL-ASAQ,10,0.7817204624107085,2031
006/037-Cycling-3y-DHAPPQ-AL-ASAQ,11,0.7418941154393862,2031
006/037-Cycling-3y-DHAPPQ-AL-ASAQ,12,0.7641761901854487,2031
006/037-Cycling-3y-DHAPPQ-AL-ASAQ,13,0.749113086972225,2031
006/037-Cycling-3y-DHAPPQ-AL-ASAQ,14,0.7789334208587332,2031
006/037-Cycling-3y-DHAPPQ-AL-ASAQ,15,0.7527082711170047,2031
006/037-Cycling-3y-DHAPPQ-AL-ASAQ,16,0.7797828636786094,2031
006/037-Cycling-3y-DHAPPQ-AL-ASAQ,17,0.7457189834953123,2031
006/037-Cycling-3y-DHAPPQ-AL-ASAQ,18,0.7588593066936097,2031
006/037-Cycling-3y-DHAPPQ-AL-ASAQ,19,0.758729564620905,2031
006/037-Cycling-3y-DHAPPQ-AL-ASAQ,20,0.7373854728539043,2031
006/037-Cycling-3y-DHAPPQ-AL-ASAQ,21,0.7782810595123264,2031
006/037-Cycling-3y-DHAPPQ-AL-ASAQ,22,0.7754325160566536,2031
006/037-Cycling-3y-DHAPPQ-AL-ASAQ,23,0.7728695996198266,2031
006/037-Cycling-3y-DHAPPQ-AL-ASAQ,24,0.7789361728759845,2031
006/037-Cycling-3y-DHAPPQ-AL-ASAQ,25,0.7351668964291784,2031
006/037-Cycling-3y-DHAPPQ-AL-ASAQ,26,0.7790246632816875,2031
006/037-Cycling-3y-DHAPPQ-AL-ASAQ,27,0.7593974067357884,2031
006/037-Cycling-3y-DHAPPQ-AL-ASAQ,28,0.7328425529140065,2031
006/037-Cycling-3y-DHAPPQ-AL-ASAQ,29,0.7570681734588368,2031
006/037-Cycling-3y-DHAPPQ-AL-ASAQ,30,0.7559392509754513,2031
006/037-Cycling-3y-DHAPPQ-AL-ASAQ,31,0.76668059851653,2031
006/037-Cycling-3y-DHAPPQ-AL-ASAQ,32,0.7597544557487176,2031
006/037-Cycling-3y-DHAPPQ-AL-ASAQ,33,0.7944490645674941,2031
006/037-Cycling-3y-DHAPPQ-AL-ASAQ,34,0.7534065285235428,2031
006/037-Cycling-3y-DHAPPQ-AL-ASAQ,35,0.7645769669341176,2031
006/037-Cycling-3y-DHAPPQ-AL-ASAQ,36,0.7889162377096519,2031
006/037-Cycling-3y-DHAPPQ-AL-ASAQ,37,0.7614343471153863,2031
006/037-Cycling-3y-DHAPPQ-AL-ASAQ,38,0.8061032849964044,2031
006/037-Cycling-3y-DHAPPQ-AL-ASAQ,39,0.7673423309691573,2031
006/037-Cycling-3y-DHAPPQ-AL-ASAQ,40,0.7380548339306462,2031
006/037-Cycling-3y-DHAPPQ-AL-ASAQ,41,0.7459017424171148,2031
006/037-Cycling-3y-DHAPPQ-AL-ASAQ,42,0.7544515738486298,2031
006/037-Cycling-3y-DHAPPQ-AL-ASAQ,43,0.7596023307101464,2031
006/037-Cycling-3y-DHAPPQ-AL-ASAQ,44,0.7948115976993407,2031
006/037-Cycling-3y-DHAPPQ-AL-ASAQ,45,0.7735677418379135,2031
006/037-Cycling-3y-DHAPPQ-AL-ASAQ,46,0.7734022084858451,2031
006/037-Cycling-3y-DHAPPQ-AL-ASAQ,47,0.760420006529095,2031
006/037-Cycling-3y-DHAPPQ-AL-ASAQ,48,0.7726503367960444,2031
006/037-Cycling-3y-DHAPPQ-AL-ASAQ,49,0.7949222727358908,2031
006/037-Cycling-3y-DHAPPQ-AL-ASAQ,50,0.7669272920481992,2031
006/037-Cycling-3y-DHAPPQ-AL-ASAQ,51,0.7587635830313294,2031
006/037-Cycling-3y-DHAPPQ-AL-ASAQ,52,0.7636463141493869,2031
006/037-Cycling-3y-DHAPPQ-AL-ASAQ,53,0.7480335578549434,2031
006/037-Cycling-3y-DHAPPQ-AL-ASAQ,54,0.7547456832487547,2031
006/037-Cycling-3y-DHAPPQ-AL-ASAQ,55,0.7686029272395379,2031
006/037-Cycling-3y-DHAPPQ-AL-ASAQ,56,0.772022055103219,2031
006/037-Cycling-3y-DHAPPQ-AL-ASAQ,57,0.7591672218231076,2031
006/037-Cycling-3y-DHAPPQ-AL-ASAQ,58,0.7524816417878623,2031
006/037-Cycling-3y-DHAPPQ-AL-ASAQ,59,0.7745413431255966,2031
006/037-Cycling-3y-DHAPPQ-AL-ASAQ,60,0.7689550946215514,2031
006/037-Cycling-3y-DHAPPQ-AL-ASAQ,61,0.7705164607794931,2031
006/037-Cycling-3y-DHAPPQ-AL-ASAQ,62,0.7629870264096835,2031
006/037-Cycling-3y-DHAPPQ-AL-ASAQ,63,0.7760579654819937,2031
006/037-Cycling-3y-DHAPPQ-AL-ASAQ,64,0.7713439088282228,2031
006/037-Cycling-3y-DHAPPQ-AL-ASAQ,65,0.7840171292281052,2031
006/037-Cycling-3y-DHAPPQ-AL-ASAQ,66,0.7975350338688246,2031
006/037-Cycling-3y-DHAPPQ-AL-ASAQ,67,0.7684792841531612,2031
006/037-Cycling-3y-DHAPPQ-AL-ASAQ,68,0.7414423980114866,2031
006/037-Cycling-3y-DHAPPQ-AL-ASAQ,69,0.836396515165667,2031
006/037-Cycling-3y-DHAPPQ-AL-ASAQ,70,0.758732703555367,2031
006/037-Cycling-3y-DHAPPQ-AL-ASAQ,71,0.7555755250245784,2031
006/037-Cycling-3y-DHAPPQ-AL-ASAQ,72,0.7617536107138765,2031
006/037-Cycling-3y-DHAPPQ-AL-ASAQ,73,0.7645731195916826,2031
006/037-Cycling-3y-DHAPPQ-AL-ASAQ,74,0.7589322451324123,2031
006/037-Cycling-3y-DHAPPQ-AL-ASAQ,75,0.7685336746475189,2031
006/037-Cycling-3y-DHAPPQ-AL-ASAQ,76,0.7732071336012457,2031
006/037-Cycling-3y-DHAPPQ-AL-ASAQ,77,0.7514772418663394,2031
006/037-Cycling-3y-DHAPPQ-AL-ASAQ,78,0.7583340451158777,2031
006/037-Cycling-3y-DHAPPQ-AL-ASAQ,79,0.7575483122627952,2031
006/037-Cycling-3y-DHAPPQ-AL-ASAQ,80,0.7601625221962628,2031
006/037-Cycling-3y-DHAPPQ-AL-ASAQ,81,0.7731555909225172,2031
006/037-Cycling-3y-DHAPPQ-AL-ASAQ,82,0.7558081569198936,2031
006/037-Cycling-3y-DHAPPQ-AL-ASAQ,83,0.7964513836866658,2031
006/037-Cycling-3y-DHAPPQ-AL-ASAQ,84,0.7694135884920464,2031
006/037-Cycling-3y-DHAPPQ-AL-ASAQ,85,0.7495029483503249,2031
006/037-Cycling-3y-DHAPPQ-AL-ASAQ,86,0.7559450295188994,2031
006/037-Cycling-3y-DHAPPQ-AL-ASAQ,87,0.7873604001668265,2031
006/037-Cycling-3y-DHAPPQ-AL-ASAQ,88,0.7556948504281151,2031
006/037-Cycling-3y-DHAPPQ-AL-ASAQ,89,0.773564976203661,2031
006/037-Cycling-3y-DHAPPQ-AL-ASAQ,90,0.7727968683203449,2031
006/037-Cycling-3y-DHAPPQ-AL-ASAQ,91,0.7806835802647782,2031
006/037-Cycling-3y-DHAPPQ-AL-ASAQ,92,0.7429452291779338,2031
006/037-Cycling-3y-DHAPPQ-AL-ASAQ,93,0.7862502682147895,2031
006/037-Cycling-3y-DHAPPQ-AL-ASAQ,94,0.7722018476582581,2031
006/037-Cycling-3y-DHAPPQ-AL-ASAQ,95,0.7580465773018442,2031
006/037-Cycling-3y-DHAPPQ-AL-ASAQ,96,0.7850142010433293,2031
006/037-Cycling-3y-DHAPPQ-AL-ASAQ,97,0.7597258740778209,2031
006/037-Cycling-3y-DHAPPQ-AL-ASAQ,98,0.7698072932150604,2031
006/037-Cycling-3y-DHAPPQ-AL-ASAQ,99,0.781525265253154,2031
006/038-Cycling-3y-DHAPPQ-ASAQ-AL,0,0.6846556326100681,2031
006/038-Cycling-3y-DHAPPQ-ASAQ-AL,1,0.7027631970630535,2031
006/038-Cycling-3y-DHAPPQ-ASAQ-AL,2,0.7090887669393607,2031
006/038-Cycling-3y-DHAPPQ-ASAQ-AL,3,0.660780442738912,2031
006/038-Cycling-3y-DHAPPQ-ASAQ-AL,4,0.7019070813200989,2031
006/038-Cycling-3y-DHAPPQ-ASAQ-AL,5,0.7136208414695534,2031
006/038-Cycling-3y-DHAPPQ-ASAQ-AL,6,0.6711548248344675,2031
006/038-Cycling-3y-DHAPPQ-ASAQ-AL,7,0.7365216683781005,2031
006/038-Cycling-3y-DHAPPQ-ASAQ-AL,8,0.6677765505285048,2031
006/038-Cycling-3y-DHAPPQ-ASAQ-AL,9,0.6838284819768384,2031
006/038-Cycling-3y-DHAPPQ-ASAQ-AL,10,0.6892196806604924,2031
006/038-Cycling-3y-DHAPPQ-ASAQ-AL,11,0.711632830074584,2031
006/038-Cycling-3y-DHAPPQ-ASAQ-AL,12,0.6781575314353853,2031
006/038-Cycling-3y-DHAPPQ-ASAQ-AL,13,0.6656735266576986,2031
006/038-Cycling-3y-DHAPPQ-ASAQ-AL,14,0.6762252315822844,2031
006/038-Cycling-3y-DHAPPQ-ASAQ-AL,15,0.6760869345686746,2031
006/038-Cycling-3y-DHAPPQ-ASAQ-AL,16,0.6877195000794337,2031
006/038-Cycling-3y-DHAPPQ-ASAQ-AL,17,0.6948228478407111,2031
006/038-Cycling-3y-DHAPPQ-ASAQ-AL,18,0.7131318084851355,2031
006/038-Cycling-3y-DHAPPQ-ASAQ-AL,19,0.7180740138056904,2031
006/038-Cycling-3y-DHAPPQ-ASAQ-AL,20,0.6906597820527703,2031
006/038-Cycling-3y-DHAPPQ-ASAQ-AL,21,0.6721884150620663,2031
006/038-Cycling-3y-DHAPPQ-ASAQ-AL,22,0.6735111881618582,2031
006/038-Cycling-3y-DHAPPQ-ASAQ-AL,23,0.6935405688029364,2031
006/038-Cycling-3y-DHAPPQ-ASAQ-AL,24,0.6787338221673926,2031
006/038-Cycling-3y-DHAPPQ-ASAQ-AL,25,0.6689777083654591,2031
006/038-Cycling-3y-DHAPPQ-ASAQ-AL,26,0.7093985874472998,2031
006/038-Cycling-3y-DHAPPQ-ASAQ-AL,27,0.6975640528679685,2031
006/038-Cycling-3y-DHAPPQ-ASAQ-AL,28,0.6649927773301111,2031
006/038-Cycling-3y-DHAPPQ-ASAQ-AL,29,0.6974231732573405,2031
006/038-Cycling-3y-DHAPPQ-ASAQ-AL,30,0.6820087979091207,2031
006/038-Cycling-3y-DHAPPQ-ASAQ-AL,31,0.6704421209446946,2031
006/038-Cycling-3y-DHAPPQ-ASAQ-AL,32,0.6719417282721284,2031
006/038-Cycling-3y-DHAPPQ-ASAQ-AL,33,0.697143485368572,2031
006/038-Cycling-3y-DHAPPQ-ASAQ-AL,34,0.7192791555527571,2031
006/038-Cycling-3y-DHAPPQ-ASAQ-AL,35,0.7232383078760405,2031
006/038-Cycling-3y-DHAPPQ-ASAQ-AL,36,0.6899492071365897,2031
006/038-Cycling-3y-DHAPPQ-ASAQ-AL,37,0.6781978142483323,2031
006/038-Cycling-3y-DHAPPQ-ASAQ-AL,38,0.6760508876459546,2031
006/038-Cycling-3y-DHAPPQ-ASAQ-AL,39,0.6653424891484275,2031
006/038-Cycling-3y-DHAPPQ-ASAQ-AL,40,0.6548667099445018,2031
006/038-Cycling-3y-DHAPPQ-ASAQ-AL,41,0.6847223128917065,2031
006/038-Cycling-3y-DHAPPQ-ASAQ-AL,42,0.7171362758917775,2031
006/038-Cycling-3y-DHAPPQ-ASAQ-AL,43,0.7196956324560562,2031
006/038-Cycling-3y-DHAPPQ-ASAQ-AL,44,0.702239424885745,2031
006/038-Cycling-3y-DHAPPQ-ASAQ-AL,45,0.6501175851086557,2031
006/038-Cycling-3y-DHAPPQ-ASAQ-AL,46,0.6769938563680715,2031
006/038-Cycling-3y-DHAPPQ-ASAQ-AL,47,0.6955160140355218,2031
006/038-Cycling-3y-DHAPPQ-ASAQ-AL,48,0.7010434044092605,2031
006/038-Cycling-3y-DHAPPQ-ASAQ-AL,49,0.722046947333426,2031
006/038-Cycling-3y-DHAPPQ-ASAQ-AL,50,0.6786855982197654,2031
006/038-Cycling-3y-DHAPPQ-ASAQ-AL,51,0.7221180388714629,2031
006/038-Cycling-3y-DHAPPQ-ASAQ-AL,52,0.6521782698180405,2031
006/038-Cycling-3y-DHAPPQ-ASAQ-AL,53,0.6851486585397836,2031
006/038-Cycling-3y-DHAPPQ-ASAQ-AL,54,0.7203297676955372,2031
006/038-Cycling-3y-DHAPPQ-ASAQ-AL,55,0.7029528005576134,2031
006/038-Cycling-3y-DHAPPQ-ASAQ-AL,56,0.6909442580015939,2031
006/038-Cycling-3y-DHAPPQ-ASAQ-AL,57,0.6564206670154585,2031
006/038-Cycling-3y-DHAPPQ-ASAQ-AL,58,0.6699641210805094,2031
006/038-Cycling-3y-DHAPPQ-ASAQ-AL,59,0.714820352761549,2031
006/038-Cycling-3y-DHAPPQ-ASAQ-AL,60,0.6820284304752589,2031
006/038-Cycling-3y-DHAPPQ-ASAQ-AL,61,0.6618498542418952,2031
006/038-Cycling-3y-DHAPPQ-ASAQ-AL,62,0.6812331520407143,2031
006/038-Cycling-3y-DHAPPQ-ASAQ-AL,63,0.6795692065556235,2031
006/038-Cycling-3y-DHAPPQ-ASAQ-AL,64,0.674996977702054,2031
006/038-Cycling-3y-DHAPPQ-ASAQ-AL,65,0.6691245575916626,2031
006/038-Cycling-3y-DHAPPQ-ASAQ-AL,66,0.6779121768391455,2031
006/038-Cycling-3y-DHAPPQ-ASAQ-AL,67,0.6953531966718659,2031
006/038-Cycling-3y-DHAPPQ-ASAQ-AL,68,0.6890354859859821,2031
006/038-Cycling-3y-DHAPPQ-ASAQ-AL,69,0.7079325801800107,2031
006/038-Cycling-3y-DHAPPQ-ASAQ-AL,70,0.6853094650378959,2031
006/038-Cycling-3y-DHAPPQ-ASAQ-AL,71,0.691092183993816,2031
006/038-Cycling-3y-DHAPPQ-ASAQ-AL,72,0.6921560837747637,2031
006/038-Cycling-3y-DHAPPQ-ASAQ-AL,73,0.6867909078036929,2031
006/038-Cycling-3y-DHAPPQ-ASAQ-AL,74,0.6892746406120529,2031
006/038-Cycling-3y-DHAPPQ-ASAQ-AL,75,0.6623436320350403,2031
006/038-Cycling-3y-DHAPPQ-ASAQ-AL,76,0.6839404579965662,2031
006/038-Cycling-3y-DHAPPQ-ASAQ-AL,77,0.6833013971362168,2031
006/038-Cycling-3y-DHAPPQ-ASAQ-AL,78,0.6835770700163817,2031
006/038-Cycling-3y-DHAPPQ-ASAQ-AL,79,0.7189304499990342,2031
006/038-Cycling-3y-DHAPPQ-ASAQ-AL,80,0.6779629773769359,2031
006/038-Cycling-3y-DHAPPQ-ASAQ-AL,81,0.6869798677208775,2031
006/038-Cycling-3y-DHAPPQ-ASAQ-AL,82,0.6972423875896543,2031
006/038-Cycling-3y-DHAPPQ-ASAQ-AL,83,0.6881588908611221,2031
006/038-Cycling-3y-DHAPPQ-ASAQ-AL,84,0.6691527506769174,2031
006/038-Cycling-3y-DHAPPQ-ASAQ-AL,85,0.6797712889144291,2031
006/038-Cycling-3y-DHAPPQ-ASAQ-AL,86,0.6780855646495,2031
006/038-Cycling-3y-DHAPPQ-ASAQ-AL,87,0.6568237918256218,2031
006/038-Cycling-3y-DHAPPQ-ASAQ-AL,88,0.6862903405366039,2031
006/038-Cycling-3y-DHAPPQ-ASAQ-AL,89,0.7071068194150473,2031
006/038-Cycling-3y-DHAPPQ-ASAQ-AL,90,0.6835051555188966,2031
006/038-Cycling-3y-DHAPPQ-ASAQ-AL,91,0.6635146879938153,2031
006/038-Cycling-3y-DHAPPQ-ASAQ-AL,92,0.6891630342898657,2031
006/038-Cycling-3y-DHAPPQ-ASAQ-AL,93,0.687058963942654,2031
006/038-Cycling-3y-DHAPPQ-ASAQ-AL,94,0.7070038776512831,2031
006/038-Cycling-3y-DHAPPQ-ASAQ-AL,95,0.6838588258604273,2031
006/038-Cycling-3y-DHAPPQ-ASAQ-AL,96,0.6362869590832194,2031
006/038-Cycling-3y-DHAPPQ-ASAQ-AL,97,0.6659476868121706,2031
006/038-Cycling-3y-DHAPPQ-ASAQ-AL,98,0.6780232044413369,2031
006/038-Cycling-3y-DHAPPQ-ASAQ-AL,99,0.6661767123324633,2031
006/039-Cycling-4y-AL-ASAQ,0,0.7501112529575557,2031
006/039-Cycling-4y-AL-ASAQ,1,0.7698607211078664,2031
006/039-Cycling-4y-AL-ASAQ,2,0.7521778410324719,2031
006/039-Cycling-4y-AL-ASAQ,3,0.7812836477422386,2031
006/039-Cycling-4y-AL-ASAQ,4,0.7630289245152694,2031
006/039-Cycling-4y-AL-ASAQ,5,0.7543732220422074,2031
006/039-Cycling-4y-AL-ASAQ,6,0.7262268610388243,2031
006/039-Cycling-4y-AL-ASAQ,7,0.7391754534646658,2031
006/039-Cycling-4y-AL-ASAQ,8,0.7634901633291512,2031
006/039-Cycling-4y-AL-ASAQ,9,0.7443223469025382,2031
006/039-Cycling-4y-AL-ASAQ,10,0.763555407422951,2031
006/039-Cycling-4y-AL-ASAQ,11,0.7580659729880015,2031
006/039-Cycling-4y-AL-ASAQ,12,0.7535761514856354,2031
006/039-Cycling-4y-AL-ASAQ,13,0.7541351460197417,2031
006/039-Cycling-4y-AL-ASAQ,14,0.798939523034745,2031
006/039-Cycling-4y-AL-ASAQ,15,0.7432528635580526,2031
006/039-Cycling-4y-AL-ASAQ,16,0.7596302965287561,2031
006/039-Cycling-4y-AL-ASAQ,17,0.7434172734704951,2031
006/039-Cycling-4y-AL-ASAQ,18,0.7680741521371884,2031
006/039-Cycling-4y-AL-ASAQ,19,0.7911409729092668,2031
006/039-Cycling-4y-AL-ASAQ,20,0.7621121556526109,2031
006/039-Cycling-4y-AL-ASAQ,21,0.764698519043839,2031
006/039-Cycling-4y-AL-ASAQ,22,0.7721048132214495,2031
006/039-Cycling-4y-AL-ASAQ,23,0.7641956111915981,2031
006/039-Cycling-4y-AL-ASAQ,24,0.7455718803490333,2031
006/039-Cycling-4y-AL-ASAQ,25,0.7405071516109115,2031
006/039-Cycling-4y-AL-ASAQ,26,0.7357711806678315,2031
006/039-Cycling-4y-AL-ASAQ,27,0.7384371589254131,2031
006/039-Cycling-4y-AL-ASAQ,28,0.7570970758973727,2031
006/039-Cycling-4y-AL-ASAQ,29,0.7401091173480184,2031
006/039-Cycling-4y-AL-ASAQ,30,0.7440777435381675,2031
006/039-Cycling-4y-AL-ASAQ,31,0.7709467983370365,2031
006/039-Cycling-4y-AL-ASAQ,32,0.7670421238907056,2031
006/039-Cycling-4y-AL-ASAQ,33,0.7828687746753622,2031
006/039-Cycling-4y-AL-ASAQ,34,0.7450947097322778,2031
006/039-Cycling-4y-AL-ASAQ,35,0.7662436828119672,2031
006/039-Cycling-4y-AL-ASAQ,36,0.751247379844351,2031
006/039-Cycling-4y-AL-ASAQ,37,0.7305341515677545,2031
006/039-Cycling-4y-AL-ASAQ,38,0.7657906105000768,2031
006/039-Cycling-4y-AL-ASAQ,39,0.7705553331460525,2031
006/039-Cycling-4y-AL-ASAQ,40,0.7592543943567166,2031
006/039-Cycling-4y-AL-ASAQ,41,0.761453625236039,2031
006/039-Cycling-4y-AL-ASAQ,42,0.7333343548386004,2031
006/039-Cycling-4y-AL-ASAQ,43,0.7431087192354692,2031
006/039-Cycling-4y-AL-ASAQ,44,0.732327608177677,2031
006/039-Cycling-4y-AL-ASAQ,45,0.761305055739339,2031
006/039-Cycling-4y-AL-ASAQ,46,0.7883381672863798,2031
006/039-Cycling-4y-AL-ASAQ,47,0.7547948973922227,2031
006/039-Cycling-4y-AL-ASAQ,48,0.7460867902592505,2031
006/039-Cycling-4y-AL-ASAQ,49,0.7550365334947234,2031
006/039-Cycling-4y-AL-ASAQ,50,0.7708780231279094,2031
006/039-Cycling-4y-AL-ASAQ,51,0.7761774287590204,2031
006/039-Cycling-4y-AL-ASAQ,52,0.7888134397078733,2031
006/039-Cycling-4y-AL-ASAQ,53,0.7548356871151891,2031
006/039-Cycling-4y-AL-ASAQ,54,0.7645545982288029,2031
006/039-Cycling-4y-AL-ASAQ,55,0.7286146380715238,2031
006/039-Cycling-4y-AL-ASAQ,56,0.7422230904846027,2031
006/039-Cycling-4y-AL-ASAQ,57,0.7112774375936805,2031
006/039-Cycling-4y-AL-ASAQ,58,0.7608715249448067,2031
006/039-Cycling-4y-AL-ASAQ,59,0.7524682264069287,2031
006/039-Cycling-4y-AL-ASAQ,60,0.7516976097627981,2031
006/039-Cycling-4y-AL-ASAQ,61,0.7382961688654383,2031
006/039-Cycling-4y-AL-ASAQ,62,0.7425633083854128,2031
006/039-Cycling-4y-AL-ASAQ,63,0.7796654709336887,2031
006/039-Cycling-4y-AL-ASAQ,64,0.757231128504733,2031
006/039-Cycling-4y-AL-ASAQ,65,0.7387392112682053,2031
006/039-Cycling-4y-AL-ASAQ,66,0.7789695500405971,2031
006/039-Cycling-4y-AL-ASAQ,67,0.7737240865455638,2031
006/039-Cycling-4y-AL-ASAQ,68,0.7574663965064472,2031
006/039-Cycling-4y-AL-ASAQ,69,0.7368561549141835,2031
006/039-Cycling-4y-AL-ASAQ,70,0.7621642529205528,2031
006/039-Cycling-4y-AL-ASAQ,71,0.7375725894641851,2031
006/039-Cycling-4y-AL-ASAQ,72,0.7418419083232034,2031
006/039-Cycling-4y-AL-ASAQ,73,0.769347704279581,2031
006/039-Cycling-4y-AL-ASAQ,74,0.7399054383387278,2031
006/039-Cycling-4y-AL-ASAQ,75,0.753802193277402,2031
006/039-Cycling-4y-AL-ASAQ,76,0.7418023936669639,2031
006/039-Cycling-4y-AL-ASAQ,77,0.7766104613312746,2031
006/039-Cycling-4y-AL-ASAQ,78,0.7722341468951878,2031
006/039-Cycling-4y-AL-ASAQ,79,0.7621409327380703,2031
006/039-Cycling-4y-AL-ASAQ,80,0.7605781526170797,2031
006/039-Cycling-4y-AL-ASAQ,81,0.7626352657113461,2031
006/039-Cycling-4y-AL-ASAQ,82,0.7572110162426072,2031
006/039-Cycling-4y-AL-ASAQ,83,0.7348716725921518,2031
006/039-Cycling-4y-AL-ASAQ,84,0.7772929528495771,2031
006/039-Cycling-4y-AL-ASAQ,85,0.7445939000006373,2031
006/039-Cycling-4y-AL-ASAQ,86,0.7628616580030642,2031
006/039-Cycling-4y-AL-ASAQ,87,0.7603559119076868,2031
006/039-Cycling-4y-AL-ASAQ,88,0.7376172208151313,2031
006/039-Cycling-4y-AL-ASAQ,89,0.7495235546308087,2031
006/039-Cycling-4y-AL-ASAQ,90,0.7566535439619922,2031
006/039-Cycling-4y-AL-ASAQ,91,0.7735432857305584,2031
006/039-Cycling-4y-AL-ASAQ,92,0.7898797498473703,2031
006/039-Cycling-4y-AL-ASAQ,93,0.7775701809424328,2031
006/039-Cycling-4y-AL-ASAQ,94,0.7502340905838684,2031
006/039-Cycling-4y-AL-ASAQ,95,0.7723220368147063,2031
006/039-Cycling-4y-AL-ASAQ,96,0.7341645735170382,2031
006/039-Cycling-4y-AL-ASAQ,97,0.7486782957216964,2031
006/039-Cycling-4y-AL-ASAQ,98,0.7378407372401029,2031
006/039-Cycling-4y-AL-ASAQ,99,0.7380832577927193,2031
006/040-Cycling-4y-AL-DHAPPQ,0,0.7649816942011913,2031
006/040-Cycling-4y-AL-DHAPPQ,1,0.7772454952118211,2031
006/040-Cycling-4y-AL-DHAPPQ,2,0.7521593023623856,2031
006/040-Cycling-4y-AL-DHAPPQ,3,0.7650413849612683,2031
006/040-Cycling-4y-AL-DHAPPQ,4,0.7516591497393318,2031
006/040-Cycling-4y-AL-DHAPPQ,5,0.8062732910899276,2031
006/040-Cycling-4y-AL-DHAPPQ,6,0.7531262269329888,2031
006/040-Cycling-4y-AL-DHAPPQ,7,0.7642877009930218,2031
006/040-Cycling-4y-AL-DHAPPQ,8,0.7916334951440415,2031
006/040-Cycling-4y-AL-DHAPPQ,9,0.7858317619723553,2031
006/040-Cycling-4y-AL-DHAPPQ,10,0.7622689332363443,2031
006/040-Cycling-4y-AL-DHAPPQ,11,0.770750693885808,2031
006/040-Cycling-4y-AL-DHAPPQ,12,0.7535002323973958,2031
006/040-Cycling-4y-AL-DHAPPQ,13,0.7477536397152859,2031
006/040-Cycling-4y-AL-DHAPPQ,14,0.7542232901224248,2031
006/040-Cycling-4y-AL-DHAPPQ,15,0.7495869729778062,2031
006/040-Cycling-4y-AL-DHAPPQ,16,0.8121462206632026,2031
006/040-Cycling-4y-AL-DHAPPQ,17,0.7926743812172967,2031
006/040-Cycling-4y-AL-DHAPPQ,18,0.8024474204085124,2031
006/040-Cycling-4y-AL-DHAPPQ,19,0.7849250301955837,2031
006/040-Cycling-4y-AL-DHAPPQ,20,0.7501156250611615,2031
006/040-Cycling-4y-AL-DHAPPQ,21,0.7603881324026647,2031
006/040-Cycling-4y-AL-DHAPPQ,22,0.7501520323212709,2031
006/040-Cycling-4y-AL-DHAPPQ,23,0.7798326694734676,2031
006/040-Cycling-4y-AL-DHAPPQ,24,0.7815591278394028,2031
006/040-Cycling-4y-AL-DHAPPQ,25,0.7460097090338329,2031
006/040-Cycling-4y-AL-DHAPPQ,26,0.7367055950545937,2031
006/040-Cycling-4y-AL-DHAPPQ,27,0.7737080225590707,2031
006/040-Cycling-4y-AL-DHAPPQ,28,0.7978676719276571,2031
006/040-Cycling-4y-AL-DHAPPQ,29,0.7618020606848032,2031
006/040-Cycling-4y-AL-DHAPPQ,30,0.7500796930464667,2031
006/040-Cycling-4y-AL-DHAPPQ,31,0.7607968882619125,2031
006/040-Cycling-4y-AL-DHAPPQ,32,0.7575813573767065,2031
006/040-Cycling-4y-AL-DHAPPQ,33,0.7469839044577554,2031
006/040-Cycling-4y-AL-DHAPPQ,34,0.7718525276362457,2031
006/040-Cycling-4y-AL-DHAPPQ,35,0.7911207821908474,2031
006/040-Cycling-4y-AL-DHAPPQ,36,0.7480133151205056,2031
006/040-Cycling-4y-AL-DHAPPQ,37,0.7713099676464176,2031
006/040-Cycling-4y-AL-DHAPPQ,38,0.7813417465771394,2031
006/040-Cycling-4y-AL-DHAPPQ,39,0.7611905301532439,2031
006/040-Cycling-4y-AL-DHAPPQ,40,0.7892311977748184,2031
006/040-Cycling-4y-AL-DHAPPQ,41,0.7902989407089676,2031
006/040-Cycling-4y-AL-DHAPPQ,42,0.7576512485176129,2031
006/040-Cycling-4y-AL-DHAPPQ,43,0.7579870171374113,2031
006/040-Cycling-4y-AL-DHAPPQ,44,0.762157595563639,2031
006/040-Cycling-4y-AL-DHAPPQ,45,0.7859959610790458,2031
006/040-Cycling-4y-AL-DHAPPQ,46,0.7540907849255193,2031
006/040-Cycling-4y-AL-DHAPPQ,47,0.772250701547781,2031
006/040-Cycling-4y-AL-DHAPPQ,48,0.7621604855824325,2031
006/040-Cycling-4y-AL-DHAPPQ,49,0.7813468303956596,2031
006/040-Cycling-4y-AL-DHAPPQ,50,0.780847390216878,2031
006/040-Cycling-4y-AL-DHAPPQ,51,0.8052879344649212,2031
006/040-Cycling-4y-AL-DHAPPQ,52,0.7810258210191496,2031
006/040-Cycling-4y-AL-DHAPPQ,53,0.7510599182169483,2031
006/040-Cycling-4y-AL-DHAPPQ,54,0.7596423334213176,2031
006/040-Cycling-4y-AL-DHAPPQ,55,0.809285102396036,2031
006/040-Cycling-4y-AL-DHAPPQ,56,0.7728093235977928,2031
006/040-Cycling-4y-AL-DHAPPQ,57,0.7778105336801419,2031
006/040-Cycling-4y-AL-DHAPPQ,58,0.7689240537498283,2031
006/040-Cycling-4y-AL-DHAPPQ,59,0.782845605650511,2031
006/040-Cycling-4y-AL-DHAPPQ,60,0.761239224039406,2031
006/040-Cycling-4y-AL-DHAPPQ,61,0.7657543501284739,2031
006/040-Cycling-4y-AL-DHAPPQ,62,0.7792626484505996,2031
006/040-Cycling-4y-AL-DHAPPQ,63,0.7578421586050695,2031
006/040-Cycling-4y-AL-DHAPPQ,64,0.7571131544114982,2031
006/040-Cycling-4y-AL-DHAPPQ,65,0.7833107190287314,2031
006/040-Cycling-4y-AL-DHAPPQ,66,0.751036296805383,2031
006/040-Cycling-4y-AL-DHAPPQ,67,0.782327783324087,2031
006/040-Cycling-4y-AL-DHAPPQ,68,0.7785194839460489,2031
006/040-Cycling-4y-AL-DHAPPQ,69,0.7678455906939541,2031
006/040-Cycling-4y-AL-DHAPPQ,70,0.737388849262568,2031
006/040-Cycling-4y-AL-DHAPPQ,71,0.7639898654987545,2031
006/040-Cycling-4y-AL-DHAPPQ,72,0.7534198545840817,2031
006/040-Cycling-4y-AL-DHAPPQ,73,0.7769763266224134,2031
006/040-Cycling-4y-AL-DHAPPQ,74,0.7889572619555779,2031
006/040-Cycling-4y-AL-DHAPPQ,75,0.7803950734435402,2031
006/040-Cycling-4y-AL-DHAPPQ,76,0.7799016168447905,2031
006/040-Cycling-4y-AL-DHAPPQ,77,0.7481754936157069,2031
006/040-Cycling-4y-AL-DHAPPQ,78,0.7707557251004639,2031
006/040-Cycling-4y-AL-DHAPPQ,79,0.747051074854356,2031
006/040-Cycling-4y-AL-DHAPPQ,80,0.7853706383883056,2031
006/040-Cycling-4y-AL-DHAPPQ,81,0.7818175115867351,2031
006/040-Cycling-4y-AL-DHAPPQ,82,0.794112010748867,2031
006/040-Cycling-4y-AL-DHAPPQ,83,0.7784629096122112,2031
006/040-Cycling-4y-AL-DHAPPQ,84,0.7479768701875812,2031
006/040-Cycling-4y-AL-DHAPPQ,85,0.7800056698303784,2031
006/040-Cycling-4y-AL-DHAPPQ,86,0.767940272136643,2031
006/040-Cycling-4y-AL-DHAPPQ,87,0.7765110682967196,2031
006/040-Cycling-4y-AL-DHAPPQ,88,0.7594576614890682,2031
006/040-Cycling-4y-AL-DHAPPQ,89,0.749968125387595,2031
006/040-Cycling-4y-AL-DHAPPQ,90,0.7862631022353156,2031
006/040-Cycling-4y-AL-DHAPPQ,91,0.7450193762549193,2031
006/040-Cycling-4y-AL-DHAPPQ,92,0.8203982772892169,2031
006/040-Cycling-4y-AL-DHAPPQ,93,0.7668938988104785,2031
006/040-Cycling-4y-AL-DHAPPQ,94,0.7323071607470641,2031
006/040-Cycling-4y-AL-DHAPPQ,95,0.745715564947314,2031
006/040-Cycling-4y-AL-DHAPPQ,96,0.7661545867208958,2031
006/040-Cycling-4y-AL-DHAPPQ,97,0.7795584134696559,2031
006/040-Cycling-4y-AL-DHAPPQ,98,0.7838068806667075,2031
006/040-Cycling-4y-AL-DHAPPQ,99,0.7660620036210611,2031
006/041-Cycling-4y-ASAQ-AL,0,0.717303429453794,2031
006/041-Cycling-4y-ASAQ-AL,1,0.7331691706750091,2031
006/041-Cycling-4y-ASAQ-AL,2,0.7154982311107703,2031
006/041-Cycling-4y-ASAQ-AL,3,0.7008510955371144,2031
006/041-Cycling-4y-ASAQ-AL,4,0.7368848562936333,2031
006/041-Cycling-4y-ASAQ-AL,5,0.7141729893010481,2031
006/041-Cycling-4y-ASAQ-AL,6,0.7172162389426578,2031
006/041-Cycling-4y-ASAQ-AL,7,0.7205340877729026,2031
006/041-Cycling-4y-ASAQ-AL,8,0.7039861710088657,2031
006/041-Cycling-4y-ASAQ-AL,9,0.7118224717957565,2031
006/041-Cycling-4y-ASAQ-AL,10,0.7125316221114245,2031
006/041-Cycling-4y-ASAQ-AL,11,0.721990023546588,2031
006/041-Cycling-4y-ASAQ-AL,12,0.7006698744930179,2031
006/041-Cycling-4y-ASAQ-AL,13,0.7068889788247802,2031
006/041-Cycling-4y-ASAQ-AL,14,0.7078230081880563,2031
006/041-Cycling-4y-ASAQ-AL,15,0.7489115858761933,2031
006/041-Cycling-4y-ASAQ-AL,16,0.7119389399391385,2031
006/041-Cycling-4y-ASAQ-AL,17,0.714459449787782,2031
006/041-Cycling-4y-ASAQ-AL,18,0.7468905115885888,2031
006/041-Cycling-4y-ASAQ-AL,19,0.7247210440440427,2031
006/041-Cycling-4y-ASAQ-AL,20,0.6810666288665198,2031
006/041-Cycling-4y-ASAQ-AL,21,0.7623329493887488,2031
006/041-Cycling-4y-ASAQ-AL,22,0.688148306230021,2031
006/041-Cycling-4y-ASAQ-AL,23,0.7514562428709675,2031
006/041-Cycling-4y-ASAQ-AL,24,0.7300673985297976,2031
006/041-Cycling-4y-ASAQ-AL,25,0.7605498285235966,2031
006/041-Cycling-4y-ASAQ-AL,26,0.6930579883469644,2031
006/041-Cycling-4y-ASAQ-AL,27,0.7425245201780317,2031
006/041-Cycling-4y-ASAQ-AL,28,0.707252992618225,2031
006/041-Cycling-4y-ASAQ-AL,29,0.6936033485840124,2031
006/041-Cycling-4y-ASAQ-AL,30,0.7377011208190586,2031
006/041-Cycling-4y-ASAQ-AL,31,0.7097281293248993,2031
006/041-Cycling-4y-ASAQ-AL,32,0.6920514041403898,2031
006/041-Cycling-4y-ASAQ-AL,33,0.7103786188169184,2031
006/041-Cycling-4y-ASAQ-AL,34,0.6903671366750873,2031
006/041-Cycling-4y-ASAQ-AL,35,0.7257410782962515,2031
006/041-Cycling-4y-ASAQ-AL,36,0.7050589203076264,2031
006/041-Cycling-4y-ASAQ-AL,37,0.7099237635318074,2031
006/041-Cycling-4y-ASAQ-AL,38,0.7402147806545946,2031
006/041-Cycling-4y-ASAQ-AL,39,0.7139980049251545,2031
006/041-Cycling-4y-ASAQ-AL,40,0.7378034048288872,2031
006/041-Cycling-4y-ASAQ-AL,41,0.6980642099816073,2031
006/041-Cycling-4y-ASAQ-AL,42,0.7199673045261252,2031
006/041-Cycling-4y-ASAQ-AL,43,0.6767959661181332,2031
006/041-Cycling-4y-ASAQ-AL,44,0.6982861837605244,2031
006/041-Cycling-4y-ASAQ-AL,45,0.7106172246242063,2031
006/041-Cycling-4y-ASAQ-AL,46,0.7036288564404355,2031
006/041-Cycling-4y-ASAQ-AL,47,0.7143553052319743,2031
006/041-Cycling-4y-ASAQ-AL,48,0.710442845197235,2031
006/041-Cycling-4y-ASAQ-AL,49,0.7317748042067187,2031
006/041-Cycling-4y-ASAQ-AL,50,0.6913720243801489,2031
006/041-Cycling-4y-ASAQ-AL,51,0.732880299509481,2031
006/041-Cycling-4y-ASAQ-AL,52,0.742556674940661,2031
006/041-Cycling-4y-ASAQ-AL,53,0.7331250216233386,2031
006/041-Cycling-4y-ASAQ-AL,54,0.69543157923158,2031
006/041-Cycling-4y-ASAQ-AL,55,0.7379998073422334,2031
006/041-Cycling-4y-ASAQ-AL,56,0.7111783621192784,2031
006/041-Cycling-4y-ASAQ-AL,57,0.7324383922259966,2031
006/041-Cycling-4y-ASAQ-AL,58,0.7020113570209019,2031
006/041-Cycling-4y-ASAQ-AL,59,0.7280185588455961,2031
006/041-Cycling-4y-ASAQ-AL,60,0.702688910703562,2031
006/041-Cycling-4y-ASAQ-AL,61,0.734905832707074,2031
006/041-Cycling-4y-ASAQ-AL,62,0.6965436682451508,2031
006/041-Cycling-4y-ASAQ-AL,63,0.6995060639873208,2031
006/041-Cycling-4y-ASAQ-AL,64,0.7131010633472513,2031
006/041-Cycling-4y-ASAQ-AL,65,0.7283088454869633,2031
006/041-Cycling-4y-ASAQ-AL,66,0.7031396677162394,2031
006/041-Cycling-4y-ASAQ-AL,67,0.7210766736360564,2031
006/041-Cycling-4y-ASAQ-AL,68,0.7183088541043517,2031
006/041-Cycling-4y-ASAQ-AL,69,0.7326725742509691,2031
006/041-Cycling-4y-ASAQ-AL,70,0.7230972874208733,2031
006/041-Cycling-4y-ASAQ-AL,71,0.6903256831283932,2031
006/041-Cycling-4y-ASAQ-AL,72,0.7157838143905789,2031
006/041-Cycling-4y-ASAQ-AL,73,0.7586811446701617,2031
006/041-Cycling-4y-ASAQ-AL,74,0.7359726319778774,2031
006/041-Cycling-4y-ASAQ-AL,75,0.6900153347462714,2031
006/041-Cycling-4y-ASAQ-AL,76,0.6974213409925181,2031
006/041-Cycling-4y-ASAQ-AL,77,0.7236769586646034,2031
006/041-Cycling-4y-ASAQ-AL,78,0.697667664537243,2031
006/041-Cycling-4y-ASAQ-AL,79,0.7157749040585594,2031
006/041-Cycling-4y-ASAQ-AL,80,0.7220733346493322,2031
006/041-Cycling-4y-ASAQ-AL,81,0.70961432330994,2031
006/041-Cycling-4y-ASAQ-AL,82,0.7270490158410287,2031
006/041-Cycling-4y-ASAQ-AL,83,0.6977841205734361,2031
006/041-Cycling-4y-ASAQ-AL,84,0.7087557431078856,2031
006/041-Cycling-4y-ASAQ-AL,85,0.6959011427146312,2031
006/041-Cycling-4y-ASAQ-AL,86,0.6897754449866418,2031
006/041-Cycling-4y-ASAQ-AL,87,0.7110412962465129,2031
006/041-Cycling-4y-ASAQ-AL,88,0.7170384170027378,2031
006/041-Cycling-4y-ASAQ-AL,89,0.7310018163065273,2031
006/041-Cycling-4y-ASAQ-AL,90,0.7047893654414658,2031
006/041-Cycling-4y-ASAQ-AL,91,0.7328250996453111,2031
006/041-Cycling-4y-ASAQ-AL,92,0.6946761032398775,2031
006/041-Cycling-4y-ASAQ-AL,93,0.6887146442020017,2031
006/041-Cycling-4y-ASAQ-AL,94,0.7001275200979103,2031
006/041-Cycling-4y-ASAQ-AL,95,0.7398577532135803,2031
006/041-Cycling-4y-ASAQ-AL,96,0.7182822884922669,2031
006/041-Cycling-4y-ASAQ-AL,97,0.7267764880541504,2031
006/041-Cycling-4y-ASAQ-AL,98,0.713434693197427,2031
006/041-Cycling-4y-ASAQ-AL,99,0.7240824811507848,2031
006/042-Cycling-4y-ASAQ-DHAPPQ,0,0.6477736165533228,2031
006/042-Cycling-4y-ASAQ-DHAPPQ,1,0.6854345043539632,2031
006/042-Cycling-4y-ASAQ-DHAPPQ,2,0.6718234401584654,2031
006/042-Cycling-4y-ASAQ-DHAPPQ,3,0.6704429243794322,2031
006/042-Cycling-4y-ASAQ-DHAPPQ,4,0.6467501574037641,2031
006/042-Cycling-4y-ASAQ-DHAPPQ,5,0.6598055264865378,2031
006/042-Cycling-4y-ASAQ-DHAPPQ,6,0.6907074348791523,2031
006/042-Cycling-4y-ASAQ-DHAPPQ,7,0.6508018983663767,2031
006/042-Cycling-4y-ASAQ-DHAPPQ,8,0.6807571877072994,2031
006/042-Cycling-4y-ASAQ-DHAPPQ,9,0.6773700783554717,2031
006/042-Cycling-4y-ASAQ-DHAPPQ,10,0.6811049873796061,2031
006/042-Cycling-4y-ASAQ-DHAPPQ,11,0.6603342745527764,2031
006/042-Cycling-4y-ASAQ-DHAPPQ,12,0.6752025415032143,2031
006/042-Cycling-4y-ASAQ-DHAPPQ,13,0.6675746950827545,2031
006/042-Cycling-4y-ASAQ-DHAPPQ,14,0.6660871167977934,2031
006/042-Cycling-4y-ASAQ-DHAPPQ,15,0.643999688440688,2031
006/042-Cycling-4y-ASAQ-DHAPPQ,16,0.7130087488216655,2031
006/042-Cycling-4y-ASAQ-DHAPPQ,17,0.6955026099557847,2031
006/042-Cycling-4y-ASAQ-DHAPPQ,18,0.6619094636842204,2031
006/042-Cycling-4y-ASAQ-DHAPPQ,19,0.6838805018041517,2031
006/042-Cycling-4y-ASAQ-DHAPPQ,20,0.6620245489763846,2031
006/042-Cycling-4y-ASAQ-DHAPPQ,21,0.6541700585625986,2031
006/042-Cycling-4y-ASAQ-DHAPPQ,22,0.6853488615041256,2031
006/042-Cycling-4y-ASAQ-DHAPPQ,23,0.645732226000801,2031
006/042-Cycling-4y-ASAQ-DHAPPQ,24,0.6811016903457344,2031
006/042-Cycling-4y-ASAQ-DHAPPQ,25,0.653009929529464,2031
006/042-Cycling-4y-ASAQ-DHAPPQ,26,0.6971970951582985,2031
006/042-Cycling-4y-ASAQ-DHAPPQ,27,0.6728360834844067,2031
006/042-Cycling-4y-ASAQ-DHAPPQ,28,0.6757470210981514,2031
006/042-Cycling-4y-ASAQ-DHAPPQ,29,0.6570378014594886,2031
006/042-Cycling-4y-ASAQ-DHAPPQ,30,0.6511169216876961,2031
006/042-Cycling-4y-ASAQ-DHAPPQ,31,0.6440433141145409,2031
006/042-Cycling-4y-ASAQ-DHAPPQ,32,0.7059544032175551,2031
006/042-Cycling-4y-ASAQ-DHAPPQ,33,0.6724210146871118,2031
006/042-Cycling-4y-ASAQ-DHAPPQ,34,0.6835566562116085,2031
006/042-Cycling-4y-ASAQ-DHAPPQ,35,0.6616832900575421,2031
006/042-Cycling-4y-ASAQ-DHAPPQ,36,0.6395005434325143,2031
006/042-Cycling-4y-ASAQ-DHAPPQ,37,0.6643822307599497,2031
006/042-Cycling-4y-ASAQ-DHAPPQ,38,0.6519903664032219,2031
006/042-Cycling-4y-ASAQ-DHAPPQ,39,0.6634664711919466,2031
006/042-Cycling-4y-ASAQ-DHAPPQ,40,0.660676687051229,2031
006/042-Cycling-4y-ASAQ-DHAPPQ,41,0.6901565042812535,2031
006/042-Cycling-4y-ASAQ-DHAPPQ,42,0.6537645332321745,2031
006/042-Cycling-4y-ASAQ-DHAPPQ,43,0.6448666231643422,2031
006/042-Cycling-4y-ASAQ-DHAPPQ,44,0.649042714049202,2031
006/042-Cycling-4y-ASAQ-DHAPPQ,45,0.6750715846778962,2031
006/042-Cycling-4y-ASAQ-DHAPPQ,46,0.7006535208008499,2031
006/042-Cycling-4y-ASAQ-DHAPPQ,47,0.6749307424008543,2031
006/042-Cycling-4y-ASAQ-DHAPPQ,48,0.6910754241468561,2031
006/042-Cycling-4y-ASAQ-DHAPPQ,49,0.6460912895350781,2031
006/042-Cycling-4y-ASAQ-DHAPPQ,50,0.6458736063861626,2031
006/042-Cycling-4y-ASAQ-DHAPPQ,51,0.6761540615210847,2031
006/042-Cycling-4y-ASAQ-DHAPPQ,52,0.675363725369026,2031
006/042-Cycling-4y-ASAQ-DHAPPQ,53,0.6735716899780066,2031
006/042-Cycling-4y-ASAQ-DHAPPQ,54,0.6715582094551064,2031
006/042-Cycling-4y-ASAQ-DHAPPQ,55,0.6559180221802158,2031
006/042-Cycling-4y-ASAQ-DHAPPQ,56,0.6755334171541646,2031
006/042-Cycling-4y-ASAQ-DHAPPQ,57,0.6403455789053759,2031
006/042-Cycling-4y-ASAQ-DHAPPQ,58,0.6786970598485439,2031
006/042-Cycling-4y-ASAQ-DHAPPQ,59,0.6959838166325443,2031
006/042-Cycling-4y-ASAQ-DHAPPQ,60,0.6943212761305341,2031
006/042-Cycling-4y-ASAQ-DHAPPQ,61,0.6860433286221506,2031
006/042-Cycling-4y-ASAQ-DHAPPQ,62,0.660666439259263,2031
006/042-Cycling-4y-ASAQ-DHAPPQ,63,0.6800994125669372,2031
006/042-Cycling-4y-ASAQ-DHAPPQ,64,0.6770493023437929,2031
006/042-Cycling-4y-ASAQ-DHAPPQ,65,0.679597354370194,2031
006/042-Cycling-4y-ASAQ-DHAPPQ,66,0.6521747561823551,2031
006/042-Cycling-4y-ASAQ-DHAPPQ,67,0.6783758205955764,2031
006/042-Cycling-4y-ASAQ-DHAPPQ,68,0.6513017544602789,2031
006/042-Cycling-4y-ASAQ-DHAPPQ,69,0.6700760836012002,2031
006/042-Cycling-4y-ASAQ-DHAPPQ,70,0.6934677763534807,2031
006/042-Cycling-4y-ASAQ-DHAPPQ,71,0.6846499832685707,2031
006/042-Cycling-4y-ASAQ-DHAPPQ,72,0.639900961360378,2031
006/042-Cycling-4y-ASAQ-DHAPPQ,73,0.6566805040662528,2031
006/042-Cycling-4y-ASAQ-DHAPPQ,74,0.6870671347941495,2031
006/042-Cycling-4y-ASAQ-DHAPPQ,75,0.6594463573778965,2031
006/042-Cycling-4y-ASAQ-DHAPPQ,76,0.662378413024201,2031
006/042-Cycling-4y-ASAQ-DHAPPQ,77,0.6704499996864798,2031
006/042-Cycling-4y-ASAQ-DHAPPQ,78,0.6735996921254087,2031
006/042-Cycling-4y-ASAQ-DHAPPQ,79,0.6678575137843393,2031
006/042-Cycling-4y-ASAQ-DHAPPQ,80,0.6964285796263403,2031
006/042-Cycling-4y-ASAQ-DHAPPQ,81,0.6563739065000596,2031
006/042-Cycling-4y-ASAQ-DHAPPQ,82,0.644041640066829,2031
006/042-Cycling-4y-ASAQ-DHAPPQ,83,0.6859471396131247,2031
006/042-Cycling-4y-ASAQ-DHAPPQ,84,0.6789818069302404,2031
006/042-Cycling-4y-ASAQ-DHAPPQ,85,0.6713007661240455,2031
006/042-Cycling-4y-ASAQ-DHAPPQ,86,0.59917846977719,2031
006/042-Cycling-4y-ASAQ-DHAPPQ,87,0.6579471867274348,2031
006/042-Cycling-4y-ASAQ-DHAPPQ,88,0.7034547997665537,2031
006/042-Cycling-4y-ASAQ-DHAPPQ,89,0.6872960557604183,2031
006/042-Cycling-4y-ASAQ-DHAPPQ,90,0.6665531555104413,2031
006/042-Cycling-4y-ASAQ-DHAPPQ,91,0.6631158119358347,2031
006/042-Cycling-4y-ASAQ-DHAPPQ,92,0.6782469573228872,2031
006/042-Cycling-4y-ASAQ-DHAPPQ,93,0.6306576142504511,2031
006/042-Cycling-4y-ASAQ-DHAPPQ,94,0.6598111958252578,2031
006/042-Cycling-4y-ASAQ-DHAPPQ,95,0.6755141103373803,2031
006/042-Cycling-4y-ASAQ-DHAPPQ,96,0.6638117665805024,2031
006/042-Cycling-4y-ASAQ-DHAPPQ,97,0.6417929223526273,2031
006/042-Cycling-4y-ASAQ-DHAPPQ,98,0.6467553851690443,2031
006/042-Cycling-4y-ASAQ-DHAPPQ,99,0.6698467330457247,2031
006/043-Cycling-4y-DHAPPQ-AL,0,0.761409862569436,2031
006/043-Cycling-4y-DHAPPQ-AL,1,0.7588839699005073,2031
006/043-Cycling-4y-DHAPPQ-AL,2,0.7772600645468387,2031
006/043-Cycling-4y-DHAPPQ-AL,3,0.7644684998418397,2031
006/043-Cycling-4y-DHAPPQ-AL,4,0.7853423095829927,2031
006/043-Cycling-4y-DHAPPQ-AL,5,0.7566485374400704,2031
006/043-Cycling-4y-DHAPPQ-AL,6,0.755511347291742,2031
006/043-Cycling-4y-DHAPPQ-AL,7,0.7748826822927635,2031
006/043-Cycling-4y-DHAPPQ-AL,8,0.7510669981938335,2031
006/043-Cycling-4y-DHAPPQ-AL,9,0.7654583278331653,2031
006/043-Cycling-4y-DHAPPQ-AL,10,0.7551668472929983,2031
006/043-Cycling-4y-DHAPPQ-AL,11,0.7517977251825152,2031
006/043-Cycling-4y-DHAPPQ-AL,12,0.7693461926049187,2031
006/043-Cycling-4y-DHAPPQ-AL,13,0.7817837447370928,2031
006/043-Cycling-4y-DHAPPQ-AL,14,0.749138873630046,2031
006/043-Cycling-4y-DHAPPQ-AL,15,0.7378681288439455,2031
006/043-Cycling-4y-DHAPPQ-AL,16,0.7516293672073561,2031
006/043-Cycling-4y-DHAPPQ-AL,17,0.745444590376816,2031
006/043-Cycling-4y-DHAPPQ-AL,18,0.7656089359161288,2031
006/043-Cycling-4y-DHAPPQ-AL,19,0.7701388496869234,2031
006/043-Cycling-4y-DHAPPQ-AL,20,0.7667696160969543,2031
006/043-Cycling-4y-DHAPPQ-AL,21,0.7499682324450959,2031
006/043-Cycling-4y-DHAPPQ-AL,22,0.7405704127402358,2031
006/043-Cycling-4y-DHAPPQ-AL,23,0.7589007004075864,2031
006/043-Cycling-4y-DHAPPQ-AL,24,0.7455271964066065,2031
006/043-Cycling-4y-DHAPPQ-AL,25,0.7630833286425595,2031
006/043-Cycling-4y-DHAPPQ-AL,26,0.7816837097146329,2031
006/043-Cycling-4y-DHAPPQ-AL,27,0.8089628880768021,2031
006/043-Cycling-4y-DHAPPQ-AL,28,0.761304096689997,2031
006/043-Cycling-4y-DHAPPQ-AL,29,0.7875276124886739,2031
006/043-Cycling-4y-DHAPPQ-AL,30,0.753957313067975,2031
006/043-Cycling-4y-DHAPPQ-AL,31,0.7583721670488784,2031
006/043-Cycling-4y-DHAPPQ-AL,32,0.7704206403777333,2031
006/043-Cycling-4y-DHAPPQ-AL,33,0.7717251896648193,2031
006/043-Cycling-4y-DHAPPQ-AL,34,0.7681281593555663,2031
006/043-Cycling-4y-DHAPPQ-AL,35,0.7566543035687889,2031
006/043-Cycling-4y-DHAPPQ-AL,36,0.7655654421213054,2031
006/043-Cycling-4y-DHAPPQ-AL,37,0.7619656152551738,2031
006/043-Cycling-4y-DHAPPQ-AL,38,0.7560968299486803,2031
006/043-Cycling-4y-DHAPPQ-AL,39,0.7786300992551359,2031
006/043-Cycling-4y-DHAPPQ-AL,40,0.7694551523050794,2031
006/043-Cycling-4y-DHAPPQ-AL,41,0.7581624539072291,2031
006/043-Cycling-4y-DHAPPQ-AL,42,0.7778384499003689,2031
006/043-Cycling-4y-DHAPPQ-AL,43,0.7343034966593937,2031
006/043-Cycling-4y-DHAPPQ-AL,44,0.7723696213087652,2031
006/043-Cycling-4y-DHAPPQ-AL,45,0.7482149152457495,2031
006/043-Cycling-4y-DHAPPQ-AL,46,0.7651194109568077,2031
006/043-Cycling-4y-DHAPPQ-AL,47,0.7546575518133579,2031
006/043-Cycling-4y-DHAPPQ-AL,48,0.7716183557434446,2031
006/043-Cycling-4y-DHAPPQ-AL,49,0.7656594590432012,2031
006/043-Cycling-4y-DHAPPQ-AL,50,0.7579264267051729,2031
006/043-Cycling-4y-DHAPPQ-AL,51,0.7593753619607541,2031
006/043-Cycling-4y-DHAPPQ-AL,52,0.7672375130792578,2031
006/043-Cycling-4y-DHAPPQ-AL,53,0.7750505584418063,2031
006/043-Cycling-4y-DHAPPQ-AL,54,0.7805739511737672,2031
006/043-Cycling-4y-DHAPPQ-AL,55,0.7808445057403142,2031
006/043-Cycling-4y-DHAPPQ-AL,56,0.7504507306153201,2031
006/043-Cycling-4y-DHAPPQ-AL,57,0.7772623675685107,2031
006/043-Cycling-4y-DHAPPQ-AL,58,0.7914626099480205,2031
006/043-Cycling-4y-DHAPPQ-AL,59,0.7579074720835631,2031
006/043-Cycling-4y-DHAPPQ-AL,60,0.7594841907412652,2031
006/043-Cycling-4y-DHAPPQ-AL,61,0.7561484284183103,2031
006/043-Cycling-4y-DHAPPQ-AL,62,0.7601460875088778,2031
006/043-Cycling-4y-DHAPPQ-AL,63,0.7499508484898275,2031
006/043-Cycling-4y-DHAPPQ-AL,64,0.7711356091872653,2031
006/043-Cycling-4y-DHAPPQ-AL,65,0.7639052742739106,2031
006/043-Cycling-4y-DHAPPQ-AL,66,0.7596017808871524,2031
006/043-Cycling-4y-DHAPPQ-AL,67,0.7644096116574706,2031
006/043-Cycling-4y-DHAPPQ-AL,68,0.7532280804991349,2031
006/043-Cycling-4y-DHAPPQ-AL,69,0.788597830333972,2031
006/043-Cycling-4y-DHAPPQ-AL,70,0.767844798210414,2031
006/043-Cycling-4y-DHAPPQ-AL,71,0.7603808636938255,2031
006/043-Cycling-4y-DHAPPQ-AL,72,0.7866359421998954,2031
006/043-Cycling-4y-DHAPPQ-AL,73,0.7536386167397106,2031
006/043-Cycling-4y-DHAPPQ-AL,74,0.7617608762371876,2031
006/043-Cycling-4y-DHAPPQ-AL,75,0.7674675210139634,2031
006/043-Cycling-4y-DHAPPQ-AL,76,0.7810102332694687,2031
006/043-Cycling-4y-DHAPPQ-AL,77,0.7727548752927201,2031
006/043-Cycling-4y-DHAPPQ-AL,78,0.7768283852861962,2031
006/043-Cycling-4y-DHAPPQ-AL,79,0.7833405470688474,2031
006/043-Cycling-4y-DHAPPQ-AL,80,0.7437127071782177,2031
006/043-Cycling-4y-DHAPPQ-AL,81,0.7974942997233044,2031
006/043-Cycling-4y-DHAPPQ-AL,82,0.7703531295503266,2031
006/043-Cycling-4y-DHAPPQ-AL,83,0.7450607079077933,2031
006/043-Cycling-4y-DHAPPQ-AL,84,0.7797100188331353,2031
006/043-Cycling-4y-DHAPPQ-AL,85,0.786565839069263,2031
006/043-Cycling-4y-DHAPPQ-AL,86,0.7792638767430188,2031
006/043-Cycling-4y-DHAPPQ-AL,87,0.748059841083535,2031
006/043-Cycling-4y-DHAPPQ-AL,88,0.7516219013771789,2031
006/043-Cycling-4y-DHAPPQ-AL,89,0.7862280697329012,2031
006/043-Cycling-4y-DHAPPQ-AL,90,0.7646313047366408,2031
006/043-Cycling-4y-DHAPPQ-AL,91,0.8075446813267786,2031
006/043-Cycling-4y-DHAPPQ-AL,92,0.7775478310892779,2031
006/043-Cycling-4y-DHAPPQ-AL,93,0.7817563488803295,2031
006/043-Cycling-4y-DHAPPQ-AL,94,0.7661944315231244,2031
006/043-Cycling-4y-DHAPPQ-AL,95,0.7667574859341738,2031
006/043-Cycling-4y-DHAPPQ-AL,96,0.7639382356837209,2031
006/043-Cycling-4y-DHAPPQ-AL,97,0.7928890706786399,2031
006/043-Cycling-4y-DHAPPQ-AL,98,0.7987353928955847,2031
006/043-Cycling-4y-DHAPPQ-AL,99,0.7544432030633087,2031
006/044-Cycling-4y-DHAPPQ-ASAQ,0,0.7159272657310419,2031
006/044-Cycling-4y-DHAPPQ-ASAQ,1,0.707443524276509,2031
006/044-Cycling-4y-DHAPPQ-ASAQ,2,0.69285963742634,2031
006/044-Cycling-4y-DHAPPQ-ASAQ,3,0.7171108668198239,2031
006/044-Cycling-4y-DHAPPQ-ASAQ,4,0.6962500185256872,2031
006/044-Cycling-4y-DHAPPQ-ASAQ,5,0.7033676762596968,2031
006/044-Cycling-4y-DHAPPQ-ASAQ,6,0.717085425574596,2031
006/044-Cycling-4y-DHAPPQ-ASAQ,7,0.6660999437136672,2031
006/044-Cycling-4y-DHAPPQ-ASAQ,8,0.6767755811204532,2031
006/044-Cycling-4y-DHAPPQ-ASAQ,9,0.6782833975807252,2031
006/044-Cycling-4y-DHAPPQ-ASAQ,10,0.7367887309926103,2031
006/044-Cycling-4y-DHAPPQ-ASAQ,11,0.7016443315128041,2031
006/044-Cycling-4y-DHAPPQ-ASAQ,12,0.7214509755347674,2031
006/044-Cycling-4y-DHAPPQ-ASAQ,13,0.7300350220815682,2031
006/044-Cycling-4y-DHAPPQ-ASAQ,14,0.697837353007117,2031
006/044-Cycling-4y-DHAPPQ-ASAQ,15,0.7129146789991725,2031
006/044-Cycling-4y-DHAPPQ-ASAQ,16,0.7175816285971828,2031
006/044-Cycling-4y-DHAPPQ-ASAQ,17,0.711808704169485,2031
006/044-Cycling-4y-DHAPPQ-ASAQ,18,0.6773875572501419,2031
006/044-Cycling-4y-DHAPPQ-ASAQ,19,0.7274868288083881,2031
006/044-Cycling-4y-DHAPPQ-ASAQ,20,0.6989675909081424,2031
006/044-Cycling-4y-DHAPPQ-ASAQ,21,0.7178490954908533,2031
006/044-Cycling-4y-DHAPPQ-ASAQ,22,0.7030483987502657,2031
006/044-Cycling-4y-DHAPPQ-ASAQ,23,0.7073225582755995,2031
006/044-Cycling-4y-DHAPPQ-ASAQ,24,0.7110615989667367,2031
006/044-Cycling-4y-DHAPPQ-ASAQ,25,0.701675359798479,2031
006/044-Cycling-4y-DHAPPQ-ASAQ,26,0.71555287401911,2031
006/044-Cycling-4y-DHAPPQ-ASAQ,27,0.7304911398619064,2031
006/044-Cycling-4y-DHAPPQ-ASAQ,28,0.739433613263146,2031
006/044-Cycling-4y-DHAPPQ-ASAQ,29,0.7088020078423739,2031
006/044-Cycling-4y-DHAPPQ-ASAQ,30,0.7223964013292942,2031
006/044-Cycling-4y-DHAPPQ-ASAQ,31,0.7477198899524309,2031
006/044-Cycling-4y-DHAPPQ-ASAQ,32,0.7208566339528698,2031
006/044-Cycling-4y-DHAPPQ-ASAQ,33,0.7509772704523129,2031
006/044-Cycling-4y-DHAPPQ-ASAQ,34,0.7292465920759869,2031
006/044-Cycling-4y-DHAPPQ-ASAQ,35,0.7054961777169414,2031
006/044-Cycling-4y-DHAPPQ-ASAQ,36,0.69309023251027,2031
006/044-Cycling-4y-DHAPPQ-ASAQ,37,0.7188797473001647,2031
006/044-Cycling-4y-DHAPPQ-ASAQ,38,0.7087520706896875,2031
006/044-Cycling-4y-DHAPPQ-ASAQ,39,0.6934407393710645,2031
006/044-Cycling-4y-DHAPPQ-ASAQ,40,0.6972015311267611,2031
006/044-Cycling-4y-DHAPPQ-ASAQ,41,0.7466896763114762,2031
006/044-Cycling-4y-DHAPPQ-ASAQ,42,0.7326729956390822,2031
006/044-Cycling-4y-DHAPPQ-ASAQ,43,0.732024206128318,2031
006/044-Cycling-4y-DHAPPQ-ASAQ,44,0.7004494488790264,2031
006/044-Cycling-4y-DHAPPQ-ASAQ,45,0.7168102126342356,2031
006/044-Cycling-4y-DHAPPQ-ASAQ,46,0.7043044926357415,2031
006/044-Cycling-4y-DHAPPQ-ASAQ,47,0.716845527087265,2031
006/044-Cycling-4y-DHAPPQ-ASAQ,48,0.7381306958692003,2031
006/044-Cycling-4y-DHAPPQ-ASAQ,49,0.719004994708227,2031
006/044-Cycling-4y-DHAPPQ-ASAQ,50,0.7047676038585281,2031
006/044-Cycling-4y-DHAPPQ-ASAQ,51,0.7070088925650411,2031
006/044-Cycling-4y-DHAPPQ-ASAQ,52,0.6893712003493085,2031
006/044-Cycling-4y-DHAPPQ-ASAQ,53,0.6837212064615229,2031
006/044-Cycling-4y-DHAPPQ-ASAQ,54,0.7233120668797884,2031
006/044-Cycling-4y-DHAPPQ-ASAQ,55,0.7173195978138657,2031
006/044-Cycling-4y-DHAPPQ-ASAQ,56,0.7108746382389007,2031
006/044-Cycling-4y-DHAPPQ-ASAQ,57,0.7371507088968593,2031
006/044-Cycling-4y-DHAPPQ-ASAQ,58,0.7042784341591957,2031
006/044-Cycling-4y-DHAPPQ-ASAQ,59,0.7219093367481245,2031
006/044-Cycling-4y-DHAPPQ-ASAQ,60,0.7173963123587951,2031
006/044-Cycling-4y-DHAPPQ-ASAQ,61,0.7252054298653651,2031
006/044-Cycling-4y-DHAPPQ-ASAQ,62,0.6535950161620652,2031
006/044-Cycling-4y-DHAPPQ-ASAQ,63,0.7267459641248887,2031
006/044-Cycling-4y-DHAPPQ-ASAQ,64,0.7038205375368062,2031
006/044-Cycling-4y-DHAPPQ-ASAQ,65,0.730356687753937,2031
006/044-Cycling-4y-DHAPPQ-ASAQ,66,0.7209129991792743,2031
006/044-Cycling-4y-DHAPPQ-ASAQ,67,0.7475936648773507,2031
006/044-Cycling-4y-DHAPPQ-ASAQ,68,0.7149646357866777,2031
006/044-Cycling-4y-DHAPPQ-ASAQ,69,0.7362841382290045,2031
006/044-Cycling-4y-DHAPPQ-ASAQ,70,0.7371334626350904,2031
006/044-Cycling-4y-DHAPPQ-ASAQ,71,0.7317754469691967,2031
006/044-Cycling-4y-DHAPPQ-ASAQ,72,0.7164794722077624,2031
006/044-Cycling-4y-DHAPPQ-ASAQ,73,0.7093630207651208,2031
006/044-Cycling-4y-DHAPPQ-ASAQ,74,0.720043052935181,2031
006/044-Cycling-4y-DHAPPQ-ASAQ,75,0.7184260074739459,2031
006/044-Cycling-4y-DHAPPQ-ASAQ,76,0.7088281272266426,2031
006/044-Cycling-4y-DHAPPQ-ASAQ,77,0.7008411749893101,2031
006/044-Cycling-4y-DHAPPQ-ASAQ,78,0.701809980722393,2031
006/044-Cycling-4y-DHAPPQ-ASAQ,79,0.7113929773993188,2031
006/044-Cycling-4y-DHAPPQ-ASAQ,80,0.7074048955693559,2031
006/044-Cycling-4y-DHAPPQ-ASAQ,81,0.7066165280627027,2031
006/044-Cycling-4y-DHAPPQ-ASAQ,82,0.7244481213779692,2031
006/044-Cycling-4y-DHAPPQ-ASAQ,83,0.7030723648050657,2031
006/044-Cycling-4y-DHAPPQ-ASAQ,84,0.6985055996636644,2031
006/044-Cycling-4y-DHAPPQ-ASAQ,85,0.7352301842589912,2031
006/044-Cycling-4y-DHAPPQ-ASAQ,86,0.6860846483725327,2031
006/044-Cycling-4y-DHAPPQ-ASAQ,87,0.7203427250932979,2031
006/044-Cycling-4y-DHAPPQ-ASAQ,88,0.7012469208192244,2031
006/044-Cycling-4y-DHAPPQ-ASAQ,89,0.6845821709457961,2031
006/044-Cycling-4y-DHAPPQ-ASAQ,90,0.6970408821675388,2031
006/044-Cycling-4y-DHAPPQ-ASAQ,91,0.672339693056,2031
006/044-Cycling-4y-DHAPPQ-ASAQ,92,0.7201238885108103,2031
006/044-Cycling-4y-DHAPPQ-ASAQ,93,0.7047493004616626,2031
006/044-Cycling-4y-DHAPPQ-ASAQ,94,0.6923473294451264,2031
006/044-Cycling-4y-DHAPPQ-ASAQ,95,0.7339902250694778,2031
006/044-Cycling-4y-DHAPPQ-ASAQ,96,0.6963462925873269,2031
006/044-Cycling-4y-DHAPPQ-ASAQ,97,0.7357857589590947,2031
006/044-Cycling-4y-DHAPPQ-ASAQ,98,0.6997409267359694,2031
006/044-Cycling-4y-DHAPPQ-ASAQ,99,0.7106135257007212,2031
006/045-Cycling-4y-AL-ASAQ-DHAPPQ,0,0.7622995160671118,2031
006/045-Cycling-4y-AL-ASAQ-DHAPPQ,1,0.7541874610662997,2031
006/045-Cycling-4y-AL-ASAQ-DHAPPQ,2,0.7683938297481457,2031
006/045-Cycling-4y-AL-ASAQ-DHAPPQ,3,0.7681529124400757,2031
006/045-Cycling-4y-AL-ASAQ-DHAPPQ,4,0.7804367699085746,2031
006/045-Cycling-4y-AL-ASAQ-DHAPPQ,5,0.757797568338706,2031
006/045-Cycling-4y-AL-ASAQ-DHAPPQ,6,0.753357964236914,2031
006/045-Cycling-4y-AL-ASAQ-DHAPPQ,7,0.7589076054888039,2031
006/045-Cycling-4y-AL-ASAQ-DHAPPQ,8,0.7593051169815497,2031
006/045-Cycling-4y-AL-ASAQ-DHAPPQ,9,0.7422107362283366,2031
006/045-Cycling-4y-AL-ASAQ-DHAPPQ,10,0.7444677621421089,2031
006/045-Cycling-4y-AL-ASAQ-DHAPPQ,11,0.7715688523083077,2031
006/045-Cycling-4y-AL-ASAQ-DHAPPQ,12,0.775866871424601,2031
006/045-Cycling-4y-AL-ASAQ-DHAPPQ,13,0.7278122229729567,2031
006/045-Cycling-4y-AL-ASAQ-DHAPPQ,14,0.7468972596313108,2031
006/045-Cycling-4y-AL-ASAQ-DHAPPQ,15,0.741500862145124,2031
006/045-Cycling-4y-AL-ASAQ-DHAPPQ,16,0.733542564951315,2031
006/045-Cycling-4y-AL-ASAQ-DHAPPQ,17,0.7456990491267427,2031
006/045-Cycling-4y-AL-ASAQ-DHAPPQ,18,0.7561085725982059,2031
006/045-Cycling-4y-AL-ASAQ-DHAPPQ,19,0.7631448918525118,2031
006/045-Cycling-4y-AL-ASAQ-DHAPPQ,20,0.7547635176287554,2031
006/045-Cycling-4y-AL-ASAQ-DHAPPQ,21,0.7584124003918294,2031
006/045-Cycling-4y-AL-ASAQ-DHAPPQ,22,0.7937193019163624,2031
006/045-Cycling-4y-AL-ASAQ-DHAPPQ,23,0.7834209789961445,2031
006/045-Cycling-4y-AL-ASAQ-DHAPPQ,24,0.7583091776572988,2031
006/045-Cycling-4y-AL-ASAQ-DHAPPQ,25,0.7738533384480579,2031
006/045-Cycling-4y-AL-ASAQ-DHAPPQ,26,0.7427144567376032,2031
006/045-Cycling-4y-AL-ASAQ-DHAPPQ,27,0.7548159120382226,2031
006/045-Cycling-4y-AL-ASAQ-DHAPPQ,28,0.7339968639195402,2031
006/045-Cycling-4y-AL-ASAQ-DHAPPQ,29,0.7479351099469048,2031
006/045-Cycling-4y-AL-ASAQ-DHAPPQ,30,0.7362102971295186,2031
006/045-Cycling-4y-AL-ASAQ-DHAPPQ,31,0.7398679297010665,2031
006/045-Cycling-4y-AL-ASAQ-DHAPPQ,32,0.8003388782913617,2031
006/045-Cycling-4y-AL-ASAQ-DHAPPQ,33,0.7735659147529309,2031
006/045-Cycling-4y-AL-ASAQ-DHAPPQ,34,0.741555102025009,2031
006/045-Cycling-4y-AL-ASAQ-DHAPPQ,35,0.76651155555806,2031
006/045-Cycling-4y-AL-ASAQ-DHAPPQ,36,0.7542745474276278,2031
006/045-Cycling-4y-AL-ASAQ-DHAPPQ,37,0.7558574083869041,2031
006/045-Cycling-4y-AL-ASAQ-DHAPPQ,38,0.7513171676694049,2031
006/045-Cycling-4y-AL-ASAQ-DHAPPQ,39,0.7808684494196565,2031
006/045-Cycling-4y-AL-ASAQ-DHAPPQ,40,0.7644229824373774,2031
006/045-Cycling-4y-AL-ASAQ-DHAPPQ,41,0.7433811487392239,2031
006/045-Cycling-4y-AL-ASAQ-DHAPPQ,42,0.7546643539416994,2031
006/045-Cycling-4y-AL-ASAQ-DHAPPQ,43,0.7627601897755425,2031
006/045-Cycling-4y-AL-ASAQ-DHAPPQ,44,0.7325101283139857,2031
006/045-Cycling-4y-AL-ASAQ-DHAPPQ,45,0.7558070995226392,2031
006/045-Cycling-4y-AL-ASAQ-DHAPPQ,46,0.7718687591688037,2031
006/045-Cycling-4y-AL-ASAQ-DHAPPQ,47,0.7691627156256103,2031
006/045-Cycling-4y-AL-ASAQ-DHAPPQ,48,0.7619182397862009,2031
006/045-Cycling-4y-AL-ASAQ-DHAPPQ,49,0.759770046760869,2031
006/045-Cycling-4y-AL-ASAQ-DHAPPQ,50,0.7272432419891356,2031
006/045-Cycling-4y-AL-ASAQ-DHAPPQ,51,0.7281468219009456,2031
006/045-Cycling-4y-AL-ASAQ-DHAPPQ,52,0.7446331816558264,2031
006/045-Cycling-4y-AL-ASAQ-DHAPPQ,53,0.801588954605362,2031
006/045-Cycling-4y-AL-ASAQ-DHAPPQ,54,0.7740134889534485,2031
006/045-Cycling-4y-AL-ASAQ-DHAPPQ,55,0.7555586448810024,2031
006/045-Cycling-4y-AL-ASAQ-DHAPPQ,56,0.7637345771090122,2031
006/045-Cycling-4y-AL-ASAQ-DHAPPQ,57,0.7577670559312083,2031
006/045-Cycling-4y-AL-ASAQ-DHAPPQ,58,0.761416430092559,2031
006/045-Cycling-4y-AL-ASAQ-DHAPPQ,59,0.7692662403926587,2031
006/045-Cycling-4y-AL-ASAQ-DHAPPQ,60,0.7555287687027356,2031
006/045-Cycling-4y-AL-ASAQ-DHAPPQ,61,0.7384467573046049,2031
006/045-Cycling-4y-AL-ASAQ-DHAPPQ,62,0.755369979102511,2031
006/045-Cycling-4y-AL-ASAQ-DHAPPQ,63,0.763457271851455,2031
006/045-Cycling-4y-AL-ASAQ-DHAPPQ,64,0.7583422714163262,2031
006/045-Cycling-4y-AL-ASAQ-DHAPPQ,65,0.7571351430885769,2031
006/045-Cycling-4y-AL-ASAQ-DHAPPQ,66,0.7567866992829698,2031
006/045-Cycling-4y-AL-ASAQ-DHAPPQ,67,0.7559422485845594,2031
006/045-Cycling-4y-AL-ASAQ-DHAPPQ,68,0.7621842648695342,2031
006/045-Cycling-4y-AL-ASAQ-DHAPPQ,69,0.746156966508187,2031
006/045-Cycling-4y-AL-ASAQ-DHAPPQ,70,0.7466138126110483,2031
006/045-Cycling-4y-AL-ASAQ-DHAPPQ,71,0.7473617630395051,2031
006/045-Cycling-4y-AL-ASAQ-DHAPPQ,72,0.7413206955429607,2031
006/045-Cycling-4y-AL-ASAQ-DHAPPQ,73,0.7576341126104529,2031
006/045-Cycling-4y-AL-ASAQ-DHAPPQ,74,0.7920253343582582,2031
006/045-Cycling-4y-AL-ASAQ-DHAPPQ,75,0.7632093051029525,2031
006/045-Cycling-4y-AL-ASAQ-DHAPPQ,76,0.7329376819612813,2031
006/045-Cycling-4y-AL-ASAQ-DHAPPQ,77,0.7437933330444175,2031
006/045-Cycling-4y-AL-ASAQ-DHAPPQ,78,0.7262697810058808,2031
006/045-Cycling-4y-AL-ASAQ-DHAPPQ,79,0.7370583918442062,2031
006/045-Cycling-4y-AL-ASAQ-DHAPPQ,80,0.7584910373433785,2031
006/045-Cycling-4y-AL-ASAQ-DHAPPQ,81,0.7563242883393132,2031
006/045-Cycling-4y-AL-ASAQ-DHAPPQ,82,0.7484410169601566,2031
006/045-Cycling-4y-AL-ASAQ-DHAPPQ,83,0.7541391514471742,2031
006/045-Cycling-4y-AL-ASAQ-DHAPPQ,84,0.7482636566674871,2031
006/045-Cycling-4y-AL-ASAQ-DHAPPQ,85,0.7662214936106061,2031
006/045-Cycling-4y-AL-ASAQ-DHAPPQ,86,0.7732275608558833,2031
006/045-Cycling-4y-AL-ASAQ-DHAPPQ,87,0.7836444962529687,2031
006/045-Cycling-4y-AL-ASAQ-DHAPPQ,88,0.7440443228721291,2031
006/045-Cycling-4y-AL-ASAQ-DHAPPQ,89,0.7403310803452757,2031
006/045-Cycling-4y-AL-ASAQ-DHAPPQ,90,0.7445975175680507,2031
006/045-Cycling-4y-AL-ASAQ-DHAPPQ,91,0.7669220999226497,2031
006/045-Cycling-4y-AL-ASAQ-DHAPPQ,92,0.7655633881634011,2031
006/045-Cycling-4y-AL-ASAQ-DHAPPQ,93,0.7618847995836355,2031
006/045-Cycling-4y-AL-ASAQ-DHAPPQ,94,0.7620182455597021,2031
006/045-Cycling-4y-AL-ASAQ-DHAPPQ,95,0.7651856091059237,2031
006/045-Cycling-4y-AL-ASAQ-DHAPPQ,96,0.77321768017551,2031
006/045-Cycling-4y-AL-ASAQ-DHAPPQ,97,0.754809730411631,2031
006/045-Cycling-4y-AL-ASAQ-DHAPPQ,98,0.7598483634706401,2031
006/045-Cycling-4y-AL-ASAQ-DHAPPQ,99,0.761153295802807,2031
006/046-Cycling-4y-AL-DHAPPQ-ASAQ,0,0.7892284096393197,2031
006/046-Cycling-4y-AL-DHAPPQ-ASAQ,1,0.7494703315140699,2031
006/046-Cycling-4y-AL-DHAPPQ-ASAQ,2,0.7428073274715193,2031
006/046-Cycling-4y-AL-DHAPPQ-ASAQ,3,0.7892711418098622,2031
006/046-Cycling-4y-AL-DHAPPQ-ASAQ,4,0.7527940784298197,2031
006/046-Cycling-4y-AL-DHAPPQ-ASAQ,5,0.7629933856234495,2031
006/046-Cycling-4y-AL-DHAPPQ-ASAQ,6,0.7778522947576944,2031
006/046-Cycling-4y-AL-DHAPPQ-ASAQ,7,0.7395369229423245,2031
006/046-Cycling-4y-AL-DHAPPQ-ASAQ,8,0.764479468484936,2031
006/046-Cycling-4y-AL-DHAPPQ-ASAQ,9,0.7799593259016641,2031
006/046-Cycling-4y-AL-DHAPPQ-ASAQ,10,0.7755354931772073,2031
006/046-Cycling-4y-AL-DHAPPQ-ASAQ,11,0.788546853822294,2031
006/046-Cycling-4y-AL-DHAPPQ-ASAQ,12,0.766643558453521,2031
006/046-Cycling-4y-AL-DHAPPQ-ASAQ,13,0.7673142374536766,2031
006/046-Cycling-4y-AL-DHAPPQ-ASAQ,14,0.766725882768284,2031
006/046-Cycling-4y-AL-DHAPPQ-ASAQ,15,0.7730567513138747,2031
006/046-Cycling-4y-AL-DHAPPQ-ASAQ,16,0.7273333233754996,2031
006/046-Cycling-4y-AL-DHAPPQ-ASAQ,17,0.7572519329412821,2031
006/046-Cycling-4y-AL-DHAPPQ-ASAQ,18,0.7767051169921485,2031
006/046-Cycling-4y-AL-DHAPPQ-ASAQ,19,0.76834430766925,2031
006/046-Cycling-4y-AL-DHAPPQ-ASAQ,20,0.773317204325266,2031
006/046-Cycling-4y-AL-DHAPPQ-ASAQ,21,0.791023126521746,2031
006/046-Cycling-4y-AL-DHAPPQ-ASAQ,22,0.7664471759374543,2031
006/046-Cycling-4y-AL-DHAPPQ-ASAQ,23,0.7589471423430787,2031
006/046-Cycling-4y-AL-DHAPPQ-ASAQ,24,0.781934660994999,2031
006/046-Cycling-4y-AL-DHAPPQ-ASAQ,25,0.7744849457036352,2031
006/046-Cycling-4y-AL-DHAPPQ-ASAQ,26,0.7897542591987098,2031
006/046-Cycling-4y-AL-DHAPPQ-ASAQ,27,0.765127638596799,2031
006/046-Cycling-4y-AL-DHAPPQ-ASAQ,28,0.7844534249556494,2031
006/046-Cycling-4y-AL-DHAPPQ-ASAQ,29,0.7806144565944639,2031
006/046-Cycling-4y-AL-DHAPPQ-ASAQ,30,0.7533287321898111,2031
006/046-Cycling-4y-AL-DHAPPQ-ASAQ,31,0.7572056974117137,2031
006/046-Cycling-4y-AL-DHAPPQ-ASAQ,32,0.7600888286591525,2031
006/046-Cycling-4y-AL-DHAPPQ-ASAQ,33,0.77633430676253,2031
006/046-Cycling-4y-AL-DHAPPQ-ASAQ,34,0.7823917422094916,2031
006/046-Cycling-4y-AL-DHAPPQ-ASAQ,35,0.7689164925639974,2031
006/046-Cycling-4y-AL-DHAPPQ-ASAQ,36,0.7421315232662868,2031
006/046-Cycling-4y-AL-DHAPPQ-ASAQ,37,0.7677557860015596,2031
006/046-Cycling-4y-AL-DHAPPQ-ASAQ,38,0.7707665438204803,2031
006/046-Cycling-4y-AL-DHAPPQ-ASAQ,39,0.7730485225667753,2031
006/046-Cycling-4y-AL-DHAPPQ-ASAQ,40,0.7665120919613121,2031
006/046-Cycling-4y-AL-DHAPPQ-ASAQ,41,0.7727476602841002,2031
006/046-Cycling-4y-AL-DHAPPQ-ASAQ,42,0.7947745492268203,2031
006/046-Cycling-4y-AL-DHAPPQ-ASAQ,43,0.7588475696597575,2031
006/046-Cycling-4y-AL-DHAPPQ-ASAQ,44,0.7850123141733011,2031
006/046-Cycling-4y-AL-DHAPPQ-ASAQ,45,0.7782916481179017,2031
006/046-Cycling-4y-AL-DHAPPQ-ASAQ,46,0.7588820280606504,2031
006/046-Cycling-4y-AL-DHAPPQ-ASAQ,47,0.8137150161380108,2031
006/046-Cycling-4y-AL-DHAPPQ-ASAQ,48,0.7738844997629916,2031
006/046-Cycling-4y-AL-DHAPPQ-ASAQ,49,0.7566291850155779,2031
006/046-Cycling-4y-AL-DHAPPQ-ASAQ,50,0.7627747189318183,2031
006/046-Cycling-4y-AL-DHAPPQ-ASAQ,51,0.7874831999634586,2031
006/046-Cycling-4y-AL-DHAPPQ-ASAQ,52,0.7667242096732299,2031
006/046-Cycling-4y-AL-DHAPPQ-ASAQ,53,0.739938082646206,2031
006/046-Cycling-4y-AL-DHAPPQ-ASAQ,54,0.7657204272850712,2031
006/046-Cycling-4y-AL-DHAPPQ-ASAQ,55,0.7734213834933207,2031
006/046-Cycling-4y-AL-DHAPPQ-ASAQ,56,0.7746291461718483,2031
006/046-Cycling-4y-AL-DHAPPQ-ASAQ,57,0.7764365592068527,2031
006/046-Cycling-4y-AL-DHAPPQ-ASAQ,58,0.764741899735463,2031
006/046-Cycling-4y-AL-DHAPPQ-ASAQ,59,0.8014160286492809,2031
006/046-Cycling-4y-AL-DHAPPQ-ASAQ,60,0.7765111238424999,2031
006/046-Cycling-4y-AL-DHAPPQ-ASAQ,61,0.733114117490134,2031
006/046-Cycling-4y-AL-DHAPPQ-ASAQ,62,0.772865801483638,2031
006/046-Cycling-4y-AL-DHAPPQ-ASAQ,63,0.776207523700211,2031
006/046-Cycling-4y-AL-DHAPPQ-ASAQ,64,0.7678598543119732,2031
006/046-Cycling-4y-AL-DHAPPQ-ASAQ,65,0.7535519983430802,2031
006/046-Cycling-4y-AL-DHAPPQ-ASAQ,66,0.7362516918871397,2031
006/046-Cycling-4y-AL-DHAPPQ-ASAQ,67,0.7598582324176891,2031
006/046-Cycling-4y-AL-DHAPPQ-ASAQ,68,0.7517993288335777,2031
006/046-Cycling-4y-AL-DHAPPQ-ASAQ,69,0.75528656944252,2031
006/046-Cycling-4y-AL-DHAPPQ-ASAQ,70,0.7505550606171401,2031
006/046-Cycling-4y-AL-DHAPPQ-ASAQ,71,0.7408628065074178,2031
006/046-Cycling-4y-AL-DHAPPQ-ASAQ,72,0.7812806267182401,2031
006/046-Cycling-4y-AL-DHAPPQ-ASAQ,73,0.7687561386526792,2031
006/046-Cycling-4y-AL-DHAPPQ-ASAQ,74,0.7247794193614244,2031
006/046-Cycling-4y-AL-DHAPPQ-ASAQ,75,0.7746295564507717,2031
006/046-Cycling-4y-AL-DHAPPQ-ASAQ,76,0.7789045532760905,2031
006/046-Cycling-4y-AL-DHAPPQ-ASAQ,77,0.8056783475374011,2031
006/046-Cycling-4y-AL-DHAPPQ-ASAQ,78,0.754847385587024,2031
006/046-Cycling-4y-AL-DHAPPQ-ASAQ,79,0.7732749465526193,2031
006/046-Cycling-4y-AL-DHAPPQ-ASAQ,80,0.7968572400633461,2031
006/046-Cycling-4y-AL-DHAPPQ-ASAQ,81,0.7774929346520176,2031
006/046-Cycling-4y-AL-DHAPPQ-ASAQ,82,0.7326407011997462,2031
006/046-Cycling-4y-AL-DHAPPQ-ASAQ,83,0.7741812407529577,2031
006/046-Cycling-4y-AL-DHAPPQ-ASAQ,84,0.7829794694112646,2031
006/046-Cycling-4y-AL-DHAPPQ-ASAQ,85,0.767348091391733,2031
006/046-Cycling-4y-AL-DHAPPQ-ASAQ,86,0.7681462768598792,2031
006/046-Cycling-4y-AL-DHAPPQ-ASAQ,87,0.7806636422157772,2031
006/046-Cycling-4y-AL-DHAPPQ-ASAQ,88,0.7732316984140541,2031
006/046-Cycling-4y-AL-DHAPPQ-ASAQ,89,0.7778552004021969,2031
006/046-Cycling-4y-AL-DHAPPQ-ASAQ,90,0.7722963772054666,2031
006/046-Cycling-4y-AL-DHAPPQ-ASAQ,91,0.7610095745015147,2031
006/046-Cycling-4y-AL-DHAPPQ-ASAQ,92,0.7473327224265923,2031
006/046-Cycling-4y-AL-DHAPPQ-ASAQ,93,0.7811584543256309,2031
006/046-Cycling-4y-AL-DHAPPQ-ASAQ,94,0.7760621719685007,2031
006/046-Cycling-4y-AL-DHAPPQ-ASAQ,95,0.7614166115772116,2031
006/046-Cycling-4y-AL-DHAPPQ-ASAQ,96,0.7814910345866473,2031
006/046-Cycling-4y-AL-DHAPPQ-ASAQ,97,0.7712998837316899,2031
006/046-Cycling-4y-AL-DHAPPQ-ASAQ,98,0.8036646430693769,2031
006/046-Cycling-4y-AL-DHAPPQ-ASAQ,99,0.783694531766869,2031
006/047-Cycling-4y-ASAQ-AL-DHAPPQ,0,0.7259097871160488,2031
006/047-Cycling-4y-ASAQ-AL-DHAPPQ,1,0.7235891846241301,2031
006/047-Cycling-4y-ASAQ-AL-DHAPPQ,2,0.7031226521753055,2031
006/047-Cycling-4y-ASAQ-AL-DHAPPQ,3,0.7322861570502184,2031
006/047-Cycling-4y-ASAQ-AL-DHAPPQ,4,0.7335259957191401,2031
006/047-Cycling-4y-ASAQ-AL-DHAPPQ,5,0.7112165754556615,2031
006/047-Cycling-4y-ASAQ-AL-DHAPPQ,6,0.6949072493323102,2031
006/047-Cycling-4y-ASAQ-AL-DHAPPQ,7,0.6739953727220755,2031
006/047-Cycling-4y-ASAQ-AL-DHAPPQ,8,0.7107596312843434,2031
006/047-Cycling-4y-ASAQ-AL-DHAPPQ,9,0.7063027567835484,2031
006/047-Cycling-4y-ASAQ-AL-DHAPPQ,10,0.7111687193080828,2031
006/047-Cycling-4y-ASAQ-AL-DHAPPQ,11,0.7344223172051175,2031
006/047-Cycling-4y-ASAQ-AL-DHAPPQ,12,0.6920713964490619,2031
006/047-Cycling-4y-ASAQ-AL-DHAPPQ,13,0.7137092493812305,2031
006/047-Cycling-4y-ASAQ-AL-DHAPPQ,14,0.7275260365454796,2031
006/047-Cycling-4y-ASAQ-AL-DHAPPQ,15,0.6926829594445528,2031
006/047-Cycling-4y-ASAQ-AL-DHAPPQ,16,0.7266717681947834,2031
006/047-Cycling-4y-ASAQ-AL-DHAPPQ,17,0.7332680200930347,2031
006/047-Cycling-4y-ASAQ-AL-DHAPPQ,18,0.7362548575211129,2031
006/047-Cycling-4y-ASAQ-AL-DHAPPQ,19,0.7389207673503914,2031
006/047-Cycling-4y-ASAQ-AL-DHAPPQ,20,0.6944844945574643,2031
006/047-Cycling-4y-ASAQ-AL-DHAPPQ,21,0.7464371483814419,2031
006/047-Cycling-4y-ASAQ-AL-DHAPPQ,22,0.7210588149003055,2031
006/047-Cycling-4y-ASAQ-AL-DHAPPQ,23,0.7025384675935876,2031
006/047-Cycling-4y-ASAQ-AL-DHAPPQ,24,0.7048161093592179,2031
006/047-Cycling-4y-ASAQ-AL-DHAPPQ,25,0.6995914169611773,2031
006/047-Cycling-4y-ASAQ-AL-DHAPPQ,26,0.7409900364448826,2031
006/047-Cycling-4y-ASAQ-AL-DHAPPQ,27,0.7229075926706914,2031
006/047-Cycling-4y-ASAQ-AL-DHAPPQ,28,0.7122769004770446,2031
006/047-Cycling-4y-ASAQ-AL-DHAPPQ,29,0.7185552479994102,2031
006/047-Cycling-4y-ASAQ-AL-DHAPPQ,30,0.7176615516338837,2031
006/047-Cycling-4y-ASAQ-AL-DHAPPQ,31,0.7422781028795392,2031
006/047-Cycling-4y-ASAQ-AL-DHAPPQ,32,0.732574043384976,2031
006/047-Cycling-4y-ASAQ-AL-DHAPPQ,33,0.7590842495091952,2031
006/047-Cycling-4y-ASAQ-AL-DHAPPQ,34,0.7506374712906511,2031
006/047-Cycling-4y-ASAQ-AL-DHAPPQ,35,0.7131681706924526,2031
006/047-Cycling-4y-ASAQ-AL-DHAPPQ,36,0.7255902444454931,2031
006/047-Cycling-4y-ASAQ-AL-DHAPPQ,37,0.6825491821488562,2031
006/047-Cycling-4y-ASAQ-AL-DHAPPQ,38,0.7174581868203617,2031
006/047-Cycling-4y-ASAQ-AL-DHAPPQ,39,0.7385456260520761,2031
006/047-Cycling-4y-ASAQ-AL-DHAPPQ,40,0.7243504617585801,2031
006/047-Cycling-4y-ASAQ-AL-DHAPPQ,41,0.6996822327578768,2031
006/047-Cycling-4y-ASAQ-AL-DHAPPQ,42,0.7292124011799187,2031
006/047-Cycling-4y-ASAQ-AL-DHAPPQ,43,0.692037141765519,2031
006/047-Cycling-4y-ASAQ-AL-DHAPPQ,44,0.7339650632671028,2031
006/047-Cycling-4y-ASAQ-AL-DHAPPQ,45,0.726794385658652,2031
006/047-Cycling-4y-ASAQ-AL-DHAPPQ,46,0.7105443080412416,2031
006/047-Cycling-4y-ASAQ-AL-DHAPPQ,47,0.7282976411318799,2031
006/047-Cycling-4y-ASAQ-AL-DHAPPQ,48,0.6896796439360773,2031
006/047-Cycling-4y-ASAQ-AL-DHAPPQ,49,0.7197859292324219,2031
006/047-Cycling-4y-ASAQ-AL-DHAPPQ,50,0.7241485037494599,2031
006/047-Cycling-4y-ASAQ-AL-DHAPPQ,51,0.687621272429697,2031
006/047-Cycling-4y-ASAQ-AL-DHAPPQ,52,0.7168797694666537,2031
006/047-Cycling-4y-ASAQ-AL-DHAPPQ,53,0.7276068173181992,2031
006/047-Cycling-4y-ASAQ-AL-DHAPPQ,54,0.7280765426251242,2031
006/047-Cycling-4y-ASAQ-AL-DHAPPQ,55,0.7049265906451306,2031
006/047-Cycling-4y-ASAQ-AL-DHAPPQ,56,0.7381668447367798,2031
006/047-Cycling-4y-ASAQ-AL-DHAPPQ,57,0.7205443485213036,2031
006/047-Cycling-4y-ASAQ-AL-DHAPPQ,58,0.7213829267631565,2031
006/047-Cycling-4y-ASAQ-AL-DHAPPQ,59,0.7154697515801205,2031
006/047-Cycling-4y-ASAQ-AL-DHAPPQ,60,0.7184163881899092,2031
006/047-Cycling-4y-ASAQ-AL-DHAPPQ,61,0.7391758928078597,2031
006/047-Cycling-4y-ASAQ-AL-DHAPPQ,62,0.7013388968372118,2031
006/047-Cycling-4y-ASAQ-AL-DHAPPQ,63,0.7090882134357458,2031
006/047-Cycling-4y-ASAQ-AL-DHAPPQ,64,0.7135226966398798,2031
006/047-Cycling-4y-ASAQ-AL-DHAPPQ,65,0.71453586935339,2031
006/047-Cycling-4y-ASAQ-AL-DHAPPQ,66,0.7419996100500068,2031
006/047-Cycling-4y-ASAQ-AL-DHAPPQ,67,0.719075900186409,2031
006/047-Cycling-4y-ASAQ-AL-DHAPPQ,68,0.6944217000107203,2031
006/047-Cycling-4y-ASAQ-AL-DHAPPQ,69,0.7379593801378602,2031
006/047-Cycling-4y-ASAQ-AL-DHAPPQ,70,0.7055583887145133,2031
006/047-Cycling-4y-ASAQ-AL-DHAPPQ,71,0.6952293542196721,2031
006/047-Cycling-4y-ASAQ-AL-DHAPPQ,72,0.6853520696170157,2031
006/047-Cycling-4y-ASAQ-AL-DHAPPQ,73,0.724167345145358,2031
006/047-Cycling-4y-ASAQ-AL-DHAPPQ,74,0.7027182563192201,2031
006/047-Cycling-4y-ASAQ-AL-DHAPPQ,75,0.7273539879047505,2031
006/047-Cycling-4y-ASAQ-AL-DHAPPQ,76,0.7080555851407295,2031
006/047-Cycling-4y-ASAQ-AL-DHAPPQ,77,0.7050655481221111,2031
006/047-Cycling-4y-ASAQ-AL-DHAPPQ,78,0.7167490077341521,2031
006/047-Cycling-4y-ASAQ-AL-DHAPPQ,79,0.7050546706318378,2031
006/047-Cycling-4y-ASAQ-AL-DHAPPQ,80,0.7211538571483157,2031
006/047-Cycling-4y-ASAQ-AL-DHAPPQ,81,0.7103864439722011,2031
006/047-Cycling-4y-ASAQ-AL-DHAPPQ,82,0.7189443495927508,2031
006/047-Cycling-4y-ASAQ-AL-DHAPPQ,83,0.6850503273159285,2031
006/047-Cycling-4y-ASAQ-AL-DHAPPQ,84,0.6851789096582036,2031
006/047-Cycling-4y-ASAQ-AL-DHAPPQ,85,0.7038042643565329,2031
006/047-Cycling-4y-ASAQ-AL-DHAPPQ,86,0.7113292387817083,2031
006/047-Cycling-4y-ASAQ-AL-DHAPPQ,87,0.7238356897834924,2031
006/047-Cycling-4y-ASAQ-AL-DHAPPQ,88,0.7042672305447756,2031
006/047-Cycling-4y-ASAQ-AL-DHAPPQ,89,0.7159430651587976,2031
006/047-Cycling-4y-ASAQ-AL-DHAPPQ,90,0.7164104814099569,2031
006/047-Cycling-4y-ASAQ-AL-DHAPPQ,91,0.6961327831744092,2031
006/047-Cycling-4y-ASAQ-AL-DHAPPQ,92,0.7310174320312784,2031
006/047-Cycling-4y-ASAQ-AL-DHAPPQ,93,0.7098241299983247,2031
006/047-Cycling-4y-ASAQ-AL-DHAPPQ,94,0.6981625866253917,2031
006/047-Cycling-4y-ASAQ-AL-DHAPPQ,95,0.7107117487236931,2031
006/047-Cycling-4y-ASAQ-AL-DHAPPQ,96,0.7058084853673207,2031
006/047-Cycling-4y-ASAQ-AL-DHAPPQ,97,0.6938486910972649,2031
006/047-Cycling-4y-ASAQ-AL-DHAPPQ,98,0.7250049804234605,2031
006/047-Cycling-4y-ASAQ-AL-DHAPPQ,99,0.7301672558161725,2031
006/048-Cycling-4y-ASAQ-DHAPPQ-AL,0,0.6708098051902307,2031
006/048-Cycling-4y-ASAQ-DHAPPQ-AL,1,0.667341331030115,2031
006/048-Cycling-4y-ASAQ-DHAPPQ-AL,2,0.6361565684270954,2031
006/048-Cycling-4y-ASAQ-DHAPPQ-AL,3,0.6497408241999413,2031
006/048-Cycling-4y-ASAQ-DHAPPQ-AL,4,0.6629516574592028,2031
006/048-Cycling-4y-ASAQ-DHAPPQ-AL,5,0.644950900327104,2031
006/048-Cycling-4y-ASAQ-DHAPPQ-AL,6,0.6705692543471485,2031
006/048-Cycling-4y-ASAQ-DHAPPQ-AL,7,0.6830700317752955,2031
006/048-Cycling-4y-ASAQ-DHAPPQ-AL,8,0.6765850443421705,2031
006/048-Cycling-4y-ASAQ-DHAPPQ-AL,9,0.6542688440539244,2031
006/048-Cycling-4y-ASAQ-DHAPPQ-AL,10,0.6589452443424559,2031
006/048-Cycling-4y-ASAQ-DHAPPQ-AL,11,0.6870623642294191,2031
006/048-Cycling-4y-ASAQ-DHAPPQ-AL,12,0.6662578005558321,2031
006/048-Cycling-4y-ASAQ-DHAPPQ-AL,13,0.6960755441897346,2031
006/048-Cycling-4y-ASAQ-DHAPPQ-AL,14,0.6675057784256232,2031
006/048-Cycling-4y-ASAQ-DHAPPQ-AL,15,0.6807079780874844,2031
006/048-Cycling-4y-ASAQ-DHAPPQ-AL,16,0.6584027336440662,2031
006/048-Cycling-4y-ASAQ-DHAPPQ-AL,17,0.6527953386650811,2031
006/048-Cycling-4y-ASAQ-DHAPPQ-AL,18,0.658050257271061,2031
006/048-Cycling-4y-ASAQ-DHAPPQ-AL,19,0.656019884406319,2031
006/048-Cycling-4y-ASAQ-DHAPPQ-AL,20,0.6592002878875894,2031
006/048-Cycling-4y-ASAQ-DHAPPQ-AL,21,0.6603087051969411,2031
006/048-Cycling-4y-ASAQ-DHAPPQ-AL,22,0.6710226118364949,2031
006/048-Cycling-4y-ASAQ-DHAPPQ-AL,23,0.6507922719698916,2031
006/048-Cycling-4y-ASAQ-DHAPPQ-AL,24,0.6822847807203446,2031
006/048-Cycling-4y-ASAQ-DHAPPQ-AL,25,0.669013151049276,2031
006/048-Cycling-4y-ASAQ-DHAPPQ-AL,26,0.677801355116665,2031
006/048-Cycling-4y-ASAQ-DHAPPQ-AL,27,0.6491698938431042,2031
006/048-Cycling-4y-ASAQ-DHAPPQ-AL,28,0.6339345400160573,2031
006/048-Cycling-4y-ASAQ-DHAPPQ-AL,29,0.6658161560771146,2031
006/048-Cycling-4y-ASAQ-DHAPPQ-AL,30,0.6692596633051545,2031
006/048-Cycling-4y-ASAQ-DHAPPQ-AL,31,0.6655125322045151,2031
006/048-Cycling-4y-ASAQ-DHAPPQ-AL,32,0.6810767416818472,2031
006/048-Cycling-4y-ASAQ-DHAPPQ-AL,33,0.659373705402129,2031
006/048-Cycling-4y-ASAQ-DHAPPQ-AL,34,0.6555581944409127,2031
006/048-Cycling-4y-ASAQ-DHAPPQ-AL,35,0.6641337369453458,2031
006/048-Cycling-4y-ASAQ-DHAPPQ-AL,36,0.6276621489150108,2031
006/048-Cycling-4y-ASAQ-DHAPPQ-AL,37,0.6857872118344647,2031
006/048-Cycling-4y-ASAQ-DHAPPQ-AL,38,0.6747432143669662,2031
006/048-Cycling-4y-ASAQ-DHAPPQ-AL,39,0.6948635829145281,2031
006/048-Cycling-4y-ASAQ-DHAPPQ-AL,40,0.6715042032845636,2031
006/048-Cycling-4y-ASAQ-DHAPPQ-AL,41,0.6678871182299494,2031
006/048-Cycling-4y-ASAQ-DHAPPQ-AL,42,0.6493853795950258,2031
006/048-Cycling-4y-ASAQ-DHAPPQ-AL,43,0.6514597102527229,2031
006/048-Cycling-4y-ASAQ-DHAPPQ-AL,44,0.6522581987155777,2031
006/048-Cycling-4y-ASAQ-DHAPPQ-AL,45,0.6672418262415595,2031
006/048-Cycling-4y-ASAQ-DHAPPQ-AL,46,0.6592748765970565,2031
006/048-Cycling-4y-ASAQ-DHAPPQ-AL,47,0.6768765584480089,2031
006/048-Cycling-4y-ASAQ-DHAPPQ-AL,48,0.6745906264284859,2031
006/048-Cycling-4y-ASAQ-DHAPPQ-AL,49,0.6620259212008782,2031
006/048-Cycling-4y-ASAQ-DHAPPQ-AL,50,0.6833852775156318,2031
006/048-Cycling-4y-ASAQ-DHAPPQ-AL,51,0.6766168364627282,2031
006/048-Cycling-4y-ASAQ-DHAPPQ-AL,52,0.66697064212061,2031
006/048-Cycling-4y-ASAQ-DHAPPQ-AL,53,0.6868652678592159,2031
006/048-Cycling-4y-ASAQ-DHAPPQ-AL,54,0.6783740962890034,2031
006/048-Cycling-4y-ASAQ-DHAPPQ-AL,55,0.6828173226288256,2031
006/048-Cycling-4y-ASAQ-DHAPPQ-AL,56,0.6663545863011834,2031
006/048-Cycling-4y-ASAQ-DHAPPQ-AL,57,0.651950935773227,2031
006/048-Cycling-4y-ASAQ-DHAPPQ-AL,58,0.6834421016220286,2031
006/048-Cycling-4y-ASAQ-DHAPPQ-AL,59,0.6456936044087788,2031
006/048-Cycling-4y-ASAQ-DHAPPQ-AL,60,0.6788785354442561,2031
006/048-Cycling-4y-ASAQ-DHAPPQ-AL,61,0.7079852992397413,2031
006/048-Cycling-4y-ASAQ-DHAPPQ-AL,62,0.6538537552251917,2031
006/048-Cycling-4y-ASAQ-DHAPPQ-AL,63,0.6521169162201067,2031
006/048-Cycling-4y-ASAQ-DHAPPQ-AL,64,0.6739275939618944,2031
006/048-Cycling-4y-ASAQ-DHAPPQ-AL,65,0.6561864573208093,2031
006/048-Cycling-4y-ASAQ-DHAPPQ-AL,66,0.641167161512159,2031
006/048-Cycling-4y-ASAQ-DHAPPQ-AL,67,0.655381927401148,2031
006/048-Cycling-4y-ASAQ-DHAPPQ-AL,68,0.7081020572367814,2031
006/048-Cycling-4y-ASAQ-DHAPPQ-AL,69,0.6874025592322307,2031
006/048-Cycling-4y-ASAQ-DHAPPQ-AL,70,0.6540737037738289,2031
006/048-Cycling-4y-ASAQ-DHAPPQ-AL,71,0.686526762392427,2031
006/048-Cycling-4y-ASAQ-DHAPPQ-AL,72,0.661193662301137,2031
006/048-Cycling-4y-ASAQ-DHAPPQ-AL,73,0.6850846886204072,2031
006/048-Cycling-4y-ASAQ-DHAPPQ-AL,74,0.6579193476701835,2031
006/048-Cycling-4y-ASAQ-DHAPPQ-AL,75,0.6675832276371403,2031
006/048-Cycling-4y-ASAQ-DHAPPQ-AL,76,0.6642171765892847,2031
006/048-Cycling-4y-ASAQ-DHAPPQ-AL,77,0.6478608711972944,2031
006/048-Cycling-4y-ASAQ-DHAPPQ-AL,78,0.6330476484841394,2031
006/048-Cycling-4y-ASAQ-DHAPPQ-AL,79,0.6906475984409108,2031
006/048-Cycling-4y-ASAQ-DHAPPQ-AL,80,0.6602371986167325,2031
006/048-Cycling-4y-ASAQ-DHAPPQ-AL,81,0.6615771797317969,2031
006/048-Cycling-4y-ASAQ-DHAPPQ-AL,82,0.6768024080691147,2031
006/048-Cycling-4y-ASAQ-DHAPPQ-AL,83,0.6662267240310111,2031
006/048-Cycling-4y-ASAQ-DHAPPQ-AL,84,0.6540469236946513,2031
006/048-Cycling-4y-ASAQ-DHAPPQ-AL,85,0.6635949620257033,2031
006/048-Cycling-4y-ASAQ-DHAPPQ-AL,86,0.6787007747137003,2031
006/048-Cycling-4y-ASAQ-DHAPPQ-AL,87,0.6351405578124546,2031
006/048-Cycling-4y-ASAQ-DHAPPQ-AL,88,0.6648346972338646,2031
006/048-Cycling-4y-ASAQ-DHAPPQ-AL,89,0.6636637980796564,2031
006/048-Cycling-4y-ASAQ-DHAPPQ-AL,90,0.6680525195052213,2031
006/048-Cycling-4y-ASAQ-DHAPPQ-AL,91,0.6625723800531623,2031
006/048-Cycling-4y-ASAQ-DHAPPQ-AL,92,0.6308202719553849,2031
006/048-Cycling-4y-ASAQ-DHAPPQ-AL,93,0.6618112702388481,2031
006/048-Cycling-4y-ASAQ-DHAPPQ-AL,94,0.6586514399432786,2031
006/048-Cycling-4y-ASAQ-DHAPPQ-AL,95,0.6570275568037035,2031
006/048-Cycling-4y-ASAQ-DHAPPQ-AL,96,0.6646375646620405,2031
006/048-Cycling-4y-ASAQ-DHAPPQ-AL,97,0.6452433000528106,2031
006/048-Cycling-4y-ASAQ-DHAPPQ-AL,98,0.6560741618584178,2031
006/048-Cycling-4y-ASAQ-DHAPPQ-AL,99,0.6605070558654358,2031
006/049-Cycling-4y-DHAPPQ-AL-ASAQ,0,0.7732908540773576,2031
006/049-Cycling-4y-DHAPPQ-AL-ASAQ,1,0.7741669000095387,2031
006/049-Cycling-4y-DHAPPQ-AL-ASAQ,2,0.7701881719090785,2031
006/049-Cycling-4y-DHAPPQ-AL-ASAQ,3,0.7556163098371397,2031
006/049-Cycling-4y-DHAPPQ-AL-ASAQ,4,0.7876363606966806,2031
006/049-Cycling-4y-DHAPPQ-AL-ASAQ,5,0.7458163427851879,2031
006/049-Cycling-4y-DHAPPQ-AL-ASAQ,6,0.7277144936184055,2031
006/049-Cycling-4y-DHAPPQ-AL-ASAQ,7,0.7589232734403525,2031
006/049-Cycling-4y-DHAPPQ-AL-ASAQ,8,0.7836919007523143,2031
006/049-Cycling-4y-DHAPPQ-AL-ASAQ,9,0.8000754589409587,2031
006/049-Cycling-4y-DHAPPQ-AL-ASAQ,10,0.7870259826709196,2031
006/049-Cycling-4y-DHAPPQ-AL-ASAQ,11,0.7820820814011427,2031
006/049-Cycling-4y-DHAPPQ-AL-ASAQ,12,0.7592274110336256,2031
006/049-Cycling-4y-DHAPPQ-AL-ASAQ,13,0.7492093448649723,2031
006/049-Cycling-4y-DHAPPQ-AL-ASAQ,14,0.7851520771453707,2031
006/049-Cycling-4y-DHAPPQ-AL-ASAQ,15,0.7841386221512071,2031
006/049-Cycling-4y-DHAPPQ-AL-ASAQ,16,0.75522834544533,2031
006/049-Cycling-4y-DHAPPQ-AL-ASAQ,17,0.772900441538885,2031
006/049-Cycling-4y-DHAPPQ-AL-ASAQ,18,0.7726953842006755,2031
006/049-Cycling-4y-DHAPPQ-AL-ASAQ,19,0.771590485161194,2031
006/049-Cycling-4y-DHAPPQ-AL-ASAQ,20,0.801435514410208,2031
006/049-Cycling-4y-DHAPPQ-AL-ASAQ,21,0.7820145694532066,2031
006/049-Cycling-4y-DHAPPQ-AL-ASAQ,22,0.7820824092375803,2031
006/049-Cycling-4y-DHAPPQ-AL-ASAQ,23,0.7571178903055492,2031
006/049-Cycling-4y-DHAPPQ-AL-ASAQ,24,0.7542428890998655,2031
006/049-Cycling-4y-DHAPPQ-AL-ASAQ,25,0.7591106740199258,2031
006/049-Cycling-4y-DHAPPQ-AL-ASAQ,26,0.7717353321846945,2031
006/049-Cycling-4y-DHAPPQ-AL-ASAQ,27,0.7573925320282733,2031
006/049-Cycling-4y-DHAPPQ-AL-ASAQ,28,0.768157128237926,2031
006/049-Cycling-4y-DHAPPQ-AL-ASAQ,29,0.7467809080971829,2031
006/049-Cycling-4y-DHAPPQ-AL-ASAQ,30,0.7611244497201161,2031
006/049-Cycling-4y-DHAPPQ-AL-ASAQ,31,0.7847557776181556,2031
006/049-Cycling-4y-DHAPPQ-AL-ASAQ,32,0.7867743323410911,2031
006/049-Cycling-4y-DHAPPQ-AL-ASAQ,33,0.7659871222424379,2031
006/049-Cycling-4y-DHAPPQ-AL-ASAQ,34,0.7579833784405299,2031
006/049-Cycling-4y-DHAPPQ-AL-ASAQ,35,0.7624824251346304,2031
006/049-Cycling-4y-DHAPPQ-AL-ASAQ,36,0.7551257632978151,2031
006/049-Cycling-4y-DHAPPQ-AL-ASAQ,37,0.7558049108320471,2031
006/049-Cycling-4y-DHAPPQ-AL-ASAQ,38,0.7470361152230067,2031
006/049-Cycling-4y-DHAPPQ-AL-ASAQ,39,0.746393437810056,2031
006/049-Cycling-4y-DHAPPQ-AL-ASAQ,40,0.7707333175719392,2031
006/049-Cycling-4y-DHAPPQ-AL-ASAQ,41,0.7530622901394102,2031
006/049-Cycling-4y-DHAPPQ-AL-ASAQ,42,0.7656758531346854,2031
006/049-Cycling-4y-DHAPPQ-AL-ASAQ,43,0.7455558878144471,2031
006/049-Cycling-4y-DHAPPQ-AL-ASAQ,44,0.7824815157145869,2031
006/049-Cycling-4y-DHAPPQ-AL-ASAQ,45,0.7581089671575644,2031
006/049-Cycling-4y-DHAPPQ-AL-ASAQ,46,0.746421019039317,2031
006/049-Cycling-4y-DHAPPQ-AL-ASAQ,47,0.7890875480149591,2031
006/049-Cycling-4y-DHAPPQ-AL-ASAQ,48,0.7600728037663319,2031
006/049-Cycling-4y-DHAPPQ-AL-ASAQ,49,0.7566257608441349,2031
006/049-Cycling-4y-DHAPPQ-AL-ASAQ,50,0.7280034115916297,2031
006/049-Cycling-4y-DHAPPQ-AL-ASAQ,51,0.7622855255863769,2031
006/049-Cycling-4y-DHAPPQ-AL-ASAQ,52,0.7333641109650525,2031
006/049-Cycling-4y-DHAPPQ-AL-ASAQ,53,0.7851486839081335,2031
006/049-Cycling-4y-DHAPPQ-AL-ASAQ,54,0.7589081264998775,2031
006/049-Cycling-4y-DHAPPQ-AL-ASAQ,55,0.751092319026423,2031
006/049-Cycling-4y-DHAPPQ-AL-ASAQ,56,0.7796774715547233,2031
006/049-Cycling-4y-DHAPPQ-AL-ASAQ,57,0.7903737744026987,2031
006/049-Cycling-4y-DHAPPQ-AL-ASAQ,58,0.7797510945871414,2031
006/049-Cycling-4y-DHAPPQ-AL-ASAQ,59,0.7463741883871605,2031
006/049-Cycling-4y-DHAPPQ-AL-ASAQ,60,0.7907857014448639,2031
006/049-Cycling-4y-DHAPPQ-AL-ASAQ,61,0.7741799349494173,2031
006/049-Cycling-4y-DHAPPQ-AL-ASAQ,62,0.7900899732447663,2031
006/049-Cycling-4y-DHAPPQ-AL-ASAQ,63,0.7658611168530559,2031
006/049-Cycling-4y-DHAPPQ-AL-ASAQ,64,0.7592220013548299,2031
006/049-Cycling-4y-DHAPPQ-AL-ASAQ,65,0.7785063053239196,2031
006/049-Cycling-4y-DHAPPQ-AL-ASAQ,66,0.7775468568870929,2031
006/049-Cycling-4y-DHAPPQ-AL-ASAQ,67,0.7600519831862353,2031
006/049-Cycling-4y-DHAPPQ-AL-ASAQ,68,0.7715608815199252,2031
006/049-Cycling-4y-DHAPPQ-AL-ASAQ,69,0.7593707047525177,2031
006/049-Cycling-4y-DHAPPQ-AL-ASAQ,70,0.7640799923968099,2031
006/049-Cycling-4y-DHAPPQ-AL-ASAQ,71,0.7964180144360112,2031
006/049-Cycling-4y-DHAPPQ-AL-ASAQ,72,0.7711553817520146,2031
006/049-Cycling-4y-DHAPPQ-AL-ASAQ,73,0.763536871041481,2031
006/049-Cycling-4y-DHAPPQ-AL-ASAQ,74,0.7506948386056997,2031
006/049-Cycling-4y-DHAPPQ-AL-ASAQ,75,0.7772874010756516,2031
006/049-Cycling-4y-DHAPPQ-AL-ASAQ,76,0.7578848508218562,2031
006/049-Cycling-4y-DHAPPQ-AL-ASAQ,77,0.7773688806378077,2031
006/049-Cycling-4y-DHAPPQ-AL-ASAQ,78,0.7563582587642834,2031
006/049-Cycling-4y-DHAPPQ-AL-ASAQ,79,0.7691020759519365,2031
006/049-Cycling-4y-DHAPPQ-AL-ASAQ,80,0.7708439342755963,2031
006/049-Cycling-4y-DHAPPQ-AL-ASAQ,81,0.7865946880269986,2031
006/049-Cycling-4y-DHAPPQ-AL-ASAQ,82,0.7677582138177573,2031
006/049-Cycling-4y-DHAPPQ-AL-ASAQ,83,0.7663464816685329,2031
006/049-Cycling-4y-DHAPPQ-AL-ASAQ,84,0.7752543026219701,2031
006/049-Cycling-4y-DHAPPQ-AL-ASAQ,85,0.7680665071569429,2031
006/049-Cycling-4y-DHAPPQ-AL-ASAQ,86,0.7709391272683548,2031
006/049-Cycling-4y-DHAPPQ-AL-ASAQ,87,0.762774998933967,2031
006/049-Cycling-4y-DHAPPQ-AL-ASAQ,88,0.7779256298093941,2031
006/049-Cycling-4y-DHAPPQ-AL-ASAQ,89,0.7554618932882207,2031
006/049-Cycling-4y-DHAPPQ-AL-ASAQ,90,0.7608753169172715,2031
006/049-Cycling-4y-DHAPPQ-AL-ASAQ,91,0.7517389423278814,2031
006/049-Cycling-4y-DHAPPQ-AL-ASAQ,92,0.7606400431717723,2031
006/049-Cycling-4y-DHAPPQ-AL-ASAQ,93,0.7631707984496826,2031
006/049-Cycling-4y-DHAPPQ-AL-ASAQ,94,0.7681450766901499,2031
006/049-Cycling-4y-DHAPPQ-AL-ASAQ,95,0.7545595389363638,2031
006/049-Cycling-4y-DHAPPQ-AL-ASAQ,96,0.7983620936819845,2031
006/049-Cycling-4y-DHAPPQ-AL-ASAQ,97,0.7487653802074304,2031
006/049-Cycling-4y-DHAPPQ-AL-ASAQ,98,0.7519941841508794,2031
006/049-Cycling-4y-DHAPPQ-AL-ASAQ,99,0.7647394933623978,2031
006/050-Cycling-4y-DHAPPQ-ASAQ-AL,0,0.7295543663197684,2031
006/050-Cycling-4y-DHAPPQ-ASAQ-AL,1,0.7052923795981129,2031
006/050-Cycling-4y-DHAPPQ-ASAQ-AL,2,0.6759821255285741,2031
006/050-Cycling-4y-DHAPPQ-ASAQ-AL,3,0.7091211856327589,2031
006/050-Cycling-4y-DHAPPQ-ASAQ-AL,4,0.721872737926088,2031
006/050-Cycling-4y-DHAPPQ-ASAQ-AL,5,0.7095090902215112,2031
006/050-Cycling-4y-DHAPPQ-ASAQ-AL,6,0.6907031868470416,2031
006/050-Cycling-4y-DHAPPQ-ASAQ-AL,7,0.7074771456978274,2031
006/050-Cycling-4y-DHAPPQ-ASAQ-AL,8,0.6941477299015926,2031
006/050-Cycling-4y-DHAPPQ-ASAQ-AL,9,0.7233515378967906,2031
006/050-Cycling-4y-DHAPPQ-ASAQ-AL,10,0.6961547352516669,2031
006/050-Cycling-4y-DHAPPQ-ASAQ-AL,11,0.7306686229130993,2031
006/050-Cycling-4y-DHAPPQ-ASAQ-AL,12,0.7216295043555604,2031
006/050-Cycling-4y-DHAPPQ-ASAQ-AL,13,0.7005516019426167,2031
006/050-Cycling-4y-DHAPPQ-ASAQ-AL,14,0.6927094946606019,2031
006/050-Cycling-4y-DHAPPQ-ASAQ-AL,15,0.6977136609747844,2031
006/050-Cycling-4y-DHAPPQ-ASAQ-AL,16,0.7346843435224631,2031
006/050-Cycling-4y-DHAPPQ-ASAQ-AL,17,0.6906581530243038,2031
006/050-Cycling-4y-DHAPPQ-ASAQ-AL,18,0.6892092505577048,2031
006/050-Cycling-4y-DHAPPQ-ASAQ-AL,19,0.721976336543027,2031
006/050-Cycling-4y-DHAPPQ-ASAQ-AL,20,0.7396851051910605,2031
006/050-Cycling-4y-DHAPPQ-ASAQ-AL,21,0.7005807242888035,2031
006/050-Cycling-4y-DHAPPQ-ASAQ-AL,22,0.7048330129989876,2031
006/050-Cycling-4y-DHAPPQ-ASAQ-AL,23,0.7226076526385291,2031
006/050-Cycling-4y-DHAPPQ-ASAQ-AL,24,0.6745859484306965,2031
006/050-Cycling-4y-DHAPPQ-ASAQ-AL,25,0.6939400014832957,2031
006/050-Cycling-4y-DHAPPQ-ASAQ-AL,26,0.7182393242736865,2031
006/050-Cycling-4y-DHAPPQ-ASAQ-AL,27,0.6854827469420117,2031
006/050-Cycling-4y-DHAPPQ-ASAQ-AL,28,0.6877125145311428,2031
006/050-Cycling-4y-DHAPPQ-ASAQ-AL,29,0.6887718397795722,2031
006/050-Cycling-4y-DHAPPQ-ASAQ-AL,30,0.6824324644272252,2031
006/050-Cycling-4y-DHAPPQ-ASAQ-AL,31,0.706188421767784,2031
006/050-Cycling-4y-DHAPPQ-ASAQ-AL,32,0.7196983368508566,2031
006/050-Cycling-4y-DHAPPQ-ASAQ-AL,33,0.6973468373503909,2031
006/050-Cycling-4y-DHAPPQ-ASAQ-AL,34,0.6938154962970452,2031
006/050-Cycling-4y-DHAPPQ-ASAQ-AL,35,0.6855612679026973,2031
006/050-Cycling-4y-DHAPPQ-ASAQ-AL,36,0.7445686586733117,2031
006/050-Cycling-4y-DHAPPQ-ASAQ-AL,37,0.7329231572811074,2031
006/050-Cycling-4y-DHAPPQ-ASAQ-AL,38,0.7125570306768033,2031
006/050-Cycling-4y-DHAPPQ-ASAQ-AL,39,0.7437324034313034,2031
006/050-Cycling-4y-DHAPPQ-ASAQ-AL,40,0.718513002190237,2031
006/050-Cycling-4y-DHAPPQ-ASAQ-AL,41,0.7071119108320741,2031
006/050-Cycling-4y-DHAPPQ-ASAQ-AL,42,0.698439841044246,2031
006/050-Cycling-4y-DHAPPQ-ASAQ-AL,43,0.7160820832057514,2031
006/050-Cycling-4y-DHAPPQ-ASAQ-AL,44,0.7053212817467198,2031
006/050-Cycling-4y-DHAPPQ-ASAQ-AL,45,0.715141729172994,2031
006/050-Cycling-4y-DHAPPQ-ASAQ-AL,46,0.7345769647525083,2031
006/050-Cycling-4y-DHAPPQ-ASAQ-AL,47,0.7139868499956833,2031
006/050-Cycling-4y-DHAPPQ-ASAQ-AL,48,0.699461043042498,2031
006/050-Cycling-4y-DHAPPQ-ASAQ-AL,49,0.7030281035464753,2031
006/050-Cycling-4y-DHAPPQ-ASAQ-AL,50,0.6816847727851801,2031
006/050-Cycling-4y-DHAPPQ-ASAQ-AL,51,0.6968442932995473,2031
006/050-Cycling-4y-DHAPPQ-ASAQ-AL,52,0.7119688699840877,2031
006/050-Cycling-4y-DHAPPQ-ASAQ-AL,53,0.696152069334003,2031
006/050-Cycling-4y-DHAPPQ-ASAQ-AL,54,0.7225815036106346,2031
006/050-Cycling-4y-DHAPPQ-ASAQ-AL,55,0.6995077486738793,2031
006/050-Cycling-4y-DHAPPQ-ASAQ-AL,56,0.7155668632158315,2031
006/050-Cycling-4y-DHAPPQ-ASAQ-AL,57,0.7180278222527973,2031
006/050-Cycling-4y-DHAPPQ-ASAQ-AL,58,0.7003268556082006,2031
006/050-Cycling-4y-DHAPPQ-ASAQ-AL,59,0.7516115839112395,2031
006/050-Cycling-4y-DHAPPQ-ASAQ-AL,60,0.7054177101240305,2031
006/050-Cycling-4y-DHAPPQ-ASAQ-AL,61,0.7018368613716904,2031
006/050-Cycling-4y-DHAPPQ-ASAQ-AL,62,0.7123090811175209,2031
006/050-Cycling-4y-DHAPPQ-ASAQ-AL,63,0.7100657192003039,2031
006/050-Cycling-4y-DHAPPQ-ASAQ-AL,64,0.7155923779753527,2031
006/050-Cycling-4y-DHAPPQ-ASAQ-AL,65,0.67324489358846,2031
006/050-Cycling-4y-DHAPPQ-ASAQ-AL,66,0.6892874534882548,2031
006/050-Cycling-4y-DHAPPQ-ASAQ-AL,67,0.734622413739287,2031
006/050-Cycling-4y-DHAPPQ-ASAQ-AL,68,0.722910459578287,2031
006/050-Cycling-4y-DHAPPQ-ASAQ-AL,69,0.7130756500728764,2031
006/050-Cycling-4y-DHAPPQ-ASAQ-AL,70,0.7234354030161992,2031
006/050-Cycling-4y-DHAPPQ-ASAQ-AL,71,0.736361903771252,2031
006/050-Cycling-4y-DHAPPQ-ASAQ-AL,72,0.715380799297899,2031
006/050-Cycling-4y-DHAPPQ-ASAQ-AL,73,0.6841969894914207,2031
006/050-Cycling-4y-DHAPPQ-ASAQ-AL,74,0.6941825444574472,2031
006/050-Cycling-4y-DHAPPQ-ASAQ-AL,75,0.7212911035143517,2031
006/050-Cycling-4y-DHAPPQ-ASAQ-AL,76,0.698464682886649,2031
006/050-Cycling-4y-DHAPPQ-ASAQ-AL,77,0.7060651337350077,2031
006/050-Cycling-4y-DHAPPQ-ASAQ-AL,78,0.7079119484625042,2031
006/050-Cycling-4y-DHAPPQ-ASAQ-AL,79,0.7077783537448888,2031
006/050-Cycling-4y-DHAPPQ-ASAQ-AL,80,0.7041811346738823,2031
006/050-Cycling-4y-DHAPPQ-ASAQ-AL,81,0.7091395662846512,2031
006/050-Cycling-4y-DHAPPQ-ASAQ-AL,82,0.7040441911749483,2031
006/050-Cycling-4y-DHAPPQ-ASAQ-AL,83,0.7311363246199508,2031
006/050-Cycling-4y-DHAPPQ-ASAQ-AL,84,0.7028154271637969,2031
006/050-Cycling-4y-DHAPPQ-ASAQ-AL,85,0.7248139832835597,2031
006/050-Cycling-4y-DHAPPQ-ASAQ-AL,86,0.7077744220072146,2031
006/050-Cycling-4y-DHAPPQ-ASAQ-AL,87,0.7135037379455125,2031
006/050-Cycling-4y-DHAPPQ-ASAQ-AL,88,0.7131573627055362,2031
006/050-Cycling-4y-DHAPPQ-ASAQ-AL,89,0.7235824532357288,2031
006/050-Cycling-4y-DHAPPQ-ASAQ-AL,90,0.7055358084690022,2031
006/050-Cycling-4y-DHAPPQ-ASAQ-AL,91,0.7262028299221427,2031
006/050-Cycling-4y-DHAPPQ-ASAQ-AL,92,0.7315777077913245,2031
006/050-Cycling-4y-DHAPPQ-ASAQ-AL,93,0.7369679794261838,2031
006/050-Cycling-4y-DHAPPQ-ASAQ-AL,94,0.7280954783275448,2031
006/050-Cycling-4y-DHAPPQ-ASAQ-AL,95,0.7031733617155945,2031
006/050-Cycling-4y-DHAPPQ-ASAQ-AL,96,0.7225359726360385,2031
006/050-Cycling-4y-DHAPPQ-ASAQ-AL,97,0.6893192091897139,2031
006/050-Cycling-4y-DHAPPQ-ASAQ-AL,98,0.7024884738055758,2031
006/050-Cycling-4y-DHAPPQ-ASAQ-AL,99,0.7062494702435713,2031
006/051-mft-AL25-ASAQ75,0,0.7079178549771757,2031
006/051-mft-AL25-ASAQ75,1,0.7151421600299924,2031
006/051-mft-AL25-ASAQ75,2,0.7037822803035403,2031
006/051-mft-AL25-ASAQ75,3,0.7039133184792908,2031
006/051-mft-AL25-ASAQ75,4,0.7096303511701758,2031
006/051-mft-AL25-ASAQ75,5,0.7269742461889684,2031
006/051-mft-AL25-ASAQ75,6,0.6817409589783668,2031
006/051-mft-AL25-ASAQ75,7,0.6965450602473139,2031
006/051-mft-AL25-ASAQ75,8,0.6931766127938386,2031
006/051-mft-AL25-ASAQ75,9,0.6828628013882364,2031
006/051-mft-AL25-ASAQ75,10,0.6830792051541711,2031
006/051-mft-AL25-ASAQ75,11,0.7022635759732171,2031
006/051-mft-AL25-ASAQ75,12,0.692289804389295,2031
006/051-mft-AL25-ASAQ75,13,0.7026099640077316,2031
006/051-mft-AL25-ASAQ75,14,0.6976217185548504,2031
006/051-mft-AL25-ASAQ75,15,0.708262865868595,2031
006/051-mft-AL25-ASAQ75,16,0.6899702042684464,2031
006/051-mft-AL25-ASAQ75,17,0.7032497471574541,2031
006/051-mft-AL25-ASAQ75,18,0.6662626138281341,2031
006/051-mft-AL25-ASAQ75,19,0.6992344602844911,2031
006/051-mft-AL25-ASAQ75,20,0.6986528499851336,2031
006/051-mft-AL25-ASAQ75,21,0.7064371183159247,2031
006/051-mft-AL25-ASAQ75,22,0.7057788931733628,2031
006/051-mft-AL25-ASAQ75,23,0.6881479079585898,2031
006/051-mft-AL25-ASAQ75,24,0.6909938572290115,2031
006/051-mft-AL25-ASAQ75,25,0.7170960792048012,2031
006/051-mft-AL25-ASAQ75,26,0.7146381832565062,2031
006/051-mft-AL25-ASAQ75,27,0.7062043098965,2031
006/051-mft-AL25-ASAQ75,28,0.6765524394198311,2031
006/051-mft-AL25-ASAQ75,29,0.6888976154002994,2031
006/051-mft-AL25-ASAQ75,30,0.7258716343250363,2031
006/051-mft-AL25-ASAQ75,31,0.7165994213565815,2031
006/051-mft-AL25-ASAQ75,32,0.6887904752464359,2031
006/051-mft-AL25-ASAQ75,33,0.7242624562406275,2031
006/051-mft-AL25-ASAQ75,34,0.6869112757274515,2031
006/051-mft-AL25-ASAQ75,35,0.691327579320359,2031
006/051-mft-AL25-ASAQ75,36,0.7374156340201804,2031
006/051-mft-AL25-ASAQ75,37,0.678247501026028,2031
006/051-mft-AL25-ASAQ75,38,0.698095120436102,2031
006/051-mft-AL25-ASAQ75,39,0.6774964306595995,2031
006/051-mft-AL25-ASAQ75,40,0.7104364554701837,2031
006/051-mft-AL25-ASAQ75,41,0.715178645268168,2031
006/051-mft-AL25-ASAQ75,42,0.6987641231257616,2031
006/051-mft-AL25-ASAQ75,43,0.7106191370070563,2031
006/051-mft-AL25-ASAQ75,44,0.7065151479514896,2031
006/051-mft-AL25-ASAQ75,45,0.7325982912077045,2031
006/051-mft-AL25-ASAQ75,46,0.733370467343261,2031
006/051-mft-AL25-ASAQ75,47,0.6717550396561692,2031
006/051-mft-AL25-ASAQ75,48,0.6857575223787973,2031
006/051-mft-AL25-ASAQ75,49,0.7188089678598796,2031
006/051-mft-AL25-ASAQ75,50,0.7009032204742615,2031
006/051-mft-AL25-ASAQ75,51,0.7024640576408153,2031
006/051-mft-AL25-ASAQ75,52,0.6969733975499568,2031
006/051-mft-AL25-ASAQ75,53,0.6939405788597123,2031
006/051-mft-AL25-ASAQ75,54,0.6808189967311159,2031
006/051-mft-AL25-ASAQ75,55,0.6898506502827302,2031
006/051-mft-AL25-ASAQ75,56,0.6880417078185833,2031
006/051-mft-AL25-ASAQ75,57,0.6725415859612975,2031
006/051-mft-AL25-ASAQ75,58,0.6625730679921934,2031
006/051-mft-AL25-ASAQ75,59,0.672446430410868,2031
006/051-mft-AL25-ASAQ75,60,0.6944841212716013,2031
006/051-mft-AL25-ASAQ75,61,0.7146414832835344,2031
006/051-mft-AL25-ASAQ75,62,0.6946527829794346,2031
006/051-mft-AL25-ASAQ75,63,0.6896508202116017,2031
006/051-mft-AL25-ASAQ75,64,0.7152031245748787,2031
006/051-mft-AL25-ASAQ75,65,0.6658697114033452,2031
006/051-mft-AL25-ASAQ75,66,0.7132183812124161,2031
006/051-mft-AL25-ASAQ75,67,0.717255010260485,2031
006/051-mft-AL25-ASAQ75,68,0.687831018774462,2031
006/051-mft-AL25-ASAQ75,69,0.6959277291567171,2031
006/051-mft-AL25-ASAQ75,70,0.7042974349957906,2031
006/051-mft-AL25-ASAQ75,71,0.6908725399004306,2031
006/051-mft-AL25-ASAQ75,72,0.7238402118849058,2031
006/051-mft-AL25-ASAQ75,73,0.702811717985243,2031
006/051-mft-AL25-ASAQ75,74,0.7202199611729201,2031
006/051-mft-AL25-ASAQ75,75,0.7256449803328401,2031
006/051-mft-AL25-ASAQ75,76,0.7267886511435812,2031
006/051-mft-AL25-ASAQ75,77,0.7192362825309094,2031
006/051-mft-AL25-ASAQ75,78,0.6910396145354079,2031
006/051-mft-AL25-ASAQ75,79,0.6901680401101385,2031
006/051-mft-AL25-ASAQ75,80,0.6886653928631356,2031
006/051-mft-AL25-ASAQ75,81,0.6772742651620965,2031
006/051-mft-AL25-ASAQ75,82,0.7250288977412085,2031
006/051-mft-AL25-ASAQ75,83,0.6898531137324794,2031
006/051-mft-AL25-ASAQ75,84,0.7109919732286666,2031
006/051-mft-AL25-ASAQ75,85,0.7330885388216871,2031
006/051-mft-AL25-ASAQ75,86,0.6972580952852024,2031
006/051-mft-AL25-ASAQ75,87,0.7000364768248278,2031
006/051-mft-AL25-ASAQ75,88,0.6908200848980931,2031
006/051-mft-AL25-ASAQ75,89,0.703676767749701,2031
006/051-mft-AL25-ASAQ75,90,0.6622309792262714,2031
006/051-mft-AL25-ASAQ75,91,0.7105082683899937,2031
006/051-mft-AL25-ASAQ75,92,0.6891229586517301,2031
006/051-mft-AL25-ASAQ75,93,0.6899584636356644,2031
006/051-mft-AL25-ASAQ75,94,0.6809554856481848,2031
006/051-mft-AL25-ASAQ75,95,0.7069681094752777,2031
006/051-mft-AL25-ASAQ75,96,0.6807019679685306,2031
006/051-mft-AL25-ASAQ75,97,0.6824312429226057,2031
006/051-mft-AL25-ASAQ75,98,0.714496110894701,2031
006/051-mft-AL25-ASAQ75,99,0.7171090053049994,2031
006/052-mft-AL25-DHAPPQ75,0,0.7660403326970803,2031
006/052-mft-AL25-DHAPPQ75,1,0.7743973671963248,2031
006/052-mft-AL25-DHAPPQ75,2,0.7483424232901967,2031
006/052-mft-AL25-DHAPPQ75,3,0.7818339549091454,2031
006/052-mft-AL25-DHAPPQ75,4,0.7603445151091376,2031
006/052-mft-AL25-DHAPPQ75,5,0.7679534354821569,2031
006/052-mft-AL25-DHAPPQ75,6,0.7601968385730721,2031
006/052-mft-AL25-DHAPPQ75,7,0.7569696679646064,2031
006/052-mft-AL25-DHAPPQ75,8,0.7860219405286841,2031
006/052-mft-AL25-DHAPPQ75,9,0.7749548728874505,2031
006/052-mft-AL25-DHAPPQ75,10,0.7516530035521717,2031
006/052-mft-AL25-DHAPPQ75,11,0.7657192927913178,2031
006/052-mft-AL25-DHAPPQ75,12,0.7905391580997115,2031
006/052-mft-AL25-DHAPPQ75,13,0.7607411202121653,2031
006/052-mft-AL25-DHAPPQ75,14,0.7650318712834854,2031
006/052-mft-AL25-DHAPPQ75,15,0.7739738185041011,2031
006/052-mft-AL25-DHAPPQ75,16,0.7813936331141882,2031
006/052-mft-AL25-DHAPPQ75,17,0.7936350516855813,2031
006/052-mft-AL25-DHAPPQ75,18,0.7667584234996602,2031
006/052-mft-AL25-DHAPPQ75,19,0.7437993178621864,2031
006/052-mft-AL25-DHAPPQ75,20,0.7441812671741386,2031
006/052-mft-AL25-DHAPPQ75,21,0.7664269194705674,2031
006/052-mft-AL25-DHAPPQ75,22,0.7954276780577204,2031
006/052-mft-AL25-DHAPPQ75,23,0.7787762633857677,2031
006/052-mft-AL25-DHAPPQ75,24,0.7714567850369654,2031
006/052-mft-AL25-DHAPPQ75,25,0.7821403227438052,2031
006/052-mft-AL25-DHAPPQ75,26,0.7973981873461513,2031
006/052-mft-AL25-DHAPPQ75,27,0.7722071364364066,2031
006/052-mft-AL25-DHAPPQ75,28,0.761120111428032,2031
006/052-mft-AL25-DHAPPQ75,29,0.763672800272937,2031
006/052-mft-AL25-DHAPPQ75,30,0.7694134448616595,2031
006/052-mft-AL25-DHAPPQ75,31,0.758345509483549,2031
006/052-mft-AL25-DHAPPQ75,32,0.7539559530334943,2031
006/052-mft-AL25-DHAPPQ75,33,0.764813505196699,2031
006/052-mft-AL25-DHAPPQ75,34,0.7864304981396876,2031
006/052-mft-AL25-DHAPPQ75,35,0.7493205075225945,2031
006/052-mft-AL25-DHAPPQ75,36,0.798053472523902,2031
006/052-mft-AL25-DHAPPQ75,37,0.7608458274577913,2031
006/052-mft-AL25-DHAPPQ75,38,0.7877039801075697,2031
006/052-mft-AL25-DHAPPQ75,39,0.770094717205826,2031
006/052-mft-AL25-DHAPPQ75,40,0.7766335962894902,2031
006/052-mft-AL25-DHAPPQ75,41,0.7691436625342681,2031
006/052-mft-AL25-DHAPPQ75,42,0.7623366656067798,2031
006/052-mft-AL25-DHAPPQ75,43,0.759632052841643,2031
006/052-mft-AL25-DHAPPQ75,44,0.7406830975093367,2031
006/052-mft-AL25-DHAPPQ75,45,0.7835622387027766,2031
006/052-mft-AL25-DHAPPQ75,46,0.7650613650145893,2031
006/052-mft-AL25-DHAPPQ75,47,0.7686016046897722,2031
006/052-mft-AL25-DHAPPQ75,48,0.7695289389664399,2031
006/052-mft-AL25-DHAPPQ75,49,0.7238527567606527,2031
006/052-mft-AL25-DHAPPQ75,50,0.7373392095767989,2031
006/052-mft-AL25-DHAPPQ75,51,0.7447988497389982,2031
006/052-mft-AL25-DHAPPQ75,52,0.7667828544273464,2031
006/052-mft-AL25-DHAPPQ75,53,0.7704848739288948,2031
006/052-mft-AL25-DHAPPQ75,54,0.7919132493326829,2031
006/052-mft-AL25-DHAPPQ75,55,0.7705785707503581,2031
006/052-mft-AL25-DHAPPQ75,56,0.776075463747027,2031
006/052-mft-AL25-DHAPPQ75,57,0.7913254523277446,2031
006/052-mft-AL25-DHAPPQ75,58,0.7751246401172698,2031
006/052-mft-AL25-DHAPPQ75,59,0.7943550613417937,2031
006/052-mft-AL25-DHAPPQ75,60,0.7646764992863733,2031
006/052-mft-AL25-DHAPPQ75,61,0.7741130566834347,2031
006/052-mft-AL25-DHAPPQ75,62,0.7813383285792859,2031
006/052-mft-AL25-DHAPPQ75,63,0.7640876778932534,2031
006/052-mft-AL25-DHAPPQ75,64,0.7640434590948436,2031
006/052-mft-AL25-DHAPPQ75,65,0.7838519687202966,2031
006/052-mft-AL25-DHAPPQ75,66,0.7565385673152254,2031
006/052-mft-AL25-DHAPPQ75,67,0.7669929258305553,2031
006/052-mft-AL25-DHAPPQ75,68,0.7731048706873631,2031
006/052-mft-AL25-DHAPPQ75,69,0.784765512240376,2031
006/052-mft-AL25-DHAPPQ75,70,0.7490233579439138,2031
006/052-mft-AL25-DHAPPQ75,71,0.764685386786763,2031
006/052-mft-AL25-DHAPPQ75,72,0.7485295632005676,2031
006/052-mft-AL25-DHAPPQ75,73,0.7674760132206382,2031
006/052-mft-AL25-DHAPPQ75,74,0.7730153090971608,2031
006/052-mft-AL25-DHAPPQ75,75,0.7556184130589155,2031
006/052-mft-AL25-DHAPPQ75,76,0.7680738882799863,2031
006/052-mft-AL25-DHAPPQ75,77,0.7872556284734401,2031
006/052-mft-AL25-DHAPPQ75,78,0.7757904490025358,2031
006/052-mft-AL25-DHAPPQ75,79,0.7565403323989469,2031
006/052-mft-AL25-DHAPPQ75,80,0.7741480920281901,2031
006/052-mft-AL25-DHAPPQ75,81,0.7591837514874192,2031
006/052-mft-AL25-DHAPPQ75,82,0.8047599396930485,2031
006/052-mft-AL25-DHAPPQ75,83,0.7758997090772496,2031
006/052-mft-AL25-DHAPPQ75,84,0.7993866061688705,2031
006/052-mft-AL25-DHAPPQ75,85,0.7651095233148933,2031
006/052-mft-AL25-DHAPPQ75,86,0.781124578202247,2031
006/052-mft-AL25-DHAPPQ75,87,0.7839613371561097,2031
006/052-mft-AL25-DHAPPQ75,88,0.7623978700759699,2031
006/052-mft-AL25-DHAPPQ75,89,0.7806823848042636,2031
006/052-mft-AL25-DHAPPQ75,90,0.7853113092267273,2031
006/052-mft-AL25-DHAPPQ75,91,0.7647388567693082,2031
006/052-mft-AL25-DHAPPQ75,92,0.7487127526808437,2031
006/052-mft-AL25-DHAPPQ75,93,0.77018948706819,2031
006/052-mft-AL25-DHAPPQ75,94,0.7670285261968973,2031
006/052-mft-AL25-DHAPPQ75,95,0.7631470234043936,2031
006/052-mft-AL25-DHAPPQ75,96,0.8010328248868541,2031
006/052-mft-AL25-DHAPPQ75,97,0.762189132368514,2031
006/052-mft-AL25-DHAPPQ75,98,0.7747663771215745,2031
006/052-mft-AL25-DHAPPQ75,99,0.7624563293942953,2031
006/053-mft-ASAQ25-DHAPPQ75,0,0.7175592926598339,2031
006/053-mft-ASAQ25-DHAPPQ75,1,0.7286163264860691,2031
006/053-mft-ASAQ25-DHAPPQ75,2,0.7329469958988316,2031
006/053-mft-ASAQ25-DHAPPQ75,3,0.720310622394945,2031
006/053-mft-ASAQ25-DHAPPQ75,4,0.7401716430010121,2031
006/053-mft-ASAQ25-DHAPPQ75,5,0.7525455465638161,2031
006/053-mft-ASAQ25-DHAPPQ75,6,0.7326824079187207,2031
006/053-mft-ASAQ25-DHAPPQ75,7,0.7639869996025058,2031
006/053-mft-ASAQ25-DHAPPQ75,8,0.7555747246284232,2031
006/053-mft-ASAQ25-DHAPPQ75,9,0.7315629455191074,2031
006/053-mft-ASAQ25-DHAPPQ75,10,0.7490419418580792,2031
006/053-mft-ASAQ25-DHAPPQ75,11,0.7453382142078905,2031
006/053-mft-ASAQ25-DHAPPQ75,12,0.7381586669560387,2031
006/053-mft-ASAQ25-DHAPPQ75,13,0.7606095086584833,2031
006/053-mft-ASAQ25-DHAPPQ75,14,0.7837018819417717,2031
006/053-mft-ASAQ25-DHAPPQ75,15,0.7352380961729885,2031
006/053-mft-ASAQ25-DHAPPQ75,16,0.746488775346895,2031
006/053-mft-ASAQ25-DHAPPQ75,17,0.7201067367249815,2031
006/053-mft-ASAQ25-DHAPPQ75,18,0.7502961132189294,2031
006/053-mft-ASAQ25-DHAPPQ75,19,0.7261006305281646,2031
006/053-mft-ASAQ25-DHAPPQ75,20,0.7418045918179531,2031
006/053-mft-ASAQ25-DHAPPQ75,21,0.737435863578695,2031
006/053-mft-ASAQ25-DHAPPQ75,22,0.732983735508307,2031
006/053-mft-ASAQ25-DHAPPQ75,23,0.7336816814555083,2031
006/053-mft-ASAQ25-DHAPPQ75,24,0.7519664471399921,2031
006/053-mft-ASAQ25-DHAPPQ75,25,0.7498542960407794,2031
006/053-mft-ASAQ25-DHAPPQ75,26,0.716080277699575,2031
006/053-mft-ASAQ25-DHAPPQ75,27,0.7461222330170109,2031
006/053-mft-ASAQ25-DHAPPQ75,28,0.7380179774841028,2031
006/053-mft-ASAQ25-DHAPPQ75,29,0.7321265315828285,2031
006/053-mft-ASAQ25-DHAPPQ75,30,0.738106614934229,2031
006/053-mft-ASAQ25-DHAPPQ75,31,0.7221023587973181,2031
006/053-mft-ASAQ25-DHAPPQ75,32,0.7548576096335302,2031
006/053-mft-ASAQ25-DHAPPQ75,33,0.7349113679329885,2031
006/053-mft-ASAQ25-DHAPPQ75,34,0.7350887849256984,2031
006/053-mft-ASAQ25-DHAPPQ75,35,0.7524719267488257,2031
006/053-mft-ASAQ25-DHAPPQ75,36,0.7580819556470987,2031
006/053-mft-ASAQ25-DHAPPQ75,37,0.7456120467397548,2031
006/053-mft-ASAQ25-DHAPPQ75,38,0.7483999140224983,2031
006/053-mft-ASAQ25-DHAPPQ75,39,0.7448916047779456,2031
006/053-mft-ASAQ25-DHAPPQ75,40,0.7424076774989348,2031
006/053-mft-ASAQ25-DHAPPQ75,41,0.7540688783192553,2031
006/053-mft-ASAQ25-DHAPPQ75,42,0.7262467458795112,2031
006/053-mft-ASAQ25-DHAPPQ75,43,0.7335320627779431,2031
006/053-mft-ASAQ25-DHAPPQ75,44,0.7404335193945553,2031
006/053-mft-ASAQ25-DHAPPQ75,45,0.7280695899991675,2031
006/053-mft-ASAQ25-DHAPPQ75,46,0.7326095236942908,2031
006/053-mft-ASAQ25-DHAPPQ75,47,0.7591920641249456,2031
006/053-mft-ASAQ25-DHAPPQ75,48,0.7456162140018541,2031
006/053-mft-ASAQ25-DHAPPQ75,49,0.7369223339851508,2031
006/053-mft-ASAQ25-DHAPPQ75,50,0.7220078428687966,2031
006/053-mft-ASAQ25-DHAPPQ75,51,0.7482096175592069,2031
006/053-mft-ASAQ25-DHAPPQ75,52,0.7509744851104526,2031
006/053-mft-ASAQ25-DHAPPQ75,53,0.7362285922434201,2031
006/053-mft-ASAQ25-DHAPPQ75,54,0.7175183455956567,2031
006/053-mft-ASAQ25-DHAPPQ75,55,0.7591925077202374,2031
006/053-mft-ASAQ25-DHAPPQ75,56,0.7122630267636395,2031
006/053-mft-ASAQ25-DHAPPQ75,57,0.7178084685104245,2031
006/053-mft-ASAQ25-DHAPPQ75,58,0.7285089250492168,2031
006/053-mft-ASAQ25-DHAPPQ75,59,0.7204920934334398,2031
006/053-mft-ASAQ25-DHAPPQ75,60,0.7410473787087873,2031
006/053-mft-ASAQ25-DHAPPQ75,61,0.7545307315657711,2031
006/053-mft-ASAQ25-DHAPPQ75,62,0.7291284849865285,2031
006/053-mft-ASAQ25-DHAPPQ75,63,0.7532690467381941,2031
006/053-mft-ASAQ25-DHAPPQ75,64,0.7117142318291716,2031
006/053-mft-ASAQ25-DHAPPQ75,65,0.7598084998589005,2031
006/053-mft-ASAQ25-DHAPPQ75,66,0.7232918083026231,2031
006/053-mft-ASAQ25-DHAPPQ75,67,0.7474268825631869,2031
006/053-mft-ASAQ25-DHAPPQ75,68,0.7326651738960702,2031
006/053-mft-ASAQ25-DHAPPQ75,69,0.7499027772831934,2031
006/053-mft-ASAQ25-DHAPPQ75,70,0.7472950850966261,2031
006/053-mft-ASAQ25-DHAPPQ75,71,0.7104676489069242,2031
006/053-mft-ASAQ25-DHAPPQ75,72,0.7384302250512628,2031
006/053-mft-ASAQ25-DHAPPQ75,73,0.7471780469071373,2031
006/053-mft-ASAQ25-DHAPPQ75,74,0.7424604354389883,2031
006/053-mft-ASAQ25-DHAPPQ75,75,0.729899938657657,2031
006/053-mft-ASAQ25-DHAPPQ75,76,0.7582474055602525,2031
006/053-mft-ASAQ25-DHAPPQ75,77,0.7594081870952202,2031
006/053-mft-ASAQ25-DHAPPQ75,78,0.7196315759058015,2031
006/053-mft-ASAQ25-DHAPPQ75,79,0.7374916461217961,2031
006/053-mft-ASAQ25-DHAPPQ75,80,0.7587572057008267,2031
006/053-mft-ASAQ25-DHAPPQ75,81,0.7532294675438149,2031
006/053-mft-ASAQ25-DHAPPQ75,82,0.7517702161837749,2031
006/053-mft-ASAQ25-DHAPPQ75,83,0.7236067548501267,2031
006/053-mft-ASAQ25-DHAPPQ75,84,0.7095574123120768,2031
006/053-mft-ASAQ25-DHAPPQ75,85,0.7160138941246933,2031
006/053-mft-ASAQ25-DHAPPQ75,86,0.724473682231498,2031
006/053-mft-ASAQ25-DHAPPQ75,87,0.7752433274935878,2031
006/053-mft-ASAQ25-DHAPPQ75,88,0.7445113414092742,2031
006/053-mft-ASAQ25-DHAPPQ75,89,0.7346993245450087,2031
006/053-mft-ASAQ25-DHAPPQ75,90,0.7180832725915605,2031
006/053-mft-ASAQ25-DHAPPQ75,91,0.7847225389432536,2031
006/053-mft-ASAQ25-DHAPPQ75,92,0.6989318248746095,2031
006/053-mft-ASAQ25-DHAPPQ75,93,0.7140866562764807,2031
006/053-mft-ASAQ25-DHAPPQ75,94,0.7434939474433427,2031
006/053-mft-ASAQ25-DHAPPQ75,95,0.7497290283213345,2031
006/053-mft-ASAQ25-DHAPPQ75,96,0.681602819872183,2031
006/053-mft-ASAQ25-DHAPPQ75,97,0.7498689495046696,2031
006/053-mft-ASAQ25-DHAPPQ75,98,0.7937818189438272,2031
006/053-mft-ASAQ25-DHAPPQ75,99,0.7498154908776703,2031
006/054-mft-AL75-ASAQ25,0,0.7705484208378971,2031
006/054-mft-AL75-ASAQ25,1,0.7421686968592959,2031
006/054-mft-AL75-ASAQ25,2,0.7965683237244202,2031
006/054-mft-AL75-ASAQ25,3,0.7801831750273783,2031
006/054-mft-AL75-ASAQ25,4,0.7941431833585201,2031
006/054-mft-AL75-ASAQ25,5,0.8023801252367462,2031
006/054-mft-AL75-ASAQ25,6,0.7586248805559778,2031
006/054-mft-AL75-ASAQ25,7,0.7511323972043171,2031
006/054-mft-AL75-ASAQ25,8,0.8242745967770598,2031
006/054-mft-AL75-ASAQ25,9,0.775154695199315,2031
006/054-mft-AL75-ASAQ25,10,0.7987064793372961,2031
006/054-mft-AL75-ASAQ25,11,0.7958390155434144,2031
006/054-mft-AL75-ASAQ25,12,0.7677434442990226,2031
006/054-mft-AL75-ASAQ25,13,0.7699784300305622,2031
006/054-mft-AL75-ASAQ25,14,0.7792939897537758,2031
006/054-mft-AL75-ASAQ25,15,0.7645181096291483,2031
006/054-mft-AL75-ASAQ25,16,0.779028531242929,2031
006/054-mft-AL75-ASAQ25,17,0.7848070690199308,2031
006/054-mft-AL75-ASAQ25,18,0.7894820843741366,2031
006/054-mft-AL75-ASAQ25,19,0.781593672024728,2031
006/054-mft-AL75-ASAQ25,20,0.8009758782758807,2031
006/054-mft-AL75-ASAQ25,21,0.7206610079541894,2031
006/054-mft-AL75-ASAQ25,22,0.7888416200634655,2031
006/054-mft-AL75-ASAQ25,23,0.8076982726163747,2031
006/054-mft-AL75-ASAQ25,24,0.7779644791915002,2031
006/054-mft-AL75-ASAQ25,25,0.7844624270426923,2031
006/054-mft-AL75-ASAQ25,26,0.7895820366352894,2031
006/054-mft-AL75-ASAQ25,27,0.7691022368818624,2031
006/054-mft-AL75-ASAQ25,28,0.7933667032594015,2031
006/054-mft-AL75-ASAQ25,29,0.7869424215930539,2031
006/054-mft-AL75-ASAQ25,30,0.7553051353799666,2031
006/054-mft-AL75-ASAQ25,31,0.803443066445892,2031
006/054-mft-AL75-ASAQ25,32,0.788366557366766,2031
006/054-mft-AL75-ASAQ25,33,0.7477564535035586,2031
006/054-mft-AL75-ASAQ25,34,0.8090253054813523,2031
006/054-mft-AL75-ASAQ25,35,0.7608155883342769,2031
006/054-mft-AL75-ASAQ25,36,0.789425838032396,2031
006/054-mft-AL75-ASAQ25,37,0.7552130156263678,2031
006/054-mft-AL75-ASAQ25,38,0.7599939969053332,2031
006/054-mft-AL75-ASAQ25,39,0.7929133745636897,2031
006/054-mft-AL75-ASAQ25,40,0.7900021595779538,2031
006/054-mft-AL75-ASAQ25,41,0.7607869303988601,2031
006/054-mft-AL75-ASAQ25,42,0.7847884981105543,2031
006/054-mft-AL75-ASAQ25,43,0.7665983118434428,2031
006/054-mft-AL75-ASAQ25,44,0.7815662016908225,2031
006/054-mft-AL75-ASAQ25,45,0.7999453505273953,2031
006/054-mft-AL75-ASAQ25,46,0.7772946194905576,2031
006/054-mft-AL75-ASAQ25,47,0.7829898513539408,2031
006/054-mft-AL75-ASAQ25,48,0.7699706172891697,2031
006/054-mft-AL75-ASAQ25,49,0.7732262753618199,2031
006/054-mft-AL75-ASAQ25,50,0.7765100817428845,2031
006/054-mft-AL75-ASAQ25,51,0.7600928878474531,2031
006/054-mft-AL75-ASAQ25,52,0.7667711861481031,2031
006/054-mft-AL75-ASAQ25,53,0.7576430407479712,2031
006/054-mft-AL75-ASAQ25,54,0.7565372024733401,2031
006/054-mft-AL75-ASAQ25,55,0.7836648195666855,2031
006/054-mft-AL75-ASAQ25,56,0.7783772022683707,2031
006/054-mft-AL75-ASAQ25,57,0.7601117539683778,2031
006/054-mft-AL75-ASAQ25,58,0.7955776540508025,2031
006/054-mft-AL75-ASAQ25,59,0.774786460539515,2031
006/054-mft-AL75-ASAQ25,60,0.7802401631029839,2031
006/054-mft-AL75-ASAQ25,61,0.7918695672923617,2031
006/054-mft-AL75-ASAQ25,62,0.7736392337022981,2031
006/054-mft-AL75-ASAQ25,63,0.7644078169805598,2031
006/054-mft-AL75-ASAQ25,64,0.7639696545596686,2031
006/054-mft-AL75-ASAQ25,65,0.7673493121521169,2031
006/054-mft-AL75-ASAQ25,66,0.7710194522922258,2031
006/054-mft-AL75-ASAQ25,67,0.7612661135935929,2031
006/054-mft-AL75-ASAQ25,68,0.7822957385108692,2031
006/054-mft-AL75-ASAQ25,69,0.7811629900113983,2031
006/054-mft-AL75-ASAQ25,70,0.7709477854933392,2031
006/054-mft-AL75-ASAQ25,71,0.7899797269122684,2031
006/054-mft-AL75-ASAQ25,72,0.772960496507825,2031
006/054-mft-AL75-ASAQ25,73,0.7776052007015667,2031
006/054-mft-AL75-ASAQ25,74,0.7724898491966524,2031
006/054-mft-AL75-ASAQ25,75,0.7813703389211462,2031
006/054-mft-AL75-ASAQ25,76,0.7922378876555748,2031
006/054-mft-AL75-ASAQ25,77,0.791290740530076,2031
006/054-mft-AL75-ASAQ25,78,0.785183551697599,2031
006/054-mft-AL75-ASAQ25,79,0.7763797923103595,2031
006/054-mft-AL75-ASAQ25,80,0.7717649254531143,2031
006/054-mft-AL75-ASAQ25,81,0.7891290007493872,2031
006/054-mft-AL75-ASAQ25,82,0.7878933231705528,2031
006/054-mft-AL75-ASAQ25,83,0.7958085105938859,2031
006/054-mft-AL75-ASAQ25,84,0.7769230398680159,2031
006/054-mft-AL75-ASAQ25,85,0.7905973616354199,2031
006/054-mft-AL75-ASAQ25,86,0.8037631153676035,2031
006/054-mft-AL75-ASAQ25,87,0.7870165799204697,2031
006/054-mft-AL75-ASAQ25,88,0.7849186326799936,2031
006/054-mft-AL75-ASAQ25,89,0.7905208750849181,2031
006/054-mft-AL75-ASAQ25,90,0.7980835780314068,2031
006/054-mft-AL75-ASAQ25,91,0.7834848781852375,2031
006/054-mft-AL75-ASAQ25,92,0.7528768075212158,2031
006/054-mft-AL75-ASAQ25,93,0.7610208474000482,2031
006/054-mft-AL75-ASAQ25,94,0.7476298134258154,2031
006/054-mft-AL75-ASAQ25,95,0.7673893923038936,2031
006/054-mft-AL75-ASAQ25,96,0.80407315135273,2031
006/054-mft-AL75-ASAQ25,97,0.7764465593570838,2031
006/054-mft-AL75-ASAQ25,98,0.7421546023791216,2031
006/054-mft-AL75-ASAQ25,99,0.7597853270433439,2031
006/055-mft-AL75-DHAPPQ25,0,0.77107078476932,2031
006/055-mft-AL75-DHAPPQ25,1,0.7991370124770123,2031
006/055-mft-AL75-DHAPPQ25,2,0.810510359655039,2031
006/055-mft-AL75-DHAPPQ25,3,0.7788907766208627,2031
006/055-mft-AL75-DHAPPQ25,4,0.7953282010364031,2031
006/055-mft-AL75-DHAPPQ25,5,0.7777903104904067,2031
006/055-mft-AL75-DHAPPQ25,6,0.7997170793962441,2031
006/055-mft-AL75-DHAPPQ25,7,0.7862116424466845,2031
006/055-mft-AL75-DHAPPQ25,8,0.7829281836884004,2031
006/055-mft-AL75-DHAPPQ25,9,0.7844652749879549,2031
006/055-mft-AL75-DHAPPQ25,10,0.7721789841662966,2031
006/055-mft-AL75-DHAPPQ25,11,0.8014754469711115,2031
006/055-mft-AL75-DHAPPQ25,12,0.7794793834832497,2031
006/055-mft-AL75-DHAPPQ25,13,0.7746840468845059,2031
006/055-mft-AL75-DHAPPQ25,14,0.790519732743538,2031
006/055-mft-AL75-DHAPPQ25,15,0.7524845591046051,2031
006/055-mft-AL75-DHAPPQ25,16,0.7953490804360052,2031
006/055-mft-AL75-DHAPPQ25,17,0.7736613920632096,2031
006/055-mft-AL75-DHAPPQ25,18,0.7812064642914178,2031
006/055-mft-AL75-DHAPPQ25,19,0.7861193279726467,2031
006/055-mft-AL75-DHAPPQ25,20,0.7743263523779707,2031
006/055-mft-AL75-DHAPPQ25,21,0.750396714436595,2031
006/055-mft-AL75-DHAPPQ25,22,0.7893622298419897,2031
006/055-mft-AL75-DHAPPQ25,23,0.7866202915955188,2031
006/055-mft-AL75-DHAPPQ25,24,0.7669734373051914,2031
006/055-mft-AL75-DHAPPQ25,25,0.7634792614255451,2031
006/055-mft-AL75-DHAPPQ25,26,0.790284143919289,2031
006/055-mft-AL75-DHAPPQ25,27,0.7778144008522995,2031
006/055-mft-AL75-DHAPPQ25,28,0.7949597048453235,2031
006/055-mft-AL75-DHAPPQ25,29,0.7659657181002162,2031
006/055-mft-AL75-DHAPPQ25,30,0.7813895876667902,2031
006/055-mft-AL75-DHAPPQ25,31,0.7967426219210308,2031
006/055-mft-AL75-DHAPPQ25,32,0.7927909786403244,2031
006/055-mft-AL75-DHAPPQ25,33,0.7778174777929553,2031
006/055-mft-AL75-DHAPPQ25,34,0.7967566323421789,2031
006/055-mft-AL75-DHAPPQ25,35,0.7898606119495901,2031
006/055-mft-AL75-DHAPPQ25,36,0.7736042823724577,2031
006/055-mft-AL75-DHAPPQ25,37,0.783773091727649,2031
006/055-mft-AL75-DHAPPQ25,38,0.7896633257969693,2031
006/055-mft-AL75-DHAPPQ25,39,0.8016884997744301,2031
006/055-mft-AL75-DHAPPQ25,40,0.7844220660852836,2031
006/055-mft-AL75-DHAPPQ25,41,0.788709211490601,2031
006/055-mft-AL75-DHAPPQ25,42,0.810501000993162,2031
006/055-mft-AL75-DHAPPQ25,43,0.7892369780663987,2031
006/055-mft-AL75-DHAPPQ25,44,0.7942672482854646,2031
006/055-mft-AL75-DHAPPQ25,45,0.7937935669265784,2031
006/055-mft-AL75-DHAPPQ25,46,0.7699083113995626,2031
006/055-mft-AL75-DHAPPQ25,47,0.7837865176343737,2031
006/055-mft-AL75-DHAPPQ25,48,0.7750526699605689,2031
006/055-mft-AL75-DHAPPQ25,49,0.7872387471723042,2031
006/055-mft-AL75-DHAPPQ25,50,0.7606246993500932,2031
006/055-mft-AL75-DHAPPQ25,51,0.799732628798627,2031
006/055-mft-AL75-DHAPPQ25,52,0.7919429782038542,2031
006/055-mft-AL75-DHAPPQ25,53,0.8011781711973119,2031
006/055-mft-AL75-DHAPPQ25,54,0.8153020808018101,2031
006/055-mft-AL75-DHAPPQ25,55,0.7421260366825476,2031
006/055-mft-AL75-DHAPPQ25,56,0.7911411290331768,2031
006/055-mft-AL75-DHAPPQ25,57,0.7965018145629917,2031
006/055-mft-AL75-DHAPPQ25,58,0.77884230940912,2031
006/055-mft-AL75-DHAPPQ25,59,0.8061988677581396,2031
006/055-mft-AL75-DHAPPQ25,60,0.7905967610839152,2031
006/055-mft-AL75-DHAPPQ25,61,0.782999713652409,2031
006/055-mft-AL75-DHAPPQ25,62,0.7830120528545063,2031
006/055-mft-AL75-DHAPPQ25,63,0.755718958426165,2031
006/055-mft-AL75-DHAPPQ25,64,0.8102413954100561,2031
006/055-mft-AL75-DHAPPQ25,65,0.8010668295226694,2031
006/055-mft-AL75-DHAPPQ25,66,0.7828332515395932,2031
006/055-mft-AL75-DHAPPQ25,67,0.7915563903970804,2031
006/055-mft-AL75-DHAPPQ25,68,0.7815860967216567,2031
006/055-mft-AL75-DHAPPQ25,69,0.7906721284477839,2031
006/055-mft-AL75-DHAPPQ25,70,0.7848857125621159,2031
006/055-mft-AL75-DHAPPQ25,71,0.7792542890133295,2031
006/055-mft-AL75-DHAPPQ25,72,0.7703614711275423,2031
006/055-mft-AL75-DHAPPQ25,73,0.7630762799878273,2031
006/055-mft-AL75-DHAPPQ25,74,0.7784701772104743,2031
006/055-mft-AL75-DHAPPQ25,75,0.7751513284284516,2031
006/055-mft-AL75-DHAPPQ25,76,0.7755258113659504,2031
006/055-mft-AL75-DHAPPQ25,77,0.7922914846734669,2031
006/055-mft-AL75-DHAPPQ25,78,0.7952341014352585,2031
006/055-mft-AL75-DHAPPQ25,79,0.7860471786779432,2031
006/055-mft-AL75-DHAPPQ25,80,0.791396663267743,2031
006/055-mft-AL75-DHAPPQ25,81,0.7948880925919196,2031
006/055-mft-AL75-DHAPPQ25,82,0.8085873119688737,2031
006/055-mft-AL75-DHAPPQ25,83,0.7915265297067996,2031
006/055-mft-AL75-DHAPPQ25,84,0.8016908979540864,2031
006/055-mft-AL75-DHAPPQ25,85,0.7858084620363442,2031
006/055-mft-AL75-DHAPPQ25,86,0.7907586240840317,2031
006/055-mft-AL75-DHAPPQ25,87,0.7579001946668277,2031
006/055-mft-AL75-DHAPPQ25,88,0.7846770058507812,2031
006/055-mft-AL75-DHAPPQ25,89,0.8109315370074355,2031
006/055-mft-AL75-DHAPPQ25,90,0.7915637940483985,2031
006/055-mft-AL75-DHAPPQ25,91,0.8117210448393704,2031
006/055-mft-AL75-DHAPPQ25,92,0.7978203230974125,2031
006/055-mft-AL75-DHAPPQ25,93,0.7836021183839678,2031
006/055-mft-AL75-DHAPPQ25,94,0.8029935687367601,2031
006/055-mft-AL75-DHAPPQ25,95,0.7672119399020194,2031
006/055-mft-AL75-DHAPPQ25,96,0.7654211460225832,2031
006/055-mft-AL75-DHAPPQ25,97,0.7780349586140716,2031
006/055-mft-AL75-DHAPPQ25,98,0.7479041794170116,2031
006/055-mft-AL75-DHAPPQ25,99,0.7861679174513575,2031
006/056-mft-ASAQ75-DHAPPQ25,0,0.658574703514394,2031
006/056-mft-ASAQ75-DHAPPQ25,1,0.695338615675625,2031
006/056-mft-ASAQ75-DHAPPQ25,2,0.6301733737704965,2031
006/056-mft-ASAQ75-DHAPPQ25,3,0.6941216048767144,2031
006/056-mft-ASAQ75-DHAPPQ25,4,0.6723244969111016,2031
006/056-mft-ASAQ75-DHAPPQ25,5,0.6471559638469481,2031
006/056-mft-ASAQ75-DHAPPQ25,6,0.6754838003200475,2031
006/056-mft-ASAQ75-DHAPPQ25,7,0.6565581242205778,2031
006/056-mft-ASAQ75-DHAPPQ25,8,0.6760093476488729,2031
006/056-mft-ASAQ75-DHAPPQ25,9,0.7000289151887692,2031
006/056-mft-ASAQ75-DHAPPQ25,10,0.6287035428991226,2031
006/056-mft-ASAQ75-DHAPPQ25,11,0.6822173844120151,2031
006/056-mft-ASAQ75-DHAPPQ25,12,0.6831267330516777,2031
006/056-mft-ASAQ75-DHAPPQ25,13,0.6911899358349655,2031
006/056-mft-ASAQ75-DHAPPQ25,14,0.6686891139578202,2031
006/056-mft-ASAQ75-DHAPPQ25,15,0.6626675809117872,2031
006/056-mft-ASAQ75-DHAPPQ25,16,0.6647789854860413,2031
006/056-mft-ASAQ75-DHAPPQ25,17,0.6867973356289764,2031
006/056-mft-ASAQ75-DHAPPQ25,18,0.6595542487126865,2031
006/056-mft-ASAQ75-DHAPPQ25,19,0.7004870204846418,2031
006/056-mft-ASAQ75-DHAPPQ25,20,0.6741478365560832,2031
006/056-mft-ASAQ75-DHAPPQ25,21,0.6589740491291112,2031
006/056-mft-ASAQ75-DHAPPQ25,22,0.6495937155293142,2031
006/056-mft-ASAQ75-DHAPPQ25,23,0.6905865179716386,2031
006/056-mft-ASAQ75-DHAPPQ25,24,0.6575872491184659,2031
006/056-mft-ASAQ75-DHAPPQ25,25,0.6551932219115537,2031
006/056-mft-ASAQ75-DHAPPQ25,26,0.6730800556182358,2031
006/056-mft-ASAQ75-DHAPPQ25,27,0.6919481799653459,2031
006/056-mft-ASAQ75-DHAPPQ25,28,0.6879180273385311,2031
006/056-mft-ASAQ75-DHAPPQ25,29,0.6617639897054358,2031
006/056-mft-ASAQ75-DHAPPQ25,30,0.6475688348516411,2031
006/056-mft-ASAQ75-DHAPPQ25,31,0.6512556907831935,2031
006/056-mft-ASAQ75-DHAPPQ25,32,0.6665600985999022,2031
006/056-mft-ASAQ75-DHAPPQ25,33,0.6639704939543629,2031
006/056-mft-ASAQ75-DHAPPQ25,34,0.6597719082708234,2031
006/056-mft-ASAQ75-DHAPPQ25,35,0.6729859753666186,2031
006/056-mft-ASAQ75-DHAPPQ25,36,0.6945420223931521,2031
006/056-mft-ASAQ75-DHAPPQ25,37,0.6311133367731827,2031
006/056-mft-ASAQ75-DHAPPQ25,38,0.6559572064917267,2031
006/056-mft-ASAQ75-DHAPPQ25,39,0.6761653321628703,2031
006/056-mft-ASAQ75-DHAPPQ25,40,0.6517678169397864,2031
006/056-mft-ASAQ75-DHAPPQ25,41,0.656295976380071,2031
006/056-mft-ASAQ75-DHAPPQ25,42,0.6384019385336946,2031
006/056-mft-ASAQ75-DHAPPQ25,43,0.6745171148014856,2031
006/056-mft-ASAQ75-DHAPPQ25,44,0.6673331559167707,2031
006/056-mft-ASAQ75-DHAPPQ25,45,0.6780552385264199,2031
006/056-mft-ASAQ75-DHAPPQ25,46,0.6498689243690503,2031
006/056-mft-ASAQ75-DHAPPQ25,47,0.6693616107334704,2031
006/056-mft-ASAQ75-DHAPPQ25,48,0.6853250174184898,2031
006/056-mft-ASAQ75-DHAPPQ25,49,0.6544883942863463,2031
006/056-mft-ASAQ75-DHAPPQ25,50,0.647948167081014,2031
006/056-mft-ASAQ75-DHAPPQ25,51,0.667416690423285,2031
006/056-mft-ASAQ75-DHAPPQ25,52,0.6357681794156538,2031
006/056-mft-ASAQ75-DHAPPQ25,53,0.6816069597086023,2031
006/056-mft-ASAQ75-DHAPPQ25,54,0.6800288494033576,2031
006/056-mft-ASAQ75-DHAPPQ25,55,0.6503510810151868,2031
006/056-mft-ASAQ75-DHAPPQ25,56,0.6675640356130427,2031
006/056-mft-ASAQ75-DHAPPQ25,57,0.6453578424567866,2031
006/056-mft-ASAQ75-DHAPPQ25,58,0.6656029463963996,2031
006/056-mft-ASAQ75-DHAPPQ25,59,0.6692801002362397,2031
006/056-mft-ASAQ75-DHAPPQ25,60,0.6742382336925505,2031
006/056-mft-ASAQ75-DHAPPQ25,61,0.677560771440378,2031
006/056-mft-ASAQ75-DHAPPQ25,62,0.6586834094272244,2031
006/056-mft-ASAQ75-DHAPPQ25,63,0.6676031633199172,2031
006/056-mft-ASAQ75-DHAPPQ25,64,0.6574363860973894,2031
006/056-mft-ASAQ75-DHAPPQ25,65,0.6801997440089989,2031
006/056-mft-ASAQ75-DHAPPQ25,66,0.6599839507209241,2031
006/056-mft-ASAQ75-DHAPPQ25,67,0.6902287203535943,2031
006/056-mft-ASAQ75-DHAPPQ25,68,0.674185563241008,2031
006/056-mft-ASAQ75-DHAPPQ25,69,0.6558604989067739,2031
006/056-mft-ASAQ75-DHAPPQ25,70,0.6882741299834692,2031
006/056-mft-ASAQ75-DHAPPQ25,71,0.6791284611840497,2031
006/056-mft-ASAQ75-DHAPPQ25,72,0.6590151260123661,2031
006/056-mft-ASAQ75-DHAPPQ25,73,0.6836298279715608,2031
006/056-mft-ASAQ75-DHAPPQ25,74,0.6504977455273773,2031
006/056-mft-ASAQ75-DHAPPQ25,75,0.6661146463279162,2031
006/056-mft-ASAQ75-DHAPPQ25,76,0.6907239161054578,2031
006/056-mft-ASAQ75-DHAPPQ25,77,0.6472307435142309,2031
006/056-mft-ASAQ75-DHAPPQ25,78,0.6945063097018666,2031
006/056-mft-ASAQ75-DHAPPQ25,79,0.663959704524712,2031
006/056-mft-ASAQ75-DHAPPQ25,80,0.6587880863962176,2031
006/056-mft-ASAQ75-DHAPPQ25,81,0.6599119834756565,2031
006/056-mft-ASAQ75-DHAPPQ25,82,0.6666918149037584,2031
006/056-mft-ASAQ75-DHAPPQ25,83,0.6687512742039655,2031
006/056-mft-ASAQ75-DHAPPQ25,84,0.6976760179475402,2031
006/056-mft-ASAQ75-DHAPPQ25,85,0.6876335183225448,2031
006/056-mft-ASAQ75-DHAPPQ25,86,0.6500210282310902,2031
006/056-mft-ASAQ75-DHAPPQ25,87,0.634104741169586,2031
006/056-mft-ASAQ75-DHAPPQ25,88,0.6709529679981633,2031
006/056-mft-ASAQ75-DHAPPQ25,89,0.6728342532076796,2031
006/056-mft-ASAQ75-DHAPPQ25,90,0.6415185573614456,2031
006/056-mft-ASAQ75-DHAPPQ25,91,0.6578957243202553,2031
006/056-mft-ASAQ75-DHAPPQ25,92,0.6640134333768685,2031
006/056-mft-ASAQ75-DHAPPQ25,93,0.6711982495563937,2031
006/056-mft-ASAQ75-DHAPPQ25,94,0.6413235362545523,2031
006/056-mft-ASAQ75-DHAPPQ25,95,0.6560070816100376,2031
006/056-mft-ASAQ75-DHAPPQ25,96,0.6529746070101421,2031
006/056-mft-ASAQ75-DHAPPQ25,97,0.6795249609250412,2031
006/056-mft-ASAQ75-DHAPPQ25,98,0.6643168573253903,2031
006/056-mft-ASAQ75-DHAPPQ25,99,0.6712594144941727,2031
006/057-mft-AL50-ASAQ50,0,0.7300599174066223,2031
006/057-mft-AL50-ASAQ50,1,0.7325830456922132,2031
006/057-mft-AL50-ASAQ50,2,0.7385177452305015,2031
006/057-mft-AL50-ASAQ50,3,0.7319019674233416,2031
006/057-mft-AL50-ASAQ50,4,0.7415069045455055,2031
006/057-mft-AL50-ASAQ50,5,0.7389050271023893,2031
006/057-mft-AL50-ASAQ50,6,0.7404451850309047,2031
006/057-mft-AL50-ASAQ50,7,0.752205897584926,2031
006/057-mft-AL50-ASAQ50,8,0.7433435492149116,2031
006/057-mft-AL50-ASAQ50,9,0.7369534293808694,2031
006/057-mft-AL50-ASAQ50,10,0.7419630675169597,2031
006/057-mft-AL50-ASAQ50,11,0.7570240812966463,2031
006/057-mft-AL50-ASAQ50,12,0.7488667802434567,2031
006/057-mft-AL50-ASAQ50,13,0.7380246425697435,2031
006/057-mft-AL50-ASAQ50,14,0.7204239616810004,2031
006/057-mft-AL50-ASAQ50,15,0.7702914106837708,2031
006/057-mft-AL50-ASAQ50,16,0.7327637573215475,2031
006/057-mft-AL50-ASAQ50,17,0.7132474252133737,2031
006/057-mft-AL50-ASAQ50,18,0.7099660669289061,2031
006/057-mft-AL50-ASAQ50,19,0.7172015334878302,2031
006/057-mft-AL50-ASAQ50,20,0.7473805746200398,2031
006/057-mft-AL50-ASAQ50,21,0.7391854199854159,2031
006/057-mft-AL50-ASAQ50,22,0.7296163206601171,2031
006/057-mft-AL50-ASAQ50,23,0.7380312194725676,2031
006/057-mft-AL50-ASAQ50,24,0.7467556051629125,2031
006/057-mft-AL50-ASAQ50,25,0.7506939694341875,2031
006/057-mft-AL50-ASAQ50,26,0.7309687536909778,2031
006/057-mft-AL50-ASAQ50,27,0.760512703699732,2031
006/057-mft-AL50-ASAQ50,28,0.7321178570748176,2031
006/057-mft-AL50-ASAQ50,29,0.77302139501265,2031
006/057-mft-AL50-ASAQ50,30,0.7111652838013908,2031
006/057-mft-AL50-ASAQ50,31,0.7543956113325155,2031
006/057-mft-AL50-ASAQ50,32,0.7305557551410421,2031
006/057-mft-AL50-ASAQ50,33,0.7267110020891999,2031
006/057-mft-AL50-ASAQ50,34,0.7428114374157072,2031
006/057-mft-AL50-ASAQ50,35,0.7669473179155076,2031
006/057-mft-AL50-ASAQ50,36,0.7246439638161752,2031
006/057-mft-AL50-ASAQ50,37,0.7164957937659583,2031
006/057-mft-AL50-ASAQ50,38,0.747312348713693,2031
006/057-mft-AL50-ASAQ50,39,0.7071963541223667,2031
006/057-mft-AL50-ASAQ50,40,0.7614114877208343,2031
006/057-mft-AL50-ASAQ50,41,0.707007225829035,2031
006/057-mft-AL50-ASAQ50,42,0.7268593323070768,2031
006/057-mft-AL50-ASAQ50,43,0.7433511711199344,2031
006/057-mft-AL50-ASAQ50,44,0.7404805431004159,2031
006/057-mft-AL50-ASAQ50,45,0.7404445277808035,2031
006/057-mft-AL50-ASAQ50,46,0.73314779751311,2031
006/057-mft-AL50-ASAQ50,47,0.7527678019740618,2031
006/057-mft-AL50-ASAQ50,48,0.7453616455280847,2031
006/057-mft-AL50-ASAQ50,49,0.7420146923269023,2031
006/057-mft-AL50-ASAQ50,50,0.720969398750991,2031
006/057-mft-AL50-ASAQ50,51,0.7222373863057899,2031
006/057-mft-AL50-ASAQ50,52,0.7416621396645996,2031
006/057-mft-AL50-ASAQ50,53,0.7581590916935276,2031
006/057-mft-AL50-ASAQ50,54,0.7212892022349915,2031
006/057-mft-AL50-ASAQ50,55,0.7527913805829076,2031
006/057-mft-AL50-ASAQ50,56,0.7403300172889345,2031
006/057-mft-AL50-ASAQ50,57,0.7506531318012377,2031
006/057-mft-AL50-ASAQ50,58,0.7254894940803752,2031
006/057-mft-AL50-ASAQ50,59,0.7554246112816184,2031
006/057-mft-AL50-ASAQ50,60,0.7546452101423785,2031
006/057-mft-AL50-ASAQ50,61,0.7203816439919613,2031
006/057-mft-AL50-ASAQ50,62,0.7396118237274938,2031
006/057-mft-AL50-ASAQ50,63,0.7584916814633925,2031
006/057-mft-AL50-ASAQ50,64,0.7462560834544797,2031
006/057-mft-AL50-ASAQ50,65,0.7323180675905515,2031
006/057-mft-AL50-ASAQ50,66,0.7511376166683424,2031
006/057-mft-AL50-ASAQ50,67,0.7310868356343977,2031
006/057-mft-AL50-ASAQ50,68,0.7773137080364277,2031
006/057-mft-AL50-ASAQ50,69,0.7289280989197787,2031
006/057-mft-AL50-ASAQ50,70,0.7328100879727524,2031
006/057-mft-AL50-ASAQ50,71,0.7321163093309501,2031
006/057-mft-AL50-ASAQ50,72,0.7548693583841747,2031
006/057-mft-AL50-ASAQ50,73,0.702647461208724,2031
006/057-mft-AL50-ASAQ50,74,0.7495669334156704,2031
006/057-mft-AL50-ASAQ50,75,0.7621099264931069,2031
006/057-mft-AL50-ASAQ50,76,0.8120180692258496,2031
006/057-mft-AL50-ASAQ50,77,0.7227747511686413,2031
006/057-mft-AL50-ASAQ50,78,0.7405737003504208,2031
006/057-mft-AL50-ASAQ50,79,0.7405866690245727,2031
006/057-mft-AL50-ASAQ50,80,0.7468031046629681,2031
006/057-mft-AL50-ASAQ50,81,0.713098855925243,2031
006/057-mft-AL50-ASAQ50,82,0.744643230234728,2031
006/057-mft-AL50-ASAQ50,83,0.7114508142225784,2031
006/057-mft-AL50-ASAQ50,84,0.7564399174576225,2031
006/057-mft-AL50-ASAQ50,85,0.7497513561359425,2031
006/057-mft-AL50-ASAQ50,86,0.763727295883536,2031
006/057-mft-AL50-ASAQ50,87,0.745044182058428,2031
006/057-mft-AL50-ASAQ50,88,0.745903794604006,2031
006/057-mft-AL50-ASAQ50,89,0.7375694270325925,2031
006/057-mft-AL50-ASAQ50,90,0.7363144926160315,2031
006/057-mft-AL50-ASAQ50,91,0.7503707322293197,2031
006/057-mft-AL50-ASAQ50,92,0.723886742287876,2031
006/057-mft-AL50-ASAQ50,93,0.7145007335944248,2031
006/057-mft-AL50-ASAQ50,94,0.7284636938115683,2031
006/057-mft-AL50-ASAQ50,95,0.744450262671112,2031
006/057-mft-AL50-ASAQ50,96,0.7531527512898587,2031
006/057-mft-AL50-ASAQ50,97,0.7637531494506059,2031
006/057-mft-AL50-ASAQ50,98,0.747705486279919,2031
006/057-mft-AL50-ASAQ50,99,0.7452244616451037,2031
006/058-mft-AL50-DHAPPQ50,0,0.779344759961247,2031
006/058-mft-AL50-DHAPPQ50,1,0.7507986697480461,2031
006/058-mft-AL50-DHAPPQ50,2,0.7652189307426953,2031
006/058-mft-AL50-DHAPPQ50,3,0.7731060984231526,2031
006/058-mft-AL50-DHAPPQ50,4,0.7801547771733547,2031
006/058-mft-AL50-DHAPPQ50,5,0.7775482981505547,2031
006/058-mft-AL50-DHAPPQ50,6,0.7528437273532878,2031
006/058-mft-AL50-DHAPPQ50,7,0.7720507626145742,2031
006/058-mft-AL50-DHAPPQ50,8,0.7728332957076542,2031
006/058-mft-AL50-DHAPPQ50,9,0.778567617587622,2031
006/058-mft-AL50-DHAPPQ50,10,0.8032419084754814,2031
006/058-mft-AL50-DHAPPQ50,11,0.7591628139934837,2031
006/058-mft-AL50-DHAPPQ50,12,0.7644600493173361,2031
006/058-mft-AL50-DHAPPQ50,13,0.7424064320510002,2031
006/058-mft-AL50-DHAPPQ50,14,0.7650493711604923,2031
006/058-mft-AL50-DHAPPQ50,15,0.7763890873477862,2031
006/058-mft-AL50-DHAPPQ50,16,0.7633595259513594,2031
006/058-mft-AL50-DHAPPQ50,17,0.7753516301269743,2031
006/058-mft-AL50-DHAPPQ50,18,0.7529699534137949,2031
006/058-mft-AL50-DHAPPQ50,19,0.726091596035703,2031
006/058-mft-AL50-DHAPPQ50,20,0.7871247754436039,2031
006/058-mft-AL50-DHAPPQ50,21,0.7662757593355137,2031
006/058-mft-AL50-DHAPPQ50,22,0.7712826944845466,2031
006/058-mft-AL50-DHAPPQ50,23,0.763684132269487,2031
006/058-mft-AL50-DHAPPQ50,24,0.7570231208777387,2031
006/058-mft-AL50-DHAPPQ50,25,0.7713125828550398,2031
006/058-mft-AL50-DHAPPQ50,26,0.7723853157728923,2031
006/058-mft-AL50-DHAPPQ50,27,0.7798499759526843,2031
006/058-mft-AL50-DHAPPQ50,28,0.7675856128110098,2031
006/058-mft-AL50-DHAPPQ50,29,0.7520094240610159,2031
006/058-mft-AL50-DHAPPQ50,30,0.7730907945036852,2031
006/058-mft-AL50-DHAPPQ50,31,0.7671726054686164,2031
006/058-mft-AL50-DHAPPQ50,32,0.7273982378160583,2031
006/058-mft-AL50-DHAPPQ50,33,0.7537063440060306,2031
006/058-mft-AL50-DHAPPQ50,34,0.7819184556120278,2031
006/058-mft-AL50-DHAPPQ50,35,0.7865096072239003,2031
006/058-mft-AL50-DHAPPQ50,36,0.7973401494737921,2031
006/058-mft-AL50-DHAPPQ50,37,0.7806923665407558,2031
006/058-mft-AL50-DHAPPQ50,38,0.7879746644710837,2031
006/058-mft-AL50-DHAPPQ50,39,0.7549309964330071,2031
006/058-mft-AL50-DHAPPQ50,40,0.7784794747112532,2031
006/058-mft-AL50-DHAPPQ50,41,0.7636271425014263,2031
006/058-mft-AL50-DHAPPQ50,42,0.7654905904344034,2031
006/058-mft-AL50-DHAPPQ50,43,0.7617508055852551,2031
006/058-mft-AL50-DHAPPQ50,44,0.7677942594400399,2031
006/058-mft-AL50-DHAPPQ50,45,0.7387511544151305,2031
006/058-mft-AL50-DHAPPQ50,46,0.7669612920044688,2031
006/058-mft-AL50-DHAPPQ50,47,0.7784324791661543,2031
006/058-mft-AL50-DHAPPQ50,48,0.7759202252517077,2031
006/058-mft-AL50-DHAPPQ50,49,0.7729293020979796,2031
006/058-mft-AL50-DHAPPQ50,50,0.7599608558397151,2031
006/058-mft-AL50-DHAPPQ50,51,0.7630055707716497,2031
006/058-mft-AL50-DHAPPQ50,52,0.7662372772135821,2031
006/058-mft-AL50-DHAPPQ50,53,0.7695650347734123,2031
006/058-mft-AL50-DHAPPQ50,54,0.7294314179949802,2031
006/058-mft-AL50-DHAPPQ50,55,0.7508674970597066,2031
006/058-mft-AL50-DHAPPQ50,56,0.7653405573822362,2031
006/058-mft-AL50-DHAPPQ50,57,0.7580106402114816,2031
006/058-mft-AL50-DHAPPQ50,58,0.7579117677426325,2031
006/058-mft-AL50-DHAPPQ50,59,0.7797470927513072,2031
006/058-mft-AL50-DHAPPQ50,60,0.7989240620017127,2031
006/058-mft-AL50-DHAPPQ50,61,0.7462668977146872,2031
006/058-mft-AL50-DHAPPQ50,62,0.749665326128051,2031
006/058-mft-AL50-DHAPPQ50,63,0.7700974432895379,2031
006/058-mft-AL50-DHAPPQ50,64,0.7210071720317567,2031
006/058-mft-AL50-DHAPPQ50,65,0.7542002820549619,2031
006/058-mft-AL50-DHAPPQ50,66,0.786049604986319,2031
006/058-mft-AL50-DHAPPQ50,67,0.7518017003058012,2031
006/058-mft-AL50-DHAPPQ50,68,0.7933959589994468,2031
006/058-mft-AL50-DHAPPQ50,69,0.7853128651069502,2031
006/058-mft-AL50-DHAPPQ50,70,0.7610928808684819,2031
006/058-mft-AL50-DHAPPQ50,71,0.7643493596460931,2031
006/058-mft-AL50-DHAPPQ50,72,0.7709606068255148,2031
006/058-mft-AL50-DHAPPQ50,73,0.7827141597944293,2031
006/058-mft-AL50-DHAPPQ50,74,0.7579190345872463,2031
006/058-mft-AL50-DHAPPQ50,75,0.753734573796952,2031
006/058-mft-AL50-DHAPPQ50,76,0.7569315335338876,2031
006/058-mft-AL50-DHAPPQ50,77,0.7696347817884391,2031
006/058-mft-AL50-DHAPPQ50,78,0.7709560605172983,2031
006/058-mft-AL50-DHAPPQ50,79,0.8077060987871079,2031
006/058-mft-AL50-DHAPPQ50,80,0.7559219528387512,2031
006/058-mft-AL50-DHAPPQ50,81,0.7437610399106237,2031
006/058-mft-AL50-DHAPPQ50,82,0.7790509121510866,2031
006/058-mft-AL50-DHAPPQ50,83,0.771787816833831,2031
006/058-mft-AL50-DHAPPQ50,84,0.7519201729608805,2031
006/058-mft-AL50-DHAPPQ50,85,0.7525177661423598,2031
006/058-mft-AL50-DHAPPQ50,86,0.7664391282781516,2031
006/058-mft-AL50-DHAPPQ50,87,0.7660138292481861,2031
006/058-mft-AL50-DHAPPQ50,88,0.7435860118728391,2031
006/058-mft-AL50-DHAPPQ50,89,0.769847249786186,2031
006/058-mft-AL50-DHAPPQ50,90,0.7473346668034734,2031
006/058-mft-AL50-DHAPPQ50,91,0.7621133423622991,2031
006/058-mft-AL50-DHAPPQ50,92,0.7396456741031044,2031
006/058-mft-AL50-DHAPPQ50,93,0.7855234797622347,2031
006/058-mft-AL50-DHAPPQ50,94,0.7728258186546425,2031
006/058-mft-AL50-DHAPPQ50,95,0.7562229295233368,2031
006/058-mft-AL50-DHAPPQ50,96,0.752030897037061,2031
006/058-mft-AL50-DHAPPQ50,97,0.7604123185042098,2031
006/058-mft-AL50-DHAPPQ50,98,0.751234486419679,2031
006/058-mft-AL50-DHAPPQ50,99,0.7344490453706992,2031
006/059-mft-ASAQ50-DHAPPQ50,0,0.686321696640924,2031
006/059-mft-ASAQ50-DHAPPQ50,1,0.6612673288726638,2031
006/059-mft-ASAQ50-DHAPPQ50,2,0.6767236038104499,2031
006/059-mft-ASAQ50-DHAPPQ50,3,0.6760060802578308,2031
006/059-mft-ASAQ50-DHAPPQ50,4,0.6939671409672125,2031
006/059-mft-ASAQ50-DHAPPQ50,5,0.6985904906632725,2031
006/059-mft-ASAQ50-DHAPPQ50,6,0.6784354740692268,2031
006/059-mft-ASAQ50-DHAPPQ50,7,0.6988745473016705,2031
006/059-mft-ASAQ50-DHAPPQ50,8,0.7060371913219675,2031
006/059-mft-ASAQ50-DHAPPQ50,9,0.6623811390476523,2031
006/059-mft-ASAQ50-DHAPPQ50,10,0.7011258187691755,2031
006/059-mft-ASAQ50-DHAPPQ50,11,0.6979245889478952,2031
006/059-mft-ASAQ50-DHAPPQ50,12,0.7125279898337086,2031
006/059-mft-ASAQ50-DHAPPQ50,13,0.7108640123785727,2031
006/059-mft-ASAQ50-DHAPPQ50,14,0.7010809111343823,2031
006/059-mft-ASAQ50-DHAPPQ50,15,0.6653285734944868,2031
006/059-mft-ASAQ50-DHAPPQ50,16,0.7005782553873422,2031
006/059-mft-ASAQ50-DHAPPQ50,17,0.7047105072625236,2031
006/059-mft-ASAQ50-DHAPPQ50,18,0.6575874827510021,2031
006/059-mft-ASAQ50-DHAPPQ50,19,0.686110620083372,2031
006/059-mft-ASAQ50-DHAPPQ50,20,0.7194977960153293,2031
006/059-mft-ASAQ50-DHAPPQ50,21,0.6889759963539822,2031
006/059-mft-ASAQ50-DHAPPQ50,22,0.7006501447796492,2031
006/059-mft-ASAQ50-DHAPPQ50,23,0.6892119797617258,2031
006/059-mft-ASAQ50-DHAPPQ50,24,0.683698766713702,2031
006/059-mft-ASAQ50-DHAPPQ50,25,0.7435197615349597,2031
006/059-mft-ASAQ50-DHAPPQ50,26,0.7307801692449845,2031
006/059-mft-ASAQ50-DHAPPQ50,27,0.686686512174587,2031
006/059-mft-ASAQ50-DHAPPQ50,28,0.6635501213232995,2031
006/059-mft-ASAQ50-DHAPPQ50,29,0.645211385487498,2031
006/059-mft-ASAQ50-DHAPPQ50,30,0.704619965402912,2031
006/059-mft-ASAQ50-DHAPPQ50,31,0.7133578187530203,2031
006/059-mft-ASAQ50-DHAPPQ50,32,0.7034345791116091,2031
006/059-mft-ASAQ50-DHAPPQ50,33,0.6966800337035769,2031
006/059-mft-ASAQ50-DHAPPQ50,34,0.7060939509212961,2031
006/059-mft-ASAQ50-DHAPPQ50,35,0.7071123847533459,2031
006/059-mft-ASAQ50-DHAPPQ50,36,0.6912855659721497,2031
006/059-mft-ASAQ50-DHAPPQ50,37,0.6426517077264519,2031
006/059-mft-ASAQ50-DHAPPQ50,38,0.7133144487611949,2031
006/059-mft-ASAQ50-DHAPPQ50,39,0.6593871139654595,2031
006/059-mft-ASAQ50-DHAPPQ50,40,0.7064161005733826,2031
006/059-mft-ASAQ50-DHAPPQ50,41,0.712092000937197,2031
006/059-mft-ASAQ50-DHAPPQ50,42,0.6932354892123983,2031
006/059-mft-ASAQ50-DHAPPQ50,43,0.6729979237560704,2031
006/059-mft-ASAQ50-DHAPPQ50,44,0.7025718524506717,2031
006/059-mft-ASAQ50-DHAPPQ50,45,0.6936518412328829,2031
006/059-mft-ASAQ50-DHAPPQ50,46,0.7149858086651456,2031
006/059-mft-ASAQ50-DHAPPQ50,47,0.7052386062629008,2031
006/059-mft-ASAQ50-DHAPPQ50,48,0.7159452135334803,2031
006/059-mft-ASAQ50-DHAPPQ50,49,0.6957612275501578,2031
006/059-mft-ASAQ50-DHAPPQ50,50,0.6557254514570909,2031
006/059-mft-ASAQ50-DHAPPQ50,51,0.7122500787434566,2031
006/059-mft-ASAQ50-DHAPPQ50,52,0.7245607059549474,2031
006/059-mft-ASAQ50-DHAPPQ50,53,0.7138378450330739,2031
006/059-mft-ASAQ50-DHAPPQ50,54,0.6841593478156089,2031
006/059-mft-ASAQ50-DHAPPQ50,55,0.6875306329527183,2031
006/059-mft-ASAQ50-DHAPPQ50,56,0.7055536685897802,2031
006/059-mft-ASAQ50-DHAPPQ50,57,0.7011015058100322,2031
006/059-mft-ASAQ50-DHAPPQ50,58,0.7211340448823084,2031
006/059-mft-ASAQ50-DHAPPQ50,59,0.7001285304807054,2031
006/059-mft-ASAQ50-DHAPPQ50,60,0.6784932664072842,2031
006/059-mft-ASAQ50-DHAPPQ50,61,0.7047289095377871,2031
006/059-mft-ASAQ50-DHAPPQ50,62,0.6844851205485559,2031
006/059-mft-ASAQ50-DHAPPQ50,63,0.69801552358693,2031
006/059-mft-ASAQ50-DHAPPQ50,64,0.7036208937168906,2031
006/059-mft-ASAQ50-DHAPPQ50,65,0.7149221535994849,2031
006/059-mft-ASAQ50-DHAPPQ50,66,0.7072079039522677,2031
006/059-mft-ASAQ50-DHAPPQ50,67,0.6953346359553194,2031
006/059-mft-ASAQ50-DHAPPQ50,68,0.7062476694202435,2031
006/059-mft-ASAQ50-DHAPPQ50,69,0.6903347180905883,2031
006/059-mft-ASAQ50-DHAPPQ50,70,0.6918515688557708,2031
006/059-mft-ASAQ50-DHAPPQ50,71,0.7181795019288594,2031
006/059-mft-ASAQ50-DHAPPQ50,72,0.6733245826559892,2031
006/059-mft-ASAQ50-DHAPPQ50,73,0.6958264272548894,2031
006/059-mft-ASAQ50-DHAPPQ50,74,0.7173572335942356,2031
006/059-mft-ASAQ50-DHAPPQ50,75,0.6944465935299041,2031
006/059-mft-ASAQ50-DHAPPQ50,76,0.6797181294030447,2031
006/059-mft-ASAQ50-DHAPPQ50,77,0.6991677045515963,2031
006/059-mft-ASAQ50-DHAPPQ50,78,0.6785277248157336,2031
006/059-mft-ASAQ50-DHAPPQ50,79,0.7376253814524265,2031
006/059-mft-ASAQ50-DHAPPQ50,80,0.6708236801456974,2031
006/059-mft-ASAQ50-DHAPPQ50,81,0.6827353995010395,2031
006/059-mft-ASAQ50-DHAPPQ50,82,0.7111784712054489,2031
006/059-mft-ASAQ50-DHAPPQ50,83,0.723790585674987,2031
006/059-mft-ASAQ50-DHAPPQ50,84,0.6826038894934287,2031
006/059-mft-ASAQ50-DHAPPQ50,85,0.7082328577205207,2031
006/059-mft-ASAQ50-DHAPPQ50,86,0.7033371177243644,2031
006/059-mft-ASAQ50-DHAPPQ50,87,0.6827195011140774,2031
006/059-mft-ASAQ50-DHAPPQ50,88,0.6883230829149838,2031
006/059-mft-ASAQ50-DHAPPQ50,89,0.6761330980238597,2031
006/059-mft-ASAQ50-DHAPPQ50,90,0.707339774544654,2031
006/059-mft-ASAQ50-DHAPPQ50,91,0.6992638976858995,2031
006/059-mft-ASAQ50-DHAPPQ50,92,0.6931054557439743,2031
006/059-mft-ASAQ50-DHAPPQ50,93,0.681286595994615,2031
006/059-mft-ASAQ50-DHAPPQ50,94,0.7044615715532275,2031
006/059-mft-ASAQ50-DHAPPQ50,95,0.6963906975802757,2031
006/059-mft-ASAQ50-DHAPPQ50,96,0.6824178002480833,2031
006/059-mft-ASAQ50-DHAPPQ50,97,0.6946946129239936,2031
006/059-mft-ASAQ50-DHAPPQ50,98,0.6874657284038227,2031
006/059-mft-ASAQ50-DHAPPQ50,99,0.6290841220170569,2031
006/060-mft-AL-ASAQ-DHAPPQ,0,0.7279423396407473,2031
006/060-mft-AL-ASAQ-DHAPPQ,1,0.7027593253138212,2031
006/060-mft-AL-ASAQ-DHAPPQ,2,0.7140271278232716,2031
006/060-mft-AL-ASAQ-DHAPPQ,3,0.7629325196628608,2031
006/060-mft-AL-ASAQ-DHAPPQ,4,0.7368415962307103,2031
006/060-mft-AL-ASAQ-DHAPPQ,5,0.7076424468327231,2031
006/060-mft-AL-ASAQ-DHAPPQ,6,0.7222754777657361,2031
006/060-mft-AL-ASAQ-DHAPPQ,7,0.7686201481595399,2031
006/060-mft-AL-ASAQ-DHAPPQ,8,0.7301356012027296,2031
006/060-mft-AL-ASAQ-DHAPPQ,9,0.7212011652153499,2031
006/060-mft-AL-ASAQ-DHAPPQ,10,0.7417420069898885,2031
006/060-mft-AL-ASAQ-DHAPPQ,11,0.716423766777959,2031
006/060-mft-AL-ASAQ-DHAPPQ,12,0.7407351385440323,2031
006/060-mft-AL-ASAQ-DHAPPQ,13,0.7081548437134649,2031
006/060-mft-AL-ASAQ-DHAPPQ,14,0.6997093551742148,2031
006/060-mft-AL-ASAQ-DHAPPQ,15,0.7450245209820228,2031
006/060-mft-AL-ASAQ-DHAPPQ,16,0.7361518968187256,2031
006/060-mft-AL-ASAQ-DHAPPQ,17,0.7041493708968954,2031
006/060-mft-AL-ASAQ-DHAPPQ,18,0.7249825099200488,2031
006/060-mft-AL-ASAQ-DHAPPQ,19,0.7249463730831788,2031
006/060-mft-AL-ASAQ-DHAPPQ,20,0.720339023331924,2031
006/060-mft-AL-ASAQ-DHAPPQ,21,0.6855393192605352,2031
006/060-mft-AL-ASAQ-DHAPPQ,22,0.7242468101902269,2031
006/060-mft-AL-ASAQ-DHAPPQ,23,0.7266439615313329,2031
006/060-mft-AL-ASAQ-DHAPPQ,24,0.7270088180649106,2031
006/060-mft-AL-ASAQ-DHAPPQ,25,0.715930882080786,2031
006/060-mft-AL-ASAQ-DHAPPQ,26,0.748236679684806,2031
006/060-mft-AL-ASAQ-DHAPPQ,27,0.7187973178191417,2031
006/060-mft-AL-ASAQ-DHAPPQ,28,0.7263530233432512,2031
006/060-mft-AL-ASAQ-DHAPPQ,29,0.7095691580076472,2031
006/060-mft-AL-ASAQ-DHAPPQ,30,0.7515452958676382,2031
006/060-mft-AL-ASAQ-DHAPPQ,31,0.7410020799376568,2031
006/060-mft-AL-ASAQ-DHAPPQ,32,0.7464695559002325,2031
006/060-mft-AL-ASAQ-DHAPPQ,33,0.7277563396063966,2031
006/060-mft-AL-ASAQ-DHAPPQ,34,0.7268826059931136,2031
006/060-mft-AL-ASAQ-DHAPPQ,35,0.7390163811136619,2031
006/060-mft-AL-ASAQ-DHAPPQ,36,0.7188447649842655,2031
006/060-mft-AL-ASAQ-DHAPPQ,37,0.7140312845931324,2031
006/060-mft-AL-ASAQ-DHAPPQ,38,0.758895610382266,2031
006/060-mft-AL-ASAQ-DHAPPQ,39,0.7520845788707414,2031
006/060-mft-AL-ASAQ-DHAPPQ,40,0.7321350681697155,2031
006/060-mft-AL-ASAQ-DHAPPQ,41,0.7132657627773563,2031
006/060-mft-AL-ASAQ-DHAPPQ,42,0.7324339344738413,2031
006/060-mft-AL-ASAQ-DHAPPQ,43,0.7131982424257498,2031
006/060-mft-AL-ASAQ-DHAPPQ,44,0.7337726130720794,2031
006/060-mft-AL-ASAQ-DHAPPQ,45,0.7257191717945513,2031
006/060-mft-AL-ASAQ-DHAPPQ,46,0.7318595691912463,2031
006/060-mft-AL-ASAQ-DHAPPQ,47,0.7427945864800408,2031
006/060-mft-AL-ASAQ-DHAPPQ,48,0.7386271879631998,2031
006/060-mft-AL-ASAQ-DHAPPQ,49,0.7302029071802895,2031
006/060-mft-AL-ASAQ-DHAPPQ,50,0.7172918509753656,2031
006/060-mft-AL-ASAQ-DHAPPQ,51,0.7429452060607865,2031
006/060-mft-AL-ASAQ-DHAPPQ,52,0.7039059280239311,2031
006/060-mft-AL-ASAQ-DHAPPQ,53,0.7193112147552725,2031
006/060-mft-AL-ASAQ-DHAPPQ,54,0.7163222493270766,2031
006/060-mft-AL-ASAQ-DHAPPQ,55,0.7259295354343225,2031
006/060-mft-AL-ASAQ-DHAPPQ,56,0.7338924277916408,2031
006/060-mft-AL-ASAQ-DHAPPQ,57,0.7154484822453862,2031
006/060-mft-AL-ASAQ-DHAPPQ,58,0.7318601980606781,2031
006/060-mft-AL-ASAQ-DHAPPQ,59,0.7309932802879121,2031
006/060-mft-AL-ASAQ-DHAPPQ,60,0.712440989103904,2031
006/060-mft-AL-ASAQ-DHAPPQ,61,0.7421554859241385,2031
006/060-mft-AL-ASAQ-DHAPPQ,62,0.7086374340892337,2031
006/060-mft-AL-ASAQ-DHAPPQ,63,0.7338053241933471,2031
006/060-mft-AL-ASAQ-DHAPPQ,64,0.6906602477003189,2031
006/060-mft-AL-ASAQ-DHAPPQ,65,0.7402810495406592,2031
006/060-mft-AL-ASAQ-DHAPPQ,66,0.7373271418178962,2031
006/060-mft-AL-ASAQ-DHAPPQ,67,0.710006139870833,2031
006/060-mft-AL-ASAQ-DHAPPQ,68,0.7293046332799449,2031
006/060-mft-AL-ASAQ-DHAPPQ,69,0.7417425902434586,2031
006/060-mft-AL-ASAQ-DHAPPQ,70,0.7434580155660836,2031
006/060-mft-AL-ASAQ-DHAPPQ,71,0.7226191588778746,2031
006/060-mft-AL-ASAQ-DHAPPQ,72,0.7328894360278831,2031
006/060-mft-AL-ASAQ-DHAPPQ,73,0.7305439082239392,2031
006/060-mft-AL-ASAQ-DHAPPQ,74,0.7538616416960299,2031
006/060-mft-AL-ASAQ-DHAPPQ,75,0.707221500255986,2031
006/060-mft-AL-ASAQ-DHAPPQ,76,0.7001807952421673,2031
006/060-mft-AL-ASAQ-DHAPPQ,77,0.7227535091287048,2031
006/060-mft-AL-ASAQ-DHAPPQ,78,0.7447675988528631,2031
006/060-mft-AL-ASAQ-DHAPPQ,79,0.7213462921367926,2031
006/060-mft-AL-ASAQ-DHAPPQ,80,0.7207193723781349,2031
006/060-mft-AL-ASAQ-DHAPPQ,81,0.7518871561108237,2031
006/060-mft-AL-ASAQ-DHAPPQ,82,0.7201634205042571,2031
006/060-mft-AL-ASAQ-DHAPPQ,83,0.7632098498632861,2031
006/060-mft-AL-ASAQ-DHAPPQ,84,0.7422576079953971,2031
006/060-mft-AL-ASAQ-DHAPPQ,85,0.7217446046067374,2031
006/060-mft-AL-ASAQ-DHAPPQ,86,0.731243827439341,2031
006/060-mft-AL-ASAQ-DHAPPQ,87,0.7486529363846889,2031
006/060-mft-AL-ASAQ-DHAPPQ,88,0.7389478492545121,2031
006/060-mft-AL-ASAQ-DHAPPQ,89,0.744360205329413,2031
006/060-mft-AL-ASAQ-DHAPPQ,90,0.7283585147197386,2031
006/060-mft-AL-ASAQ-DHAPPQ,91,0.7236103795023827,2031
006/060-mft-AL-ASAQ-DHAPPQ,92,0.7366813514097705,2031
006/060-mft-AL-ASAQ-DHAPPQ,93,0.7198284010711858,2031
006/060-mft-AL-ASAQ-DHAPPQ,94,0.7254618424987308,2031
006/060-mft-AL-ASAQ-DHAPPQ,95,0.7100241813850695,2031
006/060-mft-AL-ASAQ-DHAPPQ,96,0.717738083957062,2031
006/060-mft-AL-ASAQ-DHAPPQ,97,0.7144484081763443,2031
006/060-mft-AL-ASAQ-DHAPPQ,98,0.7278804246331183,2031
006/060-mft-AL-ASAQ-DHAPPQ,99,0.7228666868269467,2031
006/061-tact-AL4y-ALAQ,0,0.7452939563570006,2031
006/061-tact-AL4y-ALAQ,1,0.7322076793260104,2031
006/061-tact-AL4y-ALAQ,2,0.7137724936774928,2031
006/061-tact-AL4y-ALAQ,3,0.7629189477365942,2031
006/061-tact-AL4y-ALAQ,4,0.7785548772169425,2031
006/061-tact-AL4y-ALAQ,5,0.7508681724494837,2031
006/061-tact-AL4y-ALAQ,6,0.7936952053758146,2031
006/061-tact-AL4y-ALAQ,7,0.7401535315661195,2031
006/061-tact-AL4y-ALAQ,8,0.7082726648344028,2031
006/061-tact-AL4y-ALAQ,9,0.7133858508171392,2031
006/061-tact-AL4y-ALAQ,10,0.7646982940300715,2031
006/061-tact-AL4y-ALAQ,11,0.7600143706804824,2031
006/061-tact-AL4y-ALAQ,12,0.721141080266281,2031
006/061-tact-AL4y-ALAQ,13,0.7325629907401346,2031
006/061-tact-AL4y-ALAQ,14,0.7234424058532406,2031
006/061-tact-AL4y-ALAQ,15,0.7231983533998364,2031
006/061-tact-AL4y-ALAQ,16,0.7682730476133798,2031
006/061-tact-AL4y-ALAQ,17,0.7400761427027645,2031
006/061-tact-AL4y-ALAQ,18,0.7673349120030539,2031
006/061-tact-AL4y-ALAQ,19,0.7506035691547083,2031
006/061-tact-AL4y-ALAQ,20,0.7262228376009512,2031
006/061-tact-AL4y-ALAQ,21,0.7420586234532137,2031
006/061-tact-AL4y-ALAQ,22,0.731541716565561,2031
006/061-tact-AL4y-ALAQ,23,0.7123753131275233,2031
006/061-tact-AL4y-ALAQ,24,0.7707808421963845,2031
006/061-tact-AL4y-ALAQ,25,0.7142275901212495,2031
006/061-tact-AL4y-ALAQ,26,0.7358264906969266,2031
006/061-tact-AL4y-ALAQ,27,0.7527037434911804,2031
006/061-tact-AL4y-ALAQ,28,0.7281626882372266,2031
006/061-tact-AL4y-ALAQ,29,0.7533790002156832,2031
006/061-tact-AL4y-ALAQ,30,0.7229812503503422,2031
006/061-tact-AL4y-ALAQ,31,0.7433601184071957,2031
006/061-tact-AL4y-ALAQ,32,0.7438942048764967,2031
006/061-tact-AL4y-ALAQ,33,0.7738491023730584,2031
006/061-tact-AL4y-ALAQ,34,0.7162338466270123,2031
006/061-tact-AL4y-ALAQ,35,0.7653891787196047,2031
006/061-tact-AL4y-ALAQ,36,0.7295451144149333,2031
006/061-tact-AL4y-ALAQ,37,0.763278844921472,2031
006/061-tact-AL4y-ALAQ,38,0.779812012898757,2031
006/061-tact-AL4y-ALAQ,39,0.7256700355623763,2031
006/061-tact-AL4y-ALAQ,40,0.756308836553606,2031
006/061-tact-AL4y-ALAQ,41,0.735117151353499,2031
006/061-tact-AL4y-ALAQ,42,0.7128659141469765,2031
006/061-tact-AL4y-ALAQ,43,0.7425696338416211,2031
006/061-tact-AL4y-ALAQ,44,0.7510236022900049,2031
006/061-tact-AL4y-ALAQ,45,0.722723273762064,2031
006/061-tact-AL4y-ALAQ,46,0.7574735792514452,2031
006/061-tact-AL4y-ALAQ,47,0.7382104126942511,2031
006/061-tact-AL4y-ALAQ,48,0.7339414150109528,2031
006/061-tact-AL4y-ALAQ,49,0.7445728392289953,2031
006/061-tact-AL4y-ALAQ,50,0.7365164249076751,2031
006/061-tact-AL4y-ALAQ,51,0.7494794069375933,2031
006/061-tact-AL4y-ALAQ,52,0.7405364780492345,2031
006/061-tact-AL4y-ALAQ,53,0.7198213169494245,2031
006/061-tact-AL4y-ALAQ,54,0.7159191699528039,2031
006/061-tact-AL4y-ALAQ,55,0.7541666679196588,2031
006/061-tact-AL4y-ALAQ,56,0.7397358949378173,2031
006/061-tact-AL4y-ALAQ,57,0.7547577800327262,2031
006/061-tact-AL4y-ALAQ,58,0.7316065923097637,2031
006/061-tact-AL4y-ALAQ,59,0.7307856566150748,2031
006/061-tact-AL4y-ALAQ,60,0.7298173368434626,2031
006/061-tact-AL4y-ALAQ,61,0.7533667652784773,2031
006/061-tact-AL4y-ALAQ,62,0.7168596062891558,2031
006/061-tact-AL4y-ALAQ,63,0.7523190103898444,2031
006/061-tact-AL4y-ALAQ,64,0.7438443523769291,2031
006/061-tact-AL4y-ALAQ,65,0.7361624233959475,2031
006/061-tact-AL4y-ALAQ,66,0.7275337598259921,2031
006/061-tact-AL4y-ALAQ,67,0.7307944432642292,2031
006/061-tact-AL4y-ALAQ,68,0.7719693988696595,2031
006/061-tact-AL4y-ALAQ,69,0.7147955457867067,2031
006/061-tact-AL4y-ALAQ,70,0.7461326900223132,2031
006/061-tact-AL4y-ALAQ,71,0.7259518736894203,2031
006/061-tact-AL4y-ALAQ,72,0.7246609663643375,2031
006/061-tact-AL4y-ALAQ,73,0.728244952917405,2031
006/061-tact-AL4y-ALAQ,74,0.7932578454682743,2031
006/061-tact-AL4y-ALAQ,75,0.7454791142599895,2031
006/061-tact-AL4y-ALAQ,76,0.764787812670818,2031
006/061-tact-AL4y-ALAQ,77,0.717830579739941,2031
006/061-tact-AL4y-ALAQ,78,0.7406261602533889,2031
006/061-tact-AL4y-ALAQ,79,0.7370261385224031,2031
006/061-tact-AL4y-ALAQ,80,0.7324918973070483,2031
006/061-tact-AL4y-ALAQ,81,0.7155632721016967,2031
006/061-tact-AL4y-ALAQ,82,0.7676324905932393,2031
006/061-tact-AL4y-ALAQ,83,0.7551073164259613,2031
006/061-tact-AL4y-ALAQ,84,0.7447314146961328,2031
006/061-tact-AL4y-ALAQ,85,0.7376710031983621,2031
006/061-tact-AL4y-ALAQ,86,0.723120298020422,2031
006/061-tact-AL4y-ALAQ,87,0.7677225696988549,2031
006/061-tact-AL4y-ALAQ,88,0.756194423179398,2031
006/061-tact-AL4y-ALAQ,89,0.7333185245665302,2031
006/061-tact-AL4y-ALAQ,90,0.7031824721930401,2031
006/061-tact-AL4y-ALAQ,91,0.7589882882018756,2031
006/061-tact-AL4y-ALAQ,92,0.7327385460816745,2031
006/061-tact-AL4y-ALAQ,93,0.7746985094312476,2031
006/061-tact-AL4y-ALAQ,94,0.7445700108796917,2031
006/061-tact-AL4y-ALAQ,95,0.7513382197036603,2031
006/061-tact-AL4y-ALAQ,96,0.7158994538099607,2031
006/061-tact-AL4y-ALAQ,97,0.773146830832064,2031
006/061-tact-AL4y-ALAQ,98,0.7254202797277127,2031
006/061-tact-AL4y-ALAQ,99,0.7383357329369046,2031
006/062-tact-ASAQ4y-ALAQ,0,0.6534729313089549,2031
006/062-tact-ASAQ4y-ALAQ,1,0.6238239271896773,2031
006/062-tact-ASAQ4y-ALAQ,2,0.6372395232107785,2031
006/062-tact-ASAQ4y-ALAQ,3,0.6579048155649528,2031
006/062-tact-ASAQ4y-ALAQ,4,0.6288534231562021,2031
006/062-tact-ASAQ4y-ALAQ,5,0.6585313973585661,2031
006/062-tact-ASAQ4y-ALAQ,6,0.6382100571995742,2031
006/062-tact-ASAQ4y-ALAQ,7,0.6528776388653603,2031
006/062-tact-ASAQ4y-ALAQ,8,0.6579118277071537,2031
006/062-tact-ASAQ4y-ALAQ,9,0.6354615810119861,2031
006/062-tact-ASAQ4y-ALAQ,10,0.6454824892059188,2031
006/062-tact-ASAQ4y-ALAQ,11,0.6188733158590897,2031
006/062-tact-ASAQ4y-ALAQ,12,0.6487933035173085,2031
006/062-tact-ASAQ4y-ALAQ,13,0.6184064024443903,2031
006/062-tact-ASAQ4y-ALAQ,14,0.6490955105639515,2031
006/062-tact-ASAQ4y-ALAQ,15,0.6152411187019723,2031
006/062-tact-ASAQ4y-ALAQ,16,0.6253827314954397,2031
006/062-tact-ASAQ4y-ALAQ,17,0.6088678157219328,2031
006/062-tact-ASAQ4y-ALAQ,18,0.6820603205724504,2031
006/062-tact-ASAQ4y-ALAQ,19,0.6392301924242251,2031
006/062-tact-ASAQ4y-ALAQ,20,0.6365975128329554,2031
006/062-tact-ASAQ4y-ALAQ,21,0.6366470107715576,2031
006/062-tact-ASAQ4y-ALAQ,22,0.6424264875817198,2031
006/062-tact-ASAQ4y-ALAQ,23,0.6344941871173256,2031
006/062-tact-ASAQ4y-ALAQ,24,0.6336674482620152,2031
006/062-tact-ASAQ4y-ALAQ,25,0.6401918214603183,2031
006/062-tact-ASAQ4y-ALAQ,26,0.6421410194242559,2031
006/062-tact-ASAQ4y-ALAQ,27,0.6506672735691482,2031
006/062-tact-ASAQ4y-ALAQ,28,0.6636741186738331,2031
006/062-tact-ASAQ4y-ALAQ,29,0.6226400067601486,2031
006/062-tact-ASAQ4y-ALAQ,30,0.6311847265707929,2031
006/062-tact-ASAQ4y-ALAQ,31,0.6364173982772289,2031
006/062-tact-ASAQ4y-ALAQ,32,0.6535507192912501,2031
006/062-tact-ASAQ4y-ALAQ,33,0.6286098557578352,2031
006/062-tact-ASAQ4y-ALAQ,34,0.6345000131415658,2031
006/062-tact-ASAQ4y-ALAQ,35,0.620100341339218,2031
006/062-tact-ASAQ4y-ALAQ,36,0.6115439969477279,2031
006/062-tact-ASAQ4y-ALAQ,37,0.6392626328160319,2031
006/062-tact-ASAQ4y-ALAQ,38,0.6242369611338247,2031
006/062-tact-ASAQ4y-ALAQ,39,0.6596902183570273,2031
006/062-tact-ASAQ4y-ALAQ,40,0.6180051668360078,2031
006/062-tact-ASAQ4y-ALAQ,41,0.6235988429645146,2031
006/062-tact-ASAQ4y-ALAQ,42,0.647822929907553,2031
006/062-tact-ASAQ4y-ALAQ,43,0.6368522720316772,2031
006/062-tact-ASAQ4y-ALAQ,44,0.6180191011218384,2031
006/062-tact-ASAQ4y-ALAQ,45,0.6340515698012307,2031
006/062-tact-ASAQ4y-ALAQ,46,0.614449063469798,2031
006/062-tact-ASAQ4y-ALAQ,47,0.6078129126853505,2031
006/062-tact-ASAQ4y-ALAQ,48,0.6120736669974592,2031
006/062-tact-ASAQ4y-ALAQ,49,0.6550360557744042,2031
006/062-tact-ASAQ4y-ALAQ,50,0.6387215041378973,2031
006/062-tact-ASAQ4y-ALAQ,51,0.6378653904102434,2031
006/062-tact-ASAQ4y-ALAQ,52,0.6172307747204396,2031
006/062-tact-ASAQ4y-ALAQ,53,0.6405783502268219,2031
006/062-tact-ASAQ4y-ALAQ,54,0.6255890111891266,2031
006/062-tact-ASAQ4y-ALAQ,55,0.6486615291615508,2031
006/062-tact-ASAQ4y-ALAQ,56,0.664199561358899,2031
006/062-tact-ASAQ4y-ALAQ,57,0.636323849159003,2031
006/062-tact-ASAQ4y-ALAQ,58,0.6486158499474931,2031
006/062-tact-ASAQ4y-ALAQ,59,0.6270548741685588,2031
006/062-tact-ASAQ4y-ALAQ,60,0.6327448691346663,2031
006/062-tact-ASAQ4y-ALAQ,61,0.6208883283528189,2031
006/062-tact-ASAQ4y-ALAQ,62,0.5953885546519851,2031
006/062-tact-ASAQ4y-ALAQ,63,0.6389412819147303,2031
006/062-tact-ASAQ4y-ALAQ,64,0.6155676285728825,2031
006/062-tact-ASAQ4y-ALAQ,65,0.6520082796736235,2031
006/062-tact-ASAQ4y-ALAQ,66,0.6418115606330135,2031
006/062-tact-ASAQ4y-ALAQ,67,0.6405195781693023,2031
006/062-tact-ASAQ4y-ALAQ,68,0.6407553202353345,2031
006/062-tact-ASAQ4y-ALAQ,69,0.6566892562901495,2031
006/062-tact-ASAQ4y-ALAQ,70,0.6194376811678921,2031
006/062-tact-ASAQ4y-ALAQ,71,0.6285004755838712,2031
006/062-tact-ASAQ4y-ALAQ,72,0.6491679217962465,2031
006/062-tact-ASAQ4y-ALAQ,73,0.6323472630634398,2031
006/062-tact-ASAQ4y-ALAQ,74,0.6424359404020671,2031
006/062-tact-ASAQ4y-ALAQ,75,0.6312266236456522,2031
006/062-tact-ASAQ4y-ALAQ,76,0.6430497053305766,2031
006/062-tact-ASAQ4y-ALAQ,77,0.6349112178366362,2031
006/062-tact-ASAQ4y-ALAQ,78,0.6635238574197487,2031
006/062-tact-ASAQ4y-ALAQ,79,0.6360228279116739,2031
006/062-tact-ASAQ4y-ALAQ,80,0.6257014366590078,2031
006/062-tact-ASAQ4y-ALAQ,81,0.6399859004058716,2031
006/062-tact-ASAQ4y-ALAQ,82,0.624796850509469,2031
006/062-tact-ASAQ4y-ALAQ,83,0.6555033826552434,2031
006/062-tact-ASAQ4y-ALAQ,84,0.6407609829057003,2031
006/062-tact-ASAQ4y-ALAQ,85,0.6035781735365965,2031
006/062-tact-ASAQ4y-ALAQ,86,0.6478997361524486,2031
006/062-tact-ASAQ4y-ALAQ,87,0.6704868737605633,2031
006/062-tact-ASAQ4y-ALAQ,88,0.6162273490053394,2031
006/062-tact-ASAQ4y-ALAQ,89,0.6341623529732052,2031
006/062-tact-ASAQ4y-ALAQ,90,0.6299309817245685,2031
006/062-tact-ASAQ4y-ALAQ,91,0.6404212025219547,2031
006/062-tact-ASAQ4y-ALAQ,92,0.6415410544684259,2031
006/062-tact-ASAQ4y-ALAQ,93,0.6350777929197442,2031
006/062-tact-ASAQ4y-ALAQ,94,0.6670876547364419,2031
006/062-tact-ASAQ4y-ALAQ,95,0.6464056193958944,2031
006/062-tact-ASAQ4y-ALAQ,96,0.6366699515357809,2031
006/062-tact-ASAQ4y-ALAQ,97,0.634381134227502,2031
006/062-tact-ASAQ4y-ALAQ,98,0.6480003653280163,2031
006/062-tact-ASAQ4y-ALAQ,99,0.6447655887521085,2031
006/063-tact-DHAPPQ4y-ALAQ,0,0.7180910709138192,2031
006/063-tact-DHAPPQ4y-ALAQ,1,0.6905669614421069,2031
006/063-tact-DHAPPQ4y-ALAQ,2,0.6443956665173506,2031
006/063-tact-DHAPPQ4y-ALAQ,3,0.6720277473125998,2031
006/063-tact-DHAPPQ4y-ALAQ,4,0.6776374592685125,2031
006/063-tact-DHAPPQ4y-ALAQ,5,0.7078366270418511,2031
006/063-tact-DHAPPQ4y-ALAQ,6,0.7030258682230084,2031
006/063-tact-DHAPPQ4y-ALAQ,7,0.6973395205722307,2031
006/063-tact-DHAPPQ4y-ALAQ,8,0.6818342502993214,2031
006/063-tact-DHAPPQ4y-ALAQ,9,0.7172535626108058,2031
006/063-tact-DHAPPQ4y-ALAQ,10,0.7028383909060283,2031
006/063-tact-DHAPPQ4y-ALAQ,11,0.6513008478316322,2031
006/063-tact-DHAPPQ4y-ALAQ,12,0.7085893886658982,2031
006/063-tact-DHAPPQ4y-ALAQ,13,0.6882270595605591,2031
006/063-tact-DHAPPQ4y-ALAQ,14,0.6725225119113795,2031
006/063-tact-DHAPPQ4y-ALAQ,15,0.6735150601197901,2031
006/063-tact-DHAPPQ4y-ALAQ,16,0.7131407915689861,2031
006/063-tact-DHAPPQ4y-ALAQ,17,0.6839862033283713,2031
006/063-tact-DHAPPQ4y-ALAQ,18,0.6931195245958351,2031
006/063-tact-DHAPPQ4y-ALAQ,19,0.6954664558594011,2031
006/063-tact-DHAPPQ4y-ALAQ,20,0.6968078269529947,2031
006/063-tact-DHAPPQ4y-ALAQ,21,0.6883624276080186,2031
006/063-tact-DHAPPQ4y-ALAQ,22,0.7064529616773391,2031
006/063-tact-DHAPPQ4y-ALAQ,23,0.697347738870524,2031
006/063-tact-DHAPPQ4y-ALAQ,24,0.6840833252463702,2031
006/063-tact-DHAPPQ4y-ALAQ,25,0.7057701966511862,2031
006/063-tact-DHAPPQ4y-ALAQ,26,0.6569811818370257,2031
006/063-tact-DHAPPQ4y-ALAQ,27,0.6906195098637619,2031
006/063-tact-DHAPPQ4y-ALAQ,28,0.6544682027626442,2031
006/063-tact-DHAPPQ4y-ALAQ,29,0.7089377401323422,2031
006/063-tact-DHAPPQ4y-ALAQ,30,0.6443256008602206,2031
006/063-tact-DHAPPQ4y-ALAQ,31,0.6674359540241871,2031
006/063-tact-DHAPPQ4y-ALAQ,32,0.7130573591193285,2031
006/063-tact-DHAPPQ4y-ALAQ,33,0.6776738555308649,2031
006/063-tact-DHAPPQ4y-ALAQ,34,0.7020037810572695,2031
006/063-tact-DHAPPQ4y-ALAQ,35,0.7010492960156468,2031
006/063-tact-DHAPPQ4y-ALAQ,36,0.6649461780737425,2031
006/063-tact-DHAPPQ4y-ALAQ,37,0.6911544786669498,2031
006/063-tact-DHAPPQ4y-ALAQ,38,0.6896029800440772,2031
006/063-tact-DHAPPQ4y-ALAQ,39,0.659816188637845,2031
006/063-tact-DHAPPQ4y-ALAQ,40,0.6798629899922682,2031
006/063-tact-DHAPPQ4y-ALAQ,41,0.6829204996118952,2031
006/063-tact-DHAPPQ4y-ALAQ,42,0.6795676009716964,2031
006/063-tact-DHAPPQ4y-ALAQ,43,0.676375594708427,2031
006/063-tact-DHAPPQ4y-ALAQ,44,0.6656745423153068,2031
006/063-tact-DHAPPQ4y-ALAQ,45,0.7139228468566818,2031
006/063-tact-DHAPPQ4y-ALAQ,46,0.7023429891246655,2031
006/063-tact-DHAPPQ4y-ALAQ,47,0.7336135950774382,2031
006/063-tact-DHAPPQ4y-ALAQ,48,0.6801008960645339,2031
006/063-tact-DHAPPQ4y-ALAQ,49,0.7252612763630157,2031
006/063-tact-DHAPPQ4y-ALAQ,50,0.6841872313707226,2031
006/063-tact-DHAPPQ4y-ALAQ,51,0.7063366025455635,2031
006/063-tact-DHAPPQ4y-ALAQ,52,0.6927234078973923,2031
006/063-tact-DHAPPQ4y-ALAQ,53,0.6739603076054806,2031
006/063-tact-DHAPPQ4y-ALAQ,54,0.7042704013683093,2031
006/063-tact-DHAPPQ4y-ALAQ,55,0.6962920759040453,2031
006/063-tact-DHAPPQ4y-ALAQ,56,0.665770267930993,2031
006/063-tact-DHAPPQ4y-ALAQ,57,0.697210266460334,2031
006/063-tact-DHAPPQ4y-ALAQ,58,0.7250964111756418,2031
006/063-tact-DHAPPQ4y-ALAQ,59,0.6849667738431537,2031
006/063-tact-DHAPPQ4y-ALAQ,60,0.6723749681681853,2031
006/063-tact-DHAPPQ4y-ALAQ,61,0.7184942314103934,2031
006/063-tact-DHAPPQ4y-ALAQ,62,0.6838741418032631,2031
006/063-tact-DHAPPQ4y-ALAQ,63,0.7288548684094054,2031
006/063-tact-DHAPPQ4y-ALAQ,64,0.7249432486129438,2031
006/063-tact-DHAPPQ4y-ALAQ,65,0.676697208432576,2031
006/063-tact-DHAPPQ4y-ALAQ,66,0.6849977729891371,2031
006/063-tact-DHAPPQ4y-ALAQ,67,0.6871024209102788,2031
006/063-tact-DHAPPQ4y-ALAQ,68,0.6630068359473248,2031
006/063-tact-DHAPPQ4y-ALAQ,69,0.7202870317086693,2031
006/063-tact-DHAPPQ4y-ALAQ,70,0.6809416779555063,2031
006/063-tact-DHAPPQ4y-ALAQ,71,0.7059316397900512,2031
006/063-tact-DHAPPQ4y-ALAQ,72,0.7055632759331733,2031
006/063-tact-DHAPPQ4y-ALAQ,73,0.6650291265935923,2031
006/063-tact-DHAPPQ4y-ALAQ,74,0.6944873540121935,2031
006/063-tact-DHAPPQ4y-ALAQ,75,0.6932942376778799,2031
006/063-tact-DHAPPQ4y-ALAQ,76,0.6859770081972081,2031
006/063-tact-DHAPPQ4y-ALAQ,77,0.7079168548079787,2031
006/063-tact-DHAPPQ4y-ALAQ,78,0.6916185204205268,2031
006/063-tact-DHAPPQ4y-ALAQ,79,0.6466530987231289,2031
006/063-tact-DHAPPQ4y-ALAQ,80,0.7223823913772459,2031
006/063-tact-DHAPPQ4y-ALAQ,81,0.7024353167230162,2031
006/063-tact-DHAPPQ4y-ALAQ,82,0.7087801999001746,2031
006/063-tact-DHAPPQ4y-ALAQ,83,0.6688011283577388,2031
006/063-tact-DHAPPQ4y-ALAQ,84,0.685503367897286,2031
006/063-tact-DHAPPQ4y-ALAQ,85,0.6709237519205851,2031
006/063-tact-DHAPPQ4y-ALAQ,86,0.6881641208160248,2031
006/063-tact-DHAPPQ4y-ALAQ,87,0.7206490755131272,2031
006/063-tact-DHAPPQ4y-ALAQ,88,0.7043315384686041,2031
006/063-tact-DHAPPQ4y-ALAQ,89,0.6857778556878739,2031
006/063-tact-DHAPPQ4y-ALAQ,90,0.6919028296091593,2031
006/063-tact-DHAPPQ4y-ALAQ,91,0.6852569316769319,2031
006/063-tact-DHAPPQ4y-ALAQ,92,0.7096493443568921,2031
006/063-tact-DHAPPQ4y-ALAQ,93,0.7172189988585914,2031
006/063-tact-DHAPPQ4y-ALAQ,94,0.7047160890655318,2031
006/063-tact-DHAPPQ4y-ALAQ,95,0.700555681985441,2031
006/063-tact-DHAPPQ4y-ALAQ,96,0.6952307623225306,2031
006/063-tact-DHAPPQ4y-ALAQ,97,0.6670262028750992,2031
006/063-tact-DHAPPQ4y-ALAQ,98,0.6938370960225146,2031
006/063-tact-DHAPPQ4y-ALAQ,99,0.6702674884218092,2031
006/064-tact-AL2y-ASAQ2y-ALAQ,0,0.7020527452199824,2031
006/064-tact-AL2y-ASAQ2y-ALAQ,1,0.6782624683548214,2031
006/064-tact-AL2y-ASAQ2y-ALAQ,2,0.6877196427449173,2031
006/064-tact-AL2y-ASAQ2y-ALAQ,3,0.6842669080804655,2031
006/064-tact-AL2y-ASAQ2y-ALAQ,4,0.7262129828284641,2031
006/064-tact-AL2y-ASAQ2y-ALAQ,5,0.7067491314106255,2031
006/064-tact-AL2y-ASAQ2y-ALAQ,6,0.6969512396079091,2031
006/064-tact-AL2y-ASAQ2y-ALAQ,7,0.6837977185816358,2031
006/064-tact-AL2y-ASAQ2y-ALAQ,8,0.6902599573180862,2031
006/064-tact-AL2y-ASAQ2y-ALAQ,9,0.7155656686704539,2031
006/064-tact-AL2y-ASAQ2y-ALAQ,10,0.7091936537479938,2031
006/064-tact-AL2y-ASAQ2y-ALAQ,11,0.6496492839960032,2031
006/064-tact-AL2y-ASAQ2y-ALAQ,12,0.7031356457358188,2031
006/064-tact-AL2y-ASAQ2y-ALAQ,13,0.6752289050713373,2031
006/064-tact-AL2y-ASAQ2y-ALAQ,14,0.7105901386053297,2031
006/064-tact-AL2y-ASAQ2y-ALAQ,15,0.713318054075195,2031
006/064-tact-AL2y-ASAQ2y-ALAQ,16,0.6895316006458837,2031
006/064-tact-AL2y-ASAQ2y-ALAQ,17,0.7073673476620054,2031
006/064-tact-AL2y-ASAQ2y-ALAQ,18,0.6780870255980921,2031
006/064-tact-AL2y-ASAQ2y-ALAQ,19,0.6887029801763312,2031
006/064-tact-AL2y-ASAQ2y-ALAQ,20,0.7054431903175011,2031
006/064-tact-AL2y-ASAQ2y-ALAQ,21,0.7059218765935413,2031
006/064-tact-AL2y-ASAQ2y-ALAQ,22,0.6961081586110157,2031
006/064-tact-AL2y-ASAQ2y-ALAQ,23,0.6795131356791216,2031
006/064-tact-AL2y-ASAQ2y-ALAQ,24,0.6966534916304452,2031
006/064-tact-AL2y-ASAQ2y-ALAQ,25,0.6906942802030206,2031
006/064-tact-AL2y-ASAQ2y-ALAQ,26,0.7079013398188915,2031
006/064-tact-AL2y-ASAQ2y-ALAQ,27,0.7020301513944381,2031
006/064-tact-AL2y-ASAQ2y-ALAQ,28,0.6974005795125588,2031
006/064-tact-AL2y-ASAQ2y-ALAQ,29,0.6651344169693288,2031
006/064-tact-AL2y-ASAQ2y-ALAQ,30,0.6933491518549536,2031
006/064-tact-AL2y-ASAQ2y-ALAQ,31,0.6965554232087058,2031
006/064-tact-AL2y-ASAQ2y-ALAQ,32,0.7050367065512243,2031
006/064-tact-AL2y-ASAQ2y-ALAQ,33,0.6816397582268406,2031
006/064-tact-AL2y-ASAQ2y-ALAQ,34,0.6718906057775245,2031
006/064-tact-AL2y-ASAQ2y-ALAQ,35,0.6898761749943806,2031
006/064-tact-AL2y-ASAQ2y-ALAQ,36,0.6748172166675693,2031
006/064-tact-AL2y-ASAQ2y-ALAQ,37,0.708270077938709,2031
006/064-tact-AL2y-ASAQ2y-ALAQ,38,0.6635326384522006,2031
006/064-tact-AL2y-ASAQ2y-ALAQ,39,0.7036882278148688,2031
006/064-tact-AL2y-ASAQ2y-ALAQ,40,0.7100037359873408,2031
006/064-tact-AL2y-ASAQ2y-ALAQ,41,0.6749861094849363,2031
006/064-tact-AL2y-ASAQ2y-ALAQ,42,0.6927618749036094,2031
006/064-tact-AL2y-ASAQ2y-ALAQ,43,0.6680673427994251,2031
006/064-tact-AL2y-ASAQ2y-ALAQ,44,0.7111791613964779,2031
006/064-tact-AL2y-ASAQ2y-ALAQ,45,0.6614325027533347,2031
006/064-tact-AL2y-ASAQ2y-ALAQ,46,0.6744033891612581,2031
006/064-tact-AL2y-ASAQ2y-ALAQ,47,0.6608538714327382,2031
006/064-tact-AL2y-ASAQ2y-ALAQ,48,0.6690119862218484,2031
006/064-tact-AL2y-ASAQ2y-ALAQ,49,0.6841361035814725,2031
006/064-tact-AL2y-ASAQ2y-ALAQ,50,0.7018289186569885,2031
006/064-tact-AL2y-ASAQ2y-ALAQ,51,0.7102073885577935,2031
006/064-tact-AL2y-ASAQ2y-ALAQ,52,0.6668668074202139,2031
006/064-tact-AL2y-ASAQ2y-ALAQ,53,0.7083049675291108,2031
006/064-tact-AL2y-ASAQ2y-ALAQ,54,0.6840549430123821,2031
006/064-tact-AL2y-ASAQ2y-ALAQ,55,0.6827591234125853,2031
006/064-tact-AL2y-ASAQ2y-ALAQ,56,0.7158162347199589,2031
006/064-tact-AL2y-ASAQ2y-ALAQ,57,0.6695197949234087,2031
006/064-tact-AL2y-ASAQ2y-ALAQ,58,0.6888643714021047,2031
006/064-tact-AL2y-ASAQ2y-ALAQ,59,0.6606012772170865,2031
006/064-tact-AL2y-ASAQ2y-ALAQ,60,0.7105895790953466,2031
006/064-tact-AL2y-ASAQ2y-ALAQ,61,0.6724907259158631,2031
006/064-tact-AL2y-ASAQ2y-ALAQ,62,0.6988826702588488,2031
006/064-tact-AL2y-ASAQ2y-ALAQ,63,0.6943010472091277,2031
006/064-tact-AL2y-ASAQ2y-ALAQ,64,0.6955831770836354,2031
006/064-tact-AL2y-ASAQ2y-ALAQ,65,0.6966134081854026,2031
006/064-tact-AL2y-ASAQ2y-ALAQ,66,0.6995378907686512,2031
006/064-tact-AL2y-ASAQ2y-ALAQ,67,0.7089381016868007,2031
006/064-tact-AL2y-ASAQ2y-ALAQ,68,0.6737372043848677,2031
006/064-tact-AL2y-ASAQ2y-ALAQ,69,0.6684718378615327,2031
006/064-tact-AL2y-ASAQ2y-ALAQ,70,0.65327763027219,2031
006/064-tact-AL2y-ASAQ2y-ALAQ,71,0.6719773768355904,2031
006/064-tact-AL2y-ASAQ2y-ALAQ,72,0.6942303810103981,2031
006/064-tact-AL2y-ASAQ2y-ALAQ,73,0.6937365417066609,2031
006/064-tact-AL2y-ASAQ2y-ALAQ,74,0.6896413898388011,2031
006/064-tact-AL2y-ASAQ2y-ALAQ,75,0.6640788819577667,2031
006/064-tact-AL2y-ASAQ2y-ALAQ,76,0.7026917174612043,2031
006/064-tact-AL2y-ASAQ2y-ALAQ,77,0.6910829909181535,2031
006/064-tact-AL2y-ASAQ2y-ALAQ,78,0.6493355882782987,2031
006/064-tact-AL2y-ASAQ2y-ALAQ,79,0.6840602379183656,2031
006/064-tact-AL2y-ASAQ2y-ALAQ,80,0.7021839529506125,2031
006/064-tact-AL2y-ASAQ2y-ALAQ,81,0.6533016686216342,2031
006/064-tact-AL2y-ASAQ2y-ALAQ,82,0.7175043294896853,2031
006/064-tact-AL2y-ASAQ2y-ALAQ,83,0.6757470499538645,2031
006/064-tact-AL2y-ASAQ2y-ALAQ,84,0.6800942605653387,2031
006/064-tact-AL2y-ASAQ2y-ALAQ,85,0.6899948049833542,2031
006/064-tact-AL2y-ASAQ2y-ALAQ,86,0.6824277527495214,2031
006/064-tact-AL2y-ASAQ2y-ALAQ,87,0.657789254011864,2031
006/064-tact-AL2y-ASAQ2y-ALAQ,88,0.6534404136679838,2031
006/064-tact-AL2y-ASAQ2y-ALAQ,89,0.7214066035449934,2031
006/064-tact-AL2y-ASAQ2y-ALAQ,90,0.6801640210116152,2031
006/064-tact-AL2y-ASAQ2y-ALAQ,91,0.6873540275669492,2031
006/064-tact-AL2y-ASAQ2y-ALAQ,92,0.6966156168260063,2031
006/064-tact-AL2y-ASAQ2y-ALAQ,93,0.6523575405764639,2031
006/064-tact-AL2y-ASAQ2y-ALAQ,94,0.6770966301435132,2031
006/064-tact-AL2y-ASAQ2y-ALAQ,95,0.6717852360515386,2031
006/064-tact-AL2y-ASAQ2y-ALAQ,96,0.6947049205008248,2031
006/064-tact-AL2y-ASAQ2y-ALAQ,97,0.6787100129319895,2031
006/064-tact-AL2y-ASAQ2y-ALAQ,98,0.6830628902831322,2031
006/064-tact-AL2y-ASAQ2y-ALAQ,99,0.6914058099351901,2031
006/065-tact-AL2y-DHAPPQ2y-ALAQ,0,0.7016859312387448,2031
006/065-tact-AL2y-DHAPPQ2y-ALAQ,1,0.6616634760180758,2031
006/065-tact-AL2y-DHAPPQ2y-ALAQ,2,0.7040881305214608,2031
006/065-tact-AL2y-DHAPPQ2y-ALAQ,3,0.6850419576708525,2031
006/065-tact-AL2y-DHAPPQ2y-ALAQ,4,0.6905156026883622,2031
006/065-tact-AL2y-DHAPPQ2y-ALAQ,5,0.6744943635695816,2031
006/065-tact-AL2y-DHAPPQ2y-ALAQ,6,0.7344243320856809,2031
006/065-tact-AL2y-DHAPPQ2y-ALAQ,7,0.6977289811868093,2031
006/065-tact-AL2y-DHAPPQ2y-ALAQ,8,0.6706738593500345,2031
006/065-tact-AL2y-DHAPPQ2y-ALAQ,9,0.7252904032680169,2031
006/065-tact-AL2y-DHAPPQ2y-ALAQ,10,0.7007460051177467,2031
006/065-tact-AL2y-DHAPPQ2y-ALAQ,11,0.6914313711469431,2031
006/065-tact-AL2y-DHAPPQ2y-ALAQ,12,0.713529941115747,2031
006/065-tact-AL2y-DHAPPQ2y-ALAQ,13,0.6991369607883727,2031
006/065-tact-AL2y-DHAPPQ2y-ALAQ,14,0.6407953444572564,2031
006/065-tact-AL2y-DHAPPQ2y-ALAQ,15,0.6967364133181394,2031
006/065-tact-AL2y-DHAPPQ2y-ALAQ,16,0.6749248519780324,2031
006/065-tact-AL2y-DHAPPQ2y-ALAQ,17,0.7069921108110381,2031
006/065-tact-AL2y-DHAPPQ2y-ALAQ,18,0.7174936228545196,2031
006/065-tact-AL2y-DHAPPQ2y-ALAQ,19,0.6956497161231362,2031
006/065-tact-AL2y-DHAPPQ2y-ALAQ,20,0.7237519607657412,2031
006/065-tact-AL2y-DHAPPQ2y-ALAQ,21,0.7179449319354835,2031
006/065-tact-AL2y-DHAPPQ2y-ALAQ,22,0.7001625194286487,2031
006/065-tact-AL2y-DHAPPQ2y-ALAQ,23,0.7146735182856815,2031
006/065-tact-AL2y-DHAPPQ2y-ALAQ,24,0.6730910107830744,2031
006/065-tact-AL2y-DHAPPQ2y-ALAQ,25,0.7349958911177651,2031
006/065-tact-AL2y-DHAPPQ2y-ALAQ,26,0.6873423667689416,2031
006/065-tact-AL2y-DHAPPQ2y-ALAQ,27,0.7042929835778432,2031
006/065-tact-AL2y-DHAPPQ2y-ALAQ,28,0.7036788210259176,2031
006/065-tact-AL2y-DHAPPQ2y-ALAQ,29,0.7011196513631736,2031
006/065-tact-AL2y-DHAPPQ2y-ALAQ,30,0.7106887405097556,2031
006/065-tact-AL2y-DHAPPQ2y-ALAQ,31,0.7120270294034495,2031
006/065-tact-AL2y-DHAPPQ2y-ALAQ,32,0.6877213015249879,2031
006/065-tact-AL2y-DHAPPQ2y-ALAQ,33,0.7146889618837955,2031
006/065-tact-AL2y-DHAPPQ2y-ALAQ,34,0.6916865176186006,2031
006/065-tact-AL2y-DHAPPQ2y-ALAQ,35,0.6931624058488578,2031
006/065-tact-AL2y-DHAPPQ2y-ALAQ,36,0.7245812371618525,2031
006/065-tact-AL2y-DHAPPQ2y-ALAQ,37,0.6957788731918254,2031
006/065-tact-AL2y-DHAPPQ2y-ALAQ,38,0.6833781899017931,2031
006/065-tact-AL2y-DHAPPQ2y-ALAQ,39,0.6921414901508353,2031
006/065-tact-AL2y-DHAPPQ2y-ALAQ,40,0.6690062822861219,2031
006/065-tact-AL2y-DHAPPQ2y-ALAQ,41,0.7322800915705763,2031
006/065-tact-AL2y-DHAPPQ2y-ALAQ,42,0.6584126187297802,2031
006/065-tact-AL2y-DHAPPQ2y-ALAQ,43,0.6787929477390189,2031
006/065-tact-AL2y-DHAPPQ2y-ALAQ,44,0.7104750874217879,2031
006/065-tact-AL2y-DHAPPQ2y-ALAQ,45,0.6900532422883913,2031
006/065-tact-AL2y-DHAPPQ2y-ALAQ,46,0.6917455234750044,2031
006/065-tact-AL2y-DHAPPQ2y-ALAQ,47,0.7057075100926244,2031
006/065-tact-AL2y-DHAPPQ2y-ALAQ,48,0.6962715740162095,2031
006/065-tact-AL2y-DHAPPQ2y-ALAQ,49,0.6932764824407885,2031
006/065-tact-AL2y-DHAPPQ2y-ALAQ,50,0.6886190343463535,2031
006/065-tact-AL2y-DHAPPQ2y-ALAQ,51,0.7173707557377086,2031
006/065-tact-AL2y-DHAPPQ2y-ALAQ,52,0.707911438221685,2031
006/065-tact-AL2y-DHAPPQ2y-ALAQ,53,0.6811717929351432,2031
006/065-tact-AL2y-DHAPPQ2y-ALAQ,54,0.693489552001645,2031
006/065-tact-AL2y-DHAPPQ2y-ALAQ,55,0.7096816481018681,2031
006/065-tact-AL2y-DHAPPQ2y-ALAQ,56,0.7073285758100648,2031
006/065-tact-AL2y-DHAPPQ2y-ALAQ,57,0.682953698183178,2031
006/065-tact-AL2y-DHAPPQ2y-ALAQ,58,0.6749126738152746,2031
006/065-tact-AL2y-DHAPPQ2y-ALAQ,59,0.7030263693151643,2031
006/065-tact-AL2y-DHAPPQ2y-ALAQ,60,0.7191212267783565,2031
006/065-tact-AL2y-DHAPPQ2y-ALAQ,61,0.6910601482265496,2031
006/065-tact-AL2y-DHAPPQ2y-ALAQ,62,0.6844150103981347,2031
006/065-tact-AL2y-DHAPPQ2y-ALAQ,63,0.6852175669734,2031
006/065-tact-AL2y-DHAPPQ2y-ALAQ,64,0.6933129315896532,2031
006/065-tact-AL2y-DHAPPQ2y-ALAQ,65,0.7025563389766223,2031
006/065-tact-AL2y-DHAPPQ2y-ALAQ,66,0.6715689143361275,2031
006/065-tact-AL2y-DHAPPQ2y-ALAQ,67,0.6692316198038385,2031
006/065-tact-AL2y-DHAPPQ2y-ALAQ,68,0.7384229809715649,2031
006/065-tact-AL2y-DHAPPQ2y-ALAQ,69,0.6749462542759969,2031
006/065-tact-AL2y-DHAPPQ2y-ALAQ,70,0.702139211612817,2031
006/065-tact-AL2y-DHAPPQ2y-ALAQ,71,0.6928493644226439,2031
006/065-tact-AL2y-DHAPPQ2y-ALAQ,72,0.6982653163473308,2031
006/065-tact-AL2y-DHAPPQ2y-ALAQ,73,0.70464674142131,2031
006/065-tact-AL2y-DHAPPQ2y-ALAQ,74,0.7200734057399277,2031
006/065-tact-AL2y-DHAPPQ2y-ALAQ,75,0.7206377966065817,2031
006/065-tact-AL2y-DHAPPQ2y-ALAQ,76,0.6865840394257311,2031
006/065-tact-AL2y-DHAPPQ2y-ALAQ,77,0.7121116257347214,2031
006/065-tact-AL2y-DHAPPQ2y-ALAQ,78,0.6781994227227788,2031
006/065-tact-AL2y-DHAPPQ2y-ALAQ,79,0.7086528644962421,2031
006/065-tact-AL2y-DHAPPQ2y-ALAQ,80,0.7249875446107668,2031
006/065-tact-AL2y-DHAPPQ2y-ALAQ,81,0.6873218391029025,2031
006/065-tact-AL2y-DHAPPQ2y-ALAQ,82,0.6823451923477496,2031
006/065-tact-AL2y-DHAPPQ2y-ALAQ,83,0.6812565921892718,2031
006/065-tact-AL2y-DHAPPQ2y-ALAQ,84,0.7023169239235448,2031
006/065-tact-AL2y-DHAPPQ2y-ALAQ,85,0.6926348189519359,2031
006/065-tact-AL2y-DHAPPQ2y-ALAQ,86,0.7009080873632745,2031
006/065-tact-AL2y-DHAPPQ2y-ALAQ,87,0.6574483950373541,2031
006/065-tact-AL2y-DHAPPQ2y-ALAQ,88,0.7030053958324572,2031
006/065-tact-AL2y-DHAPPQ2y-ALAQ,89,0.7382390636554946,2031
006/065-tact-AL2y-DHAPPQ2y-ALAQ,90,0.6895302565258269,2031
006/065-tact-AL2y-DHAPPQ2y-ALAQ,91,0.700627572058676,2031
006/065-tact-AL2y-DHAPPQ2y-ALAQ,92,0.6752737126823546,2031
006/065-tact-AL2y-DHAPPQ2y-ALAQ,93,0.6815711284055298,2031
006/065-tact-AL2y-DHAPPQ2y-ALAQ,94,0.7301133817657842,2031
006/065-tact-AL2y-DHAPPQ2y-ALAQ,95,0.6892668953393879,2031
006/065-tact-AL2y-DHAPPQ2y-ALAQ,96,0.681859599766531,2031
006/065-tact-AL2y-DHAPPQ2y-ALAQ,97,0.7144202036460371,2031
006/065-tact-AL2y-DHAPPQ2y-ALAQ,98,0.7224648784666091,2031
006/065-tact-AL2y-DHAPPQ2y-ALAQ,99,0.6916691079494002,2031
006/066-tact-ASAQ2y-AL2y-ALAQ,0,0.6706521145837451,2031
006/066-tact-ASAQ2y-AL2y-ALAQ,1,0.6834063088290393,2031
006/066-tact-ASAQ2y-AL2y-ALAQ,2,0.6976665263673115,2031
006/066-tact-ASAQ2y-AL2y-ALAQ,3,0.6899109831372328,2031
006/066-tact-ASAQ2y-AL2y-ALAQ,4,0.6796259661259584,2031
006/066-tact-ASAQ2y-AL2y-ALAQ,5,0.7010884173131555,2031
006/066-tact-ASAQ2y-AL2y-ALAQ,6,0.7186371940689962,2031
006/066-tact-ASAQ2y-AL2y-ALAQ,7,0.6826332828343252,2031
006/066-tact-ASAQ2y-AL2y-ALAQ,8,0.6999563376805643,2031
006/066-tact-ASAQ2y-AL2y-ALAQ,9,0.7222709005918152,2031
006/066-tact-ASAQ2y-AL2y-ALAQ,10,0.7035078687269514,2031
006/066-tact-ASAQ2y-AL2y-ALAQ,11,0.6982521783357326,2031
006/066-tact-ASAQ2y-AL2y-ALAQ,12,0.6922474713178005,2031
006/066-tact-ASAQ2y-AL2y-ALAQ,13,0.6943125177338049,2031
006/066-tact-ASAQ2y-AL2y-ALAQ,14,0.7009556970696483,2031
006/066-tact-ASAQ2y-AL2y-ALAQ,15,0.6913601053001169,2031
006/066-tact-ASAQ2y-AL2y-ALAQ,16,0.669683035885552,2031
006/066-tact-ASAQ2y-AL2y-ALAQ,17,0.6471816991509809,2031
006/066-tact-ASAQ2y-AL2y-ALAQ,18,0.6982744811917213,2031
006/066-tact-ASAQ2y-AL2y-ALAQ,19,0.6898908152740056,2031
006/066-tact-ASAQ2y-AL2y-ALAQ,20,0.6706367839936708,2031
006/066-tact-ASAQ2y-AL2y-ALAQ,21,0.6756424858409423,2031
006/066-tact-ASAQ2y-AL2y-ALAQ,22,0.6941033968724931,2031
006/066-tact-ASAQ2y-AL2y-ALAQ,23,0.6848012791933865,2031
006/066-tact-ASAQ2y-AL2y-ALAQ,24,0.6953185817414193,2031
006/066-tact-ASAQ2y-AL2y-ALAQ,25,0.7067090584797101,2031
006/066-tact-ASAQ2y-AL2y-ALAQ,26,0.6754930226719346,2031
006/066-tact-ASAQ2y-AL2y-ALAQ,27,0.6902209260595861,2031
006/066-tact-ASAQ2y-AL2y-ALAQ,28,0.6620806688036259,2031
006/066-tact-ASAQ2y-AL2y-ALAQ,29,0.6584031054853914,2031
006/066-tact-ASAQ2y-AL2y-ALAQ,30,0.6949582205116789,2031
006/066-tact-ASAQ2y-AL2y-ALAQ,31,0.7135451520947643,2031
006/066-tact-ASAQ2y-AL2y-ALAQ,32,0.7050445456482576,2031
006/066-tact-ASAQ2y-AL2y-ALAQ,33,0.6538261578511942,2031
006/066-tact-ASAQ2y-AL2y-ALAQ,34,0.6797983535587937,2031
006/066-tact-ASAQ2y-AL2y-ALAQ,35,0.6918887251410094,2031
006/066-tact-ASAQ2y-AL2y-ALAQ,36,0.6922106680968819,2031
006/066-tact-ASAQ2y-AL2y-ALAQ,37,0.6959888565551307,2031
006/066-tact-ASAQ2y-AL2y-ALAQ,38,0.6635470391441295,2031
006/066-tact-ASAQ2y-AL2y-ALAQ,39,0.6926582562329933,2031
006/066-tact-ASAQ2y-AL2y-ALAQ,40,0.7176317948561257,2031
006/066-tact-ASAQ2y-AL2y-ALAQ,41,0.6652752965822691,2031
006/066-tact-ASAQ2y-AL2y-ALAQ,42,0.6575898490142736,2031
006/066-tact-ASAQ2y-AL2y-ALAQ,43,0.6829115858887803,2031
006/066-tact-ASAQ2y-AL2y-ALAQ,44,0.6701707885367356,2031
006/066-tact-ASAQ2y-AL2y-ALAQ,45,0.712384106579186,2031
006/066-tact-ASAQ2y-AL2y-ALAQ,46,0.6783408455394703,2031
006/066-tact-ASAQ2y-AL2y-ALAQ,47,0.662732057840078,2031
006/066-tact-ASAQ2y-AL2y-ALAQ,48,0.6808548166672762,2031
006/066-tact-ASAQ2y-AL2y-ALAQ,49,0.6794768930293685,2031
006/066-tact-ASAQ2y-AL2y-ALAQ,50,0.6956165789968499,2031
006/066-tact-ASAQ2y-AL2y-ALAQ,51,0.7101095780295349,2031
006/066-tact-ASAQ2y-AL2y-ALAQ,52,0.6854404916554357,2031
006/066-tact-ASAQ2y-AL2y-ALAQ,53,0.6632376920586077,2031
006/066-tact-ASAQ2y-AL2y-ALAQ,54,0.7218023520927023,2031
006/066-tact-ASAQ2y-AL2y-ALAQ,55,0.7181041376302161,2031
006/066-tact-ASAQ2y-AL2y-ALAQ,56,0.6769383663806966,2031
006/066-tact-ASAQ2y-AL2y-ALAQ,57,0.705750305352686,2031
006/066-tact-ASAQ2y-AL2y-ALAQ,58,0.6916257727553723,2031
006/066-tact-ASAQ2y-AL2y-ALAQ,59,0.6859384053841318,2031
006/066-tact-ASAQ2y-AL2y-ALAQ,60,0.6902345642146503,2031
006/066-tact-ASAQ2y-AL2y-ALAQ,61,0.7002663518991179,2031
006/066-tact-ASAQ2y-AL2y-ALAQ,62,0.6752522563889056,2031
006/066-tact-ASAQ2y-AL2y-ALAQ,63,0.6912104304739967,2031
006/066-tact-ASAQ2y-AL2y-ALAQ,64,0.6982206024224599,2031
006/066-tact-ASAQ2y-AL2y-ALAQ,65,0.6900694927057014,2031
006/066-tact-ASAQ2y-AL2y-ALAQ,66,0.6845820583457306,2031
006/066-tact-ASAQ2y-AL2y-ALAQ,67,0.6677530961535466,2031
006/066-tact-ASAQ2y-AL2y-ALAQ,68,0.6729628061204944,2031
006/066-tact-ASAQ2y-AL2y-ALAQ,69,0.654495963931059,2031
006/066-tact-ASAQ2y-AL2y-ALAQ,70,0.6625251815639742,2031
006/066-tact-ASAQ2y-AL2y-ALAQ,71,0.6952369956533097,2031
006/066-tact-ASAQ2y-AL2y-ALAQ,72,0.6991760396365126,2031
006/066-tact-ASAQ2y-AL2y-ALAQ,73,0.7045905867481475,2031
006/066-tact-ASAQ2y-AL2y-ALAQ,74,0.6700274105510213,2031
006/066-tact-ASAQ2y-AL2y-ALAQ,75,0.7070669188522536,2031
006/066-tact-ASAQ2y-AL2y-ALAQ,76,0.6732542765372541,2031
006/066-tact-ASAQ2y-AL2y-ALAQ,77,0.6932163879162062,2031
006/066-tact-ASAQ2y-AL2y-ALAQ,78,0.671723197254387,2031
006/066-tact-ASAQ2y-AL2y-ALAQ,79,0.6750355392966938,2031
006/066-tact-ASAQ2y-AL2y-ALAQ,80,0.7003164856856136,2031
006/066-tact-ASAQ2y-AL2y-ALAQ,81,0.669331091103882,2031
006/066-tact-ASAQ2y-AL2y-ALAQ,82,0.7126045008734027,2031
006/066-tact-ASAQ2y-AL2y-ALAQ,83,0.6855726610601932,2031
006/066-tact-ASAQ2y-AL2y-ALAQ,84,0.6991397981276805,2031
006/066-tact-ASAQ2y-AL2y-ALAQ,85,0.6943491868459398,2031
006/066-tact-ASAQ2y-AL2y-ALAQ,86,0.7114697705310565,2031
006/066-tact-ASAQ2y-AL2y-ALAQ,87,0.708507153589183,2031
006/066-tact-ASAQ2y-AL2y-ALAQ,88,0.6791273218682473,2031
006/066-tact-ASAQ2y-AL2y-ALAQ,89,0.6962826338625224,2031
006/066-tact-ASAQ2y-AL2y-ALAQ,90,0.6826944306748474,2031
006/066-tact-ASAQ2y-AL2y-ALAQ,91,0.6776494712321545,2031
006/066-tact-ASAQ2y-AL2y-ALAQ,92,0.6535738393481757,2031
006/066-tact-ASAQ2y-AL2y-ALAQ,93,0.6735159260307816,2031
006/066-tact-ASAQ2y-AL2y-ALAQ,94,0.6670971000242615,2031
006/066-tact-ASAQ2y-AL2y-ALAQ,95,0.7125348626505743,2031
006/066-tact-ASAQ2y-AL2y-ALAQ,96,0.6987639925829483,2031
006/066-tact-ASAQ2y-AL2y-ALAQ,97,0.6721420117277015,2031
006/066-tact-ASAQ2y-AL2y-ALAQ,98,0.6866828200738869,2031
006/066-tact-ASAQ2y-AL2y-ALAQ,99,0.692167194884988,2031
006/067-tact-ASAQ2y-DHAPPQ2y-ALAQ,0,0.6536181524080421,2031
006/067-tact-ASAQ2y-DHAPPQ2y-ALAQ,1,0.6343119367707192,2031
006/067-tact-ASAQ2y-DHAPPQ2y-ALAQ,2,0.6367137076508044,2031
006/067-tact-ASAQ2y-DHAPPQ2y-ALAQ,3,0.6460704042331986,2031
006/067-tact-ASAQ2y-DHAPPQ2y-ALAQ,4,0.7048519886857151,2031
006/067-tact-ASAQ2y-DHAPPQ2y-ALAQ,5,0.6372346933726102,2031
006/067-tact-ASAQ2y-DHAPPQ2y-ALAQ,6,0.6131949007114863,2031
006/067-tact-ASAQ2y-DHAPPQ2y-ALAQ,7,0.6663664667608292,2031
006/067-tact-ASAQ2y-DHAPPQ2y-ALAQ,8,0.6600996003791978,2031
006/067-tact-ASAQ2y-DHAPPQ2y-ALAQ,9,0.6487980931845246,2031
006/067-tact-ASAQ2y-DHAPPQ2y-ALAQ,10,0.6464477269875528,2031
006/067-tact-ASAQ2y-DHAPPQ2y-ALAQ,11,0.6662226601410474,2031
006/067-tact-ASAQ2y-DHAPPQ2y-ALAQ,12,0.6577286323085899,2031
006/067-tact-ASAQ2y-DHAPPQ2y-ALAQ,13,0.6748238815444038,2031
006/067-tact-ASAQ2y-DHAPPQ2y-ALAQ,14,0.6707569133542708,2031
006/067-tact-ASAQ2y-DHAPPQ2y-ALAQ,15,0.6351583921359224,2031
006/067-tact-ASAQ2y-DHAPPQ2y-ALAQ,16,0.6313664122313072,2031
006/067-tact-ASAQ2y-DHAPPQ2y-ALAQ,17,0.6466887446670317,2031
006/067-tact-ASAQ2y-DHAPPQ2y-ALAQ,18,0.6505845571311467,2031
006/067-tact-ASAQ2y-DHAPPQ2y-ALAQ,19,0.6728445983123862,2031
006/067-tact-ASAQ2y-DHAPPQ2y-ALAQ,20,0.6510057446280852,2031
006/067-tact-ASAQ2y-DHAPPQ2y-ALAQ,21,0.6382526720032445,2031
006/067-tact-ASAQ2y-DHAPPQ2y-ALAQ,22,0.6698944654659359,2031
006/067-tact-ASAQ2y-DHAPPQ2y-ALAQ,23,0.6575804549042441,2031
006/067-tact-ASAQ2y-DHAPPQ2y-ALAQ,24,0.6322472824109039,2031
006/067-tact-ASAQ2y-DHAPPQ2y-ALAQ,25,0.6137002114727945,2031
006/067-tact-ASAQ2y-DHAPPQ2y-ALAQ,26,0.6653148228347027,2031
006/067-tact-ASAQ2y-DHAPPQ2y-ALAQ,27,0.6772375111371128,2031
006/067-tact-ASAQ2y-DHAPPQ2y-ALAQ,28,0.6668481845213451,2031
006/067-tact-ASAQ2y-DHAPPQ2y-ALAQ,29,0.6915906087858238,2031
006/067-tact-ASAQ2y-DHAPPQ2y-ALAQ,30,0.6430534648260114,2031
006/067-tact-ASAQ2y-DHAPPQ2y-ALAQ,31,0.65066975052194,2031
006/067-tact-ASAQ2y-DHAPPQ2y-ALAQ,32,0.6264581983730713,2031
006/067-tact-ASAQ2y-DHAPPQ2y-ALAQ,33,0.6592387933737,2031
006/067-tact-ASAQ2y-DHAPPQ2y-ALAQ,34,0.6561984030235386,2031
006/067-tact-ASAQ2y-DHAPPQ2y-ALAQ,35,0.6267092405320756,2031
006/067-tact-ASAQ2y-DHAPPQ2y-ALAQ,36,0.6519580192208876,2031
006/067-tact-ASAQ2y-DHAPPQ2y-ALAQ,37,0.6351419892587655,2031
006/067-tact-ASAQ2y-DHAPPQ2y-ALAQ,38,0.6347293885261838,2031
006/067-tact-ASAQ2y-DHAPPQ2y-ALAQ,39,0.6459544044893382,2031
006/067-tact-ASAQ2y-DHAPPQ2y-ALAQ,40,0.6460922491109675,2031
006/067-tact-ASAQ2y-DHAPPQ2y-ALAQ,41,0.6562885832352227,2031
006/067-tact-ASAQ2y-DHAPPQ2y-ALAQ,42,0.6428856611220545,2031
006/067-tact-ASAQ2y-DHAPPQ2y-ALAQ,43,0.6672761169391198,2031
006/067-tact-ASAQ2y-DHAPPQ2y-ALAQ,44,0.6352024617150029,2031
006/067-tact-ASAQ2y-DHAPPQ2y-ALAQ,45,0.6311285706883242,2031
006/067-tact-ASAQ2y-DHAPPQ2y-ALAQ,46,0.6592955163883772,2031
006/067-tact-ASAQ2y-DHAPPQ2y-ALAQ,47,0.6358238547260724,2031
006/067-tact-ASAQ2y-DHAPPQ2y-ALAQ,48,0.6399285638924027,2031
006/067-tact-ASAQ2y-DHAPPQ2y-ALAQ,49,0.6278911430352551,2031
006/067-tact-ASAQ2y-DHAPPQ2y-ALAQ,50,0.6174649195562478,2031
006/067-tact-ASAQ2y-DHAPPQ2y-ALAQ,51,0.6504103658439121,2031
006/067-tact-ASAQ2y-DHAPPQ2y-ALAQ,52,0.6512337691273427,2031
006/067-tact-ASAQ2y-DHAPPQ2y-ALAQ,53,0.6454963098989596,2031
006/067-tact-ASAQ2y-DHAPPQ2y-ALAQ,54,0.608736482640578,2031
006/067-tact-ASAQ2y-DHAPPQ2y-ALAQ,55,0.6512865716223039,2031
006/067-tact-ASAQ2y-DHAPPQ2y-ALAQ,56,0.636752362638843,2031
006/067-tact-ASAQ2y-DHAPPQ2y-ALAQ,57,0.6447854381549946,2031
006/067-tact-ASAQ2y-DHAPPQ2y-ALAQ,58,0.6771813973222,2031
006/067-tact-ASAQ2y-DHAPPQ2y-ALAQ,59,0.6480811797876042,2031
006/067-tact-ASAQ2y-DHAPPQ2y-ALAQ,60,0.645064608991269,2031
006/067-tact-ASAQ2y-DHAPPQ2y-ALAQ,61,0.6201881443734365,2031
006/067-tact-ASAQ2y-DHAPPQ2y-ALAQ,62,0.6719010551803716,2031
006/067-tact-ASAQ2y-DHAPPQ2y-ALAQ,63,0.6377096571252231,2031
006/067-tact-ASAQ2y-DHAPPQ2y-ALAQ,64,0.6417544696825727,2031
006/067-tact-ASAQ2y-DHAPPQ2y-ALAQ,65,0.6414709082010435,2031
006/067-tact-ASAQ2y-DHAPPQ2y-ALAQ,66,0.6422764534706856,2031
006/067-tact-ASAQ2y-DHAPPQ2y-ALAQ,67,0.640999262723422,2031
006/067-tact-ASAQ2y-DHAPPQ2y-ALAQ,68,0.6008630155293789,2031
006/067-tact-ASAQ2y-DHAPPQ2y-ALAQ,69,0.629720456380651,2031
006/067-tact-ASAQ2y-DHAPPQ2y-ALAQ,70,0.6646487316251236,2031
006/067-tact-ASAQ2y-DHAPPQ2y-ALAQ,71,0.657067637901171,2031
006/067-tact-ASAQ2y-DHAPPQ2y-ALAQ,72,0.6571473323663968,2031
006/067-tact-ASAQ2y-DHAPPQ2y-ALAQ,73,0.6492092536730355,2031
006/067-tact-ASAQ2y-DHAPPQ2y-ALAQ,74,0.631908278900439,2031
006/067-tact-ASAQ2y-DHAPPQ2y-ALAQ,75,0.6422005622750181,2031
006/067-tact-ASAQ2y-DHAPPQ2y-ALAQ,76,0.6266574018567467,2031
006/067-tact-ASAQ2y-DHAPPQ2y-ALAQ,77,0.6609857996245004,2031
006/067-tact-ASAQ2y-DHAPPQ2y-ALAQ,78,0.6513623481895969,2031
006/067-tact-ASAQ2y-DHAPPQ2y-ALAQ,79,0.6290220852545888,2031
006/067-tact-ASAQ2y-DHAPPQ2y-ALAQ,80,0.6539980437261148,2031
006/067-tact-ASAQ2y-DHAPPQ2y-ALAQ,81,0.6832786987804068,2031
006/067-tact-ASAQ2y-DHAPPQ2y-ALAQ,82,0.6596649075215432,2031
006/067-tact-ASAQ2y-DHAPPQ2y-ALAQ,83,0.6448006312141475,2031
006/067-tact-ASAQ2y-DHAPPQ2y-ALAQ,84,0.6346594252763148,2031
006/067-tact-ASAQ2y-DHAPPQ2y-ALAQ,85,0.6419185132144476,2031
006/067-tact-ASAQ2y-DHAPPQ2y-ALAQ,86,0.6662599708280795,2031
006/067-tact-ASAQ2y-DHAPPQ2y-ALAQ,87,0.6498361111473726,2031
006/067-tact-ASAQ2y-DHAPPQ2y-ALAQ,88,0.6805121376606643,2031
006/067-tact-ASAQ2y-DHAPPQ2y-ALAQ,89,0.6566613571049238,2031
006/067-tact-ASAQ2y-DHAPPQ2y-ALAQ,90,0.6629050283475739,2031
006/067-tact-ASAQ2y-DHAPPQ2y-ALAQ,91,0.6837170637449715,2031
006/067-tact-ASAQ2y-DHAPPQ2y-ALAQ,92,0.6399368998880045,2031
006/067-tact-ASAQ2y-DHAPPQ2y-ALAQ,93,0.6569575500023546,2031
006/067-tact-ASAQ2y-DHAPPQ2y-ALAQ,94,0.6430199816423433,2031
006/067-tact-ASAQ2y-DHAPPQ2y-ALAQ,95,0.6265512829907235,2031
006/067-tact-ASAQ2y-DHAPPQ2y-ALAQ,96,0.6198445104870306,2031
006/067-tact-ASAQ2y-DHAPPQ2y-ALAQ,97,0.6810167772828494,2031
006/067-tact-ASAQ2y-DHAPPQ2y-ALAQ,98,0.6751341889394377,2031
006/067-tact-ASAQ2y-DHAPPQ2y-ALAQ,99,0.645739971584265,2031
006/068-tact-DHAPPQ2y-AL2y-ALAQ,0,0.6868601313962225,2031
006/068-tact-DHAPPQ2y-AL2y-ALAQ,1,0.6970584080655667,2031
006/068-tact-DHAPPQ2y-AL2y-ALAQ,2,0.7333957664738883,2031
006/068-tact-DHAPPQ2y-AL2y-ALAQ,3,0.7138261355909025,2031
006/068-tact-DHAPPQ2y-AL2y-ALAQ,4,0.7087547983943967,2031
006/068-tact-DHAPPQ2y-AL2y-ALAQ,5,0.7370387636080656,2031
006/068-tact-DHAPPQ2y-AL2y-ALAQ,6,0.66085702534701,2031
006/068-tact-DHAPPQ2y-AL2y-ALAQ,7,0.7363586692326463,2031
006/068-tact-DHAPPQ2y-AL2y-ALAQ,8,0.7056385420026685,2031
006/068-tact-DHAPPQ2y-AL2y-ALAQ,9,0.7020959623949862,2031
006/068-tact-DHAPPQ2y-AL2y-ALAQ,10,0.7053358738342649,2031
006/068-tact-DHAPPQ2y-AL2y-ALAQ,11,0.6917887475811902,2031
006/068-tact-DHAPPQ2y-AL2y-ALAQ,12,0.6997724243737237,2031
006/068-tact-DHAPPQ2y-AL2y-ALAQ,13,0.7098590324396675,2031
006/068-tact-DHAPPQ2y-AL2y-ALAQ,14,0.6939052614990359,2031
006/068-tact-DHAPPQ2y-AL2y-ALAQ,15,0.7010589010640439,2031
006/068-tact-DHAPPQ2y-AL2y-ALAQ,16,0.6955953219140559,2031
006/068-tact-DHAPPQ2y-AL2y-ALAQ,17,0.7049881507535033,2031
006/068-tact-DHAPPQ2y-AL2y-ALAQ,18,0.7002298752907173,2031
006/068-tact-DHAPPQ2y-AL2y-ALAQ,19,0.6996878892022654,2031
006/068-tact-DHAPPQ2y-AL2y-ALAQ,20,0.7035211982310648,2031
006/068-tact-DHAPPQ2y-AL2y-ALAQ,21,0.6922866759315377,2031
006/068-tact-DHAPPQ2y-AL2y-ALAQ,22,0.6837357935058587,2031
006/068-tact-DHAPPQ2y-AL2y-ALAQ,23,0.6621266593813878,2031
006/068-tact-DHAPPQ2y-AL2y-ALAQ,24,0.6826258838037447,2031
006/068-tact-DHAPPQ2y-AL2y-ALAQ,25,0.6793606395796793,2031
006/068-tact-DHAPPQ2y-AL2y-ALAQ,26,0.7073123799537421,2031
006/068-tact-DHAPPQ2y-AL2y-ALAQ,27,0.704376211265631,2031
006/068-tact-DHAPPQ2y-AL2y-ALAQ,28,0.691247728810295,2031
006/068-tact-DHAPPQ2y-AL2y-ALAQ,29,0.6937723761749934,2031
006/068-tact-DHAPPQ2y-AL2y-ALAQ,30,0.7208359274784543,2031
006/068-tact-DHAPPQ2y-AL2y-ALAQ,31,0.7026919485503104,2031
006/068-tact-DHAPPQ2y-AL2y-ALAQ,32,0.6893224118828879,2031
006/068-tact-DHAPPQ2y-AL2y-ALAQ,33,0.7266218023129963,2031
006/068-tact-DHAPPQ2y-AL2y-ALAQ,34,0.6850804690950038,2031
006/068-tact-DHAPPQ2y-AL2y-ALAQ,35,0.7455139462283905,2031
006/068-tact-DHAPPQ2y-AL2y-ALAQ,36,0.6844951098740525,2031
006/068-tact-DHAPPQ2y-AL2y-ALAQ,37,0.6906086407674222,2031
006/068-tact-DHAPPQ2y-AL2y-ALAQ,38,0.6833784827340216,2031
006/068-tact-DHAPPQ2y-AL2y-ALAQ,39,0.680282635315867,2031
006/068-tact-DHAPPQ2y-AL2y-ALAQ,40,0.6780586364123792,2031
006/068-tact-DHAPPQ2y-AL2y-ALAQ,41,0.6997155728868556,2031
006/068-tact-DHAPPQ2y-AL2y-ALAQ,42,0.6937323064808464,2031
006/068-tact-DHAPPQ2y-AL2y-ALAQ,43,0.6963407745833962,2031
006/068-tact-DHAPPQ2y-AL2y-ALAQ,44,0.7106872948876677,2031
006/068-tact-DHAPPQ2y-AL2y-ALAQ,45,0.6919869936813788,2031
006/068-tact-DHAPPQ2y-AL2y-ALAQ,46,0.6933216744357393,2031
006/068-tact-DHAPPQ2y-AL2y-ALAQ,47,0.6934291362022041,2031
006/068-tact-DHAPPQ2y-AL2y-ALAQ,48,0.6876043673812787,2031
006/068-tact-DHAPPQ2y-AL2y-ALAQ,49,0.6788114684002196,2031
006/068-tact-DHAPPQ2y-AL2y-ALAQ,50,0.723410222393433,2031
006/068-tact-DHAPPQ2y-AL2y-ALAQ,51,0.7058917619689935,2031
006/068-tact-DHAPPQ2y-AL2y-ALAQ,52,0.657542206498068,2031
006/068-tact-DHAPPQ2y-AL2y-ALAQ,53,0.6947118671367871,2031
006/068-tact-DHAPPQ2y-AL2y-ALAQ,54,0.6871134023854423,2031
006/068-tact-DHAPPQ2y-AL2y-ALAQ,55,0.6862267409418615,2031
006/068-tact-DHAPPQ2y-AL2y-ALAQ,56,0.6847811770283593,2031
006/068-tact-DHAPPQ2y-AL2y-ALAQ,57,0.7171358179297268,2031
006/068-tact-DHAPPQ2y-AL2y-ALAQ,58,0.6995148570425167,2031
006/068-tact-DHAPPQ2y-AL2y-ALAQ,59,0.703174825332907,2031
006/068-tact-DHAPPQ2y-AL2y-ALAQ,60,0.7230088116505594,2031
006/068-tact-DHAPPQ2y-AL2y-ALAQ,61,0.6985192717168828,2031
006/068-tact-DHAPPQ2y-AL2y-ALAQ,62,0.7190384241311073,2031
006/068-tact-DHAPPQ2y-AL2y-ALAQ,63,0.6908011772533195,2031
006/068-tact-DHAPPQ2y-AL2y-ALAQ,64,0.6910115429771518,2031
006/068-tact-DHAPPQ2y-AL2y-ALAQ,65,0.6574136890489644,2031
006/068-tact-DHAPPQ2y-AL2y-ALAQ,66,0.6919102559129225,2031
006/068-tact-DHAPPQ2y-AL2y-ALAQ,67,0.7044081174564395,2031
006/068-tact-DHAPPQ2y-AL2y-ALAQ,68,0.6737053224742774,2031
006/068-tact-DHAPPQ2y-AL2y-ALAQ,69,0.7053444071595157,2031
006/068-tact-DHAPPQ2y-AL2y-ALAQ,70,0.6761078442561058,2031
006/068-tact-DHAPPQ2y-AL2y-ALAQ,71,0.6898685240763761,2031
006/068-tact-DHAPPQ2y-AL2y-ALAQ,72,0.6991568478305222,2031
006/068-tact-DHAPPQ2y-AL2y-ALAQ,73,0.7032816733373015,2031
006/068-tact-DHAPPQ2y-AL2y-ALAQ,74,0.7156008644781968,2031
006/068-tact-DHAPPQ2y-AL2y-ALAQ,75,0.7049371344690781,2031
006/068-tact-DHAPPQ2y-AL2y-ALAQ,76,0.6831051373656352,2031
006/068-tact-DHAPPQ2y-AL2y-ALAQ,77,0.6996350793060695,2031
006/068-tact-DHAPPQ2y-AL2y-ALAQ,78,0.6700521051923354,2031
006/068-tact-DHAPPQ2y-AL2y-ALAQ,79,0.7138493848252931,2031
006/068-tact-DHAPPQ2y-AL2y-ALAQ,80,0.7019881042349615,2031
006/068-tact-DHAPPQ2y-AL2y-ALAQ,81,0.7220327695341436,2031
006/068-tact-DHAPPQ2y-AL2y-ALAQ,82,0.6947796335246093,2031
006/068-tact-DHAPPQ2y-AL2y-ALAQ,83,0.6932649095487958,2031
006/068-tact-DHAPPQ2y-AL2y-ALAQ,84,0.6941157988822183,2031
006/068-tact-DHAPPQ2y-AL2y-ALAQ,85,0.6756956989780404,2031
006/068-tact-DHAPPQ2y-AL2y-ALAQ,86,0.7223574288419318,2031
006/068-tact-DHAPPQ2y-AL2y-ALAQ,87,0.7012787034184441,2031
006/068-tact-DHAPPQ2y-AL2y-ALAQ,88,0.6949240952703443,2031
006/068-tact-DHAPPQ2y-AL2y-ALAQ,89,0.7360598863590532,2031
006/068-tact-DHAPPQ2y-AL2y-ALAQ,90,0.7055881047897635,2031
006/068-tact-DHAPPQ2y-AL2y-ALAQ,91,0.695942437486036,2031
006/068-tact-DHAPPQ2y-AL2y-ALAQ,92,0.7012016818350432,2031
006/068-tact-DHAPPQ2y-AL2y-ALAQ,93,0.6992911501820988,2031
006/068-tact-DHAPPQ2y-AL2y-ALAQ,94,0.7004393750527037,2031
006/068-tact-DHAPPQ2y-AL2y-ALAQ,95,0.7017840927305943,2031
006/068-tact-DHAPPQ2y-AL2y-ALAQ,96,0.6791991549931743,2031
006/068-tact-DHAPPQ2y-AL2y-ALAQ,97,0.7409234389689571,2031
006/068-tact-DHAPPQ2y-AL2y-ALAQ,98,0.7176784700215219,2031
006/068-tact-DHAPPQ2y-AL2y-ALAQ,99,0.6942060134944753,2031
006/069-tact-DHAPPQ2y-ASAQ2y-ALAQ,0,0.7052124844564887,2031
006/069-tact-DHAPPQ2y-ASAQ2y-ALAQ,1,0.6713334929442637,2031
006/069-tact-DHAPPQ2y-ASAQ2y-ALAQ,2,0.6367296280780486,2031
006/069-tact-DHAPPQ2y-ASAQ2y-ALAQ,3,0.6392840230607334,2031
006/069-tact-DHAPPQ2y-ASAQ2y-ALAQ,4,0.6470693896197058,2031
006/069-tact-DHAPPQ2y-ASAQ2y-ALAQ,5,0.6594374157295886,2031
006/069-tact-DHAPPQ2y-ASAQ2y-ALAQ,6,0.6358740434450549,2031
006/069-tact-DHAPPQ2y-ASAQ2y-ALAQ,7,0.6352367007490739,2031
006/069-tact-DHAPPQ2y-ASAQ2y-ALAQ,8,0.6441554472980772,2031
006/069-tact-DHAPPQ2y-ASAQ2y-ALAQ,9,0.6761139012150913,2031
006/069-tact-DHAPPQ2y-ASAQ2y-ALAQ,10,0.667486922348992,2031
006/069-tact-DHAPPQ2y-ASAQ2y-ALAQ,11,0.6301014959715562,2031
006/069-tact-DHAPPQ2y-ASAQ2y-ALAQ,12,0.6325820800788589,2031
006/069-tact-DHAPPQ2y-ASAQ2y-ALAQ,13,0.6635776593508896,2031
006/069-tact-DHAPPQ2y-ASAQ2y-ALAQ,14,0.6449711549443101,2031
006/069-tact-DHAPPQ2y-ASAQ2y-ALAQ,15,0.6673235766697617,2031
006/069-tact-DHAPPQ2y-ASAQ2y-ALAQ,16,0.6650530273957702,2031
006/069-tact-DHAPPQ2y-ASAQ2y-ALAQ,17,0.6645989976725927,2031
006/069-tact-DHAPPQ2y-ASAQ2y-ALAQ,18,0.6594869295039022,2031
006/069-tact-DHAPPQ2y-ASAQ2y-ALAQ,19,0.6144935618280628,2031
006/069-tact-DHAPPQ2y-ASAQ2y-ALAQ,20,0.6498009009956351,2031
006/069-tact-DHAPPQ2y-ASAQ2y-ALAQ,21,0.657166852455352,2031
006/069-tact-DHAPPQ2y-ASAQ2y-ALAQ,22,0.6378999042183663,2031
006/069-tact-DHAPPQ2y-ASAQ2y-ALAQ,23,0.6524752212533407,2031
006/069-tact-DHAPPQ2y-ASAQ2y-ALAQ,24,0.6781431240131636,2031
006/069-tact-DHAPPQ2y-ASAQ2y-ALAQ,25,0.6472601389646033,2031
006/069-tact-DHAPPQ2y-ASAQ2y-ALAQ,26,0.6545696674220111,2031
006/069-tact-DHAPPQ2y-ASAQ2y-ALAQ,27,0.6335693143366289,2031
006/069-tact-DHAPPQ2y-ASAQ2y-ALAQ,28,0.6568272318917318,2031
006/069-tact-DHAPPQ2y-ASAQ2y-ALAQ,29,0.6467588934040416,2031
006/069-tact-DHAPPQ2y-ASAQ2y-ALAQ,30,0.6693683510950567,2031
006/069-tact-DHAPPQ2y-ASAQ2y-ALAQ,31,0.6531761807582215,2031
006/069-tact-DHAPPQ2y-ASAQ2y-ALAQ,32,0.647074061534406,2031
006/069-tact-DHAPPQ2y-ASAQ2y-ALAQ,33,0.6640760684349196,2031
006/069-tact-DHAPPQ2y-ASAQ2y-ALAQ,34,0.609139818028905,2031
006/069-tact-DHAPPQ2y-ASAQ2y-ALAQ,35,0.6604587673696193,2031
006/069-tact-DHAPPQ2y-ASAQ2y-ALAQ,36,0.6522798333222872,2031
006/069-tact-DHAPPQ2y-ASAQ2y-ALAQ,37,0.6185181689414733,2031
006/069-tact-DHAPPQ2y-ASAQ2y-ALAQ,38,0.6869562402723703,2031
006/069-tact-DHAPPQ2y-ASAQ2y-ALAQ,39,0.6571465267674897,2031
006/069-tact-DHAPPQ2y-ASAQ2y-ALAQ,40,0.6573898663168787,2031
006/069-tact-DHAPPQ2y-ASAQ2y-ALAQ,41,0.663400207649847,2031
006/069-tact-DHAPPQ2y-ASAQ2y-ALAQ,42,0.6658237168682145,2031
006/069-tact-DHAPPQ2y-ASAQ2y-ALAQ,43,0.6542996753852969,2031
006/069-tact-DHAPPQ2y-ASAQ2y-ALAQ,44,0.6600294073918248,2031
006/069-tact-DHAPPQ2y-ASAQ2y-ALAQ,45,0.675593076597878,2031
006/069-tact-DHAPPQ2y-ASAQ2y-ALAQ,46,0.6222144499382453,2031
006/069-tact-DHAPPQ2y-ASAQ2y-ALAQ,47,0.6526123640717764,2031
006/069-tact-DHAPPQ2y-ASAQ2y-ALAQ,48,0.6402282391488311,2031
006/069-tact-DHAPPQ2y-ASAQ2y-ALAQ,49,0.6338701032762176,2031
006/069-tact-DHAPPQ2y-ASAQ2y-ALAQ,50,0.6661675222195796,2031
006/069-tact-DHAPPQ2y-ASAQ2y-ALAQ,51,0.6654294867487213,2031
006/069-tact-DHAPPQ2y-ASAQ2y-ALAQ,52,0.6311200228120908,2031
006/069-tact-DHAPPQ2y-ASAQ2y-ALAQ,53,0.6588476677310352,2031
006/069-tact-DHAPPQ2y-ASAQ2y-ALAQ,54,0.6703557667461194,2031
006/069-tact-DHAPPQ2y-ASAQ2y-ALAQ,55,0.6458105967627116,2031
006/069-tact-DHAPPQ2y-ASAQ2y-ALAQ,56,0.6731635172506901,2031
006/069-tact-DHAPPQ2y-ASAQ2y-ALAQ,57,0.645875683004404,2031
006/069-tact-DHAPPQ2y-ASAQ2y-ALAQ,58,0.6646358286105967,2031
006/069-tact-DHAPPQ2y-ASAQ2y-ALAQ,59,0.6518686619777657,2031
006/069-tact-DHAPPQ2y-ASAQ2y-ALAQ,60,0.6364822112293925,2031
006/069-tact-DHAPPQ2y-ASAQ2y-ALAQ,61,0.6786430912799961,2031
006/069-tact-DHAPPQ2y-ASAQ2y-ALAQ,62,0.6507124840610069,2031
006/069-tact-DHAPPQ2y-ASAQ2y-ALAQ,63,0.657375216408612,2031
006/069-tact-DHAPPQ2y-ASAQ2y-ALAQ,64,0.63475207924401,2031
006/069-tact-DHAPPQ2y-ASAQ2y-ALAQ,65,0.6447333954928124,2031
006/069-tact-DHAPPQ2y-ASAQ2y-ALAQ,66,0.6183859413331548,2031
006/069-tact-DHAPPQ2y-ASAQ2y-ALAQ,67,0.6456043154324919,2031
006/069-tact-DHAPPQ2y-ASAQ2y-ALAQ,68,0.6471181526833442,2031
006/069-tact-DHAPPQ2y-ASAQ2y-ALAQ,69,0.6466627751582447,2031
006/069-tact-DHAPPQ2y-ASAQ2y-ALAQ,70,0.6406328383270571,2031
006/069-tact-DHAPPQ2y-ASAQ2y-ALAQ,71,0.6290541201401982,2031
006/069-tact-DHAPPQ2y-ASAQ2y-ALAQ,72,0.6639309945997759,2031
006/069-tact-DHAPPQ2y-ASAQ2y-ALAQ,73,0.6461424188868802,2031
006/069-tact-DHAPPQ2y-ASAQ2y-ALAQ,74,0.6237206242791238,2031
006/069-tact-DHAPPQ2y-ASAQ2y-ALAQ,75,0.6409328822828826,2031
006/069-tact-DHAPPQ2y-ASAQ2y-ALAQ,76,0.6568092352206227,2031
006/069-tact-DHAPPQ2y-ASAQ2y-ALAQ,77,0.6248728581213361,2031
006/069-tact-DHAPPQ2y-ASAQ2y-ALAQ,78,0.6612524909617803,2031
006/069-tact-DHAPPQ2y-ASAQ2y-ALAQ,79,0.667046044219085,2031
006/069-tact-DHAPPQ2y-ASAQ2y-ALAQ,80,0.6106788552685988,2031
006/069-tact-DHAPPQ2y-ASAQ2y-ALAQ,81,0.6203133027467348,2031
006/069-tact-DHAPPQ2y-ASAQ2y-ALAQ,82,0.6322423949516074,2031
006/069-tact-DHAPPQ2y-ASAQ2y-ALAQ,83,0.6618646289119285,2031
006/069-tact-DHAPPQ2y-ASAQ2y-ALAQ,84,0.6151883483985774,2031
006/069-tact-DHAPPQ2y-ASAQ2y-ALAQ,85,0.6577471558966944,2031
006/069-tact-DHAPPQ2y-ASAQ2y-ALAQ,86,0.652302882392899,2031
006/069-tact-DHAPPQ2y-ASAQ2y-ALAQ,87,0.6423901665058606,2031
006/069-tact-DHAPPQ2y-ASAQ2y-ALAQ,88,0.6533009164578216,2031
006/069-tact-DHAPPQ2y-ASAQ2y-ALAQ,89,0.6110981460258952,2031
006/069-tact-DHAPPQ2y-ASAQ2y-ALAQ,90,0.6377437626704566,2031
006/069-tact-DHAPPQ2y-ASAQ2y-ALAQ,91,0.6586317297547425,2031
006/069-tact-DHAPPQ2y-ASAQ2y-ALAQ,92,0.6486377074883195,2031
006/069-tact-DHAPPQ2y-ASAQ2y-ALAQ,93,0.6155685873975792,2031
006/069-tact-DHAPPQ2y-ASAQ2y-ALAQ,94,0.6511817585252611,2031
006/069-tact-DHAPPQ2y-ASAQ2y-ALAQ,95,0.6533355052326799,2031
006/069-tact-DHAPPQ2y-ASAQ2y-ALAQ,96,0.6827757460040874,2031
006/069-tact-DHAPPQ2y-ASAQ2y-ALAQ,97,0.6636944380183362,2031
006/069-tact-DHAPPQ2y-ASAQ2y-ALAQ,98,0.6504059387967308,2031
006/069-tact-DHAPPQ2y-ASAQ2y-ALAQ,99,0.6627638817776752,2031
006/070-tact-ALAQ-immediate,0,0.5749802821388359,2031
006/070-tact-ALAQ-immediate,1,0.6109180240405115,2031
006/070-tact-ALAQ-immediate,2,0.56833305547644,2031
006/070-tact-ALAQ-immediate,3,0.6014356192934186,2031
006/070-tact-ALAQ-immediate,4,0.6432334931338458,2031
006/070-tact-ALAQ-immediate,5,0.5948849137210375,2031
006/070-tact-ALAQ-immediate,6,0.5828141692891224,2031
006/070-tact-ALAQ-immediate,7,0.5880887755123295,2031
006/070-tact-ALAQ-immediate,8,0.5756191507304315,2031
006/070-tact-ALAQ-immediate,9,0.5678541297801926,2031
006/070-tact-ALAQ-immediate,10,0.6178833465498824,2031
006/070-tact-ALAQ-immediate,11,0.638488525394611,2031
006/070-tact-ALAQ-immediate,12,0.5909857709024188,2031
006/070-tact-ALAQ-immediate,13,0.5861607308447038,2031
006/070-tact-ALAQ-immediate,14,0.6447811273146328,2031
006/070-tact-ALAQ-immediate,15,0.606462239204209,2031
006/070-tact-ALAQ-immediate,16,0.6359732168781199,2031
006/070-tact-ALAQ-immediate,17,0.6068101773935503,2031
006/070-tact-ALAQ-immediate,18,0.6438743536191798,2031
006/070-tact-ALAQ-immediate,19,0.6119562307489582,2031
006/070-tact-ALAQ-immediate,20,0.5900580605755922,2031
006/070-tact-ALAQ-immediate,21,0.6050988853824116,2031
006/070-tact-ALAQ-immediate,22,0.6083622983414962,2031
006/070-tact-ALAQ-immediate,23,0.5773653750888473,2031
006/070-tact-ALAQ-immediate,24,0.5980336789995838,2031
006/070-tact-ALAQ-immediate,25,0.6140954327815809,2031
006/070-tact-ALAQ-immediate,26,0.5955556610687989,2031
006/070-tact-ALAQ-immediate,27,0.6091025769343045,2031
006/070-tact-ALAQ-immediate,28,0.6231722616107213,2031
006/070-tact-ALAQ-immediate,29,0.6154263299869391,2031
006/070-tact-ALAQ-immediate,30,0.5960234933101037,2031
006/070-tact-ALAQ-immediate,31,0.5775061144986001,2031
006/070-tact-ALAQ-immediate,32,0.5722464917547451,2031
006/070-tact-ALAQ-immediate,33,0.6146216156223608,2031
006/070-tact-ALAQ-immediate,34,0.5923192767200554,2031
006/070-tact-ALAQ-immediate,35,0.573045324992994,2031
006/070-tact-ALAQ-immediate,36,0.615189122248384,2031
006/070-tact-ALAQ-immediate,37,0.6055415766499611,2031
006/070-tact-ALAQ-immediate,38,0.5964675039073868,2031
006/070-tact-ALAQ-immediate,39,0.6077323185171045,2031
006/070-tact-ALAQ-immediate,40,0.5986331703485128,2031
006/070-tact-ALAQ-immediate,41,0.6186727002246889,2031
006/070-tact-ALAQ-immediate,42,0.6134985240087288,2031
006/070-tact-ALAQ-immediate,43,0.58826557905789,2031
006/070-tact-ALAQ-immediate,44,0.5790075142627255,2031
006/070-tact-ALAQ-immediate,45,0.5847015223743637,2031
006/070-tact-ALAQ-immediate,46,0.5893841434194654,2031
006/070-tact-ALAQ-immediate,47,0.5997612098845934,2031
006/070-tact-ALAQ-immediate,48,0.5769912925923398,2031
006/070-tact-ALAQ-immediate,49,0.6088688902465876,2031
006/070-tact-ALAQ-immediate,50,0.599913834470838,2031
006/070-tact-ALAQ-immediate,51,0.5846931046671676,2031
006/070-tact-ALAQ-immediate,52,0.611386909327671,2031
006/070-tact-ALAQ-immediate,53,0.6219705085219048,2031
006/070-tact-ALAQ-immediate,54,0.5795228932551543,2031
006/070-tact-ALAQ-immediate,55,0.5980356523053744,2031
006/070-tact-ALAQ-immediate,56,0.5546631966019561,2031
006/070-tact-ALAQ-immediate,57,0.6212317174248446,2031
006/070-tact-ALAQ-immediate,58,0.6098468131649477,2031
006/070-tact-ALAQ-immediate,59,0.6056481576239059,2031
006/070-tact-ALAQ-immediate,60,0.6061159201020792,2031
006/070-tact-ALAQ-immediate,61,0.6124280256800911,2031
006/070-tact-ALAQ-immediate,62,0.6305743431013858,2031
006/070-tact-ALAQ-immediate,63,0.5825758373084775,2031
006/070-tact-ALAQ-immediate,64,0.5968749186226858,2031
006/070-tact-ALAQ-immediate,65,0.5852597011086736,2031
006/070-tact-ALAQ-immediate,66,0.5779244771607192,2031
006/070-tact-ALAQ-immediate,67,0.582352400531249,2031
006/070-tact-ALAQ-immediate,68,0.5890474869796543,2031
006/070-tact-ALAQ-immediate,69,0.6163302438424455,2031
006/070-tact-ALAQ-immediate,70,0.6001819321611518,2031
006/070-tact-ALAQ-immediate,71,0.622543257349151,2031
006/070-tact-ALAQ-immediate,72,0.5994463227986113,2031
006/070-tact-ALAQ-immediate,73,0.5725875067158951,2031
006/070-tact-ALAQ-immediate,74,0.5880870652128841,2031
006/070-tact-ALAQ-immediate,75,0.5975383945255298,2031
006/070-tact-ALAQ-immediate,76,0.6042320607699644,2031
006/070-tact-ALAQ-immediate,77,0.5959670092233985,2031
006/070-tact-ALAQ-immediate,78,0.5970008740357314,2031
006/070-tact-ALAQ-immediate,79,0.6158259350074002,2031
006/070-tact-ALAQ-immediate,80,0.5889972383651872,2031
006/070-tact-ALAQ-immediate,81,0.586055618086564,2031
006/070-tact-ALAQ-immediate,82,0.5799416483963794,2031
006/070-tact-ALAQ-immediate,83,0.6000386298955495,2031
006/070-tact-ALAQ-immediate,84,0.5874307635637183,2031
006/070-tact-ALAQ-immediate,85,0.6187648311318518,2031
006/070-tact-ALAQ-immediate,86,0.6063319119822093,2031
006/070-tact-ALAQ-immediate,87,0.6072302283380043,2031
006/070-tact-ALAQ-immediate,88,0.5841645328967099,2031
006/070-tact-ALAQ-immediate,89,0.6007418853716653,2031
006/070-tact-ALAQ-immediate,90,0.5602629550429076,2031
006/070-tact-ALAQ-immediate,91,0.6062424584826368,2031
006/070-tact-ALAQ-immediate,92,0.589206994861867,2031
006/070-tact-ALAQ-immediate,93,0.6546746473787707,2031
006/070-tact-ALAQ-immediate,94,0.6617728707940247,2031
006/070-tact-ALAQ-immediate,95,0.6288019881082075,2031
006/070-tact-ALAQ-immediate,96,0.6042628211132163,2031
006/070-tact-ALAQ-immediate,97,0.6188825641930024,2031
006/070-tact-ALAQ-immediate,98,0.6212761489466562,2031
006/070-tact-ALAQ-immediate,99,0.6012675883985642,2031
006/071-mft-AL_75-ASPY85_25,0,0.7847653610430406,2031
006/071-mft-AL_75-ASPY85_25,1,0.7822498788708615,2031
006/071-mft-AL_75-ASPY85_25,2,0.7892782772137897,2031
006/071-mft-AL_75-ASPY85_25,3,0.7746827890819947,2031
006/071-mft-AL_75-ASPY85_25,4,0.7741197384228458,2031
006/071-mft-AL_75-ASPY85_25,5,0.7872055964648514,2031
006/071-mft-AL_75-ASPY85_25,6,0.7915659790913576,2031
006/071-mft-AL_75-ASPY85_25,7,0.7678837156048396,2031
006/071-mft-AL_75-ASPY85_25,8,0.8095688292529827,2031
006/071-mft-AL_75-ASPY85_25,9,0.7960885889838782,2031
006/071-mft-AL_75-ASPY85_25,10,0.8000371372566902,2031
006/071-mft-AL_75-ASPY85_25,11,0.7798712359822889,2031
006/071-mft-AL_75-ASPY85_25,12,0.76394543651626,2031
006/071-mft-AL_75-ASPY85_25,13,0.7645556095825925,2031
006/071-mft-AL_75-ASPY85_25,14,0.7871171684698711,2031
006/071-mft-AL_75-ASPY85_25,15,0.7965303519493583,2031
006/071-mft-AL_75-ASPY85_25,16,0.8006413323214776,2031
006/071-mft-AL_75-ASPY85_25,17,0.7978158617045096,2031
006/071-mft-AL_75-ASPY85_25,18,0.7917672079982684,2031
006/071-mft-AL_75-ASPY85_25,19,0.7656912968885298,2031
006/071-mft-AL_75-ASPY85_25,20,0.7628862989450352,2031
006/071-mft-AL_75-ASPY85_25,21,0.7882688225061757,2031
006/071-mft-AL_75-ASPY85_25,22,0.7693004402824571,2031
006/071-mft-AL_75-ASPY85_25,23,0.8034619043263426,2031
006/071-mft-AL_75-ASPY85_25,24,0.7996246655237834,2031
006/071-mft-AL_75-ASPY85_25,25,0.7543021981668664,2031
006/071-mft-AL_75-ASPY85_25,26,0.8068243664738374,2031
006/071-mft-AL_75-ASPY85_25,27,0.8015732580321488,2031
006/071-mft-AL_75-ASPY85_25,28,0.7446841282686442,2031
006/071-mft-AL_75-ASPY85_25,29,0.7674105608707541,2031
006/071-mft-AL_75-ASPY85_25,30,0.7762624382707436,2031
006/071-mft-AL_75-ASPY85_25,31,0.7592474593208304,2031
006/071-mft-AL_75-ASPY85_25,32,0.7739101633708622,2031
006/071-mft-AL_75-ASPY85_25,33,0.7863291728214623,2031
006/071-mft-AL_75-ASPY85_25,34,0.7845326248601513,2031
006/071-mft-AL_75-ASPY85_25,35,0.7798766442197399,2031
006/071-mft-AL_75-ASPY85_25,36,0.7689318894062439,2031
006/071-mft-AL_75-ASPY85_25,37,0.7919932357261313,2031
006/071-mft-AL_75-ASPY85_25,38,0.759193564482053,2031
006/071-mft-AL_75-ASPY85_25,39,0.7677586668183621,2031
006/071-mft-AL_75-ASPY85_25,40,0.7441027656279022,2031
006/071-mft-AL_75-ASPY85_25,41,0.7845730290242058,2031
006/071-mft-AL_75-ASPY85_25,42,0.7771441669123901,2031
006/071-mft-AL_75-ASPY85_25,43,0.7941697277415555,2031
006/071-mft-AL_75-ASPY85_25,44,0.7973267768917564,2031
006/071-mft-AL_75-ASPY85_25,45,0.7664354670672581,2031
006/071-mft-AL_75-ASPY85_25,46,0.7842638721936311,2031
006/071-mft-AL_75-ASPY85_25,47,0.80701561713079,2031
006/071-mft-AL_75-ASPY85_25,48,0.7944416596179629,2031
006/071-mft-AL_75-ASPY85_25,49,0.7782944674544404,2031
006/071-mft-AL_75-ASPY85_25,50,0.756025417309658,2031
006/071-mft-AL_75-ASPY85_25,51,0.7913100080698722,2031
006/071-mft-AL_75-ASPY85_25,52,0.7961136259828462,2031
006/071-mft-AL_75-ASPY85_25,53,0.7488984406810885,2031
006/071-mft-AL_75-ASPY85_25,54,0.8368818431321855,2031
006/071-mft-AL_75-ASPY85_25,55,0.7863355624152396,2031
006/071-mft-AL_75-ASPY85_25,56,0.7692544943034951,2031
006/071-mft-AL_75-ASPY85_25,57,0.7927833862350212,2031
006/071-mft-AL_75-ASPY85_25,58,0.8084021241036893,2031
006/071-mft-AL_75-ASPY85_25,59,0.7791668886326106,2031
006/071-mft-AL_75-ASPY85_25,60,0.773234657412512,2031
006/071-mft-AL_75-ASPY85_25,61,0.7672939260782267,2031
006/071-mft-AL_75-ASPY85_25,62,0.7855104146210858,2031
006/071-mft-AL_75-ASPY85_25,63,0.7827966679635074,2031
006/071-mft-AL_75-ASPY85_25,64,0.7782960344079056,2031
006/071-mft-AL_75-ASPY85_25,65,0.7897153116907069,2031
006/071-mft-AL_75-ASPY85_25,66,0.7859555482834525,2031
006/071-mft-AL_75-ASPY85_25,67,0.777659761210049,2031
006/071-mft-AL_75-ASPY85_25,68,0.7945385793883255,2031
006/071-mft-AL_75-ASPY85_25,69,0.802040234369675,2031
006/071-mft-AL_75-ASPY85_25,70,0.7790899778946447,2031
006/071-mft-AL_75-ASPY85_25,71,0.7781934218344982,2031
006/071-mft-AL_75-ASPY85_25,72,0.7739792044518264,2031
006/071-mft-AL_75-ASPY85_25,73,0.7617602648450985,2031
006/071-mft-AL_75-ASPY85_25,74,0.7828060782620535,2031
006/071-mft-AL_75-ASPY85_25,75,0.7723311595779202,2031
006/071-mft-AL_75-ASPY85_25,76,0.7544638466687807,2031
006/071-mft-AL_75-ASPY85_25,77,0.7833680726408337,2031
006/071-mft-AL_75-ASPY85_25,78,0.794831381307577,2031
006/071-mft-AL_75-ASPY85_25,79,0.7743708820986065,2031
006/071-mft-AL_75-ASPY85_25,80,0.7827557828082603,2031
006/071-mft-AL_75-ASPY85_25,81,0.7898399849277186,2031
006/071-mft-AL_75-ASPY85_25,82,0.7395748251916606,2031
006/071-mft-AL_75-ASPY85_25,83,0.7976092390065381,2031
006/071-mft-AL_75-ASPY85_25,84,0.7865646751277281,2031
006/071-mft-AL_75-ASPY85_25,85,0.7795173094334947,2031
006/071-mft-AL_75-ASPY85_25,86,0.7884030490996102,2031
006/071-mft-AL_75-ASPY85_25,87,0.7519127593573093,2031
006/071-mft-AL_75-ASPY85_25,88,0.7566417638015612,2031
006/071-mft-AL_75-ASPY85_25,89,0.7892423997607034,2031
006/071-mft-AL_75-ASPY85_25,90,0.7770131062075992,2031
006/071-mft-AL_75-ASPY85_25,91,0.7718479928641417,2031
006/071-mft-AL_75-ASPY85_25,92,0.7517860206625082,2031
006/071-mft-AL_75-ASPY85_25,93,0.7798812740600564,2031
006/071-mft-AL_75-ASPY85_25,94,0.7823410600478704,2031
006/071-mft-AL_75-ASPY85_25,95,0.7935244152675915,2031
006/071-mft-AL_75-ASPY85_25,96,0.755473378618484,2031
006/071-mft-AL_75-ASPY85_25,97,0.7873189108666995,2031
006/071-mft-AL_75-ASPY85_25,98,0.7914501601702431,2031
006/071-mft-AL_75-ASPY85_25,99,0.7657613662332788,2031
006/072-mft-AL_75-ASPY75_25,0,0.7944810836026156,2031
006/072-mft-AL_75-ASPY75_25,1,0.7738589208747334,2031
006/072-mft-AL_75-ASPY75_25,2,0.7964361239423515,2031
006/072-mft-AL_75-ASPY75_25,3,0.7742928649958497,2031
006/072-mft-AL_75-ASPY75_25,4,0.7770064524357837,2031
006/072-mft-AL_75-ASPY75_25,5,0.8001780486486284,2031
006/072-mft-AL_75-ASPY75_25,6,0.7884898734328522,2031
006/072-mft-AL_75-ASPY75_25,7,0.762397780596998,2031
006/072-mft-AL_75-ASPY75_25,8,0.7594189932766168,2031
006/072-mft-AL_75-ASPY75_25,9,0.775202780376823,2031
006/072-mft-AL_75-ASPY75_25,10,0.773642013437197,2031
006/072-mft-AL_75-ASPY75_25,11,0.7972783304343243,2031
006/072-mft-AL_75-ASPY75_25,12,0.7870429606342745,2031
006/072-mft-AL_75-ASPY75_25,13,0.8066951193435248,2031
006/072-mft-AL_75-ASPY75_25,14,0.7523324200676508,2031
006/072-mft-AL_75-ASPY75_25,15,0.7780960614491795,2031
006/072-mft-AL_75-ASPY75_25,16,0.7782981317767511,2031
006/072-mft-AL_75-ASPY75_25,17,0.7680338555593874,2031
006/072-mft-AL_75-ASPY75_25,18,0.7617312544761842,2031
006/072-mft-AL_75-ASPY75_25,19,0.7946938509858873,2031
006/072-mft-AL_75-ASPY75_25,20,0.7892086871261741,2031
006/072-mft-AL_75-ASPY75_25,21,0.7474875288816341,2031
006/072-mft-AL_75-ASPY75_25,22,0.7532076422116859,2031
006/072-mft-AL_75-ASPY75_25,23,0.771976273112107,2031
006/072-mft-AL_75-ASPY75_25,24,0.7683614328420582,2031
006/072-mft-AL_75-ASPY75_25,25,0.7834643858383993,2031
006/072-mft-AL_75-ASPY75_25,26,0.793611860682303,2031
006/072-mft-AL_75-ASPY75_25,27,0.7795997761941629,2031
006/072-mft-AL_75-ASPY75_25,28,0.8133550034613912,2031
006/072-mft-AL_75-ASPY75_25,29,0.7957443157590497,2031
006/072-mft-AL_75-ASPY75_25,30,0.7652467486667747,2031
006/072-mft-AL_75-ASPY75_25,31,0.7894394043183434,2031
006/072-mft-AL_75-ASPY75_25,32,0.7655896779583276,2031
006/072-mft-AL_75-ASPY75_25,33,0.8018558876939395,2031
006/072-mft-AL_75-ASPY75_25,34,0.7591824017229606,2031
006/072-mft-AL_75-ASPY75_25,35,0.7722534423185384,2031
006/072-mft-AL_75-ASPY75_25,36,0.8007442632687304,2031
006/072-mft-AL_75-ASPY75_25,37,0.8016561342939079,2031
006/072-mft-AL_75-ASPY75_25,38,0.800822326701427,2031
006/072-mft-AL_75-ASPY75_25,39,0.7912328613424164,2031
006/072-mft-AL_75-ASPY75_25,40,0.7922644872509602,2031
006/072-mft-AL_75-ASPY75_25,41,0.7795527196085467,2031
006/072-mft-AL_75-ASPY75_25,42,0.7715560324017621,2031
006/072-mft-AL_75-ASPY75_25,43,0.7775958532951545,2031
006/072-mft-AL_75-ASPY75_25,44,0.7501246884533698,2031
006/072-mft-AL_75-ASPY75_25,45,0.7731902061074627,2031
006/072-mft-AL_75-ASPY75_25,46,0.7965831977766462,2031
006/072-mft-AL_75-ASPY75_25,47,0.7808968120361155,2031
006/072-mft-AL_75-ASPY75_25,48,0.8185366611632258,2031
006/072-mft-AL_75-ASPY75_25,49,0.7525736743816934,2031
006/072-mft-AL_75-ASPY75_25,50,0.8047763985633033,2031
006/072-mft-AL_75-ASPY75_25,51,0.7868641947407379,2031
006/072-mft-AL_75-ASPY75_25,52,0.7986341825661295,2031
006/072-mft-AL_75-ASPY75_25,53,0.7838054440164756,2031
006/072-mft-AL_75-ASPY75_25,54,0.75823655556173,2031
006/072-mft-AL_75-ASPY75_25,55,0.7943419484100205,2031
006/072-mft-AL_75-ASPY75_25,56,0.7700698798416487,2031
006/072-mft-AL_75-ASPY75_25,57,0.7564607061809162,2031
006/072-mft-AL_75-ASPY75_25,58,0.7885022083937115,2031
006/072-mft-AL_75-ASPY75_25,59,0.7705212250987734,2031
006/072-mft-AL_75-ASPY75_25,60,0.7944853260751649,2031
006/072-mft-AL_75-ASPY75_25,61,0.8070212960506415,2031
006/072-mft-AL_75-ASPY75_25,62,0.7983827900590929,2031
006/072-mft-AL_75-ASPY75_25,63,0.7597118772115451,2031
006/072-mft-AL_75-ASPY75_25,64,0.7696493760211323,2031
006/072-mft-AL_75-ASPY75_25,65,0.789992640707486,2031
006/072-mft-AL_75-ASPY75_25,66,0.7799810500561596,2031
006/072-mft-AL_75-ASPY75_25,67,0.7834265292528063,2031
006/072-mft-AL_75-ASPY75_25,68,0.7971869537721415,2031
006/072-mft-AL_75-ASPY75_25,69,0.7817842064173065,2031
006/072-mft-AL_75-ASPY75_25,70,0.8062682309803603,2031
006/072-mft-AL_75-ASPY75_25,71,0.787573188740401,2031
006/072-mft-AL_75-ASPY75_25,72,0.7951169369361614,2031
006/072-mft-AL_75-ASPY75_25,73,0.7893774890856489,2031
006/072-mft-AL_75-ASPY75_25,74,0.7760287737159572,2031
006/072-mft-AL_75-ASPY75_25,75,0.7698278808450035,2031
006/072-mft-AL_75-ASPY75_25,76,0.76099093852103,2031
006/072-mft-AL_75-ASPY75_25,77,0.7656883524839008,2031
006/072-mft-AL_75-ASPY75_25,78,0.7810910595550172,2031
006/072-mft-AL_75-ASPY75_25,79,0.8014481724256859,2031
006/072-mft-AL_75-ASPY75_25,80,0.7622474086868428,2031
006/072-mft-AL_75-ASPY75_25,81,0.798137076929322,2031
006/072-mft-AL_75-ASPY75_25,82,0.7926152561868972,2031
006/072-mft-AL_75-ASPY75_25,83,0.7961096720784072,2031
006/072-mft-AL_75-ASPY75_25,84,0.781334306206119,2031
006/072-mft-AL_75-ASPY75_25,85,0.8018709061778347,2031
006/072-mft-AL_75-ASPY75_25,86,0.7634387803465269,2031
006/072-mft-AL_75-ASPY75_25,87,0.7561097990665199,2031
006/072-mft-AL_75-ASPY75_25,88,0.7665859375590588,2031
006/072-mft-AL_75-ASPY75_25,89,0.7840852136404748,2031
006/072-mft-AL_75-ASPY75_25,90,0.8136329221444089,2031
006/072-mft-AL_75-ASPY75_25,91,0.7848201939833496,2031
006/072-mft-AL_75-ASPY75_25,92,0.807012579674579,2031
006/072-mft-AL_75-ASPY75_25,93,0.7692375471507112,2031
006/072-mft-AL_75-ASPY75_25,94,0.7758502642297699,2031
006/072-mft-AL_75-ASPY75_25,95,0.7964321421006133,2031
006/072-mft-AL_75-ASPY75_25,96,0.772864567384881,2031
006/072-mft-AL_75-ASPY75_25,97,0.7857505263723285,2031
006/072-mft-AL_75-ASPY75_25,98,0.7533691080734334,2031
006/072-mft-AL_75-ASPY75_25,99,0.7833384827676423,2031
006/073-mft-AL_75-ASPY65_25,0,0.780785200562862,2031
006/073-mft-AL_75-ASPY65_25,1,0.8131355206542129,2031
006/073-mft-AL_75-ASPY65_25,2,0.7872271622703018,2031
006/073-mft-AL_75-ASPY65_25,3,0.7987138505244374,2031
006/073-mft-AL_75-ASPY65_25,4,0.7694559364444902,2031
006/073-mft-AL_75-ASPY65_25,5,0.7793050695869813,2031
006/073-mft-AL_75-ASPY65_25,6,0.8070766825251274,2031
006/073-mft-AL_75-ASPY65_25,7,0.7776548037387006,2031
006/073-mft-AL_75-ASPY65_25,8,0.75144659055683,2031
006/073-mft-AL_75-ASPY65_25,9,0.7906002105346781,2031
006/073-mft-AL_75-ASPY65_25,10,0.7929436772759071,2031
006/073-mft-AL_75-ASPY65_25,11,0.7750837585068783,2031
006/073-mft-AL_75-ASPY65_25,12,0.7833070010128654,2031
006/073-mft-AL_75-ASPY65_25,13,0.788765592362417,2031
006/073-mft-AL_75-ASPY65_25,14,0.7813241547301865,2031
006/073-mft-AL_75-ASPY65_25,15,0.7722439257757253,2031
006/073-mft-AL_75-ASPY65_25,16,0.7650721650142788,2031
006/073-mft-AL_75-ASPY65_25,17,0.7831728171078965,2031
006/073-mft-AL_75-ASPY65_25,18,0.7588569741714609,2031
006/073-mft-AL_75-ASPY65_25,19,0.760600759801556,2031
006/073-mft-AL_75-ASPY65_25,20,0.8021955981787449,2031
006/073-mft-AL_75-ASPY65_25,21,0.7527722585312628,2031
006/073-mft-AL_75-ASPY65_25,22,0.7768461507731752,2031
006/073-mft-AL_75-ASPY65_25,23,0.7673388171563963,2031
006/073-mft-AL_75-ASPY65_25,24,0.7839611535171281,2031
006/073-mft-AL_75-ASPY65_25,25,0.7661664224277228,2031
006/073-mft-AL_75-ASPY65_25,26,0.7817765971477479,2031
006/073-mft-AL_75-ASPY65_25,27,0.7854238627045512,2031
006/073-mft-AL_75-ASPY65_25,28,0.7599720732328575,2031
006/073-mft-AL_75-ASPY65_25,29,0.8060360359604929,2031
006/073-mft-AL_75-ASPY65_25,30,0.7615872484486789,2031
006/073-mft-AL_75-ASPY65_25,31,0.7957526080087426,2031
006/073-mft-AL_75-ASPY65_25,32,0.7634170364560617,2031
006/073-mft-AL_75-ASPY65_25,33,0.7854258965420421,2031
006/073-mft-AL_75-ASPY65_25,34,0.7737655933550779,2031
006/073-mft-AL_75-ASPY65_25,35,0.7674630103801131,2031
006/073-mft-AL_75-ASPY65_25,36,0.8167342980362685,2031
006/073-mft-AL_75-ASPY65_25,37,0.7771491094132758,2031
006/073-mft-AL_75-ASPY65_25,38,0.7900873467084213,2031
006/073-mft-AL_75-ASPY65_25,39,0.7938836754269741,2031
006/073-mft-AL_75-ASPY65_25,40,0.7585648493335931,2031
006/073-mft-AL_75-ASPY65_25,41,0.7744957074638182,2031
006/073-mft-AL_75-ASPY65_25,42,0.7758037091510768,2031
006/073-mft-AL_75-ASPY65_25,43,0.7479981435995214,2031
006/073-mft-AL_75-ASPY65_25,44,0.7808940654401825,2031
006/073-mft-AL_75-ASPY65_25,45,0.7641698570854875,2031
006/073-mft-AL_75-ASPY65_25,46,0.7784805147244178,2031
006/073-mft-AL_75-ASPY65_25,47,0.7734998773504459,2031
006/073-mft-AL_75-ASPY65_25,48,0.8287222673168668,2031
006/073-mft-AL_75-ASPY65_25,49,0.8007502139498147,2031
006/073-mft-AL_75-ASPY65_25,50,0.767189322795986,2031
006/073-mft-AL_75-ASPY65_25,51,0.7868747745465989,2031
006/073-mft-AL_75-ASPY65_25,52,0.7630837412800525,2031
006/073-mft-AL_75-ASPY65_25,53,0.7821888580297003,2031
006/073-mft-AL_75-ASPY65_25,54,0.7954822494947608,2031
006/073-mft-AL_75-ASPY65_25,55,0.7959964090446814,2031
006/073-mft-AL_75-ASPY65_25,56,0.7803802330557779,2031
006/073-mft-AL_75-ASPY65_25,57,0.7749049575179446,2031
006/073-mft-AL_75-ASPY65_25,58,0.7670381119668531,2031
006/073-mft-AL_75-ASPY65_25,59,0.7948720980910728,2031
006/073-mft-AL_75-ASPY65_25,60,0.8064561608023268,2031
006/073-mft-AL_75-ASPY65_25,61,0.8054681723157326,2031
006/073-mft-AL_75-ASPY65_25,62,0.7856613993568672,2031
006/073-mft-AL_75-ASPY65_25,63,0.7752654836645774,2031
006/073-mft-AL_75-ASPY65_25,64,0.76712138701876,2031
006/073-mft-AL_75-ASPY65_25,65,0.7623227163306757,2031
006/073-mft-AL_75-ASPY65_25,66,0.7961467613052404,2031
006/073-mft-AL_75-ASPY65_25,67,0.7986405551569425,2031
006/073-mft-AL_75-ASPY65_25,68,0.7993423417429252,2031
006/073-mft-AL_75-ASPY65_25,69,0.782680024943851,2031
006/073-mft-AL_75-ASPY65_25,70,0.7941499429672801,2031
006/073-mft-AL_75-ASPY65_25,71,0.7949246960309981,2031
006/073-mft-AL_75-ASPY65_25,72,0.7694854893992651,2031
006/073-mft-AL_75-ASPY65_25,73,0.7775493115525238,2031
006/073-mft-AL_75-ASPY65_25,74,0.7770595329220654,2031
006/073-mft-AL_75-ASPY65_25,75,0.7756123011828667,2031
006/073-mft-AL_75-ASPY65_25,76,0.7830649136027037,2031
006/073-mft-AL_75-ASPY65_25,77,0.7771761060032114,2031
006/073-mft-AL_75-ASPY65_25,78,0.7713654656501817,2031
006/073-mft-AL_75-ASPY65_25,79,0.7886726843026758,2031
006/073-mft-AL_75-ASPY65_25,80,0.7932761313086428,2031
006/073-mft-AL_75-ASPY65_25,81,0.7910943001200158,2031
006/073-mft-AL_75-ASPY65_25,82,0.796715312592745,2031
006/073-mft-AL_75-ASPY65_25,83,0.7720439236819349,2031
006/073-mft-AL_75-ASPY65_25,84,0.8117994841697577,2031
006/073-mft-AL_75-ASPY65_25,85,0.8021030921763227,2031
006/073-mft-AL_75-ASPY65_25,86,0.7671592531331481,2031
006/073-mft-AL_75-ASPY65_25,87,0.7740167021545988,2031
006/073-mft-AL_75-ASPY65_25,88,0.7904699336743963,2031
006/073-mft-AL_75-ASPY65_25,89,0.7534761213137889,2031
006/073-mft-AL_75-ASPY65_25,90,0.7658569518494893,2031
006/073-mft-AL_75-ASPY65_25,91,0.7773374364558888,2031
006/073-mft-AL_75-ASPY65_25,92,0.7871567327258141,2031
006/073-mft-AL_75-ASPY65_25,93,0.7852654689398099,2031
006/073-mft-AL_75-ASPY65_25,94,0.7422108395887931,2031
006/073-mft-AL_75-ASPY65_25,95,0.7894178271245522,2031
006/073-mft-AL_75-ASPY65_25,96,0.783940526680856,2031
006/073-mft-AL_75-ASPY65_25,97,0.7662825379795722,2031
006/073-mft-AL_75-ASPY65_25,98,0.8042824518952877,2031
006/073-mft-AL_75-ASPY65_25,99,0.7803993235010783,2031
006/074-mft-AL_50-ASPY85_50,0,0.7705343433957164,2031
006/074-mft-AL_50-ASPY85_50,1,0.7639427178131819,2031
006/074-mft-AL_50-ASPY85_50,2,0.764125385786385,2031
006/074-mft-AL_50-ASPY85_50,3,0.7373602299356893,2031
006/074-mft-AL_50-ASPY85_50,4,0.7598403897782237,2031
006/074-mft-AL_50-ASPY85_50,5,0.7588070986835015,2031
006/074-mft-AL_50-ASPY85_50,6,0.7535519381087519,2031
006/074-mft-AL_50-ASPY85_50,7,0.7730034592912095,2031
006/074-mft-AL_50-ASPY85_50,8,0.7587763687555583,2031
006/074-mft-AL_50-ASPY85_50,9,0.7677895892777341,2031
006/074-mft-AL_50-ASPY85_50,10,0.7665988154214428,2031
006/074-mft-AL_50-ASPY85_50,11,0.7531542100260152,2031
006/074-mft-AL_50-ASPY85_50,12,0.7355110408501476,2031
006/074-mft-AL_50-ASPY85_50,13,0.7675787862679244,2031
006/074-mft-AL_50-ASPY85_50,14,0.7679051792855133,2031
006/074-mft-AL_50-ASPY85_50,15,0.7583814709588655,2031
006/074-mft-AL_50-ASPY85_50,16,0.7350283320529399,2031
006/074-mft-AL_50-ASPY85_50,17,0.7628063828706081,2031
006/074-mft-AL_50-ASPY85_50,18,0.7372476216809366,2031
006/074-mft-AL_50-ASPY85_50,19,0.7456715495112594,2031
006/074-mft-AL_50-ASPY85_50,20,0.7519817745402356,2031
006/074-mft-AL_50-ASPY85_50,21,0.7426017989208278,2031
006/074-mft-AL_50-ASPY85_50,22,0.7531009029119978,2031
006/074-mft-AL_50-ASPY85_50,23,0.7548981466689035,2031
006/074-mft-AL_50-ASPY85_50,24,0.7065784249158295,2031
006/074-mft-AL_50-ASPY85_50,25,0.759879266817174,2031
006/074-mft-AL_50-ASPY85_50,26,0.7602541994838546,2031
006/074-mft-AL_50-ASPY85_50,27,0.7695485104820617,2031
006/074-mft-AL_50-ASPY85_50,28,0.7462771543959801,2031
006/074-mft-AL_50-ASPY85_50,29,0.7716521330261646,2031
006/074-mft-AL_50-ASPY85_50,30,0.7578779544787105,2031
006/074-mft-AL_50-ASPY85_50,31,0.7416723148173009,2031
006/074-mft-AL_50-ASPY85_50,32,0.7338588317048083,2031
006/074-mft-AL_50-ASPY85_50,33,0.7491527555985439,2031
006/074-mft-AL_50-ASPY85_50,34,0.7571004511442664,2031
006/074-mft-AL_50-ASPY85_50,35,0.7499916306521328,2031
006/074-mft-AL_50-ASPY85_50,36,0.7428967947748054,2031
006/074-mft-AL_50-ASPY85_50,37,0.7694412431892976,2031
006/074-mft-AL_50-ASPY85_50,38,0.7597889474019137,2031
006/074-mft-AL_50-ASPY85_50,39,0.7725109580459564,2031
006/074-mft-AL_50-ASPY85_50,40,0.7610013087635213,2031
006/074-mft-AL_50-ASPY85_50,41,0.7776336027994012,2031
006/074-mft-AL_50-ASPY85_50,42,0.7559211718164701,2031
006/074-mft-AL_50-ASPY85_50,43,0.8089121944955838,2031
006/074-mft-AL_50-ASPY85_50,44,0.7571611270152839,2031
006/074-mft-AL_50-ASPY85_50,45,0.7648861783351562,2031
006/074-mft-AL_50-ASPY85_50,46,0.761240246393961,2031
006/074-mft-AL_50-ASPY85_50,47,0.7306172328911383,2031
006/074-mft-AL_50-ASPY85_50,48,0.7521359976678571,2031
006/074-mft-AL_50-ASPY85_50,49,0.7335721612349668,2031
006/074-mft-AL_50-ASPY85_50,50,0.7687250992708147,2031
006/074-mft-AL_50-ASPY85_50,51,0.7504542339190446,2031
006/074-mft-AL_50-ASPY85_50,52,0.7551383180493585,2031
006/074-mft-AL_50-ASPY85_50,53,0.7449236488718274,2031
006/074-mft-AL_50-ASPY85_50,54,0.7740160942093847,2031
006/074-mft-AL_50-ASPY85_50,55,0.7304430057886541,2031
006/074-mft-AL_50-ASPY85_50,56,0.763529169558736,2031
006/074-mft-AL_50-ASPY85_50,57,0.7628970834168777,2031
006/074-mft-AL_50-ASPY85_50,58,0.7328785082455137,2031
006/074-mft-AL_50-ASPY85_50,59,0.7352766782558843,2031
006/074-mft-AL_50-ASPY85_50,60,0.7575681026263551,2031
006/074-mft-AL_50-ASPY85_50,61,0.7340299362975257,2031
006/074-mft-AL_50-ASPY85_50,62,0.7430844067734599,2031
006/074-mft-AL_50-ASPY85_50,63,0.7610070887292193,2031
006/074-mft-AL_50-ASPY85_50,64,0.7317190721922612,2031
006/074-mft-AL_50-ASPY85_50,65,0.7585544328165063,2031
006/074-mft-AL_50-ASPY85_50,66,0.7728773537195198,2031
006/074-mft-AL_50-ASPY85_50,67,0.7493185309280562,2031
006/074-mft-AL_50-ASPY85_50,68,0.7715302158179234,2031
006/074-mft-AL_50-ASPY85_50,69,0.7627904935455176,2031
006/074-mft-AL_50-ASPY85_50,70,0.7303824289718563,2031
006/074-mft-AL_50-ASPY85_50,71,0.7394703076717918,2031
006/074-mft-AL_50-ASPY85_50,72,0.7607448346095271,2031
006/074-mft-AL_50-ASPY85_50,73,0.701286942398474,2031
006/074-mft-AL_50-ASPY85_50,74,0.7677357622218602,2031
006/074-mft-AL_50-ASPY85_50,75,0.7503574949889605,2031
006/074-mft-AL_50-ASPY85_50,76,0.750725951831508,2031
006/074-mft-AL_50-ASPY85_50,77,0.7320319969928811,2031
006/074-mft-AL_50-ASPY85_50,78,0.7465183753117923,2031
006/074-mft-AL_50-ASPY85_50,79,0.7657392187999249,2031
006/074-mft-AL_50-ASPY85_50,80,0.7378346495992627,2031
006/074-mft-AL_50-ASPY85_50,81,0.7648790113608923,2031
006/074-mft-AL_50-ASPY85_50,82,0.7684557843407903,2031
006/074-mft-AL_50-ASPY85_50,83,0.7343435556605541,2031
006/074-mft-AL_50-ASPY85_50,84,0.7581866985131445,2031
006/074-mft-AL_50-ASPY85_50,85,0.7414593913726089,2031
006/074-mft-AL_50-ASPY85_50,86,0.7505301172904416,2031
006/074-mft-AL_50-ASPY85_50,87,0.7521415178332279,2031
006/074-mft-AL_50-ASPY85_50,88,0.7367057808098965,2031
006/074-mft-AL_50-ASPY85_50,89,0.7426456624009018,2031
006/074-mft-AL_50-ASPY85_50,90,0.7569563603805624,2031
006/074-mft-AL_50-ASPY85_50,91,0.7460925296814769,2031
006/074-mft-AL_50-ASPY85_50,92,0.7753772696377726,2031
006/074-mft-AL_50-ASPY85_50,93,0.8004706573997904,2031
006/074-mft-AL_50-ASPY85_50,94,0.7234078615588809,2031
006/074-mft-AL_50-ASPY85_50,95,0.7547705732913088,2031
006/074-mft-AL_50-ASPY85_50,96,0.7433835076054249,2031
006/074-mft-AL_50-ASPY85_50,97,0.773654267505761,2031
006/074-mft-AL_50-ASPY85_50,98,0.7759842275141787,2031
006/074-mft-AL_50-ASPY85_50,99,0.7523754666410406,2031
006/075-mft-AL_50-ASPY75_50,0,0.7677161533514991,2031
006/075-mft-AL_50-ASPY75_50,1,0.7690344924101775,2031
006/075-mft-AL_50-ASPY75_50,2,0.7760668220618706,2031
006/075-mft-AL_50-ASPY75_50,3,0.7274827606806477,2031
006/075-mft-AL_50-ASPY75_50,4,0.7769115621583554,2031
006/075-mft-AL_50-ASPY75_50,5,0.749260367247507,2031
006/075-mft-AL_50-ASPY75_50,6,0.7661543381468766,2031
006/075-mft-AL_50-ASPY75_50,7,0.7463582407735804,2031
006/075-mft-AL_50-ASPY75_50,8,0.7511106006398639,2031
006/075-mft-AL_50-ASPY75_50,9,0.7422195686663762,2031
006/075-mft-AL_50-ASPY75_50,10,0.7619757358117577,2031
006/075-mft-AL_50-ASPY75_50,11,0.7539015533056975,2031
006/075-mft-AL_50-ASPY75_50,12,0.7852168472402702,2031
006/075-mft-AL_50-ASPY75_50,13,0.7739219973069712,2031
006/075-mft-AL_50-ASPY75_50,14,0.7589566785809002,2031
006/075-mft-AL_50-ASPY75_50,15,0.7601776138037558,2031
006/075-mft-AL_50-ASPY75_50,16,0.7854225713843515,2031
006/075-mft-AL_50-ASPY75_50,17,0.7589793610754407,2031
006/075-mft-AL_50-ASPY75_50,18,0.7727112408578831,2031
006/075-mft-AL_50-ASPY75_50,19,0.7692442578208203,2031
006/075-mft-AL_50-ASPY75_50,20,0.7426740801060047,2031
006/075-mft-AL_50-ASPY75_50,21,0.7436647257670576,2031
006/075-mft-AL_50-ASPY75_50,22,0.7614759028889987,2031
006/075-mft-AL_50-ASPY75_50,23,0.7759992314644447,2031
006/075-mft-AL_50-ASPY75_50,24,0.7230578452717045,2031
006/075-mft-AL_50-ASPY75_50,25,0.7404101939087581,2031
006/075-mft-AL_50-ASPY75_50,26,0.7224479542672736,2031
006/075-mft-AL_50-ASPY75_50,27,0.7815668379804815,2031
006/075-mft-AL_50-ASPY75_50,28,0.7565975579023408,2031
006/075-mft-AL_50-ASPY75_50,29,0.7976179823503501,2031
006/075-mft-AL_50-ASPY75_50,30,0.7467908707392606,2031
006/075-mft-AL_50-ASPY75_50,31,0.7743644979393419,2031
006/075-mft-AL_50-ASPY75_50,32,0.7204357095115741,2031
006/075-mft-AL_50-ASPY75_50,33,0.7639325907058884,2031
006/075-mft-AL_50-ASPY75_50,34,0.7591212923772939,2031
006/075-mft-AL_50-ASPY75_50,35,0.7553904975092444,2031
006/075-mft-AL_50-ASPY75_50,36,0.7674700328099114,2031
006/075-mft-AL_50-ASPY75_50,37,0.7129841675902453,2031
006/075-mft-AL_50-ASPY75_50,38,0.7424961054786041,2031
006/075-mft-AL_50-ASPY75_50,39,0.7666871919397419,2031
006/075-mft-AL_50-ASPY75_50,40,0.7384706837961109,2031
006/075-mft-AL_50-ASPY75_50,41,0.7470121063029258,2031
006/075-mft-AL_50-ASPY75_50,42,0.7453933591145754,2031
006/075-mft-AL_50-ASPY75_50,43,0.76196074863539,2031
006/075-mft-AL_50-ASPY75_50,44,0.7411958837379297,2031
006/075-mft-AL_50-ASPY75_50,45,0.7860366138040309,2031
006/075-mft-AL_50-ASPY75_50,46,0.7292491875256784,2031
006/075-mft-AL_50-ASPY75_50,47,0.764979640533165,2031
006/075-mft-AL_50-ASPY75_50,48,0.7568353286563173,2031
006/075-mft-AL_50-ASPY75_50,49,0.7587038395343123,2031
006/075-mft-AL_50-ASPY75_50,50,0.7527055399939154,2031
006/075-mft-AL_50-ASPY75_50,51,0.7111376398525073,2031
006/075-mft-AL_50-ASPY75_50,52,0.752936294119977,2031
006/075-mft-AL_50-ASPY75_50,53,0.7773784384351196,2031
006/075-mft-AL_50-ASPY75_50,54,0.7709994134664898,2031
006/075-mft-AL_50-ASPY75_50,55,0.7559539171269294,2031
006/075-mft-AL_50-ASPY75_50,56,0.7536222417908047,2031
006/075-mft-AL_50-ASPY75_50,57,0.7511797187245278,2031
006/075-mft-AL_50-ASPY75_50,58,0.7672642589181171,2031
006/075-mft-AL_50-ASPY75_50,59,0.7748645051915655,2031
006/075-mft-AL_50-ASPY75_50,60,0.7672069602693156,2031
006/075-mft-AL_50-ASPY75_50,61,0.734023555863395,2031
006/075-mft-AL_50-ASPY75_50,62,0.7631494638179035,2031
006/075-mft-AL_50-ASPY75_50,63,0.7353911056481964,2031
006/075-mft-AL_50-ASPY75_50,64,0.762334155165643,2031
006/075-mft-AL_50-ASPY75_50,65,0.7371807158771072,2031
006/075-mft-AL_50-ASPY75_50,66,0.7499542863764526,2031
006/075-mft-AL_50-ASPY75_50,67,0.752267971550304,2031
006/075-mft-AL_50-ASPY75_50,68,0.762017642189787,2031
006/075-mft-AL_50-ASPY75_50,69,0.7561624451902954,2031
006/075-mft-AL_50-ASPY75_50,70,0.7603275758348332,2031
006/075-mft-AL_50-ASPY75_50,71,0.7687577263826899,2031
006/075-mft-AL_50-ASPY75_50,72,0.7466695419794962,2031
006/075-mft-AL_50-ASPY75_50,73,0.7412550147035262,2031
006/075-mft-AL_50-ASPY75_50,74,0.7875443759613164,2031
006/075-mft-AL_50-ASPY75_50,75,0.7630793279039135,2031
006/075-mft-AL_50-ASPY75_50,76,0.746344610132062,2031
006/075-mft-AL_50-ASPY75_50,77,0.7362330298092886,2031
006/075-mft-AL_50-ASPY75_50,78,0.7603216675249606,2031
006/075-mft-AL_50-ASPY75_50,79,0.7485567809762951,2031
006/075-mft-AL_50-ASPY75_50,80,0.7594643943179027,2031
006/075-mft-AL_50-ASPY75_50,81,0.7426211894583795,2031
006/075-mft-AL_50-ASPY75_50,82,0.7863803824560925,2031
006/075-mft-AL_50-ASPY75_50,83,0.7670259165875782,2031
006/075-mft-AL_50-ASPY75_50,84,0.740056607150994,2031
006/075-mft-AL_50-ASPY75_50,85,0.7577043646469629,2031
006/075-mft-AL_50-ASPY75_50,86,0.7395582082304116,2031
006/075-mft-AL_50-ASPY75_50,87,0.7244290890117994,2031
006/075-mft-AL_50-ASPY75_50,88,0.7452380427441528,2031
006/075-mft-AL_50-ASPY75_50,89,0.7393146861413576,2031
006/075-mft-AL_50-ASPY75_50,90,0.7507473430017527,2031
006/075-mft-AL_50-ASPY75_50,91,0.7466552253312516,2031
006/075-mft-AL_50-ASPY75_50,92,0.7494104465456514,2031
006/075-mft-AL_50-ASPY75_50,93,0.7578075701007405,2031
006/075-mft-AL_50-ASPY75_50,94,0.7820034699608361,2031
006/075-mft-AL_50-ASPY75_50,95,0.7711498749073916,2031
006/075-mft-AL_50-ASPY75_50,96,0.7581789507011446,2031
006/075-mft-AL_50-ASPY75_50,97,0.7407165971029267,2031
006/075-mft-AL_50-ASPY75_50,98,0.7476448894549805,2031
006/075-mft-AL_50-ASPY75_50,99,0.7704424699013886,2031
006/076-mft-AL_50-ASPY65_50,0,0.7636174113521795,2031
006/076-mft-AL_50-ASPY65_50,1,0.718862952763745,2031
006/076-mft-AL_50-ASPY65_50,2,0.737989623981543,2031
006/076-mft-AL_50-ASPY65_50,3,0.7339916687320103,2031
006/076-mft-AL_50-ASPY65_50,4,0.7352442831694032,2031
006/076-mft-AL_50-ASPY65_50,5,0.7531816359835727,2031
006/076-mft-AL_50-ASPY65_50,6,0.747799552316433,2031
006/076-mft-AL_50-ASPY65_50,7,0.7724558648656411,2031
006/076-mft-AL_50-ASPY65_50,8,0.7359391797431648,2031
006/076-mft-AL_50-ASPY65_50,9,0.7778364299464099,2031
006/076-mft-AL_50-ASPY65_50,10,0.746631275444997,2031
006/076-mft-AL_50-ASPY65_50,11,0.7547879771651241,2031
006/076-mft-AL_50-ASPY65_50,12,0.7540081001913004,2031
006/076-mft-AL_50-ASPY65_50,13,0.7611015851280306,2031
006/076-mft-AL_50-ASPY65_50,14,0.7748660088314877,2031
006/076-mft-AL_50-ASPY65_50,15,0.7576283038202537,2031
006/076-mft-AL_50-ASPY65_50,16,0.7309063969487714,2031
006/076-mft-AL_50-ASPY65_50,17,0.7660108954220587,2031
006/076-mft-AL_50-ASPY65_50,18,0.7600390343079724,2031
006/076-mft-AL_50-ASPY65_50,19,0.7767611631678503,2031
006/076-mft-AL_50-ASPY65_50,20,0.742202511986693,2031
006/076-mft-AL_50-ASPY65_50,21,0.7542388856949724,2031
006/076-mft-AL_50-ASPY65_50,22,0.7471075930907665,2031
006/076-mft-AL_50-ASPY65_50,23,0.7450255106046494,2031
006/076-mft-AL_50-ASPY65_50,24,0.7680102875058489,2031
006/076-mft-AL_50-ASPY65_50,25,0.749918377831761,2031
006/076-mft-AL_50-ASPY65_50,26,0.6980305853912965,2031
006/076-mft-AL_50-ASPY65_50,27,0.7508006297286732,2031
006/076-mft-AL_50-ASPY65_50,28,0.769610256634876,2031
006/076-mft-AL_50-ASPY65_50,29,0.7220614464225629,2031
006/076-mft-AL_50-ASPY65_50,30,0.7650715170741997,2031
006/076-mft-AL_50-ASPY65_50,31,0.7879175222101672,2031
006/076-mft-AL_50-ASPY65_50,32,0.7529175670580379,2031
006/076-mft-AL_50-ASPY65_50,33,0.7859755220026474,2031
006/076-mft-AL_50-ASPY65_50,34,0.760708253870316,2031
006/076-mft-AL_50-ASPY65_50,35,0.7384754411354558,2031
006/076-mft-AL_50-ASPY65_50,36,0.7744082353389775,2031
006/076-mft-AL_50-ASPY65_50,37,0.7628451340076992,2031
006/076-mft-AL_50-ASPY65_50,38,0.7605071299995315,2031
006/076-mft-AL_50-ASPY65_50,39,0.7524346173030566,2031
006/076-mft-AL_50-ASPY65_50,40,0.7758784425083256,2031
006/076-mft-AL_50-ASPY65_50,41,0.7431229626318842,2031
006/076-mft-AL_50-ASPY65_50,42,0.7737751458645952,2031
006/076-mft-AL_50-ASPY65_50,43,0.7988878123451149,2031
006/076-mft-AL_50-ASPY65_50,44,0.7497746620311325,2031
006/076-mft-AL_50-ASPY65_50,45,0.7696799769304207,2031
006/076-mft-AL_50-ASPY65_50,46,0.7560931386604288,2031
006/076-mft-AL_50-ASPY65_50,47,0.7581878014931487,2031
006/076-mft-AL_50-ASPY65_50,48,0.7731858756317928,2031
006/076-mft-AL_50-ASPY65_50,49,0.7729890044834845,2031
006/076-mft-AL_50-ASPY65_50,50,0.7616004636788913,2031
006/076-mft-AL_50-ASPY65_50,51,0.7568094183156341,2031
006/076-mft-AL_50-ASPY65_50,52,0.75572900073605,2031
006/076-mft-AL_50-ASPY65_50,53,0.7274799660224627,2031
006/076-mft-AL_50-ASPY65_50,54,0.7723968299564447,2031
006/076-mft-AL_50-ASPY65_50,55,0.7673309791470371,2031
006/076-mft-AL_50-ASPY65_50,56,0.7417868336494019,2031
006/076-mft-AL_50-ASPY65_50,57,0.73559951254113,2031
006/076-mft-AL_50-ASPY65_50,58,0.7515758754316683,2031
006/076-mft-AL_50-ASPY65_50,59,0.753824974855195,2031
006/076-mft-AL_50-ASPY65_50,60,0.7693863160986426,2031
006/076-mft-AL_50-ASPY65_50,61,0.7086807051560214,2031
006/076-mft-AL_50-ASPY65_50,62,0.7587305945574762,2031
006/076-mft-AL_50-ASPY65_50,63,0.7627263288454446,2031
006/076-mft-AL_50-ASPY65_50,64,0.7330182343280217,2031
006/076-mft-AL_50-ASPY65_50,65,0.7618710081306147,2031
006/076-mft-AL_50-ASPY65_50,66,0.7636159097152064,2031
006/076-mft-AL_50-ASPY65_50,67,0.7523222838916449,2031
006/076-mft-AL_50-ASPY65_50,68,0.778620173351035,2031
006/076-mft-AL_50-ASPY65_50,69,0.7357169385983057,2031
006/076-mft-AL_50-ASPY65_50,70,0.7483665184519608,2031
006/076-mft-AL_50-ASPY65_50,71,0.6964222353585643,2031
006/076-mft-AL_50-ASPY65_50,72,0.7484673143268189,2031
006/076-mft-AL_50-ASPY65_50,73,0.7436985240084475,2031
006/076-mft-AL_50-ASPY65_50,74,0.7656909060953159,2031
006/076-mft-AL_50-ASPY65_50,75,0.7425301378644013,2031
006/076-mft-AL_50-ASPY65_50,76,0.7480281531319828,2031
006/076-mft-AL_50-ASPY65_50,77,0.7374065953159147,2031
006/076-mft-AL_50-ASPY65_50,78,0.7245216320178436,2031
006/076-mft-AL_50-ASPY65_50,79,0.7506600525356574,2031
006/076-mft-AL_50-ASPY65_50,80,0.7499331781542334,2031
006/076-mft-AL_50-ASPY65_50,81,0.7772889201999155,2031
006/076-mft-AL_50-ASPY65_50,82,0.7619339241564841,2031
006/076-mft-AL_50-ASPY65_50,83,0.8015748944777257,2031
006/076-mft-AL_50-ASPY65_50,84,0.763384238489898,2031
006/076-mft-AL_50-ASPY65_50,85,0.7678115101934305,2031
006/076-mft-AL_50-ASPY65_50,86,0.7709438934783321,2031
006/076-mft-AL_50-ASPY65_50,87,0.7410291135634051,2031
006/076-mft-AL_50-ASPY65_50,88,0.7531076501799685,2031
006/076-mft-AL_50-ASPY65_50,89,0.7681176322618817,2031
006/076-mft-AL_50-ASPY65_50,90,0.7295857456262759,2031
006/076-mft-AL_50-ASPY65_50,91,0.7555830381899368,2031
006/076-mft-AL_50-ASPY65_50,92,0.7581458254476741,2031
006/076-mft-AL_50-ASPY65_50,93,0.7694075777281251,2031
006/076-mft-AL_50-ASPY65_50,94,0.7548096772681548,2031
006/076-mft-AL_50-ASPY65_50,95,0.7691851989656171,2031
006/076-mft-AL_50-ASPY65_50,96,0.7394722486803614,2031
006/076-mft-AL_50-ASPY65_50,97,0.7624390114852879,2031
006/076-mft-AL_50-ASPY65_50,98,0.7391310609995387,2031
006/076-mft-AL_50-ASPY65_50,99,0.7721164015249055,2031
006/077-mft-ASAQ_75-ASPY85_25,0,0.6709436202192793,2031
006/077-mft-ASAQ_75-ASPY85_25,1,0.6586400383769964,2031
006/077-mft-ASAQ_75-ASPY85_25,2,0.6547692479622006,2031
006/077-mft-ASAQ_75-ASPY85_25,3,0.6799889973770782,2031
006/077-mft-ASAQ_75-ASPY85_25,4,0.6797398930477686,2031
006/077-mft-ASAQ_75-ASPY85_25,5,0.6510567775036293,2031
006/077-mft-ASAQ_75-ASPY85_25,6,0.67077642158393,2031
006/077-mft-ASAQ_75-ASPY85_25,7,0.672303906742758,2031
006/077-mft-ASAQ_75-ASPY85_25,8,0.6528665115411987,2031
006/077-mft-ASAQ_75-ASPY85_25,9,0.6585448797508345,2031
006/077-mft-ASAQ_75-ASPY85_25,10,0.6660054979868375,2031
006/077-mft-ASAQ_75-ASPY85_25,11,0.6558758652291637,2031
006/077-mft-ASAQ_75-ASPY85_25,12,0.6889700832713785,2031
006/077-mft-ASAQ_75-ASPY85_25,13,0.6565047032061673,2031
006/077-mft-ASAQ_75-ASPY85_25,14,0.6441934801897383,2031
006/077-mft-ASAQ_75-ASPY85_25,15,0.6495524896336814,2031
006/077-mft-ASAQ_75-ASPY85_25,16,0.7001742952053739,2031
006/077-mft-ASAQ_75-ASPY85_25,17,0.6620911921220861,2031
006/077-mft-ASAQ_75-ASPY85_25,18,0.6618562665881702,2031
006/077-mft-ASAQ_75-ASPY85_25,19,0.6490692285715493,2031
006/077-mft-ASAQ_75-ASPY85_25,20,0.6862025938545596,2031
006/077-mft-ASAQ_75-ASPY85_25,21,0.6615411270363657,2031
006/077-mft-ASAQ_75-ASPY85_25,22,0.654121461218066,2031
006/077-mft-ASAQ_75-ASPY85_25,23,0.6737658656287236,2031
006/077-mft-ASAQ_75-ASPY85_25,24,0.6601777166896101,2031
006/077-mft-ASAQ_75-ASPY85_25,25,0.6645616279521313,2031
006/077-mft-ASAQ_75-ASPY85_25,26,0.663151532592316,2031
006/077-mft-ASAQ_75-ASPY85_25,27,0.6914888202248859,2031
006/077-mft-ASAQ_75-ASPY85_25,28,0.656270206088326,2031
006/077-mft-ASAQ_75-ASPY85_25,29,0.6737410602928041,2031
006/077-mft-ASAQ_75-ASPY85_25,30,0.6780523917518425,2031
006/077-mft-ASAQ_75-ASPY85_25,31,0.6669227778162345,2031
006/077-mft-ASAQ_75-ASPY85_25,32,0.6326902361920513,2031
006/077-mft-ASAQ_75-ASPY85_25,33,0.676268394008305,2031
006/077-mft-ASAQ_75-ASPY85_25,34,0.6375318569623961,2031
006/077-mft-ASAQ_75-ASPY85_25,35,0.6470884567860176,2031
006/077-mft-ASAQ_75-ASPY85_25,36,0.6436697934355712,2031
006/077-mft-ASAQ_75-ASPY85_25,37,0.6597285365546061,2031
006/077-mft-ASAQ_75-ASPY85_25,38,0.6632927092385364,2031
006/077-mft-ASAQ_75-ASPY85_25,39,0.6420151182024241,2031
006/077-mft-ASAQ_75-ASPY85_25,40,0.6734053566714735,2031
006/077-mft-ASAQ_75-ASPY85_25,41,0.6502327480175615,2031
006/077-mft-ASAQ_75-ASPY85_25,42,0.6570601952625155,2031
006/077-mft-ASAQ_75-ASPY85_25,43,0.6551580110436356,2031
006/077-mft-ASAQ_75-ASPY85_25,44,0.6437974683878297,2031
006/077-mft-ASAQ_75-ASPY85_25,45,0.6622603912944082,2031
006/077-mft-ASAQ_75-ASPY85_25,46,0.6737198996282957,2031
006/077-mft-ASAQ_75-ASPY85_25,47,0.6618431663659292,2031
006/077-mft-ASAQ_75-ASPY85_25,48,0.6578368335089243,2031
006/077-mft-ASAQ_75-ASPY85_25,49,0.6743271677276871,2031
006/077-mft-ASAQ_75-ASPY85_25,50,0.6494871521234663,2031
006/077-mft-ASAQ_75-ASPY85_25,51,0.637956594050891,2031
006/077-mft-ASAQ_75-ASPY85_25,52,0.6744117105559431,2031
006/077-mft-ASAQ_75-ASPY85_25,53,0.6718906039150937,2031
006/077-mft-ASAQ_75-ASPY85_25,54,0.6794544602307794,2031
006/077-mft-ASAQ_75-ASPY85_25,55,0.6889448006199029,2031
006/077-mft-ASAQ_75-ASPY85_25,56,0.6528831167028455,2031
006/077-mft-ASAQ_75-ASPY85_25,57,0.6359327598864,2031
006/077-mft-ASAQ_75-ASPY85_25,58,0.6833402230418636,2031
006/077-mft-ASAQ_75-ASPY85_25,59,0.6383968422137,2031
006/077-mft-ASAQ_75-ASPY85_25,60,0.6600954520752286,2031
006/077-mft-ASAQ_75-ASPY85_25,61,0.6928410178192771,2031
006/077-mft-ASAQ_75-ASPY85_25,62,0.6617420933875916,2031
006/077-mft-ASAQ_75-ASPY85_25,63,0.6450377489806952,2031
006/077-mft-ASAQ_75-ASPY85_25,64,0.6490479958922472,2031
006/077-mft-ASAQ_75-ASPY85_25,65,0.6533503480947113,2031
006/077-mft-ASAQ_75-ASPY85_25,66,0.6483596255743372,2031
006/077-mft-ASAQ_75-ASPY85_25,67,0.664115633612721,2031
006/077-mft-ASAQ_75-ASPY85_25,68,0.6604313443131702,2031
006/077-mft-ASAQ_75-ASPY85_25,69,0.6762195795196035,2031
006/077-mft-ASAQ_75-ASPY85_25,70,0.6896202119987928,2031
006/077-mft-ASAQ_75-ASPY85_25,71,0.6575865055197848,2031
006/077-mft-ASAQ_75-ASPY85_25,72,0.6376695105516722,2031
006/077-mft-ASAQ_75-ASPY85_25,73,0.662048226293418,2031
006/077-mft-ASAQ_75-ASPY85_25,74,0.6740475106853888,2031
006/077-mft-ASAQ_75-ASPY85_25,75,0.6784037021224948,2031
006/077-mft-ASAQ_75-ASPY85_25,76,0.6457025277810007,2031
006/077-mft-ASAQ_75-ASPY85_25,77,0.650885280172877,2031
006/077-mft-ASAQ_75-ASPY85_25,78,0.6414157046144665,2031
006/077-mft-ASAQ_75-ASPY85_25,79,0.6723205278128713,2031
006/077-mft-ASAQ_75-ASPY85_25,80,0.677560370150969,2031
006/077-mft-ASAQ_75-ASPY85_25,81,0.6734358090586422,2031
006/077-mft-ASAQ_75-ASPY85_25,82,0.6755774309808237,2031
006/077-mft-ASAQ_75-ASPY85_25,83,0.6822942971737483,2031
006/077-mft-ASAQ_75-ASPY85_25,84,0.6409895041007231,2031
006/077-mft-ASAQ_75-ASPY85_25,85,0.6499760232529115,2031
006/077-mft-ASAQ_75-ASPY85_25,86,0.6500897907148211,2031
006/077-mft-ASAQ_75-ASPY85_25,87,0.6640924618760072,2031
006/077-mft-ASAQ_75-ASPY85_25,88,0.6649197128466297,2031
006/077-mft-ASAQ_75-ASPY85_25,89,0.6344555365987629,2031
006/077-mft-ASAQ_75-ASPY85_25,90,0.6621681162670737,2031
006/077-mft-ASAQ_75-ASPY85_25,91,0.6310980687688589,2031
006/077-mft-ASAQ_75-ASPY85_25,92,0.6609794198454194,2031
006/077-mft-ASAQ_75-ASPY85_25,93,0.6724181304201712,2031
006/077-mft-ASAQ_75-ASPY85_25,94,0.6631349188443704,2031
006/077-mft-ASAQ_75-ASPY85_25,95,0.6488009922523449,2031
006/077-mft-ASAQ_75-ASPY85_25,96,0.666362722979276,2031
006/077-mft-ASAQ_75-ASPY85_25,97,0.6712510280869779,2031
006/077-mft-ASAQ_75-ASPY85_25,98,0.6708832467197569,2031
006/077-mft-ASAQ_75-ASPY85_25,99,0.6604156856743034,2031
006/078-mft-ASAQ_75-ASPY75_25,0,0.6603065458152683,2031
006/078-mft-ASAQ_75-ASPY75_25,1,0.6779824993593979,2031
006/078-mft-ASAQ_75-ASPY75_25,2,0.6498240233132261,2031
006/078-mft-ASAQ_75-ASPY75_25,3,0.6402210655008614,2031
006/078-mft-ASAQ_75-ASPY75_25,4,0.677903083167292,2031
006/078-mft-ASAQ_75-ASPY75_25,5,0.6410978082509785,2031
006/078-mft-ASAQ_75-ASPY75_25,6,0.6423406023542081,2031
006/078-mft-ASAQ_75-ASPY75_25,7,0.6424741276018954,2031
006/078-mft-ASAQ_75-ASPY75_25,8,0.6507388498303232,2031
006/078-mft-ASAQ_75-ASPY75_25,9,0.7090794135230793,2031
006/078-mft-ASAQ_75-ASPY75_25,10,0.6766099028807878,2031
006/078-mft-ASAQ_75-ASPY75_25,11,0.62976535995253,2031
006/078-mft-ASAQ_75-ASPY75_25,12,0.6535029337651372,2031
006/078-mft-ASAQ_75-ASPY75_25,13,0.6520865031334658,2031
006/078-mft-ASAQ_75-ASPY75_25,14,0.6198021934069958,2031
006/078-mft-ASAQ_75-ASPY75_25,15,0.6382572190638871,2031
006/078-mft-ASAQ_75-ASPY75_25,16,0.6657811067969489,2031
006/078-mft-ASAQ_75-ASPY75_25,17,0.6540507778095668,2031
006/078-mft-ASAQ_75-ASPY75_25,18,0.6408516871757128,2031
006/078-mft-ASAQ_75-ASPY75_25,19,0.6695066708279714,2031
006/078-mft-ASAQ_75-ASPY75_25,20,0.6511964705881312,2031
006/078-mft-ASAQ_75-ASPY75_25,21,0.6658429112990899,2031
006/078-mft-ASAQ_75-ASPY75_25,22,0.6846911599978748,2031
006/078-mft-ASAQ_75-ASPY75_25,23,0.6380276189486899,2031
006/078-mft-ASAQ_75-ASPY75_25,24,0.6613611976367212,2031
006/078-mft-ASAQ_75-ASPY75_25,25,0.6686376759254182,2031
006/078-mft-ASAQ_75-ASPY75_25,26,0.6487798055488166,2031
006/078-mft-ASAQ_75-ASPY75_25,27,0.6652594758708886,2031
006/078-mft-ASAQ_75-ASPY75_25,28,0.6892084496977242,2031
006/078-mft-ASAQ_75-ASPY75_25,29,0.6849929405283993,2031
006/078-mft-ASAQ_75-ASPY75_25,30,0.6566467485351002,2031
006/078-mft-ASAQ_75-ASPY75_25,31,0.6633913636814798,2031
006/078-mft-ASAQ_75-ASPY75_25,32,0.6882459323745911,2031
006/078-mft-ASAQ_75-ASPY75_25,33,0.6741001288207805,2031
006/078-mft-ASAQ_75-ASPY75_25,34,0.6690981842853705,2031
006/078-mft-ASAQ_75-ASPY75_25,35,0.6656818752853592,2031
006/078-mft-ASAQ_75-ASPY75_25,36,0.6425680694416854,2031
006/078-mft-ASAQ_75-ASPY75_25,37,0.6839271082152476,2031
006/078-mft-ASAQ_75-ASPY75_25,38,0.6815557010446502,2031
006/078-mft-ASAQ_75-ASPY75_25,39,0.6634459202312198,2031
006/078-mft-ASAQ_75-ASPY75_25,40,0.6400350069521125,2031
006/078-mft-ASAQ_75-ASPY75_25,41,0.6646303770643548,2031
006/078-mft-ASAQ_75-ASPY75_25,42,0.6775520784089532,2031
006/078-mft-ASAQ_75-ASPY75_25,43,0.6728753316475004,2031
006/078-mft-ASAQ_75-ASPY75_25,44,0.6624306774935694,2031
006/078-mft-ASAQ_75-ASPY75_25,45,0.6736366700154109,2031
006/078-mft-ASAQ_75-ASPY75_25,46,0.6470471335223843,2031
006/078-mft-ASAQ_75-ASPY75_25,47,0.6810196574413302,2031
006/078-mft-ASAQ_75-ASPY75_25,48,0.6591790547448303,2031
006/078-mft-ASAQ_75-ASPY75_25,49,0.7008678263837899,2031
006/078-mft-ASAQ_75-ASPY75_25,50,0.6417667597771962,2031
006/078-mft-ASAQ_75-ASPY75_25,51,0.6400301040120369,2031
006/078-mft-ASAQ_75-ASPY75_25,52,0.6543114801207011,2031
006/078-mft-ASAQ_75-ASPY75_25,53,0.6674036560247781,2031
006/078-mft-ASAQ_75-ASPY75_25,54,0.6637479487412924,2031
006/078-mft-ASAQ_75-ASPY75_25,55,0.6515219059282529,2031
006/078-mft-ASAQ_75-ASPY75_25,56,0.6496587908442167,2031
006/078-mft-ASAQ_75-ASPY75_25,57,0.6787045154324161,2031
006/078-mft-ASAQ_75-ASPY75_25,58,0.6705825433809101,2031
006/078-mft-ASAQ_75-ASPY75_25,59,0.6769995974014386,2031
006/078-mft-ASAQ_75-ASPY75_25,60,0.65105698415365,2031
006/078-mft-ASAQ_75-ASPY75_25,61,0.6496345126312161,2031
006/078-mft-ASAQ_75-ASPY75_25,62,0.6718460426837504,2031
006/078-mft-ASAQ_75-ASPY75_25,63,0.6560937415769789,2031
006/078-mft-ASAQ_75-ASPY75_25,64,0.6596669443547231,2031
006/078-mft-ASAQ_75-ASPY75_25,65,0.6673432149724118,2031
006/078-mft-ASAQ_75-ASPY75_25,66,0.6485643411166594,2031
006/078-mft-ASAQ_75-ASPY75_25,67,0.6573465272272617,2031
006/078-mft-ASAQ_75-ASPY75_25,68,0.6714257640654617,2031
006/078-mft-ASAQ_75-ASPY75_25,69,0.6641998111402588,2031
006/078-mft-ASAQ_75-ASPY75_25,70,0.6872927702625337,2031
006/078-mft-ASAQ_75-ASPY75_25,71,0.6538604507994035,2031
006/078-mft-ASAQ_75-ASPY75_25,72,0.7340088323726105,2031
006/078-mft-ASAQ_75-ASPY75_25,73,0.6691575029029732,2031
006/078-mft-ASAQ_75-ASPY75_25,74,0.6398250774399644,2031
006/078-mft-ASAQ_75-ASPY75_25,75,0.6797776137863288,2031
006/078-mft-ASAQ_75-ASPY75_25,76,0.6911782161289737,2031
006/078-mft-ASAQ_75-ASPY75_25,77,0.6838598524279615,2031
006/078-mft-ASAQ_75-ASPY75_25,78,0.6722332789042679,2031
006/078-mft-ASAQ_75-ASPY75_25,79,0.6456854365065924,2031
006/078-mft-ASAQ_75-ASPY75_25,80,0.6691798602534682,2031
006/078-mft-ASAQ_75-ASPY75_25,81,0.6544916378666878,2031
006/078-mft-ASAQ_75-ASPY75_25,82,0.6438717851049205,2031
006/078-mft-ASAQ_75-ASPY75_25,83,0.6592076367409933,2031
006/078-mft-ASAQ_75-ASPY75_25,84,0.6664456336324445,2031
006/078-mft-ASAQ_75-ASPY75_25,85,0.7096263272122902,2031
006/078-mft-ASAQ_75-ASPY75_25,86,0.6547746584231365,2031
006/078-mft-ASAQ_75-ASPY75_25,87,0.6393317251956158,2031
006/078-mft-ASAQ_75-ASPY75_25,88,0.6888416689564966,2031
006/078-mft-ASAQ_75-ASPY75_25,89,0.6686611045431836,2031
006/078-mft-ASAQ_75-ASPY75_25,90,0.6484556429432943,2031
006/078-mft-ASAQ_75-ASPY75_25,91,0.641920815317881,2031
006/078-mft-ASAQ_75-ASPY75_25,92,0.669708817917114,2031
006/078-mft-ASAQ_75-ASPY75_25,93,0.6857458401657949,2031
006/078-mft-ASAQ_75-ASPY75_25,94,0.6803143643371811,2031
006/078-mft-ASAQ_75-ASPY75_25,95,0.6313533650656838,2031
006/078-mft-ASAQ_75-ASPY75_25,96,0.6543161928249606,2031
006/078-mft-ASAQ_75-ASPY75_25,97,0.6679171494794628,2031
006/078-mft-ASAQ_75-ASPY75_25,98,0.6769897922788725,2031
006/078-mft-ASAQ_75-ASPY75_25,99,0.659398840232687,2031
006/079-mft-ASAQ_75-ASPY65_25,0,0.6958975676061082,2031
006/079-mft-ASAQ_75-ASPY65_25,1,0.6956969850050211,2031
006/079-mft-ASAQ_75-ASPY65_25,2,0.6689224120335817,2031
006/079-mft-ASAQ_75-ASPY65_25,3,0.6729797772847278,2031
006/079-mft-ASAQ_75-ASPY65_25,4,0.6545673949972052,2031
006/079-mft-ASAQ_75-ASPY65_25,5,0.6995922094150316,2031
006/079-mft-ASAQ_75-ASPY65_25,6,0.6535247824734643,2031
006/079-mft-ASAQ_75-ASPY65_25,7,0.6594333907711866,2031
006/079-mft-ASAQ_75-ASPY65_25,8,0.6671256636088015,2031
006/079-mft-ASAQ_75-ASPY65_25,9,0.6787404552325915,2031
006/079-mft-ASAQ_75-ASPY65_25,10,0.6399867413982917,2031
006/079-mft-ASAQ_75-ASPY65_25,11,0.6468507579724168,2031
006/079-mft-ASAQ_75-ASPY65_25,12,0.6773756392795258,2031
006/079-mft-ASAQ_75-ASPY65_25,13,0.6645665296511626,2031
006/079-mft-ASAQ_75-ASPY65_25,14,0.7041580805023097,2031
006/079-mft-ASAQ_75-ASPY65_25,15,0.6529346139679976,2031
006/079-mft-ASAQ_75-ASPY65_25,16,0.6727605008026579,2031
006/079-mft-ASAQ_75-ASPY65_25,17,0.6581091716203324,2031
006/079-mft-ASAQ_75-ASPY65_25,18,0.6697875129773482,2031
006/079-mft-ASAQ_75-ASPY65_25,19,0.6521280546695108,2031
006/079-mft-ASAQ_75-ASPY65_25,20,0.6672205140344517,2031
006/079-mft-ASAQ_75-ASPY65_25,21,0.6510357831471135,2031
006/079-mft-ASAQ_75-ASPY65_25,22,0.6926222373239136,2031
006/079-mft-ASAQ_75-ASPY65_25,23,0.6857330760209672,2031
006/079-mft-ASAQ_75-ASPY65_25,24,0.6816231404295586,2031
006/079-mft-ASAQ_75-ASPY65_25,25,0.6504759312019042,2031
006/079-mft-ASAQ_75-ASPY65_25,26,0.6745273998008546,2031
006/079-mft-ASAQ_75-ASPY65_25,27,0.659808390326618,2031
006/079-mft-ASAQ_75-ASPY65_25,28,0.6793294219231365,2031
006/079-mft-ASAQ_75-ASPY65_25,29,0.6920198691049526,2031
006/079-mft-ASAQ_75-ASPY65_25,30,0.6923427180002157,2031
006/079-mft-ASAQ_75-ASPY65_25,31,0.6767735544083742,2031
006/079-mft-ASAQ_75-ASPY65_25,32,0.6506695953166453,2031
006/079-mft-ASAQ_75-ASPY65_25,33,0.6281298812002991,2031
006/079-mft-ASAQ_75-ASPY65_25,34,0.6549309446616498,2031
006/079-mft-ASAQ_75-ASPY65_25,35,0.6684174000458168,2031
006/079-mft-ASAQ_75-ASPY65_25,36,0.6512577766146953,2031
006/079-mft-ASAQ_75-ASPY65_25,37,0.6765028512351648,2031
006/079-mft-ASAQ_75-ASPY65_25,38,0.6936500555409233,2031
006/079-mft-ASAQ_75-ASPY65_25,39,0.6519498541251719,2031
006/079-mft-ASAQ_75-ASPY65_25,40,0.636473216890295,2031
006/079-mft-ASAQ_75-ASPY65_25,41,0.6287683905958095,2031
006/079-mft-ASAQ_75-ASPY65_25,42,0.6620097694973105,2031
006/079-mft-ASAQ_75-ASPY65_25,43,0.6740415326438939,2031
006/079-mft-ASAQ_75-ASPY65_25,44,0.6434389039327103,2031
006/079-mft-ASAQ_75-ASPY65_25,45,0.6951304107950134,2031
006/079-mft-ASAQ_75-ASPY65_25,46,0.6816321889448825,2031
006/079-mft-ASAQ_75-ASPY65_25,47,0.6881261405061041,2031
006/079-mft-ASAQ_75-ASPY65_25,48,0.660447680246329,2031
006/079-mft-ASAQ_75-ASPY65_25,49,0.6946388837494261,2031
006/079-mft-ASAQ_75-ASPY65_25,50,0.6765737657890304,2031
006/079-mft-ASAQ_75-ASPY65_25,51,0.6610233898942734,2031
006/079-mft-ASAQ_75-ASPY65_25,52,0.6897117489296347,2031
006/079-mft-ASAQ_75-ASPY65_25,53,0.6390094355438113,2031
006/079-mft-ASAQ_75-ASPY65_25,54,0.6889061288686644,2031
006/079-mft-ASAQ_75-ASPY65_25,55,0.6968877124824098,2031
006/079-mft-ASAQ_75-ASPY65_25,56,0.653395937697326,2031
006/079-mft-ASAQ_75-ASPY65_25,57,0.6654492259154315,2031
006/079-mft-ASAQ_75-ASPY65_25,58,0.6961537209186762,2031
006/079-mft-ASAQ_75-ASPY65_25,59,0.6523522965044958,2031
006/079-mft-ASAQ_75-ASPY65_25,60,0.6831476741317318,2031
006/079-mft-ASAQ_75-ASPY65_25,61,0.6444931180082293,2031
006/079-mft-ASAQ_75-ASPY65_25,62,0.6483021524611202,2031
006/079-mft-ASAQ_75-ASPY65_25,63,0.6686968264675808,2031
006/079-mft-ASAQ_75-ASPY65_25,64,0.6375681064139765,2031
006/079-mft-ASAQ_75-ASPY65_25,65,0.6759957395775622,2031
006/079-mft-ASAQ_75-ASPY65_25,66,0.6869239261607237,2031
006/079-mft-ASAQ_75-ASPY65_25,67,0.6691836248482287,2031
006/079-mft-ASAQ_75-ASPY65_25,68,0.6975182808245556,2031
006/079-mft-ASAQ_75-ASPY65_25,69,0.654662418195084,2031
006/079-mft-ASAQ_75-ASPY65_25,70,0.6672917591864467,2031
006/079-mft-ASAQ_75-ASPY65_25,71,0.6588349688925511,2031
006/079-mft-ASAQ_75-ASPY65_25,72,0.6585441376276053,2031
006/079-mft-ASAQ_75-ASPY65_25,73,0.6612939755408934,2031
006/079-mft-ASAQ_75-ASPY65_25,74,0.6842271370028782,2031
006/079-mft-ASAQ_75-ASPY65_25,75,0.6625994801531152,2031
006/079-mft-ASAQ_75-ASPY65_25,76,0.6443879727461508,2031
006/079-mft-ASAQ_75-ASPY65_25,77,0.6705732587820649,2031
006/079-mft-ASAQ_75-ASPY65_25,78,0.6716250737982379,2031
006/079-mft-ASAQ_75-ASPY65_25,79,0.6471164498019637,2031
006/079-mft-ASAQ_75-ASPY65_25,80,0.664371864899446,2031
006/079-mft-ASAQ_75-ASPY65_25,81,0.6433587940723282,2031
006/079-mft-ASAQ_75-ASPY65_25,82,0.6671681559288314,2031
006/079-mft-ASAQ_75-ASPY65_25,83,0.6316300794752961,2031
006/079-mft-ASAQ_75-ASPY65_25,84,0.6881357043996004,2031
006/079-mft-ASAQ_75-ASPY65_25,85,0.6771056278718345,2031
006/079-mft-ASAQ_75-ASPY65_25,86,0.6321036383465101,2031
006/079-mft-ASAQ_75-ASPY65_25,87,0.6864122676754664,2031
006/079-mft-ASAQ_75-ASPY65_25,88,0.6836981839976245,2031
006/079-mft-ASAQ_75-ASPY65_25,89,0.6853525421970509,2031
006/079-mft-ASAQ_75-ASPY65_25,90,0.6881690695387146,2031
006/079-mft-ASAQ_75-ASPY65_25,91,0.6566874293874287,2031
006/079-mft-ASAQ_75-ASPY65_25,92,0.6677315582924116,2031
006/079-mft-ASAQ_75-ASPY65_25,93,0.682530839460175,2031
006/079-mft-ASAQ_75-ASPY65_25,94,0.6371992423284046,2031
006/079-mft-ASAQ_75-ASPY65_25,95,0.669777222502488,2031
006/079-mft-ASAQ_75-ASPY65_25,96,0.6760115027415122,2031
006/079-mft-ASAQ_75-ASPY65_25,97,0.6758146071325842,2031
006/079-mft-ASAQ_75-ASPY65_25,98,0.7161998018658403,2031
006/079-mft-ASAQ_75-ASPY65_25,99,0.6747149494932869,2031
006/080-mft-ASAQ_50-ASPY85_50,0,0.6592718168874273,2031
006/080-mft-ASAQ_50-ASPY85_50,1,0.6402150164568575,2031
006/080-mft-ASAQ_50-ASPY85_50,2,0.677882258747899,2031
006/080-mft-ASAQ_50-ASPY85_50,3,0.6725200443774163,2031
006/080-mft-ASAQ_50-ASPY85_50,4,0.6580355186551027,2031
006/080-mft-ASAQ_50-ASPY85_50,5,0.6789672261715678,2031
006/080-mft-ASAQ_50-ASPY85_50,6,0.6370499438346955,2031
006/080-mft-ASAQ_50-ASPY85_50,7,0.6657819375421345,2031
006/080-mft-ASAQ_50-ASPY85_50,8,0.6616845366296176,2031
006/080-mft-ASAQ_50-ASPY85_50,9,0.666057871579594,2031
006/080-mft-ASAQ_50-ASPY85_50,10,0.6484767166685667,2031
006/080-mft-ASAQ_50-ASPY85_50,11,0.6722505837620926,2031
006/080-mft-ASAQ_50-ASPY85_50,12,0.6960864816472362,2031
006/080-mft-ASAQ_50-ASPY85_50,13,0.6495267124700775,2031
006/080-mft-ASAQ_50-ASPY85_50,14,0.681776220602068,2031
006/080-mft-ASAQ_50-ASPY85_50,15,0.6958351569207767,2031
006/080-mft-ASAQ_50-ASPY85_50,16,0.647034337666614,2031
006/080-mft-ASAQ_50-ASPY85_50,17,0.6591440966722059,2031
006/080-mft-ASAQ_50-ASPY85_50,18,0.6739252664547436,2031
006/080-mft-ASAQ_50-ASPY85_50,19,0.6751943126540584,2031
006/080-mft-ASAQ_50-ASPY85_50,20,0.6595625580808496,2031
006/080-mft-ASAQ_50-ASPY85_50,21,0.704554897959964,2031
006/080-mft-ASAQ_50-ASPY85_50,22,0.6511673571403697,2031
006/080-mft-ASAQ_50-ASPY85_50,23,0.6552144461362505,2031
006/080-mft-ASAQ_50-ASPY85_50,24,0.6534307232650103,2031
006/080-mft-ASAQ_50-ASPY85_50,25,0.6704202065143773,2031
006/080-mft-ASAQ_50-ASPY85_50,26,0.681671719372022,2031
006/080-mft-ASAQ_50-ASPY85_50,27,0.6948101162986794,2031
006/080-mft-ASAQ_50-ASPY85_50,28,0.6720022030159866,2031
006/080-mft-ASAQ_50-ASPY85_50,29,0.6761350181279983,2031
006/080-mft-ASAQ_50-ASPY85_50,30,0.6878962056877032,2031
006/080-mft-ASAQ_50-ASPY85_50,31,0.676159649872242,2031
006/080-mft-ASAQ_50-ASPY85_50,32,0.6848096419669628,2031
006/080-mft-ASAQ_50-ASPY85_50,33,0.633961708256188,2031
006/080-mft-ASAQ_50-ASPY85_50,34,0.6470216545521351,2031
006/080-mft-ASAQ_50-ASPY85_50,35,0.6842468758113679,2031
006/080-mft-ASAQ_50-ASPY85_50,36,0.6672724058022825,2031
006/080-mft-ASAQ_50-ASPY85_50,37,0.6484670425612387,2031
006/080-mft-ASAQ_50-ASPY85_50,38,0.6765439278591598,2031
006/080-mft-ASAQ_50-ASPY85_50,39,0.6615407168566899,2031
006/080-mft-ASAQ_50-ASPY85_50,40,0.651041377361572,2031
006/080-mft-ASAQ_50-ASPY85_50,41,0.6866978406514849,2031
006/080-mft-ASAQ_50-ASPY85_50,42,0.645270956925425,2031
006/080-mft-ASAQ_50-ASPY85_50,43,0.6608145548459805,2031
006/080-mft-ASAQ_50-ASPY85_50,44,0.6865967088344344,2031
006/080-mft-ASAQ_50-ASPY85_50,45,0.6728292863084913,2031
006/080-mft-ASAQ_50-ASPY85_50,46,0.6664421434202681,2031
006/080-mft-ASAQ_50-ASPY85_50,47,0.6814288989286439,2031
006/080-mft-ASAQ_50-ASPY85_50,48,0.7096752054667149,2031
006/080-mft-ASAQ_50-ASPY85_50,49,0.6579182273066021,2031
006/080-mft-ASAQ_50-ASPY85_50,50,0.6822584980870473,2031
006/080-mft-ASAQ_50-ASPY85_50,51,0.6704726668645876,2031
006/080-mft-ASAQ_50-ASPY85_50,52,0.6739917631527005,2031
006/080-mft-ASAQ_50-ASPY85_50,53,0.7219890588876847,2031
006/080-mft-ASAQ_50-ASPY85_50,54,0.6633309774399017,2031
006/080-mft-ASAQ_50-ASPY85_50,55,0.6756676890725246,2031
006/080-mft-ASAQ_50-ASPY85_50,56,0.6421414967653023,2031
006/080-mft-ASAQ_50-ASPY85_50,57,0.6664883432219867,2031
006/080-mft-ASAQ_50-ASPY85_50,58,0.6750082464560468,2031
006/080-mft-ASAQ_50-ASPY85_50,59,0.7046603612524334,2031
006/080-mft-ASAQ_50-ASPY85_50,60,0.684278899426281,2031
006/080-mft-ASAQ_50-ASPY85_50,61,0.6416580934474895,2031
006/080-mft-ASAQ_50-ASPY85_50,62,0.666071110890205,2031
006/080-mft-ASAQ_50-ASPY85_50,63,0.6684224810616527,2031
006/080-mft-ASAQ_50-ASPY85_50,64,0.639724493582934,2031
006/080-mft-ASAQ_50-ASPY85_50,65,0.64122235859274,2031
006/080-mft-ASAQ_50-ASPY85_50,66,0.6785609263051476,2031
006/080-mft-ASAQ_50-ASPY85_50,67,0.6854174164083053,2031
006/080-mft-ASAQ_50-ASPY85_50,68,0.6637979956039693,2031
006/080-mft-ASAQ_50-ASPY85_50,69,0.6726214443205928,2031
006/080-mft-ASAQ_50-ASPY85_50,70,0.676424841923461,2031
006/080-mft-ASAQ_50-ASPY85_50,71,0.6756478672466155,2031
006/080-mft-ASAQ_50-ASPY85_50,72,0.6759241749372352,2031
006/080-mft-ASAQ_50-ASPY85_50,73,0.6928229088813898,2031
006/080-mft-ASAQ_50-ASPY85_50,74,0.6840878268912226,2031
006/080-mft-ASAQ_50-ASPY85_50,75,0.671956698517524,2031
006/080-mft-ASAQ_50-ASPY85_50,76,0.668214697773324,2031
006/080-mft-ASAQ_50-ASPY85_50,77,0.6639342293651892,2031
006/080-mft-ASAQ_50-ASPY85_50,78,0.6621618689196317,2031
006/080-mft-ASAQ_50-ASPY85_50,79,0.6551961688647975,2031
006/080-mft-ASAQ_50-ASPY85_50,80,0.6715516893987631,2031
006/080-mft-ASAQ_50-ASPY85_50,81,0.6624377155747104,2031
006/080-mft-ASAQ_50-ASPY85_50,82,0.65222114184901,2031
006/080-mft-ASAQ_50-ASPY85_50,83,0.6761385476399161,2031
006/080-mft-ASAQ_50-ASPY85_50,84,0.656496912167024,2031
006/080-mft-ASAQ_50-ASPY85_50,85,0.6791159951684365,2031
006/080-mft-ASAQ_50-ASPY85_50,86,0.6463302884956112,2031
006/080-mft-ASAQ_50-ASPY85_50,87,0.6627974355111798,2031
006/080-mft-ASAQ_50-ASPY85_50,88,0.6367418470219627,2031
006/080-mft-ASAQ_50-ASPY85_50,89,0.6760368325598236,2031
006/080-mft-ASAQ_50-ASPY85_50,90,0.6940654930082063,2031
006/080-mft-ASAQ_50-ASPY85_50,91,0.6765932772289148,2031
006/080-mft-ASAQ_50-ASPY85_50,92,0.692392770789329,2031
006/080-mft-ASAQ_50-ASPY85_50,93,0.6742238092388204,2031
006/080-mft-ASAQ_50-ASPY85_50,94,0.6888196103748095,2031
006/080-mft-ASAQ_50-ASPY85_50,95,0.6760014990351277,2031
006/080-mft-ASAQ_50-ASPY85_50,96,0.6520218845203042,2031
006/080-mft-ASAQ_50-ASPY85_50,97,0.6487682386797412,2031
006/080-mft-ASAQ_50-ASPY85_50,98,0.6585613639187001,2031
006/080-mft-ASAQ_50-ASPY85_50,99,0.6812113445564995,2031
006/081-mft-ASAQ_50-ASPY75_50,0,0.6934761755134708,2031
006/081-mft-ASAQ_50-ASPY75_50,1,0.6593721930467614,2031
006/081-mft-ASAQ_50-ASPY75_50,2,0.6660780912813672,2031
006/081-mft-ASAQ_50-ASPY75_50,3,0.6759098669599236,2031
006/081-mft-ASAQ_50-ASPY75_50,4,0.6477276915383888,2031
006/081-mft-ASAQ_50-ASPY75_50,5,0.6768161292999023,2031
006/081-mft-ASAQ_50-ASPY75_50,6,0.690208250186787,2031
006/081-mft-ASAQ_50-ASPY75_50,7,0.6766733271775838,2031
006/081-mft-ASAQ_50-ASPY75_50,8,0.6711966099048762,2031
006/081-mft-ASAQ_50-ASPY75_50,9,0.6718945740134248,2031
006/081-mft-ASAQ_50-ASPY75_50,10,0.6383825399685298,2031
006/081-mft-ASAQ_50-ASPY75_50,11,0.6785064741990751,2031
006/081-mft-ASAQ_50-ASPY75_50,12,0.6711381237520949,2031
006/081-mft-ASAQ_50-ASPY75_50,13,0.6880642541276503,2031
006/081-mft-ASAQ_50-ASPY75_50,14,0.6620373236879348,2031
006/081-mft-ASAQ_50-ASPY75_50,15,0.6883915185534314,2031
006/081-mft-ASAQ_50-ASPY75_50,16,0.6825164480511199,2031
006/081-mft-ASAQ_50-ASPY75_50,17,0.6795522127159446,2031
006/081-mft-ASAQ_50-ASPY75_50,18,0.66738803979542,2031
006/081-mft-ASAQ_50-ASPY75_50,19,0.6752547069206329,2031
006/081-mft-ASAQ_50-ASPY75_50,20,0.68183476304779,2031
006/081-mft-ASAQ_50-ASPY75_50,21,0.6819869749463193,2031
006/081-mft-ASAQ_50-ASPY75_50,22,0.6688783428736466,2031
006/081-mft-ASAQ_50-ASPY75_50,23,0.6431643357552672,2031
006/081-mft-ASAQ_50-ASPY75_50,24,0.6669683826907223,2031
006/081-mft-ASAQ_50-ASPY75_50,25,0.6463181216915054,2031
006/081-mft-ASAQ_50-ASPY75_50,26,0.6688689820049528,2031
006/081-mft-ASAQ_50-ASPY75_50,27,0.6653859588918348,2031
006/081-mft-ASAQ_50-ASPY75_50,28,0.657562188075106,2031
006/081-mft-ASAQ_50-ASPY75_50,29,0.6879526125430472,2031
006/081-mft-ASAQ_50-ASPY75_50,30,0.7231950100900345,2031
006/081-mft-ASAQ_50-ASPY75_50,31,0.6932669885016916,2031
006/081-mft-ASAQ_50-ASPY75_50,32,0.6819249086962124,2031
006/081-mft-ASAQ_50-ASPY75_50,33,0.6716163632583108,2031
006/081-mft-ASAQ_50-ASPY75_50,34,0.6353406216991749,2031
006/081-mft-ASAQ_50-ASPY75_50,35,0.6742772021180133,2031
006/081-mft-ASAQ_50-ASPY75_50,36,0.6619025272750342,2031
006/081-mft-ASAQ_50-ASPY75_50,37,0.6971308289787771,2031
006/081-mft-ASAQ_50-ASPY75_50,38,0.6793312063406914,2031
006/081-mft-ASAQ_50-ASPY75_50,39,0.6515340636551341,2031
006/081-mft-ASAQ_50-ASPY75_50,40,0.652937176489949,2031
006/081-mft-ASAQ_50-ASPY75_50,41,0.6581622197486601,2031
006/081-mft-ASAQ_50-ASPY75_50,42,0.6723811105317209,2031
006/081-mft-ASAQ_50-ASPY75_50,43,0.6760750797015443,2031
006/081-mft-ASAQ_50-ASPY75_50,44,0.6791886761532351,2031
006/081-mft-ASAQ_50-ASPY75_50,45,0.6623787780481156,2031
006/081-mft-ASAQ_50-ASPY75_50,46,0.6691987567144871,2031
006/081-mft-ASAQ_50-ASPY75_50,47,0.6578765480542551,2031
006/081-mft-ASAQ_50-ASPY75_50,48,0.6748393044964084,2031
006/081-mft-ASAQ_50-ASPY75_50,49,0.705840321520074,2031
006/081-mft-ASAQ_50-ASPY75_50,50,0.6678447091023455,2031
006/081-mft-ASAQ_50-ASPY75_50,51,0.6615882732391548,2031
006/081-mft-ASAQ_50-ASPY75_50,52,0.6564599271008288,2031
006/081-mft-ASAQ_50-ASPY75_50,53,0.6618859584220974,2031
006/081-mft-ASAQ_50-ASPY75_50,54,0.6714317853462041,2031
006/081-mft-ASAQ_50-ASPY75_50,55,0.6601791173399724,2031
006/081-mft-ASAQ_50-ASPY75_50,56,0.6733914481098919,2031
006/081-mft-ASAQ_50-ASPY75_50,57,0.7009895256271118,2031
006/081-mft-ASAQ_50-ASPY75_50,58,0.6686300800581232,2031
006/081-mft-ASAQ_50-ASPY75_50,59,0.6877307836536976,2031
006/081-mft-ASAQ_50-ASPY75_50,60,0.6971556735661347,2031
006/081-mft-ASAQ_50-ASPY75_50,61,0.6621679225412731,2031
006/081-mft-ASAQ_50-ASPY75_50,62,0.6667126997745846,2031
006/081-mft-ASAQ_50-ASPY75_50,63,0.7028719032962368,2031
006/081-mft-ASAQ_50-ASPY75_50,64,0.6810832889272249,2031
006/081-mft-ASAQ_50-ASPY75_50,65,0.6613763692756464,2031
006/081-mft-ASAQ_50-ASPY75_50,66,0.6612361375796799,2031
006/081-mft-ASAQ_50-ASPY75_50,67,0.6736498698305163,2031
006/081-mft-ASAQ_50-ASPY75_50,68,0.6634624761386547,2031
006/081-mft-ASAQ_50-ASPY75_50,69,0.6545434828528698,2031
006/081-mft-ASAQ_50-ASPY75_50,70,0.6847787104005966,2031
006/081-mft-ASAQ_50-ASPY75_50,71,0.6727666966006183,2031
006/081-mft-ASAQ_50-ASPY75_50,72,0.6763091098651212,2031
006/081-mft-ASAQ_50-ASPY75_50,73,0.6605269045840014,2031
006/081-mft-ASAQ_50-ASPY75_50,74,0.6718173146350517,2031
006/081-mft-ASAQ_50-ASPY75_50,75,0.6771292283793201,2031
006/081-mft-ASAQ_50-ASPY75_50,76,0.6801722575805978,2031
006/081-mft-ASAQ_50-ASPY75_50,77,0.6983719213139473,2031
006/081-mft-ASAQ_50-ASPY75_50,78,0.6903588142588069,2031
006/081-mft-ASAQ_50-ASPY75_50,79,0.6700669479435253,2031
006/081-mft-ASAQ_50-ASPY75_50,80,0.6712842867781967,2031
006/081-mft-ASAQ_50-ASPY75_50,81,0.679443174295631,2031
006/081-mft-ASAQ_50-ASPY75_50,82,0.6752141597117887,2031
006/081-mft-ASAQ_50-ASPY75_50,83,0.6593797559970225,2031
006/081-mft-ASAQ_50-ASPY75_50,84,0.6502620458680829,2031
006/081-mft-ASAQ_50-ASPY75_50,85,0.6630555478970046,2031
006/081-mft-ASAQ_50-ASPY75_50,86,0.6801007740964047,2031
006/081-mft-ASAQ_50-ASPY75_50,87,0.6885980390851186,2031
006/081-mft-ASAQ_50-ASPY75_50,88,0.6971650983000949,2031
006/081-mft-ASAQ_50-ASPY75_50,89,0.7092421726195272,2031
006/081-mft-ASAQ_50-ASPY75_50,90,0.6824753489039109,2031
006/081-mft-ASAQ_50-ASPY75_50,91,0.6923535411250364,2031
006/081-mft-ASAQ_50-ASPY75_50,92,0.6528976157958275,2031
006/081-mft-ASAQ_50-ASPY75_50,93,0.6561496180814504,2031
006/081-mft-ASAQ_50-ASPY75_50,94,0.687409746156166,2031
006/081-mft-ASAQ_50-ASPY75_50,95,0.6511673401567456,2031
006/081-mft-ASAQ_50-ASPY75_50,96,0.6545086618375933,2031
006/081-mft-ASAQ_50-ASPY75_50,97,0.6726826581824917,2031
006/081-mft-ASAQ_50-ASPY75_50,98,0.6400450684492278,2031
006/081-mft-ASAQ_50-ASPY75_50,99,0.6592451441885331,2031
006/082-mft-ASAQ_50-ASPY65_50,0,0.6731497610658095,2031
006/082-mft-ASAQ_50-ASPY65_50,1,0.696108671089795,2031
006/082-mft-ASAQ_50-ASPY65_50,2,0.6920504002889826,2031
006/082-mft-ASAQ_50-ASPY65_50,3,0.6780319172236208,2031
006/082-mft-ASAQ_50-ASPY65_50,4,0.6751698305438439,2031
006/082-mft-ASAQ_50-ASPY65_50,5,0.6728338396911608,2031
006/082-mft-ASAQ_50-ASPY65_50,6,0.6673844675917177,2031
006/082-mft-ASAQ_50-ASPY65_50,7,0.665491225432542,2031
006/082-mft-ASAQ_50-ASPY65_50,8,0.6726460137872564,2031
006/082-mft-ASAQ_50-ASPY65_50,9,0.6799552474886004,2031
006/082-mft-ASAQ_50-ASPY65_50,10,0.6819019600594928,2031
006/082-mft-ASAQ_50-ASPY65_50,11,0.7090264734387622,2031
006/082-mft-ASAQ_50-ASPY65_50,12,0.6842487097939904,2031
006/082-mft-ASAQ_50-ASPY65_50,13,0.7014245706799874,2031
006/082-mft-ASAQ_50-ASPY65_50,14,0.6881983744313342,2031
006/082-mft-ASAQ_50-ASPY65_50,15,0.639643763196101,2031
006/082-mft-ASAQ_50-ASPY65_50,16,0.6681285918253113,2031
006/082-mft-ASAQ_50-ASPY65_50,17,0.7200215202670558,2031
006/082-mft-ASAQ_50-ASPY65_50,18,0.654642335964798,2031
006/082-mft-ASAQ_50-ASPY65_50,19,0.6686505393725319,2031
006/082-mft-ASAQ_50-ASPY65_50,20,0.659350584607449,2031
006/082-mft-ASAQ_50-ASPY65_50,21,0.6878767274431937,2031
006/082-mft-ASAQ_50-ASPY65_50,22,0.6821869899969154,2031
006/082-mft-ASAQ_50-ASPY65_50,23,0.6606172219880597,2031
006/082-mft-ASAQ_50-ASPY65_50,24,0.6831667273722037,2031
006/082-mft-ASAQ_50-ASPY65_50,25,0.6559748384156786,2031
006/082-mft-ASAQ_50-ASPY65_50,26,0.6632088419557565,2031
006/082-mft-ASAQ_50-ASPY65_50,27,0.6714337757448318,2031
006/082-mft-ASAQ_50-ASPY65_50,28,0.6661126420004365,2031
006/082-mft-ASAQ_50-ASPY65_50,29,0.682884170493894,2031
006/082-mft-ASAQ_50-ASPY65_50,30,0.6791470299063816,2031
006/082-mft-ASAQ_50-ASPY65_50,31,0.6857686027163713,2031
006/082-mft-ASAQ_50-ASPY65_50,32,0.6731340087488243,2031
006/082-mft-ASAQ_50-ASPY65_50,33,0.6818326025528353,2031
006/082-mft-ASAQ_50-ASPY65_50,34,0.68782094238175,2031
006/082-mft-ASAQ_50-ASPY65_50,35,0.6846993701204629,2031
006/082-mft-ASAQ_50-ASPY65_50,36,0.6589400728782837,2031
006/082-mft-ASAQ_50-ASPY65_50,37,0.7086304470364939,2031
006/082-mft-ASAQ_50-ASPY65_50,38,0.6753451093353746,2031
006/082-mft-ASAQ_50-ASPY65_50,39,0.6691491349363218,2031
006/082-mft-ASAQ_50-ASPY65_50,40,0.6491064887751702,2031
006/082-mft-ASAQ_50-ASPY65_50,41,0.6805767542668996,2031
006/082-mft-ASAQ_50-ASPY65_50,42,0.6746733831896478,2031
006/082-mft-ASAQ_50-ASPY65_50,43,0.6780150838076274,2031
006/082-mft-ASAQ_50-ASPY65_50,44,0.7118770159487596,2031
006/082-mft-ASAQ_50-ASPY65_50,45,0.6732447485209682,2031
006/082-mft-ASAQ_50-ASPY65_50,46,0.6685444985315095,2031
006/082-mft-ASAQ_50-ASPY65_50,47,0.6866410744278203,2031
006/082-mft-ASAQ_50-ASPY65_50,48,0.6878834080984871,2031
006/082-mft-ASAQ_50-ASPY65_50,49,0.641536495437723,2031
006/082-mft-ASAQ_50-ASPY65_50,50,0.6451806719926879,2031
006/082-mft-ASAQ_50-ASPY65_50,51,0.6975847550243165,2031
006/082-mft-ASAQ_50-ASPY65_50,52,0.6857124494849344,2031
006/082-mft-ASAQ_50-ASPY65_50,53,0.6909971770563823,2031
006/082-mft-ASAQ_50-ASPY65_50,54,0.7084962565008692,2031
006/082-mft-ASAQ_50-ASPY65_50,55,0.6712080287982589,2031
006/082-mft-ASAQ_50-ASPY65_50,56,0.6612974309911366,2031
006/082-mft-ASAQ_50-ASPY65_50,57,0.7003241774003445,2031
006/082-mft-ASAQ_50-ASPY65_50,58,0.6911167893129124,2031
006/082-mft-ASAQ_50-ASPY65_50,59,0.6729797362416227,2031
006/082-mft-ASAQ_50-ASPY65_50,60,0.6656254502762323,2031
006/082-mft-ASAQ_50-ASPY65_50,61,0.68302906159855,2031
006/082-mft-ASAQ_50-ASPY65_50,62,0.6877201241139925,2031
006/082-mft-ASAQ_50-ASPY65_50,63,0.6519364100058213,2031
006/082-mft-ASAQ_50-ASPY65_50,64,0.6750590661522963,2031
006/082-mft-ASAQ_50-ASPY65_50,65,0.6862097148798861,2031
006/082-mft-ASAQ_50-ASPY65_50,66,0.6522561487252625,2031
006/082-mft-ASAQ_50-ASPY65_50,67,0.6653492904030887,2031
006/082-mft-ASAQ_50-ASPY65_50,68,0.6808527435904391,2031
006/082-mft-ASAQ_50-ASPY65_50,69,0.67605758252121,2031
006/082-mft-ASAQ_50-ASPY65_50,70,0.6545297786409175,2031
006/082-mft-ASAQ_50-ASPY65_50,71,0.6930846543838384,2031
006/082-mft-ASAQ_50-ASPY65_50,72,0.7081766788141128,2031
006/082-mft-ASAQ_50-ASPY65_50,73,0.6494261911896874,2031
006/082-mft-ASAQ_50-ASPY65_50,74,0.6624603051909852,2031
006/082-mft-ASAQ_50-ASPY65_50,75,0.6938275128476529,2031
006/082-mft-ASAQ_50-ASPY65_50,76,0.711163623639394,2031
006/082-mft-ASAQ_50-ASPY65_50,77,0.6640838262262728,2031
006/082-mft-ASAQ_50-ASPY65_50,78,0.7107325437333413,2031
006/082-mft-ASAQ_50-ASPY65_50,79,0.7032351868254821,2031
006/082-mft-ASAQ_50-ASPY65_50,80,0.694279351037934,2031
006/082-mft-ASAQ_50-ASPY65_50,81,0.6951224217781529,2031
006/082-mft-ASAQ_50-ASPY65_50,82,0.7004134709623652,2031
006/082-mft-ASAQ_50-ASPY65_50,83,0.6829479458372117,2031
006/082-mft-ASAQ_50-ASPY65_50,84,0.6792901645786062,2031
006/082-mft-ASAQ_50-ASPY65_50,85,0.6775602707710147,2031
006/082-mft-ASAQ_50-ASPY65_50,86,0.6716851121921702,2031
006/082-mft-ASAQ_50-ASPY65_50,87,0.6765492576668476,2031
006/082-mft-ASAQ_50-ASPY65_50,88,0.6899806359574548,2031
006/082-mft-ASAQ_50-ASPY65_50,89,0.6628721047554486,2031
006/082-mft-ASAQ_50-ASPY65_50,90,0.6761634809637851,2031
006/082-mft-ASAQ_50-ASPY65_50,91,0.6812836897419258,2031
006/082-mft-ASAQ_50-ASPY65_50,92,0.6985157680358801,2031
006/082-mft-ASAQ_50-ASPY65_50,93,0.6737749529629924,2031
006/082-mft-ASAQ_50-ASPY65_50,94,0.6402504309922169,2031
006/082-mft-ASAQ_50-ASPY65_50,95,0.6553967160929901,2031
006/082-mft-ASAQ_50-ASPY65_50,96,0.6557377907572514,2031
006/082-mft-ASAQ_50-ASPY65_50,97,0.6743164953300086,2031
006/082-mft-ASAQ_50-ASPY65_50,98,0.7033301730983252,2031
006/082-mft-ASAQ_50-ASPY65_50,99,0.6502184965036908,2031
006/083-mft-AL-DHAPPQ-ASPY85,0,0.7408367807880908,2031
006/083-mft-AL-DHAPPQ-ASPY85,1,0.7324296177073023,2031
006/083-mft-AL-DHAPPQ-ASPY85,2,0.7397077120714662,2031
006/083-mft-AL-DHAPPQ-ASPY85,3,0.6982733452148713,2031
006/083-mft-AL-DHAPPQ-ASPY85,4,0.7068364978689146,2031
006/083-mft-AL-DHAPPQ-ASPY85,5,0.7255611365816445,2031
006/083-mft-AL-DHAPPQ-ASPY85,6,0.7063384334142366,2031
006/083-mft-AL-DHAPPQ-ASPY85,7,0.7264326398767501,2031
006/083-mft-AL-DHAPPQ-ASPY85,8,0.7485926586717008,2031
006/083-mft-AL-DHAPPQ-ASPY85,9,0.7469315403484976,2031
006/083-mft-AL-DHAPPQ-ASPY85,10,0.7338158045040957,2031
006/083-mft-AL-DHAPPQ-ASPY85,11,0.7352640785082696,2031
006/083-mft-AL-DHAPPQ-ASPY85,12,0.7390275727143304,2031
006/083-mft-AL-DHAPPQ-ASPY85,13,0.7306943446718358,2031
006/083-mft-AL-DHAPPQ-ASPY85,14,0.725261693674423,2031
006/083-mft-AL-DHAPPQ-ASPY85,15,0.7519290613921684,2031
006/083-mft-AL-DHAPPQ-ASPY85,16,0.6985033412214504,2031
006/083-mft-AL-DHAPPQ-ASPY85,17,0.7320808618378933,2031
006/083-mft-AL-DHAPPQ-ASPY85,18,0.7340906318583967,2031
006/083-mft-AL-DHAPPQ-ASPY85,19,0.7508028522946594,2031
006/083-mft-AL-DHAPPQ-ASPY85,20,0.7536190815964079,2031
006/083-mft-AL-DHAPPQ-ASPY85,21,0.7640225678569345,2031
006/083-mft-AL-DHAPPQ-ASPY85,22,0.7278319325705546,2031
006/083-mft-AL-DHAPPQ-ASPY85,23,0.733967375451876,2031
006/083-mft-AL-DHAPPQ-ASPY85,24,0.7411802405878795,2031
006/083-mft-AL-DHAPPQ-ASPY85,25,0.7190104677678915,2031
006/083-mft-AL-DHAPPQ-ASPY85,26,0.7592903199992788,2031
006/083-mft-AL-DHAPPQ-ASPY85,27,0.71873566460421,2031
006/083-mft-AL-DHAPPQ-ASPY85,28,0.7761008844938333,2031
006/083-mft-AL-DHAPPQ-ASPY85,29,0.7464602916262101,2031
006/083-mft-AL-DHAPPQ-ASPY85,30,0.7220400550248566,2031
006/083-mft-AL-DHAPPQ-ASPY85,31,0.7438841350272679,2031
006/083-mft-AL-DHAPPQ-ASPY85,32,0.7691930947293725,2031
006/083-mft-AL-DHAPPQ-ASPY85,33,0.7232817395990822,2031
006/083-mft-AL-DHAPPQ-ASPY85,34,0.7541021466341955,2031
006/083-mft-AL-DHAPPQ-ASPY85,35,0.7312872519080837,2031
006/083-mft-AL-DHAPPQ-ASPY85,36,0.7208804568614872,2031
006/083-mft-AL-DHAPPQ-ASPY85,37,0.7296295608113629,2031
006/083-mft-AL-DHAPPQ-ASPY85,38,0.7419017230531825,2031
006/083-mft-AL-DHAPPQ-ASPY85,39,0.7203025076348636,2031
006/083-mft-AL-DHAPPQ-ASPY85,40,0.7669531972705012,2031
006/083-mft-AL-DHAPPQ-ASPY85,41,0.7301829895508402,2031
006/083-mft-AL-DHAPPQ-ASPY85,42,0.7662436265636354,2031
006/083-mft-AL-DHAPPQ-ASPY85,43,0.7435368001070196,2031
006/083-mft-AL-DHAPPQ-ASPY85,44,0.7517435512383458,2031
006/083-mft-AL-DHAPPQ-ASPY85,45,0.7436455810351656,2031
006/083-mft-AL-DHAPPQ-ASPY85,46,0.7454298678199844,2031
006/083-mft-AL-DHAPPQ-ASPY85,47,0.7325348684474206,2031
006/083-mft-AL-DHAPPQ-ASPY85,48,0.7591973186922023,2031
006/083-mft-AL-DHAPPQ-ASPY85,49,0.7416537187518722,2031
006/083-mft-AL-DHAPPQ-ASPY85,50,0.7742476208981216,2031
006/083-mft-AL-DHAPPQ-ASPY85,51,0.6894067966995516,2031
006/083-mft-AL-DHAPPQ-ASPY85,52,0.743225801683343,2031
006/083-mft-AL-DHAPPQ-ASPY85,53,0.731013589357267,2031
006/083-mft-AL-DHAPPQ-ASPY85,54,0.7370698414064608,2031
006/083-mft-AL-DHAPPQ-ASPY85,55,0.7430918290066716,2031
006/083-mft-AL-DHAPPQ-ASPY85,56,0.7408979041277243,2031
006/083-mft-AL-DHAPPQ-ASPY85,57,0.7292620332922332,2031
006/083-mft-AL-DHAPPQ-ASPY85,58,0.7604669370576352,2031
006/083-mft-AL-DHAPPQ-ASPY85,59,0.7166878416637107,2031
006/083-mft-AL-DHAPPQ-ASPY85,60,0.7300492049646145,2031
006/083-mft-AL-DHAPPQ-ASPY85,61,0.6984822310883793,2031
006/083-mft-AL-DHAPPQ-ASPY85,62,0.7361944439290095,2031
006/083-mft-AL-DHAPPQ-ASPY85,63,0.7286696965839679,2031
006/083-mft-AL-DHAPPQ-ASPY85,64,0.7501175938345988,2031
006/083-mft-AL-DHAPPQ-ASPY85,65,0.7004862323886233,2031
006/083-mft-AL-DHAPPQ-ASPY85,66,0.7693593099506263,2031
006/083-mft-AL-DHAPPQ-ASPY85,67,0.7302320055049701,2031
006/083-mft-AL-DHAPPQ-ASPY85,68,0.7052580346554252,2031
006/083-mft-AL-DHAPPQ-ASPY85,69,0.746798386084189,2031
006/083-mft-AL-DHAPPQ-ASPY85,70,0.7143635584870198,2031
006/083-mft-AL-DHAPPQ-ASPY85,71,0.7359925963074371,2031
006/083-mft-AL-DHAPPQ-ASPY85,72,0.7173461463516237,2031
006/083-mft-AL-DHAPPQ-ASPY85,73,0.736901335576207,2031
006/083-mft-AL-DHAPPQ-ASPY85,74,0.7349035591776963,2031
006/083-mft-AL-DHAPPQ-ASPY85,75,0.7452633471188844,2031
006/083-mft-AL-DHAPPQ-ASPY85,76,0.7211488838427722,2031
006/083-mft-AL-DHAPPQ-ASPY85,77,0.7304374300530644,2031
006/083-mft-AL-DHAPPQ-ASPY85,78,0.7141448050022455,2031
006/083-mft-AL-DHAPPQ-ASPY85,79,0.7293854064981448,2031
006/083-mft-AL-DHAPPQ-ASPY85,80,0.6975088313822163,2031
006/083-mft-AL-DHAPPQ-ASPY85,81,0.7347105356813168,2031
006/083-mft-AL-DHAPPQ-ASPY85,82,0.7840052311931043,2031
006/083-mft-AL-DHAPPQ-ASPY85,83,0.7238784469135248,2031
006/083-mft-AL-DHAPPQ-ASPY85,84,0.7241542208734485,2031
006/083-mft-AL-DHAPPQ-ASPY85,85,0.7636659362334203,2031
006/083-mft-AL-DHAPPQ-ASPY85,86,0.7165693242772059,2031
006/083-mft-AL-DHAPPQ-ASPY85,87,0.7277984914066585,2031
006/083-mft-AL-DHAPPQ-ASPY85,88,0.7438853397775568,2031
006/083-mft-AL-DHAPPQ-ASPY85,89,0.7156938008408087,2031
006/083-mft-AL-DHAPPQ-ASPY85,90,0.7510361681858307,2031
006/083-mft-AL-DHAPPQ-ASPY85,91,0.7419210739459783,2031
006/083-mft-AL-DHAPPQ-ASPY85,92,0.7235930887503561,2031
006/083-mft-AL-DHAPPQ-ASPY85,93,0.7268873446351617,2031
006/083-mft-AL-DHAPPQ-ASPY85,94,0.7695415144273493,2031
006/083-mft-AL-DHAPPQ-ASPY85,95,0.7243693240885966,2031
006/083-mft-AL-DHAPPQ-ASPY85,96,0.7259417138861471,2031
006/083-mft-AL-DHAPPQ-ASPY85,97,0.7373689152817086,2031
006/083-mft-AL-DHAPPQ-ASPY85,98,0.7604832083423264,2031
006/083-mft-AL-DHAPPQ-ASPY85,99,0.7645987373657891,2031
006/084-mft-AL-DHAPPQ-ASPY75,0,0.7537928529248861,2031
006/084-mft-AL-DHAPPQ-ASPY75,1,0.7274296847248789,2031
006/084-mft-AL-DHAPPQ-ASPY75,2,0.722976492831718,2031
006/084-mft-AL-DHAPPQ-ASPY75,3,0.735763930912603,2031
006/084-mft-AL-DHAPPQ-ASPY75,4,0.7212911058162522,2031
006/084-mft-AL-DHAPPQ-ASPY75,5,0.7312859469012277,2031
006/084-mft-AL-DHAPPQ-ASPY75,6,0.7509820081255133,2031
006/084-mft-AL-DHAPPQ-ASPY75,7,0.7140954445037514,2031
006/084-mft-AL-DHAPPQ-ASPY75,8,0.7574186362622847,2031
006/084-mft-AL-DHAPPQ-ASPY75,9,0.731016875535115,2031
006/084-mft-AL-DHAPPQ-ASPY75,10,0.7503345854869669,2031
006/084-mft-AL-DHAPPQ-ASPY75,11,0.7424698669249258,2031
006/084-mft-AL-DHAPPQ-ASPY75,12,0.7386142595481391,2031
006/084-mft-AL-DHAPPQ-ASPY75,13,0.719276366108462,2031
006/084-mft-AL-DHAPPQ-ASPY75,14,0.7425920036780237,2031
006/084-mft-AL-DHAPPQ-ASPY75,15,0.7343911479628318,2031
006/084-mft-AL-DHAPPQ-ASPY75,16,0.7185782943869151,2031
006/084-mft-AL-DHAPPQ-ASPY75,17,0.7450528645361542,2031
006/084-mft-AL-DHAPPQ-ASPY75,18,0.7416375963402801,2031
006/084-mft-AL-DHAPPQ-ASPY75,19,0.7527045442326695,2031
006/084-mft-AL-DHAPPQ-ASPY75,20,0.7332548850835349,2031
006/084-mft-AL-DHAPPQ-ASPY75,21,0.7554513921772553,2031
006/084-mft-AL-DHAPPQ-ASPY75,22,0.75651358203047,2031
006/084-mft-AL-DHAPPQ-ASPY75,23,0.7158388078611694,2031
006/084-mft-AL-DHAPPQ-ASPY75,24,0.7371901780831388,2031
006/084-mft-AL-DHAPPQ-ASPY75,25,0.7448238709974829,2031
006/084-mft-AL-DHAPPQ-ASPY75,26,0.7223000506754275,2031
006/084-mft-AL-DHAPPQ-ASPY75,27,0.7477888953192324,2031
006/084-mft-AL-DHAPPQ-ASPY75,28,0.7597466920173241,2031
006/084-mft-AL-DHAPPQ-ASPY75,29,0.7490375243938642,2031
006/084-mft-AL-DHAPPQ-ASPY75,30,0.7376977015691121,2031
006/084-mft-AL-DHAPPQ-ASPY75,31,0.7365145963864009,2031
006/084-mft-AL-DHAPPQ-ASPY75,32,0.7484649369234401,2031
006/084-mft-AL-DHAPPQ-ASPY75,33,0.7400001972850497,2031
006/084-mft-AL-DHAPPQ-ASPY75,34,0.7552445999866028,2031
006/084-mft-AL-DHAPPQ-ASPY75,35,0.7401199275197308,2031
006/084-mft-AL-DHAPPQ-ASPY75,36,0.7367120694814305,2031
006/084-mft-AL-DHAPPQ-ASPY75,37,0.7603505194253173,2031
006/084-mft-AL-DHAPPQ-ASPY75,38,0.7388095225498916,2031
006/084-mft-AL-DHAPPQ-ASPY75,39,0.7321868628338731,2031
006/084-mft-AL-DHAPPQ-ASPY75,40,0.7049889601595013,2031
006/084-mft-AL-DHAPPQ-ASPY75,41,0.7367152536941427,2031
006/084-mft-AL-DHAPPQ-ASPY75,42,0.7511703466860175,2031
006/084-mft-AL-DHAPPQ-ASPY75,43,0.7451500263153868,2031
006/084-mft-AL-DHAPPQ-ASPY75,44,0.7445309226530802,2031
006/084-mft-AL-DHAPPQ-ASPY75,45,0.7391679052748663,2031
006/084-mft-AL-DHAPPQ-ASPY75,46,0.7267568170665731,2031
006/084-mft-AL-DHAPPQ-ASPY75,47,0.7519609964327371,2031
006/084-mft-AL-DHAPPQ-ASPY75,48,0.7601614533486173,2031
006/084-mft-AL-DHAPPQ-ASPY75,49,0.7591840320787592,2031
006/084-mft-AL-DHAPPQ-ASPY75,50,0.7332937209766613,2031
006/084-mft-AL-DHAPPQ-ASPY75,51,0.714998429308337,2031
006/084-mft-AL-DHAPPQ-ASPY75,52,0.7139958418794118,2031
006/084-mft-AL-DHAPPQ-ASPY75,53,0.7286098552612351,2031
006/084-mft-AL-DHAPPQ-ASPY75,54,0.7414353773407177,2031
006/084-mft-AL-DHAPPQ-ASPY75,55,0.7443360438605762,2031
006/084-mft-AL-DHAPPQ-ASPY75,56,0.7433809863019611,2031
006/084-mft-AL-DHAPPQ-ASPY75,57,0.7402604477824856,2031
006/084-mft-AL-DHAPPQ-ASPY75,58,0.7312112963961638,2031
006/084-mft-AL-DHAPPQ-ASPY75,59,0.7442452884683856,2031
006/084-mft-AL-DHAPPQ-ASPY75,60,0.7139793750532517,2031
006/084-mft-AL-DHAPPQ-ASPY75,61,0.7323371480780502,2031
006/084-mft-AL-DHAPPQ-ASPY75,62,0.7503798124728367,2031
006/084-mft-AL-DHAPPQ-ASPY75,63,0.7441410986450054,2031
006/084-mft-AL-DHAPPQ-ASPY75,64,0.742958176794192,2031
006/084-mft-AL-DHAPPQ-ASPY75,65,0.7548466211940067,2031
006/084-mft-AL-DHAPPQ-ASPY75,66,0.7514154374939536,2031
006/084-mft-AL-DHAPPQ-ASPY75,67,0.7414287501646452,2031
006/084-mft-AL-DHAPPQ-ASPY75,68,0.7269059692362423,2031
006/084-mft-AL-DHAPPQ-ASPY75,69,0.7421296743667666,2031
006/084-mft-AL-DHAPPQ-ASPY75,70,0.7175665578702842,2031
006/084-mft-AL-DHAPPQ-ASPY75,71,0.7482638324062288,2031
006/084-mft-AL-DHAPPQ-ASPY75,72,0.7212848521480036,2031
006/084-mft-AL-DHAPPQ-ASPY75,73,0.7321131489830134,2031
006/084-mft-AL-DHAPPQ-ASPY75,74,0.7444719501003224,2031
006/084-mft-AL-DHAPPQ-ASPY75,75,0.7450701104274238,2031
006/084-mft-AL-DHAPPQ-ASPY75,76,0.7647745610907598,2031
006/084-mft-AL-DHAPPQ-ASPY75,77,0.7053868760616471,2031
006/084-mft-AL-DHAPPQ-ASPY75,78,0.7144568778913344,2031
006/084-mft-AL-DHAPPQ-ASPY75,79,0.7291340567289094,2031
006/084-mft-AL-DHAPPQ-ASPY75,80,0.7387055392435973,2031
006/084-mft-AL-DHAPPQ-ASPY75,81,0.7701128242296983,2031
006/084-mft-AL-DHAPPQ-ASPY75,82,0.7285754621197178,2031
006/084-mft-AL-DHAPPQ-ASPY75,83,0.7069526680195702,2031
006/084-mft-AL-DHAPPQ-ASPY75,84,0.7403754118205786,2031
006/084-mft-AL-DHAPPQ-ASPY75,85,0.7659889644337922,2031
006/084-mft-AL-DHAPPQ-ASPY75,86,0.7274733364758781,2031
006/084-mft-AL-DHAPPQ-ASPY75,87,0.7338093003068037,2031
006/084-mft-AL-DHAPPQ-ASPY75,88,0.7289798389934342,2031
006/084-mft-AL-DHAPPQ-ASPY75,89,0.7614026223554027,2031
006/084-mft-AL-DHAPPQ-ASPY75,90,0.7329557694625767,2031
006/084-mft-AL-DHAPPQ-ASPY75,91,0.7431570672403494,2031
006/084-mft-AL-DHAPPQ-ASPY75,92,0.7371574503928691,2031
006/084-mft-AL-DHAPPQ-ASPY75,93,0.7658465832939673,2031
006/084-mft-AL-DHAPPQ-ASPY75,94,0.7178374334052545,2031
006/084-mft-AL-DHAPPQ-ASPY75,95,0.7577985319403523,2031
006/084-mft-AL-DHAPPQ-ASPY75,96,0.7336509560164419,2031
006/084-mft-AL-DHAPPQ-ASPY75,97,0.7567971942855282,2031
006/084-mft-AL-DHAPPQ-ASPY75,98,0.7185813824252123,2031
006/084-mft-AL-DHAPPQ-ASPY75,99,0.7286272252617887,2031
006/085-mft-AL-DHAPPQ-ASPY65,0,0.707866724461015,2031
006/085-mft-AL-DHAPPQ-ASPY65,1,0.7138508922673489,2031
006/085-mft-AL-DHAPPQ-ASPY65,2,0.7285198627721122,2031
006/085-mft-AL-DHAPPQ-ASPY65,3,0.6973334169569404,2031
006/085-mft-AL-DHAPPQ-ASPY65,4,0.7327077722542503,2031
006/085-mft-AL-DHAPPQ-ASPY65,5,0.7240683516209906,2031
006/085-mft-AL-DHAPPQ-ASPY65,6,0.7294250112461979,2031
006/085-mft-AL-DHAPPQ-ASPY65,7,0.7321367832301635,2031
006/085-mft-AL-DHAPPQ-ASPY65,8,0.757180045250883,2031
006/085-mft-AL-DHAPPQ-ASPY65,9,0.7142436508434246,2031
006/085-mft-AL-DHAPPQ-ASPY65,10,0.7379140049579719,2031
006/085-mft-AL-DHAPPQ-ASPY65,11,0.7542790366541983,2031
006/085-mft-AL-DHAPPQ-ASPY65,12,0.7482087867218196,2031
006/085-mft-AL-DHAPPQ-ASPY65,13,0.7471509901832607,2031
006/085-mft-AL-DHAPPQ-ASPY65,14,0.7070580200955209,2031
006/085-mft-AL-DHAPPQ-ASPY65,15,0.7447891380248328,2031
006/085-mft-AL-DHAPPQ-ASPY65,16,0.7347957235999646,2031
006/085-mft-AL-DHAPPQ-ASPY65,17,0.717455027304021,2031
006/085-mft-AL-DHAPPQ-ASPY65,18,0.732642437675811,2031
006/085-mft-AL-DHAPPQ-ASPY65,19,0.7166273142223019,2031
006/085-mft-AL-DHAPPQ-ASPY65,20,0.7195904361726545,2031
006/085-mft-AL-DHAPPQ-ASPY65,21,0.7538112195423904,2031
006/085-mft-AL-DHAPPQ-ASPY65,22,0.7301704328285389,2031
006/085-mft-AL-DHAPPQ-ASPY65,23,0.7332097319899361,2031
006/085-mft-AL-DHAPPQ-ASPY65,24,0.7438984666147616,2031
006/085-mft-AL-DHAPPQ-ASPY65,25,0.7277766470958899,2031
006/085-mft-AL-DHAPPQ-ASPY65,26,0.7608267380672756,2031
006/085-mft-AL-DHAPPQ-ASPY65,27,0.7030468722025236,2031
006/085-mft-AL-DHAPPQ-ASPY65,28,0.7239023425696424,2031
006/085-mft-AL-DHAPPQ-ASPY65,29,0.7376983536111403,2031
006/085-mft-AL-DHAPPQ-ASPY65,30,0.7565907190862028,2031
006/085-mft-AL-DHAPPQ-ASPY65,31,0.7455842580623521,2031
006/085-mft-AL-DHAPPQ-ASPY65,32,0.7451121541932207,2031
006/085-mft-AL-DHAPPQ-ASPY65,33,0.7231554174475083,2031
006/085-mft-AL-DHAPPQ-ASPY65,34,0.7318947358487341,2031
006/085-mft-AL-DHAPPQ-ASPY65,35,0.7323343980499385,2031
006/085-mft-AL-DHAPPQ-ASPY65,36,0.7423826570965805,2031
006/085-mft-AL-DHAPPQ-ASPY65,37,0.7152058048112898,2031
006/085-mft-AL-DHAPPQ-ASPY65,38,0.7440154143626915,2031
006/085-mft-AL-DHAPPQ-ASPY65,39,0.7424126034201636,2031
006/085-mft-AL-DHAPPQ-ASPY65,40,0.7578315596469584,2031
006/085-mft-AL-DHAPPQ-ASPY65,41,0.7147781883768992,2031
006/085-mft-AL-DHAPPQ-ASPY65,42,0.7213706153831971,2031
006/085-mft-AL-DHAPPQ-ASPY65,43,0.7377963915899187,2031
006/085-mft-AL-DHAPPQ-ASPY65,44,0.7584500744799882,2031
006/085-mft-AL-DHAPPQ-ASPY65,45,0.7382486456623497,2031
006/085-mft-AL-DHAPPQ-ASPY65,46,0.7221805266752092,2031
006/085-mft-AL-DHAPPQ-ASPY65,47,0.7138718511276284,2031
006/085-mft-AL-DHAPPQ-ASPY65,48,0.7160570936068047,2031
006/085-mft-AL-DHAPPQ-ASPY65,49,0.7229810022666507,2031
006/085-mft-AL-DHAPPQ-ASPY65,50,0.7279185647162558,2031
006/085-mft-AL-DHAPPQ-ASPY65,51,0.7371432426809551,2031
006/085-mft-AL-DHAPPQ-ASPY65,52,0.7447509538954264,2031
006/085-mft-AL-DHAPPQ-ASPY65,53,0.7388154472848335,2031
006/085-mft-AL-DHAPPQ-ASPY65,54,0.7246600817123622,2031
006/085-mft-AL-DHAPPQ-ASPY65,55,0.7123586545147519,2031
006/085-mft-AL-DHAPPQ-ASPY65,56,0.7464924633386733,2031
006/085-mft-AL-DHAPPQ-ASPY65,57,0.7602554898147162,2031
006/085-mft-AL-DHAPPQ-ASPY65,58,0.7201948691458709,2031
006/085-mft-AL-DHAPPQ-ASPY65,59,0.7314378805701831,2031
006/085-mft-AL-DHAPPQ-ASPY65,60,0.7309247244169036,2031
006/085-mft-AL-DHAPPQ-ASPY65,61,0.7268540301393386,2031
006/085-mft-AL-DHAPPQ-ASPY65,62,0.758981927036047,2031
006/085-mft-AL-DHAPPQ-ASPY65,63,0.756033522057023,2031
006/085-mft-AL-DHAPPQ-ASPY65,64,0.735186442068351,2031
006/085-mft-AL-DHAPPQ-ASPY65,65,0.7621109350631485,2031
006/085-mft-AL-DHAPPQ-ASPY65,66,0.7672337487141241,2031
006/085-mft-AL-DHAPPQ-ASPY65,67,0.7158671862304308,2031
006/085-mft-AL-DHAPPQ-ASPY65,68,0.7005672178295165,2031
006/085-mft-AL-DHAPPQ-ASPY65,69,0.7301798716998018,2031
006/085-mft-AL-DHAPPQ-ASPY65,70,0.7282440674496437,2031
006/085-mft-AL-DHAPPQ-ASPY65,71,0.7136398378451325,2031
006/085-mft-AL-DHAPPQ-ASPY65,72,0.7545620749369109,2031
006/085-mft-AL-DHAPPQ-ASPY65,73,0.7249149827030389,2031
006/085-mft-AL-DHAPPQ-ASPY65,74,0.7358213986996788,2031
006/085-mft-AL-DHAPPQ-ASPY65,75,0.7345057487142257,2031
006/085-mft-AL-DHAPPQ-ASPY65,76,0.7331821359033232,2031
006/085-mft-AL-DHAPPQ-ASPY65,77,0.7374474434723849,2031
006/085-mft-AL-DHAPPQ-ASPY65,78,0.7263509299241182,2031
006/085-mft-AL-DHAPPQ-ASPY65,79,0.7217247217321351,2031
006/085-mft-AL-DHAPPQ-ASPY65,80,0.732665622608626,2031
006/085-mft-AL-DHAPPQ-ASPY65,81,0.7653708235094133,2031
006/085-mft-AL-DHAPPQ-ASPY65,82,0.7242672865437146,2031
006/085-mft-AL-DHAPPQ-ASPY65,83,0.7614948008952626,2031
006/085-mft-AL-DHAPPQ-ASPY65,84,0.7334165098004704,2031
006/085-mft-AL-DHAPPQ-ASPY65,85,0.7286169526455907,2031
006/085-mft-AL-DHAPPQ-ASPY65,86,0.714151595762668,2031
006/085-mft-AL-DHAPPQ-ASPY65,87,0.7294637609958876,2031
006/085-mft-AL-DHAPPQ-ASPY65,88,0.7597137310508306,2031
006/085-mft-AL-DHAPPQ-ASPY65,89,0.7612361460234247,2031
006/085-mft-AL-DHAPPQ-ASPY65,90,0.7088034447101933,2031
006/085-mft-AL-DHAPPQ-ASPY65,91,0.7549494190405492,2031
006/085-mft-AL-DHAPPQ-ASPY65,92,0.7344993268838674,2031
006/085-mft-AL-DHAPPQ-ASPY65,93,0.7339871931762839,2031
006/085-mft-AL-DHAPPQ-ASPY65,94,0.7410566245802633,2031
006/085-mft-AL-DHAPPQ-ASPY65,95,0.7350647671950643,2031
006/085-mft-AL-DHAPPQ-ASPY65,96,0.759091483391702,2031
006/085-mft-AL-DHAPPQ-ASPY65,97,0.7167714173277245,2031
006/085-mft-AL-DHAPPQ-ASPY65,98,0.7282420105030861,2031
006/085-mft-AL-DHAPPQ-ASPY65,99,0.7161788864460581,2031
006/086-mft-ASAQ-DHAPPQ-ASPY85,0,0.6584462311980271,2031
006/086-mft-ASAQ-DHAPPQ-ASPY85,1,0.6930581268354384,2031
006/086-mft-ASAQ-DHAPPQ-ASPY85,2,0.6833183306561462,2031
006/086-mft-ASAQ-DHAPPQ-ASPY85,3,0.6681228736465284,2031
006/086-mft-ASAQ-DHAPPQ-ASPY85,4,0.6732287211737069,2031
006/086-mft-ASAQ-DHAPPQ-ASPY85,5,0.6842318722660984,2031
006/086-mft-ASAQ-DHAPPQ-ASPY85,6,0.630596684544435,2031
006/086-mft-ASAQ-DHAPPQ-ASPY85,7,0.681367048096697,2031
006/086-mft-ASAQ-DHAPPQ-ASPY85,8,0.678020516665525,2031
006/086-mft-ASAQ-DHAPPQ-ASPY85,9,0.6815372272569554,2031
006/086-mft-ASAQ-DHAPPQ-ASPY85,10,0.6965986312684117,2031
006/086-mft-ASAQ-DHAPPQ-ASPY85,11,0.6815385851200008,2031
006/086-mft-ASAQ-DHAPPQ-ASPY85,12,0.7258337121857396,2031
006/086-mft-ASAQ-DHAPPQ-ASPY85,13,0.6899954644179854,2031
006/086-mft-ASAQ-DHAPPQ-ASPY85,14,0.6819355787417853,2031
006/086-mft-ASAQ-DHAPPQ-ASPY85,15,0.6960528351419214,2031
006/086-mft-ASAQ-DHAPPQ-ASPY85,16,0.6745171089697682,2031
006/086-mft-ASAQ-DHAPPQ-ASPY85,17,0.6830382037426914,2031
006/086-mft-ASAQ-DHAPPQ-ASPY85,18,0.7034736626701116,2031
006/086-mft-ASAQ-DHAPPQ-ASPY85,19,0.6821440892764231,2031
006/086-mft-ASAQ-DHAPPQ-ASPY85,20,0.6851966010091332,2031
006/086-mft-ASAQ-DHAPPQ-ASPY85,21,0.7153955673503162,2031
006/086-mft-ASAQ-DHAPPQ-ASPY85,22,0.7063156172079221,2031
006/086-mft-ASAQ-DHAPPQ-ASPY85,23,0.6875604491385934,2031
006/086-mft-ASAQ-DHAPPQ-ASPY85,24,0.680592761999821,2031
006/086-mft-ASAQ-DHAPPQ-ASPY85,25,0.6531956797047015,2031
006/086-mft-ASAQ-DHAPPQ-ASPY85,26,0.7114638456782014,2031
006/086-mft-ASAQ-DHAPPQ-ASPY85,27,0.6729117681896408,2031
006/086-mft-ASAQ-DHAPPQ-ASPY85,28,0.6897602856187386,2031
006/086-mft-ASAQ-DHAPPQ-ASPY85,29,0.6971352027339816,2031
006/086-mft-ASAQ-DHAPPQ-ASPY85,30,0.6715033567327605,2031
006/086-mft-ASAQ-DHAPPQ-ASPY85,31,0.6823052638219806,2031
006/086-mft-ASAQ-DHAPPQ-ASPY85,32,0.7030838041980867,2031
006/086-mft-ASAQ-DHAPPQ-ASPY85,33,0.6859485788056152,2031
006/086-mft-ASAQ-DHAPPQ-ASPY85,34,0.6832117437668321,2031
006/086-mft-ASAQ-DHAPPQ-ASPY85,35,0.6915866090623825,2031
006/086-mft-ASAQ-DHAPPQ-ASPY85,36,0.6631351789718815,2031
006/086-mft-ASAQ-DHAPPQ-ASPY85,37,0.6770275454442295,2031
006/086-mft-ASAQ-DHAPPQ-ASPY85,38,0.646116529454832,2031
006/086-mft-ASAQ-DHAPPQ-ASPY85,39,0.6648441702781015,2031
006/086-mft-ASAQ-DHAPPQ-ASPY85,40,0.6727151132632847,2031
006/086-mft-ASAQ-DHAPPQ-ASPY85,41,0.6962215973528479,2031
006/086-mft-ASAQ-DHAPPQ-ASPY85,42,0.6728446866029921,2031
006/086-mft-ASAQ-DHAPPQ-ASPY85,43,0.686489720562991,2031
006/086-mft-ASAQ-DHAPPQ-ASPY85,44,0.6678040603684092,2031
006/086-mft-ASAQ-DHAPPQ-ASPY85,45,0.6896750643409687,2031
006/086-mft-ASAQ-DHAPPQ-ASPY85,46,0.6850317238216516,2031
006/086-mft-ASAQ-DHAPPQ-ASPY85,47,0.6908336516021277,2031
006/086-mft-ASAQ-DHAPPQ-ASPY85,48,0.6831209366731582,2031
006/086-mft-ASAQ-DHAPPQ-ASPY85,49,0.6658266231313997,2031
006/086-mft-ASAQ-DHAPPQ-ASPY85,50,0.6740329947958977,2031
006/086-mft-ASAQ-DHAPPQ-ASPY85,51,0.6592575888572877,2031
006/086-mft-ASAQ-DHAPPQ-ASPY85,52,0.7130045865358835,2031
006/086-mft-ASAQ-DHAPPQ-ASPY85,53,0.687509374477936,2031
006/086-mft-ASAQ-DHAPPQ-ASPY85,54,0.7252919037793558,2031
006/086-mft-ASAQ-DHAPPQ-ASPY85,55,0.6546783761464885,2031
006/086-mft-ASAQ-DHAPPQ-ASPY85,56,0.6471210967390556,2031
006/086-mft-ASAQ-DHAPPQ-ASPY85,57,0.6936513337727132,2031
006/086-mft-ASAQ-DHAPPQ-ASPY85,58,0.7214884584775835,2031
006/086-mft-ASAQ-DHAPPQ-ASPY85,59,0.6720796395681176,2031
006/086-mft-ASAQ-DHAPPQ-ASPY85,60,0.667112447882138,2031
006/086-mft-ASAQ-DHAPPQ-ASPY85,61,0.7093869098786659,2031
006/086-mft-ASAQ-DHAPPQ-ASPY85,62,0.6858511956390118,2031
006/086-mft-ASAQ-DHAPPQ-ASPY85,63,0.6559086878994105,2031
006/086-mft-ASAQ-DHAPPQ-ASPY85,64,0.6767827336754216,2031
006/086-mft-ASAQ-DHAPPQ-ASPY85,65,0.6748850917500172,2031
006/086-mft-ASAQ-DHAPPQ-ASPY85,66,0.6992054422625817,2031
006/086-mft-ASAQ-DHAPPQ-ASPY85,67,0.7244492942247648,2031
006/086-mft-ASAQ-DHAPPQ-ASPY85,68,0.6957385219632525,2031
006/086-mft-ASAQ-DHAPPQ-ASPY85,69,0.6642740256153693,2031
006/086-mft-ASAQ-DHAPPQ-ASPY85,70,0.6971783414199234,2031
006/086-mft-ASAQ-DHAPPQ-ASPY85,71,0.6715181896952145,2031
006/086-mft-ASAQ-DHAPPQ-ASPY85,72,0.6908444903964018,2031
006/086-mft-ASAQ-DHAPPQ-ASPY85,73,0.6710732797169362,2031
006/086-mft-ASAQ-DHAPPQ-ASPY85,74,0.6464209452147828,2031
006/086-mft-ASAQ-DHAPPQ-ASPY85,75,0.6652331894968152,2031
006/086-mft-ASAQ-DHAPPQ-ASPY85,76,0.6863483810689703,2031
006/086-mft-ASAQ-DHAPPQ-ASPY85,77,0.6846515712352875,2031
006/086-mft-ASAQ-DHAPPQ-ASPY85,78,0.644929111549283,2031
006/086-mft-ASAQ-DHAPPQ-ASPY85,79,0.7183340898025267,2031
006/086-mft-ASAQ-DHAPPQ-ASPY85,80,0.6846417565831452,2031
006/086-mft-ASAQ-DHAPPQ-ASPY85,81,0.6824531972032551,2031
006/086-mft-ASAQ-DHAPPQ-ASPY85,82,0.6866113305860274,2031
006/086-mft-ASAQ-DHAPPQ-ASPY85,83,0.7009784780010149,2031
006/086-mft-ASAQ-DHAPPQ-ASPY85,84,0.661800699931769,2031
006/086-mft-ASAQ-DHAPPQ-ASPY85,85,0.6735119182006083,2031
006/086-mft-ASAQ-DHAPPQ-ASPY85,86,0.6888921487247323,2031
006/086-mft-ASAQ-DHAPPQ-ASPY85,87,0.7007992988257166,2031
006/086-mft-ASAQ-DHAPPQ-ASPY85,88,0.6854960058525918,2031
006/086-mft-ASAQ-DHAPPQ-ASPY85,89,0.6875039239123689,2031
006/086-mft-ASAQ-DHAPPQ-ASPY85,90,0.6892824491505269,2031
006/086-mft-ASAQ-DHAPPQ-ASPY85,91,0.6868281169772782,2031
006/086-mft-ASAQ-DHAPPQ-ASPY85,92,0.6679341135003017,2031
006/086-mft-ASAQ-DHAPPQ-ASPY85,93,0.680240662286333,2031
006/086-mft-ASAQ-DHAPPQ-ASPY85,94,0.6746817083143445,2031
006/086-mft-ASAQ-DHAPPQ-ASPY85,95,0.701593577673707,2031
006/086-mft-ASAQ-DHAPPQ-ASPY85,96,0.6555964134146172,2031
006/086-mft-ASAQ-DHAPPQ-ASPY85,97,0.683585932344594,2031
006/086-mft-ASAQ-DHAPPQ-ASPY85,98,0.6677905989986895,2031
006/086-mft-ASAQ-DHAPPQ-ASPY85,99,0.6969236335152246,2031
006/087-mft-ASAQ-DHAPPQ-ASPY75,0,0.6712053331241967,2031
006/087-mft-ASAQ-DHAPPQ-ASPY75,1,0.6757260611373573,2031
006/087-mft-ASAQ-DHAPPQ-ASPY75,2,0.6777544623784372,2031
006/087-mft-ASAQ-DHAPPQ-ASPY75,3,0.7249684439597731,2031
006/087-mft-ASAQ-DHAPPQ-ASPY75,4,0.6678229784364227,2031
006/087-mft-ASAQ-DHAPPQ-ASPY75,5,0.6295707740469721,2031
006/087-mft-ASAQ-DHAPPQ-ASPY75,6,0.7224606965792456,2031
006/087-mft-ASAQ-DHAPPQ-ASPY75,7,0.7110025582507428,2031
006/087-mft-ASAQ-DHAPPQ-ASPY75,8,0.6762871802983749,2031
006/087-mft-ASAQ-DHAPPQ-ASPY75,9,0.6977232289068844,2031
006/087-mft-ASAQ-DHAPPQ-ASPY75,10,0.6854822064247824,2031
006/087-mft-ASAQ-DHAPPQ-ASPY75,11,0.6833122420729513,2031
006/087-mft-ASAQ-DHAPPQ-ASPY75,12,0.7082954467472248,2031
006/087-mft-ASAQ-DHAPPQ-ASPY75,13,0.6556968348145205,2031
006/087-mft-ASAQ-DHAPPQ-ASPY75,14,0.6653168501259537,2031
006/087-mft-ASAQ-DHAPPQ-ASPY75,15,0.6842153234601386,2031
006/087-mft-ASAQ-DHAPPQ-ASPY75,16,0.6900706626113955,2031
006/087-mft-ASAQ-DHAPPQ-ASPY75,17,0.6382995518038318,2031
006/087-mft-ASAQ-DHAPPQ-ASPY75,18,0.6842469103114609,2031
006/087-mft-ASAQ-DHAPPQ-ASPY75,19,0.7093013112958372,2031
006/087-mft-ASAQ-DHAPPQ-ASPY75,20,0.6559221940070853,2031
006/087-mft-ASAQ-DHAPPQ-ASPY75,21,0.7024290169181264,2031
006/087-mft-ASAQ-DHAPPQ-ASPY75,22,0.6717225016215801,2031
006/087-mft-ASAQ-DHAPPQ-ASPY75,23,0.698182072211564,2031
006/087-mft-ASAQ-DHAPPQ-ASPY75,24,0.6796292522878402,2031
006/087-mft-ASAQ-DHAPPQ-ASPY75,25,0.6787609560581624,2031
006/087-mft-ASAQ-DHAPPQ-ASPY75,26,0.6732805724226639,2031
006/087-mft-ASAQ-DHAPPQ-ASPY75,27,0.686821448627848,2031
006/087-mft-ASAQ-DHAPPQ-ASPY75,28,0.6828075839824826,2031
006/087-mft-ASAQ-DHAPPQ-ASPY75,29,0.6494959524763656,2031
006/087-mft-ASAQ-DHAPPQ-ASPY75,30,0.6889696128148293,2031
006/087-mft-ASAQ-DHAPPQ-ASPY75,31,0.6888937535973382,2031
006/087-mft-ASAQ-DHAPPQ-ASPY75,32,0.6943527526633243,2031
006/087-mft-ASAQ-DHAPPQ-ASPY75,33,0.6873727917703173,2031
006/087-mft-ASAQ-DHAPPQ-ASPY75,34,0.6538189717239137,2031
006/087-mft-ASAQ-DHAPPQ-ASPY75,35,0.6860522377308516,2031
006/087-mft-ASAQ-DHAPPQ-ASPY75,36,0.6691907546184171,2031
006/087-mft-ASAQ-DHAPPQ-ASPY75,37,0.6825190004337531,2031
006/087-mft-ASAQ-DHAPPQ-ASPY75,38,0.6809835781613582,2031
006/087-mft-ASAQ-DHAPPQ-ASPY75,39,0.6657961551511973,2031
006/087-mft-ASAQ-DHAPPQ-ASPY75,40,0.6655115165519838,2031
006/087-mft-ASAQ-DHAPPQ-ASPY75,41,0.662362484449832,2031
006/087-mft-ASAQ-DHAPPQ-ASPY75,42,0.6672432035636926,2031
006/087-mft-ASAQ-DHAPPQ-ASPY75,43,0.6549600514006405,2031
006/087-mft-ASAQ-DHAPPQ-ASPY75,44,0.6824143307169654,2031
006/087-mft-ASAQ-DHAPPQ-ASPY75,45,0.6971417106554899,2031
006/087-mft-ASAQ-DHAPPQ-ASPY75,46,0.6754376515684214,2031
006/087-mft-ASAQ-DHAPPQ-ASPY75,47,0.6826964237599622,2031
006/087-mft-ASAQ-DHAPPQ-ASPY75,48,0.6711017418742112,2031
006/087-mft-ASAQ-DHAPPQ-ASPY75,49,0.6744484640864101,2031
006/087-mft-ASAQ-DHAPPQ-ASPY75,50,0.6704114152792614,2031
006/087-mft-ASAQ-DHAPPQ-ASPY75,51,0.697323016141565,2031
006/087-mft-ASAQ-DHAPPQ-ASPY75,52,0.6925802726964707,2031
006/087-mft-ASAQ-DHAPPQ-ASPY75,53,0.6990503339732518,2031
006/087-mft-ASAQ-DHAPPQ-ASPY75,54,0.7064001975822899,2031
006/087-mft-ASAQ-DHAPPQ-ASPY75,55,0.6822365910693119,2031
006/087-mft-ASAQ-DHAPPQ-ASPY75,56,0.6901844745315749,2031
006/087-mft-ASAQ-DHAPPQ-ASPY75,57,0.7013602076608408,2031
006/087-mft-ASAQ-DHAPPQ-ASPY75,58,0.703837857699726,2031
006/087-mft-ASAQ-DHAPPQ-ASPY75,59,0.7057022671145955,2031
006/087-mft-ASAQ-DHAPPQ-ASPY75,60,0.6733693221454994,2031
006/087-mft-ASAQ-DHAPPQ-ASPY75,61,0.6712649022284184,2031
006/087-mft-ASAQ-DHAPPQ-ASPY75,62,0.6881380645037107,2031
006/087-mft-ASAQ-DHAPPQ-ASPY75,63,0.6909936061119102,2031
006/087-mft-ASAQ-DHAPPQ-ASPY75,64,0.702313491088193,2031
006/087-mft-ASAQ-DHAPPQ-ASPY75,65,0.67529173076692,2031
006/087-mft-ASAQ-DHAPPQ-ASPY75,66,0.6475626669786554,2031
006/087-mft-ASAQ-DHAPPQ-ASPY75,67,0.6608396829583824,2031
006/087-mft-ASAQ-DHAPPQ-ASPY75,68,0.7022457654765671,2031
006/087-mft-ASAQ-DHAPPQ-ASPY75,69,0.6700917546718138,2031
006/087-mft-ASAQ-DHAPPQ-ASPY75,70,0.659733176581609,2031
006/087-mft-ASAQ-DHAPPQ-ASPY75,71,0.6942952426969127,2031
006/087-mft-ASAQ-DHAPPQ-ASPY75,72,0.6890646271817845,2031
006/087-mft-ASAQ-DHAPPQ-ASPY75,73,0.6960748430594617,2031
006/087-mft-ASAQ-DHAPPQ-ASPY75,74,0.7043252887039965,2031
006/087-mft-ASAQ-DHAPPQ-ASPY75,75,0.6768486741000715,2031
006/087-mft-ASAQ-DHAPPQ-ASPY75,76,0.6752551386744287,2031
006/087-mft-ASAQ-DHAPPQ-ASPY75,77,0.676080609956105,2031
006/087-mft-ASAQ-DHAPPQ-ASPY75,78,0.7089580658390607,2031
006/087-mft-ASAQ-DHAPPQ-ASPY75,79,0.6907745995446674,2031
006/087-mft-ASAQ-DHAPPQ-ASPY75,80,0.6802468105026674,2031
006/087-mft-ASAQ-DHAPPQ-ASPY75,81,0.6958551126091413,2031
006/087-mft-ASAQ-DHAPPQ-ASPY75,82,0.6944493039167335,2031
006/087-mft-ASAQ-DHAPPQ-ASPY75,83,0.6844129667342237,2031
006/087-mft-ASAQ-DHAPPQ-ASPY75,84,0.6725616425660043,2031
006/087-mft-ASAQ-DHAPPQ-ASPY75,85,0.6921603687312947,2031
006/087-mft-ASAQ-DHAPPQ-ASPY75,86,0.6770746956422754,2031
006/087-mft-ASAQ-DHAPPQ-ASPY75,87,0.6661038927116284,2031
006/087-mft-ASAQ-DHAPPQ-ASPY75,88,0.6872769388033441,2031
006/087-mft-ASAQ-DHAPPQ-ASPY75,89,0.709909479318081,2031
006/087-mft-ASAQ-DHAPPQ-ASPY75,90,0.6796995749877293,2031
006/087-mft-ASAQ-DHAPPQ-ASPY75,91,0.6933916373001078,2031
006/087-mft-ASAQ-DHAPPQ-ASPY75,92,0.6972734126444404,2031
006/087-mft-ASAQ-DHAPPQ-ASPY75,93,0.704363279945816,2031
006/087-mft-ASAQ-DHAPPQ-ASPY75,94,0.6611748942810486,2031
006/087-mft-ASAQ-DHAPPQ-ASPY75,95,0.7127157351760848,2031
006/087-mft-ASAQ-DHAPPQ-ASPY75,96,0.684419813273244,2031
006/087-mft-ASAQ-DHAPPQ-ASPY75,97,0.6548779647349876,2031
006/087-mft-ASAQ-DHAPPQ-ASPY75,98,0.6922449025470964,2031
006/087-mft-ASAQ-DHAPPQ-ASPY75,99,0.6959567636049505,2031
006/088-mft-ASAQ-DHAPPQ-ASPY65,0,0.6627758994069466,2031
006/088-mft-ASAQ-DHAPPQ-ASPY65,1,0.7016018120464462,2031
006/088-mft-ASAQ-DHAPPQ-ASPY65,2,0.707570958956138,2031
006/088-mft-ASAQ-DHAPPQ-ASPY65,3,0.6809371634388569,2031
006/088-mft-ASAQ-DHAPPQ-ASPY65,4,0.6735359280728087,2031
006/088-mft-ASAQ-DHAPPQ-ASPY65,5,0.7087532178356394,2031
006/088-mft-ASAQ-DHAPPQ-ASPY65,6,0.6937481646271628,2031
006/088-mft-ASAQ-DHAPPQ-ASPY65,7,0.6964504524938103,2031
006/088-mft-ASAQ-DHAPPQ-ASPY65,8,0.6900720142996759,2031
006/088-mft-ASAQ-DHAPPQ-ASPY65,9,0.7056668330756235,2031
006/088-mft-ASAQ-DHAPPQ-ASPY65,10,0.6646674825586637,2031
006/088-mft-ASAQ-DHAPPQ-ASPY65,11,0.6578317460699309,2031
006/088-mft-ASAQ-DHAPPQ-ASPY65,12,0.6716349613376683,2031
006/088-mft-ASAQ-DHAPPQ-ASPY65,13,0.6349176101138184,2031
006/088-mft-ASAQ-DHAPPQ-ASPY65,14,0.6962904182974979,2031
006/088-mft-ASAQ-DHAPPQ-ASPY65,15,0.6941694582624715,2031
006/088-mft-ASAQ-DHAPPQ-ASPY65,16,0.6720621198474847,2031
006/088-mft-ASAQ-DHAPPQ-ASPY65,17,0.6977189936672121,2031
006/088-mft-ASAQ-DHAPPQ-ASPY65,18,0.6843273819204384,2031
006/088-mft-ASAQ-DHAPPQ-ASPY65,19,0.6820333741645777,2031
006/088-mft-ASAQ-DHAPPQ-ASPY65,20,0.6760306390619841,2031
006/088-mft-ASAQ-DHAPPQ-ASPY65,21,0.6602934259295669,2031
006/088-mft-ASAQ-DHAPPQ-ASPY65,22,0.7061563827867844,2031
006/088-mft-ASAQ-DHAPPQ-ASPY65,23,0.6642076606807944,2031
006/088-mft-ASAQ-DHAPPQ-ASPY65,24,0.6495611295208813,2031
006/088-mft-ASAQ-DHAPPQ-ASPY65,25,0.7086175936668261,2031
006/088-mft-ASAQ-DHAPPQ-ASPY65,26,0.6718807519387532,2031
006/088-mft-ASAQ-DHAPPQ-ASPY65,27,0.7067306263235819,2031
006/088-mft-ASAQ-DHAPPQ-ASPY65,28,0.7106337251837656,2031
006/088-mft-ASAQ-DHAPPQ-ASPY65,29,0.6970214166213652,2031
006/088-mft-ASAQ-DHAPPQ-ASPY65,30,0.6541931912281135,2031
006/088-mft-ASAQ-DHAPPQ-ASPY65,31,0.6903585284238177,2031
006/088-mft-ASAQ-DHAPPQ-ASPY65,32,0.6717046703532991,2031
006/088-mft-ASAQ-DHAPPQ-ASPY65,33,0.6832576171455522,2031
006/088-mft-ASAQ-DHAPPQ-ASPY65,34,0.6690301935760896,2031
006/088-mft-ASAQ-DHAPPQ-ASPY65,35,0.6755077209217499,2031
006/088-mft-ASAQ-DHAPPQ-ASPY65,36,0.6778131942215432,2031
006/088-mft-ASAQ-DHAPPQ-ASPY65,37,0.6766170437017536,2031
006/088-mft-ASAQ-DHAPPQ-ASPY65,38,0.6817018286234972,2031
006/088-mft-ASAQ-DHAPPQ-ASPY65,39,0.691678676358627,2031
006/088-mft-ASAQ-DHAPPQ-ASPY65,40,0.6750342334057898,2031
006/088-mft-ASAQ-DHAPPQ-ASPY65,41,0.7068302825070512,2031
006/088-mft-ASAQ-DHAPPQ-ASPY65,42,0.6602183801342285,2031
006/088-mft-ASAQ-DHAPPQ-ASPY65,43,0.6927092757772528,2031
006/088-mft-ASAQ-DHAPPQ-ASPY65,44,0.6368895554342926,2031
006/088-mft-ASAQ-DHAPPQ-ASPY65,45,0.7038221689530325,2031
006/088-mft-ASAQ-DHAPPQ-ASPY65,46,0.6769441017014709,2031
006/088-mft-ASAQ-DHAPPQ-ASPY65,47,0.6733951499374707,2031
006/088-mft-ASAQ-DHAPPQ-ASPY65,48,0.6871308673695107,2031
006/088-mft-ASAQ-DHAPPQ-ASPY65,49,0.7054024116009384,2031
006/088-mft-ASAQ-DHAPPQ-ASPY65,50,0.6930454413048407,2031
006/088-mft-ASAQ-DHAPPQ-ASPY65,51,0.678050399828351,2031
006/088-mft-ASAQ-DHAPPQ-ASPY65,52,0.6709280211713948,2031
006/088-mft-ASAQ-DHAPPQ-ASPY65,53,0.6781211194260179,2031
006/088-mft-ASAQ-DHAPPQ-ASPY65,54,0.6936680054779366,2031
006/088-mft-ASAQ-DHAPPQ-ASPY65,55,0.6658104037770182,2031
006/088-mft-ASAQ-DHAPPQ-ASPY65,56,0.6702353672751338,2031
006/088-mft-ASAQ-DHAPPQ-ASPY65,57,0.7112555553785133,2031
006/088-mft-ASAQ-DHAPPQ-ASPY65,58,0.7101728556909346,2031
006/088-mft-ASAQ-DHAPPQ-ASPY65,59,0.6551985671226461,2031
006/088-mft-ASAQ-DHAPPQ-ASPY65,60,0.6697492620390756,2031
006/088-mft-ASAQ-DHAPPQ-ASPY65,61,0.6915701796940779,2031
006/088-mft-ASAQ-DHAPPQ-ASPY65,62,0.671677944643997,2031
006/088-mft-ASAQ-DHAPPQ-ASPY65,63,0.6647423789015197,2031
006/088-mft-ASAQ-DHAPPQ-ASPY65,64,0.6586772781133182,2031
006/088-mft-ASAQ-DHAPPQ-ASPY65,65,0.6936740478315281,2031
006/088-mft-ASAQ-DHAPPQ-ASPY65,66,0.6956259458785569,2031
006/088-mft-ASAQ-DHAPPQ-ASPY65,67,0.6759830460488754,2031
006/088-mft-ASAQ-DHAPPQ-ASPY65,68,0.6641159376358451,2031
006/088-mft-ASAQ-DHAPPQ-ASPY65,69,0.6934328522570486,2031
006/088-mft-ASAQ-DHAPPQ-ASPY65,70,0.6731197216905773,2031
006/088-mft-ASAQ-DHAPPQ-ASPY65,71,0.6750828494724935,2031
006/088-mft-ASAQ-DHAPPQ-ASPY65,72,0.6769884688866493,2031
006/088-mft-ASAQ-DHAPPQ-ASPY65,73,0.6899979727400498,2031
006/088-mft-ASAQ-DHAPPQ-ASPY65,74,0.7066691223786531,2031
006/088-mft-ASAQ-DHAPPQ-ASPY65,75,0.6903994161764522,2031
006/088-mft-ASAQ-DHAPPQ-ASPY65,76,0.6719554848605117,2031
006/088-mft-ASAQ-DHAPPQ-ASPY65,77,0.6973496397400806,2031
006/088-mft-ASAQ-DHAPPQ-ASPY65,78,0.6623147214275656,2031
006/088-mft-ASAQ-DHAPPQ-ASPY65,79,0.6785165941826793,2031
006/088-mft-ASAQ-DHAPPQ-ASPY65,80,0.6975342210491405,2031
006/088-mft-ASAQ-DHAPPQ-ASPY65,81,0.680657749879399,2031
006/088-mft-ASAQ-DHAPPQ-ASPY65,82,0.6549527221734428,2031
006/088-mft-ASAQ-DHAPPQ-ASPY65,83,0.6573693171181875,2031
006/088-mft-ASAQ-DHAPPQ-ASPY65,84,0.6957807315753644,2031
006/088-mft-ASAQ-DHAPPQ-ASPY65,85,0.6803465343570113,2031
006/088-mft-ASAQ-DHAPPQ-ASPY65,86,0.6952605890418574,2031
006/088-mft-ASAQ-DHAPPQ-ASPY65,87,0.6621169477494038,2031
006/088-mft-ASAQ-DHAPPQ-ASPY65,88,0.6888206103462425,2031
006/088-mft-ASAQ-DHAPPQ-ASPY65,89,0.669419527187693,2031
006/088-mft-ASAQ-DHAPPQ-ASPY65,90,0.703438790950052,2031
006/088-mft-ASAQ-DHAPPQ-ASPY65,91,0.6546660578506206,2031
006/088-mft-ASAQ-DHAPPQ-ASPY65,92,0.6500555776913174,2031
006/088-mft-ASAQ-DHAPPQ-ASPY65,93,0.657118078617278,2031
006/088-mft-ASAQ-DHAPPQ-ASPY65,94,0.6872773239113555,2031
006/088-mft-ASAQ-DHAPPQ-ASPY65,95,0.6881141543625574,2031
006/088-mft-ASAQ-DHAPPQ-ASPY65,96,0.7071993846635012,2031
006/088-mft-ASAQ-DHAPPQ-ASPY65,97,0.6527105621313013,2031
006/088-mft-ASAQ-DHAPPQ-ASPY65,98,0.6650576437967993,2031
006/088-mft-ASAQ-DHAPPQ-ASPY65,99,0.6872278702860397,2031
006/089-mft-AL-ASAQ-DHAPPQ-ASPY85,0,0.7302069765406806,2031
006/089-mft-AL-ASAQ-DHAPPQ-ASPY85,1,0.7291975485026904,2031
006/089-mft-AL-ASAQ-DHAPPQ-ASPY85,2,0.7298569243435286,2031
006/089-mft-AL-ASAQ-DHAPPQ-ASPY85,3,0.7362238705698093,2031
006/089-mft-AL-ASAQ-DHAPPQ-ASPY85,4,0.6883096911359033,2031
006/089-mft-AL-ASAQ-DHAPPQ-ASPY85,5,0.722694809671864,2031
006/089-mft-AL-ASAQ-DHAPPQ-ASPY85,6,0.7152414331930488,2031
006/089-mft-AL-ASAQ-DHAPPQ-ASPY85,7,0.7258693717907542,2031
006/089-mft-AL-ASAQ-DHAPPQ-ASPY85,8,0.7219251264525516,2031
006/089-mft-AL-ASAQ-DHAPPQ-ASPY85,9,0.7228099551542385,2031
006/089-mft-AL-ASAQ-DHAPPQ-ASPY85,10,0.6925537799809085,2031
006/089-mft-AL-ASAQ-DHAPPQ-ASPY85,11,0.7208952125597295,2031
006/089-mft-AL-ASAQ-DHAPPQ-ASPY85,12,0.6906688258519599,2031
006/089-mft-AL-ASAQ-DHAPPQ-ASPY85,13,0.721353470736737,2031
006/089-mft-AL-ASAQ-DHAPPQ-ASPY85,14,0.7418262443864453,2031
006/089-mft-AL-ASAQ-DHAPPQ-ASPY85,15,0.738955224793192,2031
006/089-mft-AL-ASAQ-DHAPPQ-ASPY85,16,0.7328705174272706,2031
006/089-mft-AL-ASAQ-DHAPPQ-ASPY85,17,0.7267990892200894,2031
006/089-mft-AL-ASAQ-DHAPPQ-ASPY85,18,0.6830763480584885,2031
006/089-mft-AL-ASAQ-DHAPPQ-ASPY85,19,0.7516083132491449,2031
006/089-mft-AL-ASAQ-DHAPPQ-ASPY85,20,0.7144338877007206,2031
006/089-mft-AL-ASAQ-DHAPPQ-ASPY85,21,0.7354045454990548,2031
006/089-mft-AL-ASAQ-DHAPPQ-ASPY85,22,0.7002482117761497,2031
006/089-mft-AL-ASAQ-DHAPPQ-ASPY85,23,0.710153167411284,2031
006/089-mft-AL-ASAQ-DHAPPQ-ASPY85,24,0.7319185849574521,2031
006/089-mft-AL-ASAQ-DHAPPQ-ASPY85,25,0.7190525694486315,2031
006/089-mft-AL-ASAQ-DHAPPQ-ASPY85,26,0.7133729591861556,2031
006/089-mft-AL-ASAQ-DHAPPQ-ASPY85,27,0.712150397991652,2031
006/089-mft-AL-ASAQ-DHAPPQ-ASPY85,28,0.7337482754078577,2031
006/089-mft-AL-ASAQ-DHAPPQ-ASPY85,29,0.7022808093836114,2031
006/089-mft-AL-ASAQ-DHAPPQ-ASPY85,30,0.7356848648994873,2031
006/089-mft-AL-ASAQ-DHAPPQ-ASPY85,31,0.7035386605040813,2031
006/089-mft-AL-ASAQ-DHAPPQ-ASPY85,32,0.7015668175031752,2031
006/089-mft-AL-ASAQ-DHAPPQ-ASPY85,33,0.7285714805074325,2031
006/089-mft-AL-ASAQ-DHAPPQ-ASPY85,34,0.7051360121264754,2031
006/089-mft-AL-ASAQ-DHAPPQ-ASPY85,35,0.6977117224833388,2031
006/089-mft-AL-ASAQ-DHAPPQ-ASPY85,36,0.7458173800755022,2031
006/089-mft-AL-ASAQ-DHAPPQ-ASPY85,37,0.7186742517945394,2031
006/089-mft-AL-ASAQ-DHAPPQ-ASPY85,38,0.73974988073608,2031
006/089-mft-AL-ASAQ-DHAPPQ-ASPY85,39,0.7009891500122448,2031
006/089-mft-AL-ASAQ-DHAPPQ-ASPY85,40,0.7246869512483028,2031
006/089-mft-AL-ASAQ-DHAPPQ-ASPY85,41,0.7247191381732784,2031
006/089-mft-AL-ASAQ-DHAPPQ-ASPY85,42,0.6979567938200869,2031
006/089-mft-AL-ASAQ-DHAPPQ-ASPY85,43,0.7035285448458958,2031
006/089-mft-AL-ASAQ-DHAPPQ-ASPY85,44,0.7393739351495792,2031
006/089-mft-AL-ASAQ-DHAPPQ-ASPY85,45,0.7443653370279321,2031
006/089-mft-AL-ASAQ-DHAPPQ-ASPY85,46,0.7128535255731787,2031
006/089-mft-AL-ASAQ-DHAPPQ-ASPY85,47,0.7149837318695998,2031
006/089-mft-AL-ASAQ-DHAPPQ-ASPY85,48,0.6941299054924679,2031
006/089-mft-AL-ASAQ-DHAPPQ-ASPY85,49,0.7203517994797788,2031
006/089-mft-AL-ASAQ-DHAPPQ-ASPY85,50,0.723633056221182,2031
006/089-mft-AL-ASAQ-DHAPPQ-ASPY85,51,0.7281633308954242,2031
006/089-mft-AL-ASAQ-DHAPPQ-ASPY85,52,0.7341095591643625,2031
006/089-mft-AL-ASAQ-DHAPPQ-ASPY85,53,0.7194342929355392,2031
006/089-mft-AL-ASAQ-DHAPPQ-ASPY85,54,0.7347603024141881,2031
006/089-mft-AL-ASAQ-DHAPPQ-ASPY85,55,0.7266543207214502,2031
006/089-mft-AL-ASAQ-DHAPPQ-ASPY85,56,0.703753608305444,2031
006/089-mft-AL-ASAQ-DHAPPQ-ASPY85,57,0.7123890819414566,2031
006/089-mft-AL-ASAQ-DHAPPQ-ASPY85,58,0.6958972608810012,2031
006/089-mft-AL-ASAQ-DHAPPQ-ASPY85,59,0.7387436250534148,2031
006/089-mft-AL-ASAQ-DHAPPQ-ASPY85,60,0.6927229671384266,2031
006/089-mft-AL-ASAQ-DHAPPQ-ASPY85,61,0.7145962420687234,2031
006/089-mft-AL-ASAQ-DHAPPQ-ASPY85,62,0.6887741803249385,2031
006/089-mft-AL-ASAQ-DHAPPQ-ASPY85,63,0.7196837414383074,2031
006/089-mft-AL-ASAQ-DHAPPQ-ASPY85,64,0.6959270386037363,2031
006/089-mft-AL-ASAQ-DHAPPQ-ASPY85,65,0.7002343913818144,2031
006/089-mft-AL-ASAQ-DHAPPQ-ASPY85,66,0.7202544199893649,2031
006/089-mft-AL-ASAQ-DHAPPQ-ASPY85,67,0.7225359770614289,2031
006/089-mft-AL-ASAQ-DHAPPQ-ASPY85,68,0.7047494465847746,2031
006/089-mft-AL-ASAQ-DHAPPQ-ASPY85,69,0.7384801175140202,2031
006/089-mft-AL-ASAQ-DHAPPQ-ASPY85,70,0.7236527975992836,2031
006/089-mft-AL-ASAQ-DHAPPQ-ASPY85,71,0.7066175617592364,2031
006/089-mft-AL-ASAQ-DHAPPQ-ASPY85,72,0.7530880322230112,2031
006/089-mft-AL-ASAQ-DHAPPQ-ASPY85,73,0.7017536310115206,2031
006/089-mft-AL-ASAQ-DHAPPQ-ASPY85,74,0.7086613132593745,2031
006/089-mft-AL-ASAQ-DHAPPQ-ASPY85,75,0.7233956489932192,2031
006/089-mft-AL-ASAQ-DHAPPQ-ASPY85,76,0.7076312049481057,2031
006/089-mft-AL-ASAQ-DHAPPQ-ASPY85,77,0.7100174535753675,2031
006/089-mft-AL-ASAQ-DHAPPQ-ASPY85,78,0.6957002734690302,2031
006/089-mft-AL-ASAQ-DHAPPQ-ASPY85,79,0.7552816566179142,2031
006/089-mft-AL-ASAQ-DHAPPQ-ASPY85,80,0.7313368355698465,2031
006/089-mft-AL-ASAQ-DHAPPQ-ASPY85,81,0.7106821536402746,2031
006/089-mft-AL-ASAQ-DHAPPQ-ASPY85,82,0.7038388131075185,2031
006/089-mft-AL-ASAQ-DHAPPQ-ASPY85,83,0.7307487199080266,2031
006/089-mft-AL-ASAQ-DHAPPQ-ASPY85,84,0.7007118252456732,2031
006/089-mft-AL-ASAQ-DHAPPQ-ASPY85,85,0.7056021101603824,2031
006/089-mft-AL-ASAQ-DHAPPQ-ASPY85,86,0.7154489682199405,2031
006/089-mft-AL-ASAQ-DHAPPQ-ASPY85,87,0.7423032086398367,2031
006/089-mft-AL-ASAQ-DHAPPQ-ASPY85,88,0.7143544166833271,2031
006/089-mft-AL-ASAQ-DHAPPQ-ASPY85,89,0.7314388648588844,2031
006/089-mft-AL-ASAQ-DHAPPQ-ASPY85,90,0.678934912687765,2031
006/089-mft-AL-ASAQ-DHAPPQ-ASPY85,91,0.741187612725101,2031
006/089-mft-AL-ASAQ-DHAPPQ-ASPY85,92,0.6774931818134576,2031
006/089-mft-AL-ASAQ-DHAPPQ-ASPY85,93,0.7264626945405096,2031
006/089-mft-AL-ASAQ-DHAPPQ-ASPY85,94,0.7279333883908522,2031
006/089-mft-AL-ASAQ-DHAPPQ-ASPY85,95,0.6925470847957059,2031
006/089-mft-AL-ASAQ-DHAPPQ-ASPY85,96,0.7205306544696003,2031
006/089-mft-AL-ASAQ-DHAPPQ-ASPY85,97,0.7145595754261302,2031
006/089-mft-AL-ASAQ-DHAPPQ-ASPY85,98,0.7176546220074456,2031
006/089-mft-AL-ASAQ-DHAPPQ-ASPY85,99,0.7389307773066682,2031
006/090-mft-AL-ASAQ-DHAPPQ-ASPY75,0,0.7198681516035204,2031
006/090-mft-AL-ASAQ-DHAPPQ-ASPY75,1,0.7178746991096494,2031
006/090-mft-AL-ASAQ-DHAPPQ-ASPY75,2,0.7162008836356403,2031
006/090-mft-AL-ASAQ-DHAPPQ-ASPY75,3,0.7389545263728134,2031
006/090-mft-AL-ASAQ-DHAPPQ-ASPY75,4,0.7050677037761383,2031
006/090-mft-AL-ASAQ-DHAPPQ-ASPY75,5,0.6802041110341094,2031
006/090-mft-AL-ASAQ-DHAPPQ-ASPY75,6,0.7329808413001603,2031
006/090-mft-AL-ASAQ-DHAPPQ-ASPY75,7,0.7017085127451703,2031
006/090-mft-AL-ASAQ-DHAPPQ-ASPY75,8,0.7221978605363181,2031
006/090-mft-AL-ASAQ-DHAPPQ-ASPY75,9,0.7181969809236369,2031
006/090-mft-AL-ASAQ-DHAPPQ-ASPY75,10,0.6932173593551599,2031
006/090-mft-AL-ASAQ-DHAPPQ-ASPY75,11,0.702926466117103,2031
006/090-mft-AL-ASAQ-DHAPPQ-ASPY75,12,0.7070779712833702,2031
006/090-mft-AL-ASAQ-DHAPPQ-ASPY75,13,0.6955953118593161,2031
006/090-mft-AL-ASAQ-DHAPPQ-ASPY75,14,0.7190347142924285,2031
006/090-mft-AL-ASAQ-DHAPPQ-ASPY75,15,0.7050673189125275,2031
006/090-mft-AL-ASAQ-DHAPPQ-ASPY75,16,0.7267858391095734,2031
006/090-mft-AL-ASAQ-DHAPPQ-ASPY75,17,0.7129687099035641,2031
006/090-mft-AL-ASAQ-DHAPPQ-ASPY75,18,0.7243241995331348,2031
006/090-mft-AL-ASAQ-DHAPPQ-ASPY75,19,0.735313548644175,2031
006/090-mft-AL-ASAQ-DHAPPQ-ASPY75,20,0.7120321594284502,2031
006/090-mft-AL-ASAQ-DHAPPQ-ASPY75,21,0.7085266052226599,2031
006/090-mft-AL-ASAQ-DHAPPQ-ASPY75,22,0.6987552927782815,2031
006/090-mft-AL-ASAQ-DHAPPQ-ASPY75,23,0.7695486364103918,2031
006/090-mft-AL-ASAQ-DHAPPQ-ASPY75,24,0.7088015958580042,2031
006/090-mft-AL-ASAQ-DHAPPQ-ASPY75,25,0.6880080114492108,2031
006/090-mft-AL-ASAQ-DHAPPQ-ASPY75,26,0.7092746438565235,2031
006/090-mft-AL-ASAQ-DHAPPQ-ASPY75,27,0.7057223852326691,2031
006/090-mft-AL-ASAQ-DHAPPQ-ASPY75,28,0.7195174716100933,2031
006/090-mft-AL-ASAQ-DHAPPQ-ASPY75,29,0.7478043471409705,2031
006/090-mft-AL-ASAQ-DHAPPQ-ASPY75,30,0.7107809233639187,2031
006/090-mft-AL-ASAQ-DHAPPQ-ASPY75,31,0.7367289074272297,2031
006/090-mft-AL-ASAQ-DHAPPQ-ASPY75,32,0.715149891299316,2031
006/090-mft-AL-ASAQ-DHAPPQ-ASPY75,33,0.6936407743902085,2031
006/090-mft-AL-ASAQ-DHAPPQ-ASPY75,34,0.6807649727464299,2031
006/090-mft-AL-ASAQ-DHAPPQ-ASPY75,35,0.732527330271827,2031
006/090-mft-AL-ASAQ-DHAPPQ-ASPY75,36,0.6803297647593146,2031
006/090-mft-AL-ASAQ-DHAPPQ-ASPY75,37,0.7027942335308816,2031
006/090-mft-AL-ASAQ-DHAPPQ-ASPY75,38,0.7238986744083052,2031
006/090-mft-AL-ASAQ-DHAPPQ-ASPY75,39,0.6929752107991565,2031
006/090-mft-AL-ASAQ-DHAPPQ-ASPY75,40,0.7114455321628202,2031
006/090-mft-AL-ASAQ-DHAPPQ-ASPY75,41,0.7272090129858899,2031
006/090-mft-AL-ASAQ-DHAPPQ-ASPY75,42,0.7307187762224182,2031
006/090-mft-AL-ASAQ-DHAPPQ-ASPY75,43,0.7281457683207911,2031
006/090-mft-AL-ASAQ-DHAPPQ-ASPY75,44,0.6950686466001635,2031
006/090-mft-AL-ASAQ-DHAPPQ-ASPY75,45,0.7550605294682837,2031
006/090-mft-AL-ASAQ-DHAPPQ-ASPY75,46,0.7213448912505669,2031
006/090-mft-AL-ASAQ-DHAPPQ-ASPY75,47,0.7397920322459327,2031
006/090-mft-AL-ASAQ-DHAPPQ-ASPY75,48,0.6969597297001952,2031
006/090-mft-AL-ASAQ-DHAPPQ-ASPY75,49,0.7095560557063613,2031
006/090-mft-AL-ASAQ-DHAPPQ-ASPY75,50,0.7006577140349334,2031
006/090-mft-AL-ASAQ-DHAPPQ-ASPY75,51,0.735292648532096,2031
006/090-mft-AL-ASAQ-DHAPPQ-ASPY75,52,0.7295209259446165,2031
006/090-mft-AL-ASAQ-DHAPPQ-ASPY75,53,0.7101269400813282,2031
006/090-mft-AL-ASAQ-DHAPPQ-ASPY75,54,0.7176615296447336,2031
006/090-mft-AL-ASAQ-DHAPPQ-ASPY75,55,0.7461723101944248,2031
006/090-mft-AL-ASAQ-DHAPPQ-ASPY75,56,0.7146073114524616,2031
006/090-mft-AL-ASAQ-DHAPPQ-ASPY75,57,0.7159474035655209,2031
006/090-mft-AL-ASAQ-DHAPPQ-ASPY75,58,0.6915109797294537,2031
006/090-mft-AL-ASAQ-DHAPPQ-ASPY75,59,0.7121019580533332,2031
006/090-mft-AL-ASAQ-DHAPPQ-ASPY75,60,0.7181043405309698,2031
006/090-mft-AL-ASAQ-DHAPPQ-ASPY75,61,0.6995882781728886,2031
006/090-mft-AL-ASAQ-DHAPPQ-ASPY75,62,0.6751510163782714,2031
006/090-mft-AL-ASAQ-DHAPPQ-ASPY75,63,0.7242922284223909,2031
006/090-mft-AL-ASAQ-DHAPPQ-ASPY75,64,0.7038904816361232,2031
006/090-mft-AL-ASAQ-DHAPPQ-ASPY75,65,0.7032129921289996,2031
006/090-mft-AL-ASAQ-DHAPPQ-ASPY75,66,0.7269210595666246,2031
006/090-mft-AL-ASAQ-DHAPPQ-ASPY75,67,0.7054638616684628,2031
006/090-mft-AL-ASAQ-DHAPPQ-ASPY75,68,0.7072645055517751,2031
006/090-mft-AL-ASAQ-DHAPPQ-ASPY75,69,0.7014004805970666,2031
006/090-mft-AL-ASAQ-DHAPPQ-ASPY75,70,0.6949029299439132,2031
006/090-mft-AL-ASAQ-DHAPPQ-ASPY75,71,0.7127950926400607,2031
006/090-mft-AL-ASAQ-DHAPPQ-ASPY75,72,0.7255121408428451,2031
006/090-mft-AL-ASAQ-DHAPPQ-ASPY75,73,0.7171391390353481,2031
006/090-mft-AL-ASAQ-DHAPPQ-ASPY75,74,0.7372357658321111,2031
006/090-mft-AL-ASAQ-DHAPPQ-ASPY75,75,0.7173138138672464,2031
006/090-mft-AL-ASAQ-DHAPPQ-ASPY75,76,0.7013820807840089,2031
006/090-mft-AL-ASAQ-DHAPPQ-ASPY75,77,0.7378870318127263,2031
006/090-mft-AL-ASAQ-DHAPPQ-ASPY75,78,0.7268686671457285,2031
006/090-mft-AL-ASAQ-DHAPPQ-ASPY75,79,0.6886362318484665,2031
006/090-mft-AL-ASAQ-DHAPPQ-ASPY75,80,0.7233593928767768,2031
006/090-mft-AL-ASAQ-DHAPPQ-ASPY75,81,0.7231208122647605,2031
006/090-mft-AL-ASAQ-DHAPPQ-ASPY75,82,0.7252076771994189,2031
006/090-mft-AL-ASAQ-DHAPPQ-ASPY75,83,0.7053122305046168,2031
006/090-mft-AL-ASAQ-DHAPPQ-ASPY75,84,0.6987895276971097,2031
006/090-mft-AL-ASAQ-DHAPPQ-ASPY75,85,0.7109892844820891,2031
006/090-mft-AL-ASAQ-DHAPPQ-ASPY75,86,0.732927925801017,2031
006/090-mft-AL-ASAQ-DHAPPQ-ASPY75,87,0.7330817640965012,2031
006/090-mft-AL-ASAQ-DHAPPQ-ASPY75,88,0.7082449820297857,2031
006/090-mft-AL-ASAQ-DHAPPQ-ASPY75,89,0.7267196284641564,2031
006/090-mft-AL-ASAQ-DHAPPQ-ASPY75,90,0.7048013021538336,2031
006/090-mft-AL-ASAQ-DHAPPQ-ASPY75,91,0.7196369973203792,2031
006/090-mft-AL-ASAQ-DHAPPQ-ASPY75,92,0.7256181028049165,2031
006/090-mft-AL-ASAQ-DHAPPQ-ASPY75,93,0.6828837975912493,2031
006/090-mft-AL-ASAQ-DHAPPQ-ASPY75,94,0.7032751254862094,2031
006/090-mft-AL-ASAQ-DHAPPQ-ASPY75,95,0.7416261522314415,2031
006/090-mft-AL-ASAQ-DHAPPQ-ASPY75,96,0.6962149901336233,2031
006/090-mft-AL-ASAQ-DHAPPQ-ASPY75,97,0.7050817054475131,2031
006/090-mft-AL-ASAQ-DHAPPQ-ASPY75,98,0.726013491877162,2031
006/090-mft-AL-ASAQ-DHAPPQ-ASPY75,99,0.7004990297272123,2031
006/091-mft-AL-ASAQ-DHAPPQ-ASPY65,0,0.7132280639671401,2031
006/091-mft-AL-ASAQ-DHAPPQ-ASPY65,1,0.7319078935631181,2031
006/091-mft-AL-ASAQ-DHAPPQ-ASPY65,2,0.7216014783369328,2031
006/091-mft-AL-ASAQ-DHAPPQ-ASPY65,3,0.6934333636270186,2031
006/091-mft-AL-ASAQ-DHAPPQ-ASPY65,4,0.7097693427318417,2031
006/091-mft-AL-ASAQ-DHAPPQ-ASPY65,5,0.6945055695670636,2031
006/091-mft-AL-ASAQ-DHAPPQ-ASPY65,6,0.7119558654750634,2031
006/091-mft-AL-ASAQ-DHAPPQ-ASPY65,7,0.7175050724840838,2031
006/091-mft-AL-ASAQ-DHAPPQ-ASPY65,8,0.6865133660954182,2031
006/091-mft-AL-ASAQ-DHAPPQ-ASPY65,9,0.697475770036513,2031
006/091-mft-AL-ASAQ-DHAPPQ-ASPY65,10,0.7175899747460717,2031
006/091-mft-AL-ASAQ-DHAPPQ-ASPY65,11,0.7215660226367433,2031
006/091-mft-AL-ASAQ-DHAPPQ-ASPY65,12,0.717977887685615,2031
006/091-mft-AL-ASAQ-DHAPPQ-ASPY65,13,0.7220782712511241,2031
006/091-mft-AL-ASAQ-DHAPPQ-ASPY65,14,0.7034630604862183,2031
006/091-mft-AL-ASAQ-DHAPPQ-ASPY65,15,0.7020120581038188,2031
006/091-mft-AL-ASAQ-DHAPPQ-ASPY65,16,0.7336462925567219,2031
006/091-mft-AL-ASAQ-DHAPPQ-ASPY65,17,0.7145139294549493,2031
006/091-mft-AL-ASAQ-DHAPPQ-ASPY65,18,0.7415678803645284,2031
006/091-mft-AL-ASAQ-DHAPPQ-ASPY65,19,0.6829581693810991,2031
006/091-mft-AL-ASAQ-DHAPPQ-ASPY65,20,0.7481453455859154,2031
006/091-mft-AL-ASAQ-DHAPPQ-ASPY65,21,0.6983332305566067,2031
006/091-mft-AL-ASAQ-DHAPPQ-ASPY65,22,0.7050190322232393,2031
006/091-mft-AL-ASAQ-DHAPPQ-ASPY65,23,0.7395828324908695,2031
006/091-mft-AL-ASAQ-DHAPPQ-ASPY65,24,0.7236098150077988,2031
006/091-mft-AL-ASAQ-DHAPPQ-ASPY65,25,0.6852387765184834,2031
006/091-mft-AL-ASAQ-DHAPPQ-ASPY65,26,0.698181992798725,2031
006/091-mft-AL-ASAQ-DHAPPQ-ASPY65,27,0.7123076395551781,2031
006/091-mft-AL-ASAQ-DHAPPQ-ASPY65,28,0.7338771363387001,2031
006/091-mft-AL-ASAQ-DHAPPQ-ASPY65,29,0.721249187829707,2031
006/091-mft-AL-ASAQ-DHAPPQ-ASPY65,30,0.7374890198312971,2031
006/091-mft-AL-ASAQ-DHAPPQ-ASPY65,31,0.717739134674476,2031
006/091-mft-AL-ASAQ-DHAPPQ-ASPY65,32,0.7019731784360971,2031
006/091-mft-AL-ASAQ-DHAPPQ-ASPY65,33,0.6863098807273597,2031
006/091-mft-AL-ASAQ-DHAPPQ-ASPY65,34,0.7182597391242238,2031
006/091-mft-AL-ASAQ-DHAPPQ-ASPY65,35,0.707010167299365,2031
006/091-mft-AL-ASAQ-DHAPPQ-ASPY65,36,0.720637632893089,2031
006/091-mft-AL-ASAQ-DHAPPQ-ASPY65,37,0.6942751811089769,2031
006/091-mft-AL-ASAQ-DHAPPQ-ASPY65,38,0.7530177971466715,2031
006/091-mft-AL-ASAQ-DHAPPQ-ASPY65,39,0.7151890518859049,2031
006/091-mft-AL-ASAQ-DHAPPQ-ASPY65,40,0.6955808518492291,2031
006/091-mft-AL-ASAQ-DHAPPQ-ASPY65,41,0.7191881631977567,2031
006/091-mft-AL-ASAQ-DHAPPQ-ASPY65,42,0.71200082297255,2031
006/091-mft-AL-ASAQ-DHAPPQ-ASPY65,43,0.7209278967489826,2031
006/091-mft-AL-ASAQ-DHAPPQ-ASPY65,44,0.7413787186731736,2031
006/091-mft-AL-ASAQ-DHAPPQ-ASPY65,45,0.7212776532350272,2031
006/091-mft-AL-ASAQ-DHAPPQ-ASPY65,46,0.6886537262664688,2031
006/091-mft-AL-ASAQ-DHAPPQ-ASPY65,47,0.7094961154372811,2031
006/091-mft-AL-ASAQ-DHAPPQ-ASPY65,48,0.7021036860975913,2031
006/091-mft-AL-ASAQ-DHAPPQ-ASPY65,49,0.6959979416069478,2031
006/091-mft-AL-ASAQ-DHAPPQ-ASPY65,50,0.7183024376332211,2031
006/091-mft-AL-ASAQ-DHAPPQ-ASPY65,51,0.7040225498737179,2031
006/091-mft-AL-ASAQ-DHAPPQ-ASPY65,52,0.7087611504003414,2031
006/091-mft-AL-ASAQ-DHAPPQ-ASPY65,53,0.7055670865049178,2031
006/091-mft-AL-ASAQ-DHAPPQ-ASPY65,54,0.72025842068103,2031
006/091-mft-AL-ASAQ-DHAPPQ-ASPY65,55,0.7146179966813895,2031
006/091-mft-AL-ASAQ-DHAPPQ-ASPY65,56,0.703516912449735,2031
006/091-mft-AL-ASAQ-DHAPPQ-ASPY65,57,0.7375735571914454,2031
006/091-mft-AL-ASAQ-DHAPPQ-ASPY65,58,0.7171503883123646,2031
006/091-mft-AL-ASAQ-DHAPPQ-ASPY65,59,0.7151351555731914,2031
006/091-mft-AL-ASAQ-DHAPPQ-ASPY65,60,0.6840308640667447,2031
006/091-mft-AL-ASAQ-DHAPPQ-ASPY65,61,0.7219383173505133,2031
006/091-mft-AL-ASAQ-DHAPPQ-ASPY65,62,0.7280613804720913,2031
006/091-mft-AL-ASAQ-DHAPPQ-ASPY65,63,0.7055878536614476,2031
006/091-mft-AL-ASAQ-DHAPPQ-ASPY65,64,0.735800376900941,2031
006/091-mft-AL-ASAQ-DHAPPQ-ASPY65,65,0.7027223876019123,2031
006/091-mft-AL-ASAQ-DHAPPQ-ASPY65,66,0.7016479847619269,2031
006/091-mft-AL-ASAQ-DHAPPQ-ASPY65,67,0.7040014821900273,2031
006/091-mft-AL-ASAQ-DHAPPQ-ASPY65,68,0.7249860419087663,2031
006/091-mft-AL-ASAQ-DHAPPQ-ASPY65,69,0.7171139613747841,2031
006/091-mft-AL-ASAQ-DHAPPQ-ASPY65,70,0.6929817393881943,2031
006/091-mft-AL-ASAQ-DHAPPQ-ASPY65,71,0.7266506361073993,2031
006/091-mft-AL-ASAQ-DHAPPQ-ASPY65,72,0.7289926955942253,2031
006/091-mft-AL-ASAQ-DHAPPQ-ASPY65,73,0.6822060176943209,2031
006/091-mft-AL-ASAQ-DHAPPQ-ASPY65,74,0.7344644554097063,2031
006/091-mft-AL-ASAQ-DHAPPQ-ASPY65,75,0.7381101126186528,2031
006/091-mft-AL-ASAQ-DHAPPQ-ASPY65,76,0.7437612989412846,2031
006/091-mft-AL-ASAQ-DHAPPQ-ASPY65,77,0.7198415325945051,2031
006/091-mft-AL-ASAQ-DHAPPQ-ASPY65,78,0.7160385963647605,2031
006/091-mft-AL-ASAQ-DHAPPQ-ASPY65,79,0.7080085701282995,2031
006/091-mft-AL-ASAQ-DHAPPQ-ASPY65,80,0.6889862807580647,2031
006/091-mft-AL-ASAQ-DHAPPQ-ASPY65,81,0.7137386185900777,2031
006/091-mft-AL-ASAQ-DHAPPQ-ASPY65,82,0.7335771304439088,2031
006/091-mft-AL-ASAQ-DHAPPQ-ASPY65,83,0.7155274842622908,2031
006/091-mft-AL-ASAQ-DHAPPQ-ASPY65,84,0.71706911418823,2031
006/091-mft-AL-ASAQ-DHAPPQ-ASPY65,85,0.7234884603280504,2031
006/091-mft-AL-ASAQ-DHAPPQ-ASPY65,86,0.7025369619139165,2031
006/091-mft-AL-ASAQ-DHAPPQ-ASPY65,87,0.7136176462950035,2031
006/091-mft-AL-ASAQ-DHAPPQ-ASPY65,88,0.7091044302103483,2031
006/091-mft-AL-ASAQ-DHAPPQ-ASPY65,89,0.7032178288986781,2031
006/091-mft-AL-ASAQ-DHAPPQ-ASPY65,90,0.6819833269996911,2031
006/091-mft-AL-ASAQ-DHAPPQ-ASPY65,91,0.7085582332291117,2031
006/091-mft-AL-ASAQ-DHAPPQ-ASPY65,92,0.7029621434705624,2031
006/091-mft-AL-ASAQ-DHAPPQ-ASPY65,93,0.7273412540959393,2031
006/091-mft-AL-ASAQ-DHAPPQ-ASPY65,94,0.7051252170987771,2031
006/091-mft-AL-ASAQ-DHAPPQ-ASPY65,95,0.7331448334705896,2031
006/091-mft-AL-ASAQ-DHAPPQ-ASPY65,96,0.7177474030339251,2031
006/091-mft-AL-ASAQ-DHAPPQ-ASPY65,97,0.7247703376625303,2031
006/091-mft-AL-ASAQ-DHAPPQ-ASPY65,98,0.7152209876845451,2031
006/091-mft-AL-ASAQ-DHAPPQ-ASPY65,99,0.7024881658291222,2031
006/092-region-specific-Kagera-ASAQ-Others-ASAQ-Delay-0y,0,0.6843029863063173,2031
006/092-region-specific-Kagera-ASAQ-Others-ASAQ-Delay-0y,1,0.6465622911909343,2031
006/092-region-specific-Kagera-ASAQ-Others-ASAQ-Delay-0y,2,0.6443592765807585,2031
006/092-region-specific-Kagera-ASAQ-Others-ASAQ-Delay-0y,3,0.6968440828286783,2031
006/092-region-specific-Kagera-ASAQ-Others-ASAQ-Delay-0y,4,0.6697909319791423,2031
006/092-region-specific-Kagera-ASAQ-Others-ASAQ-Delay-0y,5,0.6579608631926399,2031
006/092-region-specific-Kagera-ASAQ-Others-ASAQ-Delay-0y,6,0.6663401899298488,2031
006/092-region-specific-Kagera-ASAQ-Others-ASAQ-Delay-0y,7,0.6803620740170567,2031
006/092-region-specific-Kagera-ASAQ-Others-ASAQ-Delay-0y,8,0.6505626931919811,2031
006/092-region-specific-Kagera-ASAQ-Others-ASAQ-Delay-0y,9,0.6345343219058609,2031
006/092-region-specific-Kagera-ASAQ-Others-ASAQ-Delay-0y,10,0.6476993190856343,2031
006/092-region-specific-Kagera-ASAQ-Others-ASAQ-Delay-0y,11,0.6401953990667599,2031
006/092-region-specific-Kagera-ASAQ-Others-ASAQ-Delay-0y,12,0.6834559441088667,2031
006/092-region-specific-Kagera-ASAQ-Others-ASAQ-Delay-0y,13,0.6649395957816662,2031
006/092-region-specific-Kagera-ASAQ-Others-ASAQ-Delay-0y,14,0.651676036439415,2031
006/092-region-specific-Kagera-ASAQ-Others-ASAQ-Delay-0y,15,0.6721844989738724,2031
006/092-region-specific-Kagera-ASAQ-Others-ASAQ-Delay-0y,16,0.643914064267422,2031
006/092-region-specific-Kagera-ASAQ-Others-ASAQ-Delay-0y,17,0.6548612279085518,2031
006/092-region-specific-Kagera-ASAQ-Others-ASAQ-Delay-0y,18,0.6955584010126237,2031
006/092-region-specific-Kagera-ASAQ-Others-ASAQ-Delay-0y,19,0.677543900940138,2031
006/092-region-specific-Kagera-ASAQ-Others-ASAQ-Delay-0y,20,0.6692666473419937,2031
006/092-region-specific-Kagera-ASAQ-Others-ASAQ-Delay-0y,21,0.6791921197402502,2031
006/092-region-specific-Kagera-ASAQ-Others-ASAQ-Delay-0y,22,0.6523071358047722,2031
006/092-region-specific-Kagera-ASAQ-Others-ASAQ-Delay-0y,23,0.6744171144846386,2031
006/092-region-specific-Kagera-ASAQ-Others-ASAQ-Delay-0y,24,0.6884840808260878,2031
006/092-region-specific-Kagera-ASAQ-Others-ASAQ-Delay-0y,25,0.6898707236993911,2031
006/092-region-specific-Kagera-ASAQ-Others-ASAQ-Delay-0y,26,0.6264760141994192,2031
006/092-region-specific-Kagera-ASAQ-Others-ASAQ-Delay-0y,27,0.6737229721804616,2031
006/092-region-specific-Kagera-ASAQ-Others-ASAQ-Delay-0y,28,0.6314112211350097,2031
006/092-region-specific-Kagera-ASAQ-Others-ASAQ-Delay-0y,29,0.6189418970137529,2031
006/092-region-specific-Kagera-ASAQ-Others-ASAQ-Delay-0y,30,0.6598480255961348,2031
006/092-region-specific-Kagera-ASAQ-Others-ASAQ-Delay-0y,31,0.6655108985318287,2031
006/092-region-specific-Kagera-ASAQ-Others-ASAQ-Delay-0y,32,0.6466443607071738,2031
006/092-region-specific-Kagera-ASAQ-Others-ASAQ-Delay-0y,33,0.6588352949230201,2031
006/092-region-specific-Kagera-ASAQ-Others-ASAQ-Delay-0y,34,0.6583217654153396,2031
006/092-region-specific-Kagera-ASAQ-Others-ASAQ-Delay-0y,35,0.6444585833995496,2031
006/092-region-specific-Kagera-ASAQ-Others-ASAQ-Delay-0y,36,0.701173959402097,2031
006/092-region-specific-Kagera-ASAQ-Others-ASAQ-Delay-0y,37,0.6694689619919738,2031
006/092-region-specific-Kagera-ASAQ-Others-ASAQ-Delay-0y,38,0.6693390087651417,2031
006/092-region-specific-Kagera-ASAQ-Others-ASAQ-Delay-0y,39,0.655631374552577,2031
006/092-region-specific-Kagera-ASAQ-Others-ASAQ-Delay-0y,40,0.68180385211644,2031
006/092-region-specific-Kagera-ASAQ-Others-ASAQ-Delay-0y,41,0.6910694343128431,2031
006/092-region-specific-Kagera-ASAQ-Others-ASAQ-Delay-0y,42,0.672965055673456,2031
006/092-region-specific-Kagera-ASAQ-Others-ASAQ-Delay-0y,43,0.666301245128304,2031
006/092-region-specific-Kagera-ASAQ-Others-ASAQ-Delay-0y,44,0.666487564788898,2031
006/092-region-specific-Kagera-ASAQ-Others-ASAQ-Delay-0y,45,0.6606190639907547,2031
006/092-region-specific-Kagera-ASAQ-Others-ASAQ-Delay-0y,46,0.6518560625920131,2031
006/092-region-specific-Kagera-ASAQ-Others-ASAQ-Delay-0y,47,0.6663723900178706,2031
006/092-region-specific-Kagera-ASAQ-Others-ASAQ-Delay-0y,48,0.6963288942855961,2031
006/092-region-specific-Kagera-ASAQ-Others-ASAQ-Delay-0y,49,0.6499138895053787,2031
006/092-region-specific-Kagera-ASAQ-Others-ASAQ-Delay-0y,50,0.6712571185042485,2031
006/092-region-specific-Kagera-ASAQ-Others-ASAQ-Delay-0y,51,0.6841907773437224,2031
006/092-region-specific-Kagera-ASAQ-Others-ASAQ-Delay-0y,52,0.6684464998000245,2031
006/092-region-specific-Kagera-ASAQ-Others-ASAQ-Delay-0y,53,0.6765604664257197,2031
006/092-region-specific-Kagera-ASAQ-Others-ASAQ-Delay-0y,54,0.6285826790725401,2031
006/092-region-specific-Kagera-ASAQ-Others-ASAQ-Delay-0y,55,0.6336424236997443,2031
006/092-region-specific-Kagera-ASAQ-Others-ASAQ-Delay-0y,56,0.6581430269504899,2031
006/092-region-specific-Kagera-ASAQ-Others-ASAQ-Delay-0y,57,0.6299145227759684,2031
006/092-region-specific-Kagera-ASAQ-Others-ASAQ-Delay-0y,58,0.6830654208725565,2031
006/092-region-specific-Kagera-ASAQ-Others-ASAQ-Delay-0y,59,0.6595676594010866,2031
006/092-region-specific-Kagera-ASAQ-Others-ASAQ-Delay-0y,60,0.6402469664479898,2031
006/092-region-specific-Kagera-ASAQ-Others-ASAQ-Delay-0y,61,0.6506550050896586,2031
006/092-region-specific-Kagera-ASAQ-Others-ASAQ-Delay-0y,62,0.6848143563372537,2031
006/092-region-specific-Kagera-ASAQ-Others-ASAQ-Delay-0y,63,0.682023480010951,2031
006/092-region-specific-Kagera-ASAQ-Others-ASAQ-Delay-0y,64,0.6485817252198715,2031
006/092-region-specific-Kagera-ASAQ-Others-ASAQ-Delay-0y,65,0.6665474363211804,2031
006/092-region-specific-Kagera-ASAQ-Others-ASAQ-Delay-0y,66,0.642829292470824,2031
006/092-region-specific-Kagera-ASAQ-Others-ASAQ-Delay-0y,67,0.6362921784963333,2031
006/092-region-specific-Kagera-ASAQ-Others-ASAQ-Delay-0y,68,0.67433608213239,2031
006/092-region-specific-Kagera-ASAQ-Others-ASAQ-Delay-0y,69,0.660410230559355,2031
006/092-region-specific-Kagera-ASAQ-Others-ASAQ-Delay-0y,70,0.649090361723691,2031
006/092-region-specific-Kagera-ASAQ-Others-ASAQ-Delay-0y,71,0.6707387453239874,2031
006/092-region-specific-Kagera-ASAQ-Others-ASAQ-Delay-0y,72,0.6634296082458274,2031
006/092-region-specific-Kagera-ASAQ-Others-ASAQ-Delay-0y,73,0.6294116257509191,2031
006/092-region-specific-Kagera-ASAQ-Others-ASAQ-Delay-0y,74,0.6719164718426476,2031
006/092-region-specific-Kagera-ASAQ-Others-ASAQ-Delay-0y,75,0.6431588602834353,2031
006/092-region-specific-Kagera-ASAQ-Others-ASAQ-Delay-0y,76,0.6892630984583926,2031
006/092-region-specific-Kagera-ASAQ-Others-ASAQ-Delay-0y,77,0.6749356592617933,2031
006/092-region-specific-Kagera-ASAQ-Others-ASAQ-Delay-0y,78,0.6390496285949517,2031
006/092-region-specific-Kagera-ASAQ-Others-ASAQ-Delay-0y,79,0.6660382483035675,2031
006/092-region-specific-Kagera-ASAQ-Others-ASAQ-Delay-0y,80,0.6723409658451148,2031
006/092-region-specific-Kagera-ASAQ-Others-ASAQ-Delay-0y,81,0.6931461623574052,2031
006/092-region-specific-Kagera-ASAQ-Others-ASAQ-Delay-0y,82,0.619811938987749,2031
006/092-region-specific-Kagera-ASAQ-Others-ASAQ-Delay-0y,83,0.6561160661377207,2031
006/092-region-specific-Kagera-ASAQ-Others-ASAQ-Delay-0y,84,0.6376477643983057,2031
006/092-region-specific-Kagera-ASAQ-Others-ASAQ-Delay-0y,85,0.6634226751476112,2031
006/092-region-specific-Kagera-ASAQ-Others-ASAQ-Delay-0y,86,0.6805608513592256,2031
006/092-region-specific-Kagera-ASAQ-Others-ASAQ-Delay-0y,87,0.6855609576802073,2031
006/092-region-specific-Kagera-ASAQ-Others-ASAQ-Delay-0y,88,0.6694734836874909,2031
006/092-region-specific-Kagera-ASAQ-Others-ASAQ-Delay-0y,89,0.6693530188049098,2031
006/092-region-specific-Kagera-ASAQ-Others-ASAQ-Delay-0y,90,0.6441383072148849,2031
006/092-region-specific-Kagera-ASAQ-Others-ASAQ-Delay-0y,91,0.6731742295171551,2031
006/092-region-specific-Kagera-ASAQ-Others-ASAQ-Delay-0y,92,0.6566357467340912,2031
006/092-region-specific-Kagera-ASAQ-Others-ASAQ-Delay-0y,93,0.6623242901287559,2031
006/092-region-specific-Kagera-ASAQ-Others-ASAQ-Delay-0y,94,0.6783641237054631,2031
006/092-region-specific-Kagera-ASAQ-Others-ASAQ-Delay-0y,95,0.6584348802360087,2031
006/092-region-specific-Kagera-ASAQ-Others-ASAQ-Delay-0y,96,0.6287031465602362,2031
006/092-region-specific-Kagera-ASAQ-Others-ASAQ-Delay-0y,97,0.6647998641384968,2031
006/092-region-specific-Kagera-ASAQ-Others-ASAQ-Delay-0y,98,0.6420954788179091,2031
006/092-region-specific-Kagera-ASAQ-Others-ASAQ-Delay-0y,99,0.6682859325629521,2031
006/093-region-specific-Kagera-ASAQ-Others-ASAQ-Delay-1y,0,0.6614900242916981,2031
006/093-region-specific-Kagera-ASAQ-Others-ASAQ-Delay-1y,1,0.650181293884618,2031
006/093-region-specific-Kagera-ASAQ-Others-ASAQ-Delay-1y,2,0.6765053578093485,2031
006/093-region-specific-Kagera-ASAQ-Others-ASAQ-Delay-1y,3,0.6952969190496541,2031
006/093-region-specific-Kagera-ASAQ-Others-ASAQ-Delay-1y,4,0.6602724773490385,2031
006/093-region-specific-Kagera-ASAQ-Others-ASAQ-Delay-1y,5,0.6809479303915906,2031
006/093-region-specific-Kagera-ASAQ-Others-ASAQ-Delay-1y,6,0.7058051587045172,2031
006/093-region-specific-Kagera-ASAQ-Others-ASAQ-Delay-1y,7,0.6509226999210799,2031
006/093-region-specific-Kagera-ASAQ-Others-ASAQ-Delay-1y,8,0.6973435033643861,2031
006/093-region-specific-Kagera-ASAQ-Others-ASAQ-Delay-1y,9,0.6860178280224573,2031
006/093-region-specific-Kagera-ASAQ-Others-ASAQ-Delay-1y,10,0.711118403136055,2031
006/093-region-specific-Kagera-ASAQ-Others-ASAQ-Delay-1y,11,0.6958181353659008,2031
006/093-region-specific-Kagera-ASAQ-Others-ASAQ-Delay-1y,12,0.6651834724916342,2031
006/093-region-specific-Kagera-ASAQ-Others-ASAQ-Delay-1y,13,0.6851689806786131,2031
006/093-region-specific-Kagera-ASAQ-Others-ASAQ-Delay-1y,14,0.6889624753661939,2031
006/093-region-specific-Kagera-ASAQ-Others-ASAQ-Delay-1y,15,0.666871315685924,2031
006/093-region-specific-Kagera-ASAQ-Others-ASAQ-Delay-1y,16,0.6957265534702697,2031
006/093-region-specific-Kagera-ASAQ-Others-ASAQ-Delay-1y,17,0.6864802850216831,2031
006/093-region-specific-Kagera-ASAQ-Others-ASAQ-Delay-1y,18,0.6604263902921929,2031
006/093-region-specific-Kagera-ASAQ-Others-ASAQ-Delay-1y,19,0.6985016394942162,2031
006/093-region-specific-Kagera-ASAQ-Others-ASAQ-Delay-1y,20,0.6934705234741187,2031
006/093-region-specific-Kagera-ASAQ-Others-ASAQ-Delay-1y,21,0.6876123077651807,2031
006/093-region-specific-Kagera-ASAQ-Others-ASAQ-Delay-1y,22,0.6681655244634416,2031
006/093-region-specific-Kagera-ASAQ-Others-ASAQ-Delay-1y,23,0.6725511519188458,2031
006/093-region-specific-Kagera-ASAQ-Others-ASAQ-Delay-1y,24,0.6607567174721926,2031
006/093-region-specific-Kagera-ASAQ-Others-ASAQ-Delay-1y,25,0.6628905341290776,2031
006/093-region-specific-Kagera-ASAQ-Others-ASAQ-Delay-1y,26,0.6768788028065496,2031
006/093-region-specific-Kagera-ASAQ-Others-ASAQ-Delay-1y,27,0.7095836071684838,2031
006/093-region-specific-Kagera-ASAQ-Others-ASAQ-Delay-1y,28,0.7107730966924128,2031
006/093-region-specific-Kagera-ASAQ-Others-ASAQ-Delay-1y,29,0.6680103688864053,2031
006/093-region-specific-Kagera-ASAQ-Others-ASAQ-Delay-1y,30,0.7020954281548907,2031
006/093-region-specific-Kagera-ASAQ-Others-ASAQ-Delay-1y,31,0.6707878368826666,2031
006/093-region-specific-Kagera-ASAQ-Others-ASAQ-Delay-1y,32,0.7088858962585727,2031
006/093-region-specific-Kagera-ASAQ-Others-ASAQ-Delay-1y,33,0.6691509845697733,2031
006/093-region-specific-Kagera-ASAQ-Others-ASAQ-Delay-1y,34,0.7155706278783885,2031
006/093-region-specific-Kagera-ASAQ-Others-ASAQ-Delay-1y,35,0.6751723366933019,2031
006/093-region-specific-Kagera-ASAQ-Others-ASAQ-Delay-1y,36,0.6876726928363875,2031
006/093-region-specific-Kagera-ASAQ-Others-ASAQ-Delay-1y,37,0.6627836358242726,2031
006/093-region-specific-Kagera-ASAQ-Others-ASAQ-Delay-1y,38,0.651140528935432,2031
006/093-region-specific-Kagera-ASAQ-Others-ASAQ-Delay-1y,39,0.6906157425076568,2031
006/093-region-specific-Kagera-ASAQ-Others-ASAQ-Delay-1y,40,0.6788943361291663,2031
006/093-region-specific-Kagera-ASAQ-Others-ASAQ-Delay-1y,41,0.6775507546360297,2031
006/093-region-specific-Kagera-ASAQ-Others-ASAQ-Delay-1y,42,0.6730465442779989,2031
006/093-region-specific-Kagera-ASAQ-Others-ASAQ-Delay-1y,43,0.6702856732100977,2031
006/093-region-specific-Kagera-ASAQ-Others-ASAQ-Delay-1y,44,0.6548217971502726,2031
006/093-region-specific-Kagera-ASAQ-Others-ASAQ-Delay-1y,45,0.6740990061078932,2031
006/093-region-specific-Kagera-ASAQ-Others-ASAQ-Delay-1y,46,0.6619790601335456,2031
006/093-region-specific-Kagera-ASAQ-Others-ASAQ-Delay-1y,47,0.6910167737600865,2031
006/093-region-specific-Kagera-ASAQ-Others-ASAQ-Delay-1y,48,0.6963849411245518,2031
006/093-region-specific-Kagera-ASAQ-Others-ASAQ-Delay-1y,49,0.6942667325401151,2031
006/093-region-specific-Kagera-ASAQ-Others-ASAQ-Delay-1y,50,0.6862041325941727,2031
006/093-region-specific-Kagera-ASAQ-Others-ASAQ-Delay-1y,51,0.6932078799677082,2031
006/093-region-specific-Kagera-ASAQ-Others-ASAQ-Delay-1y,52,0.6458541313418035,2031
006/093-region-specific-Kagera-ASAQ-Others-ASAQ-Delay-1y,53,0.6347644450364519,2031
006/093-region-specific-Kagera-ASAQ-Others-ASAQ-Delay-1y,54,0.673224533259372,2031
006/093-region-specific-Kagera-ASAQ-Others-ASAQ-Delay-1y,55,0.6766053785929774,2031
006/093-region-specific-Kagera-ASAQ-Others-ASAQ-Delay-1y,56,0.6939551894959962,2031
006/093-region-specific-Kagera-ASAQ-Others-ASAQ-Delay-1y,57,0.6833141335060313,2031
006/093-region-specific-Kagera-ASAQ-Others-ASAQ-Delay-1y,58,0.6838545090218116,2031
006/093-region-specific-Kagera-ASAQ-Others-ASAQ-Delay-1y,59,0.6989071443190679,2031
006/093-region-specific-Kagera-ASAQ-Others-ASAQ-Delay-1y,60,0.6736525553278917,2031
006/093-region-specific-Kagera-ASAQ-Others-ASAQ-Delay-1y,61,0.6752373656155162,2031
006/093-region-specific-Kagera-ASAQ-Others-ASAQ-Delay-1y,62,0.6602194851536545,2031
006/093-region-specific-Kagera-ASAQ-Others-ASAQ-Delay-1y,63,0.6920354072997604,2031
006/093-region-specific-Kagera-ASAQ-Others-ASAQ-Delay-1y,64,0.6586565145684165,2031
006/093-region-specific-Kagera-ASAQ-Others-ASAQ-Delay-1y,65,0.6770662034474341,2031
006/093-region-specific-Kagera-ASAQ-Others-ASAQ-Delay-1y,66,0.643577572802758,2031
006/093-region-specific-Kagera-ASAQ-Others-ASAQ-Delay-1y,67,0.6661064774424766,2031
006/093-region-specific-Kagera-ASAQ-Others-ASAQ-Delay-1y,68,0.6887593287518715,2031
006/093-region-specific-Kagera-ASAQ-Others-ASAQ-Delay-1y,69,0.6857505713426141,2031
006/093-region-specific-Kagera-ASAQ-Others-ASAQ-Delay-1y,70,0.6906913803764785,2031
006/093-region-specific-Kagera-ASAQ-Others-ASAQ-Delay-1y,71,0.6804095817403529,2031
006/093-region-specific-Kagera-ASAQ-Others-ASAQ-Delay-1y,72,0.6728257653907345,2031
006/093-region-specific-Kagera-ASAQ-Others-ASAQ-Delay-1y,73,0.6924885063690439,2031
006/093-region-specific-Kagera-ASAQ-Others-ASAQ-Delay-1y,74,0.6970341832223266,2031
006/093-region-specific-Kagera-ASAQ-Others-ASAQ-Delay-1y,75,0.7029043019672575,2031
006/093-region-specific-Kagera-ASAQ-Others-ASAQ-Delay-1y,76,0.6789614502081437,2031
006/093-region-specific-Kagera-ASAQ-Others-ASAQ-Delay-1y,77,0.6636176113735978,2031
006/093-region-specific-Kagera-ASAQ-Others-ASAQ-Delay-1y,78,0.6826436710808207,2031
006/093-region-specific-Kagera-ASAQ-Others-ASAQ-Delay-1y,79,0.6821447045360141,2031
006/093-region-specific-Kagera-ASAQ-Others-ASAQ-Delay-1y,80,0.674375857234037,2031
006/093-region-specific-Kagera-ASAQ-Others-ASAQ-Delay-1y,81,0.6515492872378615,2031
006/093-region-specific-Kagera-ASAQ-Others-ASAQ-Delay-1y,82,0.7196813659468639,2031
006/093-region-specific-Kagera-ASAQ-Others-ASAQ-Delay-1y,83,0.648618745651882,2031
006/093-region-specific-Kagera-ASAQ-Others-ASAQ-Delay-1y,84,0.7054292672539383,2031
006/093-region-specific-Kagera-ASAQ-Others-ASAQ-Delay-1y,85,0.6855385668273404,2031
006/093-region-specific-Kagera-ASAQ-Others-ASAQ-Delay-1y,86,0.6996600322518877,2031
006/093-region-specific-Kagera-ASAQ-Others-ASAQ-Delay-1y,87,0.6763951120049939,2031
006/093-region-specific-Kagera-ASAQ-Others-ASAQ-Delay-1y,88,0.6744486508404824,2031
006/093-region-specific-Kagera-ASAQ-Others-ASAQ-Delay-1y,89,0.6796494790019736,2031
006/093-region-specific-Kagera-ASAQ-Others-ASAQ-Delay-1y,90,0.6761925629662618,2031
006/093-region-specific-Kagera-ASAQ-Others-ASAQ-Delay-1y,91,0.6896072246314638,2031
006/093-region-specific-Kagera-ASAQ-Others-ASAQ-Delay-1y,92,0.6847608428177298,2031
006/093-region-specific-Kagera-ASAQ-Others-ASAQ-Delay-1y,93,0.6558826804778408,2031
006/093-region-specific-Kagera-ASAQ-Others-ASAQ-Delay-1y,94,0.6759729645812359,2031
006/093-region-specific-Kagera-ASAQ-Others-ASAQ-Delay-1y,95,0.7070413001442192,2031
006/093-region-specific-Kagera-ASAQ-Others-ASAQ-Delay-1y,96,0.6960649869180964,2031
006/093-region-specific-Kagera-ASAQ-Others-ASAQ-Delay-1y,97,0.6968706852548091,2031
006/093-region-specific-Kagera-ASAQ-Others-ASAQ-Delay-1y,98,0.683541911107077,2031
006/093-region-specific-Kagera-ASAQ-Others-ASAQ-Delay-1y,99,0.6912779154482366,2031
006/094-region-specific-Kagera-ASAQ-Others-ASAQ-Delay-2y,0,0.702039512381643,2031
006/094-region-specific-Kagera-ASAQ-Others-ASAQ-Delay-2y,1,0.6928908481384264,2031
006/094-region-specific-Kagera-ASAQ-Others-ASAQ-Delay-2y,2,0.6819666005003335,2031
006/094-region-specific-Kagera-ASAQ-Others-ASAQ-Delay-2y,3,0.7072957403203614,2031
006/094-region-specific-Kagera-ASAQ-Others-ASAQ-Delay-2y,4,0.681822091473396,2031
006/094-region-specific-Kagera-ASAQ-Others-ASAQ-Delay-2y,5,0.6907841191514191,2031
006/094-region-specific-Kagera-ASAQ-Others-ASAQ-Delay-2y,6,0.6713681359402984,2031
006/094-region-specific-Kagera-ASAQ-Others-ASAQ-Delay-2y,7,0.6915098724655496,2031
006/094-region-specific-Kagera-ASAQ-Others-ASAQ-Delay-2y,8,0.7149125284018054,2031
006/094-region-specific-Kagera-ASAQ-Others-ASAQ-Delay-2y,9,0.6864948975924157,2031
006/094-region-specific-Kagera-ASAQ-Others-ASAQ-Delay-2y,10,0.710423653508832,2031
006/094-region-specific-Kagera-ASAQ-Others-ASAQ-Delay-2y,11,0.6930861481701077,2031
006/094-region-specific-Kagera-ASAQ-Others-ASAQ-Delay-2y,12,0.6764959271940717,2031
006/094-region-specific-Kagera-ASAQ-Others-ASAQ-Delay-2y,13,0.7014453115095196,2031
006/094-region-specific-Kagera-ASAQ-Others-ASAQ-Delay-2y,14,0.7180159284970252,2031
006/094-region-specific-Kagera-ASAQ-Others-ASAQ-Delay-2y,15,0.6849931925686356,2031
006/094-region-specific-Kagera-ASAQ-Others-ASAQ-Delay-2y,16,0.6962603822139579,2031
006/094-region-specific-Kagera-ASAQ-Others-ASAQ-Delay-2y,17,0.696162136017007,2031
006/094-region-specific-Kagera-ASAQ-Others-ASAQ-Delay-2y,18,0.7082385970884216,2031
006/094-region-specific-Kagera-ASAQ-Others-ASAQ-Delay-2y,19,0.6649597288009033,2031
006/094-region-specific-Kagera-ASAQ-Others-ASAQ-Delay-2y,20,0.6805882278879604,2031
006/094-region-specific-Kagera-ASAQ-Others-ASAQ-Delay-2y,21,0.6960068624300254,2031
006/094-region-specific-Kagera-ASAQ-Others-ASAQ-Delay-2y,22,0.7137379977738342,2031
006/094-region-specific-Kagera-ASAQ-Others-ASAQ-Delay-2y,23,0.7205244899894465,2031
006/094-region-specific-Kagera-ASAQ-Others-ASAQ-Delay-2y,24,0.6743506059330867,2031
006/094-region-specific-Kagera-ASAQ-Others-ASAQ-Delay-2y,25,0.7093472290986232,2031
006/094-region-specific-Kagera-ASAQ-Others-ASAQ-Delay-2y,26,0.7001134633014267,2031
006/094-region-specific-Kagera-ASAQ-Others-ASAQ-Delay-2y,27,0.710209241884625,2031
006/094-region-specific-Kagera-ASAQ-Others-ASAQ-Delay-2y,28,0.6977309860117437,2031
006/094-region-specific-Kagera-ASAQ-Others-ASAQ-Delay-2y,29,0.69162518987395,2031
006/094-region-specific-Kagera-ASAQ-Others-ASAQ-Delay-2y,30,0.7193784287121391,2031
006/094-region-specific-Kagera-ASAQ-Others-ASAQ-Delay-2y,31,0.6829886440265688,2031
006/094-region-specific-Kagera-ASAQ-Others-ASAQ-Delay-2y,32,0.6963512991833105,2031
006/094-region-specific-Kagera-ASAQ-Others-ASAQ-Delay-2y,33,0.6777895061264788,2031
006/094-region-specific-Kagera-ASAQ-Others-ASAQ-Delay-2y,34,0.7039454498263765,2031
006/094-region-specific-Kagera-ASAQ-Others-ASAQ-Delay-2y,35,0.654979683454522,2031
006/094-region-specific-Kagera-ASAQ-Others-ASAQ-Delay-2y,36,0.6771134706432237,2031
006/094-region-specific-Kagera-ASAQ-Others-ASAQ-Delay-2y,37,0.7074638687595045,2031
006/094-region-specific-Kagera-ASAQ-Others-ASAQ-Delay-2y,38,0.7196338029708267,2031
006/094-region-specific-Kagera-ASAQ-Others-ASAQ-Delay-2y,39,0.7033163661426016,2031
006/094-region-specific-Kagera-ASAQ-Others-ASAQ-Delay-2y,40,0.6710256026640762,2031
006/094-region-specific-Kagera-ASAQ-Others-ASAQ-Delay-2y,41,0.6982469909701003,2031
006/094-region-specific-Kagera-ASAQ-Others-ASAQ-Delay-2y,42,0.6990337325769479,2031
006/094-region-specific-Kagera-ASAQ-Others-ASAQ-Delay-2y,43,0.718247920447307,2031
006/094-region-specific-Kagera-ASAQ-Others-ASAQ-Delay-2y,44,0.7187864211505325,2031
006/094-region-specific-Kagera-ASAQ-Others-ASAQ-Delay-2y,45,0.7165163844986674,2031
006/094-region-specific-Kagera-ASAQ-Others-ASAQ-Delay-2y,46,0.6949120292155723,2031
006/094-region-specific-Kagera-ASAQ-Others-ASAQ-Delay-2y,47,0.6755376165815393,2031
006/094-region-specific-Kagera-ASAQ-Others-ASAQ-Delay-2y,48,0.6863048866161598,2031
006/094-region-specific-Kagera-ASAQ-Others-ASAQ-Delay-2y,49,0.7076754542000091,2031
006/094-region-specific-Kagera-ASAQ-Others-ASAQ-Delay-2y,50,0.6693415327864125,2031
006/094-region-specific-Kagera-ASAQ-Others-ASAQ-Delay-2y,51,0.7174892460163284,2031
006/094-region-specific-Kagera-ASAQ-Others-ASAQ-Delay-2y,52,0.6961519209205861,2031
006/094-region-specific-Kagera-ASAQ-Others-ASAQ-Delay-2y,53,0.7006037870966516,2031
006/094-region-specific-Kagera-ASAQ-Others-ASAQ-Delay-2y,54,0.6506134218201792,2031
006/094-region-specific-Kagera-ASAQ-Others-ASAQ-Delay-2y,55,0.6828757871354507,2031
006/094-region-specific-Kagera-ASAQ-Others-ASAQ-Delay-2y,56,0.7118816437216006,2031
006/094-region-specific-Kagera-ASAQ-Others-ASAQ-Delay-2y,57,0.7347798844024732,2031
006/094-region-specific-Kagera-ASAQ-Others-ASAQ-Delay-2y,58,0.694283476547497,2031
006/094-region-specific-Kagera-ASAQ-Others-ASAQ-Delay-2y,59,0.6922484238074923,2031
006/094-region-specific-Kagera-ASAQ-Others-ASAQ-Delay-2y,60,0.7081326724125593,2031
006/094-region-specific-Kagera-ASAQ-Others-ASAQ-Delay-2y,61,0.6795452269969843,2031
006/094-region-specific-Kagera-ASAQ-Others-ASAQ-Delay-2y,62,0.7180160551246623,2031
006/094-region-specific-Kagera-ASAQ-Others-ASAQ-Delay-2y,63,0.6891098205363678,2031
006/094-region-specific-Kagera-ASAQ-Others-ASAQ-Delay-2y,64,0.6921418005293066,2031
006/094-region-specific-Kagera-ASAQ-Others-ASAQ-Delay-2y,65,0.6717521784333926,2031
006/094-region-specific-Kagera-ASAQ-Others-ASAQ-Delay-2y,66,0.7187707600509636,2031
006/094-region-specific-Kagera-ASAQ-Others-ASAQ-Delay-2y,67,0.7071931334201321,2031
006/094-region-specific-Kagera-ASAQ-Others-ASAQ-Delay-2y,68,0.6545962712003262,2031
006/094-region-specific-Kagera-ASAQ-Others-ASAQ-Delay-2y,69,0.6838070536217401,2031
006/094-region-specific-Kagera-ASAQ-Others-ASAQ-Delay-2y,70,0.6986215897960864,2031
006/094-region-specific-Kagera-ASAQ-Others-ASAQ-Delay-2y,71,0.7100624868233876,2031
006/094-region-specific-Kagera-ASAQ-Others-ASAQ-Delay-2y,72,0.6977157674446436,2031
006/094-region-specific-Kagera-ASAQ-Others-ASAQ-Delay-2y,73,0.692431776237724,2031
006/094-region-specific-Kagera-ASAQ-Others-ASAQ-Delay-2y,74,0.6944301884816314,2031
006/094-region-specific-Kagera-ASAQ-Others-ASAQ-Delay-2y,75,0.6588301171950912,2031
006/094-region-specific-Kagera-ASAQ-Others-ASAQ-Delay-2y,76,0.6884004131572574,2031
006/094-region-specific-Kagera-ASAQ-Others-ASAQ-Delay-2y,77,0.7199620710615969,2031
006/094-region-specific-Kagera-ASAQ-Others-ASAQ-Delay-2y,78,0.7258048676127958,2031
006/094-region-specific-Kagera-ASAQ-Others-ASAQ-Delay-2y,79,0.7310379650038669,2031
006/094-region-specific-Kagera-ASAQ-Others-ASAQ-Delay-2y,80,0.6952624689560376,2031
006/094-region-specific-Kagera-ASAQ-Others-ASAQ-Delay-2y,81,0.7286669063059494,2031
006/094-region-specific-Kagera-ASAQ-Others-ASAQ-Delay-2y,82,0.7157093551284279,2031
006/094-region-specific-Kagera-ASAQ-Others-ASAQ-Delay-2y,83,0.7041369805318225,2031
006/094-region-specific-Kagera-ASAQ-Others-ASAQ-Delay-2y,84,0.6878295683048483,2031
006/094-region-specific-Kagera-ASAQ-Others-ASAQ-Delay-2y,85,0.703134781824493,2031
006/094-region-specific-Kagera-ASAQ-Others-ASAQ-Delay-2y,86,0.6897436351038172,2031
006/094-region-specific-Kagera-ASAQ-Others-ASAQ-Delay-2y,87,0.674932167148349,2031
006/094-region-specific-Kagera-ASAQ-Others-ASAQ-Delay-2y,88,0.7106355935400974,2031
006/094-region-specific-Kagera-ASAQ-Others-ASAQ-Delay-2y,89,0.6836893170305829,2031
006/094-region-specific-Kagera-ASAQ-Others-ASAQ-Delay-2y,90,0.6934524367380193,2031
006/094-region-specific-Kagera-ASAQ-Others-ASAQ-Delay-2y,91,0.6699283446704735,2031
006/094-region-specific-Kagera-ASAQ-Others-ASAQ-Delay-2y,92,0.6973986256763384,2031
006/094-region-specific-Kagera-ASAQ-Others-ASAQ-Delay-2y,93,0.6962229604706757,2031
006/094-region-specific-Kagera-ASAQ-Others-ASAQ-Delay-2y,94,0.676660692636375,2031
006/094-region-specific-Kagera-ASAQ-Others-ASAQ-Delay-2y,95,0.7235958205234728,2031
006/094-region-specific-Kagera-ASAQ-Others-ASAQ-Delay-2y,96,0.695124996402161,2031
006/094-region-specific-Kagera-ASAQ-Others-ASAQ-Delay-2y,97,0.6935755047045099,2031
006/094-region-specific-Kagera-ASAQ-Others-ASAQ-Delay-2y,98,0.6697787286293037,2031
006/094-region-specific-Kagera-ASAQ-Others-ASAQ-Delay-2y,99,0.7034842621641156,2031
006/095-region-specific-Kagera-DHAPPQ-Others-ASAQ-Delay-0y,0,0.7105730561181343,2031
006/095-region-specific-Kagera-DHAPPQ-Others-ASAQ-Delay-0y,1,0.6879133689303631,2031
006/095-region-specific-Kagera-DHAPPQ-Others-ASAQ-Delay-0y,2,0.6712450911084535,2031
006/095-region-specific-Kagera-DHAPPQ-Others-ASAQ-Delay-0y,3,0.6913075514832602,2031
006/095-region-specific-Kagera-DHAPPQ-Others-ASAQ-Delay-0y,4,0.6819988328180232,2031
006/095-region-specific-Kagera-DHAPPQ-Others-ASAQ-Delay-0y,5,0.7117154479675869,2031
006/095-region-specific-Kagera-DHAPPQ-Others-ASAQ-Delay-0y,6,0.6924482842509899,2031
006/095-region-specific-Kagera-DHAPPQ-Others-ASAQ-Delay-0y,7,0.6897846475453719,2031
006/095-region-specific-Kagera-DHAPPQ-Others-ASAQ-Delay-0y,8,0.7079296150128416,2031
006/095-region-specific-Kagera-DHAPPQ-Others-ASAQ-Delay-0y,9,0.6934693071774283,2031
006/095-region-specific-Kagera-DHAPPQ-Others-ASAQ-Delay-0y,10,0.7032065976755578,2031
006/095-region-specific-Kagera-DHAPPQ-Others-ASAQ-Delay-0y,11,0.6834538266249495,2031
006/095-region-specific-Kagera-DHAPPQ-Others-ASAQ-Delay-0y,12,0.7018686388075001,2031
006/095-region-specific-Kagera-DHAPPQ-Others-ASAQ-Delay-0y,13,0.6693034553592417,2031
006/095-region-specific-Kagera-DHAPPQ-Others-ASAQ-Delay-0y,14,0.6664085657410919,2031
006/095-region-specific-Kagera-DHAPPQ-Others-ASAQ-Delay-0y,15,0.7042662723346879,2031
006/095-region-specific-Kagera-DHAPPQ-Others-ASAQ-Delay-0y,16,0.7196452645213572,2031
006/095-region-specific-Kagera-DHAPPQ-Others-ASAQ-Delay-0y,17,0.6619275880051886,2031
006/095-region-specific-Kagera-DHAPPQ-Others-ASAQ-Delay-0y,18,0.6793663945502955,2031
006/095-region-specific-Kagera-DHAPPQ-Others-ASAQ-Delay-0y,19,0.6984928588889071,2031
006/095-region-specific-Kagera-DHAPPQ-Others-ASAQ-Delay-0y,20,0.689467270046646,2031
006/095-region-specific-Kagera-DHAPPQ-Others-ASAQ-Delay-0y,21,0.6993272013725133,2031
006/095-region-specific-Kagera-DHAPPQ-Others-ASAQ-Delay-0y,22,0.6899646278215507,2031
006/095-region-specific-Kagera-DHAPPQ-Others-ASAQ-Delay-0y,23,0.6668686107008382,2031
006/095-region-specific-Kagera-DHAPPQ-Others-ASAQ-Delay-0y,24,0.7024777820726248,2031
006/095-region-specific-Kagera-DHAPPQ-Others-ASAQ-Delay-0y,25,0.7015836162252359,2031
006/095-region-specific-Kagera-DHAPPQ-Others-ASAQ-Delay-0y,26,0.6933863793927751,2031
006/095-region-specific-Kagera-DHAPPQ-Others-ASAQ-Delay-0y,27,0.6948444459401223,2031
006/095-region-specific-Kagera-DHAPPQ-Others-ASAQ-Delay-0y,28,0.6594608692533328,2031
006/095-region-specific-Kagera-DHAPPQ-Others-ASAQ-Delay-0y,29,0.6894645066151898,2031
006/095-region-specific-Kagera-DHAPPQ-Others-ASAQ-Delay-0y,30,0.6803379518817835,2031
006/095-region-specific-Kagera-DHAPPQ-Others-ASAQ-Delay-0y,31,0.6770993820413005,2031
006/095-region-specific-Kagera-DHAPPQ-Others-ASAQ-Delay-0y,32,0.6722900476527599,2031
006/095-region-specific-Kagera-DHAPPQ-Others-ASAQ-Delay-0y,33,0.7327510598686754,2031
006/095-region-specific-Kagera-DHAPPQ-Others-ASAQ-Delay-0y,34,0.6972099002330067,2031
006/095-region-specific-Kagera-DHAPPQ-Others-ASAQ-Delay-0y,35,0.6572708270866341,2031
006/095-region-specific-Kagera-DHAPPQ-Others-ASAQ-Delay-0y,36,0.6985609574551465,2031
006/095-region-specific-Kagera-DHAPPQ-Others-ASAQ-Delay-0y,37,0.6843733261935484,2031
006/095-region-specific-Kagera-DHAPPQ-Others-ASAQ-Delay-0y,38,0.7177637838920385,2031
006/095-region-specific-Kagera-DHAPPQ-Others-ASAQ-Delay-0y,39,0.7083532507330766,2031
006/095-region-specific-Kagera-DHAPPQ-Others-ASAQ-Delay-0y,40,0.6823772972838866,2031
006/095-region-specific-Kagera-DHAPPQ-Others-ASAQ-Delay-0y,41,0.7152963906125122,2031
006/095-region-specific-Kagera-DHAPPQ-Others-ASAQ-Delay-0y,42,0.6978704294193414,2031
006/095-region-specific-Kagera-DHAPPQ-Others-ASAQ-Delay-0y,43,0.6961166961136945,2031
006/095-region-specific-Kagera-DHAPPQ-Others-ASAQ-Delay-0y,44,0.6670580904887636,2031
006/095-region-specific-Kagera-DHAPPQ-Others-ASAQ-Delay-0y,45,0.6828828176586197,2031
006/095-region-specific-Kagera-DHAPPQ-Others-ASAQ-Delay-0y,46,0.6969003319157435,2031
006/095-region-specific-Kagera-DHAPPQ-Others-ASAQ-Delay-0y,47,0.6863524614756464,2031
006/095-region-specific-Kagera-DHAPPQ-Others-ASAQ-Delay-0y,48,0.6894059850460846,2031
006/095-region-specific-Kagera-DHAPPQ-Others-ASAQ-Delay-0y,49,0.7022421666217484,2031
006/095-region-specific-Kagera-DHAPPQ-Others-ASAQ-Delay-0y,50,0.6895644504501327,2031
006/095-region-specific-Kagera-DHAPPQ-Others-ASAQ-Delay-0y,51,0.6819147484069695,2031
006/095-region-specific-Kagera-DHAPPQ-Others-ASAQ-Delay-0y,52,0.6907004545388231,2031
006/095-region-specific-Kagera-DHAPPQ-Others-ASAQ-Delay-0y,53,0.661429645421712,2031
006/095-region-specific-Kagera-DHAPPQ-Others-ASAQ-Delay-0y,54,0.7050784708824619,2031
006/095-region-specific-Kagera-DHAPPQ-Others-ASAQ-Delay-0y,55,0.6760137318914858,2031
006/095-region-specific-Kagera-DHAPPQ-Others-ASAQ-Delay-0y,56,0.7075739037989055,2031
006/095-region-specific-Kagera-DHAPPQ-Others-ASAQ-Delay-0y,57,0.6710166980102343,2031
006/095-region-specific-Kagera-DHAPPQ-Others-ASAQ-Delay-0y,58,0.7060340598697753,2031
006/095-region-specific-Kagera-DHAPPQ-Others-ASAQ-Delay-0y,59,0.6689022268311245,2031
006/095-region-specific-Kagera-DHAPPQ-Others-ASAQ-Delay-0y,60,0.7064570053204986,2031
006/095-region-specific-Kagera-DHAPPQ-Others-ASAQ-Delay-0y,61,0.6790824832304367,2031
006/095-region-specific-Kagera-DHAPPQ-Others-ASAQ-Delay-0y,62,0.679706352809354,2031
006/095-region-specific-Kagera-DHAPPQ-Others-ASAQ-Delay-0y,63,0.7061943903414934,2031
006/095-region-specific-Kagera-DHAPPQ-Others-ASAQ-Delay-0y,64,0.6796980587820474,2031
006/095-region-specific-Kagera-DHAPPQ-Others-ASAQ-Delay-0y,65,0.682542203788764,2031
006/095-region-specific-Kagera-DHAPPQ-Others-ASAQ-Delay-0y,66,0.6715511875029342,2031
006/095-region-specific-Kagera-DHAPPQ-Others-ASAQ-Delay-0y,67,0.704679927803057,2031
006/095-region-specific-Kagera-DHAPPQ-Others-ASAQ-Delay-0y,68,0.6987444153027192,2031
006/095-region-specific-Kagera-DHAPPQ-Others-ASAQ-Delay-0y,69,0.6942189885813604,2031
006/095-region-specific-Kagera-DHAPPQ-Others-ASAQ-Delay-0y,70,0.669732123987735,2031
006/095-region-specific-Kagera-DHAPPQ-Others-ASAQ-Delay-0y,71,0.7017886357563379,2031
006/095-region-specific-Kagera-DHAPPQ-Others-ASAQ-Delay-0y,72,0.6909347677478682,2031
006/095-region-specific-Kagera-DHAPPQ-Others-ASAQ-Delay-0y,73,0.6642277143769036,2031
006/095-region-specific-Kagera-DHAPPQ-Others-ASAQ-Delay-0y,74,0.6722974114738003,2031
006/095-region-specific-Kagera-DHAPPQ-Others-ASAQ-Delay-0y,75,0.7138218517385241,2031
006/095-region-specific-Kagera-DHAPPQ-Others-ASAQ-Delay-0y,76,0.6927318708456095,2031
006/095-region-specific-Kagera-DHAPPQ-Others-ASAQ-Delay-0y,77,0.6889462382629152,2031
006/095-region-specific-Kagera-DHAPPQ-Others-ASAQ-Delay-0y,78,0.6569110663710122,2031
006/095-region-specific-Kagera-DHAPPQ-Others-ASAQ-Delay-0y,79,0.7079404450023756,2031
006/095-region-specific-Kagera-DHAPPQ-Others-ASAQ-Delay-0y,80,0.6741443240736844,2031
006/095-region-specific-Kagera-DHAPPQ-Others-ASAQ-Delay-0y,81,0.7154594039317161,2031
006/095-region-specific-Kagera-DHAPPQ-Others-ASAQ-Delay-0y,82,0.6635176444423917,2031
006/095-region-specific-Kagera-DHAPPQ-Others-ASAQ-Delay-0y,83,0.7307742365708463,2031
006/095-region-specific-Kagera-DHAPPQ-Others-ASAQ-Delay-0y,84,0.6964659346387765,2031
006/095-region-specific-Kagera-DHAPPQ-Others-ASAQ-Delay-0y,85,0.6722487820120824,2031
006/095-region-specific-Kagera-DHAPPQ-Others-ASAQ-Delay-0y,86,0.6758707174974417,2031
006/095-region-specific-Kagera-DHAPPQ-Others-ASAQ-Delay-0y,87,0.7098613298521547,2031
006/095-region-specific-Kagera-DHAPPQ-Others-ASAQ-Delay-0y,88,0.6749886718333006,2031
006/095-region-specific-Kagera-DHAPPQ-Others-ASAQ-Delay-0y,89,0.685713688959663,2031
006/095-region-specific-Kagera-DHAPPQ-Others-ASAQ-Delay-0y,90,0.684935635068261,2031
006/095-region-specific-Kagera-DHAPPQ-Others-ASAQ-Delay-0y,91,0.6810978203782359,2031
006/095-region-specific-Kagera-DHAPPQ-Others-ASAQ-Delay-0y,92,0.6915213363550836,2031
006/095-region-specific-Kagera-DHAPPQ-Others-ASAQ-Delay-0y,93,0.6808150782376416,2031
006/095-region-specific-Kagera-DHAPPQ-Others-ASAQ-Delay-0y,94,0.6684655341548815,2031
006/095-region-specific-Kagera-DHAPPQ-Others-ASAQ-Delay-0y,95,0.7093940809842975,2031
006/095-region-specific-Kagera-DHAPPQ-Others-ASAQ-Delay-0y,96,0.7009126797510015,2031
006/095-region-specific-Kagera-DHAPPQ-Others-ASAQ-Delay-0y,97,0.7259763325229313,2031
006/095-region-specific-Kagera-DHAPPQ-Others-ASAQ-Delay-0y,98,0.6999117611909136,2031
006/095-region-specific-Kagera-DHAPPQ-Others-ASAQ-Delay-0y,99,0.7031785017388437,2031
006/096-region-specific-Kagera-DHAPPQ-Others-ASAQ-Delay-1y,0,0.7106274101474154,2031
006/096-region-specific-Kagera-DHAPPQ-Others-ASAQ-Delay-1y,1,0.7111908502773033,2031
006/096-region-specific-Kagera-DHAPPQ-Others-ASAQ-Delay-1y,2,0.7179418424001908,2031
006/096-region-specific-Kagera-DHAPPQ-Others-ASAQ-Delay-1y,3,0.7184506464905036,2031
006/096-region-specific-Kagera-DHAPPQ-Others-ASAQ-Delay-1y,4,0.713559846229893,2031
006/096-region-specific-Kagera-DHAPPQ-Others-ASAQ-Delay-1y,5,0.6982333244900008,2031
006/096-region-specific-Kagera-DHAPPQ-Others-ASAQ-Delay-1y,6,0.703801837690098,2031
006/096-region-specific-Kagera-DHAPPQ-Others-ASAQ-Delay-1y,7,0.7278808099999555,2031
006/096-region-specific-Kagera-DHAPPQ-Others-ASAQ-Delay-1y,8,0.6749774408615105,2031
006/096-region-specific-Kagera-DHAPPQ-Others-ASAQ-Delay-1y,9,0.6985203482045342,2031
006/096-region-specific-Kagera-DHAPPQ-Others-ASAQ-Delay-1y,10,0.7193827529258573,2031
006/096-region-specific-Kagera-DHAPPQ-Others-ASAQ-Delay-1y,11,0.7067269793871982,2031
006/096-region-specific-Kagera-DHAPPQ-Others-ASAQ-Delay-1y,12,0.7066416461628079,2031
006/096-region-specific-Kagera-DHAPPQ-Others-ASAQ-Delay-1y,13,0.698507578766797,2031
006/096-region-specific-Kagera-DHAPPQ-Others-ASAQ-Delay-1y,14,0.7203041861942904,2031
006/096-region-specific-Kagera-DHAPPQ-Others-ASAQ-Delay-1y,15,0.6953678760579995,2031
006/096-region-specific-Kagera-DHAPPQ-Others-ASAQ-Delay-1y,16,0.7228121827124886,2031
006/096-region-specific-Kagera-DHAPPQ-Others-ASAQ-Delay-1y,17,0.7087981979283717,2031
006/096-region-specific-Kagera-DHAPPQ-Others-ASAQ-Delay-1y,18,0.7239549686507759,2031
006/096-region-specific-Kagera-DHAPPQ-Others-ASAQ-Delay-1y,19,0.7122990791377464,2031
006/096-region-specific-Kagera-DHAPPQ-Others-ASAQ-Delay-1y,20,0.6967001418588729,2031
006/096-region-specific-Kagera-DHAPPQ-Others-ASAQ-Delay-1y,21,0.6903175823819536,2031
006/096-region-specific-Kagera-DHAPPQ-Others-ASAQ-Delay-1y,22,0.698207402232443,2031
006/096-region-specific-Kagera-DHAPPQ-Others-ASAQ-Delay-1y,23,0.7330126874856062,2031
006/096-region-specific-Kagera-DHAPPQ-Others-ASAQ-Delay-1y,24,0.7116121948932657,2031
006/096-region-specific-Kagera-DHAPPQ-Others-ASAQ-Delay-1y,25,0.6978702809830709,2031
006/096-region-specific-Kagera-DHAPPQ-Others-ASAQ-Delay-1y,26,0.7225628412559589,2031
006/096-region-specific-Kagera-DHAPPQ-Others-ASAQ-Delay-1y,27,0.7181127053220161,2031
006/096-region-specific-Kagera-DHAPPQ-Others-ASAQ-Delay-1y,28,0.713607264588251,2031
006/096-region-specific-Kagera-DHAPPQ-Others-ASAQ-Delay-1y,29,0.6813096956923052,2031
006/096-region-specific-Kagera-DHAPPQ-Others-ASAQ-Delay-1y,30,0.705569770982446,2031
006/096-region-specific-Kagera-DHAPPQ-Others-ASAQ-Delay-1y,31,0.7075074168980066,2031
006/096-region-specific-Kagera-DHAPPQ-Others-ASAQ-Delay-1y,32,0.6643345605277701,2031
006/096-region-specific-Kagera-DHAPPQ-Others-ASAQ-Delay-1y,33,0.7117409529952713,2031
006/096-region-specific-Kagera-DHAPPQ-Others-ASAQ-Delay-1y,34,0.7083437595896257,2031
006/096-region-specific-Kagera-DHAPPQ-Others-ASAQ-Delay-1y,35,0.7071571602860716,2031
006/096-region-specific-Kagera-DHAPPQ-Others-ASAQ-Delay-1y,36,0.7022661953171081,2031
006/096-region-specific-Kagera-DHAPPQ-Others-ASAQ-Delay-1y,37,0.6774753082374966,2031
006/096-region-specific-Kagera-DHAPPQ-Others-ASAQ-Delay-1y,38,0.7145165270187169,2031
006/096-region-specific-Kagera-DHAPPQ-Others-ASAQ-Delay-1y,39,0.6920510354586779,2031
006/096-region-specific-Kagera-DHAPPQ-Others-ASAQ-Delay-1y,40,0.7116772901823295,2031
006/096-region-specific-Kagera-DHAPPQ-Others-ASAQ-Delay-1y,41,0.7053908122633573,2031
006/096-region-specific-Kagera-DHAPPQ-Others-ASAQ-Delay-1y,42,0.7241069650261672,2031
006/096-region-specific-Kagera-DHAPPQ-Others-ASAQ-Delay-1y,43,0.6966727357166492,2031
006/096-region-specific-Kagera-DHAPPQ-Others-ASAQ-Delay-1y,44,0.7161230531120593,2031
006/096-region-specific-Kagera-DHAPPQ-Others-ASAQ-Delay-1y,45,0.7031872707948815,2031
006/096-region-specific-Kagera-DHAPPQ-Others-ASAQ-Delay-1y,46,0.7039231871831805,2031
006/096-region-specific-Kagera-DHAPPQ-Others-ASAQ-Delay-1y,47,0.7037665912818535,2031
006/096-region-specific-Kagera-DHAPPQ-Others-ASAQ-Delay-1y,48,0.6962539131557078,2031
006/096-region-specific-Kagera-DHAPPQ-Others-ASAQ-Delay-1y,49,0.705605212440234,2031
006/096-region-specific-Kagera-DHAPPQ-Others-ASAQ-Delay-1y,50,0.7399008748641757,2031
006/096-region-specific-Kagera-DHAPPQ-Others-ASAQ-Delay-1y,51,0.6774684263843603,2031
006/096-region-specific-Kagera-DHAPPQ-Others-ASAQ-Delay-1y,52,0.6836501190550187,2031
006/096-region-specific-Kagera-DHAPPQ-Others-ASAQ-Delay-1y,53,0.7326818273335566,2031
006/096-region-specific-Kagera-DHAPPQ-Others-ASAQ-Delay-1y,54,0.738756121234866,2031
006/096-region-specific-Kagera-DHAPPQ-Others-ASAQ-Delay-1y,55,0.7390487692015074,2031
006/096-region-specific-Kagera-DHAPPQ-Others-ASAQ-Delay-1y,56,0.7236144471506215,2031
006/096-region-specific-Kagera-DHAPPQ-Others-ASAQ-Delay-1y,57,0.7166640786718754,2031
006/096-region-specific-Kagera-DHAPPQ-Others-ASAQ-Delay-1y,58,0.7374919474293069,2031
006/096-region-specific-Kagera-DHAPPQ-Others-ASAQ-Delay-1y,59,0.6718513861212285,2031
006/096-region-specific-Kagera-DHAPPQ-Others-ASAQ-Delay-1y,60,0.7212788334781725,2031
006/096-region-specific-Kagera-DHAPPQ-Others-ASAQ-Delay-1y,61,0.7230144254501231,2031
006/096-region-specific-Kagera-DHAPPQ-Others-ASAQ-Delay-1y,62,0.7293084302959337,2031
006/096-region-specific-Kagera-DHAPPQ-Others-ASAQ-Delay-1y,63,0.6924602801330525,2031
006/096-region-specific-Kagera-DHAPPQ-Others-ASAQ-Delay-1y,64,0.6906887987148385,2031
006/096-region-specific-Kagera-DHAPPQ-Others-ASAQ-Delay-1y,65,0.7258500006709746,2031
006/096-region-specific-Kagera-DHAPPQ-Others-ASAQ-Delay-1y,66,0.7141989884562809,2031
006/096-region-specific-Kagera-DHAPPQ-Others-ASAQ-Delay-1y,67,0.721639620505481,2031
006/096-region-specific-Kagera-DHAPPQ-Others-ASAQ-Delay-1y,68,0.6938222459078102,2031
006/096-region-specific-Kagera-DHAPPQ-Others-ASAQ-Delay-1y,69,0.688667630442049,2031
006/096-region-specific-Kagera-DHAPPQ-Others-ASAQ-Delay-1y,70,0.705394249149902,2031
006/096-region-specific-Kagera-DHAPPQ-Others-ASAQ-Delay-1y,71,0.7032171359673708,2031
006/096-region-specific-Kagera-DHAPPQ-Others-ASAQ-Delay-1y,72,0.6859123915834663,2031
006/096-region-specific-Kagera-DHAPPQ-Others-ASAQ-Delay-1y,73,0.7073731043578735,2031
006/096-region-specific-Kagera-DHAPPQ-Others-ASAQ-Delay-1y,74,0.6919913886934076,2031
006/096-region-specific-Kagera-DHAPPQ-Others-ASAQ-Delay-1y,75,0.7196093948617489,2031
006/096-region-specific-Kagera-DHAPPQ-Others-ASAQ-Delay-1y,76,0.7045944990563444,2031
006/096-region-specific-Kagera-DHAPPQ-Others-ASAQ-Delay-1y,77,0.7016032483656945,2031
006/096-region-specific-Kagera-DHAPPQ-Others-ASAQ-Delay-1y,78,0.6825509427373241,2031
006/096-region-specific-Kagera-DHAPPQ-Others-ASAQ-Delay-1y,79,0.7229705162338075,2031
006/096-region-specific-Kagera-DHAPPQ-Others-ASAQ-Delay-1y,80,0.6817297719521993,2031
006/096-region-specific-Kagera-DHAPPQ-Others-ASAQ-Delay-1y,81,0.6928140129386499,2031
006/096-region-specific-Kagera-DHAPPQ-Others-ASAQ-Delay-1y,82,0.7243434911971071,2031
006/096-region-specific-Kagera-DHAPPQ-Others-ASAQ-Delay-1y,83,0.7123276558814419,2031
006/096-region-specific-Kagera-DHAPPQ-Others-ASAQ-Delay-1y,84,0.68325378936944,2031
006/096-region-specific-Kagera-DHAPPQ-Others-ASAQ-Delay-1y,85,0.7157062569681937,2031
006/096-region-specific-Kagera-DHAPPQ-Others-ASAQ-Delay-1y,86,0.7069825509008288,2031
006/096-region-specific-Kagera-DHAPPQ-Others-ASAQ-Delay-1y,87,0.7356299582123569,2031
006/096-region-specific-Kagera-DHAPPQ-Others-ASAQ-Delay-1y,88,0.7112831859050518,2031
006/096-region-specific-Kagera-DHAPPQ-Others-ASAQ-Delay-1y,89,0.7135349568496716,2031
006/096-region-specific-Kagera-DHAPPQ-Others-ASAQ-Delay-1y,90,0.7001755990729509,2031
006/096-region-specific-Kagera-DHAPPQ-Others-ASAQ-Delay-1y,91,0.7058215676893771,2031
006/096-region-specific-Kagera-DHAPPQ-Others-ASAQ-Delay-1y,92,0.7124407553545679,2031
006/096-region-specific-Kagera-DHAPPQ-Others-ASAQ-Delay-1y,93,0.7013472498271569,2031
006/096-region-specific-Kagera-DHAPPQ-Others-ASAQ-Delay-1y,94,0.7070327611249154,2031
006/096-region-specific-Kagera-DHAPPQ-Others-ASAQ-Delay-1y,95,0.7225460577310163,2031
006/096-region-specific-Kagera-DHAPPQ-Others-ASAQ-Delay-1y,96,0.6954198162678603,2031
006/096-region-specific-Kagera-DHAPPQ-Others-ASAQ-Delay-1y,97,0.7231445573001855,2031
006/096-region-specific-Kagera-DHAPPQ-Others-ASAQ-Delay-1y,98,0.7287487980236077,2031
006/096-region-specific-Kagera-DHAPPQ-Others-ASAQ-Delay-1y,99,0.6631406105693801,2031
006/097-region-specific-Kagera-DHAPPQ-Others-ASAQ-Delay-2y,0,0.6998499091597622,2031
006/097-region-specific-Kagera-DHAPPQ-Others-ASAQ-Delay-2y,1,0.7280010802449303,2031
006/097-region-specific-Kagera-DHAPPQ-Others-ASAQ-Delay-2y,2,0.7046370286917808,2031
006/097-region-specific-Kagera-DHAPPQ-Others-ASAQ-Delay-2y,3,0.711304452883662,2031
006/097-region-specific-Kagera-DHAPPQ-Others-ASAQ-Delay-2y,4,0.7178729448011079,2031
006/097-region-specific-Kagera-DHAPPQ-Others-ASAQ-Delay-2y,5,0.7152278605221752,2031
006/097-region-specific-Kagera-DHAPPQ-Others-ASAQ-Delay-2y,6,0.7060057910909848,2031
006/097-region-specific-Kagera-DHAPPQ-Others-ASAQ-Delay-2y,7,0.716735179455844,2031
006/097-region-specific-Kagera-DHAPPQ-Others-ASAQ-Delay-2y,8,0.7265438379609934,2031
006/097-region-specific-Kagera-DHAPPQ-Others-ASAQ-Delay-2y,9,0.7089493075814798,2031
006/097-region-specific-Kagera-DHAPPQ-Others-ASAQ-Delay-2y,10,0.7218166915524636,2031
006/097-region-specific-Kagera-DHAPPQ-Others-ASAQ-Delay-2y,11,0.7031208017011599,2031
006/097-region-specific-Kagera-DHAPPQ-Others-ASAQ-Delay-2y,12,0.7149449424082513,2031
006/097-region-specific-Kagera-DHAPPQ-Others-ASAQ-Delay-2y,13,0.7279355410988577,2031
006/097-region-specific-Kagera-DHAPPQ-Others-ASAQ-Delay-2y,14,0.7113133160519087,2031
006/097-region-specific-Kagera-DHAPPQ-Others-ASAQ-Delay-2y,15,0.7561104503807464,2031
006/097-region-specific-Kagera-DHAPPQ-Others-ASAQ-Delay-2y,16,0.7678829319264117,2031
006/097-region-specific-Kagera-DHAPPQ-Others-ASAQ-Delay-2y,17,0.7009667731891692,2031
006/097-region-specific-Kagera-DHAPPQ-Others-ASAQ-Delay-2y,18,0.7096305141967952,2031
006/097-region-specific-Kagera-DHAPPQ-Others-ASAQ-Delay-2y,19,0.7521437406391356,2031
006/097-region-specific-Kagera-DHAPPQ-Others-ASAQ-Delay-2y,20,0.7697864088955053,2031
006/097-region-specific-Kagera-DHAPPQ-Others-ASAQ-Delay-2y,21,0.7541293763261568,2031
006/097-region-specific-Kagera-DHAPPQ-Others-ASAQ-Delay-2y,22,0.715153001094004,2031
006/097-region-specific-Kagera-DHAPPQ-Others-ASAQ-Delay-2y,23,0.7208206789305901,2031
006/097-region-specific-Kagera-DHAPPQ-Others-ASAQ-Delay-2y,24,0.7217411181655397,2031
006/097-region-specific-Kagera-DHAPPQ-Others-ASAQ-Delay-2y,25,0.718018263000137,2031
006/097-region-specific-Kagera-DHAPPQ-Others-ASAQ-Delay-2y,26,0.716559976561188,2031
006/097-region-specific-Kagera-DHAPPQ-Others-ASAQ-Delay-2y,27,0.7204009529052154,2031
006/097-region-specific-Kagera-DHAPPQ-Others-ASAQ-Delay-2y,28,0.7325508776751143,2031
006/097-region-specific-Kagera-DHAPPQ-Others-ASAQ-Delay-2y,29,0.7346649188462999,2031
006/097-region-specific-Kagera-DHAPPQ-Others-ASAQ-Delay-2y,30,0.7276377105024984,2031
006/097-region-specific-Kagera-DHAPPQ-Others-ASAQ-Delay-2y,31,0.7221310743884185,2031
006/097-region-specific-Kagera-DHAPPQ-Others-ASAQ-Delay-2y,32,0.7047608318363786,2031
006/097-region-specific-Kagera-DHAPPQ-Others-ASAQ-Delay-2y,33,0.7158399914580583,2031
006/097-region-specific-Kagera-DHAPPQ-Others-ASAQ-Delay-2y,34,0.7124991812178528,2031
006/097-region-specific-Kagera-DHAPPQ-Others-ASAQ-Delay-2y,35,0.7186126629573759,2031
006/097-region-specific-Kagera-DHAPPQ-Others-ASAQ-Delay-2y,36,0.7092001547386553,2031
006/097-region-specific-Kagera-DHAPPQ-Others-ASAQ-Delay-2y,37,0.713050397911125,2031
006/097-region-specific-Kagera-DHAPPQ-Others-ASAQ-Delay-2y,38,0.7001475228775721,2031
006/097-region-specific-Kagera-DHAPPQ-Others-ASAQ-Delay-2y,39,0.7257365795004254,2031
006/097-region-specific-Kagera-DHAPPQ-Others-ASAQ-Delay-2y,40,0.7217756753310106,2031
006/097-region-specific-Kagera-DHAPPQ-Others-ASAQ-Delay-2y,41,0.734655965414314,2031
006/097-region-specific-Kagera-DHAPPQ-Others-ASAQ-Delay-2y,42,0.7333276771749918,2031
006/097-region-specific-Kagera-DHAPPQ-Others-ASAQ-Delay-2y,43,0.7396638831096879,2031
006/097-region-specific-Kagera-DHAPPQ-Others-ASAQ-Delay-2y,44,0.7521594639113993,2031
006/097-region-specific-Kagera-DHAPPQ-Others-ASAQ-Delay-2y,45,0.7144201123337522,2031
006/097-region-specific-Kagera-DHAPPQ-Others-ASAQ-Delay-2y,46,0.7195661743494045,2031
006/097-region-specific-Kagera-DHAPPQ-Others-ASAQ-Delay-2y,47,0.7139831746344726,2031
006/097-region-specific-Kagera-DHAPPQ-Others-ASAQ-Delay-2y,48,0.7351323585910805,2031
006/097-region-specific-Kagera-DHAPPQ-Others-ASAQ-Delay-2y,49,0.7003494876212061,2031
006/097-region-specific-Kagera-DHAPPQ-Others-ASAQ-Delay-2y,50,0.7230521648859445,2031
006/097-region-specific-Kagera-DHAPPQ-Others-ASAQ-Delay-2y,51,0.7166719147944098,2031
006/097-region-specific-Kagera-DHAPPQ-Others-ASAQ-Delay-2y,52,0.7243766154988486,2031
006/097-region-specific-Kagera-DHAPPQ-Others-ASAQ-Delay-2y,53,0.7276490296419328,2031
006/097-region-specific-Kagera-DHAPPQ-Others-ASAQ-Delay-2y,54,0.7090281084331598,2031
006/097-region-specific-Kagera-DHAPPQ-Others-ASAQ-Delay-2y,55,0.730200625697183,2031
006/097-region-specific-Kagera-DHAPPQ-Others-ASAQ-Delay-2y,56,0.7359127684374512,2031
006/097-region-specific-Kagera-DHAPPQ-Others-ASAQ-Delay-2y,57,0.7347943028917941,2031
006/097-region-specific-Kagera-DHAPPQ-Others-ASAQ-Delay-2y,58,0.7182587955896707,2031
006/097-region-specific-Kagera-DHAPPQ-Others-ASAQ-Delay-2y,59,0.7331302411247025,2031
006/097-region-specific-Kagera-DHAPPQ-Others-ASAQ-Delay-2y,60,0.7256149971189328,2031
006/097-region-specific-Kagera-DHAPPQ-Others-ASAQ-Delay-2y,61,0.7206268481520345,2031
006/097-region-specific-Kagera-DHAPPQ-Others-ASAQ-Delay-2y,62,0.744987476274659,2031
006/097-region-specific-Kagera-DHAPPQ-Others-ASAQ-Delay-2y,63,0.7199973799674906,2031
006/097-region-specific-Kagera-DHAPPQ-Others-ASAQ-Delay-2y,64,0.7280277539104918,2031
006/097-region-specific-Kagera-DHAPPQ-Others-ASAQ-Delay-2y,65,0.7363254216088003,2031
006/097-region-specific-Kagera-DHAPPQ-Others-ASAQ-Delay-2y,66,0.7135252755038386,2031
006/097-region-specific-Kagera-DHAPPQ-Others-ASAQ-Delay-2y,67,0.7447987530956072,2031
006/097-region-specific-Kagera-DHAPPQ-Others-ASAQ-Delay-2y,68,0.7401108905615638,2031
006/097-region-specific-Kagera-DHAPPQ-Others-ASAQ-Delay-2y,69,0.7263061121946358,2031
006/097-region-specific-Kagera-DHAPPQ-Others-ASAQ-Delay-2y,70,0.715519339261571,2031
006/097-region-specific-Kagera-DHAPPQ-Others-ASAQ-Delay-2y,71,0.7291864132118882,2031
006/097-region-specific-Kagera-DHAPPQ-Others-ASAQ-Delay-2y,72,0.7431830508932364,2031
006/097-region-specific-Kagera-DHAPPQ-Others-ASAQ-Delay-2y,73,0.7353977422336685,2031
006/097-region-specific-Kagera-DHAPPQ-Others-ASAQ-Delay-2y,74,0.701240760235388,2031
006/097-region-specific-Kagera-DHAPPQ-Others-ASAQ-Delay-2y,75,0.744263791381555,2031
006/097-region-specific-Kagera-DHAPPQ-Others-ASAQ-Delay-2y,76,0.7328110649946149,2031
006/097-region-specific-Kagera-DHAPPQ-Others-ASAQ-Delay-2y,77,0.7103110492718735,2031
006/097-region-specific-Kagera-DHAPPQ-Others-ASAQ-Delay-2y,78,0.7258391409281533,2031
006/097-region-specific-Kagera-DHAPPQ-Others-ASAQ-Delay-2y,79,0.7154788980504181,2031
006/097-region-specific-Kagera-DHAPPQ-Others-ASAQ-Delay-2y,80,0.7150697463583963,2031
006/097-region-specific-Kagera-DHAPPQ-Others-ASAQ-Delay-2y,81,0.7299387902345185,2031
006/097-region-specific-Kagera-DHAPPQ-Others-ASAQ-Delay-2y,82,0.7262239265445274,2031
006/097-region-specific-Kagera-DHAPPQ-Others-ASAQ-Delay-2y,83,0.7376182586836383,2031
006/097-region-specific-Kagera-DHAPPQ-Others-ASAQ-Delay-2y,84,0.7394016349039495,2031
006/097-region-specific-Kagera-DHAPPQ-Others-ASAQ-Delay-2y,85,0.7491558907713184,2031
006/097-region-specific-Kagera-DHAPPQ-Others-ASAQ-Delay-2y,86,0.7331137510821115,2031
006/097-region-specific-Kagera-DHAPPQ-Others-ASAQ-Delay-2y,87,0.7286368707936495,2031
006/097-region-specific-Kagera-DHAPPQ-Others-ASAQ-Delay-2y,88,0.7307364969181767,2031
006/097-region-specific-Kagera-DHAPPQ-Others-ASAQ-Delay-2y,89,0.7560585024268794,2031
006/097-region-specific-Kagera-DHAPPQ-Others-ASAQ-Delay-2y,90,0.735585804488434,2031
006/097-region-specific-Kagera-DHAPPQ-Others-ASAQ-Delay-2y,91,0.7535140320559052,2031
006/097-region-specific-Kagera-DHAPPQ-Others-ASAQ-Delay-2y,92,0.7356493209549019,2031
006/097-region-specific-Kagera-DHAPPQ-Others-ASAQ-Delay-2y,93,0.7409214852349016,2031
006/097-region-specific-Kagera-DHAPPQ-Others-ASAQ-Delay-2y,94,0.7129640435162816,2031
006/097-region-specific-Kagera-DHAPPQ-Others-ASAQ-Delay-2y,95,0.7260380628875219,2031
006/097-region-specific-Kagera-DHAPPQ-Others-ASAQ-Delay-2y,96,0.7265304422108563,2031
006/097-region-specific-Kagera-DHAPPQ-Others-ASAQ-Delay-2y,97,0.7380749977019354,2031
006/097-region-specific-Kagera-DHAPPQ-Others-ASAQ-Delay-2y,98,0.7425089852884587,2031
006/097-region-specific-Kagera-DHAPPQ-Others-ASAQ-Delay-2y,99,0.7462051561030973,2031
006/098-Delay-ASAQ-1y,0,0.6776482847922244,2031
006/098-Delay-ASAQ-1y,1,0.6603099280114579,2031
006/098-Delay-ASAQ-1y,2,0.674600829255918,2031
006/098-Delay-ASAQ-1y,3,0.6719826980174078,2031
006/098-Delay-ASAQ-1y,4,0.6778908173938709,2031
006/098-Delay-ASAQ-1y,5,0.6687251140487556,2031
006/098-Delay-ASAQ-1y,6,0.6803665971558231,2031
006/098-Delay-ASAQ-1y,7,0.703532306115441,2031
006/098-Delay-ASAQ-1y,8,0.6605584576859661,2031
006/098-Delay-ASAQ-1y,9,0.6620470461564055,2031
006/098-Delay-ASAQ-1y,10,0.6805666678802655,2031
006/098-Delay-ASAQ-1y,11,0.6767678341362737,2031
006/098-Delay-ASAQ-1y,12,0.6670172344599696,2031
006/098-Delay-ASAQ-1y,13,0.6897824556593184,2031
006/098-Delay-ASAQ-1y,14,0.7002030188482363,2031
006/098-Delay-ASAQ-1y,15,0.6699712621393706,2031
006/098-Delay-ASAQ-1y,16,0.6903457861345824,2031
006/098-Delay-ASAQ-1y,17,0.700759972196232,2031
006/098-Delay-ASAQ-1y,18,0.6880743762786764,2031
006/098-Delay-ASAQ-1y,19,0.6873607400475453,2031
006/098-Delay-ASAQ-1y,20,0.6772572186119805,2031
006/098-Delay-ASAQ-1y,21,0.6958979828473519,2031
006/098-Delay-ASAQ-1y,22,0.6744069776144966,2031
006/098-Delay-ASAQ-1y,23,0.6941851218943644,2031
006/098-Delay-ASAQ-1y,24,0.6880112535576046,2031
006/098-Delay-ASAQ-1y,25,0.7006888594404778,2031
006/098-Delay-ASAQ-1y,26,0.6918558232055103,2031
006/098-Delay-ASAQ-1y,27,0.7005268329533826,2031
006/098-Delay-ASAQ-1y,28,0.6822178156160534,2031
006/098-Delay-ASAQ-1y,29,0.6821041975525137,2031
006/098-Delay-ASAQ-1y,30,0.6591068467452698,2031
006/098-Delay-ASAQ-1y,31,0.6945667068866986,2031
006/098-Delay-ASAQ-1y,32,0.7128474035927025,2031
006/098-Delay-ASAQ-1y,33,0.6999714225554731,2031
006/098-Delay-ASAQ-1y,34,0.6780104766283152,2031
006/098-Delay-ASAQ-1y,35,0.6989556398159126,2031
006/098-Delay-ASAQ-1y,36,0.6749221001926405,2031
006/098-Delay-ASAQ-1y,37,0.6796045279482495,2031
006/098-Delay-ASAQ-1y,38,0.7118650651923942,2031
006/098-Delay-ASAQ-1y,39,0.6594331530411318,2031
006/098-Delay-ASAQ-1y,40,0.693749208808315,2031
006/098-Delay-ASAQ-1y,41,0.6647987639410665,2031
006/098-Delay-ASAQ-1y,42,0.6800286792580778,2031
006/098-Delay-ASAQ-1y,43,0.6489038168205611,2031
006/098-Delay-ASAQ-1y,44,0.6750023013500916,2031
006/098-Delay-ASAQ-1y,45,0.6852823974671375,2031
006/098-Delay-ASAQ-1y,46,0.6591951888828468,2031
006/098-Delay-ASAQ-1y,47,0.6555790692022507,2031
006/098-Delay-ASAQ-1y,48,0.673254919721555,2031
006/098-Delay-ASAQ-1y,49,0.6889530539255776,2031
006/098-Delay-ASAQ-1y,50,0.6596623394655327,2031
006/098-Delay-ASAQ-1y,51,0.6778100163616726,2031
006/098-Delay-ASAQ-1y,52,0.6789981335289039,2031
006/098-Delay-ASAQ-1y,53,0.6692186623110783,2031
006/098-Delay-ASAQ-1y,54,0.6848176876310795,2031
006/098-Delay-ASAQ-1y,55,0.689097450187438,2031
006/098-Delay-ASAQ-1y,56,0.6845406525941321,2031
006/098-Delay-ASAQ-1y,57,0.6673972168084025,2031
006/098-Delay-ASAQ-1y,58,0.664582316136597,2031
006/098-Delay-ASAQ-1y,59,0.6810301834803821,2031
006/098-Delay-ASAQ-1y,60,0.7067931099346746,2031
006/098-Delay-ASAQ-1y,61,0.6537395538007255,2031
006/098-Delay-ASAQ-1y,62,0.7112217872293961,2031
006/098-Delay-ASAQ-1y,63,0.6830665913797459,2031
006/098-Delay-ASAQ-1y,64,0.6968187816754927,2031
006/098-Delay-ASAQ-1y,65,0.6880480410531752,2031
006/098-Delay-ASAQ-1y,66,0.6874108889762843,2031
006/098-Delay-ASAQ-1y,67,0.696970345789294,2031
006/098-Delay-ASAQ-1y,68,0.6611715880309642,2031
006/098-Delay-ASAQ-1y,69,0.6940007507768146,2031
006/098-Delay-ASAQ-1y,70,0.6785190004276606,2031
006/098-Delay-ASAQ-1y,71,0.6746221368747665,2031
006/098-Delay-ASAQ-1y,72,0.684216979305024,2031
006/098-Delay-ASAQ-1y,73,0.6886020675764818,2031
006/098-Delay-ASAQ-1y,74,0.6908234751755976,2031
006/098-Delay-ASAQ-1y,75,0.7004678126362585,2031
006/098-Delay-ASAQ-1y,76,0.6955468007266669,2031
006/098-Delay-ASAQ-1y,77,0.6922373103290682,2031
006/098-Delay-ASAQ-1y,78,0.6733623938066325,2031
006/098-Delay-ASAQ-1y,79,0.6921701115320759,2031
006/098-Delay-ASAQ-1y,80,0.6704135742192543,2031
006/098-Delay-ASAQ-1y,81,0.6808602600384335,2031
006/098-Delay-ASAQ-1y,82,0.6834370786091384,2031
006/098-Delay-ASAQ-1y,83,0.6717618456163515,2031
006/098-Delay-ASAQ-1y,84,0.6990392114034661,2031
006/098-Delay-ASAQ-1y,85,0.6755781908140824,2031
006/098-Delay-ASAQ-1y,86,0.6845852280037148,2031
006/098-Delay-ASAQ-1y,87,0.6513090690232638,2031
006/098-Delay-ASAQ-1y,88,0.7061834689246126,2031
006/098-Delay-ASAQ-1y,89,0.6815816760355519,2031
006/098-Delay-ASAQ-1y,90,0.6727637543830625,2031
006/098-Delay-ASAQ-1y,91,0.6975524585138367,2031
006/098-Delay-ASAQ-1y,92,0.7133136057998719,2031
006/098-Delay-ASAQ-1y,93,0.6997218591188874,2031
006/098-Delay-ASAQ-1y,94,0.6848537146409001,2031
006/098-Delay-ASAQ-1y,95,0.6809037739939979,2031
006/098-Delay-ASAQ-1y,96,0.6980269139335897,2031
006/098-Delay-ASAQ-1y,97,0.7131889473049174,2031
006/098-Delay-ASAQ-1y,98,0.6765734897808962,2031
006/098-Delay-ASAQ-1y,99,0.6781345342378416,2031
006/099-Delay-ASAQ-2y,0,0.7240085423671226,2031
006/099-Delay-ASAQ-2y,1,0.72024634967208,2031
006/099-Delay-ASAQ-2y,2,0.6812683811392972,2031
006/099-Delay-ASAQ-2y,3,0.6895212892574865,2031
006/099-Delay-ASAQ-2y,4,0.7253903958631248,2031
006/099-Delay-ASAQ-2y,5,0.707707242282838,2031
006/099-Delay-ASAQ-2y,6,0.7154367086723988,2031
006/099-Delay-ASAQ-2y,7,0.7166811501034642,2031
006/099-Delay-ASAQ-2y,8,0.7370994951259607,2031
006/099-Delay-ASAQ-2y,9,0.6999680399744502,2031
006/099-Delay-ASAQ-2y,10,0.6868975930403362,2031
006/099-Delay-ASAQ-2y,11,0.7312777969274474,2031
006/099-Delay-ASAQ-2y,12,0.6996912367257977,2031
006/099-Delay-ASAQ-2y,13,0.7321093748346748,2031
006/099-Delay-ASAQ-2y,14,0.6881011154646214,2031
006/099-Delay-ASAQ-2y,15,0.7069755816974531,2031
006/099-Delay-ASAQ-2y,16,0.6854648419525837,2031
006/099-Delay-ASAQ-2y,17,0.7139273951027096,2031
006/099-Delay-ASAQ-2y,18,0.7168372964098397,2031
006/099-Delay-ASAQ-2y,19,0.7121819063324818,2031
006/099-Delay-ASAQ-2y,20,0.6929006246661839,2031
006/099-Delay-ASAQ-2y,21,0.7169186463499998,2031
006/099-Delay-ASAQ-2y,22,0.7090886863297984,2031
006/099-Delay-ASAQ-2y,23,0.7067457461811628,2031
006/099-Delay-ASAQ-2y,24,0.7127541006635948,2031
006/099-Delay-ASAQ-2y,25,0.7121599440378215,2031
006/099-Delay-ASAQ-2y,26,0.6990874124054725,2031
006/099-Delay-ASAQ-2y,27,0.6720774329522947,2031
006/099-Delay-ASAQ-2y,28,0.7219871886679338,2031
006/099-Delay-ASAQ-2y,29,0.7207638442146777,2031
006/099-Delay-ASAQ-2y,30,0.7346802457808611,2031
006/099-Delay-ASAQ-2y,31,0.6827599329939537,2031
006/099-Delay-ASAQ-2y,32,0.7103524680551606,2031
006/099-Delay-ASAQ-2y,33,0.7003087645607442,2031
006/099-Delay-ASAQ-2y,34,0.7147700299045283,2031
006/099-Delay-ASAQ-2y,35,0.7150604556273311,2031
006/099-Delay-ASAQ-2y,36,0.7237222109169871,2031
006/099-Delay-ASAQ-2y,37,0.7014414453689314,2031
006/099-Delay-ASAQ-2y,38,0.7220484757962559,2031
006/099-Delay-ASAQ-2y,39,0.7051884284944681,2031
006/099-Delay-ASAQ-2y,40,0.6965632483907789,2031
006/099-Delay-ASAQ-2y,41,0.7044569833808371,2031
006/099-Delay-ASAQ-2y,42,0.7091626825153768,2031
006/099-Delay-ASAQ-2y,43,0.7086664470416618,2031
006/099-Delay-ASAQ-2y,44,0.6911242381660343,2031
006/099-Delay-ASAQ-2y,45,0.6981002927115524,2031
006/099-Delay-ASAQ-2y,46,0.6905903335906257,2031
006/099-Delay-ASAQ-2y,47,0.706192093848235,2031
006/099-Delay-ASAQ-2y,48,0.6968494160368942,2031
006/099-Delay-ASAQ-2y,49,0.6946154783332616,2031
006/099-Delay-ASAQ-2y,50,0.7188701924676151,2031
006/099-Delay-ASAQ-2y,51,0.7423821535923353,2031
006/099-Delay-ASAQ-2y,52,0.6962272677629654,2031
006/099-Delay-ASAQ-2y,53,0.7293197286373397,2031
006/099-Delay-ASAQ-2y,54,0.7259743698751367,2031
006/099-Delay-ASAQ-2y,55,0.6943208761681362,2031
006/099-Delay-ASAQ-2y,56,0.7016878136121928,2031
006/099-Delay-ASAQ-2y,57,0.6890665460342267,2031
006/099-Delay-ASAQ-2y,58,0.7016394329499019,2031
006/099-Delay-ASAQ-2y,59,0.7105013418217189,2031
006/099-Delay-ASAQ-2y,60,0.7258230778412421,2031
006/099-Delay-ASAQ-2y,61,0.7191484951481075,2031
006/099-Delay-ASAQ-2y,62,0.6863698344263228,2031
006/099-Delay-ASAQ-2y,63,0.6931268602491948,2031
006/099-Delay-ASAQ-2y,64,0.6959209670307615,2031
006/099-Delay-ASAQ-2y,65,0.6866608053504065,2031
006/099-Delay-ASAQ-2y,66,0.7087914471764601,2031
006/099-Delay-ASAQ-2y,67,0.7186973501036573,2031
006/099-Delay-ASAQ-2y,68,0.7196520890437955,2031
006/099-Delay-ASAQ-2y,69,0.7080815980354385,2031
006/099-Delay-ASAQ-2y,70,0.699315391079819,2031
006/099-Delay-ASAQ-2y,71,0.7039989375775803,2031
006/099-Delay-ASAQ-2y,72,0.7147577072910662,2031
006/099-Delay-ASAQ-2y,73,0.7105065250499137,2031
006/099-Delay-ASAQ-2y,74,0.7301075843114533,2031
006/099-Delay-ASAQ-2y,75,0.7241484428655204,2031
006/099-Delay-ASAQ-2y,76,0.7154496535677857,2031
006/099-Delay-ASAQ-2y,77,0.6906513391072197,2031
006/099-Delay-ASAQ-2y,78,0.7082719474306697,2031
006/099-Delay-ASAQ-2y,79,0.6978395314935321,2031
006/099-Delay-ASAQ-2y,80,0.6994386929085437,2031
006/099-Delay-ASAQ-2y,81,0.7197782088429827,2031
006/099-Delay-ASAQ-2y,82,0.7008262127459653,2031
006/099-Delay-ASAQ-2y,83,0.6792743715325561,2031
006/099-Delay-ASAQ-2y,84,0.6943130896855862,2031
006/099-Delay-ASAQ-2y,85,0.694820165780616,2031
006/099-Delay-ASAQ-2y,86,0.7046498610662183,2031
006/099-Delay-ASAQ-2y,87,0.7061003498200376,2031
006/099-Delay-ASAQ-2y,88,0.720154935966562,2031
006/099-Delay-ASAQ-2y,89,0.7172441576634188,2031
006/099-Delay-ASAQ-2y,90,0.6849355888848766,2031
006/099-Delay-ASAQ-2y,91,0.7096134045509771,2031
006/099-Delay-ASAQ-2y,92,0.7118962718670936,2031
006/099-Delay-ASAQ-2y,93,0.699140389332912,2031
006/099-Delay-ASAQ-2y,94,0.6748650287975186,2031
006/099-Delay-ASAQ-2y,95,0.7115295488183087,2031
006/099-Delay-ASAQ-2y,96,0.7192807209729652,2031
006/099-Delay-ASAQ-2y,97,0.673963040127794,2031
006/099-Delay-ASAQ-2y,98,0.7184126608301843,2031
006/099-Delay-ASAQ-2y,99,0.6798840566619967,2031
006/100-Delay-ASAQ-3y,0,0.7210115412885046,2031
006/100-Delay-ASAQ-3y,1,0.7299952922587202,2031
006/100-Delay-ASAQ-3y,2,0.7309029733633544,2031
006/100-Delay-ASAQ-3y,3,0.7478238196438066,2031
006/100-Delay-ASAQ-3y,4,0.7738087902692018,2031
006/100-Delay-ASAQ-3y,5,0.7400376886153318,2031
006/100-Delay-ASAQ-3y,6,0.7958912716229962,2031
006/100-Delay-ASAQ-3y,7,0.7349746724517002,2031
006/100-Delay-ASAQ-3y,8,0.7169213835228144,2031
006/100-Delay-ASAQ-3y,9,0.7252940642344279,2031
006/100-Delay-ASAQ-3y,10,0.7386594230807466,2031
006/100-Delay-ASAQ-3y,11,0.7518817909274046,2031
006/100-Delay-ASAQ-3y,12,0.7334076746935075,2031
006/100-Delay-ASAQ-3y,13,0.7388180686457066,2031
006/100-Delay-ASAQ-3y,14,0.7187075368924303,2031
006/100-Delay-ASAQ-3y,15,0.7139924417386628,2031
006/100-Delay-ASAQ-3y,16,0.7370933508905463,2031
006/100-Delay-ASAQ-3y,17,0.7187774448528712,2031
006/100-Delay-ASAQ-3y,18,0.7312925072812447,2031
006/100-Delay-ASAQ-3y,19,0.7266311377795547,2031
006/100-Delay-ASAQ-3y,20,0.7355509929698693,2031
006/100-Delay-ASAQ-3y,21,0.7267569608349591,2031
006/100-Delay-ASAQ-3y,22,0.7229487562595933,2031
006/100-Delay-ASAQ-3y,23,0.7358050725219404,2031
006/100-Delay-ASAQ-3y,24,0.7020539087017429,2031
006/100-Delay-ASAQ-3y,25,0.719043290451065,2031
006/100-Delay-ASAQ-3y,26,0.7465307396056384,2031
006/100-Delay-ASAQ-3y,27,0.7270237975047044,2031
006/100-Delay-ASAQ-3y,28,0.725774590544516,2031
006/100-Delay-ASAQ-3y,29,0.7508248859165048,2031
006/100-Delay-ASAQ-3y,30,0.7198986526269678,2031
006/100-Delay-ASAQ-3y,31,0.7286664266155416,2031
006/100-Delay-ASAQ-3y,32,0.7257685751081989,2031
006/100-Delay-ASAQ-3y,33,0.7407923629914884,2031
006/100-Delay-ASAQ-3y,34,0.7473000521553238,2031
006/100-Delay-ASAQ-3y,35,0.7466429062109486,2031
006/100-Delay-ASAQ-3y,36,0.7350611643212887,2031
006/100-Delay-ASAQ-3y,37,0.7366156903053964,2031
006/100-Delay-ASAQ-3y,38,0.7465627793194812,2031
006/100-Delay-ASAQ-3y,39,0.7204154175388782,2031
006/100-Delay-ASAQ-3y,40,0.7536178051726033,2031
006/100-Delay-ASAQ-3y,41,0.7100040292822393,2031
006/100-Delay-ASAQ-3y,42,0.7302794092276214,2031
006/100-Delay-ASAQ-3y,43,0.7359838692626628,2031
006/100-Delay-ASAQ-3y,44,0.7143199917895776,2031
006/100-Delay-ASAQ-3y,45,0.74140156081898,2031
006/100-Delay-ASAQ-3y,46,0.7517972175700577,2031
006/100-Delay-ASAQ-3y,47,0.7282227211327862,2031
006/100-Delay-ASAQ-3y,48,0.7215523302062987,2031
006/100-Delay-ASAQ-3y,49,0.702977018445344,2031
006/100-Delay-ASAQ-3y,50,0.7179451524255578,2031
006/100-Delay-ASAQ-3y,51,0.7408926120578162,2031
006/100-Delay-ASAQ-3y,52,0.7136470925753696,2031
006/100-Delay-ASAQ-3y,53,0.7268066280016972,2031
006/100-Delay-ASAQ-3y,54,0.7426942678617808,2031
006/100-Delay-ASAQ-3y,55,0.7261777686147243,2031
006/100-Delay-ASAQ-3y,56,0.7489245432256441,2031
006/100-Delay-ASAQ-3y,57,0.7281083678971659,2031
006/100-Delay-ASAQ-3y,58,0.7218185642875553,2031
006/100-Delay-ASAQ-3y,59,0.7309699470373158,2031
006/100-Delay-ASAQ-3y,60,0.7593884477102658,2031
006/100-Delay-ASAQ-3y,61,0.7241274787900472,2031
006/100-Delay-ASAQ-3y,62,0.7495302059422165,2031
006/100-Delay-ASAQ-3y,63,0.764501495288305,2031
006/100-Delay-ASAQ-3y,64,0.7337686872443117,2031
006/100-Delay-ASAQ-3y,65,0.7279445448387233,2031
006/100-Delay-ASAQ-3y,66,0.7492856745308668,2031
006/100-Delay-ASAQ-3y,67,0.7142903371064343,2031
006/100-Delay-ASAQ-3y,68,0.7422624196788515,2031
006/100-Delay-ASAQ-3y,69,0.740961979873083,2031
006/100-Delay-ASAQ-3y,70,0.7590829744053122,2031
006/100-Delay-ASAQ-3y,71,0.7265447496543088,2031
006/100-Delay-ASAQ-3y,72,0.7217860116372535,2031
006/100-Delay-ASAQ-3y,73,0.7161799651976595,2031
006/100-Delay-ASAQ-3y,74,0.7473620423917714,2031
006/100-Delay-ASAQ-3y,75,0.7108475497301648,2031
006/100-Delay-ASAQ-3y,76,0.7055794910250457,2031
006/100-Delay-ASAQ-3y,77,0.7437597235136231,2031
006/100-Delay-ASAQ-3y,78,0.7358083608616292,2031
006/100-Delay-ASAQ-3y,79,0.729595552226452,2031
006/100-Delay-ASAQ-3y,80,0.7660908269735556,2031
006/100-Delay-ASAQ-3y,81,0.7594201792675285,2031
006/100-Delay-ASAQ-3y,82,0.7478314579691117,2031
006/100-Delay-ASAQ-3y,83,0.7336359402201679,2031
006/100-Delay-ASAQ-3y,84,0.7078026274912631,2031
006/100-Delay-ASAQ-3y,85,0.7496296666806161,2031
006/100-Delay-ASAQ-3y,86,0.739274012145498,2031
006/100-Delay-ASAQ-3y,87,0.7368768178759005,2031
006/100-Delay-ASAQ-3y,88,0.7336485768352069,2031
006/100-Delay-ASAQ-3y,89,0.692489864666609,2031
006/100-Delay-ASAQ-3y,90,0.7608138010555582,2031
006/100-Delay-ASAQ-3y,91,0.7299823003880661,2031
006/100-Delay-ASAQ-3y,92,0.7399943816439224,2031
006/100-Delay-ASAQ-3y,93,0.7438893915771098,2031
006/100-Delay-ASAQ-3y,94,0.7129985356578677,2031
006/100-Delay-ASAQ-3y,95,0.7247232387308409,2031
006/100-Delay-ASAQ-3y,96,0.7341174079536188,2031
006/100-Delay-ASAQ-3y,97,0.7339499929603246,2031
006/100-Delay-ASAQ-3y,98,0.7381633724366979,2031
006/100-Delay-ASAQ-3y,99,0.7655501413499994,2031
006/101-Delay-ASAQ-4y,0,0.7433674987174412,2031
006/101-Delay-ASAQ-4y,1,0.7606803487758219,2031
006/101-Delay-ASAQ-4y,2,0.7794828247391963,2031
006/101-Delay-ASAQ-4y,3,0.7454215868338422,2031
006/101-Delay-ASAQ-4y,4,0.7594218781412777,2031
006/101-Delay-ASAQ-4y,5,0.7435237681732606,2031
006/101-Delay-ASAQ-4y,6,0.7801596533978911,2031
006/101-Delay-ASAQ-4y,7,0.7522367607654153,2031
006/101-Delay-ASAQ-4y,8,0.7648683315628421,2031
006/101-Delay-ASAQ-4y,9,0.755079275506958,2031
006/101-Delay-ASAQ-4y,10,0.7281845249897402,2031
006/101-Delay-ASAQ-4y,11,0.7428153349803907,2031
006/101-Delay-ASAQ-4y,12,0.7707043132670357,2031
006/101-Delay-ASAQ-4y,13,0.7712487963052651,2031
006/101-Delay-ASAQ-4y,14,0.7389446123011646,2031
006/101-Delay-ASAQ-4y,15,0.759204448103937,2031
006/101-Delay-ASAQ-4y,16,0.750651060408272,2031
006/101-Delay-ASAQ-4y,17,0.7464824025035032,2031
006/101-Delay-ASAQ-4y,18,0.7493232742036177,2031
006/101-Delay-ASAQ-4y,19,0.7583423258337119,2031
006/101-Delay-ASAQ-4y,20,0.7702787786430568,2031
006/101-Delay-ASAQ-4y,21,0.7897426610934691,2031
006/101-Delay-ASAQ-4y,22,0.753781009749147,2031
006/101-Delay-ASAQ-4y,23,0.732184142319216,2031
006/101-Delay-ASAQ-4y,24,0.7501740665713158,2031
006/101-Delay-ASAQ-4y,25,0.7374946736976042,2031
006/101-Delay-ASAQ-4y,26,0.7553077335842179,2031
006/101-Delay-ASAQ-4y,27,0.7658972070790532,2031
006/101-Delay-ASAQ-4y,28,0.738550688629476,2031
006/101-Delay-ASAQ-4y,29,0.7615925928858882,2031
006/101-Delay-ASAQ-4y,30,0.7512598268514084,2031
006/101-Delay-ASAQ-4y,31,0.771305203447039,2031
006/101-Delay-ASAQ-4y,32,0.7587321377126824,2031
006/101-Delay-ASAQ-4y,33,0.7731734893647629,2031
006/101-Delay-ASAQ-4y,34,0.7271055097400326,2031
006/101-Delay-ASAQ-4y,35,0.746946057091443,2031
006/101-Delay-ASAQ-4y,36,0.7652580191514914,2031
006/101-Delay-ASAQ-4y,37,0.7608180010152013,2031
006/101-Delay-ASAQ-4y,38,0.7913943034106495,2031
006/101-Delay-ASAQ-4y,39,0.781909459936769,2031
006/101-Delay-ASAQ-4y,40,0.7234243725520484,2031
006/101-Delay-ASAQ-4y,41,0.755394304418493,2031
006/101-Delay-ASAQ-4y,42,0.7305503490785609,2031
006/101-Delay-ASAQ-4y,43,0.7789120220674568,2031
006/101-Delay-ASAQ-4y,44,0.7462900824195661,2031
006/101-Delay-ASAQ-4y,45,0.7492571916737248,2031
006/101-Delay-ASAQ-4y,46,0.7438227984712737,2031
006/101-Delay-ASAQ-4y,47,0.7714515943250387,2031
006/101-Delay-ASAQ-4y,48,0.7628050752193828,2031
006/101-Delay-ASAQ-4y,49,0.7855776774435851,2031
006/101-Delay-ASAQ-4y,50,0.7904155978132962,2031
006/101-Delay-ASAQ-4y,51,0.7375095786654805,2031
006/101-Delay-ASAQ-4y,52,0.7677517476095258,2031
006/101-Delay-ASAQ-4y,53,0.7455589367569697,2031
006/101-Delay-ASAQ-4y,54,0.7689240924997133,2031
006/101-Delay-ASAQ-4y,55,0.7523747540033635,2031
006/101-Delay-ASAQ-4y,56,0.7551195774513291,2031
006/101-Delay-ASAQ-4y,57,0.7839155734159488,2031
006/101-Delay-ASAQ-4y,58,0.7516491211880189,2031
006/101-Delay-ASAQ-4y,59,0.7720291221982252,2031
006/101-Delay-ASAQ-4y,60,0.7768831997321964,2031
006/101-Delay-ASAQ-4y,61,0.7908619958390958,2031
006/101-Delay-ASAQ-4y,62,0.7608110977963364,2031
006/101-Delay-ASAQ-4y,63,0.742170828635154,2031
006/101-Delay-ASAQ-4y,64,0.7479587655727403,2031
006/101-Delay-ASAQ-4y,65,0.7345082213816365,2031
006/101-Delay-ASAQ-4y,66,0.7408659922698445,2031
006/101-Delay-ASAQ-4y,67,0.7319011350354224,2031
006/101-Delay-ASAQ-4y,68,0.7793819393195061,2031
006/101-Delay-ASAQ-4y,69,0.7566082946800957,2031
006/101-Delay-ASAQ-4y,70,0.7439373296248922,2031
006/101-Delay-ASAQ-4y,71,0.7428303202209051,2031
006/101-Delay-ASAQ-4y,72,0.7616463948666663,2031
006/101-Delay-ASAQ-4y,73,0.7649982368498867,2031
006/101-Delay-ASAQ-4y,74,0.7518292333801981,2031
006/101-Delay-ASAQ-4y,75,0.744753400627795,2031
006/101-Delay-ASAQ-4y,76,0.7268802931931626,2031
006/101-Delay-ASAQ-4y,77,0.7667647570078611,2031
006/101-Delay-ASAQ-4y,78,0.7783998030828618,2031
006/101-Delay-ASAQ-4y,79,0.7538204306320764,2031
006/101-Delay-ASAQ-4y,80,0.7464204244421094,2031
006/101-Delay-ASAQ-4y,81,0.7641414353437286,2031
006/101-Delay-ASAQ-4y,82,0.7497169188453193,2031
006/101-Delay-ASAQ-4y,83,0.7330652290562866,2031
006/101-Delay-ASAQ-4y,84,0.7751508209498867,2031
006/101-Delay-ASAQ-4y,85,0.7597817133765288,2031
006/101-Delay-ASAQ-4y,86,0.7624514552551308,2031
006/101-Delay-ASAQ-4y,87,0.7738516507277132,2031
006/101-Delay-ASAQ-4y,88,0.7686179516604624,2031
006/101-Delay-ASAQ-4y,89,0.7714933421742011,2031
006/101-Delay-ASAQ-4y,90,0.7369072667802076,2031
006/101-Delay-ASAQ-4y,91,0.732719786360176,2031
006/101-Delay-ASAQ-4y,92,0.7646900966641427,2031
006/101-Delay-ASAQ-4y,93,0.735741599301441,2031
006/101-Delay-ASAQ-4y,94,0.7634235164073259,2031
006/101-Delay-ASAQ-4y,95,0.7377408357422945,2031
006/101-Delay-ASAQ-4y,96,0.7357484330012931,2031
006/101-Delay-ASAQ-4y,97,0.7561332176839062,2031
006/101-Delay-ASAQ-4y,98,0.7610788263175096,2031
006/101-Delay-ASAQ-4y,99,0.784814052769342,2031
