scenario,run,total_treatmentfailures,year,label,color,position,al_used,main_setting
000-status-quo,0,46453.38888888889,2031,Status Quo,#80b1d3,0,100.0,004
000-status-quo,1,46249.333333333336,2031,Status Quo,#80b1d3,0,100.0,004
000-status-quo,2,45565.11111111111,2031,Status Quo,#80b1d3,0,100.0,004
000-status-quo,3,45360.055555555555,2031,Status Quo,#80b1d3,0,100.0,004
000-status-quo,4,47216.055555555555,2031,Status Quo,#80b1d3,0,100.0,004
000-status-quo,5,48080.61111111111,2031,Status Quo,#80b1d3,0,100.0,004
000-status-quo,6,44505.444444444445,2031,Status Quo,#80b1d3,0,100.0,004
000-status-quo,7,49494.944444444445,2031,Status Quo,#80b1d3,0,100.0,004
000-status-quo,8,46594.944444444445,2031,Status Quo,#80b1d3,0,100.0,004
000-status-quo,9,47411.444444444445,2031,Status Quo,#80b1d3,0,100.0,004
000-status-quo,10,50540.61111111111,2031,Status Quo,#80b1d3,0,100.0,004
000-status-quo,11,45137.333333333336,2031,Status Quo,#80b1d3,0,100.0,004
000-status-quo,12,49377.555555555555,2031,Status Quo,#80b1d3,0,100.0,004
000-status-quo,13,45577.055555555555,2031,Status Quo,#80b1d3,0,100.0,004
000-status-quo,14,43727.72222222222,2031,Status Quo,#80b1d3,0,100.0,004
000-status-quo,15,45780.22222222222,2031,Status Quo,#80b1d3,0,100.0,004
000-status-quo,16,48386.833333333336,2031,Status Quo,#80b1d3,0,100.0,004
000-status-quo,17,46364.77777777778,2031,Status Quo,#80b1d3,0,100.0,004
000-status-quo,18,47163.555555555555,2031,Status Quo,#80b1d3,0,100.0,004
000-status-quo,19,47308.444444444445,2031,Status Quo,#80b1d3,0,100.0,004
000-status-quo,20,47092.5,2031,Status Quo,#80b1d3,0,100.0,004
000-status-quo,21,45302.166666666664,2031,Status Quo,#80b1d3,0,100.0,004
000-status-quo,22,48679.88888888889,2031,Status Quo,#80b1d3,0,100.0,004
000-status-quo,23,48053.72222222222,2031,Status Quo,#80b1d3,0,100.0,004
000-status-quo,24,47625.333333333336,2031,Status Quo,#80b1d3,0,100.0,004
000-status-quo,25,47358.555555555555,2031,Status Quo,#80b1d3,0,100.0,004
000-status-quo,26,45591.77777777778,2031,Status Quo,#80b1d3,0,100.0,004
000-status-quo,27,45326.22222222222,2031,Status Quo,#80b1d3,0,100.0,004
000-status-quo,28,47326.055555555555,2031,Status Quo,#80b1d3,0,100.0,004
000-status-quo,29,47110.444444444445,2031,Status Quo,#80b1d3,0,100.0,004
000-status-quo,30,47794.444444444445,2031,Status Quo,#80b1d3,0,100.0,004
000-status-quo,31,46622.055555555555,2031,Status Quo,#80b1d3,0,100.0,004
000-status-quo,32,50334.055555555555,2031,Status Quo,#80b1d3,0,100.0,004
000-status-quo,33,45943.166666666664,2031,Status Quo,#80b1d3,0,100.0,004
000-status-quo,34,46943.61111111111,2031,Status Quo,#80b1d3,0,100.0,004
000-status-quo,35,45840.833333333336,2031,Status Quo,#80b1d3,0,100.0,004
000-status-quo,36,46766.22222222222,2031,Status Quo,#80b1d3,0,100.0,004
000-status-quo,37,49050.22222222222,2031,Status Quo,#80b1d3,0,100.0,004
000-status-quo,38,45664.22222222222,2031,Status Quo,#80b1d3,0,100.0,004
000-status-quo,39,48273.77777777778,2031,Status Quo,#80b1d3,0,100.0,004
000-status-quo,40,45346.61111111111,2031,Status Quo,#80b1d3,0,100.0,004
000-status-quo,41,46607.38888888889,2031,Status Quo,#80b1d3,0,100.0,004
000-status-quo,42,45826.833333333336,2031,Status Quo,#80b1d3,0,100.0,004
000-status-quo,43,48384.22222222222,2031,Status Quo,#80b1d3,0,100.0,004
000-status-quo,44,46738.0,2031,Status Quo,#80b1d3,0,100.0,004
000-status-quo,45,46213.333333333336,2031,Status Quo,#80b1d3,0,100.0,004
000-status-quo,46,47256.944444444445,2031,Status Quo,#80b1d3,0,100.0,004
000-status-quo,47,45895.833333333336,2031,Status Quo,#80b1d3,0,100.0,004
000-status-quo,48,45310.88888888889,2031,Status Quo,#80b1d3,0,100.0,004
000-status-quo,49,46482.11111111111,2031,Status Quo,#80b1d3,0,100.0,004
000-status-quo,50,47480.555555555555,2031,Status Quo,#80b1d3,0,100.0,004
000-status-quo,51,46050.77777777778,2031,Status Quo,#80b1d3,0,100.0,004
000-status-quo,52,46486.22222222222,2031,Status Quo,#80b1d3,0,100.0,004
000-status-quo,53,47414.166666666664,2031,Status Quo,#80b1d3,0,100.0,004
000-status-quo,54,47261.944444444445,2031,Status Quo,#80b1d3,0,100.0,004
000-status-quo,55,46828.333333333336,2031,Status Quo,#80b1d3,0,100.0,004
000-status-quo,56,49064.11111111111,2031,Status Quo,#80b1d3,0,100.0,004
000-status-quo,57,48553.77777777778,2031,Status Quo,#80b1d3,0,100.0,004
000-status-quo,58,45293.88888888889,2031,Status Quo,#80b1d3,0,100.0,004
000-status-quo,59,47401.444444444445,2031,Status Quo,#80b1d3,0,100.0,004
000-status-quo,60,48464.555555555555,2031,Status Quo,#80b1d3,0,100.0,004
000-status-quo,61,47234.72222222222,2031,Status Quo,#80b1d3,0,100.0,004
000-status-quo,62,45553.444444444445,2031,Status Quo,#80b1d3,0,100.0,004
000-status-quo,63,45354.88888888889,2031,Status Quo,#80b1d3,0,100.0,004
000-status-quo,64,45343.27777777778,2031,Status Quo,#80b1d3,0,100.0,004
000-status-quo,65,48283.38888888889,2031,Status Quo,#80b1d3,0,100.0,004
000-status-quo,66,46770.0,2031,Status Quo,#80b1d3,0,100.0,004
000-status-quo,67,44641.5,2031,Status Quo,#80b1d3,0,100.0,004
000-status-quo,68,48341.27777777778,2031,Status Quo,#80b1d3,0,100.0,004
000-status-quo,69,48222.0,2031,Status Quo,#80b1d3,0,100.0,004
000-status-quo,70,46160.5,2031,Status Quo,#80b1d3,0,100.0,004
000-status-quo,71,47543.38888888889,2031,Status Quo,#80b1d3,0,100.0,004
000-status-quo,72,46179.333333333336,2031,Status Quo,#80b1d3,0,100.0,004
000-status-quo,73,44203.555555555555,2031,Status Quo,#80b1d3,0,100.0,004
000-status-quo,74,48691.166666666664,2031,Status Quo,#80b1d3,0,100.0,004
000-status-quo,75,48730.555555555555,2031,Status Quo,#80b1d3,0,100.0,004
000-status-quo,76,46941.61111111111,2031,Status Quo,#80b1d3,0,100.0,004
000-status-quo,77,46396.666666666664,2031,Status Quo,#80b1d3,0,100.0,004
000-status-quo,78,46279.38888888889,2031,Status Quo,#80b1d3,0,100.0,004
000-status-quo,79,46402.055555555555,2031,Status Quo,#80b1d3,0,100.0,004
000-status-quo,80,44989.666666666664,2031,Status Quo,#80b1d3,0,100.0,004
000-status-quo,81,44561.166666666664,2031,Status Quo,#80b1d3,0,100.0,004
000-status-quo,82,49532.72222222222,2031,Status Quo,#80b1d3,0,100.0,004
000-status-quo,83,49110.333333333336,2031,Status Quo,#80b1d3,0,100.0,004
000-status-quo,84,48278.666666666664,2031,Status Quo,#80b1d3,0,100.0,004
000-status-quo,85,46657.166666666664,2031,Status Quo,#80b1d3,0,100.0,004
000-status-quo,86,46260.055555555555,2031,Status Quo,#80b1d3,0,100.0,004
000-status-quo,87,45820.22222222222,2031,Status Quo,#80b1d3,0,100.0,004
000-status-quo,88,47763.055555555555,2031,Status Quo,#80b1d3,0,100.0,004
000-status-quo,89,48816.833333333336,2031,Status Quo,#80b1d3,0,100.0,004
000-status-quo,90,46927.72222222222,2031,Status Quo,#80b1d3,0,100.0,004
000-status-quo,91,46075.166666666664,2031,Status Quo,#80b1d3,0,100.0,004
000-status-quo,92,45982.555555555555,2031,Status Quo,#80b1d3,0,100.0,004
000-status-quo,93,46438.27777777778,2031,Status Quo,#80b1d3,0,100.0,004
000-status-quo,94,47397.88888888889,2031,Status Quo,#80b1d3,0,100.0,004
000-status-quo,95,45085.77777777778,2031,Status Quo,#80b1d3,0,100.0,004
000-status-quo,96,48766.22222222222,2031,Status Quo,#80b1d3,0,100.0,004
000-status-quo,97,46221.61111111111,2031,Status Quo,#80b1d3,0,100.0,004
000-status-quo,98,47439.22222222222,2031,Status Quo,#80b1d3,0,100.0,004
000-status-quo,99,47104.38888888889,2031,Status Quo,#80b1d3,0,100.0,004
001-basic-ASAQ,0,27372.38888888889,2031,Basic switch to ASAQ,#80b1d3,0,0.0,004
001-basic-ASAQ,1,27526.722222222223,2031,Basic switch to ASAQ,#80b1d3,0,0.0,004
001-basic-ASAQ,2,28344.5,2031,Basic switch to ASAQ,#80b1d3,0,0.0,004
001-basic-ASAQ,3,28285.833333333332,2031,Basic switch to ASAQ,#80b1d3,0,0.0,004
001-basic-ASAQ,4,27745.666666666668,2031,Basic switch to ASAQ,#80b1d3,0,0.0,004
001-basic-ASAQ,5,27237.444444444445,2031,Basic switch to ASAQ,#80b1d3,0,0.0,004
001-basic-ASAQ,6,26755.222222222223,2031,Basic switch to ASAQ,#80b1d3,0,0.0,004
001-basic-ASAQ,7,27328.0,2031,Basic switch to ASAQ,#80b1d3,0,0.0,004
001-basic-ASAQ,8,27648.055555555555,2031,Basic switch to ASAQ,#80b1d3,0,0.0,004
001-basic-ASAQ,9,27997.666666666668,2031,Basic switch to ASAQ,#80b1d3,0,0.0,004
001-basic-ASAQ,10,27236.555555555555,2031,Basic switch to ASAQ,#80b1d3,0,0.0,004
001-basic-ASAQ,11,27857.5,2031,Basic switch to ASAQ,#80b1d3,0,0.0,004
001-basic-ASAQ,12,28000.333333333332,2031,Basic switch to ASAQ,#80b1d3,0,0.0,004
001-basic-ASAQ,13,27707.11111111111,2031,Basic switch to ASAQ,#80b1d3,0,0.0,004
001-basic-ASAQ,14,27898.944444444445,2031,Basic switch to ASAQ,#80b1d3,0,0.0,004
001-basic-ASAQ,15,27234.88888888889,2031,Basic switch to ASAQ,#80b1d3,0,0.0,004
001-basic-ASAQ,16,27836.11111111111,2031,Basic switch to ASAQ,#80b1d3,0,0.0,004
001-basic-ASAQ,17,27080.222222222223,2031,Basic switch to ASAQ,#80b1d3,0,0.0,004
001-basic-ASAQ,18,26760.11111111111,2031,Basic switch to ASAQ,#80b1d3,0,0.0,004
001-basic-ASAQ,19,27696.722222222223,2031,Basic switch to ASAQ,#80b1d3,0,0.0,004
001-basic-ASAQ,20,28016.38888888889,2031,Basic switch to ASAQ,#80b1d3,0,0.0,004
001-basic-ASAQ,21,27064.722222222223,2031,Basic switch to ASAQ,#80b1d3,0,0.0,004
001-basic-ASAQ,22,26969.833333333332,2031,Basic switch to ASAQ,#80b1d3,0,0.0,004
001-basic-ASAQ,23,26899.833333333332,2031,Basic switch to ASAQ,#80b1d3,0,0.0,004
001-basic-ASAQ,24,28146.444444444445,2031,Basic switch to ASAQ,#80b1d3,0,0.0,004
001-basic-ASAQ,25,27784.944444444445,2031,Basic switch to ASAQ,#80b1d3,0,0.0,004
001-basic-ASAQ,26,27693.555555555555,2031,Basic switch to ASAQ,#80b1d3,0,0.0,004
001-basic-ASAQ,27,27818.0,2031,Basic switch to ASAQ,#80b1d3,0,0.0,004
001-basic-ASAQ,28,27488.222222222223,2031,Basic switch to ASAQ,#80b1d3,0,0.0,004
001-basic-ASAQ,29,27543.666666666668,2031,Basic switch to ASAQ,#80b1d3,0,0.0,004
001-basic-ASAQ,30,28124.944444444445,2031,Basic switch to ASAQ,#80b1d3,0,0.0,004
001-basic-ASAQ,31,27653.11111111111,2031,Basic switch to ASAQ,#80b1d3,0,0.0,004
001-basic-ASAQ,32,27987.944444444445,2031,Basic switch to ASAQ,#80b1d3,0,0.0,004
001-basic-ASAQ,33,26671.88888888889,2031,Basic switch to ASAQ,#80b1d3,0,0.0,004
001-basic-ASAQ,34,28018.38888888889,2031,Basic switch to ASAQ,#80b1d3,0,0.0,004
001-basic-ASAQ,35,28004.222222222223,2031,Basic switch to ASAQ,#80b1d3,0,0.0,004
001-basic-ASAQ,36,27932.555555555555,2031,Basic switch to ASAQ,#80b1d3,0,0.0,004
001-basic-ASAQ,37,27398.88888888889,2031,Basic switch to ASAQ,#80b1d3,0,0.0,004
001-basic-ASAQ,38,28539.222222222223,2031,Basic switch to ASAQ,#80b1d3,0,0.0,004
001-basic-ASAQ,39,27395.722222222223,2031,Basic switch to ASAQ,#80b1d3,0,0.0,004
001-basic-ASAQ,40,26932.722222222223,2031,Basic switch to ASAQ,#80b1d3,0,0.0,004
001-basic-ASAQ,41,27137.777777777777,2031,Basic switch to ASAQ,#80b1d3,0,0.0,004
001-basic-ASAQ,42,28012.0,2031,Basic switch to ASAQ,#80b1d3,0,0.0,004
001-basic-ASAQ,43,27711.777777777777,2031,Basic switch to ASAQ,#80b1d3,0,0.0,004
001-basic-ASAQ,44,27988.833333333332,2031,Basic switch to ASAQ,#80b1d3,0,0.0,004
001-basic-ASAQ,45,27324.88888888889,2031,Basic switch to ASAQ,#80b1d3,0,0.0,004
001-basic-ASAQ,46,27022.666666666668,2031,Basic switch to ASAQ,#80b1d3,0,0.0,004
001-basic-ASAQ,47,27131.0,2031,Basic switch to ASAQ,#80b1d3,0,0.0,004
001-basic-ASAQ,48,27303.555555555555,2031,Basic switch to ASAQ,#80b1d3,0,0.0,004
001-basic-ASAQ,49,26744.777777777777,2031,Basic switch to ASAQ,#80b1d3,0,0.0,004
001-basic-ASAQ,50,26659.5,2031,Basic switch to ASAQ,#80b1d3,0,0.0,004
001-basic-ASAQ,51,27861.833333333332,2031,Basic switch to ASAQ,#80b1d3,0,0.0,004
001-basic-ASAQ,52,28634.722222222223,2031,Basic switch to ASAQ,#80b1d3,0,0.0,004
001-basic-ASAQ,53,27626.166666666668,2031,Basic switch to ASAQ,#80b1d3,0,0.0,004
001-basic-ASAQ,54,27950.0,2031,Basic switch to ASAQ,#80b1d3,0,0.0,004
001-basic-ASAQ,55,27907.777777777777,2031,Basic switch to ASAQ,#80b1d3,0,0.0,004
001-basic-ASAQ,56,27368.333333333332,2031,Basic switch to ASAQ,#80b1d3,0,0.0,004
001-basic-ASAQ,57,28069.833333333332,2031,Basic switch to ASAQ,#80b1d3,0,0.0,004
001-basic-ASAQ,58,27019.666666666668,2031,Basic switch to ASAQ,#80b1d3,0,0.0,004
001-basic-ASAQ,59,26945.666666666668,2031,Basic switch to ASAQ,#80b1d3,0,0.0,004
001-basic-ASAQ,60,27802.5,2031,Basic switch to ASAQ,#80b1d3,0,0.0,004
001-basic-ASAQ,61,27892.166666666668,2031,Basic switch to ASAQ,#80b1d3,0,0.0,004
001-basic-ASAQ,62,27970.88888888889,2031,Basic switch to ASAQ,#80b1d3,0,0.0,004
001-basic-ASAQ,63,26908.555555555555,2031,Basic switch to ASAQ,#80b1d3,0,0.0,004
001-basic-ASAQ,64,28035.222222222223,2031,Basic switch to ASAQ,#80b1d3,0,0.0,004
001-basic-ASAQ,65,27637.38888888889,2031,Basic switch to ASAQ,#80b1d3,0,0.0,004
001-basic-ASAQ,66,27559.444444444445,2031,Basic switch to ASAQ,#80b1d3,0,0.0,004
001-basic-ASAQ,67,27553.055555555555,2031,Basic switch to ASAQ,#80b1d3,0,0.0,004
001-basic-ASAQ,68,28277.222222222223,2031,Basic switch to ASAQ,#80b1d3,0,0.0,004
001-basic-ASAQ,69,27603.277777777777,2031,Basic switch to ASAQ,#80b1d3,0,0.0,004
001-basic-ASAQ,70,27071.555555555555,2031,Basic switch to ASAQ,#80b1d3,0,0.0,004
001-basic-ASAQ,71,27311.38888888889,2031,Basic switch to ASAQ,#80b1d3,0,0.0,004
001-basic-ASAQ,72,27313.722222222223,2031,Basic switch to ASAQ,#80b1d3,0,0.0,004
001-basic-ASAQ,73,27707.5,2031,Basic switch to ASAQ,#80b1d3,0,0.0,004
001-basic-ASAQ,74,27439.055555555555,2031,Basic switch to ASAQ,#80b1d3,0,0.0,004
001-basic-ASAQ,75,27719.666666666668,2031,Basic switch to ASAQ,#80b1d3,0,0.0,004
001-basic-ASAQ,76,27449.944444444445,2031,Basic switch to ASAQ,#80b1d3,0,0.0,004
001-basic-ASAQ,77,28139.444444444445,2031,Basic switch to ASAQ,#80b1d3,0,0.0,004
001-basic-ASAQ,78,27696.11111111111,2031,Basic switch to ASAQ,#80b1d3,0,0.0,004
001-basic-ASAQ,79,27460.166666666668,2031,Basic switch to ASAQ,#80b1d3,0,0.0,004
001-basic-ASAQ,80,28625.777777777777,2031,Basic switch to ASAQ,#80b1d3,0,0.0,004
001-basic-ASAQ,81,27298.333333333332,2031,Basic switch to ASAQ,#80b1d3,0,0.0,004
001-basic-ASAQ,82,27251.88888888889,2031,Basic switch to ASAQ,#80b1d3,0,0.0,004
001-basic-ASAQ,83,27085.61111111111,2031,Basic switch to ASAQ,#80b1d3,0,0.0,004
001-basic-ASAQ,84,27076.333333333332,2031,Basic switch to ASAQ,#80b1d3,0,0.0,004
001-basic-ASAQ,85,26934.444444444445,2031,Basic switch to ASAQ,#80b1d3,0,0.0,004
001-basic-ASAQ,86,27880.722222222223,2031,Basic switch to ASAQ,#80b1d3,0,0.0,004
001-basic-ASAQ,87,28211.11111111111,2031,Basic switch to ASAQ,#80b1d3,0,0.0,004
001-basic-ASAQ,88,27613.055555555555,2031,Basic switch to ASAQ,#80b1d3,0,0.0,004
001-basic-ASAQ,89,28176.61111111111,2031,Basic switch to ASAQ,#80b1d3,0,0.0,004
001-basic-ASAQ,90,27513.444444444445,2031,Basic switch to ASAQ,#80b1d3,0,0.0,004
001-basic-ASAQ,91,27277.722222222223,2031,Basic switch to ASAQ,#80b1d3,0,0.0,004
001-basic-ASAQ,92,27209.555555555555,2031,Basic switch to ASAQ,#80b1d3,0,0.0,004
001-basic-ASAQ,93,28501.777777777777,2031,Basic switch to ASAQ,#80b1d3,0,0.0,004
001-basic-ASAQ,94,28207.833333333332,2031,Basic switch to ASAQ,#80b1d3,0,0.0,004
001-basic-ASAQ,95,27534.166666666668,2031,Basic switch to ASAQ,#80b1d3,0,0.0,004
001-basic-ASAQ,96,27810.833333333332,2031,Basic switch to ASAQ,#80b1d3,0,0.0,004
001-basic-ASAQ,97,27390.277777777777,2031,Basic switch to ASAQ,#80b1d3,0,0.0,004
001-basic-ASAQ,98,27743.722222222223,2031,Basic switch to ASAQ,#80b1d3,0,0.0,004
001-basic-ASAQ,99,27435.666666666668,2031,Basic switch to ASAQ,#80b1d3,0,0.0,004
002-basic-DHAPPQ,0,38755.0,2031,"Switch to
DHAPPQ",#80b1d3,0,0.0,004
002-basic-DHAPPQ,1,41160.5,2031,"Switch to
DHAPPQ",#80b1d3,0,0.0,004
002-basic-DHAPPQ,2,39603.5,2031,"Switch to
DHAPPQ",#80b1d3,0,0.0,004
002-basic-DHAPPQ,3,39316.5,2031,"Switch to
DHAPPQ",#80b1d3,0,0.0,004
002-basic-DHAPPQ,4,40495.055555555555,2031,"Switch to
DHAPPQ",#80b1d3,0,0.0,004
002-basic-DHAPPQ,5,38856.0,2031,"Switch to
DHAPPQ",#80b1d3,0,0.0,004
002-basic-DHAPPQ,6,39319.444444444445,2031,"Switch to
DHAPPQ",#80b1d3,0,0.0,004
002-basic-DHAPPQ,7,39447.0,2031,"Switch to
DHAPPQ",#80b1d3,0,0.0,004
002-basic-DHAPPQ,8,39639.833333333336,2031,"Switch to
DHAPPQ",#80b1d3,0,0.0,004
002-basic-DHAPPQ,9,39213.0,2031,"Switch to
DHAPPQ",#80b1d3,0,0.0,004
002-basic-DHAPPQ,10,39319.11111111111,2031,"Switch to
DHAPPQ",#80b1d3,0,0.0,004
002-basic-DHAPPQ,11,40554.055555555555,2031,"Switch to
DHAPPQ",#80b1d3,0,0.0,004
002-basic-DHAPPQ,12,38615.61111111111,2031,"Switch to
DHAPPQ",#80b1d3,0,0.0,004
002-basic-DHAPPQ,13,39021.944444444445,2031,"Switch to
DHAPPQ",#80b1d3,0,0.0,004
002-basic-DHAPPQ,14,41502.11111111111,2031,"Switch to
DHAPPQ",#80b1d3,0,0.0,004
002-basic-DHAPPQ,15,38816.0,2031,"Switch to
DHAPPQ",#80b1d3,0,0.0,004
002-basic-DHAPPQ,16,39459.833333333336,2031,"Switch to
DHAPPQ",#80b1d3,0,0.0,004
002-basic-DHAPPQ,17,39663.333333333336,2031,"Switch to
DHAPPQ",#80b1d3,0,0.0,004
002-basic-DHAPPQ,18,38111.38888888889,2031,"Switch to
DHAPPQ",#80b1d3,0,0.0,004
002-basic-DHAPPQ,19,42894.944444444445,2031,"Switch to
DHAPPQ",#80b1d3,0,0.0,004
002-basic-DHAPPQ,20,39305.333333333336,2031,"Switch to
DHAPPQ",#80b1d3,0,0.0,004
002-basic-DHAPPQ,21,39064.72222222222,2031,"Switch to
DHAPPQ",#80b1d3,0,0.0,004
002-basic-DHAPPQ,22,40694.333333333336,2031,"Switch to
DHAPPQ",#80b1d3,0,0.0,004
002-basic-DHAPPQ,23,42742.72222222222,2031,"Switch to
DHAPPQ",#80b1d3,0,0.0,004
002-basic-DHAPPQ,24,38829.666666666664,2031,"Switch to
DHAPPQ",#80b1d3,0,0.0,004
002-basic-DHAPPQ,25,40725.444444444445,2031,"Switch to
DHAPPQ",#80b1d3,0,0.0,004
002-basic-DHAPPQ,26,39907.88888888889,2031,"Switch to
DHAPPQ",#80b1d3,0,0.0,004
002-basic-DHAPPQ,27,41112.88888888889,2031,"Switch to
DHAPPQ",#80b1d3,0,0.0,004
002-basic-DHAPPQ,28,40115.5,2031,"Switch to
DHAPPQ",#80b1d3,0,0.0,004
002-basic-DHAPPQ,29,41313.666666666664,2031,"Switch to
DHAPPQ",#80b1d3,0,0.0,004
002-basic-DHAPPQ,30,40529.166666666664,2031,"Switch to
DHAPPQ",#80b1d3,0,0.0,004
002-basic-DHAPPQ,31,39296.444444444445,2031,"Switch to
DHAPPQ",#80b1d3,0,0.0,004
002-basic-DHAPPQ,32,40222.944444444445,2031,"Switch to
DHAPPQ",#80b1d3,0,0.0,004
002-basic-DHAPPQ,33,39352.77777777778,2031,"Switch to
DHAPPQ",#80b1d3,0,0.0,004
002-basic-DHAPPQ,34,41135.11111111111,2031,"Switch to
DHAPPQ",#80b1d3,0,0.0,004
002-basic-DHAPPQ,35,39169.055555555555,2031,"Switch to
DHAPPQ",#80b1d3,0,0.0,004
002-basic-DHAPPQ,36,41022.38888888889,2031,"Switch to
DHAPPQ",#80b1d3,0,0.0,004
002-basic-DHAPPQ,37,39608.944444444445,2031,"Switch to
DHAPPQ",#80b1d3,0,0.0,004
002-basic-DHAPPQ,38,39627.944444444445,2031,"Switch to
DHAPPQ",#80b1d3,0,0.0,004
002-basic-DHAPPQ,39,41010.5,2031,"Switch to
DHAPPQ",#80b1d3,0,0.0,004
002-basic-DHAPPQ,40,41654.666666666664,2031,"Switch to
DHAPPQ",#80b1d3,0,0.0,004
002-basic-DHAPPQ,41,39866.88888888889,2031,"Switch to
DHAPPQ",#80b1d3,0,0.0,004
002-basic-DHAPPQ,42,38300.055555555555,2031,"Switch to
DHAPPQ",#80b1d3,0,0.0,004
002-basic-DHAPPQ,43,40971.0,2031,"Switch to
DHAPPQ",#80b1d3,0,0.0,004
002-basic-DHAPPQ,44,41036.11111111111,2031,"Switch to
DHAPPQ",#80b1d3,0,0.0,004
002-basic-DHAPPQ,45,40232.77777777778,2031,"Switch to
DHAPPQ",#80b1d3,0,0.0,004
002-basic-DHAPPQ,46,40079.166666666664,2031,"Switch to
DHAPPQ",#80b1d3,0,0.0,004
002-basic-DHAPPQ,47,41871.22222222222,2031,"Switch to
DHAPPQ",#80b1d3,0,0.0,004
002-basic-DHAPPQ,48,40554.166666666664,2031,"Switch to
DHAPPQ",#80b1d3,0,0.0,004
002-basic-DHAPPQ,49,38971.27777777778,2031,"Switch to
DHAPPQ",#80b1d3,0,0.0,004
002-basic-DHAPPQ,50,40681.61111111111,2031,"Switch to
DHAPPQ",#80b1d3,0,0.0,004
002-basic-DHAPPQ,51,39377.38888888889,2031,"Switch to
DHAPPQ",#80b1d3,0,0.0,004
002-basic-DHAPPQ,52,41589.11111111111,2031,"Switch to
DHAPPQ",#80b1d3,0,0.0,004
002-basic-DHAPPQ,53,39676.11111111111,2031,"Switch to
DHAPPQ",#80b1d3,0,0.0,004
002-basic-DHAPPQ,54,39685.833333333336,2031,"Switch to
DHAPPQ",#80b1d3,0,0.0,004
002-basic-DHAPPQ,55,41770.055555555555,2031,"Switch to
DHAPPQ",#80b1d3,0,0.0,004
002-basic-DHAPPQ,56,40055.11111111111,2031,"Switch to
DHAPPQ",#80b1d3,0,0.0,004
002-basic-DHAPPQ,57,39353.944444444445,2031,"Switch to
DHAPPQ",#80b1d3,0,0.0,004
002-basic-DHAPPQ,58,38401.72222222222,2031,"Switch to
DHAPPQ",#80b1d3,0,0.0,004
002-basic-DHAPPQ,59,41670.833333333336,2031,"Switch to
DHAPPQ",#80b1d3,0,0.0,004
002-basic-DHAPPQ,60,39995.72222222222,2031,"Switch to
DHAPPQ",#80b1d3,0,0.0,004
002-basic-DHAPPQ,61,38641.666666666664,2031,"Switch to
DHAPPQ",#80b1d3,0,0.0,004
002-basic-DHAPPQ,62,40342.555555555555,2031,"Switch to
DHAPPQ",#80b1d3,0,0.0,004
002-basic-DHAPPQ,63,40658.27777777778,2031,"Switch to
DHAPPQ",#80b1d3,0,0.0,004
002-basic-DHAPPQ,64,39816.22222222222,2031,"Switch to
DHAPPQ",#80b1d3,0,0.0,004
002-basic-DHAPPQ,65,42365.666666666664,2031,"Switch to
DHAPPQ",#80b1d3,0,0.0,004
002-basic-DHAPPQ,66,39746.555555555555,2031,"Switch to
DHAPPQ",#80b1d3,0,0.0,004
002-basic-DHAPPQ,67,38319.11111111111,2031,"Switch to
DHAPPQ",#80b1d3,0,0.0,004
002-basic-DHAPPQ,68,39853.72222222222,2031,"Switch to
DHAPPQ",#80b1d3,0,0.0,004
002-basic-DHAPPQ,69,37358.38888888889,2031,"Switch to
DHAPPQ",#80b1d3,0,0.0,004
002-basic-DHAPPQ,70,40220.666666666664,2031,"Switch to
DHAPPQ",#80b1d3,0,0.0,004
002-basic-DHAPPQ,71,39915.22222222222,2031,"Switch to
DHAPPQ",#80b1d3,0,0.0,004
002-basic-DHAPPQ,72,39849.72222222222,2031,"Switch to
DHAPPQ",#80b1d3,0,0.0,004
002-basic-DHAPPQ,73,39936.055555555555,2031,"Switch to
DHAPPQ",#80b1d3,0,0.0,004
002-basic-DHAPPQ,74,38830.88888888889,2031,"Switch to
DHAPPQ",#80b1d3,0,0.0,004
002-basic-DHAPPQ,75,39486.27777777778,2031,"Switch to
DHAPPQ",#80b1d3,0,0.0,004
002-basic-DHAPPQ,76,41209.055555555555,2031,"Switch to
DHAPPQ",#80b1d3,0,0.0,004
002-basic-DHAPPQ,77,40517.77777777778,2031,"Switch to
DHAPPQ",#80b1d3,0,0.0,004
002-basic-DHAPPQ,78,40029.944444444445,2031,"Switch to
DHAPPQ",#80b1d3,0,0.0,004
002-basic-DHAPPQ,79,45983.166666666664,2031,"Switch to
DHAPPQ",#80b1d3,0,0.0,004
002-basic-DHAPPQ,80,39911.5,2031,"Switch to
DHAPPQ",#80b1d3,0,0.0,004
002-basic-DHAPPQ,81,39359.77777777778,2031,"Switch to
DHAPPQ",#80b1d3,0,0.0,004
002-basic-DHAPPQ,82,41187.77777777778,2031,"Switch to
DHAPPQ",#80b1d3,0,0.0,004
002-basic-DHAPPQ,83,39009.166666666664,2031,"Switch to
DHAPPQ",#80b1d3,0,0.0,004
002-basic-DHAPPQ,84,39935.166666666664,2031,"Switch to
DHAPPQ",#80b1d3,0,0.0,004
002-basic-DHAPPQ,85,38069.833333333336,2031,"Switch to
DHAPPQ",#80b1d3,0,0.0,004
002-basic-DHAPPQ,86,39188.833333333336,2031,"Switch to
DHAPPQ",#80b1d3,0,0.0,004
002-basic-DHAPPQ,87,39024.0,2031,"Switch to
DHAPPQ",#80b1d3,0,0.0,004
002-basic-DHAPPQ,88,38650.944444444445,2031,"Switch to
DHAPPQ",#80b1d3,0,0.0,004
002-basic-DHAPPQ,89,40139.72222222222,2031,"Switch to
DHAPPQ",#80b1d3,0,0.0,004
002-basic-DHAPPQ,90,40801.666666666664,2031,"Switch to
DHAPPQ",#80b1d3,0,0.0,004
002-basic-DHAPPQ,91,41642.72222222222,2031,"Switch to
DHAPPQ",#80b1d3,0,0.0,004
002-basic-DHAPPQ,92,39348.833333333336,2031,"Switch to
DHAPPQ",#80b1d3,0,0.0,004
002-basic-DHAPPQ,93,41589.38888888889,2031,"Switch to
DHAPPQ",#80b1d3,0,0.0,004
002-basic-DHAPPQ,94,41502.38888888889,2031,"Switch to
DHAPPQ",#80b1d3,0,0.0,004
002-basic-DHAPPQ,95,39992.555555555555,2031,"Switch to
DHAPPQ",#80b1d3,0,0.0,004
002-basic-DHAPPQ,96,38520.444444444445,2031,"Switch to
DHAPPQ",#80b1d3,0,0.0,004
002-basic-DHAPPQ,97,38032.666666666664,2031,"Switch to
DHAPPQ",#80b1d3,0,0.0,004
002-basic-DHAPPQ,98,41176.61111111111,2031,"Switch to
DHAPPQ",#80b1d3,0,0.0,004
002-basic-DHAPPQ,99,40384.5,2031,"Switch to
DHAPPQ",#80b1d3,0,0.0,004
003-Cycling-1y-AL-ASAQ,0,36485.833333333336,2031,Cycling 1y AL - ASAQ,#bebada,0,50.0,004
003-Cycling-1y-AL-ASAQ,1,36745.555555555555,2031,Cycling 1y AL - ASAQ,#bebada,0,50.0,004
003-Cycling-1y-AL-ASAQ,2,37049.833333333336,2031,Cycling 1y AL - ASAQ,#bebada,0,50.0,004
003-Cycling-1y-AL-ASAQ,3,35611.166666666664,2031,Cycling 1y AL - ASAQ,#bebada,0,50.0,004
003-Cycling-1y-AL-ASAQ,4,36430.38888888889,2031,Cycling 1y AL - ASAQ,#bebada,0,50.0,004
003-Cycling-1y-AL-ASAQ,5,36720.72222222222,2031,Cycling 1y AL - ASAQ,#bebada,0,50.0,004
003-Cycling-1y-AL-ASAQ,6,37142.77777777778,2031,Cycling 1y AL - ASAQ,#bebada,0,50.0,004
003-Cycling-1y-AL-ASAQ,7,36212.333333333336,2031,Cycling 1y AL - ASAQ,#bebada,0,50.0,004
003-Cycling-1y-AL-ASAQ,8,36706.666666666664,2031,Cycling 1y AL - ASAQ,#bebada,0,50.0,004
003-Cycling-1y-AL-ASAQ,9,37641.22222222222,2031,Cycling 1y AL - ASAQ,#bebada,0,50.0,004
003-Cycling-1y-AL-ASAQ,10,35488.666666666664,2031,Cycling 1y AL - ASAQ,#bebada,0,50.0,004
003-Cycling-1y-AL-ASAQ,11,35965.444444444445,2031,Cycling 1y AL - ASAQ,#bebada,0,50.0,004
003-Cycling-1y-AL-ASAQ,12,36762.666666666664,2031,Cycling 1y AL - ASAQ,#bebada,0,50.0,004
003-Cycling-1y-AL-ASAQ,13,35898.833333333336,2031,Cycling 1y AL - ASAQ,#bebada,0,50.0,004
003-Cycling-1y-AL-ASAQ,14,36827.11111111111,2031,Cycling 1y AL - ASAQ,#bebada,0,50.0,004
003-Cycling-1y-AL-ASAQ,15,36266.88888888889,2031,Cycling 1y AL - ASAQ,#bebada,0,50.0,004
003-Cycling-1y-AL-ASAQ,16,35693.27777777778,2031,Cycling 1y AL - ASAQ,#bebada,0,50.0,004
003-Cycling-1y-AL-ASAQ,17,35817.833333333336,2031,Cycling 1y AL - ASAQ,#bebada,0,50.0,004
003-Cycling-1y-AL-ASAQ,18,39319.27777777778,2031,Cycling 1y AL - ASAQ,#bebada,0,50.0,004
003-Cycling-1y-AL-ASAQ,19,36812.166666666664,2031,Cycling 1y AL - ASAQ,#bebada,0,50.0,004
003-Cycling-1y-AL-ASAQ,20,36488.444444444445,2031,Cycling 1y AL - ASAQ,#bebada,0,50.0,004
003-Cycling-1y-AL-ASAQ,21,35221.27777777778,2031,Cycling 1y AL - ASAQ,#bebada,0,50.0,004
003-Cycling-1y-AL-ASAQ,22,36501.61111111111,2031,Cycling 1y AL - ASAQ,#bebada,0,50.0,004
003-Cycling-1y-AL-ASAQ,23,37528.27777777778,2031,Cycling 1y AL - ASAQ,#bebada,0,50.0,004
003-Cycling-1y-AL-ASAQ,24,36237.333333333336,2031,Cycling 1y AL - ASAQ,#bebada,0,50.0,004
003-Cycling-1y-AL-ASAQ,25,37219.666666666664,2031,Cycling 1y AL - ASAQ,#bebada,0,50.0,004
003-Cycling-1y-AL-ASAQ,26,35279.833333333336,2031,Cycling 1y AL - ASAQ,#bebada,0,50.0,004
003-Cycling-1y-AL-ASAQ,27,35497.11111111111,2031,Cycling 1y AL - ASAQ,#bebada,0,50.0,004
003-Cycling-1y-AL-ASAQ,28,36600.61111111111,2031,Cycling 1y AL - ASAQ,#bebada,0,50.0,004
003-Cycling-1y-AL-ASAQ,29,36435.72222222222,2031,Cycling 1y AL - ASAQ,#bebada,0,50.0,004
003-Cycling-1y-AL-ASAQ,30,36571.88888888889,2031,Cycling 1y AL - ASAQ,#bebada,0,50.0,004
003-Cycling-1y-AL-ASAQ,31,37112.27777777778,2031,Cycling 1y AL - ASAQ,#bebada,0,50.0,004
003-Cycling-1y-AL-ASAQ,32,36372.833333333336,2031,Cycling 1y AL - ASAQ,#bebada,0,50.0,004
003-Cycling-1y-AL-ASAQ,33,36604.11111111111,2031,Cycling 1y AL - ASAQ,#bebada,0,50.0,004
003-Cycling-1y-AL-ASAQ,34,37440.5,2031,Cycling 1y AL - ASAQ,#bebada,0,50.0,004
003-Cycling-1y-AL-ASAQ,35,36036.11111111111,2031,Cycling 1y AL - ASAQ,#bebada,0,50.0,004
003-Cycling-1y-AL-ASAQ,36,37947.88888888889,2031,Cycling 1y AL - ASAQ,#bebada,0,50.0,004
003-Cycling-1y-AL-ASAQ,37,35941.666666666664,2031,Cycling 1y AL - ASAQ,#bebada,0,50.0,004
003-Cycling-1y-AL-ASAQ,38,36606.333333333336,2031,Cycling 1y AL - ASAQ,#bebada,0,50.0,004
003-Cycling-1y-AL-ASAQ,39,36663.38888888889,2031,Cycling 1y AL - ASAQ,#bebada,0,50.0,004
003-Cycling-1y-AL-ASAQ,40,38417.61111111111,2031,Cycling 1y AL - ASAQ,#bebada,0,50.0,004
003-Cycling-1y-AL-ASAQ,41,36910.22222222222,2031,Cycling 1y AL - ASAQ,#bebada,0,50.0,004
003-Cycling-1y-AL-ASAQ,42,35688.333333333336,2031,Cycling 1y AL - ASAQ,#bebada,0,50.0,004
003-Cycling-1y-AL-ASAQ,43,37293.61111111111,2031,Cycling 1y AL - ASAQ,#bebada,0,50.0,004
003-Cycling-1y-AL-ASAQ,44,36147.444444444445,2031,Cycling 1y AL - ASAQ,#bebada,0,50.0,004
003-Cycling-1y-AL-ASAQ,45,36902.61111111111,2031,Cycling 1y AL - ASAQ,#bebada,0,50.0,004
003-Cycling-1y-AL-ASAQ,46,35535.333333333336,2031,Cycling 1y AL - ASAQ,#bebada,0,50.0,004
003-Cycling-1y-AL-ASAQ,47,36619.27777777778,2031,Cycling 1y AL - ASAQ,#bebada,0,50.0,004
003-Cycling-1y-AL-ASAQ,48,36226.11111111111,2031,Cycling 1y AL - ASAQ,#bebada,0,50.0,004
003-Cycling-1y-AL-ASAQ,49,37108.444444444445,2031,Cycling 1y AL - ASAQ,#bebada,0,50.0,004
003-Cycling-1y-AL-ASAQ,50,35816.666666666664,2031,Cycling 1y AL - ASAQ,#bebada,0,50.0,004
003-Cycling-1y-AL-ASAQ,51,35846.0,2031,Cycling 1y AL - ASAQ,#bebada,0,50.0,004
003-Cycling-1y-AL-ASAQ,52,37780.61111111111,2031,Cycling 1y AL - ASAQ,#bebada,0,50.0,004
003-Cycling-1y-AL-ASAQ,53,36714.944444444445,2031,Cycling 1y AL - ASAQ,#bebada,0,50.0,004
003-Cycling-1y-AL-ASAQ,54,37180.166666666664,2031,Cycling 1y AL - ASAQ,#bebada,0,50.0,004
003-Cycling-1y-AL-ASAQ,55,35969.27777777778,2031,Cycling 1y AL - ASAQ,#bebada,0,50.0,004
003-Cycling-1y-AL-ASAQ,56,37238.77777777778,2031,Cycling 1y AL - ASAQ,#bebada,0,50.0,004
003-Cycling-1y-AL-ASAQ,57,36817.0,2031,Cycling 1y AL - ASAQ,#bebada,0,50.0,004
003-Cycling-1y-AL-ASAQ,58,36211.333333333336,2031,Cycling 1y AL - ASAQ,#bebada,0,50.0,004
003-Cycling-1y-AL-ASAQ,59,35603.88888888889,2031,Cycling 1y AL - ASAQ,#bebada,0,50.0,004
003-Cycling-1y-AL-ASAQ,60,37124.833333333336,2031,Cycling 1y AL - ASAQ,#bebada,0,50.0,004
003-Cycling-1y-AL-ASAQ,61,36366.11111111111,2031,Cycling 1y AL - ASAQ,#bebada,0,50.0,004
003-Cycling-1y-AL-ASAQ,62,35735.166666666664,2031,Cycling 1y AL - ASAQ,#bebada,0,50.0,004
003-Cycling-1y-AL-ASAQ,63,36117.88888888889,2031,Cycling 1y AL - ASAQ,#bebada,0,50.0,004
003-Cycling-1y-AL-ASAQ,64,38087.444444444445,2031,Cycling 1y AL - ASAQ,#bebada,0,50.0,004
003-Cycling-1y-AL-ASAQ,65,35906.88888888889,2031,Cycling 1y AL - ASAQ,#bebada,0,50.0,004
003-Cycling-1y-AL-ASAQ,66,36991.22222222222,2031,Cycling 1y AL - ASAQ,#bebada,0,50.0,004
003-Cycling-1y-AL-ASAQ,67,36063.666666666664,2031,Cycling 1y AL - ASAQ,#bebada,0,50.0,004
003-Cycling-1y-AL-ASAQ,68,37718.944444444445,2031,Cycling 1y AL - ASAQ,#bebada,0,50.0,004
003-Cycling-1y-AL-ASAQ,69,38189.444444444445,2031,Cycling 1y AL - ASAQ,#bebada,0,50.0,004
003-Cycling-1y-AL-ASAQ,70,37589.27777777778,2031,Cycling 1y AL - ASAQ,#bebada,0,50.0,004
003-Cycling-1y-AL-ASAQ,71,35483.166666666664,2031,Cycling 1y AL - ASAQ,#bebada,0,50.0,004
003-Cycling-1y-AL-ASAQ,72,36037.0,2031,Cycling 1y AL - ASAQ,#bebada,0,50.0,004
003-Cycling-1y-AL-ASAQ,73,36177.333333333336,2031,Cycling 1y AL - ASAQ,#bebada,0,50.0,004
003-Cycling-1y-AL-ASAQ,74,36771.27777777778,2031,Cycling 1y AL - ASAQ,#bebada,0,50.0,004
003-Cycling-1y-AL-ASAQ,75,36840.22222222222,2031,Cycling 1y AL - ASAQ,#bebada,0,50.0,004
003-Cycling-1y-AL-ASAQ,76,35040.72222222222,2031,Cycling 1y AL - ASAQ,#bebada,0,50.0,004
003-Cycling-1y-AL-ASAQ,77,36503.22222222222,2031,Cycling 1y AL - ASAQ,#bebada,0,50.0,004
003-Cycling-1y-AL-ASAQ,78,37508.944444444445,2031,Cycling 1y AL - ASAQ,#bebada,0,50.0,004
003-Cycling-1y-AL-ASAQ,79,37236.27777777778,2031,Cycling 1y AL - ASAQ,#bebada,0,50.0,004
003-Cycling-1y-AL-ASAQ,80,36389.666666666664,2031,Cycling 1y AL - ASAQ,#bebada,0,50.0,004
003-Cycling-1y-AL-ASAQ,81,35356.555555555555,2031,Cycling 1y AL - ASAQ,#bebada,0,50.0,004
003-Cycling-1y-AL-ASAQ,82,36337.055555555555,2031,Cycling 1y AL - ASAQ,#bebada,0,50.0,004
003-Cycling-1y-AL-ASAQ,83,36706.27777777778,2031,Cycling 1y AL - ASAQ,#bebada,0,50.0,004
003-Cycling-1y-AL-ASAQ,84,35930.88888888889,2031,Cycling 1y AL - ASAQ,#bebada,0,50.0,004
003-Cycling-1y-AL-ASAQ,85,36114.38888888889,2031,Cycling 1y AL - ASAQ,#bebada,0,50.0,004
003-Cycling-1y-AL-ASAQ,86,37285.444444444445,2031,Cycling 1y AL - ASAQ,#bebada,0,50.0,004
003-Cycling-1y-AL-ASAQ,87,36264.944444444445,2031,Cycling 1y AL - ASAQ,#bebada,0,50.0,004
003-Cycling-1y-AL-ASAQ,88,37220.555555555555,2031,Cycling 1y AL - ASAQ,#bebada,0,50.0,004
003-Cycling-1y-AL-ASAQ,89,36029.61111111111,2031,Cycling 1y AL - ASAQ,#bebada,0,50.0,004
003-Cycling-1y-AL-ASAQ,90,36311.11111111111,2031,Cycling 1y AL - ASAQ,#bebada,0,50.0,004
003-Cycling-1y-AL-ASAQ,91,35367.11111111111,2031,Cycling 1y AL - ASAQ,#bebada,0,50.0,004
003-Cycling-1y-AL-ASAQ,92,36353.22222222222,2031,Cycling 1y AL - ASAQ,#bebada,0,50.0,004
003-Cycling-1y-AL-ASAQ,93,36317.555555555555,2031,Cycling 1y AL - ASAQ,#bebada,0,50.0,004
003-Cycling-1y-AL-ASAQ,94,35636.555555555555,2031,Cycling 1y AL - ASAQ,#bebada,0,50.0,004
003-Cycling-1y-AL-ASAQ,95,38319.166666666664,2031,Cycling 1y AL - ASAQ,#bebada,0,50.0,004
003-Cycling-1y-AL-ASAQ,96,36398.666666666664,2031,Cycling 1y AL - ASAQ,#bebada,0,50.0,004
003-Cycling-1y-AL-ASAQ,97,36839.0,2031,Cycling 1y AL - ASAQ,#bebada,0,50.0,004
003-Cycling-1y-AL-ASAQ,98,37320.055555555555,2031,Cycling 1y AL - ASAQ,#bebada,0,50.0,004
003-Cycling-1y-AL-ASAQ,99,35540.555555555555,2031,Cycling 1y AL - ASAQ,#bebada,0,50.0,004
004-Cycling-1y-AL-DHAPPQ,0,37653.38888888889,2031,Cycling 1y AL - DHAPPQ,#bebada,0,50.0,004
004-Cycling-1y-AL-DHAPPQ,1,36656.166666666664,2031,Cycling 1y AL - DHAPPQ,#bebada,0,50.0,004
004-Cycling-1y-AL-DHAPPQ,2,43728.555555555555,2031,Cycling 1y AL - DHAPPQ,#bebada,0,50.0,004
004-Cycling-1y-AL-DHAPPQ,3,38660.055555555555,2031,Cycling 1y AL - DHAPPQ,#bebada,0,50.0,004
004-Cycling-1y-AL-DHAPPQ,4,37019.944444444445,2031,Cycling 1y AL - DHAPPQ,#bebada,0,50.0,004
004-Cycling-1y-AL-DHAPPQ,5,37068.555555555555,2031,Cycling 1y AL - DHAPPQ,#bebada,0,50.0,004
004-Cycling-1y-AL-DHAPPQ,6,39000.61111111111,2031,Cycling 1y AL - DHAPPQ,#bebada,0,50.0,004
004-Cycling-1y-AL-DHAPPQ,7,37785.166666666664,2031,Cycling 1y AL - DHAPPQ,#bebada,0,50.0,004
004-Cycling-1y-AL-DHAPPQ,8,38026.11111111111,2031,Cycling 1y AL - DHAPPQ,#bebada,0,50.0,004
004-Cycling-1y-AL-DHAPPQ,9,36815.944444444445,2031,Cycling 1y AL - DHAPPQ,#bebada,0,50.0,004
004-Cycling-1y-AL-DHAPPQ,10,37446.166666666664,2031,Cycling 1y AL - DHAPPQ,#bebada,0,50.0,004
004-Cycling-1y-AL-DHAPPQ,11,36491.833333333336,2031,Cycling 1y AL - DHAPPQ,#bebada,0,50.0,004
004-Cycling-1y-AL-DHAPPQ,12,37966.555555555555,2031,Cycling 1y AL - DHAPPQ,#bebada,0,50.0,004
004-Cycling-1y-AL-DHAPPQ,13,38823.22222222222,2031,Cycling 1y AL - DHAPPQ,#bebada,0,50.0,004
004-Cycling-1y-AL-DHAPPQ,14,37544.666666666664,2031,Cycling 1y AL - DHAPPQ,#bebada,0,50.0,004
004-Cycling-1y-AL-DHAPPQ,15,35664.666666666664,2031,Cycling 1y AL - DHAPPQ,#bebada,0,50.0,004
004-Cycling-1y-AL-DHAPPQ,16,38679.444444444445,2031,Cycling 1y AL - DHAPPQ,#bebada,0,50.0,004
004-Cycling-1y-AL-DHAPPQ,17,38730.11111111111,2031,Cycling 1y AL - DHAPPQ,#bebada,0,50.0,004
004-Cycling-1y-AL-DHAPPQ,18,37166.61111111111,2031,Cycling 1y AL - DHAPPQ,#bebada,0,50.0,004
004-Cycling-1y-AL-DHAPPQ,19,37290.944444444445,2031,Cycling 1y AL - DHAPPQ,#bebada,0,50.0,004
004-Cycling-1y-AL-DHAPPQ,20,38497.88888888889,2031,Cycling 1y AL - DHAPPQ,#bebada,0,50.0,004
004-Cycling-1y-AL-DHAPPQ,21,39599.5,2031,Cycling 1y AL - DHAPPQ,#bebada,0,50.0,004
004-Cycling-1y-AL-DHAPPQ,22,38068.333333333336,2031,Cycling 1y AL - DHAPPQ,#bebada,0,50.0,004
004-Cycling-1y-AL-DHAPPQ,23,38858.38888888889,2031,Cycling 1y AL - DHAPPQ,#bebada,0,50.0,004
004-Cycling-1y-AL-DHAPPQ,24,38667.666666666664,2031,Cycling 1y AL - DHAPPQ,#bebada,0,50.0,004
004-Cycling-1y-AL-DHAPPQ,25,39194.833333333336,2031,Cycling 1y AL - DHAPPQ,#bebada,0,50.0,004
004-Cycling-1y-AL-DHAPPQ,26,37810.833333333336,2031,Cycling 1y AL - DHAPPQ,#bebada,0,50.0,004
004-Cycling-1y-AL-DHAPPQ,27,38498.88888888889,2031,Cycling 1y AL - DHAPPQ,#bebada,0,50.0,004
004-Cycling-1y-AL-DHAPPQ,28,40782.72222222222,2031,Cycling 1y AL - DHAPPQ,#bebada,0,50.0,004
004-Cycling-1y-AL-DHAPPQ,29,37314.72222222222,2031,Cycling 1y AL - DHAPPQ,#bebada,0,50.0,004
004-Cycling-1y-AL-DHAPPQ,30,36435.5,2031,Cycling 1y AL - DHAPPQ,#bebada,0,50.0,004
004-Cycling-1y-AL-DHAPPQ,31,35881.22222222222,2031,Cycling 1y AL - DHAPPQ,#bebada,0,50.0,004
004-Cycling-1y-AL-DHAPPQ,32,38577.166666666664,2031,Cycling 1y AL - DHAPPQ,#bebada,0,50.0,004
004-Cycling-1y-AL-DHAPPQ,33,38738.833333333336,2031,Cycling 1y AL - DHAPPQ,#bebada,0,50.0,004
004-Cycling-1y-AL-DHAPPQ,34,37795.833333333336,2031,Cycling 1y AL - DHAPPQ,#bebada,0,50.0,004
004-Cycling-1y-AL-DHAPPQ,35,37287.72222222222,2031,Cycling 1y AL - DHAPPQ,#bebada,0,50.0,004
004-Cycling-1y-AL-DHAPPQ,36,37153.666666666664,2031,Cycling 1y AL - DHAPPQ,#bebada,0,50.0,004
004-Cycling-1y-AL-DHAPPQ,37,38236.11111111111,2031,Cycling 1y AL - DHAPPQ,#bebada,0,50.0,004
004-Cycling-1y-AL-DHAPPQ,38,37859.944444444445,2031,Cycling 1y AL - DHAPPQ,#bebada,0,50.0,004
004-Cycling-1y-AL-DHAPPQ,39,38803.77777777778,2031,Cycling 1y AL - DHAPPQ,#bebada,0,50.0,004
004-Cycling-1y-AL-DHAPPQ,40,37877.333333333336,2031,Cycling 1y AL - DHAPPQ,#bebada,0,50.0,004
004-Cycling-1y-AL-DHAPPQ,41,38043.11111111111,2031,Cycling 1y AL - DHAPPQ,#bebada,0,50.0,004
004-Cycling-1y-AL-DHAPPQ,42,37111.944444444445,2031,Cycling 1y AL - DHAPPQ,#bebada,0,50.0,004
004-Cycling-1y-AL-DHAPPQ,43,37931.38888888889,2031,Cycling 1y AL - DHAPPQ,#bebada,0,50.0,004
004-Cycling-1y-AL-DHAPPQ,44,37525.833333333336,2031,Cycling 1y AL - DHAPPQ,#bebada,0,50.0,004
004-Cycling-1y-AL-DHAPPQ,45,37284.555555555555,2031,Cycling 1y AL - DHAPPQ,#bebada,0,50.0,004
004-Cycling-1y-AL-DHAPPQ,46,38253.166666666664,2031,Cycling 1y AL - DHAPPQ,#bebada,0,50.0,004
004-Cycling-1y-AL-DHAPPQ,47,38485.944444444445,2031,Cycling 1y AL - DHAPPQ,#bebada,0,50.0,004
004-Cycling-1y-AL-DHAPPQ,48,36726.38888888889,2031,Cycling 1y AL - DHAPPQ,#bebada,0,50.0,004
004-Cycling-1y-AL-DHAPPQ,49,37112.11111111111,2031,Cycling 1y AL - DHAPPQ,#bebada,0,50.0,004
004-Cycling-1y-AL-DHAPPQ,50,38183.666666666664,2031,Cycling 1y AL - DHAPPQ,#bebada,0,50.0,004
004-Cycling-1y-AL-DHAPPQ,51,36569.22222222222,2031,Cycling 1y AL - DHAPPQ,#bebada,0,50.0,004
004-Cycling-1y-AL-DHAPPQ,52,38472.555555555555,2031,Cycling 1y AL - DHAPPQ,#bebada,0,50.0,004
004-Cycling-1y-AL-DHAPPQ,53,36271.11111111111,2031,Cycling 1y AL - DHAPPQ,#bebada,0,50.0,004
004-Cycling-1y-AL-DHAPPQ,54,37973.22222222222,2031,Cycling 1y AL - DHAPPQ,#bebada,0,50.0,004
004-Cycling-1y-AL-DHAPPQ,55,37769.666666666664,2031,Cycling 1y AL - DHAPPQ,#bebada,0,50.0,004
004-Cycling-1y-AL-DHAPPQ,56,37601.38888888889,2031,Cycling 1y AL - DHAPPQ,#bebada,0,50.0,004
004-Cycling-1y-AL-DHAPPQ,57,37248.27777777778,2031,Cycling 1y AL - DHAPPQ,#bebada,0,50.0,004
004-Cycling-1y-AL-DHAPPQ,58,37730.0,2031,Cycling 1y AL - DHAPPQ,#bebada,0,50.0,004
004-Cycling-1y-AL-DHAPPQ,59,38043.666666666664,2031,Cycling 1y AL - DHAPPQ,#bebada,0,50.0,004
004-Cycling-1y-AL-DHAPPQ,60,37574.166666666664,2031,Cycling 1y AL - DHAPPQ,#bebada,0,50.0,004
004-Cycling-1y-AL-DHAPPQ,61,35728.77777777778,2031,Cycling 1y AL - DHAPPQ,#bebada,0,50.0,004
004-Cycling-1y-AL-DHAPPQ,62,38274.833333333336,2031,Cycling 1y AL - DHAPPQ,#bebada,0,50.0,004
004-Cycling-1y-AL-DHAPPQ,63,36671.27777777778,2031,Cycling 1y AL - DHAPPQ,#bebada,0,50.0,004
004-Cycling-1y-AL-DHAPPQ,64,36846.72222222222,2031,Cycling 1y AL - DHAPPQ,#bebada,0,50.0,004
004-Cycling-1y-AL-DHAPPQ,65,37578.38888888889,2031,Cycling 1y AL - DHAPPQ,#bebada,0,50.0,004
004-Cycling-1y-AL-DHAPPQ,66,36678.27777777778,2031,Cycling 1y AL - DHAPPQ,#bebada,0,50.0,004
004-Cycling-1y-AL-DHAPPQ,67,38497.666666666664,2031,Cycling 1y AL - DHAPPQ,#bebada,0,50.0,004
004-Cycling-1y-AL-DHAPPQ,68,36327.0,2031,Cycling 1y AL - DHAPPQ,#bebada,0,50.0,004
004-Cycling-1y-AL-DHAPPQ,69,36170.944444444445,2031,Cycling 1y AL - DHAPPQ,#bebada,0,50.0,004
004-Cycling-1y-AL-DHAPPQ,70,38616.77777777778,2031,Cycling 1y AL - DHAPPQ,#bebada,0,50.0,004
004-Cycling-1y-AL-DHAPPQ,71,40099.5,2031,Cycling 1y AL - DHAPPQ,#bebada,0,50.0,004
004-Cycling-1y-AL-DHAPPQ,72,37044.833333333336,2031,Cycling 1y AL - DHAPPQ,#bebada,0,50.0,004
004-Cycling-1y-AL-DHAPPQ,73,37733.72222222222,2031,Cycling 1y AL - DHAPPQ,#bebada,0,50.0,004
004-Cycling-1y-AL-DHAPPQ,74,39807.333333333336,2031,Cycling 1y AL - DHAPPQ,#bebada,0,50.0,004
004-Cycling-1y-AL-DHAPPQ,75,36871.72222222222,2031,Cycling 1y AL - DHAPPQ,#bebada,0,50.0,004
004-Cycling-1y-AL-DHAPPQ,76,37518.5,2031,Cycling 1y AL - DHAPPQ,#bebada,0,50.0,004
004-Cycling-1y-AL-DHAPPQ,77,37113.555555555555,2031,Cycling 1y AL - DHAPPQ,#bebada,0,50.0,004
004-Cycling-1y-AL-DHAPPQ,78,37699.27777777778,2031,Cycling 1y AL - DHAPPQ,#bebada,0,50.0,004
004-Cycling-1y-AL-DHAPPQ,79,36471.11111111111,2031,Cycling 1y AL - DHAPPQ,#bebada,0,50.0,004
004-Cycling-1y-AL-DHAPPQ,80,37702.0,2031,Cycling 1y AL - DHAPPQ,#bebada,0,50.0,004
004-Cycling-1y-AL-DHAPPQ,81,36128.444444444445,2031,Cycling 1y AL - DHAPPQ,#bebada,0,50.0,004
004-Cycling-1y-AL-DHAPPQ,82,37326.27777777778,2031,Cycling 1y AL - DHAPPQ,#bebada,0,50.0,004
004-Cycling-1y-AL-DHAPPQ,83,36829.555555555555,2031,Cycling 1y AL - DHAPPQ,#bebada,0,50.0,004
004-Cycling-1y-AL-DHAPPQ,84,38503.666666666664,2031,Cycling 1y AL - DHAPPQ,#bebada,0,50.0,004
004-Cycling-1y-AL-DHAPPQ,85,38767.555555555555,2031,Cycling 1y AL - DHAPPQ,#bebada,0,50.0,004
004-Cycling-1y-AL-DHAPPQ,86,38370.666666666664,2031,Cycling 1y AL - DHAPPQ,#bebada,0,50.0,004
004-Cycling-1y-AL-DHAPPQ,87,39721.444444444445,2031,Cycling 1y AL - DHAPPQ,#bebada,0,50.0,004
004-Cycling-1y-AL-DHAPPQ,88,37978.11111111111,2031,Cycling 1y AL - DHAPPQ,#bebada,0,50.0,004
004-Cycling-1y-AL-DHAPPQ,89,38416.833333333336,2031,Cycling 1y AL - DHAPPQ,#bebada,0,50.0,004
004-Cycling-1y-AL-DHAPPQ,90,37520.27777777778,2031,Cycling 1y AL - DHAPPQ,#bebada,0,50.0,004
004-Cycling-1y-AL-DHAPPQ,91,38087.055555555555,2031,Cycling 1y AL - DHAPPQ,#bebada,0,50.0,004
004-Cycling-1y-AL-DHAPPQ,92,37980.833333333336,2031,Cycling 1y AL - DHAPPQ,#bebada,0,50.0,004
004-Cycling-1y-AL-DHAPPQ,93,38467.5,2031,Cycling 1y AL - DHAPPQ,#bebada,0,50.0,004
004-Cycling-1y-AL-DHAPPQ,94,36435.88888888889,2031,Cycling 1y AL - DHAPPQ,#bebada,0,50.0,004
004-Cycling-1y-AL-DHAPPQ,95,37097.666666666664,2031,Cycling 1y AL - DHAPPQ,#bebada,0,50.0,004
004-Cycling-1y-AL-DHAPPQ,96,37502.166666666664,2031,Cycling 1y AL - DHAPPQ,#bebada,0,50.0,004
004-Cycling-1y-AL-DHAPPQ,97,38247.27777777778,2031,Cycling 1y AL - DHAPPQ,#bebada,0,50.0,004
004-Cycling-1y-AL-DHAPPQ,98,38581.666666666664,2031,Cycling 1y AL - DHAPPQ,#bebada,0,50.0,004
004-Cycling-1y-AL-DHAPPQ,99,37417.88888888889,2031,Cycling 1y AL - DHAPPQ,#bebada,0,50.0,004
005-Cycling-1y-ASAQ-AL,0,35740.27777777778,2031,Cycling 1y ASAQ - AL,#bebada,0,50.0,004
005-Cycling-1y-ASAQ-AL,1,34764.38888888889,2031,Cycling 1y ASAQ - AL,#bebada,0,50.0,004
005-Cycling-1y-ASAQ-AL,2,35701.61111111111,2031,Cycling 1y ASAQ - AL,#bebada,0,50.0,004
005-Cycling-1y-ASAQ-AL,3,35539.833333333336,2031,Cycling 1y ASAQ - AL,#bebada,0,50.0,004
005-Cycling-1y-ASAQ-AL,4,35867.88888888889,2031,Cycling 1y ASAQ - AL,#bebada,0,50.0,004
005-Cycling-1y-ASAQ-AL,5,35227.555555555555,2031,Cycling 1y ASAQ - AL,#bebada,0,50.0,004
005-Cycling-1y-ASAQ-AL,6,36505.11111111111,2031,Cycling 1y ASAQ - AL,#bebada,0,50.0,004
005-Cycling-1y-ASAQ-AL,7,35529.22222222222,2031,Cycling 1y ASAQ - AL,#bebada,0,50.0,004
005-Cycling-1y-ASAQ-AL,8,36615.944444444445,2031,Cycling 1y ASAQ - AL,#bebada,0,50.0,004
005-Cycling-1y-ASAQ-AL,9,36261.666666666664,2031,Cycling 1y ASAQ - AL,#bebada,0,50.0,004
005-Cycling-1y-ASAQ-AL,10,34531.5,2031,Cycling 1y ASAQ - AL,#bebada,0,50.0,004
005-Cycling-1y-ASAQ-AL,11,36926.22222222222,2031,Cycling 1y ASAQ - AL,#bebada,0,50.0,004
005-Cycling-1y-ASAQ-AL,12,35614.555555555555,2031,Cycling 1y ASAQ - AL,#bebada,0,50.0,004
005-Cycling-1y-ASAQ-AL,13,35868.444444444445,2031,Cycling 1y ASAQ - AL,#bebada,0,50.0,004
005-Cycling-1y-ASAQ-AL,14,35387.22222222222,2031,Cycling 1y ASAQ - AL,#bebada,0,50.0,004
005-Cycling-1y-ASAQ-AL,15,35332.666666666664,2031,Cycling 1y ASAQ - AL,#bebada,0,50.0,004
005-Cycling-1y-ASAQ-AL,16,37443.72222222222,2031,Cycling 1y ASAQ - AL,#bebada,0,50.0,004
005-Cycling-1y-ASAQ-AL,17,36747.22222222222,2031,Cycling 1y ASAQ - AL,#bebada,0,50.0,004
005-Cycling-1y-ASAQ-AL,18,35473.333333333336,2031,Cycling 1y ASAQ - AL,#bebada,0,50.0,004
005-Cycling-1y-ASAQ-AL,19,35240.11111111111,2031,Cycling 1y ASAQ - AL,#bebada,0,50.0,004
005-Cycling-1y-ASAQ-AL,20,36570.27777777778,2031,Cycling 1y ASAQ - AL,#bebada,0,50.0,004
005-Cycling-1y-ASAQ-AL,21,35795.666666666664,2031,Cycling 1y ASAQ - AL,#bebada,0,50.0,004
005-Cycling-1y-ASAQ-AL,22,36535.555555555555,2031,Cycling 1y ASAQ - AL,#bebada,0,50.0,004
005-Cycling-1y-ASAQ-AL,23,35888.61111111111,2031,Cycling 1y ASAQ - AL,#bebada,0,50.0,004
005-Cycling-1y-ASAQ-AL,24,37818.444444444445,2031,Cycling 1y ASAQ - AL,#bebada,0,50.0,004
005-Cycling-1y-ASAQ-AL,25,35555.833333333336,2031,Cycling 1y ASAQ - AL,#bebada,0,50.0,004
005-Cycling-1y-ASAQ-AL,26,35719.444444444445,2031,Cycling 1y ASAQ - AL,#bebada,0,50.0,004
005-Cycling-1y-ASAQ-AL,27,36456.444444444445,2031,Cycling 1y ASAQ - AL,#bebada,0,50.0,004
005-Cycling-1y-ASAQ-AL,28,35794.88888888889,2031,Cycling 1y ASAQ - AL,#bebada,0,50.0,004
005-Cycling-1y-ASAQ-AL,29,37805.22222222222,2031,Cycling 1y ASAQ - AL,#bebada,0,50.0,004
005-Cycling-1y-ASAQ-AL,30,37605.5,2031,Cycling 1y ASAQ - AL,#bebada,0,50.0,004
005-Cycling-1y-ASAQ-AL,31,36468.88888888889,2031,Cycling 1y ASAQ - AL,#bebada,0,50.0,004
005-Cycling-1y-ASAQ-AL,32,36718.333333333336,2031,Cycling 1y ASAQ - AL,#bebada,0,50.0,004
005-Cycling-1y-ASAQ-AL,33,37682.444444444445,2031,Cycling 1y ASAQ - AL,#bebada,0,50.0,004
005-Cycling-1y-ASAQ-AL,34,34704.944444444445,2031,Cycling 1y ASAQ - AL,#bebada,0,50.0,004
005-Cycling-1y-ASAQ-AL,35,37980.555555555555,2031,Cycling 1y ASAQ - AL,#bebada,0,50.0,004
005-Cycling-1y-ASAQ-AL,36,36078.944444444445,2031,Cycling 1y ASAQ - AL,#bebada,0,50.0,004
005-Cycling-1y-ASAQ-AL,37,36382.555555555555,2031,Cycling 1y ASAQ - AL,#bebada,0,50.0,004
005-Cycling-1y-ASAQ-AL,38,36745.27777777778,2031,Cycling 1y ASAQ - AL,#bebada,0,50.0,004
005-Cycling-1y-ASAQ-AL,39,36057.0,2031,Cycling 1y ASAQ - AL,#bebada,0,50.0,004
005-Cycling-1y-ASAQ-AL,40,35520.555555555555,2031,Cycling 1y ASAQ - AL,#bebada,0,50.0,004
005-Cycling-1y-ASAQ-AL,41,35094.27777777778,2031,Cycling 1y ASAQ - AL,#bebada,0,50.0,004
005-Cycling-1y-ASAQ-AL,42,35883.61111111111,2031,Cycling 1y ASAQ - AL,#bebada,0,50.0,004
005-Cycling-1y-ASAQ-AL,43,34690.333333333336,2031,Cycling 1y ASAQ - AL,#bebada,0,50.0,004
005-Cycling-1y-ASAQ-AL,44,35047.5,2031,Cycling 1y ASAQ - AL,#bebada,0,50.0,004
005-Cycling-1y-ASAQ-AL,45,36830.11111111111,2031,Cycling 1y ASAQ - AL,#bebada,0,50.0,004
005-Cycling-1y-ASAQ-AL,46,37169.61111111111,2031,Cycling 1y ASAQ - AL,#bebada,0,50.0,004
005-Cycling-1y-ASAQ-AL,47,35768.833333333336,2031,Cycling 1y ASAQ - AL,#bebada,0,50.0,004
005-Cycling-1y-ASAQ-AL,48,35051.444444444445,2031,Cycling 1y ASAQ - AL,#bebada,0,50.0,004
005-Cycling-1y-ASAQ-AL,49,37604.555555555555,2031,Cycling 1y ASAQ - AL,#bebada,0,50.0,004
005-Cycling-1y-ASAQ-AL,50,35991.0,2031,Cycling 1y ASAQ - AL,#bebada,0,50.0,004
005-Cycling-1y-ASAQ-AL,51,35168.11111111111,2031,Cycling 1y ASAQ - AL,#bebada,0,50.0,004
005-Cycling-1y-ASAQ-AL,52,36944.0,2031,Cycling 1y ASAQ - AL,#bebada,0,50.0,004
005-Cycling-1y-ASAQ-AL,53,35977.944444444445,2031,Cycling 1y ASAQ - AL,#bebada,0,50.0,004
005-Cycling-1y-ASAQ-AL,54,36646.833333333336,2031,Cycling 1y ASAQ - AL,#bebada,0,50.0,004
005-Cycling-1y-ASAQ-AL,55,36073.166666666664,2031,Cycling 1y ASAQ - AL,#bebada,0,50.0,004
005-Cycling-1y-ASAQ-AL,56,37231.833333333336,2031,Cycling 1y ASAQ - AL,#bebada,0,50.0,004
005-Cycling-1y-ASAQ-AL,57,35398.055555555555,2031,Cycling 1y ASAQ - AL,#bebada,0,50.0,004
005-Cycling-1y-ASAQ-AL,58,36155.055555555555,2031,Cycling 1y ASAQ - AL,#bebada,0,50.0,004
005-Cycling-1y-ASAQ-AL,59,37094.555555555555,2031,Cycling 1y ASAQ - AL,#bebada,0,50.0,004
005-Cycling-1y-ASAQ-AL,60,35652.88888888889,2031,Cycling 1y ASAQ - AL,#bebada,0,50.0,004
005-Cycling-1y-ASAQ-AL,61,36250.666666666664,2031,Cycling 1y ASAQ - AL,#bebada,0,50.0,004
005-Cycling-1y-ASAQ-AL,62,36395.77777777778,2031,Cycling 1y ASAQ - AL,#bebada,0,50.0,004
005-Cycling-1y-ASAQ-AL,63,37170.61111111111,2031,Cycling 1y ASAQ - AL,#bebada,0,50.0,004
005-Cycling-1y-ASAQ-AL,64,35258.77777777778,2031,Cycling 1y ASAQ - AL,#bebada,0,50.0,004
005-Cycling-1y-ASAQ-AL,65,34442.333333333336,2031,Cycling 1y ASAQ - AL,#bebada,0,50.0,004
005-Cycling-1y-ASAQ-AL,66,36663.666666666664,2031,Cycling 1y ASAQ - AL,#bebada,0,50.0,004
005-Cycling-1y-ASAQ-AL,67,35520.555555555555,2031,Cycling 1y ASAQ - AL,#bebada,0,50.0,004
005-Cycling-1y-ASAQ-AL,68,36246.38888888889,2031,Cycling 1y ASAQ - AL,#bebada,0,50.0,004
005-Cycling-1y-ASAQ-AL,69,36151.666666666664,2031,Cycling 1y ASAQ - AL,#bebada,0,50.0,004
005-Cycling-1y-ASAQ-AL,70,35596.666666666664,2031,Cycling 1y ASAQ - AL,#bebada,0,50.0,004
005-Cycling-1y-ASAQ-AL,71,36086.333333333336,2031,Cycling 1y ASAQ - AL,#bebada,0,50.0,004
005-Cycling-1y-ASAQ-AL,72,35993.88888888889,2031,Cycling 1y ASAQ - AL,#bebada,0,50.0,004
005-Cycling-1y-ASAQ-AL,73,35574.166666666664,2031,Cycling 1y ASAQ - AL,#bebada,0,50.0,004
005-Cycling-1y-ASAQ-AL,74,35701.22222222222,2031,Cycling 1y ASAQ - AL,#bebada,0,50.0,004
005-Cycling-1y-ASAQ-AL,75,35725.72222222222,2031,Cycling 1y ASAQ - AL,#bebada,0,50.0,004
005-Cycling-1y-ASAQ-AL,76,36019.055555555555,2031,Cycling 1y ASAQ - AL,#bebada,0,50.0,004
005-Cycling-1y-ASAQ-AL,77,34649.166666666664,2031,Cycling 1y ASAQ - AL,#bebada,0,50.0,004
005-Cycling-1y-ASAQ-AL,78,36028.166666666664,2031,Cycling 1y ASAQ - AL,#bebada,0,50.0,004
005-Cycling-1y-ASAQ-AL,79,36508.77777777778,2031,Cycling 1y ASAQ - AL,#bebada,0,50.0,004
005-Cycling-1y-ASAQ-AL,80,36499.5,2031,Cycling 1y ASAQ - AL,#bebada,0,50.0,004
005-Cycling-1y-ASAQ-AL,81,35461.944444444445,2031,Cycling 1y ASAQ - AL,#bebada,0,50.0,004
005-Cycling-1y-ASAQ-AL,82,37745.22222222222,2031,Cycling 1y ASAQ - AL,#bebada,0,50.0,004
005-Cycling-1y-ASAQ-AL,83,37434.27777777778,2031,Cycling 1y ASAQ - AL,#bebada,0,50.0,004
005-Cycling-1y-ASAQ-AL,84,37360.5,2031,Cycling 1y ASAQ - AL,#bebada,0,50.0,004
005-Cycling-1y-ASAQ-AL,85,35381.38888888889,2031,Cycling 1y ASAQ - AL,#bebada,0,50.0,004
005-Cycling-1y-ASAQ-AL,86,36512.333333333336,2031,Cycling 1y ASAQ - AL,#bebada,0,50.0,004
005-Cycling-1y-ASAQ-AL,87,34832.72222222222,2031,Cycling 1y ASAQ - AL,#bebada,0,50.0,004
005-Cycling-1y-ASAQ-AL,88,35452.555555555555,2031,Cycling 1y ASAQ - AL,#bebada,0,50.0,004
005-Cycling-1y-ASAQ-AL,89,35639.666666666664,2031,Cycling 1y ASAQ - AL,#bebada,0,50.0,004
005-Cycling-1y-ASAQ-AL,90,36417.5,2031,Cycling 1y ASAQ - AL,#bebada,0,50.0,004
005-Cycling-1y-ASAQ-AL,91,38422.88888888889,2031,Cycling 1y ASAQ - AL,#bebada,0,50.0,004
005-Cycling-1y-ASAQ-AL,92,35610.61111111111,2031,Cycling 1y ASAQ - AL,#bebada,0,50.0,004
005-Cycling-1y-ASAQ-AL,93,35818.944444444445,2031,Cycling 1y ASAQ - AL,#bebada,0,50.0,004
005-Cycling-1y-ASAQ-AL,94,35629.666666666664,2031,Cycling 1y ASAQ - AL,#bebada,0,50.0,004
005-Cycling-1y-ASAQ-AL,95,36051.055555555555,2031,Cycling 1y ASAQ - AL,#bebada,0,50.0,004
005-Cycling-1y-ASAQ-AL,96,37028.444444444445,2031,Cycling 1y ASAQ - AL,#bebada,0,50.0,004
005-Cycling-1y-ASAQ-AL,97,37336.38888888889,2031,Cycling 1y ASAQ - AL,#bebada,0,50.0,004
005-Cycling-1y-ASAQ-AL,98,36511.0,2031,Cycling 1y ASAQ - AL,#bebada,0,50.0,004
005-Cycling-1y-ASAQ-AL,99,35299.833333333336,2031,Cycling 1y ASAQ - AL,#bebada,0,50.0,004
006-Cycling-1y-ASAQ-DHAPPQ,0,29282.722222222223,2031,Cycling 1y ASAQ - DHAPPQ,#bebada,0,0.0,004
006-Cycling-1y-ASAQ-DHAPPQ,1,28513.11111111111,2031,Cycling 1y ASAQ - DHAPPQ,#bebada,0,0.0,004
006-Cycling-1y-ASAQ-DHAPPQ,2,28084.555555555555,2031,Cycling 1y ASAQ - DHAPPQ,#bebada,0,0.0,004
006-Cycling-1y-ASAQ-DHAPPQ,3,28890.5,2031,Cycling 1y ASAQ - DHAPPQ,#bebada,0,0.0,004
006-Cycling-1y-ASAQ-DHAPPQ,4,28499.5,2031,Cycling 1y ASAQ - DHAPPQ,#bebada,0,0.0,004
006-Cycling-1y-ASAQ-DHAPPQ,5,27822.166666666668,2031,Cycling 1y ASAQ - DHAPPQ,#bebada,0,0.0,004
006-Cycling-1y-ASAQ-DHAPPQ,6,28191.055555555555,2031,Cycling 1y ASAQ - DHAPPQ,#bebada,0,0.0,004
006-Cycling-1y-ASAQ-DHAPPQ,7,28562.555555555555,2031,Cycling 1y ASAQ - DHAPPQ,#bebada,0,0.0,004
006-Cycling-1y-ASAQ-DHAPPQ,8,28387.055555555555,2031,Cycling 1y ASAQ - DHAPPQ,#bebada,0,0.0,004
006-Cycling-1y-ASAQ-DHAPPQ,9,28655.5,2031,Cycling 1y ASAQ - DHAPPQ,#bebada,0,0.0,004
006-Cycling-1y-ASAQ-DHAPPQ,10,28920.61111111111,2031,Cycling 1y ASAQ - DHAPPQ,#bebada,0,0.0,004
006-Cycling-1y-ASAQ-DHAPPQ,11,28372.222222222223,2031,Cycling 1y ASAQ - DHAPPQ,#bebada,0,0.0,004
006-Cycling-1y-ASAQ-DHAPPQ,12,28068.38888888889,2031,Cycling 1y ASAQ - DHAPPQ,#bebada,0,0.0,004
006-Cycling-1y-ASAQ-DHAPPQ,13,28299.277777777777,2031,Cycling 1y ASAQ - DHAPPQ,#bebada,0,0.0,004
006-Cycling-1y-ASAQ-DHAPPQ,14,28307.333333333332,2031,Cycling 1y ASAQ - DHAPPQ,#bebada,0,0.0,004
006-Cycling-1y-ASAQ-DHAPPQ,15,28071.38888888889,2031,Cycling 1y ASAQ - DHAPPQ,#bebada,0,0.0,004
006-Cycling-1y-ASAQ-DHAPPQ,16,28073.166666666668,2031,Cycling 1y ASAQ - DHAPPQ,#bebada,0,0.0,004
006-Cycling-1y-ASAQ-DHAPPQ,17,27656.055555555555,2031,Cycling 1y ASAQ - DHAPPQ,#bebada,0,0.0,004
006-Cycling-1y-ASAQ-DHAPPQ,18,28540.666666666668,2031,Cycling 1y ASAQ - DHAPPQ,#bebada,0,0.0,004
006-Cycling-1y-ASAQ-DHAPPQ,19,28752.055555555555,2031,Cycling 1y ASAQ - DHAPPQ,#bebada,0,0.0,004
006-Cycling-1y-ASAQ-DHAPPQ,20,28133.777777777777,2031,Cycling 1y ASAQ - DHAPPQ,#bebada,0,0.0,004
006-Cycling-1y-ASAQ-DHAPPQ,21,28804.833333333332,2031,Cycling 1y ASAQ - DHAPPQ,#bebada,0,0.0,004
006-Cycling-1y-ASAQ-DHAPPQ,22,28073.944444444445,2031,Cycling 1y ASAQ - DHAPPQ,#bebada,0,0.0,004
006-Cycling-1y-ASAQ-DHAPPQ,23,28193.555555555555,2031,Cycling 1y ASAQ - DHAPPQ,#bebada,0,0.0,004
006-Cycling-1y-ASAQ-DHAPPQ,24,28191.277777777777,2031,Cycling 1y ASAQ - DHAPPQ,#bebada,0,0.0,004
006-Cycling-1y-ASAQ-DHAPPQ,25,28464.277777777777,2031,Cycling 1y ASAQ - DHAPPQ,#bebada,0,0.0,004
006-Cycling-1y-ASAQ-DHAPPQ,26,28372.833333333332,2031,Cycling 1y ASAQ - DHAPPQ,#bebada,0,0.0,004
006-Cycling-1y-ASAQ-DHAPPQ,27,29785.833333333332,2031,Cycling 1y ASAQ - DHAPPQ,#bebada,0,0.0,004
006-Cycling-1y-ASAQ-DHAPPQ,28,28339.11111111111,2031,Cycling 1y ASAQ - DHAPPQ,#bebada,0,0.0,004
006-Cycling-1y-ASAQ-DHAPPQ,29,28739.166666666668,2031,Cycling 1y ASAQ - DHAPPQ,#bebada,0,0.0,004
006-Cycling-1y-ASAQ-DHAPPQ,30,29607.666666666668,2031,Cycling 1y ASAQ - DHAPPQ,#bebada,0,0.0,004
006-Cycling-1y-ASAQ-DHAPPQ,31,27486.88888888889,2031,Cycling 1y ASAQ - DHAPPQ,#bebada,0,0.0,004
006-Cycling-1y-ASAQ-DHAPPQ,32,27799.0,2031,Cycling 1y ASAQ - DHAPPQ,#bebada,0,0.0,004
006-Cycling-1y-ASAQ-DHAPPQ,33,28792.5,2031,Cycling 1y ASAQ - DHAPPQ,#bebada,0,0.0,004
006-Cycling-1y-ASAQ-DHAPPQ,34,28355.555555555555,2031,Cycling 1y ASAQ - DHAPPQ,#bebada,0,0.0,004
006-Cycling-1y-ASAQ-DHAPPQ,35,29015.0,2031,Cycling 1y ASAQ - DHAPPQ,#bebada,0,0.0,004
006-Cycling-1y-ASAQ-DHAPPQ,36,28686.666666666668,2031,Cycling 1y ASAQ - DHAPPQ,#bebada,0,0.0,004
006-Cycling-1y-ASAQ-DHAPPQ,37,28744.555555555555,2031,Cycling 1y ASAQ - DHAPPQ,#bebada,0,0.0,004
006-Cycling-1y-ASAQ-DHAPPQ,38,27343.61111111111,2031,Cycling 1y ASAQ - DHAPPQ,#bebada,0,0.0,004
006-Cycling-1y-ASAQ-DHAPPQ,39,28676.277777777777,2031,Cycling 1y ASAQ - DHAPPQ,#bebada,0,0.0,004
006-Cycling-1y-ASAQ-DHAPPQ,40,28819.5,2031,Cycling 1y ASAQ - DHAPPQ,#bebada,0,0.0,004
006-Cycling-1y-ASAQ-DHAPPQ,41,28176.166666666668,2031,Cycling 1y ASAQ - DHAPPQ,#bebada,0,0.0,004
006-Cycling-1y-ASAQ-DHAPPQ,42,28954.944444444445,2031,Cycling 1y ASAQ - DHAPPQ,#bebada,0,0.0,004
006-Cycling-1y-ASAQ-DHAPPQ,43,28745.444444444445,2031,Cycling 1y ASAQ - DHAPPQ,#bebada,0,0.0,004
006-Cycling-1y-ASAQ-DHAPPQ,44,28833.38888888889,2031,Cycling 1y ASAQ - DHAPPQ,#bebada,0,0.0,004
006-Cycling-1y-ASAQ-DHAPPQ,45,28743.166666666668,2031,Cycling 1y ASAQ - DHAPPQ,#bebada,0,0.0,004
006-Cycling-1y-ASAQ-DHAPPQ,46,28541.38888888889,2031,Cycling 1y ASAQ - DHAPPQ,#bebada,0,0.0,004
006-Cycling-1y-ASAQ-DHAPPQ,47,29287.722222222223,2031,Cycling 1y ASAQ - DHAPPQ,#bebada,0,0.0,004
006-Cycling-1y-ASAQ-DHAPPQ,48,28215.722222222223,2031,Cycling 1y ASAQ - DHAPPQ,#bebada,0,0.0,004
006-Cycling-1y-ASAQ-DHAPPQ,49,28417.833333333332,2031,Cycling 1y ASAQ - DHAPPQ,#bebada,0,0.0,004
006-Cycling-1y-ASAQ-DHAPPQ,50,29532.0,2031,Cycling 1y ASAQ - DHAPPQ,#bebada,0,0.0,004
006-Cycling-1y-ASAQ-DHAPPQ,51,27840.722222222223,2031,Cycling 1y ASAQ - DHAPPQ,#bebada,0,0.0,004
006-Cycling-1y-ASAQ-DHAPPQ,52,28165.61111111111,2031,Cycling 1y ASAQ - DHAPPQ,#bebada,0,0.0,004
006-Cycling-1y-ASAQ-DHAPPQ,53,27919.777777777777,2031,Cycling 1y ASAQ - DHAPPQ,#bebada,0,0.0,004
006-Cycling-1y-ASAQ-DHAPPQ,54,28211.222222222223,2031,Cycling 1y ASAQ - DHAPPQ,#bebada,0,0.0,004
006-Cycling-1y-ASAQ-DHAPPQ,55,29476.722222222223,2031,Cycling 1y ASAQ - DHAPPQ,#bebada,0,0.0,004
006-Cycling-1y-ASAQ-DHAPPQ,56,27859.38888888889,2031,Cycling 1y ASAQ - DHAPPQ,#bebada,0,0.0,004
006-Cycling-1y-ASAQ-DHAPPQ,57,28170.833333333332,2031,Cycling 1y ASAQ - DHAPPQ,#bebada,0,0.0,004
006-Cycling-1y-ASAQ-DHAPPQ,58,28564.166666666668,2031,Cycling 1y ASAQ - DHAPPQ,#bebada,0,0.0,004
006-Cycling-1y-ASAQ-DHAPPQ,59,28640.722222222223,2031,Cycling 1y ASAQ - DHAPPQ,#bebada,0,0.0,004
006-Cycling-1y-ASAQ-DHAPPQ,60,27195.222222222223,2031,Cycling 1y ASAQ - DHAPPQ,#bebada,0,0.0,004
006-Cycling-1y-ASAQ-DHAPPQ,61,28305.38888888889,2031,Cycling 1y ASAQ - DHAPPQ,#bebada,0,0.0,004
006-Cycling-1y-ASAQ-DHAPPQ,62,29339.666666666668,2031,Cycling 1y ASAQ - DHAPPQ,#bebada,0,0.0,004
006-Cycling-1y-ASAQ-DHAPPQ,63,28226.88888888889,2031,Cycling 1y ASAQ - DHAPPQ,#bebada,0,0.0,004
006-Cycling-1y-ASAQ-DHAPPQ,64,28166.222222222223,2031,Cycling 1y ASAQ - DHAPPQ,#bebada,0,0.0,004
006-Cycling-1y-ASAQ-DHAPPQ,65,28179.277777777777,2031,Cycling 1y ASAQ - DHAPPQ,#bebada,0,0.0,004
006-Cycling-1y-ASAQ-DHAPPQ,66,28425.38888888889,2031,Cycling 1y ASAQ - DHAPPQ,#bebada,0,0.0,004
006-Cycling-1y-ASAQ-DHAPPQ,67,28773.666666666668,2031,Cycling 1y ASAQ - DHAPPQ,#bebada,0,0.0,004
006-Cycling-1y-ASAQ-DHAPPQ,68,29211.88888888889,2031,Cycling 1y ASAQ - DHAPPQ,#bebada,0,0.0,004
006-Cycling-1y-ASAQ-DHAPPQ,69,28011.5,2031,Cycling 1y ASAQ - DHAPPQ,#bebada,0,0.0,004
006-Cycling-1y-ASAQ-DHAPPQ,70,28032.61111111111,2031,Cycling 1y ASAQ - DHAPPQ,#bebada,0,0.0,004
006-Cycling-1y-ASAQ-DHAPPQ,71,28664.555555555555,2031,Cycling 1y ASAQ - DHAPPQ,#bebada,0,0.0,004
006-Cycling-1y-ASAQ-DHAPPQ,72,29242.777777777777,2031,Cycling 1y ASAQ - DHAPPQ,#bebada,0,0.0,004
006-Cycling-1y-ASAQ-DHAPPQ,73,28557.38888888889,2031,Cycling 1y ASAQ - DHAPPQ,#bebada,0,0.0,004
006-Cycling-1y-ASAQ-DHAPPQ,74,28108.38888888889,2031,Cycling 1y ASAQ - DHAPPQ,#bebada,0,0.0,004
006-Cycling-1y-ASAQ-DHAPPQ,75,28851.166666666668,2031,Cycling 1y ASAQ - DHAPPQ,#bebada,0,0.0,004
006-Cycling-1y-ASAQ-DHAPPQ,76,28179.222222222223,2031,Cycling 1y ASAQ - DHAPPQ,#bebada,0,0.0,004
006-Cycling-1y-ASAQ-DHAPPQ,77,27648.777777777777,2031,Cycling 1y ASAQ - DHAPPQ,#bebada,0,0.0,004
006-Cycling-1y-ASAQ-DHAPPQ,78,28301.333333333332,2031,Cycling 1y ASAQ - DHAPPQ,#bebada,0,0.0,004
006-Cycling-1y-ASAQ-DHAPPQ,79,28974.833333333332,2031,Cycling 1y ASAQ - DHAPPQ,#bebada,0,0.0,004
006-Cycling-1y-ASAQ-DHAPPQ,80,28345.5,2031,Cycling 1y ASAQ - DHAPPQ,#bebada,0,0.0,004
006-Cycling-1y-ASAQ-DHAPPQ,81,28986.11111111111,2031,Cycling 1y ASAQ - DHAPPQ,#bebada,0,0.0,004
006-Cycling-1y-ASAQ-DHAPPQ,82,29419.11111111111,2031,Cycling 1y ASAQ - DHAPPQ,#bebada,0,0.0,004
006-Cycling-1y-ASAQ-DHAPPQ,83,27382.61111111111,2031,Cycling 1y ASAQ - DHAPPQ,#bebada,0,0.0,004
006-Cycling-1y-ASAQ-DHAPPQ,84,27858.11111111111,2031,Cycling 1y ASAQ - DHAPPQ,#bebada,0,0.0,004
006-Cycling-1y-ASAQ-DHAPPQ,85,27843.666666666668,2031,Cycling 1y ASAQ - DHAPPQ,#bebada,0,0.0,004
006-Cycling-1y-ASAQ-DHAPPQ,86,28738.055555555555,2031,Cycling 1y ASAQ - DHAPPQ,#bebada,0,0.0,004
006-Cycling-1y-ASAQ-DHAPPQ,87,29332.944444444445,2031,Cycling 1y ASAQ - DHAPPQ,#bebada,0,0.0,004
006-Cycling-1y-ASAQ-DHAPPQ,88,27943.666666666668,2031,Cycling 1y ASAQ - DHAPPQ,#bebada,0,0.0,004
006-Cycling-1y-ASAQ-DHAPPQ,89,29774.666666666668,2031,Cycling 1y ASAQ - DHAPPQ,#bebada,0,0.0,004
006-Cycling-1y-ASAQ-DHAPPQ,90,28698.833333333332,2031,Cycling 1y ASAQ - DHAPPQ,#bebada,0,0.0,004
006-Cycling-1y-ASAQ-DHAPPQ,91,29012.166666666668,2031,Cycling 1y ASAQ - DHAPPQ,#bebada,0,0.0,004
006-Cycling-1y-ASAQ-DHAPPQ,92,29648.38888888889,2031,Cycling 1y ASAQ - DHAPPQ,#bebada,0,0.0,004
006-Cycling-1y-ASAQ-DHAPPQ,93,28720.555555555555,2031,Cycling 1y ASAQ - DHAPPQ,#bebada,0,0.0,004
006-Cycling-1y-ASAQ-DHAPPQ,94,27693.944444444445,2031,Cycling 1y ASAQ - DHAPPQ,#bebada,0,0.0,004
006-Cycling-1y-ASAQ-DHAPPQ,95,29220.166666666668,2031,Cycling 1y ASAQ - DHAPPQ,#bebada,0,0.0,004
006-Cycling-1y-ASAQ-DHAPPQ,96,28366.166666666668,2031,Cycling 1y ASAQ - DHAPPQ,#bebada,0,0.0,004
006-Cycling-1y-ASAQ-DHAPPQ,97,28824.777777777777,2031,Cycling 1y ASAQ - DHAPPQ,#bebada,0,0.0,004
006-Cycling-1y-ASAQ-DHAPPQ,98,28186.666666666668,2031,Cycling 1y ASAQ - DHAPPQ,#bebada,0,0.0,004
006-Cycling-1y-ASAQ-DHAPPQ,99,28676.38888888889,2031,Cycling 1y ASAQ - DHAPPQ,#bebada,0,0.0,004
007-Cycling-1y-DHAPPQ-AL,0,37378.61111111111,2031,Cycling 1y DHAPPQ - AL,#bebada,0,50.0,004
007-Cycling-1y-DHAPPQ-AL,1,38454.833333333336,2031,Cycling 1y DHAPPQ - AL,#bebada,0,50.0,004
007-Cycling-1y-DHAPPQ-AL,2,36999.38888888889,2031,Cycling 1y DHAPPQ - AL,#bebada,0,50.0,004
007-Cycling-1y-DHAPPQ-AL,3,36681.055555555555,2031,Cycling 1y DHAPPQ - AL,#bebada,0,50.0,004
007-Cycling-1y-DHAPPQ-AL,4,39817.833333333336,2031,Cycling 1y DHAPPQ - AL,#bebada,0,50.0,004
007-Cycling-1y-DHAPPQ-AL,5,36663.77777777778,2031,Cycling 1y DHAPPQ - AL,#bebada,0,50.0,004
007-Cycling-1y-DHAPPQ-AL,6,37648.61111111111,2031,Cycling 1y DHAPPQ - AL,#bebada,0,50.0,004
007-Cycling-1y-DHAPPQ-AL,7,37613.333333333336,2031,Cycling 1y DHAPPQ - AL,#bebada,0,50.0,004
007-Cycling-1y-DHAPPQ-AL,8,36575.444444444445,2031,Cycling 1y DHAPPQ - AL,#bebada,0,50.0,004
007-Cycling-1y-DHAPPQ-AL,9,38725.444444444445,2031,Cycling 1y DHAPPQ - AL,#bebada,0,50.0,004
007-Cycling-1y-DHAPPQ-AL,10,37650.22222222222,2031,Cycling 1y DHAPPQ - AL,#bebada,0,50.0,004
007-Cycling-1y-DHAPPQ-AL,11,36431.666666666664,2031,Cycling 1y DHAPPQ - AL,#bebada,0,50.0,004
007-Cycling-1y-DHAPPQ-AL,12,37681.555555555555,2031,Cycling 1y DHAPPQ - AL,#bebada,0,50.0,004
007-Cycling-1y-DHAPPQ-AL,13,36722.22222222222,2031,Cycling 1y DHAPPQ - AL,#bebada,0,50.0,004
007-Cycling-1y-DHAPPQ-AL,14,38599.22222222222,2031,Cycling 1y DHAPPQ - AL,#bebada,0,50.0,004
007-Cycling-1y-DHAPPQ-AL,15,37972.77777777778,2031,Cycling 1y DHAPPQ - AL,#bebada,0,50.0,004
007-Cycling-1y-DHAPPQ-AL,16,38005.333333333336,2031,Cycling 1y DHAPPQ - AL,#bebada,0,50.0,004
007-Cycling-1y-DHAPPQ-AL,17,38768.11111111111,2031,Cycling 1y DHAPPQ - AL,#bebada,0,50.0,004
007-Cycling-1y-DHAPPQ-AL,18,36596.055555555555,2031,Cycling 1y DHAPPQ - AL,#bebada,0,50.0,004
007-Cycling-1y-DHAPPQ-AL,19,37167.0,2031,Cycling 1y DHAPPQ - AL,#bebada,0,50.0,004
007-Cycling-1y-DHAPPQ-AL,20,35517.055555555555,2031,Cycling 1y DHAPPQ - AL,#bebada,0,50.0,004
007-Cycling-1y-DHAPPQ-AL,21,38270.72222222222,2031,Cycling 1y DHAPPQ - AL,#bebada,0,50.0,004
007-Cycling-1y-DHAPPQ-AL,22,40886.055555555555,2031,Cycling 1y DHAPPQ - AL,#bebada,0,50.0,004
007-Cycling-1y-DHAPPQ-AL,23,38738.38888888889,2031,Cycling 1y DHAPPQ - AL,#bebada,0,50.0,004
007-Cycling-1y-DHAPPQ-AL,24,38013.27777777778,2031,Cycling 1y DHAPPQ - AL,#bebada,0,50.0,004
007-Cycling-1y-DHAPPQ-AL,25,38700.61111111111,2031,Cycling 1y DHAPPQ - AL,#bebada,0,50.0,004
007-Cycling-1y-DHAPPQ-AL,26,37345.055555555555,2031,Cycling 1y DHAPPQ - AL,#bebada,0,50.0,004
007-Cycling-1y-DHAPPQ-AL,27,36907.11111111111,2031,Cycling 1y DHAPPQ - AL,#bebada,0,50.0,004
007-Cycling-1y-DHAPPQ-AL,28,41091.944444444445,2031,Cycling 1y DHAPPQ - AL,#bebada,0,50.0,004
007-Cycling-1y-DHAPPQ-AL,29,37294.0,2031,Cycling 1y DHAPPQ - AL,#bebada,0,50.0,004
007-Cycling-1y-DHAPPQ-AL,30,38835.833333333336,2031,Cycling 1y DHAPPQ - AL,#bebada,0,50.0,004
007-Cycling-1y-DHAPPQ-AL,31,37002.27777777778,2031,Cycling 1y DHAPPQ - AL,#bebada,0,50.0,004
007-Cycling-1y-DHAPPQ-AL,32,37205.61111111111,2031,Cycling 1y DHAPPQ - AL,#bebada,0,50.0,004
007-Cycling-1y-DHAPPQ-AL,33,37978.77777777778,2031,Cycling 1y DHAPPQ - AL,#bebada,0,50.0,004
007-Cycling-1y-DHAPPQ-AL,34,37936.38888888889,2031,Cycling 1y DHAPPQ - AL,#bebada,0,50.0,004
007-Cycling-1y-DHAPPQ-AL,35,37262.833333333336,2031,Cycling 1y DHAPPQ - AL,#bebada,0,50.0,004
007-Cycling-1y-DHAPPQ-AL,36,37745.72222222222,2031,Cycling 1y DHAPPQ - AL,#bebada,0,50.0,004
007-Cycling-1y-DHAPPQ-AL,37,37898.27777777778,2031,Cycling 1y DHAPPQ - AL,#bebada,0,50.0,004
007-Cycling-1y-DHAPPQ-AL,38,36996.444444444445,2031,Cycling 1y DHAPPQ - AL,#bebada,0,50.0,004
007-Cycling-1y-DHAPPQ-AL,39,37694.38888888889,2031,Cycling 1y DHAPPQ - AL,#bebada,0,50.0,004
007-Cycling-1y-DHAPPQ-AL,40,36676.944444444445,2031,Cycling 1y DHAPPQ - AL,#bebada,0,50.0,004
007-Cycling-1y-DHAPPQ-AL,41,36759.11111111111,2031,Cycling 1y DHAPPQ - AL,#bebada,0,50.0,004
007-Cycling-1y-DHAPPQ-AL,42,37931.666666666664,2031,Cycling 1y DHAPPQ - AL,#bebada,0,50.0,004
007-Cycling-1y-DHAPPQ-AL,43,36898.833333333336,2031,Cycling 1y DHAPPQ - AL,#bebada,0,50.0,004
007-Cycling-1y-DHAPPQ-AL,44,37725.166666666664,2031,Cycling 1y DHAPPQ - AL,#bebada,0,50.0,004
007-Cycling-1y-DHAPPQ-AL,45,38138.22222222222,2031,Cycling 1y DHAPPQ - AL,#bebada,0,50.0,004
007-Cycling-1y-DHAPPQ-AL,46,36927.5,2031,Cycling 1y DHAPPQ - AL,#bebada,0,50.0,004
007-Cycling-1y-DHAPPQ-AL,47,37412.38888888889,2031,Cycling 1y DHAPPQ - AL,#bebada,0,50.0,004
007-Cycling-1y-DHAPPQ-AL,48,39144.27777777778,2031,Cycling 1y DHAPPQ - AL,#bebada,0,50.0,004
007-Cycling-1y-DHAPPQ-AL,49,36246.444444444445,2031,Cycling 1y DHAPPQ - AL,#bebada,0,50.0,004
007-Cycling-1y-DHAPPQ-AL,50,37224.11111111111,2031,Cycling 1y DHAPPQ - AL,#bebada,0,50.0,004
007-Cycling-1y-DHAPPQ-AL,51,36831.22222222222,2031,Cycling 1y DHAPPQ - AL,#bebada,0,50.0,004
007-Cycling-1y-DHAPPQ-AL,52,37731.38888888889,2031,Cycling 1y DHAPPQ - AL,#bebada,0,50.0,004
007-Cycling-1y-DHAPPQ-AL,53,36672.944444444445,2031,Cycling 1y DHAPPQ - AL,#bebada,0,50.0,004
007-Cycling-1y-DHAPPQ-AL,54,36967.5,2031,Cycling 1y DHAPPQ - AL,#bebada,0,50.0,004
007-Cycling-1y-DHAPPQ-AL,55,37297.61111111111,2031,Cycling 1y DHAPPQ - AL,#bebada,0,50.0,004
007-Cycling-1y-DHAPPQ-AL,56,38488.0,2031,Cycling 1y DHAPPQ - AL,#bebada,0,50.0,004
007-Cycling-1y-DHAPPQ-AL,57,37543.0,2031,Cycling 1y DHAPPQ - AL,#bebada,0,50.0,004
007-Cycling-1y-DHAPPQ-AL,58,36582.38888888889,2031,Cycling 1y DHAPPQ - AL,#bebada,0,50.0,004
007-Cycling-1y-DHAPPQ-AL,59,38650.77777777778,2031,Cycling 1y DHAPPQ - AL,#bebada,0,50.0,004
007-Cycling-1y-DHAPPQ-AL,60,36112.555555555555,2031,Cycling 1y DHAPPQ - AL,#bebada,0,50.0,004
007-Cycling-1y-DHAPPQ-AL,61,35363.61111111111,2031,Cycling 1y DHAPPQ - AL,#bebada,0,50.0,004
007-Cycling-1y-DHAPPQ-AL,62,37611.72222222222,2031,Cycling 1y DHAPPQ - AL,#bebada,0,50.0,004
007-Cycling-1y-DHAPPQ-AL,63,38381.333333333336,2031,Cycling 1y DHAPPQ - AL,#bebada,0,50.0,004
007-Cycling-1y-DHAPPQ-AL,64,37717.833333333336,2031,Cycling 1y DHAPPQ - AL,#bebada,0,50.0,004
007-Cycling-1y-DHAPPQ-AL,65,38430.38888888889,2031,Cycling 1y DHAPPQ - AL,#bebada,0,50.0,004
007-Cycling-1y-DHAPPQ-AL,66,35859.833333333336,2031,Cycling 1y DHAPPQ - AL,#bebada,0,50.0,004
007-Cycling-1y-DHAPPQ-AL,67,37043.055555555555,2031,Cycling 1y DHAPPQ - AL,#bebada,0,50.0,004
007-Cycling-1y-DHAPPQ-AL,68,38117.5,2031,Cycling 1y DHAPPQ - AL,#bebada,0,50.0,004
007-Cycling-1y-DHAPPQ-AL,69,36958.88888888889,2031,Cycling 1y DHAPPQ - AL,#bebada,0,50.0,004
007-Cycling-1y-DHAPPQ-AL,70,38674.666666666664,2031,Cycling 1y DHAPPQ - AL,#bebada,0,50.0,004
007-Cycling-1y-DHAPPQ-AL,71,39146.11111111111,2031,Cycling 1y DHAPPQ - AL,#bebada,0,50.0,004
007-Cycling-1y-DHAPPQ-AL,72,36520.88888888889,2031,Cycling 1y DHAPPQ - AL,#bebada,0,50.0,004
007-Cycling-1y-DHAPPQ-AL,73,36486.72222222222,2031,Cycling 1y DHAPPQ - AL,#bebada,0,50.0,004
007-Cycling-1y-DHAPPQ-AL,74,37185.72222222222,2031,Cycling 1y DHAPPQ - AL,#bebada,0,50.0,004
007-Cycling-1y-DHAPPQ-AL,75,38421.166666666664,2031,Cycling 1y DHAPPQ - AL,#bebada,0,50.0,004
007-Cycling-1y-DHAPPQ-AL,76,37480.444444444445,2031,Cycling 1y DHAPPQ - AL,#bebada,0,50.0,004
007-Cycling-1y-DHAPPQ-AL,77,37087.166666666664,2031,Cycling 1y DHAPPQ - AL,#bebada,0,50.0,004
007-Cycling-1y-DHAPPQ-AL,78,38516.77777777778,2031,Cycling 1y DHAPPQ - AL,#bebada,0,50.0,004
007-Cycling-1y-DHAPPQ-AL,79,39081.166666666664,2031,Cycling 1y DHAPPQ - AL,#bebada,0,50.0,004
007-Cycling-1y-DHAPPQ-AL,80,36989.0,2031,Cycling 1y DHAPPQ - AL,#bebada,0,50.0,004
007-Cycling-1y-DHAPPQ-AL,81,37705.11111111111,2031,Cycling 1y DHAPPQ - AL,#bebada,0,50.0,004
007-Cycling-1y-DHAPPQ-AL,82,38089.77777777778,2031,Cycling 1y DHAPPQ - AL,#bebada,0,50.0,004
007-Cycling-1y-DHAPPQ-AL,83,35536.0,2031,Cycling 1y DHAPPQ - AL,#bebada,0,50.0,004
007-Cycling-1y-DHAPPQ-AL,84,36517.38888888889,2031,Cycling 1y DHAPPQ - AL,#bebada,0,50.0,004
007-Cycling-1y-DHAPPQ-AL,85,37707.27777777778,2031,Cycling 1y DHAPPQ - AL,#bebada,0,50.0,004
007-Cycling-1y-DHAPPQ-AL,86,36093.444444444445,2031,Cycling 1y DHAPPQ - AL,#bebada,0,50.0,004
007-Cycling-1y-DHAPPQ-AL,87,39098.833333333336,2031,Cycling 1y DHAPPQ - AL,#bebada,0,50.0,004
007-Cycling-1y-DHAPPQ-AL,88,37912.0,2031,Cycling 1y DHAPPQ - AL,#bebada,0,50.0,004
007-Cycling-1y-DHAPPQ-AL,89,37945.055555555555,2031,Cycling 1y DHAPPQ - AL,#bebada,0,50.0,004
007-Cycling-1y-DHAPPQ-AL,90,36387.61111111111,2031,Cycling 1y DHAPPQ - AL,#bebada,0,50.0,004
007-Cycling-1y-DHAPPQ-AL,91,37574.055555555555,2031,Cycling 1y DHAPPQ - AL,#bebada,0,50.0,004
007-Cycling-1y-DHAPPQ-AL,92,38705.72222222222,2031,Cycling 1y DHAPPQ - AL,#bebada,0,50.0,004
007-Cycling-1y-DHAPPQ-AL,93,37827.11111111111,2031,Cycling 1y DHAPPQ - AL,#bebada,0,50.0,004
007-Cycling-1y-DHAPPQ-AL,94,38959.38888888889,2031,Cycling 1y DHAPPQ - AL,#bebada,0,50.0,004
007-Cycling-1y-DHAPPQ-AL,95,37489.555555555555,2031,Cycling 1y DHAPPQ - AL,#bebada,0,50.0,004
007-Cycling-1y-DHAPPQ-AL,96,36957.5,2031,Cycling 1y DHAPPQ - AL,#bebada,0,50.0,004
007-Cycling-1y-DHAPPQ-AL,97,37090.22222222222,2031,Cycling 1y DHAPPQ - AL,#bebada,0,50.0,004
007-Cycling-1y-DHAPPQ-AL,98,38987.38888888889,2031,Cycling 1y DHAPPQ - AL,#bebada,0,50.0,004
007-Cycling-1y-DHAPPQ-AL,99,39145.444444444445,2031,Cycling 1y DHAPPQ - AL,#bebada,0,50.0,004
008-Cycling-1y-DHAPPQ-ASAQ,0,28678.666666666668,2031,Cycling 1y DHAPPQ - ASAQ,#bebada,0,0.0,004
008-Cycling-1y-DHAPPQ-ASAQ,1,28083.666666666668,2031,Cycling 1y DHAPPQ - ASAQ,#bebada,0,0.0,004
008-Cycling-1y-DHAPPQ-ASAQ,2,28273.333333333332,2031,Cycling 1y DHAPPQ - ASAQ,#bebada,0,0.0,004
008-Cycling-1y-DHAPPQ-ASAQ,3,27905.666666666668,2031,Cycling 1y DHAPPQ - ASAQ,#bebada,0,0.0,004
008-Cycling-1y-DHAPPQ-ASAQ,4,27870.555555555555,2031,Cycling 1y DHAPPQ - ASAQ,#bebada,0,0.0,004
008-Cycling-1y-DHAPPQ-ASAQ,5,29344.555555555555,2031,Cycling 1y DHAPPQ - ASAQ,#bebada,0,0.0,004
008-Cycling-1y-DHAPPQ-ASAQ,6,28858.88888888889,2031,Cycling 1y DHAPPQ - ASAQ,#bebada,0,0.0,004
008-Cycling-1y-DHAPPQ-ASAQ,7,28893.61111111111,2031,Cycling 1y DHAPPQ - ASAQ,#bebada,0,0.0,004
008-Cycling-1y-DHAPPQ-ASAQ,8,29788.61111111111,2031,Cycling 1y DHAPPQ - ASAQ,#bebada,0,0.0,004
008-Cycling-1y-DHAPPQ-ASAQ,9,29141.0,2031,Cycling 1y DHAPPQ - ASAQ,#bebada,0,0.0,004
008-Cycling-1y-DHAPPQ-ASAQ,10,28822.0,2031,Cycling 1y DHAPPQ - ASAQ,#bebada,0,0.0,004
008-Cycling-1y-DHAPPQ-ASAQ,11,28991.722222222223,2031,Cycling 1y DHAPPQ - ASAQ,#bebada,0,0.0,004
008-Cycling-1y-DHAPPQ-ASAQ,12,28866.444444444445,2031,Cycling 1y DHAPPQ - ASAQ,#bebada,0,0.0,004
008-Cycling-1y-DHAPPQ-ASAQ,13,28468.61111111111,2031,Cycling 1y DHAPPQ - ASAQ,#bebada,0,0.0,004
008-Cycling-1y-DHAPPQ-ASAQ,14,28161.11111111111,2031,Cycling 1y DHAPPQ - ASAQ,#bebada,0,0.0,004
008-Cycling-1y-DHAPPQ-ASAQ,15,27917.666666666668,2031,Cycling 1y DHAPPQ - ASAQ,#bebada,0,0.0,004
008-Cycling-1y-DHAPPQ-ASAQ,16,28177.277777777777,2031,Cycling 1y DHAPPQ - ASAQ,#bebada,0,0.0,004
008-Cycling-1y-DHAPPQ-ASAQ,17,29198.833333333332,2031,Cycling 1y DHAPPQ - ASAQ,#bebada,0,0.0,004
008-Cycling-1y-DHAPPQ-ASAQ,18,28672.944444444445,2031,Cycling 1y DHAPPQ - ASAQ,#bebada,0,0.0,004
008-Cycling-1y-DHAPPQ-ASAQ,19,28821.666666666668,2031,Cycling 1y DHAPPQ - ASAQ,#bebada,0,0.0,004
008-Cycling-1y-DHAPPQ-ASAQ,20,28592.11111111111,2031,Cycling 1y DHAPPQ - ASAQ,#bebada,0,0.0,004
008-Cycling-1y-DHAPPQ-ASAQ,21,28786.5,2031,Cycling 1y DHAPPQ - ASAQ,#bebada,0,0.0,004
008-Cycling-1y-DHAPPQ-ASAQ,22,29589.88888888889,2031,Cycling 1y DHAPPQ - ASAQ,#bebada,0,0.0,004
008-Cycling-1y-DHAPPQ-ASAQ,23,28308.88888888889,2031,Cycling 1y DHAPPQ - ASAQ,#bebada,0,0.0,004
008-Cycling-1y-DHAPPQ-ASAQ,24,28425.11111111111,2031,Cycling 1y DHAPPQ - ASAQ,#bebada,0,0.0,004
008-Cycling-1y-DHAPPQ-ASAQ,25,28514.166666666668,2031,Cycling 1y DHAPPQ - ASAQ,#bebada,0,0.0,004
008-Cycling-1y-DHAPPQ-ASAQ,26,29219.277777777777,2031,Cycling 1y DHAPPQ - ASAQ,#bebada,0,0.0,004
008-Cycling-1y-DHAPPQ-ASAQ,27,29411.166666666668,2031,Cycling 1y DHAPPQ - ASAQ,#bebada,0,0.0,004
008-Cycling-1y-DHAPPQ-ASAQ,28,29266.38888888889,2031,Cycling 1y DHAPPQ - ASAQ,#bebada,0,0.0,004
008-Cycling-1y-DHAPPQ-ASAQ,29,29599.88888888889,2031,Cycling 1y DHAPPQ - ASAQ,#bebada,0,0.0,004
008-Cycling-1y-DHAPPQ-ASAQ,30,28705.777777777777,2031,Cycling 1y DHAPPQ - ASAQ,#bebada,0,0.0,004
008-Cycling-1y-DHAPPQ-ASAQ,31,29785.777777777777,2031,Cycling 1y DHAPPQ - ASAQ,#bebada,0,0.0,004
008-Cycling-1y-DHAPPQ-ASAQ,32,28644.666666666668,2031,Cycling 1y DHAPPQ - ASAQ,#bebada,0,0.0,004
008-Cycling-1y-DHAPPQ-ASAQ,33,28623.38888888889,2031,Cycling 1y DHAPPQ - ASAQ,#bebada,0,0.0,004
008-Cycling-1y-DHAPPQ-ASAQ,34,29527.61111111111,2031,Cycling 1y DHAPPQ - ASAQ,#bebada,0,0.0,004
008-Cycling-1y-DHAPPQ-ASAQ,35,28084.166666666668,2031,Cycling 1y DHAPPQ - ASAQ,#bebada,0,0.0,004
008-Cycling-1y-DHAPPQ-ASAQ,36,28816.555555555555,2031,Cycling 1y DHAPPQ - ASAQ,#bebada,0,0.0,004
008-Cycling-1y-DHAPPQ-ASAQ,37,27595.055555555555,2031,Cycling 1y DHAPPQ - ASAQ,#bebada,0,0.0,004
008-Cycling-1y-DHAPPQ-ASAQ,38,28002.333333333332,2031,Cycling 1y DHAPPQ - ASAQ,#bebada,0,0.0,004
008-Cycling-1y-DHAPPQ-ASAQ,39,28352.88888888889,2031,Cycling 1y DHAPPQ - ASAQ,#bebada,0,0.0,004
008-Cycling-1y-DHAPPQ-ASAQ,40,29340.38888888889,2031,Cycling 1y DHAPPQ - ASAQ,#bebada,0,0.0,004
008-Cycling-1y-DHAPPQ-ASAQ,41,28829.38888888889,2031,Cycling 1y DHAPPQ - ASAQ,#bebada,0,0.0,004
008-Cycling-1y-DHAPPQ-ASAQ,42,28381.333333333332,2031,Cycling 1y DHAPPQ - ASAQ,#bebada,0,0.0,004
008-Cycling-1y-DHAPPQ-ASAQ,43,28052.333333333332,2031,Cycling 1y DHAPPQ - ASAQ,#bebada,0,0.0,004
008-Cycling-1y-DHAPPQ-ASAQ,44,27998.5,2031,Cycling 1y DHAPPQ - ASAQ,#bebada,0,0.0,004
008-Cycling-1y-DHAPPQ-ASAQ,45,28526.38888888889,2031,Cycling 1y DHAPPQ - ASAQ,#bebada,0,0.0,004
008-Cycling-1y-DHAPPQ-ASAQ,46,28214.277777777777,2031,Cycling 1y DHAPPQ - ASAQ,#bebada,0,0.0,004
008-Cycling-1y-DHAPPQ-ASAQ,47,28759.5,2031,Cycling 1y DHAPPQ - ASAQ,#bebada,0,0.0,004
008-Cycling-1y-DHAPPQ-ASAQ,48,28001.666666666668,2031,Cycling 1y DHAPPQ - ASAQ,#bebada,0,0.0,004
008-Cycling-1y-DHAPPQ-ASAQ,49,29273.833333333332,2031,Cycling 1y DHAPPQ - ASAQ,#bebada,0,0.0,004
008-Cycling-1y-DHAPPQ-ASAQ,50,27511.333333333332,2031,Cycling 1y DHAPPQ - ASAQ,#bebada,0,0.0,004
008-Cycling-1y-DHAPPQ-ASAQ,51,29326.666666666668,2031,Cycling 1y DHAPPQ - ASAQ,#bebada,0,0.0,004
008-Cycling-1y-DHAPPQ-ASAQ,52,28690.38888888889,2031,Cycling 1y DHAPPQ - ASAQ,#bebada,0,0.0,004
008-Cycling-1y-DHAPPQ-ASAQ,53,27973.222222222223,2031,Cycling 1y DHAPPQ - ASAQ,#bebada,0,0.0,004
008-Cycling-1y-DHAPPQ-ASAQ,54,29604.833333333332,2031,Cycling 1y DHAPPQ - ASAQ,#bebada,0,0.0,004
008-Cycling-1y-DHAPPQ-ASAQ,55,27724.88888888889,2031,Cycling 1y DHAPPQ - ASAQ,#bebada,0,0.0,004
008-Cycling-1y-DHAPPQ-ASAQ,56,28970.666666666668,2031,Cycling 1y DHAPPQ - ASAQ,#bebada,0,0.0,004
008-Cycling-1y-DHAPPQ-ASAQ,57,29746.055555555555,2031,Cycling 1y DHAPPQ - ASAQ,#bebada,0,0.0,004
008-Cycling-1y-DHAPPQ-ASAQ,58,27417.61111111111,2031,Cycling 1y DHAPPQ - ASAQ,#bebada,0,0.0,004
008-Cycling-1y-DHAPPQ-ASAQ,59,28697.88888888889,2031,Cycling 1y DHAPPQ - ASAQ,#bebada,0,0.0,004
008-Cycling-1y-DHAPPQ-ASAQ,60,28465.777777777777,2031,Cycling 1y DHAPPQ - ASAQ,#bebada,0,0.0,004
008-Cycling-1y-DHAPPQ-ASAQ,61,28528.222222222223,2031,Cycling 1y DHAPPQ - ASAQ,#bebada,0,0.0,004
008-Cycling-1y-DHAPPQ-ASAQ,62,28684.722222222223,2031,Cycling 1y DHAPPQ - ASAQ,#bebada,0,0.0,004
008-Cycling-1y-DHAPPQ-ASAQ,63,29361.055555555555,2031,Cycling 1y DHAPPQ - ASAQ,#bebada,0,0.0,004
008-Cycling-1y-DHAPPQ-ASAQ,64,28152.166666666668,2031,Cycling 1y DHAPPQ - ASAQ,#bebada,0,0.0,004
008-Cycling-1y-DHAPPQ-ASAQ,65,28842.5,2031,Cycling 1y DHAPPQ - ASAQ,#bebada,0,0.0,004
008-Cycling-1y-DHAPPQ-ASAQ,66,29058.166666666668,2031,Cycling 1y DHAPPQ - ASAQ,#bebada,0,0.0,004
008-Cycling-1y-DHAPPQ-ASAQ,67,28440.61111111111,2031,Cycling 1y DHAPPQ - ASAQ,#bebada,0,0.0,004
008-Cycling-1y-DHAPPQ-ASAQ,68,30274.0,2031,Cycling 1y DHAPPQ - ASAQ,#bebada,0,0.0,004
008-Cycling-1y-DHAPPQ-ASAQ,69,28487.944444444445,2031,Cycling 1y DHAPPQ - ASAQ,#bebada,0,0.0,004
008-Cycling-1y-DHAPPQ-ASAQ,70,27801.555555555555,2031,Cycling 1y DHAPPQ - ASAQ,#bebada,0,0.0,004
008-Cycling-1y-DHAPPQ-ASAQ,71,28627.944444444445,2031,Cycling 1y DHAPPQ - ASAQ,#bebada,0,0.0,004
008-Cycling-1y-DHAPPQ-ASAQ,72,28810.88888888889,2031,Cycling 1y DHAPPQ - ASAQ,#bebada,0,0.0,004
008-Cycling-1y-DHAPPQ-ASAQ,73,29512.722222222223,2031,Cycling 1y DHAPPQ - ASAQ,#bebada,0,0.0,004
008-Cycling-1y-DHAPPQ-ASAQ,74,29634.88888888889,2031,Cycling 1y DHAPPQ - ASAQ,#bebada,0,0.0,004
008-Cycling-1y-DHAPPQ-ASAQ,75,28342.88888888889,2031,Cycling 1y DHAPPQ - ASAQ,#bebada,0,0.0,004
008-Cycling-1y-DHAPPQ-ASAQ,76,28747.555555555555,2031,Cycling 1y DHAPPQ - ASAQ,#bebada,0,0.0,004
008-Cycling-1y-DHAPPQ-ASAQ,77,28896.333333333332,2031,Cycling 1y DHAPPQ - ASAQ,#bebada,0,0.0,004
008-Cycling-1y-DHAPPQ-ASAQ,78,28879.11111111111,2031,Cycling 1y DHAPPQ - ASAQ,#bebada,0,0.0,004
008-Cycling-1y-DHAPPQ-ASAQ,79,28031.777777777777,2031,Cycling 1y DHAPPQ - ASAQ,#bebada,0,0.0,004
008-Cycling-1y-DHAPPQ-ASAQ,80,28889.444444444445,2031,Cycling 1y DHAPPQ - ASAQ,#bebada,0,0.0,004
008-Cycling-1y-DHAPPQ-ASAQ,81,28538.222222222223,2031,Cycling 1y DHAPPQ - ASAQ,#bebada,0,0.0,004
008-Cycling-1y-DHAPPQ-ASAQ,82,28015.555555555555,2031,Cycling 1y DHAPPQ - ASAQ,#bebada,0,0.0,004
008-Cycling-1y-DHAPPQ-ASAQ,83,29325.055555555555,2031,Cycling 1y DHAPPQ - ASAQ,#bebada,0,0.0,004
008-Cycling-1y-DHAPPQ-ASAQ,84,28926.666666666668,2031,Cycling 1y DHAPPQ - ASAQ,#bebada,0,0.0,004
008-Cycling-1y-DHAPPQ-ASAQ,85,28271.666666666668,2031,Cycling 1y DHAPPQ - ASAQ,#bebada,0,0.0,004
008-Cycling-1y-DHAPPQ-ASAQ,86,29315.666666666668,2031,Cycling 1y DHAPPQ - ASAQ,#bebada,0,0.0,004
008-Cycling-1y-DHAPPQ-ASAQ,87,28439.777777777777,2031,Cycling 1y DHAPPQ - ASAQ,#bebada,0,0.0,004
008-Cycling-1y-DHAPPQ-ASAQ,88,28383.666666666668,2031,Cycling 1y DHAPPQ - ASAQ,#bebada,0,0.0,004
008-Cycling-1y-DHAPPQ-ASAQ,89,28038.0,2031,Cycling 1y DHAPPQ - ASAQ,#bebada,0,0.0,004
008-Cycling-1y-DHAPPQ-ASAQ,90,28966.555555555555,2031,Cycling 1y DHAPPQ - ASAQ,#bebada,0,0.0,004
008-Cycling-1y-DHAPPQ-ASAQ,91,28500.166666666668,2031,Cycling 1y DHAPPQ - ASAQ,#bebada,0,0.0,004
008-Cycling-1y-DHAPPQ-ASAQ,92,29166.38888888889,2031,Cycling 1y DHAPPQ - ASAQ,#bebada,0,0.0,004
008-Cycling-1y-DHAPPQ-ASAQ,93,28401.61111111111,2031,Cycling 1y DHAPPQ - ASAQ,#bebada,0,0.0,004
008-Cycling-1y-DHAPPQ-ASAQ,94,28883.166666666668,2031,Cycling 1y DHAPPQ - ASAQ,#bebada,0,0.0,004
008-Cycling-1y-DHAPPQ-ASAQ,95,29379.777777777777,2031,Cycling 1y DHAPPQ - ASAQ,#bebada,0,0.0,004
008-Cycling-1y-DHAPPQ-ASAQ,96,28420.166666666668,2031,Cycling 1y DHAPPQ - ASAQ,#bebada,0,0.0,004
008-Cycling-1y-DHAPPQ-ASAQ,97,28061.944444444445,2031,Cycling 1y DHAPPQ - ASAQ,#bebada,0,0.0,004
008-Cycling-1y-DHAPPQ-ASAQ,98,28833.5,2031,Cycling 1y DHAPPQ - ASAQ,#bebada,0,0.0,004
008-Cycling-1y-DHAPPQ-ASAQ,99,29551.777777777777,2031,Cycling 1y DHAPPQ - ASAQ,#bebada,0,0.0,004
009-Cycling-1y-AL-ASAQ-DHAPPQ,0,32526.722222222223,2031,Cycling 1y AL - ASAQ - DHAPPQ,#bebada,0,33.0,004
009-Cycling-1y-AL-ASAQ-DHAPPQ,1,32992.38888888889,2031,Cycling 1y AL - ASAQ - DHAPPQ,#bebada,0,33.0,004
009-Cycling-1y-AL-ASAQ-DHAPPQ,2,32571.88888888889,2031,Cycling 1y AL - ASAQ - DHAPPQ,#bebada,0,33.0,004
009-Cycling-1y-AL-ASAQ-DHAPPQ,3,33264.944444444445,2031,Cycling 1y AL - ASAQ - DHAPPQ,#bebada,0,33.0,004
009-Cycling-1y-AL-ASAQ-DHAPPQ,4,34059.5,2031,Cycling 1y AL - ASAQ - DHAPPQ,#bebada,0,33.0,004
009-Cycling-1y-AL-ASAQ-DHAPPQ,5,33846.38888888889,2031,Cycling 1y AL - ASAQ - DHAPPQ,#bebada,0,33.0,004
009-Cycling-1y-AL-ASAQ-DHAPPQ,6,32251.222222222223,2031,Cycling 1y AL - ASAQ - DHAPPQ,#bebada,0,33.0,004
009-Cycling-1y-AL-ASAQ-DHAPPQ,7,33459.22222222222,2031,Cycling 1y AL - ASAQ - DHAPPQ,#bebada,0,33.0,004
009-Cycling-1y-AL-ASAQ-DHAPPQ,8,33829.27777777778,2031,Cycling 1y AL - ASAQ - DHAPPQ,#bebada,0,33.0,004
009-Cycling-1y-AL-ASAQ-DHAPPQ,9,32428.0,2031,Cycling 1y AL - ASAQ - DHAPPQ,#bebada,0,33.0,004
009-Cycling-1y-AL-ASAQ-DHAPPQ,10,33138.166666666664,2031,Cycling 1y AL - ASAQ - DHAPPQ,#bebada,0,33.0,004
009-Cycling-1y-AL-ASAQ-DHAPPQ,11,32442.166666666668,2031,Cycling 1y AL - ASAQ - DHAPPQ,#bebada,0,33.0,004
009-Cycling-1y-AL-ASAQ-DHAPPQ,12,32609.777777777777,2031,Cycling 1y AL - ASAQ - DHAPPQ,#bebada,0,33.0,004
009-Cycling-1y-AL-ASAQ-DHAPPQ,13,33264.61111111111,2031,Cycling 1y AL - ASAQ - DHAPPQ,#bebada,0,33.0,004
009-Cycling-1y-AL-ASAQ-DHAPPQ,14,33249.666666666664,2031,Cycling 1y AL - ASAQ - DHAPPQ,#bebada,0,33.0,004
009-Cycling-1y-AL-ASAQ-DHAPPQ,15,33153.38888888889,2031,Cycling 1y AL - ASAQ - DHAPPQ,#bebada,0,33.0,004
009-Cycling-1y-AL-ASAQ-DHAPPQ,16,33141.77777777778,2031,Cycling 1y AL - ASAQ - DHAPPQ,#bebada,0,33.0,004
009-Cycling-1y-AL-ASAQ-DHAPPQ,17,32682.777777777777,2031,Cycling 1y AL - ASAQ - DHAPPQ,#bebada,0,33.0,004
009-Cycling-1y-AL-ASAQ-DHAPPQ,18,33138.555555555555,2031,Cycling 1y AL - ASAQ - DHAPPQ,#bebada,0,33.0,004
009-Cycling-1y-AL-ASAQ-DHAPPQ,19,32969.0,2031,Cycling 1y AL - ASAQ - DHAPPQ,#bebada,0,33.0,004
009-Cycling-1y-AL-ASAQ-DHAPPQ,20,33633.666666666664,2031,Cycling 1y AL - ASAQ - DHAPPQ,#bebada,0,33.0,004
009-Cycling-1y-AL-ASAQ-DHAPPQ,21,33350.61111111111,2031,Cycling 1y AL - ASAQ - DHAPPQ,#bebada,0,33.0,004
009-Cycling-1y-AL-ASAQ-DHAPPQ,22,33793.444444444445,2031,Cycling 1y AL - ASAQ - DHAPPQ,#bebada,0,33.0,004
009-Cycling-1y-AL-ASAQ-DHAPPQ,23,34650.5,2031,Cycling 1y AL - ASAQ - DHAPPQ,#bebada,0,33.0,004
009-Cycling-1y-AL-ASAQ-DHAPPQ,24,33260.555555555555,2031,Cycling 1y AL - ASAQ - DHAPPQ,#bebada,0,33.0,004
009-Cycling-1y-AL-ASAQ-DHAPPQ,25,32798.333333333336,2031,Cycling 1y AL - ASAQ - DHAPPQ,#bebada,0,33.0,004
009-Cycling-1y-AL-ASAQ-DHAPPQ,26,33906.88888888889,2031,Cycling 1y AL - ASAQ - DHAPPQ,#bebada,0,33.0,004
009-Cycling-1y-AL-ASAQ-DHAPPQ,27,34378.944444444445,2031,Cycling 1y AL - ASAQ - DHAPPQ,#bebada,0,33.0,004
009-Cycling-1y-AL-ASAQ-DHAPPQ,28,32635.666666666668,2031,Cycling 1y AL - ASAQ - DHAPPQ,#bebada,0,33.0,004
009-Cycling-1y-AL-ASAQ-DHAPPQ,29,33128.88888888889,2031,Cycling 1y AL - ASAQ - DHAPPQ,#bebada,0,33.0,004
009-Cycling-1y-AL-ASAQ-DHAPPQ,30,32722.722222222223,2031,Cycling 1y AL - ASAQ - DHAPPQ,#bebada,0,33.0,004
009-Cycling-1y-AL-ASAQ-DHAPPQ,31,33013.0,2031,Cycling 1y AL - ASAQ - DHAPPQ,#bebada,0,33.0,004
009-Cycling-1y-AL-ASAQ-DHAPPQ,32,32201.444444444445,2031,Cycling 1y AL - ASAQ - DHAPPQ,#bebada,0,33.0,004
009-Cycling-1y-AL-ASAQ-DHAPPQ,33,34082.166666666664,2031,Cycling 1y AL - ASAQ - DHAPPQ,#bebada,0,33.0,004
009-Cycling-1y-AL-ASAQ-DHAPPQ,34,32757.11111111111,2031,Cycling 1y AL - ASAQ - DHAPPQ,#bebada,0,33.0,004
009-Cycling-1y-AL-ASAQ-DHAPPQ,35,33931.444444444445,2031,Cycling 1y AL - ASAQ - DHAPPQ,#bebada,0,33.0,004
009-Cycling-1y-AL-ASAQ-DHAPPQ,36,33349.88888888889,2031,Cycling 1y AL - ASAQ - DHAPPQ,#bebada,0,33.0,004
009-Cycling-1y-AL-ASAQ-DHAPPQ,37,33145.27777777778,2031,Cycling 1y AL - ASAQ - DHAPPQ,#bebada,0,33.0,004
009-Cycling-1y-AL-ASAQ-DHAPPQ,38,32426.555555555555,2031,Cycling 1y AL - ASAQ - DHAPPQ,#bebada,0,33.0,004
009-Cycling-1y-AL-ASAQ-DHAPPQ,39,32710.833333333332,2031,Cycling 1y AL - ASAQ - DHAPPQ,#bebada,0,33.0,004
009-Cycling-1y-AL-ASAQ-DHAPPQ,40,33192.944444444445,2031,Cycling 1y AL - ASAQ - DHAPPQ,#bebada,0,33.0,004
009-Cycling-1y-AL-ASAQ-DHAPPQ,41,33507.833333333336,2031,Cycling 1y AL - ASAQ - DHAPPQ,#bebada,0,33.0,004
009-Cycling-1y-AL-ASAQ-DHAPPQ,42,32994.88888888889,2031,Cycling 1y AL - ASAQ - DHAPPQ,#bebada,0,33.0,004
009-Cycling-1y-AL-ASAQ-DHAPPQ,43,33871.0,2031,Cycling 1y AL - ASAQ - DHAPPQ,#bebada,0,33.0,004
009-Cycling-1y-AL-ASAQ-DHAPPQ,44,32992.166666666664,2031,Cycling 1y AL - ASAQ - DHAPPQ,#bebada,0,33.0,004
009-Cycling-1y-AL-ASAQ-DHAPPQ,45,33616.333333333336,2031,Cycling 1y AL - ASAQ - DHAPPQ,#bebada,0,33.0,004
009-Cycling-1y-AL-ASAQ-DHAPPQ,46,33184.27777777778,2031,Cycling 1y AL - ASAQ - DHAPPQ,#bebada,0,33.0,004
009-Cycling-1y-AL-ASAQ-DHAPPQ,47,33518.72222222222,2031,Cycling 1y AL - ASAQ - DHAPPQ,#bebada,0,33.0,004
009-Cycling-1y-AL-ASAQ-DHAPPQ,48,34074.944444444445,2031,Cycling 1y AL - ASAQ - DHAPPQ,#bebada,0,33.0,004
009-Cycling-1y-AL-ASAQ-DHAPPQ,49,33018.166666666664,2031,Cycling 1y AL - ASAQ - DHAPPQ,#bebada,0,33.0,004
009-Cycling-1y-AL-ASAQ-DHAPPQ,50,33427.333333333336,2031,Cycling 1y AL - ASAQ - DHAPPQ,#bebada,0,33.0,004
009-Cycling-1y-AL-ASAQ-DHAPPQ,51,31748.055555555555,2031,Cycling 1y AL - ASAQ - DHAPPQ,#bebada,0,33.0,004
009-Cycling-1y-AL-ASAQ-DHAPPQ,52,33034.77777777778,2031,Cycling 1y AL - ASAQ - DHAPPQ,#bebada,0,33.0,004
009-Cycling-1y-AL-ASAQ-DHAPPQ,53,34068.055555555555,2031,Cycling 1y AL - ASAQ - DHAPPQ,#bebada,0,33.0,004
009-Cycling-1y-AL-ASAQ-DHAPPQ,54,32066.444444444445,2031,Cycling 1y AL - ASAQ - DHAPPQ,#bebada,0,33.0,004
009-Cycling-1y-AL-ASAQ-DHAPPQ,55,33143.444444444445,2031,Cycling 1y AL - ASAQ - DHAPPQ,#bebada,0,33.0,004
009-Cycling-1y-AL-ASAQ-DHAPPQ,56,32293.222222222223,2031,Cycling 1y AL - ASAQ - DHAPPQ,#bebada,0,33.0,004
009-Cycling-1y-AL-ASAQ-DHAPPQ,57,33441.38888888889,2031,Cycling 1y AL - ASAQ - DHAPPQ,#bebada,0,33.0,004
009-Cycling-1y-AL-ASAQ-DHAPPQ,58,33748.5,2031,Cycling 1y AL - ASAQ - DHAPPQ,#bebada,0,33.0,004
009-Cycling-1y-AL-ASAQ-DHAPPQ,59,34085.833333333336,2031,Cycling 1y AL - ASAQ - DHAPPQ,#bebada,0,33.0,004
009-Cycling-1y-AL-ASAQ-DHAPPQ,60,32300.722222222223,2031,Cycling 1y AL - ASAQ - DHAPPQ,#bebada,0,33.0,004
009-Cycling-1y-AL-ASAQ-DHAPPQ,61,33545.0,2031,Cycling 1y AL - ASAQ - DHAPPQ,#bebada,0,33.0,004
009-Cycling-1y-AL-ASAQ-DHAPPQ,62,32794.88888888889,2031,Cycling 1y AL - ASAQ - DHAPPQ,#bebada,0,33.0,004
009-Cycling-1y-AL-ASAQ-DHAPPQ,63,32555.666666666668,2031,Cycling 1y AL - ASAQ - DHAPPQ,#bebada,0,33.0,004
009-Cycling-1y-AL-ASAQ-DHAPPQ,64,33191.944444444445,2031,Cycling 1y AL - ASAQ - DHAPPQ,#bebada,0,33.0,004
009-Cycling-1y-AL-ASAQ-DHAPPQ,65,32988.166666666664,2031,Cycling 1y AL - ASAQ - DHAPPQ,#bebada,0,33.0,004
009-Cycling-1y-AL-ASAQ-DHAPPQ,66,34977.61111111111,2031,Cycling 1y AL - ASAQ - DHAPPQ,#bebada,0,33.0,004
009-Cycling-1y-AL-ASAQ-DHAPPQ,67,35973.666666666664,2031,Cycling 1y AL - ASAQ - DHAPPQ,#bebada,0,33.0,004
009-Cycling-1y-AL-ASAQ-DHAPPQ,68,32749.38888888889,2031,Cycling 1y AL - ASAQ - DHAPPQ,#bebada,0,33.0,004
009-Cycling-1y-AL-ASAQ-DHAPPQ,69,33516.333333333336,2031,Cycling 1y AL - ASAQ - DHAPPQ,#bebada,0,33.0,004
009-Cycling-1y-AL-ASAQ-DHAPPQ,70,32846.22222222222,2031,Cycling 1y AL - ASAQ - DHAPPQ,#bebada,0,33.0,004
009-Cycling-1y-AL-ASAQ-DHAPPQ,71,32807.555555555555,2031,Cycling 1y AL - ASAQ - DHAPPQ,#bebada,0,33.0,004
009-Cycling-1y-AL-ASAQ-DHAPPQ,72,33636.0,2031,Cycling 1y AL - ASAQ - DHAPPQ,#bebada,0,33.0,004
009-Cycling-1y-AL-ASAQ-DHAPPQ,73,33252.444444444445,2031,Cycling 1y AL - ASAQ - DHAPPQ,#bebada,0,33.0,004
009-Cycling-1y-AL-ASAQ-DHAPPQ,74,33853.38888888889,2031,Cycling 1y AL - ASAQ - DHAPPQ,#bebada,0,33.0,004
009-Cycling-1y-AL-ASAQ-DHAPPQ,75,34413.11111111111,2031,Cycling 1y AL - ASAQ - DHAPPQ,#bebada,0,33.0,004
009-Cycling-1y-AL-ASAQ-DHAPPQ,76,32523.11111111111,2031,Cycling 1y AL - ASAQ - DHAPPQ,#bebada,0,33.0,004
009-Cycling-1y-AL-ASAQ-DHAPPQ,77,32863.5,2031,Cycling 1y AL - ASAQ - DHAPPQ,#bebada,0,33.0,004
009-Cycling-1y-AL-ASAQ-DHAPPQ,78,32826.944444444445,2031,Cycling 1y AL - ASAQ - DHAPPQ,#bebada,0,33.0,004
009-Cycling-1y-AL-ASAQ-DHAPPQ,79,33097.11111111111,2031,Cycling 1y AL - ASAQ - DHAPPQ,#bebada,0,33.0,004
009-Cycling-1y-AL-ASAQ-DHAPPQ,80,32286.722222222223,2031,Cycling 1y AL - ASAQ - DHAPPQ,#bebada,0,33.0,004
009-Cycling-1y-AL-ASAQ-DHAPPQ,81,32836.333333333336,2031,Cycling 1y AL - ASAQ - DHAPPQ,#bebada,0,33.0,004
009-Cycling-1y-AL-ASAQ-DHAPPQ,82,32535.222222222223,2031,Cycling 1y AL - ASAQ - DHAPPQ,#bebada,0,33.0,004
009-Cycling-1y-AL-ASAQ-DHAPPQ,83,33015.77777777778,2031,Cycling 1y AL - ASAQ - DHAPPQ,#bebada,0,33.0,004
009-Cycling-1y-AL-ASAQ-DHAPPQ,84,33816.333333333336,2031,Cycling 1y AL - ASAQ - DHAPPQ,#bebada,0,33.0,004
009-Cycling-1y-AL-ASAQ-DHAPPQ,85,32454.166666666668,2031,Cycling 1y AL - ASAQ - DHAPPQ,#bebada,0,33.0,004
009-Cycling-1y-AL-ASAQ-DHAPPQ,86,33485.166666666664,2031,Cycling 1y AL - ASAQ - DHAPPQ,#bebada,0,33.0,004
009-Cycling-1y-AL-ASAQ-DHAPPQ,87,31869.444444444445,2031,Cycling 1y AL - ASAQ - DHAPPQ,#bebada,0,33.0,004
009-Cycling-1y-AL-ASAQ-DHAPPQ,88,33433.11111111111,2031,Cycling 1y AL - ASAQ - DHAPPQ,#bebada,0,33.0,004
009-Cycling-1y-AL-ASAQ-DHAPPQ,89,33730.22222222222,2031,Cycling 1y AL - ASAQ - DHAPPQ,#bebada,0,33.0,004
009-Cycling-1y-AL-ASAQ-DHAPPQ,90,33365.72222222222,2031,Cycling 1y AL - ASAQ - DHAPPQ,#bebada,0,33.0,004
009-Cycling-1y-AL-ASAQ-DHAPPQ,91,33640.944444444445,2031,Cycling 1y AL - ASAQ - DHAPPQ,#bebada,0,33.0,004
009-Cycling-1y-AL-ASAQ-DHAPPQ,92,33857.77777777778,2031,Cycling 1y AL - ASAQ - DHAPPQ,#bebada,0,33.0,004
009-Cycling-1y-AL-ASAQ-DHAPPQ,93,31538.333333333332,2031,Cycling 1y AL - ASAQ - DHAPPQ,#bebada,0,33.0,004
009-Cycling-1y-AL-ASAQ-DHAPPQ,94,34955.833333333336,2031,Cycling 1y AL - ASAQ - DHAPPQ,#bebada,0,33.0,004
009-Cycling-1y-AL-ASAQ-DHAPPQ,95,33572.5,2031,Cycling 1y AL - ASAQ - DHAPPQ,#bebada,0,33.0,004
009-Cycling-1y-AL-ASAQ-DHAPPQ,96,33448.0,2031,Cycling 1y AL - ASAQ - DHAPPQ,#bebada,0,33.0,004
009-Cycling-1y-AL-ASAQ-DHAPPQ,97,33113.88888888889,2031,Cycling 1y AL - ASAQ - DHAPPQ,#bebada,0,33.0,004
009-Cycling-1y-AL-ASAQ-DHAPPQ,98,33415.055555555555,2031,Cycling 1y AL - ASAQ - DHAPPQ,#bebada,0,33.0,004
009-Cycling-1y-AL-ASAQ-DHAPPQ,99,33046.72222222222,2031,Cycling 1y AL - ASAQ - DHAPPQ,#bebada,0,33.0,004
010-Cycling-1y-AL-DHAPPQ-ASAQ,0,33642.22222222222,2031,Cycling 1y AL - DHAPPQ - ASAQ,#bebada,0,33.0,004
010-Cycling-1y-AL-DHAPPQ-ASAQ,1,34347.11111111111,2031,Cycling 1y AL - DHAPPQ - ASAQ,#bebada,0,33.0,004
010-Cycling-1y-AL-DHAPPQ-ASAQ,2,33294.38888888889,2031,Cycling 1y AL - DHAPPQ - ASAQ,#bebada,0,33.0,004
010-Cycling-1y-AL-DHAPPQ-ASAQ,3,32672.833333333332,2031,Cycling 1y AL - DHAPPQ - ASAQ,#bebada,0,33.0,004
010-Cycling-1y-AL-DHAPPQ-ASAQ,4,33542.11111111111,2031,Cycling 1y AL - DHAPPQ - ASAQ,#bebada,0,33.0,004
010-Cycling-1y-AL-DHAPPQ-ASAQ,5,32679.333333333332,2031,Cycling 1y AL - DHAPPQ - ASAQ,#bebada,0,33.0,004
010-Cycling-1y-AL-DHAPPQ-ASAQ,6,33085.833333333336,2031,Cycling 1y AL - DHAPPQ - ASAQ,#bebada,0,33.0,004
010-Cycling-1y-AL-DHAPPQ-ASAQ,7,33317.38888888889,2031,Cycling 1y AL - DHAPPQ - ASAQ,#bebada,0,33.0,004
010-Cycling-1y-AL-DHAPPQ-ASAQ,8,33098.22222222222,2031,Cycling 1y AL - DHAPPQ - ASAQ,#bebada,0,33.0,004
010-Cycling-1y-AL-DHAPPQ-ASAQ,9,35443.38888888889,2031,Cycling 1y AL - DHAPPQ - ASAQ,#bebada,0,33.0,004
010-Cycling-1y-AL-DHAPPQ-ASAQ,10,33743.555555555555,2031,Cycling 1y AL - DHAPPQ - ASAQ,#bebada,0,33.0,004
010-Cycling-1y-AL-DHAPPQ-ASAQ,11,32111.777777777777,2031,Cycling 1y AL - DHAPPQ - ASAQ,#bebada,0,33.0,004
010-Cycling-1y-AL-DHAPPQ-ASAQ,12,32371.444444444445,2031,Cycling 1y AL - DHAPPQ - ASAQ,#bebada,0,33.0,004
010-Cycling-1y-AL-DHAPPQ-ASAQ,13,33677.0,2031,Cycling 1y AL - DHAPPQ - ASAQ,#bebada,0,33.0,004
010-Cycling-1y-AL-DHAPPQ-ASAQ,14,33936.5,2031,Cycling 1y AL - DHAPPQ - ASAQ,#bebada,0,33.0,004
010-Cycling-1y-AL-DHAPPQ-ASAQ,15,33614.444444444445,2031,Cycling 1y AL - DHAPPQ - ASAQ,#bebada,0,33.0,004
010-Cycling-1y-AL-DHAPPQ-ASAQ,16,34192.61111111111,2031,Cycling 1y AL - DHAPPQ - ASAQ,#bebada,0,33.0,004
010-Cycling-1y-AL-DHAPPQ-ASAQ,17,34342.666666666664,2031,Cycling 1y AL - DHAPPQ - ASAQ,#bebada,0,33.0,004
010-Cycling-1y-AL-DHAPPQ-ASAQ,18,32968.11111111111,2031,Cycling 1y AL - DHAPPQ - ASAQ,#bebada,0,33.0,004
010-Cycling-1y-AL-DHAPPQ-ASAQ,19,33737.944444444445,2031,Cycling 1y AL - DHAPPQ - ASAQ,#bebada,0,33.0,004
010-Cycling-1y-AL-DHAPPQ-ASAQ,20,32923.944444444445,2031,Cycling 1y AL - DHAPPQ - ASAQ,#bebada,0,33.0,004
010-Cycling-1y-AL-DHAPPQ-ASAQ,21,34101.77777777778,2031,Cycling 1y AL - DHAPPQ - ASAQ,#bebada,0,33.0,004
010-Cycling-1y-AL-DHAPPQ-ASAQ,22,34096.38888888889,2031,Cycling 1y AL - DHAPPQ - ASAQ,#bebada,0,33.0,004
010-Cycling-1y-AL-DHAPPQ-ASAQ,23,31824.0,2031,Cycling 1y AL - DHAPPQ - ASAQ,#bebada,0,33.0,004
010-Cycling-1y-AL-DHAPPQ-ASAQ,24,32757.833333333332,2031,Cycling 1y AL - DHAPPQ - ASAQ,#bebada,0,33.0,004
010-Cycling-1y-AL-DHAPPQ-ASAQ,25,33083.88888888889,2031,Cycling 1y AL - DHAPPQ - ASAQ,#bebada,0,33.0,004
010-Cycling-1y-AL-DHAPPQ-ASAQ,26,34261.0,2031,Cycling 1y AL - DHAPPQ - ASAQ,#bebada,0,33.0,004
010-Cycling-1y-AL-DHAPPQ-ASAQ,27,33213.444444444445,2031,Cycling 1y AL - DHAPPQ - ASAQ,#bebada,0,33.0,004
010-Cycling-1y-AL-DHAPPQ-ASAQ,28,33468.88888888889,2031,Cycling 1y AL - DHAPPQ - ASAQ,#bebada,0,33.0,004
010-Cycling-1y-AL-DHAPPQ-ASAQ,29,34902.5,2031,Cycling 1y AL - DHAPPQ - ASAQ,#bebada,0,33.0,004
010-Cycling-1y-AL-DHAPPQ-ASAQ,30,34330.666666666664,2031,Cycling 1y AL - DHAPPQ - ASAQ,#bebada,0,33.0,004
010-Cycling-1y-AL-DHAPPQ-ASAQ,31,33651.444444444445,2031,Cycling 1y AL - DHAPPQ - ASAQ,#bebada,0,33.0,004
010-Cycling-1y-AL-DHAPPQ-ASAQ,32,33310.72222222222,2031,Cycling 1y AL - DHAPPQ - ASAQ,#bebada,0,33.0,004
010-Cycling-1y-AL-DHAPPQ-ASAQ,33,33049.055555555555,2031,Cycling 1y AL - DHAPPQ - ASAQ,#bebada,0,33.0,004
010-Cycling-1y-AL-DHAPPQ-ASAQ,34,33178.944444444445,2031,Cycling 1y AL - DHAPPQ - ASAQ,#bebada,0,33.0,004
010-Cycling-1y-AL-DHAPPQ-ASAQ,35,32549.777777777777,2031,Cycling 1y AL - DHAPPQ - ASAQ,#bebada,0,33.0,004
010-Cycling-1y-AL-DHAPPQ-ASAQ,36,32869.833333333336,2031,Cycling 1y AL - DHAPPQ - ASAQ,#bebada,0,33.0,004
010-Cycling-1y-AL-DHAPPQ-ASAQ,37,33165.055555555555,2031,Cycling 1y AL - DHAPPQ - ASAQ,#bebada,0,33.0,004
010-Cycling-1y-AL-DHAPPQ-ASAQ,38,33735.0,2031,Cycling 1y AL - DHAPPQ - ASAQ,#bebada,0,33.0,004
010-Cycling-1y-AL-DHAPPQ-ASAQ,39,33176.11111111111,2031,Cycling 1y AL - DHAPPQ - ASAQ,#bebada,0,33.0,004
010-Cycling-1y-AL-DHAPPQ-ASAQ,40,33828.61111111111,2031,Cycling 1y AL - DHAPPQ - ASAQ,#bebada,0,33.0,004
010-Cycling-1y-AL-DHAPPQ-ASAQ,41,32561.0,2031,Cycling 1y AL - DHAPPQ - ASAQ,#bebada,0,33.0,004
010-Cycling-1y-AL-DHAPPQ-ASAQ,42,33333.166666666664,2031,Cycling 1y AL - DHAPPQ - ASAQ,#bebada,0,33.0,004
010-Cycling-1y-AL-DHAPPQ-ASAQ,43,32713.38888888889,2031,Cycling 1y AL - DHAPPQ - ASAQ,#bebada,0,33.0,004
010-Cycling-1y-AL-DHAPPQ-ASAQ,44,35207.444444444445,2031,Cycling 1y AL - DHAPPQ - ASAQ,#bebada,0,33.0,004
010-Cycling-1y-AL-DHAPPQ-ASAQ,45,32282.222222222223,2031,Cycling 1y AL - DHAPPQ - ASAQ,#bebada,0,33.0,004
010-Cycling-1y-AL-DHAPPQ-ASAQ,46,32647.277777777777,2031,Cycling 1y AL - DHAPPQ - ASAQ,#bebada,0,33.0,004
010-Cycling-1y-AL-DHAPPQ-ASAQ,47,32749.055555555555,2031,Cycling 1y AL - DHAPPQ - ASAQ,#bebada,0,33.0,004
010-Cycling-1y-AL-DHAPPQ-ASAQ,48,33066.944444444445,2031,Cycling 1y AL - DHAPPQ - ASAQ,#bebada,0,33.0,004
010-Cycling-1y-AL-DHAPPQ-ASAQ,49,34256.333333333336,2031,Cycling 1y AL - DHAPPQ - ASAQ,#bebada,0,33.0,004
010-Cycling-1y-AL-DHAPPQ-ASAQ,50,34455.77777777778,2031,Cycling 1y AL - DHAPPQ - ASAQ,#bebada,0,33.0,004
010-Cycling-1y-AL-DHAPPQ-ASAQ,51,32826.944444444445,2031,Cycling 1y AL - DHAPPQ - ASAQ,#bebada,0,33.0,004
010-Cycling-1y-AL-DHAPPQ-ASAQ,52,33927.666666666664,2031,Cycling 1y AL - DHAPPQ - ASAQ,#bebada,0,33.0,004
010-Cycling-1y-AL-DHAPPQ-ASAQ,53,32977.333333333336,2031,Cycling 1y AL - DHAPPQ - ASAQ,#bebada,0,33.0,004
010-Cycling-1y-AL-DHAPPQ-ASAQ,54,33273.444444444445,2031,Cycling 1y AL - DHAPPQ - ASAQ,#bebada,0,33.0,004
010-Cycling-1y-AL-DHAPPQ-ASAQ,55,33833.944444444445,2031,Cycling 1y AL - DHAPPQ - ASAQ,#bebada,0,33.0,004
010-Cycling-1y-AL-DHAPPQ-ASAQ,56,33498.944444444445,2031,Cycling 1y AL - DHAPPQ - ASAQ,#bebada,0,33.0,004
010-Cycling-1y-AL-DHAPPQ-ASAQ,57,33677.166666666664,2031,Cycling 1y AL - DHAPPQ - ASAQ,#bebada,0,33.0,004
010-Cycling-1y-AL-DHAPPQ-ASAQ,58,32655.222222222223,2031,Cycling 1y AL - DHAPPQ - ASAQ,#bebada,0,33.0,004
010-Cycling-1y-AL-DHAPPQ-ASAQ,59,32163.555555555555,2031,Cycling 1y AL - DHAPPQ - ASAQ,#bebada,0,33.0,004
010-Cycling-1y-AL-DHAPPQ-ASAQ,60,33440.88888888889,2031,Cycling 1y AL - DHAPPQ - ASAQ,#bebada,0,33.0,004
010-Cycling-1y-AL-DHAPPQ-ASAQ,61,32863.555555555555,2031,Cycling 1y AL - DHAPPQ - ASAQ,#bebada,0,33.0,004
010-Cycling-1y-AL-DHAPPQ-ASAQ,62,34129.055555555555,2031,Cycling 1y AL - DHAPPQ - ASAQ,#bebada,0,33.0,004
010-Cycling-1y-AL-DHAPPQ-ASAQ,63,32422.277777777777,2031,Cycling 1y AL - DHAPPQ - ASAQ,#bebada,0,33.0,004
010-Cycling-1y-AL-DHAPPQ-ASAQ,64,32750.5,2031,Cycling 1y AL - DHAPPQ - ASAQ,#bebada,0,33.0,004
010-Cycling-1y-AL-DHAPPQ-ASAQ,65,33804.333333333336,2031,Cycling 1y AL - DHAPPQ - ASAQ,#bebada,0,33.0,004
010-Cycling-1y-AL-DHAPPQ-ASAQ,66,32342.444444444445,2031,Cycling 1y AL - DHAPPQ - ASAQ,#bebada,0,33.0,004
010-Cycling-1y-AL-DHAPPQ-ASAQ,67,33546.61111111111,2031,Cycling 1y AL - DHAPPQ - ASAQ,#bebada,0,33.0,004
010-Cycling-1y-AL-DHAPPQ-ASAQ,68,32568.11111111111,2031,Cycling 1y AL - DHAPPQ - ASAQ,#bebada,0,33.0,004
010-Cycling-1y-AL-DHAPPQ-ASAQ,69,32607.222222222223,2031,Cycling 1y AL - DHAPPQ - ASAQ,#bebada,0,33.0,004
010-Cycling-1y-AL-DHAPPQ-ASAQ,70,33317.055555555555,2031,Cycling 1y AL - DHAPPQ - ASAQ,#bebada,0,33.0,004
010-Cycling-1y-AL-DHAPPQ-ASAQ,71,33879.055555555555,2031,Cycling 1y AL - DHAPPQ - ASAQ,#bebada,0,33.0,004
010-Cycling-1y-AL-DHAPPQ-ASAQ,72,32929.444444444445,2031,Cycling 1y AL - DHAPPQ - ASAQ,#bebada,0,33.0,004
010-Cycling-1y-AL-DHAPPQ-ASAQ,73,33104.0,2031,Cycling 1y AL - DHAPPQ - ASAQ,#bebada,0,33.0,004
010-Cycling-1y-AL-DHAPPQ-ASAQ,74,33366.5,2031,Cycling 1y AL - DHAPPQ - ASAQ,#bebada,0,33.0,004
010-Cycling-1y-AL-DHAPPQ-ASAQ,75,32247.38888888889,2031,Cycling 1y AL - DHAPPQ - ASAQ,#bebada,0,33.0,004
010-Cycling-1y-AL-DHAPPQ-ASAQ,76,33341.055555555555,2031,Cycling 1y AL - DHAPPQ - ASAQ,#bebada,0,33.0,004
010-Cycling-1y-AL-DHAPPQ-ASAQ,77,33106.22222222222,2031,Cycling 1y AL - DHAPPQ - ASAQ,#bebada,0,33.0,004
010-Cycling-1y-AL-DHAPPQ-ASAQ,78,35078.555555555555,2031,Cycling 1y AL - DHAPPQ - ASAQ,#bebada,0,33.0,004
010-Cycling-1y-AL-DHAPPQ-ASAQ,79,33954.333333333336,2031,Cycling 1y AL - DHAPPQ - ASAQ,#bebada,0,33.0,004
010-Cycling-1y-AL-DHAPPQ-ASAQ,80,34302.666666666664,2031,Cycling 1y AL - DHAPPQ - ASAQ,#bebada,0,33.0,004
010-Cycling-1y-AL-DHAPPQ-ASAQ,81,33269.72222222222,2031,Cycling 1y AL - DHAPPQ - ASAQ,#bebada,0,33.0,004
010-Cycling-1y-AL-DHAPPQ-ASAQ,82,33461.38888888889,2031,Cycling 1y AL - DHAPPQ - ASAQ,#bebada,0,33.0,004
010-Cycling-1y-AL-DHAPPQ-ASAQ,83,33155.555555555555,2031,Cycling 1y AL - DHAPPQ - ASAQ,#bebada,0,33.0,004
010-Cycling-1y-AL-DHAPPQ-ASAQ,84,32973.77777777778,2031,Cycling 1y AL - DHAPPQ - ASAQ,#bebada,0,33.0,004
010-Cycling-1y-AL-DHAPPQ-ASAQ,85,33304.61111111111,2031,Cycling 1y AL - DHAPPQ - ASAQ,#bebada,0,33.0,004
010-Cycling-1y-AL-DHAPPQ-ASAQ,86,32442.88888888889,2031,Cycling 1y AL - DHAPPQ - ASAQ,#bebada,0,33.0,004
010-Cycling-1y-AL-DHAPPQ-ASAQ,87,33898.72222222222,2031,Cycling 1y AL - DHAPPQ - ASAQ,#bebada,0,33.0,004
010-Cycling-1y-AL-DHAPPQ-ASAQ,88,33536.38888888889,2031,Cycling 1y AL - DHAPPQ - ASAQ,#bebada,0,33.0,004
010-Cycling-1y-AL-DHAPPQ-ASAQ,89,32241.444444444445,2031,Cycling 1y AL - DHAPPQ - ASAQ,#bebada,0,33.0,004
010-Cycling-1y-AL-DHAPPQ-ASAQ,90,35499.38888888889,2031,Cycling 1y AL - DHAPPQ - ASAQ,#bebada,0,33.0,004
010-Cycling-1y-AL-DHAPPQ-ASAQ,91,32351.444444444445,2031,Cycling 1y AL - DHAPPQ - ASAQ,#bebada,0,33.0,004
010-Cycling-1y-AL-DHAPPQ-ASAQ,92,33617.166666666664,2031,Cycling 1y AL - DHAPPQ - ASAQ,#bebada,0,33.0,004
010-Cycling-1y-AL-DHAPPQ-ASAQ,93,33448.166666666664,2031,Cycling 1y AL - DHAPPQ - ASAQ,#bebada,0,33.0,004
010-Cycling-1y-AL-DHAPPQ-ASAQ,94,32602.777777777777,2031,Cycling 1y AL - DHAPPQ - ASAQ,#bebada,0,33.0,004
010-Cycling-1y-AL-DHAPPQ-ASAQ,95,33367.61111111111,2031,Cycling 1y AL - DHAPPQ - ASAQ,#bebada,0,33.0,004
010-Cycling-1y-AL-DHAPPQ-ASAQ,96,32475.277777777777,2031,Cycling 1y AL - DHAPPQ - ASAQ,#bebada,0,33.0,004
010-Cycling-1y-AL-DHAPPQ-ASAQ,97,33499.11111111111,2031,Cycling 1y AL - DHAPPQ - ASAQ,#bebada,0,33.0,004
010-Cycling-1y-AL-DHAPPQ-ASAQ,98,33002.944444444445,2031,Cycling 1y AL - DHAPPQ - ASAQ,#bebada,0,33.0,004
010-Cycling-1y-AL-DHAPPQ-ASAQ,99,33609.61111111111,2031,Cycling 1y AL - DHAPPQ - ASAQ,#bebada,0,33.0,004
011-Cycling-1y-ASAQ-AL-DHAPPQ,0,33437.555555555555,2031,Cycling 1y ASAQ - AL - DHAPPQ,#bebada,0,33.0,004
011-Cycling-1y-ASAQ-AL-DHAPPQ,1,34148.61111111111,2031,Cycling 1y ASAQ - AL - DHAPPQ,#bebada,0,33.0,004
011-Cycling-1y-ASAQ-AL-DHAPPQ,2,35198.666666666664,2031,Cycling 1y ASAQ - AL - DHAPPQ,#bebada,0,33.0,004
011-Cycling-1y-ASAQ-AL-DHAPPQ,3,33340.333333333336,2031,Cycling 1y ASAQ - AL - DHAPPQ,#bebada,0,33.0,004
011-Cycling-1y-ASAQ-AL-DHAPPQ,4,32851.5,2031,Cycling 1y ASAQ - AL - DHAPPQ,#bebada,0,33.0,004
011-Cycling-1y-ASAQ-AL-DHAPPQ,5,34676.38888888889,2031,Cycling 1y ASAQ - AL - DHAPPQ,#bebada,0,33.0,004
011-Cycling-1y-ASAQ-AL-DHAPPQ,6,32791.833333333336,2031,Cycling 1y ASAQ - AL - DHAPPQ,#bebada,0,33.0,004
011-Cycling-1y-ASAQ-AL-DHAPPQ,7,33680.833333333336,2031,Cycling 1y ASAQ - AL - DHAPPQ,#bebada,0,33.0,004
011-Cycling-1y-ASAQ-AL-DHAPPQ,8,34046.666666666664,2031,Cycling 1y ASAQ - AL - DHAPPQ,#bebada,0,33.0,004
011-Cycling-1y-ASAQ-AL-DHAPPQ,9,33866.61111111111,2031,Cycling 1y ASAQ - AL - DHAPPQ,#bebada,0,33.0,004
011-Cycling-1y-ASAQ-AL-DHAPPQ,10,32620.277777777777,2031,Cycling 1y ASAQ - AL - DHAPPQ,#bebada,0,33.0,004
011-Cycling-1y-ASAQ-AL-DHAPPQ,11,34650.444444444445,2031,Cycling 1y ASAQ - AL - DHAPPQ,#bebada,0,33.0,004
011-Cycling-1y-ASAQ-AL-DHAPPQ,12,33050.0,2031,Cycling 1y ASAQ - AL - DHAPPQ,#bebada,0,33.0,004
011-Cycling-1y-ASAQ-AL-DHAPPQ,13,33024.0,2031,Cycling 1y ASAQ - AL - DHAPPQ,#bebada,0,33.0,004
011-Cycling-1y-ASAQ-AL-DHAPPQ,14,34191.27777777778,2031,Cycling 1y ASAQ - AL - DHAPPQ,#bebada,0,33.0,004
011-Cycling-1y-ASAQ-AL-DHAPPQ,15,33322.27777777778,2031,Cycling 1y ASAQ - AL - DHAPPQ,#bebada,0,33.0,004
011-Cycling-1y-ASAQ-AL-DHAPPQ,16,33566.333333333336,2031,Cycling 1y ASAQ - AL - DHAPPQ,#bebada,0,33.0,004
011-Cycling-1y-ASAQ-AL-DHAPPQ,17,33663.944444444445,2031,Cycling 1y ASAQ - AL - DHAPPQ,#bebada,0,33.0,004
011-Cycling-1y-ASAQ-AL-DHAPPQ,18,33853.77777777778,2031,Cycling 1y ASAQ - AL - DHAPPQ,#bebada,0,33.0,004
011-Cycling-1y-ASAQ-AL-DHAPPQ,19,33671.77777777778,2031,Cycling 1y ASAQ - AL - DHAPPQ,#bebada,0,33.0,004
011-Cycling-1y-ASAQ-AL-DHAPPQ,20,33992.666666666664,2031,Cycling 1y ASAQ - AL - DHAPPQ,#bebada,0,33.0,004
011-Cycling-1y-ASAQ-AL-DHAPPQ,21,33348.444444444445,2031,Cycling 1y ASAQ - AL - DHAPPQ,#bebada,0,33.0,004
011-Cycling-1y-ASAQ-AL-DHAPPQ,22,33884.944444444445,2031,Cycling 1y ASAQ - AL - DHAPPQ,#bebada,0,33.0,004
011-Cycling-1y-ASAQ-AL-DHAPPQ,23,33384.833333333336,2031,Cycling 1y ASAQ - AL - DHAPPQ,#bebada,0,33.0,004
011-Cycling-1y-ASAQ-AL-DHAPPQ,24,34520.88888888889,2031,Cycling 1y ASAQ - AL - DHAPPQ,#bebada,0,33.0,004
011-Cycling-1y-ASAQ-AL-DHAPPQ,25,33396.944444444445,2031,Cycling 1y ASAQ - AL - DHAPPQ,#bebada,0,33.0,004
011-Cycling-1y-ASAQ-AL-DHAPPQ,26,33611.11111111111,2031,Cycling 1y ASAQ - AL - DHAPPQ,#bebada,0,33.0,004
011-Cycling-1y-ASAQ-AL-DHAPPQ,27,33750.61111111111,2031,Cycling 1y ASAQ - AL - DHAPPQ,#bebada,0,33.0,004
011-Cycling-1y-ASAQ-AL-DHAPPQ,28,33293.0,2031,Cycling 1y ASAQ - AL - DHAPPQ,#bebada,0,33.0,004
011-Cycling-1y-ASAQ-AL-DHAPPQ,29,32967.055555555555,2031,Cycling 1y ASAQ - AL - DHAPPQ,#bebada,0,33.0,004
011-Cycling-1y-ASAQ-AL-DHAPPQ,30,33618.22222222222,2031,Cycling 1y ASAQ - AL - DHAPPQ,#bebada,0,33.0,004
011-Cycling-1y-ASAQ-AL-DHAPPQ,31,33586.944444444445,2031,Cycling 1y ASAQ - AL - DHAPPQ,#bebada,0,33.0,004
011-Cycling-1y-ASAQ-AL-DHAPPQ,32,33681.88888888889,2031,Cycling 1y ASAQ - AL - DHAPPQ,#bebada,0,33.0,004
011-Cycling-1y-ASAQ-AL-DHAPPQ,33,35424.77777777778,2031,Cycling 1y ASAQ - AL - DHAPPQ,#bebada,0,33.0,004
011-Cycling-1y-ASAQ-AL-DHAPPQ,34,34518.27777777778,2031,Cycling 1y ASAQ - AL - DHAPPQ,#bebada,0,33.0,004
011-Cycling-1y-ASAQ-AL-DHAPPQ,35,34884.27777777778,2031,Cycling 1y ASAQ - AL - DHAPPQ,#bebada,0,33.0,004
011-Cycling-1y-ASAQ-AL-DHAPPQ,36,35348.055555555555,2031,Cycling 1y ASAQ - AL - DHAPPQ,#bebada,0,33.0,004
011-Cycling-1y-ASAQ-AL-DHAPPQ,37,33260.27777777778,2031,Cycling 1y ASAQ - AL - DHAPPQ,#bebada,0,33.0,004
011-Cycling-1y-ASAQ-AL-DHAPPQ,38,34314.72222222222,2031,Cycling 1y ASAQ - AL - DHAPPQ,#bebada,0,33.0,004
011-Cycling-1y-ASAQ-AL-DHAPPQ,39,34081.333333333336,2031,Cycling 1y ASAQ - AL - DHAPPQ,#bebada,0,33.0,004
011-Cycling-1y-ASAQ-AL-DHAPPQ,40,33177.61111111111,2031,Cycling 1y ASAQ - AL - DHAPPQ,#bebada,0,33.0,004
011-Cycling-1y-ASAQ-AL-DHAPPQ,41,34594.555555555555,2031,Cycling 1y ASAQ - AL - DHAPPQ,#bebada,0,33.0,004
011-Cycling-1y-ASAQ-AL-DHAPPQ,42,32696.444444444445,2031,Cycling 1y ASAQ - AL - DHAPPQ,#bebada,0,33.0,004
011-Cycling-1y-ASAQ-AL-DHAPPQ,43,34873.055555555555,2031,Cycling 1y ASAQ - AL - DHAPPQ,#bebada,0,33.0,004
011-Cycling-1y-ASAQ-AL-DHAPPQ,44,35259.22222222222,2031,Cycling 1y ASAQ - AL - DHAPPQ,#bebada,0,33.0,004
011-Cycling-1y-ASAQ-AL-DHAPPQ,45,33140.88888888889,2031,Cycling 1y ASAQ - AL - DHAPPQ,#bebada,0,33.0,004
011-Cycling-1y-ASAQ-AL-DHAPPQ,46,33664.444444444445,2031,Cycling 1y ASAQ - AL - DHAPPQ,#bebada,0,33.0,004
011-Cycling-1y-ASAQ-AL-DHAPPQ,47,34437.666666666664,2031,Cycling 1y ASAQ - AL - DHAPPQ,#bebada,0,33.0,004
011-Cycling-1y-ASAQ-AL-DHAPPQ,48,33372.555555555555,2031,Cycling 1y ASAQ - AL - DHAPPQ,#bebada,0,33.0,004
011-Cycling-1y-ASAQ-AL-DHAPPQ,49,35886.22222222222,2031,Cycling 1y ASAQ - AL - DHAPPQ,#bebada,0,33.0,004
011-Cycling-1y-ASAQ-AL-DHAPPQ,50,36175.61111111111,2031,Cycling 1y ASAQ - AL - DHAPPQ,#bebada,0,33.0,004
011-Cycling-1y-ASAQ-AL-DHAPPQ,51,34710.77777777778,2031,Cycling 1y ASAQ - AL - DHAPPQ,#bebada,0,33.0,004
011-Cycling-1y-ASAQ-AL-DHAPPQ,52,33276.055555555555,2031,Cycling 1y ASAQ - AL - DHAPPQ,#bebada,0,33.0,004
011-Cycling-1y-ASAQ-AL-DHAPPQ,53,33717.72222222222,2031,Cycling 1y ASAQ - AL - DHAPPQ,#bebada,0,33.0,004
011-Cycling-1y-ASAQ-AL-DHAPPQ,54,33207.166666666664,2031,Cycling 1y ASAQ - AL - DHAPPQ,#bebada,0,33.0,004
011-Cycling-1y-ASAQ-AL-DHAPPQ,55,33468.22222222222,2031,Cycling 1y ASAQ - AL - DHAPPQ,#bebada,0,33.0,004
011-Cycling-1y-ASAQ-AL-DHAPPQ,56,33735.22222222222,2031,Cycling 1y ASAQ - AL - DHAPPQ,#bebada,0,33.0,004
011-Cycling-1y-ASAQ-AL-DHAPPQ,57,33614.61111111111,2031,Cycling 1y ASAQ - AL - DHAPPQ,#bebada,0,33.0,004
011-Cycling-1y-ASAQ-AL-DHAPPQ,58,35380.444444444445,2031,Cycling 1y ASAQ - AL - DHAPPQ,#bebada,0,33.0,004
011-Cycling-1y-ASAQ-AL-DHAPPQ,59,33953.944444444445,2031,Cycling 1y ASAQ - AL - DHAPPQ,#bebada,0,33.0,004
011-Cycling-1y-ASAQ-AL-DHAPPQ,60,34498.77777777778,2031,Cycling 1y ASAQ - AL - DHAPPQ,#bebada,0,33.0,004
011-Cycling-1y-ASAQ-AL-DHAPPQ,61,33115.0,2031,Cycling 1y ASAQ - AL - DHAPPQ,#bebada,0,33.0,004
011-Cycling-1y-ASAQ-AL-DHAPPQ,62,35236.11111111111,2031,Cycling 1y ASAQ - AL - DHAPPQ,#bebada,0,33.0,004
011-Cycling-1y-ASAQ-AL-DHAPPQ,63,33592.61111111111,2031,Cycling 1y ASAQ - AL - DHAPPQ,#bebada,0,33.0,004
011-Cycling-1y-ASAQ-AL-DHAPPQ,64,32587.555555555555,2031,Cycling 1y ASAQ - AL - DHAPPQ,#bebada,0,33.0,004
011-Cycling-1y-ASAQ-AL-DHAPPQ,65,33443.38888888889,2031,Cycling 1y ASAQ - AL - DHAPPQ,#bebada,0,33.0,004
011-Cycling-1y-ASAQ-AL-DHAPPQ,66,33398.944444444445,2031,Cycling 1y ASAQ - AL - DHAPPQ,#bebada,0,33.0,004
011-Cycling-1y-ASAQ-AL-DHAPPQ,67,33758.444444444445,2031,Cycling 1y ASAQ - AL - DHAPPQ,#bebada,0,33.0,004
011-Cycling-1y-ASAQ-AL-DHAPPQ,68,33437.833333333336,2031,Cycling 1y ASAQ - AL - DHAPPQ,#bebada,0,33.0,004
011-Cycling-1y-ASAQ-AL-DHAPPQ,69,33503.72222222222,2031,Cycling 1y ASAQ - AL - DHAPPQ,#bebada,0,33.0,004
011-Cycling-1y-ASAQ-AL-DHAPPQ,70,32681.333333333332,2031,Cycling 1y ASAQ - AL - DHAPPQ,#bebada,0,33.0,004
011-Cycling-1y-ASAQ-AL-DHAPPQ,71,32563.166666666668,2031,Cycling 1y ASAQ - AL - DHAPPQ,#bebada,0,33.0,004
011-Cycling-1y-ASAQ-AL-DHAPPQ,72,34487.22222222222,2031,Cycling 1y ASAQ - AL - DHAPPQ,#bebada,0,33.0,004
011-Cycling-1y-ASAQ-AL-DHAPPQ,73,34497.444444444445,2031,Cycling 1y ASAQ - AL - DHAPPQ,#bebada,0,33.0,004
011-Cycling-1y-ASAQ-AL-DHAPPQ,74,34376.166666666664,2031,Cycling 1y ASAQ - AL - DHAPPQ,#bebada,0,33.0,004
011-Cycling-1y-ASAQ-AL-DHAPPQ,75,34397.88888888889,2031,Cycling 1y ASAQ - AL - DHAPPQ,#bebada,0,33.0,004
011-Cycling-1y-ASAQ-AL-DHAPPQ,76,33049.11111111111,2031,Cycling 1y ASAQ - AL - DHAPPQ,#bebada,0,33.0,004
011-Cycling-1y-ASAQ-AL-DHAPPQ,77,34535.833333333336,2031,Cycling 1y ASAQ - AL - DHAPPQ,#bebada,0,33.0,004
011-Cycling-1y-ASAQ-AL-DHAPPQ,78,33940.38888888889,2031,Cycling 1y ASAQ - AL - DHAPPQ,#bebada,0,33.0,004
011-Cycling-1y-ASAQ-AL-DHAPPQ,79,34742.88888888889,2031,Cycling 1y ASAQ - AL - DHAPPQ,#bebada,0,33.0,004
011-Cycling-1y-ASAQ-AL-DHAPPQ,80,33009.22222222222,2031,Cycling 1y ASAQ - AL - DHAPPQ,#bebada,0,33.0,004
011-Cycling-1y-ASAQ-AL-DHAPPQ,81,33791.5,2031,Cycling 1y ASAQ - AL - DHAPPQ,#bebada,0,33.0,004
011-Cycling-1y-ASAQ-AL-DHAPPQ,82,33757.11111111111,2031,Cycling 1y ASAQ - AL - DHAPPQ,#bebada,0,33.0,004
011-Cycling-1y-ASAQ-AL-DHAPPQ,83,32243.38888888889,2031,Cycling 1y ASAQ - AL - DHAPPQ,#bebada,0,33.0,004
011-Cycling-1y-ASAQ-AL-DHAPPQ,84,33811.77777777778,2031,Cycling 1y ASAQ - AL - DHAPPQ,#bebada,0,33.0,004
011-Cycling-1y-ASAQ-AL-DHAPPQ,85,33273.055555555555,2031,Cycling 1y ASAQ - AL - DHAPPQ,#bebada,0,33.0,004
011-Cycling-1y-ASAQ-AL-DHAPPQ,86,35087.27777777778,2031,Cycling 1y ASAQ - AL - DHAPPQ,#bebada,0,33.0,004
011-Cycling-1y-ASAQ-AL-DHAPPQ,87,34132.11111111111,2031,Cycling 1y ASAQ - AL - DHAPPQ,#bebada,0,33.0,004
011-Cycling-1y-ASAQ-AL-DHAPPQ,88,33333.22222222222,2031,Cycling 1y ASAQ - AL - DHAPPQ,#bebada,0,33.0,004
011-Cycling-1y-ASAQ-AL-DHAPPQ,89,35240.444444444445,2031,Cycling 1y ASAQ - AL - DHAPPQ,#bebada,0,33.0,004
011-Cycling-1y-ASAQ-AL-DHAPPQ,90,33282.5,2031,Cycling 1y ASAQ - AL - DHAPPQ,#bebada,0,33.0,004
011-Cycling-1y-ASAQ-AL-DHAPPQ,91,33143.166666666664,2031,Cycling 1y ASAQ - AL - DHAPPQ,#bebada,0,33.0,004
011-Cycling-1y-ASAQ-AL-DHAPPQ,92,32514.333333333332,2031,Cycling 1y ASAQ - AL - DHAPPQ,#bebada,0,33.0,004
011-Cycling-1y-ASAQ-AL-DHAPPQ,93,34510.27777777778,2031,Cycling 1y ASAQ - AL - DHAPPQ,#bebada,0,33.0,004
011-Cycling-1y-ASAQ-AL-DHAPPQ,94,34307.166666666664,2031,Cycling 1y ASAQ - AL - DHAPPQ,#bebada,0,33.0,004
011-Cycling-1y-ASAQ-AL-DHAPPQ,95,35095.166666666664,2031,Cycling 1y ASAQ - AL - DHAPPQ,#bebada,0,33.0,004
011-Cycling-1y-ASAQ-AL-DHAPPQ,96,35183.333333333336,2031,Cycling 1y ASAQ - AL - DHAPPQ,#bebada,0,33.0,004
011-Cycling-1y-ASAQ-AL-DHAPPQ,97,34067.38888888889,2031,Cycling 1y ASAQ - AL - DHAPPQ,#bebada,0,33.0,004
011-Cycling-1y-ASAQ-AL-DHAPPQ,98,33933.833333333336,2031,Cycling 1y ASAQ - AL - DHAPPQ,#bebada,0,33.0,004
011-Cycling-1y-ASAQ-AL-DHAPPQ,99,35471.0,2031,Cycling 1y ASAQ - AL - DHAPPQ,#bebada,0,33.0,004
012-Cycling-1y-ASAQ-DHAPPQ-AL,0,33892.38888888889,2031,Cycling 1y ASAQ - DHAPPQ - AL,#bebada,0,33.0,004
012-Cycling-1y-ASAQ-DHAPPQ-AL,1,32725.0,2031,Cycling 1y ASAQ - DHAPPQ - AL,#bebada,0,33.0,004
012-Cycling-1y-ASAQ-DHAPPQ-AL,2,32952.77777777778,2031,Cycling 1y ASAQ - DHAPPQ - AL,#bebada,0,33.0,004
012-Cycling-1y-ASAQ-DHAPPQ-AL,3,32593.833333333332,2031,Cycling 1y ASAQ - DHAPPQ - AL,#bebada,0,33.0,004
012-Cycling-1y-ASAQ-DHAPPQ-AL,4,32539.777777777777,2031,Cycling 1y ASAQ - DHAPPQ - AL,#bebada,0,33.0,004
012-Cycling-1y-ASAQ-DHAPPQ-AL,5,34616.666666666664,2031,Cycling 1y ASAQ - DHAPPQ - AL,#bebada,0,33.0,004
012-Cycling-1y-ASAQ-DHAPPQ-AL,6,31955.277777777777,2031,Cycling 1y ASAQ - DHAPPQ - AL,#bebada,0,33.0,004
012-Cycling-1y-ASAQ-DHAPPQ-AL,7,32392.166666666668,2031,Cycling 1y ASAQ - DHAPPQ - AL,#bebada,0,33.0,004
012-Cycling-1y-ASAQ-DHAPPQ-AL,8,32533.11111111111,2031,Cycling 1y ASAQ - DHAPPQ - AL,#bebada,0,33.0,004
012-Cycling-1y-ASAQ-DHAPPQ-AL,9,33090.27777777778,2031,Cycling 1y ASAQ - DHAPPQ - AL,#bebada,0,33.0,004
012-Cycling-1y-ASAQ-DHAPPQ-AL,10,33853.5,2031,Cycling 1y ASAQ - DHAPPQ - AL,#bebada,0,33.0,004
012-Cycling-1y-ASAQ-DHAPPQ-AL,11,32356.166666666668,2031,Cycling 1y ASAQ - DHAPPQ - AL,#bebada,0,33.0,004
012-Cycling-1y-ASAQ-DHAPPQ-AL,12,34532.61111111111,2031,Cycling 1y ASAQ - DHAPPQ - AL,#bebada,0,33.0,004
012-Cycling-1y-ASAQ-DHAPPQ-AL,13,33336.555555555555,2031,Cycling 1y ASAQ - DHAPPQ - AL,#bebada,0,33.0,004
012-Cycling-1y-ASAQ-DHAPPQ-AL,14,33401.444444444445,2031,Cycling 1y ASAQ - DHAPPQ - AL,#bebada,0,33.0,004
012-Cycling-1y-ASAQ-DHAPPQ-AL,15,33313.5,2031,Cycling 1y ASAQ - DHAPPQ - AL,#bebada,0,33.0,004
012-Cycling-1y-ASAQ-DHAPPQ-AL,16,33440.0,2031,Cycling 1y ASAQ - DHAPPQ - AL,#bebada,0,33.0,004
012-Cycling-1y-ASAQ-DHAPPQ-AL,17,32820.77777777778,2031,Cycling 1y ASAQ - DHAPPQ - AL,#bebada,0,33.0,004
012-Cycling-1y-ASAQ-DHAPPQ-AL,18,33347.666666666664,2031,Cycling 1y ASAQ - DHAPPQ - AL,#bebada,0,33.0,004
012-Cycling-1y-ASAQ-DHAPPQ-AL,19,33364.166666666664,2031,Cycling 1y ASAQ - DHAPPQ - AL,#bebada,0,33.0,004
012-Cycling-1y-ASAQ-DHAPPQ-AL,20,33075.0,2031,Cycling 1y ASAQ - DHAPPQ - AL,#bebada,0,33.0,004
012-Cycling-1y-ASAQ-DHAPPQ-AL,21,33124.88888888889,2031,Cycling 1y ASAQ - DHAPPQ - AL,#bebada,0,33.0,004
012-Cycling-1y-ASAQ-DHAPPQ-AL,22,33002.666666666664,2031,Cycling 1y ASAQ - DHAPPQ - AL,#bebada,0,33.0,004
012-Cycling-1y-ASAQ-DHAPPQ-AL,23,33771.5,2031,Cycling 1y ASAQ - DHAPPQ - AL,#bebada,0,33.0,004
012-Cycling-1y-ASAQ-DHAPPQ-AL,24,33092.666666666664,2031,Cycling 1y ASAQ - DHAPPQ - AL,#bebada,0,33.0,004
012-Cycling-1y-ASAQ-DHAPPQ-AL,25,33457.0,2031,Cycling 1y ASAQ - DHAPPQ - AL,#bebada,0,33.0,004
012-Cycling-1y-ASAQ-DHAPPQ-AL,26,33495.833333333336,2031,Cycling 1y ASAQ - DHAPPQ - AL,#bebada,0,33.0,004
012-Cycling-1y-ASAQ-DHAPPQ-AL,27,32790.5,2031,Cycling 1y ASAQ - DHAPPQ - AL,#bebada,0,33.0,004
012-Cycling-1y-ASAQ-DHAPPQ-AL,28,34237.72222222222,2031,Cycling 1y ASAQ - DHAPPQ - AL,#bebada,0,33.0,004
012-Cycling-1y-ASAQ-DHAPPQ-AL,29,32223.88888888889,2031,Cycling 1y ASAQ - DHAPPQ - AL,#bebada,0,33.0,004
012-Cycling-1y-ASAQ-DHAPPQ-AL,30,33325.055555555555,2031,Cycling 1y ASAQ - DHAPPQ - AL,#bebada,0,33.0,004
012-Cycling-1y-ASAQ-DHAPPQ-AL,31,32397.722222222223,2031,Cycling 1y ASAQ - DHAPPQ - AL,#bebada,0,33.0,004
012-Cycling-1y-ASAQ-DHAPPQ-AL,32,32142.61111111111,2031,Cycling 1y ASAQ - DHAPPQ - AL,#bebada,0,33.0,004
012-Cycling-1y-ASAQ-DHAPPQ-AL,33,33945.444444444445,2031,Cycling 1y ASAQ - DHAPPQ - AL,#bebada,0,33.0,004
012-Cycling-1y-ASAQ-DHAPPQ-AL,34,32825.666666666664,2031,Cycling 1y ASAQ - DHAPPQ - AL,#bebada,0,33.0,004
012-Cycling-1y-ASAQ-DHAPPQ-AL,35,33185.666666666664,2031,Cycling 1y ASAQ - DHAPPQ - AL,#bebada,0,33.0,004
012-Cycling-1y-ASAQ-DHAPPQ-AL,36,33415.38888888889,2031,Cycling 1y ASAQ - DHAPPQ - AL,#bebada,0,33.0,004
012-Cycling-1y-ASAQ-DHAPPQ-AL,37,32481.222222222223,2031,Cycling 1y ASAQ - DHAPPQ - AL,#bebada,0,33.0,004
012-Cycling-1y-ASAQ-DHAPPQ-AL,38,33287.444444444445,2031,Cycling 1y ASAQ - DHAPPQ - AL,#bebada,0,33.0,004
012-Cycling-1y-ASAQ-DHAPPQ-AL,39,32679.333333333332,2031,Cycling 1y ASAQ - DHAPPQ - AL,#bebada,0,33.0,004
012-Cycling-1y-ASAQ-DHAPPQ-AL,40,32259.833333333332,2031,Cycling 1y ASAQ - DHAPPQ - AL,#bebada,0,33.0,004
012-Cycling-1y-ASAQ-DHAPPQ-AL,41,33014.77777777778,2031,Cycling 1y ASAQ - DHAPPQ - AL,#bebada,0,33.0,004
012-Cycling-1y-ASAQ-DHAPPQ-AL,42,32365.38888888889,2031,Cycling 1y ASAQ - DHAPPQ - AL,#bebada,0,33.0,004
012-Cycling-1y-ASAQ-DHAPPQ-AL,43,33883.22222222222,2031,Cycling 1y ASAQ - DHAPPQ - AL,#bebada,0,33.0,004
012-Cycling-1y-ASAQ-DHAPPQ-AL,44,32748.777777777777,2031,Cycling 1y ASAQ - DHAPPQ - AL,#bebada,0,33.0,004
012-Cycling-1y-ASAQ-DHAPPQ-AL,45,33641.555555555555,2031,Cycling 1y ASAQ - DHAPPQ - AL,#bebada,0,33.0,004
012-Cycling-1y-ASAQ-DHAPPQ-AL,46,32568.777777777777,2031,Cycling 1y ASAQ - DHAPPQ - AL,#bebada,0,33.0,004
012-Cycling-1y-ASAQ-DHAPPQ-AL,47,32932.333333333336,2031,Cycling 1y ASAQ - DHAPPQ - AL,#bebada,0,33.0,004
012-Cycling-1y-ASAQ-DHAPPQ-AL,48,32905.166666666664,2031,Cycling 1y ASAQ - DHAPPQ - AL,#bebada,0,33.0,004
012-Cycling-1y-ASAQ-DHAPPQ-AL,49,33657.166666666664,2031,Cycling 1y ASAQ - DHAPPQ - AL,#bebada,0,33.0,004
012-Cycling-1y-ASAQ-DHAPPQ-AL,50,33061.5,2031,Cycling 1y ASAQ - DHAPPQ - AL,#bebada,0,33.0,004
012-Cycling-1y-ASAQ-DHAPPQ-AL,51,31706.333333333332,2031,Cycling 1y ASAQ - DHAPPQ - AL,#bebada,0,33.0,004
012-Cycling-1y-ASAQ-DHAPPQ-AL,52,32335.777777777777,2031,Cycling 1y ASAQ - DHAPPQ - AL,#bebada,0,33.0,004
012-Cycling-1y-ASAQ-DHAPPQ-AL,53,33439.166666666664,2031,Cycling 1y ASAQ - DHAPPQ - AL,#bebada,0,33.0,004
012-Cycling-1y-ASAQ-DHAPPQ-AL,54,32960.166666666664,2031,Cycling 1y ASAQ - DHAPPQ - AL,#bebada,0,33.0,004
012-Cycling-1y-ASAQ-DHAPPQ-AL,55,33045.833333333336,2031,Cycling 1y ASAQ - DHAPPQ - AL,#bebada,0,33.0,004
012-Cycling-1y-ASAQ-DHAPPQ-AL,56,32503.166666666668,2031,Cycling 1y ASAQ - DHAPPQ - AL,#bebada,0,33.0,004
012-Cycling-1y-ASAQ-DHAPPQ-AL,57,33045.666666666664,2031,Cycling 1y ASAQ - DHAPPQ - AL,#bebada,0,33.0,004
012-Cycling-1y-ASAQ-DHAPPQ-AL,58,33651.166666666664,2031,Cycling 1y ASAQ - DHAPPQ - AL,#bebada,0,33.0,004
012-Cycling-1y-ASAQ-DHAPPQ-AL,59,32588.38888888889,2031,Cycling 1y ASAQ - DHAPPQ - AL,#bebada,0,33.0,004
012-Cycling-1y-ASAQ-DHAPPQ-AL,60,32434.0,2031,Cycling 1y ASAQ - DHAPPQ - AL,#bebada,0,33.0,004
012-Cycling-1y-ASAQ-DHAPPQ-AL,61,32729.055555555555,2031,Cycling 1y ASAQ - DHAPPQ - AL,#bebada,0,33.0,004
012-Cycling-1y-ASAQ-DHAPPQ-AL,62,32437.444444444445,2031,Cycling 1y ASAQ - DHAPPQ - AL,#bebada,0,33.0,004
012-Cycling-1y-ASAQ-DHAPPQ-AL,63,33094.88888888889,2031,Cycling 1y ASAQ - DHAPPQ - AL,#bebada,0,33.0,004
012-Cycling-1y-ASAQ-DHAPPQ-AL,64,33364.38888888889,2031,Cycling 1y ASAQ - DHAPPQ - AL,#bebada,0,33.0,004
012-Cycling-1y-ASAQ-DHAPPQ-AL,65,35661.88888888889,2031,Cycling 1y ASAQ - DHAPPQ - AL,#bebada,0,33.0,004
012-Cycling-1y-ASAQ-DHAPPQ-AL,66,33330.11111111111,2031,Cycling 1y ASAQ - DHAPPQ - AL,#bebada,0,33.0,004
012-Cycling-1y-ASAQ-DHAPPQ-AL,67,33430.444444444445,2031,Cycling 1y ASAQ - DHAPPQ - AL,#bebada,0,33.0,004
012-Cycling-1y-ASAQ-DHAPPQ-AL,68,33645.27777777778,2031,Cycling 1y ASAQ - DHAPPQ - AL,#bebada,0,33.0,004
012-Cycling-1y-ASAQ-DHAPPQ-AL,69,33983.833333333336,2031,Cycling 1y ASAQ - DHAPPQ - AL,#bebada,0,33.0,004
012-Cycling-1y-ASAQ-DHAPPQ-AL,70,34041.055555555555,2031,Cycling 1y ASAQ - DHAPPQ - AL,#bebada,0,33.0,004
012-Cycling-1y-ASAQ-DHAPPQ-AL,71,32271.555555555555,2031,Cycling 1y ASAQ - DHAPPQ - AL,#bebada,0,33.0,004
012-Cycling-1y-ASAQ-DHAPPQ-AL,72,31897.166666666668,2031,Cycling 1y ASAQ - DHAPPQ - AL,#bebada,0,33.0,004
012-Cycling-1y-ASAQ-DHAPPQ-AL,73,32467.277777777777,2031,Cycling 1y ASAQ - DHAPPQ - AL,#bebada,0,33.0,004
012-Cycling-1y-ASAQ-DHAPPQ-AL,74,33111.27777777778,2031,Cycling 1y ASAQ - DHAPPQ - AL,#bebada,0,33.0,004
012-Cycling-1y-ASAQ-DHAPPQ-AL,75,33647.555555555555,2031,Cycling 1y ASAQ - DHAPPQ - AL,#bebada,0,33.0,004
012-Cycling-1y-ASAQ-DHAPPQ-AL,76,32555.944444444445,2031,Cycling 1y ASAQ - DHAPPQ - AL,#bebada,0,33.0,004
012-Cycling-1y-ASAQ-DHAPPQ-AL,77,33570.833333333336,2031,Cycling 1y ASAQ - DHAPPQ - AL,#bebada,0,33.0,004
012-Cycling-1y-ASAQ-DHAPPQ-AL,78,32866.055555555555,2031,Cycling 1y ASAQ - DHAPPQ - AL,#bebada,0,33.0,004
012-Cycling-1y-ASAQ-DHAPPQ-AL,79,32359.5,2031,Cycling 1y ASAQ - DHAPPQ - AL,#bebada,0,33.0,004
012-Cycling-1y-ASAQ-DHAPPQ-AL,80,33165.22222222222,2031,Cycling 1y ASAQ - DHAPPQ - AL,#bebada,0,33.0,004
012-Cycling-1y-ASAQ-DHAPPQ-AL,81,32331.5,2031,Cycling 1y ASAQ - DHAPPQ - AL,#bebada,0,33.0,004
012-Cycling-1y-ASAQ-DHAPPQ-AL,82,33726.333333333336,2031,Cycling 1y ASAQ - DHAPPQ - AL,#bebada,0,33.0,004
012-Cycling-1y-ASAQ-DHAPPQ-AL,83,31495.777777777777,2031,Cycling 1y ASAQ - DHAPPQ - AL,#bebada,0,33.0,004
012-Cycling-1y-ASAQ-DHAPPQ-AL,84,33247.833333333336,2031,Cycling 1y ASAQ - DHAPPQ - AL,#bebada,0,33.0,004
012-Cycling-1y-ASAQ-DHAPPQ-AL,85,32167.444444444445,2031,Cycling 1y ASAQ - DHAPPQ - AL,#bebada,0,33.0,004
012-Cycling-1y-ASAQ-DHAPPQ-AL,86,33581.333333333336,2031,Cycling 1y ASAQ - DHAPPQ - AL,#bebada,0,33.0,004
012-Cycling-1y-ASAQ-DHAPPQ-AL,87,33734.166666666664,2031,Cycling 1y ASAQ - DHAPPQ - AL,#bebada,0,33.0,004
012-Cycling-1y-ASAQ-DHAPPQ-AL,88,32792.555555555555,2031,Cycling 1y ASAQ - DHAPPQ - AL,#bebada,0,33.0,004
012-Cycling-1y-ASAQ-DHAPPQ-AL,89,32542.0,2031,Cycling 1y ASAQ - DHAPPQ - AL,#bebada,0,33.0,004
012-Cycling-1y-ASAQ-DHAPPQ-AL,90,33584.11111111111,2031,Cycling 1y ASAQ - DHAPPQ - AL,#bebada,0,33.0,004
012-Cycling-1y-ASAQ-DHAPPQ-AL,91,33240.0,2031,Cycling 1y ASAQ - DHAPPQ - AL,#bebada,0,33.0,004
012-Cycling-1y-ASAQ-DHAPPQ-AL,92,34514.333333333336,2031,Cycling 1y ASAQ - DHAPPQ - AL,#bebada,0,33.0,004
012-Cycling-1y-ASAQ-DHAPPQ-AL,93,32222.38888888889,2031,Cycling 1y ASAQ - DHAPPQ - AL,#bebada,0,33.0,004
012-Cycling-1y-ASAQ-DHAPPQ-AL,94,32753.61111111111,2031,Cycling 1y ASAQ - DHAPPQ - AL,#bebada,0,33.0,004
012-Cycling-1y-ASAQ-DHAPPQ-AL,95,31782.944444444445,2031,Cycling 1y ASAQ - DHAPPQ - AL,#bebada,0,33.0,004
012-Cycling-1y-ASAQ-DHAPPQ-AL,96,34298.11111111111,2031,Cycling 1y ASAQ - DHAPPQ - AL,#bebada,0,33.0,004
012-Cycling-1y-ASAQ-DHAPPQ-AL,97,34440.055555555555,2031,Cycling 1y ASAQ - DHAPPQ - AL,#bebada,0,33.0,004
012-Cycling-1y-ASAQ-DHAPPQ-AL,98,34314.88888888889,2031,Cycling 1y ASAQ - DHAPPQ - AL,#bebada,0,33.0,004
012-Cycling-1y-ASAQ-DHAPPQ-AL,99,33621.944444444445,2031,Cycling 1y ASAQ - DHAPPQ - AL,#bebada,0,33.0,004
013-Cycling-1y-DHAPPQ-AL-ASAQ,0,34690.72222222222,2031,Cycling 1y DHAPPQ - AL - ASAQ,#bebada,0,33.0,004
013-Cycling-1y-DHAPPQ-AL-ASAQ,1,33902.38888888889,2031,Cycling 1y DHAPPQ - AL - ASAQ,#bebada,0,33.0,004
013-Cycling-1y-DHAPPQ-AL-ASAQ,2,33965.833333333336,2031,Cycling 1y DHAPPQ - AL - ASAQ,#bebada,0,33.0,004
013-Cycling-1y-DHAPPQ-AL-ASAQ,3,34025.944444444445,2031,Cycling 1y DHAPPQ - AL - ASAQ,#bebada,0,33.0,004
013-Cycling-1y-DHAPPQ-AL-ASAQ,4,34876.27777777778,2031,Cycling 1y DHAPPQ - AL - ASAQ,#bebada,0,33.0,004
013-Cycling-1y-DHAPPQ-AL-ASAQ,5,34221.444444444445,2031,Cycling 1y DHAPPQ - AL - ASAQ,#bebada,0,33.0,004
013-Cycling-1y-DHAPPQ-AL-ASAQ,6,33181.11111111111,2031,Cycling 1y DHAPPQ - AL - ASAQ,#bebada,0,33.0,004
013-Cycling-1y-DHAPPQ-AL-ASAQ,7,33656.22222222222,2031,Cycling 1y DHAPPQ - AL - ASAQ,#bebada,0,33.0,004
013-Cycling-1y-DHAPPQ-AL-ASAQ,8,35132.61111111111,2031,Cycling 1y DHAPPQ - AL - ASAQ,#bebada,0,33.0,004
013-Cycling-1y-DHAPPQ-AL-ASAQ,9,33484.444444444445,2031,Cycling 1y DHAPPQ - AL - ASAQ,#bebada,0,33.0,004
013-Cycling-1y-DHAPPQ-AL-ASAQ,10,33654.88888888889,2031,Cycling 1y DHAPPQ - AL - ASAQ,#bebada,0,33.0,004
013-Cycling-1y-DHAPPQ-AL-ASAQ,11,33442.22222222222,2031,Cycling 1y DHAPPQ - AL - ASAQ,#bebada,0,33.0,004
013-Cycling-1y-DHAPPQ-AL-ASAQ,12,33927.88888888889,2031,Cycling 1y DHAPPQ - AL - ASAQ,#bebada,0,33.0,004
013-Cycling-1y-DHAPPQ-AL-ASAQ,13,32693.722222222223,2031,Cycling 1y DHAPPQ - AL - ASAQ,#bebada,0,33.0,004
013-Cycling-1y-DHAPPQ-AL-ASAQ,14,33784.444444444445,2031,Cycling 1y DHAPPQ - AL - ASAQ,#bebada,0,33.0,004
013-Cycling-1y-DHAPPQ-AL-ASAQ,15,33828.833333333336,2031,Cycling 1y DHAPPQ - AL - ASAQ,#bebada,0,33.0,004
013-Cycling-1y-DHAPPQ-AL-ASAQ,16,32993.88888888889,2031,Cycling 1y DHAPPQ - AL - ASAQ,#bebada,0,33.0,004
013-Cycling-1y-DHAPPQ-AL-ASAQ,17,35474.666666666664,2031,Cycling 1y DHAPPQ - AL - ASAQ,#bebada,0,33.0,004
013-Cycling-1y-DHAPPQ-AL-ASAQ,18,34424.61111111111,2031,Cycling 1y DHAPPQ - AL - ASAQ,#bebada,0,33.0,004
013-Cycling-1y-DHAPPQ-AL-ASAQ,19,34569.11111111111,2031,Cycling 1y DHAPPQ - AL - ASAQ,#bebada,0,33.0,004
013-Cycling-1y-DHAPPQ-AL-ASAQ,20,35622.833333333336,2031,Cycling 1y DHAPPQ - AL - ASAQ,#bebada,0,33.0,004
013-Cycling-1y-DHAPPQ-AL-ASAQ,21,35890.22222222222,2031,Cycling 1y DHAPPQ - AL - ASAQ,#bebada,0,33.0,004
013-Cycling-1y-DHAPPQ-AL-ASAQ,22,33742.61111111111,2031,Cycling 1y DHAPPQ - AL - ASAQ,#bebada,0,33.0,004
013-Cycling-1y-DHAPPQ-AL-ASAQ,23,33426.5,2031,Cycling 1y DHAPPQ - AL - ASAQ,#bebada,0,33.0,004
013-Cycling-1y-DHAPPQ-AL-ASAQ,24,33238.5,2031,Cycling 1y DHAPPQ - AL - ASAQ,#bebada,0,33.0,004
013-Cycling-1y-DHAPPQ-AL-ASAQ,25,34619.38888888889,2031,Cycling 1y DHAPPQ - AL - ASAQ,#bebada,0,33.0,004
013-Cycling-1y-DHAPPQ-AL-ASAQ,26,33429.27777777778,2031,Cycling 1y DHAPPQ - AL - ASAQ,#bebada,0,33.0,004
013-Cycling-1y-DHAPPQ-AL-ASAQ,27,34989.444444444445,2031,Cycling 1y DHAPPQ - AL - ASAQ,#bebada,0,33.0,004
013-Cycling-1y-DHAPPQ-AL-ASAQ,28,34544.77777777778,2031,Cycling 1y DHAPPQ - AL - ASAQ,#bebada,0,33.0,004
013-Cycling-1y-DHAPPQ-AL-ASAQ,29,33263.0,2031,Cycling 1y DHAPPQ - AL - ASAQ,#bebada,0,33.0,004
013-Cycling-1y-DHAPPQ-AL-ASAQ,30,34836.055555555555,2031,Cycling 1y DHAPPQ - AL - ASAQ,#bebada,0,33.0,004
013-Cycling-1y-DHAPPQ-AL-ASAQ,31,33946.72222222222,2031,Cycling 1y DHAPPQ - AL - ASAQ,#bebada,0,33.0,004
013-Cycling-1y-DHAPPQ-AL-ASAQ,32,34809.72222222222,2031,Cycling 1y DHAPPQ - AL - ASAQ,#bebada,0,33.0,004
013-Cycling-1y-DHAPPQ-AL-ASAQ,33,33734.5,2031,Cycling 1y DHAPPQ - AL - ASAQ,#bebada,0,33.0,004
013-Cycling-1y-DHAPPQ-AL-ASAQ,34,32816.72222222222,2031,Cycling 1y DHAPPQ - AL - ASAQ,#bebada,0,33.0,004
013-Cycling-1y-DHAPPQ-AL-ASAQ,35,33656.666666666664,2031,Cycling 1y DHAPPQ - AL - ASAQ,#bebada,0,33.0,004
013-Cycling-1y-DHAPPQ-AL-ASAQ,36,33223.555555555555,2031,Cycling 1y DHAPPQ - AL - ASAQ,#bebada,0,33.0,004
013-Cycling-1y-DHAPPQ-AL-ASAQ,37,33609.88888888889,2031,Cycling 1y DHAPPQ - AL - ASAQ,#bebada,0,33.0,004
013-Cycling-1y-DHAPPQ-AL-ASAQ,38,34053.833333333336,2031,Cycling 1y DHAPPQ - AL - ASAQ,#bebada,0,33.0,004
013-Cycling-1y-DHAPPQ-AL-ASAQ,39,34305.333333333336,2031,Cycling 1y DHAPPQ - AL - ASAQ,#bebada,0,33.0,004
013-Cycling-1y-DHAPPQ-AL-ASAQ,40,33515.72222222222,2031,Cycling 1y DHAPPQ - AL - ASAQ,#bebada,0,33.0,004
013-Cycling-1y-DHAPPQ-AL-ASAQ,41,33102.555555555555,2031,Cycling 1y DHAPPQ - AL - ASAQ,#bebada,0,33.0,004
013-Cycling-1y-DHAPPQ-AL-ASAQ,42,33196.555555555555,2031,Cycling 1y DHAPPQ - AL - ASAQ,#bebada,0,33.0,004
013-Cycling-1y-DHAPPQ-AL-ASAQ,43,35317.444444444445,2031,Cycling 1y DHAPPQ - AL - ASAQ,#bebada,0,33.0,004
013-Cycling-1y-DHAPPQ-AL-ASAQ,44,32797.666666666664,2031,Cycling 1y DHAPPQ - AL - ASAQ,#bebada,0,33.0,004
013-Cycling-1y-DHAPPQ-AL-ASAQ,45,34408.61111111111,2031,Cycling 1y DHAPPQ - AL - ASAQ,#bebada,0,33.0,004
013-Cycling-1y-DHAPPQ-AL-ASAQ,46,32993.555555555555,2031,Cycling 1y DHAPPQ - AL - ASAQ,#bebada,0,33.0,004
013-Cycling-1y-DHAPPQ-AL-ASAQ,47,34262.61111111111,2031,Cycling 1y DHAPPQ - AL - ASAQ,#bebada,0,33.0,004
013-Cycling-1y-DHAPPQ-AL-ASAQ,48,33356.444444444445,2031,Cycling 1y DHAPPQ - AL - ASAQ,#bebada,0,33.0,004
013-Cycling-1y-DHAPPQ-AL-ASAQ,49,32851.666666666664,2031,Cycling 1y DHAPPQ - AL - ASAQ,#bebada,0,33.0,004
013-Cycling-1y-DHAPPQ-AL-ASAQ,50,33724.555555555555,2031,Cycling 1y DHAPPQ - AL - ASAQ,#bebada,0,33.0,004
013-Cycling-1y-DHAPPQ-AL-ASAQ,51,35321.944444444445,2031,Cycling 1y DHAPPQ - AL - ASAQ,#bebada,0,33.0,004
013-Cycling-1y-DHAPPQ-AL-ASAQ,52,34837.77777777778,2031,Cycling 1y DHAPPQ - AL - ASAQ,#bebada,0,33.0,004
013-Cycling-1y-DHAPPQ-AL-ASAQ,53,35703.72222222222,2031,Cycling 1y DHAPPQ - AL - ASAQ,#bebada,0,33.0,004
013-Cycling-1y-DHAPPQ-AL-ASAQ,54,33988.72222222222,2031,Cycling 1y DHAPPQ - AL - ASAQ,#bebada,0,33.0,004
013-Cycling-1y-DHAPPQ-AL-ASAQ,55,33231.72222222222,2031,Cycling 1y DHAPPQ - AL - ASAQ,#bebada,0,33.0,004
013-Cycling-1y-DHAPPQ-AL-ASAQ,56,34746.5,2031,Cycling 1y DHAPPQ - AL - ASAQ,#bebada,0,33.0,004
013-Cycling-1y-DHAPPQ-AL-ASAQ,57,35273.77777777778,2031,Cycling 1y DHAPPQ - AL - ASAQ,#bebada,0,33.0,004
013-Cycling-1y-DHAPPQ-AL-ASAQ,58,34367.38888888889,2031,Cycling 1y DHAPPQ - AL - ASAQ,#bebada,0,33.0,004
013-Cycling-1y-DHAPPQ-AL-ASAQ,59,34942.833333333336,2031,Cycling 1y DHAPPQ - AL - ASAQ,#bebada,0,33.0,004
013-Cycling-1y-DHAPPQ-AL-ASAQ,60,33781.38888888889,2031,Cycling 1y DHAPPQ - AL - ASAQ,#bebada,0,33.0,004
013-Cycling-1y-DHAPPQ-AL-ASAQ,61,33403.38888888889,2031,Cycling 1y DHAPPQ - AL - ASAQ,#bebada,0,33.0,004
013-Cycling-1y-DHAPPQ-AL-ASAQ,62,33721.055555555555,2031,Cycling 1y DHAPPQ - AL - ASAQ,#bebada,0,33.0,004
013-Cycling-1y-DHAPPQ-AL-ASAQ,63,33795.11111111111,2031,Cycling 1y DHAPPQ - AL - ASAQ,#bebada,0,33.0,004
013-Cycling-1y-DHAPPQ-AL-ASAQ,64,33585.0,2031,Cycling 1y DHAPPQ - AL - ASAQ,#bebada,0,33.0,004
013-Cycling-1y-DHAPPQ-AL-ASAQ,65,35652.61111111111,2031,Cycling 1y DHAPPQ - AL - ASAQ,#bebada,0,33.0,004
013-Cycling-1y-DHAPPQ-AL-ASAQ,66,32472.555555555555,2031,Cycling 1y DHAPPQ - AL - ASAQ,#bebada,0,33.0,004
013-Cycling-1y-DHAPPQ-AL-ASAQ,67,33668.833333333336,2031,Cycling 1y DHAPPQ - AL - ASAQ,#bebada,0,33.0,004
013-Cycling-1y-DHAPPQ-AL-ASAQ,68,34435.666666666664,2031,Cycling 1y DHAPPQ - AL - ASAQ,#bebada,0,33.0,004
013-Cycling-1y-DHAPPQ-AL-ASAQ,69,34037.22222222222,2031,Cycling 1y DHAPPQ - AL - ASAQ,#bebada,0,33.0,004
013-Cycling-1y-DHAPPQ-AL-ASAQ,70,33770.444444444445,2031,Cycling 1y DHAPPQ - AL - ASAQ,#bebada,0,33.0,004
013-Cycling-1y-DHAPPQ-AL-ASAQ,71,34927.555555555555,2031,Cycling 1y DHAPPQ - AL - ASAQ,#bebada,0,33.0,004
013-Cycling-1y-DHAPPQ-AL-ASAQ,72,34437.333333333336,2031,Cycling 1y DHAPPQ - AL - ASAQ,#bebada,0,33.0,004
013-Cycling-1y-DHAPPQ-AL-ASAQ,73,34290.88888888889,2031,Cycling 1y DHAPPQ - AL - ASAQ,#bebada,0,33.0,004
013-Cycling-1y-DHAPPQ-AL-ASAQ,74,32946.166666666664,2031,Cycling 1y DHAPPQ - AL - ASAQ,#bebada,0,33.0,004
013-Cycling-1y-DHAPPQ-AL-ASAQ,75,34173.27777777778,2031,Cycling 1y DHAPPQ - AL - ASAQ,#bebada,0,33.0,004
013-Cycling-1y-DHAPPQ-AL-ASAQ,76,33416.5,2031,Cycling 1y DHAPPQ - AL - ASAQ,#bebada,0,33.0,004
013-Cycling-1y-DHAPPQ-AL-ASAQ,77,34532.333333333336,2031,Cycling 1y DHAPPQ - AL - ASAQ,#bebada,0,33.0,004
013-Cycling-1y-DHAPPQ-AL-ASAQ,78,33198.72222222222,2031,Cycling 1y DHAPPQ - AL - ASAQ,#bebada,0,33.0,004
013-Cycling-1y-DHAPPQ-AL-ASAQ,79,36066.61111111111,2031,Cycling 1y DHAPPQ - AL - ASAQ,#bebada,0,33.0,004
013-Cycling-1y-DHAPPQ-AL-ASAQ,80,33048.5,2031,Cycling 1y DHAPPQ - AL - ASAQ,#bebada,0,33.0,004
013-Cycling-1y-DHAPPQ-AL-ASAQ,81,34874.27777777778,2031,Cycling 1y DHAPPQ - AL - ASAQ,#bebada,0,33.0,004
013-Cycling-1y-DHAPPQ-AL-ASAQ,82,33033.38888888889,2031,Cycling 1y DHAPPQ - AL - ASAQ,#bebada,0,33.0,004
013-Cycling-1y-DHAPPQ-AL-ASAQ,83,34968.055555555555,2031,Cycling 1y DHAPPQ - AL - ASAQ,#bebada,0,33.0,004
013-Cycling-1y-DHAPPQ-AL-ASAQ,84,33501.61111111111,2031,Cycling 1y DHAPPQ - AL - ASAQ,#bebada,0,33.0,004
013-Cycling-1y-DHAPPQ-AL-ASAQ,85,35008.77777777778,2031,Cycling 1y DHAPPQ - AL - ASAQ,#bebada,0,33.0,004
013-Cycling-1y-DHAPPQ-AL-ASAQ,86,32707.722222222223,2031,Cycling 1y DHAPPQ - AL - ASAQ,#bebada,0,33.0,004
013-Cycling-1y-DHAPPQ-AL-ASAQ,87,34766.444444444445,2031,Cycling 1y DHAPPQ - AL - ASAQ,#bebada,0,33.0,004
013-Cycling-1y-DHAPPQ-AL-ASAQ,88,35528.11111111111,2031,Cycling 1y DHAPPQ - AL - ASAQ,#bebada,0,33.0,004
013-Cycling-1y-DHAPPQ-AL-ASAQ,89,34151.333333333336,2031,Cycling 1y DHAPPQ - AL - ASAQ,#bebada,0,33.0,004
013-Cycling-1y-DHAPPQ-AL-ASAQ,90,33905.61111111111,2031,Cycling 1y DHAPPQ - AL - ASAQ,#bebada,0,33.0,004
013-Cycling-1y-DHAPPQ-AL-ASAQ,91,33295.88888888889,2031,Cycling 1y DHAPPQ - AL - ASAQ,#bebada,0,33.0,004
013-Cycling-1y-DHAPPQ-AL-ASAQ,92,34272.555555555555,2031,Cycling 1y DHAPPQ - AL - ASAQ,#bebada,0,33.0,004
013-Cycling-1y-DHAPPQ-AL-ASAQ,93,34392.72222222222,2031,Cycling 1y DHAPPQ - AL - ASAQ,#bebada,0,33.0,004
013-Cycling-1y-DHAPPQ-AL-ASAQ,94,34663.22222222222,2031,Cycling 1y DHAPPQ - AL - ASAQ,#bebada,0,33.0,004
013-Cycling-1y-DHAPPQ-AL-ASAQ,95,34173.38888888889,2031,Cycling 1y DHAPPQ - AL - ASAQ,#bebada,0,33.0,004
013-Cycling-1y-DHAPPQ-AL-ASAQ,96,33847.11111111111,2031,Cycling 1y DHAPPQ - AL - ASAQ,#bebada,0,33.0,004
013-Cycling-1y-DHAPPQ-AL-ASAQ,97,33666.5,2031,Cycling 1y DHAPPQ - AL - ASAQ,#bebada,0,33.0,004
013-Cycling-1y-DHAPPQ-AL-ASAQ,98,36050.27777777778,2031,Cycling 1y DHAPPQ - AL - ASAQ,#bebada,0,33.0,004
013-Cycling-1y-DHAPPQ-AL-ASAQ,99,33680.166666666664,2031,Cycling 1y DHAPPQ - AL - ASAQ,#bebada,0,33.0,004
014-Cycling-1y-DHAPPQ-ASAQ-AL,0,34397.88888888889,2031,Cycling 1y DHAPPQ - ASAQ - AL,#bebada,0,33.0,004
014-Cycling-1y-DHAPPQ-ASAQ-AL,1,32752.166666666668,2031,Cycling 1y DHAPPQ - ASAQ - AL,#bebada,0,33.0,004
014-Cycling-1y-DHAPPQ-ASAQ-AL,2,34040.38888888889,2031,Cycling 1y DHAPPQ - ASAQ - AL,#bebada,0,33.0,004
014-Cycling-1y-DHAPPQ-ASAQ-AL,3,36301.88888888889,2031,Cycling 1y DHAPPQ - ASAQ - AL,#bebada,0,33.0,004
014-Cycling-1y-DHAPPQ-ASAQ-AL,4,32975.11111111111,2031,Cycling 1y DHAPPQ - ASAQ - AL,#bebada,0,33.0,004
014-Cycling-1y-DHAPPQ-ASAQ-AL,5,34516.0,2031,Cycling 1y DHAPPQ - ASAQ - AL,#bebada,0,33.0,004
014-Cycling-1y-DHAPPQ-ASAQ-AL,6,33414.61111111111,2031,Cycling 1y DHAPPQ - ASAQ - AL,#bebada,0,33.0,004
014-Cycling-1y-DHAPPQ-ASAQ-AL,7,33334.166666666664,2031,Cycling 1y DHAPPQ - ASAQ - AL,#bebada,0,33.0,004
014-Cycling-1y-DHAPPQ-ASAQ-AL,8,35328.0,2031,Cycling 1y DHAPPQ - ASAQ - AL,#bebada,0,33.0,004
014-Cycling-1y-DHAPPQ-ASAQ-AL,9,33151.38888888889,2031,Cycling 1y DHAPPQ - ASAQ - AL,#bebada,0,33.0,004
014-Cycling-1y-DHAPPQ-ASAQ-AL,10,33114.333333333336,2031,Cycling 1y DHAPPQ - ASAQ - AL,#bebada,0,33.0,004
014-Cycling-1y-DHAPPQ-ASAQ-AL,11,33325.055555555555,2031,Cycling 1y DHAPPQ - ASAQ - AL,#bebada,0,33.0,004
014-Cycling-1y-DHAPPQ-ASAQ-AL,12,34401.055555555555,2031,Cycling 1y DHAPPQ - ASAQ - AL,#bebada,0,33.0,004
014-Cycling-1y-DHAPPQ-ASAQ-AL,13,32304.833333333332,2031,Cycling 1y DHAPPQ - ASAQ - AL,#bebada,0,33.0,004
014-Cycling-1y-DHAPPQ-ASAQ-AL,14,33587.444444444445,2031,Cycling 1y DHAPPQ - ASAQ - AL,#bebada,0,33.0,004
014-Cycling-1y-DHAPPQ-ASAQ-AL,15,34394.22222222222,2031,Cycling 1y DHAPPQ - ASAQ - AL,#bebada,0,33.0,004
014-Cycling-1y-DHAPPQ-ASAQ-AL,16,33128.11111111111,2031,Cycling 1y DHAPPQ - ASAQ - AL,#bebada,0,33.0,004
014-Cycling-1y-DHAPPQ-ASAQ-AL,17,33921.555555555555,2031,Cycling 1y DHAPPQ - ASAQ - AL,#bebada,0,33.0,004
014-Cycling-1y-DHAPPQ-ASAQ-AL,18,33230.61111111111,2031,Cycling 1y DHAPPQ - ASAQ - AL,#bebada,0,33.0,004
014-Cycling-1y-DHAPPQ-ASAQ-AL,19,33278.38888888889,2031,Cycling 1y DHAPPQ - ASAQ - AL,#bebada,0,33.0,004
014-Cycling-1y-DHAPPQ-ASAQ-AL,20,32854.77777777778,2031,Cycling 1y DHAPPQ - ASAQ - AL,#bebada,0,33.0,004
014-Cycling-1y-DHAPPQ-ASAQ-AL,21,34268.22222222222,2031,Cycling 1y DHAPPQ - ASAQ - AL,#bebada,0,33.0,004
014-Cycling-1y-DHAPPQ-ASAQ-AL,22,32373.61111111111,2031,Cycling 1y DHAPPQ - ASAQ - AL,#bebada,0,33.0,004
014-Cycling-1y-DHAPPQ-ASAQ-AL,23,33339.166666666664,2031,Cycling 1y DHAPPQ - ASAQ - AL,#bebada,0,33.0,004
014-Cycling-1y-DHAPPQ-ASAQ-AL,24,32193.444444444445,2031,Cycling 1y DHAPPQ - ASAQ - AL,#bebada,0,33.0,004
014-Cycling-1y-DHAPPQ-ASAQ-AL,25,34351.055555555555,2031,Cycling 1y DHAPPQ - ASAQ - AL,#bebada,0,33.0,004
014-Cycling-1y-DHAPPQ-ASAQ-AL,26,33692.5,2031,Cycling 1y DHAPPQ - ASAQ - AL,#bebada,0,33.0,004
014-Cycling-1y-DHAPPQ-ASAQ-AL,27,32562.5,2031,Cycling 1y DHAPPQ - ASAQ - AL,#bebada,0,33.0,004
014-Cycling-1y-DHAPPQ-ASAQ-AL,28,32813.055555555555,2031,Cycling 1y DHAPPQ - ASAQ - AL,#bebada,0,33.0,004
014-Cycling-1y-DHAPPQ-ASAQ-AL,29,34116.444444444445,2031,Cycling 1y DHAPPQ - ASAQ - AL,#bebada,0,33.0,004
014-Cycling-1y-DHAPPQ-ASAQ-AL,30,33626.11111111111,2031,Cycling 1y DHAPPQ - ASAQ - AL,#bebada,0,33.0,004
014-Cycling-1y-DHAPPQ-ASAQ-AL,31,31814.722222222223,2031,Cycling 1y DHAPPQ - ASAQ - AL,#bebada,0,33.0,004
014-Cycling-1y-DHAPPQ-ASAQ-AL,32,32926.166666666664,2031,Cycling 1y DHAPPQ - ASAQ - AL,#bebada,0,33.0,004
014-Cycling-1y-DHAPPQ-ASAQ-AL,33,33078.77777777778,2031,Cycling 1y DHAPPQ - ASAQ - AL,#bebada,0,33.0,004
014-Cycling-1y-DHAPPQ-ASAQ-AL,34,34190.055555555555,2031,Cycling 1y DHAPPQ - ASAQ - AL,#bebada,0,33.0,004
014-Cycling-1y-DHAPPQ-ASAQ-AL,35,33847.27777777778,2031,Cycling 1y DHAPPQ - ASAQ - AL,#bebada,0,33.0,004
014-Cycling-1y-DHAPPQ-ASAQ-AL,36,34555.72222222222,2031,Cycling 1y DHAPPQ - ASAQ - AL,#bebada,0,33.0,004
014-Cycling-1y-DHAPPQ-ASAQ-AL,37,32584.333333333332,2031,Cycling 1y DHAPPQ - ASAQ - AL,#bebada,0,33.0,004
014-Cycling-1y-DHAPPQ-ASAQ-AL,38,33498.11111111111,2031,Cycling 1y DHAPPQ - ASAQ - AL,#bebada,0,33.0,004
014-Cycling-1y-DHAPPQ-ASAQ-AL,39,33267.944444444445,2031,Cycling 1y DHAPPQ - ASAQ - AL,#bebada,0,33.0,004
014-Cycling-1y-DHAPPQ-ASAQ-AL,40,32503.777777777777,2031,Cycling 1y DHAPPQ - ASAQ - AL,#bebada,0,33.0,004
014-Cycling-1y-DHAPPQ-ASAQ-AL,41,34533.0,2031,Cycling 1y DHAPPQ - ASAQ - AL,#bebada,0,33.0,004
014-Cycling-1y-DHAPPQ-ASAQ-AL,42,32419.777777777777,2031,Cycling 1y DHAPPQ - ASAQ - AL,#bebada,0,33.0,004
014-Cycling-1y-DHAPPQ-ASAQ-AL,43,33010.833333333336,2031,Cycling 1y DHAPPQ - ASAQ - AL,#bebada,0,33.0,004
014-Cycling-1y-DHAPPQ-ASAQ-AL,44,33635.0,2031,Cycling 1y DHAPPQ - ASAQ - AL,#bebada,0,33.0,004
014-Cycling-1y-DHAPPQ-ASAQ-AL,45,32437.61111111111,2031,Cycling 1y DHAPPQ - ASAQ - AL,#bebada,0,33.0,004
014-Cycling-1y-DHAPPQ-ASAQ-AL,46,34546.666666666664,2031,Cycling 1y DHAPPQ - ASAQ - AL,#bebada,0,33.0,004
014-Cycling-1y-DHAPPQ-ASAQ-AL,47,33035.11111111111,2031,Cycling 1y DHAPPQ - ASAQ - AL,#bebada,0,33.0,004
014-Cycling-1y-DHAPPQ-ASAQ-AL,48,31904.88888888889,2031,Cycling 1y DHAPPQ - ASAQ - AL,#bebada,0,33.0,004
014-Cycling-1y-DHAPPQ-ASAQ-AL,49,34455.944444444445,2031,Cycling 1y DHAPPQ - ASAQ - AL,#bebada,0,33.0,004
014-Cycling-1y-DHAPPQ-ASAQ-AL,50,33875.666666666664,2031,Cycling 1y DHAPPQ - ASAQ - AL,#bebada,0,33.0,004
014-Cycling-1y-DHAPPQ-ASAQ-AL,51,33496.22222222222,2031,Cycling 1y DHAPPQ - ASAQ - AL,#bebada,0,33.0,004
014-Cycling-1y-DHAPPQ-ASAQ-AL,52,33589.444444444445,2031,Cycling 1y DHAPPQ - ASAQ - AL,#bebada,0,33.0,004
014-Cycling-1y-DHAPPQ-ASAQ-AL,53,33334.055555555555,2031,Cycling 1y DHAPPQ - ASAQ - AL,#bebada,0,33.0,004
014-Cycling-1y-DHAPPQ-ASAQ-AL,54,33848.666666666664,2031,Cycling 1y DHAPPQ - ASAQ - AL,#bebada,0,33.0,004
014-Cycling-1y-DHAPPQ-ASAQ-AL,55,32866.444444444445,2031,Cycling 1y DHAPPQ - ASAQ - AL,#bebada,0,33.0,004
014-Cycling-1y-DHAPPQ-ASAQ-AL,56,33351.61111111111,2031,Cycling 1y DHAPPQ - ASAQ - AL,#bebada,0,33.0,004
014-Cycling-1y-DHAPPQ-ASAQ-AL,57,34133.27777777778,2031,Cycling 1y DHAPPQ - ASAQ - AL,#bebada,0,33.0,004
014-Cycling-1y-DHAPPQ-ASAQ-AL,58,32680.555555555555,2031,Cycling 1y DHAPPQ - ASAQ - AL,#bebada,0,33.0,004
014-Cycling-1y-DHAPPQ-ASAQ-AL,59,32732.61111111111,2031,Cycling 1y DHAPPQ - ASAQ - AL,#bebada,0,33.0,004
014-Cycling-1y-DHAPPQ-ASAQ-AL,60,33316.166666666664,2031,Cycling 1y DHAPPQ - ASAQ - AL,#bebada,0,33.0,004
014-Cycling-1y-DHAPPQ-ASAQ-AL,61,33597.0,2031,Cycling 1y DHAPPQ - ASAQ - AL,#bebada,0,33.0,004
014-Cycling-1y-DHAPPQ-ASAQ-AL,62,33737.833333333336,2031,Cycling 1y DHAPPQ - ASAQ - AL,#bebada,0,33.0,004
014-Cycling-1y-DHAPPQ-ASAQ-AL,63,33648.5,2031,Cycling 1y DHAPPQ - ASAQ - AL,#bebada,0,33.0,004
014-Cycling-1y-DHAPPQ-ASAQ-AL,64,32109.333333333332,2031,Cycling 1y DHAPPQ - ASAQ - AL,#bebada,0,33.0,004
014-Cycling-1y-DHAPPQ-ASAQ-AL,65,32062.166666666668,2031,Cycling 1y DHAPPQ - ASAQ - AL,#bebada,0,33.0,004
014-Cycling-1y-DHAPPQ-ASAQ-AL,66,34094.27777777778,2031,Cycling 1y DHAPPQ - ASAQ - AL,#bebada,0,33.0,004
014-Cycling-1y-DHAPPQ-ASAQ-AL,67,34175.77777777778,2031,Cycling 1y DHAPPQ - ASAQ - AL,#bebada,0,33.0,004
014-Cycling-1y-DHAPPQ-ASAQ-AL,68,33344.055555555555,2031,Cycling 1y DHAPPQ - ASAQ - AL,#bebada,0,33.0,004
014-Cycling-1y-DHAPPQ-ASAQ-AL,69,33748.166666666664,2031,Cycling 1y DHAPPQ - ASAQ - AL,#bebada,0,33.0,004
014-Cycling-1y-DHAPPQ-ASAQ-AL,70,33421.11111111111,2031,Cycling 1y DHAPPQ - ASAQ - AL,#bebada,0,33.0,004
014-Cycling-1y-DHAPPQ-ASAQ-AL,71,33416.38888888889,2031,Cycling 1y DHAPPQ - ASAQ - AL,#bebada,0,33.0,004
014-Cycling-1y-DHAPPQ-ASAQ-AL,72,33360.0,2031,Cycling 1y DHAPPQ - ASAQ - AL,#bebada,0,33.0,004
014-Cycling-1y-DHAPPQ-ASAQ-AL,73,33386.88888888889,2031,Cycling 1y DHAPPQ - ASAQ - AL,#bebada,0,33.0,004
014-Cycling-1y-DHAPPQ-ASAQ-AL,74,32368.444444444445,2031,Cycling 1y DHAPPQ - ASAQ - AL,#bebada,0,33.0,004
014-Cycling-1y-DHAPPQ-ASAQ-AL,75,34026.555555555555,2031,Cycling 1y DHAPPQ - ASAQ - AL,#bebada,0,33.0,004
014-Cycling-1y-DHAPPQ-ASAQ-AL,76,34529.11111111111,2031,Cycling 1y DHAPPQ - ASAQ - AL,#bebada,0,33.0,004
014-Cycling-1y-DHAPPQ-ASAQ-AL,77,33695.27777777778,2031,Cycling 1y DHAPPQ - ASAQ - AL,#bebada,0,33.0,004
014-Cycling-1y-DHAPPQ-ASAQ-AL,78,33977.22222222222,2031,Cycling 1y DHAPPQ - ASAQ - AL,#bebada,0,33.0,004
014-Cycling-1y-DHAPPQ-ASAQ-AL,79,33089.22222222222,2031,Cycling 1y DHAPPQ - ASAQ - AL,#bebada,0,33.0,004
014-Cycling-1y-DHAPPQ-ASAQ-AL,80,32524.166666666668,2031,Cycling 1y DHAPPQ - ASAQ - AL,#bebada,0,33.0,004
014-Cycling-1y-DHAPPQ-ASAQ-AL,81,33207.72222222222,2031,Cycling 1y DHAPPQ - ASAQ - AL,#bebada,0,33.0,004
014-Cycling-1y-DHAPPQ-ASAQ-AL,82,32903.61111111111,2031,Cycling 1y DHAPPQ - ASAQ - AL,#bebada,0,33.0,004
014-Cycling-1y-DHAPPQ-ASAQ-AL,83,33821.38888888889,2031,Cycling 1y DHAPPQ - ASAQ - AL,#bebada,0,33.0,004
014-Cycling-1y-DHAPPQ-ASAQ-AL,84,33022.27777777778,2031,Cycling 1y DHAPPQ - ASAQ - AL,#bebada,0,33.0,004
014-Cycling-1y-DHAPPQ-ASAQ-AL,85,34140.444444444445,2031,Cycling 1y DHAPPQ - ASAQ - AL,#bebada,0,33.0,004
014-Cycling-1y-DHAPPQ-ASAQ-AL,86,33471.61111111111,2031,Cycling 1y DHAPPQ - ASAQ - AL,#bebada,0,33.0,004
014-Cycling-1y-DHAPPQ-ASAQ-AL,87,33321.5,2031,Cycling 1y DHAPPQ - ASAQ - AL,#bebada,0,33.0,004
014-Cycling-1y-DHAPPQ-ASAQ-AL,88,33150.5,2031,Cycling 1y DHAPPQ - ASAQ - AL,#bebada,0,33.0,004
014-Cycling-1y-DHAPPQ-ASAQ-AL,89,34479.833333333336,2031,Cycling 1y DHAPPQ - ASAQ - AL,#bebada,0,33.0,004
014-Cycling-1y-DHAPPQ-ASAQ-AL,90,32411.333333333332,2031,Cycling 1y DHAPPQ - ASAQ - AL,#bebada,0,33.0,004
014-Cycling-1y-DHAPPQ-ASAQ-AL,91,33767.0,2031,Cycling 1y DHAPPQ - ASAQ - AL,#bebada,0,33.0,004
014-Cycling-1y-DHAPPQ-ASAQ-AL,92,32062.055555555555,2031,Cycling 1y DHAPPQ - ASAQ - AL,#bebada,0,33.0,004
014-Cycling-1y-DHAPPQ-ASAQ-AL,93,32824.72222222222,2031,Cycling 1y DHAPPQ - ASAQ - AL,#bebada,0,33.0,004
014-Cycling-1y-DHAPPQ-ASAQ-AL,94,35155.333333333336,2031,Cycling 1y DHAPPQ - ASAQ - AL,#bebada,0,33.0,004
014-Cycling-1y-DHAPPQ-ASAQ-AL,95,34987.11111111111,2031,Cycling 1y DHAPPQ - ASAQ - AL,#bebada,0,33.0,004
014-Cycling-1y-DHAPPQ-ASAQ-AL,96,33774.38888888889,2031,Cycling 1y DHAPPQ - ASAQ - AL,#bebada,0,33.0,004
014-Cycling-1y-DHAPPQ-ASAQ-AL,97,33509.72222222222,2031,Cycling 1y DHAPPQ - ASAQ - AL,#bebada,0,33.0,004
014-Cycling-1y-DHAPPQ-ASAQ-AL,98,32711.555555555555,2031,Cycling 1y DHAPPQ - ASAQ - AL,#bebada,0,33.0,004
014-Cycling-1y-DHAPPQ-ASAQ-AL,99,33048.27777777778,2031,Cycling 1y DHAPPQ - ASAQ - AL,#bebada,0,33.0,004
015-Cycling-2y-AL-ASAQ,0,38648.72222222222,2031,Cycling 2y AL - ASAQ,#fb8072,0,66.0,004
015-Cycling-2y-AL-ASAQ,1,39476.22222222222,2031,Cycling 2y AL - ASAQ,#fb8072,0,66.0,004
015-Cycling-2y-AL-ASAQ,2,39351.0,2031,Cycling 2y AL - ASAQ,#fb8072,0,66.0,004
015-Cycling-2y-AL-ASAQ,3,41181.11111111111,2031,Cycling 2y AL - ASAQ,#fb8072,0,66.0,004
015-Cycling-2y-AL-ASAQ,4,39208.11111111111,2031,Cycling 2y AL - ASAQ,#fb8072,0,66.0,004
015-Cycling-2y-AL-ASAQ,5,39930.5,2031,Cycling 2y AL - ASAQ,#fb8072,0,66.0,004
015-Cycling-2y-AL-ASAQ,6,39502.77777777778,2031,Cycling 2y AL - ASAQ,#fb8072,0,66.0,004
015-Cycling-2y-AL-ASAQ,7,39929.5,2031,Cycling 2y AL - ASAQ,#fb8072,0,66.0,004
015-Cycling-2y-AL-ASAQ,8,40621.444444444445,2031,Cycling 2y AL - ASAQ,#fb8072,0,66.0,004
015-Cycling-2y-AL-ASAQ,9,41922.444444444445,2031,Cycling 2y AL - ASAQ,#fb8072,0,66.0,004
015-Cycling-2y-AL-ASAQ,10,40018.38888888889,2031,Cycling 2y AL - ASAQ,#fb8072,0,66.0,004
015-Cycling-2y-AL-ASAQ,11,40479.22222222222,2031,Cycling 2y AL - ASAQ,#fb8072,0,66.0,004
015-Cycling-2y-AL-ASAQ,12,41564.333333333336,2031,Cycling 2y AL - ASAQ,#fb8072,0,66.0,004
015-Cycling-2y-AL-ASAQ,13,39010.38888888889,2031,Cycling 2y AL - ASAQ,#fb8072,0,66.0,004
015-Cycling-2y-AL-ASAQ,14,39502.0,2031,Cycling 2y AL - ASAQ,#fb8072,0,66.0,004
015-Cycling-2y-AL-ASAQ,15,39621.88888888889,2031,Cycling 2y AL - ASAQ,#fb8072,0,66.0,004
015-Cycling-2y-AL-ASAQ,16,40782.38888888889,2031,Cycling 2y AL - ASAQ,#fb8072,0,66.0,004
015-Cycling-2y-AL-ASAQ,17,39133.11111111111,2031,Cycling 2y AL - ASAQ,#fb8072,0,66.0,004
015-Cycling-2y-AL-ASAQ,18,39796.055555555555,2031,Cycling 2y AL - ASAQ,#fb8072,0,66.0,004
015-Cycling-2y-AL-ASAQ,19,39551.88888888889,2031,Cycling 2y AL - ASAQ,#fb8072,0,66.0,004
015-Cycling-2y-AL-ASAQ,20,39325.77777777778,2031,Cycling 2y AL - ASAQ,#fb8072,0,66.0,004
015-Cycling-2y-AL-ASAQ,21,39691.77777777778,2031,Cycling 2y AL - ASAQ,#fb8072,0,66.0,004
015-Cycling-2y-AL-ASAQ,22,39626.944444444445,2031,Cycling 2y AL - ASAQ,#fb8072,0,66.0,004
015-Cycling-2y-AL-ASAQ,23,41187.833333333336,2031,Cycling 2y AL - ASAQ,#fb8072,0,66.0,004
015-Cycling-2y-AL-ASAQ,24,39321.22222222222,2031,Cycling 2y AL - ASAQ,#fb8072,0,66.0,004
015-Cycling-2y-AL-ASAQ,25,41178.77777777778,2031,Cycling 2y AL - ASAQ,#fb8072,0,66.0,004
015-Cycling-2y-AL-ASAQ,26,40776.833333333336,2031,Cycling 2y AL - ASAQ,#fb8072,0,66.0,004
015-Cycling-2y-AL-ASAQ,27,39915.61111111111,2031,Cycling 2y AL - ASAQ,#fb8072,0,66.0,004
015-Cycling-2y-AL-ASAQ,28,41145.11111111111,2031,Cycling 2y AL - ASAQ,#fb8072,0,66.0,004
015-Cycling-2y-AL-ASAQ,29,39919.0,2031,Cycling 2y AL - ASAQ,#fb8072,0,66.0,004
015-Cycling-2y-AL-ASAQ,30,38952.166666666664,2031,Cycling 2y AL - ASAQ,#fb8072,0,66.0,004
015-Cycling-2y-AL-ASAQ,31,40560.27777777778,2031,Cycling 2y AL - ASAQ,#fb8072,0,66.0,004
015-Cycling-2y-AL-ASAQ,32,40949.38888888889,2031,Cycling 2y AL - ASAQ,#fb8072,0,66.0,004
015-Cycling-2y-AL-ASAQ,33,40312.166666666664,2031,Cycling 2y AL - ASAQ,#fb8072,0,66.0,004
015-Cycling-2y-AL-ASAQ,34,41580.72222222222,2031,Cycling 2y AL - ASAQ,#fb8072,0,66.0,004
015-Cycling-2y-AL-ASAQ,35,38357.0,2031,Cycling 2y AL - ASAQ,#fb8072,0,66.0,004
015-Cycling-2y-AL-ASAQ,36,40010.77777777778,2031,Cycling 2y AL - ASAQ,#fb8072,0,66.0,004
015-Cycling-2y-AL-ASAQ,37,40012.38888888889,2031,Cycling 2y AL - ASAQ,#fb8072,0,66.0,004
015-Cycling-2y-AL-ASAQ,38,39523.0,2031,Cycling 2y AL - ASAQ,#fb8072,0,66.0,004
015-Cycling-2y-AL-ASAQ,39,38680.555555555555,2031,Cycling 2y AL - ASAQ,#fb8072,0,66.0,004
015-Cycling-2y-AL-ASAQ,40,39670.38888888889,2031,Cycling 2y AL - ASAQ,#fb8072,0,66.0,004
015-Cycling-2y-AL-ASAQ,41,40910.5,2031,Cycling 2y AL - ASAQ,#fb8072,0,66.0,004
015-Cycling-2y-AL-ASAQ,42,40358.055555555555,2031,Cycling 2y AL - ASAQ,#fb8072,0,66.0,004
015-Cycling-2y-AL-ASAQ,43,39622.27777777778,2031,Cycling 2y AL - ASAQ,#fb8072,0,66.0,004
015-Cycling-2y-AL-ASAQ,44,40663.72222222222,2031,Cycling 2y AL - ASAQ,#fb8072,0,66.0,004
015-Cycling-2y-AL-ASAQ,45,38823.22222222222,2031,Cycling 2y AL - ASAQ,#fb8072,0,66.0,004
015-Cycling-2y-AL-ASAQ,46,40461.055555555555,2031,Cycling 2y AL - ASAQ,#fb8072,0,66.0,004
015-Cycling-2y-AL-ASAQ,47,37592.11111111111,2031,Cycling 2y AL - ASAQ,#fb8072,0,66.0,004
015-Cycling-2y-AL-ASAQ,48,40613.444444444445,2031,Cycling 2y AL - ASAQ,#fb8072,0,66.0,004
015-Cycling-2y-AL-ASAQ,49,40074.333333333336,2031,Cycling 2y AL - ASAQ,#fb8072,0,66.0,004
015-Cycling-2y-AL-ASAQ,50,38270.5,2031,Cycling 2y AL - ASAQ,#fb8072,0,66.0,004
015-Cycling-2y-AL-ASAQ,51,39061.055555555555,2031,Cycling 2y AL - ASAQ,#fb8072,0,66.0,004
015-Cycling-2y-AL-ASAQ,52,40064.22222222222,2031,Cycling 2y AL - ASAQ,#fb8072,0,66.0,004
015-Cycling-2y-AL-ASAQ,53,40397.166666666664,2031,Cycling 2y AL - ASAQ,#fb8072,0,66.0,004
015-Cycling-2y-AL-ASAQ,54,41156.055555555555,2031,Cycling 2y AL - ASAQ,#fb8072,0,66.0,004
015-Cycling-2y-AL-ASAQ,55,40217.0,2031,Cycling 2y AL - ASAQ,#fb8072,0,66.0,004
015-Cycling-2y-AL-ASAQ,56,38661.055555555555,2031,Cycling 2y AL - ASAQ,#fb8072,0,66.0,004
015-Cycling-2y-AL-ASAQ,57,40806.88888888889,2031,Cycling 2y AL - ASAQ,#fb8072,0,66.0,004
015-Cycling-2y-AL-ASAQ,58,38696.666666666664,2031,Cycling 2y AL - ASAQ,#fb8072,0,66.0,004
015-Cycling-2y-AL-ASAQ,59,39286.11111111111,2031,Cycling 2y AL - ASAQ,#fb8072,0,66.0,004
015-Cycling-2y-AL-ASAQ,60,39737.444444444445,2031,Cycling 2y AL - ASAQ,#fb8072,0,66.0,004
015-Cycling-2y-AL-ASAQ,61,38968.666666666664,2031,Cycling 2y AL - ASAQ,#fb8072,0,66.0,004
015-Cycling-2y-AL-ASAQ,62,39210.0,2031,Cycling 2y AL - ASAQ,#fb8072,0,66.0,004
015-Cycling-2y-AL-ASAQ,63,41204.333333333336,2031,Cycling 2y AL - ASAQ,#fb8072,0,66.0,004
015-Cycling-2y-AL-ASAQ,64,40396.833333333336,2031,Cycling 2y AL - ASAQ,#fb8072,0,66.0,004
015-Cycling-2y-AL-ASAQ,65,39311.666666666664,2031,Cycling 2y AL - ASAQ,#fb8072,0,66.0,004
015-Cycling-2y-AL-ASAQ,66,39840.833333333336,2031,Cycling 2y AL - ASAQ,#fb8072,0,66.0,004
015-Cycling-2y-AL-ASAQ,67,40409.38888888889,2031,Cycling 2y AL - ASAQ,#fb8072,0,66.0,004
015-Cycling-2y-AL-ASAQ,68,38256.72222222222,2031,Cycling 2y AL - ASAQ,#fb8072,0,66.0,004
015-Cycling-2y-AL-ASAQ,69,39632.0,2031,Cycling 2y AL - ASAQ,#fb8072,0,66.0,004
015-Cycling-2y-AL-ASAQ,70,39795.38888888889,2031,Cycling 2y AL - ASAQ,#fb8072,0,66.0,004
015-Cycling-2y-AL-ASAQ,71,39166.88888888889,2031,Cycling 2y AL - ASAQ,#fb8072,0,66.0,004
015-Cycling-2y-AL-ASAQ,72,41245.0,2031,Cycling 2y AL - ASAQ,#fb8072,0,66.0,004
015-Cycling-2y-AL-ASAQ,73,38798.833333333336,2031,Cycling 2y AL - ASAQ,#fb8072,0,66.0,004
015-Cycling-2y-AL-ASAQ,74,39961.166666666664,2031,Cycling 2y AL - ASAQ,#fb8072,0,66.0,004
015-Cycling-2y-AL-ASAQ,75,40521.166666666664,2031,Cycling 2y AL - ASAQ,#fb8072,0,66.0,004
015-Cycling-2y-AL-ASAQ,76,39874.27777777778,2031,Cycling 2y AL - ASAQ,#fb8072,0,66.0,004
015-Cycling-2y-AL-ASAQ,77,38641.444444444445,2031,Cycling 2y AL - ASAQ,#fb8072,0,66.0,004
015-Cycling-2y-AL-ASAQ,78,38545.333333333336,2031,Cycling 2y AL - ASAQ,#fb8072,0,66.0,004
015-Cycling-2y-AL-ASAQ,79,39544.38888888889,2031,Cycling 2y AL - ASAQ,#fb8072,0,66.0,004
015-Cycling-2y-AL-ASAQ,80,40233.833333333336,2031,Cycling 2y AL - ASAQ,#fb8072,0,66.0,004
015-Cycling-2y-AL-ASAQ,81,38887.555555555555,2031,Cycling 2y AL - ASAQ,#fb8072,0,66.0,004
015-Cycling-2y-AL-ASAQ,82,39217.88888888889,2031,Cycling 2y AL - ASAQ,#fb8072,0,66.0,004
015-Cycling-2y-AL-ASAQ,83,40635.5,2031,Cycling 2y AL - ASAQ,#fb8072,0,66.0,004
015-Cycling-2y-AL-ASAQ,84,39320.833333333336,2031,Cycling 2y AL - ASAQ,#fb8072,0,66.0,004
015-Cycling-2y-AL-ASAQ,85,39786.11111111111,2031,Cycling 2y AL - ASAQ,#fb8072,0,66.0,004
015-Cycling-2y-AL-ASAQ,86,41087.444444444445,2031,Cycling 2y AL - ASAQ,#fb8072,0,66.0,004
015-Cycling-2y-AL-ASAQ,87,39671.22222222222,2031,Cycling 2y AL - ASAQ,#fb8072,0,66.0,004
015-Cycling-2y-AL-ASAQ,88,40559.333333333336,2031,Cycling 2y AL - ASAQ,#fb8072,0,66.0,004
015-Cycling-2y-AL-ASAQ,89,39155.055555555555,2031,Cycling 2y AL - ASAQ,#fb8072,0,66.0,004
015-Cycling-2y-AL-ASAQ,90,40658.27777777778,2031,Cycling 2y AL - ASAQ,#fb8072,0,66.0,004
015-Cycling-2y-AL-ASAQ,91,40088.333333333336,2031,Cycling 2y AL - ASAQ,#fb8072,0,66.0,004
015-Cycling-2y-AL-ASAQ,92,40619.88888888889,2031,Cycling 2y AL - ASAQ,#fb8072,0,66.0,004
015-Cycling-2y-AL-ASAQ,93,39722.77777777778,2031,Cycling 2y AL - ASAQ,#fb8072,0,66.0,004
015-Cycling-2y-AL-ASAQ,94,40132.61111111111,2031,Cycling 2y AL - ASAQ,#fb8072,0,66.0,004
015-Cycling-2y-AL-ASAQ,95,38958.055555555555,2031,Cycling 2y AL - ASAQ,#fb8072,0,66.0,004
015-Cycling-2y-AL-ASAQ,96,39196.0,2031,Cycling 2y AL - ASAQ,#fb8072,0,66.0,004
015-Cycling-2y-AL-ASAQ,97,40129.61111111111,2031,Cycling 2y AL - ASAQ,#fb8072,0,66.0,004
015-Cycling-2y-AL-ASAQ,98,39259.22222222222,2031,Cycling 2y AL - ASAQ,#fb8072,0,66.0,004
015-Cycling-2y-AL-ASAQ,99,39131.88888888889,2031,Cycling 2y AL - ASAQ,#fb8072,0,66.0,004
016-Cycling-2y-AL-DHAPPQ,0,40793.22222222222,2031,Cycling 2y AL - DHAPPQ,#fb8072,0,66.0,004
016-Cycling-2y-AL-DHAPPQ,1,40483.77777777778,2031,Cycling 2y AL - DHAPPQ,#fb8072,0,66.0,004
016-Cycling-2y-AL-DHAPPQ,2,40391.5,2031,Cycling 2y AL - DHAPPQ,#fb8072,0,66.0,004
016-Cycling-2y-AL-DHAPPQ,3,41550.055555555555,2031,Cycling 2y AL - DHAPPQ,#fb8072,0,66.0,004
016-Cycling-2y-AL-DHAPPQ,4,39868.72222222222,2031,Cycling 2y AL - DHAPPQ,#fb8072,0,66.0,004
016-Cycling-2y-AL-DHAPPQ,5,38446.11111111111,2031,Cycling 2y AL - DHAPPQ,#fb8072,0,66.0,004
016-Cycling-2y-AL-DHAPPQ,6,39232.88888888889,2031,Cycling 2y AL - DHAPPQ,#fb8072,0,66.0,004
016-Cycling-2y-AL-DHAPPQ,7,40769.055555555555,2031,Cycling 2y AL - DHAPPQ,#fb8072,0,66.0,004
016-Cycling-2y-AL-DHAPPQ,8,40067.833333333336,2031,Cycling 2y AL - DHAPPQ,#fb8072,0,66.0,004
016-Cycling-2y-AL-DHAPPQ,9,39973.833333333336,2031,Cycling 2y AL - DHAPPQ,#fb8072,0,66.0,004
016-Cycling-2y-AL-DHAPPQ,10,40382.27777777778,2031,Cycling 2y AL - DHAPPQ,#fb8072,0,66.0,004
016-Cycling-2y-AL-DHAPPQ,11,39952.666666666664,2031,Cycling 2y AL - DHAPPQ,#fb8072,0,66.0,004
016-Cycling-2y-AL-DHAPPQ,12,40444.333333333336,2031,Cycling 2y AL - DHAPPQ,#fb8072,0,66.0,004
016-Cycling-2y-AL-DHAPPQ,13,42789.88888888889,2031,Cycling 2y AL - DHAPPQ,#fb8072,0,66.0,004
016-Cycling-2y-AL-DHAPPQ,14,40561.555555555555,2031,Cycling 2y AL - DHAPPQ,#fb8072,0,66.0,004
016-Cycling-2y-AL-DHAPPQ,15,38657.0,2031,Cycling 2y AL - DHAPPQ,#fb8072,0,66.0,004
016-Cycling-2y-AL-DHAPPQ,16,39545.0,2031,Cycling 2y AL - DHAPPQ,#fb8072,0,66.0,004
016-Cycling-2y-AL-DHAPPQ,17,39932.555555555555,2031,Cycling 2y AL - DHAPPQ,#fb8072,0,66.0,004
016-Cycling-2y-AL-DHAPPQ,18,39548.333333333336,2031,Cycling 2y AL - DHAPPQ,#fb8072,0,66.0,004
016-Cycling-2y-AL-DHAPPQ,19,43127.055555555555,2031,Cycling 2y AL - DHAPPQ,#fb8072,0,66.0,004
016-Cycling-2y-AL-DHAPPQ,20,41251.055555555555,2031,Cycling 2y AL - DHAPPQ,#fb8072,0,66.0,004
016-Cycling-2y-AL-DHAPPQ,21,39938.5,2031,Cycling 2y AL - DHAPPQ,#fb8072,0,66.0,004
016-Cycling-2y-AL-DHAPPQ,22,41131.61111111111,2031,Cycling 2y AL - DHAPPQ,#fb8072,0,66.0,004
016-Cycling-2y-AL-DHAPPQ,23,40531.555555555555,2031,Cycling 2y AL - DHAPPQ,#fb8072,0,66.0,004
016-Cycling-2y-AL-DHAPPQ,24,40901.61111111111,2031,Cycling 2y AL - DHAPPQ,#fb8072,0,66.0,004
016-Cycling-2y-AL-DHAPPQ,25,40529.944444444445,2031,Cycling 2y AL - DHAPPQ,#fb8072,0,66.0,004
016-Cycling-2y-AL-DHAPPQ,26,40394.38888888889,2031,Cycling 2y AL - DHAPPQ,#fb8072,0,66.0,004
016-Cycling-2y-AL-DHAPPQ,27,39161.0,2031,Cycling 2y AL - DHAPPQ,#fb8072,0,66.0,004
016-Cycling-2y-AL-DHAPPQ,28,41381.22222222222,2031,Cycling 2y AL - DHAPPQ,#fb8072,0,66.0,004
016-Cycling-2y-AL-DHAPPQ,29,41690.38888888889,2031,Cycling 2y AL - DHAPPQ,#fb8072,0,66.0,004
016-Cycling-2y-AL-DHAPPQ,30,38669.61111111111,2031,Cycling 2y AL - DHAPPQ,#fb8072,0,66.0,004
016-Cycling-2y-AL-DHAPPQ,31,40602.333333333336,2031,Cycling 2y AL - DHAPPQ,#fb8072,0,66.0,004
016-Cycling-2y-AL-DHAPPQ,32,39508.0,2031,Cycling 2y AL - DHAPPQ,#fb8072,0,66.0,004
016-Cycling-2y-AL-DHAPPQ,33,38657.055555555555,2031,Cycling 2y AL - DHAPPQ,#fb8072,0,66.0,004
016-Cycling-2y-AL-DHAPPQ,34,40766.0,2031,Cycling 2y AL - DHAPPQ,#fb8072,0,66.0,004
016-Cycling-2y-AL-DHAPPQ,35,40254.166666666664,2031,Cycling 2y AL - DHAPPQ,#fb8072,0,66.0,004
016-Cycling-2y-AL-DHAPPQ,36,41434.944444444445,2031,Cycling 2y AL - DHAPPQ,#fb8072,0,66.0,004
016-Cycling-2y-AL-DHAPPQ,37,40787.833333333336,2031,Cycling 2y AL - DHAPPQ,#fb8072,0,66.0,004
016-Cycling-2y-AL-DHAPPQ,38,40998.72222222222,2031,Cycling 2y AL - DHAPPQ,#fb8072,0,66.0,004
016-Cycling-2y-AL-DHAPPQ,39,40425.77777777778,2031,Cycling 2y AL - DHAPPQ,#fb8072,0,66.0,004
016-Cycling-2y-AL-DHAPPQ,40,40355.555555555555,2031,Cycling 2y AL - DHAPPQ,#fb8072,0,66.0,004
016-Cycling-2y-AL-DHAPPQ,41,42654.5,2031,Cycling 2y AL - DHAPPQ,#fb8072,0,66.0,004
016-Cycling-2y-AL-DHAPPQ,42,40317.055555555555,2031,Cycling 2y AL - DHAPPQ,#fb8072,0,66.0,004
016-Cycling-2y-AL-DHAPPQ,43,39881.72222222222,2031,Cycling 2y AL - DHAPPQ,#fb8072,0,66.0,004
016-Cycling-2y-AL-DHAPPQ,44,39450.22222222222,2031,Cycling 2y AL - DHAPPQ,#fb8072,0,66.0,004
016-Cycling-2y-AL-DHAPPQ,45,40521.055555555555,2031,Cycling 2y AL - DHAPPQ,#fb8072,0,66.0,004
016-Cycling-2y-AL-DHAPPQ,46,40629.944444444445,2031,Cycling 2y AL - DHAPPQ,#fb8072,0,66.0,004
016-Cycling-2y-AL-DHAPPQ,47,39000.944444444445,2031,Cycling 2y AL - DHAPPQ,#fb8072,0,66.0,004
016-Cycling-2y-AL-DHAPPQ,48,40312.0,2031,Cycling 2y AL - DHAPPQ,#fb8072,0,66.0,004
016-Cycling-2y-AL-DHAPPQ,49,40040.333333333336,2031,Cycling 2y AL - DHAPPQ,#fb8072,0,66.0,004
016-Cycling-2y-AL-DHAPPQ,50,39870.72222222222,2031,Cycling 2y AL - DHAPPQ,#fb8072,0,66.0,004
016-Cycling-2y-AL-DHAPPQ,51,39666.27777777778,2031,Cycling 2y AL - DHAPPQ,#fb8072,0,66.0,004
016-Cycling-2y-AL-DHAPPQ,52,40896.11111111111,2031,Cycling 2y AL - DHAPPQ,#fb8072,0,66.0,004
016-Cycling-2y-AL-DHAPPQ,53,41978.944444444445,2031,Cycling 2y AL - DHAPPQ,#fb8072,0,66.0,004
016-Cycling-2y-AL-DHAPPQ,54,39840.88888888889,2031,Cycling 2y AL - DHAPPQ,#fb8072,0,66.0,004
016-Cycling-2y-AL-DHAPPQ,55,41818.444444444445,2031,Cycling 2y AL - DHAPPQ,#fb8072,0,66.0,004
016-Cycling-2y-AL-DHAPPQ,56,40690.0,2031,Cycling 2y AL - DHAPPQ,#fb8072,0,66.0,004
016-Cycling-2y-AL-DHAPPQ,57,39920.944444444445,2031,Cycling 2y AL - DHAPPQ,#fb8072,0,66.0,004
016-Cycling-2y-AL-DHAPPQ,58,39933.666666666664,2031,Cycling 2y AL - DHAPPQ,#fb8072,0,66.0,004
016-Cycling-2y-AL-DHAPPQ,59,41534.72222222222,2031,Cycling 2y AL - DHAPPQ,#fb8072,0,66.0,004
016-Cycling-2y-AL-DHAPPQ,60,41677.444444444445,2031,Cycling 2y AL - DHAPPQ,#fb8072,0,66.0,004
016-Cycling-2y-AL-DHAPPQ,61,40674.22222222222,2031,Cycling 2y AL - DHAPPQ,#fb8072,0,66.0,004
016-Cycling-2y-AL-DHAPPQ,62,40716.72222222222,2031,Cycling 2y AL - DHAPPQ,#fb8072,0,66.0,004
016-Cycling-2y-AL-DHAPPQ,63,40769.22222222222,2031,Cycling 2y AL - DHAPPQ,#fb8072,0,66.0,004
016-Cycling-2y-AL-DHAPPQ,64,41508.88888888889,2031,Cycling 2y AL - DHAPPQ,#fb8072,0,66.0,004
016-Cycling-2y-AL-DHAPPQ,65,38694.166666666664,2031,Cycling 2y AL - DHAPPQ,#fb8072,0,66.0,004
016-Cycling-2y-AL-DHAPPQ,66,41040.055555555555,2031,Cycling 2y AL - DHAPPQ,#fb8072,0,66.0,004
016-Cycling-2y-AL-DHAPPQ,67,41673.444444444445,2031,Cycling 2y AL - DHAPPQ,#fb8072,0,66.0,004
016-Cycling-2y-AL-DHAPPQ,68,43207.72222222222,2031,Cycling 2y AL - DHAPPQ,#fb8072,0,66.0,004
016-Cycling-2y-AL-DHAPPQ,69,40829.666666666664,2031,Cycling 2y AL - DHAPPQ,#fb8072,0,66.0,004
016-Cycling-2y-AL-DHAPPQ,70,40066.055555555555,2031,Cycling 2y AL - DHAPPQ,#fb8072,0,66.0,004
016-Cycling-2y-AL-DHAPPQ,71,39843.5,2031,Cycling 2y AL - DHAPPQ,#fb8072,0,66.0,004
016-Cycling-2y-AL-DHAPPQ,72,40228.0,2031,Cycling 2y AL - DHAPPQ,#fb8072,0,66.0,004
016-Cycling-2y-AL-DHAPPQ,73,41258.27777777778,2031,Cycling 2y AL - DHAPPQ,#fb8072,0,66.0,004
016-Cycling-2y-AL-DHAPPQ,74,40918.27777777778,2031,Cycling 2y AL - DHAPPQ,#fb8072,0,66.0,004
016-Cycling-2y-AL-DHAPPQ,75,38497.38888888889,2031,Cycling 2y AL - DHAPPQ,#fb8072,0,66.0,004
016-Cycling-2y-AL-DHAPPQ,76,41254.666666666664,2031,Cycling 2y AL - DHAPPQ,#fb8072,0,66.0,004
016-Cycling-2y-AL-DHAPPQ,77,39591.055555555555,2031,Cycling 2y AL - DHAPPQ,#fb8072,0,66.0,004
016-Cycling-2y-AL-DHAPPQ,78,41976.61111111111,2031,Cycling 2y AL - DHAPPQ,#fb8072,0,66.0,004
016-Cycling-2y-AL-DHAPPQ,79,42110.944444444445,2031,Cycling 2y AL - DHAPPQ,#fb8072,0,66.0,004
016-Cycling-2y-AL-DHAPPQ,80,40189.61111111111,2031,Cycling 2y AL - DHAPPQ,#fb8072,0,66.0,004
016-Cycling-2y-AL-DHAPPQ,81,41409.11111111111,2031,Cycling 2y AL - DHAPPQ,#fb8072,0,66.0,004
016-Cycling-2y-AL-DHAPPQ,82,40417.555555555555,2031,Cycling 2y AL - DHAPPQ,#fb8072,0,66.0,004
016-Cycling-2y-AL-DHAPPQ,83,41423.27777777778,2031,Cycling 2y AL - DHAPPQ,#fb8072,0,66.0,004
016-Cycling-2y-AL-DHAPPQ,84,41030.27777777778,2031,Cycling 2y AL - DHAPPQ,#fb8072,0,66.0,004
016-Cycling-2y-AL-DHAPPQ,85,41593.77777777778,2031,Cycling 2y AL - DHAPPQ,#fb8072,0,66.0,004
016-Cycling-2y-AL-DHAPPQ,86,39458.11111111111,2031,Cycling 2y AL - DHAPPQ,#fb8072,0,66.0,004
016-Cycling-2y-AL-DHAPPQ,87,40339.666666666664,2031,Cycling 2y AL - DHAPPQ,#fb8072,0,66.0,004
016-Cycling-2y-AL-DHAPPQ,88,40379.833333333336,2031,Cycling 2y AL - DHAPPQ,#fb8072,0,66.0,004
016-Cycling-2y-AL-DHAPPQ,89,40578.055555555555,2031,Cycling 2y AL - DHAPPQ,#fb8072,0,66.0,004
016-Cycling-2y-AL-DHAPPQ,90,41775.666666666664,2031,Cycling 2y AL - DHAPPQ,#fb8072,0,66.0,004
016-Cycling-2y-AL-DHAPPQ,91,39371.666666666664,2031,Cycling 2y AL - DHAPPQ,#fb8072,0,66.0,004
016-Cycling-2y-AL-DHAPPQ,92,40982.166666666664,2031,Cycling 2y AL - DHAPPQ,#fb8072,0,66.0,004
016-Cycling-2y-AL-DHAPPQ,93,40248.166666666664,2031,Cycling 2y AL - DHAPPQ,#fb8072,0,66.0,004
016-Cycling-2y-AL-DHAPPQ,94,40612.5,2031,Cycling 2y AL - DHAPPQ,#fb8072,0,66.0,004
016-Cycling-2y-AL-DHAPPQ,95,39764.0,2031,Cycling 2y AL - DHAPPQ,#fb8072,0,66.0,004
016-Cycling-2y-AL-DHAPPQ,96,40947.944444444445,2031,Cycling 2y AL - DHAPPQ,#fb8072,0,66.0,004
016-Cycling-2y-AL-DHAPPQ,97,37963.77777777778,2031,Cycling 2y AL - DHAPPQ,#fb8072,0,66.0,004
016-Cycling-2y-AL-DHAPPQ,98,40942.38888888889,2031,Cycling 2y AL - DHAPPQ,#fb8072,0,66.0,004
016-Cycling-2y-AL-DHAPPQ,99,41698.0,2031,Cycling 2y AL - DHAPPQ,#fb8072,0,66.0,004
017-Cycling-2y-ASAQ-AL,0,33291.27777777778,2031,Cycling 2y ASAQ - AL,#fb8072,0,33.0,004
017-Cycling-2y-ASAQ-AL,1,34058.38888888889,2031,Cycling 2y ASAQ - AL,#fb8072,0,33.0,004
017-Cycling-2y-ASAQ-AL,2,32536.38888888889,2031,Cycling 2y ASAQ - AL,#fb8072,0,33.0,004
017-Cycling-2y-ASAQ-AL,3,32734.277777777777,2031,Cycling 2y ASAQ - AL,#fb8072,0,33.0,004
017-Cycling-2y-ASAQ-AL,4,32844.88888888889,2031,Cycling 2y ASAQ - AL,#fb8072,0,33.0,004
017-Cycling-2y-ASAQ-AL,5,34609.055555555555,2031,Cycling 2y ASAQ - AL,#fb8072,0,33.0,004
017-Cycling-2y-ASAQ-AL,6,33330.72222222222,2031,Cycling 2y ASAQ - AL,#fb8072,0,33.0,004
017-Cycling-2y-ASAQ-AL,7,33567.61111111111,2031,Cycling 2y ASAQ - AL,#fb8072,0,33.0,004
017-Cycling-2y-ASAQ-AL,8,33041.166666666664,2031,Cycling 2y ASAQ - AL,#fb8072,0,33.0,004
017-Cycling-2y-ASAQ-AL,9,33426.166666666664,2031,Cycling 2y ASAQ - AL,#fb8072,0,33.0,004
017-Cycling-2y-ASAQ-AL,10,32825.11111111111,2031,Cycling 2y ASAQ - AL,#fb8072,0,33.0,004
017-Cycling-2y-ASAQ-AL,11,32590.333333333332,2031,Cycling 2y ASAQ - AL,#fb8072,0,33.0,004
017-Cycling-2y-ASAQ-AL,12,33218.77777777778,2031,Cycling 2y ASAQ - AL,#fb8072,0,33.0,004
017-Cycling-2y-ASAQ-AL,13,34116.833333333336,2031,Cycling 2y ASAQ - AL,#fb8072,0,33.0,004
017-Cycling-2y-ASAQ-AL,14,32622.88888888889,2031,Cycling 2y ASAQ - AL,#fb8072,0,33.0,004
017-Cycling-2y-ASAQ-AL,15,32518.944444444445,2031,Cycling 2y ASAQ - AL,#fb8072,0,33.0,004
017-Cycling-2y-ASAQ-AL,16,33333.88888888889,2031,Cycling 2y ASAQ - AL,#fb8072,0,33.0,004
017-Cycling-2y-ASAQ-AL,17,33104.11111111111,2031,Cycling 2y ASAQ - AL,#fb8072,0,33.0,004
017-Cycling-2y-ASAQ-AL,18,33849.27777777778,2031,Cycling 2y ASAQ - AL,#fb8072,0,33.0,004
017-Cycling-2y-ASAQ-AL,19,31942.055555555555,2031,Cycling 2y ASAQ - AL,#fb8072,0,33.0,004
017-Cycling-2y-ASAQ-AL,20,33248.0,2031,Cycling 2y ASAQ - AL,#fb8072,0,33.0,004
017-Cycling-2y-ASAQ-AL,21,32312.277777777777,2031,Cycling 2y ASAQ - AL,#fb8072,0,33.0,004
017-Cycling-2y-ASAQ-AL,22,33314.333333333336,2031,Cycling 2y ASAQ - AL,#fb8072,0,33.0,004
017-Cycling-2y-ASAQ-AL,23,32682.777777777777,2031,Cycling 2y ASAQ - AL,#fb8072,0,33.0,004
017-Cycling-2y-ASAQ-AL,24,33372.77777777778,2031,Cycling 2y ASAQ - AL,#fb8072,0,33.0,004
017-Cycling-2y-ASAQ-AL,25,33369.0,2031,Cycling 2y ASAQ - AL,#fb8072,0,33.0,004
017-Cycling-2y-ASAQ-AL,26,33241.61111111111,2031,Cycling 2y ASAQ - AL,#fb8072,0,33.0,004
017-Cycling-2y-ASAQ-AL,27,33651.555555555555,2031,Cycling 2y ASAQ - AL,#fb8072,0,33.0,004
017-Cycling-2y-ASAQ-AL,28,33166.666666666664,2031,Cycling 2y ASAQ - AL,#fb8072,0,33.0,004
017-Cycling-2y-ASAQ-AL,29,35166.5,2031,Cycling 2y ASAQ - AL,#fb8072,0,33.0,004
017-Cycling-2y-ASAQ-AL,30,33358.055555555555,2031,Cycling 2y ASAQ - AL,#fb8072,0,33.0,004
017-Cycling-2y-ASAQ-AL,31,33253.77777777778,2031,Cycling 2y ASAQ - AL,#fb8072,0,33.0,004
017-Cycling-2y-ASAQ-AL,32,34013.055555555555,2031,Cycling 2y ASAQ - AL,#fb8072,0,33.0,004
017-Cycling-2y-ASAQ-AL,33,33045.38888888889,2031,Cycling 2y ASAQ - AL,#fb8072,0,33.0,004
017-Cycling-2y-ASAQ-AL,34,34338.27777777778,2031,Cycling 2y ASAQ - AL,#fb8072,0,33.0,004
017-Cycling-2y-ASAQ-AL,35,33237.666666666664,2031,Cycling 2y ASAQ - AL,#fb8072,0,33.0,004
017-Cycling-2y-ASAQ-AL,36,32847.27777777778,2031,Cycling 2y ASAQ - AL,#fb8072,0,33.0,004
017-Cycling-2y-ASAQ-AL,37,33390.444444444445,2031,Cycling 2y ASAQ - AL,#fb8072,0,33.0,004
017-Cycling-2y-ASAQ-AL,38,34270.77777777778,2031,Cycling 2y ASAQ - AL,#fb8072,0,33.0,004
017-Cycling-2y-ASAQ-AL,39,32497.38888888889,2031,Cycling 2y ASAQ - AL,#fb8072,0,33.0,004
017-Cycling-2y-ASAQ-AL,40,33141.944444444445,2031,Cycling 2y ASAQ - AL,#fb8072,0,33.0,004
017-Cycling-2y-ASAQ-AL,41,33135.555555555555,2031,Cycling 2y ASAQ - AL,#fb8072,0,33.0,004
017-Cycling-2y-ASAQ-AL,42,35225.055555555555,2031,Cycling 2y ASAQ - AL,#fb8072,0,33.0,004
017-Cycling-2y-ASAQ-AL,43,33459.11111111111,2031,Cycling 2y ASAQ - AL,#fb8072,0,33.0,004
017-Cycling-2y-ASAQ-AL,44,32787.72222222222,2031,Cycling 2y ASAQ - AL,#fb8072,0,33.0,004
017-Cycling-2y-ASAQ-AL,45,33317.166666666664,2031,Cycling 2y ASAQ - AL,#fb8072,0,33.0,004
017-Cycling-2y-ASAQ-AL,46,34099.11111111111,2031,Cycling 2y ASAQ - AL,#fb8072,0,33.0,004
017-Cycling-2y-ASAQ-AL,47,33632.61111111111,2031,Cycling 2y ASAQ - AL,#fb8072,0,33.0,004
017-Cycling-2y-ASAQ-AL,48,34269.833333333336,2031,Cycling 2y ASAQ - AL,#fb8072,0,33.0,004
017-Cycling-2y-ASAQ-AL,49,32527.666666666668,2031,Cycling 2y ASAQ - AL,#fb8072,0,33.0,004
017-Cycling-2y-ASAQ-AL,50,32971.666666666664,2031,Cycling 2y ASAQ - AL,#fb8072,0,33.0,004
017-Cycling-2y-ASAQ-AL,51,33201.055555555555,2031,Cycling 2y ASAQ - AL,#fb8072,0,33.0,004
017-Cycling-2y-ASAQ-AL,52,32900.0,2031,Cycling 2y ASAQ - AL,#fb8072,0,33.0,004
017-Cycling-2y-ASAQ-AL,53,33754.61111111111,2031,Cycling 2y ASAQ - AL,#fb8072,0,33.0,004
017-Cycling-2y-ASAQ-AL,54,33647.38888888889,2031,Cycling 2y ASAQ - AL,#fb8072,0,33.0,004
017-Cycling-2y-ASAQ-AL,55,33813.666666666664,2031,Cycling 2y ASAQ - AL,#fb8072,0,33.0,004
017-Cycling-2y-ASAQ-AL,56,33046.38888888889,2031,Cycling 2y ASAQ - AL,#fb8072,0,33.0,004
017-Cycling-2y-ASAQ-AL,57,33312.333333333336,2031,Cycling 2y ASAQ - AL,#fb8072,0,33.0,004
017-Cycling-2y-ASAQ-AL,58,34566.444444444445,2031,Cycling 2y ASAQ - AL,#fb8072,0,33.0,004
017-Cycling-2y-ASAQ-AL,59,33490.22222222222,2031,Cycling 2y ASAQ - AL,#fb8072,0,33.0,004
017-Cycling-2y-ASAQ-AL,60,33826.0,2031,Cycling 2y ASAQ - AL,#fb8072,0,33.0,004
017-Cycling-2y-ASAQ-AL,61,32709.222222222223,2031,Cycling 2y ASAQ - AL,#fb8072,0,33.0,004
017-Cycling-2y-ASAQ-AL,62,32135.88888888889,2031,Cycling 2y ASAQ - AL,#fb8072,0,33.0,004
017-Cycling-2y-ASAQ-AL,63,34798.444444444445,2031,Cycling 2y ASAQ - AL,#fb8072,0,33.0,004
017-Cycling-2y-ASAQ-AL,64,33116.77777777778,2031,Cycling 2y ASAQ - AL,#fb8072,0,33.0,004
017-Cycling-2y-ASAQ-AL,65,33149.944444444445,2031,Cycling 2y ASAQ - AL,#fb8072,0,33.0,004
017-Cycling-2y-ASAQ-AL,66,33485.22222222222,2031,Cycling 2y ASAQ - AL,#fb8072,0,33.0,004
017-Cycling-2y-ASAQ-AL,67,35068.72222222222,2031,Cycling 2y ASAQ - AL,#fb8072,0,33.0,004
017-Cycling-2y-ASAQ-AL,68,32453.5,2031,Cycling 2y ASAQ - AL,#fb8072,0,33.0,004
017-Cycling-2y-ASAQ-AL,69,34119.666666666664,2031,Cycling 2y ASAQ - AL,#fb8072,0,33.0,004
017-Cycling-2y-ASAQ-AL,70,34411.444444444445,2031,Cycling 2y ASAQ - AL,#fb8072,0,33.0,004
017-Cycling-2y-ASAQ-AL,71,33805.333333333336,2031,Cycling 2y ASAQ - AL,#fb8072,0,33.0,004
017-Cycling-2y-ASAQ-AL,72,32597.722222222223,2031,Cycling 2y ASAQ - AL,#fb8072,0,33.0,004
017-Cycling-2y-ASAQ-AL,73,33587.38888888889,2031,Cycling 2y ASAQ - AL,#fb8072,0,33.0,004
017-Cycling-2y-ASAQ-AL,74,32868.11111111111,2031,Cycling 2y ASAQ - AL,#fb8072,0,33.0,004
017-Cycling-2y-ASAQ-AL,75,33019.555555555555,2031,Cycling 2y ASAQ - AL,#fb8072,0,33.0,004
017-Cycling-2y-ASAQ-AL,76,33437.61111111111,2031,Cycling 2y ASAQ - AL,#fb8072,0,33.0,004
017-Cycling-2y-ASAQ-AL,77,32609.777777777777,2031,Cycling 2y ASAQ - AL,#fb8072,0,33.0,004
017-Cycling-2y-ASAQ-AL,78,34061.27777777778,2031,Cycling 2y ASAQ - AL,#fb8072,0,33.0,004
017-Cycling-2y-ASAQ-AL,79,36855.72222222222,2031,Cycling 2y ASAQ - AL,#fb8072,0,33.0,004
017-Cycling-2y-ASAQ-AL,80,33035.944444444445,2031,Cycling 2y ASAQ - AL,#fb8072,0,33.0,004
017-Cycling-2y-ASAQ-AL,81,31209.944444444445,2031,Cycling 2y ASAQ - AL,#fb8072,0,33.0,004
017-Cycling-2y-ASAQ-AL,82,32960.88888888889,2031,Cycling 2y ASAQ - AL,#fb8072,0,33.0,004
017-Cycling-2y-ASAQ-AL,83,33142.77777777778,2031,Cycling 2y ASAQ - AL,#fb8072,0,33.0,004
017-Cycling-2y-ASAQ-AL,84,31967.61111111111,2031,Cycling 2y ASAQ - AL,#fb8072,0,33.0,004
017-Cycling-2y-ASAQ-AL,85,33156.666666666664,2031,Cycling 2y ASAQ - AL,#fb8072,0,33.0,004
017-Cycling-2y-ASAQ-AL,86,34146.666666666664,2031,Cycling 2y ASAQ - AL,#fb8072,0,33.0,004
017-Cycling-2y-ASAQ-AL,87,33165.27777777778,2031,Cycling 2y ASAQ - AL,#fb8072,0,33.0,004
017-Cycling-2y-ASAQ-AL,88,34030.333333333336,2031,Cycling 2y ASAQ - AL,#fb8072,0,33.0,004
017-Cycling-2y-ASAQ-AL,89,33869.0,2031,Cycling 2y ASAQ - AL,#fb8072,0,33.0,004
017-Cycling-2y-ASAQ-AL,90,33364.666666666664,2031,Cycling 2y ASAQ - AL,#fb8072,0,33.0,004
017-Cycling-2y-ASAQ-AL,91,33319.22222222222,2031,Cycling 2y ASAQ - AL,#fb8072,0,33.0,004
017-Cycling-2y-ASAQ-AL,92,33890.77777777778,2031,Cycling 2y ASAQ - AL,#fb8072,0,33.0,004
017-Cycling-2y-ASAQ-AL,93,33839.944444444445,2031,Cycling 2y ASAQ - AL,#fb8072,0,33.0,004
017-Cycling-2y-ASAQ-AL,94,33349.77777777778,2031,Cycling 2y ASAQ - AL,#fb8072,0,33.0,004
017-Cycling-2y-ASAQ-AL,95,34543.27777777778,2031,Cycling 2y ASAQ - AL,#fb8072,0,33.0,004
017-Cycling-2y-ASAQ-AL,96,32529.222222222223,2031,Cycling 2y ASAQ - AL,#fb8072,0,33.0,004
017-Cycling-2y-ASAQ-AL,97,34145.77777777778,2031,Cycling 2y ASAQ - AL,#fb8072,0,33.0,004
017-Cycling-2y-ASAQ-AL,98,32327.61111111111,2031,Cycling 2y ASAQ - AL,#fb8072,0,33.0,004
017-Cycling-2y-ASAQ-AL,99,33086.72222222222,2031,Cycling 2y ASAQ - AL,#fb8072,0,33.0,004
018-Cycling-2y-ASAQ-DHAPPQ,0,26900.444444444445,2031,Cycling 2y ASAQ - DHAPPQ,#fb8072,0,0.0,004
018-Cycling-2y-ASAQ-DHAPPQ,1,28709.166666666668,2031,Cycling 2y ASAQ - DHAPPQ,#fb8072,0,0.0,004
018-Cycling-2y-ASAQ-DHAPPQ,2,27482.5,2031,Cycling 2y ASAQ - DHAPPQ,#fb8072,0,0.0,004
018-Cycling-2y-ASAQ-DHAPPQ,3,27734.222222222223,2031,Cycling 2y ASAQ - DHAPPQ,#fb8072,0,0.0,004
018-Cycling-2y-ASAQ-DHAPPQ,4,27419.833333333332,2031,Cycling 2y ASAQ - DHAPPQ,#fb8072,0,0.0,004
018-Cycling-2y-ASAQ-DHAPPQ,5,27839.222222222223,2031,Cycling 2y ASAQ - DHAPPQ,#fb8072,0,0.0,004
018-Cycling-2y-ASAQ-DHAPPQ,6,27806.61111111111,2031,Cycling 2y ASAQ - DHAPPQ,#fb8072,0,0.0,004
018-Cycling-2y-ASAQ-DHAPPQ,7,27461.055555555555,2031,Cycling 2y ASAQ - DHAPPQ,#fb8072,0,0.0,004
018-Cycling-2y-ASAQ-DHAPPQ,8,27337.055555555555,2031,Cycling 2y ASAQ - DHAPPQ,#fb8072,0,0.0,004
018-Cycling-2y-ASAQ-DHAPPQ,9,27641.055555555555,2031,Cycling 2y ASAQ - DHAPPQ,#fb8072,0,0.0,004
018-Cycling-2y-ASAQ-DHAPPQ,10,27691.38888888889,2031,Cycling 2y ASAQ - DHAPPQ,#fb8072,0,0.0,004
018-Cycling-2y-ASAQ-DHAPPQ,11,26810.444444444445,2031,Cycling 2y ASAQ - DHAPPQ,#fb8072,0,0.0,004
018-Cycling-2y-ASAQ-DHAPPQ,12,26948.666666666668,2031,Cycling 2y ASAQ - DHAPPQ,#fb8072,0,0.0,004
018-Cycling-2y-ASAQ-DHAPPQ,13,28247.5,2031,Cycling 2y ASAQ - DHAPPQ,#fb8072,0,0.0,004
018-Cycling-2y-ASAQ-DHAPPQ,14,27567.444444444445,2031,Cycling 2y ASAQ - DHAPPQ,#fb8072,0,0.0,004
018-Cycling-2y-ASAQ-DHAPPQ,15,28001.38888888889,2031,Cycling 2y ASAQ - DHAPPQ,#fb8072,0,0.0,004
018-Cycling-2y-ASAQ-DHAPPQ,16,28139.722222222223,2031,Cycling 2y ASAQ - DHAPPQ,#fb8072,0,0.0,004
018-Cycling-2y-ASAQ-DHAPPQ,17,27762.055555555555,2031,Cycling 2y ASAQ - DHAPPQ,#fb8072,0,0.0,004
018-Cycling-2y-ASAQ-DHAPPQ,18,28114.777777777777,2031,Cycling 2y ASAQ - DHAPPQ,#fb8072,0,0.0,004
018-Cycling-2y-ASAQ-DHAPPQ,19,27291.777777777777,2031,Cycling 2y ASAQ - DHAPPQ,#fb8072,0,0.0,004
018-Cycling-2y-ASAQ-DHAPPQ,20,28099.5,2031,Cycling 2y ASAQ - DHAPPQ,#fb8072,0,0.0,004
018-Cycling-2y-ASAQ-DHAPPQ,21,27571.222222222223,2031,Cycling 2y ASAQ - DHAPPQ,#fb8072,0,0.0,004
018-Cycling-2y-ASAQ-DHAPPQ,22,26860.61111111111,2031,Cycling 2y ASAQ - DHAPPQ,#fb8072,0,0.0,004
018-Cycling-2y-ASAQ-DHAPPQ,23,28212.555555555555,2031,Cycling 2y ASAQ - DHAPPQ,#fb8072,0,0.0,004
018-Cycling-2y-ASAQ-DHAPPQ,24,28446.88888888889,2031,Cycling 2y ASAQ - DHAPPQ,#fb8072,0,0.0,004
018-Cycling-2y-ASAQ-DHAPPQ,25,27818.222222222223,2031,Cycling 2y ASAQ - DHAPPQ,#fb8072,0,0.0,004
018-Cycling-2y-ASAQ-DHAPPQ,26,28390.0,2031,Cycling 2y ASAQ - DHAPPQ,#fb8072,0,0.0,004
018-Cycling-2y-ASAQ-DHAPPQ,27,27360.5,2031,Cycling 2y ASAQ - DHAPPQ,#fb8072,0,0.0,004
018-Cycling-2y-ASAQ-DHAPPQ,28,27264.166666666668,2031,Cycling 2y ASAQ - DHAPPQ,#fb8072,0,0.0,004
018-Cycling-2y-ASAQ-DHAPPQ,29,27924.277777777777,2031,Cycling 2y ASAQ - DHAPPQ,#fb8072,0,0.0,004
018-Cycling-2y-ASAQ-DHAPPQ,30,27959.944444444445,2031,Cycling 2y ASAQ - DHAPPQ,#fb8072,0,0.0,004
018-Cycling-2y-ASAQ-DHAPPQ,31,27728.38888888889,2031,Cycling 2y ASAQ - DHAPPQ,#fb8072,0,0.0,004
018-Cycling-2y-ASAQ-DHAPPQ,32,27215.11111111111,2031,Cycling 2y ASAQ - DHAPPQ,#fb8072,0,0.0,004
018-Cycling-2y-ASAQ-DHAPPQ,33,28221.0,2031,Cycling 2y ASAQ - DHAPPQ,#fb8072,0,0.0,004
018-Cycling-2y-ASAQ-DHAPPQ,34,28544.055555555555,2031,Cycling 2y ASAQ - DHAPPQ,#fb8072,0,0.0,004
018-Cycling-2y-ASAQ-DHAPPQ,35,28000.11111111111,2031,Cycling 2y ASAQ - DHAPPQ,#fb8072,0,0.0,004
018-Cycling-2y-ASAQ-DHAPPQ,36,27394.5,2031,Cycling 2y ASAQ - DHAPPQ,#fb8072,0,0.0,004
018-Cycling-2y-ASAQ-DHAPPQ,37,27829.0,2031,Cycling 2y ASAQ - DHAPPQ,#fb8072,0,0.0,004
018-Cycling-2y-ASAQ-DHAPPQ,38,27464.666666666668,2031,Cycling 2y ASAQ - DHAPPQ,#fb8072,0,0.0,004
018-Cycling-2y-ASAQ-DHAPPQ,39,27848.444444444445,2031,Cycling 2y ASAQ - DHAPPQ,#fb8072,0,0.0,004
018-Cycling-2y-ASAQ-DHAPPQ,40,28066.055555555555,2031,Cycling 2y ASAQ - DHAPPQ,#fb8072,0,0.0,004
018-Cycling-2y-ASAQ-DHAPPQ,41,26887.055555555555,2031,Cycling 2y ASAQ - DHAPPQ,#fb8072,0,0.0,004
018-Cycling-2y-ASAQ-DHAPPQ,42,27052.833333333332,2031,Cycling 2y ASAQ - DHAPPQ,#fb8072,0,0.0,004
018-Cycling-2y-ASAQ-DHAPPQ,43,28331.5,2031,Cycling 2y ASAQ - DHAPPQ,#fb8072,0,0.0,004
018-Cycling-2y-ASAQ-DHAPPQ,44,27820.61111111111,2031,Cycling 2y ASAQ - DHAPPQ,#fb8072,0,0.0,004
018-Cycling-2y-ASAQ-DHAPPQ,45,27693.777777777777,2031,Cycling 2y ASAQ - DHAPPQ,#fb8072,0,0.0,004
018-Cycling-2y-ASAQ-DHAPPQ,46,27893.88888888889,2031,Cycling 2y ASAQ - DHAPPQ,#fb8072,0,0.0,004
018-Cycling-2y-ASAQ-DHAPPQ,47,26827.555555555555,2031,Cycling 2y ASAQ - DHAPPQ,#fb8072,0,0.0,004
018-Cycling-2y-ASAQ-DHAPPQ,48,28043.666666666668,2031,Cycling 2y ASAQ - DHAPPQ,#fb8072,0,0.0,004
018-Cycling-2y-ASAQ-DHAPPQ,49,28258.055555555555,2031,Cycling 2y ASAQ - DHAPPQ,#fb8072,0,0.0,004
018-Cycling-2y-ASAQ-DHAPPQ,50,27660.166666666668,2031,Cycling 2y ASAQ - DHAPPQ,#fb8072,0,0.0,004
018-Cycling-2y-ASAQ-DHAPPQ,51,27618.222222222223,2031,Cycling 2y ASAQ - DHAPPQ,#fb8072,0,0.0,004
018-Cycling-2y-ASAQ-DHAPPQ,52,27847.5,2031,Cycling 2y ASAQ - DHAPPQ,#fb8072,0,0.0,004
018-Cycling-2y-ASAQ-DHAPPQ,53,28183.0,2031,Cycling 2y ASAQ - DHAPPQ,#fb8072,0,0.0,004
018-Cycling-2y-ASAQ-DHAPPQ,54,27483.555555555555,2031,Cycling 2y ASAQ - DHAPPQ,#fb8072,0,0.0,004
018-Cycling-2y-ASAQ-DHAPPQ,55,27934.166666666668,2031,Cycling 2y ASAQ - DHAPPQ,#fb8072,0,0.0,004
018-Cycling-2y-ASAQ-DHAPPQ,56,27801.5,2031,Cycling 2y ASAQ - DHAPPQ,#fb8072,0,0.0,004
018-Cycling-2y-ASAQ-DHAPPQ,57,28467.61111111111,2031,Cycling 2y ASAQ - DHAPPQ,#fb8072,0,0.0,004
018-Cycling-2y-ASAQ-DHAPPQ,58,27461.88888888889,2031,Cycling 2y ASAQ - DHAPPQ,#fb8072,0,0.0,004
018-Cycling-2y-ASAQ-DHAPPQ,59,27336.944444444445,2031,Cycling 2y ASAQ - DHAPPQ,#fb8072,0,0.0,004
018-Cycling-2y-ASAQ-DHAPPQ,60,27334.333333333332,2031,Cycling 2y ASAQ - DHAPPQ,#fb8072,0,0.0,004
018-Cycling-2y-ASAQ-DHAPPQ,61,27850.777777777777,2031,Cycling 2y ASAQ - DHAPPQ,#fb8072,0,0.0,004
018-Cycling-2y-ASAQ-DHAPPQ,62,27728.222222222223,2031,Cycling 2y ASAQ - DHAPPQ,#fb8072,0,0.0,004
018-Cycling-2y-ASAQ-DHAPPQ,63,27109.88888888889,2031,Cycling 2y ASAQ - DHAPPQ,#fb8072,0,0.0,004
018-Cycling-2y-ASAQ-DHAPPQ,64,27654.333333333332,2031,Cycling 2y ASAQ - DHAPPQ,#fb8072,0,0.0,004
018-Cycling-2y-ASAQ-DHAPPQ,65,26935.5,2031,Cycling 2y ASAQ - DHAPPQ,#fb8072,0,0.0,004
018-Cycling-2y-ASAQ-DHAPPQ,66,27857.222222222223,2031,Cycling 2y ASAQ - DHAPPQ,#fb8072,0,0.0,004
018-Cycling-2y-ASAQ-DHAPPQ,67,27667.666666666668,2031,Cycling 2y ASAQ - DHAPPQ,#fb8072,0,0.0,004
018-Cycling-2y-ASAQ-DHAPPQ,68,26679.055555555555,2031,Cycling 2y ASAQ - DHAPPQ,#fb8072,0,0.0,004
018-Cycling-2y-ASAQ-DHAPPQ,69,27905.555555555555,2031,Cycling 2y ASAQ - DHAPPQ,#fb8072,0,0.0,004
018-Cycling-2y-ASAQ-DHAPPQ,70,27382.61111111111,2031,Cycling 2y ASAQ - DHAPPQ,#fb8072,0,0.0,004
018-Cycling-2y-ASAQ-DHAPPQ,71,26866.222222222223,2031,Cycling 2y ASAQ - DHAPPQ,#fb8072,0,0.0,004
018-Cycling-2y-ASAQ-DHAPPQ,72,26929.333333333332,2031,Cycling 2y ASAQ - DHAPPQ,#fb8072,0,0.0,004
018-Cycling-2y-ASAQ-DHAPPQ,73,27651.88888888889,2031,Cycling 2y ASAQ - DHAPPQ,#fb8072,0,0.0,004
018-Cycling-2y-ASAQ-DHAPPQ,74,28065.166666666668,2031,Cycling 2y ASAQ - DHAPPQ,#fb8072,0,0.0,004
018-Cycling-2y-ASAQ-DHAPPQ,75,27802.722222222223,2031,Cycling 2y ASAQ - DHAPPQ,#fb8072,0,0.0,004
018-Cycling-2y-ASAQ-DHAPPQ,76,27619.666666666668,2031,Cycling 2y ASAQ - DHAPPQ,#fb8072,0,0.0,004
018-Cycling-2y-ASAQ-DHAPPQ,77,28420.166666666668,2031,Cycling 2y ASAQ - DHAPPQ,#fb8072,0,0.0,004
018-Cycling-2y-ASAQ-DHAPPQ,78,28002.166666666668,2031,Cycling 2y ASAQ - DHAPPQ,#fb8072,0,0.0,004
018-Cycling-2y-ASAQ-DHAPPQ,79,27867.38888888889,2031,Cycling 2y ASAQ - DHAPPQ,#fb8072,0,0.0,004
018-Cycling-2y-ASAQ-DHAPPQ,80,27654.444444444445,2031,Cycling 2y ASAQ - DHAPPQ,#fb8072,0,0.0,004
018-Cycling-2y-ASAQ-DHAPPQ,81,26867.11111111111,2031,Cycling 2y ASAQ - DHAPPQ,#fb8072,0,0.0,004
018-Cycling-2y-ASAQ-DHAPPQ,82,27523.944444444445,2031,Cycling 2y ASAQ - DHAPPQ,#fb8072,0,0.0,004
018-Cycling-2y-ASAQ-DHAPPQ,83,28270.11111111111,2031,Cycling 2y ASAQ - DHAPPQ,#fb8072,0,0.0,004
018-Cycling-2y-ASAQ-DHAPPQ,84,28518.38888888889,2031,Cycling 2y ASAQ - DHAPPQ,#fb8072,0,0.0,004
018-Cycling-2y-ASAQ-DHAPPQ,85,27785.722222222223,2031,Cycling 2y ASAQ - DHAPPQ,#fb8072,0,0.0,004
018-Cycling-2y-ASAQ-DHAPPQ,86,28143.777777777777,2031,Cycling 2y ASAQ - DHAPPQ,#fb8072,0,0.0,004
018-Cycling-2y-ASAQ-DHAPPQ,87,27817.333333333332,2031,Cycling 2y ASAQ - DHAPPQ,#fb8072,0,0.0,004
018-Cycling-2y-ASAQ-DHAPPQ,88,27828.11111111111,2031,Cycling 2y ASAQ - DHAPPQ,#fb8072,0,0.0,004
018-Cycling-2y-ASAQ-DHAPPQ,89,27999.555555555555,2031,Cycling 2y ASAQ - DHAPPQ,#fb8072,0,0.0,004
018-Cycling-2y-ASAQ-DHAPPQ,90,28008.5,2031,Cycling 2y ASAQ - DHAPPQ,#fb8072,0,0.0,004
018-Cycling-2y-ASAQ-DHAPPQ,91,27952.333333333332,2031,Cycling 2y ASAQ - DHAPPQ,#fb8072,0,0.0,004
018-Cycling-2y-ASAQ-DHAPPQ,92,27050.944444444445,2031,Cycling 2y ASAQ - DHAPPQ,#fb8072,0,0.0,004
018-Cycling-2y-ASAQ-DHAPPQ,93,27827.722222222223,2031,Cycling 2y ASAQ - DHAPPQ,#fb8072,0,0.0,004
018-Cycling-2y-ASAQ-DHAPPQ,94,27280.88888888889,2031,Cycling 2y ASAQ - DHAPPQ,#fb8072,0,0.0,004
018-Cycling-2y-ASAQ-DHAPPQ,95,28087.666666666668,2031,Cycling 2y ASAQ - DHAPPQ,#fb8072,0,0.0,004
018-Cycling-2y-ASAQ-DHAPPQ,96,27401.944444444445,2031,Cycling 2y ASAQ - DHAPPQ,#fb8072,0,0.0,004
018-Cycling-2y-ASAQ-DHAPPQ,97,27201.944444444445,2031,Cycling 2y ASAQ - DHAPPQ,#fb8072,0,0.0,004
018-Cycling-2y-ASAQ-DHAPPQ,98,26863.777777777777,2031,Cycling 2y ASAQ - DHAPPQ,#fb8072,0,0.0,004
018-Cycling-2y-ASAQ-DHAPPQ,99,27491.444444444445,2031,Cycling 2y ASAQ - DHAPPQ,#fb8072,0,0.0,004
019-Cycling-2y-DHAPPQ-AL,0,37553.833333333336,2031,Cycling 2y DHAPPQ - AL,#fb8072,0,33.0,004
019-Cycling-2y-DHAPPQ-AL,1,35925.72222222222,2031,Cycling 2y DHAPPQ - AL,#fb8072,0,33.0,004
019-Cycling-2y-DHAPPQ-AL,2,36172.5,2031,Cycling 2y DHAPPQ - AL,#fb8072,0,33.0,004
019-Cycling-2y-DHAPPQ-AL,3,35527.22222222222,2031,Cycling 2y DHAPPQ - AL,#fb8072,0,33.0,004
019-Cycling-2y-DHAPPQ-AL,4,36600.666666666664,2031,Cycling 2y DHAPPQ - AL,#fb8072,0,33.0,004
019-Cycling-2y-DHAPPQ-AL,5,37440.61111111111,2031,Cycling 2y DHAPPQ - AL,#fb8072,0,33.0,004
019-Cycling-2y-DHAPPQ-AL,6,38240.444444444445,2031,Cycling 2y DHAPPQ - AL,#fb8072,0,33.0,004
019-Cycling-2y-DHAPPQ-AL,7,37039.38888888889,2031,Cycling 2y DHAPPQ - AL,#fb8072,0,33.0,004
019-Cycling-2y-DHAPPQ-AL,8,36842.27777777778,2031,Cycling 2y DHAPPQ - AL,#fb8072,0,33.0,004
019-Cycling-2y-DHAPPQ-AL,9,36280.055555555555,2031,Cycling 2y DHAPPQ - AL,#fb8072,0,33.0,004
019-Cycling-2y-DHAPPQ-AL,10,36001.944444444445,2031,Cycling 2y DHAPPQ - AL,#fb8072,0,33.0,004
019-Cycling-2y-DHAPPQ-AL,11,33785.77777777778,2031,Cycling 2y DHAPPQ - AL,#fb8072,0,33.0,004
019-Cycling-2y-DHAPPQ-AL,12,37192.944444444445,2031,Cycling 2y DHAPPQ - AL,#fb8072,0,33.0,004
019-Cycling-2y-DHAPPQ-AL,13,36992.22222222222,2031,Cycling 2y DHAPPQ - AL,#fb8072,0,33.0,004
019-Cycling-2y-DHAPPQ-AL,14,35738.166666666664,2031,Cycling 2y DHAPPQ - AL,#fb8072,0,33.0,004
019-Cycling-2y-DHAPPQ-AL,15,38242.72222222222,2031,Cycling 2y DHAPPQ - AL,#fb8072,0,33.0,004
019-Cycling-2y-DHAPPQ-AL,16,37052.22222222222,2031,Cycling 2y DHAPPQ - AL,#fb8072,0,33.0,004
019-Cycling-2y-DHAPPQ-AL,17,36860.77777777778,2031,Cycling 2y DHAPPQ - AL,#fb8072,0,33.0,004
019-Cycling-2y-DHAPPQ-AL,18,38563.055555555555,2031,Cycling 2y DHAPPQ - AL,#fb8072,0,33.0,004
019-Cycling-2y-DHAPPQ-AL,19,37003.88888888889,2031,Cycling 2y DHAPPQ - AL,#fb8072,0,33.0,004
019-Cycling-2y-DHAPPQ-AL,20,36961.555555555555,2031,Cycling 2y DHAPPQ - AL,#fb8072,0,33.0,004
019-Cycling-2y-DHAPPQ-AL,21,36303.055555555555,2031,Cycling 2y DHAPPQ - AL,#fb8072,0,33.0,004
019-Cycling-2y-DHAPPQ-AL,22,35267.11111111111,2031,Cycling 2y DHAPPQ - AL,#fb8072,0,33.0,004
019-Cycling-2y-DHAPPQ-AL,23,36974.833333333336,2031,Cycling 2y DHAPPQ - AL,#fb8072,0,33.0,004
019-Cycling-2y-DHAPPQ-AL,24,36358.333333333336,2031,Cycling 2y DHAPPQ - AL,#fb8072,0,33.0,004
019-Cycling-2y-DHAPPQ-AL,25,36197.61111111111,2031,Cycling 2y DHAPPQ - AL,#fb8072,0,33.0,004
019-Cycling-2y-DHAPPQ-AL,26,39482.666666666664,2031,Cycling 2y DHAPPQ - AL,#fb8072,0,33.0,004
019-Cycling-2y-DHAPPQ-AL,27,37263.333333333336,2031,Cycling 2y DHAPPQ - AL,#fb8072,0,33.0,004
019-Cycling-2y-DHAPPQ-AL,28,35883.944444444445,2031,Cycling 2y DHAPPQ - AL,#fb8072,0,33.0,004
019-Cycling-2y-DHAPPQ-AL,29,36819.72222222222,2031,Cycling 2y DHAPPQ - AL,#fb8072,0,33.0,004
019-Cycling-2y-DHAPPQ-AL,30,36578.055555555555,2031,Cycling 2y DHAPPQ - AL,#fb8072,0,33.0,004
019-Cycling-2y-DHAPPQ-AL,31,36425.72222222222,2031,Cycling 2y DHAPPQ - AL,#fb8072,0,33.0,004
019-Cycling-2y-DHAPPQ-AL,32,36172.22222222222,2031,Cycling 2y DHAPPQ - AL,#fb8072,0,33.0,004
019-Cycling-2y-DHAPPQ-AL,33,35595.944444444445,2031,Cycling 2y DHAPPQ - AL,#fb8072,0,33.0,004
019-Cycling-2y-DHAPPQ-AL,34,37670.5,2031,Cycling 2y DHAPPQ - AL,#fb8072,0,33.0,004
019-Cycling-2y-DHAPPQ-AL,35,37402.88888888889,2031,Cycling 2y DHAPPQ - AL,#fb8072,0,33.0,004
019-Cycling-2y-DHAPPQ-AL,36,38002.11111111111,2031,Cycling 2y DHAPPQ - AL,#fb8072,0,33.0,004
019-Cycling-2y-DHAPPQ-AL,37,37557.0,2031,Cycling 2y DHAPPQ - AL,#fb8072,0,33.0,004
019-Cycling-2y-DHAPPQ-AL,38,37953.833333333336,2031,Cycling 2y DHAPPQ - AL,#fb8072,0,33.0,004
019-Cycling-2y-DHAPPQ-AL,39,37960.27777777778,2031,Cycling 2y DHAPPQ - AL,#fb8072,0,33.0,004
019-Cycling-2y-DHAPPQ-AL,40,35602.833333333336,2031,Cycling 2y DHAPPQ - AL,#fb8072,0,33.0,004
019-Cycling-2y-DHAPPQ-AL,41,36566.0,2031,Cycling 2y DHAPPQ - AL,#fb8072,0,33.0,004
019-Cycling-2y-DHAPPQ-AL,42,36772.833333333336,2031,Cycling 2y DHAPPQ - AL,#fb8072,0,33.0,004
019-Cycling-2y-DHAPPQ-AL,43,36553.72222222222,2031,Cycling 2y DHAPPQ - AL,#fb8072,0,33.0,004
019-Cycling-2y-DHAPPQ-AL,44,36071.88888888889,2031,Cycling 2y DHAPPQ - AL,#fb8072,0,33.0,004
019-Cycling-2y-DHAPPQ-AL,45,35552.27777777778,2031,Cycling 2y DHAPPQ - AL,#fb8072,0,33.0,004
019-Cycling-2y-DHAPPQ-AL,46,35410.77777777778,2031,Cycling 2y DHAPPQ - AL,#fb8072,0,33.0,004
019-Cycling-2y-DHAPPQ-AL,47,38144.444444444445,2031,Cycling 2y DHAPPQ - AL,#fb8072,0,33.0,004
019-Cycling-2y-DHAPPQ-AL,48,36944.055555555555,2031,Cycling 2y DHAPPQ - AL,#fb8072,0,33.0,004
019-Cycling-2y-DHAPPQ-AL,49,36099.0,2031,Cycling 2y DHAPPQ - AL,#fb8072,0,33.0,004
019-Cycling-2y-DHAPPQ-AL,50,35714.0,2031,Cycling 2y DHAPPQ - AL,#fb8072,0,33.0,004
019-Cycling-2y-DHAPPQ-AL,51,37318.11111111111,2031,Cycling 2y DHAPPQ - AL,#fb8072,0,33.0,004
019-Cycling-2y-DHAPPQ-AL,52,36509.22222222222,2031,Cycling 2y DHAPPQ - AL,#fb8072,0,33.0,004
019-Cycling-2y-DHAPPQ-AL,53,35477.833333333336,2031,Cycling 2y DHAPPQ - AL,#fb8072,0,33.0,004
019-Cycling-2y-DHAPPQ-AL,54,37468.666666666664,2031,Cycling 2y DHAPPQ - AL,#fb8072,0,33.0,004
019-Cycling-2y-DHAPPQ-AL,55,37847.944444444445,2031,Cycling 2y DHAPPQ - AL,#fb8072,0,33.0,004
019-Cycling-2y-DHAPPQ-AL,56,37410.77777777778,2031,Cycling 2y DHAPPQ - AL,#fb8072,0,33.0,004
019-Cycling-2y-DHAPPQ-AL,57,35856.166666666664,2031,Cycling 2y DHAPPQ - AL,#fb8072,0,33.0,004
019-Cycling-2y-DHAPPQ-AL,58,35355.5,2031,Cycling 2y DHAPPQ - AL,#fb8072,0,33.0,004
019-Cycling-2y-DHAPPQ-AL,59,35533.666666666664,2031,Cycling 2y DHAPPQ - AL,#fb8072,0,33.0,004
019-Cycling-2y-DHAPPQ-AL,60,36403.444444444445,2031,Cycling 2y DHAPPQ - AL,#fb8072,0,33.0,004
019-Cycling-2y-DHAPPQ-AL,61,37320.38888888889,2031,Cycling 2y DHAPPQ - AL,#fb8072,0,33.0,004
019-Cycling-2y-DHAPPQ-AL,62,36683.61111111111,2031,Cycling 2y DHAPPQ - AL,#fb8072,0,33.0,004
019-Cycling-2y-DHAPPQ-AL,63,36452.555555555555,2031,Cycling 2y DHAPPQ - AL,#fb8072,0,33.0,004
019-Cycling-2y-DHAPPQ-AL,64,37090.5,2031,Cycling 2y DHAPPQ - AL,#fb8072,0,33.0,004
019-Cycling-2y-DHAPPQ-AL,65,37019.5,2031,Cycling 2y DHAPPQ - AL,#fb8072,0,33.0,004
019-Cycling-2y-DHAPPQ-AL,66,35686.166666666664,2031,Cycling 2y DHAPPQ - AL,#fb8072,0,33.0,004
019-Cycling-2y-DHAPPQ-AL,67,36425.944444444445,2031,Cycling 2y DHAPPQ - AL,#fb8072,0,33.0,004
019-Cycling-2y-DHAPPQ-AL,68,36865.0,2031,Cycling 2y DHAPPQ - AL,#fb8072,0,33.0,004
019-Cycling-2y-DHAPPQ-AL,69,35788.61111111111,2031,Cycling 2y DHAPPQ - AL,#fb8072,0,33.0,004
019-Cycling-2y-DHAPPQ-AL,70,37967.77777777778,2031,Cycling 2y DHAPPQ - AL,#fb8072,0,33.0,004
019-Cycling-2y-DHAPPQ-AL,71,37809.22222222222,2031,Cycling 2y DHAPPQ - AL,#fb8072,0,33.0,004
019-Cycling-2y-DHAPPQ-AL,72,37831.0,2031,Cycling 2y DHAPPQ - AL,#fb8072,0,33.0,004
019-Cycling-2y-DHAPPQ-AL,73,36208.833333333336,2031,Cycling 2y DHAPPQ - AL,#fb8072,0,33.0,004
019-Cycling-2y-DHAPPQ-AL,74,35344.27777777778,2031,Cycling 2y DHAPPQ - AL,#fb8072,0,33.0,004
019-Cycling-2y-DHAPPQ-AL,75,35750.22222222222,2031,Cycling 2y DHAPPQ - AL,#fb8072,0,33.0,004
019-Cycling-2y-DHAPPQ-AL,76,36852.5,2031,Cycling 2y DHAPPQ - AL,#fb8072,0,33.0,004
019-Cycling-2y-DHAPPQ-AL,77,36995.333333333336,2031,Cycling 2y DHAPPQ - AL,#fb8072,0,33.0,004
019-Cycling-2y-DHAPPQ-AL,78,37633.22222222222,2031,Cycling 2y DHAPPQ - AL,#fb8072,0,33.0,004
019-Cycling-2y-DHAPPQ-AL,79,37482.77777777778,2031,Cycling 2y DHAPPQ - AL,#fb8072,0,33.0,004
019-Cycling-2y-DHAPPQ-AL,80,37632.944444444445,2031,Cycling 2y DHAPPQ - AL,#fb8072,0,33.0,004
019-Cycling-2y-DHAPPQ-AL,81,37279.88888888889,2031,Cycling 2y DHAPPQ - AL,#fb8072,0,33.0,004
019-Cycling-2y-DHAPPQ-AL,82,36455.666666666664,2031,Cycling 2y DHAPPQ - AL,#fb8072,0,33.0,004
019-Cycling-2y-DHAPPQ-AL,83,35921.444444444445,2031,Cycling 2y DHAPPQ - AL,#fb8072,0,33.0,004
019-Cycling-2y-DHAPPQ-AL,84,36432.61111111111,2031,Cycling 2y DHAPPQ - AL,#fb8072,0,33.0,004
019-Cycling-2y-DHAPPQ-AL,85,36779.055555555555,2031,Cycling 2y DHAPPQ - AL,#fb8072,0,33.0,004
019-Cycling-2y-DHAPPQ-AL,86,35834.72222222222,2031,Cycling 2y DHAPPQ - AL,#fb8072,0,33.0,004
019-Cycling-2y-DHAPPQ-AL,87,37707.055555555555,2031,Cycling 2y DHAPPQ - AL,#fb8072,0,33.0,004
019-Cycling-2y-DHAPPQ-AL,88,36207.555555555555,2031,Cycling 2y DHAPPQ - AL,#fb8072,0,33.0,004
019-Cycling-2y-DHAPPQ-AL,89,36219.72222222222,2031,Cycling 2y DHAPPQ - AL,#fb8072,0,33.0,004
019-Cycling-2y-DHAPPQ-AL,90,37750.333333333336,2031,Cycling 2y DHAPPQ - AL,#fb8072,0,33.0,004
019-Cycling-2y-DHAPPQ-AL,91,40573.27777777778,2031,Cycling 2y DHAPPQ - AL,#fb8072,0,33.0,004
019-Cycling-2y-DHAPPQ-AL,92,36519.666666666664,2031,Cycling 2y DHAPPQ - AL,#fb8072,0,33.0,004
019-Cycling-2y-DHAPPQ-AL,93,37619.22222222222,2031,Cycling 2y DHAPPQ - AL,#fb8072,0,33.0,004
019-Cycling-2y-DHAPPQ-AL,94,36375.11111111111,2031,Cycling 2y DHAPPQ - AL,#fb8072,0,33.0,004
019-Cycling-2y-DHAPPQ-AL,95,37849.5,2031,Cycling 2y DHAPPQ - AL,#fb8072,0,33.0,004
019-Cycling-2y-DHAPPQ-AL,96,35173.27777777778,2031,Cycling 2y DHAPPQ - AL,#fb8072,0,33.0,004
019-Cycling-2y-DHAPPQ-AL,97,38477.72222222222,2031,Cycling 2y DHAPPQ - AL,#fb8072,0,33.0,004
019-Cycling-2y-DHAPPQ-AL,98,36270.666666666664,2031,Cycling 2y DHAPPQ - AL,#fb8072,0,33.0,004
019-Cycling-2y-DHAPPQ-AL,99,35057.833333333336,2031,Cycling 2y DHAPPQ - AL,#fb8072,0,33.0,004
020-Cycling-2y-DHAPPQ-ASAQ,0,30711.555555555555,2031,Cycling 2y DHAPPQ - ASAQ,#fb8072,0,0.0,004
020-Cycling-2y-DHAPPQ-ASAQ,1,29596.88888888889,2031,Cycling 2y DHAPPQ - ASAQ,#fb8072,0,0.0,004
020-Cycling-2y-DHAPPQ-ASAQ,2,30723.777777777777,2031,Cycling 2y DHAPPQ - ASAQ,#fb8072,0,0.0,004
020-Cycling-2y-DHAPPQ-ASAQ,3,31183.444444444445,2031,Cycling 2y DHAPPQ - ASAQ,#fb8072,0,0.0,004
020-Cycling-2y-DHAPPQ-ASAQ,4,31284.444444444445,2031,Cycling 2y DHAPPQ - ASAQ,#fb8072,0,0.0,004
020-Cycling-2y-DHAPPQ-ASAQ,5,31472.833333333332,2031,Cycling 2y DHAPPQ - ASAQ,#fb8072,0,0.0,004
020-Cycling-2y-DHAPPQ-ASAQ,6,30019.277777777777,2031,Cycling 2y DHAPPQ - ASAQ,#fb8072,0,0.0,004
020-Cycling-2y-DHAPPQ-ASAQ,7,30369.666666666668,2031,Cycling 2y DHAPPQ - ASAQ,#fb8072,0,0.0,004
020-Cycling-2y-DHAPPQ-ASAQ,8,31248.11111111111,2031,Cycling 2y DHAPPQ - ASAQ,#fb8072,0,0.0,004
020-Cycling-2y-DHAPPQ-ASAQ,9,33655.055555555555,2031,Cycling 2y DHAPPQ - ASAQ,#fb8072,0,0.0,004
020-Cycling-2y-DHAPPQ-ASAQ,10,30478.833333333332,2031,Cycling 2y DHAPPQ - ASAQ,#fb8072,0,0.0,004
020-Cycling-2y-DHAPPQ-ASAQ,11,32018.444444444445,2031,Cycling 2y DHAPPQ - ASAQ,#fb8072,0,0.0,004
020-Cycling-2y-DHAPPQ-ASAQ,12,30470.88888888889,2031,Cycling 2y DHAPPQ - ASAQ,#fb8072,0,0.0,004
020-Cycling-2y-DHAPPQ-ASAQ,13,31486.166666666668,2031,Cycling 2y DHAPPQ - ASAQ,#fb8072,0,0.0,004
020-Cycling-2y-DHAPPQ-ASAQ,14,31077.333333333332,2031,Cycling 2y DHAPPQ - ASAQ,#fb8072,0,0.0,004
020-Cycling-2y-DHAPPQ-ASAQ,15,30781.61111111111,2031,Cycling 2y DHAPPQ - ASAQ,#fb8072,0,0.0,004
020-Cycling-2y-DHAPPQ-ASAQ,16,30203.722222222223,2031,Cycling 2y DHAPPQ - ASAQ,#fb8072,0,0.0,004
020-Cycling-2y-DHAPPQ-ASAQ,17,29742.722222222223,2031,Cycling 2y DHAPPQ - ASAQ,#fb8072,0,0.0,004
020-Cycling-2y-DHAPPQ-ASAQ,18,30740.944444444445,2031,Cycling 2y DHAPPQ - ASAQ,#fb8072,0,0.0,004
020-Cycling-2y-DHAPPQ-ASAQ,19,30199.277777777777,2031,Cycling 2y DHAPPQ - ASAQ,#fb8072,0,0.0,004
020-Cycling-2y-DHAPPQ-ASAQ,20,29317.88888888889,2031,Cycling 2y DHAPPQ - ASAQ,#fb8072,0,0.0,004
020-Cycling-2y-DHAPPQ-ASAQ,21,30344.0,2031,Cycling 2y DHAPPQ - ASAQ,#fb8072,0,0.0,004
020-Cycling-2y-DHAPPQ-ASAQ,22,30969.166666666668,2031,Cycling 2y DHAPPQ - ASAQ,#fb8072,0,0.0,004
020-Cycling-2y-DHAPPQ-ASAQ,23,31327.333333333332,2031,Cycling 2y DHAPPQ - ASAQ,#fb8072,0,0.0,004
020-Cycling-2y-DHAPPQ-ASAQ,24,30804.5,2031,Cycling 2y DHAPPQ - ASAQ,#fb8072,0,0.0,004
020-Cycling-2y-DHAPPQ-ASAQ,25,29657.0,2031,Cycling 2y DHAPPQ - ASAQ,#fb8072,0,0.0,004
020-Cycling-2y-DHAPPQ-ASAQ,26,29889.444444444445,2031,Cycling 2y DHAPPQ - ASAQ,#fb8072,0,0.0,004
020-Cycling-2y-DHAPPQ-ASAQ,27,29725.666666666668,2031,Cycling 2y DHAPPQ - ASAQ,#fb8072,0,0.0,004
020-Cycling-2y-DHAPPQ-ASAQ,28,30011.333333333332,2031,Cycling 2y DHAPPQ - ASAQ,#fb8072,0,0.0,004
020-Cycling-2y-DHAPPQ-ASAQ,29,31630.666666666668,2031,Cycling 2y DHAPPQ - ASAQ,#fb8072,0,0.0,004
020-Cycling-2y-DHAPPQ-ASAQ,30,32042.11111111111,2031,Cycling 2y DHAPPQ - ASAQ,#fb8072,0,0.0,004
020-Cycling-2y-DHAPPQ-ASAQ,31,31618.333333333332,2031,Cycling 2y DHAPPQ - ASAQ,#fb8072,0,0.0,004
020-Cycling-2y-DHAPPQ-ASAQ,32,29921.0,2031,Cycling 2y DHAPPQ - ASAQ,#fb8072,0,0.0,004
020-Cycling-2y-DHAPPQ-ASAQ,33,30259.333333333332,2031,Cycling 2y DHAPPQ - ASAQ,#fb8072,0,0.0,004
020-Cycling-2y-DHAPPQ-ASAQ,34,31479.277777777777,2031,Cycling 2y DHAPPQ - ASAQ,#fb8072,0,0.0,004
020-Cycling-2y-DHAPPQ-ASAQ,35,29610.277777777777,2031,Cycling 2y DHAPPQ - ASAQ,#fb8072,0,0.0,004
020-Cycling-2y-DHAPPQ-ASAQ,36,31381.555555555555,2031,Cycling 2y DHAPPQ - ASAQ,#fb8072,0,0.0,004
020-Cycling-2y-DHAPPQ-ASAQ,37,29865.277777777777,2031,Cycling 2y DHAPPQ - ASAQ,#fb8072,0,0.0,004
020-Cycling-2y-DHAPPQ-ASAQ,38,30032.666666666668,2031,Cycling 2y DHAPPQ - ASAQ,#fb8072,0,0.0,004
020-Cycling-2y-DHAPPQ-ASAQ,39,30651.166666666668,2031,Cycling 2y DHAPPQ - ASAQ,#fb8072,0,0.0,004
020-Cycling-2y-DHAPPQ-ASAQ,40,29003.0,2031,Cycling 2y DHAPPQ - ASAQ,#fb8072,0,0.0,004
020-Cycling-2y-DHAPPQ-ASAQ,41,29408.055555555555,2031,Cycling 2y DHAPPQ - ASAQ,#fb8072,0,0.0,004
020-Cycling-2y-DHAPPQ-ASAQ,42,30031.5,2031,Cycling 2y DHAPPQ - ASAQ,#fb8072,0,0.0,004
020-Cycling-2y-DHAPPQ-ASAQ,43,29951.61111111111,2031,Cycling 2y DHAPPQ - ASAQ,#fb8072,0,0.0,004
020-Cycling-2y-DHAPPQ-ASAQ,44,30804.444444444445,2031,Cycling 2y DHAPPQ - ASAQ,#fb8072,0,0.0,004
020-Cycling-2y-DHAPPQ-ASAQ,45,33525.11111111111,2031,Cycling 2y DHAPPQ - ASAQ,#fb8072,0,0.0,004
020-Cycling-2y-DHAPPQ-ASAQ,46,30495.88888888889,2031,Cycling 2y DHAPPQ - ASAQ,#fb8072,0,0.0,004
020-Cycling-2y-DHAPPQ-ASAQ,47,30358.88888888889,2031,Cycling 2y DHAPPQ - ASAQ,#fb8072,0,0.0,004
020-Cycling-2y-DHAPPQ-ASAQ,48,29742.0,2031,Cycling 2y DHAPPQ - ASAQ,#fb8072,0,0.0,004
020-Cycling-2y-DHAPPQ-ASAQ,49,29984.61111111111,2031,Cycling 2y DHAPPQ - ASAQ,#fb8072,0,0.0,004
020-Cycling-2y-DHAPPQ-ASAQ,50,30387.222222222223,2031,Cycling 2y DHAPPQ - ASAQ,#fb8072,0,0.0,004
020-Cycling-2y-DHAPPQ-ASAQ,51,29776.88888888889,2031,Cycling 2y DHAPPQ - ASAQ,#fb8072,0,0.0,004
020-Cycling-2y-DHAPPQ-ASAQ,52,30217.444444444445,2031,Cycling 2y DHAPPQ - ASAQ,#fb8072,0,0.0,004
020-Cycling-2y-DHAPPQ-ASAQ,53,30771.833333333332,2031,Cycling 2y DHAPPQ - ASAQ,#fb8072,0,0.0,004
020-Cycling-2y-DHAPPQ-ASAQ,54,30440.666666666668,2031,Cycling 2y DHAPPQ - ASAQ,#fb8072,0,0.0,004
020-Cycling-2y-DHAPPQ-ASAQ,55,30170.222222222223,2031,Cycling 2y DHAPPQ - ASAQ,#fb8072,0,0.0,004
020-Cycling-2y-DHAPPQ-ASAQ,56,30444.944444444445,2031,Cycling 2y DHAPPQ - ASAQ,#fb8072,0,0.0,004
020-Cycling-2y-DHAPPQ-ASAQ,57,31723.222222222223,2031,Cycling 2y DHAPPQ - ASAQ,#fb8072,0,0.0,004
020-Cycling-2y-DHAPPQ-ASAQ,58,30316.333333333332,2031,Cycling 2y DHAPPQ - ASAQ,#fb8072,0,0.0,004
020-Cycling-2y-DHAPPQ-ASAQ,59,30153.944444444445,2031,Cycling 2y DHAPPQ - ASAQ,#fb8072,0,0.0,004
020-Cycling-2y-DHAPPQ-ASAQ,60,30093.555555555555,2031,Cycling 2y DHAPPQ - ASAQ,#fb8072,0,0.0,004
020-Cycling-2y-DHAPPQ-ASAQ,61,31837.833333333332,2031,Cycling 2y DHAPPQ - ASAQ,#fb8072,0,0.0,004
020-Cycling-2y-DHAPPQ-ASAQ,62,31577.0,2031,Cycling 2y DHAPPQ - ASAQ,#fb8072,0,0.0,004
020-Cycling-2y-DHAPPQ-ASAQ,63,29849.38888888889,2031,Cycling 2y DHAPPQ - ASAQ,#fb8072,0,0.0,004
020-Cycling-2y-DHAPPQ-ASAQ,64,29935.88888888889,2031,Cycling 2y DHAPPQ - ASAQ,#fb8072,0,0.0,004
020-Cycling-2y-DHAPPQ-ASAQ,65,30081.444444444445,2031,Cycling 2y DHAPPQ - ASAQ,#fb8072,0,0.0,004
020-Cycling-2y-DHAPPQ-ASAQ,66,30134.777777777777,2031,Cycling 2y DHAPPQ - ASAQ,#fb8072,0,0.0,004
020-Cycling-2y-DHAPPQ-ASAQ,67,31324.88888888889,2031,Cycling 2y DHAPPQ - ASAQ,#fb8072,0,0.0,004
020-Cycling-2y-DHAPPQ-ASAQ,68,29724.444444444445,2031,Cycling 2y DHAPPQ - ASAQ,#fb8072,0,0.0,004
020-Cycling-2y-DHAPPQ-ASAQ,69,30688.0,2031,Cycling 2y DHAPPQ - ASAQ,#fb8072,0,0.0,004
020-Cycling-2y-DHAPPQ-ASAQ,70,31751.0,2031,Cycling 2y DHAPPQ - ASAQ,#fb8072,0,0.0,004
020-Cycling-2y-DHAPPQ-ASAQ,71,29686.88888888889,2031,Cycling 2y DHAPPQ - ASAQ,#fb8072,0,0.0,004
020-Cycling-2y-DHAPPQ-ASAQ,72,29555.333333333332,2031,Cycling 2y DHAPPQ - ASAQ,#fb8072,0,0.0,004
020-Cycling-2y-DHAPPQ-ASAQ,73,30370.166666666668,2031,Cycling 2y DHAPPQ - ASAQ,#fb8072,0,0.0,004
020-Cycling-2y-DHAPPQ-ASAQ,74,31416.0,2031,Cycling 2y DHAPPQ - ASAQ,#fb8072,0,0.0,004
020-Cycling-2y-DHAPPQ-ASAQ,75,30282.38888888889,2031,Cycling 2y DHAPPQ - ASAQ,#fb8072,0,0.0,004
020-Cycling-2y-DHAPPQ-ASAQ,76,29967.277777777777,2031,Cycling 2y DHAPPQ - ASAQ,#fb8072,0,0.0,004
020-Cycling-2y-DHAPPQ-ASAQ,77,30837.0,2031,Cycling 2y DHAPPQ - ASAQ,#fb8072,0,0.0,004
020-Cycling-2y-DHAPPQ-ASAQ,78,30084.0,2031,Cycling 2y DHAPPQ - ASAQ,#fb8072,0,0.0,004
020-Cycling-2y-DHAPPQ-ASAQ,79,31400.666666666668,2031,Cycling 2y DHAPPQ - ASAQ,#fb8072,0,0.0,004
020-Cycling-2y-DHAPPQ-ASAQ,80,31324.166666666668,2031,Cycling 2y DHAPPQ - ASAQ,#fb8072,0,0.0,004
020-Cycling-2y-DHAPPQ-ASAQ,81,28634.055555555555,2031,Cycling 2y DHAPPQ - ASAQ,#fb8072,0,0.0,004
020-Cycling-2y-DHAPPQ-ASAQ,82,31553.444444444445,2031,Cycling 2y DHAPPQ - ASAQ,#fb8072,0,0.0,004
020-Cycling-2y-DHAPPQ-ASAQ,83,31261.5,2031,Cycling 2y DHAPPQ - ASAQ,#fb8072,0,0.0,004
020-Cycling-2y-DHAPPQ-ASAQ,84,30584.38888888889,2031,Cycling 2y DHAPPQ - ASAQ,#fb8072,0,0.0,004
020-Cycling-2y-DHAPPQ-ASAQ,85,31175.722222222223,2031,Cycling 2y DHAPPQ - ASAQ,#fb8072,0,0.0,004
020-Cycling-2y-DHAPPQ-ASAQ,86,29727.722222222223,2031,Cycling 2y DHAPPQ - ASAQ,#fb8072,0,0.0,004
020-Cycling-2y-DHAPPQ-ASAQ,87,29519.333333333332,2031,Cycling 2y DHAPPQ - ASAQ,#fb8072,0,0.0,004
020-Cycling-2y-DHAPPQ-ASAQ,88,30575.0,2031,Cycling 2y DHAPPQ - ASAQ,#fb8072,0,0.0,004
020-Cycling-2y-DHAPPQ-ASAQ,89,29699.722222222223,2031,Cycling 2y DHAPPQ - ASAQ,#fb8072,0,0.0,004
020-Cycling-2y-DHAPPQ-ASAQ,90,31860.61111111111,2031,Cycling 2y DHAPPQ - ASAQ,#fb8072,0,0.0,004
020-Cycling-2y-DHAPPQ-ASAQ,91,30862.333333333332,2031,Cycling 2y DHAPPQ - ASAQ,#fb8072,0,0.0,004
020-Cycling-2y-DHAPPQ-ASAQ,92,30083.722222222223,2031,Cycling 2y DHAPPQ - ASAQ,#fb8072,0,0.0,004
020-Cycling-2y-DHAPPQ-ASAQ,93,30078.333333333332,2031,Cycling 2y DHAPPQ - ASAQ,#fb8072,0,0.0,004
020-Cycling-2y-DHAPPQ-ASAQ,94,31040.055555555555,2031,Cycling 2y DHAPPQ - ASAQ,#fb8072,0,0.0,004
020-Cycling-2y-DHAPPQ-ASAQ,95,30241.833333333332,2031,Cycling 2y DHAPPQ - ASAQ,#fb8072,0,0.0,004
020-Cycling-2y-DHAPPQ-ASAQ,96,29556.833333333332,2031,Cycling 2y DHAPPQ - ASAQ,#fb8072,0,0.0,004
020-Cycling-2y-DHAPPQ-ASAQ,97,30978.222222222223,2031,Cycling 2y DHAPPQ - ASAQ,#fb8072,0,0.0,004
020-Cycling-2y-DHAPPQ-ASAQ,98,30956.277777777777,2031,Cycling 2y DHAPPQ - ASAQ,#fb8072,0,0.0,004
020-Cycling-2y-DHAPPQ-ASAQ,99,30027.444444444445,2031,Cycling 2y DHAPPQ - ASAQ,#fb8072,0,0.0,004
021-Cycling-2y-AL-ASAQ-DHAPPQ,0,33459.666666666664,2031,Cycling 2y AL - ASAQ - DHAPPQ,#8dd3c7,0,33.0,004
021-Cycling-2y-AL-ASAQ-DHAPPQ,1,31970.333333333332,2031,Cycling 2y AL - ASAQ - DHAPPQ,#8dd3c7,0,33.0,004
021-Cycling-2y-AL-ASAQ-DHAPPQ,2,33580.88888888889,2031,Cycling 2y AL - ASAQ - DHAPPQ,#8dd3c7,0,33.0,004
021-Cycling-2y-AL-ASAQ-DHAPPQ,3,31491.5,2031,Cycling 2y AL - ASAQ - DHAPPQ,#8dd3c7,0,33.0,004
021-Cycling-2y-AL-ASAQ-DHAPPQ,4,32818.333333333336,2031,Cycling 2y AL - ASAQ - DHAPPQ,#8dd3c7,0,33.0,004
021-Cycling-2y-AL-ASAQ-DHAPPQ,5,32576.277777777777,2031,Cycling 2y AL - ASAQ - DHAPPQ,#8dd3c7,0,33.0,004
021-Cycling-2y-AL-ASAQ-DHAPPQ,6,34562.72222222222,2031,Cycling 2y AL - ASAQ - DHAPPQ,#8dd3c7,0,33.0,004
021-Cycling-2y-AL-ASAQ-DHAPPQ,7,32457.833333333332,2031,Cycling 2y AL - ASAQ - DHAPPQ,#8dd3c7,0,33.0,004
021-Cycling-2y-AL-ASAQ-DHAPPQ,8,32881.27777777778,2031,Cycling 2y AL - ASAQ - DHAPPQ,#8dd3c7,0,33.0,004
021-Cycling-2y-AL-ASAQ-DHAPPQ,9,30893.722222222223,2031,Cycling 2y AL - ASAQ - DHAPPQ,#8dd3c7,0,33.0,004
021-Cycling-2y-AL-ASAQ-DHAPPQ,10,32720.722222222223,2031,Cycling 2y AL - ASAQ - DHAPPQ,#8dd3c7,0,33.0,004
021-Cycling-2y-AL-ASAQ-DHAPPQ,11,32743.0,2031,Cycling 2y AL - ASAQ - DHAPPQ,#8dd3c7,0,33.0,004
021-Cycling-2y-AL-ASAQ-DHAPPQ,12,32669.38888888889,2031,Cycling 2y AL - ASAQ - DHAPPQ,#8dd3c7,0,33.0,004
021-Cycling-2y-AL-ASAQ-DHAPPQ,13,34996.055555555555,2031,Cycling 2y AL - ASAQ - DHAPPQ,#8dd3c7,0,33.0,004
021-Cycling-2y-AL-ASAQ-DHAPPQ,14,32103.333333333332,2031,Cycling 2y AL - ASAQ - DHAPPQ,#8dd3c7,0,33.0,004
021-Cycling-2y-AL-ASAQ-DHAPPQ,15,32583.61111111111,2031,Cycling 2y AL - ASAQ - DHAPPQ,#8dd3c7,0,33.0,004
021-Cycling-2y-AL-ASAQ-DHAPPQ,16,32307.38888888889,2031,Cycling 2y AL - ASAQ - DHAPPQ,#8dd3c7,0,33.0,004
021-Cycling-2y-AL-ASAQ-DHAPPQ,17,32484.277777777777,2031,Cycling 2y AL - ASAQ - DHAPPQ,#8dd3c7,0,33.0,004
021-Cycling-2y-AL-ASAQ-DHAPPQ,18,32600.666666666668,2031,Cycling 2y AL - ASAQ - DHAPPQ,#8dd3c7,0,33.0,004
021-Cycling-2y-AL-ASAQ-DHAPPQ,19,33172.555555555555,2031,Cycling 2y AL - ASAQ - DHAPPQ,#8dd3c7,0,33.0,004
021-Cycling-2y-AL-ASAQ-DHAPPQ,20,31814.333333333332,2031,Cycling 2y AL - ASAQ - DHAPPQ,#8dd3c7,0,33.0,004
021-Cycling-2y-AL-ASAQ-DHAPPQ,21,34434.555555555555,2031,Cycling 2y AL - ASAQ - DHAPPQ,#8dd3c7,0,33.0,004
021-Cycling-2y-AL-ASAQ-DHAPPQ,22,32353.666666666668,2031,Cycling 2y AL - ASAQ - DHAPPQ,#8dd3c7,0,33.0,004
021-Cycling-2y-AL-ASAQ-DHAPPQ,23,33131.944444444445,2031,Cycling 2y AL - ASAQ - DHAPPQ,#8dd3c7,0,33.0,004
021-Cycling-2y-AL-ASAQ-DHAPPQ,24,33056.555555555555,2031,Cycling 2y AL - ASAQ - DHAPPQ,#8dd3c7,0,33.0,004
021-Cycling-2y-AL-ASAQ-DHAPPQ,25,33496.5,2031,Cycling 2y AL - ASAQ - DHAPPQ,#8dd3c7,0,33.0,004
021-Cycling-2y-AL-ASAQ-DHAPPQ,26,32356.0,2031,Cycling 2y AL - ASAQ - DHAPPQ,#8dd3c7,0,33.0,004
021-Cycling-2y-AL-ASAQ-DHAPPQ,27,32645.333333333332,2031,Cycling 2y AL - ASAQ - DHAPPQ,#8dd3c7,0,33.0,004
021-Cycling-2y-AL-ASAQ-DHAPPQ,28,33252.0,2031,Cycling 2y AL - ASAQ - DHAPPQ,#8dd3c7,0,33.0,004
021-Cycling-2y-AL-ASAQ-DHAPPQ,29,31697.944444444445,2031,Cycling 2y AL - ASAQ - DHAPPQ,#8dd3c7,0,33.0,004
021-Cycling-2y-AL-ASAQ-DHAPPQ,30,33659.5,2031,Cycling 2y AL - ASAQ - DHAPPQ,#8dd3c7,0,33.0,004
021-Cycling-2y-AL-ASAQ-DHAPPQ,31,33373.11111111111,2031,Cycling 2y AL - ASAQ - DHAPPQ,#8dd3c7,0,33.0,004
021-Cycling-2y-AL-ASAQ-DHAPPQ,32,32346.277777777777,2031,Cycling 2y AL - ASAQ - DHAPPQ,#8dd3c7,0,33.0,004
021-Cycling-2y-AL-ASAQ-DHAPPQ,33,32779.333333333336,2031,Cycling 2y AL - ASAQ - DHAPPQ,#8dd3c7,0,33.0,004
021-Cycling-2y-AL-ASAQ-DHAPPQ,34,33673.22222222222,2031,Cycling 2y AL - ASAQ - DHAPPQ,#8dd3c7,0,33.0,004
021-Cycling-2y-AL-ASAQ-DHAPPQ,35,32638.277777777777,2031,Cycling 2y AL - ASAQ - DHAPPQ,#8dd3c7,0,33.0,004
021-Cycling-2y-AL-ASAQ-DHAPPQ,36,33052.333333333336,2031,Cycling 2y AL - ASAQ - DHAPPQ,#8dd3c7,0,33.0,004
021-Cycling-2y-AL-ASAQ-DHAPPQ,37,32327.222222222223,2031,Cycling 2y AL - ASAQ - DHAPPQ,#8dd3c7,0,33.0,004
021-Cycling-2y-AL-ASAQ-DHAPPQ,38,33980.22222222222,2031,Cycling 2y AL - ASAQ - DHAPPQ,#8dd3c7,0,33.0,004
021-Cycling-2y-AL-ASAQ-DHAPPQ,39,31558.166666666668,2031,Cycling 2y AL - ASAQ - DHAPPQ,#8dd3c7,0,33.0,004
021-Cycling-2y-AL-ASAQ-DHAPPQ,40,32344.222222222223,2031,Cycling 2y AL - ASAQ - DHAPPQ,#8dd3c7,0,33.0,004
021-Cycling-2y-AL-ASAQ-DHAPPQ,41,32090.88888888889,2031,Cycling 2y AL - ASAQ - DHAPPQ,#8dd3c7,0,33.0,004
021-Cycling-2y-AL-ASAQ-DHAPPQ,42,33319.555555555555,2031,Cycling 2y AL - ASAQ - DHAPPQ,#8dd3c7,0,33.0,004
021-Cycling-2y-AL-ASAQ-DHAPPQ,43,32581.88888888889,2031,Cycling 2y AL - ASAQ - DHAPPQ,#8dd3c7,0,33.0,004
021-Cycling-2y-AL-ASAQ-DHAPPQ,44,33059.833333333336,2031,Cycling 2y AL - ASAQ - DHAPPQ,#8dd3c7,0,33.0,004
021-Cycling-2y-AL-ASAQ-DHAPPQ,45,32503.777777777777,2031,Cycling 2y AL - ASAQ - DHAPPQ,#8dd3c7,0,33.0,004
021-Cycling-2y-AL-ASAQ-DHAPPQ,46,32845.555555555555,2031,Cycling 2y AL - ASAQ - DHAPPQ,#8dd3c7,0,33.0,004
021-Cycling-2y-AL-ASAQ-DHAPPQ,47,32553.5,2031,Cycling 2y AL - ASAQ - DHAPPQ,#8dd3c7,0,33.0,004
021-Cycling-2y-AL-ASAQ-DHAPPQ,48,32633.0,2031,Cycling 2y AL - ASAQ - DHAPPQ,#8dd3c7,0,33.0,004
021-Cycling-2y-AL-ASAQ-DHAPPQ,49,32762.444444444445,2031,Cycling 2y AL - ASAQ - DHAPPQ,#8dd3c7,0,33.0,004
021-Cycling-2y-AL-ASAQ-DHAPPQ,50,32949.666666666664,2031,Cycling 2y AL - ASAQ - DHAPPQ,#8dd3c7,0,33.0,004
021-Cycling-2y-AL-ASAQ-DHAPPQ,51,32423.055555555555,2031,Cycling 2y AL - ASAQ - DHAPPQ,#8dd3c7,0,33.0,004
021-Cycling-2y-AL-ASAQ-DHAPPQ,52,33379.27777777778,2031,Cycling 2y AL - ASAQ - DHAPPQ,#8dd3c7,0,33.0,004
021-Cycling-2y-AL-ASAQ-DHAPPQ,53,32626.666666666668,2031,Cycling 2y AL - ASAQ - DHAPPQ,#8dd3c7,0,33.0,004
021-Cycling-2y-AL-ASAQ-DHAPPQ,54,32046.333333333332,2031,Cycling 2y AL - ASAQ - DHAPPQ,#8dd3c7,0,33.0,004
021-Cycling-2y-AL-ASAQ-DHAPPQ,55,32050.944444444445,2031,Cycling 2y AL - ASAQ - DHAPPQ,#8dd3c7,0,33.0,004
021-Cycling-2y-AL-ASAQ-DHAPPQ,56,32557.833333333332,2031,Cycling 2y AL - ASAQ - DHAPPQ,#8dd3c7,0,33.0,004
021-Cycling-2y-AL-ASAQ-DHAPPQ,57,31915.222222222223,2031,Cycling 2y AL - ASAQ - DHAPPQ,#8dd3c7,0,33.0,004
021-Cycling-2y-AL-ASAQ-DHAPPQ,58,32837.555555555555,2031,Cycling 2y AL - ASAQ - DHAPPQ,#8dd3c7,0,33.0,004
021-Cycling-2y-AL-ASAQ-DHAPPQ,59,32944.666666666664,2031,Cycling 2y AL - ASAQ - DHAPPQ,#8dd3c7,0,33.0,004
021-Cycling-2y-AL-ASAQ-DHAPPQ,60,32165.055555555555,2031,Cycling 2y AL - ASAQ - DHAPPQ,#8dd3c7,0,33.0,004
021-Cycling-2y-AL-ASAQ-DHAPPQ,61,33262.0,2031,Cycling 2y AL - ASAQ - DHAPPQ,#8dd3c7,0,33.0,004
021-Cycling-2y-AL-ASAQ-DHAPPQ,62,32669.666666666668,2031,Cycling 2y AL - ASAQ - DHAPPQ,#8dd3c7,0,33.0,004
021-Cycling-2y-AL-ASAQ-DHAPPQ,63,33790.166666666664,2031,Cycling 2y AL - ASAQ - DHAPPQ,#8dd3c7,0,33.0,004
021-Cycling-2y-AL-ASAQ-DHAPPQ,64,32540.0,2031,Cycling 2y AL - ASAQ - DHAPPQ,#8dd3c7,0,33.0,004
021-Cycling-2y-AL-ASAQ-DHAPPQ,65,32755.333333333332,2031,Cycling 2y AL - ASAQ - DHAPPQ,#8dd3c7,0,33.0,004
021-Cycling-2y-AL-ASAQ-DHAPPQ,66,31823.61111111111,2031,Cycling 2y AL - ASAQ - DHAPPQ,#8dd3c7,0,33.0,004
021-Cycling-2y-AL-ASAQ-DHAPPQ,67,33065.944444444445,2031,Cycling 2y AL - ASAQ - DHAPPQ,#8dd3c7,0,33.0,004
021-Cycling-2y-AL-ASAQ-DHAPPQ,68,32471.277777777777,2031,Cycling 2y AL - ASAQ - DHAPPQ,#8dd3c7,0,33.0,004
021-Cycling-2y-AL-ASAQ-DHAPPQ,69,31756.777777777777,2031,Cycling 2y AL - ASAQ - DHAPPQ,#8dd3c7,0,33.0,004
021-Cycling-2y-AL-ASAQ-DHAPPQ,70,32365.444444444445,2031,Cycling 2y AL - ASAQ - DHAPPQ,#8dd3c7,0,33.0,004
021-Cycling-2y-AL-ASAQ-DHAPPQ,71,33306.11111111111,2031,Cycling 2y AL - ASAQ - DHAPPQ,#8dd3c7,0,33.0,004
021-Cycling-2y-AL-ASAQ-DHAPPQ,72,33293.88888888889,2031,Cycling 2y AL - ASAQ - DHAPPQ,#8dd3c7,0,33.0,004
021-Cycling-2y-AL-ASAQ-DHAPPQ,73,30888.944444444445,2031,Cycling 2y AL - ASAQ - DHAPPQ,#8dd3c7,0,33.0,004
021-Cycling-2y-AL-ASAQ-DHAPPQ,74,32572.11111111111,2031,Cycling 2y AL - ASAQ - DHAPPQ,#8dd3c7,0,33.0,004
021-Cycling-2y-AL-ASAQ-DHAPPQ,75,33138.27777777778,2031,Cycling 2y AL - ASAQ - DHAPPQ,#8dd3c7,0,33.0,004
021-Cycling-2y-AL-ASAQ-DHAPPQ,76,32857.055555555555,2031,Cycling 2y AL - ASAQ - DHAPPQ,#8dd3c7,0,33.0,004
021-Cycling-2y-AL-ASAQ-DHAPPQ,77,33222.77777777778,2031,Cycling 2y AL - ASAQ - DHAPPQ,#8dd3c7,0,33.0,004
021-Cycling-2y-AL-ASAQ-DHAPPQ,78,32633.777777777777,2031,Cycling 2y AL - ASAQ - DHAPPQ,#8dd3c7,0,33.0,004
021-Cycling-2y-AL-ASAQ-DHAPPQ,79,32908.555555555555,2031,Cycling 2y AL - ASAQ - DHAPPQ,#8dd3c7,0,33.0,004
021-Cycling-2y-AL-ASAQ-DHAPPQ,80,32301.88888888889,2031,Cycling 2y AL - ASAQ - DHAPPQ,#8dd3c7,0,33.0,004
021-Cycling-2y-AL-ASAQ-DHAPPQ,81,32516.0,2031,Cycling 2y AL - ASAQ - DHAPPQ,#8dd3c7,0,33.0,004
021-Cycling-2y-AL-ASAQ-DHAPPQ,82,32108.222222222223,2031,Cycling 2y AL - ASAQ - DHAPPQ,#8dd3c7,0,33.0,004
021-Cycling-2y-AL-ASAQ-DHAPPQ,83,31291.5,2031,Cycling 2y AL - ASAQ - DHAPPQ,#8dd3c7,0,33.0,004
021-Cycling-2y-AL-ASAQ-DHAPPQ,84,32207.166666666668,2031,Cycling 2y AL - ASAQ - DHAPPQ,#8dd3c7,0,33.0,004
021-Cycling-2y-AL-ASAQ-DHAPPQ,85,32387.5,2031,Cycling 2y AL - ASAQ - DHAPPQ,#8dd3c7,0,33.0,004
021-Cycling-2y-AL-ASAQ-DHAPPQ,86,32081.833333333332,2031,Cycling 2y AL - ASAQ - DHAPPQ,#8dd3c7,0,33.0,004
021-Cycling-2y-AL-ASAQ-DHAPPQ,87,34680.88888888889,2031,Cycling 2y AL - ASAQ - DHAPPQ,#8dd3c7,0,33.0,004
021-Cycling-2y-AL-ASAQ-DHAPPQ,88,32774.88888888889,2031,Cycling 2y AL - ASAQ - DHAPPQ,#8dd3c7,0,33.0,004
021-Cycling-2y-AL-ASAQ-DHAPPQ,89,32519.166666666668,2031,Cycling 2y AL - ASAQ - DHAPPQ,#8dd3c7,0,33.0,004
021-Cycling-2y-AL-ASAQ-DHAPPQ,90,32988.77777777778,2031,Cycling 2y AL - ASAQ - DHAPPQ,#8dd3c7,0,33.0,004
021-Cycling-2y-AL-ASAQ-DHAPPQ,91,32689.166666666668,2031,Cycling 2y AL - ASAQ - DHAPPQ,#8dd3c7,0,33.0,004
021-Cycling-2y-AL-ASAQ-DHAPPQ,92,33346.88888888889,2031,Cycling 2y AL - ASAQ - DHAPPQ,#8dd3c7,0,33.0,004
021-Cycling-2y-AL-ASAQ-DHAPPQ,93,34341.88888888889,2031,Cycling 2y AL - ASAQ - DHAPPQ,#8dd3c7,0,33.0,004
021-Cycling-2y-AL-ASAQ-DHAPPQ,94,32151.055555555555,2031,Cycling 2y AL - ASAQ - DHAPPQ,#8dd3c7,0,33.0,004
021-Cycling-2y-AL-ASAQ-DHAPPQ,95,33055.166666666664,2031,Cycling 2y AL - ASAQ - DHAPPQ,#8dd3c7,0,33.0,004
021-Cycling-2y-AL-ASAQ-DHAPPQ,96,30803.61111111111,2031,Cycling 2y AL - ASAQ - DHAPPQ,#8dd3c7,0,33.0,004
021-Cycling-2y-AL-ASAQ-DHAPPQ,97,31990.88888888889,2031,Cycling 2y AL - ASAQ - DHAPPQ,#8dd3c7,0,33.0,004
021-Cycling-2y-AL-ASAQ-DHAPPQ,98,32734.055555555555,2031,Cycling 2y AL - ASAQ - DHAPPQ,#8dd3c7,0,33.0,004
021-Cycling-2y-AL-ASAQ-DHAPPQ,99,33510.944444444445,2031,Cycling 2y AL - ASAQ - DHAPPQ,#8dd3c7,0,33.0,004
022-Cycling-2y-AL-DHAPPQ-ASAQ,0,32393.61111111111,2031,Cycling 2y AL - DHAPPQ - ASAQ,#8dd3c7,0,33.0,004
022-Cycling-2y-AL-DHAPPQ-ASAQ,1,32977.5,2031,Cycling 2y AL - DHAPPQ - ASAQ,#8dd3c7,0,33.0,004
022-Cycling-2y-AL-DHAPPQ-ASAQ,2,34232.666666666664,2031,Cycling 2y AL - DHAPPQ - ASAQ,#8dd3c7,0,33.0,004
022-Cycling-2y-AL-DHAPPQ-ASAQ,3,33498.88888888889,2031,Cycling 2y AL - DHAPPQ - ASAQ,#8dd3c7,0,33.0,004
022-Cycling-2y-AL-DHAPPQ-ASAQ,4,32348.055555555555,2031,Cycling 2y AL - DHAPPQ - ASAQ,#8dd3c7,0,33.0,004
022-Cycling-2y-AL-DHAPPQ-ASAQ,5,32580.666666666668,2031,Cycling 2y AL - DHAPPQ - ASAQ,#8dd3c7,0,33.0,004
022-Cycling-2y-AL-DHAPPQ-ASAQ,6,33106.88888888889,2031,Cycling 2y AL - DHAPPQ - ASAQ,#8dd3c7,0,33.0,004
022-Cycling-2y-AL-DHAPPQ-ASAQ,7,33401.166666666664,2031,Cycling 2y AL - DHAPPQ - ASAQ,#8dd3c7,0,33.0,004
022-Cycling-2y-AL-DHAPPQ-ASAQ,8,34332.27777777778,2031,Cycling 2y AL - DHAPPQ - ASAQ,#8dd3c7,0,33.0,004
022-Cycling-2y-AL-DHAPPQ-ASAQ,9,33106.0,2031,Cycling 2y AL - DHAPPQ - ASAQ,#8dd3c7,0,33.0,004
022-Cycling-2y-AL-DHAPPQ-ASAQ,10,34564.166666666664,2031,Cycling 2y AL - DHAPPQ - ASAQ,#8dd3c7,0,33.0,004
022-Cycling-2y-AL-DHAPPQ-ASAQ,11,32216.88888888889,2031,Cycling 2y AL - DHAPPQ - ASAQ,#8dd3c7,0,33.0,004
022-Cycling-2y-AL-DHAPPQ-ASAQ,12,33125.0,2031,Cycling 2y AL - DHAPPQ - ASAQ,#8dd3c7,0,33.0,004
022-Cycling-2y-AL-DHAPPQ-ASAQ,13,33679.833333333336,2031,Cycling 2y AL - DHAPPQ - ASAQ,#8dd3c7,0,33.0,004
022-Cycling-2y-AL-DHAPPQ-ASAQ,14,33655.72222222222,2031,Cycling 2y AL - DHAPPQ - ASAQ,#8dd3c7,0,33.0,004
022-Cycling-2y-AL-DHAPPQ-ASAQ,15,32140.5,2031,Cycling 2y AL - DHAPPQ - ASAQ,#8dd3c7,0,33.0,004
022-Cycling-2y-AL-DHAPPQ-ASAQ,16,33047.055555555555,2031,Cycling 2y AL - DHAPPQ - ASAQ,#8dd3c7,0,33.0,004
022-Cycling-2y-AL-DHAPPQ-ASAQ,17,32642.38888888889,2031,Cycling 2y AL - DHAPPQ - ASAQ,#8dd3c7,0,33.0,004
022-Cycling-2y-AL-DHAPPQ-ASAQ,18,32935.22222222222,2031,Cycling 2y AL - DHAPPQ - ASAQ,#8dd3c7,0,33.0,004
022-Cycling-2y-AL-DHAPPQ-ASAQ,19,32394.11111111111,2031,Cycling 2y AL - DHAPPQ - ASAQ,#8dd3c7,0,33.0,004
022-Cycling-2y-AL-DHAPPQ-ASAQ,20,33796.666666666664,2031,Cycling 2y AL - DHAPPQ - ASAQ,#8dd3c7,0,33.0,004
022-Cycling-2y-AL-DHAPPQ-ASAQ,21,32911.72222222222,2031,Cycling 2y AL - DHAPPQ - ASAQ,#8dd3c7,0,33.0,004
022-Cycling-2y-AL-DHAPPQ-ASAQ,22,31592.666666666668,2031,Cycling 2y AL - DHAPPQ - ASAQ,#8dd3c7,0,33.0,004
022-Cycling-2y-AL-DHAPPQ-ASAQ,23,33128.5,2031,Cycling 2y AL - DHAPPQ - ASAQ,#8dd3c7,0,33.0,004
022-Cycling-2y-AL-DHAPPQ-ASAQ,24,33099.77777777778,2031,Cycling 2y AL - DHAPPQ - ASAQ,#8dd3c7,0,33.0,004
022-Cycling-2y-AL-DHAPPQ-ASAQ,25,33689.38888888889,2031,Cycling 2y AL - DHAPPQ - ASAQ,#8dd3c7,0,33.0,004
022-Cycling-2y-AL-DHAPPQ-ASAQ,26,33185.61111111111,2031,Cycling 2y AL - DHAPPQ - ASAQ,#8dd3c7,0,33.0,004
022-Cycling-2y-AL-DHAPPQ-ASAQ,27,32603.11111111111,2031,Cycling 2y AL - DHAPPQ - ASAQ,#8dd3c7,0,33.0,004
022-Cycling-2y-AL-DHAPPQ-ASAQ,28,32280.11111111111,2031,Cycling 2y AL - DHAPPQ - ASAQ,#8dd3c7,0,33.0,004
022-Cycling-2y-AL-DHAPPQ-ASAQ,29,33272.944444444445,2031,Cycling 2y AL - DHAPPQ - ASAQ,#8dd3c7,0,33.0,004
022-Cycling-2y-AL-DHAPPQ-ASAQ,30,33613.22222222222,2031,Cycling 2y AL - DHAPPQ - ASAQ,#8dd3c7,0,33.0,004
022-Cycling-2y-AL-DHAPPQ-ASAQ,31,32869.22222222222,2031,Cycling 2y AL - DHAPPQ - ASAQ,#8dd3c7,0,33.0,004
022-Cycling-2y-AL-DHAPPQ-ASAQ,32,34150.444444444445,2031,Cycling 2y AL - DHAPPQ - ASAQ,#8dd3c7,0,33.0,004
022-Cycling-2y-AL-DHAPPQ-ASAQ,33,33756.333333333336,2031,Cycling 2y AL - DHAPPQ - ASAQ,#8dd3c7,0,33.0,004
022-Cycling-2y-AL-DHAPPQ-ASAQ,34,32663.61111111111,2031,Cycling 2y AL - DHAPPQ - ASAQ,#8dd3c7,0,33.0,004
022-Cycling-2y-AL-DHAPPQ-ASAQ,35,32292.38888888889,2031,Cycling 2y AL - DHAPPQ - ASAQ,#8dd3c7,0,33.0,004
022-Cycling-2y-AL-DHAPPQ-ASAQ,36,32708.777777777777,2031,Cycling 2y AL - DHAPPQ - ASAQ,#8dd3c7,0,33.0,004
022-Cycling-2y-AL-DHAPPQ-ASAQ,37,33441.444444444445,2031,Cycling 2y AL - DHAPPQ - ASAQ,#8dd3c7,0,33.0,004
022-Cycling-2y-AL-DHAPPQ-ASAQ,38,31948.944444444445,2031,Cycling 2y AL - DHAPPQ - ASAQ,#8dd3c7,0,33.0,004
022-Cycling-2y-AL-DHAPPQ-ASAQ,39,33025.72222222222,2031,Cycling 2y AL - DHAPPQ - ASAQ,#8dd3c7,0,33.0,004
022-Cycling-2y-AL-DHAPPQ-ASAQ,40,33104.833333333336,2031,Cycling 2y AL - DHAPPQ - ASAQ,#8dd3c7,0,33.0,004
022-Cycling-2y-AL-DHAPPQ-ASAQ,41,32704.0,2031,Cycling 2y AL - DHAPPQ - ASAQ,#8dd3c7,0,33.0,004
022-Cycling-2y-AL-DHAPPQ-ASAQ,42,32931.444444444445,2031,Cycling 2y AL - DHAPPQ - ASAQ,#8dd3c7,0,33.0,004
022-Cycling-2y-AL-DHAPPQ-ASAQ,43,35236.11111111111,2031,Cycling 2y AL - DHAPPQ - ASAQ,#8dd3c7,0,33.0,004
022-Cycling-2y-AL-DHAPPQ-ASAQ,44,32812.333333333336,2031,Cycling 2y AL - DHAPPQ - ASAQ,#8dd3c7,0,33.0,004
022-Cycling-2y-AL-DHAPPQ-ASAQ,45,33236.11111111111,2031,Cycling 2y AL - DHAPPQ - ASAQ,#8dd3c7,0,33.0,004
022-Cycling-2y-AL-DHAPPQ-ASAQ,46,32407.444444444445,2031,Cycling 2y AL - DHAPPQ - ASAQ,#8dd3c7,0,33.0,004
022-Cycling-2y-AL-DHAPPQ-ASAQ,47,33848.166666666664,2031,Cycling 2y AL - DHAPPQ - ASAQ,#8dd3c7,0,33.0,004
022-Cycling-2y-AL-DHAPPQ-ASAQ,48,32809.72222222222,2031,Cycling 2y AL - DHAPPQ - ASAQ,#8dd3c7,0,33.0,004
022-Cycling-2y-AL-DHAPPQ-ASAQ,49,33344.61111111111,2031,Cycling 2y AL - DHAPPQ - ASAQ,#8dd3c7,0,33.0,004
022-Cycling-2y-AL-DHAPPQ-ASAQ,50,32095.722222222223,2031,Cycling 2y AL - DHAPPQ - ASAQ,#8dd3c7,0,33.0,004
022-Cycling-2y-AL-DHAPPQ-ASAQ,51,32851.5,2031,Cycling 2y AL - DHAPPQ - ASAQ,#8dd3c7,0,33.0,004
022-Cycling-2y-AL-DHAPPQ-ASAQ,52,33573.38888888889,2031,Cycling 2y AL - DHAPPQ - ASAQ,#8dd3c7,0,33.0,004
022-Cycling-2y-AL-DHAPPQ-ASAQ,53,32341.666666666668,2031,Cycling 2y AL - DHAPPQ - ASAQ,#8dd3c7,0,33.0,004
022-Cycling-2y-AL-DHAPPQ-ASAQ,54,32702.222222222223,2031,Cycling 2y AL - DHAPPQ - ASAQ,#8dd3c7,0,33.0,004
022-Cycling-2y-AL-DHAPPQ-ASAQ,55,34510.38888888889,2031,Cycling 2y AL - DHAPPQ - ASAQ,#8dd3c7,0,33.0,004
022-Cycling-2y-AL-DHAPPQ-ASAQ,56,32877.555555555555,2031,Cycling 2y AL - DHAPPQ - ASAQ,#8dd3c7,0,33.0,004
022-Cycling-2y-AL-DHAPPQ-ASAQ,57,32727.666666666668,2031,Cycling 2y AL - DHAPPQ - ASAQ,#8dd3c7,0,33.0,004
022-Cycling-2y-AL-DHAPPQ-ASAQ,58,32726.777777777777,2031,Cycling 2y AL - DHAPPQ - ASAQ,#8dd3c7,0,33.0,004
022-Cycling-2y-AL-DHAPPQ-ASAQ,59,32986.61111111111,2031,Cycling 2y AL - DHAPPQ - ASAQ,#8dd3c7,0,33.0,004
022-Cycling-2y-AL-DHAPPQ-ASAQ,60,32354.61111111111,2031,Cycling 2y AL - DHAPPQ - ASAQ,#8dd3c7,0,33.0,004
022-Cycling-2y-AL-DHAPPQ-ASAQ,61,32596.444444444445,2031,Cycling 2y AL - DHAPPQ - ASAQ,#8dd3c7,0,33.0,004
022-Cycling-2y-AL-DHAPPQ-ASAQ,62,33076.5,2031,Cycling 2y AL - DHAPPQ - ASAQ,#8dd3c7,0,33.0,004
022-Cycling-2y-AL-DHAPPQ-ASAQ,63,32918.666666666664,2031,Cycling 2y AL - DHAPPQ - ASAQ,#8dd3c7,0,33.0,004
022-Cycling-2y-AL-DHAPPQ-ASAQ,64,33248.333333333336,2031,Cycling 2y AL - DHAPPQ - ASAQ,#8dd3c7,0,33.0,004
022-Cycling-2y-AL-DHAPPQ-ASAQ,65,34091.444444444445,2031,Cycling 2y AL - DHAPPQ - ASAQ,#8dd3c7,0,33.0,004
022-Cycling-2y-AL-DHAPPQ-ASAQ,66,32874.77777777778,2031,Cycling 2y AL - DHAPPQ - ASAQ,#8dd3c7,0,33.0,004
022-Cycling-2y-AL-DHAPPQ-ASAQ,67,32870.444444444445,2031,Cycling 2y AL - DHAPPQ - ASAQ,#8dd3c7,0,33.0,004
022-Cycling-2y-AL-DHAPPQ-ASAQ,68,33297.72222222222,2031,Cycling 2y AL - DHAPPQ - ASAQ,#8dd3c7,0,33.0,004
022-Cycling-2y-AL-DHAPPQ-ASAQ,69,32797.11111111111,2031,Cycling 2y AL - DHAPPQ - ASAQ,#8dd3c7,0,33.0,004
022-Cycling-2y-AL-DHAPPQ-ASAQ,70,33891.444444444445,2031,Cycling 2y AL - DHAPPQ - ASAQ,#8dd3c7,0,33.0,004
022-Cycling-2y-AL-DHAPPQ-ASAQ,71,32385.055555555555,2031,Cycling 2y AL - DHAPPQ - ASAQ,#8dd3c7,0,33.0,004
022-Cycling-2y-AL-DHAPPQ-ASAQ,72,34610.0,2031,Cycling 2y AL - DHAPPQ - ASAQ,#8dd3c7,0,33.0,004
022-Cycling-2y-AL-DHAPPQ-ASAQ,73,33608.72222222222,2031,Cycling 2y AL - DHAPPQ - ASAQ,#8dd3c7,0,33.0,004
022-Cycling-2y-AL-DHAPPQ-ASAQ,74,32498.277777777777,2031,Cycling 2y AL - DHAPPQ - ASAQ,#8dd3c7,0,33.0,004
022-Cycling-2y-AL-DHAPPQ-ASAQ,75,33184.72222222222,2031,Cycling 2y AL - DHAPPQ - ASAQ,#8dd3c7,0,33.0,004
022-Cycling-2y-AL-DHAPPQ-ASAQ,76,33245.055555555555,2031,Cycling 2y AL - DHAPPQ - ASAQ,#8dd3c7,0,33.0,004
022-Cycling-2y-AL-DHAPPQ-ASAQ,77,32308.61111111111,2031,Cycling 2y AL - DHAPPQ - ASAQ,#8dd3c7,0,33.0,004
022-Cycling-2y-AL-DHAPPQ-ASAQ,78,33678.88888888889,2031,Cycling 2y AL - DHAPPQ - ASAQ,#8dd3c7,0,33.0,004
022-Cycling-2y-AL-DHAPPQ-ASAQ,79,33063.0,2031,Cycling 2y AL - DHAPPQ - ASAQ,#8dd3c7,0,33.0,004
022-Cycling-2y-AL-DHAPPQ-ASAQ,80,33608.22222222222,2031,Cycling 2y AL - DHAPPQ - ASAQ,#8dd3c7,0,33.0,004
022-Cycling-2y-AL-DHAPPQ-ASAQ,81,32665.222222222223,2031,Cycling 2y AL - DHAPPQ - ASAQ,#8dd3c7,0,33.0,004
022-Cycling-2y-AL-DHAPPQ-ASAQ,82,33334.27777777778,2031,Cycling 2y AL - DHAPPQ - ASAQ,#8dd3c7,0,33.0,004
022-Cycling-2y-AL-DHAPPQ-ASAQ,83,32329.0,2031,Cycling 2y AL - DHAPPQ - ASAQ,#8dd3c7,0,33.0,004
022-Cycling-2y-AL-DHAPPQ-ASAQ,84,31643.11111111111,2031,Cycling 2y AL - DHAPPQ - ASAQ,#8dd3c7,0,33.0,004
022-Cycling-2y-AL-DHAPPQ-ASAQ,85,32761.5,2031,Cycling 2y AL - DHAPPQ - ASAQ,#8dd3c7,0,33.0,004
022-Cycling-2y-AL-DHAPPQ-ASAQ,86,33011.61111111111,2031,Cycling 2y AL - DHAPPQ - ASAQ,#8dd3c7,0,33.0,004
022-Cycling-2y-AL-DHAPPQ-ASAQ,87,33963.333333333336,2031,Cycling 2y AL - DHAPPQ - ASAQ,#8dd3c7,0,33.0,004
022-Cycling-2y-AL-DHAPPQ-ASAQ,88,32765.38888888889,2031,Cycling 2y AL - DHAPPQ - ASAQ,#8dd3c7,0,33.0,004
022-Cycling-2y-AL-DHAPPQ-ASAQ,89,33540.5,2031,Cycling 2y AL - DHAPPQ - ASAQ,#8dd3c7,0,33.0,004
022-Cycling-2y-AL-DHAPPQ-ASAQ,90,33688.72222222222,2031,Cycling 2y AL - DHAPPQ - ASAQ,#8dd3c7,0,33.0,004
022-Cycling-2y-AL-DHAPPQ-ASAQ,91,33061.88888888889,2031,Cycling 2y AL - DHAPPQ - ASAQ,#8dd3c7,0,33.0,004
022-Cycling-2y-AL-DHAPPQ-ASAQ,92,33831.666666666664,2031,Cycling 2y AL - DHAPPQ - ASAQ,#8dd3c7,0,33.0,004
022-Cycling-2y-AL-DHAPPQ-ASAQ,93,33314.11111111111,2031,Cycling 2y AL - DHAPPQ - ASAQ,#8dd3c7,0,33.0,004
022-Cycling-2y-AL-DHAPPQ-ASAQ,94,32128.38888888889,2031,Cycling 2y AL - DHAPPQ - ASAQ,#8dd3c7,0,33.0,004
022-Cycling-2y-AL-DHAPPQ-ASAQ,95,33929.833333333336,2031,Cycling 2y AL - DHAPPQ - ASAQ,#8dd3c7,0,33.0,004
022-Cycling-2y-AL-DHAPPQ-ASAQ,96,32829.444444444445,2031,Cycling 2y AL - DHAPPQ - ASAQ,#8dd3c7,0,33.0,004
022-Cycling-2y-AL-DHAPPQ-ASAQ,97,33005.72222222222,2031,Cycling 2y AL - DHAPPQ - ASAQ,#8dd3c7,0,33.0,004
022-Cycling-2y-AL-DHAPPQ-ASAQ,98,32466.166666666668,2031,Cycling 2y AL - DHAPPQ - ASAQ,#8dd3c7,0,33.0,004
022-Cycling-2y-AL-DHAPPQ-ASAQ,99,33491.38888888889,2031,Cycling 2y AL - DHAPPQ - ASAQ,#8dd3c7,0,33.0,004
023-Cycling-2y-ASAQ-AL-DHAPPQ,0,33834.055555555555,2031,Cycling 2y ASAQ - AL - DHAPPQ,#8dd3c7,0,33.0,004
023-Cycling-2y-ASAQ-AL-DHAPPQ,1,31770.944444444445,2031,Cycling 2y ASAQ - AL - DHAPPQ,#8dd3c7,0,33.0,004
023-Cycling-2y-ASAQ-AL-DHAPPQ,2,33011.77777777778,2031,Cycling 2y ASAQ - AL - DHAPPQ,#8dd3c7,0,33.0,004
023-Cycling-2y-ASAQ-AL-DHAPPQ,3,33218.055555555555,2031,Cycling 2y ASAQ - AL - DHAPPQ,#8dd3c7,0,33.0,004
023-Cycling-2y-ASAQ-AL-DHAPPQ,4,34178.666666666664,2031,Cycling 2y ASAQ - AL - DHAPPQ,#8dd3c7,0,33.0,004
023-Cycling-2y-ASAQ-AL-DHAPPQ,5,32400.333333333332,2031,Cycling 2y ASAQ - AL - DHAPPQ,#8dd3c7,0,33.0,004
023-Cycling-2y-ASAQ-AL-DHAPPQ,6,32680.055555555555,2031,Cycling 2y ASAQ - AL - DHAPPQ,#8dd3c7,0,33.0,004
023-Cycling-2y-ASAQ-AL-DHAPPQ,7,32962.77777777778,2031,Cycling 2y ASAQ - AL - DHAPPQ,#8dd3c7,0,33.0,004
023-Cycling-2y-ASAQ-AL-DHAPPQ,8,32822.333333333336,2031,Cycling 2y ASAQ - AL - DHAPPQ,#8dd3c7,0,33.0,004
023-Cycling-2y-ASAQ-AL-DHAPPQ,9,33435.27777777778,2031,Cycling 2y ASAQ - AL - DHAPPQ,#8dd3c7,0,33.0,004
023-Cycling-2y-ASAQ-AL-DHAPPQ,10,33052.444444444445,2031,Cycling 2y ASAQ - AL - DHAPPQ,#8dd3c7,0,33.0,004
023-Cycling-2y-ASAQ-AL-DHAPPQ,11,32925.944444444445,2031,Cycling 2y ASAQ - AL - DHAPPQ,#8dd3c7,0,33.0,004
023-Cycling-2y-ASAQ-AL-DHAPPQ,12,32804.055555555555,2031,Cycling 2y ASAQ - AL - DHAPPQ,#8dd3c7,0,33.0,004
023-Cycling-2y-ASAQ-AL-DHAPPQ,13,32306.666666666668,2031,Cycling 2y ASAQ - AL - DHAPPQ,#8dd3c7,0,33.0,004
023-Cycling-2y-ASAQ-AL-DHAPPQ,14,34577.88888888889,2031,Cycling 2y ASAQ - AL - DHAPPQ,#8dd3c7,0,33.0,004
023-Cycling-2y-ASAQ-AL-DHAPPQ,15,32666.055555555555,2031,Cycling 2y ASAQ - AL - DHAPPQ,#8dd3c7,0,33.0,004
023-Cycling-2y-ASAQ-AL-DHAPPQ,16,33889.944444444445,2031,Cycling 2y ASAQ - AL - DHAPPQ,#8dd3c7,0,33.0,004
023-Cycling-2y-ASAQ-AL-DHAPPQ,17,32255.5,2031,Cycling 2y ASAQ - AL - DHAPPQ,#8dd3c7,0,33.0,004
023-Cycling-2y-ASAQ-AL-DHAPPQ,18,32522.055555555555,2031,Cycling 2y ASAQ - AL - DHAPPQ,#8dd3c7,0,33.0,004
023-Cycling-2y-ASAQ-AL-DHAPPQ,19,32475.5,2031,Cycling 2y ASAQ - AL - DHAPPQ,#8dd3c7,0,33.0,004
023-Cycling-2y-ASAQ-AL-DHAPPQ,20,33525.833333333336,2031,Cycling 2y ASAQ - AL - DHAPPQ,#8dd3c7,0,33.0,004
023-Cycling-2y-ASAQ-AL-DHAPPQ,21,32986.0,2031,Cycling 2y ASAQ - AL - DHAPPQ,#8dd3c7,0,33.0,004
023-Cycling-2y-ASAQ-AL-DHAPPQ,22,33196.944444444445,2031,Cycling 2y ASAQ - AL - DHAPPQ,#8dd3c7,0,33.0,004
023-Cycling-2y-ASAQ-AL-DHAPPQ,23,32484.722222222223,2031,Cycling 2y ASAQ - AL - DHAPPQ,#8dd3c7,0,33.0,004
023-Cycling-2y-ASAQ-AL-DHAPPQ,24,33139.0,2031,Cycling 2y ASAQ - AL - DHAPPQ,#8dd3c7,0,33.0,004
023-Cycling-2y-ASAQ-AL-DHAPPQ,25,33529.666666666664,2031,Cycling 2y ASAQ - AL - DHAPPQ,#8dd3c7,0,33.0,004
023-Cycling-2y-ASAQ-AL-DHAPPQ,26,33926.38888888889,2031,Cycling 2y ASAQ - AL - DHAPPQ,#8dd3c7,0,33.0,004
023-Cycling-2y-ASAQ-AL-DHAPPQ,27,32494.444444444445,2031,Cycling 2y ASAQ - AL - DHAPPQ,#8dd3c7,0,33.0,004
023-Cycling-2y-ASAQ-AL-DHAPPQ,28,33535.666666666664,2031,Cycling 2y ASAQ - AL - DHAPPQ,#8dd3c7,0,33.0,004
023-Cycling-2y-ASAQ-AL-DHAPPQ,29,34143.61111111111,2031,Cycling 2y ASAQ - AL - DHAPPQ,#8dd3c7,0,33.0,004
023-Cycling-2y-ASAQ-AL-DHAPPQ,30,31784.944444444445,2031,Cycling 2y ASAQ - AL - DHAPPQ,#8dd3c7,0,33.0,004
023-Cycling-2y-ASAQ-AL-DHAPPQ,31,32186.777777777777,2031,Cycling 2y ASAQ - AL - DHAPPQ,#8dd3c7,0,33.0,004
023-Cycling-2y-ASAQ-AL-DHAPPQ,32,33282.22222222222,2031,Cycling 2y ASAQ - AL - DHAPPQ,#8dd3c7,0,33.0,004
023-Cycling-2y-ASAQ-AL-DHAPPQ,33,32795.61111111111,2031,Cycling 2y ASAQ - AL - DHAPPQ,#8dd3c7,0,33.0,004
023-Cycling-2y-ASAQ-AL-DHAPPQ,34,32330.444444444445,2031,Cycling 2y ASAQ - AL - DHAPPQ,#8dd3c7,0,33.0,004
023-Cycling-2y-ASAQ-AL-DHAPPQ,35,32624.333333333332,2031,Cycling 2y ASAQ - AL - DHAPPQ,#8dd3c7,0,33.0,004
023-Cycling-2y-ASAQ-AL-DHAPPQ,36,33360.61111111111,2031,Cycling 2y ASAQ - AL - DHAPPQ,#8dd3c7,0,33.0,004
023-Cycling-2y-ASAQ-AL-DHAPPQ,37,32226.61111111111,2031,Cycling 2y ASAQ - AL - DHAPPQ,#8dd3c7,0,33.0,004
023-Cycling-2y-ASAQ-AL-DHAPPQ,38,32510.277777777777,2031,Cycling 2y ASAQ - AL - DHAPPQ,#8dd3c7,0,33.0,004
023-Cycling-2y-ASAQ-AL-DHAPPQ,39,33512.944444444445,2031,Cycling 2y ASAQ - AL - DHAPPQ,#8dd3c7,0,33.0,004
023-Cycling-2y-ASAQ-AL-DHAPPQ,40,34837.555555555555,2031,Cycling 2y ASAQ - AL - DHAPPQ,#8dd3c7,0,33.0,004
023-Cycling-2y-ASAQ-AL-DHAPPQ,41,33070.055555555555,2031,Cycling 2y ASAQ - AL - DHAPPQ,#8dd3c7,0,33.0,004
023-Cycling-2y-ASAQ-AL-DHAPPQ,42,34415.444444444445,2031,Cycling 2y ASAQ - AL - DHAPPQ,#8dd3c7,0,33.0,004
023-Cycling-2y-ASAQ-AL-DHAPPQ,43,32369.666666666668,2031,Cycling 2y ASAQ - AL - DHAPPQ,#8dd3c7,0,33.0,004
023-Cycling-2y-ASAQ-AL-DHAPPQ,44,33840.38888888889,2031,Cycling 2y ASAQ - AL - DHAPPQ,#8dd3c7,0,33.0,004
023-Cycling-2y-ASAQ-AL-DHAPPQ,45,32274.61111111111,2031,Cycling 2y ASAQ - AL - DHAPPQ,#8dd3c7,0,33.0,004
023-Cycling-2y-ASAQ-AL-DHAPPQ,46,32762.61111111111,2031,Cycling 2y ASAQ - AL - DHAPPQ,#8dd3c7,0,33.0,004
023-Cycling-2y-ASAQ-AL-DHAPPQ,47,33038.88888888889,2031,Cycling 2y ASAQ - AL - DHAPPQ,#8dd3c7,0,33.0,004
023-Cycling-2y-ASAQ-AL-DHAPPQ,48,32733.88888888889,2031,Cycling 2y ASAQ - AL - DHAPPQ,#8dd3c7,0,33.0,004
023-Cycling-2y-ASAQ-AL-DHAPPQ,49,33598.22222222222,2031,Cycling 2y ASAQ - AL - DHAPPQ,#8dd3c7,0,33.0,004
023-Cycling-2y-ASAQ-AL-DHAPPQ,50,32687.055555555555,2031,Cycling 2y ASAQ - AL - DHAPPQ,#8dd3c7,0,33.0,004
023-Cycling-2y-ASAQ-AL-DHAPPQ,51,32546.38888888889,2031,Cycling 2y ASAQ - AL - DHAPPQ,#8dd3c7,0,33.0,004
023-Cycling-2y-ASAQ-AL-DHAPPQ,52,32451.333333333332,2031,Cycling 2y ASAQ - AL - DHAPPQ,#8dd3c7,0,33.0,004
023-Cycling-2y-ASAQ-AL-DHAPPQ,53,32536.055555555555,2031,Cycling 2y ASAQ - AL - DHAPPQ,#8dd3c7,0,33.0,004
023-Cycling-2y-ASAQ-AL-DHAPPQ,54,33321.444444444445,2031,Cycling 2y ASAQ - AL - DHAPPQ,#8dd3c7,0,33.0,004
023-Cycling-2y-ASAQ-AL-DHAPPQ,55,33357.444444444445,2031,Cycling 2y ASAQ - AL - DHAPPQ,#8dd3c7,0,33.0,004
023-Cycling-2y-ASAQ-AL-DHAPPQ,56,34029.666666666664,2031,Cycling 2y ASAQ - AL - DHAPPQ,#8dd3c7,0,33.0,004
023-Cycling-2y-ASAQ-AL-DHAPPQ,57,32888.0,2031,Cycling 2y ASAQ - AL - DHAPPQ,#8dd3c7,0,33.0,004
023-Cycling-2y-ASAQ-AL-DHAPPQ,58,33236.38888888889,2031,Cycling 2y ASAQ - AL - DHAPPQ,#8dd3c7,0,33.0,004
023-Cycling-2y-ASAQ-AL-DHAPPQ,59,34008.0,2031,Cycling 2y ASAQ - AL - DHAPPQ,#8dd3c7,0,33.0,004
023-Cycling-2y-ASAQ-AL-DHAPPQ,60,32369.61111111111,2031,Cycling 2y ASAQ - AL - DHAPPQ,#8dd3c7,0,33.0,004
023-Cycling-2y-ASAQ-AL-DHAPPQ,61,33176.333333333336,2031,Cycling 2y ASAQ - AL - DHAPPQ,#8dd3c7,0,33.0,004
023-Cycling-2y-ASAQ-AL-DHAPPQ,62,34080.11111111111,2031,Cycling 2y ASAQ - AL - DHAPPQ,#8dd3c7,0,33.0,004
023-Cycling-2y-ASAQ-AL-DHAPPQ,63,33435.11111111111,2031,Cycling 2y ASAQ - AL - DHAPPQ,#8dd3c7,0,33.0,004
023-Cycling-2y-ASAQ-AL-DHAPPQ,64,31691.222222222223,2031,Cycling 2y ASAQ - AL - DHAPPQ,#8dd3c7,0,33.0,004
023-Cycling-2y-ASAQ-AL-DHAPPQ,65,33962.38888888889,2031,Cycling 2y ASAQ - AL - DHAPPQ,#8dd3c7,0,33.0,004
023-Cycling-2y-ASAQ-AL-DHAPPQ,66,33292.833333333336,2031,Cycling 2y ASAQ - AL - DHAPPQ,#8dd3c7,0,33.0,004
023-Cycling-2y-ASAQ-AL-DHAPPQ,67,32695.222222222223,2031,Cycling 2y ASAQ - AL - DHAPPQ,#8dd3c7,0,33.0,004
023-Cycling-2y-ASAQ-AL-DHAPPQ,68,34391.61111111111,2031,Cycling 2y ASAQ - AL - DHAPPQ,#8dd3c7,0,33.0,004
023-Cycling-2y-ASAQ-AL-DHAPPQ,69,32484.0,2031,Cycling 2y ASAQ - AL - DHAPPQ,#8dd3c7,0,33.0,004
023-Cycling-2y-ASAQ-AL-DHAPPQ,70,33007.38888888889,2031,Cycling 2y ASAQ - AL - DHAPPQ,#8dd3c7,0,33.0,004
023-Cycling-2y-ASAQ-AL-DHAPPQ,71,33057.61111111111,2031,Cycling 2y ASAQ - AL - DHAPPQ,#8dd3c7,0,33.0,004
023-Cycling-2y-ASAQ-AL-DHAPPQ,72,32667.222222222223,2031,Cycling 2y ASAQ - AL - DHAPPQ,#8dd3c7,0,33.0,004
023-Cycling-2y-ASAQ-AL-DHAPPQ,73,33475.27777777778,2031,Cycling 2y ASAQ - AL - DHAPPQ,#8dd3c7,0,33.0,004
023-Cycling-2y-ASAQ-AL-DHAPPQ,74,32843.38888888889,2031,Cycling 2y ASAQ - AL - DHAPPQ,#8dd3c7,0,33.0,004
023-Cycling-2y-ASAQ-AL-DHAPPQ,75,31807.61111111111,2031,Cycling 2y ASAQ - AL - DHAPPQ,#8dd3c7,0,33.0,004
023-Cycling-2y-ASAQ-AL-DHAPPQ,76,33894.555555555555,2031,Cycling 2y ASAQ - AL - DHAPPQ,#8dd3c7,0,33.0,004
023-Cycling-2y-ASAQ-AL-DHAPPQ,77,34788.77777777778,2031,Cycling 2y ASAQ - AL - DHAPPQ,#8dd3c7,0,33.0,004
023-Cycling-2y-ASAQ-AL-DHAPPQ,78,32802.5,2031,Cycling 2y ASAQ - AL - DHAPPQ,#8dd3c7,0,33.0,004
023-Cycling-2y-ASAQ-AL-DHAPPQ,79,32057.777777777777,2031,Cycling 2y ASAQ - AL - DHAPPQ,#8dd3c7,0,33.0,004
023-Cycling-2y-ASAQ-AL-DHAPPQ,80,32963.333333333336,2031,Cycling 2y ASAQ - AL - DHAPPQ,#8dd3c7,0,33.0,004
023-Cycling-2y-ASAQ-AL-DHAPPQ,81,33029.055555555555,2031,Cycling 2y ASAQ - AL - DHAPPQ,#8dd3c7,0,33.0,004
023-Cycling-2y-ASAQ-AL-DHAPPQ,82,32446.666666666668,2031,Cycling 2y ASAQ - AL - DHAPPQ,#8dd3c7,0,33.0,004
023-Cycling-2y-ASAQ-AL-DHAPPQ,83,32738.5,2031,Cycling 2y ASAQ - AL - DHAPPQ,#8dd3c7,0,33.0,004
023-Cycling-2y-ASAQ-AL-DHAPPQ,84,33165.77777777778,2031,Cycling 2y ASAQ - AL - DHAPPQ,#8dd3c7,0,33.0,004
023-Cycling-2y-ASAQ-AL-DHAPPQ,85,32192.777777777777,2031,Cycling 2y ASAQ - AL - DHAPPQ,#8dd3c7,0,33.0,004
023-Cycling-2y-ASAQ-AL-DHAPPQ,86,33215.055555555555,2031,Cycling 2y ASAQ - AL - DHAPPQ,#8dd3c7,0,33.0,004
023-Cycling-2y-ASAQ-AL-DHAPPQ,87,32656.722222222223,2031,Cycling 2y ASAQ - AL - DHAPPQ,#8dd3c7,0,33.0,004
023-Cycling-2y-ASAQ-AL-DHAPPQ,88,33589.0,2031,Cycling 2y ASAQ - AL - DHAPPQ,#8dd3c7,0,33.0,004
023-Cycling-2y-ASAQ-AL-DHAPPQ,89,32868.5,2031,Cycling 2y ASAQ - AL - DHAPPQ,#8dd3c7,0,33.0,004
023-Cycling-2y-ASAQ-AL-DHAPPQ,90,35188.444444444445,2031,Cycling 2y ASAQ - AL - DHAPPQ,#8dd3c7,0,33.0,004
023-Cycling-2y-ASAQ-AL-DHAPPQ,91,33323.0,2031,Cycling 2y ASAQ - AL - DHAPPQ,#8dd3c7,0,33.0,004
023-Cycling-2y-ASAQ-AL-DHAPPQ,92,32271.944444444445,2031,Cycling 2y ASAQ - AL - DHAPPQ,#8dd3c7,0,33.0,004
023-Cycling-2y-ASAQ-AL-DHAPPQ,93,32985.666666666664,2031,Cycling 2y ASAQ - AL - DHAPPQ,#8dd3c7,0,33.0,004
023-Cycling-2y-ASAQ-AL-DHAPPQ,94,33149.166666666664,2031,Cycling 2y ASAQ - AL - DHAPPQ,#8dd3c7,0,33.0,004
023-Cycling-2y-ASAQ-AL-DHAPPQ,95,32779.5,2031,Cycling 2y ASAQ - AL - DHAPPQ,#8dd3c7,0,33.0,004
023-Cycling-2y-ASAQ-AL-DHAPPQ,96,33224.444444444445,2031,Cycling 2y ASAQ - AL - DHAPPQ,#8dd3c7,0,33.0,004
023-Cycling-2y-ASAQ-AL-DHAPPQ,97,33585.944444444445,2031,Cycling 2y ASAQ - AL - DHAPPQ,#8dd3c7,0,33.0,004
023-Cycling-2y-ASAQ-AL-DHAPPQ,98,32532.555555555555,2031,Cycling 2y ASAQ - AL - DHAPPQ,#8dd3c7,0,33.0,004
023-Cycling-2y-ASAQ-AL-DHAPPQ,99,33952.666666666664,2031,Cycling 2y ASAQ - AL - DHAPPQ,#8dd3c7,0,33.0,004
024-Cycling-2y-ASAQ-DHAPPQ-AL,0,33759.77777777778,2031,Cycling 2y ASAQ - DHAPPQ - AL,#8dd3c7,0,33.0,004
024-Cycling-2y-ASAQ-DHAPPQ-AL,1,33080.666666666664,2031,Cycling 2y ASAQ - DHAPPQ - AL,#8dd3c7,0,33.0,004
024-Cycling-2y-ASAQ-DHAPPQ-AL,2,33261.5,2031,Cycling 2y ASAQ - DHAPPQ - AL,#8dd3c7,0,33.0,004
024-Cycling-2y-ASAQ-DHAPPQ-AL,3,32878.72222222222,2031,Cycling 2y ASAQ - DHAPPQ - AL,#8dd3c7,0,33.0,004
024-Cycling-2y-ASAQ-DHAPPQ-AL,4,35338.444444444445,2031,Cycling 2y ASAQ - DHAPPQ - AL,#8dd3c7,0,33.0,004
024-Cycling-2y-ASAQ-DHAPPQ-AL,5,35046.333333333336,2031,Cycling 2y ASAQ - DHAPPQ - AL,#8dd3c7,0,33.0,004
024-Cycling-2y-ASAQ-DHAPPQ-AL,6,33842.555555555555,2031,Cycling 2y ASAQ - DHAPPQ - AL,#8dd3c7,0,33.0,004
024-Cycling-2y-ASAQ-DHAPPQ-AL,7,33781.61111111111,2031,Cycling 2y ASAQ - DHAPPQ - AL,#8dd3c7,0,33.0,004
024-Cycling-2y-ASAQ-DHAPPQ-AL,8,35924.444444444445,2031,Cycling 2y ASAQ - DHAPPQ - AL,#8dd3c7,0,33.0,004
024-Cycling-2y-ASAQ-DHAPPQ-AL,9,33471.5,2031,Cycling 2y ASAQ - DHAPPQ - AL,#8dd3c7,0,33.0,004
024-Cycling-2y-ASAQ-DHAPPQ-AL,10,33950.944444444445,2031,Cycling 2y ASAQ - DHAPPQ - AL,#8dd3c7,0,33.0,004
024-Cycling-2y-ASAQ-DHAPPQ-AL,11,33643.333333333336,2031,Cycling 2y ASAQ - DHAPPQ - AL,#8dd3c7,0,33.0,004
024-Cycling-2y-ASAQ-DHAPPQ-AL,12,33112.77777777778,2031,Cycling 2y ASAQ - DHAPPQ - AL,#8dd3c7,0,33.0,004
024-Cycling-2y-ASAQ-DHAPPQ-AL,13,34298.61111111111,2031,Cycling 2y ASAQ - DHAPPQ - AL,#8dd3c7,0,33.0,004
024-Cycling-2y-ASAQ-DHAPPQ-AL,14,34208.833333333336,2031,Cycling 2y ASAQ - DHAPPQ - AL,#8dd3c7,0,33.0,004
024-Cycling-2y-ASAQ-DHAPPQ-AL,15,32928.944444444445,2031,Cycling 2y ASAQ - DHAPPQ - AL,#8dd3c7,0,33.0,004
024-Cycling-2y-ASAQ-DHAPPQ-AL,16,33713.055555555555,2031,Cycling 2y ASAQ - DHAPPQ - AL,#8dd3c7,0,33.0,004
024-Cycling-2y-ASAQ-DHAPPQ-AL,17,34960.72222222222,2031,Cycling 2y ASAQ - DHAPPQ - AL,#8dd3c7,0,33.0,004
024-Cycling-2y-ASAQ-DHAPPQ-AL,18,33890.38888888889,2031,Cycling 2y ASAQ - DHAPPQ - AL,#8dd3c7,0,33.0,004
024-Cycling-2y-ASAQ-DHAPPQ-AL,19,34211.11111111111,2031,Cycling 2y ASAQ - DHAPPQ - AL,#8dd3c7,0,33.0,004
024-Cycling-2y-ASAQ-DHAPPQ-AL,20,34137.333333333336,2031,Cycling 2y ASAQ - DHAPPQ - AL,#8dd3c7,0,33.0,004
024-Cycling-2y-ASAQ-DHAPPQ-AL,21,35629.833333333336,2031,Cycling 2y ASAQ - DHAPPQ - AL,#8dd3c7,0,33.0,004
024-Cycling-2y-ASAQ-DHAPPQ-AL,22,35047.944444444445,2031,Cycling 2y ASAQ - DHAPPQ - AL,#8dd3c7,0,33.0,004
024-Cycling-2y-ASAQ-DHAPPQ-AL,23,34134.38888888889,2031,Cycling 2y ASAQ - DHAPPQ - AL,#8dd3c7,0,33.0,004
024-Cycling-2y-ASAQ-DHAPPQ-AL,24,35532.88888888889,2031,Cycling 2y ASAQ - DHAPPQ - AL,#8dd3c7,0,33.0,004
024-Cycling-2y-ASAQ-DHAPPQ-AL,25,34317.555555555555,2031,Cycling 2y ASAQ - DHAPPQ - AL,#8dd3c7,0,33.0,004
024-Cycling-2y-ASAQ-DHAPPQ-AL,26,34384.11111111111,2031,Cycling 2y ASAQ - DHAPPQ - AL,#8dd3c7,0,33.0,004
024-Cycling-2y-ASAQ-DHAPPQ-AL,27,34273.444444444445,2031,Cycling 2y ASAQ - DHAPPQ - AL,#8dd3c7,0,33.0,004
024-Cycling-2y-ASAQ-DHAPPQ-AL,28,34251.555555555555,2031,Cycling 2y ASAQ - DHAPPQ - AL,#8dd3c7,0,33.0,004
024-Cycling-2y-ASAQ-DHAPPQ-AL,29,35826.166666666664,2031,Cycling 2y ASAQ - DHAPPQ - AL,#8dd3c7,0,33.0,004
024-Cycling-2y-ASAQ-DHAPPQ-AL,30,33899.38888888889,2031,Cycling 2y ASAQ - DHAPPQ - AL,#8dd3c7,0,33.0,004
024-Cycling-2y-ASAQ-DHAPPQ-AL,31,33137.22222222222,2031,Cycling 2y ASAQ - DHAPPQ - AL,#8dd3c7,0,33.0,004
024-Cycling-2y-ASAQ-DHAPPQ-AL,32,33575.22222222222,2031,Cycling 2y ASAQ - DHAPPQ - AL,#8dd3c7,0,33.0,004
024-Cycling-2y-ASAQ-DHAPPQ-AL,33,33909.5,2031,Cycling 2y ASAQ - DHAPPQ - AL,#8dd3c7,0,33.0,004
024-Cycling-2y-ASAQ-DHAPPQ-AL,34,33714.055555555555,2031,Cycling 2y ASAQ - DHAPPQ - AL,#8dd3c7,0,33.0,004
024-Cycling-2y-ASAQ-DHAPPQ-AL,35,33244.61111111111,2031,Cycling 2y ASAQ - DHAPPQ - AL,#8dd3c7,0,33.0,004
024-Cycling-2y-ASAQ-DHAPPQ-AL,36,33569.0,2031,Cycling 2y ASAQ - DHAPPQ - AL,#8dd3c7,0,33.0,004
024-Cycling-2y-ASAQ-DHAPPQ-AL,37,34985.5,2031,Cycling 2y ASAQ - DHAPPQ - AL,#8dd3c7,0,33.0,004
024-Cycling-2y-ASAQ-DHAPPQ-AL,38,34085.22222222222,2031,Cycling 2y ASAQ - DHAPPQ - AL,#8dd3c7,0,33.0,004
024-Cycling-2y-ASAQ-DHAPPQ-AL,39,34202.38888888889,2031,Cycling 2y ASAQ - DHAPPQ - AL,#8dd3c7,0,33.0,004
024-Cycling-2y-ASAQ-DHAPPQ-AL,40,33063.444444444445,2031,Cycling 2y ASAQ - DHAPPQ - AL,#8dd3c7,0,33.0,004
024-Cycling-2y-ASAQ-DHAPPQ-AL,41,33664.61111111111,2031,Cycling 2y ASAQ - DHAPPQ - AL,#8dd3c7,0,33.0,004
024-Cycling-2y-ASAQ-DHAPPQ-AL,42,34067.833333333336,2031,Cycling 2y ASAQ - DHAPPQ - AL,#8dd3c7,0,33.0,004
024-Cycling-2y-ASAQ-DHAPPQ-AL,43,33592.944444444445,2031,Cycling 2y ASAQ - DHAPPQ - AL,#8dd3c7,0,33.0,004
024-Cycling-2y-ASAQ-DHAPPQ-AL,44,34371.944444444445,2031,Cycling 2y ASAQ - DHAPPQ - AL,#8dd3c7,0,33.0,004
024-Cycling-2y-ASAQ-DHAPPQ-AL,45,33347.333333333336,2031,Cycling 2y ASAQ - DHAPPQ - AL,#8dd3c7,0,33.0,004
024-Cycling-2y-ASAQ-DHAPPQ-AL,46,33522.5,2031,Cycling 2y ASAQ - DHAPPQ - AL,#8dd3c7,0,33.0,004
024-Cycling-2y-ASAQ-DHAPPQ-AL,47,34109.38888888889,2031,Cycling 2y ASAQ - DHAPPQ - AL,#8dd3c7,0,33.0,004
024-Cycling-2y-ASAQ-DHAPPQ-AL,48,34219.833333333336,2031,Cycling 2y ASAQ - DHAPPQ - AL,#8dd3c7,0,33.0,004
024-Cycling-2y-ASAQ-DHAPPQ-AL,49,34468.61111111111,2031,Cycling 2y ASAQ - DHAPPQ - AL,#8dd3c7,0,33.0,004
024-Cycling-2y-ASAQ-DHAPPQ-AL,50,34940.61111111111,2031,Cycling 2y ASAQ - DHAPPQ - AL,#8dd3c7,0,33.0,004
024-Cycling-2y-ASAQ-DHAPPQ-AL,51,35774.5,2031,Cycling 2y ASAQ - DHAPPQ - AL,#8dd3c7,0,33.0,004
024-Cycling-2y-ASAQ-DHAPPQ-AL,52,34564.666666666664,2031,Cycling 2y ASAQ - DHAPPQ - AL,#8dd3c7,0,33.0,004
024-Cycling-2y-ASAQ-DHAPPQ-AL,53,33631.0,2031,Cycling 2y ASAQ - DHAPPQ - AL,#8dd3c7,0,33.0,004
024-Cycling-2y-ASAQ-DHAPPQ-AL,54,36023.833333333336,2031,Cycling 2y ASAQ - DHAPPQ - AL,#8dd3c7,0,33.0,004
024-Cycling-2y-ASAQ-DHAPPQ-AL,55,33949.333333333336,2031,Cycling 2y ASAQ - DHAPPQ - AL,#8dd3c7,0,33.0,004
024-Cycling-2y-ASAQ-DHAPPQ-AL,56,34401.72222222222,2031,Cycling 2y ASAQ - DHAPPQ - AL,#8dd3c7,0,33.0,004
024-Cycling-2y-ASAQ-DHAPPQ-AL,57,35012.833333333336,2031,Cycling 2y ASAQ - DHAPPQ - AL,#8dd3c7,0,33.0,004
024-Cycling-2y-ASAQ-DHAPPQ-AL,58,34605.5,2031,Cycling 2y ASAQ - DHAPPQ - AL,#8dd3c7,0,33.0,004
024-Cycling-2y-ASAQ-DHAPPQ-AL,59,35156.944444444445,2031,Cycling 2y ASAQ - DHAPPQ - AL,#8dd3c7,0,33.0,004
024-Cycling-2y-ASAQ-DHAPPQ-AL,60,33769.61111111111,2031,Cycling 2y ASAQ - DHAPPQ - AL,#8dd3c7,0,33.0,004
024-Cycling-2y-ASAQ-DHAPPQ-AL,61,34207.38888888889,2031,Cycling 2y ASAQ - DHAPPQ - AL,#8dd3c7,0,33.0,004
024-Cycling-2y-ASAQ-DHAPPQ-AL,62,34736.77777777778,2031,Cycling 2y ASAQ - DHAPPQ - AL,#8dd3c7,0,33.0,004
024-Cycling-2y-ASAQ-DHAPPQ-AL,63,33893.77777777778,2031,Cycling 2y ASAQ - DHAPPQ - AL,#8dd3c7,0,33.0,004
024-Cycling-2y-ASAQ-DHAPPQ-AL,64,33108.944444444445,2031,Cycling 2y ASAQ - DHAPPQ - AL,#8dd3c7,0,33.0,004
024-Cycling-2y-ASAQ-DHAPPQ-AL,65,34331.77777777778,2031,Cycling 2y ASAQ - DHAPPQ - AL,#8dd3c7,0,33.0,004
024-Cycling-2y-ASAQ-DHAPPQ-AL,66,32978.77777777778,2031,Cycling 2y ASAQ - DHAPPQ - AL,#8dd3c7,0,33.0,004
024-Cycling-2y-ASAQ-DHAPPQ-AL,67,34563.22222222222,2031,Cycling 2y ASAQ - DHAPPQ - AL,#8dd3c7,0,33.0,004
024-Cycling-2y-ASAQ-DHAPPQ-AL,68,35371.833333333336,2031,Cycling 2y ASAQ - DHAPPQ - AL,#8dd3c7,0,33.0,004
024-Cycling-2y-ASAQ-DHAPPQ-AL,69,36406.444444444445,2031,Cycling 2y ASAQ - DHAPPQ - AL,#8dd3c7,0,33.0,004
024-Cycling-2y-ASAQ-DHAPPQ-AL,70,33271.61111111111,2031,Cycling 2y ASAQ - DHAPPQ - AL,#8dd3c7,0,33.0,004
024-Cycling-2y-ASAQ-DHAPPQ-AL,71,32959.61111111111,2031,Cycling 2y ASAQ - DHAPPQ - AL,#8dd3c7,0,33.0,004
024-Cycling-2y-ASAQ-DHAPPQ-AL,72,34212.61111111111,2031,Cycling 2y ASAQ - DHAPPQ - AL,#8dd3c7,0,33.0,004
024-Cycling-2y-ASAQ-DHAPPQ-AL,73,34011.38888888889,2031,Cycling 2y ASAQ - DHAPPQ - AL,#8dd3c7,0,33.0,004
024-Cycling-2y-ASAQ-DHAPPQ-AL,74,34545.27777777778,2031,Cycling 2y ASAQ - DHAPPQ - AL,#8dd3c7,0,33.0,004
024-Cycling-2y-ASAQ-DHAPPQ-AL,75,35699.61111111111,2031,Cycling 2y ASAQ - DHAPPQ - AL,#8dd3c7,0,33.0,004
024-Cycling-2y-ASAQ-DHAPPQ-AL,76,34406.5,2031,Cycling 2y ASAQ - DHAPPQ - AL,#8dd3c7,0,33.0,004
024-Cycling-2y-ASAQ-DHAPPQ-AL,77,33835.555555555555,2031,Cycling 2y ASAQ - DHAPPQ - AL,#8dd3c7,0,33.0,004
024-Cycling-2y-ASAQ-DHAPPQ-AL,78,34666.944444444445,2031,Cycling 2y ASAQ - DHAPPQ - AL,#8dd3c7,0,33.0,004
024-Cycling-2y-ASAQ-DHAPPQ-AL,79,33438.666666666664,2031,Cycling 2y ASAQ - DHAPPQ - AL,#8dd3c7,0,33.0,004
024-Cycling-2y-ASAQ-DHAPPQ-AL,80,35149.88888888889,2031,Cycling 2y ASAQ - DHAPPQ - AL,#8dd3c7,0,33.0,004
024-Cycling-2y-ASAQ-DHAPPQ-AL,81,33086.166666666664,2031,Cycling 2y ASAQ - DHAPPQ - AL,#8dd3c7,0,33.0,004
024-Cycling-2y-ASAQ-DHAPPQ-AL,82,34662.333333333336,2031,Cycling 2y ASAQ - DHAPPQ - AL,#8dd3c7,0,33.0,004
024-Cycling-2y-ASAQ-DHAPPQ-AL,83,32744.11111111111,2031,Cycling 2y ASAQ - DHAPPQ - AL,#8dd3c7,0,33.0,004
024-Cycling-2y-ASAQ-DHAPPQ-AL,84,34611.944444444445,2031,Cycling 2y ASAQ - DHAPPQ - AL,#8dd3c7,0,33.0,004
024-Cycling-2y-ASAQ-DHAPPQ-AL,85,32744.5,2031,Cycling 2y ASAQ - DHAPPQ - AL,#8dd3c7,0,33.0,004
024-Cycling-2y-ASAQ-DHAPPQ-AL,86,35257.22222222222,2031,Cycling 2y ASAQ - DHAPPQ - AL,#8dd3c7,0,33.0,004
024-Cycling-2y-ASAQ-DHAPPQ-AL,87,35198.833333333336,2031,Cycling 2y ASAQ - DHAPPQ - AL,#8dd3c7,0,33.0,004
024-Cycling-2y-ASAQ-DHAPPQ-AL,88,33579.0,2031,Cycling 2y ASAQ - DHAPPQ - AL,#8dd3c7,0,33.0,004
024-Cycling-2y-ASAQ-DHAPPQ-AL,89,34506.22222222222,2031,Cycling 2y ASAQ - DHAPPQ - AL,#8dd3c7,0,33.0,004
024-Cycling-2y-ASAQ-DHAPPQ-AL,90,34835.666666666664,2031,Cycling 2y ASAQ - DHAPPQ - AL,#8dd3c7,0,33.0,004
024-Cycling-2y-ASAQ-DHAPPQ-AL,91,34305.11111111111,2031,Cycling 2y ASAQ - DHAPPQ - AL,#8dd3c7,0,33.0,004
024-Cycling-2y-ASAQ-DHAPPQ-AL,92,35119.333333333336,2031,Cycling 2y ASAQ - DHAPPQ - AL,#8dd3c7,0,33.0,004
024-Cycling-2y-ASAQ-DHAPPQ-AL,93,34520.166666666664,2031,Cycling 2y ASAQ - DHAPPQ - AL,#8dd3c7,0,33.0,004
024-Cycling-2y-ASAQ-DHAPPQ-AL,94,37627.055555555555,2031,Cycling 2y ASAQ - DHAPPQ - AL,#8dd3c7,0,33.0,004
024-Cycling-2y-ASAQ-DHAPPQ-AL,95,33062.0,2031,Cycling 2y ASAQ - DHAPPQ - AL,#8dd3c7,0,33.0,004
024-Cycling-2y-ASAQ-DHAPPQ-AL,96,34672.77777777778,2031,Cycling 2y ASAQ - DHAPPQ - AL,#8dd3c7,0,33.0,004
024-Cycling-2y-ASAQ-DHAPPQ-AL,97,33085.166666666664,2031,Cycling 2y ASAQ - DHAPPQ - AL,#8dd3c7,0,33.0,004
024-Cycling-2y-ASAQ-DHAPPQ-AL,98,35083.055555555555,2031,Cycling 2y ASAQ - DHAPPQ - AL,#8dd3c7,0,33.0,004
024-Cycling-2y-ASAQ-DHAPPQ-AL,99,32583.61111111111,2031,Cycling 2y ASAQ - DHAPPQ - AL,#8dd3c7,0,33.0,004
025-Cycling-2y-DHAPPQ-AL-ASAQ,0,33122.0,2031,Cycling 2y DHAPPQ - AL - ASAQ,#8dd3c7,0,33.0,004
025-Cycling-2y-DHAPPQ-AL-ASAQ,1,33394.88888888889,2031,Cycling 2y DHAPPQ - AL - ASAQ,#8dd3c7,0,33.0,004
025-Cycling-2y-DHAPPQ-AL-ASAQ,2,34414.88888888889,2031,Cycling 2y DHAPPQ - AL - ASAQ,#8dd3c7,0,33.0,004
025-Cycling-2y-DHAPPQ-AL-ASAQ,3,33934.27777777778,2031,Cycling 2y DHAPPQ - AL - ASAQ,#8dd3c7,0,33.0,004
025-Cycling-2y-DHAPPQ-AL-ASAQ,4,33298.444444444445,2031,Cycling 2y DHAPPQ - AL - ASAQ,#8dd3c7,0,33.0,004
025-Cycling-2y-DHAPPQ-AL-ASAQ,5,34721.38888888889,2031,Cycling 2y DHAPPQ - AL - ASAQ,#8dd3c7,0,33.0,004
025-Cycling-2y-DHAPPQ-AL-ASAQ,6,33629.055555555555,2031,Cycling 2y DHAPPQ - AL - ASAQ,#8dd3c7,0,33.0,004
025-Cycling-2y-DHAPPQ-AL-ASAQ,7,32692.166666666668,2031,Cycling 2y DHAPPQ - AL - ASAQ,#8dd3c7,0,33.0,004
025-Cycling-2y-DHAPPQ-AL-ASAQ,8,33282.833333333336,2031,Cycling 2y DHAPPQ - AL - ASAQ,#8dd3c7,0,33.0,004
025-Cycling-2y-DHAPPQ-AL-ASAQ,9,33441.88888888889,2031,Cycling 2y DHAPPQ - AL - ASAQ,#8dd3c7,0,33.0,004
025-Cycling-2y-DHAPPQ-AL-ASAQ,10,32713.38888888889,2031,Cycling 2y DHAPPQ - AL - ASAQ,#8dd3c7,0,33.0,004
025-Cycling-2y-DHAPPQ-AL-ASAQ,11,34175.11111111111,2031,Cycling 2y DHAPPQ - AL - ASAQ,#8dd3c7,0,33.0,004
025-Cycling-2y-DHAPPQ-AL-ASAQ,12,33726.333333333336,2031,Cycling 2y DHAPPQ - AL - ASAQ,#8dd3c7,0,33.0,004
025-Cycling-2y-DHAPPQ-AL-ASAQ,13,33016.833333333336,2031,Cycling 2y DHAPPQ - AL - ASAQ,#8dd3c7,0,33.0,004
025-Cycling-2y-DHAPPQ-AL-ASAQ,14,33021.055555555555,2031,Cycling 2y DHAPPQ - AL - ASAQ,#8dd3c7,0,33.0,004
025-Cycling-2y-DHAPPQ-AL-ASAQ,15,33561.944444444445,2031,Cycling 2y DHAPPQ - AL - ASAQ,#8dd3c7,0,33.0,004
025-Cycling-2y-DHAPPQ-AL-ASAQ,16,33361.38888888889,2031,Cycling 2y DHAPPQ - AL - ASAQ,#8dd3c7,0,33.0,004
025-Cycling-2y-DHAPPQ-AL-ASAQ,17,34401.22222222222,2031,Cycling 2y DHAPPQ - AL - ASAQ,#8dd3c7,0,33.0,004
025-Cycling-2y-DHAPPQ-AL-ASAQ,18,34216.11111111111,2031,Cycling 2y DHAPPQ - AL - ASAQ,#8dd3c7,0,33.0,004
025-Cycling-2y-DHAPPQ-AL-ASAQ,19,34041.11111111111,2031,Cycling 2y DHAPPQ - AL - ASAQ,#8dd3c7,0,33.0,004
025-Cycling-2y-DHAPPQ-AL-ASAQ,20,33913.5,2031,Cycling 2y DHAPPQ - AL - ASAQ,#8dd3c7,0,33.0,004
025-Cycling-2y-DHAPPQ-AL-ASAQ,21,33210.88888888889,2031,Cycling 2y DHAPPQ - AL - ASAQ,#8dd3c7,0,33.0,004
025-Cycling-2y-DHAPPQ-AL-ASAQ,22,34021.27777777778,2031,Cycling 2y DHAPPQ - AL - ASAQ,#8dd3c7,0,33.0,004
025-Cycling-2y-DHAPPQ-AL-ASAQ,23,33320.944444444445,2031,Cycling 2y DHAPPQ - AL - ASAQ,#8dd3c7,0,33.0,004
025-Cycling-2y-DHAPPQ-AL-ASAQ,24,34497.444444444445,2031,Cycling 2y DHAPPQ - AL - ASAQ,#8dd3c7,0,33.0,004
025-Cycling-2y-DHAPPQ-AL-ASAQ,25,34254.77777777778,2031,Cycling 2y DHAPPQ - AL - ASAQ,#8dd3c7,0,33.0,004
025-Cycling-2y-DHAPPQ-AL-ASAQ,26,33560.38888888889,2031,Cycling 2y DHAPPQ - AL - ASAQ,#8dd3c7,0,33.0,004
025-Cycling-2y-DHAPPQ-AL-ASAQ,27,35217.72222222222,2031,Cycling 2y DHAPPQ - AL - ASAQ,#8dd3c7,0,33.0,004
025-Cycling-2y-DHAPPQ-AL-ASAQ,28,33754.22222222222,2031,Cycling 2y DHAPPQ - AL - ASAQ,#8dd3c7,0,33.0,004
025-Cycling-2y-DHAPPQ-AL-ASAQ,29,34647.38888888889,2031,Cycling 2y DHAPPQ - AL - ASAQ,#8dd3c7,0,33.0,004
025-Cycling-2y-DHAPPQ-AL-ASAQ,30,32669.444444444445,2031,Cycling 2y DHAPPQ - AL - ASAQ,#8dd3c7,0,33.0,004
025-Cycling-2y-DHAPPQ-AL-ASAQ,31,33143.0,2031,Cycling 2y DHAPPQ - AL - ASAQ,#8dd3c7,0,33.0,004
025-Cycling-2y-DHAPPQ-AL-ASAQ,32,33963.333333333336,2031,Cycling 2y DHAPPQ - AL - ASAQ,#8dd3c7,0,33.0,004
025-Cycling-2y-DHAPPQ-AL-ASAQ,33,32881.11111111111,2031,Cycling 2y DHAPPQ - AL - ASAQ,#8dd3c7,0,33.0,004
025-Cycling-2y-DHAPPQ-AL-ASAQ,34,32342.61111111111,2031,Cycling 2y DHAPPQ - AL - ASAQ,#8dd3c7,0,33.0,004
025-Cycling-2y-DHAPPQ-AL-ASAQ,35,34070.22222222222,2031,Cycling 2y DHAPPQ - AL - ASAQ,#8dd3c7,0,33.0,004
025-Cycling-2y-DHAPPQ-AL-ASAQ,36,33738.11111111111,2031,Cycling 2y DHAPPQ - AL - ASAQ,#8dd3c7,0,33.0,004
025-Cycling-2y-DHAPPQ-AL-ASAQ,37,33546.555555555555,2031,Cycling 2y DHAPPQ - AL - ASAQ,#8dd3c7,0,33.0,004
025-Cycling-2y-DHAPPQ-AL-ASAQ,38,34428.11111111111,2031,Cycling 2y DHAPPQ - AL - ASAQ,#8dd3c7,0,33.0,004
025-Cycling-2y-DHAPPQ-AL-ASAQ,39,33856.77777777778,2031,Cycling 2y DHAPPQ - AL - ASAQ,#8dd3c7,0,33.0,004
025-Cycling-2y-DHAPPQ-AL-ASAQ,40,33759.0,2031,Cycling 2y DHAPPQ - AL - ASAQ,#8dd3c7,0,33.0,004
025-Cycling-2y-DHAPPQ-AL-ASAQ,41,33550.0,2031,Cycling 2y DHAPPQ - AL - ASAQ,#8dd3c7,0,33.0,004
025-Cycling-2y-DHAPPQ-AL-ASAQ,42,34159.27777777778,2031,Cycling 2y DHAPPQ - AL - ASAQ,#8dd3c7,0,33.0,004
025-Cycling-2y-DHAPPQ-AL-ASAQ,43,33956.555555555555,2031,Cycling 2y DHAPPQ - AL - ASAQ,#8dd3c7,0,33.0,004
025-Cycling-2y-DHAPPQ-AL-ASAQ,44,32436.055555555555,2031,Cycling 2y DHAPPQ - AL - ASAQ,#8dd3c7,0,33.0,004
025-Cycling-2y-DHAPPQ-AL-ASAQ,45,35106.77777777778,2031,Cycling 2y DHAPPQ - AL - ASAQ,#8dd3c7,0,33.0,004
025-Cycling-2y-DHAPPQ-AL-ASAQ,46,33765.22222222222,2031,Cycling 2y DHAPPQ - AL - ASAQ,#8dd3c7,0,33.0,004
025-Cycling-2y-DHAPPQ-AL-ASAQ,47,33788.72222222222,2031,Cycling 2y DHAPPQ - AL - ASAQ,#8dd3c7,0,33.0,004
025-Cycling-2y-DHAPPQ-AL-ASAQ,48,32937.77777777778,2031,Cycling 2y DHAPPQ - AL - ASAQ,#8dd3c7,0,33.0,004
025-Cycling-2y-DHAPPQ-AL-ASAQ,49,34502.22222222222,2031,Cycling 2y DHAPPQ - AL - ASAQ,#8dd3c7,0,33.0,004
025-Cycling-2y-DHAPPQ-AL-ASAQ,50,32777.38888888889,2031,Cycling 2y DHAPPQ - AL - ASAQ,#8dd3c7,0,33.0,004
025-Cycling-2y-DHAPPQ-AL-ASAQ,51,34061.833333333336,2031,Cycling 2y DHAPPQ - AL - ASAQ,#8dd3c7,0,33.0,004
025-Cycling-2y-DHAPPQ-AL-ASAQ,52,33500.944444444445,2031,Cycling 2y DHAPPQ - AL - ASAQ,#8dd3c7,0,33.0,004
025-Cycling-2y-DHAPPQ-AL-ASAQ,53,33974.444444444445,2031,Cycling 2y DHAPPQ - AL - ASAQ,#8dd3c7,0,33.0,004
025-Cycling-2y-DHAPPQ-AL-ASAQ,54,32891.72222222222,2031,Cycling 2y DHAPPQ - AL - ASAQ,#8dd3c7,0,33.0,004
025-Cycling-2y-DHAPPQ-AL-ASAQ,55,34146.0,2031,Cycling 2y DHAPPQ - AL - ASAQ,#8dd3c7,0,33.0,004
025-Cycling-2y-DHAPPQ-AL-ASAQ,56,33885.055555555555,2031,Cycling 2y DHAPPQ - AL - ASAQ,#8dd3c7,0,33.0,004
025-Cycling-2y-DHAPPQ-AL-ASAQ,57,33454.22222222222,2031,Cycling 2y DHAPPQ - AL - ASAQ,#8dd3c7,0,33.0,004
025-Cycling-2y-DHAPPQ-AL-ASAQ,58,33849.333333333336,2031,Cycling 2y DHAPPQ - AL - ASAQ,#8dd3c7,0,33.0,004
025-Cycling-2y-DHAPPQ-AL-ASAQ,59,34078.5,2031,Cycling 2y DHAPPQ - AL - ASAQ,#8dd3c7,0,33.0,004
025-Cycling-2y-DHAPPQ-AL-ASAQ,60,34303.27777777778,2031,Cycling 2y DHAPPQ - AL - ASAQ,#8dd3c7,0,33.0,004
025-Cycling-2y-DHAPPQ-AL-ASAQ,61,33151.22222222222,2031,Cycling 2y DHAPPQ - AL - ASAQ,#8dd3c7,0,33.0,004
025-Cycling-2y-DHAPPQ-AL-ASAQ,62,32874.166666666664,2031,Cycling 2y DHAPPQ - AL - ASAQ,#8dd3c7,0,33.0,004
025-Cycling-2y-DHAPPQ-AL-ASAQ,63,33672.5,2031,Cycling 2y DHAPPQ - AL - ASAQ,#8dd3c7,0,33.0,004
025-Cycling-2y-DHAPPQ-AL-ASAQ,64,33381.27777777778,2031,Cycling 2y DHAPPQ - AL - ASAQ,#8dd3c7,0,33.0,004
025-Cycling-2y-DHAPPQ-AL-ASAQ,65,33177.166666666664,2031,Cycling 2y DHAPPQ - AL - ASAQ,#8dd3c7,0,33.0,004
025-Cycling-2y-DHAPPQ-AL-ASAQ,66,31928.277777777777,2031,Cycling 2y DHAPPQ - AL - ASAQ,#8dd3c7,0,33.0,004
025-Cycling-2y-DHAPPQ-AL-ASAQ,67,33413.27777777778,2031,Cycling 2y DHAPPQ - AL - ASAQ,#8dd3c7,0,33.0,004
025-Cycling-2y-DHAPPQ-AL-ASAQ,68,33578.333333333336,2031,Cycling 2y DHAPPQ - AL - ASAQ,#8dd3c7,0,33.0,004
025-Cycling-2y-DHAPPQ-AL-ASAQ,69,35107.22222222222,2031,Cycling 2y DHAPPQ - AL - ASAQ,#8dd3c7,0,33.0,004
025-Cycling-2y-DHAPPQ-AL-ASAQ,70,33200.944444444445,2031,Cycling 2y DHAPPQ - AL - ASAQ,#8dd3c7,0,33.0,004
025-Cycling-2y-DHAPPQ-AL-ASAQ,71,34430.38888888889,2031,Cycling 2y DHAPPQ - AL - ASAQ,#8dd3c7,0,33.0,004
025-Cycling-2y-DHAPPQ-AL-ASAQ,72,34125.61111111111,2031,Cycling 2y DHAPPQ - AL - ASAQ,#8dd3c7,0,33.0,004
025-Cycling-2y-DHAPPQ-AL-ASAQ,73,32964.22222222222,2031,Cycling 2y DHAPPQ - AL - ASAQ,#8dd3c7,0,33.0,004
025-Cycling-2y-DHAPPQ-AL-ASAQ,74,33511.5,2031,Cycling 2y DHAPPQ - AL - ASAQ,#8dd3c7,0,33.0,004
025-Cycling-2y-DHAPPQ-AL-ASAQ,75,34579.0,2031,Cycling 2y DHAPPQ - AL - ASAQ,#8dd3c7,0,33.0,004
025-Cycling-2y-DHAPPQ-AL-ASAQ,76,34955.77777777778,2031,Cycling 2y DHAPPQ - AL - ASAQ,#8dd3c7,0,33.0,004
025-Cycling-2y-DHAPPQ-AL-ASAQ,77,34403.0,2031,Cycling 2y DHAPPQ - AL - ASAQ,#8dd3c7,0,33.0,004
025-Cycling-2y-DHAPPQ-AL-ASAQ,78,33972.333333333336,2031,Cycling 2y DHAPPQ - AL - ASAQ,#8dd3c7,0,33.0,004
025-Cycling-2y-DHAPPQ-AL-ASAQ,79,33675.72222222222,2031,Cycling 2y DHAPPQ - AL - ASAQ,#8dd3c7,0,33.0,004
025-Cycling-2y-DHAPPQ-AL-ASAQ,80,33746.444444444445,2031,Cycling 2y DHAPPQ - AL - ASAQ,#8dd3c7,0,33.0,004
025-Cycling-2y-DHAPPQ-AL-ASAQ,81,32345.166666666668,2031,Cycling 2y DHAPPQ - AL - ASAQ,#8dd3c7,0,33.0,004
025-Cycling-2y-DHAPPQ-AL-ASAQ,82,33501.27777777778,2031,Cycling 2y DHAPPQ - AL - ASAQ,#8dd3c7,0,33.0,004
025-Cycling-2y-DHAPPQ-AL-ASAQ,83,34182.61111111111,2031,Cycling 2y DHAPPQ - AL - ASAQ,#8dd3c7,0,33.0,004
025-Cycling-2y-DHAPPQ-AL-ASAQ,84,32518.777777777777,2031,Cycling 2y DHAPPQ - AL - ASAQ,#8dd3c7,0,33.0,004
025-Cycling-2y-DHAPPQ-AL-ASAQ,85,34270.88888888889,2031,Cycling 2y DHAPPQ - AL - ASAQ,#8dd3c7,0,33.0,004
025-Cycling-2y-DHAPPQ-AL-ASAQ,86,32496.166666666668,2031,Cycling 2y DHAPPQ - AL - ASAQ,#8dd3c7,0,33.0,004
025-Cycling-2y-DHAPPQ-AL-ASAQ,87,33685.77777777778,2031,Cycling 2y DHAPPQ - AL - ASAQ,#8dd3c7,0,33.0,004
025-Cycling-2y-DHAPPQ-AL-ASAQ,88,33758.833333333336,2031,Cycling 2y DHAPPQ - AL - ASAQ,#8dd3c7,0,33.0,004
025-Cycling-2y-DHAPPQ-AL-ASAQ,89,34523.833333333336,2031,Cycling 2y DHAPPQ - AL - ASAQ,#8dd3c7,0,33.0,004
025-Cycling-2y-DHAPPQ-AL-ASAQ,90,33969.944444444445,2031,Cycling 2y DHAPPQ - AL - ASAQ,#8dd3c7,0,33.0,004
025-Cycling-2y-DHAPPQ-AL-ASAQ,91,33200.055555555555,2031,Cycling 2y DHAPPQ - AL - ASAQ,#8dd3c7,0,33.0,004
025-Cycling-2y-DHAPPQ-AL-ASAQ,92,34163.61111111111,2031,Cycling 2y DHAPPQ - AL - ASAQ,#8dd3c7,0,33.0,004
025-Cycling-2y-DHAPPQ-AL-ASAQ,93,32756.833333333332,2031,Cycling 2y DHAPPQ - AL - ASAQ,#8dd3c7,0,33.0,004
025-Cycling-2y-DHAPPQ-AL-ASAQ,94,33977.166666666664,2031,Cycling 2y DHAPPQ - AL - ASAQ,#8dd3c7,0,33.0,004
025-Cycling-2y-DHAPPQ-AL-ASAQ,95,33855.444444444445,2031,Cycling 2y DHAPPQ - AL - ASAQ,#8dd3c7,0,33.0,004
025-Cycling-2y-DHAPPQ-AL-ASAQ,96,32629.0,2031,Cycling 2y DHAPPQ - AL - ASAQ,#8dd3c7,0,33.0,004
025-Cycling-2y-DHAPPQ-AL-ASAQ,97,34624.166666666664,2031,Cycling 2y DHAPPQ - AL - ASAQ,#8dd3c7,0,33.0,004
025-Cycling-2y-DHAPPQ-AL-ASAQ,98,33749.0,2031,Cycling 2y DHAPPQ - AL - ASAQ,#8dd3c7,0,33.0,004
025-Cycling-2y-DHAPPQ-AL-ASAQ,99,34258.38888888889,2031,Cycling 2y DHAPPQ - AL - ASAQ,#8dd3c7,0,33.0,004
026-Cycling-2y-DHAPPQ-ASAQ-AL,0,33584.77777777778,2031,Cycling 2y DHAPPQ - ASAQ - AL,#8dd3c7,0,33.0,004
026-Cycling-2y-DHAPPQ-ASAQ-AL,1,33344.166666666664,2031,Cycling 2y DHAPPQ - ASAQ - AL,#8dd3c7,0,33.0,004
026-Cycling-2y-DHAPPQ-ASAQ-AL,2,32710.277777777777,2031,Cycling 2y DHAPPQ - ASAQ - AL,#8dd3c7,0,33.0,004
026-Cycling-2y-DHAPPQ-ASAQ-AL,3,33608.666666666664,2031,Cycling 2y DHAPPQ - ASAQ - AL,#8dd3c7,0,33.0,004
026-Cycling-2y-DHAPPQ-ASAQ-AL,4,33404.333333333336,2031,Cycling 2y DHAPPQ - ASAQ - AL,#8dd3c7,0,33.0,004
026-Cycling-2y-DHAPPQ-ASAQ-AL,5,33397.77777777778,2031,Cycling 2y DHAPPQ - ASAQ - AL,#8dd3c7,0,33.0,004
026-Cycling-2y-DHAPPQ-ASAQ-AL,6,34059.166666666664,2031,Cycling 2y DHAPPQ - ASAQ - AL,#8dd3c7,0,33.0,004
026-Cycling-2y-DHAPPQ-ASAQ-AL,7,33783.833333333336,2031,Cycling 2y DHAPPQ - ASAQ - AL,#8dd3c7,0,33.0,004
026-Cycling-2y-DHAPPQ-ASAQ-AL,8,34770.11111111111,2031,Cycling 2y DHAPPQ - ASAQ - AL,#8dd3c7,0,33.0,004
026-Cycling-2y-DHAPPQ-ASAQ-AL,9,34672.444444444445,2031,Cycling 2y DHAPPQ - ASAQ - AL,#8dd3c7,0,33.0,004
026-Cycling-2y-DHAPPQ-ASAQ-AL,10,33158.0,2031,Cycling 2y DHAPPQ - ASAQ - AL,#8dd3c7,0,33.0,004
026-Cycling-2y-DHAPPQ-ASAQ-AL,11,36375.88888888889,2031,Cycling 2y DHAPPQ - ASAQ - AL,#8dd3c7,0,33.0,004
026-Cycling-2y-DHAPPQ-ASAQ-AL,12,32932.166666666664,2031,Cycling 2y DHAPPQ - ASAQ - AL,#8dd3c7,0,33.0,004
026-Cycling-2y-DHAPPQ-ASAQ-AL,13,35128.055555555555,2031,Cycling 2y DHAPPQ - ASAQ - AL,#8dd3c7,0,33.0,004
026-Cycling-2y-DHAPPQ-ASAQ-AL,14,34201.333333333336,2031,Cycling 2y DHAPPQ - ASAQ - AL,#8dd3c7,0,33.0,004
026-Cycling-2y-DHAPPQ-ASAQ-AL,15,35127.38888888889,2031,Cycling 2y DHAPPQ - ASAQ - AL,#8dd3c7,0,33.0,004
026-Cycling-2y-DHAPPQ-ASAQ-AL,16,34069.88888888889,2031,Cycling 2y DHAPPQ - ASAQ - AL,#8dd3c7,0,33.0,004
026-Cycling-2y-DHAPPQ-ASAQ-AL,17,34532.833333333336,2031,Cycling 2y DHAPPQ - ASAQ - AL,#8dd3c7,0,33.0,004
026-Cycling-2y-DHAPPQ-ASAQ-AL,18,33574.944444444445,2031,Cycling 2y DHAPPQ - ASAQ - AL,#8dd3c7,0,33.0,004
026-Cycling-2y-DHAPPQ-ASAQ-AL,19,34228.77777777778,2031,Cycling 2y DHAPPQ - ASAQ - AL,#8dd3c7,0,33.0,004
026-Cycling-2y-DHAPPQ-ASAQ-AL,20,33510.444444444445,2031,Cycling 2y DHAPPQ - ASAQ - AL,#8dd3c7,0,33.0,004
026-Cycling-2y-DHAPPQ-ASAQ-AL,21,35924.22222222222,2031,Cycling 2y DHAPPQ - ASAQ - AL,#8dd3c7,0,33.0,004
026-Cycling-2y-DHAPPQ-ASAQ-AL,22,34206.88888888889,2031,Cycling 2y DHAPPQ - ASAQ - AL,#8dd3c7,0,33.0,004
026-Cycling-2y-DHAPPQ-ASAQ-AL,23,35368.11111111111,2031,Cycling 2y DHAPPQ - ASAQ - AL,#8dd3c7,0,33.0,004
026-Cycling-2y-DHAPPQ-ASAQ-AL,24,33371.166666666664,2031,Cycling 2y DHAPPQ - ASAQ - AL,#8dd3c7,0,33.0,004
026-Cycling-2y-DHAPPQ-ASAQ-AL,25,33703.055555555555,2031,Cycling 2y DHAPPQ - ASAQ - AL,#8dd3c7,0,33.0,004
026-Cycling-2y-DHAPPQ-ASAQ-AL,26,34135.0,2031,Cycling 2y DHAPPQ - ASAQ - AL,#8dd3c7,0,33.0,004
026-Cycling-2y-DHAPPQ-ASAQ-AL,27,33940.77777777778,2031,Cycling 2y DHAPPQ - ASAQ - AL,#8dd3c7,0,33.0,004
026-Cycling-2y-DHAPPQ-ASAQ-AL,28,33457.666666666664,2031,Cycling 2y DHAPPQ - ASAQ - AL,#8dd3c7,0,33.0,004
026-Cycling-2y-DHAPPQ-ASAQ-AL,29,34605.77777777778,2031,Cycling 2y DHAPPQ - ASAQ - AL,#8dd3c7,0,33.0,004
026-Cycling-2y-DHAPPQ-ASAQ-AL,30,34872.0,2031,Cycling 2y DHAPPQ - ASAQ - AL,#8dd3c7,0,33.0,004
026-Cycling-2y-DHAPPQ-ASAQ-AL,31,34011.88888888889,2031,Cycling 2y DHAPPQ - ASAQ - AL,#8dd3c7,0,33.0,004
026-Cycling-2y-DHAPPQ-ASAQ-AL,32,34763.055555555555,2031,Cycling 2y DHAPPQ - ASAQ - AL,#8dd3c7,0,33.0,004
026-Cycling-2y-DHAPPQ-ASAQ-AL,33,33489.77777777778,2031,Cycling 2y DHAPPQ - ASAQ - AL,#8dd3c7,0,33.0,004
026-Cycling-2y-DHAPPQ-ASAQ-AL,34,35273.444444444445,2031,Cycling 2y DHAPPQ - ASAQ - AL,#8dd3c7,0,33.0,004
026-Cycling-2y-DHAPPQ-ASAQ-AL,35,33775.27777777778,2031,Cycling 2y DHAPPQ - ASAQ - AL,#8dd3c7,0,33.0,004
026-Cycling-2y-DHAPPQ-ASAQ-AL,36,33423.944444444445,2031,Cycling 2y DHAPPQ - ASAQ - AL,#8dd3c7,0,33.0,004
026-Cycling-2y-DHAPPQ-ASAQ-AL,37,33410.11111111111,2031,Cycling 2y DHAPPQ - ASAQ - AL,#8dd3c7,0,33.0,004
026-Cycling-2y-DHAPPQ-ASAQ-AL,38,33333.055555555555,2031,Cycling 2y DHAPPQ - ASAQ - AL,#8dd3c7,0,33.0,004
026-Cycling-2y-DHAPPQ-ASAQ-AL,39,35128.055555555555,2031,Cycling 2y DHAPPQ - ASAQ - AL,#8dd3c7,0,33.0,004
026-Cycling-2y-DHAPPQ-ASAQ-AL,40,35022.944444444445,2031,Cycling 2y DHAPPQ - ASAQ - AL,#8dd3c7,0,33.0,004
026-Cycling-2y-DHAPPQ-ASAQ-AL,41,33715.555555555555,2031,Cycling 2y DHAPPQ - ASAQ - AL,#8dd3c7,0,33.0,004
026-Cycling-2y-DHAPPQ-ASAQ-AL,42,33873.72222222222,2031,Cycling 2y DHAPPQ - ASAQ - AL,#8dd3c7,0,33.0,004
026-Cycling-2y-DHAPPQ-ASAQ-AL,43,34971.38888888889,2031,Cycling 2y DHAPPQ - ASAQ - AL,#8dd3c7,0,33.0,004
026-Cycling-2y-DHAPPQ-ASAQ-AL,44,34271.555555555555,2031,Cycling 2y DHAPPQ - ASAQ - AL,#8dd3c7,0,33.0,004
026-Cycling-2y-DHAPPQ-ASAQ-AL,45,34272.27777777778,2031,Cycling 2y DHAPPQ - ASAQ - AL,#8dd3c7,0,33.0,004
026-Cycling-2y-DHAPPQ-ASAQ-AL,46,36212.055555555555,2031,Cycling 2y DHAPPQ - ASAQ - AL,#8dd3c7,0,33.0,004
026-Cycling-2y-DHAPPQ-ASAQ-AL,47,35048.72222222222,2031,Cycling 2y DHAPPQ - ASAQ - AL,#8dd3c7,0,33.0,004
026-Cycling-2y-DHAPPQ-ASAQ-AL,48,34022.88888888889,2031,Cycling 2y DHAPPQ - ASAQ - AL,#8dd3c7,0,33.0,004
026-Cycling-2y-DHAPPQ-ASAQ-AL,49,34390.666666666664,2031,Cycling 2y DHAPPQ - ASAQ - AL,#8dd3c7,0,33.0,004
026-Cycling-2y-DHAPPQ-ASAQ-AL,50,34858.444444444445,2031,Cycling 2y DHAPPQ - ASAQ - AL,#8dd3c7,0,33.0,004
026-Cycling-2y-DHAPPQ-ASAQ-AL,51,33883.38888888889,2031,Cycling 2y DHAPPQ - ASAQ - AL,#8dd3c7,0,33.0,004
026-Cycling-2y-DHAPPQ-ASAQ-AL,52,33297.5,2031,Cycling 2y DHAPPQ - ASAQ - AL,#8dd3c7,0,33.0,004
026-Cycling-2y-DHAPPQ-ASAQ-AL,53,33287.88888888889,2031,Cycling 2y DHAPPQ - ASAQ - AL,#8dd3c7,0,33.0,004
026-Cycling-2y-DHAPPQ-ASAQ-AL,54,33938.666666666664,2031,Cycling 2y DHAPPQ - ASAQ - AL,#8dd3c7,0,33.0,004
026-Cycling-2y-DHAPPQ-ASAQ-AL,55,34008.944444444445,2031,Cycling 2y DHAPPQ - ASAQ - AL,#8dd3c7,0,33.0,004
026-Cycling-2y-DHAPPQ-ASAQ-AL,56,35262.72222222222,2031,Cycling 2y DHAPPQ - ASAQ - AL,#8dd3c7,0,33.0,004
026-Cycling-2y-DHAPPQ-ASAQ-AL,57,33961.72222222222,2031,Cycling 2y DHAPPQ - ASAQ - AL,#8dd3c7,0,33.0,004
026-Cycling-2y-DHAPPQ-ASAQ-AL,58,34226.88888888889,2031,Cycling 2y DHAPPQ - ASAQ - AL,#8dd3c7,0,33.0,004
026-Cycling-2y-DHAPPQ-ASAQ-AL,59,33055.11111111111,2031,Cycling 2y DHAPPQ - ASAQ - AL,#8dd3c7,0,33.0,004
026-Cycling-2y-DHAPPQ-ASAQ-AL,60,34129.055555555555,2031,Cycling 2y DHAPPQ - ASAQ - AL,#8dd3c7,0,33.0,004
026-Cycling-2y-DHAPPQ-ASAQ-AL,61,34745.666666666664,2031,Cycling 2y DHAPPQ - ASAQ - AL,#8dd3c7,0,33.0,004
026-Cycling-2y-DHAPPQ-ASAQ-AL,62,34342.055555555555,2031,Cycling 2y DHAPPQ - ASAQ - AL,#8dd3c7,0,33.0,004
026-Cycling-2y-DHAPPQ-ASAQ-AL,63,33921.11111111111,2031,Cycling 2y DHAPPQ - ASAQ - AL,#8dd3c7,0,33.0,004
026-Cycling-2y-DHAPPQ-ASAQ-AL,64,32764.88888888889,2031,Cycling 2y DHAPPQ - ASAQ - AL,#8dd3c7,0,33.0,004
026-Cycling-2y-DHAPPQ-ASAQ-AL,65,34164.0,2031,Cycling 2y DHAPPQ - ASAQ - AL,#8dd3c7,0,33.0,004
026-Cycling-2y-DHAPPQ-ASAQ-AL,66,36376.22222222222,2031,Cycling 2y DHAPPQ - ASAQ - AL,#8dd3c7,0,33.0,004
026-Cycling-2y-DHAPPQ-ASAQ-AL,67,33519.555555555555,2031,Cycling 2y DHAPPQ - ASAQ - AL,#8dd3c7,0,33.0,004
026-Cycling-2y-DHAPPQ-ASAQ-AL,68,35302.22222222222,2031,Cycling 2y DHAPPQ - ASAQ - AL,#8dd3c7,0,33.0,004
026-Cycling-2y-DHAPPQ-ASAQ-AL,69,33390.77777777778,2031,Cycling 2y DHAPPQ - ASAQ - AL,#8dd3c7,0,33.0,004
026-Cycling-2y-DHAPPQ-ASAQ-AL,70,32716.88888888889,2031,Cycling 2y DHAPPQ - ASAQ - AL,#8dd3c7,0,33.0,004
026-Cycling-2y-DHAPPQ-ASAQ-AL,71,33525.333333333336,2031,Cycling 2y DHAPPQ - ASAQ - AL,#8dd3c7,0,33.0,004
026-Cycling-2y-DHAPPQ-ASAQ-AL,72,33258.11111111111,2031,Cycling 2y DHAPPQ - ASAQ - AL,#8dd3c7,0,33.0,004
026-Cycling-2y-DHAPPQ-ASAQ-AL,73,34045.555555555555,2031,Cycling 2y DHAPPQ - ASAQ - AL,#8dd3c7,0,33.0,004
026-Cycling-2y-DHAPPQ-ASAQ-AL,74,34614.0,2031,Cycling 2y DHAPPQ - ASAQ - AL,#8dd3c7,0,33.0,004
026-Cycling-2y-DHAPPQ-ASAQ-AL,75,33799.77777777778,2031,Cycling 2y DHAPPQ - ASAQ - AL,#8dd3c7,0,33.0,004
026-Cycling-2y-DHAPPQ-ASAQ-AL,76,33653.666666666664,2031,Cycling 2y DHAPPQ - ASAQ - AL,#8dd3c7,0,33.0,004
026-Cycling-2y-DHAPPQ-ASAQ-AL,77,34341.22222222222,2031,Cycling 2y DHAPPQ - ASAQ - AL,#8dd3c7,0,33.0,004
026-Cycling-2y-DHAPPQ-ASAQ-AL,78,33721.88888888889,2031,Cycling 2y DHAPPQ - ASAQ - AL,#8dd3c7,0,33.0,004
026-Cycling-2y-DHAPPQ-ASAQ-AL,79,34144.555555555555,2031,Cycling 2y DHAPPQ - ASAQ - AL,#8dd3c7,0,33.0,004
026-Cycling-2y-DHAPPQ-ASAQ-AL,80,34160.555555555555,2031,Cycling 2y DHAPPQ - ASAQ - AL,#8dd3c7,0,33.0,004
026-Cycling-2y-DHAPPQ-ASAQ-AL,81,33584.333333333336,2031,Cycling 2y DHAPPQ - ASAQ - AL,#8dd3c7,0,33.0,004
026-Cycling-2y-DHAPPQ-ASAQ-AL,82,33977.055555555555,2031,Cycling 2y DHAPPQ - ASAQ - AL,#8dd3c7,0,33.0,004
026-Cycling-2y-DHAPPQ-ASAQ-AL,83,32991.166666666664,2031,Cycling 2y DHAPPQ - ASAQ - AL,#8dd3c7,0,33.0,004
026-Cycling-2y-DHAPPQ-ASAQ-AL,84,32334.0,2031,Cycling 2y DHAPPQ - ASAQ - AL,#8dd3c7,0,33.0,004
026-Cycling-2y-DHAPPQ-ASAQ-AL,85,35465.166666666664,2031,Cycling 2y DHAPPQ - ASAQ - AL,#8dd3c7,0,33.0,004
026-Cycling-2y-DHAPPQ-ASAQ-AL,86,34399.5,2031,Cycling 2y DHAPPQ - ASAQ - AL,#8dd3c7,0,33.0,004
026-Cycling-2y-DHAPPQ-ASAQ-AL,87,33973.444444444445,2031,Cycling 2y DHAPPQ - ASAQ - AL,#8dd3c7,0,33.0,004
026-Cycling-2y-DHAPPQ-ASAQ-AL,88,34614.833333333336,2031,Cycling 2y DHAPPQ - ASAQ - AL,#8dd3c7,0,33.0,004
026-Cycling-2y-DHAPPQ-ASAQ-AL,89,35212.944444444445,2031,Cycling 2y DHAPPQ - ASAQ - AL,#8dd3c7,0,33.0,004
026-Cycling-2y-DHAPPQ-ASAQ-AL,90,34068.22222222222,2031,Cycling 2y DHAPPQ - ASAQ - AL,#8dd3c7,0,33.0,004
026-Cycling-2y-DHAPPQ-ASAQ-AL,91,34666.166666666664,2031,Cycling 2y DHAPPQ - ASAQ - AL,#8dd3c7,0,33.0,004
026-Cycling-2y-DHAPPQ-ASAQ-AL,92,34105.833333333336,2031,Cycling 2y DHAPPQ - ASAQ - AL,#8dd3c7,0,33.0,004
026-Cycling-2y-DHAPPQ-ASAQ-AL,93,33559.555555555555,2031,Cycling 2y DHAPPQ - ASAQ - AL,#8dd3c7,0,33.0,004
026-Cycling-2y-DHAPPQ-ASAQ-AL,94,33722.38888888889,2031,Cycling 2y DHAPPQ - ASAQ - AL,#8dd3c7,0,33.0,004
026-Cycling-2y-DHAPPQ-ASAQ-AL,95,34593.333333333336,2031,Cycling 2y DHAPPQ - ASAQ - AL,#8dd3c7,0,33.0,004
026-Cycling-2y-DHAPPQ-ASAQ-AL,96,33839.38888888889,2031,Cycling 2y DHAPPQ - ASAQ - AL,#8dd3c7,0,33.0,004
026-Cycling-2y-DHAPPQ-ASAQ-AL,97,35077.61111111111,2031,Cycling 2y DHAPPQ - ASAQ - AL,#8dd3c7,0,33.0,004
026-Cycling-2y-DHAPPQ-ASAQ-AL,98,33916.38888888889,2031,Cycling 2y DHAPPQ - ASAQ - AL,#8dd3c7,0,33.0,004
026-Cycling-2y-DHAPPQ-ASAQ-AL,99,33942.72222222222,2031,Cycling 2y DHAPPQ - ASAQ - AL,#8dd3c7,0,33.0,004
028-Cycling-3y-AL-DHAPPQ,0,37496.444444444445,2031,Cycling 3y AL - DHAPPQ,#f4a460,0,50.0,004
028-Cycling-3y-AL-DHAPPQ,1,36819.944444444445,2031,Cycling 3y AL - DHAPPQ,#f4a460,0,50.0,004
028-Cycling-3y-AL-DHAPPQ,2,36958.88888888889,2031,Cycling 3y AL - DHAPPQ,#f4a460,0,50.0,004
028-Cycling-3y-AL-DHAPPQ,3,36682.944444444445,2031,Cycling 3y AL - DHAPPQ,#f4a460,0,50.0,004
028-Cycling-3y-AL-DHAPPQ,4,37560.833333333336,2031,Cycling 3y AL - DHAPPQ,#f4a460,0,50.0,004
028-Cycling-3y-AL-DHAPPQ,5,38053.944444444445,2031,Cycling 3y AL - DHAPPQ,#f4a460,0,50.0,004
028-Cycling-3y-AL-DHAPPQ,6,38139.666666666664,2031,Cycling 3y AL - DHAPPQ,#f4a460,0,50.0,004
028-Cycling-3y-AL-DHAPPQ,7,36588.22222222222,2031,Cycling 3y AL - DHAPPQ,#f4a460,0,50.0,004
028-Cycling-3y-AL-DHAPPQ,8,35854.444444444445,2031,Cycling 3y AL - DHAPPQ,#f4a460,0,50.0,004
028-Cycling-3y-AL-DHAPPQ,9,36930.22222222222,2031,Cycling 3y AL - DHAPPQ,#f4a460,0,50.0,004
028-Cycling-3y-AL-DHAPPQ,10,36822.944444444445,2031,Cycling 3y AL - DHAPPQ,#f4a460,0,50.0,004
028-Cycling-3y-AL-DHAPPQ,11,37508.22222222222,2031,Cycling 3y AL - DHAPPQ,#f4a460,0,50.0,004
028-Cycling-3y-AL-DHAPPQ,12,36264.0,2031,Cycling 3y AL - DHAPPQ,#f4a460,0,50.0,004
028-Cycling-3y-AL-DHAPPQ,13,37913.61111111111,2031,Cycling 3y AL - DHAPPQ,#f4a460,0,50.0,004
028-Cycling-3y-AL-DHAPPQ,14,37474.666666666664,2031,Cycling 3y AL - DHAPPQ,#f4a460,0,50.0,004
028-Cycling-3y-AL-DHAPPQ,15,35874.944444444445,2031,Cycling 3y AL - DHAPPQ,#f4a460,0,50.0,004
028-Cycling-3y-AL-DHAPPQ,16,35194.77777777778,2031,Cycling 3y AL - DHAPPQ,#f4a460,0,50.0,004
028-Cycling-3y-AL-DHAPPQ,17,37072.27777777778,2031,Cycling 3y AL - DHAPPQ,#f4a460,0,50.0,004
028-Cycling-3y-AL-DHAPPQ,18,36101.166666666664,2031,Cycling 3y AL - DHAPPQ,#f4a460,0,50.0,004
028-Cycling-3y-AL-DHAPPQ,19,36913.833333333336,2031,Cycling 3y AL - DHAPPQ,#f4a460,0,50.0,004
028-Cycling-3y-AL-DHAPPQ,20,36347.055555555555,2031,Cycling 3y AL - DHAPPQ,#f4a460,0,50.0,004
028-Cycling-3y-AL-DHAPPQ,21,37003.833333333336,2031,Cycling 3y AL - DHAPPQ,#f4a460,0,50.0,004
028-Cycling-3y-AL-DHAPPQ,22,37467.77777777778,2031,Cycling 3y AL - DHAPPQ,#f4a460,0,50.0,004
028-Cycling-3y-AL-DHAPPQ,23,36513.22222222222,2031,Cycling 3y AL - DHAPPQ,#f4a460,0,50.0,004
028-Cycling-3y-AL-DHAPPQ,24,35777.333333333336,2031,Cycling 3y AL - DHAPPQ,#f4a460,0,50.0,004
028-Cycling-3y-AL-DHAPPQ,25,36073.61111111111,2031,Cycling 3y AL - DHAPPQ,#f4a460,0,50.0,004
028-Cycling-3y-AL-DHAPPQ,26,37282.11111111111,2031,Cycling 3y AL - DHAPPQ,#f4a460,0,50.0,004
028-Cycling-3y-AL-DHAPPQ,27,36372.88888888889,2031,Cycling 3y AL - DHAPPQ,#f4a460,0,50.0,004
028-Cycling-3y-AL-DHAPPQ,28,36865.666666666664,2031,Cycling 3y AL - DHAPPQ,#f4a460,0,50.0,004
028-Cycling-3y-AL-DHAPPQ,29,38459.0,2031,Cycling 3y AL - DHAPPQ,#f4a460,0,50.0,004
028-Cycling-3y-AL-DHAPPQ,30,37681.0,2031,Cycling 3y AL - DHAPPQ,#f4a460,0,50.0,004
028-Cycling-3y-AL-DHAPPQ,31,39497.27777777778,2031,Cycling 3y AL - DHAPPQ,#f4a460,0,50.0,004
028-Cycling-3y-AL-DHAPPQ,32,36476.833333333336,2031,Cycling 3y AL - DHAPPQ,#f4a460,0,50.0,004
028-Cycling-3y-AL-DHAPPQ,33,35579.833333333336,2031,Cycling 3y AL - DHAPPQ,#f4a460,0,50.0,004
028-Cycling-3y-AL-DHAPPQ,34,36634.666666666664,2031,Cycling 3y AL - DHAPPQ,#f4a460,0,50.0,004
028-Cycling-3y-AL-DHAPPQ,35,38382.11111111111,2031,Cycling 3y AL - DHAPPQ,#f4a460,0,50.0,004
028-Cycling-3y-AL-DHAPPQ,36,37034.5,2031,Cycling 3y AL - DHAPPQ,#f4a460,0,50.0,004
028-Cycling-3y-AL-DHAPPQ,37,37619.833333333336,2031,Cycling 3y AL - DHAPPQ,#f4a460,0,50.0,004
028-Cycling-3y-AL-DHAPPQ,38,37679.61111111111,2031,Cycling 3y AL - DHAPPQ,#f4a460,0,50.0,004
028-Cycling-3y-AL-DHAPPQ,39,36866.555555555555,2031,Cycling 3y AL - DHAPPQ,#f4a460,0,50.0,004
028-Cycling-3y-AL-DHAPPQ,40,39315.11111111111,2031,Cycling 3y AL - DHAPPQ,#f4a460,0,50.0,004
028-Cycling-3y-AL-DHAPPQ,41,38818.944444444445,2031,Cycling 3y AL - DHAPPQ,#f4a460,0,50.0,004
028-Cycling-3y-AL-DHAPPQ,42,38348.944444444445,2031,Cycling 3y AL - DHAPPQ,#f4a460,0,50.0,004
028-Cycling-3y-AL-DHAPPQ,43,37151.5,2031,Cycling 3y AL - DHAPPQ,#f4a460,0,50.0,004
028-Cycling-3y-AL-DHAPPQ,44,37618.61111111111,2031,Cycling 3y AL - DHAPPQ,#f4a460,0,50.0,004
028-Cycling-3y-AL-DHAPPQ,45,37697.22222222222,2031,Cycling 3y AL - DHAPPQ,#f4a460,0,50.0,004
028-Cycling-3y-AL-DHAPPQ,46,35226.833333333336,2031,Cycling 3y AL - DHAPPQ,#f4a460,0,50.0,004
028-Cycling-3y-AL-DHAPPQ,47,35965.72222222222,2031,Cycling 3y AL - DHAPPQ,#f4a460,0,50.0,004
028-Cycling-3y-AL-DHAPPQ,48,35652.11111111111,2031,Cycling 3y AL - DHAPPQ,#f4a460,0,50.0,004
028-Cycling-3y-AL-DHAPPQ,49,35961.11111111111,2031,Cycling 3y AL - DHAPPQ,#f4a460,0,50.0,004
028-Cycling-3y-AL-DHAPPQ,50,37769.77777777778,2031,Cycling 3y AL - DHAPPQ,#f4a460,0,50.0,004
028-Cycling-3y-AL-DHAPPQ,51,37779.11111111111,2031,Cycling 3y AL - DHAPPQ,#f4a460,0,50.0,004
028-Cycling-3y-AL-DHAPPQ,52,36816.944444444445,2031,Cycling 3y AL - DHAPPQ,#f4a460,0,50.0,004
028-Cycling-3y-AL-DHAPPQ,53,36106.555555555555,2031,Cycling 3y AL - DHAPPQ,#f4a460,0,50.0,004
028-Cycling-3y-AL-DHAPPQ,54,36726.5,2031,Cycling 3y AL - DHAPPQ,#f4a460,0,50.0,004
028-Cycling-3y-AL-DHAPPQ,55,37533.22222222222,2031,Cycling 3y AL - DHAPPQ,#f4a460,0,50.0,004
028-Cycling-3y-AL-DHAPPQ,56,35216.11111111111,2031,Cycling 3y AL - DHAPPQ,#f4a460,0,50.0,004
028-Cycling-3y-AL-DHAPPQ,57,36837.61111111111,2031,Cycling 3y AL - DHAPPQ,#f4a460,0,50.0,004
028-Cycling-3y-AL-DHAPPQ,58,35978.666666666664,2031,Cycling 3y AL - DHAPPQ,#f4a460,0,50.0,004
028-Cycling-3y-AL-DHAPPQ,59,36381.555555555555,2031,Cycling 3y AL - DHAPPQ,#f4a460,0,50.0,004
028-Cycling-3y-AL-DHAPPQ,60,36678.833333333336,2031,Cycling 3y AL - DHAPPQ,#f4a460,0,50.0,004
028-Cycling-3y-AL-DHAPPQ,61,38324.22222222222,2031,Cycling 3y AL - DHAPPQ,#f4a460,0,50.0,004
028-Cycling-3y-AL-DHAPPQ,62,36414.444444444445,2031,Cycling 3y AL - DHAPPQ,#f4a460,0,50.0,004
028-Cycling-3y-AL-DHAPPQ,63,37543.055555555555,2031,Cycling 3y AL - DHAPPQ,#f4a460,0,50.0,004
028-Cycling-3y-AL-DHAPPQ,64,37434.61111111111,2031,Cycling 3y AL - DHAPPQ,#f4a460,0,50.0,004
028-Cycling-3y-AL-DHAPPQ,65,36162.055555555555,2031,Cycling 3y AL - DHAPPQ,#f4a460,0,50.0,004
028-Cycling-3y-AL-DHAPPQ,66,37871.333333333336,2031,Cycling 3y AL - DHAPPQ,#f4a460,0,50.0,004
028-Cycling-3y-AL-DHAPPQ,67,36269.77777777778,2031,Cycling 3y AL - DHAPPQ,#f4a460,0,50.0,004
028-Cycling-3y-AL-DHAPPQ,68,37248.555555555555,2031,Cycling 3y AL - DHAPPQ,#f4a460,0,50.0,004
028-Cycling-3y-AL-DHAPPQ,69,37243.444444444445,2031,Cycling 3y AL - DHAPPQ,#f4a460,0,50.0,004
028-Cycling-3y-AL-DHAPPQ,70,38512.055555555555,2031,Cycling 3y AL - DHAPPQ,#f4a460,0,50.0,004
028-Cycling-3y-AL-DHAPPQ,71,36735.055555555555,2031,Cycling 3y AL - DHAPPQ,#f4a460,0,50.0,004
028-Cycling-3y-AL-DHAPPQ,72,37275.944444444445,2031,Cycling 3y AL - DHAPPQ,#f4a460,0,50.0,004
028-Cycling-3y-AL-DHAPPQ,73,36721.333333333336,2031,Cycling 3y AL - DHAPPQ,#f4a460,0,50.0,004
028-Cycling-3y-AL-DHAPPQ,74,36802.055555555555,2031,Cycling 3y AL - DHAPPQ,#f4a460,0,50.0,004
028-Cycling-3y-AL-DHAPPQ,75,37392.833333333336,2031,Cycling 3y AL - DHAPPQ,#f4a460,0,50.0,004
028-Cycling-3y-AL-DHAPPQ,76,37596.944444444445,2031,Cycling 3y AL - DHAPPQ,#f4a460,0,50.0,004
028-Cycling-3y-AL-DHAPPQ,77,39927.666666666664,2031,Cycling 3y AL - DHAPPQ,#f4a460,0,50.0,004
028-Cycling-3y-AL-DHAPPQ,78,36021.944444444445,2031,Cycling 3y AL - DHAPPQ,#f4a460,0,50.0,004
028-Cycling-3y-AL-DHAPPQ,79,36707.77777777778,2031,Cycling 3y AL - DHAPPQ,#f4a460,0,50.0,004
028-Cycling-3y-AL-DHAPPQ,80,37473.88888888889,2031,Cycling 3y AL - DHAPPQ,#f4a460,0,50.0,004
028-Cycling-3y-AL-DHAPPQ,81,36423.77777777778,2031,Cycling 3y AL - DHAPPQ,#f4a460,0,50.0,004
028-Cycling-3y-AL-DHAPPQ,82,36652.61111111111,2031,Cycling 3y AL - DHAPPQ,#f4a460,0,50.0,004
028-Cycling-3y-AL-DHAPPQ,83,35245.5,2031,Cycling 3y AL - DHAPPQ,#f4a460,0,50.0,004
028-Cycling-3y-AL-DHAPPQ,84,37708.27777777778,2031,Cycling 3y AL - DHAPPQ,#f4a460,0,50.0,004
028-Cycling-3y-AL-DHAPPQ,85,37761.27777777778,2031,Cycling 3y AL - DHAPPQ,#f4a460,0,50.0,004
028-Cycling-3y-AL-DHAPPQ,86,37388.055555555555,2031,Cycling 3y AL - DHAPPQ,#f4a460,0,50.0,004
028-Cycling-3y-AL-DHAPPQ,87,38361.5,2031,Cycling 3y AL - DHAPPQ,#f4a460,0,50.0,004
028-Cycling-3y-AL-DHAPPQ,88,36464.444444444445,2031,Cycling 3y AL - DHAPPQ,#f4a460,0,50.0,004
028-Cycling-3y-AL-DHAPPQ,89,36352.38888888889,2031,Cycling 3y AL - DHAPPQ,#f4a460,0,50.0,004
028-Cycling-3y-AL-DHAPPQ,90,36381.055555555555,2031,Cycling 3y AL - DHAPPQ,#f4a460,0,50.0,004
028-Cycling-3y-AL-DHAPPQ,91,37502.38888888889,2031,Cycling 3y AL - DHAPPQ,#f4a460,0,50.0,004
028-Cycling-3y-AL-DHAPPQ,92,41125.61111111111,2031,Cycling 3y AL - DHAPPQ,#f4a460,0,50.0,004
028-Cycling-3y-AL-DHAPPQ,93,35933.61111111111,2031,Cycling 3y AL - DHAPPQ,#f4a460,0,50.0,004
028-Cycling-3y-AL-DHAPPQ,94,37564.666666666664,2031,Cycling 3y AL - DHAPPQ,#f4a460,0,50.0,004
028-Cycling-3y-AL-DHAPPQ,95,37639.555555555555,2031,Cycling 3y AL - DHAPPQ,#f4a460,0,50.0,004
028-Cycling-3y-AL-DHAPPQ,96,37877.055555555555,2031,Cycling 3y AL - DHAPPQ,#f4a460,0,50.0,004
028-Cycling-3y-AL-DHAPPQ,97,37272.444444444445,2031,Cycling 3y AL - DHAPPQ,#f4a460,0,50.0,004
028-Cycling-3y-AL-DHAPPQ,98,35820.38888888889,2031,Cycling 3y AL - DHAPPQ,#f4a460,0,50.0,004
028-Cycling-3y-AL-DHAPPQ,99,35457.555555555555,2031,Cycling 3y AL - DHAPPQ,#f4a460,0,50.0,004
029-Cycling-3y-ASAQ-AL,0,36426.833333333336,2031,Cycling 3y ASAQ - AL,#f4a460,0,50.0,004
029-Cycling-3y-ASAQ-AL,1,37090.77777777778,2031,Cycling 3y ASAQ - AL,#f4a460,0,50.0,004
029-Cycling-3y-ASAQ-AL,2,37485.555555555555,2031,Cycling 3y ASAQ - AL,#f4a460,0,50.0,004
029-Cycling-3y-ASAQ-AL,3,37996.444444444445,2031,Cycling 3y ASAQ - AL,#f4a460,0,50.0,004
029-Cycling-3y-ASAQ-AL,4,37476.38888888889,2031,Cycling 3y ASAQ - AL,#f4a460,0,50.0,004
029-Cycling-3y-ASAQ-AL,5,37086.055555555555,2031,Cycling 3y ASAQ - AL,#f4a460,0,50.0,004
029-Cycling-3y-ASAQ-AL,6,34937.944444444445,2031,Cycling 3y ASAQ - AL,#f4a460,0,50.0,004
029-Cycling-3y-ASAQ-AL,7,36720.0,2031,Cycling 3y ASAQ - AL,#f4a460,0,50.0,004
029-Cycling-3y-ASAQ-AL,8,39541.38888888889,2031,Cycling 3y ASAQ - AL,#f4a460,0,50.0,004
029-Cycling-3y-ASAQ-AL,9,36163.333333333336,2031,Cycling 3y ASAQ - AL,#f4a460,0,50.0,004
029-Cycling-3y-ASAQ-AL,10,37977.22222222222,2031,Cycling 3y ASAQ - AL,#f4a460,0,50.0,004
029-Cycling-3y-ASAQ-AL,11,36211.055555555555,2031,Cycling 3y ASAQ - AL,#f4a460,0,50.0,004
029-Cycling-3y-ASAQ-AL,12,35862.22222222222,2031,Cycling 3y ASAQ - AL,#f4a460,0,50.0,004
029-Cycling-3y-ASAQ-AL,13,36536.055555555555,2031,Cycling 3y ASAQ - AL,#f4a460,0,50.0,004
029-Cycling-3y-ASAQ-AL,14,37943.055555555555,2031,Cycling 3y ASAQ - AL,#f4a460,0,50.0,004
029-Cycling-3y-ASAQ-AL,15,39429.38888888889,2031,Cycling 3y ASAQ - AL,#f4a460,0,50.0,004
029-Cycling-3y-ASAQ-AL,16,38072.77777777778,2031,Cycling 3y ASAQ - AL,#f4a460,0,50.0,004
029-Cycling-3y-ASAQ-AL,17,37990.22222222222,2031,Cycling 3y ASAQ - AL,#f4a460,0,50.0,004
029-Cycling-3y-ASAQ-AL,18,35472.833333333336,2031,Cycling 3y ASAQ - AL,#f4a460,0,50.0,004
029-Cycling-3y-ASAQ-AL,19,36807.166666666664,2031,Cycling 3y ASAQ - AL,#f4a460,0,50.0,004
029-Cycling-3y-ASAQ-AL,20,36292.88888888889,2031,Cycling 3y ASAQ - AL,#f4a460,0,50.0,004
029-Cycling-3y-ASAQ-AL,21,36733.944444444445,2031,Cycling 3y ASAQ - AL,#f4a460,0,50.0,004
029-Cycling-3y-ASAQ-AL,22,36613.666666666664,2031,Cycling 3y ASAQ - AL,#f4a460,0,50.0,004
029-Cycling-3y-ASAQ-AL,23,37636.666666666664,2031,Cycling 3y ASAQ - AL,#f4a460,0,50.0,004
029-Cycling-3y-ASAQ-AL,24,36834.72222222222,2031,Cycling 3y ASAQ - AL,#f4a460,0,50.0,004
029-Cycling-3y-ASAQ-AL,25,37279.0,2031,Cycling 3y ASAQ - AL,#f4a460,0,50.0,004
029-Cycling-3y-ASAQ-AL,26,38276.166666666664,2031,Cycling 3y ASAQ - AL,#f4a460,0,50.0,004
029-Cycling-3y-ASAQ-AL,27,36410.333333333336,2031,Cycling 3y ASAQ - AL,#f4a460,0,50.0,004
029-Cycling-3y-ASAQ-AL,28,38266.055555555555,2031,Cycling 3y ASAQ - AL,#f4a460,0,50.0,004
029-Cycling-3y-ASAQ-AL,29,36941.944444444445,2031,Cycling 3y ASAQ - AL,#f4a460,0,50.0,004
029-Cycling-3y-ASAQ-AL,30,36696.72222222222,2031,Cycling 3y ASAQ - AL,#f4a460,0,50.0,004
029-Cycling-3y-ASAQ-AL,31,36322.88888888889,2031,Cycling 3y ASAQ - AL,#f4a460,0,50.0,004
029-Cycling-3y-ASAQ-AL,32,37270.77777777778,2031,Cycling 3y ASAQ - AL,#f4a460,0,50.0,004
029-Cycling-3y-ASAQ-AL,33,36146.444444444445,2031,Cycling 3y ASAQ - AL,#f4a460,0,50.0,004
029-Cycling-3y-ASAQ-AL,34,38017.444444444445,2031,Cycling 3y ASAQ - AL,#f4a460,0,50.0,004
029-Cycling-3y-ASAQ-AL,35,37353.38888888889,2031,Cycling 3y ASAQ - AL,#f4a460,0,50.0,004
029-Cycling-3y-ASAQ-AL,36,37792.0,2031,Cycling 3y ASAQ - AL,#f4a460,0,50.0,004
029-Cycling-3y-ASAQ-AL,37,36544.944444444445,2031,Cycling 3y ASAQ - AL,#f4a460,0,50.0,004
029-Cycling-3y-ASAQ-AL,38,36083.22222222222,2031,Cycling 3y ASAQ - AL,#f4a460,0,50.0,004
029-Cycling-3y-ASAQ-AL,39,36718.5,2031,Cycling 3y ASAQ - AL,#f4a460,0,50.0,004
029-Cycling-3y-ASAQ-AL,40,36147.0,2031,Cycling 3y ASAQ - AL,#f4a460,0,50.0,004
029-Cycling-3y-ASAQ-AL,41,37839.5,2031,Cycling 3y ASAQ - AL,#f4a460,0,50.0,004
029-Cycling-3y-ASAQ-AL,42,38114.833333333336,2031,Cycling 3y ASAQ - AL,#f4a460,0,50.0,004
029-Cycling-3y-ASAQ-AL,43,35913.0,2031,Cycling 3y ASAQ - AL,#f4a460,0,50.0,004
029-Cycling-3y-ASAQ-AL,44,36240.833333333336,2031,Cycling 3y ASAQ - AL,#f4a460,0,50.0,004
029-Cycling-3y-ASAQ-AL,45,35532.944444444445,2031,Cycling 3y ASAQ - AL,#f4a460,0,50.0,004
029-Cycling-3y-ASAQ-AL,46,37384.833333333336,2031,Cycling 3y ASAQ - AL,#f4a460,0,50.0,004
029-Cycling-3y-ASAQ-AL,47,35209.555555555555,2031,Cycling 3y ASAQ - AL,#f4a460,0,50.0,004
029-Cycling-3y-ASAQ-AL,48,37890.333333333336,2031,Cycling 3y ASAQ - AL,#f4a460,0,50.0,004
029-Cycling-3y-ASAQ-AL,49,37792.0,2031,Cycling 3y ASAQ - AL,#f4a460,0,50.0,004
029-Cycling-3y-ASAQ-AL,50,37131.5,2031,Cycling 3y ASAQ - AL,#f4a460,0,50.0,004
029-Cycling-3y-ASAQ-AL,51,37767.055555555555,2031,Cycling 3y ASAQ - AL,#f4a460,0,50.0,004
029-Cycling-3y-ASAQ-AL,52,35664.555555555555,2031,Cycling 3y ASAQ - AL,#f4a460,0,50.0,004
029-Cycling-3y-ASAQ-AL,53,36322.444444444445,2031,Cycling 3y ASAQ - AL,#f4a460,0,50.0,004
029-Cycling-3y-ASAQ-AL,54,36785.666666666664,2031,Cycling 3y ASAQ - AL,#f4a460,0,50.0,004
029-Cycling-3y-ASAQ-AL,55,35306.61111111111,2031,Cycling 3y ASAQ - AL,#f4a460,0,50.0,004
029-Cycling-3y-ASAQ-AL,56,37412.833333333336,2031,Cycling 3y ASAQ - AL,#f4a460,0,50.0,004
029-Cycling-3y-ASAQ-AL,57,37328.11111111111,2031,Cycling 3y ASAQ - AL,#f4a460,0,50.0,004
029-Cycling-3y-ASAQ-AL,58,37915.666666666664,2031,Cycling 3y ASAQ - AL,#f4a460,0,50.0,004
029-Cycling-3y-ASAQ-AL,59,35884.055555555555,2031,Cycling 3y ASAQ - AL,#f4a460,0,50.0,004
029-Cycling-3y-ASAQ-AL,60,36670.333333333336,2031,Cycling 3y ASAQ - AL,#f4a460,0,50.0,004
029-Cycling-3y-ASAQ-AL,61,37662.11111111111,2031,Cycling 3y ASAQ - AL,#f4a460,0,50.0,004
029-Cycling-3y-ASAQ-AL,62,36761.0,2031,Cycling 3y ASAQ - AL,#f4a460,0,50.0,004
029-Cycling-3y-ASAQ-AL,63,36576.166666666664,2031,Cycling 3y ASAQ - AL,#f4a460,0,50.0,004
029-Cycling-3y-ASAQ-AL,64,38194.944444444445,2031,Cycling 3y ASAQ - AL,#f4a460,0,50.0,004
029-Cycling-3y-ASAQ-AL,65,34665.22222222222,2031,Cycling 3y ASAQ - AL,#f4a460,0,50.0,004
029-Cycling-3y-ASAQ-AL,66,36991.666666666664,2031,Cycling 3y ASAQ - AL,#f4a460,0,50.0,004
029-Cycling-3y-ASAQ-AL,67,37081.11111111111,2031,Cycling 3y ASAQ - AL,#f4a460,0,50.0,004
029-Cycling-3y-ASAQ-AL,68,36544.444444444445,2031,Cycling 3y ASAQ - AL,#f4a460,0,50.0,004
029-Cycling-3y-ASAQ-AL,69,36720.72222222222,2031,Cycling 3y ASAQ - AL,#f4a460,0,50.0,004
029-Cycling-3y-ASAQ-AL,70,39586.5,2031,Cycling 3y ASAQ - AL,#f4a460,0,50.0,004
029-Cycling-3y-ASAQ-AL,71,35565.666666666664,2031,Cycling 3y ASAQ - AL,#f4a460,0,50.0,004
029-Cycling-3y-ASAQ-AL,72,36748.11111111111,2031,Cycling 3y ASAQ - AL,#f4a460,0,50.0,004
029-Cycling-3y-ASAQ-AL,73,36623.055555555555,2031,Cycling 3y ASAQ - AL,#f4a460,0,50.0,004
029-Cycling-3y-ASAQ-AL,74,36208.666666666664,2031,Cycling 3y ASAQ - AL,#f4a460,0,50.0,004
029-Cycling-3y-ASAQ-AL,75,36269.38888888889,2031,Cycling 3y ASAQ - AL,#f4a460,0,50.0,004
029-Cycling-3y-ASAQ-AL,76,36557.38888888889,2031,Cycling 3y ASAQ - AL,#f4a460,0,50.0,004
029-Cycling-3y-ASAQ-AL,77,37251.88888888889,2031,Cycling 3y ASAQ - AL,#f4a460,0,50.0,004
029-Cycling-3y-ASAQ-AL,78,36220.833333333336,2031,Cycling 3y ASAQ - AL,#f4a460,0,50.0,004
029-Cycling-3y-ASAQ-AL,79,37740.666666666664,2031,Cycling 3y ASAQ - AL,#f4a460,0,50.0,004
029-Cycling-3y-ASAQ-AL,80,36359.72222222222,2031,Cycling 3y ASAQ - AL,#f4a460,0,50.0,004
029-Cycling-3y-ASAQ-AL,81,36540.0,2031,Cycling 3y ASAQ - AL,#f4a460,0,50.0,004
029-Cycling-3y-ASAQ-AL,82,36006.444444444445,2031,Cycling 3y ASAQ - AL,#f4a460,0,50.0,004
029-Cycling-3y-ASAQ-AL,83,37131.22222222222,2031,Cycling 3y ASAQ - AL,#f4a460,0,50.0,004
029-Cycling-3y-ASAQ-AL,84,37145.27777777778,2031,Cycling 3y ASAQ - AL,#f4a460,0,50.0,004
029-Cycling-3y-ASAQ-AL,85,36991.22222222222,2031,Cycling 3y ASAQ - AL,#f4a460,0,50.0,004
029-Cycling-3y-ASAQ-AL,86,38632.88888888889,2031,Cycling 3y ASAQ - AL,#f4a460,0,50.0,004
029-Cycling-3y-ASAQ-AL,87,36624.72222222222,2031,Cycling 3y ASAQ - AL,#f4a460,0,50.0,004
029-Cycling-3y-ASAQ-AL,88,37582.166666666664,2031,Cycling 3y ASAQ - AL,#f4a460,0,50.0,004
029-Cycling-3y-ASAQ-AL,89,37063.444444444445,2031,Cycling 3y ASAQ - AL,#f4a460,0,50.0,004
029-Cycling-3y-ASAQ-AL,90,36262.72222222222,2031,Cycling 3y ASAQ - AL,#f4a460,0,50.0,004
029-Cycling-3y-ASAQ-AL,91,36765.444444444445,2031,Cycling 3y ASAQ - AL,#f4a460,0,50.0,004
029-Cycling-3y-ASAQ-AL,92,37239.055555555555,2031,Cycling 3y ASAQ - AL,#f4a460,0,50.0,004
029-Cycling-3y-ASAQ-AL,93,36167.5,2031,Cycling 3y ASAQ - AL,#f4a460,0,50.0,004
029-Cycling-3y-ASAQ-AL,94,36199.61111111111,2031,Cycling 3y ASAQ - AL,#f4a460,0,50.0,004
029-Cycling-3y-ASAQ-AL,95,36280.0,2031,Cycling 3y ASAQ - AL,#f4a460,0,50.0,004
029-Cycling-3y-ASAQ-AL,96,35541.944444444445,2031,Cycling 3y ASAQ - AL,#f4a460,0,50.0,004
029-Cycling-3y-ASAQ-AL,97,37114.22222222222,2031,Cycling 3y ASAQ - AL,#f4a460,0,50.0,004
029-Cycling-3y-ASAQ-AL,98,36297.61111111111,2031,Cycling 3y ASAQ - AL,#f4a460,0,50.0,004
029-Cycling-3y-ASAQ-AL,99,36756.0,2031,Cycling 3y ASAQ - AL,#f4a460,0,50.0,004
030-Cycling-3y-ASAQ-DHAPPQ,0,27691.666666666668,2031,Cycling 3y ASAQ - DHAPPQ,#f4a460,0,0.0,004
030-Cycling-3y-ASAQ-DHAPPQ,1,28154.944444444445,2031,Cycling 3y ASAQ - DHAPPQ,#f4a460,0,0.0,004
030-Cycling-3y-ASAQ-DHAPPQ,2,28563.944444444445,2031,Cycling 3y ASAQ - DHAPPQ,#f4a460,0,0.0,004
030-Cycling-3y-ASAQ-DHAPPQ,3,28174.666666666668,2031,Cycling 3y ASAQ - DHAPPQ,#f4a460,0,0.0,004
030-Cycling-3y-ASAQ-DHAPPQ,4,29555.333333333332,2031,Cycling 3y ASAQ - DHAPPQ,#f4a460,0,0.0,004
030-Cycling-3y-ASAQ-DHAPPQ,5,29195.0,2031,Cycling 3y ASAQ - DHAPPQ,#f4a460,0,0.0,004
030-Cycling-3y-ASAQ-DHAPPQ,6,27228.0,2031,Cycling 3y ASAQ - DHAPPQ,#f4a460,0,0.0,004
030-Cycling-3y-ASAQ-DHAPPQ,7,27832.0,2031,Cycling 3y ASAQ - DHAPPQ,#f4a460,0,0.0,004
030-Cycling-3y-ASAQ-DHAPPQ,8,28419.11111111111,2031,Cycling 3y ASAQ - DHAPPQ,#f4a460,0,0.0,004
030-Cycling-3y-ASAQ-DHAPPQ,9,28263.5,2031,Cycling 3y ASAQ - DHAPPQ,#f4a460,0,0.0,004
030-Cycling-3y-ASAQ-DHAPPQ,10,28259.277777777777,2031,Cycling 3y ASAQ - DHAPPQ,#f4a460,0,0.0,004
030-Cycling-3y-ASAQ-DHAPPQ,11,28191.666666666668,2031,Cycling 3y ASAQ - DHAPPQ,#f4a460,0,0.0,004
030-Cycling-3y-ASAQ-DHAPPQ,12,28023.88888888889,2031,Cycling 3y ASAQ - DHAPPQ,#f4a460,0,0.0,004
030-Cycling-3y-ASAQ-DHAPPQ,13,29016.777777777777,2031,Cycling 3y ASAQ - DHAPPQ,#f4a460,0,0.0,004
030-Cycling-3y-ASAQ-DHAPPQ,14,27564.555555555555,2031,Cycling 3y ASAQ - DHAPPQ,#f4a460,0,0.0,004
030-Cycling-3y-ASAQ-DHAPPQ,15,28997.944444444445,2031,Cycling 3y ASAQ - DHAPPQ,#f4a460,0,0.0,004
030-Cycling-3y-ASAQ-DHAPPQ,16,28098.666666666668,2031,Cycling 3y ASAQ - DHAPPQ,#f4a460,0,0.0,004
030-Cycling-3y-ASAQ-DHAPPQ,17,28549.722222222223,2031,Cycling 3y ASAQ - DHAPPQ,#f4a460,0,0.0,004
030-Cycling-3y-ASAQ-DHAPPQ,18,28580.333333333332,2031,Cycling 3y ASAQ - DHAPPQ,#f4a460,0,0.0,004
030-Cycling-3y-ASAQ-DHAPPQ,19,29512.222222222223,2031,Cycling 3y ASAQ - DHAPPQ,#f4a460,0,0.0,004
030-Cycling-3y-ASAQ-DHAPPQ,20,28412.277777777777,2031,Cycling 3y ASAQ - DHAPPQ,#f4a460,0,0.0,004
030-Cycling-3y-ASAQ-DHAPPQ,21,28424.333333333332,2031,Cycling 3y ASAQ - DHAPPQ,#f4a460,0,0.0,004
030-Cycling-3y-ASAQ-DHAPPQ,22,28463.166666666668,2031,Cycling 3y ASAQ - DHAPPQ,#f4a460,0,0.0,004
030-Cycling-3y-ASAQ-DHAPPQ,23,30871.333333333332,2031,Cycling 3y ASAQ - DHAPPQ,#f4a460,0,0.0,004
030-Cycling-3y-ASAQ-DHAPPQ,24,28707.0,2031,Cycling 3y ASAQ - DHAPPQ,#f4a460,0,0.0,004
030-Cycling-3y-ASAQ-DHAPPQ,25,27699.61111111111,2031,Cycling 3y ASAQ - DHAPPQ,#f4a460,0,0.0,004
030-Cycling-3y-ASAQ-DHAPPQ,26,28468.88888888889,2031,Cycling 3y ASAQ - DHAPPQ,#f4a460,0,0.0,004
030-Cycling-3y-ASAQ-DHAPPQ,27,28039.944444444445,2031,Cycling 3y ASAQ - DHAPPQ,#f4a460,0,0.0,004
030-Cycling-3y-ASAQ-DHAPPQ,28,27752.277777777777,2031,Cycling 3y ASAQ - DHAPPQ,#f4a460,0,0.0,004
030-Cycling-3y-ASAQ-DHAPPQ,29,27902.055555555555,2031,Cycling 3y ASAQ - DHAPPQ,#f4a460,0,0.0,004
030-Cycling-3y-ASAQ-DHAPPQ,30,28170.722222222223,2031,Cycling 3y ASAQ - DHAPPQ,#f4a460,0,0.0,004
030-Cycling-3y-ASAQ-DHAPPQ,31,28326.38888888889,2031,Cycling 3y ASAQ - DHAPPQ,#f4a460,0,0.0,004
030-Cycling-3y-ASAQ-DHAPPQ,32,27935.5,2031,Cycling 3y ASAQ - DHAPPQ,#f4a460,0,0.0,004
030-Cycling-3y-ASAQ-DHAPPQ,33,28324.722222222223,2031,Cycling 3y ASAQ - DHAPPQ,#f4a460,0,0.0,004
030-Cycling-3y-ASAQ-DHAPPQ,34,27878.944444444445,2031,Cycling 3y ASAQ - DHAPPQ,#f4a460,0,0.0,004
030-Cycling-3y-ASAQ-DHAPPQ,35,28172.944444444445,2031,Cycling 3y ASAQ - DHAPPQ,#f4a460,0,0.0,004
030-Cycling-3y-ASAQ-DHAPPQ,36,28891.0,2031,Cycling 3y ASAQ - DHAPPQ,#f4a460,0,0.0,004
030-Cycling-3y-ASAQ-DHAPPQ,37,27759.555555555555,2031,Cycling 3y ASAQ - DHAPPQ,#f4a460,0,0.0,004
030-Cycling-3y-ASAQ-DHAPPQ,38,27896.444444444445,2031,Cycling 3y ASAQ - DHAPPQ,#f4a460,0,0.0,004
030-Cycling-3y-ASAQ-DHAPPQ,39,27998.333333333332,2031,Cycling 3y ASAQ - DHAPPQ,#f4a460,0,0.0,004
030-Cycling-3y-ASAQ-DHAPPQ,40,28509.722222222223,2031,Cycling 3y ASAQ - DHAPPQ,#f4a460,0,0.0,004
030-Cycling-3y-ASAQ-DHAPPQ,41,27961.5,2031,Cycling 3y ASAQ - DHAPPQ,#f4a460,0,0.0,004
030-Cycling-3y-ASAQ-DHAPPQ,42,27816.055555555555,2031,Cycling 3y ASAQ - DHAPPQ,#f4a460,0,0.0,004
030-Cycling-3y-ASAQ-DHAPPQ,43,29016.88888888889,2031,Cycling 3y ASAQ - DHAPPQ,#f4a460,0,0.0,004
030-Cycling-3y-ASAQ-DHAPPQ,44,29742.0,2031,Cycling 3y ASAQ - DHAPPQ,#f4a460,0,0.0,004
030-Cycling-3y-ASAQ-DHAPPQ,45,28507.38888888889,2031,Cycling 3y ASAQ - DHAPPQ,#f4a460,0,0.0,004
030-Cycling-3y-ASAQ-DHAPPQ,46,28100.5,2031,Cycling 3y ASAQ - DHAPPQ,#f4a460,0,0.0,004
030-Cycling-3y-ASAQ-DHAPPQ,47,28159.0,2031,Cycling 3y ASAQ - DHAPPQ,#f4a460,0,0.0,004
030-Cycling-3y-ASAQ-DHAPPQ,48,28112.444444444445,2031,Cycling 3y ASAQ - DHAPPQ,#f4a460,0,0.0,004
030-Cycling-3y-ASAQ-DHAPPQ,49,28375.333333333332,2031,Cycling 3y ASAQ - DHAPPQ,#f4a460,0,0.0,004
030-Cycling-3y-ASAQ-DHAPPQ,50,29813.777777777777,2031,Cycling 3y ASAQ - DHAPPQ,#f4a460,0,0.0,004
030-Cycling-3y-ASAQ-DHAPPQ,51,28822.833333333332,2031,Cycling 3y ASAQ - DHAPPQ,#f4a460,0,0.0,004
030-Cycling-3y-ASAQ-DHAPPQ,52,27658.666666666668,2031,Cycling 3y ASAQ - DHAPPQ,#f4a460,0,0.0,004
030-Cycling-3y-ASAQ-DHAPPQ,53,28364.166666666668,2031,Cycling 3y ASAQ - DHAPPQ,#f4a460,0,0.0,004
030-Cycling-3y-ASAQ-DHAPPQ,54,28331.11111111111,2031,Cycling 3y ASAQ - DHAPPQ,#f4a460,0,0.0,004
030-Cycling-3y-ASAQ-DHAPPQ,55,28249.944444444445,2031,Cycling 3y ASAQ - DHAPPQ,#f4a460,0,0.0,004
030-Cycling-3y-ASAQ-DHAPPQ,56,28282.38888888889,2031,Cycling 3y ASAQ - DHAPPQ,#f4a460,0,0.0,004
030-Cycling-3y-ASAQ-DHAPPQ,57,28370.055555555555,2031,Cycling 3y ASAQ - DHAPPQ,#f4a460,0,0.0,004
030-Cycling-3y-ASAQ-DHAPPQ,58,29145.222222222223,2031,Cycling 3y ASAQ - DHAPPQ,#f4a460,0,0.0,004
030-Cycling-3y-ASAQ-DHAPPQ,59,27442.555555555555,2031,Cycling 3y ASAQ - DHAPPQ,#f4a460,0,0.0,004
030-Cycling-3y-ASAQ-DHAPPQ,60,27984.666666666668,2031,Cycling 3y ASAQ - DHAPPQ,#f4a460,0,0.0,004
030-Cycling-3y-ASAQ-DHAPPQ,61,28303.555555555555,2031,Cycling 3y ASAQ - DHAPPQ,#f4a460,0,0.0,004
030-Cycling-3y-ASAQ-DHAPPQ,62,27544.61111111111,2031,Cycling 3y ASAQ - DHAPPQ,#f4a460,0,0.0,004
030-Cycling-3y-ASAQ-DHAPPQ,63,28249.333333333332,2031,Cycling 3y ASAQ - DHAPPQ,#f4a460,0,0.0,004
030-Cycling-3y-ASAQ-DHAPPQ,64,29090.333333333332,2031,Cycling 3y ASAQ - DHAPPQ,#f4a460,0,0.0,004
030-Cycling-3y-ASAQ-DHAPPQ,65,28656.277777777777,2031,Cycling 3y ASAQ - DHAPPQ,#f4a460,0,0.0,004
030-Cycling-3y-ASAQ-DHAPPQ,66,28651.055555555555,2031,Cycling 3y ASAQ - DHAPPQ,#f4a460,0,0.0,004
030-Cycling-3y-ASAQ-DHAPPQ,67,28718.333333333332,2031,Cycling 3y ASAQ - DHAPPQ,#f4a460,0,0.0,004
030-Cycling-3y-ASAQ-DHAPPQ,68,28485.11111111111,2031,Cycling 3y ASAQ - DHAPPQ,#f4a460,0,0.0,004
030-Cycling-3y-ASAQ-DHAPPQ,69,29266.722222222223,2031,Cycling 3y ASAQ - DHAPPQ,#f4a460,0,0.0,004
030-Cycling-3y-ASAQ-DHAPPQ,70,27379.722222222223,2031,Cycling 3y ASAQ - DHAPPQ,#f4a460,0,0.0,004
030-Cycling-3y-ASAQ-DHAPPQ,71,28640.944444444445,2031,Cycling 3y ASAQ - DHAPPQ,#f4a460,0,0.0,004
030-Cycling-3y-ASAQ-DHAPPQ,72,27647.833333333332,2031,Cycling 3y ASAQ - DHAPPQ,#f4a460,0,0.0,004
030-Cycling-3y-ASAQ-DHAPPQ,73,27319.5,2031,Cycling 3y ASAQ - DHAPPQ,#f4a460,0,0.0,004
030-Cycling-3y-ASAQ-DHAPPQ,74,28619.61111111111,2031,Cycling 3y ASAQ - DHAPPQ,#f4a460,0,0.0,004
030-Cycling-3y-ASAQ-DHAPPQ,75,28771.88888888889,2031,Cycling 3y ASAQ - DHAPPQ,#f4a460,0,0.0,004
030-Cycling-3y-ASAQ-DHAPPQ,76,28506.722222222223,2031,Cycling 3y ASAQ - DHAPPQ,#f4a460,0,0.0,004
030-Cycling-3y-ASAQ-DHAPPQ,77,28519.0,2031,Cycling 3y ASAQ - DHAPPQ,#f4a460,0,0.0,004
030-Cycling-3y-ASAQ-DHAPPQ,78,27853.777777777777,2031,Cycling 3y ASAQ - DHAPPQ,#f4a460,0,0.0,004
030-Cycling-3y-ASAQ-DHAPPQ,79,29437.944444444445,2031,Cycling 3y ASAQ - DHAPPQ,#f4a460,0,0.0,004
030-Cycling-3y-ASAQ-DHAPPQ,80,28277.833333333332,2031,Cycling 3y ASAQ - DHAPPQ,#f4a460,0,0.0,004
030-Cycling-3y-ASAQ-DHAPPQ,81,27973.222222222223,2031,Cycling 3y ASAQ - DHAPPQ,#f4a460,0,0.0,004
030-Cycling-3y-ASAQ-DHAPPQ,82,28024.277777777777,2031,Cycling 3y ASAQ - DHAPPQ,#f4a460,0,0.0,004
030-Cycling-3y-ASAQ-DHAPPQ,83,28360.88888888889,2031,Cycling 3y ASAQ - DHAPPQ,#f4a460,0,0.0,004
030-Cycling-3y-ASAQ-DHAPPQ,84,28244.0,2031,Cycling 3y ASAQ - DHAPPQ,#f4a460,0,0.0,004
030-Cycling-3y-ASAQ-DHAPPQ,85,27780.777777777777,2031,Cycling 3y ASAQ - DHAPPQ,#f4a460,0,0.0,004
030-Cycling-3y-ASAQ-DHAPPQ,86,28052.722222222223,2031,Cycling 3y ASAQ - DHAPPQ,#f4a460,0,0.0,004
030-Cycling-3y-ASAQ-DHAPPQ,87,28558.444444444445,2031,Cycling 3y ASAQ - DHAPPQ,#f4a460,0,0.0,004
030-Cycling-3y-ASAQ-DHAPPQ,88,28071.5,2031,Cycling 3y ASAQ - DHAPPQ,#f4a460,0,0.0,004
030-Cycling-3y-ASAQ-DHAPPQ,89,28269.666666666668,2031,Cycling 3y ASAQ - DHAPPQ,#f4a460,0,0.0,004
030-Cycling-3y-ASAQ-DHAPPQ,90,29326.722222222223,2031,Cycling 3y ASAQ - DHAPPQ,#f4a460,0,0.0,004
030-Cycling-3y-ASAQ-DHAPPQ,91,29159.055555555555,2031,Cycling 3y ASAQ - DHAPPQ,#f4a460,0,0.0,004
030-Cycling-3y-ASAQ-DHAPPQ,92,28479.88888888889,2031,Cycling 3y ASAQ - DHAPPQ,#f4a460,0,0.0,004
030-Cycling-3y-ASAQ-DHAPPQ,93,28419.38888888889,2031,Cycling 3y ASAQ - DHAPPQ,#f4a460,0,0.0,004
030-Cycling-3y-ASAQ-DHAPPQ,94,27655.222222222223,2031,Cycling 3y ASAQ - DHAPPQ,#f4a460,0,0.0,004
030-Cycling-3y-ASAQ-DHAPPQ,95,28505.944444444445,2031,Cycling 3y ASAQ - DHAPPQ,#f4a460,0,0.0,004
030-Cycling-3y-ASAQ-DHAPPQ,96,28733.833333333332,2031,Cycling 3y ASAQ - DHAPPQ,#f4a460,0,0.0,004
030-Cycling-3y-ASAQ-DHAPPQ,97,28619.555555555555,2031,Cycling 3y ASAQ - DHAPPQ,#f4a460,0,0.0,004
030-Cycling-3y-ASAQ-DHAPPQ,98,28408.222222222223,2031,Cycling 3y ASAQ - DHAPPQ,#f4a460,0,0.0,004
030-Cycling-3y-ASAQ-DHAPPQ,99,27411.38888888889,2031,Cycling 3y ASAQ - DHAPPQ,#f4a460,0,0.0,004
031-Cycling-3y-DHAPPQ-AL,0,38853.555555555555,2031,Cycling 3y DHAPPQ - AL,#f4a460,0,50.0,004
031-Cycling-3y-DHAPPQ-AL,1,38383.77777777778,2031,Cycling 3y DHAPPQ - AL,#f4a460,0,50.0,004
031-Cycling-3y-DHAPPQ-AL,2,39842.38888888889,2031,Cycling 3y DHAPPQ - AL,#f4a460,0,50.0,004
031-Cycling-3y-DHAPPQ-AL,3,39532.555555555555,2031,Cycling 3y DHAPPQ - AL,#f4a460,0,50.0,004
031-Cycling-3y-DHAPPQ-AL,4,38221.333333333336,2031,Cycling 3y DHAPPQ - AL,#f4a460,0,50.0,004
031-Cycling-3y-DHAPPQ-AL,5,39378.88888888889,2031,Cycling 3y DHAPPQ - AL,#f4a460,0,50.0,004
031-Cycling-3y-DHAPPQ-AL,6,39171.0,2031,Cycling 3y DHAPPQ - AL,#f4a460,0,50.0,004
031-Cycling-3y-DHAPPQ-AL,7,39482.27777777778,2031,Cycling 3y DHAPPQ - AL,#f4a460,0,50.0,004
031-Cycling-3y-DHAPPQ-AL,8,39017.333333333336,2031,Cycling 3y DHAPPQ - AL,#f4a460,0,50.0,004
031-Cycling-3y-DHAPPQ-AL,9,38521.61111111111,2031,Cycling 3y DHAPPQ - AL,#f4a460,0,50.0,004
031-Cycling-3y-DHAPPQ-AL,10,40192.333333333336,2031,Cycling 3y DHAPPQ - AL,#f4a460,0,50.0,004
031-Cycling-3y-DHAPPQ-AL,11,41684.11111111111,2031,Cycling 3y DHAPPQ - AL,#f4a460,0,50.0,004
031-Cycling-3y-DHAPPQ-AL,12,38165.444444444445,2031,Cycling 3y DHAPPQ - AL,#f4a460,0,50.0,004
031-Cycling-3y-DHAPPQ-AL,13,37809.72222222222,2031,Cycling 3y DHAPPQ - AL,#f4a460,0,50.0,004
031-Cycling-3y-DHAPPQ-AL,14,39645.333333333336,2031,Cycling 3y DHAPPQ - AL,#f4a460,0,50.0,004
031-Cycling-3y-DHAPPQ-AL,15,37754.77777777778,2031,Cycling 3y DHAPPQ - AL,#f4a460,0,50.0,004
031-Cycling-3y-DHAPPQ-AL,16,37960.333333333336,2031,Cycling 3y DHAPPQ - AL,#f4a460,0,50.0,004
031-Cycling-3y-DHAPPQ-AL,17,40918.77777777778,2031,Cycling 3y DHAPPQ - AL,#f4a460,0,50.0,004
031-Cycling-3y-DHAPPQ-AL,18,38298.11111111111,2031,Cycling 3y DHAPPQ - AL,#f4a460,0,50.0,004
031-Cycling-3y-DHAPPQ-AL,19,38396.0,2031,Cycling 3y DHAPPQ - AL,#f4a460,0,50.0,004
031-Cycling-3y-DHAPPQ-AL,20,39009.166666666664,2031,Cycling 3y DHAPPQ - AL,#f4a460,0,50.0,004
031-Cycling-3y-DHAPPQ-AL,21,40797.77777777778,2031,Cycling 3y DHAPPQ - AL,#f4a460,0,50.0,004
031-Cycling-3y-DHAPPQ-AL,22,39177.22222222222,2031,Cycling 3y DHAPPQ - AL,#f4a460,0,50.0,004
031-Cycling-3y-DHAPPQ-AL,23,37615.055555555555,2031,Cycling 3y DHAPPQ - AL,#f4a460,0,50.0,004
031-Cycling-3y-DHAPPQ-AL,24,37458.055555555555,2031,Cycling 3y DHAPPQ - AL,#f4a460,0,50.0,004
031-Cycling-3y-DHAPPQ-AL,25,39518.5,2031,Cycling 3y DHAPPQ - AL,#f4a460,0,50.0,004
031-Cycling-3y-DHAPPQ-AL,26,39027.555555555555,2031,Cycling 3y DHAPPQ - AL,#f4a460,0,50.0,004
031-Cycling-3y-DHAPPQ-AL,27,37768.0,2031,Cycling 3y DHAPPQ - AL,#f4a460,0,50.0,004
031-Cycling-3y-DHAPPQ-AL,28,38790.27777777778,2031,Cycling 3y DHAPPQ - AL,#f4a460,0,50.0,004
031-Cycling-3y-DHAPPQ-AL,29,40115.333333333336,2031,Cycling 3y DHAPPQ - AL,#f4a460,0,50.0,004
031-Cycling-3y-DHAPPQ-AL,30,41661.944444444445,2031,Cycling 3y DHAPPQ - AL,#f4a460,0,50.0,004
031-Cycling-3y-DHAPPQ-AL,31,37535.166666666664,2031,Cycling 3y DHAPPQ - AL,#f4a460,0,50.0,004
031-Cycling-3y-DHAPPQ-AL,32,37655.944444444445,2031,Cycling 3y DHAPPQ - AL,#f4a460,0,50.0,004
031-Cycling-3y-DHAPPQ-AL,33,39089.444444444445,2031,Cycling 3y DHAPPQ - AL,#f4a460,0,50.0,004
031-Cycling-3y-DHAPPQ-AL,34,38635.61111111111,2031,Cycling 3y DHAPPQ - AL,#f4a460,0,50.0,004
031-Cycling-3y-DHAPPQ-AL,35,38576.88888888889,2031,Cycling 3y DHAPPQ - AL,#f4a460,0,50.0,004
031-Cycling-3y-DHAPPQ-AL,36,38675.72222222222,2031,Cycling 3y DHAPPQ - AL,#f4a460,0,50.0,004
031-Cycling-3y-DHAPPQ-AL,37,40466.77777777778,2031,Cycling 3y DHAPPQ - AL,#f4a460,0,50.0,004
031-Cycling-3y-DHAPPQ-AL,38,40425.0,2031,Cycling 3y DHAPPQ - AL,#f4a460,0,50.0,004
031-Cycling-3y-DHAPPQ-AL,39,37804.0,2031,Cycling 3y DHAPPQ - AL,#f4a460,0,50.0,004
031-Cycling-3y-DHAPPQ-AL,40,39687.77777777778,2031,Cycling 3y DHAPPQ - AL,#f4a460,0,50.0,004
031-Cycling-3y-DHAPPQ-AL,41,40653.555555555555,2031,Cycling 3y DHAPPQ - AL,#f4a460,0,50.0,004
031-Cycling-3y-DHAPPQ-AL,42,36944.27777777778,2031,Cycling 3y DHAPPQ - AL,#f4a460,0,50.0,004
031-Cycling-3y-DHAPPQ-AL,43,39100.444444444445,2031,Cycling 3y DHAPPQ - AL,#f4a460,0,50.0,004
031-Cycling-3y-DHAPPQ-AL,44,39984.333333333336,2031,Cycling 3y DHAPPQ - AL,#f4a460,0,50.0,004
031-Cycling-3y-DHAPPQ-AL,45,38766.5,2031,Cycling 3y DHAPPQ - AL,#f4a460,0,50.0,004
031-Cycling-3y-DHAPPQ-AL,46,37353.27777777778,2031,Cycling 3y DHAPPQ - AL,#f4a460,0,50.0,004
031-Cycling-3y-DHAPPQ-AL,47,39305.38888888889,2031,Cycling 3y DHAPPQ - AL,#f4a460,0,50.0,004
031-Cycling-3y-DHAPPQ-AL,48,37666.27777777778,2031,Cycling 3y DHAPPQ - AL,#f4a460,0,50.0,004
031-Cycling-3y-DHAPPQ-AL,49,38021.555555555555,2031,Cycling 3y DHAPPQ - AL,#f4a460,0,50.0,004
031-Cycling-3y-DHAPPQ-AL,50,38663.22222222222,2031,Cycling 3y DHAPPQ - AL,#f4a460,0,50.0,004
031-Cycling-3y-DHAPPQ-AL,51,40697.11111111111,2031,Cycling 3y DHAPPQ - AL,#f4a460,0,50.0,004
031-Cycling-3y-DHAPPQ-AL,52,38750.666666666664,2031,Cycling 3y DHAPPQ - AL,#f4a460,0,50.0,004
031-Cycling-3y-DHAPPQ-AL,53,38310.5,2031,Cycling 3y DHAPPQ - AL,#f4a460,0,50.0,004
031-Cycling-3y-DHAPPQ-AL,54,39911.166666666664,2031,Cycling 3y DHAPPQ - AL,#f4a460,0,50.0,004
031-Cycling-3y-DHAPPQ-AL,55,38434.38888888889,2031,Cycling 3y DHAPPQ - AL,#f4a460,0,50.0,004
031-Cycling-3y-DHAPPQ-AL,56,38969.22222222222,2031,Cycling 3y DHAPPQ - AL,#f4a460,0,50.0,004
031-Cycling-3y-DHAPPQ-AL,57,38755.22222222222,2031,Cycling 3y DHAPPQ - AL,#f4a460,0,50.0,004
031-Cycling-3y-DHAPPQ-AL,58,37050.333333333336,2031,Cycling 3y DHAPPQ - AL,#f4a460,0,50.0,004
031-Cycling-3y-DHAPPQ-AL,59,38294.22222222222,2031,Cycling 3y DHAPPQ - AL,#f4a460,0,50.0,004
031-Cycling-3y-DHAPPQ-AL,60,37972.833333333336,2031,Cycling 3y DHAPPQ - AL,#f4a460,0,50.0,004
031-Cycling-3y-DHAPPQ-AL,61,37818.055555555555,2031,Cycling 3y DHAPPQ - AL,#f4a460,0,50.0,004
031-Cycling-3y-DHAPPQ-AL,62,39186.555555555555,2031,Cycling 3y DHAPPQ - AL,#f4a460,0,50.0,004
031-Cycling-3y-DHAPPQ-AL,63,40858.77777777778,2031,Cycling 3y DHAPPQ - AL,#f4a460,0,50.0,004
031-Cycling-3y-DHAPPQ-AL,64,40427.833333333336,2031,Cycling 3y DHAPPQ - AL,#f4a460,0,50.0,004
031-Cycling-3y-DHAPPQ-AL,65,40475.666666666664,2031,Cycling 3y DHAPPQ - AL,#f4a460,0,50.0,004
031-Cycling-3y-DHAPPQ-AL,66,40656.61111111111,2031,Cycling 3y DHAPPQ - AL,#f4a460,0,50.0,004
031-Cycling-3y-DHAPPQ-AL,67,38354.38888888889,2031,Cycling 3y DHAPPQ - AL,#f4a460,0,50.0,004
031-Cycling-3y-DHAPPQ-AL,68,38194.055555555555,2031,Cycling 3y DHAPPQ - AL,#f4a460,0,50.0,004
031-Cycling-3y-DHAPPQ-AL,69,41809.27777777778,2031,Cycling 3y DHAPPQ - AL,#f4a460,0,50.0,004
031-Cycling-3y-DHAPPQ-AL,70,37365.5,2031,Cycling 3y DHAPPQ - AL,#f4a460,0,50.0,004
031-Cycling-3y-DHAPPQ-AL,71,37848.22222222222,2031,Cycling 3y DHAPPQ - AL,#f4a460,0,50.0,004
031-Cycling-3y-DHAPPQ-AL,72,38987.333333333336,2031,Cycling 3y DHAPPQ - AL,#f4a460,0,50.0,004
031-Cycling-3y-DHAPPQ-AL,73,40581.833333333336,2031,Cycling 3y DHAPPQ - AL,#f4a460,0,50.0,004
031-Cycling-3y-DHAPPQ-AL,74,38545.61111111111,2031,Cycling 3y DHAPPQ - AL,#f4a460,0,50.0,004
031-Cycling-3y-DHAPPQ-AL,75,38016.5,2031,Cycling 3y DHAPPQ - AL,#f4a460,0,50.0,004
031-Cycling-3y-DHAPPQ-AL,76,37858.11111111111,2031,Cycling 3y DHAPPQ - AL,#f4a460,0,50.0,004
031-Cycling-3y-DHAPPQ-AL,77,40710.88888888889,2031,Cycling 3y DHAPPQ - AL,#f4a460,0,50.0,004
031-Cycling-3y-DHAPPQ-AL,78,39899.22222222222,2031,Cycling 3y DHAPPQ - AL,#f4a460,0,50.0,004
031-Cycling-3y-DHAPPQ-AL,79,38435.77777777778,2031,Cycling 3y DHAPPQ - AL,#f4a460,0,50.0,004
031-Cycling-3y-DHAPPQ-AL,80,38426.333333333336,2031,Cycling 3y DHAPPQ - AL,#f4a460,0,50.0,004
031-Cycling-3y-DHAPPQ-AL,81,38448.22222222222,2031,Cycling 3y DHAPPQ - AL,#f4a460,0,50.0,004
031-Cycling-3y-DHAPPQ-AL,82,38608.944444444445,2031,Cycling 3y DHAPPQ - AL,#f4a460,0,50.0,004
031-Cycling-3y-DHAPPQ-AL,83,38912.61111111111,2031,Cycling 3y DHAPPQ - AL,#f4a460,0,50.0,004
031-Cycling-3y-DHAPPQ-AL,84,37921.77777777778,2031,Cycling 3y DHAPPQ - AL,#f4a460,0,50.0,004
031-Cycling-3y-DHAPPQ-AL,85,37765.666666666664,2031,Cycling 3y DHAPPQ - AL,#f4a460,0,50.0,004
031-Cycling-3y-DHAPPQ-AL,86,39272.0,2031,Cycling 3y DHAPPQ - AL,#f4a460,0,50.0,004
031-Cycling-3y-DHAPPQ-AL,87,39932.88888888889,2031,Cycling 3y DHAPPQ - AL,#f4a460,0,50.0,004
031-Cycling-3y-DHAPPQ-AL,88,37500.77777777778,2031,Cycling 3y DHAPPQ - AL,#f4a460,0,50.0,004
031-Cycling-3y-DHAPPQ-AL,89,38343.666666666664,2031,Cycling 3y DHAPPQ - AL,#f4a460,0,50.0,004
031-Cycling-3y-DHAPPQ-AL,90,38987.166666666664,2031,Cycling 3y DHAPPQ - AL,#f4a460,0,50.0,004
031-Cycling-3y-DHAPPQ-AL,91,38572.61111111111,2031,Cycling 3y DHAPPQ - AL,#f4a460,0,50.0,004
031-Cycling-3y-DHAPPQ-AL,92,38643.11111111111,2031,Cycling 3y DHAPPQ - AL,#f4a460,0,50.0,004
031-Cycling-3y-DHAPPQ-AL,93,38990.555555555555,2031,Cycling 3y DHAPPQ - AL,#f4a460,0,50.0,004
031-Cycling-3y-DHAPPQ-AL,94,38766.944444444445,2031,Cycling 3y DHAPPQ - AL,#f4a460,0,50.0,004
031-Cycling-3y-DHAPPQ-AL,95,38262.944444444445,2031,Cycling 3y DHAPPQ - AL,#f4a460,0,50.0,004
031-Cycling-3y-DHAPPQ-AL,96,38235.88888888889,2031,Cycling 3y DHAPPQ - AL,#f4a460,0,50.0,004
031-Cycling-3y-DHAPPQ-AL,97,38333.0,2031,Cycling 3y DHAPPQ - AL,#f4a460,0,50.0,004
031-Cycling-3y-DHAPPQ-AL,98,38648.055555555555,2031,Cycling 3y DHAPPQ - AL,#f4a460,0,50.0,004
031-Cycling-3y-DHAPPQ-AL,99,38424.88888888889,2031,Cycling 3y DHAPPQ - AL,#f4a460,0,50.0,004
032-Cycling-3y-DHAPPQ-ASAQ,0,28468.88888888889,2031,Cycling 3y DHAPPQ - ASAQ,#f4a460,0,0.0,004
032-Cycling-3y-DHAPPQ-ASAQ,1,28847.38888888889,2031,Cycling 3y DHAPPQ - ASAQ,#f4a460,0,0.0,004
032-Cycling-3y-DHAPPQ-ASAQ,2,28205.444444444445,2031,Cycling 3y DHAPPQ - ASAQ,#f4a460,0,0.0,004
032-Cycling-3y-DHAPPQ-ASAQ,3,28324.444444444445,2031,Cycling 3y DHAPPQ - ASAQ,#f4a460,0,0.0,004
032-Cycling-3y-DHAPPQ-ASAQ,4,28267.444444444445,2031,Cycling 3y DHAPPQ - ASAQ,#f4a460,0,0.0,004
032-Cycling-3y-DHAPPQ-ASAQ,5,29448.5,2031,Cycling 3y DHAPPQ - ASAQ,#f4a460,0,0.0,004
032-Cycling-3y-DHAPPQ-ASAQ,6,27600.833333333332,2031,Cycling 3y DHAPPQ - ASAQ,#f4a460,0,0.0,004
032-Cycling-3y-DHAPPQ-ASAQ,7,29857.777777777777,2031,Cycling 3y DHAPPQ - ASAQ,#f4a460,0,0.0,004
032-Cycling-3y-DHAPPQ-ASAQ,8,28610.88888888889,2031,Cycling 3y DHAPPQ - ASAQ,#f4a460,0,0.0,004
032-Cycling-3y-DHAPPQ-ASAQ,9,29157.11111111111,2031,Cycling 3y DHAPPQ - ASAQ,#f4a460,0,0.0,004
032-Cycling-3y-DHAPPQ-ASAQ,10,29143.833333333332,2031,Cycling 3y DHAPPQ - ASAQ,#f4a460,0,0.0,004
032-Cycling-3y-DHAPPQ-ASAQ,11,28407.944444444445,2031,Cycling 3y DHAPPQ - ASAQ,#f4a460,0,0.0,004
032-Cycling-3y-DHAPPQ-ASAQ,12,28467.333333333332,2031,Cycling 3y DHAPPQ - ASAQ,#f4a460,0,0.0,004
032-Cycling-3y-DHAPPQ-ASAQ,13,29060.11111111111,2031,Cycling 3y DHAPPQ - ASAQ,#f4a460,0,0.0,004
032-Cycling-3y-DHAPPQ-ASAQ,14,29200.166666666668,2031,Cycling 3y DHAPPQ - ASAQ,#f4a460,0,0.0,004
032-Cycling-3y-DHAPPQ-ASAQ,15,29178.444444444445,2031,Cycling 3y DHAPPQ - ASAQ,#f4a460,0,0.0,004
032-Cycling-3y-DHAPPQ-ASAQ,16,28256.944444444445,2031,Cycling 3y DHAPPQ - ASAQ,#f4a460,0,0.0,004
032-Cycling-3y-DHAPPQ-ASAQ,17,28010.666666666668,2031,Cycling 3y DHAPPQ - ASAQ,#f4a460,0,0.0,004
032-Cycling-3y-DHAPPQ-ASAQ,18,28489.777777777777,2031,Cycling 3y DHAPPQ - ASAQ,#f4a460,0,0.0,004
032-Cycling-3y-DHAPPQ-ASAQ,19,28050.0,2031,Cycling 3y DHAPPQ - ASAQ,#f4a460,0,0.0,004
032-Cycling-3y-DHAPPQ-ASAQ,20,28457.333333333332,2031,Cycling 3y DHAPPQ - ASAQ,#f4a460,0,0.0,004
032-Cycling-3y-DHAPPQ-ASAQ,21,27875.444444444445,2031,Cycling 3y DHAPPQ - ASAQ,#f4a460,0,0.0,004
032-Cycling-3y-DHAPPQ-ASAQ,22,28686.61111111111,2031,Cycling 3y DHAPPQ - ASAQ,#f4a460,0,0.0,004
032-Cycling-3y-DHAPPQ-ASAQ,23,29110.944444444445,2031,Cycling 3y DHAPPQ - ASAQ,#f4a460,0,0.0,004
032-Cycling-3y-DHAPPQ-ASAQ,24,28267.38888888889,2031,Cycling 3y DHAPPQ - ASAQ,#f4a460,0,0.0,004
032-Cycling-3y-DHAPPQ-ASAQ,25,28818.88888888889,2031,Cycling 3y DHAPPQ - ASAQ,#f4a460,0,0.0,004
032-Cycling-3y-DHAPPQ-ASAQ,26,28578.222222222223,2031,Cycling 3y DHAPPQ - ASAQ,#f4a460,0,0.0,004
032-Cycling-3y-DHAPPQ-ASAQ,27,28004.0,2031,Cycling 3y DHAPPQ - ASAQ,#f4a460,0,0.0,004
032-Cycling-3y-DHAPPQ-ASAQ,28,28625.833333333332,2031,Cycling 3y DHAPPQ - ASAQ,#f4a460,0,0.0,004
032-Cycling-3y-DHAPPQ-ASAQ,29,28319.722222222223,2031,Cycling 3y DHAPPQ - ASAQ,#f4a460,0,0.0,004
032-Cycling-3y-DHAPPQ-ASAQ,30,29035.5,2031,Cycling 3y DHAPPQ - ASAQ,#f4a460,0,0.0,004
032-Cycling-3y-DHAPPQ-ASAQ,31,29037.166666666668,2031,Cycling 3y DHAPPQ - ASAQ,#f4a460,0,0.0,004
032-Cycling-3y-DHAPPQ-ASAQ,32,29344.833333333332,2031,Cycling 3y DHAPPQ - ASAQ,#f4a460,0,0.0,004
032-Cycling-3y-DHAPPQ-ASAQ,33,27912.11111111111,2031,Cycling 3y DHAPPQ - ASAQ,#f4a460,0,0.0,004
032-Cycling-3y-DHAPPQ-ASAQ,34,29065.722222222223,2031,Cycling 3y DHAPPQ - ASAQ,#f4a460,0,0.0,004
032-Cycling-3y-DHAPPQ-ASAQ,35,29117.722222222223,2031,Cycling 3y DHAPPQ - ASAQ,#f4a460,0,0.0,004
032-Cycling-3y-DHAPPQ-ASAQ,36,29165.222222222223,2031,Cycling 3y DHAPPQ - ASAQ,#f4a460,0,0.0,004
032-Cycling-3y-DHAPPQ-ASAQ,37,28434.5,2031,Cycling 3y DHAPPQ - ASAQ,#f4a460,0,0.0,004
032-Cycling-3y-DHAPPQ-ASAQ,38,29338.277777777777,2031,Cycling 3y DHAPPQ - ASAQ,#f4a460,0,0.0,004
032-Cycling-3y-DHAPPQ-ASAQ,39,29236.666666666668,2031,Cycling 3y DHAPPQ - ASAQ,#f4a460,0,0.0,004
032-Cycling-3y-DHAPPQ-ASAQ,40,29581.88888888889,2031,Cycling 3y DHAPPQ - ASAQ,#f4a460,0,0.0,004
032-Cycling-3y-DHAPPQ-ASAQ,41,28680.5,2031,Cycling 3y DHAPPQ - ASAQ,#f4a460,0,0.0,004
032-Cycling-3y-DHAPPQ-ASAQ,42,28736.722222222223,2031,Cycling 3y DHAPPQ - ASAQ,#f4a460,0,0.0,004
032-Cycling-3y-DHAPPQ-ASAQ,43,28832.11111111111,2031,Cycling 3y DHAPPQ - ASAQ,#f4a460,0,0.0,004
032-Cycling-3y-DHAPPQ-ASAQ,44,28243.944444444445,2031,Cycling 3y DHAPPQ - ASAQ,#f4a460,0,0.0,004
032-Cycling-3y-DHAPPQ-ASAQ,45,28869.5,2031,Cycling 3y DHAPPQ - ASAQ,#f4a460,0,0.0,004
032-Cycling-3y-DHAPPQ-ASAQ,46,28587.61111111111,2031,Cycling 3y DHAPPQ - ASAQ,#f4a460,0,0.0,004
032-Cycling-3y-DHAPPQ-ASAQ,47,28415.777777777777,2031,Cycling 3y DHAPPQ - ASAQ,#f4a460,0,0.0,004
032-Cycling-3y-DHAPPQ-ASAQ,48,28982.166666666668,2031,Cycling 3y DHAPPQ - ASAQ,#f4a460,0,0.0,004
032-Cycling-3y-DHAPPQ-ASAQ,49,28972.666666666668,2031,Cycling 3y DHAPPQ - ASAQ,#f4a460,0,0.0,004
032-Cycling-3y-DHAPPQ-ASAQ,50,28620.944444444445,2031,Cycling 3y DHAPPQ - ASAQ,#f4a460,0,0.0,004
032-Cycling-3y-DHAPPQ-ASAQ,51,28335.555555555555,2031,Cycling 3y DHAPPQ - ASAQ,#f4a460,0,0.0,004
032-Cycling-3y-DHAPPQ-ASAQ,52,28491.833333333332,2031,Cycling 3y DHAPPQ - ASAQ,#f4a460,0,0.0,004
032-Cycling-3y-DHAPPQ-ASAQ,53,29409.055555555555,2031,Cycling 3y DHAPPQ - ASAQ,#f4a460,0,0.0,004
032-Cycling-3y-DHAPPQ-ASAQ,54,29451.5,2031,Cycling 3y DHAPPQ - ASAQ,#f4a460,0,0.0,004
032-Cycling-3y-DHAPPQ-ASAQ,55,28564.833333333332,2031,Cycling 3y DHAPPQ - ASAQ,#f4a460,0,0.0,004
032-Cycling-3y-DHAPPQ-ASAQ,56,27799.166666666668,2031,Cycling 3y DHAPPQ - ASAQ,#f4a460,0,0.0,004
032-Cycling-3y-DHAPPQ-ASAQ,57,29018.277777777777,2031,Cycling 3y DHAPPQ - ASAQ,#f4a460,0,0.0,004
032-Cycling-3y-DHAPPQ-ASAQ,58,28400.277777777777,2031,Cycling 3y DHAPPQ - ASAQ,#f4a460,0,0.0,004
032-Cycling-3y-DHAPPQ-ASAQ,59,28348.833333333332,2031,Cycling 3y DHAPPQ - ASAQ,#f4a460,0,0.0,004
032-Cycling-3y-DHAPPQ-ASAQ,60,29020.0,2031,Cycling 3y DHAPPQ - ASAQ,#f4a460,0,0.0,004
032-Cycling-3y-DHAPPQ-ASAQ,61,29269.0,2031,Cycling 3y DHAPPQ - ASAQ,#f4a460,0,0.0,004
032-Cycling-3y-DHAPPQ-ASAQ,62,27647.944444444445,2031,Cycling 3y DHAPPQ - ASAQ,#f4a460,0,0.0,004
032-Cycling-3y-DHAPPQ-ASAQ,63,27929.38888888889,2031,Cycling 3y DHAPPQ - ASAQ,#f4a460,0,0.0,004
032-Cycling-3y-DHAPPQ-ASAQ,64,28181.777777777777,2031,Cycling 3y DHAPPQ - ASAQ,#f4a460,0,0.0,004
032-Cycling-3y-DHAPPQ-ASAQ,65,28475.333333333332,2031,Cycling 3y DHAPPQ - ASAQ,#f4a460,0,0.0,004
032-Cycling-3y-DHAPPQ-ASAQ,66,29499.666666666668,2031,Cycling 3y DHAPPQ - ASAQ,#f4a460,0,0.0,004
032-Cycling-3y-DHAPPQ-ASAQ,67,28329.5,2031,Cycling 3y DHAPPQ - ASAQ,#f4a460,0,0.0,004
032-Cycling-3y-DHAPPQ-ASAQ,68,27962.222222222223,2031,Cycling 3y DHAPPQ - ASAQ,#f4a460,0,0.0,004
032-Cycling-3y-DHAPPQ-ASAQ,69,28524.666666666668,2031,Cycling 3y DHAPPQ - ASAQ,#f4a460,0,0.0,004
032-Cycling-3y-DHAPPQ-ASAQ,70,28460.055555555555,2031,Cycling 3y DHAPPQ - ASAQ,#f4a460,0,0.0,004
032-Cycling-3y-DHAPPQ-ASAQ,71,28391.777777777777,2031,Cycling 3y DHAPPQ - ASAQ,#f4a460,0,0.0,004
032-Cycling-3y-DHAPPQ-ASAQ,72,29353.11111111111,2031,Cycling 3y DHAPPQ - ASAQ,#f4a460,0,0.0,004
032-Cycling-3y-DHAPPQ-ASAQ,73,28827.833333333332,2031,Cycling 3y DHAPPQ - ASAQ,#f4a460,0,0.0,004
032-Cycling-3y-DHAPPQ-ASAQ,74,28803.38888888889,2031,Cycling 3y DHAPPQ - ASAQ,#f4a460,0,0.0,004
032-Cycling-3y-DHAPPQ-ASAQ,75,28646.38888888889,2031,Cycling 3y DHAPPQ - ASAQ,#f4a460,0,0.0,004
032-Cycling-3y-DHAPPQ-ASAQ,76,28365.944444444445,2031,Cycling 3y DHAPPQ - ASAQ,#f4a460,0,0.0,004
032-Cycling-3y-DHAPPQ-ASAQ,77,28681.61111111111,2031,Cycling 3y DHAPPQ - ASAQ,#f4a460,0,0.0,004
032-Cycling-3y-DHAPPQ-ASAQ,78,28211.444444444445,2031,Cycling 3y DHAPPQ - ASAQ,#f4a460,0,0.0,004
032-Cycling-3y-DHAPPQ-ASAQ,79,28620.88888888889,2031,Cycling 3y DHAPPQ - ASAQ,#f4a460,0,0.0,004
032-Cycling-3y-DHAPPQ-ASAQ,80,27643.555555555555,2031,Cycling 3y DHAPPQ - ASAQ,#f4a460,0,0.0,004
032-Cycling-3y-DHAPPQ-ASAQ,81,29096.61111111111,2031,Cycling 3y DHAPPQ - ASAQ,#f4a460,0,0.0,004
032-Cycling-3y-DHAPPQ-ASAQ,82,28838.333333333332,2031,Cycling 3y DHAPPQ - ASAQ,#f4a460,0,0.0,004
032-Cycling-3y-DHAPPQ-ASAQ,83,28800.666666666668,2031,Cycling 3y DHAPPQ - ASAQ,#f4a460,0,0.0,004
032-Cycling-3y-DHAPPQ-ASAQ,84,29036.666666666668,2031,Cycling 3y DHAPPQ - ASAQ,#f4a460,0,0.0,004
032-Cycling-3y-DHAPPQ-ASAQ,85,28269.333333333332,2031,Cycling 3y DHAPPQ - ASAQ,#f4a460,0,0.0,004
032-Cycling-3y-DHAPPQ-ASAQ,86,29210.555555555555,2031,Cycling 3y DHAPPQ - ASAQ,#f4a460,0,0.0,004
032-Cycling-3y-DHAPPQ-ASAQ,87,28334.722222222223,2031,Cycling 3y DHAPPQ - ASAQ,#f4a460,0,0.0,004
032-Cycling-3y-DHAPPQ-ASAQ,88,28899.166666666668,2031,Cycling 3y DHAPPQ - ASAQ,#f4a460,0,0.0,004
032-Cycling-3y-DHAPPQ-ASAQ,89,28256.0,2031,Cycling 3y DHAPPQ - ASAQ,#f4a460,0,0.0,004
032-Cycling-3y-DHAPPQ-ASAQ,90,29460.555555555555,2031,Cycling 3y DHAPPQ - ASAQ,#f4a460,0,0.0,004
032-Cycling-3y-DHAPPQ-ASAQ,91,28373.166666666668,2031,Cycling 3y DHAPPQ - ASAQ,#f4a460,0,0.0,004
032-Cycling-3y-DHAPPQ-ASAQ,92,29400.88888888889,2031,Cycling 3y DHAPPQ - ASAQ,#f4a460,0,0.0,004
032-Cycling-3y-DHAPPQ-ASAQ,93,28589.666666666668,2031,Cycling 3y DHAPPQ - ASAQ,#f4a460,0,0.0,004
032-Cycling-3y-DHAPPQ-ASAQ,94,28314.61111111111,2031,Cycling 3y DHAPPQ - ASAQ,#f4a460,0,0.0,004
032-Cycling-3y-DHAPPQ-ASAQ,95,28765.38888888889,2031,Cycling 3y DHAPPQ - ASAQ,#f4a460,0,0.0,004
032-Cycling-3y-DHAPPQ-ASAQ,96,29656.61111111111,2031,Cycling 3y DHAPPQ - ASAQ,#f4a460,0,0.0,004
032-Cycling-3y-DHAPPQ-ASAQ,97,29228.222222222223,2031,Cycling 3y DHAPPQ - ASAQ,#f4a460,0,0.0,004
032-Cycling-3y-DHAPPQ-ASAQ,98,29037.722222222223,2031,Cycling 3y DHAPPQ - ASAQ,#f4a460,0,0.0,004
032-Cycling-3y-DHAPPQ-ASAQ,99,28860.277777777777,2031,Cycling 3y DHAPPQ - ASAQ,#f4a460,0,0.0,004
040-Cycling-4y-AL-DHAPPQ,0,39324.5,2031,Cycling AL 4y - DHAPPQ 2y,#bebada,0,66.0,004
040-Cycling-4y-AL-DHAPPQ,1,38270.944444444445,2031,Cycling AL 4y - DHAPPQ 2y,#bebada,0,66.0,004
040-Cycling-4y-AL-DHAPPQ,2,39971.0,2031,Cycling AL 4y - DHAPPQ 2y,#bebada,0,66.0,004
040-Cycling-4y-AL-DHAPPQ,3,38253.0,2031,Cycling AL 4y - DHAPPQ 2y,#bebada,0,66.0,004
040-Cycling-4y-AL-DHAPPQ,4,39043.555555555555,2031,Cycling AL 4y - DHAPPQ 2y,#bebada,0,66.0,004
040-Cycling-4y-AL-DHAPPQ,5,40211.61111111111,2031,Cycling AL 4y - DHAPPQ 2y,#bebada,0,66.0,004
040-Cycling-4y-AL-DHAPPQ,6,39774.944444444445,2031,Cycling AL 4y - DHAPPQ 2y,#bebada,0,66.0,004
040-Cycling-4y-AL-DHAPPQ,7,38857.055555555555,2031,Cycling AL 4y - DHAPPQ 2y,#bebada,0,66.0,004
040-Cycling-4y-AL-DHAPPQ,8,39480.61111111111,2031,Cycling AL 4y - DHAPPQ 2y,#bebada,0,66.0,004
040-Cycling-4y-AL-DHAPPQ,9,39342.27777777778,2031,Cycling AL 4y - DHAPPQ 2y,#bebada,0,66.0,004
040-Cycling-4y-AL-DHAPPQ,10,38107.38888888889,2031,Cycling AL 4y - DHAPPQ 2y,#bebada,0,66.0,004
040-Cycling-4y-AL-DHAPPQ,11,38527.88888888889,2031,Cycling AL 4y - DHAPPQ 2y,#bebada,0,66.0,004
040-Cycling-4y-AL-DHAPPQ,12,39528.333333333336,2031,Cycling AL 4y - DHAPPQ 2y,#bebada,0,66.0,004
040-Cycling-4y-AL-DHAPPQ,13,40067.666666666664,2031,Cycling AL 4y - DHAPPQ 2y,#bebada,0,66.0,004
040-Cycling-4y-AL-DHAPPQ,14,40845.555555555555,2031,Cycling AL 4y - DHAPPQ 2y,#bebada,0,66.0,004
040-Cycling-4y-AL-DHAPPQ,15,39642.77777777778,2031,Cycling AL 4y - DHAPPQ 2y,#bebada,0,66.0,004
040-Cycling-4y-AL-DHAPPQ,16,40550.166666666664,2031,Cycling AL 4y - DHAPPQ 2y,#bebada,0,66.0,004
040-Cycling-4y-AL-DHAPPQ,17,40326.944444444445,2031,Cycling AL 4y - DHAPPQ 2y,#bebada,0,66.0,004
040-Cycling-4y-AL-DHAPPQ,18,40211.0,2031,Cycling AL 4y - DHAPPQ 2y,#bebada,0,66.0,004
040-Cycling-4y-AL-DHAPPQ,19,38153.833333333336,2031,Cycling AL 4y - DHAPPQ 2y,#bebada,0,66.0,004
040-Cycling-4y-AL-DHAPPQ,20,38686.444444444445,2031,Cycling AL 4y - DHAPPQ 2y,#bebada,0,66.0,004
040-Cycling-4y-AL-DHAPPQ,21,39012.555555555555,2031,Cycling AL 4y - DHAPPQ 2y,#bebada,0,66.0,004
040-Cycling-4y-AL-DHAPPQ,22,39416.333333333336,2031,Cycling AL 4y - DHAPPQ 2y,#bebada,0,66.0,004
040-Cycling-4y-AL-DHAPPQ,23,39258.72222222222,2031,Cycling AL 4y - DHAPPQ 2y,#bebada,0,66.0,004
040-Cycling-4y-AL-DHAPPQ,24,38943.22222222222,2031,Cycling AL 4y - DHAPPQ 2y,#bebada,0,66.0,004
040-Cycling-4y-AL-DHAPPQ,25,38270.77777777778,2031,Cycling AL 4y - DHAPPQ 2y,#bebada,0,66.0,004
040-Cycling-4y-AL-DHAPPQ,26,37731.333333333336,2031,Cycling AL 4y - DHAPPQ 2y,#bebada,0,66.0,004
040-Cycling-4y-AL-DHAPPQ,27,38580.166666666664,2031,Cycling AL 4y - DHAPPQ 2y,#bebada,0,66.0,004
040-Cycling-4y-AL-DHAPPQ,28,39084.11111111111,2031,Cycling AL 4y - DHAPPQ 2y,#bebada,0,66.0,004
040-Cycling-4y-AL-DHAPPQ,29,39292.055555555555,2031,Cycling AL 4y - DHAPPQ 2y,#bebada,0,66.0,004
040-Cycling-4y-AL-DHAPPQ,30,37440.38888888889,2031,Cycling AL 4y - DHAPPQ 2y,#bebada,0,66.0,004
040-Cycling-4y-AL-DHAPPQ,31,41482.055555555555,2031,Cycling AL 4y - DHAPPQ 2y,#bebada,0,66.0,004
040-Cycling-4y-AL-DHAPPQ,32,38297.88888888889,2031,Cycling AL 4y - DHAPPQ 2y,#bebada,0,66.0,004
040-Cycling-4y-AL-DHAPPQ,33,40371.5,2031,Cycling AL 4y - DHAPPQ 2y,#bebada,0,66.0,004
040-Cycling-4y-AL-DHAPPQ,34,38379.22222222222,2031,Cycling AL 4y - DHAPPQ 2y,#bebada,0,66.0,004
040-Cycling-4y-AL-DHAPPQ,35,39047.27777777778,2031,Cycling AL 4y - DHAPPQ 2y,#bebada,0,66.0,004
040-Cycling-4y-AL-DHAPPQ,36,38982.61111111111,2031,Cycling AL 4y - DHAPPQ 2y,#bebada,0,66.0,004
040-Cycling-4y-AL-DHAPPQ,37,38052.27777777778,2031,Cycling AL 4y - DHAPPQ 2y,#bebada,0,66.0,004
040-Cycling-4y-AL-DHAPPQ,38,39734.61111111111,2031,Cycling AL 4y - DHAPPQ 2y,#bebada,0,66.0,004
040-Cycling-4y-AL-DHAPPQ,39,40664.77777777778,2031,Cycling AL 4y - DHAPPQ 2y,#bebada,0,66.0,004
040-Cycling-4y-AL-DHAPPQ,40,39331.22222222222,2031,Cycling AL 4y - DHAPPQ 2y,#bebada,0,66.0,004
040-Cycling-4y-AL-DHAPPQ,41,39280.11111111111,2031,Cycling AL 4y - DHAPPQ 2y,#bebada,0,66.0,004
040-Cycling-4y-AL-DHAPPQ,42,40472.88888888889,2031,Cycling AL 4y - DHAPPQ 2y,#bebada,0,66.0,004
040-Cycling-4y-AL-DHAPPQ,43,39025.333333333336,2031,Cycling AL 4y - DHAPPQ 2y,#bebada,0,66.0,004
040-Cycling-4y-AL-DHAPPQ,44,38853.0,2031,Cycling AL 4y - DHAPPQ 2y,#bebada,0,66.0,004
040-Cycling-4y-AL-DHAPPQ,45,37749.333333333336,2031,Cycling AL 4y - DHAPPQ 2y,#bebada,0,66.0,004
040-Cycling-4y-AL-DHAPPQ,46,39931.0,2031,Cycling AL 4y - DHAPPQ 2y,#bebada,0,66.0,004
040-Cycling-4y-AL-DHAPPQ,47,38872.944444444445,2031,Cycling AL 4y - DHAPPQ 2y,#bebada,0,66.0,004
040-Cycling-4y-AL-DHAPPQ,48,41908.27777777778,2031,Cycling AL 4y - DHAPPQ 2y,#bebada,0,66.0,004
040-Cycling-4y-AL-DHAPPQ,49,36756.27777777778,2031,Cycling AL 4y - DHAPPQ 2y,#bebada,0,66.0,004
040-Cycling-4y-AL-DHAPPQ,50,39543.5,2031,Cycling AL 4y - DHAPPQ 2y,#bebada,0,66.0,004
040-Cycling-4y-AL-DHAPPQ,51,39609.11111111111,2031,Cycling AL 4y - DHAPPQ 2y,#bebada,0,66.0,004
040-Cycling-4y-AL-DHAPPQ,52,39939.666666666664,2031,Cycling AL 4y - DHAPPQ 2y,#bebada,0,66.0,004
040-Cycling-4y-AL-DHAPPQ,53,38912.61111111111,2031,Cycling AL 4y - DHAPPQ 2y,#bebada,0,66.0,004
040-Cycling-4y-AL-DHAPPQ,54,42252.555555555555,2031,Cycling AL 4y - DHAPPQ 2y,#bebada,0,66.0,004
040-Cycling-4y-AL-DHAPPQ,55,39236.72222222222,2031,Cycling AL 4y - DHAPPQ 2y,#bebada,0,66.0,004
040-Cycling-4y-AL-DHAPPQ,56,38233.38888888889,2031,Cycling AL 4y - DHAPPQ 2y,#bebada,0,66.0,004
040-Cycling-4y-AL-DHAPPQ,57,41235.833333333336,2031,Cycling AL 4y - DHAPPQ 2y,#bebada,0,66.0,004
040-Cycling-4y-AL-DHAPPQ,58,38196.166666666664,2031,Cycling AL 4y - DHAPPQ 2y,#bebada,0,66.0,004
040-Cycling-4y-AL-DHAPPQ,59,38000.38888888889,2031,Cycling AL 4y - DHAPPQ 2y,#bebada,0,66.0,004
040-Cycling-4y-AL-DHAPPQ,60,39208.944444444445,2031,Cycling AL 4y - DHAPPQ 2y,#bebada,0,66.0,004
040-Cycling-4y-AL-DHAPPQ,61,39747.38888888889,2031,Cycling AL 4y - DHAPPQ 2y,#bebada,0,66.0,004
040-Cycling-4y-AL-DHAPPQ,62,38216.38888888889,2031,Cycling AL 4y - DHAPPQ 2y,#bebada,0,66.0,004
040-Cycling-4y-AL-DHAPPQ,63,40390.72222222222,2031,Cycling AL 4y - DHAPPQ 2y,#bebada,0,66.0,004
040-Cycling-4y-AL-DHAPPQ,64,39999.555555555555,2031,Cycling AL 4y - DHAPPQ 2y,#bebada,0,66.0,004
040-Cycling-4y-AL-DHAPPQ,65,39255.833333333336,2031,Cycling AL 4y - DHAPPQ 2y,#bebada,0,66.0,004
040-Cycling-4y-AL-DHAPPQ,66,39243.166666666664,2031,Cycling AL 4y - DHAPPQ 2y,#bebada,0,66.0,004
040-Cycling-4y-AL-DHAPPQ,67,38936.88888888889,2031,Cycling AL 4y - DHAPPQ 2y,#bebada,0,66.0,004
040-Cycling-4y-AL-DHAPPQ,68,39183.0,2031,Cycling AL 4y - DHAPPQ 2y,#bebada,0,66.0,004
040-Cycling-4y-AL-DHAPPQ,69,38598.38888888889,2031,Cycling AL 4y - DHAPPQ 2y,#bebada,0,66.0,004
040-Cycling-4y-AL-DHAPPQ,70,38885.61111111111,2031,Cycling AL 4y - DHAPPQ 2y,#bebada,0,66.0,004
040-Cycling-4y-AL-DHAPPQ,71,38988.055555555555,2031,Cycling AL 4y - DHAPPQ 2y,#bebada,0,66.0,004
040-Cycling-4y-AL-DHAPPQ,72,39347.555555555555,2031,Cycling AL 4y - DHAPPQ 2y,#bebada,0,66.0,004
040-Cycling-4y-AL-DHAPPQ,73,39013.11111111111,2031,Cycling AL 4y - DHAPPQ 2y,#bebada,0,66.0,004
040-Cycling-4y-AL-DHAPPQ,74,39243.38888888889,2031,Cycling AL 4y - DHAPPQ 2y,#bebada,0,66.0,004
040-Cycling-4y-AL-DHAPPQ,75,38648.11111111111,2031,Cycling AL 4y - DHAPPQ 2y,#bebada,0,66.0,004
040-Cycling-4y-AL-DHAPPQ,76,40973.22222222222,2031,Cycling AL 4y - DHAPPQ 2y,#bebada,0,66.0,004
040-Cycling-4y-AL-DHAPPQ,77,39928.72222222222,2031,Cycling AL 4y - DHAPPQ 2y,#bebada,0,66.0,004
040-Cycling-4y-AL-DHAPPQ,78,38813.0,2031,Cycling AL 4y - DHAPPQ 2y,#bebada,0,66.0,004
040-Cycling-4y-AL-DHAPPQ,79,39288.61111111111,2031,Cycling AL 4y - DHAPPQ 2y,#bebada,0,66.0,004
040-Cycling-4y-AL-DHAPPQ,80,38980.166666666664,2031,Cycling AL 4y - DHAPPQ 2y,#bebada,0,66.0,004
040-Cycling-4y-AL-DHAPPQ,81,39769.333333333336,2031,Cycling AL 4y - DHAPPQ 2y,#bebada,0,66.0,004
040-Cycling-4y-AL-DHAPPQ,82,39325.0,2031,Cycling AL 4y - DHAPPQ 2y,#bebada,0,66.0,004
040-Cycling-4y-AL-DHAPPQ,83,38651.27777777778,2031,Cycling AL 4y - DHAPPQ 2y,#bebada,0,66.0,004
040-Cycling-4y-AL-DHAPPQ,84,38660.77777777778,2031,Cycling AL 4y - DHAPPQ 2y,#bebada,0,66.0,004
040-Cycling-4y-AL-DHAPPQ,85,38706.77777777778,2031,Cycling AL 4y - DHAPPQ 2y,#bebada,0,66.0,004
040-Cycling-4y-AL-DHAPPQ,86,38712.77777777778,2031,Cycling AL 4y - DHAPPQ 2y,#bebada,0,66.0,004
040-Cycling-4y-AL-DHAPPQ,87,37438.61111111111,2031,Cycling AL 4y - DHAPPQ 2y,#bebada,0,66.0,004
040-Cycling-4y-AL-DHAPPQ,88,37100.5,2031,Cycling AL 4y - DHAPPQ 2y,#bebada,0,66.0,004
040-Cycling-4y-AL-DHAPPQ,89,40629.666666666664,2031,Cycling AL 4y - DHAPPQ 2y,#bebada,0,66.0,004
040-Cycling-4y-AL-DHAPPQ,90,39400.666666666664,2031,Cycling AL 4y - DHAPPQ 2y,#bebada,0,66.0,004
040-Cycling-4y-AL-DHAPPQ,91,39580.944444444445,2031,Cycling AL 4y - DHAPPQ 2y,#bebada,0,66.0,004
040-Cycling-4y-AL-DHAPPQ,92,38520.555555555555,2031,Cycling AL 4y - DHAPPQ 2y,#bebada,0,66.0,004
040-Cycling-4y-AL-DHAPPQ,93,40415.22222222222,2031,Cycling AL 4y - DHAPPQ 2y,#bebada,0,66.0,004
040-Cycling-4y-AL-DHAPPQ,94,43694.11111111111,2031,Cycling AL 4y - DHAPPQ 2y,#bebada,0,66.0,004
040-Cycling-4y-AL-DHAPPQ,95,38606.61111111111,2031,Cycling AL 4y - DHAPPQ 2y,#bebada,0,66.0,004
040-Cycling-4y-AL-DHAPPQ,96,39284.11111111111,2031,Cycling AL 4y - DHAPPQ 2y,#bebada,0,66.0,004
040-Cycling-4y-AL-DHAPPQ,97,38998.27777777778,2031,Cycling AL 4y - DHAPPQ 2y,#bebada,0,66.0,004
040-Cycling-4y-AL-DHAPPQ,98,39791.88888888889,2031,Cycling AL 4y - DHAPPQ 2y,#bebada,0,66.0,004
040-Cycling-4y-AL-DHAPPQ,99,43082.88888888889,2031,Cycling AL 4y - DHAPPQ 2y,#bebada,0,66.0,004
041-Cycling-4y-ASAQ-AL,0,33935.11111111111,2031,Cycling ASAQ 4y - AL 2y,#bebada,0,33.0,004
041-Cycling-4y-ASAQ-AL,1,34740.944444444445,2031,Cycling ASAQ 4y - AL 2y,#bebada,0,33.0,004
041-Cycling-4y-ASAQ-AL,2,32949.055555555555,2031,Cycling ASAQ 4y - AL 2y,#bebada,0,33.0,004
041-Cycling-4y-ASAQ-AL,3,32731.222222222223,2031,Cycling ASAQ 4y - AL 2y,#bebada,0,33.0,004
041-Cycling-4y-ASAQ-AL,4,34385.5,2031,Cycling ASAQ 4y - AL 2y,#bebada,0,33.0,004
041-Cycling-4y-ASAQ-AL,5,33719.72222222222,2031,Cycling ASAQ 4y - AL 2y,#bebada,0,33.0,004
041-Cycling-4y-ASAQ-AL,6,32722.333333333332,2031,Cycling ASAQ 4y - AL 2y,#bebada,0,33.0,004
041-Cycling-4y-ASAQ-AL,7,33446.72222222222,2031,Cycling ASAQ 4y - AL 2y,#bebada,0,33.0,004
041-Cycling-4y-ASAQ-AL,8,32702.61111111111,2031,Cycling ASAQ 4y - AL 2y,#bebada,0,33.0,004
041-Cycling-4y-ASAQ-AL,9,33836.88888888889,2031,Cycling ASAQ 4y - AL 2y,#bebada,0,33.0,004
041-Cycling-4y-ASAQ-AL,10,33552.77777777778,2031,Cycling ASAQ 4y - AL 2y,#bebada,0,33.0,004
041-Cycling-4y-ASAQ-AL,11,32743.277777777777,2031,Cycling ASAQ 4y - AL 2y,#bebada,0,33.0,004
041-Cycling-4y-ASAQ-AL,12,32868.22222222222,2031,Cycling ASAQ 4y - AL 2y,#bebada,0,33.0,004
041-Cycling-4y-ASAQ-AL,13,33983.444444444445,2031,Cycling ASAQ 4y - AL 2y,#bebada,0,33.0,004
041-Cycling-4y-ASAQ-AL,14,33987.22222222222,2031,Cycling ASAQ 4y - AL 2y,#bebada,0,33.0,004
041-Cycling-4y-ASAQ-AL,15,33258.72222222222,2031,Cycling ASAQ 4y - AL 2y,#bebada,0,33.0,004
041-Cycling-4y-ASAQ-AL,16,34387.72222222222,2031,Cycling ASAQ 4y - AL 2y,#bebada,0,33.0,004
041-Cycling-4y-ASAQ-AL,17,33784.055555555555,2031,Cycling ASAQ 4y - AL 2y,#bebada,0,33.0,004
041-Cycling-4y-ASAQ-AL,18,33181.666666666664,2031,Cycling ASAQ 4y - AL 2y,#bebada,0,33.0,004
041-Cycling-4y-ASAQ-AL,19,33606.22222222222,2031,Cycling ASAQ 4y - AL 2y,#bebada,0,33.0,004
041-Cycling-4y-ASAQ-AL,20,33876.22222222222,2031,Cycling ASAQ 4y - AL 2y,#bebada,0,33.0,004
041-Cycling-4y-ASAQ-AL,21,32417.944444444445,2031,Cycling ASAQ 4y - AL 2y,#bebada,0,33.0,004
041-Cycling-4y-ASAQ-AL,22,32174.11111111111,2031,Cycling ASAQ 4y - AL 2y,#bebada,0,33.0,004
041-Cycling-4y-ASAQ-AL,23,33389.88888888889,2031,Cycling ASAQ 4y - AL 2y,#bebada,0,33.0,004
041-Cycling-4y-ASAQ-AL,24,34489.0,2031,Cycling ASAQ 4y - AL 2y,#bebada,0,33.0,004
041-Cycling-4y-ASAQ-AL,25,33894.055555555555,2031,Cycling ASAQ 4y - AL 2y,#bebada,0,33.0,004
041-Cycling-4y-ASAQ-AL,26,35578.833333333336,2031,Cycling ASAQ 4y - AL 2y,#bebada,0,33.0,004
041-Cycling-4y-ASAQ-AL,27,32832.555555555555,2031,Cycling ASAQ 4y - AL 2y,#bebada,0,33.0,004
041-Cycling-4y-ASAQ-AL,28,33764.27777777778,2031,Cycling ASAQ 4y - AL 2y,#bebada,0,33.0,004
041-Cycling-4y-ASAQ-AL,29,34101.555555555555,2031,Cycling ASAQ 4y - AL 2y,#bebada,0,33.0,004
041-Cycling-4y-ASAQ-AL,30,32978.833333333336,2031,Cycling ASAQ 4y - AL 2y,#bebada,0,33.0,004
041-Cycling-4y-ASAQ-AL,31,33656.22222222222,2031,Cycling ASAQ 4y - AL 2y,#bebada,0,33.0,004
041-Cycling-4y-ASAQ-AL,32,35061.72222222222,2031,Cycling ASAQ 4y - AL 2y,#bebada,0,33.0,004
041-Cycling-4y-ASAQ-AL,33,33436.944444444445,2031,Cycling ASAQ 4y - AL 2y,#bebada,0,33.0,004
041-Cycling-4y-ASAQ-AL,34,33970.38888888889,2031,Cycling ASAQ 4y - AL 2y,#bebada,0,33.0,004
041-Cycling-4y-ASAQ-AL,35,34094.88888888889,2031,Cycling ASAQ 4y - AL 2y,#bebada,0,33.0,004
041-Cycling-4y-ASAQ-AL,36,33075.333333333336,2031,Cycling ASAQ 4y - AL 2y,#bebada,0,33.0,004
041-Cycling-4y-ASAQ-AL,37,33675.5,2031,Cycling ASAQ 4y - AL 2y,#bebada,0,33.0,004
041-Cycling-4y-ASAQ-AL,38,33393.055555555555,2031,Cycling ASAQ 4y - AL 2y,#bebada,0,33.0,004
041-Cycling-4y-ASAQ-AL,39,33210.27777777778,2031,Cycling ASAQ 4y - AL 2y,#bebada,0,33.0,004
041-Cycling-4y-ASAQ-AL,40,33876.333333333336,2031,Cycling ASAQ 4y - AL 2y,#bebada,0,33.0,004
041-Cycling-4y-ASAQ-AL,41,35268.666666666664,2031,Cycling ASAQ 4y - AL 2y,#bebada,0,33.0,004
041-Cycling-4y-ASAQ-AL,42,35010.11111111111,2031,Cycling ASAQ 4y - AL 2y,#bebada,0,33.0,004
041-Cycling-4y-ASAQ-AL,43,34687.833333333336,2031,Cycling ASAQ 4y - AL 2y,#bebada,0,33.0,004
041-Cycling-4y-ASAQ-AL,44,34310.166666666664,2031,Cycling ASAQ 4y - AL 2y,#bebada,0,33.0,004
041-Cycling-4y-ASAQ-AL,45,32452.333333333332,2031,Cycling ASAQ 4y - AL 2y,#bebada,0,33.0,004
041-Cycling-4y-ASAQ-AL,46,33769.055555555555,2031,Cycling ASAQ 4y - AL 2y,#bebada,0,33.0,004
041-Cycling-4y-ASAQ-AL,47,34544.27777777778,2031,Cycling ASAQ 4y - AL 2y,#bebada,0,33.0,004
041-Cycling-4y-ASAQ-AL,48,33370.72222222222,2031,Cycling ASAQ 4y - AL 2y,#bebada,0,33.0,004
041-Cycling-4y-ASAQ-AL,49,33760.166666666664,2031,Cycling ASAQ 4y - AL 2y,#bebada,0,33.0,004
041-Cycling-4y-ASAQ-AL,50,34205.88888888889,2031,Cycling ASAQ 4y - AL 2y,#bebada,0,33.0,004
041-Cycling-4y-ASAQ-AL,51,33445.11111111111,2031,Cycling ASAQ 4y - AL 2y,#bebada,0,33.0,004
041-Cycling-4y-ASAQ-AL,52,34059.0,2031,Cycling ASAQ 4y - AL 2y,#bebada,0,33.0,004
041-Cycling-4y-ASAQ-AL,53,33803.166666666664,2031,Cycling ASAQ 4y - AL 2y,#bebada,0,33.0,004
041-Cycling-4y-ASAQ-AL,54,33311.77777777778,2031,Cycling ASAQ 4y - AL 2y,#bebada,0,33.0,004
041-Cycling-4y-ASAQ-AL,55,33833.833333333336,2031,Cycling ASAQ 4y - AL 2y,#bebada,0,33.0,004
041-Cycling-4y-ASAQ-AL,56,33731.166666666664,2031,Cycling ASAQ 4y - AL 2y,#bebada,0,33.0,004
041-Cycling-4y-ASAQ-AL,57,33039.61111111111,2031,Cycling ASAQ 4y - AL 2y,#bebada,0,33.0,004
041-Cycling-4y-ASAQ-AL,58,34922.0,2031,Cycling ASAQ 4y - AL 2y,#bebada,0,33.0,004
041-Cycling-4y-ASAQ-AL,59,33654.22222222222,2031,Cycling ASAQ 4y - AL 2y,#bebada,0,33.0,004
041-Cycling-4y-ASAQ-AL,60,33653.055555555555,2031,Cycling ASAQ 4y - AL 2y,#bebada,0,33.0,004
041-Cycling-4y-ASAQ-AL,61,33960.22222222222,2031,Cycling ASAQ 4y - AL 2y,#bebada,0,33.0,004
041-Cycling-4y-ASAQ-AL,62,35002.11111111111,2031,Cycling ASAQ 4y - AL 2y,#bebada,0,33.0,004
041-Cycling-4y-ASAQ-AL,63,33227.38888888889,2031,Cycling ASAQ 4y - AL 2y,#bebada,0,33.0,004
041-Cycling-4y-ASAQ-AL,64,34270.77777777778,2031,Cycling ASAQ 4y - AL 2y,#bebada,0,33.0,004
041-Cycling-4y-ASAQ-AL,65,33693.38888888889,2031,Cycling ASAQ 4y - AL 2y,#bebada,0,33.0,004
041-Cycling-4y-ASAQ-AL,66,33484.555555555555,2031,Cycling ASAQ 4y - AL 2y,#bebada,0,33.0,004
041-Cycling-4y-ASAQ-AL,67,33297.166666666664,2031,Cycling ASAQ 4y - AL 2y,#bebada,0,33.0,004
041-Cycling-4y-ASAQ-AL,68,34356.444444444445,2031,Cycling ASAQ 4y - AL 2y,#bebada,0,33.0,004
041-Cycling-4y-ASAQ-AL,69,33711.444444444445,2031,Cycling ASAQ 4y - AL 2y,#bebada,0,33.0,004
041-Cycling-4y-ASAQ-AL,70,33963.0,2031,Cycling ASAQ 4y - AL 2y,#bebada,0,33.0,004
041-Cycling-4y-ASAQ-AL,71,32482.555555555555,2031,Cycling ASAQ 4y - AL 2y,#bebada,0,33.0,004
041-Cycling-4y-ASAQ-AL,72,33375.666666666664,2031,Cycling ASAQ 4y - AL 2y,#bebada,0,33.0,004
041-Cycling-4y-ASAQ-AL,73,33446.5,2031,Cycling ASAQ 4y - AL 2y,#bebada,0,33.0,004
041-Cycling-4y-ASAQ-AL,74,34676.11111111111,2031,Cycling ASAQ 4y - AL 2y,#bebada,0,33.0,004
041-Cycling-4y-ASAQ-AL,75,33310.944444444445,2031,Cycling ASAQ 4y - AL 2y,#bebada,0,33.0,004
041-Cycling-4y-ASAQ-AL,76,33898.27777777778,2031,Cycling ASAQ 4y - AL 2y,#bebada,0,33.0,004
041-Cycling-4y-ASAQ-AL,77,33701.5,2031,Cycling ASAQ 4y - AL 2y,#bebada,0,33.0,004
041-Cycling-4y-ASAQ-AL,78,34206.444444444445,2031,Cycling ASAQ 4y - AL 2y,#bebada,0,33.0,004
041-Cycling-4y-ASAQ-AL,79,33078.666666666664,2031,Cycling ASAQ 4y - AL 2y,#bebada,0,33.0,004
041-Cycling-4y-ASAQ-AL,80,33591.166666666664,2031,Cycling ASAQ 4y - AL 2y,#bebada,0,33.0,004
041-Cycling-4y-ASAQ-AL,81,34534.88888888889,2031,Cycling ASAQ 4y - AL 2y,#bebada,0,33.0,004
041-Cycling-4y-ASAQ-AL,82,33614.944444444445,2031,Cycling ASAQ 4y - AL 2y,#bebada,0,33.0,004
041-Cycling-4y-ASAQ-AL,83,32768.666666666664,2031,Cycling ASAQ 4y - AL 2y,#bebada,0,33.0,004
041-Cycling-4y-ASAQ-AL,84,34573.666666666664,2031,Cycling ASAQ 4y - AL 2y,#bebada,0,33.0,004
041-Cycling-4y-ASAQ-AL,85,34849.0,2031,Cycling ASAQ 4y - AL 2y,#bebada,0,33.0,004
041-Cycling-4y-ASAQ-AL,86,34101.666666666664,2031,Cycling ASAQ 4y - AL 2y,#bebada,0,33.0,004
041-Cycling-4y-ASAQ-AL,87,34661.444444444445,2031,Cycling ASAQ 4y - AL 2y,#bebada,0,33.0,004
041-Cycling-4y-ASAQ-AL,88,33365.61111111111,2031,Cycling ASAQ 4y - AL 2y,#bebada,0,33.0,004
041-Cycling-4y-ASAQ-AL,89,33175.77777777778,2031,Cycling ASAQ 4y - AL 2y,#bebada,0,33.0,004
041-Cycling-4y-ASAQ-AL,90,33426.11111111111,2031,Cycling ASAQ 4y - AL 2y,#bebada,0,33.0,004
041-Cycling-4y-ASAQ-AL,91,33529.11111111111,2031,Cycling ASAQ 4y - AL 2y,#bebada,0,33.0,004
041-Cycling-4y-ASAQ-AL,92,34078.944444444445,2031,Cycling ASAQ 4y - AL 2y,#bebada,0,33.0,004
041-Cycling-4y-ASAQ-AL,93,34155.61111111111,2031,Cycling ASAQ 4y - AL 2y,#bebada,0,33.0,004
041-Cycling-4y-ASAQ-AL,94,33274.166666666664,2031,Cycling ASAQ 4y - AL 2y,#bebada,0,33.0,004
041-Cycling-4y-ASAQ-AL,95,33287.5,2031,Cycling ASAQ 4y - AL 2y,#bebada,0,33.0,004
041-Cycling-4y-ASAQ-AL,96,33499.055555555555,2031,Cycling ASAQ 4y - AL 2y,#bebada,0,33.0,004
041-Cycling-4y-ASAQ-AL,97,33286.88888888889,2031,Cycling ASAQ 4y - AL 2y,#bebada,0,33.0,004
041-Cycling-4y-ASAQ-AL,98,33898.27777777778,2031,Cycling ASAQ 4y - AL 2y,#bebada,0,33.0,004
041-Cycling-4y-ASAQ-AL,99,34101.666666666664,2031,Cycling ASAQ 4y - AL 2y,#bebada,0,33.0,004
042-Cycling-4y-ASAQ-DHAPPQ,0,26765.444444444445,2031,Cycling ASAQ 4y - DHAPPQ 2y,#bebada,0,0.0,004
042-Cycling-4y-ASAQ-DHAPPQ,1,27811.166666666668,2031,Cycling ASAQ 4y - DHAPPQ 2y,#bebada,0,0.0,004
042-Cycling-4y-ASAQ-DHAPPQ,2,27385.5,2031,Cycling ASAQ 4y - DHAPPQ 2y,#bebada,0,0.0,004
042-Cycling-4y-ASAQ-DHAPPQ,3,27686.944444444445,2031,Cycling ASAQ 4y - DHAPPQ 2y,#bebada,0,0.0,004
042-Cycling-4y-ASAQ-DHAPPQ,4,27770.11111111111,2031,Cycling ASAQ 4y - DHAPPQ 2y,#bebada,0,0.0,004
042-Cycling-4y-ASAQ-DHAPPQ,5,27260.5,2031,Cycling ASAQ 4y - DHAPPQ 2y,#bebada,0,0.0,004
042-Cycling-4y-ASAQ-DHAPPQ,6,27188.722222222223,2031,Cycling ASAQ 4y - DHAPPQ 2y,#bebada,0,0.0,004
042-Cycling-4y-ASAQ-DHAPPQ,7,27637.0,2031,Cycling ASAQ 4y - DHAPPQ 2y,#bebada,0,0.0,004
042-Cycling-4y-ASAQ-DHAPPQ,8,27336.333333333332,2031,Cycling ASAQ 4y - DHAPPQ 2y,#bebada,0,0.0,004
042-Cycling-4y-ASAQ-DHAPPQ,9,27606.777777777777,2031,Cycling ASAQ 4y - DHAPPQ 2y,#bebada,0,0.0,004
042-Cycling-4y-ASAQ-DHAPPQ,10,26837.277777777777,2031,Cycling ASAQ 4y - DHAPPQ 2y,#bebada,0,0.0,004
042-Cycling-4y-ASAQ-DHAPPQ,11,28010.666666666668,2031,Cycling ASAQ 4y - DHAPPQ 2y,#bebada,0,0.0,004
042-Cycling-4y-ASAQ-DHAPPQ,12,27328.11111111111,2031,Cycling ASAQ 4y - DHAPPQ 2y,#bebada,0,0.0,004
042-Cycling-4y-ASAQ-DHAPPQ,13,26733.277777777777,2031,Cycling ASAQ 4y - DHAPPQ 2y,#bebada,0,0.0,004
042-Cycling-4y-ASAQ-DHAPPQ,14,26753.333333333332,2031,Cycling ASAQ 4y - DHAPPQ 2y,#bebada,0,0.0,004
042-Cycling-4y-ASAQ-DHAPPQ,15,27350.0,2031,Cycling ASAQ 4y - DHAPPQ 2y,#bebada,0,0.0,004
042-Cycling-4y-ASAQ-DHAPPQ,16,27646.333333333332,2031,Cycling ASAQ 4y - DHAPPQ 2y,#bebada,0,0.0,004
042-Cycling-4y-ASAQ-DHAPPQ,17,28165.333333333332,2031,Cycling ASAQ 4y - DHAPPQ 2y,#bebada,0,0.0,004
042-Cycling-4y-ASAQ-DHAPPQ,18,26715.222222222223,2031,Cycling ASAQ 4y - DHAPPQ 2y,#bebada,0,0.0,004
042-Cycling-4y-ASAQ-DHAPPQ,19,27142.666666666668,2031,Cycling ASAQ 4y - DHAPPQ 2y,#bebada,0,0.0,004
042-Cycling-4y-ASAQ-DHAPPQ,20,26984.222222222223,2031,Cycling ASAQ 4y - DHAPPQ 2y,#bebada,0,0.0,004
042-Cycling-4y-ASAQ-DHAPPQ,21,27580.38888888889,2031,Cycling ASAQ 4y - DHAPPQ 2y,#bebada,0,0.0,004
042-Cycling-4y-ASAQ-DHAPPQ,22,28489.38888888889,2031,Cycling ASAQ 4y - DHAPPQ 2y,#bebada,0,0.0,004
042-Cycling-4y-ASAQ-DHAPPQ,23,27772.5,2031,Cycling ASAQ 4y - DHAPPQ 2y,#bebada,0,0.0,004
042-Cycling-4y-ASAQ-DHAPPQ,24,28403.38888888889,2031,Cycling ASAQ 4y - DHAPPQ 2y,#bebada,0,0.0,004
042-Cycling-4y-ASAQ-DHAPPQ,25,27249.11111111111,2031,Cycling ASAQ 4y - DHAPPQ 2y,#bebada,0,0.0,004
042-Cycling-4y-ASAQ-DHAPPQ,26,27371.61111111111,2031,Cycling ASAQ 4y - DHAPPQ 2y,#bebada,0,0.0,004
042-Cycling-4y-ASAQ-DHAPPQ,27,27100.0,2031,Cycling ASAQ 4y - DHAPPQ 2y,#bebada,0,0.0,004
042-Cycling-4y-ASAQ-DHAPPQ,28,27281.277777777777,2031,Cycling ASAQ 4y - DHAPPQ 2y,#bebada,0,0.0,004
042-Cycling-4y-ASAQ-DHAPPQ,29,26830.166666666668,2031,Cycling ASAQ 4y - DHAPPQ 2y,#bebada,0,0.0,004
042-Cycling-4y-ASAQ-DHAPPQ,30,27933.777777777777,2031,Cycling ASAQ 4y - DHAPPQ 2y,#bebada,0,0.0,004
042-Cycling-4y-ASAQ-DHAPPQ,31,27011.555555555555,2031,Cycling ASAQ 4y - DHAPPQ 2y,#bebada,0,0.0,004
042-Cycling-4y-ASAQ-DHAPPQ,32,26995.666666666668,2031,Cycling ASAQ 4y - DHAPPQ 2y,#bebada,0,0.0,004
042-Cycling-4y-ASAQ-DHAPPQ,33,26478.444444444445,2031,Cycling ASAQ 4y - DHAPPQ 2y,#bebada,0,0.0,004
042-Cycling-4y-ASAQ-DHAPPQ,34,27473.277777777777,2031,Cycling ASAQ 4y - DHAPPQ 2y,#bebada,0,0.0,004
042-Cycling-4y-ASAQ-DHAPPQ,35,26606.055555555555,2031,Cycling ASAQ 4y - DHAPPQ 2y,#bebada,0,0.0,004
042-Cycling-4y-ASAQ-DHAPPQ,36,27207.555555555555,2031,Cycling ASAQ 4y - DHAPPQ 2y,#bebada,0,0.0,004
042-Cycling-4y-ASAQ-DHAPPQ,37,28499.222222222223,2031,Cycling ASAQ 4y - DHAPPQ 2y,#bebada,0,0.0,004
042-Cycling-4y-ASAQ-DHAPPQ,38,27294.055555555555,2031,Cycling ASAQ 4y - DHAPPQ 2y,#bebada,0,0.0,004
042-Cycling-4y-ASAQ-DHAPPQ,39,27591.0,2031,Cycling ASAQ 4y - DHAPPQ 2y,#bebada,0,0.0,004
042-Cycling-4y-ASAQ-DHAPPQ,40,26801.277777777777,2031,Cycling ASAQ 4y - DHAPPQ 2y,#bebada,0,0.0,004
042-Cycling-4y-ASAQ-DHAPPQ,41,27140.333333333332,2031,Cycling ASAQ 4y - DHAPPQ 2y,#bebada,0,0.0,004
042-Cycling-4y-ASAQ-DHAPPQ,42,27663.944444444445,2031,Cycling ASAQ 4y - DHAPPQ 2y,#bebada,0,0.0,004
042-Cycling-4y-ASAQ-DHAPPQ,43,26213.666666666668,2031,Cycling ASAQ 4y - DHAPPQ 2y,#bebada,0,0.0,004
042-Cycling-4y-ASAQ-DHAPPQ,44,28040.38888888889,2031,Cycling ASAQ 4y - DHAPPQ 2y,#bebada,0,0.0,004
042-Cycling-4y-ASAQ-DHAPPQ,45,27091.333333333332,2031,Cycling ASAQ 4y - DHAPPQ 2y,#bebada,0,0.0,004
042-Cycling-4y-ASAQ-DHAPPQ,46,27612.0,2031,Cycling ASAQ 4y - DHAPPQ 2y,#bebada,0,0.0,004
042-Cycling-4y-ASAQ-DHAPPQ,47,26859.666666666668,2031,Cycling ASAQ 4y - DHAPPQ 2y,#bebada,0,0.0,004
042-Cycling-4y-ASAQ-DHAPPQ,48,26519.055555555555,2031,Cycling ASAQ 4y - DHAPPQ 2y,#bebada,0,0.0,004
042-Cycling-4y-ASAQ-DHAPPQ,49,27881.222222222223,2031,Cycling ASAQ 4y - DHAPPQ 2y,#bebada,0,0.0,004
042-Cycling-4y-ASAQ-DHAPPQ,50,28146.222222222223,2031,Cycling ASAQ 4y - DHAPPQ 2y,#bebada,0,0.0,004
042-Cycling-4y-ASAQ-DHAPPQ,51,27804.055555555555,2031,Cycling ASAQ 4y - DHAPPQ 2y,#bebada,0,0.0,004
042-Cycling-4y-ASAQ-DHAPPQ,52,28627.277777777777,2031,Cycling ASAQ 4y - DHAPPQ 2y,#bebada,0,0.0,004
042-Cycling-4y-ASAQ-DHAPPQ,53,26865.666666666668,2031,Cycling ASAQ 4y - DHAPPQ 2y,#bebada,0,0.0,004
042-Cycling-4y-ASAQ-DHAPPQ,54,27248.222222222223,2031,Cycling ASAQ 4y - DHAPPQ 2y,#bebada,0,0.0,004
042-Cycling-4y-ASAQ-DHAPPQ,55,26957.0,2031,Cycling ASAQ 4y - DHAPPQ 2y,#bebada,0,0.0,004
042-Cycling-4y-ASAQ-DHAPPQ,56,27301.5,2031,Cycling ASAQ 4y - DHAPPQ 2y,#bebada,0,0.0,004
042-Cycling-4y-ASAQ-DHAPPQ,57,27398.777777777777,2031,Cycling ASAQ 4y - DHAPPQ 2y,#bebada,0,0.0,004
042-Cycling-4y-ASAQ-DHAPPQ,58,28127.555555555555,2031,Cycling ASAQ 4y - DHAPPQ 2y,#bebada,0,0.0,004
042-Cycling-4y-ASAQ-DHAPPQ,59,27855.38888888889,2031,Cycling ASAQ 4y - DHAPPQ 2y,#bebada,0,0.0,004
042-Cycling-4y-ASAQ-DHAPPQ,60,28003.166666666668,2031,Cycling ASAQ 4y - DHAPPQ 2y,#bebada,0,0.0,004
042-Cycling-4y-ASAQ-DHAPPQ,61,27848.222222222223,2031,Cycling ASAQ 4y - DHAPPQ 2y,#bebada,0,0.0,004
042-Cycling-4y-ASAQ-DHAPPQ,62,27115.38888888889,2031,Cycling ASAQ 4y - DHAPPQ 2y,#bebada,0,0.0,004
042-Cycling-4y-ASAQ-DHAPPQ,63,26444.11111111111,2031,Cycling ASAQ 4y - DHAPPQ 2y,#bebada,0,0.0,004
042-Cycling-4y-ASAQ-DHAPPQ,64,27110.222222222223,2031,Cycling ASAQ 4y - DHAPPQ 2y,#bebada,0,0.0,004
042-Cycling-4y-ASAQ-DHAPPQ,65,27031.333333333332,2031,Cycling ASAQ 4y - DHAPPQ 2y,#bebada,0,0.0,004
042-Cycling-4y-ASAQ-DHAPPQ,66,27947.444444444445,2031,Cycling ASAQ 4y - DHAPPQ 2y,#bebada,0,0.0,004
042-Cycling-4y-ASAQ-DHAPPQ,67,26621.833333333332,2031,Cycling ASAQ 4y - DHAPPQ 2y,#bebada,0,0.0,004
042-Cycling-4y-ASAQ-DHAPPQ,68,27174.722222222223,2031,Cycling ASAQ 4y - DHAPPQ 2y,#bebada,0,0.0,004
042-Cycling-4y-ASAQ-DHAPPQ,69,27583.333333333332,2031,Cycling ASAQ 4y - DHAPPQ 2y,#bebada,0,0.0,004
042-Cycling-4y-ASAQ-DHAPPQ,70,27980.222222222223,2031,Cycling ASAQ 4y - DHAPPQ 2y,#bebada,0,0.0,004
042-Cycling-4y-ASAQ-DHAPPQ,71,27803.944444444445,2031,Cycling ASAQ 4y - DHAPPQ 2y,#bebada,0,0.0,004
042-Cycling-4y-ASAQ-DHAPPQ,72,27780.777777777777,2031,Cycling ASAQ 4y - DHAPPQ 2y,#bebada,0,0.0,004
042-Cycling-4y-ASAQ-DHAPPQ,73,27139.055555555555,2031,Cycling ASAQ 4y - DHAPPQ 2y,#bebada,0,0.0,004
042-Cycling-4y-ASAQ-DHAPPQ,74,27045.666666666668,2031,Cycling ASAQ 4y - DHAPPQ 2y,#bebada,0,0.0,004
042-Cycling-4y-ASAQ-DHAPPQ,75,26162.11111111111,2031,Cycling ASAQ 4y - DHAPPQ 2y,#bebada,0,0.0,004
042-Cycling-4y-ASAQ-DHAPPQ,76,28268.333333333332,2031,Cycling ASAQ 4y - DHAPPQ 2y,#bebada,0,0.0,004
042-Cycling-4y-ASAQ-DHAPPQ,77,27046.722222222223,2031,Cycling ASAQ 4y - DHAPPQ 2y,#bebada,0,0.0,004
042-Cycling-4y-ASAQ-DHAPPQ,78,27258.055555555555,2031,Cycling ASAQ 4y - DHAPPQ 2y,#bebada,0,0.0,004
042-Cycling-4y-ASAQ-DHAPPQ,79,26886.277777777777,2031,Cycling ASAQ 4y - DHAPPQ 2y,#bebada,0,0.0,004
042-Cycling-4y-ASAQ-DHAPPQ,80,26804.944444444445,2031,Cycling ASAQ 4y - DHAPPQ 2y,#bebada,0,0.0,004
042-Cycling-4y-ASAQ-DHAPPQ,81,26623.555555555555,2031,Cycling ASAQ 4y - DHAPPQ 2y,#bebada,0,0.0,004
042-Cycling-4y-ASAQ-DHAPPQ,82,26587.777777777777,2031,Cycling ASAQ 4y - DHAPPQ 2y,#bebada,0,0.0,004
042-Cycling-4y-ASAQ-DHAPPQ,83,27509.666666666668,2031,Cycling ASAQ 4y - DHAPPQ 2y,#bebada,0,0.0,004
042-Cycling-4y-ASAQ-DHAPPQ,84,27680.055555555555,2031,Cycling ASAQ 4y - DHAPPQ 2y,#bebada,0,0.0,004
042-Cycling-4y-ASAQ-DHAPPQ,85,27007.666666666668,2031,Cycling ASAQ 4y - DHAPPQ 2y,#bebada,0,0.0,004
042-Cycling-4y-ASAQ-DHAPPQ,86,27028.777777777777,2031,Cycling ASAQ 4y - DHAPPQ 2y,#bebada,0,0.0,004
042-Cycling-4y-ASAQ-DHAPPQ,87,27408.444444444445,2031,Cycling ASAQ 4y - DHAPPQ 2y,#bebada,0,0.0,004
042-Cycling-4y-ASAQ-DHAPPQ,88,27737.944444444445,2031,Cycling ASAQ 4y - DHAPPQ 2y,#bebada,0,0.0,004
042-Cycling-4y-ASAQ-DHAPPQ,89,27251.11111111111,2031,Cycling ASAQ 4y - DHAPPQ 2y,#bebada,0,0.0,004
042-Cycling-4y-ASAQ-DHAPPQ,90,28375.38888888889,2031,Cycling ASAQ 4y - DHAPPQ 2y,#bebada,0,0.0,004
042-Cycling-4y-ASAQ-DHAPPQ,91,28016.38888888889,2031,Cycling ASAQ 4y - DHAPPQ 2y,#bebada,0,0.0,004
042-Cycling-4y-ASAQ-DHAPPQ,92,27856.11111111111,2031,Cycling ASAQ 4y - DHAPPQ 2y,#bebada,0,0.0,004
042-Cycling-4y-ASAQ-DHAPPQ,93,27578.166666666668,2031,Cycling ASAQ 4y - DHAPPQ 2y,#bebada,0,0.0,004
042-Cycling-4y-ASAQ-DHAPPQ,94,27855.0,2031,Cycling ASAQ 4y - DHAPPQ 2y,#bebada,0,0.0,004
042-Cycling-4y-ASAQ-DHAPPQ,95,27114.38888888889,2031,Cycling ASAQ 4y - DHAPPQ 2y,#bebada,0,0.0,004
042-Cycling-4y-ASAQ-DHAPPQ,96,27027.444444444445,2031,Cycling ASAQ 4y - DHAPPQ 2y,#bebada,0,0.0,004
042-Cycling-4y-ASAQ-DHAPPQ,97,27394.61111111111,2031,Cycling ASAQ 4y - DHAPPQ 2y,#bebada,0,0.0,004
042-Cycling-4y-ASAQ-DHAPPQ,98,27680.5,2031,Cycling ASAQ 4y - DHAPPQ 2y,#bebada,0,0.0,004
042-Cycling-4y-ASAQ-DHAPPQ,99,27481.722222222223,2031,Cycling ASAQ 4y - DHAPPQ 2y,#bebada,0,0.0,004
043-Cycling-4y-DHAPPQ-AL,0,37362.61111111111,2031,Cycling DHAPPQ 4y - AL 2y,#bebada,0,33.0,004
043-Cycling-4y-DHAPPQ-AL,1,35861.833333333336,2031,Cycling DHAPPQ 4y - AL 2y,#bebada,0,33.0,004
043-Cycling-4y-DHAPPQ-AL,2,35643.055555555555,2031,Cycling DHAPPQ 4y - AL 2y,#bebada,0,33.0,004
043-Cycling-4y-DHAPPQ-AL,3,37542.77777777778,2031,Cycling DHAPPQ 4y - AL 2y,#bebada,0,33.0,004
043-Cycling-4y-DHAPPQ-AL,4,37566.27777777778,2031,Cycling DHAPPQ 4y - AL 2y,#bebada,0,33.0,004
043-Cycling-4y-DHAPPQ-AL,5,36380.166666666664,2031,Cycling DHAPPQ 4y - AL 2y,#bebada,0,33.0,004
043-Cycling-4y-DHAPPQ-AL,6,37202.27777777778,2031,Cycling DHAPPQ 4y - AL 2y,#bebada,0,33.0,004
043-Cycling-4y-DHAPPQ-AL,7,39093.88888888889,2031,Cycling DHAPPQ 4y - AL 2y,#bebada,0,33.0,004
043-Cycling-4y-DHAPPQ-AL,8,41880.666666666664,2031,Cycling DHAPPQ 4y - AL 2y,#bebada,0,33.0,004
043-Cycling-4y-DHAPPQ-AL,9,37330.22222222222,2031,Cycling DHAPPQ 4y - AL 2y,#bebada,0,33.0,004
043-Cycling-4y-DHAPPQ-AL,10,36443.22222222222,2031,Cycling DHAPPQ 4y - AL 2y,#bebada,0,33.0,004
043-Cycling-4y-DHAPPQ-AL,11,41271.38888888889,2031,Cycling DHAPPQ 4y - AL 2y,#bebada,0,33.0,004
043-Cycling-4y-DHAPPQ-AL,12,36012.333333333336,2031,Cycling DHAPPQ 4y - AL 2y,#bebada,0,33.0,004
043-Cycling-4y-DHAPPQ-AL,13,38111.666666666664,2031,Cycling DHAPPQ 4y - AL 2y,#bebada,0,33.0,004
043-Cycling-4y-DHAPPQ-AL,14,38220.666666666664,2031,Cycling DHAPPQ 4y - AL 2y,#bebada,0,33.0,004
043-Cycling-4y-DHAPPQ-AL,15,37155.88888888889,2031,Cycling DHAPPQ 4y - AL 2y,#bebada,0,33.0,004
043-Cycling-4y-DHAPPQ-AL,16,36471.444444444445,2031,Cycling DHAPPQ 4y - AL 2y,#bebada,0,33.0,004
043-Cycling-4y-DHAPPQ-AL,17,37539.27777777778,2031,Cycling DHAPPQ 4y - AL 2y,#bebada,0,33.0,004
043-Cycling-4y-DHAPPQ-AL,18,38715.666666666664,2031,Cycling DHAPPQ 4y - AL 2y,#bebada,0,33.0,004
043-Cycling-4y-DHAPPQ-AL,19,36940.944444444445,2031,Cycling DHAPPQ 4y - AL 2y,#bebada,0,33.0,004
043-Cycling-4y-DHAPPQ-AL,20,37873.555555555555,2031,Cycling DHAPPQ 4y - AL 2y,#bebada,0,33.0,004
043-Cycling-4y-DHAPPQ-AL,21,38087.833333333336,2031,Cycling DHAPPQ 4y - AL 2y,#bebada,0,33.0,004
043-Cycling-4y-DHAPPQ-AL,22,36484.22222222222,2031,Cycling DHAPPQ 4y - AL 2y,#bebada,0,33.0,004
043-Cycling-4y-DHAPPQ-AL,23,37516.0,2031,Cycling DHAPPQ 4y - AL 2y,#bebada,0,33.0,004
043-Cycling-4y-DHAPPQ-AL,24,37260.166666666664,2031,Cycling DHAPPQ 4y - AL 2y,#bebada,0,33.0,004
043-Cycling-4y-DHAPPQ-AL,25,37114.11111111111,2031,Cycling DHAPPQ 4y - AL 2y,#bebada,0,33.0,004
043-Cycling-4y-DHAPPQ-AL,26,38185.333333333336,2031,Cycling DHAPPQ 4y - AL 2y,#bebada,0,33.0,004
043-Cycling-4y-DHAPPQ-AL,27,40102.333333333336,2031,Cycling DHAPPQ 4y - AL 2y,#bebada,0,33.0,004
043-Cycling-4y-DHAPPQ-AL,28,37455.38888888889,2031,Cycling DHAPPQ 4y - AL 2y,#bebada,0,33.0,004
043-Cycling-4y-DHAPPQ-AL,29,38054.88888888889,2031,Cycling DHAPPQ 4y - AL 2y,#bebada,0,33.0,004
043-Cycling-4y-DHAPPQ-AL,30,36441.5,2031,Cycling DHAPPQ 4y - AL 2y,#bebada,0,33.0,004
043-Cycling-4y-DHAPPQ-AL,31,38630.444444444445,2031,Cycling DHAPPQ 4y - AL 2y,#bebada,0,33.0,004
043-Cycling-4y-DHAPPQ-AL,32,38282.166666666664,2031,Cycling DHAPPQ 4y - AL 2y,#bebada,0,33.0,004
043-Cycling-4y-DHAPPQ-AL,33,38899.27777777778,2031,Cycling DHAPPQ 4y - AL 2y,#bebada,0,33.0,004
043-Cycling-4y-DHAPPQ-AL,34,38386.0,2031,Cycling DHAPPQ 4y - AL 2y,#bebada,0,33.0,004
043-Cycling-4y-DHAPPQ-AL,35,37729.166666666664,2031,Cycling DHAPPQ 4y - AL 2y,#bebada,0,33.0,004
043-Cycling-4y-DHAPPQ-AL,36,38517.61111111111,2031,Cycling DHAPPQ 4y - AL 2y,#bebada,0,33.0,004
043-Cycling-4y-DHAPPQ-AL,37,38416.833333333336,2031,Cycling DHAPPQ 4y - AL 2y,#bebada,0,33.0,004
043-Cycling-4y-DHAPPQ-AL,38,36850.77777777778,2031,Cycling DHAPPQ 4y - AL 2y,#bebada,0,33.0,004
043-Cycling-4y-DHAPPQ-AL,39,35828.77777777778,2031,Cycling DHAPPQ 4y - AL 2y,#bebada,0,33.0,004
043-Cycling-4y-DHAPPQ-AL,40,37031.555555555555,2031,Cycling DHAPPQ 4y - AL 2y,#bebada,0,33.0,004
043-Cycling-4y-DHAPPQ-AL,41,37154.0,2031,Cycling DHAPPQ 4y - AL 2y,#bebada,0,33.0,004
043-Cycling-4y-DHAPPQ-AL,42,38469.61111111111,2031,Cycling DHAPPQ 4y - AL 2y,#bebada,0,33.0,004
043-Cycling-4y-DHAPPQ-AL,43,38344.0,2031,Cycling DHAPPQ 4y - AL 2y,#bebada,0,33.0,004
043-Cycling-4y-DHAPPQ-AL,44,39904.72222222222,2031,Cycling DHAPPQ 4y - AL 2y,#bebada,0,33.0,004
043-Cycling-4y-DHAPPQ-AL,45,35837.61111111111,2031,Cycling DHAPPQ 4y - AL 2y,#bebada,0,33.0,004
043-Cycling-4y-DHAPPQ-AL,46,38411.61111111111,2031,Cycling DHAPPQ 4y - AL 2y,#bebada,0,33.0,004
043-Cycling-4y-DHAPPQ-AL,47,38551.72222222222,2031,Cycling DHAPPQ 4y - AL 2y,#bebada,0,33.0,004
043-Cycling-4y-DHAPPQ-AL,48,35889.38888888889,2031,Cycling DHAPPQ 4y - AL 2y,#bebada,0,33.0,004
043-Cycling-4y-DHAPPQ-AL,49,37697.88888888889,2031,Cycling DHAPPQ 4y - AL 2y,#bebada,0,33.0,004
043-Cycling-4y-DHAPPQ-AL,50,38757.444444444445,2031,Cycling DHAPPQ 4y - AL 2y,#bebada,0,33.0,004
043-Cycling-4y-DHAPPQ-AL,51,38485.22222222222,2031,Cycling DHAPPQ 4y - AL 2y,#bebada,0,33.0,004
043-Cycling-4y-DHAPPQ-AL,52,39231.61111111111,2031,Cycling DHAPPQ 4y - AL 2y,#bebada,0,33.0,004
043-Cycling-4y-DHAPPQ-AL,53,37316.944444444445,2031,Cycling DHAPPQ 4y - AL 2y,#bebada,0,33.0,004
043-Cycling-4y-DHAPPQ-AL,54,38068.61111111111,2031,Cycling DHAPPQ 4y - AL 2y,#bebada,0,33.0,004
043-Cycling-4y-DHAPPQ-AL,55,37373.38888888889,2031,Cycling DHAPPQ 4y - AL 2y,#bebada,0,33.0,004
043-Cycling-4y-DHAPPQ-AL,56,38808.72222222222,2031,Cycling DHAPPQ 4y - AL 2y,#bebada,0,33.0,004
043-Cycling-4y-DHAPPQ-AL,57,36539.77777777778,2031,Cycling DHAPPQ 4y - AL 2y,#bebada,0,33.0,004
043-Cycling-4y-DHAPPQ-AL,58,39805.72222222222,2031,Cycling DHAPPQ 4y - AL 2y,#bebada,0,33.0,004
043-Cycling-4y-DHAPPQ-AL,59,39128.5,2031,Cycling DHAPPQ 4y - AL 2y,#bebada,0,33.0,004
043-Cycling-4y-DHAPPQ-AL,60,36619.88888888889,2031,Cycling DHAPPQ 4y - AL 2y,#bebada,0,33.0,004
043-Cycling-4y-DHAPPQ-AL,61,38051.38888888889,2031,Cycling DHAPPQ 4y - AL 2y,#bebada,0,33.0,004
043-Cycling-4y-DHAPPQ-AL,62,38284.055555555555,2031,Cycling DHAPPQ 4y - AL 2y,#bebada,0,33.0,004
043-Cycling-4y-DHAPPQ-AL,63,37461.0,2031,Cycling DHAPPQ 4y - AL 2y,#bebada,0,33.0,004
043-Cycling-4y-DHAPPQ-AL,64,37488.22222222222,2031,Cycling DHAPPQ 4y - AL 2y,#bebada,0,33.0,004
043-Cycling-4y-DHAPPQ-AL,65,38786.444444444445,2031,Cycling DHAPPQ 4y - AL 2y,#bebada,0,33.0,004
043-Cycling-4y-DHAPPQ-AL,66,37329.38888888889,2031,Cycling DHAPPQ 4y - AL 2y,#bebada,0,33.0,004
043-Cycling-4y-DHAPPQ-AL,67,38861.61111111111,2031,Cycling DHAPPQ 4y - AL 2y,#bebada,0,33.0,004
043-Cycling-4y-DHAPPQ-AL,68,37059.0,2031,Cycling DHAPPQ 4y - AL 2y,#bebada,0,33.0,004
043-Cycling-4y-DHAPPQ-AL,69,38446.944444444445,2031,Cycling DHAPPQ 4y - AL 2y,#bebada,0,33.0,004
043-Cycling-4y-DHAPPQ-AL,70,36030.333333333336,2031,Cycling DHAPPQ 4y - AL 2y,#bebada,0,33.0,004
043-Cycling-4y-DHAPPQ-AL,71,38681.88888888889,2031,Cycling DHAPPQ 4y - AL 2y,#bebada,0,33.0,004
043-Cycling-4y-DHAPPQ-AL,72,37115.333333333336,2031,Cycling DHAPPQ 4y - AL 2y,#bebada,0,33.0,004
043-Cycling-4y-DHAPPQ-AL,73,38215.88888888889,2031,Cycling DHAPPQ 4y - AL 2y,#bebada,0,33.0,004
043-Cycling-4y-DHAPPQ-AL,74,36640.833333333336,2031,Cycling DHAPPQ 4y - AL 2y,#bebada,0,33.0,004
043-Cycling-4y-DHAPPQ-AL,75,36746.38888888889,2031,Cycling DHAPPQ 4y - AL 2y,#bebada,0,33.0,004
043-Cycling-4y-DHAPPQ-AL,76,37357.055555555555,2031,Cycling DHAPPQ 4y - AL 2y,#bebada,0,33.0,004
043-Cycling-4y-DHAPPQ-AL,77,36959.555555555555,2031,Cycling DHAPPQ 4y - AL 2y,#bebada,0,33.0,004
043-Cycling-4y-DHAPPQ-AL,78,38244.166666666664,2031,Cycling DHAPPQ 4y - AL 2y,#bebada,0,33.0,004
043-Cycling-4y-DHAPPQ-AL,79,36830.0,2031,Cycling DHAPPQ 4y - AL 2y,#bebada,0,33.0,004
043-Cycling-4y-DHAPPQ-AL,80,38056.444444444445,2031,Cycling DHAPPQ 4y - AL 2y,#bebada,0,33.0,004
043-Cycling-4y-DHAPPQ-AL,81,37617.27777777778,2031,Cycling DHAPPQ 4y - AL 2y,#bebada,0,33.0,004
043-Cycling-4y-DHAPPQ-AL,82,36252.61111111111,2031,Cycling DHAPPQ 4y - AL 2y,#bebada,0,33.0,004
043-Cycling-4y-DHAPPQ-AL,83,36867.333333333336,2031,Cycling DHAPPQ 4y - AL 2y,#bebada,0,33.0,004
043-Cycling-4y-DHAPPQ-AL,84,36393.444444444445,2031,Cycling DHAPPQ 4y - AL 2y,#bebada,0,33.0,004
043-Cycling-4y-DHAPPQ-AL,85,36870.166666666664,2031,Cycling DHAPPQ 4y - AL 2y,#bebada,0,33.0,004
043-Cycling-4y-DHAPPQ-AL,86,37655.61111111111,2031,Cycling DHAPPQ 4y - AL 2y,#bebada,0,33.0,004
043-Cycling-4y-DHAPPQ-AL,87,42581.5,2031,Cycling DHAPPQ 4y - AL 2y,#bebada,0,33.0,004
043-Cycling-4y-DHAPPQ-AL,88,36405.333333333336,2031,Cycling DHAPPQ 4y - AL 2y,#bebada,0,33.0,004
043-Cycling-4y-DHAPPQ-AL,89,39495.22222222222,2031,Cycling DHAPPQ 4y - AL 2y,#bebada,0,33.0,004
043-Cycling-4y-DHAPPQ-AL,90,38472.38888888889,2031,Cycling DHAPPQ 4y - AL 2y,#bebada,0,33.0,004
043-Cycling-4y-DHAPPQ-AL,91,37733.5,2031,Cycling DHAPPQ 4y - AL 2y,#bebada,0,33.0,004
043-Cycling-4y-DHAPPQ-AL,92,37412.88888888889,2031,Cycling DHAPPQ 4y - AL 2y,#bebada,0,33.0,004
043-Cycling-4y-DHAPPQ-AL,93,36350.444444444445,2031,Cycling DHAPPQ 4y - AL 2y,#bebada,0,33.0,004
043-Cycling-4y-DHAPPQ-AL,94,38405.944444444445,2031,Cycling DHAPPQ 4y - AL 2y,#bebada,0,33.0,004
043-Cycling-4y-DHAPPQ-AL,95,37116.77777777778,2031,Cycling DHAPPQ 4y - AL 2y,#bebada,0,33.0,004
043-Cycling-4y-DHAPPQ-AL,96,37093.833333333336,2031,Cycling DHAPPQ 4y - AL 2y,#bebada,0,33.0,004
043-Cycling-4y-DHAPPQ-AL,97,37596.555555555555,2031,Cycling DHAPPQ 4y - AL 2y,#bebada,0,33.0,004
043-Cycling-4y-DHAPPQ-AL,98,37672.5,2031,Cycling DHAPPQ 4y - AL 2y,#bebada,0,33.0,004
043-Cycling-4y-DHAPPQ-AL,99,38405.77777777778,2031,Cycling DHAPPQ 4y - AL 2y,#bebada,0,33.0,004
044-Cycling-4y-DHAPPQ-ASAQ,0,30225.722222222223,2031,Cycling 4y DHAPPQ - ASAQ,#bebada,0,0.0,004
044-Cycling-4y-DHAPPQ-ASAQ,1,31092.38888888889,2031,Cycling 4y DHAPPQ - ASAQ,#bebada,0,0.0,004
044-Cycling-4y-DHAPPQ-ASAQ,2,30467.61111111111,2031,Cycling 4y DHAPPQ - ASAQ,#bebada,0,0.0,004
044-Cycling-4y-DHAPPQ-ASAQ,3,29204.0,2031,Cycling 4y DHAPPQ - ASAQ,#bebada,0,0.0,004
044-Cycling-4y-DHAPPQ-ASAQ,4,30104.555555555555,2031,Cycling 4y DHAPPQ - ASAQ,#bebada,0,0.0,004
044-Cycling-4y-DHAPPQ-ASAQ,5,29990.38888888889,2031,Cycling 4y DHAPPQ - ASAQ,#bebada,0,0.0,004
044-Cycling-4y-DHAPPQ-ASAQ,6,32339.277777777777,2031,Cycling 4y DHAPPQ - ASAQ,#bebada,0,0.0,004
044-Cycling-4y-DHAPPQ-ASAQ,7,30557.666666666668,2031,Cycling 4y DHAPPQ - ASAQ,#bebada,0,0.0,004
044-Cycling-4y-DHAPPQ-ASAQ,8,31889.722222222223,2031,Cycling 4y DHAPPQ - ASAQ,#bebada,0,0.0,004
044-Cycling-4y-DHAPPQ-ASAQ,9,31282.055555555555,2031,Cycling 4y DHAPPQ - ASAQ,#bebada,0,0.0,004
044-Cycling-4y-DHAPPQ-ASAQ,10,30071.38888888889,2031,Cycling 4y DHAPPQ - ASAQ,#bebada,0,0.0,004
044-Cycling-4y-DHAPPQ-ASAQ,11,31454.777777777777,2031,Cycling 4y DHAPPQ - ASAQ,#bebada,0,0.0,004
044-Cycling-4y-DHAPPQ-ASAQ,12,29861.777777777777,2031,Cycling 4y DHAPPQ - ASAQ,#bebada,0,0.0,004
044-Cycling-4y-DHAPPQ-ASAQ,13,30308.444444444445,2031,Cycling 4y DHAPPQ - ASAQ,#bebada,0,0.0,004
044-Cycling-4y-DHAPPQ-ASAQ,14,30416.666666666668,2031,Cycling 4y DHAPPQ - ASAQ,#bebada,0,0.0,004
044-Cycling-4y-DHAPPQ-ASAQ,15,30425.444444444445,2031,Cycling 4y DHAPPQ - ASAQ,#bebada,0,0.0,004
044-Cycling-4y-DHAPPQ-ASAQ,16,31128.555555555555,2031,Cycling 4y DHAPPQ - ASAQ,#bebada,0,0.0,004
044-Cycling-4y-DHAPPQ-ASAQ,17,30591.61111111111,2031,Cycling 4y DHAPPQ - ASAQ,#bebada,0,0.0,004
044-Cycling-4y-DHAPPQ-ASAQ,18,30125.333333333332,2031,Cycling 4y DHAPPQ - ASAQ,#bebada,0,0.0,004
044-Cycling-4y-DHAPPQ-ASAQ,19,30011.777777777777,2031,Cycling 4y DHAPPQ - ASAQ,#bebada,0,0.0,004
044-Cycling-4y-DHAPPQ-ASAQ,20,31031.0,2031,Cycling 4y DHAPPQ - ASAQ,#bebada,0,0.0,004
044-Cycling-4y-DHAPPQ-ASAQ,21,31042.88888888889,2031,Cycling 4y DHAPPQ - ASAQ,#bebada,0,0.0,004
044-Cycling-4y-DHAPPQ-ASAQ,22,33343.77777777778,2031,Cycling 4y DHAPPQ - ASAQ,#bebada,0,0.0,004
044-Cycling-4y-DHAPPQ-ASAQ,23,30958.666666666668,2031,Cycling 4y DHAPPQ - ASAQ,#bebada,0,0.0,004
044-Cycling-4y-DHAPPQ-ASAQ,24,31199.0,2031,Cycling 4y DHAPPQ - ASAQ,#bebada,0,0.0,004
044-Cycling-4y-DHAPPQ-ASAQ,25,29280.333333333332,2031,Cycling 4y DHAPPQ - ASAQ,#bebada,0,0.0,004
044-Cycling-4y-DHAPPQ-ASAQ,26,31848.555555555555,2031,Cycling 4y DHAPPQ - ASAQ,#bebada,0,0.0,004
044-Cycling-4y-DHAPPQ-ASAQ,27,31711.777777777777,2031,Cycling 4y DHAPPQ - ASAQ,#bebada,0,0.0,004
044-Cycling-4y-DHAPPQ-ASAQ,28,29599.944444444445,2031,Cycling 4y DHAPPQ - ASAQ,#bebada,0,0.0,004
044-Cycling-4y-DHAPPQ-ASAQ,29,30188.944444444445,2031,Cycling 4y DHAPPQ - ASAQ,#bebada,0,0.0,004
044-Cycling-4y-DHAPPQ-ASAQ,30,30525.61111111111,2031,Cycling 4y DHAPPQ - ASAQ,#bebada,0,0.0,004
044-Cycling-4y-DHAPPQ-ASAQ,31,30514.61111111111,2031,Cycling 4y DHAPPQ - ASAQ,#bebada,0,0.0,004
044-Cycling-4y-DHAPPQ-ASAQ,32,30492.777777777777,2031,Cycling 4y DHAPPQ - ASAQ,#bebada,0,0.0,004
044-Cycling-4y-DHAPPQ-ASAQ,33,30406.666666666668,2031,Cycling 4y DHAPPQ - ASAQ,#bebada,0,0.0,004
044-Cycling-4y-DHAPPQ-ASAQ,34,30480.222222222223,2031,Cycling 4y DHAPPQ - ASAQ,#bebada,0,0.0,004
044-Cycling-4y-DHAPPQ-ASAQ,35,31880.333333333332,2031,Cycling 4y DHAPPQ - ASAQ,#bebada,0,0.0,004
044-Cycling-4y-DHAPPQ-ASAQ,36,31808.222222222223,2031,Cycling 4y DHAPPQ - ASAQ,#bebada,0,0.0,004
044-Cycling-4y-DHAPPQ-ASAQ,37,31534.555555555555,2031,Cycling 4y DHAPPQ - ASAQ,#bebada,0,0.0,004
044-Cycling-4y-DHAPPQ-ASAQ,38,30412.5,2031,Cycling 4y DHAPPQ - ASAQ,#bebada,0,0.0,004
044-Cycling-4y-DHAPPQ-ASAQ,39,30644.61111111111,2031,Cycling 4y DHAPPQ - ASAQ,#bebada,0,0.0,004
044-Cycling-4y-DHAPPQ-ASAQ,40,30486.944444444445,2031,Cycling 4y DHAPPQ - ASAQ,#bebada,0,0.0,004
044-Cycling-4y-DHAPPQ-ASAQ,41,31516.11111111111,2031,Cycling 4y DHAPPQ - ASAQ,#bebada,0,0.0,004
044-Cycling-4y-DHAPPQ-ASAQ,42,31867.833333333332,2031,Cycling 4y DHAPPQ - ASAQ,#bebada,0,0.0,004
044-Cycling-4y-DHAPPQ-ASAQ,43,30130.0,2031,Cycling 4y DHAPPQ - ASAQ,#bebada,0,0.0,004
044-Cycling-4y-DHAPPQ-ASAQ,44,31006.944444444445,2031,Cycling 4y DHAPPQ - ASAQ,#bebada,0,0.0,004
044-Cycling-4y-DHAPPQ-ASAQ,45,30782.88888888889,2031,Cycling 4y DHAPPQ - ASAQ,#bebada,0,0.0,004
044-Cycling-4y-DHAPPQ-ASAQ,46,30795.333333333332,2031,Cycling 4y DHAPPQ - ASAQ,#bebada,0,0.0,004
044-Cycling-4y-DHAPPQ-ASAQ,47,31085.5,2031,Cycling 4y DHAPPQ - ASAQ,#bebada,0,0.0,004
044-Cycling-4y-DHAPPQ-ASAQ,48,32038.0,2031,Cycling 4y DHAPPQ - ASAQ,#bebada,0,0.0,004
044-Cycling-4y-DHAPPQ-ASAQ,49,32203.5,2031,Cycling 4y DHAPPQ - ASAQ,#bebada,0,0.0,004
044-Cycling-4y-DHAPPQ-ASAQ,50,30793.166666666668,2031,Cycling 4y DHAPPQ - ASAQ,#bebada,0,0.0,004
044-Cycling-4y-DHAPPQ-ASAQ,51,29350.0,2031,Cycling 4y DHAPPQ - ASAQ,#bebada,0,0.0,004
044-Cycling-4y-DHAPPQ-ASAQ,52,31644.333333333332,2031,Cycling 4y DHAPPQ - ASAQ,#bebada,0,0.0,004
044-Cycling-4y-DHAPPQ-ASAQ,53,30383.333333333332,2031,Cycling 4y DHAPPQ - ASAQ,#bebada,0,0.0,004
044-Cycling-4y-DHAPPQ-ASAQ,54,30652.222222222223,2031,Cycling 4y DHAPPQ - ASAQ,#bebada,0,0.0,004
044-Cycling-4y-DHAPPQ-ASAQ,55,30536.61111111111,2031,Cycling 4y DHAPPQ - ASAQ,#bebada,0,0.0,004
044-Cycling-4y-DHAPPQ-ASAQ,56,30455.166666666668,2031,Cycling 4y DHAPPQ - ASAQ,#bebada,0,0.0,004
044-Cycling-4y-DHAPPQ-ASAQ,57,29641.722222222223,2031,Cycling 4y DHAPPQ - ASAQ,#bebada,0,0.0,004
044-Cycling-4y-DHAPPQ-ASAQ,58,31019.333333333332,2031,Cycling 4y DHAPPQ - ASAQ,#bebada,0,0.0,004
044-Cycling-4y-DHAPPQ-ASAQ,59,31041.055555555555,2031,Cycling 4y DHAPPQ - ASAQ,#bebada,0,0.0,004
044-Cycling-4y-DHAPPQ-ASAQ,60,30841.555555555555,2031,Cycling 4y DHAPPQ - ASAQ,#bebada,0,0.0,004
044-Cycling-4y-DHAPPQ-ASAQ,61,31917.555555555555,2031,Cycling 4y DHAPPQ - ASAQ,#bebada,0,0.0,004
044-Cycling-4y-DHAPPQ-ASAQ,62,31172.055555555555,2031,Cycling 4y DHAPPQ - ASAQ,#bebada,0,0.0,004
044-Cycling-4y-DHAPPQ-ASAQ,63,31685.88888888889,2031,Cycling 4y DHAPPQ - ASAQ,#bebada,0,0.0,004
044-Cycling-4y-DHAPPQ-ASAQ,64,30438.0,2031,Cycling 4y DHAPPQ - ASAQ,#bebada,0,0.0,004
044-Cycling-4y-DHAPPQ-ASAQ,65,31915.666666666668,2031,Cycling 4y DHAPPQ - ASAQ,#bebada,0,0.0,004
044-Cycling-4y-DHAPPQ-ASAQ,66,31460.5,2031,Cycling 4y DHAPPQ - ASAQ,#bebada,0,0.0,004
044-Cycling-4y-DHAPPQ-ASAQ,67,30195.0,2031,Cycling 4y DHAPPQ - ASAQ,#bebada,0,0.0,004
044-Cycling-4y-DHAPPQ-ASAQ,68,31353.88888888889,2031,Cycling 4y DHAPPQ - ASAQ,#bebada,0,0.0,004
044-Cycling-4y-DHAPPQ-ASAQ,69,31144.61111111111,2031,Cycling 4y DHAPPQ - ASAQ,#bebada,0,0.0,004
044-Cycling-4y-DHAPPQ-ASAQ,70,31486.38888888889,2031,Cycling 4y DHAPPQ - ASAQ,#bebada,0,0.0,004
044-Cycling-4y-DHAPPQ-ASAQ,71,31173.11111111111,2031,Cycling 4y DHAPPQ - ASAQ,#bebada,0,0.0,004
044-Cycling-4y-DHAPPQ-ASAQ,72,30942.222222222223,2031,Cycling 4y DHAPPQ - ASAQ,#bebada,0,0.0,004
044-Cycling-4y-DHAPPQ-ASAQ,73,30439.11111111111,2031,Cycling 4y DHAPPQ - ASAQ,#bebada,0,0.0,004
044-Cycling-4y-DHAPPQ-ASAQ,74,30999.666666666668,2031,Cycling 4y DHAPPQ - ASAQ,#bebada,0,0.0,004
044-Cycling-4y-DHAPPQ-ASAQ,75,32155.0,2031,Cycling 4y DHAPPQ - ASAQ,#bebada,0,0.0,004
044-Cycling-4y-DHAPPQ-ASAQ,76,30050.277777777777,2031,Cycling 4y DHAPPQ - ASAQ,#bebada,0,0.0,004
044-Cycling-4y-DHAPPQ-ASAQ,77,29544.944444444445,2031,Cycling 4y DHAPPQ - ASAQ,#bebada,0,0.0,004
044-Cycling-4y-DHAPPQ-ASAQ,78,31533.5,2031,Cycling 4y DHAPPQ - ASAQ,#bebada,0,0.0,004
044-Cycling-4y-DHAPPQ-ASAQ,79,31128.722222222223,2031,Cycling 4y DHAPPQ - ASAQ,#bebada,0,0.0,004
044-Cycling-4y-DHAPPQ-ASAQ,80,30116.055555555555,2031,Cycling 4y DHAPPQ - ASAQ,#bebada,0,0.0,004
044-Cycling-4y-DHAPPQ-ASAQ,81,30834.38888888889,2031,Cycling 4y DHAPPQ - ASAQ,#bebada,0,0.0,004
044-Cycling-4y-DHAPPQ-ASAQ,82,31057.055555555555,2031,Cycling 4y DHAPPQ - ASAQ,#bebada,0,0.0,004
044-Cycling-4y-DHAPPQ-ASAQ,83,31872.444444444445,2031,Cycling 4y DHAPPQ - ASAQ,#bebada,0,0.0,004
044-Cycling-4y-DHAPPQ-ASAQ,84,29216.722222222223,2031,Cycling 4y DHAPPQ - ASAQ,#bebada,0,0.0,004
044-Cycling-4y-DHAPPQ-ASAQ,85,30214.11111111111,2031,Cycling 4y DHAPPQ - ASAQ,#bebada,0,0.0,004
044-Cycling-4y-DHAPPQ-ASAQ,86,32022.944444444445,2031,Cycling 4y DHAPPQ - ASAQ,#bebada,0,0.0,004
044-Cycling-4y-DHAPPQ-ASAQ,87,31100.61111111111,2031,Cycling 4y DHAPPQ - ASAQ,#bebada,0,0.0,004
044-Cycling-4y-DHAPPQ-ASAQ,88,30944.0,2031,Cycling 4y DHAPPQ - ASAQ,#bebada,0,0.0,004
044-Cycling-4y-DHAPPQ-ASAQ,89,31458.88888888889,2031,Cycling 4y DHAPPQ - ASAQ,#bebada,0,0.0,004
044-Cycling-4y-DHAPPQ-ASAQ,90,30996.777777777777,2031,Cycling 4y DHAPPQ - ASAQ,#bebada,0,0.0,004
044-Cycling-4y-DHAPPQ-ASAQ,91,29588.222222222223,2031,Cycling 4y DHAPPQ - ASAQ,#bebada,0,0.0,004
044-Cycling-4y-DHAPPQ-ASAQ,92,30728.277777777777,2031,Cycling 4y DHAPPQ - ASAQ,#bebada,0,0.0,004
044-Cycling-4y-DHAPPQ-ASAQ,93,29335.38888888889,2031,Cycling 4y DHAPPQ - ASAQ,#bebada,0,0.0,004
044-Cycling-4y-DHAPPQ-ASAQ,94,30466.88888888889,2031,Cycling 4y DHAPPQ - ASAQ,#bebada,0,0.0,004
044-Cycling-4y-DHAPPQ-ASAQ,95,31270.0,2031,Cycling 4y DHAPPQ - ASAQ,#bebada,0,0.0,004
044-Cycling-4y-DHAPPQ-ASAQ,96,30729.277777777777,2031,Cycling 4y DHAPPQ - ASAQ,#bebada,0,0.0,004
044-Cycling-4y-DHAPPQ-ASAQ,97,31002.5,2031,Cycling 4y DHAPPQ - ASAQ,#bebada,0,0.0,004
044-Cycling-4y-DHAPPQ-ASAQ,98,30522.88888888889,2031,Cycling 4y DHAPPQ - ASAQ,#bebada,0,0.0,004
044-Cycling-4y-DHAPPQ-ASAQ,99,31694.38888888889,2031,Cycling 4y DHAPPQ - ASAQ,#bebada,0,0.0,004
051-mft-AL25-ASAQ75,0,31251.777777777777,2031,MFT AL 25% - ASAQ 75%,#fb8072,0,25.0,004
051-mft-AL25-ASAQ75,1,31758.88888888889,2031,MFT AL 25% - ASAQ 75%,#fb8072,0,25.0,004
051-mft-AL25-ASAQ75,2,32458.666666666668,2031,MFT AL 25% - ASAQ 75%,#fb8072,0,25.0,004
051-mft-AL25-ASAQ75,3,31433.5,2031,MFT AL 25% - ASAQ 75%,#fb8072,0,25.0,004
051-mft-AL25-ASAQ75,4,33034.833333333336,2031,MFT AL 25% - ASAQ 75%,#fb8072,0,25.0,004
051-mft-AL25-ASAQ75,5,31027.722222222223,2031,MFT AL 25% - ASAQ 75%,#fb8072,0,25.0,004
051-mft-AL25-ASAQ75,6,32717.5,2031,MFT AL 25% - ASAQ 75%,#fb8072,0,25.0,004
051-mft-AL25-ASAQ75,7,31457.277777777777,2031,MFT AL 25% - ASAQ 75%,#fb8072,0,25.0,004
051-mft-AL25-ASAQ75,8,31126.722222222223,2031,MFT AL 25% - ASAQ 75%,#fb8072,0,25.0,004
051-mft-AL25-ASAQ75,9,32299.11111111111,2031,MFT AL 25% - ASAQ 75%,#fb8072,0,25.0,004
051-mft-AL25-ASAQ75,10,30915.0,2031,MFT AL 25% - ASAQ 75%,#fb8072,0,25.0,004
051-mft-AL25-ASAQ75,11,31288.277777777777,2031,MFT AL 25% - ASAQ 75%,#fb8072,0,25.0,004
051-mft-AL25-ASAQ75,12,31031.444444444445,2031,MFT AL 25% - ASAQ 75%,#fb8072,0,25.0,004
051-mft-AL25-ASAQ75,13,30941.88888888889,2031,MFT AL 25% - ASAQ 75%,#fb8072,0,25.0,004
051-mft-AL25-ASAQ75,14,31279.944444444445,2031,MFT AL 25% - ASAQ 75%,#fb8072,0,25.0,004
051-mft-AL25-ASAQ75,15,31541.333333333332,2031,MFT AL 25% - ASAQ 75%,#fb8072,0,25.0,004
051-mft-AL25-ASAQ75,16,32284.277777777777,2031,MFT AL 25% - ASAQ 75%,#fb8072,0,25.0,004
051-mft-AL25-ASAQ75,17,30659.0,2031,MFT AL 25% - ASAQ 75%,#fb8072,0,25.0,004
051-mft-AL25-ASAQ75,18,31410.777777777777,2031,MFT AL 25% - ASAQ 75%,#fb8072,0,25.0,004
051-mft-AL25-ASAQ75,19,31070.722222222223,2031,MFT AL 25% - ASAQ 75%,#fb8072,0,25.0,004
051-mft-AL25-ASAQ75,20,31240.944444444445,2031,MFT AL 25% - ASAQ 75%,#fb8072,0,25.0,004
051-mft-AL25-ASAQ75,21,31103.333333333332,2031,MFT AL 25% - ASAQ 75%,#fb8072,0,25.0,004
051-mft-AL25-ASAQ75,22,31312.444444444445,2031,MFT AL 25% - ASAQ 75%,#fb8072,0,25.0,004
051-mft-AL25-ASAQ75,23,31013.944444444445,2031,MFT AL 25% - ASAQ 75%,#fb8072,0,25.0,004
051-mft-AL25-ASAQ75,24,32037.277777777777,2031,MFT AL 25% - ASAQ 75%,#fb8072,0,25.0,004
051-mft-AL25-ASAQ75,25,31899.777777777777,2031,MFT AL 25% - ASAQ 75%,#fb8072,0,25.0,004
051-mft-AL25-ASAQ75,26,30861.38888888889,2031,MFT AL 25% - ASAQ 75%,#fb8072,0,25.0,004
051-mft-AL25-ASAQ75,27,31066.61111111111,2031,MFT AL 25% - ASAQ 75%,#fb8072,0,25.0,004
051-mft-AL25-ASAQ75,28,31701.666666666668,2031,MFT AL 25% - ASAQ 75%,#fb8072,0,25.0,004
051-mft-AL25-ASAQ75,29,30847.11111111111,2031,MFT AL 25% - ASAQ 75%,#fb8072,0,25.0,004
051-mft-AL25-ASAQ75,30,31496.944444444445,2031,MFT AL 25% - ASAQ 75%,#fb8072,0,25.0,004
051-mft-AL25-ASAQ75,31,31421.88888888889,2031,MFT AL 25% - ASAQ 75%,#fb8072,0,25.0,004
051-mft-AL25-ASAQ75,32,31163.5,2031,MFT AL 25% - ASAQ 75%,#fb8072,0,25.0,004
051-mft-AL25-ASAQ75,33,30535.88888888889,2031,MFT AL 25% - ASAQ 75%,#fb8072,0,25.0,004
051-mft-AL25-ASAQ75,34,31703.5,2031,MFT AL 25% - ASAQ 75%,#fb8072,0,25.0,004
051-mft-AL25-ASAQ75,35,32506.11111111111,2031,MFT AL 25% - ASAQ 75%,#fb8072,0,25.0,004
051-mft-AL25-ASAQ75,36,32142.944444444445,2031,MFT AL 25% - ASAQ 75%,#fb8072,0,25.0,004
051-mft-AL25-ASAQ75,37,31057.944444444445,2031,MFT AL 25% - ASAQ 75%,#fb8072,0,25.0,004
051-mft-AL25-ASAQ75,38,31166.222222222223,2031,MFT AL 25% - ASAQ 75%,#fb8072,0,25.0,004
051-mft-AL25-ASAQ75,39,31605.444444444445,2031,MFT AL 25% - ASAQ 75%,#fb8072,0,25.0,004
051-mft-AL25-ASAQ75,40,30990.444444444445,2031,MFT AL 25% - ASAQ 75%,#fb8072,0,25.0,004
051-mft-AL25-ASAQ75,41,32135.055555555555,2031,MFT AL 25% - ASAQ 75%,#fb8072,0,25.0,004
051-mft-AL25-ASAQ75,42,30797.38888888889,2031,MFT AL 25% - ASAQ 75%,#fb8072,0,25.0,004
051-mft-AL25-ASAQ75,43,32235.5,2031,MFT AL 25% - ASAQ 75%,#fb8072,0,25.0,004
051-mft-AL25-ASAQ75,44,31400.222222222223,2031,MFT AL 25% - ASAQ 75%,#fb8072,0,25.0,004
051-mft-AL25-ASAQ75,45,31228.333333333332,2031,MFT AL 25% - ASAQ 75%,#fb8072,0,25.0,004
051-mft-AL25-ASAQ75,46,31708.61111111111,2031,MFT AL 25% - ASAQ 75%,#fb8072,0,25.0,004
051-mft-AL25-ASAQ75,47,31365.777777777777,2031,MFT AL 25% - ASAQ 75%,#fb8072,0,25.0,004
051-mft-AL25-ASAQ75,48,31577.88888888889,2031,MFT AL 25% - ASAQ 75%,#fb8072,0,25.0,004
051-mft-AL25-ASAQ75,49,32934.22222222222,2031,MFT AL 25% - ASAQ 75%,#fb8072,0,25.0,004
051-mft-AL25-ASAQ75,50,32544.777777777777,2031,MFT AL 25% - ASAQ 75%,#fb8072,0,25.0,004
051-mft-AL25-ASAQ75,51,31347.277777777777,2031,MFT AL 25% - ASAQ 75%,#fb8072,0,25.0,004
051-mft-AL25-ASAQ75,52,32161.555555555555,2031,MFT AL 25% - ASAQ 75%,#fb8072,0,25.0,004
051-mft-AL25-ASAQ75,53,31577.88888888889,2031,MFT AL 25% - ASAQ 75%,#fb8072,0,25.0,004
051-mft-AL25-ASAQ75,54,30916.5,2031,MFT AL 25% - ASAQ 75%,#fb8072,0,25.0,004
051-mft-AL25-ASAQ75,55,30930.88888888889,2031,MFT AL 25% - ASAQ 75%,#fb8072,0,25.0,004
051-mft-AL25-ASAQ75,56,31057.88888888889,2031,MFT AL 25% - ASAQ 75%,#fb8072,0,25.0,004
051-mft-AL25-ASAQ75,57,31114.777777777777,2031,MFT AL 25% - ASAQ 75%,#fb8072,0,25.0,004
051-mft-AL25-ASAQ75,58,31467.833333333332,2031,MFT AL 25% - ASAQ 75%,#fb8072,0,25.0,004
051-mft-AL25-ASAQ75,59,31555.38888888889,2031,MFT AL 25% - ASAQ 75%,#fb8072,0,25.0,004
051-mft-AL25-ASAQ75,60,32409.5,2031,MFT AL 25% - ASAQ 75%,#fb8072,0,25.0,004
051-mft-AL25-ASAQ75,61,30649.444444444445,2031,MFT AL 25% - ASAQ 75%,#fb8072,0,25.0,004
051-mft-AL25-ASAQ75,62,31832.666666666668,2031,MFT AL 25% - ASAQ 75%,#fb8072,0,25.0,004
051-mft-AL25-ASAQ75,63,31334.38888888889,2031,MFT AL 25% - ASAQ 75%,#fb8072,0,25.0,004
051-mft-AL25-ASAQ75,64,32070.444444444445,2031,MFT AL 25% - ASAQ 75%,#fb8072,0,25.0,004
051-mft-AL25-ASAQ75,65,31561.88888888889,2031,MFT AL 25% - ASAQ 75%,#fb8072,0,25.0,004
051-mft-AL25-ASAQ75,66,32321.944444444445,2031,MFT AL 25% - ASAQ 75%,#fb8072,0,25.0,004
051-mft-AL25-ASAQ75,67,31816.666666666668,2031,MFT AL 25% - ASAQ 75%,#fb8072,0,25.0,004
051-mft-AL25-ASAQ75,68,32397.055555555555,2031,MFT AL 25% - ASAQ 75%,#fb8072,0,25.0,004
051-mft-AL25-ASAQ75,69,31064.88888888889,2031,MFT AL 25% - ASAQ 75%,#fb8072,0,25.0,004
051-mft-AL25-ASAQ75,70,32444.5,2031,MFT AL 25% - ASAQ 75%,#fb8072,0,25.0,004
051-mft-AL25-ASAQ75,71,31249.666666666668,2031,MFT AL 25% - ASAQ 75%,#fb8072,0,25.0,004
051-mft-AL25-ASAQ75,72,31375.833333333332,2031,MFT AL 25% - ASAQ 75%,#fb8072,0,25.0,004
051-mft-AL25-ASAQ75,73,32008.5,2031,MFT AL 25% - ASAQ 75%,#fb8072,0,25.0,004
051-mft-AL25-ASAQ75,74,31522.38888888889,2031,MFT AL 25% - ASAQ 75%,#fb8072,0,25.0,004
051-mft-AL25-ASAQ75,75,31963.61111111111,2031,MFT AL 25% - ASAQ 75%,#fb8072,0,25.0,004
051-mft-AL25-ASAQ75,76,30721.277777777777,2031,MFT AL 25% - ASAQ 75%,#fb8072,0,25.0,004
051-mft-AL25-ASAQ75,77,31269.88888888889,2031,MFT AL 25% - ASAQ 75%,#fb8072,0,25.0,004
051-mft-AL25-ASAQ75,78,31453.777777777777,2031,MFT AL 25% - ASAQ 75%,#fb8072,0,25.0,004
051-mft-AL25-ASAQ75,79,31514.444444444445,2031,MFT AL 25% - ASAQ 75%,#fb8072,0,25.0,004
051-mft-AL25-ASAQ75,80,31334.444444444445,2031,MFT AL 25% - ASAQ 75%,#fb8072,0,25.0,004
051-mft-AL25-ASAQ75,81,31975.11111111111,2031,MFT AL 25% - ASAQ 75%,#fb8072,0,25.0,004
051-mft-AL25-ASAQ75,82,30552.88888888889,2031,MFT AL 25% - ASAQ 75%,#fb8072,0,25.0,004
051-mft-AL25-ASAQ75,83,31455.333333333332,2031,MFT AL 25% - ASAQ 75%,#fb8072,0,25.0,004
051-mft-AL25-ASAQ75,84,31047.11111111111,2031,MFT AL 25% - ASAQ 75%,#fb8072,0,25.0,004
051-mft-AL25-ASAQ75,85,31355.333333333332,2031,MFT AL 25% - ASAQ 75%,#fb8072,0,25.0,004
051-mft-AL25-ASAQ75,86,31345.0,2031,MFT AL 25% - ASAQ 75%,#fb8072,0,25.0,004
051-mft-AL25-ASAQ75,87,31433.222222222223,2031,MFT AL 25% - ASAQ 75%,#fb8072,0,25.0,004
051-mft-AL25-ASAQ75,88,32101.333333333332,2031,MFT AL 25% - ASAQ 75%,#fb8072,0,25.0,004
051-mft-AL25-ASAQ75,89,31997.166666666668,2031,MFT AL 25% - ASAQ 75%,#fb8072,0,25.0,004
051-mft-AL25-ASAQ75,90,32147.944444444445,2031,MFT AL 25% - ASAQ 75%,#fb8072,0,25.0,004
051-mft-AL25-ASAQ75,91,31689.666666666668,2031,MFT AL 25% - ASAQ 75%,#fb8072,0,25.0,004
051-mft-AL25-ASAQ75,92,30973.11111111111,2031,MFT AL 25% - ASAQ 75%,#fb8072,0,25.0,004
051-mft-AL25-ASAQ75,93,31101.444444444445,2031,MFT AL 25% - ASAQ 75%,#fb8072,0,25.0,004
051-mft-AL25-ASAQ75,94,30425.444444444445,2031,MFT AL 25% - ASAQ 75%,#fb8072,0,25.0,004
051-mft-AL25-ASAQ75,95,32142.833333333332,2031,MFT AL 25% - ASAQ 75%,#fb8072,0,25.0,004
051-mft-AL25-ASAQ75,96,31621.11111111111,2031,MFT AL 25% - ASAQ 75%,#fb8072,0,25.0,004
051-mft-AL25-ASAQ75,97,31958.944444444445,2031,MFT AL 25% - ASAQ 75%,#fb8072,0,25.0,004
051-mft-AL25-ASAQ75,98,31081.833333333332,2031,MFT AL 25% - ASAQ 75%,#fb8072,0,25.0,004
051-mft-AL25-ASAQ75,99,30647.333333333332,2031,MFT AL 25% - ASAQ 75%,#fb8072,0,25.0,004
052-mft-AL25-DHAPPQ75,0,37153.61111111111,2031,MFT AL 25% - DHAPPQ 75%,#fb8072,0,25.0,004
052-mft-AL25-DHAPPQ75,1,36279.333333333336,2031,MFT AL 25% - DHAPPQ 75%,#fb8072,0,25.0,004
052-mft-AL25-DHAPPQ75,2,39484.5,2031,MFT AL 25% - DHAPPQ 75%,#fb8072,0,25.0,004
052-mft-AL25-DHAPPQ75,3,37849.88888888889,2031,MFT AL 25% - DHAPPQ 75%,#fb8072,0,25.0,004
052-mft-AL25-DHAPPQ75,4,36198.555555555555,2031,MFT AL 25% - DHAPPQ 75%,#fb8072,0,25.0,004
052-mft-AL25-DHAPPQ75,5,38249.944444444445,2031,MFT AL 25% - DHAPPQ 75%,#fb8072,0,25.0,004
052-mft-AL25-DHAPPQ75,6,36976.5,2031,MFT AL 25% - DHAPPQ 75%,#fb8072,0,25.0,004
052-mft-AL25-DHAPPQ75,7,37330.27777777778,2031,MFT AL 25% - DHAPPQ 75%,#fb8072,0,25.0,004
052-mft-AL25-DHAPPQ75,8,37214.5,2031,MFT AL 25% - DHAPPQ 75%,#fb8072,0,25.0,004
052-mft-AL25-DHAPPQ75,9,36364.666666666664,2031,MFT AL 25% - DHAPPQ 75%,#fb8072,0,25.0,004
052-mft-AL25-DHAPPQ75,10,36738.666666666664,2031,MFT AL 25% - DHAPPQ 75%,#fb8072,0,25.0,004
052-mft-AL25-DHAPPQ75,11,37356.166666666664,2031,MFT AL 25% - DHAPPQ 75%,#fb8072,0,25.0,004
052-mft-AL25-DHAPPQ75,12,35675.11111111111,2031,MFT AL 25% - DHAPPQ 75%,#fb8072,0,25.0,004
052-mft-AL25-DHAPPQ75,13,37600.555555555555,2031,MFT AL 25% - DHAPPQ 75%,#fb8072,0,25.0,004
052-mft-AL25-DHAPPQ75,14,38301.72222222222,2031,MFT AL 25% - DHAPPQ 75%,#fb8072,0,25.0,004
052-mft-AL25-DHAPPQ75,15,36109.333333333336,2031,MFT AL 25% - DHAPPQ 75%,#fb8072,0,25.0,004
052-mft-AL25-DHAPPQ75,16,35827.5,2031,MFT AL 25% - DHAPPQ 75%,#fb8072,0,25.0,004
052-mft-AL25-DHAPPQ75,17,36612.61111111111,2031,MFT AL 25% - DHAPPQ 75%,#fb8072,0,25.0,004
052-mft-AL25-DHAPPQ75,18,38039.666666666664,2031,MFT AL 25% - DHAPPQ 75%,#fb8072,0,25.0,004
052-mft-AL25-DHAPPQ75,19,37237.61111111111,2031,MFT AL 25% - DHAPPQ 75%,#fb8072,0,25.0,004
052-mft-AL25-DHAPPQ75,20,36484.555555555555,2031,MFT AL 25% - DHAPPQ 75%,#fb8072,0,25.0,004
052-mft-AL25-DHAPPQ75,21,35378.166666666664,2031,MFT AL 25% - DHAPPQ 75%,#fb8072,0,25.0,004
052-mft-AL25-DHAPPQ75,22,36985.555555555555,2031,MFT AL 25% - DHAPPQ 75%,#fb8072,0,25.0,004
052-mft-AL25-DHAPPQ75,23,39162.833333333336,2031,MFT AL 25% - DHAPPQ 75%,#fb8072,0,25.0,004
052-mft-AL25-DHAPPQ75,24,35607.88888888889,2031,MFT AL 25% - DHAPPQ 75%,#fb8072,0,25.0,004
052-mft-AL25-DHAPPQ75,25,35685.166666666664,2031,MFT AL 25% - DHAPPQ 75%,#fb8072,0,25.0,004
052-mft-AL25-DHAPPQ75,26,38361.833333333336,2031,MFT AL 25% - DHAPPQ 75%,#fb8072,0,25.0,004
052-mft-AL25-DHAPPQ75,27,37751.72222222222,2031,MFT AL 25% - DHAPPQ 75%,#fb8072,0,25.0,004
052-mft-AL25-DHAPPQ75,28,35422.72222222222,2031,MFT AL 25% - DHAPPQ 75%,#fb8072,0,25.0,004
052-mft-AL25-DHAPPQ75,29,35576.444444444445,2031,MFT AL 25% - DHAPPQ 75%,#fb8072,0,25.0,004
052-mft-AL25-DHAPPQ75,30,36953.72222222222,2031,MFT AL 25% - DHAPPQ 75%,#fb8072,0,25.0,004
052-mft-AL25-DHAPPQ75,31,38096.77777777778,2031,MFT AL 25% - DHAPPQ 75%,#fb8072,0,25.0,004
052-mft-AL25-DHAPPQ75,32,37550.77777777778,2031,MFT AL 25% - DHAPPQ 75%,#fb8072,0,25.0,004
052-mft-AL25-DHAPPQ75,33,36554.944444444445,2031,MFT AL 25% - DHAPPQ 75%,#fb8072,0,25.0,004
052-mft-AL25-DHAPPQ75,34,36835.166666666664,2031,MFT AL 25% - DHAPPQ 75%,#fb8072,0,25.0,004
052-mft-AL25-DHAPPQ75,35,37044.555555555555,2031,MFT AL 25% - DHAPPQ 75%,#fb8072,0,25.0,004
052-mft-AL25-DHAPPQ75,36,37700.11111111111,2031,MFT AL 25% - DHAPPQ 75%,#fb8072,0,25.0,004
052-mft-AL25-DHAPPQ75,37,36893.555555555555,2031,MFT AL 25% - DHAPPQ 75%,#fb8072,0,25.0,004
052-mft-AL25-DHAPPQ75,38,36879.11111111111,2031,MFT AL 25% - DHAPPQ 75%,#fb8072,0,25.0,004
052-mft-AL25-DHAPPQ75,39,37141.22222222222,2031,MFT AL 25% - DHAPPQ 75%,#fb8072,0,25.0,004
052-mft-AL25-DHAPPQ75,40,37023.166666666664,2031,MFT AL 25% - DHAPPQ 75%,#fb8072,0,25.0,004
052-mft-AL25-DHAPPQ75,41,35638.22222222222,2031,MFT AL 25% - DHAPPQ 75%,#fb8072,0,25.0,004
052-mft-AL25-DHAPPQ75,42,38423.27777777778,2031,MFT AL 25% - DHAPPQ 75%,#fb8072,0,25.0,004
052-mft-AL25-DHAPPQ75,43,36732.22222222222,2031,MFT AL 25% - DHAPPQ 75%,#fb8072,0,25.0,004
052-mft-AL25-DHAPPQ75,44,36214.77777777778,2031,MFT AL 25% - DHAPPQ 75%,#fb8072,0,25.0,004
052-mft-AL25-DHAPPQ75,45,36439.166666666664,2031,MFT AL 25% - DHAPPQ 75%,#fb8072,0,25.0,004
052-mft-AL25-DHAPPQ75,46,37308.444444444445,2031,MFT AL 25% - DHAPPQ 75%,#fb8072,0,25.0,004
052-mft-AL25-DHAPPQ75,47,39123.5,2031,MFT AL 25% - DHAPPQ 75%,#fb8072,0,25.0,004
052-mft-AL25-DHAPPQ75,48,36962.72222222222,2031,MFT AL 25% - DHAPPQ 75%,#fb8072,0,25.0,004
052-mft-AL25-DHAPPQ75,49,37014.833333333336,2031,MFT AL 25% - DHAPPQ 75%,#fb8072,0,25.0,004
052-mft-AL25-DHAPPQ75,50,39140.5,2031,MFT AL 25% - DHAPPQ 75%,#fb8072,0,25.0,004
052-mft-AL25-DHAPPQ75,51,36114.055555555555,2031,MFT AL 25% - DHAPPQ 75%,#fb8072,0,25.0,004
052-mft-AL25-DHAPPQ75,52,39262.61111111111,2031,MFT AL 25% - DHAPPQ 75%,#fb8072,0,25.0,004
052-mft-AL25-DHAPPQ75,53,37625.555555555555,2031,MFT AL 25% - DHAPPQ 75%,#fb8072,0,25.0,004
052-mft-AL25-DHAPPQ75,54,38695.72222222222,2031,MFT AL 25% - DHAPPQ 75%,#fb8072,0,25.0,004
052-mft-AL25-DHAPPQ75,55,37639.666666666664,2031,MFT AL 25% - DHAPPQ 75%,#fb8072,0,25.0,004
052-mft-AL25-DHAPPQ75,56,39791.333333333336,2031,MFT AL 25% - DHAPPQ 75%,#fb8072,0,25.0,004
052-mft-AL25-DHAPPQ75,57,37272.11111111111,2031,MFT AL 25% - DHAPPQ 75%,#fb8072,0,25.0,004
052-mft-AL25-DHAPPQ75,58,36654.22222222222,2031,MFT AL 25% - DHAPPQ 75%,#fb8072,0,25.0,004
052-mft-AL25-DHAPPQ75,59,36507.055555555555,2031,MFT AL 25% - DHAPPQ 75%,#fb8072,0,25.0,004
052-mft-AL25-DHAPPQ75,60,37292.666666666664,2031,MFT AL 25% - DHAPPQ 75%,#fb8072,0,25.0,004
052-mft-AL25-DHAPPQ75,61,36546.38888888889,2031,MFT AL 25% - DHAPPQ 75%,#fb8072,0,25.0,004
052-mft-AL25-DHAPPQ75,62,37872.72222222222,2031,MFT AL 25% - DHAPPQ 75%,#fb8072,0,25.0,004
052-mft-AL25-DHAPPQ75,63,37297.72222222222,2031,MFT AL 25% - DHAPPQ 75%,#fb8072,0,25.0,004
052-mft-AL25-DHAPPQ75,64,38581.833333333336,2031,MFT AL 25% - DHAPPQ 75%,#fb8072,0,25.0,004
052-mft-AL25-DHAPPQ75,65,36603.666666666664,2031,MFT AL 25% - DHAPPQ 75%,#fb8072,0,25.0,004
052-mft-AL25-DHAPPQ75,66,35454.833333333336,2031,MFT AL 25% - DHAPPQ 75%,#fb8072,0,25.0,004
052-mft-AL25-DHAPPQ75,67,37922.555555555555,2031,MFT AL 25% - DHAPPQ 75%,#fb8072,0,25.0,004
052-mft-AL25-DHAPPQ75,68,36942.833333333336,2031,MFT AL 25% - DHAPPQ 75%,#fb8072,0,25.0,004
052-mft-AL25-DHAPPQ75,69,36257.666666666664,2031,MFT AL 25% - DHAPPQ 75%,#fb8072,0,25.0,004
052-mft-AL25-DHAPPQ75,70,36380.77777777778,2031,MFT AL 25% - DHAPPQ 75%,#fb8072,0,25.0,004
052-mft-AL25-DHAPPQ75,71,36642.833333333336,2031,MFT AL 25% - DHAPPQ 75%,#fb8072,0,25.0,004
052-mft-AL25-DHAPPQ75,72,36672.11111111111,2031,MFT AL 25% - DHAPPQ 75%,#fb8072,0,25.0,004
052-mft-AL25-DHAPPQ75,73,37231.0,2031,MFT AL 25% - DHAPPQ 75%,#fb8072,0,25.0,004
052-mft-AL25-DHAPPQ75,74,38160.055555555555,2031,MFT AL 25% - DHAPPQ 75%,#fb8072,0,25.0,004
052-mft-AL25-DHAPPQ75,75,38343.11111111111,2031,MFT AL 25% - DHAPPQ 75%,#fb8072,0,25.0,004
052-mft-AL25-DHAPPQ75,76,37906.055555555555,2031,MFT AL 25% - DHAPPQ 75%,#fb8072,0,25.0,004
052-mft-AL25-DHAPPQ75,77,36662.38888888889,2031,MFT AL 25% - DHAPPQ 75%,#fb8072,0,25.0,004
052-mft-AL25-DHAPPQ75,78,36132.88888888889,2031,MFT AL 25% - DHAPPQ 75%,#fb8072,0,25.0,004
052-mft-AL25-DHAPPQ75,79,36827.72222222222,2031,MFT AL 25% - DHAPPQ 75%,#fb8072,0,25.0,004
052-mft-AL25-DHAPPQ75,80,37861.88888888889,2031,MFT AL 25% - DHAPPQ 75%,#fb8072,0,25.0,004
052-mft-AL25-DHAPPQ75,81,36673.22222222222,2031,MFT AL 25% - DHAPPQ 75%,#fb8072,0,25.0,004
052-mft-AL25-DHAPPQ75,82,36588.055555555555,2031,MFT AL 25% - DHAPPQ 75%,#fb8072,0,25.0,004
052-mft-AL25-DHAPPQ75,83,36531.61111111111,2031,MFT AL 25% - DHAPPQ 75%,#fb8072,0,25.0,004
052-mft-AL25-DHAPPQ75,84,35808.5,2031,MFT AL 25% - DHAPPQ 75%,#fb8072,0,25.0,004
052-mft-AL25-DHAPPQ75,85,37930.22222222222,2031,MFT AL 25% - DHAPPQ 75%,#fb8072,0,25.0,004
052-mft-AL25-DHAPPQ75,86,35385.72222222222,2031,MFT AL 25% - DHAPPQ 75%,#fb8072,0,25.0,004
052-mft-AL25-DHAPPQ75,87,38249.666666666664,2031,MFT AL 25% - DHAPPQ 75%,#fb8072,0,25.0,004
052-mft-AL25-DHAPPQ75,88,35590.77777777778,2031,MFT AL 25% - DHAPPQ 75%,#fb8072,0,25.0,004
052-mft-AL25-DHAPPQ75,89,36625.666666666664,2031,MFT AL 25% - DHAPPQ 75%,#fb8072,0,25.0,004
052-mft-AL25-DHAPPQ75,90,38499.833333333336,2031,MFT AL 25% - DHAPPQ 75%,#fb8072,0,25.0,004
052-mft-AL25-DHAPPQ75,91,38639.333333333336,2031,MFT AL 25% - DHAPPQ 75%,#fb8072,0,25.0,004
052-mft-AL25-DHAPPQ75,92,36581.72222222222,2031,MFT AL 25% - DHAPPQ 75%,#fb8072,0,25.0,004
052-mft-AL25-DHAPPQ75,93,35605.22222222222,2031,MFT AL 25% - DHAPPQ 75%,#fb8072,0,25.0,004
052-mft-AL25-DHAPPQ75,94,37430.444444444445,2031,MFT AL 25% - DHAPPQ 75%,#fb8072,0,25.0,004
052-mft-AL25-DHAPPQ75,95,36557.166666666664,2031,MFT AL 25% - DHAPPQ 75%,#fb8072,0,25.0,004
052-mft-AL25-DHAPPQ75,96,38313.11111111111,2031,MFT AL 25% - DHAPPQ 75%,#fb8072,0,25.0,004
052-mft-AL25-DHAPPQ75,97,36302.333333333336,2031,MFT AL 25% - DHAPPQ 75%,#fb8072,0,25.0,004
052-mft-AL25-DHAPPQ75,98,36430.666666666664,2031,MFT AL 25% - DHAPPQ 75%,#fb8072,0,25.0,004
052-mft-AL25-DHAPPQ75,99,37579.88888888889,2031,MFT AL 25% - DHAPPQ 75%,#fb8072,0,25.0,004
053-mft-ASAQ25-DHAPPQ75,0,31917.61111111111,2031,MFT ASAQ 25% - DHAPP 75%,#fb8072,0,25.0,004
053-mft-ASAQ25-DHAPPQ75,1,32099.88888888889,2031,MFT ASAQ 25% - DHAPP 75%,#fb8072,0,25.0,004
053-mft-ASAQ25-DHAPPQ75,2,32828.055555555555,2031,MFT ASAQ 25% - DHAPP 75%,#fb8072,0,25.0,004
053-mft-ASAQ25-DHAPPQ75,3,33184.833333333336,2031,MFT ASAQ 25% - DHAPP 75%,#fb8072,0,25.0,004
053-mft-ASAQ25-DHAPPQ75,4,32246.333333333332,2031,MFT ASAQ 25% - DHAPP 75%,#fb8072,0,25.0,004
053-mft-ASAQ25-DHAPPQ75,5,32393.222222222223,2031,MFT ASAQ 25% - DHAPP 75%,#fb8072,0,25.0,004
053-mft-ASAQ25-DHAPPQ75,6,33142.22222222222,2031,MFT ASAQ 25% - DHAPP 75%,#fb8072,0,25.0,004
053-mft-ASAQ25-DHAPPQ75,7,33998.22222222222,2031,MFT ASAQ 25% - DHAPP 75%,#fb8072,0,25.0,004
053-mft-ASAQ25-DHAPPQ75,8,34161.666666666664,2031,MFT ASAQ 25% - DHAPP 75%,#fb8072,0,25.0,004
053-mft-ASAQ25-DHAPPQ75,9,32984.72222222222,2031,MFT ASAQ 25% - DHAPP 75%,#fb8072,0,25.0,004
053-mft-ASAQ25-DHAPPQ75,10,33456.72222222222,2031,MFT ASAQ 25% - DHAPP 75%,#fb8072,0,25.0,004
053-mft-ASAQ25-DHAPPQ75,11,32137.5,2031,MFT ASAQ 25% - DHAPP 75%,#fb8072,0,25.0,004
053-mft-ASAQ25-DHAPPQ75,12,32205.88888888889,2031,MFT ASAQ 25% - DHAPP 75%,#fb8072,0,25.0,004
053-mft-ASAQ25-DHAPPQ75,13,31056.833333333332,2031,MFT ASAQ 25% - DHAPP 75%,#fb8072,0,25.0,004
053-mft-ASAQ25-DHAPPQ75,14,32670.88888888889,2031,MFT ASAQ 25% - DHAPP 75%,#fb8072,0,25.0,004
053-mft-ASAQ25-DHAPPQ75,15,31857.055555555555,2031,MFT ASAQ 25% - DHAPP 75%,#fb8072,0,25.0,004
053-mft-ASAQ25-DHAPPQ75,16,33484.055555555555,2031,MFT ASAQ 25% - DHAPP 75%,#fb8072,0,25.0,004
053-mft-ASAQ25-DHAPPQ75,17,32195.666666666668,2031,MFT ASAQ 25% - DHAPP 75%,#fb8072,0,25.0,004
053-mft-ASAQ25-DHAPPQ75,18,32827.11111111111,2031,MFT ASAQ 25% - DHAPP 75%,#fb8072,0,25.0,004
053-mft-ASAQ25-DHAPPQ75,19,33513.944444444445,2031,MFT ASAQ 25% - DHAPP 75%,#fb8072,0,25.0,004
053-mft-ASAQ25-DHAPPQ75,20,33865.166666666664,2031,MFT ASAQ 25% - DHAPP 75%,#fb8072,0,25.0,004
053-mft-ASAQ25-DHAPPQ75,21,32864.055555555555,2031,MFT ASAQ 25% - DHAPP 75%,#fb8072,0,25.0,004
053-mft-ASAQ25-DHAPPQ75,22,32688.666666666668,2031,MFT ASAQ 25% - DHAPP 75%,#fb8072,0,25.0,004
053-mft-ASAQ25-DHAPPQ75,23,32858.666666666664,2031,MFT ASAQ 25% - DHAPP 75%,#fb8072,0,25.0,004
053-mft-ASAQ25-DHAPPQ75,24,33088.055555555555,2031,MFT ASAQ 25% - DHAPP 75%,#fb8072,0,25.0,004
053-mft-ASAQ25-DHAPPQ75,25,32893.88888888889,2031,MFT ASAQ 25% - DHAPP 75%,#fb8072,0,25.0,004
053-mft-ASAQ25-DHAPPQ75,26,32039.444444444445,2031,MFT ASAQ 25% - DHAPP 75%,#fb8072,0,25.0,004
053-mft-ASAQ25-DHAPPQ75,27,33125.444444444445,2031,MFT ASAQ 25% - DHAPP 75%,#fb8072,0,25.0,004
053-mft-ASAQ25-DHAPPQ75,28,32432.222222222223,2031,MFT ASAQ 25% - DHAPP 75%,#fb8072,0,25.0,004
053-mft-ASAQ25-DHAPPQ75,29,32619.666666666668,2031,MFT ASAQ 25% - DHAPP 75%,#fb8072,0,25.0,004
053-mft-ASAQ25-DHAPPQ75,30,33595.444444444445,2031,MFT ASAQ 25% - DHAPP 75%,#fb8072,0,25.0,004
053-mft-ASAQ25-DHAPPQ75,31,33547.77777777778,2031,MFT ASAQ 25% - DHAPP 75%,#fb8072,0,25.0,004
053-mft-ASAQ25-DHAPPQ75,32,32975.77777777778,2031,MFT ASAQ 25% - DHAPP 75%,#fb8072,0,25.0,004
053-mft-ASAQ25-DHAPPQ75,33,32970.055555555555,2031,MFT ASAQ 25% - DHAPP 75%,#fb8072,0,25.0,004
053-mft-ASAQ25-DHAPPQ75,34,33092.38888888889,2031,MFT ASAQ 25% - DHAPP 75%,#fb8072,0,25.0,004
053-mft-ASAQ25-DHAPPQ75,35,33316.11111111111,2031,MFT ASAQ 25% - DHAPP 75%,#fb8072,0,25.0,004
053-mft-ASAQ25-DHAPPQ75,36,33494.0,2031,MFT ASAQ 25% - DHAPP 75%,#fb8072,0,25.0,004
053-mft-ASAQ25-DHAPPQ75,37,31780.055555555555,2031,MFT ASAQ 25% - DHAPP 75%,#fb8072,0,25.0,004
053-mft-ASAQ25-DHAPPQ75,38,32726.222222222223,2031,MFT ASAQ 25% - DHAPP 75%,#fb8072,0,25.0,004
053-mft-ASAQ25-DHAPPQ75,39,33043.055555555555,2031,MFT ASAQ 25% - DHAPP 75%,#fb8072,0,25.0,004
053-mft-ASAQ25-DHAPPQ75,40,31310.722222222223,2031,MFT ASAQ 25% - DHAPP 75%,#fb8072,0,25.0,004
053-mft-ASAQ25-DHAPPQ75,41,33341.22222222222,2031,MFT ASAQ 25% - DHAPP 75%,#fb8072,0,25.0,004
053-mft-ASAQ25-DHAPPQ75,42,31776.38888888889,2031,MFT ASAQ 25% - DHAPP 75%,#fb8072,0,25.0,004
053-mft-ASAQ25-DHAPPQ75,43,32939.11111111111,2031,MFT ASAQ 25% - DHAPP 75%,#fb8072,0,25.0,004
053-mft-ASAQ25-DHAPPQ75,44,32292.277777777777,2031,MFT ASAQ 25% - DHAPP 75%,#fb8072,0,25.0,004
053-mft-ASAQ25-DHAPPQ75,45,31767.38888888889,2031,MFT ASAQ 25% - DHAPP 75%,#fb8072,0,25.0,004
053-mft-ASAQ25-DHAPPQ75,46,33923.666666666664,2031,MFT ASAQ 25% - DHAPP 75%,#fb8072,0,25.0,004
053-mft-ASAQ25-DHAPPQ75,47,32624.444444444445,2031,MFT ASAQ 25% - DHAPP 75%,#fb8072,0,25.0,004
053-mft-ASAQ25-DHAPPQ75,48,32824.61111111111,2031,MFT ASAQ 25% - DHAPP 75%,#fb8072,0,25.0,004
053-mft-ASAQ25-DHAPPQ75,49,34505.333333333336,2031,MFT ASAQ 25% - DHAPP 75%,#fb8072,0,25.0,004
053-mft-ASAQ25-DHAPPQ75,50,33351.22222222222,2031,MFT ASAQ 25% - DHAPP 75%,#fb8072,0,25.0,004
053-mft-ASAQ25-DHAPPQ75,51,32432.555555555555,2031,MFT ASAQ 25% - DHAPP 75%,#fb8072,0,25.0,004
053-mft-ASAQ25-DHAPPQ75,52,32880.5,2031,MFT ASAQ 25% - DHAPP 75%,#fb8072,0,25.0,004
053-mft-ASAQ25-DHAPPQ75,53,35108.77777777778,2031,MFT ASAQ 25% - DHAPP 75%,#fb8072,0,25.0,004
053-mft-ASAQ25-DHAPPQ75,54,32672.5,2031,MFT ASAQ 25% - DHAPP 75%,#fb8072,0,25.0,004
053-mft-ASAQ25-DHAPPQ75,55,32026.166666666668,2031,MFT ASAQ 25% - DHAPP 75%,#fb8072,0,25.0,004
053-mft-ASAQ25-DHAPPQ75,56,33672.11111111111,2031,MFT ASAQ 25% - DHAPP 75%,#fb8072,0,25.0,004
053-mft-ASAQ25-DHAPPQ75,57,33947.5,2031,MFT ASAQ 25% - DHAPP 75%,#fb8072,0,25.0,004
053-mft-ASAQ25-DHAPPQ75,58,32814.61111111111,2031,MFT ASAQ 25% - DHAPP 75%,#fb8072,0,25.0,004
053-mft-ASAQ25-DHAPPQ75,59,32793.055555555555,2031,MFT ASAQ 25% - DHAPP 75%,#fb8072,0,25.0,004
053-mft-ASAQ25-DHAPPQ75,60,31748.555555555555,2031,MFT ASAQ 25% - DHAPP 75%,#fb8072,0,25.0,004
053-mft-ASAQ25-DHAPPQ75,61,32245.11111111111,2031,MFT ASAQ 25% - DHAPP 75%,#fb8072,0,25.0,004
053-mft-ASAQ25-DHAPPQ75,62,31480.5,2031,MFT ASAQ 25% - DHAPP 75%,#fb8072,0,25.0,004
053-mft-ASAQ25-DHAPPQ75,63,31951.166666666668,2031,MFT ASAQ 25% - DHAPP 75%,#fb8072,0,25.0,004
053-mft-ASAQ25-DHAPPQ75,64,34092.055555555555,2031,MFT ASAQ 25% - DHAPP 75%,#fb8072,0,25.0,004
053-mft-ASAQ25-DHAPPQ75,65,32311.555555555555,2031,MFT ASAQ 25% - DHAPP 75%,#fb8072,0,25.0,004
053-mft-ASAQ25-DHAPPQ75,66,32301.777777777777,2031,MFT ASAQ 25% - DHAPP 75%,#fb8072,0,25.0,004
053-mft-ASAQ25-DHAPPQ75,67,31990.722222222223,2031,MFT ASAQ 25% - DHAPP 75%,#fb8072,0,25.0,004
053-mft-ASAQ25-DHAPPQ75,68,32464.166666666668,2031,MFT ASAQ 25% - DHAPP 75%,#fb8072,0,25.0,004
053-mft-ASAQ25-DHAPPQ75,69,31892.5,2031,MFT ASAQ 25% - DHAPP 75%,#fb8072,0,25.0,004
053-mft-ASAQ25-DHAPPQ75,70,33523.833333333336,2031,MFT ASAQ 25% - DHAPP 75%,#fb8072,0,25.0,004
053-mft-ASAQ25-DHAPPQ75,71,33209.0,2031,MFT ASAQ 25% - DHAPP 75%,#fb8072,0,25.0,004
053-mft-ASAQ25-DHAPPQ75,72,32737.38888888889,2031,MFT ASAQ 25% - DHAPP 75%,#fb8072,0,25.0,004
053-mft-ASAQ25-DHAPPQ75,73,33288.0,2031,MFT ASAQ 25% - DHAPP 75%,#fb8072,0,25.0,004
053-mft-ASAQ25-DHAPPQ75,74,33861.22222222222,2031,MFT ASAQ 25% - DHAPP 75%,#fb8072,0,25.0,004
053-mft-ASAQ25-DHAPPQ75,75,33937.72222222222,2031,MFT ASAQ 25% - DHAPP 75%,#fb8072,0,25.0,004
053-mft-ASAQ25-DHAPPQ75,76,31765.722222222223,2031,MFT ASAQ 25% - DHAPP 75%,#fb8072,0,25.0,004
053-mft-ASAQ25-DHAPPQ75,77,33187.0,2031,MFT ASAQ 25% - DHAPP 75%,#fb8072,0,25.0,004
053-mft-ASAQ25-DHAPPQ75,78,31745.5,2031,MFT ASAQ 25% - DHAPP 75%,#fb8072,0,25.0,004
053-mft-ASAQ25-DHAPPQ75,79,33239.88888888889,2031,MFT ASAQ 25% - DHAPP 75%,#fb8072,0,25.0,004
053-mft-ASAQ25-DHAPPQ75,80,31691.222222222223,2031,MFT ASAQ 25% - DHAPP 75%,#fb8072,0,25.0,004
053-mft-ASAQ25-DHAPPQ75,81,34283.27777777778,2031,MFT ASAQ 25% - DHAPP 75%,#fb8072,0,25.0,004
053-mft-ASAQ25-DHAPPQ75,82,31118.666666666668,2031,MFT ASAQ 25% - DHAPP 75%,#fb8072,0,25.0,004
053-mft-ASAQ25-DHAPPQ75,83,32818.72222222222,2031,MFT ASAQ 25% - DHAPP 75%,#fb8072,0,25.0,004
053-mft-ASAQ25-DHAPPQ75,84,31607.055555555555,2031,MFT ASAQ 25% - DHAPP 75%,#fb8072,0,25.0,004
053-mft-ASAQ25-DHAPPQ75,85,32203.166666666668,2031,MFT ASAQ 25% - DHAPP 75%,#fb8072,0,25.0,004
053-mft-ASAQ25-DHAPPQ75,86,31970.0,2031,MFT ASAQ 25% - DHAPP 75%,#fb8072,0,25.0,004
053-mft-ASAQ25-DHAPPQ75,87,33422.833333333336,2031,MFT ASAQ 25% - DHAPP 75%,#fb8072,0,25.0,004
053-mft-ASAQ25-DHAPPQ75,88,32639.61111111111,2031,MFT ASAQ 25% - DHAPP 75%,#fb8072,0,25.0,004
053-mft-ASAQ25-DHAPPQ75,89,32349.0,2031,MFT ASAQ 25% - DHAPP 75%,#fb8072,0,25.0,004
053-mft-ASAQ25-DHAPPQ75,90,31482.88888888889,2031,MFT ASAQ 25% - DHAPP 75%,#fb8072,0,25.0,004
053-mft-ASAQ25-DHAPPQ75,91,32489.5,2031,MFT ASAQ 25% - DHAPP 75%,#fb8072,0,25.0,004
053-mft-ASAQ25-DHAPPQ75,92,33054.333333333336,2031,MFT ASAQ 25% - DHAPP 75%,#fb8072,0,25.0,004
053-mft-ASAQ25-DHAPPQ75,93,33459.833333333336,2031,MFT ASAQ 25% - DHAPP 75%,#fb8072,0,25.0,004
053-mft-ASAQ25-DHAPPQ75,94,33887.055555555555,2031,MFT ASAQ 25% - DHAPP 75%,#fb8072,0,25.0,004
053-mft-ASAQ25-DHAPPQ75,95,33714.38888888889,2031,MFT ASAQ 25% - DHAPP 75%,#fb8072,0,25.0,004
053-mft-ASAQ25-DHAPPQ75,96,32376.88888888889,2031,MFT ASAQ 25% - DHAPP 75%,#fb8072,0,25.0,004
053-mft-ASAQ25-DHAPPQ75,97,32227.333333333332,2031,MFT ASAQ 25% - DHAPP 75%,#fb8072,0,25.0,004
053-mft-ASAQ25-DHAPPQ75,98,31443.222222222223,2031,MFT ASAQ 25% - DHAPP 75%,#fb8072,0,25.0,004
053-mft-ASAQ25-DHAPPQ75,99,32369.11111111111,2031,MFT ASAQ 25% - DHAPP 75%,#fb8072,0,25.0,004
054-mft-AL75-ASAQ25,0,41144.833333333336,2031,MFT AL 75% - ASAQ 25%,#fb8072,0,75.0,004
054-mft-AL75-ASAQ25,1,41354.166666666664,2031,MFT AL 75% - ASAQ 25%,#fb8072,0,75.0,004
054-mft-AL75-ASAQ25,2,40288.61111111111,2031,MFT AL 75% - ASAQ 25%,#fb8072,0,75.0,004
054-mft-AL75-ASAQ25,3,41613.555555555555,2031,MFT AL 75% - ASAQ 25%,#fb8072,0,75.0,004
054-mft-AL75-ASAQ25,4,40047.333333333336,2031,MFT AL 75% - ASAQ 25%,#fb8072,0,75.0,004
054-mft-AL75-ASAQ25,5,38798.5,2031,MFT AL 75% - ASAQ 25%,#fb8072,0,75.0,004
054-mft-AL75-ASAQ25,6,42775.72222222222,2031,MFT AL 75% - ASAQ 25%,#fb8072,0,75.0,004
054-mft-AL75-ASAQ25,7,43559.38888888889,2031,MFT AL 75% - ASAQ 25%,#fb8072,0,75.0,004
054-mft-AL75-ASAQ25,8,39618.22222222222,2031,MFT AL 75% - ASAQ 25%,#fb8072,0,75.0,004
054-mft-AL75-ASAQ25,9,41306.444444444445,2031,MFT AL 75% - ASAQ 25%,#fb8072,0,75.0,004
054-mft-AL75-ASAQ25,10,42200.27777777778,2031,MFT AL 75% - ASAQ 25%,#fb8072,0,75.0,004
054-mft-AL75-ASAQ25,11,41368.944444444445,2031,MFT AL 75% - ASAQ 25%,#fb8072,0,75.0,004
054-mft-AL75-ASAQ25,12,41722.77777777778,2031,MFT AL 75% - ASAQ 25%,#fb8072,0,75.0,004
054-mft-AL75-ASAQ25,13,40481.166666666664,2031,MFT AL 75% - ASAQ 25%,#fb8072,0,75.0,004
054-mft-AL75-ASAQ25,14,40328.055555555555,2031,MFT AL 75% - ASAQ 25%,#fb8072,0,75.0,004
054-mft-AL75-ASAQ25,15,40029.27777777778,2031,MFT AL 75% - ASAQ 25%,#fb8072,0,75.0,004
054-mft-AL75-ASAQ25,16,41999.333333333336,2031,MFT AL 75% - ASAQ 25%,#fb8072,0,75.0,004
054-mft-AL75-ASAQ25,17,40856.944444444445,2031,MFT AL 75% - ASAQ 25%,#fb8072,0,75.0,004
054-mft-AL75-ASAQ25,18,42522.22222222222,2031,MFT AL 75% - ASAQ 25%,#fb8072,0,75.0,004
054-mft-AL75-ASAQ25,19,41301.22222222222,2031,MFT AL 75% - ASAQ 25%,#fb8072,0,75.0,004
054-mft-AL75-ASAQ25,20,40637.666666666664,2031,MFT AL 75% - ASAQ 25%,#fb8072,0,75.0,004
054-mft-AL75-ASAQ25,21,42404.0,2031,MFT AL 75% - ASAQ 25%,#fb8072,0,75.0,004
054-mft-AL75-ASAQ25,22,42125.11111111111,2031,MFT AL 75% - ASAQ 25%,#fb8072,0,75.0,004
054-mft-AL75-ASAQ25,23,39869.61111111111,2031,MFT AL 75% - ASAQ 25%,#fb8072,0,75.0,004
054-mft-AL75-ASAQ25,24,42055.166666666664,2031,MFT AL 75% - ASAQ 25%,#fb8072,0,75.0,004
054-mft-AL75-ASAQ25,25,43115.72222222222,2031,MFT AL 75% - ASAQ 25%,#fb8072,0,75.0,004
054-mft-AL75-ASAQ25,26,46216.055555555555,2031,MFT AL 75% - ASAQ 25%,#fb8072,0,75.0,004
054-mft-AL75-ASAQ25,27,41540.333333333336,2031,MFT AL 75% - ASAQ 25%,#fb8072,0,75.0,004
054-mft-AL75-ASAQ25,28,41406.166666666664,2031,MFT AL 75% - ASAQ 25%,#fb8072,0,75.0,004
054-mft-AL75-ASAQ25,29,40561.88888888889,2031,MFT AL 75% - ASAQ 25%,#fb8072,0,75.0,004
054-mft-AL75-ASAQ25,30,41469.333333333336,2031,MFT AL 75% - ASAQ 25%,#fb8072,0,75.0,004
054-mft-AL75-ASAQ25,31,41982.11111111111,2031,MFT AL 75% - ASAQ 25%,#fb8072,0,75.0,004
054-mft-AL75-ASAQ25,32,41000.38888888889,2031,MFT AL 75% - ASAQ 25%,#fb8072,0,75.0,004
054-mft-AL75-ASAQ25,33,40323.833333333336,2031,MFT AL 75% - ASAQ 25%,#fb8072,0,75.0,004
054-mft-AL75-ASAQ25,34,40213.166666666664,2031,MFT AL 75% - ASAQ 25%,#fb8072,0,75.0,004
054-mft-AL75-ASAQ25,35,40938.61111111111,2031,MFT AL 75% - ASAQ 25%,#fb8072,0,75.0,004
054-mft-AL75-ASAQ25,36,41551.944444444445,2031,MFT AL 75% - ASAQ 25%,#fb8072,0,75.0,004
054-mft-AL75-ASAQ25,37,40486.944444444445,2031,MFT AL 75% - ASAQ 25%,#fb8072,0,75.0,004
054-mft-AL75-ASAQ25,38,42605.88888888889,2031,MFT AL 75% - ASAQ 25%,#fb8072,0,75.0,004
054-mft-AL75-ASAQ25,39,41502.444444444445,2031,MFT AL 75% - ASAQ 25%,#fb8072,0,75.0,004
054-mft-AL75-ASAQ25,40,42011.055555555555,2031,MFT AL 75% - ASAQ 25%,#fb8072,0,75.0,004
054-mft-AL75-ASAQ25,41,41070.61111111111,2031,MFT AL 75% - ASAQ 25%,#fb8072,0,75.0,004
054-mft-AL75-ASAQ25,42,40286.333333333336,2031,MFT AL 75% - ASAQ 25%,#fb8072,0,75.0,004
054-mft-AL75-ASAQ25,43,42342.72222222222,2031,MFT AL 75% - ASAQ 25%,#fb8072,0,75.0,004
054-mft-AL75-ASAQ25,44,40469.055555555555,2031,MFT AL 75% - ASAQ 25%,#fb8072,0,75.0,004
054-mft-AL75-ASAQ25,45,42350.27777777778,2031,MFT AL 75% - ASAQ 25%,#fb8072,0,75.0,004
054-mft-AL75-ASAQ25,46,42247.444444444445,2031,MFT AL 75% - ASAQ 25%,#fb8072,0,75.0,004
054-mft-AL75-ASAQ25,47,41325.27777777778,2031,MFT AL 75% - ASAQ 25%,#fb8072,0,75.0,004
054-mft-AL75-ASAQ25,48,40302.555555555555,2031,MFT AL 75% - ASAQ 25%,#fb8072,0,75.0,004
054-mft-AL75-ASAQ25,49,42567.61111111111,2031,MFT AL 75% - ASAQ 25%,#fb8072,0,75.0,004
054-mft-AL75-ASAQ25,50,42968.833333333336,2031,MFT AL 75% - ASAQ 25%,#fb8072,0,75.0,004
054-mft-AL75-ASAQ25,51,42040.0,2031,MFT AL 75% - ASAQ 25%,#fb8072,0,75.0,004
054-mft-AL75-ASAQ25,52,39234.22222222222,2031,MFT AL 75% - ASAQ 25%,#fb8072,0,75.0,004
054-mft-AL75-ASAQ25,53,40641.333333333336,2031,MFT AL 75% - ASAQ 25%,#fb8072,0,75.0,004
054-mft-AL75-ASAQ25,54,42178.944444444445,2031,MFT AL 75% - ASAQ 25%,#fb8072,0,75.0,004
054-mft-AL75-ASAQ25,55,42262.38888888889,2031,MFT AL 75% - ASAQ 25%,#fb8072,0,75.0,004
054-mft-AL75-ASAQ25,56,40782.22222222222,2031,MFT AL 75% - ASAQ 25%,#fb8072,0,75.0,004
054-mft-AL75-ASAQ25,57,43882.555555555555,2031,MFT AL 75% - ASAQ 25%,#fb8072,0,75.0,004
054-mft-AL75-ASAQ25,58,40790.944444444445,2031,MFT AL 75% - ASAQ 25%,#fb8072,0,75.0,004
054-mft-AL75-ASAQ25,59,42118.833333333336,2031,MFT AL 75% - ASAQ 25%,#fb8072,0,75.0,004
054-mft-AL75-ASAQ25,60,41097.27777777778,2031,MFT AL 75% - ASAQ 25%,#fb8072,0,75.0,004
054-mft-AL75-ASAQ25,61,40675.61111111111,2031,MFT AL 75% - ASAQ 25%,#fb8072,0,75.0,004
054-mft-AL75-ASAQ25,62,40049.11111111111,2031,MFT AL 75% - ASAQ 25%,#fb8072,0,75.0,004
054-mft-AL75-ASAQ25,63,42108.38888888889,2031,MFT AL 75% - ASAQ 25%,#fb8072,0,75.0,004
054-mft-AL75-ASAQ25,64,40814.88888888889,2031,MFT AL 75% - ASAQ 25%,#fb8072,0,75.0,004
054-mft-AL75-ASAQ25,65,40926.22222222222,2031,MFT AL 75% - ASAQ 25%,#fb8072,0,75.0,004
054-mft-AL75-ASAQ25,66,40258.166666666664,2031,MFT AL 75% - ASAQ 25%,#fb8072,0,75.0,004
054-mft-AL75-ASAQ25,67,42905.944444444445,2031,MFT AL 75% - ASAQ 25%,#fb8072,0,75.0,004
054-mft-AL75-ASAQ25,68,43065.444444444445,2031,MFT AL 75% - ASAQ 25%,#fb8072,0,75.0,004
054-mft-AL75-ASAQ25,69,42421.22222222222,2031,MFT AL 75% - ASAQ 25%,#fb8072,0,75.0,004
054-mft-AL75-ASAQ25,70,39050.22222222222,2031,MFT AL 75% - ASAQ 25%,#fb8072,0,75.0,004
054-mft-AL75-ASAQ25,71,40393.11111111111,2031,MFT AL 75% - ASAQ 25%,#fb8072,0,75.0,004
054-mft-AL75-ASAQ25,72,40260.666666666664,2031,MFT AL 75% - ASAQ 25%,#fb8072,0,75.0,004
054-mft-AL75-ASAQ25,73,44521.444444444445,2031,MFT AL 75% - ASAQ 25%,#fb8072,0,75.0,004
054-mft-AL75-ASAQ25,74,42067.444444444445,2031,MFT AL 75% - ASAQ 25%,#fb8072,0,75.0,004
054-mft-AL75-ASAQ25,75,39639.333333333336,2031,MFT AL 75% - ASAQ 25%,#fb8072,0,75.0,004
054-mft-AL75-ASAQ25,76,41711.27777777778,2031,MFT AL 75% - ASAQ 25%,#fb8072,0,75.0,004
054-mft-AL75-ASAQ25,77,43716.22222222222,2031,MFT AL 75% - ASAQ 25%,#fb8072,0,75.0,004
054-mft-AL75-ASAQ25,78,43123.38888888889,2031,MFT AL 75% - ASAQ 25%,#fb8072,0,75.0,004
054-mft-AL75-ASAQ25,79,39032.333333333336,2031,MFT AL 75% - ASAQ 25%,#fb8072,0,75.0,004
054-mft-AL75-ASAQ25,80,41617.61111111111,2031,MFT AL 75% - ASAQ 25%,#fb8072,0,75.0,004
054-mft-AL75-ASAQ25,81,41974.5,2031,MFT AL 75% - ASAQ 25%,#fb8072,0,75.0,004
054-mft-AL75-ASAQ25,82,42506.38888888889,2031,MFT AL 75% - ASAQ 25%,#fb8072,0,75.0,004
054-mft-AL75-ASAQ25,83,41820.944444444445,2031,MFT AL 75% - ASAQ 25%,#fb8072,0,75.0,004
054-mft-AL75-ASAQ25,84,41874.555555555555,2031,MFT AL 75% - ASAQ 25%,#fb8072,0,75.0,004
054-mft-AL75-ASAQ25,85,41630.055555555555,2031,MFT AL 75% - ASAQ 25%,#fb8072,0,75.0,004
054-mft-AL75-ASAQ25,86,41666.72222222222,2031,MFT AL 75% - ASAQ 25%,#fb8072,0,75.0,004
054-mft-AL75-ASAQ25,87,40047.27777777778,2031,MFT AL 75% - ASAQ 25%,#fb8072,0,75.0,004
054-mft-AL75-ASAQ25,88,41707.38888888889,2031,MFT AL 75% - ASAQ 25%,#fb8072,0,75.0,004
054-mft-AL75-ASAQ25,89,40549.11111111111,2031,MFT AL 75% - ASAQ 25%,#fb8072,0,75.0,004
054-mft-AL75-ASAQ25,90,40473.61111111111,2031,MFT AL 75% - ASAQ 25%,#fb8072,0,75.0,004
054-mft-AL75-ASAQ25,91,41135.055555555555,2031,MFT AL 75% - ASAQ 25%,#fb8072,0,75.0,004
054-mft-AL75-ASAQ25,92,42929.38888888889,2031,MFT AL 75% - ASAQ 25%,#fb8072,0,75.0,004
054-mft-AL75-ASAQ25,93,41976.72222222222,2031,MFT AL 75% - ASAQ 25%,#fb8072,0,75.0,004
054-mft-AL75-ASAQ25,94,41424.22222222222,2031,MFT AL 75% - ASAQ 25%,#fb8072,0,75.0,004
054-mft-AL75-ASAQ25,95,39775.38888888889,2031,MFT AL 75% - ASAQ 25%,#fb8072,0,75.0,004
054-mft-AL75-ASAQ25,96,41818.5,2031,MFT AL 75% - ASAQ 25%,#fb8072,0,75.0,004
054-mft-AL75-ASAQ25,97,39919.0,2031,MFT AL 75% - ASAQ 25%,#fb8072,0,75.0,004
054-mft-AL75-ASAQ25,98,40576.77777777778,2031,MFT AL 75% - ASAQ 25%,#fb8072,0,75.0,004
054-mft-AL75-ASAQ25,99,41669.11111111111,2031,MFT AL 75% - ASAQ 25%,#fb8072,0,75.0,004
055-mft-AL75-DHAPPQ25,0,41895.22222222222,2031,MFT AL 75% - DHAPPQ 25%,#fb8072,0,75.0,004
055-mft-AL75-DHAPPQ25,1,46696.11111111111,2031,MFT AL 75% - DHAPPQ 25%,#fb8072,0,75.0,004
055-mft-AL75-DHAPPQ25,2,42316.27777777778,2031,MFT AL 75% - DHAPPQ 25%,#fb8072,0,75.0,004
055-mft-AL75-DHAPPQ25,3,42597.72222222222,2031,MFT AL 75% - DHAPPQ 25%,#fb8072,0,75.0,004
055-mft-AL75-DHAPPQ25,4,41904.166666666664,2031,MFT AL 75% - DHAPPQ 25%,#fb8072,0,75.0,004
055-mft-AL75-DHAPPQ25,5,41390.5,2031,MFT AL 75% - DHAPPQ 25%,#fb8072,0,75.0,004
055-mft-AL75-DHAPPQ25,6,42205.88888888889,2031,MFT AL 75% - DHAPPQ 25%,#fb8072,0,75.0,004
055-mft-AL75-DHAPPQ25,7,41538.555555555555,2031,MFT AL 75% - DHAPPQ 25%,#fb8072,0,75.0,004
055-mft-AL75-DHAPPQ25,8,41011.944444444445,2031,MFT AL 75% - DHAPPQ 25%,#fb8072,0,75.0,004
055-mft-AL75-DHAPPQ25,9,41637.444444444445,2031,MFT AL 75% - DHAPPQ 25%,#fb8072,0,75.0,004
055-mft-AL75-DHAPPQ25,10,41266.11111111111,2031,MFT AL 75% - DHAPPQ 25%,#fb8072,0,75.0,004
055-mft-AL75-DHAPPQ25,11,41950.61111111111,2031,MFT AL 75% - DHAPPQ 25%,#fb8072,0,75.0,004
055-mft-AL75-DHAPPQ25,12,40004.444444444445,2031,MFT AL 75% - DHAPPQ 25%,#fb8072,0,75.0,004
055-mft-AL75-DHAPPQ25,13,41149.0,2031,MFT AL 75% - DHAPPQ 25%,#fb8072,0,75.0,004
055-mft-AL75-DHAPPQ25,14,40417.555555555555,2031,MFT AL 75% - DHAPPQ 25%,#fb8072,0,75.0,004
055-mft-AL75-DHAPPQ25,15,43016.444444444445,2031,MFT AL 75% - DHAPPQ 25%,#fb8072,0,75.0,004
055-mft-AL75-DHAPPQ25,16,41386.666666666664,2031,MFT AL 75% - DHAPPQ 25%,#fb8072,0,75.0,004
055-mft-AL75-DHAPPQ25,17,40758.38888888889,2031,MFT AL 75% - DHAPPQ 25%,#fb8072,0,75.0,004
055-mft-AL75-DHAPPQ25,18,42113.38888888889,2031,MFT AL 75% - DHAPPQ 25%,#fb8072,0,75.0,004
055-mft-AL75-DHAPPQ25,19,41332.88888888889,2031,MFT AL 75% - DHAPPQ 25%,#fb8072,0,75.0,004
055-mft-AL75-DHAPPQ25,20,41310.77777777778,2031,MFT AL 75% - DHAPPQ 25%,#fb8072,0,75.0,004
055-mft-AL75-DHAPPQ25,21,42382.27777777778,2031,MFT AL 75% - DHAPPQ 25%,#fb8072,0,75.0,004
055-mft-AL75-DHAPPQ25,22,41153.333333333336,2031,MFT AL 75% - DHAPPQ 25%,#fb8072,0,75.0,004
055-mft-AL75-DHAPPQ25,23,41693.944444444445,2031,MFT AL 75% - DHAPPQ 25%,#fb8072,0,75.0,004
055-mft-AL75-DHAPPQ25,24,42213.61111111111,2031,MFT AL 75% - DHAPPQ 25%,#fb8072,0,75.0,004
055-mft-AL75-DHAPPQ25,25,40128.333333333336,2031,MFT AL 75% - DHAPPQ 25%,#fb8072,0,75.0,004
055-mft-AL75-DHAPPQ25,26,40654.055555555555,2031,MFT AL 75% - DHAPPQ 25%,#fb8072,0,75.0,004
055-mft-AL75-DHAPPQ25,27,40841.0,2031,MFT AL 75% - DHAPPQ 25%,#fb8072,0,75.0,004
055-mft-AL75-DHAPPQ25,28,42973.77777777778,2031,MFT AL 75% - DHAPPQ 25%,#fb8072,0,75.0,004
055-mft-AL75-DHAPPQ25,29,43948.77777777778,2031,MFT AL 75% - DHAPPQ 25%,#fb8072,0,75.0,004
055-mft-AL75-DHAPPQ25,30,42840.5,2031,MFT AL 75% - DHAPPQ 25%,#fb8072,0,75.0,004
055-mft-AL75-DHAPPQ25,31,42189.38888888889,2031,MFT AL 75% - DHAPPQ 25%,#fb8072,0,75.0,004
055-mft-AL75-DHAPPQ25,32,42855.61111111111,2031,MFT AL 75% - DHAPPQ 25%,#fb8072,0,75.0,004
055-mft-AL75-DHAPPQ25,33,42001.833333333336,2031,MFT AL 75% - DHAPPQ 25%,#fb8072,0,75.0,004
055-mft-AL75-DHAPPQ25,34,40572.27777777778,2031,MFT AL 75% - DHAPPQ 25%,#fb8072,0,75.0,004
055-mft-AL75-DHAPPQ25,35,40865.27777777778,2031,MFT AL 75% - DHAPPQ 25%,#fb8072,0,75.0,004
055-mft-AL75-DHAPPQ25,36,40718.166666666664,2031,MFT AL 75% - DHAPPQ 25%,#fb8072,0,75.0,004
055-mft-AL75-DHAPPQ25,37,43159.944444444445,2031,MFT AL 75% - DHAPPQ 25%,#fb8072,0,75.0,004
055-mft-AL75-DHAPPQ25,38,42043.5,2031,MFT AL 75% - DHAPPQ 25%,#fb8072,0,75.0,004
055-mft-AL75-DHAPPQ25,39,40785.38888888889,2031,MFT AL 75% - DHAPPQ 25%,#fb8072,0,75.0,004
055-mft-AL75-DHAPPQ25,40,40607.166666666664,2031,MFT AL 75% - DHAPPQ 25%,#fb8072,0,75.0,004
055-mft-AL75-DHAPPQ25,41,38734.61111111111,2031,MFT AL 75% - DHAPPQ 25%,#fb8072,0,75.0,004
055-mft-AL75-DHAPPQ25,42,42911.333333333336,2031,MFT AL 75% - DHAPPQ 25%,#fb8072,0,75.0,004
055-mft-AL75-DHAPPQ25,43,39171.444444444445,2031,MFT AL 75% - DHAPPQ 25%,#fb8072,0,75.0,004
055-mft-AL75-DHAPPQ25,44,41068.555555555555,2031,MFT AL 75% - DHAPPQ 25%,#fb8072,0,75.0,004
055-mft-AL75-DHAPPQ25,45,40576.0,2031,MFT AL 75% - DHAPPQ 25%,#fb8072,0,75.0,004
055-mft-AL75-DHAPPQ25,46,40781.77777777778,2031,MFT AL 75% - DHAPPQ 25%,#fb8072,0,75.0,004
055-mft-AL75-DHAPPQ25,47,42956.666666666664,2031,MFT AL 75% - DHAPPQ 25%,#fb8072,0,75.0,004
055-mft-AL75-DHAPPQ25,48,44207.333333333336,2031,MFT AL 75% - DHAPPQ 25%,#fb8072,0,75.0,004
055-mft-AL75-DHAPPQ25,49,40857.055555555555,2031,MFT AL 75% - DHAPPQ 25%,#fb8072,0,75.0,004
055-mft-AL75-DHAPPQ25,50,41272.833333333336,2031,MFT AL 75% - DHAPPQ 25%,#fb8072,0,75.0,004
055-mft-AL75-DHAPPQ25,51,42123.833333333336,2031,MFT AL 75% - DHAPPQ 25%,#fb8072,0,75.0,004
055-mft-AL75-DHAPPQ25,52,40982.666666666664,2031,MFT AL 75% - DHAPPQ 25%,#fb8072,0,75.0,004
055-mft-AL75-DHAPPQ25,53,40243.444444444445,2031,MFT AL 75% - DHAPPQ 25%,#fb8072,0,75.0,004
055-mft-AL75-DHAPPQ25,54,41429.833333333336,2031,MFT AL 75% - DHAPPQ 25%,#fb8072,0,75.0,004
055-mft-AL75-DHAPPQ25,55,40781.666666666664,2031,MFT AL 75% - DHAPPQ 25%,#fb8072,0,75.0,004
055-mft-AL75-DHAPPQ25,56,41005.055555555555,2031,MFT AL 75% - DHAPPQ 25%,#fb8072,0,75.0,004
055-mft-AL75-DHAPPQ25,57,40267.555555555555,2031,MFT AL 75% - DHAPPQ 25%,#fb8072,0,75.0,004
055-mft-AL75-DHAPPQ25,58,41800.0,2031,MFT AL 75% - DHAPPQ 25%,#fb8072,0,75.0,004
055-mft-AL75-DHAPPQ25,59,40725.666666666664,2031,MFT AL 75% - DHAPPQ 25%,#fb8072,0,75.0,004
055-mft-AL75-DHAPPQ25,60,41674.22222222222,2031,MFT AL 75% - DHAPPQ 25%,#fb8072,0,75.0,004
055-mft-AL75-DHAPPQ25,61,41206.5,2031,MFT AL 75% - DHAPPQ 25%,#fb8072,0,75.0,004
055-mft-AL75-DHAPPQ25,62,40871.333333333336,2031,MFT AL 75% - DHAPPQ 25%,#fb8072,0,75.0,004
055-mft-AL75-DHAPPQ25,63,39501.5,2031,MFT AL 75% - DHAPPQ 25%,#fb8072,0,75.0,004
055-mft-AL75-DHAPPQ25,64,42381.11111111111,2031,MFT AL 75% - DHAPPQ 25%,#fb8072,0,75.0,004
055-mft-AL75-DHAPPQ25,65,40545.0,2031,MFT AL 75% - DHAPPQ 25%,#fb8072,0,75.0,004
055-mft-AL75-DHAPPQ25,66,41318.555555555555,2031,MFT AL 75% - DHAPPQ 25%,#fb8072,0,75.0,004
055-mft-AL75-DHAPPQ25,67,42121.666666666664,2031,MFT AL 75% - DHAPPQ 25%,#fb8072,0,75.0,004
055-mft-AL75-DHAPPQ25,68,43134.944444444445,2031,MFT AL 75% - DHAPPQ 25%,#fb8072,0,75.0,004
055-mft-AL75-DHAPPQ25,69,42181.22222222222,2031,MFT AL 75% - DHAPPQ 25%,#fb8072,0,75.0,004
055-mft-AL75-DHAPPQ25,70,41463.666666666664,2031,MFT AL 75% - DHAPPQ 25%,#fb8072,0,75.0,004
055-mft-AL75-DHAPPQ25,71,41627.88888888889,2031,MFT AL 75% - DHAPPQ 25%,#fb8072,0,75.0,004
055-mft-AL75-DHAPPQ25,72,42223.166666666664,2031,MFT AL 75% - DHAPPQ 25%,#fb8072,0,75.0,004
055-mft-AL75-DHAPPQ25,73,42069.166666666664,2031,MFT AL 75% - DHAPPQ 25%,#fb8072,0,75.0,004
055-mft-AL75-DHAPPQ25,74,42860.166666666664,2031,MFT AL 75% - DHAPPQ 25%,#fb8072,0,75.0,004
055-mft-AL75-DHAPPQ25,75,42628.333333333336,2031,MFT AL 75% - DHAPPQ 25%,#fb8072,0,75.0,004
055-mft-AL75-DHAPPQ25,76,41696.27777777778,2031,MFT AL 75% - DHAPPQ 25%,#fb8072,0,75.0,004
055-mft-AL75-DHAPPQ25,77,40758.38888888889,2031,MFT AL 75% - DHAPPQ 25%,#fb8072,0,75.0,004
055-mft-AL75-DHAPPQ25,78,41762.5,2031,MFT AL 75% - DHAPPQ 25%,#fb8072,0,75.0,004
055-mft-AL75-DHAPPQ25,79,40232.0,2031,MFT AL 75% - DHAPPQ 25%,#fb8072,0,75.0,004
055-mft-AL75-DHAPPQ25,80,41097.944444444445,2031,MFT AL 75% - DHAPPQ 25%,#fb8072,0,75.0,004
055-mft-AL75-DHAPPQ25,81,42738.88888888889,2031,MFT AL 75% - DHAPPQ 25%,#fb8072,0,75.0,004
055-mft-AL75-DHAPPQ25,82,40411.88888888889,2031,MFT AL 75% - DHAPPQ 25%,#fb8072,0,75.0,004
055-mft-AL75-DHAPPQ25,83,42365.555555555555,2031,MFT AL 75% - DHAPPQ 25%,#fb8072,0,75.0,004
055-mft-AL75-DHAPPQ25,84,40793.833333333336,2031,MFT AL 75% - DHAPPQ 25%,#fb8072,0,75.0,004
055-mft-AL75-DHAPPQ25,85,43322.22222222222,2031,MFT AL 75% - DHAPPQ 25%,#fb8072,0,75.0,004
055-mft-AL75-DHAPPQ25,86,40396.88888888889,2031,MFT AL 75% - DHAPPQ 25%,#fb8072,0,75.0,004
055-mft-AL75-DHAPPQ25,87,40800.333333333336,2031,MFT AL 75% - DHAPPQ 25%,#fb8072,0,75.0,004
055-mft-AL75-DHAPPQ25,88,41524.11111111111,2031,MFT AL 75% - DHAPPQ 25%,#fb8072,0,75.0,004
055-mft-AL75-DHAPPQ25,89,40556.61111111111,2031,MFT AL 75% - DHAPPQ 25%,#fb8072,0,75.0,004
055-mft-AL75-DHAPPQ25,90,41628.77777777778,2031,MFT AL 75% - DHAPPQ 25%,#fb8072,0,75.0,004
055-mft-AL75-DHAPPQ25,91,44533.61111111111,2031,MFT AL 75% - DHAPPQ 25%,#fb8072,0,75.0,004
055-mft-AL75-DHAPPQ25,92,41766.22222222222,2031,MFT AL 75% - DHAPPQ 25%,#fb8072,0,75.0,004
055-mft-AL75-DHAPPQ25,93,41705.77777777778,2031,MFT AL 75% - DHAPPQ 25%,#fb8072,0,75.0,004
055-mft-AL75-DHAPPQ25,94,40280.555555555555,2031,MFT AL 75% - DHAPPQ 25%,#fb8072,0,75.0,004
055-mft-AL75-DHAPPQ25,95,42934.5,2031,MFT AL 75% - DHAPPQ 25%,#fb8072,0,75.0,004
055-mft-AL75-DHAPPQ25,96,42161.666666666664,2031,MFT AL 75% - DHAPPQ 25%,#fb8072,0,75.0,004
055-mft-AL75-DHAPPQ25,97,41533.22222222222,2031,MFT AL 75% - DHAPPQ 25%,#fb8072,0,75.0,004
055-mft-AL75-DHAPPQ25,98,41772.444444444445,2031,MFT AL 75% - DHAPPQ 25%,#fb8072,0,75.0,004
055-mft-AL75-DHAPPQ25,99,41456.055555555555,2031,MFT AL 75% - DHAPPQ 25%,#fb8072,0,75.0,004
056-mft-ASAQ75-DHAPPQ25,0,26856.166666666668,2031,MFT ASAQ 75% - DHAPPQ 25%,#fb8072,0,0.0,004
056-mft-ASAQ75-DHAPPQ25,1,27132.38888888889,2031,MFT ASAQ 75% - DHAPPQ 25%,#fb8072,0,0.0,004
056-mft-ASAQ75-DHAPPQ25,2,27185.666666666668,2031,MFT ASAQ 75% - DHAPPQ 25%,#fb8072,0,0.0,004
056-mft-ASAQ75-DHAPPQ25,3,28256.38888888889,2031,MFT ASAQ 75% - DHAPPQ 25%,#fb8072,0,0.0,004
056-mft-ASAQ75-DHAPPQ25,4,27072.944444444445,2031,MFT ASAQ 75% - DHAPPQ 25%,#fb8072,0,0.0,004
056-mft-ASAQ75-DHAPPQ25,5,27481.944444444445,2031,MFT ASAQ 75% - DHAPPQ 25%,#fb8072,0,0.0,004
056-mft-ASAQ75-DHAPPQ25,6,27591.38888888889,2031,MFT ASAQ 75% - DHAPPQ 25%,#fb8072,0,0.0,004
056-mft-ASAQ75-DHAPPQ25,7,27677.38888888889,2031,MFT ASAQ 75% - DHAPPQ 25%,#fb8072,0,0.0,004
056-mft-ASAQ75-DHAPPQ25,8,27774.444444444445,2031,MFT ASAQ 75% - DHAPPQ 25%,#fb8072,0,0.0,004
056-mft-ASAQ75-DHAPPQ25,9,27489.777777777777,2031,MFT ASAQ 75% - DHAPPQ 25%,#fb8072,0,0.0,004
056-mft-ASAQ75-DHAPPQ25,10,27182.222222222223,2031,MFT ASAQ 75% - DHAPPQ 25%,#fb8072,0,0.0,004
056-mft-ASAQ75-DHAPPQ25,11,27728.944444444445,2031,MFT ASAQ 75% - DHAPPQ 25%,#fb8072,0,0.0,004
056-mft-ASAQ75-DHAPPQ25,12,27204.222222222223,2031,MFT ASAQ 75% - DHAPPQ 25%,#fb8072,0,0.0,004
056-mft-ASAQ75-DHAPPQ25,13,26635.222222222223,2031,MFT ASAQ 75% - DHAPPQ 25%,#fb8072,0,0.0,004
056-mft-ASAQ75-DHAPPQ25,14,27562.444444444445,2031,MFT ASAQ 75% - DHAPPQ 25%,#fb8072,0,0.0,004
056-mft-ASAQ75-DHAPPQ25,15,27033.5,2031,MFT ASAQ 75% - DHAPPQ 25%,#fb8072,0,0.0,004
056-mft-ASAQ75-DHAPPQ25,16,27555.61111111111,2031,MFT ASAQ 75% - DHAPPQ 25%,#fb8072,0,0.0,004
056-mft-ASAQ75-DHAPPQ25,17,27869.944444444445,2031,MFT ASAQ 75% - DHAPPQ 25%,#fb8072,0,0.0,004
056-mft-ASAQ75-DHAPPQ25,18,27612.5,2031,MFT ASAQ 75% - DHAPPQ 25%,#fb8072,0,0.0,004
056-mft-ASAQ75-DHAPPQ25,19,27502.61111111111,2031,MFT ASAQ 75% - DHAPPQ 25%,#fb8072,0,0.0,004
056-mft-ASAQ75-DHAPPQ25,20,27450.444444444445,2031,MFT ASAQ 75% - DHAPPQ 25%,#fb8072,0,0.0,004
056-mft-ASAQ75-DHAPPQ25,21,26734.38888888889,2031,MFT ASAQ 75% - DHAPPQ 25%,#fb8072,0,0.0,004
056-mft-ASAQ75-DHAPPQ25,22,27382.555555555555,2031,MFT ASAQ 75% - DHAPPQ 25%,#fb8072,0,0.0,004
056-mft-ASAQ75-DHAPPQ25,23,27400.277777777777,2031,MFT ASAQ 75% - DHAPPQ 25%,#fb8072,0,0.0,004
056-mft-ASAQ75-DHAPPQ25,24,27529.38888888889,2031,MFT ASAQ 75% - DHAPPQ 25%,#fb8072,0,0.0,004
056-mft-ASAQ75-DHAPPQ25,25,26908.11111111111,2031,MFT ASAQ 75% - DHAPPQ 25%,#fb8072,0,0.0,004
056-mft-ASAQ75-DHAPPQ25,26,27376.0,2031,MFT ASAQ 75% - DHAPPQ 25%,#fb8072,0,0.0,004
056-mft-ASAQ75-DHAPPQ25,27,27842.5,2031,MFT ASAQ 75% - DHAPPQ 25%,#fb8072,0,0.0,004
056-mft-ASAQ75-DHAPPQ25,28,27337.61111111111,2031,MFT ASAQ 75% - DHAPPQ 25%,#fb8072,0,0.0,004
056-mft-ASAQ75-DHAPPQ25,29,27916.277777777777,2031,MFT ASAQ 75% - DHAPPQ 25%,#fb8072,0,0.0,004
056-mft-ASAQ75-DHAPPQ25,30,27728.444444444445,2031,MFT ASAQ 75% - DHAPPQ 25%,#fb8072,0,0.0,004
056-mft-ASAQ75-DHAPPQ25,31,27904.38888888889,2031,MFT ASAQ 75% - DHAPPQ 25%,#fb8072,0,0.0,004
056-mft-ASAQ75-DHAPPQ25,32,27766.833333333332,2031,MFT ASAQ 75% - DHAPPQ 25%,#fb8072,0,0.0,004
056-mft-ASAQ75-DHAPPQ25,33,27373.277777777777,2031,MFT ASAQ 75% - DHAPPQ 25%,#fb8072,0,0.0,004
056-mft-ASAQ75-DHAPPQ25,34,27066.61111111111,2031,MFT ASAQ 75% - DHAPPQ 25%,#fb8072,0,0.0,004
056-mft-ASAQ75-DHAPPQ25,35,27932.055555555555,2031,MFT ASAQ 75% - DHAPPQ 25%,#fb8072,0,0.0,004
056-mft-ASAQ75-DHAPPQ25,36,27002.277777777777,2031,MFT ASAQ 75% - DHAPPQ 25%,#fb8072,0,0.0,004
056-mft-ASAQ75-DHAPPQ25,37,27578.944444444445,2031,MFT ASAQ 75% - DHAPPQ 25%,#fb8072,0,0.0,004
056-mft-ASAQ75-DHAPPQ25,38,29459.333333333332,2031,MFT ASAQ 75% - DHAPPQ 25%,#fb8072,0,0.0,004
056-mft-ASAQ75-DHAPPQ25,39,26758.222222222223,2031,MFT ASAQ 75% - DHAPPQ 25%,#fb8072,0,0.0,004
056-mft-ASAQ75-DHAPPQ25,40,28024.944444444445,2031,MFT ASAQ 75% - DHAPPQ 25%,#fb8072,0,0.0,004
056-mft-ASAQ75-DHAPPQ25,41,27535.222222222223,2031,MFT ASAQ 75% - DHAPPQ 25%,#fb8072,0,0.0,004
056-mft-ASAQ75-DHAPPQ25,42,28283.444444444445,2031,MFT ASAQ 75% - DHAPPQ 25%,#fb8072,0,0.0,004
056-mft-ASAQ75-DHAPPQ25,43,27372.944444444445,2031,MFT ASAQ 75% - DHAPPQ 25%,#fb8072,0,0.0,004
056-mft-ASAQ75-DHAPPQ25,44,27026.444444444445,2031,MFT ASAQ 75% - DHAPPQ 25%,#fb8072,0,0.0,004
056-mft-ASAQ75-DHAPPQ25,45,27238.0,2031,MFT ASAQ 75% - DHAPPQ 25%,#fb8072,0,0.0,004
056-mft-ASAQ75-DHAPPQ25,46,27013.0,2031,MFT ASAQ 75% - DHAPPQ 25%,#fb8072,0,0.0,004
056-mft-ASAQ75-DHAPPQ25,47,27311.444444444445,2031,MFT ASAQ 75% - DHAPPQ 25%,#fb8072,0,0.0,004
056-mft-ASAQ75-DHAPPQ25,48,27616.444444444445,2031,MFT ASAQ 75% - DHAPPQ 25%,#fb8072,0,0.0,004
056-mft-ASAQ75-DHAPPQ25,49,27251.0,2031,MFT ASAQ 75% - DHAPPQ 25%,#fb8072,0,0.0,004
056-mft-ASAQ75-DHAPPQ25,50,27426.833333333332,2031,MFT ASAQ 75% - DHAPPQ 25%,#fb8072,0,0.0,004
056-mft-ASAQ75-DHAPPQ25,51,27074.11111111111,2031,MFT ASAQ 75% - DHAPPQ 25%,#fb8072,0,0.0,004
056-mft-ASAQ75-DHAPPQ25,52,27623.61111111111,2031,MFT ASAQ 75% - DHAPPQ 25%,#fb8072,0,0.0,004
056-mft-ASAQ75-DHAPPQ25,53,27871.0,2031,MFT ASAQ 75% - DHAPPQ 25%,#fb8072,0,0.0,004
056-mft-ASAQ75-DHAPPQ25,54,27722.38888888889,2031,MFT ASAQ 75% - DHAPPQ 25%,#fb8072,0,0.0,004
056-mft-ASAQ75-DHAPPQ25,55,29070.166666666668,2031,MFT ASAQ 75% - DHAPPQ 25%,#fb8072,0,0.0,004
056-mft-ASAQ75-DHAPPQ25,56,27165.166666666668,2031,MFT ASAQ 75% - DHAPPQ 25%,#fb8072,0,0.0,004
056-mft-ASAQ75-DHAPPQ25,57,27136.555555555555,2031,MFT ASAQ 75% - DHAPPQ 25%,#fb8072,0,0.0,004
056-mft-ASAQ75-DHAPPQ25,58,27776.944444444445,2031,MFT ASAQ 75% - DHAPPQ 25%,#fb8072,0,0.0,004
056-mft-ASAQ75-DHAPPQ25,59,27848.222222222223,2031,MFT ASAQ 75% - DHAPPQ 25%,#fb8072,0,0.0,004
056-mft-ASAQ75-DHAPPQ25,60,27569.833333333332,2031,MFT ASAQ 75% - DHAPPQ 25%,#fb8072,0,0.0,004
056-mft-ASAQ75-DHAPPQ25,61,26990.277777777777,2031,MFT ASAQ 75% - DHAPPQ 25%,#fb8072,0,0.0,004
056-mft-ASAQ75-DHAPPQ25,62,27737.88888888889,2031,MFT ASAQ 75% - DHAPPQ 25%,#fb8072,0,0.0,004
056-mft-ASAQ75-DHAPPQ25,63,27203.166666666668,2031,MFT ASAQ 75% - DHAPPQ 25%,#fb8072,0,0.0,004
056-mft-ASAQ75-DHAPPQ25,64,27321.166666666668,2031,MFT ASAQ 75% - DHAPPQ 25%,#fb8072,0,0.0,004
056-mft-ASAQ75-DHAPPQ25,65,27277.61111111111,2031,MFT ASAQ 75% - DHAPPQ 25%,#fb8072,0,0.0,004
056-mft-ASAQ75-DHAPPQ25,66,26861.777777777777,2031,MFT ASAQ 75% - DHAPPQ 25%,#fb8072,0,0.0,004
056-mft-ASAQ75-DHAPPQ25,67,27352.38888888889,2031,MFT ASAQ 75% - DHAPPQ 25%,#fb8072,0,0.0,004
056-mft-ASAQ75-DHAPPQ25,68,26873.833333333332,2031,MFT ASAQ 75% - DHAPPQ 25%,#fb8072,0,0.0,004
056-mft-ASAQ75-DHAPPQ25,69,27738.444444444445,2031,MFT ASAQ 75% - DHAPPQ 25%,#fb8072,0,0.0,004
056-mft-ASAQ75-DHAPPQ25,70,27654.61111111111,2031,MFT ASAQ 75% - DHAPPQ 25%,#fb8072,0,0.0,004
056-mft-ASAQ75-DHAPPQ25,71,27555.777777777777,2031,MFT ASAQ 75% - DHAPPQ 25%,#fb8072,0,0.0,004
056-mft-ASAQ75-DHAPPQ25,72,27071.38888888889,2031,MFT ASAQ 75% - DHAPPQ 25%,#fb8072,0,0.0,004
056-mft-ASAQ75-DHAPPQ25,73,27899.5,2031,MFT ASAQ 75% - DHAPPQ 25%,#fb8072,0,0.0,004
056-mft-ASAQ75-DHAPPQ25,74,27006.11111111111,2031,MFT ASAQ 75% - DHAPPQ 25%,#fb8072,0,0.0,004
056-mft-ASAQ75-DHAPPQ25,75,28140.722222222223,2031,MFT ASAQ 75% - DHAPPQ 25%,#fb8072,0,0.0,004
056-mft-ASAQ75-DHAPPQ25,76,28367.0,2031,MFT ASAQ 75% - DHAPPQ 25%,#fb8072,0,0.0,004
056-mft-ASAQ75-DHAPPQ25,77,27545.166666666668,2031,MFT ASAQ 75% - DHAPPQ 25%,#fb8072,0,0.0,004
056-mft-ASAQ75-DHAPPQ25,78,26617.666666666668,2031,MFT ASAQ 75% - DHAPPQ 25%,#fb8072,0,0.0,004
056-mft-ASAQ75-DHAPPQ25,79,26687.444444444445,2031,MFT ASAQ 75% - DHAPPQ 25%,#fb8072,0,0.0,004
056-mft-ASAQ75-DHAPPQ25,80,28058.333333333332,2031,MFT ASAQ 75% - DHAPPQ 25%,#fb8072,0,0.0,004
056-mft-ASAQ75-DHAPPQ25,81,27248.88888888889,2031,MFT ASAQ 75% - DHAPPQ 25%,#fb8072,0,0.0,004
056-mft-ASAQ75-DHAPPQ25,82,26807.444444444445,2031,MFT ASAQ 75% - DHAPPQ 25%,#fb8072,0,0.0,004
056-mft-ASAQ75-DHAPPQ25,83,27665.222222222223,2031,MFT ASAQ 75% - DHAPPQ 25%,#fb8072,0,0.0,004
056-mft-ASAQ75-DHAPPQ25,84,26812.5,2031,MFT ASAQ 75% - DHAPPQ 25%,#fb8072,0,0.0,004
056-mft-ASAQ75-DHAPPQ25,85,27407.11111111111,2031,MFT ASAQ 75% - DHAPPQ 25%,#fb8072,0,0.0,004
056-mft-ASAQ75-DHAPPQ25,86,26851.444444444445,2031,MFT ASAQ 75% - DHAPPQ 25%,#fb8072,0,0.0,004
056-mft-ASAQ75-DHAPPQ25,87,26554.5,2031,MFT ASAQ 75% - DHAPPQ 25%,#fb8072,0,0.0,004
056-mft-ASAQ75-DHAPPQ25,88,27132.944444444445,2031,MFT ASAQ 75% - DHAPPQ 25%,#fb8072,0,0.0,004
056-mft-ASAQ75-DHAPPQ25,89,28189.722222222223,2031,MFT ASAQ 75% - DHAPPQ 25%,#fb8072,0,0.0,004
056-mft-ASAQ75-DHAPPQ25,90,27754.722222222223,2031,MFT ASAQ 75% - DHAPPQ 25%,#fb8072,0,0.0,004
056-mft-ASAQ75-DHAPPQ25,91,27826.833333333332,2031,MFT ASAQ 75% - DHAPPQ 25%,#fb8072,0,0.0,004
056-mft-ASAQ75-DHAPPQ25,92,27673.0,2031,MFT ASAQ 75% - DHAPPQ 25%,#fb8072,0,0.0,004
056-mft-ASAQ75-DHAPPQ25,93,27172.166666666668,2031,MFT ASAQ 75% - DHAPPQ 25%,#fb8072,0,0.0,004
056-mft-ASAQ75-DHAPPQ25,94,27403.11111111111,2031,MFT ASAQ 75% - DHAPPQ 25%,#fb8072,0,0.0,004
056-mft-ASAQ75-DHAPPQ25,95,27764.333333333332,2031,MFT ASAQ 75% - DHAPPQ 25%,#fb8072,0,0.0,004
056-mft-ASAQ75-DHAPPQ25,96,27134.333333333332,2031,MFT ASAQ 75% - DHAPPQ 25%,#fb8072,0,0.0,004
056-mft-ASAQ75-DHAPPQ25,97,26758.11111111111,2031,MFT ASAQ 75% - DHAPPQ 25%,#fb8072,0,0.0,004
056-mft-ASAQ75-DHAPPQ25,98,27813.833333333332,2031,MFT ASAQ 75% - DHAPPQ 25%,#fb8072,0,0.0,004
056-mft-ASAQ75-DHAPPQ25,99,27500.5,2031,MFT ASAQ 75% - DHAPPQ 25%,#fb8072,0,0.0,004
057-mft-AL50-ASAQ50,0,36631.444444444445,2031,MFT AL 50% - ASAQ 50%,#fb8072,0,50.0,004
057-mft-AL50-ASAQ50,1,35367.61111111111,2031,MFT AL 50% - ASAQ 50%,#fb8072,0,50.0,004
057-mft-AL50-ASAQ50,2,36475.22222222222,2031,MFT AL 50% - ASAQ 50%,#fb8072,0,50.0,004
057-mft-AL50-ASAQ50,3,35661.833333333336,2031,MFT AL 50% - ASAQ 50%,#fb8072,0,50.0,004
057-mft-AL50-ASAQ50,4,35996.444444444445,2031,MFT AL 50% - ASAQ 50%,#fb8072,0,50.0,004
057-mft-AL50-ASAQ50,5,36316.055555555555,2031,MFT AL 50% - ASAQ 50%,#fb8072,0,50.0,004
057-mft-AL50-ASAQ50,6,34608.333333333336,2031,MFT AL 50% - ASAQ 50%,#fb8072,0,50.0,004
057-mft-AL50-ASAQ50,7,36311.833333333336,2031,MFT AL 50% - ASAQ 50%,#fb8072,0,50.0,004
057-mft-AL50-ASAQ50,8,35305.666666666664,2031,MFT AL 50% - ASAQ 50%,#fb8072,0,50.0,004
057-mft-AL50-ASAQ50,9,35777.944444444445,2031,MFT AL 50% - ASAQ 50%,#fb8072,0,50.0,004
057-mft-AL50-ASAQ50,10,36098.166666666664,2031,MFT AL 50% - ASAQ 50%,#fb8072,0,50.0,004
057-mft-AL50-ASAQ50,11,35713.166666666664,2031,MFT AL 50% - ASAQ 50%,#fb8072,0,50.0,004
057-mft-AL50-ASAQ50,12,35863.666666666664,2031,MFT AL 50% - ASAQ 50%,#fb8072,0,50.0,004
057-mft-AL50-ASAQ50,13,35313.166666666664,2031,MFT AL 50% - ASAQ 50%,#fb8072,0,50.0,004
057-mft-AL50-ASAQ50,14,34951.72222222222,2031,MFT AL 50% - ASAQ 50%,#fb8072,0,50.0,004
057-mft-AL50-ASAQ50,15,37323.833333333336,2031,MFT AL 50% - ASAQ 50%,#fb8072,0,50.0,004
057-mft-AL50-ASAQ50,16,36294.0,2031,MFT AL 50% - ASAQ 50%,#fb8072,0,50.0,004
057-mft-AL50-ASAQ50,17,34959.944444444445,2031,MFT AL 50% - ASAQ 50%,#fb8072,0,50.0,004
057-mft-AL50-ASAQ50,18,35153.166666666664,2031,MFT AL 50% - ASAQ 50%,#fb8072,0,50.0,004
057-mft-AL50-ASAQ50,19,36563.22222222222,2031,MFT AL 50% - ASAQ 50%,#fb8072,0,50.0,004
057-mft-AL50-ASAQ50,20,36211.72222222222,2031,MFT AL 50% - ASAQ 50%,#fb8072,0,50.0,004
057-mft-AL50-ASAQ50,21,37251.5,2031,MFT AL 50% - ASAQ 50%,#fb8072,0,50.0,004
057-mft-AL50-ASAQ50,22,35838.833333333336,2031,MFT AL 50% - ASAQ 50%,#fb8072,0,50.0,004
057-mft-AL50-ASAQ50,23,37322.11111111111,2031,MFT AL 50% - ASAQ 50%,#fb8072,0,50.0,004
057-mft-AL50-ASAQ50,24,35845.38888888889,2031,MFT AL 50% - ASAQ 50%,#fb8072,0,50.0,004
057-mft-AL50-ASAQ50,25,37734.166666666664,2031,MFT AL 50% - ASAQ 50%,#fb8072,0,50.0,004
057-mft-AL50-ASAQ50,26,37018.666666666664,2031,MFT AL 50% - ASAQ 50%,#fb8072,0,50.0,004
057-mft-AL50-ASAQ50,27,36375.444444444445,2031,MFT AL 50% - ASAQ 50%,#fb8072,0,50.0,004
057-mft-AL50-ASAQ50,28,35612.38888888889,2031,MFT AL 50% - ASAQ 50%,#fb8072,0,50.0,004
057-mft-AL50-ASAQ50,29,36044.5,2031,MFT AL 50% - ASAQ 50%,#fb8072,0,50.0,004
057-mft-AL50-ASAQ50,30,35447.055555555555,2031,MFT AL 50% - ASAQ 50%,#fb8072,0,50.0,004
057-mft-AL50-ASAQ50,31,36784.055555555555,2031,MFT AL 50% - ASAQ 50%,#fb8072,0,50.0,004
057-mft-AL50-ASAQ50,32,37257.22222222222,2031,MFT AL 50% - ASAQ 50%,#fb8072,0,50.0,004
057-mft-AL50-ASAQ50,33,35834.333333333336,2031,MFT AL 50% - ASAQ 50%,#fb8072,0,50.0,004
057-mft-AL50-ASAQ50,34,35663.944444444445,2031,MFT AL 50% - ASAQ 50%,#fb8072,0,50.0,004
057-mft-AL50-ASAQ50,35,35787.77777777778,2031,MFT AL 50% - ASAQ 50%,#fb8072,0,50.0,004
057-mft-AL50-ASAQ50,36,37992.22222222222,2031,MFT AL 50% - ASAQ 50%,#fb8072,0,50.0,004
057-mft-AL50-ASAQ50,37,36255.77777777778,2031,MFT AL 50% - ASAQ 50%,#fb8072,0,50.0,004
057-mft-AL50-ASAQ50,38,36944.88888888889,2031,MFT AL 50% - ASAQ 50%,#fb8072,0,50.0,004
057-mft-AL50-ASAQ50,39,35797.055555555555,2031,MFT AL 50% - ASAQ 50%,#fb8072,0,50.0,004
057-mft-AL50-ASAQ50,40,36009.833333333336,2031,MFT AL 50% - ASAQ 50%,#fb8072,0,50.0,004
057-mft-AL50-ASAQ50,41,36332.38888888889,2031,MFT AL 50% - ASAQ 50%,#fb8072,0,50.0,004
057-mft-AL50-ASAQ50,42,36300.77777777778,2031,MFT AL 50% - ASAQ 50%,#fb8072,0,50.0,004
057-mft-AL50-ASAQ50,43,36192.77777777778,2031,MFT AL 50% - ASAQ 50%,#fb8072,0,50.0,004
057-mft-AL50-ASAQ50,44,36244.22222222222,2031,MFT AL 50% - ASAQ 50%,#fb8072,0,50.0,004
057-mft-AL50-ASAQ50,45,35889.22222222222,2031,MFT AL 50% - ASAQ 50%,#fb8072,0,50.0,004
057-mft-AL50-ASAQ50,46,34861.166666666664,2031,MFT AL 50% - ASAQ 50%,#fb8072,0,50.0,004
057-mft-AL50-ASAQ50,47,36858.166666666664,2031,MFT AL 50% - ASAQ 50%,#fb8072,0,50.0,004
057-mft-AL50-ASAQ50,48,36186.055555555555,2031,MFT AL 50% - ASAQ 50%,#fb8072,0,50.0,004
057-mft-AL50-ASAQ50,49,36325.166666666664,2031,MFT AL 50% - ASAQ 50%,#fb8072,0,50.0,004
057-mft-AL50-ASAQ50,50,35856.555555555555,2031,MFT AL 50% - ASAQ 50%,#fb8072,0,50.0,004
057-mft-AL50-ASAQ50,51,36192.055555555555,2031,MFT AL 50% - ASAQ 50%,#fb8072,0,50.0,004
057-mft-AL50-ASAQ50,52,34923.61111111111,2031,MFT AL 50% - ASAQ 50%,#fb8072,0,50.0,004
057-mft-AL50-ASAQ50,53,36355.27777777778,2031,MFT AL 50% - ASAQ 50%,#fb8072,0,50.0,004
057-mft-AL50-ASAQ50,54,36338.88888888889,2031,MFT AL 50% - ASAQ 50%,#fb8072,0,50.0,004
057-mft-AL50-ASAQ50,55,37445.88888888889,2031,MFT AL 50% - ASAQ 50%,#fb8072,0,50.0,004
057-mft-AL50-ASAQ50,56,35720.444444444445,2031,MFT AL 50% - ASAQ 50%,#fb8072,0,50.0,004
057-mft-AL50-ASAQ50,57,34974.333333333336,2031,MFT AL 50% - ASAQ 50%,#fb8072,0,50.0,004
057-mft-AL50-ASAQ50,58,35296.166666666664,2031,MFT AL 50% - ASAQ 50%,#fb8072,0,50.0,004
057-mft-AL50-ASAQ50,59,36184.555555555555,2031,MFT AL 50% - ASAQ 50%,#fb8072,0,50.0,004
057-mft-AL50-ASAQ50,60,36543.5,2031,MFT AL 50% - ASAQ 50%,#fb8072,0,50.0,004
057-mft-AL50-ASAQ50,61,36516.555555555555,2031,MFT AL 50% - ASAQ 50%,#fb8072,0,50.0,004
057-mft-AL50-ASAQ50,62,35666.11111111111,2031,MFT AL 50% - ASAQ 50%,#fb8072,0,50.0,004
057-mft-AL50-ASAQ50,63,37669.88888888889,2031,MFT AL 50% - ASAQ 50%,#fb8072,0,50.0,004
057-mft-AL50-ASAQ50,64,36031.27777777778,2031,MFT AL 50% - ASAQ 50%,#fb8072,0,50.0,004
057-mft-AL50-ASAQ50,65,36245.055555555555,2031,MFT AL 50% - ASAQ 50%,#fb8072,0,50.0,004
057-mft-AL50-ASAQ50,66,35254.555555555555,2031,MFT AL 50% - ASAQ 50%,#fb8072,0,50.0,004
057-mft-AL50-ASAQ50,67,39771.444444444445,2031,MFT AL 50% - ASAQ 50%,#fb8072,0,50.0,004
057-mft-AL50-ASAQ50,68,36760.333333333336,2031,MFT AL 50% - ASAQ 50%,#fb8072,0,50.0,004
057-mft-AL50-ASAQ50,69,35185.77777777778,2031,MFT AL 50% - ASAQ 50%,#fb8072,0,50.0,004
057-mft-AL50-ASAQ50,70,35000.833333333336,2031,MFT AL 50% - ASAQ 50%,#fb8072,0,50.0,004
057-mft-AL50-ASAQ50,71,34735.88888888889,2031,MFT AL 50% - ASAQ 50%,#fb8072,0,50.0,004
057-mft-AL50-ASAQ50,72,35154.444444444445,2031,MFT AL 50% - ASAQ 50%,#fb8072,0,50.0,004
057-mft-AL50-ASAQ50,73,34772.27777777778,2031,MFT AL 50% - ASAQ 50%,#fb8072,0,50.0,004
057-mft-AL50-ASAQ50,74,36575.666666666664,2031,MFT AL 50% - ASAQ 50%,#fb8072,0,50.0,004
057-mft-AL50-ASAQ50,75,35872.666666666664,2031,MFT AL 50% - ASAQ 50%,#fb8072,0,50.0,004
057-mft-AL50-ASAQ50,76,37524.38888888889,2031,MFT AL 50% - ASAQ 50%,#fb8072,0,50.0,004
057-mft-AL50-ASAQ50,77,37953.333333333336,2031,MFT AL 50% - ASAQ 50%,#fb8072,0,50.0,004
057-mft-AL50-ASAQ50,78,35871.38888888889,2031,MFT AL 50% - ASAQ 50%,#fb8072,0,50.0,004
057-mft-AL50-ASAQ50,79,36681.88888888889,2031,MFT AL 50% - ASAQ 50%,#fb8072,0,50.0,004
057-mft-AL50-ASAQ50,80,35566.61111111111,2031,MFT AL 50% - ASAQ 50%,#fb8072,0,50.0,004
057-mft-AL50-ASAQ50,81,35682.72222222222,2031,MFT AL 50% - ASAQ 50%,#fb8072,0,50.0,004
057-mft-AL50-ASAQ50,82,37388.27777777778,2031,MFT AL 50% - ASAQ 50%,#fb8072,0,50.0,004
057-mft-AL50-ASAQ50,83,38043.833333333336,2031,MFT AL 50% - ASAQ 50%,#fb8072,0,50.0,004
057-mft-AL50-ASAQ50,84,35372.72222222222,2031,MFT AL 50% - ASAQ 50%,#fb8072,0,50.0,004
057-mft-AL50-ASAQ50,85,36806.055555555555,2031,MFT AL 50% - ASAQ 50%,#fb8072,0,50.0,004
057-mft-AL50-ASAQ50,86,35193.77777777778,2031,MFT AL 50% - ASAQ 50%,#fb8072,0,50.0,004
057-mft-AL50-ASAQ50,87,36728.27777777778,2031,MFT AL 50% - ASAQ 50%,#fb8072,0,50.0,004
057-mft-AL50-ASAQ50,88,34880.944444444445,2031,MFT AL 50% - ASAQ 50%,#fb8072,0,50.0,004
057-mft-AL50-ASAQ50,89,36200.555555555555,2031,MFT AL 50% - ASAQ 50%,#fb8072,0,50.0,004
057-mft-AL50-ASAQ50,90,35517.11111111111,2031,MFT AL 50% - ASAQ 50%,#fb8072,0,50.0,004
057-mft-AL50-ASAQ50,91,36343.0,2031,MFT AL 50% - ASAQ 50%,#fb8072,0,50.0,004
057-mft-AL50-ASAQ50,92,35491.77777777778,2031,MFT AL 50% - ASAQ 50%,#fb8072,0,50.0,004
057-mft-AL50-ASAQ50,93,36598.61111111111,2031,MFT AL 50% - ASAQ 50%,#fb8072,0,50.0,004
057-mft-AL50-ASAQ50,94,35372.88888888889,2031,MFT AL 50% - ASAQ 50%,#fb8072,0,50.0,004
057-mft-AL50-ASAQ50,95,35823.055555555555,2031,MFT AL 50% - ASAQ 50%,#fb8072,0,50.0,004
057-mft-AL50-ASAQ50,96,35651.166666666664,2031,MFT AL 50% - ASAQ 50%,#fb8072,0,50.0,004
057-mft-AL50-ASAQ50,97,36202.944444444445,2031,MFT AL 50% - ASAQ 50%,#fb8072,0,50.0,004
057-mft-AL50-ASAQ50,98,36815.333333333336,2031,MFT AL 50% - ASAQ 50%,#fb8072,0,50.0,004
057-mft-AL50-ASAQ50,99,35674.27777777778,2031,MFT AL 50% - ASAQ 50%,#fb8072,0,50.0,004
058-mft-AL50-DHAPPQ50,0,36945.833333333336,2031,MFT AL 50% - DHAPPQ 50%,#fb8072,0,50.0,004
058-mft-AL50-DHAPPQ50,1,39069.444444444445,2031,MFT AL 50% - DHAPPQ 50%,#fb8072,0,50.0,004
058-mft-AL50-DHAPPQ50,2,38505.27777777778,2031,MFT AL 50% - DHAPPQ 50%,#fb8072,0,50.0,004
058-mft-AL50-DHAPPQ50,3,38037.5,2031,MFT AL 50% - DHAPPQ 50%,#fb8072,0,50.0,004
058-mft-AL50-DHAPPQ50,4,37667.666666666664,2031,MFT AL 50% - DHAPPQ 50%,#fb8072,0,50.0,004
058-mft-AL50-DHAPPQ50,5,36598.166666666664,2031,MFT AL 50% - DHAPPQ 50%,#fb8072,0,50.0,004
058-mft-AL50-DHAPPQ50,6,37472.055555555555,2031,MFT AL 50% - DHAPPQ 50%,#fb8072,0,50.0,004
058-mft-AL50-DHAPPQ50,7,37934.22222222222,2031,MFT AL 50% - DHAPPQ 50%,#fb8072,0,50.0,004
058-mft-AL50-DHAPPQ50,8,37725.11111111111,2031,MFT AL 50% - DHAPPQ 50%,#fb8072,0,50.0,004
058-mft-AL50-DHAPPQ50,9,37508.555555555555,2031,MFT AL 50% - DHAPPQ 50%,#fb8072,0,50.0,004
058-mft-AL50-DHAPPQ50,10,37841.944444444445,2031,MFT AL 50% - DHAPPQ 50%,#fb8072,0,50.0,004
058-mft-AL50-DHAPPQ50,11,37513.444444444445,2031,MFT AL 50% - DHAPPQ 50%,#fb8072,0,50.0,004
058-mft-AL50-DHAPPQ50,12,38057.055555555555,2031,MFT AL 50% - DHAPPQ 50%,#fb8072,0,50.0,004
058-mft-AL50-DHAPPQ50,13,37368.944444444445,2031,MFT AL 50% - DHAPPQ 50%,#fb8072,0,50.0,004
058-mft-AL50-DHAPPQ50,14,40476.166666666664,2031,MFT AL 50% - DHAPPQ 50%,#fb8072,0,50.0,004
058-mft-AL50-DHAPPQ50,15,37541.333333333336,2031,MFT AL 50% - DHAPPQ 50%,#fb8072,0,50.0,004
058-mft-AL50-DHAPPQ50,16,37644.055555555555,2031,MFT AL 50% - DHAPPQ 50%,#fb8072,0,50.0,004
058-mft-AL50-DHAPPQ50,17,37481.333333333336,2031,MFT AL 50% - DHAPPQ 50%,#fb8072,0,50.0,004
058-mft-AL50-DHAPPQ50,18,37838.333333333336,2031,MFT AL 50% - DHAPPQ 50%,#fb8072,0,50.0,004
058-mft-AL50-DHAPPQ50,19,37174.555555555555,2031,MFT AL 50% - DHAPPQ 50%,#fb8072,0,50.0,004
058-mft-AL50-DHAPPQ50,20,39493.61111111111,2031,MFT AL 50% - DHAPPQ 50%,#fb8072,0,50.0,004
058-mft-AL50-DHAPPQ50,21,37722.333333333336,2031,MFT AL 50% - DHAPPQ 50%,#fb8072,0,50.0,004
058-mft-AL50-DHAPPQ50,22,38000.555555555555,2031,MFT AL 50% - DHAPPQ 50%,#fb8072,0,50.0,004
058-mft-AL50-DHAPPQ50,23,36888.22222222222,2031,MFT AL 50% - DHAPPQ 50%,#fb8072,0,50.0,004
058-mft-AL50-DHAPPQ50,24,37428.11111111111,2031,MFT AL 50% - DHAPPQ 50%,#fb8072,0,50.0,004
058-mft-AL50-DHAPPQ50,25,37532.666666666664,2031,MFT AL 50% - DHAPPQ 50%,#fb8072,0,50.0,004
058-mft-AL50-DHAPPQ50,26,36520.27777777778,2031,MFT AL 50% - DHAPPQ 50%,#fb8072,0,50.0,004
058-mft-AL50-DHAPPQ50,27,36844.444444444445,2031,MFT AL 50% - DHAPPQ 50%,#fb8072,0,50.0,004
058-mft-AL50-DHAPPQ50,28,36892.11111111111,2031,MFT AL 50% - DHAPPQ 50%,#fb8072,0,50.0,004
058-mft-AL50-DHAPPQ50,29,37854.61111111111,2031,MFT AL 50% - DHAPPQ 50%,#fb8072,0,50.0,004
058-mft-AL50-DHAPPQ50,30,39737.72222222222,2031,MFT AL 50% - DHAPPQ 50%,#fb8072,0,50.0,004
058-mft-AL50-DHAPPQ50,31,37980.22222222222,2031,MFT AL 50% - DHAPPQ 50%,#fb8072,0,50.0,004
058-mft-AL50-DHAPPQ50,32,36333.27777777778,2031,MFT AL 50% - DHAPPQ 50%,#fb8072,0,50.0,004
058-mft-AL50-DHAPPQ50,33,38808.944444444445,2031,MFT AL 50% - DHAPPQ 50%,#fb8072,0,50.0,004
058-mft-AL50-DHAPPQ50,34,38000.055555555555,2031,MFT AL 50% - DHAPPQ 50%,#fb8072,0,50.0,004
058-mft-AL50-DHAPPQ50,35,37788.11111111111,2031,MFT AL 50% - DHAPPQ 50%,#fb8072,0,50.0,004
058-mft-AL50-DHAPPQ50,36,38492.5,2031,MFT AL 50% - DHAPPQ 50%,#fb8072,0,50.0,004
058-mft-AL50-DHAPPQ50,37,37702.27777777778,2031,MFT AL 50% - DHAPPQ 50%,#fb8072,0,50.0,004
058-mft-AL50-DHAPPQ50,38,37556.72222222222,2031,MFT AL 50% - DHAPPQ 50%,#fb8072,0,50.0,004
058-mft-AL50-DHAPPQ50,39,37516.555555555555,2031,MFT AL 50% - DHAPPQ 50%,#fb8072,0,50.0,004
058-mft-AL50-DHAPPQ50,40,37738.055555555555,2031,MFT AL 50% - DHAPPQ 50%,#fb8072,0,50.0,004
058-mft-AL50-DHAPPQ50,41,37456.22222222222,2031,MFT AL 50% - DHAPPQ 50%,#fb8072,0,50.0,004
058-mft-AL50-DHAPPQ50,42,36542.77777777778,2031,MFT AL 50% - DHAPPQ 50%,#fb8072,0,50.0,004
058-mft-AL50-DHAPPQ50,43,36729.22222222222,2031,MFT AL 50% - DHAPPQ 50%,#fb8072,0,50.0,004
058-mft-AL50-DHAPPQ50,44,38156.61111111111,2031,MFT AL 50% - DHAPPQ 50%,#fb8072,0,50.0,004
058-mft-AL50-DHAPPQ50,45,36482.833333333336,2031,MFT AL 50% - DHAPPQ 50%,#fb8072,0,50.0,004
058-mft-AL50-DHAPPQ50,46,41748.666666666664,2031,MFT AL 50% - DHAPPQ 50%,#fb8072,0,50.0,004
058-mft-AL50-DHAPPQ50,47,37337.555555555555,2031,MFT AL 50% - DHAPPQ 50%,#fb8072,0,50.0,004
058-mft-AL50-DHAPPQ50,48,38118.944444444445,2031,MFT AL 50% - DHAPPQ 50%,#fb8072,0,50.0,004
058-mft-AL50-DHAPPQ50,49,37694.77777777778,2031,MFT AL 50% - DHAPPQ 50%,#fb8072,0,50.0,004
058-mft-AL50-DHAPPQ50,50,37938.944444444445,2031,MFT AL 50% - DHAPPQ 50%,#fb8072,0,50.0,004
058-mft-AL50-DHAPPQ50,51,36489.444444444445,2031,MFT AL 50% - DHAPPQ 50%,#fb8072,0,50.0,004
058-mft-AL50-DHAPPQ50,52,36974.5,2031,MFT AL 50% - DHAPPQ 50%,#fb8072,0,50.0,004
058-mft-AL50-DHAPPQ50,53,37128.72222222222,2031,MFT AL 50% - DHAPPQ 50%,#fb8072,0,50.0,004
058-mft-AL50-DHAPPQ50,54,36411.444444444445,2031,MFT AL 50% - DHAPPQ 50%,#fb8072,0,50.0,004
058-mft-AL50-DHAPPQ50,55,38751.555555555555,2031,MFT AL 50% - DHAPPQ 50%,#fb8072,0,50.0,004
058-mft-AL50-DHAPPQ50,56,37987.055555555555,2031,MFT AL 50% - DHAPPQ 50%,#fb8072,0,50.0,004
058-mft-AL50-DHAPPQ50,57,37954.555555555555,2031,MFT AL 50% - DHAPPQ 50%,#fb8072,0,50.0,004
058-mft-AL50-DHAPPQ50,58,37121.166666666664,2031,MFT AL 50% - DHAPPQ 50%,#fb8072,0,50.0,004
058-mft-AL50-DHAPPQ50,59,36938.27777777778,2031,MFT AL 50% - DHAPPQ 50%,#fb8072,0,50.0,004
058-mft-AL50-DHAPPQ50,60,36429.88888888889,2031,MFT AL 50% - DHAPPQ 50%,#fb8072,0,50.0,004
058-mft-AL50-DHAPPQ50,61,37133.166666666664,2031,MFT AL 50% - DHAPPQ 50%,#fb8072,0,50.0,004
058-mft-AL50-DHAPPQ50,62,37377.055555555555,2031,MFT AL 50% - DHAPPQ 50%,#fb8072,0,50.0,004
058-mft-AL50-DHAPPQ50,63,37599.555555555555,2031,MFT AL 50% - DHAPPQ 50%,#fb8072,0,50.0,004
058-mft-AL50-DHAPPQ50,64,36742.833333333336,2031,MFT AL 50% - DHAPPQ 50%,#fb8072,0,50.0,004
058-mft-AL50-DHAPPQ50,65,37550.27777777778,2031,MFT AL 50% - DHAPPQ 50%,#fb8072,0,50.0,004
058-mft-AL50-DHAPPQ50,66,38442.38888888889,2031,MFT AL 50% - DHAPPQ 50%,#fb8072,0,50.0,004
058-mft-AL50-DHAPPQ50,67,38271.944444444445,2031,MFT AL 50% - DHAPPQ 50%,#fb8072,0,50.0,004
058-mft-AL50-DHAPPQ50,68,36721.38888888889,2031,MFT AL 50% - DHAPPQ 50%,#fb8072,0,50.0,004
058-mft-AL50-DHAPPQ50,69,36687.333333333336,2031,MFT AL 50% - DHAPPQ 50%,#fb8072,0,50.0,004
058-mft-AL50-DHAPPQ50,70,38944.5,2031,MFT AL 50% - DHAPPQ 50%,#fb8072,0,50.0,004
058-mft-AL50-DHAPPQ50,71,37022.77777777778,2031,MFT AL 50% - DHAPPQ 50%,#fb8072,0,50.0,004
058-mft-AL50-DHAPPQ50,72,35882.166666666664,2031,MFT AL 50% - DHAPPQ 50%,#fb8072,0,50.0,004
058-mft-AL50-DHAPPQ50,73,35790.833333333336,2031,MFT AL 50% - DHAPPQ 50%,#fb8072,0,50.0,004
058-mft-AL50-DHAPPQ50,74,37048.5,2031,MFT AL 50% - DHAPPQ 50%,#fb8072,0,50.0,004
058-mft-AL50-DHAPPQ50,75,36297.5,2031,MFT AL 50% - DHAPPQ 50%,#fb8072,0,50.0,004
058-mft-AL50-DHAPPQ50,76,37895.77777777778,2031,MFT AL 50% - DHAPPQ 50%,#fb8072,0,50.0,004
058-mft-AL50-DHAPPQ50,77,35798.555555555555,2031,MFT AL 50% - DHAPPQ 50%,#fb8072,0,50.0,004
058-mft-AL50-DHAPPQ50,78,37327.0,2031,MFT AL 50% - DHAPPQ 50%,#fb8072,0,50.0,004
058-mft-AL50-DHAPPQ50,79,37431.166666666664,2031,MFT AL 50% - DHAPPQ 50%,#fb8072,0,50.0,004
058-mft-AL50-DHAPPQ50,80,37032.88888888889,2031,MFT AL 50% - DHAPPQ 50%,#fb8072,0,50.0,004
058-mft-AL50-DHAPPQ50,81,38218.61111111111,2031,MFT AL 50% - DHAPPQ 50%,#fb8072,0,50.0,004
058-mft-AL50-DHAPPQ50,82,38289.555555555555,2031,MFT AL 50% - DHAPPQ 50%,#fb8072,0,50.0,004
058-mft-AL50-DHAPPQ50,83,38209.333333333336,2031,MFT AL 50% - DHAPPQ 50%,#fb8072,0,50.0,004
058-mft-AL50-DHAPPQ50,84,37272.833333333336,2031,MFT AL 50% - DHAPPQ 50%,#fb8072,0,50.0,004
058-mft-AL50-DHAPPQ50,85,38305.0,2031,MFT AL 50% - DHAPPQ 50%,#fb8072,0,50.0,004
058-mft-AL50-DHAPPQ50,86,41940.5,2031,MFT AL 50% - DHAPPQ 50%,#fb8072,0,50.0,004
058-mft-AL50-DHAPPQ50,87,37285.166666666664,2031,MFT AL 50% - DHAPPQ 50%,#fb8072,0,50.0,004
058-mft-AL50-DHAPPQ50,88,37625.055555555555,2031,MFT AL 50% - DHAPPQ 50%,#fb8072,0,50.0,004
058-mft-AL50-DHAPPQ50,89,37210.833333333336,2031,MFT AL 50% - DHAPPQ 50%,#fb8072,0,50.0,004
058-mft-AL50-DHAPPQ50,90,36395.38888888889,2031,MFT AL 50% - DHAPPQ 50%,#fb8072,0,50.0,004
058-mft-AL50-DHAPPQ50,91,38051.27777777778,2031,MFT AL 50% - DHAPPQ 50%,#fb8072,0,50.0,004
058-mft-AL50-DHAPPQ50,92,37912.944444444445,2031,MFT AL 50% - DHAPPQ 50%,#fb8072,0,50.0,004
058-mft-AL50-DHAPPQ50,93,36924.27777777778,2031,MFT AL 50% - DHAPPQ 50%,#fb8072,0,50.0,004
058-mft-AL50-DHAPPQ50,94,37055.5,2031,MFT AL 50% - DHAPPQ 50%,#fb8072,0,50.0,004
058-mft-AL50-DHAPPQ50,95,38002.38888888889,2031,MFT AL 50% - DHAPPQ 50%,#fb8072,0,50.0,004
058-mft-AL50-DHAPPQ50,96,38015.38888888889,2031,MFT AL 50% - DHAPPQ 50%,#fb8072,0,50.0,004
058-mft-AL50-DHAPPQ50,97,37641.0,2031,MFT AL 50% - DHAPPQ 50%,#fb8072,0,50.0,004
058-mft-AL50-DHAPPQ50,98,37435.5,2031,MFT AL 50% - DHAPPQ 50%,#fb8072,0,50.0,004
058-mft-AL50-DHAPPQ50,99,36375.055555555555,2031,MFT AL 50% - DHAPPQ 50%,#fb8072,0,50.0,004
059-mft-ASAQ50-DHAPPQ50,0,29866.944444444445,2031,MFT ASAQ 50% - DHAPPQ 50%,#fb8072,0,0.0,004
059-mft-ASAQ50-DHAPPQ50,1,28766.777777777777,2031,MFT ASAQ 50% - DHAPPQ 50%,#fb8072,0,0.0,004
059-mft-ASAQ50-DHAPPQ50,2,28651.38888888889,2031,MFT ASAQ 50% - DHAPPQ 50%,#fb8072,0,0.0,004
059-mft-ASAQ50-DHAPPQ50,3,30453.444444444445,2031,MFT ASAQ 50% - DHAPPQ 50%,#fb8072,0,0.0,004
059-mft-ASAQ50-DHAPPQ50,4,28704.833333333332,2031,MFT ASAQ 50% - DHAPPQ 50%,#fb8072,0,0.0,004
059-mft-ASAQ50-DHAPPQ50,5,29280.777777777777,2031,MFT ASAQ 50% - DHAPPQ 50%,#fb8072,0,0.0,004
059-mft-ASAQ50-DHAPPQ50,6,30102.444444444445,2031,MFT ASAQ 50% - DHAPPQ 50%,#fb8072,0,0.0,004
059-mft-ASAQ50-DHAPPQ50,7,29120.38888888889,2031,MFT ASAQ 50% - DHAPPQ 50%,#fb8072,0,0.0,004
059-mft-ASAQ50-DHAPPQ50,8,29338.11111111111,2031,MFT ASAQ 50% - DHAPPQ 50%,#fb8072,0,0.0,004
059-mft-ASAQ50-DHAPPQ50,9,28412.5,2031,MFT ASAQ 50% - DHAPPQ 50%,#fb8072,0,0.0,004
059-mft-ASAQ50-DHAPPQ50,10,28240.5,2031,MFT ASAQ 50% - DHAPPQ 50%,#fb8072,0,0.0,004
059-mft-ASAQ50-DHAPPQ50,11,29769.722222222223,2031,MFT ASAQ 50% - DHAPPQ 50%,#fb8072,0,0.0,004
059-mft-ASAQ50-DHAPPQ50,12,30157.666666666668,2031,MFT ASAQ 50% - DHAPPQ 50%,#fb8072,0,0.0,004
059-mft-ASAQ50-DHAPPQ50,13,28547.61111111111,2031,MFT ASAQ 50% - DHAPPQ 50%,#fb8072,0,0.0,004
059-mft-ASAQ50-DHAPPQ50,14,28485.722222222223,2031,MFT ASAQ 50% - DHAPPQ 50%,#fb8072,0,0.0,004
059-mft-ASAQ50-DHAPPQ50,15,28400.5,2031,MFT ASAQ 50% - DHAPPQ 50%,#fb8072,0,0.0,004
059-mft-ASAQ50-DHAPPQ50,16,28386.11111111111,2031,MFT ASAQ 50% - DHAPPQ 50%,#fb8072,0,0.0,004
059-mft-ASAQ50-DHAPPQ50,17,28655.944444444445,2031,MFT ASAQ 50% - DHAPPQ 50%,#fb8072,0,0.0,004
059-mft-ASAQ50-DHAPPQ50,18,28621.0,2031,MFT ASAQ 50% - DHAPPQ 50%,#fb8072,0,0.0,004
059-mft-ASAQ50-DHAPPQ50,19,28741.0,2031,MFT ASAQ 50% - DHAPPQ 50%,#fb8072,0,0.0,004
059-mft-ASAQ50-DHAPPQ50,20,28751.666666666668,2031,MFT ASAQ 50% - DHAPPQ 50%,#fb8072,0,0.0,004
059-mft-ASAQ50-DHAPPQ50,21,29034.11111111111,2031,MFT ASAQ 50% - DHAPPQ 50%,#fb8072,0,0.0,004
059-mft-ASAQ50-DHAPPQ50,22,28887.444444444445,2031,MFT ASAQ 50% - DHAPPQ 50%,#fb8072,0,0.0,004
059-mft-ASAQ50-DHAPPQ50,23,27488.722222222223,2031,MFT ASAQ 50% - DHAPPQ 50%,#fb8072,0,0.0,004
059-mft-ASAQ50-DHAPPQ50,24,28868.5,2031,MFT ASAQ 50% - DHAPPQ 50%,#fb8072,0,0.0,004
059-mft-ASAQ50-DHAPPQ50,25,29256.0,2031,MFT ASAQ 50% - DHAPPQ 50%,#fb8072,0,0.0,004
059-mft-ASAQ50-DHAPPQ50,26,28163.166666666668,2031,MFT ASAQ 50% - DHAPPQ 50%,#fb8072,0,0.0,004
059-mft-ASAQ50-DHAPPQ50,27,27970.0,2031,MFT ASAQ 50% - DHAPPQ 50%,#fb8072,0,0.0,004
059-mft-ASAQ50-DHAPPQ50,28,29092.722222222223,2031,MFT ASAQ 50% - DHAPPQ 50%,#fb8072,0,0.0,004
059-mft-ASAQ50-DHAPPQ50,29,27615.277777777777,2031,MFT ASAQ 50% - DHAPPQ 50%,#fb8072,0,0.0,004
059-mft-ASAQ50-DHAPPQ50,30,29185.88888888889,2031,MFT ASAQ 50% - DHAPPQ 50%,#fb8072,0,0.0,004
059-mft-ASAQ50-DHAPPQ50,31,28436.11111111111,2031,MFT ASAQ 50% - DHAPPQ 50%,#fb8072,0,0.0,004
059-mft-ASAQ50-DHAPPQ50,32,29335.555555555555,2031,MFT ASAQ 50% - DHAPPQ 50%,#fb8072,0,0.0,004
059-mft-ASAQ50-DHAPPQ50,33,28740.833333333332,2031,MFT ASAQ 50% - DHAPPQ 50%,#fb8072,0,0.0,004
059-mft-ASAQ50-DHAPPQ50,34,28772.944444444445,2031,MFT ASAQ 50% - DHAPPQ 50%,#fb8072,0,0.0,004
059-mft-ASAQ50-DHAPPQ50,35,28883.277777777777,2031,MFT ASAQ 50% - DHAPPQ 50%,#fb8072,0,0.0,004
059-mft-ASAQ50-DHAPPQ50,36,29238.11111111111,2031,MFT ASAQ 50% - DHAPPQ 50%,#fb8072,0,0.0,004
059-mft-ASAQ50-DHAPPQ50,37,28920.666666666668,2031,MFT ASAQ 50% - DHAPPQ 50%,#fb8072,0,0.0,004
059-mft-ASAQ50-DHAPPQ50,38,29191.5,2031,MFT ASAQ 50% - DHAPPQ 50%,#fb8072,0,0.0,004
059-mft-ASAQ50-DHAPPQ50,39,28642.5,2031,MFT ASAQ 50% - DHAPPQ 50%,#fb8072,0,0.0,004
059-mft-ASAQ50-DHAPPQ50,40,30154.722222222223,2031,MFT ASAQ 50% - DHAPPQ 50%,#fb8072,0,0.0,004
059-mft-ASAQ50-DHAPPQ50,41,29020.777777777777,2031,MFT ASAQ 50% - DHAPPQ 50%,#fb8072,0,0.0,004
059-mft-ASAQ50-DHAPPQ50,42,27560.555555555555,2031,MFT ASAQ 50% - DHAPPQ 50%,#fb8072,0,0.0,004
059-mft-ASAQ50-DHAPPQ50,43,28581.666666666668,2031,MFT ASAQ 50% - DHAPPQ 50%,#fb8072,0,0.0,004
059-mft-ASAQ50-DHAPPQ50,44,27454.444444444445,2031,MFT ASAQ 50% - DHAPPQ 50%,#fb8072,0,0.0,004
059-mft-ASAQ50-DHAPPQ50,45,27029.277777777777,2031,MFT ASAQ 50% - DHAPPQ 50%,#fb8072,0,0.0,004
059-mft-ASAQ50-DHAPPQ50,46,28124.833333333332,2031,MFT ASAQ 50% - DHAPPQ 50%,#fb8072,0,0.0,004
059-mft-ASAQ50-DHAPPQ50,47,29871.666666666668,2031,MFT ASAQ 50% - DHAPPQ 50%,#fb8072,0,0.0,004
059-mft-ASAQ50-DHAPPQ50,48,27764.666666666668,2031,MFT ASAQ 50% - DHAPPQ 50%,#fb8072,0,0.0,004
059-mft-ASAQ50-DHAPPQ50,49,27574.777777777777,2031,MFT ASAQ 50% - DHAPPQ 50%,#fb8072,0,0.0,004
059-mft-ASAQ50-DHAPPQ50,50,28606.222222222223,2031,MFT ASAQ 50% - DHAPPQ 50%,#fb8072,0,0.0,004
059-mft-ASAQ50-DHAPPQ50,51,28337.166666666668,2031,MFT ASAQ 50% - DHAPPQ 50%,#fb8072,0,0.0,004
059-mft-ASAQ50-DHAPPQ50,52,28021.722222222223,2031,MFT ASAQ 50% - DHAPPQ 50%,#fb8072,0,0.0,004
059-mft-ASAQ50-DHAPPQ50,53,28522.333333333332,2031,MFT ASAQ 50% - DHAPPQ 50%,#fb8072,0,0.0,004
059-mft-ASAQ50-DHAPPQ50,54,28760.5,2031,MFT ASAQ 50% - DHAPPQ 50%,#fb8072,0,0.0,004
059-mft-ASAQ50-DHAPPQ50,55,29390.88888888889,2031,MFT ASAQ 50% - DHAPPQ 50%,#fb8072,0,0.0,004
059-mft-ASAQ50-DHAPPQ50,56,27928.38888888889,2031,MFT ASAQ 50% - DHAPPQ 50%,#fb8072,0,0.0,004
059-mft-ASAQ50-DHAPPQ50,57,28905.277777777777,2031,MFT ASAQ 50% - DHAPPQ 50%,#fb8072,0,0.0,004
059-mft-ASAQ50-DHAPPQ50,58,29250.61111111111,2031,MFT ASAQ 50% - DHAPPQ 50%,#fb8072,0,0.0,004
059-mft-ASAQ50-DHAPPQ50,59,27458.833333333332,2031,MFT ASAQ 50% - DHAPPQ 50%,#fb8072,0,0.0,004
059-mft-ASAQ50-DHAPPQ50,60,28167.055555555555,2031,MFT ASAQ 50% - DHAPPQ 50%,#fb8072,0,0.0,004
059-mft-ASAQ50-DHAPPQ50,61,29023.222222222223,2031,MFT ASAQ 50% - DHAPPQ 50%,#fb8072,0,0.0,004
059-mft-ASAQ50-DHAPPQ50,62,27646.61111111111,2031,MFT ASAQ 50% - DHAPPQ 50%,#fb8072,0,0.0,004
059-mft-ASAQ50-DHAPPQ50,63,28561.777777777777,2031,MFT ASAQ 50% - DHAPPQ 50%,#fb8072,0,0.0,004
059-mft-ASAQ50-DHAPPQ50,64,27963.944444444445,2031,MFT ASAQ 50% - DHAPPQ 50%,#fb8072,0,0.0,004
059-mft-ASAQ50-DHAPPQ50,65,28834.5,2031,MFT ASAQ 50% - DHAPPQ 50%,#fb8072,0,0.0,004
059-mft-ASAQ50-DHAPPQ50,66,29122.555555555555,2031,MFT ASAQ 50% - DHAPPQ 50%,#fb8072,0,0.0,004
059-mft-ASAQ50-DHAPPQ50,67,28665.333333333332,2031,MFT ASAQ 50% - DHAPPQ 50%,#fb8072,0,0.0,004
059-mft-ASAQ50-DHAPPQ50,68,28588.944444444445,2031,MFT ASAQ 50% - DHAPPQ 50%,#fb8072,0,0.0,004
059-mft-ASAQ50-DHAPPQ50,69,28424.5,2031,MFT ASAQ 50% - DHAPPQ 50%,#fb8072,0,0.0,004
059-mft-ASAQ50-DHAPPQ50,70,28829.38888888889,2031,MFT ASAQ 50% - DHAPPQ 50%,#fb8072,0,0.0,004
059-mft-ASAQ50-DHAPPQ50,71,28848.11111111111,2031,MFT ASAQ 50% - DHAPPQ 50%,#fb8072,0,0.0,004
059-mft-ASAQ50-DHAPPQ50,72,29411.38888888889,2031,MFT ASAQ 50% - DHAPPQ 50%,#fb8072,0,0.0,004
059-mft-ASAQ50-DHAPPQ50,73,28139.333333333332,2031,MFT ASAQ 50% - DHAPPQ 50%,#fb8072,0,0.0,004
059-mft-ASAQ50-DHAPPQ50,74,29442.166666666668,2031,MFT ASAQ 50% - DHAPPQ 50%,#fb8072,0,0.0,004
059-mft-ASAQ50-DHAPPQ50,75,28813.055555555555,2031,MFT ASAQ 50% - DHAPPQ 50%,#fb8072,0,0.0,004
059-mft-ASAQ50-DHAPPQ50,76,29325.0,2031,MFT ASAQ 50% - DHAPPQ 50%,#fb8072,0,0.0,004
059-mft-ASAQ50-DHAPPQ50,77,29471.166666666668,2031,MFT ASAQ 50% - DHAPPQ 50%,#fb8072,0,0.0,004
059-mft-ASAQ50-DHAPPQ50,78,28980.444444444445,2031,MFT ASAQ 50% - DHAPPQ 50%,#fb8072,0,0.0,004
059-mft-ASAQ50-DHAPPQ50,79,28414.88888888889,2031,MFT ASAQ 50% - DHAPPQ 50%,#fb8072,0,0.0,004
059-mft-ASAQ50-DHAPPQ50,80,28549.444444444445,2031,MFT ASAQ 50% - DHAPPQ 50%,#fb8072,0,0.0,004
059-mft-ASAQ50-DHAPPQ50,81,28624.5,2031,MFT ASAQ 50% - DHAPPQ 50%,#fb8072,0,0.0,004
059-mft-ASAQ50-DHAPPQ50,82,28894.38888888889,2031,MFT ASAQ 50% - DHAPPQ 50%,#fb8072,0,0.0,004
059-mft-ASAQ50-DHAPPQ50,83,27956.055555555555,2031,MFT ASAQ 50% - DHAPPQ 50%,#fb8072,0,0.0,004
059-mft-ASAQ50-DHAPPQ50,84,28195.11111111111,2031,MFT ASAQ 50% - DHAPPQ 50%,#fb8072,0,0.0,004
059-mft-ASAQ50-DHAPPQ50,85,28567.555555555555,2031,MFT ASAQ 50% - DHAPPQ 50%,#fb8072,0,0.0,004
059-mft-ASAQ50-DHAPPQ50,86,28249.11111111111,2031,MFT ASAQ 50% - DHAPPQ 50%,#fb8072,0,0.0,004
059-mft-ASAQ50-DHAPPQ50,87,28082.61111111111,2031,MFT ASAQ 50% - DHAPPQ 50%,#fb8072,0,0.0,004
059-mft-ASAQ50-DHAPPQ50,88,28707.777777777777,2031,MFT ASAQ 50% - DHAPPQ 50%,#fb8072,0,0.0,004
059-mft-ASAQ50-DHAPPQ50,89,28329.222222222223,2031,MFT ASAQ 50% - DHAPPQ 50%,#fb8072,0,0.0,004
059-mft-ASAQ50-DHAPPQ50,90,29082.5,2031,MFT ASAQ 50% - DHAPPQ 50%,#fb8072,0,0.0,004
059-mft-ASAQ50-DHAPPQ50,91,28733.5,2031,MFT ASAQ 50% - DHAPPQ 50%,#fb8072,0,0.0,004
059-mft-ASAQ50-DHAPPQ50,92,28818.0,2031,MFT ASAQ 50% - DHAPPQ 50%,#fb8072,0,0.0,004
059-mft-ASAQ50-DHAPPQ50,93,28279.444444444445,2031,MFT ASAQ 50% - DHAPPQ 50%,#fb8072,0,0.0,004
059-mft-ASAQ50-DHAPPQ50,94,28480.0,2031,MFT ASAQ 50% - DHAPPQ 50%,#fb8072,0,0.0,004
059-mft-ASAQ50-DHAPPQ50,95,28413.222222222223,2031,MFT ASAQ 50% - DHAPPQ 50%,#fb8072,0,0.0,004
059-mft-ASAQ50-DHAPPQ50,96,28186.88888888889,2031,MFT ASAQ 50% - DHAPPQ 50%,#fb8072,0,0.0,004
059-mft-ASAQ50-DHAPPQ50,97,28633.166666666668,2031,MFT ASAQ 50% - DHAPPQ 50%,#fb8072,0,0.0,004
059-mft-ASAQ50-DHAPPQ50,98,28917.333333333332,2031,MFT ASAQ 50% - DHAPPQ 50%,#fb8072,0,0.0,004
059-mft-ASAQ50-DHAPPQ50,99,28926.944444444445,2031,MFT ASAQ 50% - DHAPPQ 50%,#fb8072,0,0.0,004
060-mft-AL-ASAQ-DHAPPQ,0,32394.222222222223,2031,MFT AL 33% - ASAQ 33% - DHAPPQ 33%,#fb8072,0,33.0,004
060-mft-AL-ASAQ-DHAPPQ,1,33412.72222222222,2031,MFT AL 33% - ASAQ 33% - DHAPPQ 33%,#fb8072,0,33.0,004
060-mft-AL-ASAQ-DHAPPQ,2,33440.77777777778,2031,MFT AL 33% - ASAQ 33% - DHAPPQ 33%,#fb8072,0,33.0,004
060-mft-AL-ASAQ-DHAPPQ,3,34031.72222222222,2031,MFT AL 33% - ASAQ 33% - DHAPPQ 33%,#fb8072,0,33.0,004
060-mft-AL-ASAQ-DHAPPQ,4,33665.055555555555,2031,MFT AL 33% - ASAQ 33% - DHAPPQ 33%,#fb8072,0,33.0,004
060-mft-AL-ASAQ-DHAPPQ,5,33865.77777777778,2031,MFT AL 33% - ASAQ 33% - DHAPPQ 33%,#fb8072,0,33.0,004
060-mft-AL-ASAQ-DHAPPQ,6,33545.444444444445,2031,MFT AL 33% - ASAQ 33% - DHAPPQ 33%,#fb8072,0,33.0,004
060-mft-AL-ASAQ-DHAPPQ,7,33380.22222222222,2031,MFT AL 33% - ASAQ 33% - DHAPPQ 33%,#fb8072,0,33.0,004
060-mft-AL-ASAQ-DHAPPQ,8,34129.444444444445,2031,MFT AL 33% - ASAQ 33% - DHAPPQ 33%,#fb8072,0,33.0,004
060-mft-AL-ASAQ-DHAPPQ,9,33353.944444444445,2031,MFT AL 33% - ASAQ 33% - DHAPPQ 33%,#fb8072,0,33.0,004
060-mft-AL-ASAQ-DHAPPQ,10,32333.777777777777,2031,MFT AL 33% - ASAQ 33% - DHAPPQ 33%,#fb8072,0,33.0,004
060-mft-AL-ASAQ-DHAPPQ,11,32906.833333333336,2031,MFT AL 33% - ASAQ 33% - DHAPPQ 33%,#fb8072,0,33.0,004
060-mft-AL-ASAQ-DHAPPQ,12,33478.333333333336,2031,MFT AL 33% - ASAQ 33% - DHAPPQ 33%,#fb8072,0,33.0,004
060-mft-AL-ASAQ-DHAPPQ,13,33282.61111111111,2031,MFT AL 33% - ASAQ 33% - DHAPPQ 33%,#fb8072,0,33.0,004
060-mft-AL-ASAQ-DHAPPQ,14,33364.77777777778,2031,MFT AL 33% - ASAQ 33% - DHAPPQ 33%,#fb8072,0,33.0,004
060-mft-AL-ASAQ-DHAPPQ,15,34889.27777777778,2031,MFT AL 33% - ASAQ 33% - DHAPPQ 33%,#fb8072,0,33.0,004
060-mft-AL-ASAQ-DHAPPQ,16,32977.61111111111,2031,MFT AL 33% - ASAQ 33% - DHAPPQ 33%,#fb8072,0,33.0,004
060-mft-AL-ASAQ-DHAPPQ,17,33361.77777777778,2031,MFT AL 33% - ASAQ 33% - DHAPPQ 33%,#fb8072,0,33.0,004
060-mft-AL-ASAQ-DHAPPQ,18,32222.055555555555,2031,MFT AL 33% - ASAQ 33% - DHAPPQ 33%,#fb8072,0,33.0,004
060-mft-AL-ASAQ-DHAPPQ,19,33511.38888888889,2031,MFT AL 33% - ASAQ 33% - DHAPPQ 33%,#fb8072,0,33.0,004
060-mft-AL-ASAQ-DHAPPQ,20,33619.666666666664,2031,MFT AL 33% - ASAQ 33% - DHAPPQ 33%,#fb8072,0,33.0,004
060-mft-AL-ASAQ-DHAPPQ,21,33302.22222222222,2031,MFT AL 33% - ASAQ 33% - DHAPPQ 33%,#fb8072,0,33.0,004
060-mft-AL-ASAQ-DHAPPQ,22,32553.555555555555,2031,MFT AL 33% - ASAQ 33% - DHAPPQ 33%,#fb8072,0,33.0,004
060-mft-AL-ASAQ-DHAPPQ,23,34341.0,2031,MFT AL 33% - ASAQ 33% - DHAPPQ 33%,#fb8072,0,33.0,004
060-mft-AL-ASAQ-DHAPPQ,24,34471.055555555555,2031,MFT AL 33% - ASAQ 33% - DHAPPQ 33%,#fb8072,0,33.0,004
060-mft-AL-ASAQ-DHAPPQ,25,35553.61111111111,2031,MFT AL 33% - ASAQ 33% - DHAPPQ 33%,#fb8072,0,33.0,004
060-mft-AL-ASAQ-DHAPPQ,26,34245.38888888889,2031,MFT AL 33% - ASAQ 33% - DHAPPQ 33%,#fb8072,0,33.0,004
060-mft-AL-ASAQ-DHAPPQ,27,32782.77777777778,2031,MFT AL 33% - ASAQ 33% - DHAPPQ 33%,#fb8072,0,33.0,004
060-mft-AL-ASAQ-DHAPPQ,28,32602.777777777777,2031,MFT AL 33% - ASAQ 33% - DHAPPQ 33%,#fb8072,0,33.0,004
060-mft-AL-ASAQ-DHAPPQ,29,33885.0,2031,MFT AL 33% - ASAQ 33% - DHAPPQ 33%,#fb8072,0,33.0,004
060-mft-AL-ASAQ-DHAPPQ,30,33732.38888888889,2031,MFT AL 33% - ASAQ 33% - DHAPPQ 33%,#fb8072,0,33.0,004
060-mft-AL-ASAQ-DHAPPQ,31,32249.166666666668,2031,MFT AL 33% - ASAQ 33% - DHAPPQ 33%,#fb8072,0,33.0,004
060-mft-AL-ASAQ-DHAPPQ,32,33013.77777777778,2031,MFT AL 33% - ASAQ 33% - DHAPPQ 33%,#fb8072,0,33.0,004
060-mft-AL-ASAQ-DHAPPQ,33,33184.22222222222,2031,MFT AL 33% - ASAQ 33% - DHAPPQ 33%,#fb8072,0,33.0,004
060-mft-AL-ASAQ-DHAPPQ,34,32964.11111111111,2031,MFT AL 33% - ASAQ 33% - DHAPPQ 33%,#fb8072,0,33.0,004
060-mft-AL-ASAQ-DHAPPQ,35,33549.0,2031,MFT AL 33% - ASAQ 33% - DHAPPQ 33%,#fb8072,0,33.0,004
060-mft-AL-ASAQ-DHAPPQ,36,34528.166666666664,2031,MFT AL 33% - ASAQ 33% - DHAPPQ 33%,#fb8072,0,33.0,004
060-mft-AL-ASAQ-DHAPPQ,37,32694.277777777777,2031,MFT AL 33% - ASAQ 33% - DHAPPQ 33%,#fb8072,0,33.0,004
060-mft-AL-ASAQ-DHAPPQ,38,32566.38888888889,2031,MFT AL 33% - ASAQ 33% - DHAPPQ 33%,#fb8072,0,33.0,004
060-mft-AL-ASAQ-DHAPPQ,39,32806.5,2031,MFT AL 33% - ASAQ 33% - DHAPPQ 33%,#fb8072,0,33.0,004
060-mft-AL-ASAQ-DHAPPQ,40,33693.11111111111,2031,MFT AL 33% - ASAQ 33% - DHAPPQ 33%,#fb8072,0,33.0,004
060-mft-AL-ASAQ-DHAPPQ,41,33573.11111111111,2031,MFT AL 33% - ASAQ 33% - DHAPPQ 33%,#fb8072,0,33.0,004
060-mft-AL-ASAQ-DHAPPQ,42,32632.444444444445,2031,MFT AL 33% - ASAQ 33% - DHAPPQ 33%,#fb8072,0,33.0,004
060-mft-AL-ASAQ-DHAPPQ,43,32524.11111111111,2031,MFT AL 33% - ASAQ 33% - DHAPPQ 33%,#fb8072,0,33.0,004
060-mft-AL-ASAQ-DHAPPQ,44,33044.88888888889,2031,MFT AL 33% - ASAQ 33% - DHAPPQ 33%,#fb8072,0,33.0,004
060-mft-AL-ASAQ-DHAPPQ,45,33770.72222222222,2031,MFT AL 33% - ASAQ 33% - DHAPPQ 33%,#fb8072,0,33.0,004
060-mft-AL-ASAQ-DHAPPQ,46,33743.833333333336,2031,MFT AL 33% - ASAQ 33% - DHAPPQ 33%,#fb8072,0,33.0,004
060-mft-AL-ASAQ-DHAPPQ,47,32752.833333333332,2031,MFT AL 33% - ASAQ 33% - DHAPPQ 33%,#fb8072,0,33.0,004
060-mft-AL-ASAQ-DHAPPQ,48,33109.11111111111,2031,MFT AL 33% - ASAQ 33% - DHAPPQ 33%,#fb8072,0,33.0,004
060-mft-AL-ASAQ-DHAPPQ,49,34079.38888888889,2031,MFT AL 33% - ASAQ 33% - DHAPPQ 33%,#fb8072,0,33.0,004
060-mft-AL-ASAQ-DHAPPQ,50,32053.666666666668,2031,MFT AL 33% - ASAQ 33% - DHAPPQ 33%,#fb8072,0,33.0,004
060-mft-AL-ASAQ-DHAPPQ,51,32269.88888888889,2031,MFT AL 33% - ASAQ 33% - DHAPPQ 33%,#fb8072,0,33.0,004
060-mft-AL-ASAQ-DHAPPQ,52,32967.055555555555,2031,MFT AL 33% - ASAQ 33% - DHAPPQ 33%,#fb8072,0,33.0,004
060-mft-AL-ASAQ-DHAPPQ,53,33558.72222222222,2031,MFT AL 33% - ASAQ 33% - DHAPPQ 33%,#fb8072,0,33.0,004
060-mft-AL-ASAQ-DHAPPQ,54,33834.27777777778,2031,MFT AL 33% - ASAQ 33% - DHAPPQ 33%,#fb8072,0,33.0,004
060-mft-AL-ASAQ-DHAPPQ,55,33631.444444444445,2031,MFT AL 33% - ASAQ 33% - DHAPPQ 33%,#fb8072,0,33.0,004
060-mft-AL-ASAQ-DHAPPQ,56,33336.666666666664,2031,MFT AL 33% - ASAQ 33% - DHAPPQ 33%,#fb8072,0,33.0,004
060-mft-AL-ASAQ-DHAPPQ,57,32996.72222222222,2031,MFT AL 33% - ASAQ 33% - DHAPPQ 33%,#fb8072,0,33.0,004
060-mft-AL-ASAQ-DHAPPQ,58,33866.333333333336,2031,MFT AL 33% - ASAQ 33% - DHAPPQ 33%,#fb8072,0,33.0,004
060-mft-AL-ASAQ-DHAPPQ,59,33430.555555555555,2031,MFT AL 33% - ASAQ 33% - DHAPPQ 33%,#fb8072,0,33.0,004
060-mft-AL-ASAQ-DHAPPQ,60,34013.666666666664,2031,MFT AL 33% - ASAQ 33% - DHAPPQ 33%,#fb8072,0,33.0,004
060-mft-AL-ASAQ-DHAPPQ,61,33429.166666666664,2031,MFT AL 33% - ASAQ 33% - DHAPPQ 33%,#fb8072,0,33.0,004
060-mft-AL-ASAQ-DHAPPQ,62,33810.555555555555,2031,MFT AL 33% - ASAQ 33% - DHAPPQ 33%,#fb8072,0,33.0,004
060-mft-AL-ASAQ-DHAPPQ,63,32791.555555555555,2031,MFT AL 33% - ASAQ 33% - DHAPPQ 33%,#fb8072,0,33.0,004
060-mft-AL-ASAQ-DHAPPQ,64,32754.11111111111,2031,MFT AL 33% - ASAQ 33% - DHAPPQ 33%,#fb8072,0,33.0,004
060-mft-AL-ASAQ-DHAPPQ,65,33167.555555555555,2031,MFT AL 33% - ASAQ 33% - DHAPPQ 33%,#fb8072,0,33.0,004
060-mft-AL-ASAQ-DHAPPQ,66,33057.333333333336,2031,MFT AL 33% - ASAQ 33% - DHAPPQ 33%,#fb8072,0,33.0,004
060-mft-AL-ASAQ-DHAPPQ,67,34309.166666666664,2031,MFT AL 33% - ASAQ 33% - DHAPPQ 33%,#fb8072,0,33.0,004
060-mft-AL-ASAQ-DHAPPQ,68,34226.333333333336,2031,MFT AL 33% - ASAQ 33% - DHAPPQ 33%,#fb8072,0,33.0,004
060-mft-AL-ASAQ-DHAPPQ,69,34515.77777777778,2031,MFT AL 33% - ASAQ 33% - DHAPPQ 33%,#fb8072,0,33.0,004
060-mft-AL-ASAQ-DHAPPQ,70,32959.055555555555,2031,MFT AL 33% - ASAQ 33% - DHAPPQ 33%,#fb8072,0,33.0,004
060-mft-AL-ASAQ-DHAPPQ,71,34253.444444444445,2031,MFT AL 33% - ASAQ 33% - DHAPPQ 33%,#fb8072,0,33.0,004
060-mft-AL-ASAQ-DHAPPQ,72,34067.055555555555,2031,MFT AL 33% - ASAQ 33% - DHAPPQ 33%,#fb8072,0,33.0,004
060-mft-AL-ASAQ-DHAPPQ,73,32611.11111111111,2031,MFT AL 33% - ASAQ 33% - DHAPPQ 33%,#fb8072,0,33.0,004
060-mft-AL-ASAQ-DHAPPQ,74,33005.22222222222,2031,MFT AL 33% - ASAQ 33% - DHAPPQ 33%,#fb8072,0,33.0,004
060-mft-AL-ASAQ-DHAPPQ,75,32534.277777777777,2031,MFT AL 33% - ASAQ 33% - DHAPPQ 33%,#fb8072,0,33.0,004
060-mft-AL-ASAQ-DHAPPQ,76,32956.5,2031,MFT AL 33% - ASAQ 33% - DHAPPQ 33%,#fb8072,0,33.0,004
060-mft-AL-ASAQ-DHAPPQ,77,33739.77777777778,2031,MFT AL 33% - ASAQ 33% - DHAPPQ 33%,#fb8072,0,33.0,004
060-mft-AL-ASAQ-DHAPPQ,78,33112.77777777778,2031,MFT AL 33% - ASAQ 33% - DHAPPQ 33%,#fb8072,0,33.0,004
060-mft-AL-ASAQ-DHAPPQ,79,33387.38888888889,2031,MFT AL 33% - ASAQ 33% - DHAPPQ 33%,#fb8072,0,33.0,004
060-mft-AL-ASAQ-DHAPPQ,80,33638.11111111111,2031,MFT AL 33% - ASAQ 33% - DHAPPQ 33%,#fb8072,0,33.0,004
060-mft-AL-ASAQ-DHAPPQ,81,33215.61111111111,2031,MFT AL 33% - ASAQ 33% - DHAPPQ 33%,#fb8072,0,33.0,004
060-mft-AL-ASAQ-DHAPPQ,82,33054.38888888889,2031,MFT AL 33% - ASAQ 33% - DHAPPQ 33%,#fb8072,0,33.0,004
060-mft-AL-ASAQ-DHAPPQ,83,33663.11111111111,2031,MFT AL 33% - ASAQ 33% - DHAPPQ 33%,#fb8072,0,33.0,004
060-mft-AL-ASAQ-DHAPPQ,84,33233.555555555555,2031,MFT AL 33% - ASAQ 33% - DHAPPQ 33%,#fb8072,0,33.0,004
060-mft-AL-ASAQ-DHAPPQ,85,33597.77777777778,2031,MFT AL 33% - ASAQ 33% - DHAPPQ 33%,#fb8072,0,33.0,004
060-mft-AL-ASAQ-DHAPPQ,86,32851.444444444445,2031,MFT AL 33% - ASAQ 33% - DHAPPQ 33%,#fb8072,0,33.0,004
060-mft-AL-ASAQ-DHAPPQ,87,33231.0,2031,MFT AL 33% - ASAQ 33% - DHAPPQ 33%,#fb8072,0,33.0,004
060-mft-AL-ASAQ-DHAPPQ,88,33463.166666666664,2031,MFT AL 33% - ASAQ 33% - DHAPPQ 33%,#fb8072,0,33.0,004
060-mft-AL-ASAQ-DHAPPQ,89,33172.61111111111,2031,MFT AL 33% - ASAQ 33% - DHAPPQ 33%,#fb8072,0,33.0,004
060-mft-AL-ASAQ-DHAPPQ,90,32822.11111111111,2031,MFT AL 33% - ASAQ 33% - DHAPPQ 33%,#fb8072,0,33.0,004
060-mft-AL-ASAQ-DHAPPQ,91,33248.61111111111,2031,MFT AL 33% - ASAQ 33% - DHAPPQ 33%,#fb8072,0,33.0,004
060-mft-AL-ASAQ-DHAPPQ,92,33170.77777777778,2031,MFT AL 33% - ASAQ 33% - DHAPPQ 33%,#fb8072,0,33.0,004
060-mft-AL-ASAQ-DHAPPQ,93,33610.944444444445,2031,MFT AL 33% - ASAQ 33% - DHAPPQ 33%,#fb8072,0,33.0,004
060-mft-AL-ASAQ-DHAPPQ,94,33490.27777777778,2031,MFT AL 33% - ASAQ 33% - DHAPPQ 33%,#fb8072,0,33.0,004
060-mft-AL-ASAQ-DHAPPQ,95,33488.333333333336,2031,MFT AL 33% - ASAQ 33% - DHAPPQ 33%,#fb8072,0,33.0,004
060-mft-AL-ASAQ-DHAPPQ,96,32565.0,2031,MFT AL 33% - ASAQ 33% - DHAPPQ 33%,#fb8072,0,33.0,004
060-mft-AL-ASAQ-DHAPPQ,97,33134.11111111111,2031,MFT AL 33% - ASAQ 33% - DHAPPQ 33%,#fb8072,0,33.0,004
060-mft-AL-ASAQ-DHAPPQ,98,33201.944444444445,2031,MFT AL 33% - ASAQ 33% - DHAPPQ 33%,#fb8072,0,33.0,004
060-mft-AL-ASAQ-DHAPPQ,99,33721.333333333336,2031,MFT AL 33% - ASAQ 33% - DHAPPQ 33%,#fb8072,0,33.0,004
061-tact-AL4y-ALAQ,0,36925.666666666664,2031,TACT AL 4y - ALAQ,#fb8072,0,66.0,004
061-tact-AL4y-ALAQ,1,37687.555555555555,2031,TACT AL 4y - ALAQ,#fb8072,0,66.0,004
061-tact-AL4y-ALAQ,2,35855.38888888889,2031,TACT AL 4y - ALAQ,#fb8072,0,66.0,004
061-tact-AL4y-ALAQ,3,36644.944444444445,2031,TACT AL 4y - ALAQ,#fb8072,0,66.0,004
061-tact-AL4y-ALAQ,4,37795.944444444445,2031,TACT AL 4y - ALAQ,#fb8072,0,66.0,004
061-tact-AL4y-ALAQ,5,39729.166666666664,2031,TACT AL 4y - ALAQ,#fb8072,0,66.0,004
061-tact-AL4y-ALAQ,6,36906.38888888889,2031,TACT AL 4y - ALAQ,#fb8072,0,66.0,004
061-tact-AL4y-ALAQ,7,40168.555555555555,2031,TACT AL 4y - ALAQ,#fb8072,0,66.0,004
061-tact-AL4y-ALAQ,8,38155.11111111111,2031,TACT AL 4y - ALAQ,#fb8072,0,66.0,004
061-tact-AL4y-ALAQ,9,35779.444444444445,2031,TACT AL 4y - ALAQ,#fb8072,0,66.0,004
061-tact-AL4y-ALAQ,10,38775.166666666664,2031,TACT AL 4y - ALAQ,#fb8072,0,66.0,004
061-tact-AL4y-ALAQ,11,39470.5,2031,TACT AL 4y - ALAQ,#fb8072,0,66.0,004
061-tact-AL4y-ALAQ,12,36764.055555555555,2031,TACT AL 4y - ALAQ,#fb8072,0,66.0,004
061-tact-AL4y-ALAQ,13,37308.944444444445,2031,TACT AL 4y - ALAQ,#fb8072,0,66.0,004
061-tact-AL4y-ALAQ,14,36832.444444444445,2031,TACT AL 4y - ALAQ,#fb8072,0,66.0,004
061-tact-AL4y-ALAQ,15,37299.27777777778,2031,TACT AL 4y - ALAQ,#fb8072,0,66.0,004
061-tact-AL4y-ALAQ,16,37689.27777777778,2031,TACT AL 4y - ALAQ,#fb8072,0,66.0,004
061-tact-AL4y-ALAQ,17,35855.055555555555,2031,TACT AL 4y - ALAQ,#fb8072,0,66.0,004
061-tact-AL4y-ALAQ,18,37437.555555555555,2031,TACT AL 4y - ALAQ,#fb8072,0,66.0,004
061-tact-AL4y-ALAQ,19,36781.666666666664,2031,TACT AL 4y - ALAQ,#fb8072,0,66.0,004
061-tact-AL4y-ALAQ,20,37102.166666666664,2031,TACT AL 4y - ALAQ,#fb8072,0,66.0,004
061-tact-AL4y-ALAQ,21,37240.61111111111,2031,TACT AL 4y - ALAQ,#fb8072,0,66.0,004
061-tact-AL4y-ALAQ,22,37664.38888888889,2031,TACT AL 4y - ALAQ,#fb8072,0,66.0,004
061-tact-AL4y-ALAQ,23,39107.333333333336,2031,TACT AL 4y - ALAQ,#fb8072,0,66.0,004
061-tact-AL4y-ALAQ,24,36808.27777777778,2031,TACT AL 4y - ALAQ,#fb8072,0,66.0,004
061-tact-AL4y-ALAQ,25,36551.61111111111,2031,TACT AL 4y - ALAQ,#fb8072,0,66.0,004
061-tact-AL4y-ALAQ,26,36892.88888888889,2031,TACT AL 4y - ALAQ,#fb8072,0,66.0,004
061-tact-AL4y-ALAQ,27,39519.833333333336,2031,TACT AL 4y - ALAQ,#fb8072,0,66.0,004
061-tact-AL4y-ALAQ,28,39129.166666666664,2031,TACT AL 4y - ALAQ,#fb8072,0,66.0,004
061-tact-AL4y-ALAQ,29,38867.72222222222,2031,TACT AL 4y - ALAQ,#fb8072,0,66.0,004
061-tact-AL4y-ALAQ,30,35816.0,2031,TACT AL 4y - ALAQ,#fb8072,0,66.0,004
061-tact-AL4y-ALAQ,31,37120.77777777778,2031,TACT AL 4y - ALAQ,#fb8072,0,66.0,004
061-tact-AL4y-ALAQ,32,37991.833333333336,2031,TACT AL 4y - ALAQ,#fb8072,0,66.0,004
061-tact-AL4y-ALAQ,33,38565.27777777778,2031,TACT AL 4y - ALAQ,#fb8072,0,66.0,004
061-tact-AL4y-ALAQ,34,37377.444444444445,2031,TACT AL 4y - ALAQ,#fb8072,0,66.0,004
061-tact-AL4y-ALAQ,35,36741.166666666664,2031,TACT AL 4y - ALAQ,#fb8072,0,66.0,004
061-tact-AL4y-ALAQ,36,40243.333333333336,2031,TACT AL 4y - ALAQ,#fb8072,0,66.0,004
061-tact-AL4y-ALAQ,37,37857.88888888889,2031,TACT AL 4y - ALAQ,#fb8072,0,66.0,004
061-tact-AL4y-ALAQ,38,39050.833333333336,2031,TACT AL 4y - ALAQ,#fb8072,0,66.0,004
061-tact-AL4y-ALAQ,39,37309.27777777778,2031,TACT AL 4y - ALAQ,#fb8072,0,66.0,004
061-tact-AL4y-ALAQ,40,37877.72222222222,2031,TACT AL 4y - ALAQ,#fb8072,0,66.0,004
061-tact-AL4y-ALAQ,41,35763.38888888889,2031,TACT AL 4y - ALAQ,#fb8072,0,66.0,004
061-tact-AL4y-ALAQ,42,38564.166666666664,2031,TACT AL 4y - ALAQ,#fb8072,0,66.0,004
061-tact-AL4y-ALAQ,43,37080.72222222222,2031,TACT AL 4y - ALAQ,#fb8072,0,66.0,004
061-tact-AL4y-ALAQ,44,37801.72222222222,2031,TACT AL 4y - ALAQ,#fb8072,0,66.0,004
061-tact-AL4y-ALAQ,45,35180.27777777778,2031,TACT AL 4y - ALAQ,#fb8072,0,66.0,004
061-tact-AL4y-ALAQ,46,39127.444444444445,2031,TACT AL 4y - ALAQ,#fb8072,0,66.0,004
061-tact-AL4y-ALAQ,47,37131.666666666664,2031,TACT AL 4y - ALAQ,#fb8072,0,66.0,004
061-tact-AL4y-ALAQ,48,38022.0,2031,TACT AL 4y - ALAQ,#fb8072,0,66.0,004
061-tact-AL4y-ALAQ,49,38783.27777777778,2031,TACT AL 4y - ALAQ,#fb8072,0,66.0,004
061-tact-AL4y-ALAQ,50,37440.77777777778,2031,TACT AL 4y - ALAQ,#fb8072,0,66.0,004
061-tact-AL4y-ALAQ,51,39770.166666666664,2031,TACT AL 4y - ALAQ,#fb8072,0,66.0,004
061-tact-AL4y-ALAQ,52,37412.833333333336,2031,TACT AL 4y - ALAQ,#fb8072,0,66.0,004
061-tact-AL4y-ALAQ,53,38047.27777777778,2031,TACT AL 4y - ALAQ,#fb8072,0,66.0,004
061-tact-AL4y-ALAQ,54,38089.166666666664,2031,TACT AL 4y - ALAQ,#fb8072,0,66.0,004
061-tact-AL4y-ALAQ,55,37735.11111111111,2031,TACT AL 4y - ALAQ,#fb8072,0,66.0,004
061-tact-AL4y-ALAQ,56,37510.444444444445,2031,TACT AL 4y - ALAQ,#fb8072,0,66.0,004
061-tact-AL4y-ALAQ,57,37607.72222222222,2031,TACT AL 4y - ALAQ,#fb8072,0,66.0,004
061-tact-AL4y-ALAQ,58,40832.88888888889,2031,TACT AL 4y - ALAQ,#fb8072,0,66.0,004
061-tact-AL4y-ALAQ,59,37085.333333333336,2031,TACT AL 4y - ALAQ,#fb8072,0,66.0,004
061-tact-AL4y-ALAQ,60,36991.27777777778,2031,TACT AL 4y - ALAQ,#fb8072,0,66.0,004
061-tact-AL4y-ALAQ,61,36141.055555555555,2031,TACT AL 4y - ALAQ,#fb8072,0,66.0,004
061-tact-AL4y-ALAQ,62,38840.0,2031,TACT AL 4y - ALAQ,#fb8072,0,66.0,004
061-tact-AL4y-ALAQ,63,37836.22222222222,2031,TACT AL 4y - ALAQ,#fb8072,0,66.0,004
061-tact-AL4y-ALAQ,64,38549.055555555555,2031,TACT AL 4y - ALAQ,#fb8072,0,66.0,004
061-tact-AL4y-ALAQ,65,38355.72222222222,2031,TACT AL 4y - ALAQ,#fb8072,0,66.0,004
061-tact-AL4y-ALAQ,66,37140.166666666664,2031,TACT AL 4y - ALAQ,#fb8072,0,66.0,004
061-tact-AL4y-ALAQ,67,38126.0,2031,TACT AL 4y - ALAQ,#fb8072,0,66.0,004
061-tact-AL4y-ALAQ,68,39395.944444444445,2031,TACT AL 4y - ALAQ,#fb8072,0,66.0,004
061-tact-AL4y-ALAQ,69,38426.444444444445,2031,TACT AL 4y - ALAQ,#fb8072,0,66.0,004
061-tact-AL4y-ALAQ,70,40311.61111111111,2031,TACT AL 4y - ALAQ,#fb8072,0,66.0,004
061-tact-AL4y-ALAQ,71,38991.61111111111,2031,TACT AL 4y - ALAQ,#fb8072,0,66.0,004
061-tact-AL4y-ALAQ,72,37194.77777777778,2031,TACT AL 4y - ALAQ,#fb8072,0,66.0,004
061-tact-AL4y-ALAQ,73,37555.5,2031,TACT AL 4y - ALAQ,#fb8072,0,66.0,004
061-tact-AL4y-ALAQ,74,35917.38888888889,2031,TACT AL 4y - ALAQ,#fb8072,0,66.0,004
061-tact-AL4y-ALAQ,75,36100.555555555555,2031,TACT AL 4y - ALAQ,#fb8072,0,66.0,004
061-tact-AL4y-ALAQ,76,38809.0,2031,TACT AL 4y - ALAQ,#fb8072,0,66.0,004
061-tact-AL4y-ALAQ,77,36448.0,2031,TACT AL 4y - ALAQ,#fb8072,0,66.0,004
061-tact-AL4y-ALAQ,78,36311.555555555555,2031,TACT AL 4y - ALAQ,#fb8072,0,66.0,004
061-tact-AL4y-ALAQ,79,37669.944444444445,2031,TACT AL 4y - ALAQ,#fb8072,0,66.0,004
061-tact-AL4y-ALAQ,80,37954.88888888889,2031,TACT AL 4y - ALAQ,#fb8072,0,66.0,004
061-tact-AL4y-ALAQ,81,37844.72222222222,2031,TACT AL 4y - ALAQ,#fb8072,0,66.0,004
061-tact-AL4y-ALAQ,82,38611.166666666664,2031,TACT AL 4y - ALAQ,#fb8072,0,66.0,004
061-tact-AL4y-ALAQ,83,37920.833333333336,2031,TACT AL 4y - ALAQ,#fb8072,0,66.0,004
061-tact-AL4y-ALAQ,84,36176.72222222222,2031,TACT AL 4y - ALAQ,#fb8072,0,66.0,004
061-tact-AL4y-ALAQ,85,39311.22222222222,2031,TACT AL 4y - ALAQ,#fb8072,0,66.0,004
061-tact-AL4y-ALAQ,86,37783.0,2031,TACT AL 4y - ALAQ,#fb8072,0,66.0,004
061-tact-AL4y-ALAQ,87,36175.166666666664,2031,TACT AL 4y - ALAQ,#fb8072,0,66.0,004
061-tact-AL4y-ALAQ,88,38956.166666666664,2031,TACT AL 4y - ALAQ,#fb8072,0,66.0,004
061-tact-AL4y-ALAQ,89,36147.77777777778,2031,TACT AL 4y - ALAQ,#fb8072,0,66.0,004
061-tact-AL4y-ALAQ,90,37455.833333333336,2031,TACT AL 4y - ALAQ,#fb8072,0,66.0,004
061-tact-AL4y-ALAQ,91,35207.055555555555,2031,TACT AL 4y - ALAQ,#fb8072,0,66.0,004
061-tact-AL4y-ALAQ,92,36521.555555555555,2031,TACT AL 4y - ALAQ,#fb8072,0,66.0,004
061-tact-AL4y-ALAQ,93,37807.555555555555,2031,TACT AL 4y - ALAQ,#fb8072,0,66.0,004
061-tact-AL4y-ALAQ,94,36640.166666666664,2031,TACT AL 4y - ALAQ,#fb8072,0,66.0,004
061-tact-AL4y-ALAQ,95,37405.88888888889,2031,TACT AL 4y - ALAQ,#fb8072,0,66.0,004
061-tact-AL4y-ALAQ,96,36858.38888888889,2031,TACT AL 4y - ALAQ,#fb8072,0,66.0,004
061-tact-AL4y-ALAQ,97,38131.22222222222,2031,TACT AL 4y - ALAQ,#fb8072,0,66.0,004
061-tact-AL4y-ALAQ,98,37005.38888888889,2031,TACT AL 4y - ALAQ,#fb8072,0,66.0,004
061-tact-AL4y-ALAQ,99,38945.555555555555,2031,TACT AL 4y - ALAQ,#fb8072,0,66.0,004
062-tact-ASAQ4y-ALAQ,0,25315.722222222223,2031,TACT ASAQ 4y - ALAQ,#fb8072,0,0.0,004
062-tact-ASAQ4y-ALAQ,1,25408.88888888889,2031,TACT ASAQ 4y - ALAQ,#fb8072,0,0.0,004
062-tact-ASAQ4y-ALAQ,2,25696.166666666668,2031,TACT ASAQ 4y - ALAQ,#fb8072,0,0.0,004
062-tact-ASAQ4y-ALAQ,3,25859.777777777777,2031,TACT ASAQ 4y - ALAQ,#fb8072,0,0.0,004
062-tact-ASAQ4y-ALAQ,4,25665.5,2031,TACT ASAQ 4y - ALAQ,#fb8072,0,0.0,004
062-tact-ASAQ4y-ALAQ,5,26016.61111111111,2031,TACT ASAQ 4y - ALAQ,#fb8072,0,0.0,004
062-tact-ASAQ4y-ALAQ,6,25737.944444444445,2031,TACT ASAQ 4y - ALAQ,#fb8072,0,0.0,004
062-tact-ASAQ4y-ALAQ,7,25142.055555555555,2031,TACT ASAQ 4y - ALAQ,#fb8072,0,0.0,004
062-tact-ASAQ4y-ALAQ,8,26045.333333333332,2031,TACT ASAQ 4y - ALAQ,#fb8072,0,0.0,004
062-tact-ASAQ4y-ALAQ,9,25616.777777777777,2031,TACT ASAQ 4y - ALAQ,#fb8072,0,0.0,004
062-tact-ASAQ4y-ALAQ,10,25787.833333333332,2031,TACT ASAQ 4y - ALAQ,#fb8072,0,0.0,004
062-tact-ASAQ4y-ALAQ,11,25995.222222222223,2031,TACT ASAQ 4y - ALAQ,#fb8072,0,0.0,004
062-tact-ASAQ4y-ALAQ,12,25191.88888888889,2031,TACT ASAQ 4y - ALAQ,#fb8072,0,0.0,004
062-tact-ASAQ4y-ALAQ,13,25381.666666666668,2031,TACT ASAQ 4y - ALAQ,#fb8072,0,0.0,004
062-tact-ASAQ4y-ALAQ,14,26055.833333333332,2031,TACT ASAQ 4y - ALAQ,#fb8072,0,0.0,004
062-tact-ASAQ4y-ALAQ,15,25775.055555555555,2031,TACT ASAQ 4y - ALAQ,#fb8072,0,0.0,004
062-tact-ASAQ4y-ALAQ,16,25603.277777777777,2031,TACT ASAQ 4y - ALAQ,#fb8072,0,0.0,004
062-tact-ASAQ4y-ALAQ,17,25509.5,2031,TACT ASAQ 4y - ALAQ,#fb8072,0,0.0,004
062-tact-ASAQ4y-ALAQ,18,25307.38888888889,2031,TACT ASAQ 4y - ALAQ,#fb8072,0,0.0,004
062-tact-ASAQ4y-ALAQ,19,25383.0,2031,TACT ASAQ 4y - ALAQ,#fb8072,0,0.0,004
062-tact-ASAQ4y-ALAQ,20,25362.055555555555,2031,TACT ASAQ 4y - ALAQ,#fb8072,0,0.0,004
062-tact-ASAQ4y-ALAQ,21,25623.38888888889,2031,TACT ASAQ 4y - ALAQ,#fb8072,0,0.0,004
062-tact-ASAQ4y-ALAQ,22,25746.555555555555,2031,TACT ASAQ 4y - ALAQ,#fb8072,0,0.0,004
062-tact-ASAQ4y-ALAQ,23,25704.944444444445,2031,TACT ASAQ 4y - ALAQ,#fb8072,0,0.0,004
062-tact-ASAQ4y-ALAQ,24,25224.222222222223,2031,TACT ASAQ 4y - ALAQ,#fb8072,0,0.0,004
062-tact-ASAQ4y-ALAQ,25,25985.38888888889,2031,TACT ASAQ 4y - ALAQ,#fb8072,0,0.0,004
062-tact-ASAQ4y-ALAQ,26,26062.38888888889,2031,TACT ASAQ 4y - ALAQ,#fb8072,0,0.0,004
062-tact-ASAQ4y-ALAQ,27,25616.055555555555,2031,TACT ASAQ 4y - ALAQ,#fb8072,0,0.0,004
062-tact-ASAQ4y-ALAQ,28,25621.88888888889,2031,TACT ASAQ 4y - ALAQ,#fb8072,0,0.0,004
062-tact-ASAQ4y-ALAQ,29,25700.944444444445,2031,TACT ASAQ 4y - ALAQ,#fb8072,0,0.0,004
062-tact-ASAQ4y-ALAQ,30,25107.666666666668,2031,TACT ASAQ 4y - ALAQ,#fb8072,0,0.0,004
062-tact-ASAQ4y-ALAQ,31,25524.88888888889,2031,TACT ASAQ 4y - ALAQ,#fb8072,0,0.0,004
062-tact-ASAQ4y-ALAQ,32,25965.88888888889,2031,TACT ASAQ 4y - ALAQ,#fb8072,0,0.0,004
062-tact-ASAQ4y-ALAQ,33,25493.444444444445,2031,TACT ASAQ 4y - ALAQ,#fb8072,0,0.0,004
062-tact-ASAQ4y-ALAQ,34,26034.61111111111,2031,TACT ASAQ 4y - ALAQ,#fb8072,0,0.0,004
062-tact-ASAQ4y-ALAQ,35,25388.11111111111,2031,TACT ASAQ 4y - ALAQ,#fb8072,0,0.0,004
062-tact-ASAQ4y-ALAQ,36,25242.61111111111,2031,TACT ASAQ 4y - ALAQ,#fb8072,0,0.0,004
062-tact-ASAQ4y-ALAQ,37,25884.277777777777,2031,TACT ASAQ 4y - ALAQ,#fb8072,0,0.0,004
062-tact-ASAQ4y-ALAQ,38,25721.5,2031,TACT ASAQ 4y - ALAQ,#fb8072,0,0.0,004
062-tact-ASAQ4y-ALAQ,39,25721.222222222223,2031,TACT ASAQ 4y - ALAQ,#fb8072,0,0.0,004
062-tact-ASAQ4y-ALAQ,40,26974.61111111111,2031,TACT ASAQ 4y - ALAQ,#fb8072,0,0.0,004
062-tact-ASAQ4y-ALAQ,41,25451.0,2031,TACT ASAQ 4y - ALAQ,#fb8072,0,0.0,004
062-tact-ASAQ4y-ALAQ,42,25009.5,2031,TACT ASAQ 4y - ALAQ,#fb8072,0,0.0,004
062-tact-ASAQ4y-ALAQ,43,25218.666666666668,2031,TACT ASAQ 4y - ALAQ,#fb8072,0,0.0,004
062-tact-ASAQ4y-ALAQ,44,25295.61111111111,2031,TACT ASAQ 4y - ALAQ,#fb8072,0,0.0,004
062-tact-ASAQ4y-ALAQ,45,25917.722222222223,2031,TACT ASAQ 4y - ALAQ,#fb8072,0,0.0,004
062-tact-ASAQ4y-ALAQ,46,25174.11111111111,2031,TACT ASAQ 4y - ALAQ,#fb8072,0,0.0,004
062-tact-ASAQ4y-ALAQ,47,26804.38888888889,2031,TACT ASAQ 4y - ALAQ,#fb8072,0,0.0,004
062-tact-ASAQ4y-ALAQ,48,26134.88888888889,2031,TACT ASAQ 4y - ALAQ,#fb8072,0,0.0,004
062-tact-ASAQ4y-ALAQ,49,25322.777777777777,2031,TACT ASAQ 4y - ALAQ,#fb8072,0,0.0,004
062-tact-ASAQ4y-ALAQ,50,25606.0,2031,TACT ASAQ 4y - ALAQ,#fb8072,0,0.0,004
062-tact-ASAQ4y-ALAQ,51,25514.333333333332,2031,TACT ASAQ 4y - ALAQ,#fb8072,0,0.0,004
062-tact-ASAQ4y-ALAQ,52,25430.833333333332,2031,TACT ASAQ 4y - ALAQ,#fb8072,0,0.0,004
062-tact-ASAQ4y-ALAQ,53,26143.166666666668,2031,TACT ASAQ 4y - ALAQ,#fb8072,0,0.0,004
062-tact-ASAQ4y-ALAQ,54,25684.333333333332,2031,TACT ASAQ 4y - ALAQ,#fb8072,0,0.0,004
062-tact-ASAQ4y-ALAQ,55,24965.722222222223,2031,TACT ASAQ 4y - ALAQ,#fb8072,0,0.0,004
062-tact-ASAQ4y-ALAQ,56,25325.055555555555,2031,TACT ASAQ 4y - ALAQ,#fb8072,0,0.0,004
062-tact-ASAQ4y-ALAQ,57,25654.666666666668,2031,TACT ASAQ 4y - ALAQ,#fb8072,0,0.0,004
062-tact-ASAQ4y-ALAQ,58,26205.277777777777,2031,TACT ASAQ 4y - ALAQ,#fb8072,0,0.0,004
062-tact-ASAQ4y-ALAQ,59,25222.11111111111,2031,TACT ASAQ 4y - ALAQ,#fb8072,0,0.0,004
062-tact-ASAQ4y-ALAQ,60,25687.666666666668,2031,TACT ASAQ 4y - ALAQ,#fb8072,0,0.0,004
062-tact-ASAQ4y-ALAQ,61,25626.666666666668,2031,TACT ASAQ 4y - ALAQ,#fb8072,0,0.0,004
062-tact-ASAQ4y-ALAQ,62,25095.555555555555,2031,TACT ASAQ 4y - ALAQ,#fb8072,0,0.0,004
062-tact-ASAQ4y-ALAQ,63,24938.944444444445,2031,TACT ASAQ 4y - ALAQ,#fb8072,0,0.0,004
062-tact-ASAQ4y-ALAQ,64,25295.277777777777,2031,TACT ASAQ 4y - ALAQ,#fb8072,0,0.0,004
062-tact-ASAQ4y-ALAQ,65,25514.11111111111,2031,TACT ASAQ 4y - ALAQ,#fb8072,0,0.0,004
062-tact-ASAQ4y-ALAQ,66,26097.222222222223,2031,TACT ASAQ 4y - ALAQ,#fb8072,0,0.0,004
062-tact-ASAQ4y-ALAQ,67,26097.5,2031,TACT ASAQ 4y - ALAQ,#fb8072,0,0.0,004
062-tact-ASAQ4y-ALAQ,68,25550.055555555555,2031,TACT ASAQ 4y - ALAQ,#fb8072,0,0.0,004
062-tact-ASAQ4y-ALAQ,69,25927.333333333332,2031,TACT ASAQ 4y - ALAQ,#fb8072,0,0.0,004
062-tact-ASAQ4y-ALAQ,70,25782.944444444445,2031,TACT ASAQ 4y - ALAQ,#fb8072,0,0.0,004
062-tact-ASAQ4y-ALAQ,71,25107.666666666668,2031,TACT ASAQ 4y - ALAQ,#fb8072,0,0.0,004
062-tact-ASAQ4y-ALAQ,72,26462.333333333332,2031,TACT ASAQ 4y - ALAQ,#fb8072,0,0.0,004
062-tact-ASAQ4y-ALAQ,73,25976.11111111111,2031,TACT ASAQ 4y - ALAQ,#fb8072,0,0.0,004
062-tact-ASAQ4y-ALAQ,74,26460.61111111111,2031,TACT ASAQ 4y - ALAQ,#fb8072,0,0.0,004
062-tact-ASAQ4y-ALAQ,75,25538.11111111111,2031,TACT ASAQ 4y - ALAQ,#fb8072,0,0.0,004
062-tact-ASAQ4y-ALAQ,76,25910.222222222223,2031,TACT ASAQ 4y - ALAQ,#fb8072,0,0.0,004
062-tact-ASAQ4y-ALAQ,77,24816.944444444445,2031,TACT ASAQ 4y - ALAQ,#fb8072,0,0.0,004
062-tact-ASAQ4y-ALAQ,78,25192.61111111111,2031,TACT ASAQ 4y - ALAQ,#fb8072,0,0.0,004
062-tact-ASAQ4y-ALAQ,79,25350.833333333332,2031,TACT ASAQ 4y - ALAQ,#fb8072,0,0.0,004
062-tact-ASAQ4y-ALAQ,80,25437.5,2031,TACT ASAQ 4y - ALAQ,#fb8072,0,0.0,004
062-tact-ASAQ4y-ALAQ,81,25415.555555555555,2031,TACT ASAQ 4y - ALAQ,#fb8072,0,0.0,004
062-tact-ASAQ4y-ALAQ,82,26039.277777777777,2031,TACT ASAQ 4y - ALAQ,#fb8072,0,0.0,004
062-tact-ASAQ4y-ALAQ,83,25581.444444444445,2031,TACT ASAQ 4y - ALAQ,#fb8072,0,0.0,004
062-tact-ASAQ4y-ALAQ,84,25958.944444444445,2031,TACT ASAQ 4y - ALAQ,#fb8072,0,0.0,004
062-tact-ASAQ4y-ALAQ,85,25525.5,2031,TACT ASAQ 4y - ALAQ,#fb8072,0,0.0,004
062-tact-ASAQ4y-ALAQ,86,25537.0,2031,TACT ASAQ 4y - ALAQ,#fb8072,0,0.0,004
062-tact-ASAQ4y-ALAQ,87,25211.277777777777,2031,TACT ASAQ 4y - ALAQ,#fb8072,0,0.0,004
062-tact-ASAQ4y-ALAQ,88,25126.277777777777,2031,TACT ASAQ 4y - ALAQ,#fb8072,0,0.0,004
062-tact-ASAQ4y-ALAQ,89,25694.38888888889,2031,TACT ASAQ 4y - ALAQ,#fb8072,0,0.0,004
062-tact-ASAQ4y-ALAQ,90,25878.055555555555,2031,TACT ASAQ 4y - ALAQ,#fb8072,0,0.0,004
062-tact-ASAQ4y-ALAQ,91,26348.444444444445,2031,TACT ASAQ 4y - ALAQ,#fb8072,0,0.0,004
062-tact-ASAQ4y-ALAQ,92,25175.722222222223,2031,TACT ASAQ 4y - ALAQ,#fb8072,0,0.0,004
062-tact-ASAQ4y-ALAQ,93,25490.277777777777,2031,TACT ASAQ 4y - ALAQ,#fb8072,0,0.0,004
062-tact-ASAQ4y-ALAQ,94,25693.055555555555,2031,TACT ASAQ 4y - ALAQ,#fb8072,0,0.0,004
062-tact-ASAQ4y-ALAQ,95,25831.0,2031,TACT ASAQ 4y - ALAQ,#fb8072,0,0.0,004
062-tact-ASAQ4y-ALAQ,96,25846.722222222223,2031,TACT ASAQ 4y - ALAQ,#fb8072,0,0.0,004
062-tact-ASAQ4y-ALAQ,97,25430.555555555555,2031,TACT ASAQ 4y - ALAQ,#fb8072,0,0.0,004
062-tact-ASAQ4y-ALAQ,98,24974.0,2031,TACT ASAQ 4y - ALAQ,#fb8072,0,0.0,004
062-tact-ASAQ4y-ALAQ,99,24807.333333333332,2031,TACT ASAQ 4y - ALAQ,#fb8072,0,0.0,004
063-tact-DHAPPQ4y-ALAQ,0,29171.61111111111,2031,TACT DHAPPQ 4y - ALAQ,#fb8072,0,0.0,004
063-tact-DHAPPQ4y-ALAQ,1,28108.555555555555,2031,TACT DHAPPQ 4y - ALAQ,#fb8072,0,0.0,004
063-tact-DHAPPQ4y-ALAQ,2,29160.777777777777,2031,TACT DHAPPQ 4y - ALAQ,#fb8072,0,0.0,004
063-tact-DHAPPQ4y-ALAQ,3,29581.944444444445,2031,TACT DHAPPQ 4y - ALAQ,#fb8072,0,0.0,004
063-tact-DHAPPQ4y-ALAQ,4,28337.444444444445,2031,TACT DHAPPQ 4y - ALAQ,#fb8072,0,0.0,004
063-tact-DHAPPQ4y-ALAQ,5,29000.61111111111,2031,TACT DHAPPQ 4y - ALAQ,#fb8072,0,0.0,004
063-tact-DHAPPQ4y-ALAQ,6,28661.333333333332,2031,TACT DHAPPQ 4y - ALAQ,#fb8072,0,0.0,004
063-tact-DHAPPQ4y-ALAQ,7,29036.61111111111,2031,TACT DHAPPQ 4y - ALAQ,#fb8072,0,0.0,004
063-tact-DHAPPQ4y-ALAQ,8,27588.222222222223,2031,TACT DHAPPQ 4y - ALAQ,#fb8072,0,0.0,004
063-tact-DHAPPQ4y-ALAQ,9,29625.722222222223,2031,TACT DHAPPQ 4y - ALAQ,#fb8072,0,0.0,004
063-tact-DHAPPQ4y-ALAQ,10,29374.166666666668,2031,TACT DHAPPQ 4y - ALAQ,#fb8072,0,0.0,004
063-tact-DHAPPQ4y-ALAQ,11,29229.61111111111,2031,TACT DHAPPQ 4y - ALAQ,#fb8072,0,0.0,004
063-tact-DHAPPQ4y-ALAQ,12,29398.166666666668,2031,TACT DHAPPQ 4y - ALAQ,#fb8072,0,0.0,004
063-tact-DHAPPQ4y-ALAQ,13,30327.277777777777,2031,TACT DHAPPQ 4y - ALAQ,#fb8072,0,0.0,004
063-tact-DHAPPQ4y-ALAQ,14,28354.222222222223,2031,TACT DHAPPQ 4y - ALAQ,#fb8072,0,0.0,004
063-tact-DHAPPQ4y-ALAQ,15,29536.777777777777,2031,TACT DHAPPQ 4y - ALAQ,#fb8072,0,0.0,004
063-tact-DHAPPQ4y-ALAQ,16,29417.944444444445,2031,TACT DHAPPQ 4y - ALAQ,#fb8072,0,0.0,004
063-tact-DHAPPQ4y-ALAQ,17,29082.166666666668,2031,TACT DHAPPQ 4y - ALAQ,#fb8072,0,0.0,004
063-tact-DHAPPQ4y-ALAQ,18,31444.38888888889,2031,TACT DHAPPQ 4y - ALAQ,#fb8072,0,0.0,004
063-tact-DHAPPQ4y-ALAQ,19,29439.666666666668,2031,TACT DHAPPQ 4y - ALAQ,#fb8072,0,0.0,004
063-tact-DHAPPQ4y-ALAQ,20,27600.0,2031,TACT DHAPPQ 4y - ALAQ,#fb8072,0,0.0,004
063-tact-DHAPPQ4y-ALAQ,21,28703.444444444445,2031,TACT DHAPPQ 4y - ALAQ,#fb8072,0,0.0,004
063-tact-DHAPPQ4y-ALAQ,22,29586.222222222223,2031,TACT DHAPPQ 4y - ALAQ,#fb8072,0,0.0,004
063-tact-DHAPPQ4y-ALAQ,23,28315.38888888889,2031,TACT DHAPPQ 4y - ALAQ,#fb8072,0,0.0,004
063-tact-DHAPPQ4y-ALAQ,24,28352.444444444445,2031,TACT DHAPPQ 4y - ALAQ,#fb8072,0,0.0,004
063-tact-DHAPPQ4y-ALAQ,25,29007.61111111111,2031,TACT DHAPPQ 4y - ALAQ,#fb8072,0,0.0,004
063-tact-DHAPPQ4y-ALAQ,26,29599.333333333332,2031,TACT DHAPPQ 4y - ALAQ,#fb8072,0,0.0,004
063-tact-DHAPPQ4y-ALAQ,27,28951.722222222223,2031,TACT DHAPPQ 4y - ALAQ,#fb8072,0,0.0,004
063-tact-DHAPPQ4y-ALAQ,28,30320.38888888889,2031,TACT DHAPPQ 4y - ALAQ,#fb8072,0,0.0,004
063-tact-DHAPPQ4y-ALAQ,29,28958.166666666668,2031,TACT DHAPPQ 4y - ALAQ,#fb8072,0,0.0,004
063-tact-DHAPPQ4y-ALAQ,30,28575.555555555555,2031,TACT DHAPPQ 4y - ALAQ,#fb8072,0,0.0,004
063-tact-DHAPPQ4y-ALAQ,31,28760.166666666668,2031,TACT DHAPPQ 4y - ALAQ,#fb8072,0,0.0,004
063-tact-DHAPPQ4y-ALAQ,32,28041.0,2031,TACT DHAPPQ 4y - ALAQ,#fb8072,0,0.0,004
063-tact-DHAPPQ4y-ALAQ,33,28346.5,2031,TACT DHAPPQ 4y - ALAQ,#fb8072,0,0.0,004
063-tact-DHAPPQ4y-ALAQ,34,28848.055555555555,2031,TACT DHAPPQ 4y - ALAQ,#fb8072,0,0.0,004
063-tact-DHAPPQ4y-ALAQ,35,28861.777777777777,2031,TACT DHAPPQ 4y - ALAQ,#fb8072,0,0.0,004
063-tact-DHAPPQ4y-ALAQ,36,29192.333333333332,2031,TACT DHAPPQ 4y - ALAQ,#fb8072,0,0.0,004
063-tact-DHAPPQ4y-ALAQ,37,29166.333333333332,2031,TACT DHAPPQ 4y - ALAQ,#fb8072,0,0.0,004
063-tact-DHAPPQ4y-ALAQ,38,29337.333333333332,2031,TACT DHAPPQ 4y - ALAQ,#fb8072,0,0.0,004
063-tact-DHAPPQ4y-ALAQ,39,29344.38888888889,2031,TACT DHAPPQ 4y - ALAQ,#fb8072,0,0.0,004
063-tact-DHAPPQ4y-ALAQ,40,29966.333333333332,2031,TACT DHAPPQ 4y - ALAQ,#fb8072,0,0.0,004
063-tact-DHAPPQ4y-ALAQ,41,28678.222222222223,2031,TACT DHAPPQ 4y - ALAQ,#fb8072,0,0.0,004
063-tact-DHAPPQ4y-ALAQ,42,28906.777777777777,2031,TACT DHAPPQ 4y - ALAQ,#fb8072,0,0.0,004
063-tact-DHAPPQ4y-ALAQ,43,30181.055555555555,2031,TACT DHAPPQ 4y - ALAQ,#fb8072,0,0.0,004
063-tact-DHAPPQ4y-ALAQ,44,28312.88888888889,2031,TACT DHAPPQ 4y - ALAQ,#fb8072,0,0.0,004
063-tact-DHAPPQ4y-ALAQ,45,29246.38888888889,2031,TACT DHAPPQ 4y - ALAQ,#fb8072,0,0.0,004
063-tact-DHAPPQ4y-ALAQ,46,29602.944444444445,2031,TACT DHAPPQ 4y - ALAQ,#fb8072,0,0.0,004
063-tact-DHAPPQ4y-ALAQ,47,29915.88888888889,2031,TACT DHAPPQ 4y - ALAQ,#fb8072,0,0.0,004
063-tact-DHAPPQ4y-ALAQ,48,28762.444444444445,2031,TACT DHAPPQ 4y - ALAQ,#fb8072,0,0.0,004
063-tact-DHAPPQ4y-ALAQ,49,28701.0,2031,TACT DHAPPQ 4y - ALAQ,#fb8072,0,0.0,004
063-tact-DHAPPQ4y-ALAQ,50,28367.0,2031,TACT DHAPPQ 4y - ALAQ,#fb8072,0,0.0,004
063-tact-DHAPPQ4y-ALAQ,51,28787.333333333332,2031,TACT DHAPPQ 4y - ALAQ,#fb8072,0,0.0,004
063-tact-DHAPPQ4y-ALAQ,52,30225.166666666668,2031,TACT DHAPPQ 4y - ALAQ,#fb8072,0,0.0,004
063-tact-DHAPPQ4y-ALAQ,53,29157.666666666668,2031,TACT DHAPPQ 4y - ALAQ,#fb8072,0,0.0,004
063-tact-DHAPPQ4y-ALAQ,54,28566.944444444445,2031,TACT DHAPPQ 4y - ALAQ,#fb8072,0,0.0,004
063-tact-DHAPPQ4y-ALAQ,55,29317.5,2031,TACT DHAPPQ 4y - ALAQ,#fb8072,0,0.0,004
063-tact-DHAPPQ4y-ALAQ,56,28473.555555555555,2031,TACT DHAPPQ 4y - ALAQ,#fb8072,0,0.0,004
063-tact-DHAPPQ4y-ALAQ,57,28742.0,2031,TACT DHAPPQ 4y - ALAQ,#fb8072,0,0.0,004
063-tact-DHAPPQ4y-ALAQ,58,27446.222222222223,2031,TACT DHAPPQ 4y - ALAQ,#fb8072,0,0.0,004
063-tact-DHAPPQ4y-ALAQ,59,27434.5,2031,TACT DHAPPQ 4y - ALAQ,#fb8072,0,0.0,004
063-tact-DHAPPQ4y-ALAQ,60,30055.38888888889,2031,TACT DHAPPQ 4y - ALAQ,#fb8072,0,0.0,004
063-tact-DHAPPQ4y-ALAQ,61,30195.88888888889,2031,TACT DHAPPQ 4y - ALAQ,#fb8072,0,0.0,004
063-tact-DHAPPQ4y-ALAQ,62,28572.277777777777,2031,TACT DHAPPQ 4y - ALAQ,#fb8072,0,0.0,004
063-tact-DHAPPQ4y-ALAQ,63,29688.0,2031,TACT DHAPPQ 4y - ALAQ,#fb8072,0,0.0,004
063-tact-DHAPPQ4y-ALAQ,64,28114.055555555555,2031,TACT DHAPPQ 4y - ALAQ,#fb8072,0,0.0,004
063-tact-DHAPPQ4y-ALAQ,65,28104.722222222223,2031,TACT DHAPPQ 4y - ALAQ,#fb8072,0,0.0,004
063-tact-DHAPPQ4y-ALAQ,66,28991.61111111111,2031,TACT DHAPPQ 4y - ALAQ,#fb8072,0,0.0,004
063-tact-DHAPPQ4y-ALAQ,67,28960.166666666668,2031,TACT DHAPPQ 4y - ALAQ,#fb8072,0,0.0,004
063-tact-DHAPPQ4y-ALAQ,68,28334.11111111111,2031,TACT DHAPPQ 4y - ALAQ,#fb8072,0,0.0,004
063-tact-DHAPPQ4y-ALAQ,69,29196.444444444445,2031,TACT DHAPPQ 4y - ALAQ,#fb8072,0,0.0,004
063-tact-DHAPPQ4y-ALAQ,70,29242.333333333332,2031,TACT DHAPPQ 4y - ALAQ,#fb8072,0,0.0,004
063-tact-DHAPPQ4y-ALAQ,71,28977.277777777777,2031,TACT DHAPPQ 4y - ALAQ,#fb8072,0,0.0,004
063-tact-DHAPPQ4y-ALAQ,72,28697.333333333332,2031,TACT DHAPPQ 4y - ALAQ,#fb8072,0,0.0,004
063-tact-DHAPPQ4y-ALAQ,73,29979.333333333332,2031,TACT DHAPPQ 4y - ALAQ,#fb8072,0,0.0,004
063-tact-DHAPPQ4y-ALAQ,74,30071.61111111111,2031,TACT DHAPPQ 4y - ALAQ,#fb8072,0,0.0,004
063-tact-DHAPPQ4y-ALAQ,75,28485.5,2031,TACT DHAPPQ 4y - ALAQ,#fb8072,0,0.0,004
063-tact-DHAPPQ4y-ALAQ,76,30355.5,2031,TACT DHAPPQ 4y - ALAQ,#fb8072,0,0.0,004
063-tact-DHAPPQ4y-ALAQ,77,29661.88888888889,2031,TACT DHAPPQ 4y - ALAQ,#fb8072,0,0.0,004
063-tact-DHAPPQ4y-ALAQ,78,28599.777777777777,2031,TACT DHAPPQ 4y - ALAQ,#fb8072,0,0.0,004
063-tact-DHAPPQ4y-ALAQ,79,29093.222222222223,2031,TACT DHAPPQ 4y - ALAQ,#fb8072,0,0.0,004
063-tact-DHAPPQ4y-ALAQ,80,29182.333333333332,2031,TACT DHAPPQ 4y - ALAQ,#fb8072,0,0.0,004
063-tact-DHAPPQ4y-ALAQ,81,30429.88888888889,2031,TACT DHAPPQ 4y - ALAQ,#fb8072,0,0.0,004
063-tact-DHAPPQ4y-ALAQ,82,28540.38888888889,2031,TACT DHAPPQ 4y - ALAQ,#fb8072,0,0.0,004
063-tact-DHAPPQ4y-ALAQ,83,29664.61111111111,2031,TACT DHAPPQ 4y - ALAQ,#fb8072,0,0.0,004
063-tact-DHAPPQ4y-ALAQ,84,29570.61111111111,2031,TACT DHAPPQ 4y - ALAQ,#fb8072,0,0.0,004
063-tact-DHAPPQ4y-ALAQ,85,28074.944444444445,2031,TACT DHAPPQ 4y - ALAQ,#fb8072,0,0.0,004
063-tact-DHAPPQ4y-ALAQ,86,27831.055555555555,2031,TACT DHAPPQ 4y - ALAQ,#fb8072,0,0.0,004
063-tact-DHAPPQ4y-ALAQ,87,28328.777777777777,2031,TACT DHAPPQ 4y - ALAQ,#fb8072,0,0.0,004
063-tact-DHAPPQ4y-ALAQ,88,28218.11111111111,2031,TACT DHAPPQ 4y - ALAQ,#fb8072,0,0.0,004
063-tact-DHAPPQ4y-ALAQ,89,30357.222222222223,2031,TACT DHAPPQ 4y - ALAQ,#fb8072,0,0.0,004
063-tact-DHAPPQ4y-ALAQ,90,29100.38888888889,2031,TACT DHAPPQ 4y - ALAQ,#fb8072,0,0.0,004
063-tact-DHAPPQ4y-ALAQ,91,28144.722222222223,2031,TACT DHAPPQ 4y - ALAQ,#fb8072,0,0.0,004
063-tact-DHAPPQ4y-ALAQ,92,29506.5,2031,TACT DHAPPQ 4y - ALAQ,#fb8072,0,0.0,004
063-tact-DHAPPQ4y-ALAQ,93,29129.666666666668,2031,TACT DHAPPQ 4y - ALAQ,#fb8072,0,0.0,004
063-tact-DHAPPQ4y-ALAQ,94,29287.0,2031,TACT DHAPPQ 4y - ALAQ,#fb8072,0,0.0,004
063-tact-DHAPPQ4y-ALAQ,95,29331.333333333332,2031,TACT DHAPPQ 4y - ALAQ,#fb8072,0,0.0,004
063-tact-DHAPPQ4y-ALAQ,96,28313.277777777777,2031,TACT DHAPPQ 4y - ALAQ,#fb8072,0,0.0,004
063-tact-DHAPPQ4y-ALAQ,97,30714.555555555555,2031,TACT DHAPPQ 4y - ALAQ,#fb8072,0,0.0,004
063-tact-DHAPPQ4y-ALAQ,98,29348.944444444445,2031,TACT DHAPPQ 4y - ALAQ,#fb8072,0,0.0,004
063-tact-DHAPPQ4y-ALAQ,99,28548.833333333332,2031,TACT DHAPPQ 4y - ALAQ,#fb8072,0,0.0,004
064-tact-AL2y-ASAQ2y-ALAQ,0,30753.444444444445,2031,TACT AL 2y - ASAQ 2y - ALAQ,#fb8072,0,33.0,004
064-tact-AL2y-ASAQ2y-ALAQ,1,30631.833333333332,2031,TACT AL 2y - ASAQ 2y - ALAQ,#fb8072,0,33.0,004
064-tact-AL2y-ASAQ2y-ALAQ,2,29465.0,2031,TACT AL 2y - ASAQ 2y - ALAQ,#fb8072,0,33.0,004
064-tact-AL2y-ASAQ2y-ALAQ,3,32946.77777777778,2031,TACT AL 2y - ASAQ 2y - ALAQ,#fb8072,0,33.0,004
064-tact-AL2y-ASAQ2y-ALAQ,4,31472.88888888889,2031,TACT AL 2y - ASAQ 2y - ALAQ,#fb8072,0,33.0,004
064-tact-AL2y-ASAQ2y-ALAQ,5,31048.38888888889,2031,TACT AL 2y - ASAQ 2y - ALAQ,#fb8072,0,33.0,004
064-tact-AL2y-ASAQ2y-ALAQ,6,33065.11111111111,2031,TACT AL 2y - ASAQ 2y - ALAQ,#fb8072,0,33.0,004
064-tact-AL2y-ASAQ2y-ALAQ,7,31489.222222222223,2031,TACT AL 2y - ASAQ 2y - ALAQ,#fb8072,0,33.0,004
064-tact-AL2y-ASAQ2y-ALAQ,8,31476.555555555555,2031,TACT AL 2y - ASAQ 2y - ALAQ,#fb8072,0,33.0,004
064-tact-AL2y-ASAQ2y-ALAQ,9,30755.88888888889,2031,TACT AL 2y - ASAQ 2y - ALAQ,#fb8072,0,33.0,004
064-tact-AL2y-ASAQ2y-ALAQ,10,30426.666666666668,2031,TACT AL 2y - ASAQ 2y - ALAQ,#fb8072,0,33.0,004
064-tact-AL2y-ASAQ2y-ALAQ,11,31076.277777777777,2031,TACT AL 2y - ASAQ 2y - ALAQ,#fb8072,0,33.0,004
064-tact-AL2y-ASAQ2y-ALAQ,12,30434.833333333332,2031,TACT AL 2y - ASAQ 2y - ALAQ,#fb8072,0,33.0,004
064-tact-AL2y-ASAQ2y-ALAQ,13,31666.833333333332,2031,TACT AL 2y - ASAQ 2y - ALAQ,#fb8072,0,33.0,004
064-tact-AL2y-ASAQ2y-ALAQ,14,30659.61111111111,2031,TACT AL 2y - ASAQ 2y - ALAQ,#fb8072,0,33.0,004
064-tact-AL2y-ASAQ2y-ALAQ,15,30459.555555555555,2031,TACT AL 2y - ASAQ 2y - ALAQ,#fb8072,0,33.0,004
064-tact-AL2y-ASAQ2y-ALAQ,16,31159.0,2031,TACT AL 2y - ASAQ 2y - ALAQ,#fb8072,0,33.0,004
064-tact-AL2y-ASAQ2y-ALAQ,17,30601.277777777777,2031,TACT AL 2y - ASAQ 2y - ALAQ,#fb8072,0,33.0,004
064-tact-AL2y-ASAQ2y-ALAQ,18,32120.88888888889,2031,TACT AL 2y - ASAQ 2y - ALAQ,#fb8072,0,33.0,004
064-tact-AL2y-ASAQ2y-ALAQ,19,31000.055555555555,2031,TACT AL 2y - ASAQ 2y - ALAQ,#fb8072,0,33.0,004
064-tact-AL2y-ASAQ2y-ALAQ,20,31512.11111111111,2031,TACT AL 2y - ASAQ 2y - ALAQ,#fb8072,0,33.0,004
064-tact-AL2y-ASAQ2y-ALAQ,21,31223.444444444445,2031,TACT AL 2y - ASAQ 2y - ALAQ,#fb8072,0,33.0,004
064-tact-AL2y-ASAQ2y-ALAQ,22,30859.666666666668,2031,TACT AL 2y - ASAQ 2y - ALAQ,#fb8072,0,33.0,004
064-tact-AL2y-ASAQ2y-ALAQ,23,32391.166666666668,2031,TACT AL 2y - ASAQ 2y - ALAQ,#fb8072,0,33.0,004
064-tact-AL2y-ASAQ2y-ALAQ,24,30892.444444444445,2031,TACT AL 2y - ASAQ 2y - ALAQ,#fb8072,0,33.0,004
064-tact-AL2y-ASAQ2y-ALAQ,25,30641.333333333332,2031,TACT AL 2y - ASAQ 2y - ALAQ,#fb8072,0,33.0,004
064-tact-AL2y-ASAQ2y-ALAQ,26,30103.61111111111,2031,TACT AL 2y - ASAQ 2y - ALAQ,#fb8072,0,33.0,004
064-tact-AL2y-ASAQ2y-ALAQ,27,30868.944444444445,2031,TACT AL 2y - ASAQ 2y - ALAQ,#fb8072,0,33.0,004
064-tact-AL2y-ASAQ2y-ALAQ,28,30616.88888888889,2031,TACT AL 2y - ASAQ 2y - ALAQ,#fb8072,0,33.0,004
064-tact-AL2y-ASAQ2y-ALAQ,29,30664.166666666668,2031,TACT AL 2y - ASAQ 2y - ALAQ,#fb8072,0,33.0,004
064-tact-AL2y-ASAQ2y-ALAQ,30,31464.722222222223,2031,TACT AL 2y - ASAQ 2y - ALAQ,#fb8072,0,33.0,004
064-tact-AL2y-ASAQ2y-ALAQ,31,30813.333333333332,2031,TACT AL 2y - ASAQ 2y - ALAQ,#fb8072,0,33.0,004
064-tact-AL2y-ASAQ2y-ALAQ,32,31758.055555555555,2031,TACT AL 2y - ASAQ 2y - ALAQ,#fb8072,0,33.0,004
064-tact-AL2y-ASAQ2y-ALAQ,33,30772.5,2031,TACT AL 2y - ASAQ 2y - ALAQ,#fb8072,0,33.0,004
064-tact-AL2y-ASAQ2y-ALAQ,34,31292.61111111111,2031,TACT AL 2y - ASAQ 2y - ALAQ,#fb8072,0,33.0,004
064-tact-AL2y-ASAQ2y-ALAQ,35,31029.555555555555,2031,TACT AL 2y - ASAQ 2y - ALAQ,#fb8072,0,33.0,004
064-tact-AL2y-ASAQ2y-ALAQ,36,31388.11111111111,2031,TACT AL 2y - ASAQ 2y - ALAQ,#fb8072,0,33.0,004
064-tact-AL2y-ASAQ2y-ALAQ,37,31423.11111111111,2031,TACT AL 2y - ASAQ 2y - ALAQ,#fb8072,0,33.0,004
064-tact-AL2y-ASAQ2y-ALAQ,38,31145.166666666668,2031,TACT AL 2y - ASAQ 2y - ALAQ,#fb8072,0,33.0,004
064-tact-AL2y-ASAQ2y-ALAQ,39,31831.61111111111,2031,TACT AL 2y - ASAQ 2y - ALAQ,#fb8072,0,33.0,004
064-tact-AL2y-ASAQ2y-ALAQ,40,31543.777777777777,2031,TACT AL 2y - ASAQ 2y - ALAQ,#fb8072,0,33.0,004
064-tact-AL2y-ASAQ2y-ALAQ,41,30797.055555555555,2031,TACT AL 2y - ASAQ 2y - ALAQ,#fb8072,0,33.0,004
064-tact-AL2y-ASAQ2y-ALAQ,42,33377.055555555555,2031,TACT AL 2y - ASAQ 2y - ALAQ,#fb8072,0,33.0,004
064-tact-AL2y-ASAQ2y-ALAQ,43,31638.055555555555,2031,TACT AL 2y - ASAQ 2y - ALAQ,#fb8072,0,33.0,004
064-tact-AL2y-ASAQ2y-ALAQ,44,31739.333333333332,2031,TACT AL 2y - ASAQ 2y - ALAQ,#fb8072,0,33.0,004
064-tact-AL2y-ASAQ2y-ALAQ,45,31984.666666666668,2031,TACT AL 2y - ASAQ 2y - ALAQ,#fb8072,0,33.0,004
064-tact-AL2y-ASAQ2y-ALAQ,46,30432.277777777777,2031,TACT AL 2y - ASAQ 2y - ALAQ,#fb8072,0,33.0,004
064-tact-AL2y-ASAQ2y-ALAQ,47,31215.11111111111,2031,TACT AL 2y - ASAQ 2y - ALAQ,#fb8072,0,33.0,004
064-tact-AL2y-ASAQ2y-ALAQ,48,31384.0,2031,TACT AL 2y - ASAQ 2y - ALAQ,#fb8072,0,33.0,004
064-tact-AL2y-ASAQ2y-ALAQ,49,30144.88888888889,2031,TACT AL 2y - ASAQ 2y - ALAQ,#fb8072,0,33.0,004
064-tact-AL2y-ASAQ2y-ALAQ,50,29810.777777777777,2031,TACT AL 2y - ASAQ 2y - ALAQ,#fb8072,0,33.0,004
064-tact-AL2y-ASAQ2y-ALAQ,51,30869.444444444445,2031,TACT AL 2y - ASAQ 2y - ALAQ,#fb8072,0,33.0,004
064-tact-AL2y-ASAQ2y-ALAQ,52,29735.055555555555,2031,TACT AL 2y - ASAQ 2y - ALAQ,#fb8072,0,33.0,004
064-tact-AL2y-ASAQ2y-ALAQ,53,30039.777777777777,2031,TACT AL 2y - ASAQ 2y - ALAQ,#fb8072,0,33.0,004
064-tact-AL2y-ASAQ2y-ALAQ,54,30856.61111111111,2031,TACT AL 2y - ASAQ 2y - ALAQ,#fb8072,0,33.0,004
064-tact-AL2y-ASAQ2y-ALAQ,55,31217.833333333332,2031,TACT AL 2y - ASAQ 2y - ALAQ,#fb8072,0,33.0,004
064-tact-AL2y-ASAQ2y-ALAQ,56,32246.555555555555,2031,TACT AL 2y - ASAQ 2y - ALAQ,#fb8072,0,33.0,004
064-tact-AL2y-ASAQ2y-ALAQ,57,31288.277777777777,2031,TACT AL 2y - ASAQ 2y - ALAQ,#fb8072,0,33.0,004
064-tact-AL2y-ASAQ2y-ALAQ,58,31583.055555555555,2031,TACT AL 2y - ASAQ 2y - ALAQ,#fb8072,0,33.0,004
064-tact-AL2y-ASAQ2y-ALAQ,59,30011.0,2031,TACT AL 2y - ASAQ 2y - ALAQ,#fb8072,0,33.0,004
064-tact-AL2y-ASAQ2y-ALAQ,60,31335.055555555555,2031,TACT AL 2y - ASAQ 2y - ALAQ,#fb8072,0,33.0,004
064-tact-AL2y-ASAQ2y-ALAQ,61,31796.277777777777,2031,TACT AL 2y - ASAQ 2y - ALAQ,#fb8072,0,33.0,004
064-tact-AL2y-ASAQ2y-ALAQ,62,31504.777777777777,2031,TACT AL 2y - ASAQ 2y - ALAQ,#fb8072,0,33.0,004
064-tact-AL2y-ASAQ2y-ALAQ,63,30106.722222222223,2031,TACT AL 2y - ASAQ 2y - ALAQ,#fb8072,0,33.0,004
064-tact-AL2y-ASAQ2y-ALAQ,64,31087.11111111111,2031,TACT AL 2y - ASAQ 2y - ALAQ,#fb8072,0,33.0,004
064-tact-AL2y-ASAQ2y-ALAQ,65,30746.555555555555,2031,TACT AL 2y - ASAQ 2y - ALAQ,#fb8072,0,33.0,004
064-tact-AL2y-ASAQ2y-ALAQ,66,30926.222222222223,2031,TACT AL 2y - ASAQ 2y - ALAQ,#fb8072,0,33.0,004
064-tact-AL2y-ASAQ2y-ALAQ,67,30414.055555555555,2031,TACT AL 2y - ASAQ 2y - ALAQ,#fb8072,0,33.0,004
064-tact-AL2y-ASAQ2y-ALAQ,68,30225.777777777777,2031,TACT AL 2y - ASAQ 2y - ALAQ,#fb8072,0,33.0,004
064-tact-AL2y-ASAQ2y-ALAQ,69,31156.88888888889,2031,TACT AL 2y - ASAQ 2y - ALAQ,#fb8072,0,33.0,004
064-tact-AL2y-ASAQ2y-ALAQ,70,31210.88888888889,2031,TACT AL 2y - ASAQ 2y - ALAQ,#fb8072,0,33.0,004
064-tact-AL2y-ASAQ2y-ALAQ,71,29719.333333333332,2031,TACT AL 2y - ASAQ 2y - ALAQ,#fb8072,0,33.0,004
064-tact-AL2y-ASAQ2y-ALAQ,72,30962.944444444445,2031,TACT AL 2y - ASAQ 2y - ALAQ,#fb8072,0,33.0,004
064-tact-AL2y-ASAQ2y-ALAQ,73,29644.555555555555,2031,TACT AL 2y - ASAQ 2y - ALAQ,#fb8072,0,33.0,004
064-tact-AL2y-ASAQ2y-ALAQ,74,32028.11111111111,2031,TACT AL 2y - ASAQ 2y - ALAQ,#fb8072,0,33.0,004
064-tact-AL2y-ASAQ2y-ALAQ,75,30730.833333333332,2031,TACT AL 2y - ASAQ 2y - ALAQ,#fb8072,0,33.0,004
064-tact-AL2y-ASAQ2y-ALAQ,76,30900.944444444445,2031,TACT AL 2y - ASAQ 2y - ALAQ,#fb8072,0,33.0,004
064-tact-AL2y-ASAQ2y-ALAQ,77,29498.944444444445,2031,TACT AL 2y - ASAQ 2y - ALAQ,#fb8072,0,33.0,004
064-tact-AL2y-ASAQ2y-ALAQ,78,30683.0,2031,TACT AL 2y - ASAQ 2y - ALAQ,#fb8072,0,33.0,004
064-tact-AL2y-ASAQ2y-ALAQ,79,30307.333333333332,2031,TACT AL 2y - ASAQ 2y - ALAQ,#fb8072,0,33.0,004
064-tact-AL2y-ASAQ2y-ALAQ,80,30736.5,2031,TACT AL 2y - ASAQ 2y - ALAQ,#fb8072,0,33.0,004
064-tact-AL2y-ASAQ2y-ALAQ,81,30700.38888888889,2031,TACT AL 2y - ASAQ 2y - ALAQ,#fb8072,0,33.0,004
064-tact-AL2y-ASAQ2y-ALAQ,82,30542.38888888889,2031,TACT AL 2y - ASAQ 2y - ALAQ,#fb8072,0,33.0,004
064-tact-AL2y-ASAQ2y-ALAQ,83,30757.666666666668,2031,TACT AL 2y - ASAQ 2y - ALAQ,#fb8072,0,33.0,004
064-tact-AL2y-ASAQ2y-ALAQ,84,31440.777777777777,2031,TACT AL 2y - ASAQ 2y - ALAQ,#fb8072,0,33.0,004
064-tact-AL2y-ASAQ2y-ALAQ,85,30348.5,2031,TACT AL 2y - ASAQ 2y - ALAQ,#fb8072,0,33.0,004
064-tact-AL2y-ASAQ2y-ALAQ,86,31101.222222222223,2031,TACT AL 2y - ASAQ 2y - ALAQ,#fb8072,0,33.0,004
064-tact-AL2y-ASAQ2y-ALAQ,87,31317.944444444445,2031,TACT AL 2y - ASAQ 2y - ALAQ,#fb8072,0,33.0,004
064-tact-AL2y-ASAQ2y-ALAQ,88,30314.833333333332,2031,TACT AL 2y - ASAQ 2y - ALAQ,#fb8072,0,33.0,004
064-tact-AL2y-ASAQ2y-ALAQ,89,31360.166666666668,2031,TACT AL 2y - ASAQ 2y - ALAQ,#fb8072,0,33.0,004
064-tact-AL2y-ASAQ2y-ALAQ,90,31539.0,2031,TACT AL 2y - ASAQ 2y - ALAQ,#fb8072,0,33.0,004
064-tact-AL2y-ASAQ2y-ALAQ,91,30822.777777777777,2031,TACT AL 2y - ASAQ 2y - ALAQ,#fb8072,0,33.0,004
064-tact-AL2y-ASAQ2y-ALAQ,92,31781.166666666668,2031,TACT AL 2y - ASAQ 2y - ALAQ,#fb8072,0,33.0,004
064-tact-AL2y-ASAQ2y-ALAQ,93,31286.722222222223,2031,TACT AL 2y - ASAQ 2y - ALAQ,#fb8072,0,33.0,004
064-tact-AL2y-ASAQ2y-ALAQ,94,32428.222222222223,2031,TACT AL 2y - ASAQ 2y - ALAQ,#fb8072,0,33.0,004
064-tact-AL2y-ASAQ2y-ALAQ,95,29961.277777777777,2031,TACT AL 2y - ASAQ 2y - ALAQ,#fb8072,0,33.0,004
064-tact-AL2y-ASAQ2y-ALAQ,96,32432.833333333332,2031,TACT AL 2y - ASAQ 2y - ALAQ,#fb8072,0,33.0,004
064-tact-AL2y-ASAQ2y-ALAQ,97,31135.0,2031,TACT AL 2y - ASAQ 2y - ALAQ,#fb8072,0,33.0,004
064-tact-AL2y-ASAQ2y-ALAQ,98,30230.38888888889,2031,TACT AL 2y - ASAQ 2y - ALAQ,#fb8072,0,33.0,004
064-tact-AL2y-ASAQ2y-ALAQ,99,31699.833333333332,2031,TACT AL 2y - ASAQ 2y - ALAQ,#fb8072,0,33.0,004
065-tact-AL2y-DHAPPQ2y-ALAQ,0,29611.833333333332,2031,TACT AL 2y - DHAPPQ 2y - ALAQ,#fb8072,0,33.0,004
065-tact-AL2y-DHAPPQ2y-ALAQ,1,33321.333333333336,2031,TACT AL 2y - DHAPPQ 2y - ALAQ,#fb8072,0,33.0,004
065-tact-AL2y-DHAPPQ2y-ALAQ,2,31206.055555555555,2031,TACT AL 2y - DHAPPQ 2y - ALAQ,#fb8072,0,33.0,004
065-tact-AL2y-DHAPPQ2y-ALAQ,3,30291.38888888889,2031,TACT AL 2y - DHAPPQ 2y - ALAQ,#fb8072,0,33.0,004
065-tact-AL2y-DHAPPQ2y-ALAQ,4,31837.777777777777,2031,TACT AL 2y - DHAPPQ 2y - ALAQ,#fb8072,0,33.0,004
065-tact-AL2y-DHAPPQ2y-ALAQ,5,30719.722222222223,2031,TACT AL 2y - DHAPPQ 2y - ALAQ,#fb8072,0,33.0,004
065-tact-AL2y-DHAPPQ2y-ALAQ,6,31828.5,2031,TACT AL 2y - DHAPPQ 2y - ALAQ,#fb8072,0,33.0,004
065-tact-AL2y-DHAPPQ2y-ALAQ,7,30592.88888888889,2031,TACT AL 2y - DHAPPQ 2y - ALAQ,#fb8072,0,33.0,004
065-tact-AL2y-DHAPPQ2y-ALAQ,8,31850.222222222223,2031,TACT AL 2y - DHAPPQ 2y - ALAQ,#fb8072,0,33.0,004
065-tact-AL2y-DHAPPQ2y-ALAQ,9,30542.944444444445,2031,TACT AL 2y - DHAPPQ 2y - ALAQ,#fb8072,0,33.0,004
065-tact-AL2y-DHAPPQ2y-ALAQ,10,30534.88888888889,2031,TACT AL 2y - DHAPPQ 2y - ALAQ,#fb8072,0,33.0,004
065-tact-AL2y-DHAPPQ2y-ALAQ,11,30674.38888888889,2031,TACT AL 2y - DHAPPQ 2y - ALAQ,#fb8072,0,33.0,004
065-tact-AL2y-DHAPPQ2y-ALAQ,12,31226.277777777777,2031,TACT AL 2y - DHAPPQ 2y - ALAQ,#fb8072,0,33.0,004
065-tact-AL2y-DHAPPQ2y-ALAQ,13,30120.61111111111,2031,TACT AL 2y - DHAPPQ 2y - ALAQ,#fb8072,0,33.0,004
065-tact-AL2y-DHAPPQ2y-ALAQ,14,32089.61111111111,2031,TACT AL 2y - DHAPPQ 2y - ALAQ,#fb8072,0,33.0,004
065-tact-AL2y-DHAPPQ2y-ALAQ,15,30503.833333333332,2031,TACT AL 2y - DHAPPQ 2y - ALAQ,#fb8072,0,33.0,004
065-tact-AL2y-DHAPPQ2y-ALAQ,16,31119.333333333332,2031,TACT AL 2y - DHAPPQ 2y - ALAQ,#fb8072,0,33.0,004
065-tact-AL2y-DHAPPQ2y-ALAQ,17,30799.222222222223,2031,TACT AL 2y - DHAPPQ 2y - ALAQ,#fb8072,0,33.0,004
065-tact-AL2y-DHAPPQ2y-ALAQ,18,30829.222222222223,2031,TACT AL 2y - DHAPPQ 2y - ALAQ,#fb8072,0,33.0,004
065-tact-AL2y-DHAPPQ2y-ALAQ,19,30723.333333333332,2031,TACT AL 2y - DHAPPQ 2y - ALAQ,#fb8072,0,33.0,004
065-tact-AL2y-DHAPPQ2y-ALAQ,20,32029.277777777777,2031,TACT AL 2y - DHAPPQ 2y - ALAQ,#fb8072,0,33.0,004
065-tact-AL2y-DHAPPQ2y-ALAQ,21,32303.722222222223,2031,TACT AL 2y - DHAPPQ 2y - ALAQ,#fb8072,0,33.0,004
065-tact-AL2y-DHAPPQ2y-ALAQ,22,32527.277777777777,2031,TACT AL 2y - DHAPPQ 2y - ALAQ,#fb8072,0,33.0,004
065-tact-AL2y-DHAPPQ2y-ALAQ,23,31461.555555555555,2031,TACT AL 2y - DHAPPQ 2y - ALAQ,#fb8072,0,33.0,004
065-tact-AL2y-DHAPPQ2y-ALAQ,24,31032.38888888889,2031,TACT AL 2y - DHAPPQ 2y - ALAQ,#fb8072,0,33.0,004
065-tact-AL2y-DHAPPQ2y-ALAQ,25,30946.277777777777,2031,TACT AL 2y - DHAPPQ 2y - ALAQ,#fb8072,0,33.0,004
065-tact-AL2y-DHAPPQ2y-ALAQ,26,31316.666666666668,2031,TACT AL 2y - DHAPPQ 2y - ALAQ,#fb8072,0,33.0,004
065-tact-AL2y-DHAPPQ2y-ALAQ,27,31042.944444444445,2031,TACT AL 2y - DHAPPQ 2y - ALAQ,#fb8072,0,33.0,004
065-tact-AL2y-DHAPPQ2y-ALAQ,28,32254.38888888889,2031,TACT AL 2y - DHAPPQ 2y - ALAQ,#fb8072,0,33.0,004
065-tact-AL2y-DHAPPQ2y-ALAQ,29,33242.22222222222,2031,TACT AL 2y - DHAPPQ 2y - ALAQ,#fb8072,0,33.0,004
065-tact-AL2y-DHAPPQ2y-ALAQ,30,30759.833333333332,2031,TACT AL 2y - DHAPPQ 2y - ALAQ,#fb8072,0,33.0,004
065-tact-AL2y-DHAPPQ2y-ALAQ,31,30473.61111111111,2031,TACT AL 2y - DHAPPQ 2y - ALAQ,#fb8072,0,33.0,004
065-tact-AL2y-DHAPPQ2y-ALAQ,32,31569.055555555555,2031,TACT AL 2y - DHAPPQ 2y - ALAQ,#fb8072,0,33.0,004
065-tact-AL2y-DHAPPQ2y-ALAQ,33,30946.333333333332,2031,TACT AL 2y - DHAPPQ 2y - ALAQ,#fb8072,0,33.0,004
065-tact-AL2y-DHAPPQ2y-ALAQ,34,32659.277777777777,2031,TACT AL 2y - DHAPPQ 2y - ALAQ,#fb8072,0,33.0,004
065-tact-AL2y-DHAPPQ2y-ALAQ,35,30537.666666666668,2031,TACT AL 2y - DHAPPQ 2y - ALAQ,#fb8072,0,33.0,004
065-tact-AL2y-DHAPPQ2y-ALAQ,36,31486.61111111111,2031,TACT AL 2y - DHAPPQ 2y - ALAQ,#fb8072,0,33.0,004
065-tact-AL2y-DHAPPQ2y-ALAQ,37,30870.722222222223,2031,TACT AL 2y - DHAPPQ 2y - ALAQ,#fb8072,0,33.0,004
065-tact-AL2y-DHAPPQ2y-ALAQ,38,31307.88888888889,2031,TACT AL 2y - DHAPPQ 2y - ALAQ,#fb8072,0,33.0,004
065-tact-AL2y-DHAPPQ2y-ALAQ,39,29958.38888888889,2031,TACT AL 2y - DHAPPQ 2y - ALAQ,#fb8072,0,33.0,004
065-tact-AL2y-DHAPPQ2y-ALAQ,40,31780.11111111111,2031,TACT AL 2y - DHAPPQ 2y - ALAQ,#fb8072,0,33.0,004
065-tact-AL2y-DHAPPQ2y-ALAQ,41,32044.555555555555,2031,TACT AL 2y - DHAPPQ 2y - ALAQ,#fb8072,0,33.0,004
065-tact-AL2y-DHAPPQ2y-ALAQ,42,30405.833333333332,2031,TACT AL 2y - DHAPPQ 2y - ALAQ,#fb8072,0,33.0,004
065-tact-AL2y-DHAPPQ2y-ALAQ,43,30402.777777777777,2031,TACT AL 2y - DHAPPQ 2y - ALAQ,#fb8072,0,33.0,004
065-tact-AL2y-DHAPPQ2y-ALAQ,44,31202.11111111111,2031,TACT AL 2y - DHAPPQ 2y - ALAQ,#fb8072,0,33.0,004
065-tact-AL2y-DHAPPQ2y-ALAQ,45,30460.666666666668,2031,TACT AL 2y - DHAPPQ 2y - ALAQ,#fb8072,0,33.0,004
065-tact-AL2y-DHAPPQ2y-ALAQ,46,30298.166666666668,2031,TACT AL 2y - DHAPPQ 2y - ALAQ,#fb8072,0,33.0,004
065-tact-AL2y-DHAPPQ2y-ALAQ,47,30833.055555555555,2031,TACT AL 2y - DHAPPQ 2y - ALAQ,#fb8072,0,33.0,004
065-tact-AL2y-DHAPPQ2y-ALAQ,48,30856.055555555555,2031,TACT AL 2y - DHAPPQ 2y - ALAQ,#fb8072,0,33.0,004
065-tact-AL2y-DHAPPQ2y-ALAQ,49,31344.444444444445,2031,TACT AL 2y - DHAPPQ 2y - ALAQ,#fb8072,0,33.0,004
065-tact-AL2y-DHAPPQ2y-ALAQ,50,31029.333333333332,2031,TACT AL 2y - DHAPPQ 2y - ALAQ,#fb8072,0,33.0,004
065-tact-AL2y-DHAPPQ2y-ALAQ,51,30000.055555555555,2031,TACT AL 2y - DHAPPQ 2y - ALAQ,#fb8072,0,33.0,004
065-tact-AL2y-DHAPPQ2y-ALAQ,52,32128.277777777777,2031,TACT AL 2y - DHAPPQ 2y - ALAQ,#fb8072,0,33.0,004
065-tact-AL2y-DHAPPQ2y-ALAQ,53,30666.777777777777,2031,TACT AL 2y - DHAPPQ 2y - ALAQ,#fb8072,0,33.0,004
065-tact-AL2y-DHAPPQ2y-ALAQ,54,31608.722222222223,2031,TACT AL 2y - DHAPPQ 2y - ALAQ,#fb8072,0,33.0,004
065-tact-AL2y-DHAPPQ2y-ALAQ,55,30733.777777777777,2031,TACT AL 2y - DHAPPQ 2y - ALAQ,#fb8072,0,33.0,004
065-tact-AL2y-DHAPPQ2y-ALAQ,56,32160.055555555555,2031,TACT AL 2y - DHAPPQ 2y - ALAQ,#fb8072,0,33.0,004
065-tact-AL2y-DHAPPQ2y-ALAQ,57,31847.555555555555,2031,TACT AL 2y - DHAPPQ 2y - ALAQ,#fb8072,0,33.0,004
065-tact-AL2y-DHAPPQ2y-ALAQ,58,29912.61111111111,2031,TACT AL 2y - DHAPPQ 2y - ALAQ,#fb8072,0,33.0,004
065-tact-AL2y-DHAPPQ2y-ALAQ,59,30551.222222222223,2031,TACT AL 2y - DHAPPQ 2y - ALAQ,#fb8072,0,33.0,004
065-tact-AL2y-DHAPPQ2y-ALAQ,60,31359.333333333332,2031,TACT AL 2y - DHAPPQ 2y - ALAQ,#fb8072,0,33.0,004
065-tact-AL2y-DHAPPQ2y-ALAQ,61,30207.666666666668,2031,TACT AL 2y - DHAPPQ 2y - ALAQ,#fb8072,0,33.0,004
065-tact-AL2y-DHAPPQ2y-ALAQ,62,31708.88888888889,2031,TACT AL 2y - DHAPPQ 2y - ALAQ,#fb8072,0,33.0,004
065-tact-AL2y-DHAPPQ2y-ALAQ,63,30576.722222222223,2031,TACT AL 2y - DHAPPQ 2y - ALAQ,#fb8072,0,33.0,004
065-tact-AL2y-DHAPPQ2y-ALAQ,64,32780.77777777778,2031,TACT AL 2y - DHAPPQ 2y - ALAQ,#fb8072,0,33.0,004
065-tact-AL2y-DHAPPQ2y-ALAQ,65,30030.88888888889,2031,TACT AL 2y - DHAPPQ 2y - ALAQ,#fb8072,0,33.0,004
065-tact-AL2y-DHAPPQ2y-ALAQ,66,31044.222222222223,2031,TACT AL 2y - DHAPPQ 2y - ALAQ,#fb8072,0,33.0,004
065-tact-AL2y-DHAPPQ2y-ALAQ,67,31451.5,2031,TACT AL 2y - DHAPPQ 2y - ALAQ,#fb8072,0,33.0,004
065-tact-AL2y-DHAPPQ2y-ALAQ,68,30858.055555555555,2031,TACT AL 2y - DHAPPQ 2y - ALAQ,#fb8072,0,33.0,004
065-tact-AL2y-DHAPPQ2y-ALAQ,69,32993.77777777778,2031,TACT AL 2y - DHAPPQ 2y - ALAQ,#fb8072,0,33.0,004
065-tact-AL2y-DHAPPQ2y-ALAQ,70,31374.166666666668,2031,TACT AL 2y - DHAPPQ 2y - ALAQ,#fb8072,0,33.0,004
065-tact-AL2y-DHAPPQ2y-ALAQ,71,30698.444444444445,2031,TACT AL 2y - DHAPPQ 2y - ALAQ,#fb8072,0,33.0,004
065-tact-AL2y-DHAPPQ2y-ALAQ,72,32294.944444444445,2031,TACT AL 2y - DHAPPQ 2y - ALAQ,#fb8072,0,33.0,004
065-tact-AL2y-DHAPPQ2y-ALAQ,73,31138.555555555555,2031,TACT AL 2y - DHAPPQ 2y - ALAQ,#fb8072,0,33.0,004
065-tact-AL2y-DHAPPQ2y-ALAQ,74,31545.777777777777,2031,TACT AL 2y - DHAPPQ 2y - ALAQ,#fb8072,0,33.0,004
065-tact-AL2y-DHAPPQ2y-ALAQ,75,30606.055555555555,2031,TACT AL 2y - DHAPPQ 2y - ALAQ,#fb8072,0,33.0,004
065-tact-AL2y-DHAPPQ2y-ALAQ,76,31097.555555555555,2031,TACT AL 2y - DHAPPQ 2y - ALAQ,#fb8072,0,33.0,004
065-tact-AL2y-DHAPPQ2y-ALAQ,77,30103.222222222223,2031,TACT AL 2y - DHAPPQ 2y - ALAQ,#fb8072,0,33.0,004
065-tact-AL2y-DHAPPQ2y-ALAQ,78,31006.38888888889,2031,TACT AL 2y - DHAPPQ 2y - ALAQ,#fb8072,0,33.0,004
065-tact-AL2y-DHAPPQ2y-ALAQ,79,32144.777777777777,2031,TACT AL 2y - DHAPPQ 2y - ALAQ,#fb8072,0,33.0,004
065-tact-AL2y-DHAPPQ2y-ALAQ,80,30737.833333333332,2031,TACT AL 2y - DHAPPQ 2y - ALAQ,#fb8072,0,33.0,004
065-tact-AL2y-DHAPPQ2y-ALAQ,81,31164.833333333332,2031,TACT AL 2y - DHAPPQ 2y - ALAQ,#fb8072,0,33.0,004
065-tact-AL2y-DHAPPQ2y-ALAQ,82,30819.666666666668,2031,TACT AL 2y - DHAPPQ 2y - ALAQ,#fb8072,0,33.0,004
065-tact-AL2y-DHAPPQ2y-ALAQ,83,31262.944444444445,2031,TACT AL 2y - DHAPPQ 2y - ALAQ,#fb8072,0,33.0,004
065-tact-AL2y-DHAPPQ2y-ALAQ,84,30760.833333333332,2031,TACT AL 2y - DHAPPQ 2y - ALAQ,#fb8072,0,33.0,004
065-tact-AL2y-DHAPPQ2y-ALAQ,85,32150.833333333332,2031,TACT AL 2y - DHAPPQ 2y - ALAQ,#fb8072,0,33.0,004
065-tact-AL2y-DHAPPQ2y-ALAQ,86,31185.333333333332,2031,TACT AL 2y - DHAPPQ 2y - ALAQ,#fb8072,0,33.0,004
065-tact-AL2y-DHAPPQ2y-ALAQ,87,30370.38888888889,2031,TACT AL 2y - DHAPPQ 2y - ALAQ,#fb8072,0,33.0,004
065-tact-AL2y-DHAPPQ2y-ALAQ,88,31922.333333333332,2031,TACT AL 2y - DHAPPQ 2y - ALAQ,#fb8072,0,33.0,004
065-tact-AL2y-DHAPPQ2y-ALAQ,89,32074.666666666668,2031,TACT AL 2y - DHAPPQ 2y - ALAQ,#fb8072,0,33.0,004
065-tact-AL2y-DHAPPQ2y-ALAQ,90,31903.5,2031,TACT AL 2y - DHAPPQ 2y - ALAQ,#fb8072,0,33.0,004
065-tact-AL2y-DHAPPQ2y-ALAQ,91,31687.777777777777,2031,TACT AL 2y - DHAPPQ 2y - ALAQ,#fb8072,0,33.0,004
065-tact-AL2y-DHAPPQ2y-ALAQ,92,32657.722222222223,2031,TACT AL 2y - DHAPPQ 2y - ALAQ,#fb8072,0,33.0,004
065-tact-AL2y-DHAPPQ2y-ALAQ,93,32610.277777777777,2031,TACT AL 2y - DHAPPQ 2y - ALAQ,#fb8072,0,33.0,004
065-tact-AL2y-DHAPPQ2y-ALAQ,94,30358.722222222223,2031,TACT AL 2y - DHAPPQ 2y - ALAQ,#fb8072,0,33.0,004
065-tact-AL2y-DHAPPQ2y-ALAQ,95,30935.666666666668,2031,TACT AL 2y - DHAPPQ 2y - ALAQ,#fb8072,0,33.0,004
065-tact-AL2y-DHAPPQ2y-ALAQ,96,32169.833333333332,2031,TACT AL 2y - DHAPPQ 2y - ALAQ,#fb8072,0,33.0,004
065-tact-AL2y-DHAPPQ2y-ALAQ,97,30461.555555555555,2031,TACT AL 2y - DHAPPQ 2y - ALAQ,#fb8072,0,33.0,004
065-tact-AL2y-DHAPPQ2y-ALAQ,98,30640.222222222223,2031,TACT AL 2y - DHAPPQ 2y - ALAQ,#fb8072,0,33.0,004
065-tact-AL2y-DHAPPQ2y-ALAQ,99,32305.833333333332,2031,TACT AL 2y - DHAPPQ 2y - ALAQ,#fb8072,0,33.0,004
066-tact-ASAQ2y-AL2y-ALAQ,0,31208.0,2031,TACT ASAQ 2y - AL 2y - ALAQ,#fb8072,0,33.0,004
066-tact-ASAQ2y-AL2y-ALAQ,1,32022.0,2031,TACT ASAQ 2y - AL 2y - ALAQ,#fb8072,0,33.0,004
066-tact-ASAQ2y-AL2y-ALAQ,2,31251.055555555555,2031,TACT ASAQ 2y - AL 2y - ALAQ,#fb8072,0,33.0,004
066-tact-ASAQ2y-AL2y-ALAQ,3,31208.722222222223,2031,TACT ASAQ 2y - AL 2y - ALAQ,#fb8072,0,33.0,004
066-tact-ASAQ2y-AL2y-ALAQ,4,31320.666666666668,2031,TACT ASAQ 2y - AL 2y - ALAQ,#fb8072,0,33.0,004
066-tact-ASAQ2y-AL2y-ALAQ,5,31509.944444444445,2031,TACT ASAQ 2y - AL 2y - ALAQ,#fb8072,0,33.0,004
066-tact-ASAQ2y-AL2y-ALAQ,6,31733.333333333332,2031,TACT ASAQ 2y - AL 2y - ALAQ,#fb8072,0,33.0,004
066-tact-ASAQ2y-AL2y-ALAQ,7,32861.055555555555,2031,TACT ASAQ 2y - AL 2y - ALAQ,#fb8072,0,33.0,004
066-tact-ASAQ2y-AL2y-ALAQ,8,31882.38888888889,2031,TACT ASAQ 2y - AL 2y - ALAQ,#fb8072,0,33.0,004
066-tact-ASAQ2y-AL2y-ALAQ,9,31720.333333333332,2031,TACT ASAQ 2y - AL 2y - ALAQ,#fb8072,0,33.0,004
066-tact-ASAQ2y-AL2y-ALAQ,10,31005.277777777777,2031,TACT ASAQ 2y - AL 2y - ALAQ,#fb8072,0,33.0,004
066-tact-ASAQ2y-AL2y-ALAQ,11,30842.055555555555,2031,TACT ASAQ 2y - AL 2y - ALAQ,#fb8072,0,33.0,004
066-tact-ASAQ2y-AL2y-ALAQ,12,32831.055555555555,2031,TACT ASAQ 2y - AL 2y - ALAQ,#fb8072,0,33.0,004
066-tact-ASAQ2y-AL2y-ALAQ,13,32767.944444444445,2031,TACT ASAQ 2y - AL 2y - ALAQ,#fb8072,0,33.0,004
066-tact-ASAQ2y-AL2y-ALAQ,14,31967.666666666668,2031,TACT ASAQ 2y - AL 2y - ALAQ,#fb8072,0,33.0,004
066-tact-ASAQ2y-AL2y-ALAQ,15,32125.38888888889,2031,TACT ASAQ 2y - AL 2y - ALAQ,#fb8072,0,33.0,004
066-tact-ASAQ2y-AL2y-ALAQ,16,30629.61111111111,2031,TACT ASAQ 2y - AL 2y - ALAQ,#fb8072,0,33.0,004
066-tact-ASAQ2y-AL2y-ALAQ,17,32438.055555555555,2031,TACT ASAQ 2y - AL 2y - ALAQ,#fb8072,0,33.0,004
066-tact-ASAQ2y-AL2y-ALAQ,18,32251.555555555555,2031,TACT ASAQ 2y - AL 2y - ALAQ,#fb8072,0,33.0,004
066-tact-ASAQ2y-AL2y-ALAQ,19,30809.0,2031,TACT ASAQ 2y - AL 2y - ALAQ,#fb8072,0,33.0,004
066-tact-ASAQ2y-AL2y-ALAQ,20,32911.0,2031,TACT ASAQ 2y - AL 2y - ALAQ,#fb8072,0,33.0,004
066-tact-ASAQ2y-AL2y-ALAQ,21,30726.277777777777,2031,TACT ASAQ 2y - AL 2y - ALAQ,#fb8072,0,33.0,004
066-tact-ASAQ2y-AL2y-ALAQ,22,31365.0,2031,TACT ASAQ 2y - AL 2y - ALAQ,#fb8072,0,33.0,004
066-tact-ASAQ2y-AL2y-ALAQ,23,31656.777777777777,2031,TACT ASAQ 2y - AL 2y - ALAQ,#fb8072,0,33.0,004
066-tact-ASAQ2y-AL2y-ALAQ,24,31679.722222222223,2031,TACT ASAQ 2y - AL 2y - ALAQ,#fb8072,0,33.0,004
066-tact-ASAQ2y-AL2y-ALAQ,25,31345.222222222223,2031,TACT ASAQ 2y - AL 2y - ALAQ,#fb8072,0,33.0,004
066-tact-ASAQ2y-AL2y-ALAQ,26,31428.666666666668,2031,TACT ASAQ 2y - AL 2y - ALAQ,#fb8072,0,33.0,004
066-tact-ASAQ2y-AL2y-ALAQ,27,31097.555555555555,2031,TACT ASAQ 2y - AL 2y - ALAQ,#fb8072,0,33.0,004
066-tact-ASAQ2y-AL2y-ALAQ,28,31690.61111111111,2031,TACT ASAQ 2y - AL 2y - ALAQ,#fb8072,0,33.0,004
066-tact-ASAQ2y-AL2y-ALAQ,29,31239.055555555555,2031,TACT ASAQ 2y - AL 2y - ALAQ,#fb8072,0,33.0,004
066-tact-ASAQ2y-AL2y-ALAQ,30,30481.777777777777,2031,TACT ASAQ 2y - AL 2y - ALAQ,#fb8072,0,33.0,004
066-tact-ASAQ2y-AL2y-ALAQ,31,32861.555555555555,2031,TACT ASAQ 2y - AL 2y - ALAQ,#fb8072,0,33.0,004
066-tact-ASAQ2y-AL2y-ALAQ,32,31383.5,2031,TACT ASAQ 2y - AL 2y - ALAQ,#fb8072,0,33.0,004
066-tact-ASAQ2y-AL2y-ALAQ,33,32707.88888888889,2031,TACT ASAQ 2y - AL 2y - ALAQ,#fb8072,0,33.0,004
066-tact-ASAQ2y-AL2y-ALAQ,34,31808.222222222223,2031,TACT ASAQ 2y - AL 2y - ALAQ,#fb8072,0,33.0,004
066-tact-ASAQ2y-AL2y-ALAQ,35,30266.666666666668,2031,TACT ASAQ 2y - AL 2y - ALAQ,#fb8072,0,33.0,004
066-tact-ASAQ2y-AL2y-ALAQ,36,31129.61111111111,2031,TACT ASAQ 2y - AL 2y - ALAQ,#fb8072,0,33.0,004
066-tact-ASAQ2y-AL2y-ALAQ,37,31799.555555555555,2031,TACT ASAQ 2y - AL 2y - ALAQ,#fb8072,0,33.0,004
066-tact-ASAQ2y-AL2y-ALAQ,38,32411.722222222223,2031,TACT ASAQ 2y - AL 2y - ALAQ,#fb8072,0,33.0,004
066-tact-ASAQ2y-AL2y-ALAQ,39,31094.61111111111,2031,TACT ASAQ 2y - AL 2y - ALAQ,#fb8072,0,33.0,004
066-tact-ASAQ2y-AL2y-ALAQ,40,30533.61111111111,2031,TACT ASAQ 2y - AL 2y - ALAQ,#fb8072,0,33.0,004
066-tact-ASAQ2y-AL2y-ALAQ,41,31784.277777777777,2031,TACT ASAQ 2y - AL 2y - ALAQ,#fb8072,0,33.0,004
066-tact-ASAQ2y-AL2y-ALAQ,42,31994.5,2031,TACT ASAQ 2y - AL 2y - ALAQ,#fb8072,0,33.0,004
066-tact-ASAQ2y-AL2y-ALAQ,43,32190.0,2031,TACT ASAQ 2y - AL 2y - ALAQ,#fb8072,0,33.0,004
066-tact-ASAQ2y-AL2y-ALAQ,44,29903.444444444445,2031,TACT ASAQ 2y - AL 2y - ALAQ,#fb8072,0,33.0,004
066-tact-ASAQ2y-AL2y-ALAQ,45,31615.61111111111,2031,TACT ASAQ 2y - AL 2y - ALAQ,#fb8072,0,33.0,004
066-tact-ASAQ2y-AL2y-ALAQ,46,32174.222222222223,2031,TACT ASAQ 2y - AL 2y - ALAQ,#fb8072,0,33.0,004
066-tact-ASAQ2y-AL2y-ALAQ,47,31606.166666666668,2031,TACT ASAQ 2y - AL 2y - ALAQ,#fb8072,0,33.0,004
066-tact-ASAQ2y-AL2y-ALAQ,48,31058.5,2031,TACT ASAQ 2y - AL 2y - ALAQ,#fb8072,0,33.0,004
066-tact-ASAQ2y-AL2y-ALAQ,49,31278.38888888889,2031,TACT ASAQ 2y - AL 2y - ALAQ,#fb8072,0,33.0,004
066-tact-ASAQ2y-AL2y-ALAQ,50,31420.0,2031,TACT ASAQ 2y - AL 2y - ALAQ,#fb8072,0,33.0,004
066-tact-ASAQ2y-AL2y-ALAQ,51,31213.11111111111,2031,TACT ASAQ 2y - AL 2y - ALAQ,#fb8072,0,33.0,004
066-tact-ASAQ2y-AL2y-ALAQ,52,32514.5,2031,TACT ASAQ 2y - AL 2y - ALAQ,#fb8072,0,33.0,004
066-tact-ASAQ2y-AL2y-ALAQ,53,30395.722222222223,2031,TACT ASAQ 2y - AL 2y - ALAQ,#fb8072,0,33.0,004
066-tact-ASAQ2y-AL2y-ALAQ,54,30428.0,2031,TACT ASAQ 2y - AL 2y - ALAQ,#fb8072,0,33.0,004
066-tact-ASAQ2y-AL2y-ALAQ,55,31335.722222222223,2031,TACT ASAQ 2y - AL 2y - ALAQ,#fb8072,0,33.0,004
066-tact-ASAQ2y-AL2y-ALAQ,56,31250.277777777777,2031,TACT ASAQ 2y - AL 2y - ALAQ,#fb8072,0,33.0,004
066-tact-ASAQ2y-AL2y-ALAQ,57,32104.555555555555,2031,TACT ASAQ 2y - AL 2y - ALAQ,#fb8072,0,33.0,004
066-tact-ASAQ2y-AL2y-ALAQ,58,32234.666666666668,2031,TACT ASAQ 2y - AL 2y - ALAQ,#fb8072,0,33.0,004
066-tact-ASAQ2y-AL2y-ALAQ,59,32232.777777777777,2031,TACT ASAQ 2y - AL 2y - ALAQ,#fb8072,0,33.0,004
066-tact-ASAQ2y-AL2y-ALAQ,60,32684.0,2031,TACT ASAQ 2y - AL 2y - ALAQ,#fb8072,0,33.0,004
066-tact-ASAQ2y-AL2y-ALAQ,61,31960.277777777777,2031,TACT ASAQ 2y - AL 2y - ALAQ,#fb8072,0,33.0,004
066-tact-ASAQ2y-AL2y-ALAQ,62,30759.88888888889,2031,TACT ASAQ 2y - AL 2y - ALAQ,#fb8072,0,33.0,004
066-tact-ASAQ2y-AL2y-ALAQ,63,31970.0,2031,TACT ASAQ 2y - AL 2y - ALAQ,#fb8072,0,33.0,004
066-tact-ASAQ2y-AL2y-ALAQ,64,32641.0,2031,TACT ASAQ 2y - AL 2y - ALAQ,#fb8072,0,33.0,004
066-tact-ASAQ2y-AL2y-ALAQ,65,31914.666666666668,2031,TACT ASAQ 2y - AL 2y - ALAQ,#fb8072,0,33.0,004
066-tact-ASAQ2y-AL2y-ALAQ,66,32423.833333333332,2031,TACT ASAQ 2y - AL 2y - ALAQ,#fb8072,0,33.0,004
066-tact-ASAQ2y-AL2y-ALAQ,67,31453.777777777777,2031,TACT ASAQ 2y - AL 2y - ALAQ,#fb8072,0,33.0,004
066-tact-ASAQ2y-AL2y-ALAQ,68,30744.833333333332,2031,TACT ASAQ 2y - AL 2y - ALAQ,#fb8072,0,33.0,004
066-tact-ASAQ2y-AL2y-ALAQ,69,31604.333333333332,2031,TACT ASAQ 2y - AL 2y - ALAQ,#fb8072,0,33.0,004
066-tact-ASAQ2y-AL2y-ALAQ,70,30517.277777777777,2031,TACT ASAQ 2y - AL 2y - ALAQ,#fb8072,0,33.0,004
066-tact-ASAQ2y-AL2y-ALAQ,71,31744.277777777777,2031,TACT ASAQ 2y - AL 2y - ALAQ,#fb8072,0,33.0,004
066-tact-ASAQ2y-AL2y-ALAQ,72,33452.055555555555,2031,TACT ASAQ 2y - AL 2y - ALAQ,#fb8072,0,33.0,004
066-tact-ASAQ2y-AL2y-ALAQ,73,32013.833333333332,2031,TACT ASAQ 2y - AL 2y - ALAQ,#fb8072,0,33.0,004
066-tact-ASAQ2y-AL2y-ALAQ,74,32087.61111111111,2031,TACT ASAQ 2y - AL 2y - ALAQ,#fb8072,0,33.0,004
066-tact-ASAQ2y-AL2y-ALAQ,75,32107.222222222223,2031,TACT ASAQ 2y - AL 2y - ALAQ,#fb8072,0,33.0,004
066-tact-ASAQ2y-AL2y-ALAQ,76,33531.88888888889,2031,TACT ASAQ 2y - AL 2y - ALAQ,#fb8072,0,33.0,004
066-tact-ASAQ2y-AL2y-ALAQ,77,32251.5,2031,TACT ASAQ 2y - AL 2y - ALAQ,#fb8072,0,33.0,004
066-tact-ASAQ2y-AL2y-ALAQ,78,32110.333333333332,2031,TACT ASAQ 2y - AL 2y - ALAQ,#fb8072,0,33.0,004
066-tact-ASAQ2y-AL2y-ALAQ,79,31169.833333333332,2031,TACT ASAQ 2y - AL 2y - ALAQ,#fb8072,0,33.0,004
066-tact-ASAQ2y-AL2y-ALAQ,80,31308.777777777777,2031,TACT ASAQ 2y - AL 2y - ALAQ,#fb8072,0,33.0,004
066-tact-ASAQ2y-AL2y-ALAQ,81,31968.944444444445,2031,TACT ASAQ 2y - AL 2y - ALAQ,#fb8072,0,33.0,004
066-tact-ASAQ2y-AL2y-ALAQ,82,30012.833333333332,2031,TACT ASAQ 2y - AL 2y - ALAQ,#fb8072,0,33.0,004
066-tact-ASAQ2y-AL2y-ALAQ,83,30540.944444444445,2031,TACT ASAQ 2y - AL 2y - ALAQ,#fb8072,0,33.0,004
066-tact-ASAQ2y-AL2y-ALAQ,84,33774.555555555555,2031,TACT ASAQ 2y - AL 2y - ALAQ,#fb8072,0,33.0,004
066-tact-ASAQ2y-AL2y-ALAQ,85,30812.88888888889,2031,TACT ASAQ 2y - AL 2y - ALAQ,#fb8072,0,33.0,004
066-tact-ASAQ2y-AL2y-ALAQ,86,31372.333333333332,2031,TACT ASAQ 2y - AL 2y - ALAQ,#fb8072,0,33.0,004
066-tact-ASAQ2y-AL2y-ALAQ,87,31313.11111111111,2031,TACT ASAQ 2y - AL 2y - ALAQ,#fb8072,0,33.0,004
066-tact-ASAQ2y-AL2y-ALAQ,88,31996.277777777777,2031,TACT ASAQ 2y - AL 2y - ALAQ,#fb8072,0,33.0,004
066-tact-ASAQ2y-AL2y-ALAQ,89,31262.222222222223,2031,TACT ASAQ 2y - AL 2y - ALAQ,#fb8072,0,33.0,004
066-tact-ASAQ2y-AL2y-ALAQ,90,30733.666666666668,2031,TACT ASAQ 2y - AL 2y - ALAQ,#fb8072,0,33.0,004
066-tact-ASAQ2y-AL2y-ALAQ,91,32750.555555555555,2031,TACT ASAQ 2y - AL 2y - ALAQ,#fb8072,0,33.0,004
066-tact-ASAQ2y-AL2y-ALAQ,92,31221.666666666668,2031,TACT ASAQ 2y - AL 2y - ALAQ,#fb8072,0,33.0,004
066-tact-ASAQ2y-AL2y-ALAQ,93,30924.555555555555,2031,TACT ASAQ 2y - AL 2y - ALAQ,#fb8072,0,33.0,004
066-tact-ASAQ2y-AL2y-ALAQ,94,31004.833333333332,2031,TACT ASAQ 2y - AL 2y - ALAQ,#fb8072,0,33.0,004
066-tact-ASAQ2y-AL2y-ALAQ,95,32655.222222222223,2031,TACT ASAQ 2y - AL 2y - ALAQ,#fb8072,0,33.0,004
066-tact-ASAQ2y-AL2y-ALAQ,96,31530.777777777777,2031,TACT ASAQ 2y - AL 2y - ALAQ,#fb8072,0,33.0,004
066-tact-ASAQ2y-AL2y-ALAQ,97,30936.277777777777,2031,TACT ASAQ 2y - AL 2y - ALAQ,#fb8072,0,33.0,004
066-tact-ASAQ2y-AL2y-ALAQ,98,31257.38888888889,2031,TACT ASAQ 2y - AL 2y - ALAQ,#fb8072,0,33.0,004
066-tact-ASAQ2y-AL2y-ALAQ,99,31365.166666666668,2031,TACT ASAQ 2y - AL 2y - ALAQ,#fb8072,0,33.0,004
067-tact-ASAQ2y-DHAPPQ2y-ALAQ,0,26369.61111111111,2031,TACT ASAQ 2y - DHAPPQ 2y - ALAQ,#fb8072,0,0.0,004
067-tact-ASAQ2y-DHAPPQ2y-ALAQ,1,25395.5,2031,TACT ASAQ 2y - DHAPPQ 2y - ALAQ,#fb8072,0,0.0,004
067-tact-ASAQ2y-DHAPPQ2y-ALAQ,2,25588.777777777777,2031,TACT ASAQ 2y - DHAPPQ 2y - ALAQ,#fb8072,0,0.0,004
067-tact-ASAQ2y-DHAPPQ2y-ALAQ,3,26414.5,2031,TACT ASAQ 2y - DHAPPQ 2y - ALAQ,#fb8072,0,0.0,004
067-tact-ASAQ2y-DHAPPQ2y-ALAQ,4,25533.5,2031,TACT ASAQ 2y - DHAPPQ 2y - ALAQ,#fb8072,0,0.0,004
067-tact-ASAQ2y-DHAPPQ2y-ALAQ,5,25952.61111111111,2031,TACT ASAQ 2y - DHAPPQ 2y - ALAQ,#fb8072,0,0.0,004
067-tact-ASAQ2y-DHAPPQ2y-ALAQ,6,26452.944444444445,2031,TACT ASAQ 2y - DHAPPQ 2y - ALAQ,#fb8072,0,0.0,004
067-tact-ASAQ2y-DHAPPQ2y-ALAQ,7,26229.333333333332,2031,TACT ASAQ 2y - DHAPPQ 2y - ALAQ,#fb8072,0,0.0,004
067-tact-ASAQ2y-DHAPPQ2y-ALAQ,8,26114.722222222223,2031,TACT ASAQ 2y - DHAPPQ 2y - ALAQ,#fb8072,0,0.0,004
067-tact-ASAQ2y-DHAPPQ2y-ALAQ,9,26405.444444444445,2031,TACT ASAQ 2y - DHAPPQ 2y - ALAQ,#fb8072,0,0.0,004
067-tact-ASAQ2y-DHAPPQ2y-ALAQ,10,25568.277777777777,2031,TACT ASAQ 2y - DHAPPQ 2y - ALAQ,#fb8072,0,0.0,004
067-tact-ASAQ2y-DHAPPQ2y-ALAQ,11,26562.88888888889,2031,TACT ASAQ 2y - DHAPPQ 2y - ALAQ,#fb8072,0,0.0,004
067-tact-ASAQ2y-DHAPPQ2y-ALAQ,12,25833.333333333332,2031,TACT ASAQ 2y - DHAPPQ 2y - ALAQ,#fb8072,0,0.0,004
067-tact-ASAQ2y-DHAPPQ2y-ALAQ,13,25750.222222222223,2031,TACT ASAQ 2y - DHAPPQ 2y - ALAQ,#fb8072,0,0.0,004
067-tact-ASAQ2y-DHAPPQ2y-ALAQ,14,26034.444444444445,2031,TACT ASAQ 2y - DHAPPQ 2y - ALAQ,#fb8072,0,0.0,004
067-tact-ASAQ2y-DHAPPQ2y-ALAQ,15,25048.38888888889,2031,TACT ASAQ 2y - DHAPPQ 2y - ALAQ,#fb8072,0,0.0,004
067-tact-ASAQ2y-DHAPPQ2y-ALAQ,16,25509.88888888889,2031,TACT ASAQ 2y - DHAPPQ 2y - ALAQ,#fb8072,0,0.0,004
067-tact-ASAQ2y-DHAPPQ2y-ALAQ,17,25885.555555555555,2031,TACT ASAQ 2y - DHAPPQ 2y - ALAQ,#fb8072,0,0.0,004
067-tact-ASAQ2y-DHAPPQ2y-ALAQ,18,26077.055555555555,2031,TACT ASAQ 2y - DHAPPQ 2y - ALAQ,#fb8072,0,0.0,004
067-tact-ASAQ2y-DHAPPQ2y-ALAQ,19,25456.444444444445,2031,TACT ASAQ 2y - DHAPPQ 2y - ALAQ,#fb8072,0,0.0,004
067-tact-ASAQ2y-DHAPPQ2y-ALAQ,20,26584.5,2031,TACT ASAQ 2y - DHAPPQ 2y - ALAQ,#fb8072,0,0.0,004
067-tact-ASAQ2y-DHAPPQ2y-ALAQ,21,25126.555555555555,2031,TACT ASAQ 2y - DHAPPQ 2y - ALAQ,#fb8072,0,0.0,004
067-tact-ASAQ2y-DHAPPQ2y-ALAQ,22,26269.222222222223,2031,TACT ASAQ 2y - DHAPPQ 2y - ALAQ,#fb8072,0,0.0,004
067-tact-ASAQ2y-DHAPPQ2y-ALAQ,23,25863.722222222223,2031,TACT ASAQ 2y - DHAPPQ 2y - ALAQ,#fb8072,0,0.0,004
067-tact-ASAQ2y-DHAPPQ2y-ALAQ,24,25946.333333333332,2031,TACT ASAQ 2y - DHAPPQ 2y - ALAQ,#fb8072,0,0.0,004
067-tact-ASAQ2y-DHAPPQ2y-ALAQ,25,25869.61111111111,2031,TACT ASAQ 2y - DHAPPQ 2y - ALAQ,#fb8072,0,0.0,004
067-tact-ASAQ2y-DHAPPQ2y-ALAQ,26,25528.722222222223,2031,TACT ASAQ 2y - DHAPPQ 2y - ALAQ,#fb8072,0,0.0,004
067-tact-ASAQ2y-DHAPPQ2y-ALAQ,27,25701.833333333332,2031,TACT ASAQ 2y - DHAPPQ 2y - ALAQ,#fb8072,0,0.0,004
067-tact-ASAQ2y-DHAPPQ2y-ALAQ,28,25078.222222222223,2031,TACT ASAQ 2y - DHAPPQ 2y - ALAQ,#fb8072,0,0.0,004
067-tact-ASAQ2y-DHAPPQ2y-ALAQ,29,25948.61111111111,2031,TACT ASAQ 2y - DHAPPQ 2y - ALAQ,#fb8072,0,0.0,004
067-tact-ASAQ2y-DHAPPQ2y-ALAQ,30,25060.166666666668,2031,TACT ASAQ 2y - DHAPPQ 2y - ALAQ,#fb8072,0,0.0,004
067-tact-ASAQ2y-DHAPPQ2y-ALAQ,31,25830.38888888889,2031,TACT ASAQ 2y - DHAPPQ 2y - ALAQ,#fb8072,0,0.0,004
067-tact-ASAQ2y-DHAPPQ2y-ALAQ,32,26539.666666666668,2031,TACT ASAQ 2y - DHAPPQ 2y - ALAQ,#fb8072,0,0.0,004
067-tact-ASAQ2y-DHAPPQ2y-ALAQ,33,24648.88888888889,2031,TACT ASAQ 2y - DHAPPQ 2y - ALAQ,#fb8072,0,0.0,004
067-tact-ASAQ2y-DHAPPQ2y-ALAQ,34,26332.11111111111,2031,TACT ASAQ 2y - DHAPPQ 2y - ALAQ,#fb8072,0,0.0,004
067-tact-ASAQ2y-DHAPPQ2y-ALAQ,35,26228.444444444445,2031,TACT ASAQ 2y - DHAPPQ 2y - ALAQ,#fb8072,0,0.0,004
067-tact-ASAQ2y-DHAPPQ2y-ALAQ,36,25806.5,2031,TACT ASAQ 2y - DHAPPQ 2y - ALAQ,#fb8072,0,0.0,004
067-tact-ASAQ2y-DHAPPQ2y-ALAQ,37,25661.88888888889,2031,TACT ASAQ 2y - DHAPPQ 2y - ALAQ,#fb8072,0,0.0,004
067-tact-ASAQ2y-DHAPPQ2y-ALAQ,38,26974.055555555555,2031,TACT ASAQ 2y - DHAPPQ 2y - ALAQ,#fb8072,0,0.0,004
067-tact-ASAQ2y-DHAPPQ2y-ALAQ,39,25849.11111111111,2031,TACT ASAQ 2y - DHAPPQ 2y - ALAQ,#fb8072,0,0.0,004
067-tact-ASAQ2y-DHAPPQ2y-ALAQ,40,25477.666666666668,2031,TACT ASAQ 2y - DHAPPQ 2y - ALAQ,#fb8072,0,0.0,004
067-tact-ASAQ2y-DHAPPQ2y-ALAQ,41,25071.055555555555,2031,TACT ASAQ 2y - DHAPPQ 2y - ALAQ,#fb8072,0,0.0,004
067-tact-ASAQ2y-DHAPPQ2y-ALAQ,42,26071.833333333332,2031,TACT ASAQ 2y - DHAPPQ 2y - ALAQ,#fb8072,0,0.0,004
067-tact-ASAQ2y-DHAPPQ2y-ALAQ,43,26180.944444444445,2031,TACT ASAQ 2y - DHAPPQ 2y - ALAQ,#fb8072,0,0.0,004
067-tact-ASAQ2y-DHAPPQ2y-ALAQ,44,26512.333333333332,2031,TACT ASAQ 2y - DHAPPQ 2y - ALAQ,#fb8072,0,0.0,004
067-tact-ASAQ2y-DHAPPQ2y-ALAQ,45,25321.61111111111,2031,TACT ASAQ 2y - DHAPPQ 2y - ALAQ,#fb8072,0,0.0,004
067-tact-ASAQ2y-DHAPPQ2y-ALAQ,46,26212.88888888889,2031,TACT ASAQ 2y - DHAPPQ 2y - ALAQ,#fb8072,0,0.0,004
067-tact-ASAQ2y-DHAPPQ2y-ALAQ,47,25899.11111111111,2031,TACT ASAQ 2y - DHAPPQ 2y - ALAQ,#fb8072,0,0.0,004
067-tact-ASAQ2y-DHAPPQ2y-ALAQ,48,24903.444444444445,2031,TACT ASAQ 2y - DHAPPQ 2y - ALAQ,#fb8072,0,0.0,004
067-tact-ASAQ2y-DHAPPQ2y-ALAQ,49,26177.777777777777,2031,TACT ASAQ 2y - DHAPPQ 2y - ALAQ,#fb8072,0,0.0,004
067-tact-ASAQ2y-DHAPPQ2y-ALAQ,50,25750.722222222223,2031,TACT ASAQ 2y - DHAPPQ 2y - ALAQ,#fb8072,0,0.0,004
067-tact-ASAQ2y-DHAPPQ2y-ALAQ,51,25459.333333333332,2031,TACT ASAQ 2y - DHAPPQ 2y - ALAQ,#fb8072,0,0.0,004
067-tact-ASAQ2y-DHAPPQ2y-ALAQ,52,25317.222222222223,2031,TACT ASAQ 2y - DHAPPQ 2y - ALAQ,#fb8072,0,0.0,004
067-tact-ASAQ2y-DHAPPQ2y-ALAQ,53,25529.88888888889,2031,TACT ASAQ 2y - DHAPPQ 2y - ALAQ,#fb8072,0,0.0,004
067-tact-ASAQ2y-DHAPPQ2y-ALAQ,54,26372.277777777777,2031,TACT ASAQ 2y - DHAPPQ 2y - ALAQ,#fb8072,0,0.0,004
067-tact-ASAQ2y-DHAPPQ2y-ALAQ,55,25317.666666666668,2031,TACT ASAQ 2y - DHAPPQ 2y - ALAQ,#fb8072,0,0.0,004
067-tact-ASAQ2y-DHAPPQ2y-ALAQ,56,24945.88888888889,2031,TACT ASAQ 2y - DHAPPQ 2y - ALAQ,#fb8072,0,0.0,004
067-tact-ASAQ2y-DHAPPQ2y-ALAQ,57,25889.722222222223,2031,TACT ASAQ 2y - DHAPPQ 2y - ALAQ,#fb8072,0,0.0,004
067-tact-ASAQ2y-DHAPPQ2y-ALAQ,58,26280.61111111111,2031,TACT ASAQ 2y - DHAPPQ 2y - ALAQ,#fb8072,0,0.0,004
067-tact-ASAQ2y-DHAPPQ2y-ALAQ,59,25376.777777777777,2031,TACT ASAQ 2y - DHAPPQ 2y - ALAQ,#fb8072,0,0.0,004
067-tact-ASAQ2y-DHAPPQ2y-ALAQ,60,25925.5,2031,TACT ASAQ 2y - DHAPPQ 2y - ALAQ,#fb8072,0,0.0,004
067-tact-ASAQ2y-DHAPPQ2y-ALAQ,61,26092.555555555555,2031,TACT ASAQ 2y - DHAPPQ 2y - ALAQ,#fb8072,0,0.0,004
067-tact-ASAQ2y-DHAPPQ2y-ALAQ,62,25855.944444444445,2031,TACT ASAQ 2y - DHAPPQ 2y - ALAQ,#fb8072,0,0.0,004
067-tact-ASAQ2y-DHAPPQ2y-ALAQ,63,26286.444444444445,2031,TACT ASAQ 2y - DHAPPQ 2y - ALAQ,#fb8072,0,0.0,004
067-tact-ASAQ2y-DHAPPQ2y-ALAQ,64,25356.055555555555,2031,TACT ASAQ 2y - DHAPPQ 2y - ALAQ,#fb8072,0,0.0,004
067-tact-ASAQ2y-DHAPPQ2y-ALAQ,65,25657.277777777777,2031,TACT ASAQ 2y - DHAPPQ 2y - ALAQ,#fb8072,0,0.0,004
067-tact-ASAQ2y-DHAPPQ2y-ALAQ,66,25522.5,2031,TACT ASAQ 2y - DHAPPQ 2y - ALAQ,#fb8072,0,0.0,004
067-tact-ASAQ2y-DHAPPQ2y-ALAQ,67,25617.444444444445,2031,TACT ASAQ 2y - DHAPPQ 2y - ALAQ,#fb8072,0,0.0,004
067-tact-ASAQ2y-DHAPPQ2y-ALAQ,68,25721.333333333332,2031,TACT ASAQ 2y - DHAPPQ 2y - ALAQ,#fb8072,0,0.0,004
067-tact-ASAQ2y-DHAPPQ2y-ALAQ,69,25396.277777777777,2031,TACT ASAQ 2y - DHAPPQ 2y - ALAQ,#fb8072,0,0.0,004
067-tact-ASAQ2y-DHAPPQ2y-ALAQ,70,26010.055555555555,2031,TACT ASAQ 2y - DHAPPQ 2y - ALAQ,#fb8072,0,0.0,004
067-tact-ASAQ2y-DHAPPQ2y-ALAQ,71,25020.777777777777,2031,TACT ASAQ 2y - DHAPPQ 2y - ALAQ,#fb8072,0,0.0,004
067-tact-ASAQ2y-DHAPPQ2y-ALAQ,72,25329.11111111111,2031,TACT ASAQ 2y - DHAPPQ 2y - ALAQ,#fb8072,0,0.0,004
067-tact-ASAQ2y-DHAPPQ2y-ALAQ,73,25792.222222222223,2031,TACT ASAQ 2y - DHAPPQ 2y - ALAQ,#fb8072,0,0.0,004
067-tact-ASAQ2y-DHAPPQ2y-ALAQ,74,25627.0,2031,TACT ASAQ 2y - DHAPPQ 2y - ALAQ,#fb8072,0,0.0,004
067-tact-ASAQ2y-DHAPPQ2y-ALAQ,75,25690.555555555555,2031,TACT ASAQ 2y - DHAPPQ 2y - ALAQ,#fb8072,0,0.0,004
067-tact-ASAQ2y-DHAPPQ2y-ALAQ,76,26258.722222222223,2031,TACT ASAQ 2y - DHAPPQ 2y - ALAQ,#fb8072,0,0.0,004
067-tact-ASAQ2y-DHAPPQ2y-ALAQ,77,25500.11111111111,2031,TACT ASAQ 2y - DHAPPQ 2y - ALAQ,#fb8072,0,0.0,004
067-tact-ASAQ2y-DHAPPQ2y-ALAQ,78,25669.944444444445,2031,TACT ASAQ 2y - DHAPPQ 2y - ALAQ,#fb8072,0,0.0,004
067-tact-ASAQ2y-DHAPPQ2y-ALAQ,79,26262.666666666668,2031,TACT ASAQ 2y - DHAPPQ 2y - ALAQ,#fb8072,0,0.0,004
067-tact-ASAQ2y-DHAPPQ2y-ALAQ,80,26043.333333333332,2031,TACT ASAQ 2y - DHAPPQ 2y - ALAQ,#fb8072,0,0.0,004
067-tact-ASAQ2y-DHAPPQ2y-ALAQ,81,25795.666666666668,2031,TACT ASAQ 2y - DHAPPQ 2y - ALAQ,#fb8072,0,0.0,004
067-tact-ASAQ2y-DHAPPQ2y-ALAQ,82,25809.777777777777,2031,TACT ASAQ 2y - DHAPPQ 2y - ALAQ,#fb8072,0,0.0,004
067-tact-ASAQ2y-DHAPPQ2y-ALAQ,83,25463.5,2031,TACT ASAQ 2y - DHAPPQ 2y - ALAQ,#fb8072,0,0.0,004
067-tact-ASAQ2y-DHAPPQ2y-ALAQ,84,26286.666666666668,2031,TACT ASAQ 2y - DHAPPQ 2y - ALAQ,#fb8072,0,0.0,004
067-tact-ASAQ2y-DHAPPQ2y-ALAQ,85,26027.166666666668,2031,TACT ASAQ 2y - DHAPPQ 2y - ALAQ,#fb8072,0,0.0,004
067-tact-ASAQ2y-DHAPPQ2y-ALAQ,86,27880.722222222223,2031,TACT ASAQ 2y - DHAPPQ 2y - ALAQ,#fb8072,0,0.0,004
067-tact-ASAQ2y-DHAPPQ2y-ALAQ,87,25524.88888888889,2031,TACT ASAQ 2y - DHAPPQ 2y - ALAQ,#fb8072,0,0.0,004
067-tact-ASAQ2y-DHAPPQ2y-ALAQ,88,25830.38888888889,2031,TACT ASAQ 2y - DHAPPQ 2y - ALAQ,#fb8072,0,0.0,004
067-tact-ASAQ2y-DHAPPQ2y-ALAQ,89,25356.38888888889,2031,TACT ASAQ 2y - DHAPPQ 2y - ALAQ,#fb8072,0,0.0,004
067-tact-ASAQ2y-DHAPPQ2y-ALAQ,90,25946.0,2031,TACT ASAQ 2y - DHAPPQ 2y - ALAQ,#fb8072,0,0.0,004
067-tact-ASAQ2y-DHAPPQ2y-ALAQ,91,26069.61111111111,2031,TACT ASAQ 2y - DHAPPQ 2y - ALAQ,#fb8072,0,0.0,004
067-tact-ASAQ2y-DHAPPQ2y-ALAQ,92,25391.944444444445,2031,TACT ASAQ 2y - DHAPPQ 2y - ALAQ,#fb8072,0,0.0,004
067-tact-ASAQ2y-DHAPPQ2y-ALAQ,93,26268.777777777777,2031,TACT ASAQ 2y - DHAPPQ 2y - ALAQ,#fb8072,0,0.0,004
067-tact-ASAQ2y-DHAPPQ2y-ALAQ,94,25525.88888888889,2031,TACT ASAQ 2y - DHAPPQ 2y - ALAQ,#fb8072,0,0.0,004
067-tact-ASAQ2y-DHAPPQ2y-ALAQ,95,25896.5,2031,TACT ASAQ 2y - DHAPPQ 2y - ALAQ,#fb8072,0,0.0,004
067-tact-ASAQ2y-DHAPPQ2y-ALAQ,96,25679.166666666668,2031,TACT ASAQ 2y - DHAPPQ 2y - ALAQ,#fb8072,0,0.0,004
067-tact-ASAQ2y-DHAPPQ2y-ALAQ,97,25299.444444444445,2031,TACT ASAQ 2y - DHAPPQ 2y - ALAQ,#fb8072,0,0.0,004
067-tact-ASAQ2y-DHAPPQ2y-ALAQ,98,25218.277777777777,2031,TACT ASAQ 2y - DHAPPQ 2y - ALAQ,#fb8072,0,0.0,004
067-tact-ASAQ2y-DHAPPQ2y-ALAQ,99,25557.166666666668,2031,TACT ASAQ 2y - DHAPPQ 2y - ALAQ,#fb8072,0,0.0,004
068-tact-DHAPPQ2y-AL2y-ALAQ,0,32672.444444444445,2031,TACT DHAPPQ 2y - AL 2y - ALAQ,#fb8072,0,33.0,004
068-tact-DHAPPQ2y-AL2y-ALAQ,1,31325.5,2031,TACT DHAPPQ 2y - AL 2y - ALAQ,#fb8072,0,33.0,004
068-tact-DHAPPQ2y-AL2y-ALAQ,2,33151.77777777778,2031,TACT DHAPPQ 2y - AL 2y - ALAQ,#fb8072,0,33.0,004
068-tact-DHAPPQ2y-AL2y-ALAQ,3,32531.833333333332,2031,TACT DHAPPQ 2y - AL 2y - ALAQ,#fb8072,0,33.0,004
068-tact-DHAPPQ2y-AL2y-ALAQ,4,32169.0,2031,TACT DHAPPQ 2y - AL 2y - ALAQ,#fb8072,0,33.0,004
068-tact-DHAPPQ2y-AL2y-ALAQ,5,31977.444444444445,2031,TACT DHAPPQ 2y - AL 2y - ALAQ,#fb8072,0,33.0,004
068-tact-DHAPPQ2y-AL2y-ALAQ,6,32832.88888888889,2031,TACT DHAPPQ 2y - AL 2y - ALAQ,#fb8072,0,33.0,004
068-tact-DHAPPQ2y-AL2y-ALAQ,7,32626.11111111111,2031,TACT DHAPPQ 2y - AL 2y - ALAQ,#fb8072,0,33.0,004
068-tact-DHAPPQ2y-AL2y-ALAQ,8,31750.0,2031,TACT DHAPPQ 2y - AL 2y - ALAQ,#fb8072,0,33.0,004
068-tact-DHAPPQ2y-AL2y-ALAQ,9,34305.166666666664,2031,TACT DHAPPQ 2y - AL 2y - ALAQ,#fb8072,0,33.0,004
068-tact-DHAPPQ2y-AL2y-ALAQ,10,31682.11111111111,2031,TACT DHAPPQ 2y - AL 2y - ALAQ,#fb8072,0,33.0,004
068-tact-DHAPPQ2y-AL2y-ALAQ,11,32908.22222222222,2031,TACT DHAPPQ 2y - AL 2y - ALAQ,#fb8072,0,33.0,004
068-tact-DHAPPQ2y-AL2y-ALAQ,12,32363.444444444445,2031,TACT DHAPPQ 2y - AL 2y - ALAQ,#fb8072,0,33.0,004
068-tact-DHAPPQ2y-AL2y-ALAQ,13,31336.944444444445,2031,TACT DHAPPQ 2y - AL 2y - ALAQ,#fb8072,0,33.0,004
068-tact-DHAPPQ2y-AL2y-ALAQ,14,31726.277777777777,2031,TACT DHAPPQ 2y - AL 2y - ALAQ,#fb8072,0,33.0,004
068-tact-DHAPPQ2y-AL2y-ALAQ,15,30823.5,2031,TACT DHAPPQ 2y - AL 2y - ALAQ,#fb8072,0,33.0,004
068-tact-DHAPPQ2y-AL2y-ALAQ,16,32053.555555555555,2031,TACT DHAPPQ 2y - AL 2y - ALAQ,#fb8072,0,33.0,004
068-tact-DHAPPQ2y-AL2y-ALAQ,17,33234.22222222222,2031,TACT DHAPPQ 2y - AL 2y - ALAQ,#fb8072,0,33.0,004
068-tact-DHAPPQ2y-AL2y-ALAQ,18,30953.555555555555,2031,TACT DHAPPQ 2y - AL 2y - ALAQ,#fb8072,0,33.0,004
068-tact-DHAPPQ2y-AL2y-ALAQ,19,31604.444444444445,2031,TACT DHAPPQ 2y - AL 2y - ALAQ,#fb8072,0,33.0,004
068-tact-DHAPPQ2y-AL2y-ALAQ,20,32736.0,2031,TACT DHAPPQ 2y - AL 2y - ALAQ,#fb8072,0,33.0,004
068-tact-DHAPPQ2y-AL2y-ALAQ,21,32002.222222222223,2031,TACT DHAPPQ 2y - AL 2y - ALAQ,#fb8072,0,33.0,004
068-tact-DHAPPQ2y-AL2y-ALAQ,22,31618.166666666668,2031,TACT DHAPPQ 2y - AL 2y - ALAQ,#fb8072,0,33.0,004
068-tact-DHAPPQ2y-AL2y-ALAQ,23,32324.11111111111,2031,TACT DHAPPQ 2y - AL 2y - ALAQ,#fb8072,0,33.0,004
068-tact-DHAPPQ2y-AL2y-ALAQ,24,31717.222222222223,2031,TACT DHAPPQ 2y - AL 2y - ALAQ,#fb8072,0,33.0,004
068-tact-DHAPPQ2y-AL2y-ALAQ,25,32973.77777777778,2031,TACT DHAPPQ 2y - AL 2y - ALAQ,#fb8072,0,33.0,004
068-tact-DHAPPQ2y-AL2y-ALAQ,26,31773.166666666668,2031,TACT DHAPPQ 2y - AL 2y - ALAQ,#fb8072,0,33.0,004
068-tact-DHAPPQ2y-AL2y-ALAQ,27,31571.222222222223,2031,TACT DHAPPQ 2y - AL 2y - ALAQ,#fb8072,0,33.0,004
068-tact-DHAPPQ2y-AL2y-ALAQ,28,32557.666666666668,2031,TACT DHAPPQ 2y - AL 2y - ALAQ,#fb8072,0,33.0,004
068-tact-DHAPPQ2y-AL2y-ALAQ,29,32678.166666666668,2031,TACT DHAPPQ 2y - AL 2y - ALAQ,#fb8072,0,33.0,004
068-tact-DHAPPQ2y-AL2y-ALAQ,30,32197.055555555555,2031,TACT DHAPPQ 2y - AL 2y - ALAQ,#fb8072,0,33.0,004
068-tact-DHAPPQ2y-AL2y-ALAQ,31,32881.22222222222,2031,TACT DHAPPQ 2y - AL 2y - ALAQ,#fb8072,0,33.0,004
068-tact-DHAPPQ2y-AL2y-ALAQ,32,31905.777777777777,2031,TACT DHAPPQ 2y - AL 2y - ALAQ,#fb8072,0,33.0,004
068-tact-DHAPPQ2y-AL2y-ALAQ,33,31455.833333333332,2031,TACT DHAPPQ 2y - AL 2y - ALAQ,#fb8072,0,33.0,004
068-tact-DHAPPQ2y-AL2y-ALAQ,34,32066.333333333332,2031,TACT DHAPPQ 2y - AL 2y - ALAQ,#fb8072,0,33.0,004
068-tact-DHAPPQ2y-AL2y-ALAQ,35,30583.0,2031,TACT DHAPPQ 2y - AL 2y - ALAQ,#fb8072,0,33.0,004
068-tact-DHAPPQ2y-AL2y-ALAQ,36,31954.222222222223,2031,TACT DHAPPQ 2y - AL 2y - ALAQ,#fb8072,0,33.0,004
068-tact-DHAPPQ2y-AL2y-ALAQ,37,31294.555555555555,2031,TACT DHAPPQ 2y - AL 2y - ALAQ,#fb8072,0,33.0,004
068-tact-DHAPPQ2y-AL2y-ALAQ,38,32043.166666666668,2031,TACT DHAPPQ 2y - AL 2y - ALAQ,#fb8072,0,33.0,004
068-tact-DHAPPQ2y-AL2y-ALAQ,39,33209.0,2031,TACT DHAPPQ 2y - AL 2y - ALAQ,#fb8072,0,33.0,004
068-tact-DHAPPQ2y-AL2y-ALAQ,40,32872.833333333336,2031,TACT DHAPPQ 2y - AL 2y - ALAQ,#fb8072,0,33.0,004
068-tact-DHAPPQ2y-AL2y-ALAQ,41,31212.555555555555,2031,TACT DHAPPQ 2y - AL 2y - ALAQ,#fb8072,0,33.0,004
068-tact-DHAPPQ2y-AL2y-ALAQ,42,31626.833333333332,2031,TACT DHAPPQ 2y - AL 2y - ALAQ,#fb8072,0,33.0,004
068-tact-DHAPPQ2y-AL2y-ALAQ,43,34025.11111111111,2031,TACT DHAPPQ 2y - AL 2y - ALAQ,#fb8072,0,33.0,004
068-tact-DHAPPQ2y-AL2y-ALAQ,44,31893.944444444445,2031,TACT DHAPPQ 2y - AL 2y - ALAQ,#fb8072,0,33.0,004
068-tact-DHAPPQ2y-AL2y-ALAQ,45,32146.222222222223,2031,TACT DHAPPQ 2y - AL 2y - ALAQ,#fb8072,0,33.0,004
068-tact-DHAPPQ2y-AL2y-ALAQ,46,31665.222222222223,2031,TACT DHAPPQ 2y - AL 2y - ALAQ,#fb8072,0,33.0,004
068-tact-DHAPPQ2y-AL2y-ALAQ,47,33044.944444444445,2031,TACT DHAPPQ 2y - AL 2y - ALAQ,#fb8072,0,33.0,004
068-tact-DHAPPQ2y-AL2y-ALAQ,48,31839.666666666668,2031,TACT DHAPPQ 2y - AL 2y - ALAQ,#fb8072,0,33.0,004
068-tact-DHAPPQ2y-AL2y-ALAQ,49,33073.444444444445,2031,TACT DHAPPQ 2y - AL 2y - ALAQ,#fb8072,0,33.0,004
068-tact-DHAPPQ2y-AL2y-ALAQ,50,31816.88888888889,2031,TACT DHAPPQ 2y - AL 2y - ALAQ,#fb8072,0,33.0,004
068-tact-DHAPPQ2y-AL2y-ALAQ,51,32289.277777777777,2031,TACT DHAPPQ 2y - AL 2y - ALAQ,#fb8072,0,33.0,004
068-tact-DHAPPQ2y-AL2y-ALAQ,52,31675.5,2031,TACT DHAPPQ 2y - AL 2y - ALAQ,#fb8072,0,33.0,004
068-tact-DHAPPQ2y-AL2y-ALAQ,53,31515.38888888889,2031,TACT DHAPPQ 2y - AL 2y - ALAQ,#fb8072,0,33.0,004
068-tact-DHAPPQ2y-AL2y-ALAQ,54,32986.833333333336,2031,TACT DHAPPQ 2y - AL 2y - ALAQ,#fb8072,0,33.0,004
068-tact-DHAPPQ2y-AL2y-ALAQ,55,32279.555555555555,2031,TACT DHAPPQ 2y - AL 2y - ALAQ,#fb8072,0,33.0,004
068-tact-DHAPPQ2y-AL2y-ALAQ,56,31609.444444444445,2031,TACT DHAPPQ 2y - AL 2y - ALAQ,#fb8072,0,33.0,004
068-tact-DHAPPQ2y-AL2y-ALAQ,57,32131.5,2031,TACT DHAPPQ 2y - AL 2y - ALAQ,#fb8072,0,33.0,004
068-tact-DHAPPQ2y-AL2y-ALAQ,58,31920.555555555555,2031,TACT DHAPPQ 2y - AL 2y - ALAQ,#fb8072,0,33.0,004
068-tact-DHAPPQ2y-AL2y-ALAQ,59,32656.777777777777,2031,TACT DHAPPQ 2y - AL 2y - ALAQ,#fb8072,0,33.0,004
068-tact-DHAPPQ2y-AL2y-ALAQ,60,33089.27777777778,2031,TACT DHAPPQ 2y - AL 2y - ALAQ,#fb8072,0,33.0,004
068-tact-DHAPPQ2y-AL2y-ALAQ,61,32643.777777777777,2031,TACT DHAPPQ 2y - AL 2y - ALAQ,#fb8072,0,33.0,004
068-tact-DHAPPQ2y-AL2y-ALAQ,62,32119.222222222223,2031,TACT DHAPPQ 2y - AL 2y - ALAQ,#fb8072,0,33.0,004
068-tact-DHAPPQ2y-AL2y-ALAQ,63,32308.555555555555,2031,TACT DHAPPQ 2y - AL 2y - ALAQ,#fb8072,0,33.0,004
068-tact-DHAPPQ2y-AL2y-ALAQ,64,32374.38888888889,2031,TACT DHAPPQ 2y - AL 2y - ALAQ,#fb8072,0,33.0,004
068-tact-DHAPPQ2y-AL2y-ALAQ,65,32129.833333333332,2031,TACT DHAPPQ 2y - AL 2y - ALAQ,#fb8072,0,33.0,004
068-tact-DHAPPQ2y-AL2y-ALAQ,66,32373.11111111111,2031,TACT DHAPPQ 2y - AL 2y - ALAQ,#fb8072,0,33.0,004
068-tact-DHAPPQ2y-AL2y-ALAQ,67,32515.444444444445,2031,TACT DHAPPQ 2y - AL 2y - ALAQ,#fb8072,0,33.0,004
068-tact-DHAPPQ2y-AL2y-ALAQ,68,32696.333333333332,2031,TACT DHAPPQ 2y - AL 2y - ALAQ,#fb8072,0,33.0,004
068-tact-DHAPPQ2y-AL2y-ALAQ,69,32465.777777777777,2031,TACT DHAPPQ 2y - AL 2y - ALAQ,#fb8072,0,33.0,004
068-tact-DHAPPQ2y-AL2y-ALAQ,70,32665.166666666668,2031,TACT DHAPPQ 2y - AL 2y - ALAQ,#fb8072,0,33.0,004
068-tact-DHAPPQ2y-AL2y-ALAQ,71,32404.666666666668,2031,TACT DHAPPQ 2y - AL 2y - ALAQ,#fb8072,0,33.0,004
068-tact-DHAPPQ2y-AL2y-ALAQ,72,30614.5,2031,TACT DHAPPQ 2y - AL 2y - ALAQ,#fb8072,0,33.0,004
068-tact-DHAPPQ2y-AL2y-ALAQ,73,31838.055555555555,2031,TACT DHAPPQ 2y - AL 2y - ALAQ,#fb8072,0,33.0,004
068-tact-DHAPPQ2y-AL2y-ALAQ,74,32210.277777777777,2031,TACT DHAPPQ 2y - AL 2y - ALAQ,#fb8072,0,33.0,004
068-tact-DHAPPQ2y-AL2y-ALAQ,75,33344.333333333336,2031,TACT DHAPPQ 2y - AL 2y - ALAQ,#fb8072,0,33.0,004
068-tact-DHAPPQ2y-AL2y-ALAQ,76,32425.11111111111,2031,TACT DHAPPQ 2y - AL 2y - ALAQ,#fb8072,0,33.0,004
068-tact-DHAPPQ2y-AL2y-ALAQ,77,31608.166666666668,2031,TACT DHAPPQ 2y - AL 2y - ALAQ,#fb8072,0,33.0,004
068-tact-DHAPPQ2y-AL2y-ALAQ,78,32112.777777777777,2031,TACT DHAPPQ 2y - AL 2y - ALAQ,#fb8072,0,33.0,004
068-tact-DHAPPQ2y-AL2y-ALAQ,79,30689.38888888889,2031,TACT DHAPPQ 2y - AL 2y - ALAQ,#fb8072,0,33.0,004
068-tact-DHAPPQ2y-AL2y-ALAQ,80,33172.166666666664,2031,TACT DHAPPQ 2y - AL 2y - ALAQ,#fb8072,0,33.0,004
068-tact-DHAPPQ2y-AL2y-ALAQ,81,32788.055555555555,2031,TACT DHAPPQ 2y - AL 2y - ALAQ,#fb8072,0,33.0,004
068-tact-DHAPPQ2y-AL2y-ALAQ,82,31680.38888888889,2031,TACT DHAPPQ 2y - AL 2y - ALAQ,#fb8072,0,33.0,004
068-tact-DHAPPQ2y-AL2y-ALAQ,83,32990.38888888889,2031,TACT DHAPPQ 2y - AL 2y - ALAQ,#fb8072,0,33.0,004
068-tact-DHAPPQ2y-AL2y-ALAQ,84,32254.38888888889,2031,TACT DHAPPQ 2y - AL 2y - ALAQ,#fb8072,0,33.0,004
068-tact-DHAPPQ2y-AL2y-ALAQ,85,32874.38888888889,2031,TACT DHAPPQ 2y - AL 2y - ALAQ,#fb8072,0,33.0,004
068-tact-DHAPPQ2y-AL2y-ALAQ,86,32923.27777777778,2031,TACT DHAPPQ 2y - AL 2y - ALAQ,#fb8072,0,33.0,004
068-tact-DHAPPQ2y-AL2y-ALAQ,87,33083.0,2031,TACT DHAPPQ 2y - AL 2y - ALAQ,#fb8072,0,33.0,004
068-tact-DHAPPQ2y-AL2y-ALAQ,88,31814.11111111111,2031,TACT DHAPPQ 2y - AL 2y - ALAQ,#fb8072,0,33.0,004
068-tact-DHAPPQ2y-AL2y-ALAQ,89,32358.777777777777,2031,TACT DHAPPQ 2y - AL 2y - ALAQ,#fb8072,0,33.0,004
068-tact-DHAPPQ2y-AL2y-ALAQ,90,31464.833333333332,2031,TACT DHAPPQ 2y - AL 2y - ALAQ,#fb8072,0,33.0,004
068-tact-DHAPPQ2y-AL2y-ALAQ,91,31121.444444444445,2031,TACT DHAPPQ 2y - AL 2y - ALAQ,#fb8072,0,33.0,004
068-tact-DHAPPQ2y-AL2y-ALAQ,92,31275.055555555555,2031,TACT DHAPPQ 2y - AL 2y - ALAQ,#fb8072,0,33.0,004
068-tact-DHAPPQ2y-AL2y-ALAQ,93,32542.777777777777,2031,TACT DHAPPQ 2y - AL 2y - ALAQ,#fb8072,0,33.0,004
068-tact-DHAPPQ2y-AL2y-ALAQ,94,31789.38888888889,2031,TACT DHAPPQ 2y - AL 2y - ALAQ,#fb8072,0,33.0,004
068-tact-DHAPPQ2y-AL2y-ALAQ,95,31705.277777777777,2031,TACT DHAPPQ 2y - AL 2y - ALAQ,#fb8072,0,33.0,004
068-tact-DHAPPQ2y-AL2y-ALAQ,96,33348.27777777778,2031,TACT DHAPPQ 2y - AL 2y - ALAQ,#fb8072,0,33.0,004
068-tact-DHAPPQ2y-AL2y-ALAQ,97,32749.166666666668,2031,TACT DHAPPQ 2y - AL 2y - ALAQ,#fb8072,0,33.0,004
068-tact-DHAPPQ2y-AL2y-ALAQ,98,32926.77777777778,2031,TACT DHAPPQ 2y - AL 2y - ALAQ,#fb8072,0,33.0,004
068-tact-DHAPPQ2y-AL2y-ALAQ,99,31192.38888888889,2031,TACT DHAPPQ 2y - AL 2y - ALAQ,#fb8072,0,33.0,004
069-tact-DHAPPQ2y-ASAQ2y-ALAQ,0,25501.277777777777,2031,TACT DHAPPQ 2y - ASAQ 2y - ALAQ,#fb8072,0,0.0,004
069-tact-DHAPPQ2y-ASAQ2y-ALAQ,1,26103.944444444445,2031,TACT DHAPPQ 2y - ASAQ 2y - ALAQ,#fb8072,0,0.0,004
069-tact-DHAPPQ2y-ASAQ2y-ALAQ,2,26858.61111111111,2031,TACT DHAPPQ 2y - ASAQ 2y - ALAQ,#fb8072,0,0.0,004
069-tact-DHAPPQ2y-ASAQ2y-ALAQ,3,25472.833333333332,2031,TACT DHAPPQ 2y - ASAQ 2y - ALAQ,#fb8072,0,0.0,004
069-tact-DHAPPQ2y-ASAQ2y-ALAQ,4,26283.833333333332,2031,TACT DHAPPQ 2y - ASAQ 2y - ALAQ,#fb8072,0,0.0,004
069-tact-DHAPPQ2y-ASAQ2y-ALAQ,5,26026.277777777777,2031,TACT DHAPPQ 2y - ASAQ 2y - ALAQ,#fb8072,0,0.0,004
069-tact-DHAPPQ2y-ASAQ2y-ALAQ,6,25459.166666666668,2031,TACT DHAPPQ 2y - ASAQ 2y - ALAQ,#fb8072,0,0.0,004
069-tact-DHAPPQ2y-ASAQ2y-ALAQ,7,25755.944444444445,2031,TACT DHAPPQ 2y - ASAQ 2y - ALAQ,#fb8072,0,0.0,004
069-tact-DHAPPQ2y-ASAQ2y-ALAQ,8,25914.555555555555,2031,TACT DHAPPQ 2y - ASAQ 2y - ALAQ,#fb8072,0,0.0,004
069-tact-DHAPPQ2y-ASAQ2y-ALAQ,9,25733.944444444445,2031,TACT DHAPPQ 2y - ASAQ 2y - ALAQ,#fb8072,0,0.0,004
069-tact-DHAPPQ2y-ASAQ2y-ALAQ,10,26060.333333333332,2031,TACT DHAPPQ 2y - ASAQ 2y - ALAQ,#fb8072,0,0.0,004
069-tact-DHAPPQ2y-ASAQ2y-ALAQ,11,25742.666666666668,2031,TACT DHAPPQ 2y - ASAQ 2y - ALAQ,#fb8072,0,0.0,004
069-tact-DHAPPQ2y-ASAQ2y-ALAQ,12,25971.222222222223,2031,TACT DHAPPQ 2y - ASAQ 2y - ALAQ,#fb8072,0,0.0,004
069-tact-DHAPPQ2y-ASAQ2y-ALAQ,13,26008.055555555555,2031,TACT DHAPPQ 2y - ASAQ 2y - ALAQ,#fb8072,0,0.0,004
069-tact-DHAPPQ2y-ASAQ2y-ALAQ,14,26442.944444444445,2031,TACT DHAPPQ 2y - ASAQ 2y - ALAQ,#fb8072,0,0.0,004
069-tact-DHAPPQ2y-ASAQ2y-ALAQ,15,25920.11111111111,2031,TACT DHAPPQ 2y - ASAQ 2y - ALAQ,#fb8072,0,0.0,004
069-tact-DHAPPQ2y-ASAQ2y-ALAQ,16,25546.777777777777,2031,TACT DHAPPQ 2y - ASAQ 2y - ALAQ,#fb8072,0,0.0,004
069-tact-DHAPPQ2y-ASAQ2y-ALAQ,17,25880.166666666668,2031,TACT DHAPPQ 2y - ASAQ 2y - ALAQ,#fb8072,0,0.0,004
069-tact-DHAPPQ2y-ASAQ2y-ALAQ,18,26615.833333333332,2031,TACT DHAPPQ 2y - ASAQ 2y - ALAQ,#fb8072,0,0.0,004
069-tact-DHAPPQ2y-ASAQ2y-ALAQ,19,26281.555555555555,2031,TACT DHAPPQ 2y - ASAQ 2y - ALAQ,#fb8072,0,0.0,004
069-tact-DHAPPQ2y-ASAQ2y-ALAQ,20,26101.277777777777,2031,TACT DHAPPQ 2y - ASAQ 2y - ALAQ,#fb8072,0,0.0,004
069-tact-DHAPPQ2y-ASAQ2y-ALAQ,21,26433.333333333332,2031,TACT DHAPPQ 2y - ASAQ 2y - ALAQ,#fb8072,0,0.0,004
069-tact-DHAPPQ2y-ASAQ2y-ALAQ,22,26535.88888888889,2031,TACT DHAPPQ 2y - ASAQ 2y - ALAQ,#fb8072,0,0.0,004
069-tact-DHAPPQ2y-ASAQ2y-ALAQ,23,25551.555555555555,2031,TACT DHAPPQ 2y - ASAQ 2y - ALAQ,#fb8072,0,0.0,004
069-tact-DHAPPQ2y-ASAQ2y-ALAQ,24,26322.333333333332,2031,TACT DHAPPQ 2y - ASAQ 2y - ALAQ,#fb8072,0,0.0,004
069-tact-DHAPPQ2y-ASAQ2y-ALAQ,25,25973.944444444445,2031,TACT DHAPPQ 2y - ASAQ 2y - ALAQ,#fb8072,0,0.0,004
069-tact-DHAPPQ2y-ASAQ2y-ALAQ,26,26442.333333333332,2031,TACT DHAPPQ 2y - ASAQ 2y - ALAQ,#fb8072,0,0.0,004
069-tact-DHAPPQ2y-ASAQ2y-ALAQ,27,25572.11111111111,2031,TACT DHAPPQ 2y - ASAQ 2y - ALAQ,#fb8072,0,0.0,004
069-tact-DHAPPQ2y-ASAQ2y-ALAQ,28,26394.777777777777,2031,TACT DHAPPQ 2y - ASAQ 2y - ALAQ,#fb8072,0,0.0,004
069-tact-DHAPPQ2y-ASAQ2y-ALAQ,29,26374.11111111111,2031,TACT DHAPPQ 2y - ASAQ 2y - ALAQ,#fb8072,0,0.0,004
069-tact-DHAPPQ2y-ASAQ2y-ALAQ,30,25319.0,2031,TACT DHAPPQ 2y - ASAQ 2y - ALAQ,#fb8072,0,0.0,004
069-tact-DHAPPQ2y-ASAQ2y-ALAQ,31,26132.0,2031,TACT DHAPPQ 2y - ASAQ 2y - ALAQ,#fb8072,0,0.0,004
069-tact-DHAPPQ2y-ASAQ2y-ALAQ,32,25740.777777777777,2031,TACT DHAPPQ 2y - ASAQ 2y - ALAQ,#fb8072,0,0.0,004
069-tact-DHAPPQ2y-ASAQ2y-ALAQ,33,25847.666666666668,2031,TACT DHAPPQ 2y - ASAQ 2y - ALAQ,#fb8072,0,0.0,004
069-tact-DHAPPQ2y-ASAQ2y-ALAQ,34,25768.555555555555,2031,TACT DHAPPQ 2y - ASAQ 2y - ALAQ,#fb8072,0,0.0,004
069-tact-DHAPPQ2y-ASAQ2y-ALAQ,35,26276.333333333332,2031,TACT DHAPPQ 2y - ASAQ 2y - ALAQ,#fb8072,0,0.0,004
069-tact-DHAPPQ2y-ASAQ2y-ALAQ,36,26285.11111111111,2031,TACT DHAPPQ 2y - ASAQ 2y - ALAQ,#fb8072,0,0.0,004
069-tact-DHAPPQ2y-ASAQ2y-ALAQ,37,26016.38888888889,2031,TACT DHAPPQ 2y - ASAQ 2y - ALAQ,#fb8072,0,0.0,004
069-tact-DHAPPQ2y-ASAQ2y-ALAQ,38,25751.444444444445,2031,TACT DHAPPQ 2y - ASAQ 2y - ALAQ,#fb8072,0,0.0,004
069-tact-DHAPPQ2y-ASAQ2y-ALAQ,39,26418.88888888889,2031,TACT DHAPPQ 2y - ASAQ 2y - ALAQ,#fb8072,0,0.0,004
069-tact-DHAPPQ2y-ASAQ2y-ALAQ,40,25996.833333333332,2031,TACT DHAPPQ 2y - ASAQ 2y - ALAQ,#fb8072,0,0.0,004
069-tact-DHAPPQ2y-ASAQ2y-ALAQ,41,25319.722222222223,2031,TACT DHAPPQ 2y - ASAQ 2y - ALAQ,#fb8072,0,0.0,004
069-tact-DHAPPQ2y-ASAQ2y-ALAQ,42,25473.444444444445,2031,TACT DHAPPQ 2y - ASAQ 2y - ALAQ,#fb8072,0,0.0,004
069-tact-DHAPPQ2y-ASAQ2y-ALAQ,43,26438.166666666668,2031,TACT DHAPPQ 2y - ASAQ 2y - ALAQ,#fb8072,0,0.0,004
069-tact-DHAPPQ2y-ASAQ2y-ALAQ,44,26107.5,2031,TACT DHAPPQ 2y - ASAQ 2y - ALAQ,#fb8072,0,0.0,004
069-tact-DHAPPQ2y-ASAQ2y-ALAQ,45,26389.055555555555,2031,TACT DHAPPQ 2y - ASAQ 2y - ALAQ,#fb8072,0,0.0,004
069-tact-DHAPPQ2y-ASAQ2y-ALAQ,46,27281.055555555555,2031,TACT DHAPPQ 2y - ASAQ 2y - ALAQ,#fb8072,0,0.0,004
069-tact-DHAPPQ2y-ASAQ2y-ALAQ,47,25728.11111111111,2031,TACT DHAPPQ 2y - ASAQ 2y - ALAQ,#fb8072,0,0.0,004
069-tact-DHAPPQ2y-ASAQ2y-ALAQ,48,25956.0,2031,TACT DHAPPQ 2y - ASAQ 2y - ALAQ,#fb8072,0,0.0,004
069-tact-DHAPPQ2y-ASAQ2y-ALAQ,49,26226.555555555555,2031,TACT DHAPPQ 2y - ASAQ 2y - ALAQ,#fb8072,0,0.0,004
069-tact-DHAPPQ2y-ASAQ2y-ALAQ,50,25637.833333333332,2031,TACT DHAPPQ 2y - ASAQ 2y - ALAQ,#fb8072,0,0.0,004
069-tact-DHAPPQ2y-ASAQ2y-ALAQ,51,25604.833333333332,2031,TACT DHAPPQ 2y - ASAQ 2y - ALAQ,#fb8072,0,0.0,004
069-tact-DHAPPQ2y-ASAQ2y-ALAQ,52,26481.333333333332,2031,TACT DHAPPQ 2y - ASAQ 2y - ALAQ,#fb8072,0,0.0,004
069-tact-DHAPPQ2y-ASAQ2y-ALAQ,53,25859.333333333332,2031,TACT DHAPPQ 2y - ASAQ 2y - ALAQ,#fb8072,0,0.0,004
069-tact-DHAPPQ2y-ASAQ2y-ALAQ,54,25345.222222222223,2031,TACT DHAPPQ 2y - ASAQ 2y - ALAQ,#fb8072,0,0.0,004
069-tact-DHAPPQ2y-ASAQ2y-ALAQ,55,25375.777777777777,2031,TACT DHAPPQ 2y - ASAQ 2y - ALAQ,#fb8072,0,0.0,004
069-tact-DHAPPQ2y-ASAQ2y-ALAQ,56,25283.722222222223,2031,TACT DHAPPQ 2y - ASAQ 2y - ALAQ,#fb8072,0,0.0,004
069-tact-DHAPPQ2y-ASAQ2y-ALAQ,57,25748.38888888889,2031,TACT DHAPPQ 2y - ASAQ 2y - ALAQ,#fb8072,0,0.0,004
069-tact-DHAPPQ2y-ASAQ2y-ALAQ,58,25481.666666666668,2031,TACT DHAPPQ 2y - ASAQ 2y - ALAQ,#fb8072,0,0.0,004
069-tact-DHAPPQ2y-ASAQ2y-ALAQ,59,26442.555555555555,2031,TACT DHAPPQ 2y - ASAQ 2y - ALAQ,#fb8072,0,0.0,004
069-tact-DHAPPQ2y-ASAQ2y-ALAQ,60,25931.333333333332,2031,TACT DHAPPQ 2y - ASAQ 2y - ALAQ,#fb8072,0,0.0,004
069-tact-DHAPPQ2y-ASAQ2y-ALAQ,61,25978.88888888889,2031,TACT DHAPPQ 2y - ASAQ 2y - ALAQ,#fb8072,0,0.0,004
069-tact-DHAPPQ2y-ASAQ2y-ALAQ,62,26773.222222222223,2031,TACT DHAPPQ 2y - ASAQ 2y - ALAQ,#fb8072,0,0.0,004
069-tact-DHAPPQ2y-ASAQ2y-ALAQ,63,25740.333333333332,2031,TACT DHAPPQ 2y - ASAQ 2y - ALAQ,#fb8072,0,0.0,004
069-tact-DHAPPQ2y-ASAQ2y-ALAQ,64,25859.166666666668,2031,TACT DHAPPQ 2y - ASAQ 2y - ALAQ,#fb8072,0,0.0,004
069-tact-DHAPPQ2y-ASAQ2y-ALAQ,65,25899.38888888889,2031,TACT DHAPPQ 2y - ASAQ 2y - ALAQ,#fb8072,0,0.0,004
069-tact-DHAPPQ2y-ASAQ2y-ALAQ,66,25797.0,2031,TACT DHAPPQ 2y - ASAQ 2y - ALAQ,#fb8072,0,0.0,004
069-tact-DHAPPQ2y-ASAQ2y-ALAQ,67,26621.666666666668,2031,TACT DHAPPQ 2y - ASAQ 2y - ALAQ,#fb8072,0,0.0,004
069-tact-DHAPPQ2y-ASAQ2y-ALAQ,68,25588.777777777777,2031,TACT DHAPPQ 2y - ASAQ 2y - ALAQ,#fb8072,0,0.0,004
069-tact-DHAPPQ2y-ASAQ2y-ALAQ,69,26426.166666666668,2031,TACT DHAPPQ 2y - ASAQ 2y - ALAQ,#fb8072,0,0.0,004
069-tact-DHAPPQ2y-ASAQ2y-ALAQ,70,25695.722222222223,2031,TACT DHAPPQ 2y - ASAQ 2y - ALAQ,#fb8072,0,0.0,004
069-tact-DHAPPQ2y-ASAQ2y-ALAQ,71,26174.222222222223,2031,TACT DHAPPQ 2y - ASAQ 2y - ALAQ,#fb8072,0,0.0,004
069-tact-DHAPPQ2y-ASAQ2y-ALAQ,72,25471.166666666668,2031,TACT DHAPPQ 2y - ASAQ 2y - ALAQ,#fb8072,0,0.0,004
069-tact-DHAPPQ2y-ASAQ2y-ALAQ,73,25789.222222222223,2031,TACT DHAPPQ 2y - ASAQ 2y - ALAQ,#fb8072,0,0.0,004
069-tact-DHAPPQ2y-ASAQ2y-ALAQ,74,26003.777777777777,2031,TACT DHAPPQ 2y - ASAQ 2y - ALAQ,#fb8072,0,0.0,004
069-tact-DHAPPQ2y-ASAQ2y-ALAQ,75,25427.88888888889,2031,TACT DHAPPQ 2y - ASAQ 2y - ALAQ,#fb8072,0,0.0,004
069-tact-DHAPPQ2y-ASAQ2y-ALAQ,76,25743.055555555555,2031,TACT DHAPPQ 2y - ASAQ 2y - ALAQ,#fb8072,0,0.0,004
069-tact-DHAPPQ2y-ASAQ2y-ALAQ,77,26188.833333333332,2031,TACT DHAPPQ 2y - ASAQ 2y - ALAQ,#fb8072,0,0.0,004
069-tact-DHAPPQ2y-ASAQ2y-ALAQ,78,25949.777777777777,2031,TACT DHAPPQ 2y - ASAQ 2y - ALAQ,#fb8072,0,0.0,004
069-tact-DHAPPQ2y-ASAQ2y-ALAQ,79,25923.5,2031,TACT DHAPPQ 2y - ASAQ 2y - ALAQ,#fb8072,0,0.0,004
069-tact-DHAPPQ2y-ASAQ2y-ALAQ,80,26155.61111111111,2031,TACT DHAPPQ 2y - ASAQ 2y - ALAQ,#fb8072,0,0.0,004
069-tact-DHAPPQ2y-ASAQ2y-ALAQ,81,26058.944444444445,2031,TACT DHAPPQ 2y - ASAQ 2y - ALAQ,#fb8072,0,0.0,004
069-tact-DHAPPQ2y-ASAQ2y-ALAQ,82,25303.88888888889,2031,TACT DHAPPQ 2y - ASAQ 2y - ALAQ,#fb8072,0,0.0,004
069-tact-DHAPPQ2y-ASAQ2y-ALAQ,83,25459.444444444445,2031,TACT DHAPPQ 2y - ASAQ 2y - ALAQ,#fb8072,0,0.0,004
069-tact-DHAPPQ2y-ASAQ2y-ALAQ,84,25622.5,2031,TACT DHAPPQ 2y - ASAQ 2y - ALAQ,#fb8072,0,0.0,004
069-tact-DHAPPQ2y-ASAQ2y-ALAQ,85,26294.5,2031,TACT DHAPPQ 2y - ASAQ 2y - ALAQ,#fb8072,0,0.0,004
069-tact-DHAPPQ2y-ASAQ2y-ALAQ,86,26477.555555555555,2031,TACT DHAPPQ 2y - ASAQ 2y - ALAQ,#fb8072,0,0.0,004
069-tact-DHAPPQ2y-ASAQ2y-ALAQ,87,25971.222222222223,2031,TACT DHAPPQ 2y - ASAQ 2y - ALAQ,#fb8072,0,0.0,004
069-tact-DHAPPQ2y-ASAQ2y-ALAQ,88,25209.0,2031,TACT DHAPPQ 2y - ASAQ 2y - ALAQ,#fb8072,0,0.0,004
069-tact-DHAPPQ2y-ASAQ2y-ALAQ,89,25842.944444444445,2031,TACT DHAPPQ 2y - ASAQ 2y - ALAQ,#fb8072,0,0.0,004
069-tact-DHAPPQ2y-ASAQ2y-ALAQ,90,25925.722222222223,2031,TACT DHAPPQ 2y - ASAQ 2y - ALAQ,#fb8072,0,0.0,004
069-tact-DHAPPQ2y-ASAQ2y-ALAQ,91,26080.055555555555,2031,TACT DHAPPQ 2y - ASAQ 2y - ALAQ,#fb8072,0,0.0,004
069-tact-DHAPPQ2y-ASAQ2y-ALAQ,92,25687.666666666668,2031,TACT DHAPPQ 2y - ASAQ 2y - ALAQ,#fb8072,0,0.0,004
069-tact-DHAPPQ2y-ASAQ2y-ALAQ,93,26803.61111111111,2031,TACT DHAPPQ 2y - ASAQ 2y - ALAQ,#fb8072,0,0.0,004
069-tact-DHAPPQ2y-ASAQ2y-ALAQ,94,26004.722222222223,2031,TACT DHAPPQ 2y - ASAQ 2y - ALAQ,#fb8072,0,0.0,004
069-tact-DHAPPQ2y-ASAQ2y-ALAQ,95,26363.61111111111,2031,TACT DHAPPQ 2y - ASAQ 2y - ALAQ,#fb8072,0,0.0,004
069-tact-DHAPPQ2y-ASAQ2y-ALAQ,96,26084.0,2031,TACT DHAPPQ 2y - ASAQ 2y - ALAQ,#fb8072,0,0.0,004
069-tact-DHAPPQ2y-ASAQ2y-ALAQ,97,25576.777777777777,2031,TACT DHAPPQ 2y - ASAQ 2y - ALAQ,#fb8072,0,0.0,004
069-tact-DHAPPQ2y-ASAQ2y-ALAQ,98,26233.333333333332,2031,TACT DHAPPQ 2y - ASAQ 2y - ALAQ,#fb8072,0,0.0,004
069-tact-DHAPPQ2y-ASAQ2y-ALAQ,99,25688.722222222223,2031,TACT DHAPPQ 2y - ASAQ 2y - ALAQ,#fb8072,0,0.0,004
070-tact-ALAQ-immediate,0,22154.777777777777,2031,TACT ALAQ - Immediate,#fb8072,0,0.0,004
070-tact-ALAQ-immediate,1,22601.0,2031,TACT ALAQ - Immediate,#fb8072,0,0.0,004
070-tact-ALAQ-immediate,2,22179.0,2031,TACT ALAQ - Immediate,#fb8072,0,0.0,004
070-tact-ALAQ-immediate,3,22399.88888888889,2031,TACT ALAQ - Immediate,#fb8072,0,0.0,004
070-tact-ALAQ-immediate,4,23290.5,2031,TACT ALAQ - Immediate,#fb8072,0,0.0,004
070-tact-ALAQ-immediate,5,22506.833333333332,2031,TACT ALAQ - Immediate,#fb8072,0,0.0,004
070-tact-ALAQ-immediate,6,22085.777777777777,2031,TACT ALAQ - Immediate,#fb8072,0,0.0,004
070-tact-ALAQ-immediate,7,23037.0,2031,TACT ALAQ - Immediate,#fb8072,0,0.0,004
070-tact-ALAQ-immediate,8,22103.88888888889,2031,TACT ALAQ - Immediate,#fb8072,0,0.0,004
070-tact-ALAQ-immediate,9,22587.0,2031,TACT ALAQ - Immediate,#fb8072,0,0.0,004
070-tact-ALAQ-immediate,10,23658.555555555555,2031,TACT ALAQ - Immediate,#fb8072,0,0.0,004
070-tact-ALAQ-immediate,11,22704.88888888889,2031,TACT ALAQ - Immediate,#fb8072,0,0.0,004
070-tact-ALAQ-immediate,12,23640.88888888889,2031,TACT ALAQ - Immediate,#fb8072,0,0.0,004
070-tact-ALAQ-immediate,13,22635.277777777777,2031,TACT ALAQ - Immediate,#fb8072,0,0.0,004
070-tact-ALAQ-immediate,14,22178.222222222223,2031,TACT ALAQ - Immediate,#fb8072,0,0.0,004
070-tact-ALAQ-immediate,15,22399.166666666668,2031,TACT ALAQ - Immediate,#fb8072,0,0.0,004
070-tact-ALAQ-immediate,16,22528.055555555555,2031,TACT ALAQ - Immediate,#fb8072,0,0.0,004
070-tact-ALAQ-immediate,17,22256.833333333332,2031,TACT ALAQ - Immediate,#fb8072,0,0.0,004
070-tact-ALAQ-immediate,18,22243.222222222223,2031,TACT ALAQ - Immediate,#fb8072,0,0.0,004
070-tact-ALAQ-immediate,19,22870.555555555555,2031,TACT ALAQ - Immediate,#fb8072,0,0.0,004
070-tact-ALAQ-immediate,20,22397.055555555555,2031,TACT ALAQ - Immediate,#fb8072,0,0.0,004
070-tact-ALAQ-immediate,21,23229.88888888889,2031,TACT ALAQ - Immediate,#fb8072,0,0.0,004
070-tact-ALAQ-immediate,22,22829.5,2031,TACT ALAQ - Immediate,#fb8072,0,0.0,004
070-tact-ALAQ-immediate,23,22566.444444444445,2031,TACT ALAQ - Immediate,#fb8072,0,0.0,004
070-tact-ALAQ-immediate,24,23023.88888888889,2031,TACT ALAQ - Immediate,#fb8072,0,0.0,004
070-tact-ALAQ-immediate,25,22020.88888888889,2031,TACT ALAQ - Immediate,#fb8072,0,0.0,004
070-tact-ALAQ-immediate,26,22307.833333333332,2031,TACT ALAQ - Immediate,#fb8072,0,0.0,004
070-tact-ALAQ-immediate,27,23265.722222222223,2031,TACT ALAQ - Immediate,#fb8072,0,0.0,004
070-tact-ALAQ-immediate,28,21633.722222222223,2031,TACT ALAQ - Immediate,#fb8072,0,0.0,004
070-tact-ALAQ-immediate,29,22467.722222222223,2031,TACT ALAQ - Immediate,#fb8072,0,0.0,004
070-tact-ALAQ-immediate,30,22006.277777777777,2031,TACT ALAQ - Immediate,#fb8072,0,0.0,004
070-tact-ALAQ-immediate,31,22160.666666666668,2031,TACT ALAQ - Immediate,#fb8072,0,0.0,004
070-tact-ALAQ-immediate,32,22663.666666666668,2031,TACT ALAQ - Immediate,#fb8072,0,0.0,004
070-tact-ALAQ-immediate,33,21626.222222222223,2031,TACT ALAQ - Immediate,#fb8072,0,0.0,004
070-tact-ALAQ-immediate,34,22358.5,2031,TACT ALAQ - Immediate,#fb8072,0,0.0,004
070-tact-ALAQ-immediate,35,22653.777777777777,2031,TACT ALAQ - Immediate,#fb8072,0,0.0,004
070-tact-ALAQ-immediate,36,22850.222222222223,2031,TACT ALAQ - Immediate,#fb8072,0,0.0,004
070-tact-ALAQ-immediate,37,22380.222222222223,2031,TACT ALAQ - Immediate,#fb8072,0,0.0,004
070-tact-ALAQ-immediate,38,21976.88888888889,2031,TACT ALAQ - Immediate,#fb8072,0,0.0,004
070-tact-ALAQ-immediate,39,22609.666666666668,2031,TACT ALAQ - Immediate,#fb8072,0,0.0,004
070-tact-ALAQ-immediate,40,22262.444444444445,2031,TACT ALAQ - Immediate,#fb8072,0,0.0,004
070-tact-ALAQ-immediate,41,23531.61111111111,2031,TACT ALAQ - Immediate,#fb8072,0,0.0,004
070-tact-ALAQ-immediate,42,22313.38888888889,2031,TACT ALAQ - Immediate,#fb8072,0,0.0,004
070-tact-ALAQ-immediate,43,21865.555555555555,2031,TACT ALAQ - Immediate,#fb8072,0,0.0,004
070-tact-ALAQ-immediate,44,22119.722222222223,2031,TACT ALAQ - Immediate,#fb8072,0,0.0,004
070-tact-ALAQ-immediate,45,22228.88888888889,2031,TACT ALAQ - Immediate,#fb8072,0,0.0,004
070-tact-ALAQ-immediate,46,22448.944444444445,2031,TACT ALAQ - Immediate,#fb8072,0,0.0,004
070-tact-ALAQ-immediate,47,22404.222222222223,2031,TACT ALAQ - Immediate,#fb8072,0,0.0,004
070-tact-ALAQ-immediate,48,22372.277777777777,2031,TACT ALAQ - Immediate,#fb8072,0,0.0,004
070-tact-ALAQ-immediate,49,22901.333333333332,2031,TACT ALAQ - Immediate,#fb8072,0,0.0,004
070-tact-ALAQ-immediate,50,21944.0,2031,TACT ALAQ - Immediate,#fb8072,0,0.0,004
070-tact-ALAQ-immediate,51,22228.61111111111,2031,TACT ALAQ - Immediate,#fb8072,0,0.0,004
070-tact-ALAQ-immediate,52,22446.444444444445,2031,TACT ALAQ - Immediate,#fb8072,0,0.0,004
070-tact-ALAQ-immediate,53,22238.444444444445,2031,TACT ALAQ - Immediate,#fb8072,0,0.0,004
070-tact-ALAQ-immediate,54,22712.222222222223,2031,TACT ALAQ - Immediate,#fb8072,0,0.0,004
070-tact-ALAQ-immediate,55,22874.555555555555,2031,TACT ALAQ - Immediate,#fb8072,0,0.0,004
070-tact-ALAQ-immediate,56,22771.5,2031,TACT ALAQ - Immediate,#fb8072,0,0.0,004
070-tact-ALAQ-immediate,57,22019.88888888889,2031,TACT ALAQ - Immediate,#fb8072,0,0.0,004
070-tact-ALAQ-immediate,58,22218.777777777777,2031,TACT ALAQ - Immediate,#fb8072,0,0.0,004
070-tact-ALAQ-immediate,59,23105.277777777777,2031,TACT ALAQ - Immediate,#fb8072,0,0.0,004
070-tact-ALAQ-immediate,60,22225.222222222223,2031,TACT ALAQ - Immediate,#fb8072,0,0.0,004
070-tact-ALAQ-immediate,61,22744.444444444445,2031,TACT ALAQ - Immediate,#fb8072,0,0.0,004
070-tact-ALAQ-immediate,62,22593.055555555555,2031,TACT ALAQ - Immediate,#fb8072,0,0.0,004
070-tact-ALAQ-immediate,63,22710.88888888889,2031,TACT ALAQ - Immediate,#fb8072,0,0.0,004
070-tact-ALAQ-immediate,64,22824.944444444445,2031,TACT ALAQ - Immediate,#fb8072,0,0.0,004
070-tact-ALAQ-immediate,65,23396.333333333332,2031,TACT ALAQ - Immediate,#fb8072,0,0.0,004
070-tact-ALAQ-immediate,66,22103.222222222223,2031,TACT ALAQ - Immediate,#fb8072,0,0.0,004
070-tact-ALAQ-immediate,67,22565.722222222223,2031,TACT ALAQ - Immediate,#fb8072,0,0.0,004
070-tact-ALAQ-immediate,68,22143.5,2031,TACT ALAQ - Immediate,#fb8072,0,0.0,004
070-tact-ALAQ-immediate,69,22177.166666666668,2031,TACT ALAQ - Immediate,#fb8072,0,0.0,004
070-tact-ALAQ-immediate,70,22773.61111111111,2031,TACT ALAQ - Immediate,#fb8072,0,0.0,004
070-tact-ALAQ-immediate,71,22113.61111111111,2031,TACT ALAQ - Immediate,#fb8072,0,0.0,004
070-tact-ALAQ-immediate,72,23030.166666666668,2031,TACT ALAQ - Immediate,#fb8072,0,0.0,004
070-tact-ALAQ-immediate,73,22504.11111111111,2031,TACT ALAQ - Immediate,#fb8072,0,0.0,004
070-tact-ALAQ-immediate,74,22356.777777777777,2031,TACT ALAQ - Immediate,#fb8072,0,0.0,004
070-tact-ALAQ-immediate,75,22768.11111111111,2031,TACT ALAQ - Immediate,#fb8072,0,0.0,004
070-tact-ALAQ-immediate,76,22848.222222222223,2031,TACT ALAQ - Immediate,#fb8072,0,0.0,004
070-tact-ALAQ-immediate,77,22587.5,2031,TACT ALAQ - Immediate,#fb8072,0,0.0,004
070-tact-ALAQ-immediate,78,23112.555555555555,2031,TACT ALAQ - Immediate,#fb8072,0,0.0,004
070-tact-ALAQ-immediate,79,22879.0,2031,TACT ALAQ - Immediate,#fb8072,0,0.0,004
070-tact-ALAQ-immediate,80,22515.277777777777,2031,TACT ALAQ - Immediate,#fb8072,0,0.0,004
070-tact-ALAQ-immediate,81,22192.5,2031,TACT ALAQ - Immediate,#fb8072,0,0.0,004
070-tact-ALAQ-immediate,82,22396.0,2031,TACT ALAQ - Immediate,#fb8072,0,0.0,004
070-tact-ALAQ-immediate,83,22086.88888888889,2031,TACT ALAQ - Immediate,#fb8072,0,0.0,004
070-tact-ALAQ-immediate,84,21799.944444444445,2031,TACT ALAQ - Immediate,#fb8072,0,0.0,004
070-tact-ALAQ-immediate,85,22153.166666666668,2031,TACT ALAQ - Immediate,#fb8072,0,0.0,004
070-tact-ALAQ-immediate,86,21744.944444444445,2031,TACT ALAQ - Immediate,#fb8072,0,0.0,004
070-tact-ALAQ-immediate,87,23116.555555555555,2031,TACT ALAQ - Immediate,#fb8072,0,0.0,004
070-tact-ALAQ-immediate,88,22325.666666666668,2031,TACT ALAQ - Immediate,#fb8072,0,0.0,004
070-tact-ALAQ-immediate,89,21973.5,2031,TACT ALAQ - Immediate,#fb8072,0,0.0,004
070-tact-ALAQ-immediate,90,22338.5,2031,TACT ALAQ - Immediate,#fb8072,0,0.0,004
070-tact-ALAQ-immediate,91,22413.833333333332,2031,TACT ALAQ - Immediate,#fb8072,0,0.0,004
070-tact-ALAQ-immediate,92,23038.61111111111,2031,TACT ALAQ - Immediate,#fb8072,0,0.0,004
070-tact-ALAQ-immediate,93,22072.88888888889,2031,TACT ALAQ - Immediate,#fb8072,0,0.0,004
070-tact-ALAQ-immediate,94,22233.61111111111,2031,TACT ALAQ - Immediate,#fb8072,0,0.0,004
070-tact-ALAQ-immediate,95,22698.444444444445,2031,TACT ALAQ - Immediate,#fb8072,0,0.0,004
070-tact-ALAQ-immediate,96,22549.444444444445,2031,TACT ALAQ - Immediate,#fb8072,0,0.0,004
070-tact-ALAQ-immediate,97,22826.166666666668,2031,TACT ALAQ - Immediate,#fb8072,0,0.0,004
070-tact-ALAQ-immediate,98,21972.055555555555,2031,TACT ALAQ - Immediate,#fb8072,0,0.0,004
070-tact-ALAQ-immediate,99,21956.722222222223,2031,TACT ALAQ - Immediate,#fb8072,0,0.0,004
071-mft-AL_75-ASPY85_25,0,45227.11111111111,2031,MFT AL 75% - ASPY85 - 25%,#fb8072,0,75.0,004
071-mft-AL_75-ASPY85_25,1,40162.333333333336,2031,MFT AL 75% - ASPY85 - 25%,#fb8072,0,75.0,004
071-mft-AL_75-ASPY85_25,2,41407.444444444445,2031,MFT AL 75% - ASPY85 - 25%,#fb8072,0,75.0,004
071-mft-AL_75-ASPY85_25,3,41769.61111111111,2031,MFT AL 75% - ASPY85 - 25%,#fb8072,0,75.0,004
071-mft-AL_75-ASPY85_25,4,42444.77777777778,2031,MFT AL 75% - ASPY85 - 25%,#fb8072,0,75.0,004
071-mft-AL_75-ASPY85_25,5,40722.833333333336,2031,MFT AL 75% - ASPY85 - 25%,#fb8072,0,75.0,004
071-mft-AL_75-ASPY85_25,6,41190.944444444445,2031,MFT AL 75% - ASPY85 - 25%,#fb8072,0,75.0,004
071-mft-AL_75-ASPY85_25,7,40249.833333333336,2031,MFT AL 75% - ASPY85 - 25%,#fb8072,0,75.0,004
071-mft-AL_75-ASPY85_25,8,42232.0,2031,MFT AL 75% - ASPY85 - 25%,#fb8072,0,75.0,004
071-mft-AL_75-ASPY85_25,9,40013.944444444445,2031,MFT AL 75% - ASPY85 - 25%,#fb8072,0,75.0,004
071-mft-AL_75-ASPY85_25,10,41293.61111111111,2031,MFT AL 75% - ASPY85 - 25%,#fb8072,0,75.0,004
071-mft-AL_75-ASPY85_25,11,40526.055555555555,2031,MFT AL 75% - ASPY85 - 25%,#fb8072,0,75.0,004
071-mft-AL_75-ASPY85_25,12,42774.666666666664,2031,MFT AL 75% - ASPY85 - 25%,#fb8072,0,75.0,004
071-mft-AL_75-ASPY85_25,13,41621.88888888889,2031,MFT AL 75% - ASPY85 - 25%,#fb8072,0,75.0,004
071-mft-AL_75-ASPY85_25,14,40704.61111111111,2031,MFT AL 75% - ASPY85 - 25%,#fb8072,0,75.0,004
071-mft-AL_75-ASPY85_25,15,42779.61111111111,2031,MFT AL 75% - ASPY85 - 25%,#fb8072,0,75.0,004
071-mft-AL_75-ASPY85_25,16,42478.055555555555,2031,MFT AL 75% - ASPY85 - 25%,#fb8072,0,75.0,004
071-mft-AL_75-ASPY85_25,17,40958.055555555555,2031,MFT AL 75% - ASPY85 - 25%,#fb8072,0,75.0,004
071-mft-AL_75-ASPY85_25,18,41121.5,2031,MFT AL 75% - ASPY85 - 25%,#fb8072,0,75.0,004
071-mft-AL_75-ASPY85_25,19,40164.88888888889,2031,MFT AL 75% - ASPY85 - 25%,#fb8072,0,75.0,004
071-mft-AL_75-ASPY85_25,20,41506.444444444445,2031,MFT AL 75% - ASPY85 - 25%,#fb8072,0,75.0,004
071-mft-AL_75-ASPY85_25,21,40747.5,2031,MFT AL 75% - ASPY85 - 25%,#fb8072,0,75.0,004
071-mft-AL_75-ASPY85_25,22,43254.61111111111,2031,MFT AL 75% - ASPY85 - 25%,#fb8072,0,75.0,004
071-mft-AL_75-ASPY85_25,23,41665.333333333336,2031,MFT AL 75% - ASPY85 - 25%,#fb8072,0,75.0,004
071-mft-AL_75-ASPY85_25,24,42150.88888888889,2031,MFT AL 75% - ASPY85 - 25%,#fb8072,0,75.0,004
071-mft-AL_75-ASPY85_25,25,43577.555555555555,2031,MFT AL 75% - ASPY85 - 25%,#fb8072,0,75.0,004
071-mft-AL_75-ASPY85_25,26,42367.27777777778,2031,MFT AL 75% - ASPY85 - 25%,#fb8072,0,75.0,004
071-mft-AL_75-ASPY85_25,27,42368.555555555555,2031,MFT AL 75% - ASPY85 - 25%,#fb8072,0,75.0,004
071-mft-AL_75-ASPY85_25,28,43085.555555555555,2031,MFT AL 75% - ASPY85 - 25%,#fb8072,0,75.0,004
071-mft-AL_75-ASPY85_25,29,41995.166666666664,2031,MFT AL 75% - ASPY85 - 25%,#fb8072,0,75.0,004
071-mft-AL_75-ASPY85_25,30,39879.38888888889,2031,MFT AL 75% - ASPY85 - 25%,#fb8072,0,75.0,004
071-mft-AL_75-ASPY85_25,31,40851.88888888889,2031,MFT AL 75% - ASPY85 - 25%,#fb8072,0,75.0,004
071-mft-AL_75-ASPY85_25,32,41773.5,2031,MFT AL 75% - ASPY85 - 25%,#fb8072,0,75.0,004
071-mft-AL_75-ASPY85_25,33,42236.944444444445,2031,MFT AL 75% - ASPY85 - 25%,#fb8072,0,75.0,004
071-mft-AL_75-ASPY85_25,34,40400.61111111111,2031,MFT AL 75% - ASPY85 - 25%,#fb8072,0,75.0,004
071-mft-AL_75-ASPY85_25,35,42010.333333333336,2031,MFT AL 75% - ASPY85 - 25%,#fb8072,0,75.0,004
071-mft-AL_75-ASPY85_25,36,43793.38888888889,2031,MFT AL 75% - ASPY85 - 25%,#fb8072,0,75.0,004
071-mft-AL_75-ASPY85_25,37,41427.555555555555,2031,MFT AL 75% - ASPY85 - 25%,#fb8072,0,75.0,004
071-mft-AL_75-ASPY85_25,38,40495.555555555555,2031,MFT AL 75% - ASPY85 - 25%,#fb8072,0,75.0,004
071-mft-AL_75-ASPY85_25,39,42362.22222222222,2031,MFT AL 75% - ASPY85 - 25%,#fb8072,0,75.0,004
071-mft-AL_75-ASPY85_25,40,41092.166666666664,2031,MFT AL 75% - ASPY85 - 25%,#fb8072,0,75.0,004
071-mft-AL_75-ASPY85_25,41,41793.77777777778,2031,MFT AL 75% - ASPY85 - 25%,#fb8072,0,75.0,004
071-mft-AL_75-ASPY85_25,42,40939.333333333336,2031,MFT AL 75% - ASPY85 - 25%,#fb8072,0,75.0,004
071-mft-AL_75-ASPY85_25,43,43405.27777777778,2031,MFT AL 75% - ASPY85 - 25%,#fb8072,0,75.0,004
071-mft-AL_75-ASPY85_25,44,41300.38888888889,2031,MFT AL 75% - ASPY85 - 25%,#fb8072,0,75.0,004
071-mft-AL_75-ASPY85_25,45,41860.22222222222,2031,MFT AL 75% - ASPY85 - 25%,#fb8072,0,75.0,004
071-mft-AL_75-ASPY85_25,46,42034.22222222222,2031,MFT AL 75% - ASPY85 - 25%,#fb8072,0,75.0,004
071-mft-AL_75-ASPY85_25,47,42423.666666666664,2031,MFT AL 75% - ASPY85 - 25%,#fb8072,0,75.0,004
071-mft-AL_75-ASPY85_25,48,40943.666666666664,2031,MFT AL 75% - ASPY85 - 25%,#fb8072,0,75.0,004
071-mft-AL_75-ASPY85_25,49,41061.166666666664,2031,MFT AL 75% - ASPY85 - 25%,#fb8072,0,75.0,004
071-mft-AL_75-ASPY85_25,50,41836.77777777778,2031,MFT AL 75% - ASPY85 - 25%,#fb8072,0,75.0,004
071-mft-AL_75-ASPY85_25,51,43419.666666666664,2031,MFT AL 75% - ASPY85 - 25%,#fb8072,0,75.0,004
071-mft-AL_75-ASPY85_25,52,43791.055555555555,2031,MFT AL 75% - ASPY85 - 25%,#fb8072,0,75.0,004
071-mft-AL_75-ASPY85_25,53,40987.0,2031,MFT AL 75% - ASPY85 - 25%,#fb8072,0,75.0,004
071-mft-AL_75-ASPY85_25,54,41815.22222222222,2031,MFT AL 75% - ASPY85 - 25%,#fb8072,0,75.0,004
071-mft-AL_75-ASPY85_25,55,40330.77777777778,2031,MFT AL 75% - ASPY85 - 25%,#fb8072,0,75.0,004
071-mft-AL_75-ASPY85_25,56,41048.88888888889,2031,MFT AL 75% - ASPY85 - 25%,#fb8072,0,75.0,004
071-mft-AL_75-ASPY85_25,57,42746.944444444445,2031,MFT AL 75% - ASPY85 - 25%,#fb8072,0,75.0,004
071-mft-AL_75-ASPY85_25,58,42152.27777777778,2031,MFT AL 75% - ASPY85 - 25%,#fb8072,0,75.0,004
071-mft-AL_75-ASPY85_25,59,39871.5,2031,MFT AL 75% - ASPY85 - 25%,#fb8072,0,75.0,004
071-mft-AL_75-ASPY85_25,60,40934.27777777778,2031,MFT AL 75% - ASPY85 - 25%,#fb8072,0,75.0,004
071-mft-AL_75-ASPY85_25,61,41536.38888888889,2031,MFT AL 75% - ASPY85 - 25%,#fb8072,0,75.0,004
071-mft-AL_75-ASPY85_25,62,42614.38888888889,2031,MFT AL 75% - ASPY85 - 25%,#fb8072,0,75.0,004
071-mft-AL_75-ASPY85_25,63,41243.61111111111,2031,MFT AL 75% - ASPY85 - 25%,#fb8072,0,75.0,004
071-mft-AL_75-ASPY85_25,64,41481.61111111111,2031,MFT AL 75% - ASPY85 - 25%,#fb8072,0,75.0,004
071-mft-AL_75-ASPY85_25,65,41974.22222222222,2031,MFT AL 75% - ASPY85 - 25%,#fb8072,0,75.0,004
071-mft-AL_75-ASPY85_25,66,41900.333333333336,2031,MFT AL 75% - ASPY85 - 25%,#fb8072,0,75.0,004
071-mft-AL_75-ASPY85_25,67,43312.61111111111,2031,MFT AL 75% - ASPY85 - 25%,#fb8072,0,75.0,004
071-mft-AL_75-ASPY85_25,68,44989.944444444445,2031,MFT AL 75% - ASPY85 - 25%,#fb8072,0,75.0,004
071-mft-AL_75-ASPY85_25,69,41778.27777777778,2031,MFT AL 75% - ASPY85 - 25%,#fb8072,0,75.0,004
071-mft-AL_75-ASPY85_25,70,40414.944444444445,2031,MFT AL 75% - ASPY85 - 25%,#fb8072,0,75.0,004
071-mft-AL_75-ASPY85_25,71,41255.88888888889,2031,MFT AL 75% - ASPY85 - 25%,#fb8072,0,75.0,004
071-mft-AL_75-ASPY85_25,72,41934.666666666664,2031,MFT AL 75% - ASPY85 - 25%,#fb8072,0,75.0,004
071-mft-AL_75-ASPY85_25,73,41943.27777777778,2031,MFT AL 75% - ASPY85 - 25%,#fb8072,0,75.0,004
071-mft-AL_75-ASPY85_25,74,42047.61111111111,2031,MFT AL 75% - ASPY85 - 25%,#fb8072,0,75.0,004
071-mft-AL_75-ASPY85_25,75,41102.88888888889,2031,MFT AL 75% - ASPY85 - 25%,#fb8072,0,75.0,004
071-mft-AL_75-ASPY85_25,76,41059.88888888889,2031,MFT AL 75% - ASPY85 - 25%,#fb8072,0,75.0,004
071-mft-AL_75-ASPY85_25,77,40056.555555555555,2031,MFT AL 75% - ASPY85 - 25%,#fb8072,0,75.0,004
071-mft-AL_75-ASPY85_25,78,41616.055555555555,2031,MFT AL 75% - ASPY85 - 25%,#fb8072,0,75.0,004
071-mft-AL_75-ASPY85_25,79,43342.77777777778,2031,MFT AL 75% - ASPY85 - 25%,#fb8072,0,75.0,004
071-mft-AL_75-ASPY85_25,80,41078.22222222222,2031,MFT AL 75% - ASPY85 - 25%,#fb8072,0,75.0,004
071-mft-AL_75-ASPY85_25,81,41986.555555555555,2031,MFT AL 75% - ASPY85 - 25%,#fb8072,0,75.0,004
071-mft-AL_75-ASPY85_25,82,40872.055555555555,2031,MFT AL 75% - ASPY85 - 25%,#fb8072,0,75.0,004
071-mft-AL_75-ASPY85_25,83,43320.77777777778,2031,MFT AL 75% - ASPY85 - 25%,#fb8072,0,75.0,004
071-mft-AL_75-ASPY85_25,84,41897.944444444445,2031,MFT AL 75% - ASPY85 - 25%,#fb8072,0,75.0,004
071-mft-AL_75-ASPY85_25,85,41033.166666666664,2031,MFT AL 75% - ASPY85 - 25%,#fb8072,0,75.0,004
071-mft-AL_75-ASPY85_25,86,42332.5,2031,MFT AL 75% - ASPY85 - 25%,#fb8072,0,75.0,004
071-mft-AL_75-ASPY85_25,87,40977.88888888889,2031,MFT AL 75% - ASPY85 - 25%,#fb8072,0,75.0,004
071-mft-AL_75-ASPY85_25,88,39852.333333333336,2031,MFT AL 75% - ASPY85 - 25%,#fb8072,0,75.0,004
071-mft-AL_75-ASPY85_25,89,40985.833333333336,2031,MFT AL 75% - ASPY85 - 25%,#fb8072,0,75.0,004
071-mft-AL_75-ASPY85_25,90,41679.333333333336,2031,MFT AL 75% - ASPY85 - 25%,#fb8072,0,75.0,004
071-mft-AL_75-ASPY85_25,91,40463.11111111111,2031,MFT AL 75% - ASPY85 - 25%,#fb8072,0,75.0,004
071-mft-AL_75-ASPY85_25,92,42720.72222222222,2031,MFT AL 75% - ASPY85 - 25%,#fb8072,0,75.0,004
071-mft-AL_75-ASPY85_25,93,40966.61111111111,2031,MFT AL 75% - ASPY85 - 25%,#fb8072,0,75.0,004
071-mft-AL_75-ASPY85_25,94,42130.5,2031,MFT AL 75% - ASPY85 - 25%,#fb8072,0,75.0,004
071-mft-AL_75-ASPY85_25,95,40611.27777777778,2031,MFT AL 75% - ASPY85 - 25%,#fb8072,0,75.0,004
071-mft-AL_75-ASPY85_25,96,41126.444444444445,2031,MFT AL 75% - ASPY85 - 25%,#fb8072,0,75.0,004
071-mft-AL_75-ASPY85_25,97,40253.444444444445,2031,MFT AL 75% - ASPY85 - 25%,#fb8072,0,75.0,004
071-mft-AL_75-ASPY85_25,98,40050.27777777778,2031,MFT AL 75% - ASPY85 - 25%,#fb8072,0,75.0,004
071-mft-AL_75-ASPY85_25,99,41175.666666666664,2031,MFT AL 75% - ASPY85 - 25%,#fb8072,0,75.0,004
072-mft-AL_75-ASPY75_25,0,41823.27777777778,2031,MFT AL 75% - ASPY75 - 25%,#fb8072,0,75.0,004
072-mft-AL_75-ASPY75_25,1,40685.5,2031,MFT AL 75% - ASPY75 - 25%,#fb8072,0,75.0,004
072-mft-AL_75-ASPY75_25,2,41881.444444444445,2031,MFT AL 75% - ASPY75 - 25%,#fb8072,0,75.0,004
072-mft-AL_75-ASPY75_25,3,42957.22222222222,2031,MFT AL 75% - ASPY75 - 25%,#fb8072,0,75.0,004
072-mft-AL_75-ASPY75_25,4,41582.444444444445,2031,MFT AL 75% - ASPY75 - 25%,#fb8072,0,75.0,004
072-mft-AL_75-ASPY75_25,5,42895.77777777778,2031,MFT AL 75% - ASPY75 - 25%,#fb8072,0,75.0,004
072-mft-AL_75-ASPY75_25,6,41162.77777777778,2031,MFT AL 75% - ASPY75 - 25%,#fb8072,0,75.0,004
072-mft-AL_75-ASPY75_25,7,43252.0,2031,MFT AL 75% - ASPY75 - 25%,#fb8072,0,75.0,004
072-mft-AL_75-ASPY75_25,8,42547.72222222222,2031,MFT AL 75% - ASPY75 - 25%,#fb8072,0,75.0,004
072-mft-AL_75-ASPY75_25,9,40954.166666666664,2031,MFT AL 75% - ASPY75 - 25%,#fb8072,0,75.0,004
072-mft-AL_75-ASPY75_25,10,42282.333333333336,2031,MFT AL 75% - ASPY75 - 25%,#fb8072,0,75.0,004
072-mft-AL_75-ASPY75_25,11,39828.055555555555,2031,MFT AL 75% - ASPY75 - 25%,#fb8072,0,75.0,004
072-mft-AL_75-ASPY75_25,12,41528.38888888889,2031,MFT AL 75% - ASPY75 - 25%,#fb8072,0,75.0,004
072-mft-AL_75-ASPY75_25,13,40251.38888888889,2031,MFT AL 75% - ASPY75 - 25%,#fb8072,0,75.0,004
072-mft-AL_75-ASPY75_25,14,42190.88888888889,2031,MFT AL 75% - ASPY75 - 25%,#fb8072,0,75.0,004
072-mft-AL_75-ASPY75_25,15,39443.88888888889,2031,MFT AL 75% - ASPY75 - 25%,#fb8072,0,75.0,004
072-mft-AL_75-ASPY75_25,16,40750.444444444445,2031,MFT AL 75% - ASPY75 - 25%,#fb8072,0,75.0,004
072-mft-AL_75-ASPY75_25,17,41292.444444444445,2031,MFT AL 75% - ASPY75 - 25%,#fb8072,0,75.0,004
072-mft-AL_75-ASPY75_25,18,41530.72222222222,2031,MFT AL 75% - ASPY75 - 25%,#fb8072,0,75.0,004
072-mft-AL_75-ASPY75_25,19,41700.833333333336,2031,MFT AL 75% - ASPY75 - 25%,#fb8072,0,75.0,004
072-mft-AL_75-ASPY75_25,20,41128.444444444445,2031,MFT AL 75% - ASPY75 - 25%,#fb8072,0,75.0,004
072-mft-AL_75-ASPY75_25,21,40060.88888888889,2031,MFT AL 75% - ASPY75 - 25%,#fb8072,0,75.0,004
072-mft-AL_75-ASPY75_25,22,40827.555555555555,2031,MFT AL 75% - ASPY75 - 25%,#fb8072,0,75.0,004
072-mft-AL_75-ASPY75_25,23,40464.166666666664,2031,MFT AL 75% - ASPY75 - 25%,#fb8072,0,75.0,004
072-mft-AL_75-ASPY75_25,24,43089.88888888889,2031,MFT AL 75% - ASPY75 - 25%,#fb8072,0,75.0,004
072-mft-AL_75-ASPY75_25,25,43065.72222222222,2031,MFT AL 75% - ASPY75 - 25%,#fb8072,0,75.0,004
072-mft-AL_75-ASPY75_25,26,41365.444444444445,2031,MFT AL 75% - ASPY75 - 25%,#fb8072,0,75.0,004
072-mft-AL_75-ASPY75_25,27,40330.72222222222,2031,MFT AL 75% - ASPY75 - 25%,#fb8072,0,75.0,004
072-mft-AL_75-ASPY75_25,28,42213.38888888889,2031,MFT AL 75% - ASPY75 - 25%,#fb8072,0,75.0,004
072-mft-AL_75-ASPY75_25,29,41341.944444444445,2031,MFT AL 75% - ASPY75 - 25%,#fb8072,0,75.0,004
072-mft-AL_75-ASPY75_25,30,40666.055555555555,2031,MFT AL 75% - ASPY75 - 25%,#fb8072,0,75.0,004
072-mft-AL_75-ASPY75_25,31,41163.666666666664,2031,MFT AL 75% - ASPY75 - 25%,#fb8072,0,75.0,004
072-mft-AL_75-ASPY75_25,32,41605.833333333336,2031,MFT AL 75% - ASPY75 - 25%,#fb8072,0,75.0,004
072-mft-AL_75-ASPY75_25,33,39604.77777777778,2031,MFT AL 75% - ASPY75 - 25%,#fb8072,0,75.0,004
072-mft-AL_75-ASPY75_25,34,43419.11111111111,2031,MFT AL 75% - ASPY75 - 25%,#fb8072,0,75.0,004
072-mft-AL_75-ASPY75_25,35,42535.555555555555,2031,MFT AL 75% - ASPY75 - 25%,#fb8072,0,75.0,004
072-mft-AL_75-ASPY75_25,36,42628.555555555555,2031,MFT AL 75% - ASPY75 - 25%,#fb8072,0,75.0,004
072-mft-AL_75-ASPY75_25,37,45263.88888888889,2031,MFT AL 75% - ASPY75 - 25%,#fb8072,0,75.0,004
072-mft-AL_75-ASPY75_25,38,42303.555555555555,2031,MFT AL 75% - ASPY75 - 25%,#fb8072,0,75.0,004
072-mft-AL_75-ASPY75_25,39,43974.22222222222,2031,MFT AL 75% - ASPY75 - 25%,#fb8072,0,75.0,004
072-mft-AL_75-ASPY75_25,40,41327.61111111111,2031,MFT AL 75% - ASPY75 - 25%,#fb8072,0,75.0,004
072-mft-AL_75-ASPY75_25,41,42353.444444444445,2031,MFT AL 75% - ASPY75 - 25%,#fb8072,0,75.0,004
072-mft-AL_75-ASPY75_25,42,41359.88888888889,2031,MFT AL 75% - ASPY75 - 25%,#fb8072,0,75.0,004
072-mft-AL_75-ASPY75_25,43,41351.72222222222,2031,MFT AL 75% - ASPY75 - 25%,#fb8072,0,75.0,004
072-mft-AL_75-ASPY75_25,44,40054.72222222222,2031,MFT AL 75% - ASPY75 - 25%,#fb8072,0,75.0,004
072-mft-AL_75-ASPY75_25,45,42548.38888888889,2031,MFT AL 75% - ASPY75 - 25%,#fb8072,0,75.0,004
072-mft-AL_75-ASPY75_25,46,40319.11111111111,2031,MFT AL 75% - ASPY75 - 25%,#fb8072,0,75.0,004
072-mft-AL_75-ASPY75_25,47,42701.944444444445,2031,MFT AL 75% - ASPY75 - 25%,#fb8072,0,75.0,004
072-mft-AL_75-ASPY75_25,48,42634.27777777778,2031,MFT AL 75% - ASPY75 - 25%,#fb8072,0,75.0,004
072-mft-AL_75-ASPY75_25,49,43379.666666666664,2031,MFT AL 75% - ASPY75 - 25%,#fb8072,0,75.0,004
072-mft-AL_75-ASPY75_25,50,40697.0,2031,MFT AL 75% - ASPY75 - 25%,#fb8072,0,75.0,004
072-mft-AL_75-ASPY75_25,51,38968.11111111111,2031,MFT AL 75% - ASPY75 - 25%,#fb8072,0,75.0,004
072-mft-AL_75-ASPY75_25,52,39354.38888888889,2031,MFT AL 75% - ASPY75 - 25%,#fb8072,0,75.0,004
072-mft-AL_75-ASPY75_25,53,43896.944444444445,2031,MFT AL 75% - ASPY75 - 25%,#fb8072,0,75.0,004
072-mft-AL_75-ASPY75_25,54,41837.166666666664,2031,MFT AL 75% - ASPY75 - 25%,#fb8072,0,75.0,004
072-mft-AL_75-ASPY75_25,55,40856.72222222222,2031,MFT AL 75% - ASPY75 - 25%,#fb8072,0,75.0,004
072-mft-AL_75-ASPY75_25,56,42274.0,2031,MFT AL 75% - ASPY75 - 25%,#fb8072,0,75.0,004
072-mft-AL_75-ASPY75_25,57,40501.0,2031,MFT AL 75% - ASPY75 - 25%,#fb8072,0,75.0,004
072-mft-AL_75-ASPY75_25,58,40472.11111111111,2031,MFT AL 75% - ASPY75 - 25%,#fb8072,0,75.0,004
072-mft-AL_75-ASPY75_25,59,39365.666666666664,2031,MFT AL 75% - ASPY75 - 25%,#fb8072,0,75.0,004
072-mft-AL_75-ASPY75_25,60,41859.88888888889,2031,MFT AL 75% - ASPY75 - 25%,#fb8072,0,75.0,004
072-mft-AL_75-ASPY75_25,61,42828.88888888889,2031,MFT AL 75% - ASPY75 - 25%,#fb8072,0,75.0,004
072-mft-AL_75-ASPY75_25,62,40541.72222222222,2031,MFT AL 75% - ASPY75 - 25%,#fb8072,0,75.0,004
072-mft-AL_75-ASPY75_25,63,40552.22222222222,2031,MFT AL 75% - ASPY75 - 25%,#fb8072,0,75.0,004
072-mft-AL_75-ASPY75_25,64,42398.833333333336,2031,MFT AL 75% - ASPY75 - 25%,#fb8072,0,75.0,004
072-mft-AL_75-ASPY75_25,65,42963.666666666664,2031,MFT AL 75% - ASPY75 - 25%,#fb8072,0,75.0,004
072-mft-AL_75-ASPY75_25,66,41740.61111111111,2031,MFT AL 75% - ASPY75 - 25%,#fb8072,0,75.0,004
072-mft-AL_75-ASPY75_25,67,41530.444444444445,2031,MFT AL 75% - ASPY75 - 25%,#fb8072,0,75.0,004
072-mft-AL_75-ASPY75_25,68,42975.72222222222,2031,MFT AL 75% - ASPY75 - 25%,#fb8072,0,75.0,004
072-mft-AL_75-ASPY75_25,69,41274.22222222222,2031,MFT AL 75% - ASPY75 - 25%,#fb8072,0,75.0,004
072-mft-AL_75-ASPY75_25,70,41320.27777777778,2031,MFT AL 75% - ASPY75 - 25%,#fb8072,0,75.0,004
072-mft-AL_75-ASPY75_25,71,42250.555555555555,2031,MFT AL 75% - ASPY75 - 25%,#fb8072,0,75.0,004
072-mft-AL_75-ASPY75_25,72,42814.61111111111,2031,MFT AL 75% - ASPY75 - 25%,#fb8072,0,75.0,004
072-mft-AL_75-ASPY75_25,73,41277.444444444445,2031,MFT AL 75% - ASPY75 - 25%,#fb8072,0,75.0,004
072-mft-AL_75-ASPY75_25,74,40896.5,2031,MFT AL 75% - ASPY75 - 25%,#fb8072,0,75.0,004
072-mft-AL_75-ASPY75_25,75,41967.166666666664,2031,MFT AL 75% - ASPY75 - 25%,#fb8072,0,75.0,004
072-mft-AL_75-ASPY75_25,76,42791.833333333336,2031,MFT AL 75% - ASPY75 - 25%,#fb8072,0,75.0,004
072-mft-AL_75-ASPY75_25,77,42167.333333333336,2031,MFT AL 75% - ASPY75 - 25%,#fb8072,0,75.0,004
072-mft-AL_75-ASPY75_25,78,41501.27777777778,2031,MFT AL 75% - ASPY75 - 25%,#fb8072,0,75.0,004
072-mft-AL_75-ASPY75_25,79,41076.27777777778,2031,MFT AL 75% - ASPY75 - 25%,#fb8072,0,75.0,004
072-mft-AL_75-ASPY75_25,80,42965.72222222222,2031,MFT AL 75% - ASPY75 - 25%,#fb8072,0,75.0,004
072-mft-AL_75-ASPY75_25,81,39569.555555555555,2031,MFT AL 75% - ASPY75 - 25%,#fb8072,0,75.0,004
072-mft-AL_75-ASPY75_25,82,41810.0,2031,MFT AL 75% - ASPY75 - 25%,#fb8072,0,75.0,004
072-mft-AL_75-ASPY75_25,83,42587.5,2031,MFT AL 75% - ASPY75 - 25%,#fb8072,0,75.0,004
072-mft-AL_75-ASPY75_25,84,40812.166666666664,2031,MFT AL 75% - ASPY75 - 25%,#fb8072,0,75.0,004
072-mft-AL_75-ASPY75_25,85,44040.88888888889,2031,MFT AL 75% - ASPY75 - 25%,#fb8072,0,75.0,004
072-mft-AL_75-ASPY75_25,86,41655.22222222222,2031,MFT AL 75% - ASPY75 - 25%,#fb8072,0,75.0,004
072-mft-AL_75-ASPY75_25,87,41191.72222222222,2031,MFT AL 75% - ASPY75 - 25%,#fb8072,0,75.0,004
072-mft-AL_75-ASPY75_25,88,42082.11111111111,2031,MFT AL 75% - ASPY75 - 25%,#fb8072,0,75.0,004
072-mft-AL_75-ASPY75_25,89,41655.833333333336,2031,MFT AL 75% - ASPY75 - 25%,#fb8072,0,75.0,004
072-mft-AL_75-ASPY75_25,90,39466.88888888889,2031,MFT AL 75% - ASPY75 - 25%,#fb8072,0,75.0,004
072-mft-AL_75-ASPY75_25,91,44498.22222222222,2031,MFT AL 75% - ASPY75 - 25%,#fb8072,0,75.0,004
072-mft-AL_75-ASPY75_25,92,41909.5,2031,MFT AL 75% - ASPY75 - 25%,#fb8072,0,75.0,004
072-mft-AL_75-ASPY75_25,93,41552.72222222222,2031,MFT AL 75% - ASPY75 - 25%,#fb8072,0,75.0,004
072-mft-AL_75-ASPY75_25,94,41798.77777777778,2031,MFT AL 75% - ASPY75 - 25%,#fb8072,0,75.0,004
072-mft-AL_75-ASPY75_25,95,43503.11111111111,2031,MFT AL 75% - ASPY75 - 25%,#fb8072,0,75.0,004
072-mft-AL_75-ASPY75_25,96,40724.055555555555,2031,MFT AL 75% - ASPY75 - 25%,#fb8072,0,75.0,004
072-mft-AL_75-ASPY75_25,97,41470.72222222222,2031,MFT AL 75% - ASPY75 - 25%,#fb8072,0,75.0,004
072-mft-AL_75-ASPY75_25,98,41611.555555555555,2031,MFT AL 75% - ASPY75 - 25%,#fb8072,0,75.0,004
072-mft-AL_75-ASPY75_25,99,42990.444444444445,2031,MFT AL 75% - ASPY75 - 25%,#fb8072,0,75.0,004
073-mft-AL_75-ASPY65_25,0,40646.166666666664,2031,MFT AL 75% - ASPY65 - 25%,#fb8072,0,75.0,004
073-mft-AL_75-ASPY65_25,1,40504.166666666664,2031,MFT AL 75% - ASPY65 - 25%,#fb8072,0,75.0,004
073-mft-AL_75-ASPY65_25,2,42752.5,2031,MFT AL 75% - ASPY65 - 25%,#fb8072,0,75.0,004
073-mft-AL_75-ASPY65_25,3,42290.555555555555,2031,MFT AL 75% - ASPY65 - 25%,#fb8072,0,75.0,004
073-mft-AL_75-ASPY65_25,4,44272.72222222222,2031,MFT AL 75% - ASPY65 - 25%,#fb8072,0,75.0,004
073-mft-AL_75-ASPY65_25,5,42551.22222222222,2031,MFT AL 75% - ASPY65 - 25%,#fb8072,0,75.0,004
073-mft-AL_75-ASPY65_25,6,42555.0,2031,MFT AL 75% - ASPY65 - 25%,#fb8072,0,75.0,004
073-mft-AL_75-ASPY65_25,7,43795.27777777778,2031,MFT AL 75% - ASPY65 - 25%,#fb8072,0,75.0,004
073-mft-AL_75-ASPY65_25,8,39528.055555555555,2031,MFT AL 75% - ASPY65 - 25%,#fb8072,0,75.0,004
073-mft-AL_75-ASPY65_25,9,40509.666666666664,2031,MFT AL 75% - ASPY65 - 25%,#fb8072,0,75.0,004
073-mft-AL_75-ASPY65_25,10,43575.055555555555,2031,MFT AL 75% - ASPY65 - 25%,#fb8072,0,75.0,004
073-mft-AL_75-ASPY65_25,11,43366.11111111111,2031,MFT AL 75% - ASPY65 - 25%,#fb8072,0,75.0,004
073-mft-AL_75-ASPY65_25,12,42178.88888888889,2031,MFT AL 75% - ASPY65 - 25%,#fb8072,0,75.0,004
073-mft-AL_75-ASPY65_25,13,41558.833333333336,2031,MFT AL 75% - ASPY65 - 25%,#fb8072,0,75.0,004
073-mft-AL_75-ASPY65_25,14,40809.61111111111,2031,MFT AL 75% - ASPY65 - 25%,#fb8072,0,75.0,004
073-mft-AL_75-ASPY65_25,15,42371.22222222222,2031,MFT AL 75% - ASPY65 - 25%,#fb8072,0,75.0,004
073-mft-AL_75-ASPY65_25,16,41660.444444444445,2031,MFT AL 75% - ASPY65 - 25%,#fb8072,0,75.0,004
073-mft-AL_75-ASPY65_25,17,44144.77777777778,2031,MFT AL 75% - ASPY65 - 25%,#fb8072,0,75.0,004
073-mft-AL_75-ASPY65_25,18,41220.944444444445,2031,MFT AL 75% - ASPY65 - 25%,#fb8072,0,75.0,004
073-mft-AL_75-ASPY65_25,19,40860.333333333336,2031,MFT AL 75% - ASPY65 - 25%,#fb8072,0,75.0,004
073-mft-AL_75-ASPY65_25,20,42822.166666666664,2031,MFT AL 75% - ASPY65 - 25%,#fb8072,0,75.0,004
073-mft-AL_75-ASPY65_25,21,40568.0,2031,MFT AL 75% - ASPY65 - 25%,#fb8072,0,75.0,004
073-mft-AL_75-ASPY65_25,22,41571.944444444445,2031,MFT AL 75% - ASPY65 - 25%,#fb8072,0,75.0,004
073-mft-AL_75-ASPY65_25,23,41734.27777777778,2031,MFT AL 75% - ASPY65 - 25%,#fb8072,0,75.0,004
073-mft-AL_75-ASPY65_25,24,41248.666666666664,2031,MFT AL 75% - ASPY65 - 25%,#fb8072,0,75.0,004
073-mft-AL_75-ASPY65_25,25,40377.833333333336,2031,MFT AL 75% - ASPY65 - 25%,#fb8072,0,75.0,004
073-mft-AL_75-ASPY65_25,26,44368.77777777778,2031,MFT AL 75% - ASPY65 - 25%,#fb8072,0,75.0,004
073-mft-AL_75-ASPY65_25,27,42771.38888888889,2031,MFT AL 75% - ASPY65 - 25%,#fb8072,0,75.0,004
073-mft-AL_75-ASPY65_25,28,43502.61111111111,2031,MFT AL 75% - ASPY65 - 25%,#fb8072,0,75.0,004
073-mft-AL_75-ASPY65_25,29,43264.833333333336,2031,MFT AL 75% - ASPY65 - 25%,#fb8072,0,75.0,004
073-mft-AL_75-ASPY65_25,30,41139.666666666664,2031,MFT AL 75% - ASPY65 - 25%,#fb8072,0,75.0,004
073-mft-AL_75-ASPY65_25,31,42930.666666666664,2031,MFT AL 75% - ASPY65 - 25%,#fb8072,0,75.0,004
073-mft-AL_75-ASPY65_25,32,42941.333333333336,2031,MFT AL 75% - ASPY65 - 25%,#fb8072,0,75.0,004
073-mft-AL_75-ASPY65_25,33,41678.11111111111,2031,MFT AL 75% - ASPY65 - 25%,#fb8072,0,75.0,004
073-mft-AL_75-ASPY65_25,34,42357.11111111111,2031,MFT AL 75% - ASPY65 - 25%,#fb8072,0,75.0,004
073-mft-AL_75-ASPY65_25,35,42705.11111111111,2031,MFT AL 75% - ASPY65 - 25%,#fb8072,0,75.0,004
073-mft-AL_75-ASPY65_25,36,42085.555555555555,2031,MFT AL 75% - ASPY65 - 25%,#fb8072,0,75.0,004
073-mft-AL_75-ASPY65_25,37,41511.27777777778,2031,MFT AL 75% - ASPY65 - 25%,#fb8072,0,75.0,004
073-mft-AL_75-ASPY65_25,38,41271.5,2031,MFT AL 75% - ASPY65 - 25%,#fb8072,0,75.0,004
073-mft-AL_75-ASPY65_25,39,40991.944444444445,2031,MFT AL 75% - ASPY65 - 25%,#fb8072,0,75.0,004
073-mft-AL_75-ASPY65_25,40,40418.61111111111,2031,MFT AL 75% - ASPY65 - 25%,#fb8072,0,75.0,004
073-mft-AL_75-ASPY65_25,41,42489.166666666664,2031,MFT AL 75% - ASPY65 - 25%,#fb8072,0,75.0,004
073-mft-AL_75-ASPY65_25,42,41138.833333333336,2031,MFT AL 75% - ASPY65 - 25%,#fb8072,0,75.0,004
073-mft-AL_75-ASPY65_25,43,41180.22222222222,2031,MFT AL 75% - ASPY65 - 25%,#fb8072,0,75.0,004
073-mft-AL_75-ASPY65_25,44,40268.38888888889,2031,MFT AL 75% - ASPY65 - 25%,#fb8072,0,75.0,004
073-mft-AL_75-ASPY65_25,45,40263.666666666664,2031,MFT AL 75% - ASPY65 - 25%,#fb8072,0,75.0,004
073-mft-AL_75-ASPY65_25,46,42644.38888888889,2031,MFT AL 75% - ASPY65 - 25%,#fb8072,0,75.0,004
073-mft-AL_75-ASPY65_25,47,41205.944444444445,2031,MFT AL 75% - ASPY65 - 25%,#fb8072,0,75.0,004
073-mft-AL_75-ASPY65_25,48,43177.88888888889,2031,MFT AL 75% - ASPY65 - 25%,#fb8072,0,75.0,004
073-mft-AL_75-ASPY65_25,49,40766.5,2031,MFT AL 75% - ASPY65 - 25%,#fb8072,0,75.0,004
073-mft-AL_75-ASPY65_25,50,41892.0,2031,MFT AL 75% - ASPY65 - 25%,#fb8072,0,75.0,004
073-mft-AL_75-ASPY65_25,51,42770.11111111111,2031,MFT AL 75% - ASPY65 - 25%,#fb8072,0,75.0,004
073-mft-AL_75-ASPY65_25,52,41113.38888888889,2031,MFT AL 75% - ASPY65 - 25%,#fb8072,0,75.0,004
073-mft-AL_75-ASPY65_25,53,40846.333333333336,2031,MFT AL 75% - ASPY65 - 25%,#fb8072,0,75.0,004
073-mft-AL_75-ASPY65_25,54,39544.5,2031,MFT AL 75% - ASPY65 - 25%,#fb8072,0,75.0,004
073-mft-AL_75-ASPY65_25,55,42185.5,2031,MFT AL 75% - ASPY65 - 25%,#fb8072,0,75.0,004
073-mft-AL_75-ASPY65_25,56,40306.27777777778,2031,MFT AL 75% - ASPY65 - 25%,#fb8072,0,75.0,004
073-mft-AL_75-ASPY65_25,57,41040.72222222222,2031,MFT AL 75% - ASPY65 - 25%,#fb8072,0,75.0,004
073-mft-AL_75-ASPY65_25,58,41620.666666666664,2031,MFT AL 75% - ASPY65 - 25%,#fb8072,0,75.0,004
073-mft-AL_75-ASPY65_25,59,43474.22222222222,2031,MFT AL 75% - ASPY65 - 25%,#fb8072,0,75.0,004
073-mft-AL_75-ASPY65_25,60,41446.055555555555,2031,MFT AL 75% - ASPY65 - 25%,#fb8072,0,75.0,004
073-mft-AL_75-ASPY65_25,61,39930.944444444445,2031,MFT AL 75% - ASPY65 - 25%,#fb8072,0,75.0,004
073-mft-AL_75-ASPY65_25,62,39097.166666666664,2031,MFT AL 75% - ASPY65 - 25%,#fb8072,0,75.0,004
073-mft-AL_75-ASPY65_25,63,41693.666666666664,2031,MFT AL 75% - ASPY65 - 25%,#fb8072,0,75.0,004
073-mft-AL_75-ASPY65_25,64,39736.944444444445,2031,MFT AL 75% - ASPY65 - 25%,#fb8072,0,75.0,004
073-mft-AL_75-ASPY65_25,65,40691.666666666664,2031,MFT AL 75% - ASPY65 - 25%,#fb8072,0,75.0,004
073-mft-AL_75-ASPY65_25,66,41800.055555555555,2031,MFT AL 75% - ASPY65 - 25%,#fb8072,0,75.0,004
073-mft-AL_75-ASPY65_25,67,42640.555555555555,2031,MFT AL 75% - ASPY65 - 25%,#fb8072,0,75.0,004
073-mft-AL_75-ASPY65_25,68,42994.0,2031,MFT AL 75% - ASPY65 - 25%,#fb8072,0,75.0,004
073-mft-AL_75-ASPY65_25,69,43056.72222222222,2031,MFT AL 75% - ASPY65 - 25%,#fb8072,0,75.0,004
073-mft-AL_75-ASPY65_25,70,42740.944444444445,2031,MFT AL 75% - ASPY65 - 25%,#fb8072,0,75.0,004
073-mft-AL_75-ASPY65_25,71,41479.61111111111,2031,MFT AL 75% - ASPY65 - 25%,#fb8072,0,75.0,004
073-mft-AL_75-ASPY65_25,72,41180.333333333336,2031,MFT AL 75% - ASPY65 - 25%,#fb8072,0,75.0,004
073-mft-AL_75-ASPY65_25,73,41429.666666666664,2031,MFT AL 75% - ASPY65 - 25%,#fb8072,0,75.0,004
073-mft-AL_75-ASPY65_25,74,41649.38888888889,2031,MFT AL 75% - ASPY65 - 25%,#fb8072,0,75.0,004
073-mft-AL_75-ASPY65_25,75,42613.27777777778,2031,MFT AL 75% - ASPY65 - 25%,#fb8072,0,75.0,004
073-mft-AL_75-ASPY65_25,76,40713.0,2031,MFT AL 75% - ASPY65 - 25%,#fb8072,0,75.0,004
073-mft-AL_75-ASPY65_25,77,41846.0,2031,MFT AL 75% - ASPY65 - 25%,#fb8072,0,75.0,004
073-mft-AL_75-ASPY65_25,78,39072.22222222222,2031,MFT AL 75% - ASPY65 - 25%,#fb8072,0,75.0,004
073-mft-AL_75-ASPY65_25,79,40610.5,2031,MFT AL 75% - ASPY65 - 25%,#fb8072,0,75.0,004
073-mft-AL_75-ASPY65_25,80,43582.0,2031,MFT AL 75% - ASPY65 - 25%,#fb8072,0,75.0,004
073-mft-AL_75-ASPY65_25,81,40180.166666666664,2031,MFT AL 75% - ASPY65 - 25%,#fb8072,0,75.0,004
073-mft-AL_75-ASPY65_25,82,39955.88888888889,2031,MFT AL 75% - ASPY65 - 25%,#fb8072,0,75.0,004
073-mft-AL_75-ASPY65_25,83,41636.27777777778,2031,MFT AL 75% - ASPY65 - 25%,#fb8072,0,75.0,004
073-mft-AL_75-ASPY65_25,84,46577.444444444445,2031,MFT AL 75% - ASPY65 - 25%,#fb8072,0,75.0,004
073-mft-AL_75-ASPY65_25,85,41238.88888888889,2031,MFT AL 75% - ASPY65 - 25%,#fb8072,0,75.0,004
073-mft-AL_75-ASPY65_25,86,42007.055555555555,2031,MFT AL 75% - ASPY65 - 25%,#fb8072,0,75.0,004
073-mft-AL_75-ASPY65_25,87,41137.0,2031,MFT AL 75% - ASPY65 - 25%,#fb8072,0,75.0,004
073-mft-AL_75-ASPY65_25,88,41659.833333333336,2031,MFT AL 75% - ASPY65 - 25%,#fb8072,0,75.0,004
073-mft-AL_75-ASPY65_25,89,41406.166666666664,2031,MFT AL 75% - ASPY65 - 25%,#fb8072,0,75.0,004
073-mft-AL_75-ASPY65_25,90,41376.555555555555,2031,MFT AL 75% - ASPY65 - 25%,#fb8072,0,75.0,004
073-mft-AL_75-ASPY65_25,91,41718.77777777778,2031,MFT AL 75% - ASPY65 - 25%,#fb8072,0,75.0,004
073-mft-AL_75-ASPY65_25,92,42550.666666666664,2031,MFT AL 75% - ASPY65 - 25%,#fb8072,0,75.0,004
073-mft-AL_75-ASPY65_25,93,41245.555555555555,2031,MFT AL 75% - ASPY65 - 25%,#fb8072,0,75.0,004
073-mft-AL_75-ASPY65_25,94,41662.444444444445,2031,MFT AL 75% - ASPY65 - 25%,#fb8072,0,75.0,004
073-mft-AL_75-ASPY65_25,95,42495.61111111111,2031,MFT AL 75% - ASPY65 - 25%,#fb8072,0,75.0,004
073-mft-AL_75-ASPY65_25,96,43008.22222222222,2031,MFT AL 75% - ASPY65 - 25%,#fb8072,0,75.0,004
073-mft-AL_75-ASPY65_25,97,44690.22222222222,2031,MFT AL 75% - ASPY65 - 25%,#fb8072,0,75.0,004
073-mft-AL_75-ASPY65_25,98,41169.055555555555,2031,MFT AL 75% - ASPY65 - 25%,#fb8072,0,75.0,004
073-mft-AL_75-ASPY65_25,99,39983.27777777778,2031,MFT AL 75% - ASPY65 - 25%,#fb8072,0,75.0,004
074-mft-AL_50-ASPY85_50,0,36104.88888888889,2031,MFT AL 50% - ASPY85 - 50%,#fb8072,0,50.0,004
074-mft-AL_50-ASPY85_50,1,36565.38888888889,2031,MFT AL 50% - ASPY85 - 50%,#fb8072,0,50.0,004
074-mft-AL_50-ASPY85_50,2,35945.22222222222,2031,MFT AL 50% - ASPY85 - 50%,#fb8072,0,50.0,004
074-mft-AL_50-ASPY85_50,3,38710.444444444445,2031,MFT AL 50% - ASPY85 - 50%,#fb8072,0,50.0,004
074-mft-AL_50-ASPY85_50,4,35298.555555555555,2031,MFT AL 50% - ASPY85 - 50%,#fb8072,0,50.0,004
074-mft-AL_50-ASPY85_50,5,36931.055555555555,2031,MFT AL 50% - ASPY85 - 50%,#fb8072,0,50.0,004
074-mft-AL_50-ASPY85_50,6,35853.833333333336,2031,MFT AL 50% - ASPY85 - 50%,#fb8072,0,50.0,004
074-mft-AL_50-ASPY85_50,7,37178.166666666664,2031,MFT AL 50% - ASPY85 - 50%,#fb8072,0,50.0,004
074-mft-AL_50-ASPY85_50,8,37286.88888888889,2031,MFT AL 50% - ASPY85 - 50%,#fb8072,0,50.0,004
074-mft-AL_50-ASPY85_50,9,35772.444444444445,2031,MFT AL 50% - ASPY85 - 50%,#fb8072,0,50.0,004
074-mft-AL_50-ASPY85_50,10,34604.333333333336,2031,MFT AL 50% - ASPY85 - 50%,#fb8072,0,50.0,004
074-mft-AL_50-ASPY85_50,11,35196.38888888889,2031,MFT AL 50% - ASPY85 - 50%,#fb8072,0,50.0,004
074-mft-AL_50-ASPY85_50,12,36718.055555555555,2031,MFT AL 50% - ASPY85 - 50%,#fb8072,0,50.0,004
074-mft-AL_50-ASPY85_50,13,38692.333333333336,2031,MFT AL 50% - ASPY85 - 50%,#fb8072,0,50.0,004
074-mft-AL_50-ASPY85_50,14,36494.666666666664,2031,MFT AL 50% - ASPY85 - 50%,#fb8072,0,50.0,004
074-mft-AL_50-ASPY85_50,15,37385.11111111111,2031,MFT AL 50% - ASPY85 - 50%,#fb8072,0,50.0,004
074-mft-AL_50-ASPY85_50,16,37673.11111111111,2031,MFT AL 50% - ASPY85 - 50%,#fb8072,0,50.0,004
074-mft-AL_50-ASPY85_50,17,37073.333333333336,2031,MFT AL 50% - ASPY85 - 50%,#fb8072,0,50.0,004
074-mft-AL_50-ASPY85_50,18,34650.61111111111,2031,MFT AL 50% - ASPY85 - 50%,#fb8072,0,50.0,004
074-mft-AL_50-ASPY85_50,19,35553.61111111111,2031,MFT AL 50% - ASPY85 - 50%,#fb8072,0,50.0,004
074-mft-AL_50-ASPY85_50,20,37385.333333333336,2031,MFT AL 50% - ASPY85 - 50%,#fb8072,0,50.0,004
074-mft-AL_50-ASPY85_50,21,35937.27777777778,2031,MFT AL 50% - ASPY85 - 50%,#fb8072,0,50.0,004
074-mft-AL_50-ASPY85_50,22,36100.555555555555,2031,MFT AL 50% - ASPY85 - 50%,#fb8072,0,50.0,004
074-mft-AL_50-ASPY85_50,23,35217.333333333336,2031,MFT AL 50% - ASPY85 - 50%,#fb8072,0,50.0,004
074-mft-AL_50-ASPY85_50,24,37892.27777777778,2031,MFT AL 50% - ASPY85 - 50%,#fb8072,0,50.0,004
074-mft-AL_50-ASPY85_50,25,38304.444444444445,2031,MFT AL 50% - ASPY85 - 50%,#fb8072,0,50.0,004
074-mft-AL_50-ASPY85_50,26,36167.27777777778,2031,MFT AL 50% - ASPY85 - 50%,#fb8072,0,50.0,004
074-mft-AL_50-ASPY85_50,27,36212.0,2031,MFT AL 50% - ASPY85 - 50%,#fb8072,0,50.0,004
074-mft-AL_50-ASPY85_50,28,36411.166666666664,2031,MFT AL 50% - ASPY85 - 50%,#fb8072,0,50.0,004
074-mft-AL_50-ASPY85_50,29,36737.72222222222,2031,MFT AL 50% - ASPY85 - 50%,#fb8072,0,50.0,004
074-mft-AL_50-ASPY85_50,30,37163.166666666664,2031,MFT AL 50% - ASPY85 - 50%,#fb8072,0,50.0,004
074-mft-AL_50-ASPY85_50,31,37406.555555555555,2031,MFT AL 50% - ASPY85 - 50%,#fb8072,0,50.0,004
074-mft-AL_50-ASPY85_50,32,36420.88888888889,2031,MFT AL 50% - ASPY85 - 50%,#fb8072,0,50.0,004
074-mft-AL_50-ASPY85_50,33,37761.666666666664,2031,MFT AL 50% - ASPY85 - 50%,#fb8072,0,50.0,004
074-mft-AL_50-ASPY85_50,34,37277.055555555555,2031,MFT AL 50% - ASPY85 - 50%,#fb8072,0,50.0,004
074-mft-AL_50-ASPY85_50,35,36396.77777777778,2031,MFT AL 50% - ASPY85 - 50%,#fb8072,0,50.0,004
074-mft-AL_50-ASPY85_50,36,35676.0,2031,MFT AL 50% - ASPY85 - 50%,#fb8072,0,50.0,004
074-mft-AL_50-ASPY85_50,37,35617.833333333336,2031,MFT AL 50% - ASPY85 - 50%,#fb8072,0,50.0,004
074-mft-AL_50-ASPY85_50,38,36412.944444444445,2031,MFT AL 50% - ASPY85 - 50%,#fb8072,0,50.0,004
074-mft-AL_50-ASPY85_50,39,35519.38888888889,2031,MFT AL 50% - ASPY85 - 50%,#fb8072,0,50.0,004
074-mft-AL_50-ASPY85_50,40,36796.0,2031,MFT AL 50% - ASPY85 - 50%,#fb8072,0,50.0,004
074-mft-AL_50-ASPY85_50,41,37896.88888888889,2031,MFT AL 50% - ASPY85 - 50%,#fb8072,0,50.0,004
074-mft-AL_50-ASPY85_50,42,36633.27777777778,2031,MFT AL 50% - ASPY85 - 50%,#fb8072,0,50.0,004
074-mft-AL_50-ASPY85_50,43,34177.055555555555,2031,MFT AL 50% - ASPY85 - 50%,#fb8072,0,50.0,004
074-mft-AL_50-ASPY85_50,44,35927.0,2031,MFT AL 50% - ASPY85 - 50%,#fb8072,0,50.0,004
074-mft-AL_50-ASPY85_50,45,38478.77777777778,2031,MFT AL 50% - ASPY85 - 50%,#fb8072,0,50.0,004
074-mft-AL_50-ASPY85_50,46,37455.555555555555,2031,MFT AL 50% - ASPY85 - 50%,#fb8072,0,50.0,004
074-mft-AL_50-ASPY85_50,47,36093.77777777778,2031,MFT AL 50% - ASPY85 - 50%,#fb8072,0,50.0,004
074-mft-AL_50-ASPY85_50,48,36002.833333333336,2031,MFT AL 50% - ASPY85 - 50%,#fb8072,0,50.0,004
074-mft-AL_50-ASPY85_50,49,36569.944444444445,2031,MFT AL 50% - ASPY85 - 50%,#fb8072,0,50.0,004
074-mft-AL_50-ASPY85_50,50,37917.22222222222,2031,MFT AL 50% - ASPY85 - 50%,#fb8072,0,50.0,004
074-mft-AL_50-ASPY85_50,51,37220.22222222222,2031,MFT AL 50% - ASPY85 - 50%,#fb8072,0,50.0,004
074-mft-AL_50-ASPY85_50,52,35779.61111111111,2031,MFT AL 50% - ASPY85 - 50%,#fb8072,0,50.0,004
074-mft-AL_50-ASPY85_50,53,36866.333333333336,2031,MFT AL 50% - ASPY85 - 50%,#fb8072,0,50.0,004
074-mft-AL_50-ASPY85_50,54,35863.833333333336,2031,MFT AL 50% - ASPY85 - 50%,#fb8072,0,50.0,004
074-mft-AL_50-ASPY85_50,55,36057.5,2031,MFT AL 50% - ASPY85 - 50%,#fb8072,0,50.0,004
074-mft-AL_50-ASPY85_50,56,37391.11111111111,2031,MFT AL 50% - ASPY85 - 50%,#fb8072,0,50.0,004
074-mft-AL_50-ASPY85_50,57,35588.88888888889,2031,MFT AL 50% - ASPY85 - 50%,#fb8072,0,50.0,004
074-mft-AL_50-ASPY85_50,58,36688.444444444445,2031,MFT AL 50% - ASPY85 - 50%,#fb8072,0,50.0,004
074-mft-AL_50-ASPY85_50,59,35828.444444444445,2031,MFT AL 50% - ASPY85 - 50%,#fb8072,0,50.0,004
074-mft-AL_50-ASPY85_50,60,38601.666666666664,2031,MFT AL 50% - ASPY85 - 50%,#fb8072,0,50.0,004
074-mft-AL_50-ASPY85_50,61,35903.444444444445,2031,MFT AL 50% - ASPY85 - 50%,#fb8072,0,50.0,004
074-mft-AL_50-ASPY85_50,62,34558.77777777778,2031,MFT AL 50% - ASPY85 - 50%,#fb8072,0,50.0,004
074-mft-AL_50-ASPY85_50,63,36301.833333333336,2031,MFT AL 50% - ASPY85 - 50%,#fb8072,0,50.0,004
074-mft-AL_50-ASPY85_50,64,36645.5,2031,MFT AL 50% - ASPY85 - 50%,#fb8072,0,50.0,004
074-mft-AL_50-ASPY85_50,65,36242.72222222222,2031,MFT AL 50% - ASPY85 - 50%,#fb8072,0,50.0,004
074-mft-AL_50-ASPY85_50,66,37821.166666666664,2031,MFT AL 50% - ASPY85 - 50%,#fb8072,0,50.0,004
074-mft-AL_50-ASPY85_50,67,35666.88888888889,2031,MFT AL 50% - ASPY85 - 50%,#fb8072,0,50.0,004
074-mft-AL_50-ASPY85_50,68,35415.22222222222,2031,MFT AL 50% - ASPY85 - 50%,#fb8072,0,50.0,004
074-mft-AL_50-ASPY85_50,69,36313.5,2031,MFT AL 50% - ASPY85 - 50%,#fb8072,0,50.0,004
074-mft-AL_50-ASPY85_50,70,35243.0,2031,MFT AL 50% - ASPY85 - 50%,#fb8072,0,50.0,004
074-mft-AL_50-ASPY85_50,71,35650.72222222222,2031,MFT AL 50% - ASPY85 - 50%,#fb8072,0,50.0,004
074-mft-AL_50-ASPY85_50,72,36694.22222222222,2031,MFT AL 50% - ASPY85 - 50%,#fb8072,0,50.0,004
074-mft-AL_50-ASPY85_50,73,34893.444444444445,2031,MFT AL 50% - ASPY85 - 50%,#fb8072,0,50.0,004
074-mft-AL_50-ASPY85_50,74,36134.22222222222,2031,MFT AL 50% - ASPY85 - 50%,#fb8072,0,50.0,004
074-mft-AL_50-ASPY85_50,75,37133.22222222222,2031,MFT AL 50% - ASPY85 - 50%,#fb8072,0,50.0,004
074-mft-AL_50-ASPY85_50,76,37398.333333333336,2031,MFT AL 50% - ASPY85 - 50%,#fb8072,0,50.0,004
074-mft-AL_50-ASPY85_50,77,36062.833333333336,2031,MFT AL 50% - ASPY85 - 50%,#fb8072,0,50.0,004
074-mft-AL_50-ASPY85_50,78,36106.5,2031,MFT AL 50% - ASPY85 - 50%,#fb8072,0,50.0,004
074-mft-AL_50-ASPY85_50,79,36197.27777777778,2031,MFT AL 50% - ASPY85 - 50%,#fb8072,0,50.0,004
074-mft-AL_50-ASPY85_50,80,36216.11111111111,2031,MFT AL 50% - ASPY85 - 50%,#fb8072,0,50.0,004
074-mft-AL_50-ASPY85_50,81,36892.166666666664,2031,MFT AL 50% - ASPY85 - 50%,#fb8072,0,50.0,004
074-mft-AL_50-ASPY85_50,82,36785.444444444445,2031,MFT AL 50% - ASPY85 - 50%,#fb8072,0,50.0,004
074-mft-AL_50-ASPY85_50,83,35062.27777777778,2031,MFT AL 50% - ASPY85 - 50%,#fb8072,0,50.0,004
074-mft-AL_50-ASPY85_50,84,35086.333333333336,2031,MFT AL 50% - ASPY85 - 50%,#fb8072,0,50.0,004
074-mft-AL_50-ASPY85_50,85,37117.166666666664,2031,MFT AL 50% - ASPY85 - 50%,#fb8072,0,50.0,004
074-mft-AL_50-ASPY85_50,86,35889.72222222222,2031,MFT AL 50% - ASPY85 - 50%,#fb8072,0,50.0,004
074-mft-AL_50-ASPY85_50,87,37028.77777777778,2031,MFT AL 50% - ASPY85 - 50%,#fb8072,0,50.0,004
074-mft-AL_50-ASPY85_50,88,35868.22222222222,2031,MFT AL 50% - ASPY85 - 50%,#fb8072,0,50.0,004
074-mft-AL_50-ASPY85_50,89,36156.944444444445,2031,MFT AL 50% - ASPY85 - 50%,#fb8072,0,50.0,004
074-mft-AL_50-ASPY85_50,90,36582.72222222222,2031,MFT AL 50% - ASPY85 - 50%,#fb8072,0,50.0,004
074-mft-AL_50-ASPY85_50,91,36077.88888888889,2031,MFT AL 50% - ASPY85 - 50%,#fb8072,0,50.0,004
074-mft-AL_50-ASPY85_50,92,36662.166666666664,2031,MFT AL 50% - ASPY85 - 50%,#fb8072,0,50.0,004
074-mft-AL_50-ASPY85_50,93,36844.444444444445,2031,MFT AL 50% - ASPY85 - 50%,#fb8072,0,50.0,004
074-mft-AL_50-ASPY85_50,94,37541.5,2031,MFT AL 50% - ASPY85 - 50%,#fb8072,0,50.0,004
074-mft-AL_50-ASPY85_50,95,35883.88888888889,2031,MFT AL 50% - ASPY85 - 50%,#fb8072,0,50.0,004
074-mft-AL_50-ASPY85_50,96,36691.61111111111,2031,MFT AL 50% - ASPY85 - 50%,#fb8072,0,50.0,004
074-mft-AL_50-ASPY85_50,97,35450.27777777778,2031,MFT AL 50% - ASPY85 - 50%,#fb8072,0,50.0,004
074-mft-AL_50-ASPY85_50,98,36114.555555555555,2031,MFT AL 50% - ASPY85 - 50%,#fb8072,0,50.0,004
074-mft-AL_50-ASPY85_50,99,36162.22222222222,2031,MFT AL 50% - ASPY85 - 50%,#fb8072,0,50.0,004
075-mft-AL_50-ASPY75_50,0,36793.72222222222,2031,MFT AL 50% - ASPY75 - 50%,#fb8072,0,50.0,004
075-mft-AL_50-ASPY75_50,1,35726.833333333336,2031,MFT AL 50% - ASPY75 - 50%,#fb8072,0,50.0,004
075-mft-AL_50-ASPY75_50,2,36964.5,2031,MFT AL 50% - ASPY75 - 50%,#fb8072,0,50.0,004
075-mft-AL_50-ASPY75_50,3,36827.555555555555,2031,MFT AL 50% - ASPY75 - 50%,#fb8072,0,50.0,004
075-mft-AL_50-ASPY75_50,4,36764.5,2031,MFT AL 50% - ASPY75 - 50%,#fb8072,0,50.0,004
075-mft-AL_50-ASPY75_50,5,35805.27777777778,2031,MFT AL 50% - ASPY75 - 50%,#fb8072,0,50.0,004
075-mft-AL_50-ASPY75_50,6,35867.333333333336,2031,MFT AL 50% - ASPY75 - 50%,#fb8072,0,50.0,004
075-mft-AL_50-ASPY75_50,7,37084.0,2031,MFT AL 50% - ASPY75 - 50%,#fb8072,0,50.0,004
075-mft-AL_50-ASPY75_50,8,37585.72222222222,2031,MFT AL 50% - ASPY75 - 50%,#fb8072,0,50.0,004
075-mft-AL_50-ASPY75_50,9,37906.833333333336,2031,MFT AL 50% - ASPY75 - 50%,#fb8072,0,50.0,004
075-mft-AL_50-ASPY75_50,10,37787.38888888889,2031,MFT AL 50% - ASPY75 - 50%,#fb8072,0,50.0,004
075-mft-AL_50-ASPY75_50,11,35997.72222222222,2031,MFT AL 50% - ASPY75 - 50%,#fb8072,0,50.0,004
075-mft-AL_50-ASPY75_50,12,37707.555555555555,2031,MFT AL 50% - ASPY75 - 50%,#fb8072,0,50.0,004
075-mft-AL_50-ASPY75_50,13,36692.38888888889,2031,MFT AL 50% - ASPY75 - 50%,#fb8072,0,50.0,004
075-mft-AL_50-ASPY75_50,14,35923.27777777778,2031,MFT AL 50% - ASPY75 - 50%,#fb8072,0,50.0,004
075-mft-AL_50-ASPY75_50,15,37660.444444444445,2031,MFT AL 50% - ASPY75 - 50%,#fb8072,0,50.0,004
075-mft-AL_50-ASPY75_50,16,36592.833333333336,2031,MFT AL 50% - ASPY75 - 50%,#fb8072,0,50.0,004
075-mft-AL_50-ASPY75_50,17,35522.38888888889,2031,MFT AL 50% - ASPY75 - 50%,#fb8072,0,50.0,004
075-mft-AL_50-ASPY75_50,18,36932.0,2031,MFT AL 50% - ASPY75 - 50%,#fb8072,0,50.0,004
075-mft-AL_50-ASPY75_50,19,36489.944444444445,2031,MFT AL 50% - ASPY75 - 50%,#fb8072,0,50.0,004
075-mft-AL_50-ASPY75_50,20,35362.88888888889,2031,MFT AL 50% - ASPY75 - 50%,#fb8072,0,50.0,004
075-mft-AL_50-ASPY75_50,21,36253.88888888889,2031,MFT AL 50% - ASPY75 - 50%,#fb8072,0,50.0,004
075-mft-AL_50-ASPY75_50,22,38764.666666666664,2031,MFT AL 50% - ASPY75 - 50%,#fb8072,0,50.0,004
075-mft-AL_50-ASPY75_50,23,35864.444444444445,2031,MFT AL 50% - ASPY75 - 50%,#fb8072,0,50.0,004
075-mft-AL_50-ASPY75_50,24,36464.38888888889,2031,MFT AL 50% - ASPY75 - 50%,#fb8072,0,50.0,004
075-mft-AL_50-ASPY75_50,25,37024.944444444445,2031,MFT AL 50% - ASPY75 - 50%,#fb8072,0,50.0,004
075-mft-AL_50-ASPY75_50,26,36116.61111111111,2031,MFT AL 50% - ASPY75 - 50%,#fb8072,0,50.0,004
075-mft-AL_50-ASPY75_50,27,35793.333333333336,2031,MFT AL 50% - ASPY75 - 50%,#fb8072,0,50.0,004
075-mft-AL_50-ASPY75_50,28,37265.166666666664,2031,MFT AL 50% - ASPY75 - 50%,#fb8072,0,50.0,004
075-mft-AL_50-ASPY75_50,29,35485.88888888889,2031,MFT AL 50% - ASPY75 - 50%,#fb8072,0,50.0,004
075-mft-AL_50-ASPY75_50,30,35461.0,2031,MFT AL 50% - ASPY75 - 50%,#fb8072,0,50.0,004
075-mft-AL_50-ASPY75_50,31,35462.77777777778,2031,MFT AL 50% - ASPY75 - 50%,#fb8072,0,50.0,004
075-mft-AL_50-ASPY75_50,32,37551.666666666664,2031,MFT AL 50% - ASPY75 - 50%,#fb8072,0,50.0,004
075-mft-AL_50-ASPY75_50,33,36825.11111111111,2031,MFT AL 50% - ASPY75 - 50%,#fb8072,0,50.0,004
075-mft-AL_50-ASPY75_50,34,37309.444444444445,2031,MFT AL 50% - ASPY75 - 50%,#fb8072,0,50.0,004
075-mft-AL_50-ASPY75_50,35,36944.666666666664,2031,MFT AL 50% - ASPY75 - 50%,#fb8072,0,50.0,004
075-mft-AL_50-ASPY75_50,36,36101.833333333336,2031,MFT AL 50% - ASPY75 - 50%,#fb8072,0,50.0,004
075-mft-AL_50-ASPY75_50,37,38150.5,2031,MFT AL 50% - ASPY75 - 50%,#fb8072,0,50.0,004
075-mft-AL_50-ASPY75_50,38,34946.055555555555,2031,MFT AL 50% - ASPY75 - 50%,#fb8072,0,50.0,004
075-mft-AL_50-ASPY75_50,39,35604.22222222222,2031,MFT AL 50% - ASPY75 - 50%,#fb8072,0,50.0,004
075-mft-AL_50-ASPY75_50,40,36274.38888888889,2031,MFT AL 50% - ASPY75 - 50%,#fb8072,0,50.0,004
075-mft-AL_50-ASPY75_50,41,36388.666666666664,2031,MFT AL 50% - ASPY75 - 50%,#fb8072,0,50.0,004
075-mft-AL_50-ASPY75_50,42,38398.11111111111,2031,MFT AL 50% - ASPY75 - 50%,#fb8072,0,50.0,004
075-mft-AL_50-ASPY75_50,43,39569.61111111111,2031,MFT AL 50% - ASPY75 - 50%,#fb8072,0,50.0,004
075-mft-AL_50-ASPY75_50,44,36024.166666666664,2031,MFT AL 50% - ASPY75 - 50%,#fb8072,0,50.0,004
075-mft-AL_50-ASPY75_50,45,36356.11111111111,2031,MFT AL 50% - ASPY75 - 50%,#fb8072,0,50.0,004
075-mft-AL_50-ASPY75_50,46,36209.055555555555,2031,MFT AL 50% - ASPY75 - 50%,#fb8072,0,50.0,004
075-mft-AL_50-ASPY75_50,47,36066.333333333336,2031,MFT AL 50% - ASPY75 - 50%,#fb8072,0,50.0,004
075-mft-AL_50-ASPY75_50,48,36206.055555555555,2031,MFT AL 50% - ASPY75 - 50%,#fb8072,0,50.0,004
075-mft-AL_50-ASPY75_50,49,37589.38888888889,2031,MFT AL 50% - ASPY75 - 50%,#fb8072,0,50.0,004
075-mft-AL_50-ASPY75_50,50,35195.166666666664,2031,MFT AL 50% - ASPY75 - 50%,#fb8072,0,50.0,004
075-mft-AL_50-ASPY75_50,51,38443.055555555555,2031,MFT AL 50% - ASPY75 - 50%,#fb8072,0,50.0,004
075-mft-AL_50-ASPY75_50,52,36089.61111111111,2031,MFT AL 50% - ASPY75 - 50%,#fb8072,0,50.0,004
075-mft-AL_50-ASPY75_50,53,35249.11111111111,2031,MFT AL 50% - ASPY75 - 50%,#fb8072,0,50.0,004
075-mft-AL_50-ASPY75_50,54,36120.5,2031,MFT AL 50% - ASPY75 - 50%,#fb8072,0,50.0,004
075-mft-AL_50-ASPY75_50,55,36543.944444444445,2031,MFT AL 50% - ASPY75 - 50%,#fb8072,0,50.0,004
075-mft-AL_50-ASPY75_50,56,36885.5,2031,MFT AL 50% - ASPY75 - 50%,#fb8072,0,50.0,004
075-mft-AL_50-ASPY75_50,57,36461.444444444445,2031,MFT AL 50% - ASPY75 - 50%,#fb8072,0,50.0,004
075-mft-AL_50-ASPY75_50,58,36693.666666666664,2031,MFT AL 50% - ASPY75 - 50%,#fb8072,0,50.0,004
075-mft-AL_50-ASPY75_50,59,37194.27777777778,2031,MFT AL 50% - ASPY75 - 50%,#fb8072,0,50.0,004
075-mft-AL_50-ASPY75_50,60,37918.444444444445,2031,MFT AL 50% - ASPY75 - 50%,#fb8072,0,50.0,004
075-mft-AL_50-ASPY75_50,61,38705.38888888889,2031,MFT AL 50% - ASPY75 - 50%,#fb8072,0,50.0,004
075-mft-AL_50-ASPY75_50,62,37064.38888888889,2031,MFT AL 50% - ASPY75 - 50%,#fb8072,0,50.0,004
075-mft-AL_50-ASPY75_50,63,36817.5,2031,MFT AL 50% - ASPY75 - 50%,#fb8072,0,50.0,004
075-mft-AL_50-ASPY75_50,64,34944.055555555555,2031,MFT AL 50% - ASPY75 - 50%,#fb8072,0,50.0,004
075-mft-AL_50-ASPY75_50,65,36079.555555555555,2031,MFT AL 50% - ASPY75 - 50%,#fb8072,0,50.0,004
075-mft-AL_50-ASPY75_50,66,37381.666666666664,2031,MFT AL 50% - ASPY75 - 50%,#fb8072,0,50.0,004
075-mft-AL_50-ASPY75_50,67,37292.833333333336,2031,MFT AL 50% - ASPY75 - 50%,#fb8072,0,50.0,004
075-mft-AL_50-ASPY75_50,68,35528.055555555555,2031,MFT AL 50% - ASPY75 - 50%,#fb8072,0,50.0,004
075-mft-AL_50-ASPY75_50,69,37430.88888888889,2031,MFT AL 50% - ASPY75 - 50%,#fb8072,0,50.0,004
075-mft-AL_50-ASPY75_50,70,35849.5,2031,MFT AL 50% - ASPY75 - 50%,#fb8072,0,50.0,004
075-mft-AL_50-ASPY75_50,71,38029.333333333336,2031,MFT AL 50% - ASPY75 - 50%,#fb8072,0,50.0,004
075-mft-AL_50-ASPY75_50,72,36134.11111111111,2031,MFT AL 50% - ASPY75 - 50%,#fb8072,0,50.0,004
075-mft-AL_50-ASPY75_50,73,36466.11111111111,2031,MFT AL 50% - ASPY75 - 50%,#fb8072,0,50.0,004
075-mft-AL_50-ASPY75_50,74,36573.166666666664,2031,MFT AL 50% - ASPY75 - 50%,#fb8072,0,50.0,004
075-mft-AL_50-ASPY75_50,75,36336.666666666664,2031,MFT AL 50% - ASPY75 - 50%,#fb8072,0,50.0,004
075-mft-AL_50-ASPY75_50,76,36579.166666666664,2031,MFT AL 50% - ASPY75 - 50%,#fb8072,0,50.0,004
075-mft-AL_50-ASPY75_50,77,36973.055555555555,2031,MFT AL 50% - ASPY75 - 50%,#fb8072,0,50.0,004
075-mft-AL_50-ASPY75_50,78,36937.88888888889,2031,MFT AL 50% - ASPY75 - 50%,#fb8072,0,50.0,004
075-mft-AL_50-ASPY75_50,79,37720.444444444445,2031,MFT AL 50% - ASPY75 - 50%,#fb8072,0,50.0,004
075-mft-AL_50-ASPY75_50,80,36372.77777777778,2031,MFT AL 50% - ASPY75 - 50%,#fb8072,0,50.0,004
075-mft-AL_50-ASPY75_50,81,35843.38888888889,2031,MFT AL 50% - ASPY75 - 50%,#fb8072,0,50.0,004
075-mft-AL_50-ASPY75_50,82,37767.61111111111,2031,MFT AL 50% - ASPY75 - 50%,#fb8072,0,50.0,004
075-mft-AL_50-ASPY75_50,83,36816.833333333336,2031,MFT AL 50% - ASPY75 - 50%,#fb8072,0,50.0,004
075-mft-AL_50-ASPY75_50,84,35769.055555555555,2031,MFT AL 50% - ASPY75 - 50%,#fb8072,0,50.0,004
075-mft-AL_50-ASPY75_50,85,36998.166666666664,2031,MFT AL 50% - ASPY75 - 50%,#fb8072,0,50.0,004
075-mft-AL_50-ASPY75_50,86,36822.5,2031,MFT AL 50% - ASPY75 - 50%,#fb8072,0,50.0,004
075-mft-AL_50-ASPY75_50,87,36116.944444444445,2031,MFT AL 50% - ASPY75 - 50%,#fb8072,0,50.0,004
075-mft-AL_50-ASPY75_50,88,35506.333333333336,2031,MFT AL 50% - ASPY75 - 50%,#fb8072,0,50.0,004
075-mft-AL_50-ASPY75_50,89,37744.444444444445,2031,MFT AL 50% - ASPY75 - 50%,#fb8072,0,50.0,004
075-mft-AL_50-ASPY75_50,90,35711.944444444445,2031,MFT AL 50% - ASPY75 - 50%,#fb8072,0,50.0,004
075-mft-AL_50-ASPY75_50,91,37517.61111111111,2031,MFT AL 50% - ASPY75 - 50%,#fb8072,0,50.0,004
075-mft-AL_50-ASPY75_50,92,38419.944444444445,2031,MFT AL 50% - ASPY75 - 50%,#fb8072,0,50.0,004
075-mft-AL_50-ASPY75_50,93,35396.555555555555,2031,MFT AL 50% - ASPY75 - 50%,#fb8072,0,50.0,004
075-mft-AL_50-ASPY75_50,94,36415.77777777778,2031,MFT AL 50% - ASPY75 - 50%,#fb8072,0,50.0,004
075-mft-AL_50-ASPY75_50,95,37634.77777777778,2031,MFT AL 50% - ASPY75 - 50%,#fb8072,0,50.0,004
075-mft-AL_50-ASPY75_50,96,36197.444444444445,2031,MFT AL 50% - ASPY75 - 50%,#fb8072,0,50.0,004
075-mft-AL_50-ASPY75_50,97,37016.38888888889,2031,MFT AL 50% - ASPY75 - 50%,#fb8072,0,50.0,004
075-mft-AL_50-ASPY75_50,98,37171.055555555555,2031,MFT AL 50% - ASPY75 - 50%,#fb8072,0,50.0,004
075-mft-AL_50-ASPY75_50,99,35966.333333333336,2031,MFT AL 50% - ASPY75 - 50%,#fb8072,0,50.0,004
076-mft-AL_50-ASPY65_50,0,37180.11111111111,2031,MFT AL 50% - ASPY65 - 50%,#fb8072,0,50.0,004
076-mft-AL_50-ASPY65_50,1,35875.333333333336,2031,MFT AL 50% - ASPY65 - 50%,#fb8072,0,50.0,004
076-mft-AL_50-ASPY65_50,2,38637.833333333336,2031,MFT AL 50% - ASPY65 - 50%,#fb8072,0,50.0,004
076-mft-AL_50-ASPY65_50,3,36771.38888888889,2031,MFT AL 50% - ASPY65 - 50%,#fb8072,0,50.0,004
076-mft-AL_50-ASPY65_50,4,39893.0,2031,MFT AL 50% - ASPY65 - 50%,#fb8072,0,50.0,004
076-mft-AL_50-ASPY65_50,5,35967.833333333336,2031,MFT AL 50% - ASPY65 - 50%,#fb8072,0,50.0,004
076-mft-AL_50-ASPY65_50,6,36025.833333333336,2031,MFT AL 50% - ASPY65 - 50%,#fb8072,0,50.0,004
076-mft-AL_50-ASPY65_50,7,37035.833333333336,2031,MFT AL 50% - ASPY65 - 50%,#fb8072,0,50.0,004
076-mft-AL_50-ASPY65_50,8,36342.72222222222,2031,MFT AL 50% - ASPY65 - 50%,#fb8072,0,50.0,004
076-mft-AL_50-ASPY65_50,9,37624.666666666664,2031,MFT AL 50% - ASPY65 - 50%,#fb8072,0,50.0,004
076-mft-AL_50-ASPY65_50,10,36387.166666666664,2031,MFT AL 50% - ASPY65 - 50%,#fb8072,0,50.0,004
076-mft-AL_50-ASPY65_50,11,36366.22222222222,2031,MFT AL 50% - ASPY65 - 50%,#fb8072,0,50.0,004
076-mft-AL_50-ASPY65_50,12,36288.555555555555,2031,MFT AL 50% - ASPY65 - 50%,#fb8072,0,50.0,004
076-mft-AL_50-ASPY65_50,13,38505.555555555555,2031,MFT AL 50% - ASPY65 - 50%,#fb8072,0,50.0,004
076-mft-AL_50-ASPY65_50,14,36316.77777777778,2031,MFT AL 50% - ASPY65 - 50%,#fb8072,0,50.0,004
076-mft-AL_50-ASPY65_50,15,36695.27777777778,2031,MFT AL 50% - ASPY65 - 50%,#fb8072,0,50.0,004
076-mft-AL_50-ASPY65_50,16,37959.88888888889,2031,MFT AL 50% - ASPY65 - 50%,#fb8072,0,50.0,004
076-mft-AL_50-ASPY65_50,17,36281.833333333336,2031,MFT AL 50% - ASPY65 - 50%,#fb8072,0,50.0,004
076-mft-AL_50-ASPY65_50,18,35862.61111111111,2031,MFT AL 50% - ASPY65 - 50%,#fb8072,0,50.0,004
076-mft-AL_50-ASPY65_50,19,35438.833333333336,2031,MFT AL 50% - ASPY65 - 50%,#fb8072,0,50.0,004
076-mft-AL_50-ASPY65_50,20,37136.0,2031,MFT AL 50% - ASPY65 - 50%,#fb8072,0,50.0,004
076-mft-AL_50-ASPY65_50,21,36960.0,2031,MFT AL 50% - ASPY65 - 50%,#fb8072,0,50.0,004
076-mft-AL_50-ASPY65_50,22,37389.27777777778,2031,MFT AL 50% - ASPY65 - 50%,#fb8072,0,50.0,004
076-mft-AL_50-ASPY65_50,23,37355.61111111111,2031,MFT AL 50% - ASPY65 - 50%,#fb8072,0,50.0,004
076-mft-AL_50-ASPY65_50,24,35958.5,2031,MFT AL 50% - ASPY65 - 50%,#fb8072,0,50.0,004
076-mft-AL_50-ASPY65_50,25,36835.77777777778,2031,MFT AL 50% - ASPY65 - 50%,#fb8072,0,50.0,004
076-mft-AL_50-ASPY65_50,26,37047.72222222222,2031,MFT AL 50% - ASPY65 - 50%,#fb8072,0,50.0,004
076-mft-AL_50-ASPY65_50,27,36464.61111111111,2031,MFT AL 50% - ASPY65 - 50%,#fb8072,0,50.0,004
076-mft-AL_50-ASPY65_50,28,36548.833333333336,2031,MFT AL 50% - ASPY65 - 50%,#fb8072,0,50.0,004
076-mft-AL_50-ASPY65_50,29,36475.88888888889,2031,MFT AL 50% - ASPY65 - 50%,#fb8072,0,50.0,004
076-mft-AL_50-ASPY65_50,30,35611.055555555555,2031,MFT AL 50% - ASPY65 - 50%,#fb8072,0,50.0,004
076-mft-AL_50-ASPY65_50,31,35792.833333333336,2031,MFT AL 50% - ASPY65 - 50%,#fb8072,0,50.0,004
076-mft-AL_50-ASPY65_50,32,36676.11111111111,2031,MFT AL 50% - ASPY65 - 50%,#fb8072,0,50.0,004
076-mft-AL_50-ASPY65_50,33,36031.61111111111,2031,MFT AL 50% - ASPY65 - 50%,#fb8072,0,50.0,004
076-mft-AL_50-ASPY65_50,34,37131.27777777778,2031,MFT AL 50% - ASPY65 - 50%,#fb8072,0,50.0,004
076-mft-AL_50-ASPY65_50,35,37041.333333333336,2031,MFT AL 50% - ASPY65 - 50%,#fb8072,0,50.0,004
076-mft-AL_50-ASPY65_50,36,36649.444444444445,2031,MFT AL 50% - ASPY65 - 50%,#fb8072,0,50.0,004
076-mft-AL_50-ASPY65_50,37,37014.555555555555,2031,MFT AL 50% - ASPY65 - 50%,#fb8072,0,50.0,004
076-mft-AL_50-ASPY65_50,38,37063.333333333336,2031,MFT AL 50% - ASPY65 - 50%,#fb8072,0,50.0,004
076-mft-AL_50-ASPY65_50,39,36085.055555555555,2031,MFT AL 50% - ASPY65 - 50%,#fb8072,0,50.0,004
076-mft-AL_50-ASPY65_50,40,36580.11111111111,2031,MFT AL 50% - ASPY65 - 50%,#fb8072,0,50.0,004
076-mft-AL_50-ASPY65_50,41,38363.5,2031,MFT AL 50% - ASPY65 - 50%,#fb8072,0,50.0,004
076-mft-AL_50-ASPY65_50,42,35310.38888888889,2031,MFT AL 50% - ASPY65 - 50%,#fb8072,0,50.0,004
076-mft-AL_50-ASPY65_50,43,35283.555555555555,2031,MFT AL 50% - ASPY65 - 50%,#fb8072,0,50.0,004
076-mft-AL_50-ASPY65_50,44,36418.333333333336,2031,MFT AL 50% - ASPY65 - 50%,#fb8072,0,50.0,004
076-mft-AL_50-ASPY65_50,45,37001.5,2031,MFT AL 50% - ASPY65 - 50%,#fb8072,0,50.0,004
076-mft-AL_50-ASPY65_50,46,37092.0,2031,MFT AL 50% - ASPY65 - 50%,#fb8072,0,50.0,004
076-mft-AL_50-ASPY65_50,47,36774.5,2031,MFT AL 50% - ASPY65 - 50%,#fb8072,0,50.0,004
076-mft-AL_50-ASPY65_50,48,35730.833333333336,2031,MFT AL 50% - ASPY65 - 50%,#fb8072,0,50.0,004
076-mft-AL_50-ASPY65_50,49,36413.555555555555,2031,MFT AL 50% - ASPY65 - 50%,#fb8072,0,50.0,004
076-mft-AL_50-ASPY65_50,50,36912.38888888889,2031,MFT AL 50% - ASPY65 - 50%,#fb8072,0,50.0,004
076-mft-AL_50-ASPY65_50,51,36713.61111111111,2031,MFT AL 50% - ASPY65 - 50%,#fb8072,0,50.0,004
076-mft-AL_50-ASPY65_50,52,35299.333333333336,2031,MFT AL 50% - ASPY65 - 50%,#fb8072,0,50.0,004
076-mft-AL_50-ASPY65_50,53,36592.166666666664,2031,MFT AL 50% - ASPY65 - 50%,#fb8072,0,50.0,004
076-mft-AL_50-ASPY65_50,54,37096.944444444445,2031,MFT AL 50% - ASPY65 - 50%,#fb8072,0,50.0,004
076-mft-AL_50-ASPY65_50,55,36764.444444444445,2031,MFT AL 50% - ASPY65 - 50%,#fb8072,0,50.0,004
076-mft-AL_50-ASPY65_50,56,36494.11111111111,2031,MFT AL 50% - ASPY65 - 50%,#fb8072,0,50.0,004
076-mft-AL_50-ASPY65_50,57,39368.833333333336,2031,MFT AL 50% - ASPY65 - 50%,#fb8072,0,50.0,004
076-mft-AL_50-ASPY65_50,58,36799.055555555555,2031,MFT AL 50% - ASPY65 - 50%,#fb8072,0,50.0,004
076-mft-AL_50-ASPY65_50,59,37044.61111111111,2031,MFT AL 50% - ASPY65 - 50%,#fb8072,0,50.0,004
076-mft-AL_50-ASPY65_50,60,35677.27777777778,2031,MFT AL 50% - ASPY65 - 50%,#fb8072,0,50.0,004
076-mft-AL_50-ASPY65_50,61,36171.0,2031,MFT AL 50% - ASPY65 - 50%,#fb8072,0,50.0,004
076-mft-AL_50-ASPY65_50,62,37562.77777777778,2031,MFT AL 50% - ASPY65 - 50%,#fb8072,0,50.0,004
076-mft-AL_50-ASPY65_50,63,36079.88888888889,2031,MFT AL 50% - ASPY65 - 50%,#fb8072,0,50.0,004
076-mft-AL_50-ASPY65_50,64,35693.11111111111,2031,MFT AL 50% - ASPY65 - 50%,#fb8072,0,50.0,004
076-mft-AL_50-ASPY65_50,65,36186.61111111111,2031,MFT AL 50% - ASPY65 - 50%,#fb8072,0,50.0,004
076-mft-AL_50-ASPY65_50,66,38347.38888888889,2031,MFT AL 50% - ASPY65 - 50%,#fb8072,0,50.0,004
076-mft-AL_50-ASPY65_50,67,37275.61111111111,2031,MFT AL 50% - ASPY65 - 50%,#fb8072,0,50.0,004
076-mft-AL_50-ASPY65_50,68,35773.77777777778,2031,MFT AL 50% - ASPY65 - 50%,#fb8072,0,50.0,004
076-mft-AL_50-ASPY65_50,69,36419.77777777778,2031,MFT AL 50% - ASPY65 - 50%,#fb8072,0,50.0,004
076-mft-AL_50-ASPY65_50,70,36091.944444444445,2031,MFT AL 50% - ASPY65 - 50%,#fb8072,0,50.0,004
076-mft-AL_50-ASPY65_50,71,35634.5,2031,MFT AL 50% - ASPY65 - 50%,#fb8072,0,50.0,004
076-mft-AL_50-ASPY65_50,72,36425.22222222222,2031,MFT AL 50% - ASPY65 - 50%,#fb8072,0,50.0,004
076-mft-AL_50-ASPY65_50,73,35142.166666666664,2031,MFT AL 50% - ASPY65 - 50%,#fb8072,0,50.0,004
076-mft-AL_50-ASPY65_50,74,37593.22222222222,2031,MFT AL 50% - ASPY65 - 50%,#fb8072,0,50.0,004
076-mft-AL_50-ASPY65_50,75,36910.11111111111,2031,MFT AL 50% - ASPY65 - 50%,#fb8072,0,50.0,004
076-mft-AL_50-ASPY65_50,76,35430.833333333336,2031,MFT AL 50% - ASPY65 - 50%,#fb8072,0,50.0,004
076-mft-AL_50-ASPY65_50,77,38225.0,2031,MFT AL 50% - ASPY65 - 50%,#fb8072,0,50.0,004
076-mft-AL_50-ASPY65_50,78,37220.555555555555,2031,MFT AL 50% - ASPY65 - 50%,#fb8072,0,50.0,004
076-mft-AL_50-ASPY65_50,79,37606.944444444445,2031,MFT AL 50% - ASPY65 - 50%,#fb8072,0,50.0,004
076-mft-AL_50-ASPY65_50,80,35560.333333333336,2031,MFT AL 50% - ASPY65 - 50%,#fb8072,0,50.0,004
076-mft-AL_50-ASPY65_50,81,35206.555555555555,2031,MFT AL 50% - ASPY65 - 50%,#fb8072,0,50.0,004
076-mft-AL_50-ASPY65_50,82,37139.166666666664,2031,MFT AL 50% - ASPY65 - 50%,#fb8072,0,50.0,004
076-mft-AL_50-ASPY65_50,83,35886.27777777778,2031,MFT AL 50% - ASPY65 - 50%,#fb8072,0,50.0,004
076-mft-AL_50-ASPY65_50,84,37265.0,2031,MFT AL 50% - ASPY65 - 50%,#fb8072,0,50.0,004
076-mft-AL_50-ASPY65_50,85,36438.11111111111,2031,MFT AL 50% - ASPY65 - 50%,#fb8072,0,50.0,004
076-mft-AL_50-ASPY65_50,86,35923.11111111111,2031,MFT AL 50% - ASPY65 - 50%,#fb8072,0,50.0,004
076-mft-AL_50-ASPY65_50,87,36853.555555555555,2031,MFT AL 50% - ASPY65 - 50%,#fb8072,0,50.0,004
076-mft-AL_50-ASPY65_50,88,37619.833333333336,2031,MFT AL 50% - ASPY65 - 50%,#fb8072,0,50.0,004
076-mft-AL_50-ASPY65_50,89,37716.555555555555,2031,MFT AL 50% - ASPY65 - 50%,#fb8072,0,50.0,004
076-mft-AL_50-ASPY65_50,90,39179.5,2031,MFT AL 50% - ASPY65 - 50%,#fb8072,0,50.0,004
076-mft-AL_50-ASPY65_50,91,35617.22222222222,2031,MFT AL 50% - ASPY65 - 50%,#fb8072,0,50.0,004
076-mft-AL_50-ASPY65_50,92,35862.666666666664,2031,MFT AL 50% - ASPY65 - 50%,#fb8072,0,50.0,004
076-mft-AL_50-ASPY65_50,93,37101.72222222222,2031,MFT AL 50% - ASPY65 - 50%,#fb8072,0,50.0,004
076-mft-AL_50-ASPY65_50,94,35496.055555555555,2031,MFT AL 50% - ASPY65 - 50%,#fb8072,0,50.0,004
076-mft-AL_50-ASPY65_50,95,37105.22222222222,2031,MFT AL 50% - ASPY65 - 50%,#fb8072,0,50.0,004
076-mft-AL_50-ASPY65_50,96,35958.11111111111,2031,MFT AL 50% - ASPY65 - 50%,#fb8072,0,50.0,004
076-mft-AL_50-ASPY65_50,97,36966.61111111111,2031,MFT AL 50% - ASPY65 - 50%,#fb8072,0,50.0,004
076-mft-AL_50-ASPY65_50,98,37104.38888888889,2031,MFT AL 50% - ASPY65 - 50%,#fb8072,0,50.0,004
076-mft-AL_50-ASPY65_50,99,36129.61111111111,2031,MFT AL 50% - ASPY65 - 50%,#fb8072,0,50.0,004
077-mft-ASAQ_75-ASPY85_25,0,28097.5,2031,MFT ASAQ 75% - ASPY85 - 25%,#fb8072,0,0.0,004
077-mft-ASAQ_75-ASPY85_25,1,27108.5,2031,MFT ASAQ 75% - ASPY85 - 25%,#fb8072,0,0.0,004
077-mft-ASAQ_75-ASPY85_25,2,27016.666666666668,2031,MFT ASAQ 75% - ASPY85 - 25%,#fb8072,0,0.0,004
077-mft-ASAQ_75-ASPY85_25,3,27159.277777777777,2031,MFT ASAQ 75% - ASPY85 - 25%,#fb8072,0,0.0,004
077-mft-ASAQ_75-ASPY85_25,4,27010.88888888889,2031,MFT ASAQ 75% - ASPY85 - 25%,#fb8072,0,0.0,004
077-mft-ASAQ_75-ASPY85_25,5,27561.944444444445,2031,MFT ASAQ 75% - ASPY85 - 25%,#fb8072,0,0.0,004
077-mft-ASAQ_75-ASPY85_25,6,27955.11111111111,2031,MFT ASAQ 75% - ASPY85 - 25%,#fb8072,0,0.0,004
077-mft-ASAQ_75-ASPY85_25,7,27605.555555555555,2031,MFT ASAQ 75% - ASPY85 - 25%,#fb8072,0,0.0,004
077-mft-ASAQ_75-ASPY85_25,8,27004.944444444445,2031,MFT ASAQ 75% - ASPY85 - 25%,#fb8072,0,0.0,004
077-mft-ASAQ_75-ASPY85_25,9,27563.222222222223,2031,MFT ASAQ 75% - ASPY85 - 25%,#fb8072,0,0.0,004
077-mft-ASAQ_75-ASPY85_25,10,27771.555555555555,2031,MFT ASAQ 75% - ASPY85 - 25%,#fb8072,0,0.0,004
077-mft-ASAQ_75-ASPY85_25,11,27007.11111111111,2031,MFT ASAQ 75% - ASPY85 - 25%,#fb8072,0,0.0,004
077-mft-ASAQ_75-ASPY85_25,12,27118.333333333332,2031,MFT ASAQ 75% - ASPY85 - 25%,#fb8072,0,0.0,004
077-mft-ASAQ_75-ASPY85_25,13,27774.11111111111,2031,MFT ASAQ 75% - ASPY85 - 25%,#fb8072,0,0.0,004
077-mft-ASAQ_75-ASPY85_25,14,29439.666666666668,2031,MFT ASAQ 75% - ASPY85 - 25%,#fb8072,0,0.0,004
077-mft-ASAQ_75-ASPY85_25,15,27486.88888888889,2031,MFT ASAQ 75% - ASPY85 - 25%,#fb8072,0,0.0,004
077-mft-ASAQ_75-ASPY85_25,16,27805.666666666668,2031,MFT ASAQ 75% - ASPY85 - 25%,#fb8072,0,0.0,004
077-mft-ASAQ_75-ASPY85_25,17,28092.944444444445,2031,MFT ASAQ 75% - ASPY85 - 25%,#fb8072,0,0.0,004
077-mft-ASAQ_75-ASPY85_25,18,26923.61111111111,2031,MFT ASAQ 75% - ASPY85 - 25%,#fb8072,0,0.0,004
077-mft-ASAQ_75-ASPY85_25,19,27820.222222222223,2031,MFT ASAQ 75% - ASPY85 - 25%,#fb8072,0,0.0,004
077-mft-ASAQ_75-ASPY85_25,20,27013.444444444445,2031,MFT ASAQ 75% - ASPY85 - 25%,#fb8072,0,0.0,004
077-mft-ASAQ_75-ASPY85_25,21,27927.722222222223,2031,MFT ASAQ 75% - ASPY85 - 25%,#fb8072,0,0.0,004
077-mft-ASAQ_75-ASPY85_25,22,27598.88888888889,2031,MFT ASAQ 75% - ASPY85 - 25%,#fb8072,0,0.0,004
077-mft-ASAQ_75-ASPY85_25,23,27102.833333333332,2031,MFT ASAQ 75% - ASPY85 - 25%,#fb8072,0,0.0,004
077-mft-ASAQ_75-ASPY85_25,24,27888.5,2031,MFT ASAQ 75% - ASPY85 - 25%,#fb8072,0,0.0,004
077-mft-ASAQ_75-ASPY85_25,25,26613.88888888889,2031,MFT ASAQ 75% - ASPY85 - 25%,#fb8072,0,0.0,004
077-mft-ASAQ_75-ASPY85_25,26,27247.277777777777,2031,MFT ASAQ 75% - ASPY85 - 25%,#fb8072,0,0.0,004
077-mft-ASAQ_75-ASPY85_25,27,27272.055555555555,2031,MFT ASAQ 75% - ASPY85 - 25%,#fb8072,0,0.0,004
077-mft-ASAQ_75-ASPY85_25,28,27636.833333333332,2031,MFT ASAQ 75% - ASPY85 - 25%,#fb8072,0,0.0,004
077-mft-ASAQ_75-ASPY85_25,29,27085.722222222223,2031,MFT ASAQ 75% - ASPY85 - 25%,#fb8072,0,0.0,004
077-mft-ASAQ_75-ASPY85_25,30,27599.722222222223,2031,MFT ASAQ 75% - ASPY85 - 25%,#fb8072,0,0.0,004
077-mft-ASAQ_75-ASPY85_25,31,27484.333333333332,2031,MFT ASAQ 75% - ASPY85 - 25%,#fb8072,0,0.0,004
077-mft-ASAQ_75-ASPY85_25,32,27239.444444444445,2031,MFT ASAQ 75% - ASPY85 - 25%,#fb8072,0,0.0,004
077-mft-ASAQ_75-ASPY85_25,33,27635.0,2031,MFT ASAQ 75% - ASPY85 - 25%,#fb8072,0,0.0,004
077-mft-ASAQ_75-ASPY85_25,34,27669.666666666668,2031,MFT ASAQ 75% - ASPY85 - 25%,#fb8072,0,0.0,004
077-mft-ASAQ_75-ASPY85_25,35,27631.222222222223,2031,MFT ASAQ 75% - ASPY85 - 25%,#fb8072,0,0.0,004
077-mft-ASAQ_75-ASPY85_25,36,27802.222222222223,2031,MFT ASAQ 75% - ASPY85 - 25%,#fb8072,0,0.0,004
077-mft-ASAQ_75-ASPY85_25,37,27079.666666666668,2031,MFT ASAQ 75% - ASPY85 - 25%,#fb8072,0,0.0,004
077-mft-ASAQ_75-ASPY85_25,38,27053.722222222223,2031,MFT ASAQ 75% - ASPY85 - 25%,#fb8072,0,0.0,004
077-mft-ASAQ_75-ASPY85_25,39,27194.88888888889,2031,MFT ASAQ 75% - ASPY85 - 25%,#fb8072,0,0.0,004
077-mft-ASAQ_75-ASPY85_25,40,26584.333333333332,2031,MFT ASAQ 75% - ASPY85 - 25%,#fb8072,0,0.0,004
077-mft-ASAQ_75-ASPY85_25,41,26963.055555555555,2031,MFT ASAQ 75% - ASPY85 - 25%,#fb8072,0,0.0,004
077-mft-ASAQ_75-ASPY85_25,42,27823.277777777777,2031,MFT ASAQ 75% - ASPY85 - 25%,#fb8072,0,0.0,004
077-mft-ASAQ_75-ASPY85_25,43,27184.5,2031,MFT ASAQ 75% - ASPY85 - 25%,#fb8072,0,0.0,004
077-mft-ASAQ_75-ASPY85_25,44,27802.055555555555,2031,MFT ASAQ 75% - ASPY85 - 25%,#fb8072,0,0.0,004
077-mft-ASAQ_75-ASPY85_25,45,27814.222222222223,2031,MFT ASAQ 75% - ASPY85 - 25%,#fb8072,0,0.0,004
077-mft-ASAQ_75-ASPY85_25,46,27125.944444444445,2031,MFT ASAQ 75% - ASPY85 - 25%,#fb8072,0,0.0,004
077-mft-ASAQ_75-ASPY85_25,47,27068.777777777777,2031,MFT ASAQ 75% - ASPY85 - 25%,#fb8072,0,0.0,004
077-mft-ASAQ_75-ASPY85_25,48,27853.61111111111,2031,MFT ASAQ 75% - ASPY85 - 25%,#fb8072,0,0.0,004
077-mft-ASAQ_75-ASPY85_25,49,27942.88888888889,2031,MFT ASAQ 75% - ASPY85 - 25%,#fb8072,0,0.0,004
077-mft-ASAQ_75-ASPY85_25,50,27338.777777777777,2031,MFT ASAQ 75% - ASPY85 - 25%,#fb8072,0,0.0,004
077-mft-ASAQ_75-ASPY85_25,51,27338.11111111111,2031,MFT ASAQ 75% - ASPY85 - 25%,#fb8072,0,0.0,004
077-mft-ASAQ_75-ASPY85_25,52,27161.166666666668,2031,MFT ASAQ 75% - ASPY85 - 25%,#fb8072,0,0.0,004
077-mft-ASAQ_75-ASPY85_25,53,26773.055555555555,2031,MFT ASAQ 75% - ASPY85 - 25%,#fb8072,0,0.0,004
077-mft-ASAQ_75-ASPY85_25,54,28676.0,2031,MFT ASAQ 75% - ASPY85 - 25%,#fb8072,0,0.0,004
077-mft-ASAQ_75-ASPY85_25,55,27529.555555555555,2031,MFT ASAQ 75% - ASPY85 - 25%,#fb8072,0,0.0,004
077-mft-ASAQ_75-ASPY85_25,56,27195.833333333332,2031,MFT ASAQ 75% - ASPY85 - 25%,#fb8072,0,0.0,004
077-mft-ASAQ_75-ASPY85_25,57,27532.88888888889,2031,MFT ASAQ 75% - ASPY85 - 25%,#fb8072,0,0.0,004
077-mft-ASAQ_75-ASPY85_25,58,27150.38888888889,2031,MFT ASAQ 75% - ASPY85 - 25%,#fb8072,0,0.0,004
077-mft-ASAQ_75-ASPY85_25,59,27515.61111111111,2031,MFT ASAQ 75% - ASPY85 - 25%,#fb8072,0,0.0,004
077-mft-ASAQ_75-ASPY85_25,60,27427.5,2031,MFT ASAQ 75% - ASPY85 - 25%,#fb8072,0,0.0,004
077-mft-ASAQ_75-ASPY85_25,61,27417.833333333332,2031,MFT ASAQ 75% - ASPY85 - 25%,#fb8072,0,0.0,004
077-mft-ASAQ_75-ASPY85_25,62,27441.277777777777,2031,MFT ASAQ 75% - ASPY85 - 25%,#fb8072,0,0.0,004
077-mft-ASAQ_75-ASPY85_25,63,27488.777777777777,2031,MFT ASAQ 75% - ASPY85 - 25%,#fb8072,0,0.0,004
077-mft-ASAQ_75-ASPY85_25,64,27601.11111111111,2031,MFT ASAQ 75% - ASPY85 - 25%,#fb8072,0,0.0,004
077-mft-ASAQ_75-ASPY85_25,65,27819.833333333332,2031,MFT ASAQ 75% - ASPY85 - 25%,#fb8072,0,0.0,004
077-mft-ASAQ_75-ASPY85_25,66,27703.333333333332,2031,MFT ASAQ 75% - ASPY85 - 25%,#fb8072,0,0.0,004
077-mft-ASAQ_75-ASPY85_25,67,26973.88888888889,2031,MFT ASAQ 75% - ASPY85 - 25%,#fb8072,0,0.0,004
077-mft-ASAQ_75-ASPY85_25,68,27701.055555555555,2031,MFT ASAQ 75% - ASPY85 - 25%,#fb8072,0,0.0,004
077-mft-ASAQ_75-ASPY85_25,69,27365.055555555555,2031,MFT ASAQ 75% - ASPY85 - 25%,#fb8072,0,0.0,004
077-mft-ASAQ_75-ASPY85_25,70,27733.722222222223,2031,MFT ASAQ 75% - ASPY85 - 25%,#fb8072,0,0.0,004
077-mft-ASAQ_75-ASPY85_25,71,28744.277777777777,2031,MFT ASAQ 75% - ASPY85 - 25%,#fb8072,0,0.0,004
077-mft-ASAQ_75-ASPY85_25,72,27489.11111111111,2031,MFT ASAQ 75% - ASPY85 - 25%,#fb8072,0,0.0,004
077-mft-ASAQ_75-ASPY85_25,73,27669.666666666668,2031,MFT ASAQ 75% - ASPY85 - 25%,#fb8072,0,0.0,004
077-mft-ASAQ_75-ASPY85_25,74,27781.944444444445,2031,MFT ASAQ 75% - ASPY85 - 25%,#fb8072,0,0.0,004
077-mft-ASAQ_75-ASPY85_25,75,27775.0,2031,MFT ASAQ 75% - ASPY85 - 25%,#fb8072,0,0.0,004
077-mft-ASAQ_75-ASPY85_25,76,26898.944444444445,2031,MFT ASAQ 75% - ASPY85 - 25%,#fb8072,0,0.0,004
077-mft-ASAQ_75-ASPY85_25,77,27316.777777777777,2031,MFT ASAQ 75% - ASPY85 - 25%,#fb8072,0,0.0,004
077-mft-ASAQ_75-ASPY85_25,78,28474.222222222223,2031,MFT ASAQ 75% - ASPY85 - 25%,#fb8072,0,0.0,004
077-mft-ASAQ_75-ASPY85_25,79,27698.38888888889,2031,MFT ASAQ 75% - ASPY85 - 25%,#fb8072,0,0.0,004
077-mft-ASAQ_75-ASPY85_25,80,27673.166666666668,2031,MFT ASAQ 75% - ASPY85 - 25%,#fb8072,0,0.0,004
077-mft-ASAQ_75-ASPY85_25,81,27103.38888888889,2031,MFT ASAQ 75% - ASPY85 - 25%,#fb8072,0,0.0,004
077-mft-ASAQ_75-ASPY85_25,82,27338.5,2031,MFT ASAQ 75% - ASPY85 - 25%,#fb8072,0,0.0,004
077-mft-ASAQ_75-ASPY85_25,83,27135.055555555555,2031,MFT ASAQ 75% - ASPY85 - 25%,#fb8072,0,0.0,004
077-mft-ASAQ_75-ASPY85_25,84,27632.444444444445,2031,MFT ASAQ 75% - ASPY85 - 25%,#fb8072,0,0.0,004
077-mft-ASAQ_75-ASPY85_25,85,28014.222222222223,2031,MFT ASAQ 75% - ASPY85 - 25%,#fb8072,0,0.0,004
077-mft-ASAQ_75-ASPY85_25,86,27454.5,2031,MFT ASAQ 75% - ASPY85 - 25%,#fb8072,0,0.0,004
077-mft-ASAQ_75-ASPY85_25,87,27826.722222222223,2031,MFT ASAQ 75% - ASPY85 - 25%,#fb8072,0,0.0,004
077-mft-ASAQ_75-ASPY85_25,88,27527.833333333332,2031,MFT ASAQ 75% - ASPY85 - 25%,#fb8072,0,0.0,004
077-mft-ASAQ_75-ASPY85_25,89,27513.444444444445,2031,MFT ASAQ 75% - ASPY85 - 25%,#fb8072,0,0.0,004
077-mft-ASAQ_75-ASPY85_25,90,27271.38888888889,2031,MFT ASAQ 75% - ASPY85 - 25%,#fb8072,0,0.0,004
077-mft-ASAQ_75-ASPY85_25,91,28272.444444444445,2031,MFT ASAQ 75% - ASPY85 - 25%,#fb8072,0,0.0,004
077-mft-ASAQ_75-ASPY85_25,92,27224.333333333332,2031,MFT ASAQ 75% - ASPY85 - 25%,#fb8072,0,0.0,004
077-mft-ASAQ_75-ASPY85_25,93,27393.555555555555,2031,MFT ASAQ 75% - ASPY85 - 25%,#fb8072,0,0.0,004
077-mft-ASAQ_75-ASPY85_25,94,27329.722222222223,2031,MFT ASAQ 75% - ASPY85 - 25%,#fb8072,0,0.0,004
077-mft-ASAQ_75-ASPY85_25,95,27631.722222222223,2031,MFT ASAQ 75% - ASPY85 - 25%,#fb8072,0,0.0,004
077-mft-ASAQ_75-ASPY85_25,96,28030.555555555555,2031,MFT ASAQ 75% - ASPY85 - 25%,#fb8072,0,0.0,004
077-mft-ASAQ_75-ASPY85_25,97,27270.944444444445,2031,MFT ASAQ 75% - ASPY85 - 25%,#fb8072,0,0.0,004
077-mft-ASAQ_75-ASPY85_25,98,27449.833333333332,2031,MFT ASAQ 75% - ASPY85 - 25%,#fb8072,0,0.0,004
077-mft-ASAQ_75-ASPY85_25,99,26793.555555555555,2031,MFT ASAQ 75% - ASPY85 - 25%,#fb8072,0,0.0,004
078-mft-ASAQ_75-ASPY75_25,0,28233.5,2031,MFT ASAQ 75% - ASPY75 - 25%,#fb8072,0,0.0,004
078-mft-ASAQ_75-ASPY75_25,1,27523.833333333332,2031,MFT ASAQ 75% - ASPY75 - 25%,#fb8072,0,0.0,004
078-mft-ASAQ_75-ASPY75_25,2,27630.944444444445,2031,MFT ASAQ 75% - ASPY75 - 25%,#fb8072,0,0.0,004
078-mft-ASAQ_75-ASPY75_25,3,27952.0,2031,MFT ASAQ 75% - ASPY75 - 25%,#fb8072,0,0.0,004
078-mft-ASAQ_75-ASPY75_25,4,27172.444444444445,2031,MFT ASAQ 75% - ASPY75 - 25%,#fb8072,0,0.0,004
078-mft-ASAQ_75-ASPY75_25,5,27531.055555555555,2031,MFT ASAQ 75% - ASPY75 - 25%,#fb8072,0,0.0,004
078-mft-ASAQ_75-ASPY75_25,6,27256.333333333332,2031,MFT ASAQ 75% - ASPY75 - 25%,#fb8072,0,0.0,004
078-mft-ASAQ_75-ASPY75_25,7,28171.222222222223,2031,MFT ASAQ 75% - ASPY75 - 25%,#fb8072,0,0.0,004
078-mft-ASAQ_75-ASPY75_25,8,27580.666666666668,2031,MFT ASAQ 75% - ASPY75 - 25%,#fb8072,0,0.0,004
078-mft-ASAQ_75-ASPY75_25,9,27913.11111111111,2031,MFT ASAQ 75% - ASPY75 - 25%,#fb8072,0,0.0,004
078-mft-ASAQ_75-ASPY75_25,10,27477.61111111111,2031,MFT ASAQ 75% - ASPY75 - 25%,#fb8072,0,0.0,004
078-mft-ASAQ_75-ASPY75_25,11,26919.555555555555,2031,MFT ASAQ 75% - ASPY75 - 25%,#fb8072,0,0.0,004
078-mft-ASAQ_75-ASPY75_25,12,28657.333333333332,2031,MFT ASAQ 75% - ASPY75 - 25%,#fb8072,0,0.0,004
078-mft-ASAQ_75-ASPY75_25,13,28409.5,2031,MFT ASAQ 75% - ASPY75 - 25%,#fb8072,0,0.0,004
078-mft-ASAQ_75-ASPY75_25,14,27087.277777777777,2031,MFT ASAQ 75% - ASPY75 - 25%,#fb8072,0,0.0,004
078-mft-ASAQ_75-ASPY75_25,15,27613.055555555555,2031,MFT ASAQ 75% - ASPY75 - 25%,#fb8072,0,0.0,004
078-mft-ASAQ_75-ASPY75_25,16,27739.88888888889,2031,MFT ASAQ 75% - ASPY75 - 25%,#fb8072,0,0.0,004
078-mft-ASAQ_75-ASPY75_25,17,27942.833333333332,2031,MFT ASAQ 75% - ASPY75 - 25%,#fb8072,0,0.0,004
078-mft-ASAQ_75-ASPY75_25,18,28241.222222222223,2031,MFT ASAQ 75% - ASPY75 - 25%,#fb8072,0,0.0,004
078-mft-ASAQ_75-ASPY75_25,19,27532.055555555555,2031,MFT ASAQ 75% - ASPY75 - 25%,#fb8072,0,0.0,004
078-mft-ASAQ_75-ASPY75_25,20,27817.444444444445,2031,MFT ASAQ 75% - ASPY75 - 25%,#fb8072,0,0.0,004
078-mft-ASAQ_75-ASPY75_25,21,26428.722222222223,2031,MFT ASAQ 75% - ASPY75 - 25%,#fb8072,0,0.0,004
078-mft-ASAQ_75-ASPY75_25,22,28883.88888888889,2031,MFT ASAQ 75% - ASPY75 - 25%,#fb8072,0,0.0,004
078-mft-ASAQ_75-ASPY75_25,23,26832.444444444445,2031,MFT ASAQ 75% - ASPY75 - 25%,#fb8072,0,0.0,004
078-mft-ASAQ_75-ASPY75_25,24,27495.777777777777,2031,MFT ASAQ 75% - ASPY75 - 25%,#fb8072,0,0.0,004
078-mft-ASAQ_75-ASPY75_25,25,27766.055555555555,2031,MFT ASAQ 75% - ASPY75 - 25%,#fb8072,0,0.0,004
078-mft-ASAQ_75-ASPY75_25,26,27433.11111111111,2031,MFT ASAQ 75% - ASPY75 - 25%,#fb8072,0,0.0,004
078-mft-ASAQ_75-ASPY75_25,27,27993.0,2031,MFT ASAQ 75% - ASPY75 - 25%,#fb8072,0,0.0,004
078-mft-ASAQ_75-ASPY75_25,28,27377.722222222223,2031,MFT ASAQ 75% - ASPY75 - 25%,#fb8072,0,0.0,004
078-mft-ASAQ_75-ASPY75_25,29,28343.444444444445,2031,MFT ASAQ 75% - ASPY75 - 25%,#fb8072,0,0.0,004
078-mft-ASAQ_75-ASPY75_25,30,27161.277777777777,2031,MFT ASAQ 75% - ASPY75 - 25%,#fb8072,0,0.0,004
078-mft-ASAQ_75-ASPY75_25,31,27364.444444444445,2031,MFT ASAQ 75% - ASPY75 - 25%,#fb8072,0,0.0,004
078-mft-ASAQ_75-ASPY75_25,32,28331.38888888889,2031,MFT ASAQ 75% - ASPY75 - 25%,#fb8072,0,0.0,004
078-mft-ASAQ_75-ASPY75_25,33,27904.0,2031,MFT ASAQ 75% - ASPY75 - 25%,#fb8072,0,0.0,004
078-mft-ASAQ_75-ASPY75_25,34,26994.722222222223,2031,MFT ASAQ 75% - ASPY75 - 25%,#fb8072,0,0.0,004
078-mft-ASAQ_75-ASPY75_25,35,27473.5,2031,MFT ASAQ 75% - ASPY75 - 25%,#fb8072,0,0.0,004
078-mft-ASAQ_75-ASPY75_25,36,27443.0,2031,MFT ASAQ 75% - ASPY75 - 25%,#fb8072,0,0.0,004
078-mft-ASAQ_75-ASPY75_25,37,27779.222222222223,2031,MFT ASAQ 75% - ASPY75 - 25%,#fb8072,0,0.0,004
078-mft-ASAQ_75-ASPY75_25,38,27344.666666666668,2031,MFT ASAQ 75% - ASPY75 - 25%,#fb8072,0,0.0,004
078-mft-ASAQ_75-ASPY75_25,39,27699.333333333332,2031,MFT ASAQ 75% - ASPY75 - 25%,#fb8072,0,0.0,004
078-mft-ASAQ_75-ASPY75_25,40,28025.277777777777,2031,MFT ASAQ 75% - ASPY75 - 25%,#fb8072,0,0.0,004
078-mft-ASAQ_75-ASPY75_25,41,26969.722222222223,2031,MFT ASAQ 75% - ASPY75 - 25%,#fb8072,0,0.0,004
078-mft-ASAQ_75-ASPY75_25,42,27597.333333333332,2031,MFT ASAQ 75% - ASPY75 - 25%,#fb8072,0,0.0,004
078-mft-ASAQ_75-ASPY75_25,43,27607.333333333332,2031,MFT ASAQ 75% - ASPY75 - 25%,#fb8072,0,0.0,004
078-mft-ASAQ_75-ASPY75_25,44,28276.333333333332,2031,MFT ASAQ 75% - ASPY75 - 25%,#fb8072,0,0.0,004
078-mft-ASAQ_75-ASPY75_25,45,27664.11111111111,2031,MFT ASAQ 75% - ASPY75 - 25%,#fb8072,0,0.0,004
078-mft-ASAQ_75-ASPY75_25,46,27954.11111111111,2031,MFT ASAQ 75% - ASPY75 - 25%,#fb8072,0,0.0,004
078-mft-ASAQ_75-ASPY75_25,47,27789.833333333332,2031,MFT ASAQ 75% - ASPY75 - 25%,#fb8072,0,0.0,004
078-mft-ASAQ_75-ASPY75_25,48,28779.555555555555,2031,MFT ASAQ 75% - ASPY75 - 25%,#fb8072,0,0.0,004
078-mft-ASAQ_75-ASPY75_25,49,27696.777777777777,2031,MFT ASAQ 75% - ASPY75 - 25%,#fb8072,0,0.0,004
078-mft-ASAQ_75-ASPY75_25,50,28320.166666666668,2031,MFT ASAQ 75% - ASPY75 - 25%,#fb8072,0,0.0,004
078-mft-ASAQ_75-ASPY75_25,51,27605.555555555555,2031,MFT ASAQ 75% - ASPY75 - 25%,#fb8072,0,0.0,004
078-mft-ASAQ_75-ASPY75_25,52,28177.11111111111,2031,MFT ASAQ 75% - ASPY75 - 25%,#fb8072,0,0.0,004
078-mft-ASAQ_75-ASPY75_25,53,27034.277777777777,2031,MFT ASAQ 75% - ASPY75 - 25%,#fb8072,0,0.0,004
078-mft-ASAQ_75-ASPY75_25,54,26518.833333333332,2031,MFT ASAQ 75% - ASPY75 - 25%,#fb8072,0,0.0,004
078-mft-ASAQ_75-ASPY75_25,55,27114.0,2031,MFT ASAQ 75% - ASPY75 - 25%,#fb8072,0,0.0,004
078-mft-ASAQ_75-ASPY75_25,56,27609.277777777777,2031,MFT ASAQ 75% - ASPY75 - 25%,#fb8072,0,0.0,004
078-mft-ASAQ_75-ASPY75_25,57,27337.222222222223,2031,MFT ASAQ 75% - ASPY75 - 25%,#fb8072,0,0.0,004
078-mft-ASAQ_75-ASPY75_25,58,27112.222222222223,2031,MFT ASAQ 75% - ASPY75 - 25%,#fb8072,0,0.0,004
078-mft-ASAQ_75-ASPY75_25,59,28254.722222222223,2031,MFT ASAQ 75% - ASPY75 - 25%,#fb8072,0,0.0,004
078-mft-ASAQ_75-ASPY75_25,60,27754.777777777777,2031,MFT ASAQ 75% - ASPY75 - 25%,#fb8072,0,0.0,004
078-mft-ASAQ_75-ASPY75_25,61,27597.5,2031,MFT ASAQ 75% - ASPY75 - 25%,#fb8072,0,0.0,004
078-mft-ASAQ_75-ASPY75_25,62,27494.11111111111,2031,MFT ASAQ 75% - ASPY75 - 25%,#fb8072,0,0.0,004
078-mft-ASAQ_75-ASPY75_25,63,28024.38888888889,2031,MFT ASAQ 75% - ASPY75 - 25%,#fb8072,0,0.0,004
078-mft-ASAQ_75-ASPY75_25,64,27693.944444444445,2031,MFT ASAQ 75% - ASPY75 - 25%,#fb8072,0,0.0,004
078-mft-ASAQ_75-ASPY75_25,65,27566.944444444445,2031,MFT ASAQ 75% - ASPY75 - 25%,#fb8072,0,0.0,004
078-mft-ASAQ_75-ASPY75_25,66,28170.88888888889,2031,MFT ASAQ 75% - ASPY75 - 25%,#fb8072,0,0.0,004
078-mft-ASAQ_75-ASPY75_25,67,27338.88888888889,2031,MFT ASAQ 75% - ASPY75 - 25%,#fb8072,0,0.0,004
078-mft-ASAQ_75-ASPY75_25,68,27377.333333333332,2031,MFT ASAQ 75% - ASPY75 - 25%,#fb8072,0,0.0,004
078-mft-ASAQ_75-ASPY75_25,69,27719.222222222223,2031,MFT ASAQ 75% - ASPY75 - 25%,#fb8072,0,0.0,004
078-mft-ASAQ_75-ASPY75_25,70,27352.333333333332,2031,MFT ASAQ 75% - ASPY75 - 25%,#fb8072,0,0.0,004
078-mft-ASAQ_75-ASPY75_25,71,27251.444444444445,2031,MFT ASAQ 75% - ASPY75 - 25%,#fb8072,0,0.0,004
078-mft-ASAQ_75-ASPY75_25,72,27284.833333333332,2031,MFT ASAQ 75% - ASPY75 - 25%,#fb8072,0,0.0,004
078-mft-ASAQ_75-ASPY75_25,73,27991.0,2031,MFT ASAQ 75% - ASPY75 - 25%,#fb8072,0,0.0,004
078-mft-ASAQ_75-ASPY75_25,74,27365.38888888889,2031,MFT ASAQ 75% - ASPY75 - 25%,#fb8072,0,0.0,004
078-mft-ASAQ_75-ASPY75_25,75,27186.777777777777,2031,MFT ASAQ 75% - ASPY75 - 25%,#fb8072,0,0.0,004
078-mft-ASAQ_75-ASPY75_25,76,27655.333333333332,2031,MFT ASAQ 75% - ASPY75 - 25%,#fb8072,0,0.0,004
078-mft-ASAQ_75-ASPY75_25,77,27405.61111111111,2031,MFT ASAQ 75% - ASPY75 - 25%,#fb8072,0,0.0,004
078-mft-ASAQ_75-ASPY75_25,78,27948.61111111111,2031,MFT ASAQ 75% - ASPY75 - 25%,#fb8072,0,0.0,004
078-mft-ASAQ_75-ASPY75_25,79,27941.277777777777,2031,MFT ASAQ 75% - ASPY75 - 25%,#fb8072,0,0.0,004
078-mft-ASAQ_75-ASPY75_25,80,27423.277777777777,2031,MFT ASAQ 75% - ASPY75 - 25%,#fb8072,0,0.0,004
078-mft-ASAQ_75-ASPY75_25,81,27658.61111111111,2031,MFT ASAQ 75% - ASPY75 - 25%,#fb8072,0,0.0,004
078-mft-ASAQ_75-ASPY75_25,82,27961.666666666668,2031,MFT ASAQ 75% - ASPY75 - 25%,#fb8072,0,0.0,004
078-mft-ASAQ_75-ASPY75_25,83,27815.277777777777,2031,MFT ASAQ 75% - ASPY75 - 25%,#fb8072,0,0.0,004
078-mft-ASAQ_75-ASPY75_25,84,27648.833333333332,2031,MFT ASAQ 75% - ASPY75 - 25%,#fb8072,0,0.0,004
078-mft-ASAQ_75-ASPY75_25,85,28137.333333333332,2031,MFT ASAQ 75% - ASPY75 - 25%,#fb8072,0,0.0,004
078-mft-ASAQ_75-ASPY75_25,86,27576.722222222223,2031,MFT ASAQ 75% - ASPY75 - 25%,#fb8072,0,0.0,004
078-mft-ASAQ_75-ASPY75_25,87,27628.11111111111,2031,MFT ASAQ 75% - ASPY75 - 25%,#fb8072,0,0.0,004
078-mft-ASAQ_75-ASPY75_25,88,28249.88888888889,2031,MFT ASAQ 75% - ASPY75 - 25%,#fb8072,0,0.0,004
078-mft-ASAQ_75-ASPY75_25,89,26606.222222222223,2031,MFT ASAQ 75% - ASPY75 - 25%,#fb8072,0,0.0,004
078-mft-ASAQ_75-ASPY75_25,90,27850.88888888889,2031,MFT ASAQ 75% - ASPY75 - 25%,#fb8072,0,0.0,004
078-mft-ASAQ_75-ASPY75_25,91,28734.944444444445,2031,MFT ASAQ 75% - ASPY75 - 25%,#fb8072,0,0.0,004
078-mft-ASAQ_75-ASPY75_25,92,28254.666666666668,2031,MFT ASAQ 75% - ASPY75 - 25%,#fb8072,0,0.0,004
078-mft-ASAQ_75-ASPY75_25,93,27233.777777777777,2031,MFT ASAQ 75% - ASPY75 - 25%,#fb8072,0,0.0,004
078-mft-ASAQ_75-ASPY75_25,94,26962.11111111111,2031,MFT ASAQ 75% - ASPY75 - 25%,#fb8072,0,0.0,004
078-mft-ASAQ_75-ASPY75_25,95,26554.277777777777,2031,MFT ASAQ 75% - ASPY75 - 25%,#fb8072,0,0.0,004
078-mft-ASAQ_75-ASPY75_25,96,27744.0,2031,MFT ASAQ 75% - ASPY75 - 25%,#fb8072,0,0.0,004
078-mft-ASAQ_75-ASPY75_25,97,27560.0,2031,MFT ASAQ 75% - ASPY75 - 25%,#fb8072,0,0.0,004
078-mft-ASAQ_75-ASPY75_25,98,27637.38888888889,2031,MFT ASAQ 75% - ASPY75 - 25%,#fb8072,0,0.0,004
078-mft-ASAQ_75-ASPY75_25,99,27424.277777777777,2031,MFT ASAQ 75% - ASPY75 - 25%,#fb8072,0,0.0,004
079-mft-ASAQ_75-ASPY65_25,0,27304.444444444445,2031,MFT ASAQ 75% - ASPY65 - 25%,#fb8072,0,0.0,004
079-mft-ASAQ_75-ASPY65_25,1,28942.722222222223,2031,MFT ASAQ 75% - ASPY65 - 25%,#fb8072,0,0.0,004
079-mft-ASAQ_75-ASPY65_25,2,28474.777777777777,2031,MFT ASAQ 75% - ASPY65 - 25%,#fb8072,0,0.0,004
079-mft-ASAQ_75-ASPY65_25,3,27155.666666666668,2031,MFT ASAQ 75% - ASPY65 - 25%,#fb8072,0,0.0,004
079-mft-ASAQ_75-ASPY65_25,4,27566.777777777777,2031,MFT ASAQ 75% - ASPY65 - 25%,#fb8072,0,0.0,004
079-mft-ASAQ_75-ASPY65_25,5,27955.444444444445,2031,MFT ASAQ 75% - ASPY65 - 25%,#fb8072,0,0.0,004
079-mft-ASAQ_75-ASPY65_25,6,28541.833333333332,2031,MFT ASAQ 75% - ASPY65 - 25%,#fb8072,0,0.0,004
079-mft-ASAQ_75-ASPY65_25,7,28669.833333333332,2031,MFT ASAQ 75% - ASPY65 - 25%,#fb8072,0,0.0,004
079-mft-ASAQ_75-ASPY65_25,8,27534.88888888889,2031,MFT ASAQ 75% - ASPY65 - 25%,#fb8072,0,0.0,004
079-mft-ASAQ_75-ASPY65_25,9,27714.5,2031,MFT ASAQ 75% - ASPY65 - 25%,#fb8072,0,0.0,004
079-mft-ASAQ_75-ASPY65_25,10,27080.11111111111,2031,MFT ASAQ 75% - ASPY65 - 25%,#fb8072,0,0.0,004
079-mft-ASAQ_75-ASPY65_25,11,27285.5,2031,MFT ASAQ 75% - ASPY65 - 25%,#fb8072,0,0.0,004
079-mft-ASAQ_75-ASPY65_25,12,27286.333333333332,2031,MFT ASAQ 75% - ASPY65 - 25%,#fb8072,0,0.0,004
079-mft-ASAQ_75-ASPY65_25,13,27676.88888888889,2031,MFT ASAQ 75% - ASPY65 - 25%,#fb8072,0,0.0,004
079-mft-ASAQ_75-ASPY65_25,14,28088.166666666668,2031,MFT ASAQ 75% - ASPY65 - 25%,#fb8072,0,0.0,004
079-mft-ASAQ_75-ASPY65_25,15,28304.5,2031,MFT ASAQ 75% - ASPY65 - 25%,#fb8072,0,0.0,004
079-mft-ASAQ_75-ASPY65_25,16,26883.222222222223,2031,MFT ASAQ 75% - ASPY65 - 25%,#fb8072,0,0.0,004
079-mft-ASAQ_75-ASPY65_25,17,27035.833333333332,2031,MFT ASAQ 75% - ASPY65 - 25%,#fb8072,0,0.0,004
079-mft-ASAQ_75-ASPY65_25,18,27628.944444444445,2031,MFT ASAQ 75% - ASPY65 - 25%,#fb8072,0,0.0,004
079-mft-ASAQ_75-ASPY65_25,19,27720.666666666668,2031,MFT ASAQ 75% - ASPY65 - 25%,#fb8072,0,0.0,004
079-mft-ASAQ_75-ASPY65_25,20,27514.333333333332,2031,MFT ASAQ 75% - ASPY65 - 25%,#fb8072,0,0.0,004
079-mft-ASAQ_75-ASPY65_25,21,27408.944444444445,2031,MFT ASAQ 75% - ASPY65 - 25%,#fb8072,0,0.0,004
079-mft-ASAQ_75-ASPY65_25,22,27268.5,2031,MFT ASAQ 75% - ASPY65 - 25%,#fb8072,0,0.0,004
079-mft-ASAQ_75-ASPY65_25,23,27465.833333333332,2031,MFT ASAQ 75% - ASPY65 - 25%,#fb8072,0,0.0,004
079-mft-ASAQ_75-ASPY65_25,24,27562.333333333332,2031,MFT ASAQ 75% - ASPY65 - 25%,#fb8072,0,0.0,004
079-mft-ASAQ_75-ASPY65_25,25,27064.0,2031,MFT ASAQ 75% - ASPY65 - 25%,#fb8072,0,0.0,004
079-mft-ASAQ_75-ASPY65_25,26,27934.833333333332,2031,MFT ASAQ 75% - ASPY65 - 25%,#fb8072,0,0.0,004
079-mft-ASAQ_75-ASPY65_25,27,26996.777777777777,2031,MFT ASAQ 75% - ASPY65 - 25%,#fb8072,0,0.0,004
079-mft-ASAQ_75-ASPY65_25,28,27447.777777777777,2031,MFT ASAQ 75% - ASPY65 - 25%,#fb8072,0,0.0,004
079-mft-ASAQ_75-ASPY65_25,29,27149.555555555555,2031,MFT ASAQ 75% - ASPY65 - 25%,#fb8072,0,0.0,004
079-mft-ASAQ_75-ASPY65_25,30,27049.555555555555,2031,MFT ASAQ 75% - ASPY65 - 25%,#fb8072,0,0.0,004
079-mft-ASAQ_75-ASPY65_25,31,26960.88888888889,2031,MFT ASAQ 75% - ASPY65 - 25%,#fb8072,0,0.0,004
079-mft-ASAQ_75-ASPY65_25,32,28094.277777777777,2031,MFT ASAQ 75% - ASPY65 - 25%,#fb8072,0,0.0,004
079-mft-ASAQ_75-ASPY65_25,33,28053.833333333332,2031,MFT ASAQ 75% - ASPY65 - 25%,#fb8072,0,0.0,004
079-mft-ASAQ_75-ASPY65_25,34,27836.222222222223,2031,MFT ASAQ 75% - ASPY65 - 25%,#fb8072,0,0.0,004
079-mft-ASAQ_75-ASPY65_25,35,26812.61111111111,2031,MFT ASAQ 75% - ASPY65 - 25%,#fb8072,0,0.0,004
079-mft-ASAQ_75-ASPY65_25,36,28432.666666666668,2031,MFT ASAQ 75% - ASPY65 - 25%,#fb8072,0,0.0,004
079-mft-ASAQ_75-ASPY65_25,37,28834.055555555555,2031,MFT ASAQ 75% - ASPY65 - 25%,#fb8072,0,0.0,004
079-mft-ASAQ_75-ASPY65_25,38,29123.11111111111,2031,MFT ASAQ 75% - ASPY65 - 25%,#fb8072,0,0.0,004
079-mft-ASAQ_75-ASPY65_25,39,27917.333333333332,2031,MFT ASAQ 75% - ASPY65 - 25%,#fb8072,0,0.0,004
079-mft-ASAQ_75-ASPY65_25,40,27064.5,2031,MFT ASAQ 75% - ASPY65 - 25%,#fb8072,0,0.0,004
079-mft-ASAQ_75-ASPY65_25,41,27225.722222222223,2031,MFT ASAQ 75% - ASPY65 - 25%,#fb8072,0,0.0,004
079-mft-ASAQ_75-ASPY65_25,42,27296.944444444445,2031,MFT ASAQ 75% - ASPY65 - 25%,#fb8072,0,0.0,004
079-mft-ASAQ_75-ASPY65_25,43,27303.277777777777,2031,MFT ASAQ 75% - ASPY65 - 25%,#fb8072,0,0.0,004
079-mft-ASAQ_75-ASPY65_25,44,27638.61111111111,2031,MFT ASAQ 75% - ASPY65 - 25%,#fb8072,0,0.0,004
079-mft-ASAQ_75-ASPY65_25,45,27641.0,2031,MFT ASAQ 75% - ASPY65 - 25%,#fb8072,0,0.0,004
079-mft-ASAQ_75-ASPY65_25,46,27230.777777777777,2031,MFT ASAQ 75% - ASPY65 - 25%,#fb8072,0,0.0,004
079-mft-ASAQ_75-ASPY65_25,47,27845.11111111111,2031,MFT ASAQ 75% - ASPY65 - 25%,#fb8072,0,0.0,004
079-mft-ASAQ_75-ASPY65_25,48,28248.055555555555,2031,MFT ASAQ 75% - ASPY65 - 25%,#fb8072,0,0.0,004
079-mft-ASAQ_75-ASPY65_25,49,27595.833333333332,2031,MFT ASAQ 75% - ASPY65 - 25%,#fb8072,0,0.0,004
079-mft-ASAQ_75-ASPY65_25,50,27405.5,2031,MFT ASAQ 75% - ASPY65 - 25%,#fb8072,0,0.0,004
079-mft-ASAQ_75-ASPY65_25,51,28466.333333333332,2031,MFT ASAQ 75% - ASPY65 - 25%,#fb8072,0,0.0,004
079-mft-ASAQ_75-ASPY65_25,52,27821.88888888889,2031,MFT ASAQ 75% - ASPY65 - 25%,#fb8072,0,0.0,004
079-mft-ASAQ_75-ASPY65_25,53,28383.222222222223,2031,MFT ASAQ 75% - ASPY65 - 25%,#fb8072,0,0.0,004
079-mft-ASAQ_75-ASPY65_25,54,27278.222222222223,2031,MFT ASAQ 75% - ASPY65 - 25%,#fb8072,0,0.0,004
079-mft-ASAQ_75-ASPY65_25,55,27514.722222222223,2031,MFT ASAQ 75% - ASPY65 - 25%,#fb8072,0,0.0,004
079-mft-ASAQ_75-ASPY65_25,56,27649.055555555555,2031,MFT ASAQ 75% - ASPY65 - 25%,#fb8072,0,0.0,004
079-mft-ASAQ_75-ASPY65_25,57,27818.722222222223,2031,MFT ASAQ 75% - ASPY65 - 25%,#fb8072,0,0.0,004
079-mft-ASAQ_75-ASPY65_25,58,27121.444444444445,2031,MFT ASAQ 75% - ASPY65 - 25%,#fb8072,0,0.0,004
079-mft-ASAQ_75-ASPY65_25,59,27439.666666666668,2031,MFT ASAQ 75% - ASPY65 - 25%,#fb8072,0,0.0,004
079-mft-ASAQ_75-ASPY65_25,60,27529.333333333332,2031,MFT ASAQ 75% - ASPY65 - 25%,#fb8072,0,0.0,004
079-mft-ASAQ_75-ASPY65_25,61,27359.166666666668,2031,MFT ASAQ 75% - ASPY65 - 25%,#fb8072,0,0.0,004
079-mft-ASAQ_75-ASPY65_25,62,27178.444444444445,2031,MFT ASAQ 75% - ASPY65 - 25%,#fb8072,0,0.0,004
079-mft-ASAQ_75-ASPY65_25,63,26712.444444444445,2031,MFT ASAQ 75% - ASPY65 - 25%,#fb8072,0,0.0,004
079-mft-ASAQ_75-ASPY65_25,64,28767.5,2031,MFT ASAQ 75% - ASPY65 - 25%,#fb8072,0,0.0,004
079-mft-ASAQ_75-ASPY65_25,65,27797.222222222223,2031,MFT ASAQ 75% - ASPY65 - 25%,#fb8072,0,0.0,004
079-mft-ASAQ_75-ASPY65_25,66,27550.055555555555,2031,MFT ASAQ 75% - ASPY65 - 25%,#fb8072,0,0.0,004
079-mft-ASAQ_75-ASPY65_25,67,27221.222222222223,2031,MFT ASAQ 75% - ASPY65 - 25%,#fb8072,0,0.0,004
079-mft-ASAQ_75-ASPY65_25,68,27103.555555555555,2031,MFT ASAQ 75% - ASPY65 - 25%,#fb8072,0,0.0,004
079-mft-ASAQ_75-ASPY65_25,69,27639.444444444445,2031,MFT ASAQ 75% - ASPY65 - 25%,#fb8072,0,0.0,004
079-mft-ASAQ_75-ASPY65_25,70,27569.11111111111,2031,MFT ASAQ 75% - ASPY65 - 25%,#fb8072,0,0.0,004
079-mft-ASAQ_75-ASPY65_25,71,26798.5,2031,MFT ASAQ 75% - ASPY65 - 25%,#fb8072,0,0.0,004
079-mft-ASAQ_75-ASPY65_25,72,27519.38888888889,2031,MFT ASAQ 75% - ASPY65 - 25%,#fb8072,0,0.0,004
079-mft-ASAQ_75-ASPY65_25,73,27685.944444444445,2031,MFT ASAQ 75% - ASPY65 - 25%,#fb8072,0,0.0,004
079-mft-ASAQ_75-ASPY65_25,74,27104.555555555555,2031,MFT ASAQ 75% - ASPY65 - 25%,#fb8072,0,0.0,004
079-mft-ASAQ_75-ASPY65_25,75,27693.666666666668,2031,MFT ASAQ 75% - ASPY65 - 25%,#fb8072,0,0.0,004
079-mft-ASAQ_75-ASPY65_25,76,27088.833333333332,2031,MFT ASAQ 75% - ASPY65 - 25%,#fb8072,0,0.0,004
079-mft-ASAQ_75-ASPY65_25,77,28196.222222222223,2031,MFT ASAQ 75% - ASPY65 - 25%,#fb8072,0,0.0,004
079-mft-ASAQ_75-ASPY65_25,78,28781.777777777777,2031,MFT ASAQ 75% - ASPY65 - 25%,#fb8072,0,0.0,004
079-mft-ASAQ_75-ASPY65_25,79,27753.333333333332,2031,MFT ASAQ 75% - ASPY65 - 25%,#fb8072,0,0.0,004
079-mft-ASAQ_75-ASPY65_25,80,27502.777777777777,2031,MFT ASAQ 75% - ASPY65 - 25%,#fb8072,0,0.0,004
079-mft-ASAQ_75-ASPY65_25,81,27774.222222222223,2031,MFT ASAQ 75% - ASPY65 - 25%,#fb8072,0,0.0,004
079-mft-ASAQ_75-ASPY65_25,82,27451.5,2031,MFT ASAQ 75% - ASPY65 - 25%,#fb8072,0,0.0,004
079-mft-ASAQ_75-ASPY65_25,83,27538.333333333332,2031,MFT ASAQ 75% - ASPY65 - 25%,#fb8072,0,0.0,004
079-mft-ASAQ_75-ASPY65_25,84,27832.88888888889,2031,MFT ASAQ 75% - ASPY65 - 25%,#fb8072,0,0.0,004
079-mft-ASAQ_75-ASPY65_25,85,27323.0,2031,MFT ASAQ 75% - ASPY65 - 25%,#fb8072,0,0.0,004
079-mft-ASAQ_75-ASPY65_25,86,27432.944444444445,2031,MFT ASAQ 75% - ASPY65 - 25%,#fb8072,0,0.0,004
079-mft-ASAQ_75-ASPY65_25,87,27892.777777777777,2031,MFT ASAQ 75% - ASPY65 - 25%,#fb8072,0,0.0,004
079-mft-ASAQ_75-ASPY65_25,88,26933.38888888889,2031,MFT ASAQ 75% - ASPY65 - 25%,#fb8072,0,0.0,004
079-mft-ASAQ_75-ASPY65_25,89,27426.5,2031,MFT ASAQ 75% - ASPY65 - 25%,#fb8072,0,0.0,004
079-mft-ASAQ_75-ASPY65_25,90,27878.944444444445,2031,MFT ASAQ 75% - ASPY65 - 25%,#fb8072,0,0.0,004
079-mft-ASAQ_75-ASPY65_25,91,27583.444444444445,2031,MFT ASAQ 75% - ASPY65 - 25%,#fb8072,0,0.0,004
079-mft-ASAQ_75-ASPY65_25,92,27240.38888888889,2031,MFT ASAQ 75% - ASPY65 - 25%,#fb8072,0,0.0,004
079-mft-ASAQ_75-ASPY65_25,93,27674.777777777777,2031,MFT ASAQ 75% - ASPY65 - 25%,#fb8072,0,0.0,004
079-mft-ASAQ_75-ASPY65_25,94,27998.666666666668,2031,MFT ASAQ 75% - ASPY65 - 25%,#fb8072,0,0.0,004
079-mft-ASAQ_75-ASPY65_25,95,27683.88888888889,2031,MFT ASAQ 75% - ASPY65 - 25%,#fb8072,0,0.0,004
079-mft-ASAQ_75-ASPY65_25,96,27380.833333333332,2031,MFT ASAQ 75% - ASPY65 - 25%,#fb8072,0,0.0,004
079-mft-ASAQ_75-ASPY65_25,97,26881.055555555555,2031,MFT ASAQ 75% - ASPY65 - 25%,#fb8072,0,0.0,004
079-mft-ASAQ_75-ASPY65_25,98,27716.0,2031,MFT ASAQ 75% - ASPY65 - 25%,#fb8072,0,0.0,004
079-mft-ASAQ_75-ASPY65_25,99,27601.88888888889,2031,MFT ASAQ 75% - ASPY65 - 25%,#fb8072,0,0.0,004
080-mft-ASAQ_50-ASPY85_50,0,27435.777777777777,2031,MFT ASAQ 50% - ASPY85 - 50%,#fb8072,0,0.0,004
080-mft-ASAQ_50-ASPY85_50,1,27308.555555555555,2031,MFT ASAQ 50% - ASPY85 - 50%,#fb8072,0,0.0,004
080-mft-ASAQ_50-ASPY85_50,2,27088.88888888889,2031,MFT ASAQ 50% - ASPY85 - 50%,#fb8072,0,0.0,004
080-mft-ASAQ_50-ASPY85_50,3,27554.333333333332,2031,MFT ASAQ 50% - ASPY85 - 50%,#fb8072,0,0.0,004
080-mft-ASAQ_50-ASPY85_50,4,27011.0,2031,MFT ASAQ 50% - ASPY85 - 50%,#fb8072,0,0.0,004
080-mft-ASAQ_50-ASPY85_50,5,26900.444444444445,2031,MFT ASAQ 50% - ASPY85 - 50%,#fb8072,0,0.0,004
080-mft-ASAQ_50-ASPY85_50,6,27736.833333333332,2031,MFT ASAQ 50% - ASPY85 - 50%,#fb8072,0,0.0,004
080-mft-ASAQ_50-ASPY85_50,7,28467.666666666668,2031,MFT ASAQ 50% - ASPY85 - 50%,#fb8072,0,0.0,004
080-mft-ASAQ_50-ASPY85_50,8,26937.555555555555,2031,MFT ASAQ 50% - ASPY85 - 50%,#fb8072,0,0.0,004
080-mft-ASAQ_50-ASPY85_50,9,27249.88888888889,2031,MFT ASAQ 50% - ASPY85 - 50%,#fb8072,0,0.0,004
080-mft-ASAQ_50-ASPY85_50,10,28255.61111111111,2031,MFT ASAQ 50% - ASPY85 - 50%,#fb8072,0,0.0,004
080-mft-ASAQ_50-ASPY85_50,11,27488.38888888889,2031,MFT ASAQ 50% - ASPY85 - 50%,#fb8072,0,0.0,004
080-mft-ASAQ_50-ASPY85_50,12,26739.555555555555,2031,MFT ASAQ 50% - ASPY85 - 50%,#fb8072,0,0.0,004
080-mft-ASAQ_50-ASPY85_50,13,27147.444444444445,2031,MFT ASAQ 50% - ASPY85 - 50%,#fb8072,0,0.0,004
080-mft-ASAQ_50-ASPY85_50,14,27802.5,2031,MFT ASAQ 50% - ASPY85 - 50%,#fb8072,0,0.0,004
080-mft-ASAQ_50-ASPY85_50,15,27341.055555555555,2031,MFT ASAQ 50% - ASPY85 - 50%,#fb8072,0,0.0,004
080-mft-ASAQ_50-ASPY85_50,16,27291.555555555555,2031,MFT ASAQ 50% - ASPY85 - 50%,#fb8072,0,0.0,004
080-mft-ASAQ_50-ASPY85_50,17,27381.555555555555,2031,MFT ASAQ 50% - ASPY85 - 50%,#fb8072,0,0.0,004
080-mft-ASAQ_50-ASPY85_50,18,28213.333333333332,2031,MFT ASAQ 50% - ASPY85 - 50%,#fb8072,0,0.0,004
080-mft-ASAQ_50-ASPY85_50,19,27755.333333333332,2031,MFT ASAQ 50% - ASPY85 - 50%,#fb8072,0,0.0,004
080-mft-ASAQ_50-ASPY85_50,20,27410.777777777777,2031,MFT ASAQ 50% - ASPY85 - 50%,#fb8072,0,0.0,004
080-mft-ASAQ_50-ASPY85_50,21,27420.333333333332,2031,MFT ASAQ 50% - ASPY85 - 50%,#fb8072,0,0.0,004
080-mft-ASAQ_50-ASPY85_50,22,27106.88888888889,2031,MFT ASAQ 50% - ASPY85 - 50%,#fb8072,0,0.0,004
080-mft-ASAQ_50-ASPY85_50,23,27406.5,2031,MFT ASAQ 50% - ASPY85 - 50%,#fb8072,0,0.0,004
080-mft-ASAQ_50-ASPY85_50,24,27209.61111111111,2031,MFT ASAQ 50% - ASPY85 - 50%,#fb8072,0,0.0,004
080-mft-ASAQ_50-ASPY85_50,25,27558.0,2031,MFT ASAQ 50% - ASPY85 - 50%,#fb8072,0,0.0,004
080-mft-ASAQ_50-ASPY85_50,26,27548.722222222223,2031,MFT ASAQ 50% - ASPY85 - 50%,#fb8072,0,0.0,004
080-mft-ASAQ_50-ASPY85_50,27,27653.277777777777,2031,MFT ASAQ 50% - ASPY85 - 50%,#fb8072,0,0.0,004
080-mft-ASAQ_50-ASPY85_50,28,28121.222222222223,2031,MFT ASAQ 50% - ASPY85 - 50%,#fb8072,0,0.0,004
080-mft-ASAQ_50-ASPY85_50,29,28038.055555555555,2031,MFT ASAQ 50% - ASPY85 - 50%,#fb8072,0,0.0,004
080-mft-ASAQ_50-ASPY85_50,30,28016.722222222223,2031,MFT ASAQ 50% - ASPY85 - 50%,#fb8072,0,0.0,004
080-mft-ASAQ_50-ASPY85_50,31,26976.38888888889,2031,MFT ASAQ 50% - ASPY85 - 50%,#fb8072,0,0.0,004
080-mft-ASAQ_50-ASPY85_50,32,27783.055555555555,2031,MFT ASAQ 50% - ASPY85 - 50%,#fb8072,0,0.0,004
080-mft-ASAQ_50-ASPY85_50,33,27296.722222222223,2031,MFT ASAQ 50% - ASPY85 - 50%,#fb8072,0,0.0,004
080-mft-ASAQ_50-ASPY85_50,34,27209.88888888889,2031,MFT ASAQ 50% - ASPY85 - 50%,#fb8072,0,0.0,004
080-mft-ASAQ_50-ASPY85_50,35,27514.166666666668,2031,MFT ASAQ 50% - ASPY85 - 50%,#fb8072,0,0.0,004
080-mft-ASAQ_50-ASPY85_50,36,27518.333333333332,2031,MFT ASAQ 50% - ASPY85 - 50%,#fb8072,0,0.0,004
080-mft-ASAQ_50-ASPY85_50,37,27886.61111111111,2031,MFT ASAQ 50% - ASPY85 - 50%,#fb8072,0,0.0,004
080-mft-ASAQ_50-ASPY85_50,38,27924.5,2031,MFT ASAQ 50% - ASPY85 - 50%,#fb8072,0,0.0,004
080-mft-ASAQ_50-ASPY85_50,39,27650.5,2031,MFT ASAQ 50% - ASPY85 - 50%,#fb8072,0,0.0,004
080-mft-ASAQ_50-ASPY85_50,40,27835.555555555555,2031,MFT ASAQ 50% - ASPY85 - 50%,#fb8072,0,0.0,004
080-mft-ASAQ_50-ASPY85_50,41,27164.166666666668,2031,MFT ASAQ 50% - ASPY85 - 50%,#fb8072,0,0.0,004
080-mft-ASAQ_50-ASPY85_50,42,27681.277777777777,2031,MFT ASAQ 50% - ASPY85 - 50%,#fb8072,0,0.0,004
080-mft-ASAQ_50-ASPY85_50,43,27149.277777777777,2031,MFT ASAQ 50% - ASPY85 - 50%,#fb8072,0,0.0,004
080-mft-ASAQ_50-ASPY85_50,44,27536.055555555555,2031,MFT ASAQ 50% - ASPY85 - 50%,#fb8072,0,0.0,004
080-mft-ASAQ_50-ASPY85_50,45,27662.88888888889,2031,MFT ASAQ 50% - ASPY85 - 50%,#fb8072,0,0.0,004
080-mft-ASAQ_50-ASPY85_50,46,26821.38888888889,2031,MFT ASAQ 50% - ASPY85 - 50%,#fb8072,0,0.0,004
080-mft-ASAQ_50-ASPY85_50,47,27509.666666666668,2031,MFT ASAQ 50% - ASPY85 - 50%,#fb8072,0,0.0,004
080-mft-ASAQ_50-ASPY85_50,48,27361.944444444445,2031,MFT ASAQ 50% - ASPY85 - 50%,#fb8072,0,0.0,004
080-mft-ASAQ_50-ASPY85_50,49,27777.777777777777,2031,MFT ASAQ 50% - ASPY85 - 50%,#fb8072,0,0.0,004
080-mft-ASAQ_50-ASPY85_50,50,27449.333333333332,2031,MFT ASAQ 50% - ASPY85 - 50%,#fb8072,0,0.0,004
080-mft-ASAQ_50-ASPY85_50,51,28390.055555555555,2031,MFT ASAQ 50% - ASPY85 - 50%,#fb8072,0,0.0,004
080-mft-ASAQ_50-ASPY85_50,52,27911.444444444445,2031,MFT ASAQ 50% - ASPY85 - 50%,#fb8072,0,0.0,004
080-mft-ASAQ_50-ASPY85_50,53,27683.722222222223,2031,MFT ASAQ 50% - ASPY85 - 50%,#fb8072,0,0.0,004
080-mft-ASAQ_50-ASPY85_50,54,27446.5,2031,MFT ASAQ 50% - ASPY85 - 50%,#fb8072,0,0.0,004
080-mft-ASAQ_50-ASPY85_50,55,27157.944444444445,2031,MFT ASAQ 50% - ASPY85 - 50%,#fb8072,0,0.0,004
080-mft-ASAQ_50-ASPY85_50,56,27200.277777777777,2031,MFT ASAQ 50% - ASPY85 - 50%,#fb8072,0,0.0,004
080-mft-ASAQ_50-ASPY85_50,57,28219.11111111111,2031,MFT ASAQ 50% - ASPY85 - 50%,#fb8072,0,0.0,004
080-mft-ASAQ_50-ASPY85_50,58,27677.333333333332,2031,MFT ASAQ 50% - ASPY85 - 50%,#fb8072,0,0.0,004
080-mft-ASAQ_50-ASPY85_50,59,27501.0,2031,MFT ASAQ 50% - ASPY85 - 50%,#fb8072,0,0.0,004
080-mft-ASAQ_50-ASPY85_50,60,28147.833333333332,2031,MFT ASAQ 50% - ASPY85 - 50%,#fb8072,0,0.0,004
080-mft-ASAQ_50-ASPY85_50,61,27102.666666666668,2031,MFT ASAQ 50% - ASPY85 - 50%,#fb8072,0,0.0,004
080-mft-ASAQ_50-ASPY85_50,62,27188.5,2031,MFT ASAQ 50% - ASPY85 - 50%,#fb8072,0,0.0,004
080-mft-ASAQ_50-ASPY85_50,63,27075.333333333332,2031,MFT ASAQ 50% - ASPY85 - 50%,#fb8072,0,0.0,004
080-mft-ASAQ_50-ASPY85_50,64,27221.666666666668,2031,MFT ASAQ 50% - ASPY85 - 50%,#fb8072,0,0.0,004
080-mft-ASAQ_50-ASPY85_50,65,27850.833333333332,2031,MFT ASAQ 50% - ASPY85 - 50%,#fb8072,0,0.0,004
080-mft-ASAQ_50-ASPY85_50,66,27991.61111111111,2031,MFT ASAQ 50% - ASPY85 - 50%,#fb8072,0,0.0,004
080-mft-ASAQ_50-ASPY85_50,67,27848.11111111111,2031,MFT ASAQ 50% - ASPY85 - 50%,#fb8072,0,0.0,004
080-mft-ASAQ_50-ASPY85_50,68,26904.722222222223,2031,MFT ASAQ 50% - ASPY85 - 50%,#fb8072,0,0.0,004
080-mft-ASAQ_50-ASPY85_50,69,27977.444444444445,2031,MFT ASAQ 50% - ASPY85 - 50%,#fb8072,0,0.0,004
080-mft-ASAQ_50-ASPY85_50,70,28753.777777777777,2031,MFT ASAQ 50% - ASPY85 - 50%,#fb8072,0,0.0,004
080-mft-ASAQ_50-ASPY85_50,71,27274.5,2031,MFT ASAQ 50% - ASPY85 - 50%,#fb8072,0,0.0,004
080-mft-ASAQ_50-ASPY85_50,72,27332.166666666668,2031,MFT ASAQ 50% - ASPY85 - 50%,#fb8072,0,0.0,004
080-mft-ASAQ_50-ASPY85_50,73,27546.722222222223,2031,MFT ASAQ 50% - ASPY85 - 50%,#fb8072,0,0.0,004
080-mft-ASAQ_50-ASPY85_50,74,28080.0,2031,MFT ASAQ 50% - ASPY85 - 50%,#fb8072,0,0.0,004
080-mft-ASAQ_50-ASPY85_50,75,27456.722222222223,2031,MFT ASAQ 50% - ASPY85 - 50%,#fb8072,0,0.0,004
080-mft-ASAQ_50-ASPY85_50,76,27550.5,2031,MFT ASAQ 50% - ASPY85 - 50%,#fb8072,0,0.0,004
080-mft-ASAQ_50-ASPY85_50,77,27577.0,2031,MFT ASAQ 50% - ASPY85 - 50%,#fb8072,0,0.0,004
080-mft-ASAQ_50-ASPY85_50,78,27088.055555555555,2031,MFT ASAQ 50% - ASPY85 - 50%,#fb8072,0,0.0,004
080-mft-ASAQ_50-ASPY85_50,79,27765.666666666668,2031,MFT ASAQ 50% - ASPY85 - 50%,#fb8072,0,0.0,004
080-mft-ASAQ_50-ASPY85_50,80,27266.166666666668,2031,MFT ASAQ 50% - ASPY85 - 50%,#fb8072,0,0.0,004
080-mft-ASAQ_50-ASPY85_50,81,27471.333333333332,2031,MFT ASAQ 50% - ASPY85 - 50%,#fb8072,0,0.0,004
080-mft-ASAQ_50-ASPY85_50,82,28102.0,2031,MFT ASAQ 50% - ASPY85 - 50%,#fb8072,0,0.0,004
080-mft-ASAQ_50-ASPY85_50,83,27279.88888888889,2031,MFT ASAQ 50% - ASPY85 - 50%,#fb8072,0,0.0,004
080-mft-ASAQ_50-ASPY85_50,84,26944.444444444445,2031,MFT ASAQ 50% - ASPY85 - 50%,#fb8072,0,0.0,004
080-mft-ASAQ_50-ASPY85_50,85,27334.666666666668,2031,MFT ASAQ 50% - ASPY85 - 50%,#fb8072,0,0.0,004
080-mft-ASAQ_50-ASPY85_50,86,27451.833333333332,2031,MFT ASAQ 50% - ASPY85 - 50%,#fb8072,0,0.0,004
080-mft-ASAQ_50-ASPY85_50,87,27116.777777777777,2031,MFT ASAQ 50% - ASPY85 - 50%,#fb8072,0,0.0,004
080-mft-ASAQ_50-ASPY85_50,88,27785.61111111111,2031,MFT ASAQ 50% - ASPY85 - 50%,#fb8072,0,0.0,004
080-mft-ASAQ_50-ASPY85_50,89,27288.88888888889,2031,MFT ASAQ 50% - ASPY85 - 50%,#fb8072,0,0.0,004
080-mft-ASAQ_50-ASPY85_50,90,28105.277777777777,2031,MFT ASAQ 50% - ASPY85 - 50%,#fb8072,0,0.0,004
080-mft-ASAQ_50-ASPY85_50,91,27176.555555555555,2031,MFT ASAQ 50% - ASPY85 - 50%,#fb8072,0,0.0,004
080-mft-ASAQ_50-ASPY85_50,92,27369.777777777777,2031,MFT ASAQ 50% - ASPY85 - 50%,#fb8072,0,0.0,004
080-mft-ASAQ_50-ASPY85_50,93,26793.944444444445,2031,MFT ASAQ 50% - ASPY85 - 50%,#fb8072,0,0.0,004
080-mft-ASAQ_50-ASPY85_50,94,27596.333333333332,2031,MFT ASAQ 50% - ASPY85 - 50%,#fb8072,0,0.0,004
080-mft-ASAQ_50-ASPY85_50,95,27746.444444444445,2031,MFT ASAQ 50% - ASPY85 - 50%,#fb8072,0,0.0,004
080-mft-ASAQ_50-ASPY85_50,96,27350.722222222223,2031,MFT ASAQ 50% - ASPY85 - 50%,#fb8072,0,0.0,004
080-mft-ASAQ_50-ASPY85_50,97,28720.222222222223,2031,MFT ASAQ 50% - ASPY85 - 50%,#fb8072,0,0.0,004
080-mft-ASAQ_50-ASPY85_50,98,27318.444444444445,2031,MFT ASAQ 50% - ASPY85 - 50%,#fb8072,0,0.0,004
080-mft-ASAQ_50-ASPY85_50,99,26789.5,2031,MFT ASAQ 50% - ASPY85 - 50%,#fb8072,0,0.0,004
081-mft-ASAQ_50-ASPY75_50,0,27150.833333333332,2031,MFT ASAQ 50% - ASPY75 - 50%,#fb8072,0,0.0,004
081-mft-ASAQ_50-ASPY75_50,1,28365.166666666668,2031,MFT ASAQ 50% - ASPY75 - 50%,#fb8072,0,0.0,004
081-mft-ASAQ_50-ASPY75_50,2,27114.666666666668,2031,MFT ASAQ 50% - ASPY75 - 50%,#fb8072,0,0.0,004
081-mft-ASAQ_50-ASPY75_50,3,27955.666666666668,2031,MFT ASAQ 50% - ASPY75 - 50%,#fb8072,0,0.0,004
081-mft-ASAQ_50-ASPY75_50,4,27571.222222222223,2031,MFT ASAQ 50% - ASPY75 - 50%,#fb8072,0,0.0,004
081-mft-ASAQ_50-ASPY75_50,5,27047.055555555555,2031,MFT ASAQ 50% - ASPY75 - 50%,#fb8072,0,0.0,004
081-mft-ASAQ_50-ASPY75_50,6,27804.61111111111,2031,MFT ASAQ 50% - ASPY75 - 50%,#fb8072,0,0.0,004
081-mft-ASAQ_50-ASPY75_50,7,27510.055555555555,2031,MFT ASAQ 50% - ASPY75 - 50%,#fb8072,0,0.0,004
081-mft-ASAQ_50-ASPY75_50,8,27681.055555555555,2031,MFT ASAQ 50% - ASPY75 - 50%,#fb8072,0,0.0,004
081-mft-ASAQ_50-ASPY75_50,9,27307.055555555555,2031,MFT ASAQ 50% - ASPY75 - 50%,#fb8072,0,0.0,004
081-mft-ASAQ_50-ASPY75_50,10,27310.444444444445,2031,MFT ASAQ 50% - ASPY75 - 50%,#fb8072,0,0.0,004
081-mft-ASAQ_50-ASPY75_50,11,27360.333333333332,2031,MFT ASAQ 50% - ASPY75 - 50%,#fb8072,0,0.0,004
081-mft-ASAQ_50-ASPY75_50,12,28002.833333333332,2031,MFT ASAQ 50% - ASPY75 - 50%,#fb8072,0,0.0,004
081-mft-ASAQ_50-ASPY75_50,13,27885.222222222223,2031,MFT ASAQ 50% - ASPY75 - 50%,#fb8072,0,0.0,004
081-mft-ASAQ_50-ASPY75_50,14,27004.38888888889,2031,MFT ASAQ 50% - ASPY75 - 50%,#fb8072,0,0.0,004
081-mft-ASAQ_50-ASPY75_50,15,28026.222222222223,2031,MFT ASAQ 50% - ASPY75 - 50%,#fb8072,0,0.0,004
081-mft-ASAQ_50-ASPY75_50,16,27375.444444444445,2031,MFT ASAQ 50% - ASPY75 - 50%,#fb8072,0,0.0,004
081-mft-ASAQ_50-ASPY75_50,17,27802.277777777777,2031,MFT ASAQ 50% - ASPY75 - 50%,#fb8072,0,0.0,004
081-mft-ASAQ_50-ASPY75_50,18,27243.777777777777,2031,MFT ASAQ 50% - ASPY75 - 50%,#fb8072,0,0.0,004
081-mft-ASAQ_50-ASPY75_50,19,28113.11111111111,2031,MFT ASAQ 50% - ASPY75 - 50%,#fb8072,0,0.0,004
081-mft-ASAQ_50-ASPY75_50,20,27067.944444444445,2031,MFT ASAQ 50% - ASPY75 - 50%,#fb8072,0,0.0,004
081-mft-ASAQ_50-ASPY75_50,21,27611.055555555555,2031,MFT ASAQ 50% - ASPY75 - 50%,#fb8072,0,0.0,004
081-mft-ASAQ_50-ASPY75_50,22,28148.833333333332,2031,MFT ASAQ 50% - ASPY75 - 50%,#fb8072,0,0.0,004
081-mft-ASAQ_50-ASPY75_50,23,27657.444444444445,2031,MFT ASAQ 50% - ASPY75 - 50%,#fb8072,0,0.0,004
081-mft-ASAQ_50-ASPY75_50,24,27161.444444444445,2031,MFT ASAQ 50% - ASPY75 - 50%,#fb8072,0,0.0,004
081-mft-ASAQ_50-ASPY75_50,25,28035.277777777777,2031,MFT ASAQ 50% - ASPY75 - 50%,#fb8072,0,0.0,004
081-mft-ASAQ_50-ASPY75_50,26,27861.333333333332,2031,MFT ASAQ 50% - ASPY75 - 50%,#fb8072,0,0.0,004
081-mft-ASAQ_50-ASPY75_50,27,28033.277777777777,2031,MFT ASAQ 50% - ASPY75 - 50%,#fb8072,0,0.0,004
081-mft-ASAQ_50-ASPY75_50,28,26827.38888888889,2031,MFT ASAQ 50% - ASPY75 - 50%,#fb8072,0,0.0,004
081-mft-ASAQ_50-ASPY75_50,29,27493.61111111111,2031,MFT ASAQ 50% - ASPY75 - 50%,#fb8072,0,0.0,004
081-mft-ASAQ_50-ASPY75_50,30,27094.61111111111,2031,MFT ASAQ 50% - ASPY75 - 50%,#fb8072,0,0.0,004
081-mft-ASAQ_50-ASPY75_50,31,27244.555555555555,2031,MFT ASAQ 50% - ASPY75 - 50%,#fb8072,0,0.0,004
081-mft-ASAQ_50-ASPY75_50,32,28068.11111111111,2031,MFT ASAQ 50% - ASPY75 - 50%,#fb8072,0,0.0,004
081-mft-ASAQ_50-ASPY75_50,33,27927.5,2031,MFT ASAQ 50% - ASPY75 - 50%,#fb8072,0,0.0,004
081-mft-ASAQ_50-ASPY75_50,34,27032.333333333332,2031,MFT ASAQ 50% - ASPY75 - 50%,#fb8072,0,0.0,004
081-mft-ASAQ_50-ASPY75_50,35,27743.722222222223,2031,MFT ASAQ 50% - ASPY75 - 50%,#fb8072,0,0.0,004
081-mft-ASAQ_50-ASPY75_50,36,27361.777777777777,2031,MFT ASAQ 50% - ASPY75 - 50%,#fb8072,0,0.0,004
081-mft-ASAQ_50-ASPY75_50,37,27360.444444444445,2031,MFT ASAQ 50% - ASPY75 - 50%,#fb8072,0,0.0,004
081-mft-ASAQ_50-ASPY75_50,38,27978.722222222223,2031,MFT ASAQ 50% - ASPY75 - 50%,#fb8072,0,0.0,004
081-mft-ASAQ_50-ASPY75_50,39,27982.166666666668,2031,MFT ASAQ 50% - ASPY75 - 50%,#fb8072,0,0.0,004
081-mft-ASAQ_50-ASPY75_50,40,28283.777777777777,2031,MFT ASAQ 50% - ASPY75 - 50%,#fb8072,0,0.0,004
081-mft-ASAQ_50-ASPY75_50,41,27245.166666666668,2031,MFT ASAQ 50% - ASPY75 - 50%,#fb8072,0,0.0,004
081-mft-ASAQ_50-ASPY75_50,42,27712.666666666668,2031,MFT ASAQ 50% - ASPY75 - 50%,#fb8072,0,0.0,004
081-mft-ASAQ_50-ASPY75_50,43,28092.777777777777,2031,MFT ASAQ 50% - ASPY75 - 50%,#fb8072,0,0.0,004
081-mft-ASAQ_50-ASPY75_50,44,28049.333333333332,2031,MFT ASAQ 50% - ASPY75 - 50%,#fb8072,0,0.0,004
081-mft-ASAQ_50-ASPY75_50,45,27818.555555555555,2031,MFT ASAQ 50% - ASPY75 - 50%,#fb8072,0,0.0,004
081-mft-ASAQ_50-ASPY75_50,46,26653.222222222223,2031,MFT ASAQ 50% - ASPY75 - 50%,#fb8072,0,0.0,004
081-mft-ASAQ_50-ASPY75_50,47,27102.61111111111,2031,MFT ASAQ 50% - ASPY75 - 50%,#fb8072,0,0.0,004
081-mft-ASAQ_50-ASPY75_50,48,27476.666666666668,2031,MFT ASAQ 50% - ASPY75 - 50%,#fb8072,0,0.0,004
081-mft-ASAQ_50-ASPY75_50,49,27554.944444444445,2031,MFT ASAQ 50% - ASPY75 - 50%,#fb8072,0,0.0,004
081-mft-ASAQ_50-ASPY75_50,50,27545.833333333332,2031,MFT ASAQ 50% - ASPY75 - 50%,#fb8072,0,0.0,004
081-mft-ASAQ_50-ASPY75_50,51,27662.166666666668,2031,MFT ASAQ 50% - ASPY75 - 50%,#fb8072,0,0.0,004
081-mft-ASAQ_50-ASPY75_50,52,27702.333333333332,2031,MFT ASAQ 50% - ASPY75 - 50%,#fb8072,0,0.0,004
081-mft-ASAQ_50-ASPY75_50,53,28175.222222222223,2031,MFT ASAQ 50% - ASPY75 - 50%,#fb8072,0,0.0,004
081-mft-ASAQ_50-ASPY75_50,54,27141.166666666668,2031,MFT ASAQ 50% - ASPY75 - 50%,#fb8072,0,0.0,004
081-mft-ASAQ_50-ASPY75_50,55,27051.61111111111,2031,MFT ASAQ 50% - ASPY75 - 50%,#fb8072,0,0.0,004
081-mft-ASAQ_50-ASPY75_50,56,27061.88888888889,2031,MFT ASAQ 50% - ASPY75 - 50%,#fb8072,0,0.0,004
081-mft-ASAQ_50-ASPY75_50,57,27679.166666666668,2031,MFT ASAQ 50% - ASPY75 - 50%,#fb8072,0,0.0,004
081-mft-ASAQ_50-ASPY75_50,58,28319.11111111111,2031,MFT ASAQ 50% - ASPY75 - 50%,#fb8072,0,0.0,004
081-mft-ASAQ_50-ASPY75_50,59,28649.5,2031,MFT ASAQ 50% - ASPY75 - 50%,#fb8072,0,0.0,004
081-mft-ASAQ_50-ASPY75_50,60,27613.88888888889,2031,MFT ASAQ 50% - ASPY75 - 50%,#fb8072,0,0.0,004
081-mft-ASAQ_50-ASPY75_50,61,27849.88888888889,2031,MFT ASAQ 50% - ASPY75 - 50%,#fb8072,0,0.0,004
081-mft-ASAQ_50-ASPY75_50,62,27907.166666666668,2031,MFT ASAQ 50% - ASPY75 - 50%,#fb8072,0,0.0,004
081-mft-ASAQ_50-ASPY75_50,63,26895.222222222223,2031,MFT ASAQ 50% - ASPY75 - 50%,#fb8072,0,0.0,004
081-mft-ASAQ_50-ASPY75_50,64,27631.61111111111,2031,MFT ASAQ 50% - ASPY75 - 50%,#fb8072,0,0.0,004
081-mft-ASAQ_50-ASPY75_50,65,28298.5,2031,MFT ASAQ 50% - ASPY75 - 50%,#fb8072,0,0.0,004
081-mft-ASAQ_50-ASPY75_50,66,27374.555555555555,2031,MFT ASAQ 50% - ASPY75 - 50%,#fb8072,0,0.0,004
081-mft-ASAQ_50-ASPY75_50,67,27137.0,2031,MFT ASAQ 50% - ASPY75 - 50%,#fb8072,0,0.0,004
081-mft-ASAQ_50-ASPY75_50,68,27621.444444444445,2031,MFT ASAQ 50% - ASPY75 - 50%,#fb8072,0,0.0,004
081-mft-ASAQ_50-ASPY75_50,69,27392.61111111111,2031,MFT ASAQ 50% - ASPY75 - 50%,#fb8072,0,0.0,004
081-mft-ASAQ_50-ASPY75_50,70,27441.166666666668,2031,MFT ASAQ 50% - ASPY75 - 50%,#fb8072,0,0.0,004
081-mft-ASAQ_50-ASPY75_50,71,27003.333333333332,2031,MFT ASAQ 50% - ASPY75 - 50%,#fb8072,0,0.0,004
081-mft-ASAQ_50-ASPY75_50,72,27745.11111111111,2031,MFT ASAQ 50% - ASPY75 - 50%,#fb8072,0,0.0,004
081-mft-ASAQ_50-ASPY75_50,73,27615.277777777777,2031,MFT ASAQ 50% - ASPY75 - 50%,#fb8072,0,0.0,004
081-mft-ASAQ_50-ASPY75_50,74,27430.055555555555,2031,MFT ASAQ 50% - ASPY75 - 50%,#fb8072,0,0.0,004
081-mft-ASAQ_50-ASPY75_50,75,27697.88888888889,2031,MFT ASAQ 50% - ASPY75 - 50%,#fb8072,0,0.0,004
081-mft-ASAQ_50-ASPY75_50,76,28093.11111111111,2031,MFT ASAQ 50% - ASPY75 - 50%,#fb8072,0,0.0,004
081-mft-ASAQ_50-ASPY75_50,77,27174.666666666668,2031,MFT ASAQ 50% - ASPY75 - 50%,#fb8072,0,0.0,004
081-mft-ASAQ_50-ASPY75_50,78,27476.5,2031,MFT ASAQ 50% - ASPY75 - 50%,#fb8072,0,0.0,004
081-mft-ASAQ_50-ASPY75_50,79,27255.88888888889,2031,MFT ASAQ 50% - ASPY75 - 50%,#fb8072,0,0.0,004
081-mft-ASAQ_50-ASPY75_50,80,28356.61111111111,2031,MFT ASAQ 50% - ASPY75 - 50%,#fb8072,0,0.0,004
081-mft-ASAQ_50-ASPY75_50,81,28654.333333333332,2031,MFT ASAQ 50% - ASPY75 - 50%,#fb8072,0,0.0,004
081-mft-ASAQ_50-ASPY75_50,82,27277.333333333332,2031,MFT ASAQ 50% - ASPY75 - 50%,#fb8072,0,0.0,004
081-mft-ASAQ_50-ASPY75_50,83,27874.666666666668,2031,MFT ASAQ 50% - ASPY75 - 50%,#fb8072,0,0.0,004
081-mft-ASAQ_50-ASPY75_50,84,27616.5,2031,MFT ASAQ 50% - ASPY75 - 50%,#fb8072,0,0.0,004
081-mft-ASAQ_50-ASPY75_50,85,27702.277777777777,2031,MFT ASAQ 50% - ASPY75 - 50%,#fb8072,0,0.0,004
081-mft-ASAQ_50-ASPY75_50,86,27139.166666666668,2031,MFT ASAQ 50% - ASPY75 - 50%,#fb8072,0,0.0,004
081-mft-ASAQ_50-ASPY75_50,87,27434.722222222223,2031,MFT ASAQ 50% - ASPY75 - 50%,#fb8072,0,0.0,004
081-mft-ASAQ_50-ASPY75_50,88,27237.666666666668,2031,MFT ASAQ 50% - ASPY75 - 50%,#fb8072,0,0.0,004
081-mft-ASAQ_50-ASPY75_50,89,27985.166666666668,2031,MFT ASAQ 50% - ASPY75 - 50%,#fb8072,0,0.0,004
081-mft-ASAQ_50-ASPY75_50,90,28288.61111111111,2031,MFT ASAQ 50% - ASPY75 - 50%,#fb8072,0,0.0,004
081-mft-ASAQ_50-ASPY75_50,91,27578.944444444445,2031,MFT ASAQ 50% - ASPY75 - 50%,#fb8072,0,0.0,004
081-mft-ASAQ_50-ASPY75_50,92,28036.833333333332,2031,MFT ASAQ 50% - ASPY75 - 50%,#fb8072,0,0.0,004
081-mft-ASAQ_50-ASPY75_50,93,26392.11111111111,2031,MFT ASAQ 50% - ASPY75 - 50%,#fb8072,0,0.0,004
081-mft-ASAQ_50-ASPY75_50,94,27847.833333333332,2031,MFT ASAQ 50% - ASPY75 - 50%,#fb8072,0,0.0,004
081-mft-ASAQ_50-ASPY75_50,95,27894.944444444445,2031,MFT ASAQ 50% - ASPY75 - 50%,#fb8072,0,0.0,004
081-mft-ASAQ_50-ASPY75_50,96,27687.38888888889,2031,MFT ASAQ 50% - ASPY75 - 50%,#fb8072,0,0.0,004
081-mft-ASAQ_50-ASPY75_50,97,26987.277777777777,2031,MFT ASAQ 50% - ASPY75 - 50%,#fb8072,0,0.0,004
081-mft-ASAQ_50-ASPY75_50,98,27443.88888888889,2031,MFT ASAQ 50% - ASPY75 - 50%,#fb8072,0,0.0,004
081-mft-ASAQ_50-ASPY75_50,99,27500.277777777777,2031,MFT ASAQ 50% - ASPY75 - 50%,#fb8072,0,0.0,004
082-mft-ASAQ_50-ASPY65_50,0,27627.444444444445,2031,MFT ASAQ 50% - ASPY65 - 50%,#fb8072,0,0.0,004
082-mft-ASAQ_50-ASPY65_50,1,28149.88888888889,2031,MFT ASAQ 50% - ASPY65 - 50%,#fb8072,0,0.0,004
082-mft-ASAQ_50-ASPY65_50,2,27665.055555555555,2031,MFT ASAQ 50% - ASPY65 - 50%,#fb8072,0,0.0,004
082-mft-ASAQ_50-ASPY65_50,3,27256.944444444445,2031,MFT ASAQ 50% - ASPY65 - 50%,#fb8072,0,0.0,004
082-mft-ASAQ_50-ASPY65_50,4,27843.666666666668,2031,MFT ASAQ 50% - ASPY65 - 50%,#fb8072,0,0.0,004
082-mft-ASAQ_50-ASPY65_50,5,27638.666666666668,2031,MFT ASAQ 50% - ASPY65 - 50%,#fb8072,0,0.0,004
082-mft-ASAQ_50-ASPY65_50,6,26967.277777777777,2031,MFT ASAQ 50% - ASPY65 - 50%,#fb8072,0,0.0,004
082-mft-ASAQ_50-ASPY65_50,7,27614.0,2031,MFT ASAQ 50% - ASPY65 - 50%,#fb8072,0,0.0,004
082-mft-ASAQ_50-ASPY65_50,8,28813.444444444445,2031,MFT ASAQ 50% - ASPY65 - 50%,#fb8072,0,0.0,004
082-mft-ASAQ_50-ASPY65_50,9,28345.055555555555,2031,MFT ASAQ 50% - ASPY65 - 50%,#fb8072,0,0.0,004
082-mft-ASAQ_50-ASPY65_50,10,28147.777777777777,2031,MFT ASAQ 50% - ASPY65 - 50%,#fb8072,0,0.0,004
082-mft-ASAQ_50-ASPY65_50,11,27922.333333333332,2031,MFT ASAQ 50% - ASPY65 - 50%,#fb8072,0,0.0,004
082-mft-ASAQ_50-ASPY65_50,12,27803.61111111111,2031,MFT ASAQ 50% - ASPY65 - 50%,#fb8072,0,0.0,004
082-mft-ASAQ_50-ASPY65_50,13,27879.277777777777,2031,MFT ASAQ 50% - ASPY65 - 50%,#fb8072,0,0.0,004
082-mft-ASAQ_50-ASPY65_50,14,28055.777777777777,2031,MFT ASAQ 50% - ASPY65 - 50%,#fb8072,0,0.0,004
082-mft-ASAQ_50-ASPY65_50,15,27438.277777777777,2031,MFT ASAQ 50% - ASPY65 - 50%,#fb8072,0,0.0,004
082-mft-ASAQ_50-ASPY65_50,16,27142.88888888889,2031,MFT ASAQ 50% - ASPY65 - 50%,#fb8072,0,0.0,004
082-mft-ASAQ_50-ASPY65_50,17,27040.166666666668,2031,MFT ASAQ 50% - ASPY65 - 50%,#fb8072,0,0.0,004
082-mft-ASAQ_50-ASPY65_50,18,28261.11111111111,2031,MFT ASAQ 50% - ASPY65 - 50%,#fb8072,0,0.0,004
082-mft-ASAQ_50-ASPY65_50,19,28365.333333333332,2031,MFT ASAQ 50% - ASPY65 - 50%,#fb8072,0,0.0,004
082-mft-ASAQ_50-ASPY65_50,20,27899.222222222223,2031,MFT ASAQ 50% - ASPY65 - 50%,#fb8072,0,0.0,004
082-mft-ASAQ_50-ASPY65_50,21,28316.0,2031,MFT ASAQ 50% - ASPY65 - 50%,#fb8072,0,0.0,004
082-mft-ASAQ_50-ASPY65_50,22,28764.61111111111,2031,MFT ASAQ 50% - ASPY65 - 50%,#fb8072,0,0.0,004
082-mft-ASAQ_50-ASPY65_50,23,27469.333333333332,2031,MFT ASAQ 50% - ASPY65 - 50%,#fb8072,0,0.0,004
082-mft-ASAQ_50-ASPY65_50,24,28056.166666666668,2031,MFT ASAQ 50% - ASPY65 - 50%,#fb8072,0,0.0,004
082-mft-ASAQ_50-ASPY65_50,25,27509.5,2031,MFT ASAQ 50% - ASPY65 - 50%,#fb8072,0,0.0,004
082-mft-ASAQ_50-ASPY65_50,26,28115.0,2031,MFT ASAQ 50% - ASPY65 - 50%,#fb8072,0,0.0,004
082-mft-ASAQ_50-ASPY65_50,27,27784.5,2031,MFT ASAQ 50% - ASPY65 - 50%,#fb8072,0,0.0,004
082-mft-ASAQ_50-ASPY65_50,28,28160.61111111111,2031,MFT ASAQ 50% - ASPY65 - 50%,#fb8072,0,0.0,004
082-mft-ASAQ_50-ASPY65_50,29,27936.055555555555,2031,MFT ASAQ 50% - ASPY65 - 50%,#fb8072,0,0.0,004
082-mft-ASAQ_50-ASPY65_50,30,27354.0,2031,MFT ASAQ 50% - ASPY65 - 50%,#fb8072,0,0.0,004
082-mft-ASAQ_50-ASPY65_50,31,26792.944444444445,2031,MFT ASAQ 50% - ASPY65 - 50%,#fb8072,0,0.0,004
082-mft-ASAQ_50-ASPY65_50,32,28001.555555555555,2031,MFT ASAQ 50% - ASPY65 - 50%,#fb8072,0,0.0,004
082-mft-ASAQ_50-ASPY65_50,33,28612.88888888889,2031,MFT ASAQ 50% - ASPY65 - 50%,#fb8072,0,0.0,004
082-mft-ASAQ_50-ASPY65_50,34,28288.722222222223,2031,MFT ASAQ 50% - ASPY65 - 50%,#fb8072,0,0.0,004
082-mft-ASAQ_50-ASPY65_50,35,28183.277777777777,2031,MFT ASAQ 50% - ASPY65 - 50%,#fb8072,0,0.0,004
082-mft-ASAQ_50-ASPY65_50,36,27972.0,2031,MFT ASAQ 50% - ASPY65 - 50%,#fb8072,0,0.0,004
082-mft-ASAQ_50-ASPY65_50,37,27937.777777777777,2031,MFT ASAQ 50% - ASPY65 - 50%,#fb8072,0,0.0,004
082-mft-ASAQ_50-ASPY65_50,38,27162.222222222223,2031,MFT ASAQ 50% - ASPY65 - 50%,#fb8072,0,0.0,004
082-mft-ASAQ_50-ASPY65_50,39,28135.11111111111,2031,MFT ASAQ 50% - ASPY65 - 50%,#fb8072,0,0.0,004
082-mft-ASAQ_50-ASPY65_50,40,28535.722222222223,2031,MFT ASAQ 50% - ASPY65 - 50%,#fb8072,0,0.0,004
082-mft-ASAQ_50-ASPY65_50,41,27633.5,2031,MFT ASAQ 50% - ASPY65 - 50%,#fb8072,0,0.0,004
082-mft-ASAQ_50-ASPY65_50,42,27467.333333333332,2031,MFT ASAQ 50% - ASPY65 - 50%,#fb8072,0,0.0,004
082-mft-ASAQ_50-ASPY65_50,43,27473.0,2031,MFT ASAQ 50% - ASPY65 - 50%,#fb8072,0,0.0,004
082-mft-ASAQ_50-ASPY65_50,44,28753.277777777777,2031,MFT ASAQ 50% - ASPY65 - 50%,#fb8072,0,0.0,004
082-mft-ASAQ_50-ASPY65_50,45,26996.944444444445,2031,MFT ASAQ 50% - ASPY65 - 50%,#fb8072,0,0.0,004
082-mft-ASAQ_50-ASPY65_50,46,27915.277777777777,2031,MFT ASAQ 50% - ASPY65 - 50%,#fb8072,0,0.0,004
082-mft-ASAQ_50-ASPY65_50,47,28313.61111111111,2031,MFT ASAQ 50% - ASPY65 - 50%,#fb8072,0,0.0,004
082-mft-ASAQ_50-ASPY65_50,48,28374.166666666668,2031,MFT ASAQ 50% - ASPY65 - 50%,#fb8072,0,0.0,004
082-mft-ASAQ_50-ASPY65_50,49,27294.333333333332,2031,MFT ASAQ 50% - ASPY65 - 50%,#fb8072,0,0.0,004
082-mft-ASAQ_50-ASPY65_50,50,27856.555555555555,2031,MFT ASAQ 50% - ASPY65 - 50%,#fb8072,0,0.0,004
082-mft-ASAQ_50-ASPY65_50,51,28138.833333333332,2031,MFT ASAQ 50% - ASPY65 - 50%,#fb8072,0,0.0,004
082-mft-ASAQ_50-ASPY65_50,52,27409.777777777777,2031,MFT ASAQ 50% - ASPY65 - 50%,#fb8072,0,0.0,004
082-mft-ASAQ_50-ASPY65_50,53,27657.944444444445,2031,MFT ASAQ 50% - ASPY65 - 50%,#fb8072,0,0.0,004
082-mft-ASAQ_50-ASPY65_50,54,27363.0,2031,MFT ASAQ 50% - ASPY65 - 50%,#fb8072,0,0.0,004
082-mft-ASAQ_50-ASPY65_50,55,27496.61111111111,2031,MFT ASAQ 50% - ASPY65 - 50%,#fb8072,0,0.0,004
082-mft-ASAQ_50-ASPY65_50,56,28272.666666666668,2031,MFT ASAQ 50% - ASPY65 - 50%,#fb8072,0,0.0,004
082-mft-ASAQ_50-ASPY65_50,57,27848.222222222223,2031,MFT ASAQ 50% - ASPY65 - 50%,#fb8072,0,0.0,004
082-mft-ASAQ_50-ASPY65_50,58,28626.777777777777,2031,MFT ASAQ 50% - ASPY65 - 50%,#fb8072,0,0.0,004
082-mft-ASAQ_50-ASPY65_50,59,27413.166666666668,2031,MFT ASAQ 50% - ASPY65 - 50%,#fb8072,0,0.0,004
082-mft-ASAQ_50-ASPY65_50,60,26587.333333333332,2031,MFT ASAQ 50% - ASPY65 - 50%,#fb8072,0,0.0,004
082-mft-ASAQ_50-ASPY65_50,61,27632.944444444445,2031,MFT ASAQ 50% - ASPY65 - 50%,#fb8072,0,0.0,004
082-mft-ASAQ_50-ASPY65_50,62,28089.777777777777,2031,MFT ASAQ 50% - ASPY65 - 50%,#fb8072,0,0.0,004
082-mft-ASAQ_50-ASPY65_50,63,28084.444444444445,2031,MFT ASAQ 50% - ASPY65 - 50%,#fb8072,0,0.0,004
082-mft-ASAQ_50-ASPY65_50,64,27954.055555555555,2031,MFT ASAQ 50% - ASPY65 - 50%,#fb8072,0,0.0,004
082-mft-ASAQ_50-ASPY65_50,65,27958.11111111111,2031,MFT ASAQ 50% - ASPY65 - 50%,#fb8072,0,0.0,004
082-mft-ASAQ_50-ASPY65_50,66,27801.833333333332,2031,MFT ASAQ 50% - ASPY65 - 50%,#fb8072,0,0.0,004
082-mft-ASAQ_50-ASPY65_50,67,27931.61111111111,2031,MFT ASAQ 50% - ASPY65 - 50%,#fb8072,0,0.0,004
082-mft-ASAQ_50-ASPY65_50,68,28168.277777777777,2031,MFT ASAQ 50% - ASPY65 - 50%,#fb8072,0,0.0,004
082-mft-ASAQ_50-ASPY65_50,69,28578.666666666668,2031,MFT ASAQ 50% - ASPY65 - 50%,#fb8072,0,0.0,004
082-mft-ASAQ_50-ASPY65_50,70,28530.38888888889,2031,MFT ASAQ 50% - ASPY65 - 50%,#fb8072,0,0.0,004
082-mft-ASAQ_50-ASPY65_50,71,27784.555555555555,2031,MFT ASAQ 50% - ASPY65 - 50%,#fb8072,0,0.0,004
082-mft-ASAQ_50-ASPY65_50,72,27844.11111111111,2031,MFT ASAQ 50% - ASPY65 - 50%,#fb8072,0,0.0,004
082-mft-ASAQ_50-ASPY65_50,73,27062.055555555555,2031,MFT ASAQ 50% - ASPY65 - 50%,#fb8072,0,0.0,004
082-mft-ASAQ_50-ASPY65_50,74,27873.5,2031,MFT ASAQ 50% - ASPY65 - 50%,#fb8072,0,0.0,004
082-mft-ASAQ_50-ASPY65_50,75,27378.777777777777,2031,MFT ASAQ 50% - ASPY65 - 50%,#fb8072,0,0.0,004
082-mft-ASAQ_50-ASPY65_50,76,27476.0,2031,MFT ASAQ 50% - ASPY65 - 50%,#fb8072,0,0.0,004
082-mft-ASAQ_50-ASPY65_50,77,28486.166666666668,2031,MFT ASAQ 50% - ASPY65 - 50%,#fb8072,0,0.0,004
082-mft-ASAQ_50-ASPY65_50,78,27912.333333333332,2031,MFT ASAQ 50% - ASPY65 - 50%,#fb8072,0,0.0,004
082-mft-ASAQ_50-ASPY65_50,79,27764.88888888889,2031,MFT ASAQ 50% - ASPY65 - 50%,#fb8072,0,0.0,004
082-mft-ASAQ_50-ASPY65_50,80,27625.5,2031,MFT ASAQ 50% - ASPY65 - 50%,#fb8072,0,0.0,004
082-mft-ASAQ_50-ASPY65_50,81,27472.166666666668,2031,MFT ASAQ 50% - ASPY65 - 50%,#fb8072,0,0.0,004
082-mft-ASAQ_50-ASPY65_50,82,27793.38888888889,2031,MFT ASAQ 50% - ASPY65 - 50%,#fb8072,0,0.0,004
082-mft-ASAQ_50-ASPY65_50,83,27670.833333333332,2031,MFT ASAQ 50% - ASPY65 - 50%,#fb8072,0,0.0,004
082-mft-ASAQ_50-ASPY65_50,84,27413.944444444445,2031,MFT ASAQ 50% - ASPY65 - 50%,#fb8072,0,0.0,004
082-mft-ASAQ_50-ASPY65_50,85,27354.777777777777,2031,MFT ASAQ 50% - ASPY65 - 50%,#fb8072,0,0.0,004
082-mft-ASAQ_50-ASPY65_50,86,27769.555555555555,2031,MFT ASAQ 50% - ASPY65 - 50%,#fb8072,0,0.0,004
082-mft-ASAQ_50-ASPY65_50,87,28099.555555555555,2031,MFT ASAQ 50% - ASPY65 - 50%,#fb8072,0,0.0,004
082-mft-ASAQ_50-ASPY65_50,88,28424.38888888889,2031,MFT ASAQ 50% - ASPY65 - 50%,#fb8072,0,0.0,004
082-mft-ASAQ_50-ASPY65_50,89,28248.944444444445,2031,MFT ASAQ 50% - ASPY65 - 50%,#fb8072,0,0.0,004
082-mft-ASAQ_50-ASPY65_50,90,27029.0,2031,MFT ASAQ 50% - ASPY65 - 50%,#fb8072,0,0.0,004
082-mft-ASAQ_50-ASPY65_50,91,29117.333333333332,2031,MFT ASAQ 50% - ASPY65 - 50%,#fb8072,0,0.0,004
082-mft-ASAQ_50-ASPY65_50,92,27752.555555555555,2031,MFT ASAQ 50% - ASPY65 - 50%,#fb8072,0,0.0,004
082-mft-ASAQ_50-ASPY65_50,93,26963.11111111111,2031,MFT ASAQ 50% - ASPY65 - 50%,#fb8072,0,0.0,004
082-mft-ASAQ_50-ASPY65_50,94,28072.777777777777,2031,MFT ASAQ 50% - ASPY65 - 50%,#fb8072,0,0.0,004
082-mft-ASAQ_50-ASPY65_50,95,27442.444444444445,2031,MFT ASAQ 50% - ASPY65 - 50%,#fb8072,0,0.0,004
082-mft-ASAQ_50-ASPY65_50,96,27395.222222222223,2031,MFT ASAQ 50% - ASPY65 - 50%,#fb8072,0,0.0,004
082-mft-ASAQ_50-ASPY65_50,97,28026.722222222223,2031,MFT ASAQ 50% - ASPY65 - 50%,#fb8072,0,0.0,004
082-mft-ASAQ_50-ASPY65_50,98,28059.666666666668,2031,MFT ASAQ 50% - ASPY65 - 50%,#fb8072,0,0.0,004
082-mft-ASAQ_50-ASPY65_50,99,28389.222222222223,2031,MFT ASAQ 50% - ASPY65 - 50%,#fb8072,0,0.0,004
083-mft-AL-DHAPPQ-ASPY85,0,35672.77777777778,2031,MFT AL - DHAPPQ - ASPY85,#fb8072,0,33.0,004
083-mft-AL-DHAPPQ-ASPY85,1,33390.22222222222,2031,MFT AL - DHAPPQ - ASPY85,#fb8072,0,33.0,004
083-mft-AL-DHAPPQ-ASPY85,2,33146.333333333336,2031,MFT AL - DHAPPQ - ASPY85,#fb8072,0,33.0,004
083-mft-AL-DHAPPQ-ASPY85,3,32469.5,2031,MFT AL - DHAPPQ - ASPY85,#fb8072,0,33.0,004
083-mft-AL-DHAPPQ-ASPY85,4,34493.055555555555,2031,MFT AL - DHAPPQ - ASPY85,#fb8072,0,33.0,004
083-mft-AL-DHAPPQ-ASPY85,5,35631.833333333336,2031,MFT AL - DHAPPQ - ASPY85,#fb8072,0,33.0,004
083-mft-AL-DHAPPQ-ASPY85,6,35442.0,2031,MFT AL - DHAPPQ - ASPY85,#fb8072,0,33.0,004
083-mft-AL-DHAPPQ-ASPY85,7,33624.833333333336,2031,MFT AL - DHAPPQ - ASPY85,#fb8072,0,33.0,004
083-mft-AL-DHAPPQ-ASPY85,8,34870.27777777778,2031,MFT AL - DHAPPQ - ASPY85,#fb8072,0,33.0,004
083-mft-AL-DHAPPQ-ASPY85,9,32762.61111111111,2031,MFT AL - DHAPPQ - ASPY85,#fb8072,0,33.0,004
083-mft-AL-DHAPPQ-ASPY85,10,33317.0,2031,MFT AL - DHAPPQ - ASPY85,#fb8072,0,33.0,004
083-mft-AL-DHAPPQ-ASPY85,11,33636.0,2031,MFT AL - DHAPPQ - ASPY85,#fb8072,0,33.0,004
083-mft-AL-DHAPPQ-ASPY85,12,32861.0,2031,MFT AL - DHAPPQ - ASPY85,#fb8072,0,33.0,004
083-mft-AL-DHAPPQ-ASPY85,13,35523.11111111111,2031,MFT AL - DHAPPQ - ASPY85,#fb8072,0,33.0,004
083-mft-AL-DHAPPQ-ASPY85,14,33217.0,2031,MFT AL - DHAPPQ - ASPY85,#fb8072,0,33.0,004
083-mft-AL-DHAPPQ-ASPY85,15,32900.0,2031,MFT AL - DHAPPQ - ASPY85,#fb8072,0,33.0,004
083-mft-AL-DHAPPQ-ASPY85,16,32718.11111111111,2031,MFT AL - DHAPPQ - ASPY85,#fb8072,0,33.0,004
083-mft-AL-DHAPPQ-ASPY85,17,33604.666666666664,2031,MFT AL - DHAPPQ - ASPY85,#fb8072,0,33.0,004
083-mft-AL-DHAPPQ-ASPY85,18,33382.0,2031,MFT AL - DHAPPQ - ASPY85,#fb8072,0,33.0,004
083-mft-AL-DHAPPQ-ASPY85,19,35160.555555555555,2031,MFT AL - DHAPPQ - ASPY85,#fb8072,0,33.0,004
083-mft-AL-DHAPPQ-ASPY85,20,33128.61111111111,2031,MFT AL - DHAPPQ - ASPY85,#fb8072,0,33.0,004
083-mft-AL-DHAPPQ-ASPY85,21,33751.333333333336,2031,MFT AL - DHAPPQ - ASPY85,#fb8072,0,33.0,004
083-mft-AL-DHAPPQ-ASPY85,22,33397.61111111111,2031,MFT AL - DHAPPQ - ASPY85,#fb8072,0,33.0,004
083-mft-AL-DHAPPQ-ASPY85,23,32540.88888888889,2031,MFT AL - DHAPPQ - ASPY85,#fb8072,0,33.0,004
083-mft-AL-DHAPPQ-ASPY85,24,32889.555555555555,2031,MFT AL - DHAPPQ - ASPY85,#fb8072,0,33.0,004
083-mft-AL-DHAPPQ-ASPY85,25,34467.944444444445,2031,MFT AL - DHAPPQ - ASPY85,#fb8072,0,33.0,004
083-mft-AL-DHAPPQ-ASPY85,26,34248.666666666664,2031,MFT AL - DHAPPQ - ASPY85,#fb8072,0,33.0,004
083-mft-AL-DHAPPQ-ASPY85,27,32915.11111111111,2031,MFT AL - DHAPPQ - ASPY85,#fb8072,0,33.0,004
083-mft-AL-DHAPPQ-ASPY85,28,33132.666666666664,2031,MFT AL - DHAPPQ - ASPY85,#fb8072,0,33.0,004
083-mft-AL-DHAPPQ-ASPY85,29,35844.555555555555,2031,MFT AL - DHAPPQ - ASPY85,#fb8072,0,33.0,004
083-mft-AL-DHAPPQ-ASPY85,30,33220.166666666664,2031,MFT AL - DHAPPQ - ASPY85,#fb8072,0,33.0,004
083-mft-AL-DHAPPQ-ASPY85,31,33689.38888888889,2031,MFT AL - DHAPPQ - ASPY85,#fb8072,0,33.0,004
083-mft-AL-DHAPPQ-ASPY85,32,34399.61111111111,2031,MFT AL - DHAPPQ - ASPY85,#fb8072,0,33.0,004
083-mft-AL-DHAPPQ-ASPY85,33,34160.055555555555,2031,MFT AL - DHAPPQ - ASPY85,#fb8072,0,33.0,004
083-mft-AL-DHAPPQ-ASPY85,34,34429.27777777778,2031,MFT AL - DHAPPQ - ASPY85,#fb8072,0,33.0,004
083-mft-AL-DHAPPQ-ASPY85,35,33056.666666666664,2031,MFT AL - DHAPPQ - ASPY85,#fb8072,0,33.0,004
083-mft-AL-DHAPPQ-ASPY85,36,33678.77777777778,2031,MFT AL - DHAPPQ - ASPY85,#fb8072,0,33.0,004
083-mft-AL-DHAPPQ-ASPY85,37,35169.555555555555,2031,MFT AL - DHAPPQ - ASPY85,#fb8072,0,33.0,004
083-mft-AL-DHAPPQ-ASPY85,38,33386.27777777778,2031,MFT AL - DHAPPQ - ASPY85,#fb8072,0,33.0,004
083-mft-AL-DHAPPQ-ASPY85,39,33851.555555555555,2031,MFT AL - DHAPPQ - ASPY85,#fb8072,0,33.0,004
083-mft-AL-DHAPPQ-ASPY85,40,32683.444444444445,2031,MFT AL - DHAPPQ - ASPY85,#fb8072,0,33.0,004
083-mft-AL-DHAPPQ-ASPY85,41,34127.11111111111,2031,MFT AL - DHAPPQ - ASPY85,#fb8072,0,33.0,004
083-mft-AL-DHAPPQ-ASPY85,42,33444.944444444445,2031,MFT AL - DHAPPQ - ASPY85,#fb8072,0,33.0,004
083-mft-AL-DHAPPQ-ASPY85,43,35022.88888888889,2031,MFT AL - DHAPPQ - ASPY85,#fb8072,0,33.0,004
083-mft-AL-DHAPPQ-ASPY85,44,33792.11111111111,2031,MFT AL - DHAPPQ - ASPY85,#fb8072,0,33.0,004
083-mft-AL-DHAPPQ-ASPY85,45,33037.833333333336,2031,MFT AL - DHAPPQ - ASPY85,#fb8072,0,33.0,004
083-mft-AL-DHAPPQ-ASPY85,46,33895.0,2031,MFT AL - DHAPPQ - ASPY85,#fb8072,0,33.0,004
083-mft-AL-DHAPPQ-ASPY85,47,34779.055555555555,2031,MFT AL - DHAPPQ - ASPY85,#fb8072,0,33.0,004
083-mft-AL-DHAPPQ-ASPY85,48,33990.61111111111,2031,MFT AL - DHAPPQ - ASPY85,#fb8072,0,33.0,004
083-mft-AL-DHAPPQ-ASPY85,49,33619.38888888889,2031,MFT AL - DHAPPQ - ASPY85,#fb8072,0,33.0,004
083-mft-AL-DHAPPQ-ASPY85,50,32455.666666666668,2031,MFT AL - DHAPPQ - ASPY85,#fb8072,0,33.0,004
083-mft-AL-DHAPPQ-ASPY85,51,34896.555555555555,2031,MFT AL - DHAPPQ - ASPY85,#fb8072,0,33.0,004
083-mft-AL-DHAPPQ-ASPY85,52,33466.27777777778,2031,MFT AL - DHAPPQ - ASPY85,#fb8072,0,33.0,004
083-mft-AL-DHAPPQ-ASPY85,53,34305.333333333336,2031,MFT AL - DHAPPQ - ASPY85,#fb8072,0,33.0,004
083-mft-AL-DHAPPQ-ASPY85,54,35109.38888888889,2031,MFT AL - DHAPPQ - ASPY85,#fb8072,0,33.0,004
083-mft-AL-DHAPPQ-ASPY85,55,34533.72222222222,2031,MFT AL - DHAPPQ - ASPY85,#fb8072,0,33.0,004
083-mft-AL-DHAPPQ-ASPY85,56,33877.77777777778,2031,MFT AL - DHAPPQ - ASPY85,#fb8072,0,33.0,004
083-mft-AL-DHAPPQ-ASPY85,57,34061.38888888889,2031,MFT AL - DHAPPQ - ASPY85,#fb8072,0,33.0,004
083-mft-AL-DHAPPQ-ASPY85,58,32976.555555555555,2031,MFT AL - DHAPPQ - ASPY85,#fb8072,0,33.0,004
083-mft-AL-DHAPPQ-ASPY85,59,33329.055555555555,2031,MFT AL - DHAPPQ - ASPY85,#fb8072,0,33.0,004
083-mft-AL-DHAPPQ-ASPY85,60,33611.77777777778,2031,MFT AL - DHAPPQ - ASPY85,#fb8072,0,33.0,004
083-mft-AL-DHAPPQ-ASPY85,61,32995.055555555555,2031,MFT AL - DHAPPQ - ASPY85,#fb8072,0,33.0,004
083-mft-AL-DHAPPQ-ASPY85,62,34607.77777777778,2031,MFT AL - DHAPPQ - ASPY85,#fb8072,0,33.0,004
083-mft-AL-DHAPPQ-ASPY85,63,35058.555555555555,2031,MFT AL - DHAPPQ - ASPY85,#fb8072,0,33.0,004
083-mft-AL-DHAPPQ-ASPY85,64,33388.333333333336,2031,MFT AL - DHAPPQ - ASPY85,#fb8072,0,33.0,004
083-mft-AL-DHAPPQ-ASPY85,65,32015.222222222223,2031,MFT AL - DHAPPQ - ASPY85,#fb8072,0,33.0,004
083-mft-AL-DHAPPQ-ASPY85,66,34334.22222222222,2031,MFT AL - DHAPPQ - ASPY85,#fb8072,0,33.0,004
083-mft-AL-DHAPPQ-ASPY85,67,33584.166666666664,2031,MFT AL - DHAPPQ - ASPY85,#fb8072,0,33.0,004
083-mft-AL-DHAPPQ-ASPY85,68,33183.72222222222,2031,MFT AL - DHAPPQ - ASPY85,#fb8072,0,33.0,004
083-mft-AL-DHAPPQ-ASPY85,69,33711.0,2031,MFT AL - DHAPPQ - ASPY85,#fb8072,0,33.0,004
083-mft-AL-DHAPPQ-ASPY85,70,33789.444444444445,2031,MFT AL - DHAPPQ - ASPY85,#fb8072,0,33.0,004
083-mft-AL-DHAPPQ-ASPY85,71,34336.72222222222,2031,MFT AL - DHAPPQ - ASPY85,#fb8072,0,33.0,004
083-mft-AL-DHAPPQ-ASPY85,72,35759.61111111111,2031,MFT AL - DHAPPQ - ASPY85,#fb8072,0,33.0,004
083-mft-AL-DHAPPQ-ASPY85,73,33029.22222222222,2031,MFT AL - DHAPPQ - ASPY85,#fb8072,0,33.0,004
083-mft-AL-DHAPPQ-ASPY85,74,35801.61111111111,2031,MFT AL - DHAPPQ - ASPY85,#fb8072,0,33.0,004
083-mft-AL-DHAPPQ-ASPY85,75,33238.555555555555,2031,MFT AL - DHAPPQ - ASPY85,#fb8072,0,33.0,004
083-mft-AL-DHAPPQ-ASPY85,76,32888.444444444445,2031,MFT AL - DHAPPQ - ASPY85,#fb8072,0,33.0,004
083-mft-AL-DHAPPQ-ASPY85,77,33038.88888888889,2031,MFT AL - DHAPPQ - ASPY85,#fb8072,0,33.0,004
083-mft-AL-DHAPPQ-ASPY85,78,33000.22222222222,2031,MFT AL - DHAPPQ - ASPY85,#fb8072,0,33.0,004
083-mft-AL-DHAPPQ-ASPY85,79,34122.444444444445,2031,MFT AL - DHAPPQ - ASPY85,#fb8072,0,33.0,004
083-mft-AL-DHAPPQ-ASPY85,80,33370.833333333336,2031,MFT AL - DHAPPQ - ASPY85,#fb8072,0,33.0,004
083-mft-AL-DHAPPQ-ASPY85,81,33299.444444444445,2031,MFT AL - DHAPPQ - ASPY85,#fb8072,0,33.0,004
083-mft-AL-DHAPPQ-ASPY85,82,34125.11111111111,2031,MFT AL - DHAPPQ - ASPY85,#fb8072,0,33.0,004
083-mft-AL-DHAPPQ-ASPY85,83,32151.0,2031,MFT AL - DHAPPQ - ASPY85,#fb8072,0,33.0,004
083-mft-AL-DHAPPQ-ASPY85,84,32869.11111111111,2031,MFT AL - DHAPPQ - ASPY85,#fb8072,0,33.0,004
083-mft-AL-DHAPPQ-ASPY85,85,33025.166666666664,2031,MFT AL - DHAPPQ - ASPY85,#fb8072,0,33.0,004
083-mft-AL-DHAPPQ-ASPY85,86,34227.88888888889,2031,MFT AL - DHAPPQ - ASPY85,#fb8072,0,33.0,004
083-mft-AL-DHAPPQ-ASPY85,87,33788.22222222222,2031,MFT AL - DHAPPQ - ASPY85,#fb8072,0,33.0,004
083-mft-AL-DHAPPQ-ASPY85,88,33767.27777777778,2031,MFT AL - DHAPPQ - ASPY85,#fb8072,0,33.0,004
083-mft-AL-DHAPPQ-ASPY85,89,34776.666666666664,2031,MFT AL - DHAPPQ - ASPY85,#fb8072,0,33.0,004
083-mft-AL-DHAPPQ-ASPY85,90,33334.22222222222,2031,MFT AL - DHAPPQ - ASPY85,#fb8072,0,33.0,004
083-mft-AL-DHAPPQ-ASPY85,91,32305.11111111111,2031,MFT AL - DHAPPQ - ASPY85,#fb8072,0,33.0,004
083-mft-AL-DHAPPQ-ASPY85,92,34414.555555555555,2031,MFT AL - DHAPPQ - ASPY85,#fb8072,0,33.0,004
083-mft-AL-DHAPPQ-ASPY85,93,33069.666666666664,2031,MFT AL - DHAPPQ - ASPY85,#fb8072,0,33.0,004
083-mft-AL-DHAPPQ-ASPY85,94,34430.88888888889,2031,MFT AL - DHAPPQ - ASPY85,#fb8072,0,33.0,004
083-mft-AL-DHAPPQ-ASPY85,95,33464.88888888889,2031,MFT AL - DHAPPQ - ASPY85,#fb8072,0,33.0,004
083-mft-AL-DHAPPQ-ASPY85,96,34704.77777777778,2031,MFT AL - DHAPPQ - ASPY85,#fb8072,0,33.0,004
083-mft-AL-DHAPPQ-ASPY85,97,33385.333333333336,2031,MFT AL - DHAPPQ - ASPY85,#fb8072,0,33.0,004
083-mft-AL-DHAPPQ-ASPY85,98,33682.72222222222,2031,MFT AL - DHAPPQ - ASPY85,#fb8072,0,33.0,004
083-mft-AL-DHAPPQ-ASPY85,99,34440.555555555555,2031,MFT AL - DHAPPQ - ASPY85,#fb8072,0,33.0,004
084-mft-AL-DHAPPQ-ASPY75,0,33093.61111111111,2031,MFT AL - DHAPPQ - ASPY75,#fb8072,0,33.0,004
084-mft-AL-DHAPPQ-ASPY75,1,33470.944444444445,2031,MFT AL - DHAPPQ - ASPY75,#fb8072,0,33.0,004
084-mft-AL-DHAPPQ-ASPY75,2,33950.38888888889,2031,MFT AL - DHAPPQ - ASPY75,#fb8072,0,33.0,004
084-mft-AL-DHAPPQ-ASPY75,3,33143.27777777778,2031,MFT AL - DHAPPQ - ASPY75,#fb8072,0,33.0,004
084-mft-AL-DHAPPQ-ASPY75,4,33413.5,2031,MFT AL - DHAPPQ - ASPY75,#fb8072,0,33.0,004
084-mft-AL-DHAPPQ-ASPY75,5,33404.38888888889,2031,MFT AL - DHAPPQ - ASPY75,#fb8072,0,33.0,004
084-mft-AL-DHAPPQ-ASPY75,6,33175.444444444445,2031,MFT AL - DHAPPQ - ASPY75,#fb8072,0,33.0,004
084-mft-AL-DHAPPQ-ASPY75,7,33199.833333333336,2031,MFT AL - DHAPPQ - ASPY75,#fb8072,0,33.0,004
084-mft-AL-DHAPPQ-ASPY75,8,34771.055555555555,2031,MFT AL - DHAPPQ - ASPY75,#fb8072,0,33.0,004
084-mft-AL-DHAPPQ-ASPY75,9,34188.944444444445,2031,MFT AL - DHAPPQ - ASPY75,#fb8072,0,33.0,004
084-mft-AL-DHAPPQ-ASPY75,10,33850.055555555555,2031,MFT AL - DHAPPQ - ASPY75,#fb8072,0,33.0,004
084-mft-AL-DHAPPQ-ASPY75,11,32837.72222222222,2031,MFT AL - DHAPPQ - ASPY75,#fb8072,0,33.0,004
084-mft-AL-DHAPPQ-ASPY75,12,33391.88888888889,2031,MFT AL - DHAPPQ - ASPY75,#fb8072,0,33.0,004
084-mft-AL-DHAPPQ-ASPY75,13,33277.11111111111,2031,MFT AL - DHAPPQ - ASPY75,#fb8072,0,33.0,004
084-mft-AL-DHAPPQ-ASPY75,14,33371.77777777778,2031,MFT AL - DHAPPQ - ASPY75,#fb8072,0,33.0,004
084-mft-AL-DHAPPQ-ASPY75,15,33163.0,2031,MFT AL - DHAPPQ - ASPY75,#fb8072,0,33.0,004
084-mft-AL-DHAPPQ-ASPY75,16,33505.555555555555,2031,MFT AL - DHAPPQ - ASPY75,#fb8072,0,33.0,004
084-mft-AL-DHAPPQ-ASPY75,17,34176.333333333336,2031,MFT AL - DHAPPQ - ASPY75,#fb8072,0,33.0,004
084-mft-AL-DHAPPQ-ASPY75,18,34849.61111111111,2031,MFT AL - DHAPPQ - ASPY75,#fb8072,0,33.0,004
084-mft-AL-DHAPPQ-ASPY75,19,33213.555555555555,2031,MFT AL - DHAPPQ - ASPY75,#fb8072,0,33.0,004
084-mft-AL-DHAPPQ-ASPY75,20,32030.666666666668,2031,MFT AL - DHAPPQ - ASPY75,#fb8072,0,33.0,004
084-mft-AL-DHAPPQ-ASPY75,21,33308.22222222222,2031,MFT AL - DHAPPQ - ASPY75,#fb8072,0,33.0,004
084-mft-AL-DHAPPQ-ASPY75,22,33759.555555555555,2031,MFT AL - DHAPPQ - ASPY75,#fb8072,0,33.0,004
084-mft-AL-DHAPPQ-ASPY75,23,32407.666666666668,2031,MFT AL - DHAPPQ - ASPY75,#fb8072,0,33.0,004
084-mft-AL-DHAPPQ-ASPY75,24,33010.444444444445,2031,MFT AL - DHAPPQ - ASPY75,#fb8072,0,33.0,004
084-mft-AL-DHAPPQ-ASPY75,25,34159.0,2031,MFT AL - DHAPPQ - ASPY75,#fb8072,0,33.0,004
084-mft-AL-DHAPPQ-ASPY75,26,33125.61111111111,2031,MFT AL - DHAPPQ - ASPY75,#fb8072,0,33.0,004
084-mft-AL-DHAPPQ-ASPY75,27,33087.22222222222,2031,MFT AL - DHAPPQ - ASPY75,#fb8072,0,33.0,004
084-mft-AL-DHAPPQ-ASPY75,28,33339.77777777778,2031,MFT AL - DHAPPQ - ASPY75,#fb8072,0,33.0,004
084-mft-AL-DHAPPQ-ASPY75,29,33260.22222222222,2031,MFT AL - DHAPPQ - ASPY75,#fb8072,0,33.0,004
084-mft-AL-DHAPPQ-ASPY75,30,34841.666666666664,2031,MFT AL - DHAPPQ - ASPY75,#fb8072,0,33.0,004
084-mft-AL-DHAPPQ-ASPY75,31,32873.61111111111,2031,MFT AL - DHAPPQ - ASPY75,#fb8072,0,33.0,004
084-mft-AL-DHAPPQ-ASPY75,32,33496.666666666664,2031,MFT AL - DHAPPQ - ASPY75,#fb8072,0,33.0,004
084-mft-AL-DHAPPQ-ASPY75,33,33688.944444444445,2031,MFT AL - DHAPPQ - ASPY75,#fb8072,0,33.0,004
084-mft-AL-DHAPPQ-ASPY75,34,33831.38888888889,2031,MFT AL - DHAPPQ - ASPY75,#fb8072,0,33.0,004
084-mft-AL-DHAPPQ-ASPY75,35,34648.333333333336,2031,MFT AL - DHAPPQ - ASPY75,#fb8072,0,33.0,004
084-mft-AL-DHAPPQ-ASPY75,36,33331.0,2031,MFT AL - DHAPPQ - ASPY75,#fb8072,0,33.0,004
084-mft-AL-DHAPPQ-ASPY75,37,32762.444444444445,2031,MFT AL - DHAPPQ - ASPY75,#fb8072,0,33.0,004
084-mft-AL-DHAPPQ-ASPY75,38,33548.22222222222,2031,MFT AL - DHAPPQ - ASPY75,#fb8072,0,33.0,004
084-mft-AL-DHAPPQ-ASPY75,39,33500.22222222222,2031,MFT AL - DHAPPQ - ASPY75,#fb8072,0,33.0,004
084-mft-AL-DHAPPQ-ASPY75,40,33680.0,2031,MFT AL - DHAPPQ - ASPY75,#fb8072,0,33.0,004
084-mft-AL-DHAPPQ-ASPY75,41,33841.444444444445,2031,MFT AL - DHAPPQ - ASPY75,#fb8072,0,33.0,004
084-mft-AL-DHAPPQ-ASPY75,42,34052.72222222222,2031,MFT AL - DHAPPQ - ASPY75,#fb8072,0,33.0,004
084-mft-AL-DHAPPQ-ASPY75,43,32420.666666666668,2031,MFT AL - DHAPPQ - ASPY75,#fb8072,0,33.0,004
084-mft-AL-DHAPPQ-ASPY75,44,33932.444444444445,2031,MFT AL - DHAPPQ - ASPY75,#fb8072,0,33.0,004
084-mft-AL-DHAPPQ-ASPY75,45,32860.5,2031,MFT AL - DHAPPQ - ASPY75,#fb8072,0,33.0,004
084-mft-AL-DHAPPQ-ASPY75,46,33626.72222222222,2031,MFT AL - DHAPPQ - ASPY75,#fb8072,0,33.0,004
084-mft-AL-DHAPPQ-ASPY75,47,31568.222222222223,2031,MFT AL - DHAPPQ - ASPY75,#fb8072,0,33.0,004
084-mft-AL-DHAPPQ-ASPY75,48,32858.444444444445,2031,MFT AL - DHAPPQ - ASPY75,#fb8072,0,33.0,004
084-mft-AL-DHAPPQ-ASPY75,49,32486.61111111111,2031,MFT AL - DHAPPQ - ASPY75,#fb8072,0,33.0,004
084-mft-AL-DHAPPQ-ASPY75,50,32701.5,2031,MFT AL - DHAPPQ - ASPY75,#fb8072,0,33.0,004
084-mft-AL-DHAPPQ-ASPY75,51,34996.444444444445,2031,MFT AL - DHAPPQ - ASPY75,#fb8072,0,33.0,004
084-mft-AL-DHAPPQ-ASPY75,52,32501.277777777777,2031,MFT AL - DHAPPQ - ASPY75,#fb8072,0,33.0,004
084-mft-AL-DHAPPQ-ASPY75,53,33793.72222222222,2031,MFT AL - DHAPPQ - ASPY75,#fb8072,0,33.0,004
084-mft-AL-DHAPPQ-ASPY75,54,32646.222222222223,2031,MFT AL - DHAPPQ - ASPY75,#fb8072,0,33.0,004
084-mft-AL-DHAPPQ-ASPY75,55,34585.77777777778,2031,MFT AL - DHAPPQ - ASPY75,#fb8072,0,33.0,004
084-mft-AL-DHAPPQ-ASPY75,56,33295.61111111111,2031,MFT AL - DHAPPQ - ASPY75,#fb8072,0,33.0,004
084-mft-AL-DHAPPQ-ASPY75,57,33874.555555555555,2031,MFT AL - DHAPPQ - ASPY75,#fb8072,0,33.0,004
084-mft-AL-DHAPPQ-ASPY75,58,34484.666666666664,2031,MFT AL - DHAPPQ - ASPY75,#fb8072,0,33.0,004
084-mft-AL-DHAPPQ-ASPY75,59,33645.444444444445,2031,MFT AL - DHAPPQ - ASPY75,#fb8072,0,33.0,004
084-mft-AL-DHAPPQ-ASPY75,60,33414.444444444445,2031,MFT AL - DHAPPQ - ASPY75,#fb8072,0,33.0,004
084-mft-AL-DHAPPQ-ASPY75,61,33817.22222222222,2031,MFT AL - DHAPPQ - ASPY75,#fb8072,0,33.0,004
084-mft-AL-DHAPPQ-ASPY75,62,35575.27777777778,2031,MFT AL - DHAPPQ - ASPY75,#fb8072,0,33.0,004
084-mft-AL-DHAPPQ-ASPY75,63,32548.5,2031,MFT AL - DHAPPQ - ASPY75,#fb8072,0,33.0,004
084-mft-AL-DHAPPQ-ASPY75,64,33517.444444444445,2031,MFT AL - DHAPPQ - ASPY75,#fb8072,0,33.0,004
084-mft-AL-DHAPPQ-ASPY75,65,33027.27777777778,2031,MFT AL - DHAPPQ - ASPY75,#fb8072,0,33.0,004
084-mft-AL-DHAPPQ-ASPY75,66,32645.61111111111,2031,MFT AL - DHAPPQ - ASPY75,#fb8072,0,33.0,004
084-mft-AL-DHAPPQ-ASPY75,67,33481.444444444445,2031,MFT AL - DHAPPQ - ASPY75,#fb8072,0,33.0,004
084-mft-AL-DHAPPQ-ASPY75,68,32924.11111111111,2031,MFT AL - DHAPPQ - ASPY75,#fb8072,0,33.0,004
084-mft-AL-DHAPPQ-ASPY75,69,32043.222222222223,2031,MFT AL - DHAPPQ - ASPY75,#fb8072,0,33.0,004
084-mft-AL-DHAPPQ-ASPY75,70,34541.88888888889,2031,MFT AL - DHAPPQ - ASPY75,#fb8072,0,33.0,004
084-mft-AL-DHAPPQ-ASPY75,71,33462.833333333336,2031,MFT AL - DHAPPQ - ASPY75,#fb8072,0,33.0,004
084-mft-AL-DHAPPQ-ASPY75,72,32993.666666666664,2031,MFT AL - DHAPPQ - ASPY75,#fb8072,0,33.0,004
084-mft-AL-DHAPPQ-ASPY75,73,34335.944444444445,2031,MFT AL - DHAPPQ - ASPY75,#fb8072,0,33.0,004
084-mft-AL-DHAPPQ-ASPY75,74,33685.055555555555,2031,MFT AL - DHAPPQ - ASPY75,#fb8072,0,33.0,004
084-mft-AL-DHAPPQ-ASPY75,75,33599.77777777778,2031,MFT AL - DHAPPQ - ASPY75,#fb8072,0,33.0,004
084-mft-AL-DHAPPQ-ASPY75,76,33737.444444444445,2031,MFT AL - DHAPPQ - ASPY75,#fb8072,0,33.0,004
084-mft-AL-DHAPPQ-ASPY75,77,32182.0,2031,MFT AL - DHAPPQ - ASPY75,#fb8072,0,33.0,004
084-mft-AL-DHAPPQ-ASPY75,78,34012.5,2031,MFT AL - DHAPPQ - ASPY75,#fb8072,0,33.0,004
084-mft-AL-DHAPPQ-ASPY75,79,31965.38888888889,2031,MFT AL - DHAPPQ - ASPY75,#fb8072,0,33.0,004
084-mft-AL-DHAPPQ-ASPY75,80,33495.5,2031,MFT AL - DHAPPQ - ASPY75,#fb8072,0,33.0,004
084-mft-AL-DHAPPQ-ASPY75,81,33559.333333333336,2031,MFT AL - DHAPPQ - ASPY75,#fb8072,0,33.0,004
084-mft-AL-DHAPPQ-ASPY75,82,34196.666666666664,2031,MFT AL - DHAPPQ - ASPY75,#fb8072,0,33.0,004
084-mft-AL-DHAPPQ-ASPY75,83,34276.61111111111,2031,MFT AL - DHAPPQ - ASPY75,#fb8072,0,33.0,004
084-mft-AL-DHAPPQ-ASPY75,84,33224.88888888889,2031,MFT AL - DHAPPQ - ASPY75,#fb8072,0,33.0,004
084-mft-AL-DHAPPQ-ASPY75,85,32122.5,2031,MFT AL - DHAPPQ - ASPY75,#fb8072,0,33.0,004
084-mft-AL-DHAPPQ-ASPY75,86,32675.38888888889,2031,MFT AL - DHAPPQ - ASPY75,#fb8072,0,33.0,004
084-mft-AL-DHAPPQ-ASPY75,87,33117.0,2031,MFT AL - DHAPPQ - ASPY75,#fb8072,0,33.0,004
084-mft-AL-DHAPPQ-ASPY75,88,33042.38888888889,2031,MFT AL - DHAPPQ - ASPY75,#fb8072,0,33.0,004
084-mft-AL-DHAPPQ-ASPY75,89,34030.0,2031,MFT AL - DHAPPQ - ASPY75,#fb8072,0,33.0,004
084-mft-AL-DHAPPQ-ASPY75,90,32747.11111111111,2031,MFT AL - DHAPPQ - ASPY75,#fb8072,0,33.0,004
084-mft-AL-DHAPPQ-ASPY75,91,33082.5,2031,MFT AL - DHAPPQ - ASPY75,#fb8072,0,33.0,004
084-mft-AL-DHAPPQ-ASPY75,92,34928.166666666664,2031,MFT AL - DHAPPQ - ASPY75,#fb8072,0,33.0,004
084-mft-AL-DHAPPQ-ASPY75,93,33190.555555555555,2031,MFT AL - DHAPPQ - ASPY75,#fb8072,0,33.0,004
084-mft-AL-DHAPPQ-ASPY75,94,33989.444444444445,2031,MFT AL - DHAPPQ - ASPY75,#fb8072,0,33.0,004
084-mft-AL-DHAPPQ-ASPY75,95,34107.11111111111,2031,MFT AL - DHAPPQ - ASPY75,#fb8072,0,33.0,004
084-mft-AL-DHAPPQ-ASPY75,96,35953.61111111111,2031,MFT AL - DHAPPQ - ASPY75,#fb8072,0,33.0,004
084-mft-AL-DHAPPQ-ASPY75,97,33929.77777777778,2031,MFT AL - DHAPPQ - ASPY75,#fb8072,0,33.0,004
084-mft-AL-DHAPPQ-ASPY75,98,33525.61111111111,2031,MFT AL - DHAPPQ - ASPY75,#fb8072,0,33.0,004
084-mft-AL-DHAPPQ-ASPY75,99,33022.61111111111,2031,MFT AL - DHAPPQ - ASPY75,#fb8072,0,33.0,004
085-mft-AL-DHAPPQ-ASPY65,0,32789.11111111111,2031,MFT AL - DHAPPQ - ASPY65,#fb8072,0,33.0,004
085-mft-AL-DHAPPQ-ASPY65,1,33933.27777777778,2031,MFT AL - DHAPPQ - ASPY65,#fb8072,0,33.0,004
085-mft-AL-DHAPPQ-ASPY65,2,34095.666666666664,2031,MFT AL - DHAPPQ - ASPY65,#fb8072,0,33.0,004
085-mft-AL-DHAPPQ-ASPY65,3,35253.055555555555,2031,MFT AL - DHAPPQ - ASPY65,#fb8072,0,33.0,004
085-mft-AL-DHAPPQ-ASPY65,4,34631.833333333336,2031,MFT AL - DHAPPQ - ASPY65,#fb8072,0,33.0,004
085-mft-AL-DHAPPQ-ASPY65,5,33936.944444444445,2031,MFT AL - DHAPPQ - ASPY65,#fb8072,0,33.0,004
085-mft-AL-DHAPPQ-ASPY65,6,34296.333333333336,2031,MFT AL - DHAPPQ - ASPY65,#fb8072,0,33.0,004
085-mft-AL-DHAPPQ-ASPY65,7,34379.833333333336,2031,MFT AL - DHAPPQ - ASPY65,#fb8072,0,33.0,004
085-mft-AL-DHAPPQ-ASPY65,8,33289.555555555555,2031,MFT AL - DHAPPQ - ASPY65,#fb8072,0,33.0,004
085-mft-AL-DHAPPQ-ASPY65,9,33349.61111111111,2031,MFT AL - DHAPPQ - ASPY65,#fb8072,0,33.0,004
085-mft-AL-DHAPPQ-ASPY65,10,32757.666666666668,2031,MFT AL - DHAPPQ - ASPY65,#fb8072,0,33.0,004
085-mft-AL-DHAPPQ-ASPY65,11,33849.11111111111,2031,MFT AL - DHAPPQ - ASPY65,#fb8072,0,33.0,004
085-mft-AL-DHAPPQ-ASPY65,12,33538.61111111111,2031,MFT AL - DHAPPQ - ASPY65,#fb8072,0,33.0,004
085-mft-AL-DHAPPQ-ASPY65,13,34541.5,2031,MFT AL - DHAPPQ - ASPY65,#fb8072,0,33.0,004
085-mft-AL-DHAPPQ-ASPY65,14,33958.666666666664,2031,MFT AL - DHAPPQ - ASPY65,#fb8072,0,33.0,004
085-mft-AL-DHAPPQ-ASPY65,15,34145.444444444445,2031,MFT AL - DHAPPQ - ASPY65,#fb8072,0,33.0,004
085-mft-AL-DHAPPQ-ASPY65,16,33876.5,2031,MFT AL - DHAPPQ - ASPY65,#fb8072,0,33.0,004
085-mft-AL-DHAPPQ-ASPY65,17,34003.333333333336,2031,MFT AL - DHAPPQ - ASPY65,#fb8072,0,33.0,004
085-mft-AL-DHAPPQ-ASPY65,18,32966.11111111111,2031,MFT AL - DHAPPQ - ASPY65,#fb8072,0,33.0,004
085-mft-AL-DHAPPQ-ASPY65,19,34664.88888888889,2031,MFT AL - DHAPPQ - ASPY65,#fb8072,0,33.0,004
085-mft-AL-DHAPPQ-ASPY65,20,33531.77777777778,2031,MFT AL - DHAPPQ - ASPY65,#fb8072,0,33.0,004
085-mft-AL-DHAPPQ-ASPY65,21,33474.72222222222,2031,MFT AL - DHAPPQ - ASPY65,#fb8072,0,33.0,004
085-mft-AL-DHAPPQ-ASPY65,22,35507.833333333336,2031,MFT AL - DHAPPQ - ASPY65,#fb8072,0,33.0,004
085-mft-AL-DHAPPQ-ASPY65,23,33288.22222222222,2031,MFT AL - DHAPPQ - ASPY65,#fb8072,0,33.0,004
085-mft-AL-DHAPPQ-ASPY65,24,33610.0,2031,MFT AL - DHAPPQ - ASPY65,#fb8072,0,33.0,004
085-mft-AL-DHAPPQ-ASPY65,25,35535.833333333336,2031,MFT AL - DHAPPQ - ASPY65,#fb8072,0,33.0,004
085-mft-AL-DHAPPQ-ASPY65,26,34514.61111111111,2031,MFT AL - DHAPPQ - ASPY65,#fb8072,0,33.0,004
085-mft-AL-DHAPPQ-ASPY65,27,34202.61111111111,2031,MFT AL - DHAPPQ - ASPY65,#fb8072,0,33.0,004
085-mft-AL-DHAPPQ-ASPY65,28,32961.555555555555,2031,MFT AL - DHAPPQ - ASPY65,#fb8072,0,33.0,004
085-mft-AL-DHAPPQ-ASPY65,29,33998.555555555555,2031,MFT AL - DHAPPQ - ASPY65,#fb8072,0,33.0,004
085-mft-AL-DHAPPQ-ASPY65,30,34267.77777777778,2031,MFT AL - DHAPPQ - ASPY65,#fb8072,0,33.0,004
085-mft-AL-DHAPPQ-ASPY65,31,32844.72222222222,2031,MFT AL - DHAPPQ - ASPY65,#fb8072,0,33.0,004
085-mft-AL-DHAPPQ-ASPY65,32,34710.72222222222,2031,MFT AL - DHAPPQ - ASPY65,#fb8072,0,33.0,004
085-mft-AL-DHAPPQ-ASPY65,33,34124.944444444445,2031,MFT AL - DHAPPQ - ASPY65,#fb8072,0,33.0,004
085-mft-AL-DHAPPQ-ASPY65,34,32606.444444444445,2031,MFT AL - DHAPPQ - ASPY65,#fb8072,0,33.0,004
085-mft-AL-DHAPPQ-ASPY65,35,34671.27777777778,2031,MFT AL - DHAPPQ - ASPY65,#fb8072,0,33.0,004
085-mft-AL-DHAPPQ-ASPY65,36,32992.055555555555,2031,MFT AL - DHAPPQ - ASPY65,#fb8072,0,33.0,004
085-mft-AL-DHAPPQ-ASPY65,37,33327.88888888889,2031,MFT AL - DHAPPQ - ASPY65,#fb8072,0,33.0,004
085-mft-AL-DHAPPQ-ASPY65,38,33602.88888888889,2031,MFT AL - DHAPPQ - ASPY65,#fb8072,0,33.0,004
085-mft-AL-DHAPPQ-ASPY65,39,34319.22222222222,2031,MFT AL - DHAPPQ - ASPY65,#fb8072,0,33.0,004
085-mft-AL-DHAPPQ-ASPY65,40,34062.0,2031,MFT AL - DHAPPQ - ASPY65,#fb8072,0,33.0,004
085-mft-AL-DHAPPQ-ASPY65,41,34178.333333333336,2031,MFT AL - DHAPPQ - ASPY65,#fb8072,0,33.0,004
085-mft-AL-DHAPPQ-ASPY65,42,33689.22222222222,2031,MFT AL - DHAPPQ - ASPY65,#fb8072,0,33.0,004
085-mft-AL-DHAPPQ-ASPY65,43,33793.666666666664,2031,MFT AL - DHAPPQ - ASPY65,#fb8072,0,33.0,004
085-mft-AL-DHAPPQ-ASPY65,44,33499.27777777778,2031,MFT AL - DHAPPQ - ASPY65,#fb8072,0,33.0,004
085-mft-AL-DHAPPQ-ASPY65,45,34079.72222222222,2031,MFT AL - DHAPPQ - ASPY65,#fb8072,0,33.0,004
085-mft-AL-DHAPPQ-ASPY65,46,32686.38888888889,2031,MFT AL - DHAPPQ - ASPY65,#fb8072,0,33.0,004
085-mft-AL-DHAPPQ-ASPY65,47,33420.27777777778,2031,MFT AL - DHAPPQ - ASPY65,#fb8072,0,33.0,004
085-mft-AL-DHAPPQ-ASPY65,48,33748.27777777778,2031,MFT AL - DHAPPQ - ASPY65,#fb8072,0,33.0,004
085-mft-AL-DHAPPQ-ASPY65,49,35741.944444444445,2031,MFT AL - DHAPPQ - ASPY65,#fb8072,0,33.0,004
085-mft-AL-DHAPPQ-ASPY65,50,32673.88888888889,2031,MFT AL - DHAPPQ - ASPY65,#fb8072,0,33.0,004
085-mft-AL-DHAPPQ-ASPY65,51,32468.777777777777,2031,MFT AL - DHAPPQ - ASPY65,#fb8072,0,33.0,004
085-mft-AL-DHAPPQ-ASPY65,52,33128.833333333336,2031,MFT AL - DHAPPQ - ASPY65,#fb8072,0,33.0,004
085-mft-AL-DHAPPQ-ASPY65,53,34327.166666666664,2031,MFT AL - DHAPPQ - ASPY65,#fb8072,0,33.0,004
085-mft-AL-DHAPPQ-ASPY65,54,35668.833333333336,2031,MFT AL - DHAPPQ - ASPY65,#fb8072,0,33.0,004
085-mft-AL-DHAPPQ-ASPY65,55,32772.833333333336,2031,MFT AL - DHAPPQ - ASPY65,#fb8072,0,33.0,004
085-mft-AL-DHAPPQ-ASPY65,56,32912.944444444445,2031,MFT AL - DHAPPQ - ASPY65,#fb8072,0,33.0,004
085-mft-AL-DHAPPQ-ASPY65,57,33771.0,2031,MFT AL - DHAPPQ - ASPY65,#fb8072,0,33.0,004
085-mft-AL-DHAPPQ-ASPY65,58,34140.333333333336,2031,MFT AL - DHAPPQ - ASPY65,#fb8072,0,33.0,004
085-mft-AL-DHAPPQ-ASPY65,59,33186.333333333336,2031,MFT AL - DHAPPQ - ASPY65,#fb8072,0,33.0,004
085-mft-AL-DHAPPQ-ASPY65,60,34328.555555555555,2031,MFT AL - DHAPPQ - ASPY65,#fb8072,0,33.0,004
085-mft-AL-DHAPPQ-ASPY65,61,33380.944444444445,2031,MFT AL - DHAPPQ - ASPY65,#fb8072,0,33.0,004
085-mft-AL-DHAPPQ-ASPY65,62,34326.555555555555,2031,MFT AL - DHAPPQ - ASPY65,#fb8072,0,33.0,004
085-mft-AL-DHAPPQ-ASPY65,63,34245.11111111111,2031,MFT AL - DHAPPQ - ASPY65,#fb8072,0,33.0,004
085-mft-AL-DHAPPQ-ASPY65,64,34002.833333333336,2031,MFT AL - DHAPPQ - ASPY65,#fb8072,0,33.0,004
085-mft-AL-DHAPPQ-ASPY65,65,34184.666666666664,2031,MFT AL - DHAPPQ - ASPY65,#fb8072,0,33.0,004
085-mft-AL-DHAPPQ-ASPY65,66,35495.055555555555,2031,MFT AL - DHAPPQ - ASPY65,#fb8072,0,33.0,004
085-mft-AL-DHAPPQ-ASPY65,67,33359.22222222222,2031,MFT AL - DHAPPQ - ASPY65,#fb8072,0,33.0,004
085-mft-AL-DHAPPQ-ASPY65,68,33071.833333333336,2031,MFT AL - DHAPPQ - ASPY65,#fb8072,0,33.0,004
085-mft-AL-DHAPPQ-ASPY65,69,33913.5,2031,MFT AL - DHAPPQ - ASPY65,#fb8072,0,33.0,004
085-mft-AL-DHAPPQ-ASPY65,70,33777.0,2031,MFT AL - DHAPPQ - ASPY65,#fb8072,0,33.0,004
085-mft-AL-DHAPPQ-ASPY65,71,33180.666666666664,2031,MFT AL - DHAPPQ - ASPY65,#fb8072,0,33.0,004
085-mft-AL-DHAPPQ-ASPY65,72,34881.055555555555,2031,MFT AL - DHAPPQ - ASPY65,#fb8072,0,33.0,004
085-mft-AL-DHAPPQ-ASPY65,73,33599.833333333336,2031,MFT AL - DHAPPQ - ASPY65,#fb8072,0,33.0,004
085-mft-AL-DHAPPQ-ASPY65,74,34799.88888888889,2031,MFT AL - DHAPPQ - ASPY65,#fb8072,0,33.0,004
085-mft-AL-DHAPPQ-ASPY65,75,33783.5,2031,MFT AL - DHAPPQ - ASPY65,#fb8072,0,33.0,004
085-mft-AL-DHAPPQ-ASPY65,76,33240.88888888889,2031,MFT AL - DHAPPQ - ASPY65,#fb8072,0,33.0,004
085-mft-AL-DHAPPQ-ASPY65,77,32671.555555555555,2031,MFT AL - DHAPPQ - ASPY65,#fb8072,0,33.0,004
085-mft-AL-DHAPPQ-ASPY65,78,32808.555555555555,2031,MFT AL - DHAPPQ - ASPY65,#fb8072,0,33.0,004
085-mft-AL-DHAPPQ-ASPY65,79,35206.944444444445,2031,MFT AL - DHAPPQ - ASPY65,#fb8072,0,33.0,004
085-mft-AL-DHAPPQ-ASPY65,80,33145.38888888889,2031,MFT AL - DHAPPQ - ASPY65,#fb8072,0,33.0,004
085-mft-AL-DHAPPQ-ASPY65,81,33119.77777777778,2031,MFT AL - DHAPPQ - ASPY65,#fb8072,0,33.0,004
085-mft-AL-DHAPPQ-ASPY65,82,33262.61111111111,2031,MFT AL - DHAPPQ - ASPY65,#fb8072,0,33.0,004
085-mft-AL-DHAPPQ-ASPY65,83,34591.22222222222,2031,MFT AL - DHAPPQ - ASPY65,#fb8072,0,33.0,004
085-mft-AL-DHAPPQ-ASPY65,84,34324.833333333336,2031,MFT AL - DHAPPQ - ASPY65,#fb8072,0,33.0,004
085-mft-AL-DHAPPQ-ASPY65,85,33522.055555555555,2031,MFT AL - DHAPPQ - ASPY65,#fb8072,0,33.0,004
085-mft-AL-DHAPPQ-ASPY65,86,34648.166666666664,2031,MFT AL - DHAPPQ - ASPY65,#fb8072,0,33.0,004
085-mft-AL-DHAPPQ-ASPY65,87,34653.77777777778,2031,MFT AL - DHAPPQ - ASPY65,#fb8072,0,33.0,004
085-mft-AL-DHAPPQ-ASPY65,88,33870.333333333336,2031,MFT AL - DHAPPQ - ASPY65,#fb8072,0,33.0,004
085-mft-AL-DHAPPQ-ASPY65,89,34609.88888888889,2031,MFT AL - DHAPPQ - ASPY65,#fb8072,0,33.0,004
085-mft-AL-DHAPPQ-ASPY65,90,33430.055555555555,2031,MFT AL - DHAPPQ - ASPY65,#fb8072,0,33.0,004
085-mft-AL-DHAPPQ-ASPY65,91,33849.944444444445,2031,MFT AL - DHAPPQ - ASPY65,#fb8072,0,33.0,004
085-mft-AL-DHAPPQ-ASPY65,92,32265.277777777777,2031,MFT AL - DHAPPQ - ASPY65,#fb8072,0,33.0,004
085-mft-AL-DHAPPQ-ASPY65,93,34460.444444444445,2031,MFT AL - DHAPPQ - ASPY65,#fb8072,0,33.0,004
085-mft-AL-DHAPPQ-ASPY65,94,33520.666666666664,2031,MFT AL - DHAPPQ - ASPY65,#fb8072,0,33.0,004
085-mft-AL-DHAPPQ-ASPY65,95,35269.555555555555,2031,MFT AL - DHAPPQ - ASPY65,#fb8072,0,33.0,004
085-mft-AL-DHAPPQ-ASPY65,96,33674.77777777778,2031,MFT AL - DHAPPQ - ASPY65,#fb8072,0,33.0,004
085-mft-AL-DHAPPQ-ASPY65,97,32934.166666666664,2031,MFT AL - DHAPPQ - ASPY65,#fb8072,0,33.0,004
085-mft-AL-DHAPPQ-ASPY65,98,32872.88888888889,2031,MFT AL - DHAPPQ - ASPY65,#fb8072,0,33.0,004
085-mft-AL-DHAPPQ-ASPY65,99,34007.61111111111,2031,MFT AL - DHAPPQ - ASPY65,#fb8072,0,33.0,004
086-mft-ASAQ-DHAPPQ-ASPY85,0,27296.666666666668,2031,MFT ASAQ - DHAPPQ - ASPY85,#fb8072,0,0.0,004
086-mft-ASAQ-DHAPPQ-ASPY85,1,27398.38888888889,2031,MFT ASAQ - DHAPPQ - ASPY85,#fb8072,0,0.0,004
086-mft-ASAQ-DHAPPQ-ASPY85,2,27680.277777777777,2031,MFT ASAQ - DHAPPQ - ASPY85,#fb8072,0,0.0,004
086-mft-ASAQ-DHAPPQ-ASPY85,3,27439.055555555555,2031,MFT ASAQ - DHAPPQ - ASPY85,#fb8072,0,0.0,004
086-mft-ASAQ-DHAPPQ-ASPY85,4,27477.333333333332,2031,MFT ASAQ - DHAPPQ - ASPY85,#fb8072,0,0.0,004
086-mft-ASAQ-DHAPPQ-ASPY85,5,27899.777777777777,2031,MFT ASAQ - DHAPPQ - ASPY85,#fb8072,0,0.0,004
086-mft-ASAQ-DHAPPQ-ASPY85,6,27233.38888888889,2031,MFT ASAQ - DHAPPQ - ASPY85,#fb8072,0,0.0,004
086-mft-ASAQ-DHAPPQ-ASPY85,7,28113.222222222223,2031,MFT ASAQ - DHAPPQ - ASPY85,#fb8072,0,0.0,004
086-mft-ASAQ-DHAPPQ-ASPY85,8,27489.61111111111,2031,MFT ASAQ - DHAPPQ - ASPY85,#fb8072,0,0.0,004
086-mft-ASAQ-DHAPPQ-ASPY85,9,29115.944444444445,2031,MFT ASAQ - DHAPPQ - ASPY85,#fb8072,0,0.0,004
086-mft-ASAQ-DHAPPQ-ASPY85,10,27624.666666666668,2031,MFT ASAQ - DHAPPQ - ASPY85,#fb8072,0,0.0,004
086-mft-ASAQ-DHAPPQ-ASPY85,11,28020.277777777777,2031,MFT ASAQ - DHAPPQ - ASPY85,#fb8072,0,0.0,004
086-mft-ASAQ-DHAPPQ-ASPY85,12,27922.38888888889,2031,MFT ASAQ - DHAPPQ - ASPY85,#fb8072,0,0.0,004
086-mft-ASAQ-DHAPPQ-ASPY85,13,27463.944444444445,2031,MFT ASAQ - DHAPPQ - ASPY85,#fb8072,0,0.0,004
086-mft-ASAQ-DHAPPQ-ASPY85,14,27584.38888888889,2031,MFT ASAQ - DHAPPQ - ASPY85,#fb8072,0,0.0,004
086-mft-ASAQ-DHAPPQ-ASPY85,15,26548.777777777777,2031,MFT ASAQ - DHAPPQ - ASPY85,#fb8072,0,0.0,004
086-mft-ASAQ-DHAPPQ-ASPY85,16,27278.777777777777,2031,MFT ASAQ - DHAPPQ - ASPY85,#fb8072,0,0.0,004
086-mft-ASAQ-DHAPPQ-ASPY85,17,27294.38888888889,2031,MFT ASAQ - DHAPPQ - ASPY85,#fb8072,0,0.0,004
086-mft-ASAQ-DHAPPQ-ASPY85,18,27602.166666666668,2031,MFT ASAQ - DHAPPQ - ASPY85,#fb8072,0,0.0,004
086-mft-ASAQ-DHAPPQ-ASPY85,19,28123.38888888889,2031,MFT ASAQ - DHAPPQ - ASPY85,#fb8072,0,0.0,004
086-mft-ASAQ-DHAPPQ-ASPY85,20,28244.5,2031,MFT ASAQ - DHAPPQ - ASPY85,#fb8072,0,0.0,004
086-mft-ASAQ-DHAPPQ-ASPY85,21,28076.11111111111,2031,MFT ASAQ - DHAPPQ - ASPY85,#fb8072,0,0.0,004
086-mft-ASAQ-DHAPPQ-ASPY85,22,28058.722222222223,2031,MFT ASAQ - DHAPPQ - ASPY85,#fb8072,0,0.0,004
086-mft-ASAQ-DHAPPQ-ASPY85,23,28788.944444444445,2031,MFT ASAQ - DHAPPQ - ASPY85,#fb8072,0,0.0,004
086-mft-ASAQ-DHAPPQ-ASPY85,24,27926.222222222223,2031,MFT ASAQ - DHAPPQ - ASPY85,#fb8072,0,0.0,004
086-mft-ASAQ-DHAPPQ-ASPY85,25,27484.222222222223,2031,MFT ASAQ - DHAPPQ - ASPY85,#fb8072,0,0.0,004
086-mft-ASAQ-DHAPPQ-ASPY85,26,28187.5,2031,MFT ASAQ - DHAPPQ - ASPY85,#fb8072,0,0.0,004
086-mft-ASAQ-DHAPPQ-ASPY85,27,27601.055555555555,2031,MFT ASAQ - DHAPPQ - ASPY85,#fb8072,0,0.0,004
086-mft-ASAQ-DHAPPQ-ASPY85,28,27094.61111111111,2031,MFT ASAQ - DHAPPQ - ASPY85,#fb8072,0,0.0,004
086-mft-ASAQ-DHAPPQ-ASPY85,29,27198.0,2031,MFT ASAQ - DHAPPQ - ASPY85,#fb8072,0,0.0,004
086-mft-ASAQ-DHAPPQ-ASPY85,30,27418.166666666668,2031,MFT ASAQ - DHAPPQ - ASPY85,#fb8072,0,0.0,004
086-mft-ASAQ-DHAPPQ-ASPY85,31,27786.722222222223,2031,MFT ASAQ - DHAPPQ - ASPY85,#fb8072,0,0.0,004
086-mft-ASAQ-DHAPPQ-ASPY85,32,27389.11111111111,2031,MFT ASAQ - DHAPPQ - ASPY85,#fb8072,0,0.0,004
086-mft-ASAQ-DHAPPQ-ASPY85,33,27405.333333333332,2031,MFT ASAQ - DHAPPQ - ASPY85,#fb8072,0,0.0,004
086-mft-ASAQ-DHAPPQ-ASPY85,34,28826.11111111111,2031,MFT ASAQ - DHAPPQ - ASPY85,#fb8072,0,0.0,004
086-mft-ASAQ-DHAPPQ-ASPY85,35,27426.5,2031,MFT ASAQ - DHAPPQ - ASPY85,#fb8072,0,0.0,004
086-mft-ASAQ-DHAPPQ-ASPY85,36,27250.444444444445,2031,MFT ASAQ - DHAPPQ - ASPY85,#fb8072,0,0.0,004
086-mft-ASAQ-DHAPPQ-ASPY85,37,27555.38888888889,2031,MFT ASAQ - DHAPPQ - ASPY85,#fb8072,0,0.0,004
086-mft-ASAQ-DHAPPQ-ASPY85,38,27219.333333333332,2031,MFT ASAQ - DHAPPQ - ASPY85,#fb8072,0,0.0,004
086-mft-ASAQ-DHAPPQ-ASPY85,39,27360.88888888889,2031,MFT ASAQ - DHAPPQ - ASPY85,#fb8072,0,0.0,004
086-mft-ASAQ-DHAPPQ-ASPY85,40,26985.38888888889,2031,MFT ASAQ - DHAPPQ - ASPY85,#fb8072,0,0.0,004
086-mft-ASAQ-DHAPPQ-ASPY85,41,28201.0,2031,MFT ASAQ - DHAPPQ - ASPY85,#fb8072,0,0.0,004
086-mft-ASAQ-DHAPPQ-ASPY85,42,28684.777777777777,2031,MFT ASAQ - DHAPPQ - ASPY85,#fb8072,0,0.0,004
086-mft-ASAQ-DHAPPQ-ASPY85,43,29386.61111111111,2031,MFT ASAQ - DHAPPQ - ASPY85,#fb8072,0,0.0,004
086-mft-ASAQ-DHAPPQ-ASPY85,44,26923.0,2031,MFT ASAQ - DHAPPQ - ASPY85,#fb8072,0,0.0,004
086-mft-ASAQ-DHAPPQ-ASPY85,45,27484.222222222223,2031,MFT ASAQ - DHAPPQ - ASPY85,#fb8072,0,0.0,004
086-mft-ASAQ-DHAPPQ-ASPY85,46,27240.277777777777,2031,MFT ASAQ - DHAPPQ - ASPY85,#fb8072,0,0.0,004
086-mft-ASAQ-DHAPPQ-ASPY85,47,27466.11111111111,2031,MFT ASAQ - DHAPPQ - ASPY85,#fb8072,0,0.0,004
086-mft-ASAQ-DHAPPQ-ASPY85,48,26777.055555555555,2031,MFT ASAQ - DHAPPQ - ASPY85,#fb8072,0,0.0,004
086-mft-ASAQ-DHAPPQ-ASPY85,49,29181.777777777777,2031,MFT ASAQ - DHAPPQ - ASPY85,#fb8072,0,0.0,004
086-mft-ASAQ-DHAPPQ-ASPY85,50,27972.5,2031,MFT ASAQ - DHAPPQ - ASPY85,#fb8072,0,0.0,004
086-mft-ASAQ-DHAPPQ-ASPY85,51,27353.722222222223,2031,MFT ASAQ - DHAPPQ - ASPY85,#fb8072,0,0.0,004
086-mft-ASAQ-DHAPPQ-ASPY85,52,27990.61111111111,2031,MFT ASAQ - DHAPPQ - ASPY85,#fb8072,0,0.0,004
086-mft-ASAQ-DHAPPQ-ASPY85,53,27878.333333333332,2031,MFT ASAQ - DHAPPQ - ASPY85,#fb8072,0,0.0,004
086-mft-ASAQ-DHAPPQ-ASPY85,54,27436.833333333332,2031,MFT ASAQ - DHAPPQ - ASPY85,#fb8072,0,0.0,004
086-mft-ASAQ-DHAPPQ-ASPY85,55,27739.11111111111,2031,MFT ASAQ - DHAPPQ - ASPY85,#fb8072,0,0.0,004
086-mft-ASAQ-DHAPPQ-ASPY85,56,27441.166666666668,2031,MFT ASAQ - DHAPPQ - ASPY85,#fb8072,0,0.0,004
086-mft-ASAQ-DHAPPQ-ASPY85,57,26995.555555555555,2031,MFT ASAQ - DHAPPQ - ASPY85,#fb8072,0,0.0,004
086-mft-ASAQ-DHAPPQ-ASPY85,58,28384.055555555555,2031,MFT ASAQ - DHAPPQ - ASPY85,#fb8072,0,0.0,004
086-mft-ASAQ-DHAPPQ-ASPY85,59,29182.777777777777,2031,MFT ASAQ - DHAPPQ - ASPY85,#fb8072,0,0.0,004
086-mft-ASAQ-DHAPPQ-ASPY85,60,27985.777777777777,2031,MFT ASAQ - DHAPPQ - ASPY85,#fb8072,0,0.0,004
086-mft-ASAQ-DHAPPQ-ASPY85,61,27369.722222222223,2031,MFT ASAQ - DHAPPQ - ASPY85,#fb8072,0,0.0,004
086-mft-ASAQ-DHAPPQ-ASPY85,62,27886.777777777777,2031,MFT ASAQ - DHAPPQ - ASPY85,#fb8072,0,0.0,004
086-mft-ASAQ-DHAPPQ-ASPY85,63,27113.444444444445,2031,MFT ASAQ - DHAPPQ - ASPY85,#fb8072,0,0.0,004
086-mft-ASAQ-DHAPPQ-ASPY85,64,27389.5,2031,MFT ASAQ - DHAPPQ - ASPY85,#fb8072,0,0.0,004
086-mft-ASAQ-DHAPPQ-ASPY85,65,26952.055555555555,2031,MFT ASAQ - DHAPPQ - ASPY85,#fb8072,0,0.0,004
086-mft-ASAQ-DHAPPQ-ASPY85,66,27032.777777777777,2031,MFT ASAQ - DHAPPQ - ASPY85,#fb8072,0,0.0,004
086-mft-ASAQ-DHAPPQ-ASPY85,67,27743.444444444445,2031,MFT ASAQ - DHAPPQ - ASPY85,#fb8072,0,0.0,004
086-mft-ASAQ-DHAPPQ-ASPY85,68,27500.61111111111,2031,MFT ASAQ - DHAPPQ - ASPY85,#fb8072,0,0.0,004
086-mft-ASAQ-DHAPPQ-ASPY85,69,28160.38888888889,2031,MFT ASAQ - DHAPPQ - ASPY85,#fb8072,0,0.0,004
086-mft-ASAQ-DHAPPQ-ASPY85,70,28046.222222222223,2031,MFT ASAQ - DHAPPQ - ASPY85,#fb8072,0,0.0,004
086-mft-ASAQ-DHAPPQ-ASPY85,71,28164.333333333332,2031,MFT ASAQ - DHAPPQ - ASPY85,#fb8072,0,0.0,004
086-mft-ASAQ-DHAPPQ-ASPY85,72,28037.333333333332,2031,MFT ASAQ - DHAPPQ - ASPY85,#fb8072,0,0.0,004
086-mft-ASAQ-DHAPPQ-ASPY85,73,28317.166666666668,2031,MFT ASAQ - DHAPPQ - ASPY85,#fb8072,0,0.0,004
086-mft-ASAQ-DHAPPQ-ASPY85,74,27770.166666666668,2031,MFT ASAQ - DHAPPQ - ASPY85,#fb8072,0,0.0,004
086-mft-ASAQ-DHAPPQ-ASPY85,75,27777.61111111111,2031,MFT ASAQ - DHAPPQ - ASPY85,#fb8072,0,0.0,004
086-mft-ASAQ-DHAPPQ-ASPY85,76,29155.777777777777,2031,MFT ASAQ - DHAPPQ - ASPY85,#fb8072,0,0.0,004
086-mft-ASAQ-DHAPPQ-ASPY85,77,28064.833333333332,2031,MFT ASAQ - DHAPPQ - ASPY85,#fb8072,0,0.0,004
086-mft-ASAQ-DHAPPQ-ASPY85,78,27872.38888888889,2031,MFT ASAQ - DHAPPQ - ASPY85,#fb8072,0,0.0,004
086-mft-ASAQ-DHAPPQ-ASPY85,79,28364.722222222223,2031,MFT ASAQ - DHAPPQ - ASPY85,#fb8072,0,0.0,004
086-mft-ASAQ-DHAPPQ-ASPY85,80,28405.277777777777,2031,MFT ASAQ - DHAPPQ - ASPY85,#fb8072,0,0.0,004
086-mft-ASAQ-DHAPPQ-ASPY85,81,27176.0,2031,MFT ASAQ - DHAPPQ - ASPY85,#fb8072,0,0.0,004
086-mft-ASAQ-DHAPPQ-ASPY85,82,27847.277777777777,2031,MFT ASAQ - DHAPPQ - ASPY85,#fb8072,0,0.0,004
086-mft-ASAQ-DHAPPQ-ASPY85,83,28950.444444444445,2031,MFT ASAQ - DHAPPQ - ASPY85,#fb8072,0,0.0,004
086-mft-ASAQ-DHAPPQ-ASPY85,84,27449.722222222223,2031,MFT ASAQ - DHAPPQ - ASPY85,#fb8072,0,0.0,004
086-mft-ASAQ-DHAPPQ-ASPY85,85,27277.444444444445,2031,MFT ASAQ - DHAPPQ - ASPY85,#fb8072,0,0.0,004
086-mft-ASAQ-DHAPPQ-ASPY85,86,27478.666666666668,2031,MFT ASAQ - DHAPPQ - ASPY85,#fb8072,0,0.0,004
086-mft-ASAQ-DHAPPQ-ASPY85,87,27779.555555555555,2031,MFT ASAQ - DHAPPQ - ASPY85,#fb8072,0,0.0,004
086-mft-ASAQ-DHAPPQ-ASPY85,88,27589.5,2031,MFT ASAQ - DHAPPQ - ASPY85,#fb8072,0,0.0,004
086-mft-ASAQ-DHAPPQ-ASPY85,89,27625.444444444445,2031,MFT ASAQ - DHAPPQ - ASPY85,#fb8072,0,0.0,004
086-mft-ASAQ-DHAPPQ-ASPY85,90,27715.055555555555,2031,MFT ASAQ - DHAPPQ - ASPY85,#fb8072,0,0.0,004
086-mft-ASAQ-DHAPPQ-ASPY85,91,28665.11111111111,2031,MFT ASAQ - DHAPPQ - ASPY85,#fb8072,0,0.0,004
086-mft-ASAQ-DHAPPQ-ASPY85,92,27746.444444444445,2031,MFT ASAQ - DHAPPQ - ASPY85,#fb8072,0,0.0,004
086-mft-ASAQ-DHAPPQ-ASPY85,93,27482.38888888889,2031,MFT ASAQ - DHAPPQ - ASPY85,#fb8072,0,0.0,004
086-mft-ASAQ-DHAPPQ-ASPY85,94,27501.166666666668,2031,MFT ASAQ - DHAPPQ - ASPY85,#fb8072,0,0.0,004
086-mft-ASAQ-DHAPPQ-ASPY85,95,27934.555555555555,2031,MFT ASAQ - DHAPPQ - ASPY85,#fb8072,0,0.0,004
086-mft-ASAQ-DHAPPQ-ASPY85,96,27447.88888888889,2031,MFT ASAQ - DHAPPQ - ASPY85,#fb8072,0,0.0,004
086-mft-ASAQ-DHAPPQ-ASPY85,97,27506.11111111111,2031,MFT ASAQ - DHAPPQ - ASPY85,#fb8072,0,0.0,004
086-mft-ASAQ-DHAPPQ-ASPY85,98,26782.444444444445,2031,MFT ASAQ - DHAPPQ - ASPY85,#fb8072,0,0.0,004
086-mft-ASAQ-DHAPPQ-ASPY85,99,27387.222222222223,2031,MFT ASAQ - DHAPPQ - ASPY85,#fb8072,0,0.0,004
087-mft-ASAQ-DHAPPQ-ASPY75,0,27595.333333333332,2031,MFT ASAQ - DHAPPQ - ASPY75,#fb8072,0,0.0,004
087-mft-ASAQ-DHAPPQ-ASPY75,1,27153.5,2031,MFT ASAQ - DHAPPQ - ASPY75,#fb8072,0,0.0,004
087-mft-ASAQ-DHAPPQ-ASPY75,2,26946.0,2031,MFT ASAQ - DHAPPQ - ASPY75,#fb8072,0,0.0,004
087-mft-ASAQ-DHAPPQ-ASPY75,3,27693.722222222223,2031,MFT ASAQ - DHAPPQ - ASPY75,#fb8072,0,0.0,004
087-mft-ASAQ-DHAPPQ-ASPY75,4,27748.833333333332,2031,MFT ASAQ - DHAPPQ - ASPY75,#fb8072,0,0.0,004
087-mft-ASAQ-DHAPPQ-ASPY75,5,27783.944444444445,2031,MFT ASAQ - DHAPPQ - ASPY75,#fb8072,0,0.0,004
087-mft-ASAQ-DHAPPQ-ASPY75,6,27325.777777777777,2031,MFT ASAQ - DHAPPQ - ASPY75,#fb8072,0,0.0,004
087-mft-ASAQ-DHAPPQ-ASPY75,7,27414.222222222223,2031,MFT ASAQ - DHAPPQ - ASPY75,#fb8072,0,0.0,004
087-mft-ASAQ-DHAPPQ-ASPY75,8,28150.333333333332,2031,MFT ASAQ - DHAPPQ - ASPY75,#fb8072,0,0.0,004
087-mft-ASAQ-DHAPPQ-ASPY75,9,27865.444444444445,2031,MFT ASAQ - DHAPPQ - ASPY75,#fb8072,0,0.0,004
087-mft-ASAQ-DHAPPQ-ASPY75,10,28627.444444444445,2031,MFT ASAQ - DHAPPQ - ASPY75,#fb8072,0,0.0,004
087-mft-ASAQ-DHAPPQ-ASPY75,11,27937.61111111111,2031,MFT ASAQ - DHAPPQ - ASPY75,#fb8072,0,0.0,004
087-mft-ASAQ-DHAPPQ-ASPY75,12,27559.666666666668,2031,MFT ASAQ - DHAPPQ - ASPY75,#fb8072,0,0.0,004
087-mft-ASAQ-DHAPPQ-ASPY75,13,27257.11111111111,2031,MFT ASAQ - DHAPPQ - ASPY75,#fb8072,0,0.0,004
087-mft-ASAQ-DHAPPQ-ASPY75,14,29180.555555555555,2031,MFT ASAQ - DHAPPQ - ASPY75,#fb8072,0,0.0,004
087-mft-ASAQ-DHAPPQ-ASPY75,15,27746.5,2031,MFT ASAQ - DHAPPQ - ASPY75,#fb8072,0,0.0,004
087-mft-ASAQ-DHAPPQ-ASPY75,16,28019.88888888889,2031,MFT ASAQ - DHAPPQ - ASPY75,#fb8072,0,0.0,004
087-mft-ASAQ-DHAPPQ-ASPY75,17,27498.777777777777,2031,MFT ASAQ - DHAPPQ - ASPY75,#fb8072,0,0.0,004
087-mft-ASAQ-DHAPPQ-ASPY75,18,27236.333333333332,2031,MFT ASAQ - DHAPPQ - ASPY75,#fb8072,0,0.0,004
087-mft-ASAQ-DHAPPQ-ASPY75,19,28552.555555555555,2031,MFT ASAQ - DHAPPQ - ASPY75,#fb8072,0,0.0,004
087-mft-ASAQ-DHAPPQ-ASPY75,20,27195.0,2031,MFT ASAQ - DHAPPQ - ASPY75,#fb8072,0,0.0,004
087-mft-ASAQ-DHAPPQ-ASPY75,21,28073.88888888889,2031,MFT ASAQ - DHAPPQ - ASPY75,#fb8072,0,0.0,004
087-mft-ASAQ-DHAPPQ-ASPY75,22,27223.0,2031,MFT ASAQ - DHAPPQ - ASPY75,#fb8072,0,0.0,004
087-mft-ASAQ-DHAPPQ-ASPY75,23,26851.166666666668,2031,MFT ASAQ - DHAPPQ - ASPY75,#fb8072,0,0.0,004
087-mft-ASAQ-DHAPPQ-ASPY75,24,27806.11111111111,2031,MFT ASAQ - DHAPPQ - ASPY75,#fb8072,0,0.0,004
087-mft-ASAQ-DHAPPQ-ASPY75,25,28276.555555555555,2031,MFT ASAQ - DHAPPQ - ASPY75,#fb8072,0,0.0,004
087-mft-ASAQ-DHAPPQ-ASPY75,26,27069.777777777777,2031,MFT ASAQ - DHAPPQ - ASPY75,#fb8072,0,0.0,004
087-mft-ASAQ-DHAPPQ-ASPY75,27,27655.0,2031,MFT ASAQ - DHAPPQ - ASPY75,#fb8072,0,0.0,004
087-mft-ASAQ-DHAPPQ-ASPY75,28,28024.722222222223,2031,MFT ASAQ - DHAPPQ - ASPY75,#fb8072,0,0.0,004
087-mft-ASAQ-DHAPPQ-ASPY75,29,28741.166666666668,2031,MFT ASAQ - DHAPPQ - ASPY75,#fb8072,0,0.0,004
087-mft-ASAQ-DHAPPQ-ASPY75,30,27968.055555555555,2031,MFT ASAQ - DHAPPQ - ASPY75,#fb8072,0,0.0,004
087-mft-ASAQ-DHAPPQ-ASPY75,31,27573.61111111111,2031,MFT ASAQ - DHAPPQ - ASPY75,#fb8072,0,0.0,004
087-mft-ASAQ-DHAPPQ-ASPY75,32,27616.88888888889,2031,MFT ASAQ - DHAPPQ - ASPY75,#fb8072,0,0.0,004
087-mft-ASAQ-DHAPPQ-ASPY75,33,27857.277777777777,2031,MFT ASAQ - DHAPPQ - ASPY75,#fb8072,0,0.0,004
087-mft-ASAQ-DHAPPQ-ASPY75,34,27794.61111111111,2031,MFT ASAQ - DHAPPQ - ASPY75,#fb8072,0,0.0,004
087-mft-ASAQ-DHAPPQ-ASPY75,35,27567.11111111111,2031,MFT ASAQ - DHAPPQ - ASPY75,#fb8072,0,0.0,004
087-mft-ASAQ-DHAPPQ-ASPY75,36,27380.277777777777,2031,MFT ASAQ - DHAPPQ - ASPY75,#fb8072,0,0.0,004
087-mft-ASAQ-DHAPPQ-ASPY75,37,27451.0,2031,MFT ASAQ - DHAPPQ - ASPY75,#fb8072,0,0.0,004
087-mft-ASAQ-DHAPPQ-ASPY75,38,27457.055555555555,2031,MFT ASAQ - DHAPPQ - ASPY75,#fb8072,0,0.0,004
087-mft-ASAQ-DHAPPQ-ASPY75,39,28167.722222222223,2031,MFT ASAQ - DHAPPQ - ASPY75,#fb8072,0,0.0,004
087-mft-ASAQ-DHAPPQ-ASPY75,40,28765.61111111111,2031,MFT ASAQ - DHAPPQ - ASPY75,#fb8072,0,0.0,004
087-mft-ASAQ-DHAPPQ-ASPY75,41,28605.444444444445,2031,MFT ASAQ - DHAPPQ - ASPY75,#fb8072,0,0.0,004
087-mft-ASAQ-DHAPPQ-ASPY75,42,27836.444444444445,2031,MFT ASAQ - DHAPPQ - ASPY75,#fb8072,0,0.0,004
087-mft-ASAQ-DHAPPQ-ASPY75,43,27794.5,2031,MFT ASAQ - DHAPPQ - ASPY75,#fb8072,0,0.0,004
087-mft-ASAQ-DHAPPQ-ASPY75,44,27859.166666666668,2031,MFT ASAQ - DHAPPQ - ASPY75,#fb8072,0,0.0,004
087-mft-ASAQ-DHAPPQ-ASPY75,45,28364.0,2031,MFT ASAQ - DHAPPQ - ASPY75,#fb8072,0,0.0,004
087-mft-ASAQ-DHAPPQ-ASPY75,46,27858.833333333332,2031,MFT ASAQ - DHAPPQ - ASPY75,#fb8072,0,0.0,004
087-mft-ASAQ-DHAPPQ-ASPY75,47,28280.555555555555,2031,MFT ASAQ - DHAPPQ - ASPY75,#fb8072,0,0.0,004
087-mft-ASAQ-DHAPPQ-ASPY75,48,26889.11111111111,2031,MFT ASAQ - DHAPPQ - ASPY75,#fb8072,0,0.0,004
087-mft-ASAQ-DHAPPQ-ASPY75,49,27497.61111111111,2031,MFT ASAQ - DHAPPQ - ASPY75,#fb8072,0,0.0,004
087-mft-ASAQ-DHAPPQ-ASPY75,50,28445.777777777777,2031,MFT ASAQ - DHAPPQ - ASPY75,#fb8072,0,0.0,004
087-mft-ASAQ-DHAPPQ-ASPY75,51,28057.833333333332,2031,MFT ASAQ - DHAPPQ - ASPY75,#fb8072,0,0.0,004
087-mft-ASAQ-DHAPPQ-ASPY75,52,28420.166666666668,2031,MFT ASAQ - DHAPPQ - ASPY75,#fb8072,0,0.0,004
087-mft-ASAQ-DHAPPQ-ASPY75,53,27521.61111111111,2031,MFT ASAQ - DHAPPQ - ASPY75,#fb8072,0,0.0,004
087-mft-ASAQ-DHAPPQ-ASPY75,54,27004.333333333332,2031,MFT ASAQ - DHAPPQ - ASPY75,#fb8072,0,0.0,004
087-mft-ASAQ-DHAPPQ-ASPY75,55,28408.055555555555,2031,MFT ASAQ - DHAPPQ - ASPY75,#fb8072,0,0.0,004
087-mft-ASAQ-DHAPPQ-ASPY75,56,28031.833333333332,2031,MFT ASAQ - DHAPPQ - ASPY75,#fb8072,0,0.0,004
087-mft-ASAQ-DHAPPQ-ASPY75,57,27799.166666666668,2031,MFT ASAQ - DHAPPQ - ASPY75,#fb8072,0,0.0,004
087-mft-ASAQ-DHAPPQ-ASPY75,58,26806.555555555555,2031,MFT ASAQ - DHAPPQ - ASPY75,#fb8072,0,0.0,004
087-mft-ASAQ-DHAPPQ-ASPY75,59,27340.777777777777,2031,MFT ASAQ - DHAPPQ - ASPY75,#fb8072,0,0.0,004
087-mft-ASAQ-DHAPPQ-ASPY75,60,27838.444444444445,2031,MFT ASAQ - DHAPPQ - ASPY75,#fb8072,0,0.0,004
087-mft-ASAQ-DHAPPQ-ASPY75,61,27640.055555555555,2031,MFT ASAQ - DHAPPQ - ASPY75,#fb8072,0,0.0,004
087-mft-ASAQ-DHAPPQ-ASPY75,62,27060.833333333332,2031,MFT ASAQ - DHAPPQ - ASPY75,#fb8072,0,0.0,004
087-mft-ASAQ-DHAPPQ-ASPY75,63,27804.61111111111,2031,MFT ASAQ - DHAPPQ - ASPY75,#fb8072,0,0.0,004
087-mft-ASAQ-DHAPPQ-ASPY75,64,28045.833333333332,2031,MFT ASAQ - DHAPPQ - ASPY75,#fb8072,0,0.0,004
087-mft-ASAQ-DHAPPQ-ASPY75,65,27689.444444444445,2031,MFT ASAQ - DHAPPQ - ASPY75,#fb8072,0,0.0,004
087-mft-ASAQ-DHAPPQ-ASPY75,66,27998.5,2031,MFT ASAQ - DHAPPQ - ASPY75,#fb8072,0,0.0,004
087-mft-ASAQ-DHAPPQ-ASPY75,67,27699.166666666668,2031,MFT ASAQ - DHAPPQ - ASPY75,#fb8072,0,0.0,004
087-mft-ASAQ-DHAPPQ-ASPY75,68,27738.055555555555,2031,MFT ASAQ - DHAPPQ - ASPY75,#fb8072,0,0.0,004
087-mft-ASAQ-DHAPPQ-ASPY75,69,28100.055555555555,2031,MFT ASAQ - DHAPPQ - ASPY75,#fb8072,0,0.0,004
087-mft-ASAQ-DHAPPQ-ASPY75,70,27335.0,2031,MFT ASAQ - DHAPPQ - ASPY75,#fb8072,0,0.0,004
087-mft-ASAQ-DHAPPQ-ASPY75,71,28186.166666666668,2031,MFT ASAQ - DHAPPQ - ASPY75,#fb8072,0,0.0,004
087-mft-ASAQ-DHAPPQ-ASPY75,72,27886.444444444445,2031,MFT ASAQ - DHAPPQ - ASPY75,#fb8072,0,0.0,004
087-mft-ASAQ-DHAPPQ-ASPY75,73,27977.5,2031,MFT ASAQ - DHAPPQ - ASPY75,#fb8072,0,0.0,004
087-mft-ASAQ-DHAPPQ-ASPY75,74,28239.444444444445,2031,MFT ASAQ - DHAPPQ - ASPY75,#fb8072,0,0.0,004
087-mft-ASAQ-DHAPPQ-ASPY75,75,28285.166666666668,2031,MFT ASAQ - DHAPPQ - ASPY75,#fb8072,0,0.0,004
087-mft-ASAQ-DHAPPQ-ASPY75,76,27397.944444444445,2031,MFT ASAQ - DHAPPQ - ASPY75,#fb8072,0,0.0,004
087-mft-ASAQ-DHAPPQ-ASPY75,77,27533.666666666668,2031,MFT ASAQ - DHAPPQ - ASPY75,#fb8072,0,0.0,004
087-mft-ASAQ-DHAPPQ-ASPY75,78,27591.0,2031,MFT ASAQ - DHAPPQ - ASPY75,#fb8072,0,0.0,004
087-mft-ASAQ-DHAPPQ-ASPY75,79,27485.833333333332,2031,MFT ASAQ - DHAPPQ - ASPY75,#fb8072,0,0.0,004
087-mft-ASAQ-DHAPPQ-ASPY75,80,27422.777777777777,2031,MFT ASAQ - DHAPPQ - ASPY75,#fb8072,0,0.0,004
087-mft-ASAQ-DHAPPQ-ASPY75,81,27101.166666666668,2031,MFT ASAQ - DHAPPQ - ASPY75,#fb8072,0,0.0,004
087-mft-ASAQ-DHAPPQ-ASPY75,82,27407.61111111111,2031,MFT ASAQ - DHAPPQ - ASPY75,#fb8072,0,0.0,004
087-mft-ASAQ-DHAPPQ-ASPY75,83,27482.11111111111,2031,MFT ASAQ - DHAPPQ - ASPY75,#fb8072,0,0.0,004
087-mft-ASAQ-DHAPPQ-ASPY75,84,27483.722222222223,2031,MFT ASAQ - DHAPPQ - ASPY75,#fb8072,0,0.0,004
087-mft-ASAQ-DHAPPQ-ASPY75,85,26876.222222222223,2031,MFT ASAQ - DHAPPQ - ASPY75,#fb8072,0,0.0,004
087-mft-ASAQ-DHAPPQ-ASPY75,86,28003.38888888889,2031,MFT ASAQ - DHAPPQ - ASPY75,#fb8072,0,0.0,004
087-mft-ASAQ-DHAPPQ-ASPY75,87,27501.5,2031,MFT ASAQ - DHAPPQ - ASPY75,#fb8072,0,0.0,004
087-mft-ASAQ-DHAPPQ-ASPY75,88,27750.0,2031,MFT ASAQ - DHAPPQ - ASPY75,#fb8072,0,0.0,004
087-mft-ASAQ-DHAPPQ-ASPY75,89,27084.777777777777,2031,MFT ASAQ - DHAPPQ - ASPY75,#fb8072,0,0.0,004
087-mft-ASAQ-DHAPPQ-ASPY75,90,27986.333333333332,2031,MFT ASAQ - DHAPPQ - ASPY75,#fb8072,0,0.0,004
087-mft-ASAQ-DHAPPQ-ASPY75,91,27440.444444444445,2031,MFT ASAQ - DHAPPQ - ASPY75,#fb8072,0,0.0,004
087-mft-ASAQ-DHAPPQ-ASPY75,92,28492.166666666668,2031,MFT ASAQ - DHAPPQ - ASPY75,#fb8072,0,0.0,004
087-mft-ASAQ-DHAPPQ-ASPY75,93,27702.5,2031,MFT ASAQ - DHAPPQ - ASPY75,#fb8072,0,0.0,004
087-mft-ASAQ-DHAPPQ-ASPY75,94,28227.166666666668,2031,MFT ASAQ - DHAPPQ - ASPY75,#fb8072,0,0.0,004
087-mft-ASAQ-DHAPPQ-ASPY75,95,27131.38888888889,2031,MFT ASAQ - DHAPPQ - ASPY75,#fb8072,0,0.0,004
087-mft-ASAQ-DHAPPQ-ASPY75,96,27742.166666666668,2031,MFT ASAQ - DHAPPQ - ASPY75,#fb8072,0,0.0,004
087-mft-ASAQ-DHAPPQ-ASPY75,97,27306.277777777777,2031,MFT ASAQ - DHAPPQ - ASPY75,#fb8072,0,0.0,004
087-mft-ASAQ-DHAPPQ-ASPY75,98,27402.222222222223,2031,MFT ASAQ - DHAPPQ - ASPY75,#fb8072,0,0.0,004
087-mft-ASAQ-DHAPPQ-ASPY75,99,27977.666666666668,2031,MFT ASAQ - DHAPPQ - ASPY75,#fb8072,0,0.0,004
088-mft-ASAQ-DHAPPQ-ASPY65,0,27508.222222222223,2031,MFT ASAQ - DHAPPQ - ASPY65,#fb8072,0,0.0,004
088-mft-ASAQ-DHAPPQ-ASPY65,1,28174.5,2031,MFT ASAQ - DHAPPQ - ASPY65,#fb8072,0,0.0,004
088-mft-ASAQ-DHAPPQ-ASPY65,2,27289.333333333332,2031,MFT ASAQ - DHAPPQ - ASPY65,#fb8072,0,0.0,004
088-mft-ASAQ-DHAPPQ-ASPY65,3,28357.222222222223,2031,MFT ASAQ - DHAPPQ - ASPY65,#fb8072,0,0.0,004
088-mft-ASAQ-DHAPPQ-ASPY65,4,28682.444444444445,2031,MFT ASAQ - DHAPPQ - ASPY65,#fb8072,0,0.0,004
088-mft-ASAQ-DHAPPQ-ASPY65,5,27796.944444444445,2031,MFT ASAQ - DHAPPQ - ASPY65,#fb8072,0,0.0,004
088-mft-ASAQ-DHAPPQ-ASPY65,6,27702.277777777777,2031,MFT ASAQ - DHAPPQ - ASPY65,#fb8072,0,0.0,004
088-mft-ASAQ-DHAPPQ-ASPY65,7,27655.944444444445,2031,MFT ASAQ - DHAPPQ - ASPY65,#fb8072,0,0.0,004
088-mft-ASAQ-DHAPPQ-ASPY65,8,26798.055555555555,2031,MFT ASAQ - DHAPPQ - ASPY65,#fb8072,0,0.0,004
088-mft-ASAQ-DHAPPQ-ASPY65,9,27350.38888888889,2031,MFT ASAQ - DHAPPQ - ASPY65,#fb8072,0,0.0,004
088-mft-ASAQ-DHAPPQ-ASPY65,10,27903.444444444445,2031,MFT ASAQ - DHAPPQ - ASPY65,#fb8072,0,0.0,004
088-mft-ASAQ-DHAPPQ-ASPY65,11,27373.5,2031,MFT ASAQ - DHAPPQ - ASPY65,#fb8072,0,0.0,004
088-mft-ASAQ-DHAPPQ-ASPY65,12,27423.666666666668,2031,MFT ASAQ - DHAPPQ - ASPY65,#fb8072,0,0.0,004
088-mft-ASAQ-DHAPPQ-ASPY65,13,27025.11111111111,2031,MFT ASAQ - DHAPPQ - ASPY65,#fb8072,0,0.0,004
088-mft-ASAQ-DHAPPQ-ASPY65,14,28126.722222222223,2031,MFT ASAQ - DHAPPQ - ASPY65,#fb8072,0,0.0,004
088-mft-ASAQ-DHAPPQ-ASPY65,15,27516.777777777777,2031,MFT ASAQ - DHAPPQ - ASPY65,#fb8072,0,0.0,004
088-mft-ASAQ-DHAPPQ-ASPY65,16,27153.277777777777,2031,MFT ASAQ - DHAPPQ - ASPY65,#fb8072,0,0.0,004
088-mft-ASAQ-DHAPPQ-ASPY65,17,27753.055555555555,2031,MFT ASAQ - DHAPPQ - ASPY65,#fb8072,0,0.0,004
088-mft-ASAQ-DHAPPQ-ASPY65,18,28439.5,2031,MFT ASAQ - DHAPPQ - ASPY65,#fb8072,0,0.0,004
088-mft-ASAQ-DHAPPQ-ASPY65,19,28173.333333333332,2031,MFT ASAQ - DHAPPQ - ASPY65,#fb8072,0,0.0,004
088-mft-ASAQ-DHAPPQ-ASPY65,20,28361.222222222223,2031,MFT ASAQ - DHAPPQ - ASPY65,#fb8072,0,0.0,004
088-mft-ASAQ-DHAPPQ-ASPY65,21,28053.61111111111,2031,MFT ASAQ - DHAPPQ - ASPY65,#fb8072,0,0.0,004
088-mft-ASAQ-DHAPPQ-ASPY65,22,29043.722222222223,2031,MFT ASAQ - DHAPPQ - ASPY65,#fb8072,0,0.0,004
088-mft-ASAQ-DHAPPQ-ASPY65,23,27886.38888888889,2031,MFT ASAQ - DHAPPQ - ASPY65,#fb8072,0,0.0,004
088-mft-ASAQ-DHAPPQ-ASPY65,24,28258.38888888889,2031,MFT ASAQ - DHAPPQ - ASPY65,#fb8072,0,0.0,004
088-mft-ASAQ-DHAPPQ-ASPY65,25,27926.666666666668,2031,MFT ASAQ - DHAPPQ - ASPY65,#fb8072,0,0.0,004
088-mft-ASAQ-DHAPPQ-ASPY65,26,27062.277777777777,2031,MFT ASAQ - DHAPPQ - ASPY65,#fb8072,0,0.0,004
088-mft-ASAQ-DHAPPQ-ASPY65,27,27323.277777777777,2031,MFT ASAQ - DHAPPQ - ASPY65,#fb8072,0,0.0,004
088-mft-ASAQ-DHAPPQ-ASPY65,28,27834.11111111111,2031,MFT ASAQ - DHAPPQ - ASPY65,#fb8072,0,0.0,004
088-mft-ASAQ-DHAPPQ-ASPY65,29,27712.444444444445,2031,MFT ASAQ - DHAPPQ - ASPY65,#fb8072,0,0.0,004
088-mft-ASAQ-DHAPPQ-ASPY65,30,28820.666666666668,2031,MFT ASAQ - DHAPPQ - ASPY65,#fb8072,0,0.0,004
088-mft-ASAQ-DHAPPQ-ASPY65,31,27482.277777777777,2031,MFT ASAQ - DHAPPQ - ASPY65,#fb8072,0,0.0,004
088-mft-ASAQ-DHAPPQ-ASPY65,32,27906.61111111111,2031,MFT ASAQ - DHAPPQ - ASPY65,#fb8072,0,0.0,004
088-mft-ASAQ-DHAPPQ-ASPY65,33,28006.944444444445,2031,MFT ASAQ - DHAPPQ - ASPY65,#fb8072,0,0.0,004
088-mft-ASAQ-DHAPPQ-ASPY65,34,27062.38888888889,2031,MFT ASAQ - DHAPPQ - ASPY65,#fb8072,0,0.0,004
088-mft-ASAQ-DHAPPQ-ASPY65,35,27378.333333333332,2031,MFT ASAQ - DHAPPQ - ASPY65,#fb8072,0,0.0,004
088-mft-ASAQ-DHAPPQ-ASPY65,36,28109.444444444445,2031,MFT ASAQ - DHAPPQ - ASPY65,#fb8072,0,0.0,004
088-mft-ASAQ-DHAPPQ-ASPY65,37,28794.277777777777,2031,MFT ASAQ - DHAPPQ - ASPY65,#fb8072,0,0.0,004
088-mft-ASAQ-DHAPPQ-ASPY65,38,28490.61111111111,2031,MFT ASAQ - DHAPPQ - ASPY65,#fb8072,0,0.0,004
088-mft-ASAQ-DHAPPQ-ASPY65,39,27708.0,2031,MFT ASAQ - DHAPPQ - ASPY65,#fb8072,0,0.0,004
088-mft-ASAQ-DHAPPQ-ASPY65,40,28136.666666666668,2031,MFT ASAQ - DHAPPQ - ASPY65,#fb8072,0,0.0,004
088-mft-ASAQ-DHAPPQ-ASPY65,41,27308.11111111111,2031,MFT ASAQ - DHAPPQ - ASPY65,#fb8072,0,0.0,004
088-mft-ASAQ-DHAPPQ-ASPY65,42,28714.722222222223,2031,MFT ASAQ - DHAPPQ - ASPY65,#fb8072,0,0.0,004
088-mft-ASAQ-DHAPPQ-ASPY65,43,27910.055555555555,2031,MFT ASAQ - DHAPPQ - ASPY65,#fb8072,0,0.0,004
088-mft-ASAQ-DHAPPQ-ASPY65,44,28620.222222222223,2031,MFT ASAQ - DHAPPQ - ASPY65,#fb8072,0,0.0,004
088-mft-ASAQ-DHAPPQ-ASPY65,45,29154.555555555555,2031,MFT ASAQ - DHAPPQ - ASPY65,#fb8072,0,0.0,004
088-mft-ASAQ-DHAPPQ-ASPY65,46,28456.777777777777,2031,MFT ASAQ - DHAPPQ - ASPY65,#fb8072,0,0.0,004
088-mft-ASAQ-DHAPPQ-ASPY65,47,27488.555555555555,2031,MFT ASAQ - DHAPPQ - ASPY65,#fb8072,0,0.0,004
088-mft-ASAQ-DHAPPQ-ASPY65,48,27489.222222222223,2031,MFT ASAQ - DHAPPQ - ASPY65,#fb8072,0,0.0,004
088-mft-ASAQ-DHAPPQ-ASPY65,49,28123.944444444445,2031,MFT ASAQ - DHAPPQ - ASPY65,#fb8072,0,0.0,004
088-mft-ASAQ-DHAPPQ-ASPY65,50,27805.277777777777,2031,MFT ASAQ - DHAPPQ - ASPY65,#fb8072,0,0.0,004
088-mft-ASAQ-DHAPPQ-ASPY65,51,27626.5,2031,MFT ASAQ - DHAPPQ - ASPY65,#fb8072,0,0.0,004
088-mft-ASAQ-DHAPPQ-ASPY65,52,27725.055555555555,2031,MFT ASAQ - DHAPPQ - ASPY65,#fb8072,0,0.0,004
088-mft-ASAQ-DHAPPQ-ASPY65,53,28720.722222222223,2031,MFT ASAQ - DHAPPQ - ASPY65,#fb8072,0,0.0,004
088-mft-ASAQ-DHAPPQ-ASPY65,54,28609.666666666668,2031,MFT ASAQ - DHAPPQ - ASPY65,#fb8072,0,0.0,004
088-mft-ASAQ-DHAPPQ-ASPY65,55,27917.0,2031,MFT ASAQ - DHAPPQ - ASPY65,#fb8072,0,0.0,004
088-mft-ASAQ-DHAPPQ-ASPY65,56,27688.944444444445,2031,MFT ASAQ - DHAPPQ - ASPY65,#fb8072,0,0.0,004
088-mft-ASAQ-DHAPPQ-ASPY65,57,27617.833333333332,2031,MFT ASAQ - DHAPPQ - ASPY65,#fb8072,0,0.0,004
088-mft-ASAQ-DHAPPQ-ASPY65,58,28509.38888888889,2031,MFT ASAQ - DHAPPQ - ASPY65,#fb8072,0,0.0,004
088-mft-ASAQ-DHAPPQ-ASPY65,59,27658.5,2031,MFT ASAQ - DHAPPQ - ASPY65,#fb8072,0,0.0,004
088-mft-ASAQ-DHAPPQ-ASPY65,60,27395.222222222223,2031,MFT ASAQ - DHAPPQ - ASPY65,#fb8072,0,0.0,004
088-mft-ASAQ-DHAPPQ-ASPY65,61,27571.11111111111,2031,MFT ASAQ - DHAPPQ - ASPY65,#fb8072,0,0.0,004
088-mft-ASAQ-DHAPPQ-ASPY65,62,27453.833333333332,2031,MFT ASAQ - DHAPPQ - ASPY65,#fb8072,0,0.0,004
088-mft-ASAQ-DHAPPQ-ASPY65,63,28484.333333333332,2031,MFT ASAQ - DHAPPQ - ASPY65,#fb8072,0,0.0,004
088-mft-ASAQ-DHAPPQ-ASPY65,64,28176.444444444445,2031,MFT ASAQ - DHAPPQ - ASPY65,#fb8072,0,0.0,004
088-mft-ASAQ-DHAPPQ-ASPY65,65,27826.833333333332,2031,MFT ASAQ - DHAPPQ - ASPY65,#fb8072,0,0.0,004
088-mft-ASAQ-DHAPPQ-ASPY65,66,27147.88888888889,2031,MFT ASAQ - DHAPPQ - ASPY65,#fb8072,0,0.0,004
088-mft-ASAQ-DHAPPQ-ASPY65,67,27171.88888888889,2031,MFT ASAQ - DHAPPQ - ASPY65,#fb8072,0,0.0,004
088-mft-ASAQ-DHAPPQ-ASPY65,68,27384.666666666668,2031,MFT ASAQ - DHAPPQ - ASPY65,#fb8072,0,0.0,004
088-mft-ASAQ-DHAPPQ-ASPY65,69,27649.944444444445,2031,MFT ASAQ - DHAPPQ - ASPY65,#fb8072,0,0.0,004
088-mft-ASAQ-DHAPPQ-ASPY65,70,27802.88888888889,2031,MFT ASAQ - DHAPPQ - ASPY65,#fb8072,0,0.0,004
088-mft-ASAQ-DHAPPQ-ASPY65,71,27977.777777777777,2031,MFT ASAQ - DHAPPQ - ASPY65,#fb8072,0,0.0,004
088-mft-ASAQ-DHAPPQ-ASPY65,72,27572.88888888889,2031,MFT ASAQ - DHAPPQ - ASPY65,#fb8072,0,0.0,004
088-mft-ASAQ-DHAPPQ-ASPY65,73,29162.222222222223,2031,MFT ASAQ - DHAPPQ - ASPY65,#fb8072,0,0.0,004
088-mft-ASAQ-DHAPPQ-ASPY65,74,27608.277777777777,2031,MFT ASAQ - DHAPPQ - ASPY65,#fb8072,0,0.0,004
088-mft-ASAQ-DHAPPQ-ASPY65,75,27078.11111111111,2031,MFT ASAQ - DHAPPQ - ASPY65,#fb8072,0,0.0,004
088-mft-ASAQ-DHAPPQ-ASPY65,76,27047.5,2031,MFT ASAQ - DHAPPQ - ASPY65,#fb8072,0,0.0,004
088-mft-ASAQ-DHAPPQ-ASPY65,77,26982.277777777777,2031,MFT ASAQ - DHAPPQ - ASPY65,#fb8072,0,0.0,004
088-mft-ASAQ-DHAPPQ-ASPY65,78,27880.38888888889,2031,MFT ASAQ - DHAPPQ - ASPY65,#fb8072,0,0.0,004
088-mft-ASAQ-DHAPPQ-ASPY65,79,27486.61111111111,2031,MFT ASAQ - DHAPPQ - ASPY65,#fb8072,0,0.0,004
088-mft-ASAQ-DHAPPQ-ASPY65,80,27764.444444444445,2031,MFT ASAQ - DHAPPQ - ASPY65,#fb8072,0,0.0,004
088-mft-ASAQ-DHAPPQ-ASPY65,81,27618.222222222223,2031,MFT ASAQ - DHAPPQ - ASPY65,#fb8072,0,0.0,004
088-mft-ASAQ-DHAPPQ-ASPY65,82,28129.722222222223,2031,MFT ASAQ - DHAPPQ - ASPY65,#fb8072,0,0.0,004
088-mft-ASAQ-DHAPPQ-ASPY65,83,27424.5,2031,MFT ASAQ - DHAPPQ - ASPY65,#fb8072,0,0.0,004
088-mft-ASAQ-DHAPPQ-ASPY65,84,27922.38888888889,2031,MFT ASAQ - DHAPPQ - ASPY65,#fb8072,0,0.0,004
088-mft-ASAQ-DHAPPQ-ASPY65,85,27620.833333333332,2031,MFT ASAQ - DHAPPQ - ASPY65,#fb8072,0,0.0,004
088-mft-ASAQ-DHAPPQ-ASPY65,86,28040.333333333332,2031,MFT ASAQ - DHAPPQ - ASPY65,#fb8072,0,0.0,004
088-mft-ASAQ-DHAPPQ-ASPY65,87,27128.88888888889,2031,MFT ASAQ - DHAPPQ - ASPY65,#fb8072,0,0.0,004
088-mft-ASAQ-DHAPPQ-ASPY65,88,28502.777777777777,2031,MFT ASAQ - DHAPPQ - ASPY65,#fb8072,0,0.0,004
088-mft-ASAQ-DHAPPQ-ASPY65,89,27523.222222222223,2031,MFT ASAQ - DHAPPQ - ASPY65,#fb8072,0,0.0,004
088-mft-ASAQ-DHAPPQ-ASPY65,90,27721.61111111111,2031,MFT ASAQ - DHAPPQ - ASPY65,#fb8072,0,0.0,004
088-mft-ASAQ-DHAPPQ-ASPY65,91,27060.444444444445,2031,MFT ASAQ - DHAPPQ - ASPY65,#fb8072,0,0.0,004
088-mft-ASAQ-DHAPPQ-ASPY65,92,27564.722222222223,2031,MFT ASAQ - DHAPPQ - ASPY65,#fb8072,0,0.0,004
088-mft-ASAQ-DHAPPQ-ASPY65,93,27653.277777777777,2031,MFT ASAQ - DHAPPQ - ASPY65,#fb8072,0,0.0,004
088-mft-ASAQ-DHAPPQ-ASPY65,94,27957.055555555555,2031,MFT ASAQ - DHAPPQ - ASPY65,#fb8072,0,0.0,004
088-mft-ASAQ-DHAPPQ-ASPY65,95,28602.166666666668,2031,MFT ASAQ - DHAPPQ - ASPY65,#fb8072,0,0.0,004
088-mft-ASAQ-DHAPPQ-ASPY65,96,28152.777777777777,2031,MFT ASAQ - DHAPPQ - ASPY65,#fb8072,0,0.0,004
088-mft-ASAQ-DHAPPQ-ASPY65,97,27589.944444444445,2031,MFT ASAQ - DHAPPQ - ASPY65,#fb8072,0,0.0,004
088-mft-ASAQ-DHAPPQ-ASPY65,98,27715.61111111111,2031,MFT ASAQ - DHAPPQ - ASPY65,#fb8072,0,0.0,004
088-mft-ASAQ-DHAPPQ-ASPY65,99,28628.055555555555,2031,MFT ASAQ - DHAPPQ - ASPY65,#fb8072,0,0.0,004
089-mft-AL-ASAQ-DHAPPQ-ASPY85,0,33521.944444444445,2031,MFT AL - ASAQ - DHAPPQ - ASPY85,#fb8072,0,25.0,004
089-mft-AL-ASAQ-DHAPPQ-ASPY85,1,32747.88888888889,2031,MFT AL - ASAQ - DHAPPQ - ASPY85,#fb8072,0,25.0,004
089-mft-AL-ASAQ-DHAPPQ-ASPY85,2,31913.333333333332,2031,MFT AL - ASAQ - DHAPPQ - ASPY85,#fb8072,0,25.0,004
089-mft-AL-ASAQ-DHAPPQ-ASPY85,3,32537.944444444445,2031,MFT AL - ASAQ - DHAPPQ - ASPY85,#fb8072,0,25.0,004
089-mft-AL-ASAQ-DHAPPQ-ASPY85,4,31818.88888888889,2031,MFT AL - ASAQ - DHAPPQ - ASPY85,#fb8072,0,25.0,004
089-mft-AL-ASAQ-DHAPPQ-ASPY85,5,31169.444444444445,2031,MFT AL - ASAQ - DHAPPQ - ASPY85,#fb8072,0,25.0,004
089-mft-AL-ASAQ-DHAPPQ-ASPY85,6,31203.88888888889,2031,MFT AL - ASAQ - DHAPPQ - ASPY85,#fb8072,0,25.0,004
089-mft-AL-ASAQ-DHAPPQ-ASPY85,7,31682.055555555555,2031,MFT AL - ASAQ - DHAPPQ - ASPY85,#fb8072,0,25.0,004
089-mft-AL-ASAQ-DHAPPQ-ASPY85,8,30433.5,2031,MFT AL - ASAQ - DHAPPQ - ASPY85,#fb8072,0,25.0,004
089-mft-AL-ASAQ-DHAPPQ-ASPY85,9,31416.0,2031,MFT AL - ASAQ - DHAPPQ - ASPY85,#fb8072,0,25.0,004
089-mft-AL-ASAQ-DHAPPQ-ASPY85,10,32030.555555555555,2031,MFT AL - ASAQ - DHAPPQ - ASPY85,#fb8072,0,25.0,004
089-mft-AL-ASAQ-DHAPPQ-ASPY85,11,31887.833333333332,2031,MFT AL - ASAQ - DHAPPQ - ASPY85,#fb8072,0,25.0,004
089-mft-AL-ASAQ-DHAPPQ-ASPY85,12,32262.555555555555,2031,MFT AL - ASAQ - DHAPPQ - ASPY85,#fb8072,0,25.0,004
089-mft-AL-ASAQ-DHAPPQ-ASPY85,13,31471.722222222223,2031,MFT AL - ASAQ - DHAPPQ - ASPY85,#fb8072,0,25.0,004
089-mft-AL-ASAQ-DHAPPQ-ASPY85,14,31930.333333333332,2031,MFT AL - ASAQ - DHAPPQ - ASPY85,#fb8072,0,25.0,004
089-mft-AL-ASAQ-DHAPPQ-ASPY85,15,31208.666666666668,2031,MFT AL - ASAQ - DHAPPQ - ASPY85,#fb8072,0,25.0,004
089-mft-AL-ASAQ-DHAPPQ-ASPY85,16,31404.38888888889,2031,MFT AL - ASAQ - DHAPPQ - ASPY85,#fb8072,0,25.0,004
089-mft-AL-ASAQ-DHAPPQ-ASPY85,17,30714.944444444445,2031,MFT AL - ASAQ - DHAPPQ - ASPY85,#fb8072,0,25.0,004
089-mft-AL-ASAQ-DHAPPQ-ASPY85,18,30080.555555555555,2031,MFT AL - ASAQ - DHAPPQ - ASPY85,#fb8072,0,25.0,004
089-mft-AL-ASAQ-DHAPPQ-ASPY85,19,31603.055555555555,2031,MFT AL - ASAQ - DHAPPQ - ASPY85,#fb8072,0,25.0,004
089-mft-AL-ASAQ-DHAPPQ-ASPY85,20,33703.555555555555,2031,MFT AL - ASAQ - DHAPPQ - ASPY85,#fb8072,0,25.0,004
089-mft-AL-ASAQ-DHAPPQ-ASPY85,21,31937.61111111111,2031,MFT AL - ASAQ - DHAPPQ - ASPY85,#fb8072,0,25.0,004
089-mft-AL-ASAQ-DHAPPQ-ASPY85,22,31486.38888888889,2031,MFT AL - ASAQ - DHAPPQ - ASPY85,#fb8072,0,25.0,004
089-mft-AL-ASAQ-DHAPPQ-ASPY85,23,31717.833333333332,2031,MFT AL - ASAQ - DHAPPQ - ASPY85,#fb8072,0,25.0,004
089-mft-AL-ASAQ-DHAPPQ-ASPY85,24,31529.444444444445,2031,MFT AL - ASAQ - DHAPPQ - ASPY85,#fb8072,0,25.0,004
089-mft-AL-ASAQ-DHAPPQ-ASPY85,25,31824.722222222223,2031,MFT AL - ASAQ - DHAPPQ - ASPY85,#fb8072,0,25.0,004
089-mft-AL-ASAQ-DHAPPQ-ASPY85,26,31140.0,2031,MFT AL - ASAQ - DHAPPQ - ASPY85,#fb8072,0,25.0,004
089-mft-AL-ASAQ-DHAPPQ-ASPY85,27,30602.88888888889,2031,MFT AL - ASAQ - DHAPPQ - ASPY85,#fb8072,0,25.0,004
089-mft-AL-ASAQ-DHAPPQ-ASPY85,28,31418.5,2031,MFT AL - ASAQ - DHAPPQ - ASPY85,#fb8072,0,25.0,004
089-mft-AL-ASAQ-DHAPPQ-ASPY85,29,32469.38888888889,2031,MFT AL - ASAQ - DHAPPQ - ASPY85,#fb8072,0,25.0,004
089-mft-AL-ASAQ-DHAPPQ-ASPY85,30,32350.88888888889,2031,MFT AL - ASAQ - DHAPPQ - ASPY85,#fb8072,0,25.0,004
089-mft-AL-ASAQ-DHAPPQ-ASPY85,31,31811.555555555555,2031,MFT AL - ASAQ - DHAPPQ - ASPY85,#fb8072,0,25.0,004
089-mft-AL-ASAQ-DHAPPQ-ASPY85,32,31471.722222222223,2031,MFT AL - ASAQ - DHAPPQ - ASPY85,#fb8072,0,25.0,004
089-mft-AL-ASAQ-DHAPPQ-ASPY85,33,31205.777777777777,2031,MFT AL - ASAQ - DHAPPQ - ASPY85,#fb8072,0,25.0,004
089-mft-AL-ASAQ-DHAPPQ-ASPY85,34,31503.222222222223,2031,MFT AL - ASAQ - DHAPPQ - ASPY85,#fb8072,0,25.0,004
089-mft-AL-ASAQ-DHAPPQ-ASPY85,35,31429.166666666668,2031,MFT AL - ASAQ - DHAPPQ - ASPY85,#fb8072,0,25.0,004
089-mft-AL-ASAQ-DHAPPQ-ASPY85,36,31401.61111111111,2031,MFT AL - ASAQ - DHAPPQ - ASPY85,#fb8072,0,25.0,004
089-mft-AL-ASAQ-DHAPPQ-ASPY85,37,31673.277777777777,2031,MFT AL - ASAQ - DHAPPQ - ASPY85,#fb8072,0,25.0,004
089-mft-AL-ASAQ-DHAPPQ-ASPY85,38,32092.555555555555,2031,MFT AL - ASAQ - DHAPPQ - ASPY85,#fb8072,0,25.0,004
089-mft-AL-ASAQ-DHAPPQ-ASPY85,39,31502.166666666668,2031,MFT AL - ASAQ - DHAPPQ - ASPY85,#fb8072,0,25.0,004
089-mft-AL-ASAQ-DHAPPQ-ASPY85,40,30953.5,2031,MFT AL - ASAQ - DHAPPQ - ASPY85,#fb8072,0,25.0,004
089-mft-AL-ASAQ-DHAPPQ-ASPY85,41,31402.666666666668,2031,MFT AL - ASAQ - DHAPPQ - ASPY85,#fb8072,0,25.0,004
089-mft-AL-ASAQ-DHAPPQ-ASPY85,42,32425.5,2031,MFT AL - ASAQ - DHAPPQ - ASPY85,#fb8072,0,25.0,004
089-mft-AL-ASAQ-DHAPPQ-ASPY85,43,32418.277777777777,2031,MFT AL - ASAQ - DHAPPQ - ASPY85,#fb8072,0,25.0,004
089-mft-AL-ASAQ-DHAPPQ-ASPY85,44,31219.222222222223,2031,MFT AL - ASAQ - DHAPPQ - ASPY85,#fb8072,0,25.0,004
089-mft-AL-ASAQ-DHAPPQ-ASPY85,45,30607.88888888889,2031,MFT AL - ASAQ - DHAPPQ - ASPY85,#fb8072,0,25.0,004
089-mft-AL-ASAQ-DHAPPQ-ASPY85,46,31046.61111111111,2031,MFT AL - ASAQ - DHAPPQ - ASPY85,#fb8072,0,25.0,004
089-mft-AL-ASAQ-DHAPPQ-ASPY85,47,31923.555555555555,2031,MFT AL - ASAQ - DHAPPQ - ASPY85,#fb8072,0,25.0,004
089-mft-AL-ASAQ-DHAPPQ-ASPY85,48,32697.11111111111,2031,MFT AL - ASAQ - DHAPPQ - ASPY85,#fb8072,0,25.0,004
089-mft-AL-ASAQ-DHAPPQ-ASPY85,49,31106.333333333332,2031,MFT AL - ASAQ - DHAPPQ - ASPY85,#fb8072,0,25.0,004
089-mft-AL-ASAQ-DHAPPQ-ASPY85,50,31202.222222222223,2031,MFT AL - ASAQ - DHAPPQ - ASPY85,#fb8072,0,25.0,004
089-mft-AL-ASAQ-DHAPPQ-ASPY85,51,31345.777777777777,2031,MFT AL - ASAQ - DHAPPQ - ASPY85,#fb8072,0,25.0,004
089-mft-AL-ASAQ-DHAPPQ-ASPY85,52,31696.0,2031,MFT AL - ASAQ - DHAPPQ - ASPY85,#fb8072,0,25.0,004
089-mft-AL-ASAQ-DHAPPQ-ASPY85,53,32142.777777777777,2031,MFT AL - ASAQ - DHAPPQ - ASPY85,#fb8072,0,25.0,004
089-mft-AL-ASAQ-DHAPPQ-ASPY85,54,32020.833333333332,2031,MFT AL - ASAQ - DHAPPQ - ASPY85,#fb8072,0,25.0,004
089-mft-AL-ASAQ-DHAPPQ-ASPY85,55,32371.333333333332,2031,MFT AL - ASAQ - DHAPPQ - ASPY85,#fb8072,0,25.0,004
089-mft-AL-ASAQ-DHAPPQ-ASPY85,56,30904.944444444445,2031,MFT AL - ASAQ - DHAPPQ - ASPY85,#fb8072,0,25.0,004
089-mft-AL-ASAQ-DHAPPQ-ASPY85,57,31180.666666666668,2031,MFT AL - ASAQ - DHAPPQ - ASPY85,#fb8072,0,25.0,004
089-mft-AL-ASAQ-DHAPPQ-ASPY85,58,30996.11111111111,2031,MFT AL - ASAQ - DHAPPQ - ASPY85,#fb8072,0,25.0,004
089-mft-AL-ASAQ-DHAPPQ-ASPY85,59,32123.833333333332,2031,MFT AL - ASAQ - DHAPPQ - ASPY85,#fb8072,0,25.0,004
089-mft-AL-ASAQ-DHAPPQ-ASPY85,60,33029.055555555555,2031,MFT AL - ASAQ - DHAPPQ - ASPY85,#fb8072,0,25.0,004
089-mft-AL-ASAQ-DHAPPQ-ASPY85,61,32203.777777777777,2031,MFT AL - ASAQ - DHAPPQ - ASPY85,#fb8072,0,25.0,004
089-mft-AL-ASAQ-DHAPPQ-ASPY85,62,31411.944444444445,2031,MFT AL - ASAQ - DHAPPQ - ASPY85,#fb8072,0,25.0,004
089-mft-AL-ASAQ-DHAPPQ-ASPY85,63,31748.88888888889,2031,MFT AL - ASAQ - DHAPPQ - ASPY85,#fb8072,0,25.0,004
089-mft-AL-ASAQ-DHAPPQ-ASPY85,64,31261.833333333332,2031,MFT AL - ASAQ - DHAPPQ - ASPY85,#fb8072,0,25.0,004
089-mft-AL-ASAQ-DHAPPQ-ASPY85,65,31483.11111111111,2031,MFT AL - ASAQ - DHAPPQ - ASPY85,#fb8072,0,25.0,004
089-mft-AL-ASAQ-DHAPPQ-ASPY85,66,32010.88888888889,2031,MFT AL - ASAQ - DHAPPQ - ASPY85,#fb8072,0,25.0,004
089-mft-AL-ASAQ-DHAPPQ-ASPY85,67,31670.444444444445,2031,MFT AL - ASAQ - DHAPPQ - ASPY85,#fb8072,0,25.0,004
089-mft-AL-ASAQ-DHAPPQ-ASPY85,68,31996.444444444445,2031,MFT AL - ASAQ - DHAPPQ - ASPY85,#fb8072,0,25.0,004
089-mft-AL-ASAQ-DHAPPQ-ASPY85,69,31498.222222222223,2031,MFT AL - ASAQ - DHAPPQ - ASPY85,#fb8072,0,25.0,004
089-mft-AL-ASAQ-DHAPPQ-ASPY85,70,31641.5,2031,MFT AL - ASAQ - DHAPPQ - ASPY85,#fb8072,0,25.0,004
089-mft-AL-ASAQ-DHAPPQ-ASPY85,71,32135.0,2031,MFT AL - ASAQ - DHAPPQ - ASPY85,#fb8072,0,25.0,004
089-mft-AL-ASAQ-DHAPPQ-ASPY85,72,32295.0,2031,MFT AL - ASAQ - DHAPPQ - ASPY85,#fb8072,0,25.0,004
089-mft-AL-ASAQ-DHAPPQ-ASPY85,73,31014.444444444445,2031,MFT AL - ASAQ - DHAPPQ - ASPY85,#fb8072,0,25.0,004
089-mft-AL-ASAQ-DHAPPQ-ASPY85,74,32399.722222222223,2031,MFT AL - ASAQ - DHAPPQ - ASPY85,#fb8072,0,25.0,004
089-mft-AL-ASAQ-DHAPPQ-ASPY85,75,31403.277777777777,2031,MFT AL - ASAQ - DHAPPQ - ASPY85,#fb8072,0,25.0,004
089-mft-AL-ASAQ-DHAPPQ-ASPY85,76,32277.166666666668,2031,MFT AL - ASAQ - DHAPPQ - ASPY85,#fb8072,0,25.0,004
089-mft-AL-ASAQ-DHAPPQ-ASPY85,77,32640.833333333332,2031,MFT AL - ASAQ - DHAPPQ - ASPY85,#fb8072,0,25.0,004
089-mft-AL-ASAQ-DHAPPQ-ASPY85,78,32041.944444444445,2031,MFT AL - ASAQ - DHAPPQ - ASPY85,#fb8072,0,25.0,004
089-mft-AL-ASAQ-DHAPPQ-ASPY85,79,31620.0,2031,MFT AL - ASAQ - DHAPPQ - ASPY85,#fb8072,0,25.0,004
089-mft-AL-ASAQ-DHAPPQ-ASPY85,80,30585.833333333332,2031,MFT AL - ASAQ - DHAPPQ - ASPY85,#fb8072,0,25.0,004
089-mft-AL-ASAQ-DHAPPQ-ASPY85,81,31352.722222222223,2031,MFT AL - ASAQ - DHAPPQ - ASPY85,#fb8072,0,25.0,004
089-mft-AL-ASAQ-DHAPPQ-ASPY85,82,31683.944444444445,2031,MFT AL - ASAQ - DHAPPQ - ASPY85,#fb8072,0,25.0,004
089-mft-AL-ASAQ-DHAPPQ-ASPY85,83,32436.944444444445,2031,MFT AL - ASAQ - DHAPPQ - ASPY85,#fb8072,0,25.0,004
089-mft-AL-ASAQ-DHAPPQ-ASPY85,84,32284.0,2031,MFT AL - ASAQ - DHAPPQ - ASPY85,#fb8072,0,25.0,004
089-mft-AL-ASAQ-DHAPPQ-ASPY85,85,31374.88888888889,2031,MFT AL - ASAQ - DHAPPQ - ASPY85,#fb8072,0,25.0,004
089-mft-AL-ASAQ-DHAPPQ-ASPY85,86,31129.61111111111,2031,MFT AL - ASAQ - DHAPPQ - ASPY85,#fb8072,0,25.0,004
089-mft-AL-ASAQ-DHAPPQ-ASPY85,87,31077.88888888889,2031,MFT AL - ASAQ - DHAPPQ - ASPY85,#fb8072,0,25.0,004
089-mft-AL-ASAQ-DHAPPQ-ASPY85,88,32435.222222222223,2031,MFT AL - ASAQ - DHAPPQ - ASPY85,#fb8072,0,25.0,004
089-mft-AL-ASAQ-DHAPPQ-ASPY85,89,31623.0,2031,MFT AL - ASAQ - DHAPPQ - ASPY85,#fb8072,0,25.0,004
089-mft-AL-ASAQ-DHAPPQ-ASPY85,90,30990.166666666668,2031,MFT AL - ASAQ - DHAPPQ - ASPY85,#fb8072,0,25.0,004
089-mft-AL-ASAQ-DHAPPQ-ASPY85,91,32188.5,2031,MFT AL - ASAQ - DHAPPQ - ASPY85,#fb8072,0,25.0,004
089-mft-AL-ASAQ-DHAPPQ-ASPY85,92,31666.61111111111,2031,MFT AL - ASAQ - DHAPPQ - ASPY85,#fb8072,0,25.0,004
089-mft-AL-ASAQ-DHAPPQ-ASPY85,93,31884.722222222223,2031,MFT AL - ASAQ - DHAPPQ - ASPY85,#fb8072,0,25.0,004
089-mft-AL-ASAQ-DHAPPQ-ASPY85,94,32920.833333333336,2031,MFT AL - ASAQ - DHAPPQ - ASPY85,#fb8072,0,25.0,004
089-mft-AL-ASAQ-DHAPPQ-ASPY85,95,31602.555555555555,2031,MFT AL - ASAQ - DHAPPQ - ASPY85,#fb8072,0,25.0,004
089-mft-AL-ASAQ-DHAPPQ-ASPY85,96,30706.166666666668,2031,MFT AL - ASAQ - DHAPPQ - ASPY85,#fb8072,0,25.0,004
089-mft-AL-ASAQ-DHAPPQ-ASPY85,97,31012.61111111111,2031,MFT AL - ASAQ - DHAPPQ - ASPY85,#fb8072,0,25.0,004
089-mft-AL-ASAQ-DHAPPQ-ASPY85,98,32065.222222222223,2031,MFT AL - ASAQ - DHAPPQ - ASPY85,#fb8072,0,25.0,004
089-mft-AL-ASAQ-DHAPPQ-ASPY85,99,32679.5,2031,MFT AL - ASAQ - DHAPPQ - ASPY85,#fb8072,0,25.0,004
090-mft-AL-ASAQ-DHAPPQ-ASPY75,0,33117.77777777778,2031,MFT AL - ASAQ - DHAPPQ - ASPY75,#fb8072,0,25.0,004
090-mft-AL-ASAQ-DHAPPQ-ASPY75,1,30480.38888888889,2031,MFT AL - ASAQ - DHAPPQ - ASPY75,#fb8072,0,25.0,004
090-mft-AL-ASAQ-DHAPPQ-ASPY75,2,31491.444444444445,2031,MFT AL - ASAQ - DHAPPQ - ASPY75,#fb8072,0,25.0,004
090-mft-AL-ASAQ-DHAPPQ-ASPY75,3,32620.444444444445,2031,MFT AL - ASAQ - DHAPPQ - ASPY75,#fb8072,0,25.0,004
090-mft-AL-ASAQ-DHAPPQ-ASPY75,4,31862.055555555555,2031,MFT AL - ASAQ - DHAPPQ - ASPY75,#fb8072,0,25.0,004
090-mft-AL-ASAQ-DHAPPQ-ASPY75,5,32029.166666666668,2031,MFT AL - ASAQ - DHAPPQ - ASPY75,#fb8072,0,25.0,004
090-mft-AL-ASAQ-DHAPPQ-ASPY75,6,32435.555555555555,2031,MFT AL - ASAQ - DHAPPQ - ASPY75,#fb8072,0,25.0,004
090-mft-AL-ASAQ-DHAPPQ-ASPY75,7,31255.166666666668,2031,MFT AL - ASAQ - DHAPPQ - ASPY75,#fb8072,0,25.0,004
090-mft-AL-ASAQ-DHAPPQ-ASPY75,8,32102.444444444445,2031,MFT AL - ASAQ - DHAPPQ - ASPY75,#fb8072,0,25.0,004
090-mft-AL-ASAQ-DHAPPQ-ASPY75,9,31845.444444444445,2031,MFT AL - ASAQ - DHAPPQ - ASPY75,#fb8072,0,25.0,004
090-mft-AL-ASAQ-DHAPPQ-ASPY75,10,32076.166666666668,2031,MFT AL - ASAQ - DHAPPQ - ASPY75,#fb8072,0,25.0,004
090-mft-AL-ASAQ-DHAPPQ-ASPY75,11,31745.5,2031,MFT AL - ASAQ - DHAPPQ - ASPY75,#fb8072,0,25.0,004
090-mft-AL-ASAQ-DHAPPQ-ASPY75,12,31465.055555555555,2031,MFT AL - ASAQ - DHAPPQ - ASPY75,#fb8072,0,25.0,004
090-mft-AL-ASAQ-DHAPPQ-ASPY75,13,30736.722222222223,2031,MFT AL - ASAQ - DHAPPQ - ASPY75,#fb8072,0,25.0,004
090-mft-AL-ASAQ-DHAPPQ-ASPY75,14,31013.722222222223,2031,MFT AL - ASAQ - DHAPPQ - ASPY75,#fb8072,0,25.0,004
090-mft-AL-ASAQ-DHAPPQ-ASPY75,15,31676.222222222223,2031,MFT AL - ASAQ - DHAPPQ - ASPY75,#fb8072,0,25.0,004
090-mft-AL-ASAQ-DHAPPQ-ASPY75,16,31119.38888888889,2031,MFT AL - ASAQ - DHAPPQ - ASPY75,#fb8072,0,25.0,004
090-mft-AL-ASAQ-DHAPPQ-ASPY75,17,31183.833333333332,2031,MFT AL - ASAQ - DHAPPQ - ASPY75,#fb8072,0,25.0,004
090-mft-AL-ASAQ-DHAPPQ-ASPY75,18,30867.722222222223,2031,MFT AL - ASAQ - DHAPPQ - ASPY75,#fb8072,0,25.0,004
090-mft-AL-ASAQ-DHAPPQ-ASPY75,19,31527.555555555555,2031,MFT AL - ASAQ - DHAPPQ - ASPY75,#fb8072,0,25.0,004
090-mft-AL-ASAQ-DHAPPQ-ASPY75,20,31645.833333333332,2031,MFT AL - ASAQ - DHAPPQ - ASPY75,#fb8072,0,25.0,004
090-mft-AL-ASAQ-DHAPPQ-ASPY75,21,30991.055555555555,2031,MFT AL - ASAQ - DHAPPQ - ASPY75,#fb8072,0,25.0,004
090-mft-AL-ASAQ-DHAPPQ-ASPY75,22,31090.333333333332,2031,MFT AL - ASAQ - DHAPPQ - ASPY75,#fb8072,0,25.0,004
090-mft-AL-ASAQ-DHAPPQ-ASPY75,23,31546.055555555555,2031,MFT AL - ASAQ - DHAPPQ - ASPY75,#fb8072,0,25.0,004
090-mft-AL-ASAQ-DHAPPQ-ASPY75,24,30540.222222222223,2031,MFT AL - ASAQ - DHAPPQ - ASPY75,#fb8072,0,25.0,004
090-mft-AL-ASAQ-DHAPPQ-ASPY75,25,30786.38888888889,2031,MFT AL - ASAQ - DHAPPQ - ASPY75,#fb8072,0,25.0,004
090-mft-AL-ASAQ-DHAPPQ-ASPY75,26,31795.0,2031,MFT AL - ASAQ - DHAPPQ - ASPY75,#fb8072,0,25.0,004
090-mft-AL-ASAQ-DHAPPQ-ASPY75,27,31710.222222222223,2031,MFT AL - ASAQ - DHAPPQ - ASPY75,#fb8072,0,25.0,004
090-mft-AL-ASAQ-DHAPPQ-ASPY75,28,33057.333333333336,2031,MFT AL - ASAQ - DHAPPQ - ASPY75,#fb8072,0,25.0,004
090-mft-AL-ASAQ-DHAPPQ-ASPY75,29,32121.61111111111,2031,MFT AL - ASAQ - DHAPPQ - ASPY75,#fb8072,0,25.0,004
090-mft-AL-ASAQ-DHAPPQ-ASPY75,30,32201.277777777777,2031,MFT AL - ASAQ - DHAPPQ - ASPY75,#fb8072,0,25.0,004
090-mft-AL-ASAQ-DHAPPQ-ASPY75,31,31585.88888888889,2031,MFT AL - ASAQ - DHAPPQ - ASPY75,#fb8072,0,25.0,004
090-mft-AL-ASAQ-DHAPPQ-ASPY75,32,31682.777777777777,2031,MFT AL - ASAQ - DHAPPQ - ASPY75,#fb8072,0,25.0,004
090-mft-AL-ASAQ-DHAPPQ-ASPY75,33,30626.833333333332,2031,MFT AL - ASAQ - DHAPPQ - ASPY75,#fb8072,0,25.0,004
090-mft-AL-ASAQ-DHAPPQ-ASPY75,34,32288.277777777777,2031,MFT AL - ASAQ - DHAPPQ - ASPY75,#fb8072,0,25.0,004
090-mft-AL-ASAQ-DHAPPQ-ASPY75,35,32425.777777777777,2031,MFT AL - ASAQ - DHAPPQ - ASPY75,#fb8072,0,25.0,004
090-mft-AL-ASAQ-DHAPPQ-ASPY75,36,31789.222222222223,2031,MFT AL - ASAQ - DHAPPQ - ASPY75,#fb8072,0,25.0,004
090-mft-AL-ASAQ-DHAPPQ-ASPY75,37,31426.833333333332,2031,MFT AL - ASAQ - DHAPPQ - ASPY75,#fb8072,0,25.0,004
090-mft-AL-ASAQ-DHAPPQ-ASPY75,38,31641.055555555555,2031,MFT AL - ASAQ - DHAPPQ - ASPY75,#fb8072,0,25.0,004
090-mft-AL-ASAQ-DHAPPQ-ASPY75,39,31509.88888888889,2031,MFT AL - ASAQ - DHAPPQ - ASPY75,#fb8072,0,25.0,004
090-mft-AL-ASAQ-DHAPPQ-ASPY75,40,31363.333333333332,2031,MFT AL - ASAQ - DHAPPQ - ASPY75,#fb8072,0,25.0,004
090-mft-AL-ASAQ-DHAPPQ-ASPY75,41,32297.944444444445,2031,MFT AL - ASAQ - DHAPPQ - ASPY75,#fb8072,0,25.0,004
090-mft-AL-ASAQ-DHAPPQ-ASPY75,42,31535.333333333332,2031,MFT AL - ASAQ - DHAPPQ - ASPY75,#fb8072,0,25.0,004
090-mft-AL-ASAQ-DHAPPQ-ASPY75,43,31713.5,2031,MFT AL - ASAQ - DHAPPQ - ASPY75,#fb8072,0,25.0,004
090-mft-AL-ASAQ-DHAPPQ-ASPY75,44,31391.222222222223,2031,MFT AL - ASAQ - DHAPPQ - ASPY75,#fb8072,0,25.0,004
090-mft-AL-ASAQ-DHAPPQ-ASPY75,45,32019.555555555555,2031,MFT AL - ASAQ - DHAPPQ - ASPY75,#fb8072,0,25.0,004
090-mft-AL-ASAQ-DHAPPQ-ASPY75,46,33161.88888888889,2031,MFT AL - ASAQ - DHAPPQ - ASPY75,#fb8072,0,25.0,004
090-mft-AL-ASAQ-DHAPPQ-ASPY75,47,32310.277777777777,2031,MFT AL - ASAQ - DHAPPQ - ASPY75,#fb8072,0,25.0,004
090-mft-AL-ASAQ-DHAPPQ-ASPY75,48,31284.166666666668,2031,MFT AL - ASAQ - DHAPPQ - ASPY75,#fb8072,0,25.0,004
090-mft-AL-ASAQ-DHAPPQ-ASPY75,49,30811.555555555555,2031,MFT AL - ASAQ - DHAPPQ - ASPY75,#fb8072,0,25.0,004
090-mft-AL-ASAQ-DHAPPQ-ASPY75,50,31610.277777777777,2031,MFT AL - ASAQ - DHAPPQ - ASPY75,#fb8072,0,25.0,004
090-mft-AL-ASAQ-DHAPPQ-ASPY75,51,31183.5,2031,MFT AL - ASAQ - DHAPPQ - ASPY75,#fb8072,0,25.0,004
090-mft-AL-ASAQ-DHAPPQ-ASPY75,52,31672.222222222223,2031,MFT AL - ASAQ - DHAPPQ - ASPY75,#fb8072,0,25.0,004
090-mft-AL-ASAQ-DHAPPQ-ASPY75,53,31622.88888888889,2031,MFT AL - ASAQ - DHAPPQ - ASPY75,#fb8072,0,25.0,004
090-mft-AL-ASAQ-DHAPPQ-ASPY75,54,32328.777777777777,2031,MFT AL - ASAQ - DHAPPQ - ASPY75,#fb8072,0,25.0,004
090-mft-AL-ASAQ-DHAPPQ-ASPY75,55,31289.38888888889,2031,MFT AL - ASAQ - DHAPPQ - ASPY75,#fb8072,0,25.0,004
090-mft-AL-ASAQ-DHAPPQ-ASPY75,56,32379.5,2031,MFT AL - ASAQ - DHAPPQ - ASPY75,#fb8072,0,25.0,004
090-mft-AL-ASAQ-DHAPPQ-ASPY75,57,32602.0,2031,MFT AL - ASAQ - DHAPPQ - ASPY75,#fb8072,0,25.0,004
090-mft-AL-ASAQ-DHAPPQ-ASPY75,58,33130.11111111111,2031,MFT AL - ASAQ - DHAPPQ - ASPY75,#fb8072,0,25.0,004
090-mft-AL-ASAQ-DHAPPQ-ASPY75,59,30996.11111111111,2031,MFT AL - ASAQ - DHAPPQ - ASPY75,#fb8072,0,25.0,004
090-mft-AL-ASAQ-DHAPPQ-ASPY75,60,33082.77777777778,2031,MFT AL - ASAQ - DHAPPQ - ASPY75,#fb8072,0,25.0,004
090-mft-AL-ASAQ-DHAPPQ-ASPY75,61,31711.166666666668,2031,MFT AL - ASAQ - DHAPPQ - ASPY75,#fb8072,0,25.0,004
090-mft-AL-ASAQ-DHAPPQ-ASPY75,62,31566.88888888889,2031,MFT AL - ASAQ - DHAPPQ - ASPY75,#fb8072,0,25.0,004
090-mft-AL-ASAQ-DHAPPQ-ASPY75,63,32422.38888888889,2031,MFT AL - ASAQ - DHAPPQ - ASPY75,#fb8072,0,25.0,004
090-mft-AL-ASAQ-DHAPPQ-ASPY75,64,32249.61111111111,2031,MFT AL - ASAQ - DHAPPQ - ASPY75,#fb8072,0,25.0,004
090-mft-AL-ASAQ-DHAPPQ-ASPY75,65,30909.055555555555,2031,MFT AL - ASAQ - DHAPPQ - ASPY75,#fb8072,0,25.0,004
090-mft-AL-ASAQ-DHAPPQ-ASPY75,66,31155.0,2031,MFT AL - ASAQ - DHAPPQ - ASPY75,#fb8072,0,25.0,004
090-mft-AL-ASAQ-DHAPPQ-ASPY75,67,32660.38888888889,2031,MFT AL - ASAQ - DHAPPQ - ASPY75,#fb8072,0,25.0,004
090-mft-AL-ASAQ-DHAPPQ-ASPY75,68,32173.944444444445,2031,MFT AL - ASAQ - DHAPPQ - ASPY75,#fb8072,0,25.0,004
090-mft-AL-ASAQ-DHAPPQ-ASPY75,69,31394.055555555555,2031,MFT AL - ASAQ - DHAPPQ - ASPY75,#fb8072,0,25.0,004
090-mft-AL-ASAQ-DHAPPQ-ASPY75,70,32654.944444444445,2031,MFT AL - ASAQ - DHAPPQ - ASPY75,#fb8072,0,25.0,004
090-mft-AL-ASAQ-DHAPPQ-ASPY75,71,30968.333333333332,2031,MFT AL - ASAQ - DHAPPQ - ASPY75,#fb8072,0,25.0,004
090-mft-AL-ASAQ-DHAPPQ-ASPY75,72,31587.0,2031,MFT AL - ASAQ - DHAPPQ - ASPY75,#fb8072,0,25.0,004
090-mft-AL-ASAQ-DHAPPQ-ASPY75,73,30976.11111111111,2031,MFT AL - ASAQ - DHAPPQ - ASPY75,#fb8072,0,25.0,004
090-mft-AL-ASAQ-DHAPPQ-ASPY75,74,31529.222222222223,2031,MFT AL - ASAQ - DHAPPQ - ASPY75,#fb8072,0,25.0,004
090-mft-AL-ASAQ-DHAPPQ-ASPY75,75,30978.833333333332,2031,MFT AL - ASAQ - DHAPPQ - ASPY75,#fb8072,0,25.0,004
090-mft-AL-ASAQ-DHAPPQ-ASPY75,76,32668.61111111111,2031,MFT AL - ASAQ - DHAPPQ - ASPY75,#fb8072,0,25.0,004
090-mft-AL-ASAQ-DHAPPQ-ASPY75,77,30556.777777777777,2031,MFT AL - ASAQ - DHAPPQ - ASPY75,#fb8072,0,25.0,004
090-mft-AL-ASAQ-DHAPPQ-ASPY75,78,31208.222222222223,2031,MFT AL - ASAQ - DHAPPQ - ASPY75,#fb8072,0,25.0,004
090-mft-AL-ASAQ-DHAPPQ-ASPY75,79,31872.055555555555,2031,MFT AL - ASAQ - DHAPPQ - ASPY75,#fb8072,0,25.0,004
090-mft-AL-ASAQ-DHAPPQ-ASPY75,80,32246.666666666668,2031,MFT AL - ASAQ - DHAPPQ - ASPY75,#fb8072,0,25.0,004
090-mft-AL-ASAQ-DHAPPQ-ASPY75,81,31956.0,2031,MFT AL - ASAQ - DHAPPQ - ASPY75,#fb8072,0,25.0,004
090-mft-AL-ASAQ-DHAPPQ-ASPY75,82,32873.166666666664,2031,MFT AL - ASAQ - DHAPPQ - ASPY75,#fb8072,0,25.0,004
090-mft-AL-ASAQ-DHAPPQ-ASPY75,83,31787.944444444445,2031,MFT AL - ASAQ - DHAPPQ - ASPY75,#fb8072,0,25.0,004
090-mft-AL-ASAQ-DHAPPQ-ASPY75,84,31399.055555555555,2031,MFT AL - ASAQ - DHAPPQ - ASPY75,#fb8072,0,25.0,004
090-mft-AL-ASAQ-DHAPPQ-ASPY75,85,33143.5,2031,MFT AL - ASAQ - DHAPPQ - ASPY75,#fb8072,0,25.0,004
090-mft-AL-ASAQ-DHAPPQ-ASPY75,86,31653.333333333332,2031,MFT AL - ASAQ - DHAPPQ - ASPY75,#fb8072,0,25.0,004
090-mft-AL-ASAQ-DHAPPQ-ASPY75,87,31721.777777777777,2031,MFT AL - ASAQ - DHAPPQ - ASPY75,#fb8072,0,25.0,004
090-mft-AL-ASAQ-DHAPPQ-ASPY75,88,31955.0,2031,MFT AL - ASAQ - DHAPPQ - ASPY75,#fb8072,0,25.0,004
090-mft-AL-ASAQ-DHAPPQ-ASPY75,89,31630.38888888889,2031,MFT AL - ASAQ - DHAPPQ - ASPY75,#fb8072,0,25.0,004
090-mft-AL-ASAQ-DHAPPQ-ASPY75,90,32310.666666666668,2031,MFT AL - ASAQ - DHAPPQ - ASPY75,#fb8072,0,25.0,004
090-mft-AL-ASAQ-DHAPPQ-ASPY75,91,30120.0,2031,MFT AL - ASAQ - DHAPPQ - ASPY75,#fb8072,0,25.0,004
090-mft-AL-ASAQ-DHAPPQ-ASPY75,92,31947.277777777777,2031,MFT AL - ASAQ - DHAPPQ - ASPY75,#fb8072,0,25.0,004
090-mft-AL-ASAQ-DHAPPQ-ASPY75,93,31429.555555555555,2031,MFT AL - ASAQ - DHAPPQ - ASPY75,#fb8072,0,25.0,004
090-mft-AL-ASAQ-DHAPPQ-ASPY75,94,32846.88888888889,2031,MFT AL - ASAQ - DHAPPQ - ASPY75,#fb8072,0,25.0,004
090-mft-AL-ASAQ-DHAPPQ-ASPY75,95,31066.5,2031,MFT AL - ASAQ - DHAPPQ - ASPY75,#fb8072,0,25.0,004
090-mft-AL-ASAQ-DHAPPQ-ASPY75,96,32542.055555555555,2031,MFT AL - ASAQ - DHAPPQ - ASPY75,#fb8072,0,25.0,004
090-mft-AL-ASAQ-DHAPPQ-ASPY75,97,31664.833333333332,2031,MFT AL - ASAQ - DHAPPQ - ASPY75,#fb8072,0,25.0,004
090-mft-AL-ASAQ-DHAPPQ-ASPY75,98,32445.5,2031,MFT AL - ASAQ - DHAPPQ - ASPY75,#fb8072,0,25.0,004
090-mft-AL-ASAQ-DHAPPQ-ASPY75,99,31315.277777777777,2031,MFT AL - ASAQ - DHAPPQ - ASPY75,#fb8072,0,25.0,004
091-mft-AL-ASAQ-DHAPPQ-ASPY65,0,31567.833333333332,2031,MFT AL - ASAQ - DHAPPQ - ASPY65,#fb8072,0,25.0,004
091-mft-AL-ASAQ-DHAPPQ-ASPY65,1,32754.166666666668,2031,MFT AL - ASAQ - DHAPPQ - ASPY65,#fb8072,0,25.0,004
091-mft-AL-ASAQ-DHAPPQ-ASPY65,2,31850.444444444445,2031,MFT AL - ASAQ - DHAPPQ - ASPY65,#fb8072,0,25.0,004
091-mft-AL-ASAQ-DHAPPQ-ASPY65,3,32359.333333333332,2031,MFT AL - ASAQ - DHAPPQ - ASPY65,#fb8072,0,25.0,004
091-mft-AL-ASAQ-DHAPPQ-ASPY65,4,32618.0,2031,MFT AL - ASAQ - DHAPPQ - ASPY65,#fb8072,0,25.0,004
091-mft-AL-ASAQ-DHAPPQ-ASPY65,5,32618.0,2031,MFT AL - ASAQ - DHAPPQ - ASPY65,#fb8072,0,25.0,004
091-mft-AL-ASAQ-DHAPPQ-ASPY65,6,30163.833333333332,2031,MFT AL - ASAQ - DHAPPQ - ASPY65,#fb8072,0,25.0,004
091-mft-AL-ASAQ-DHAPPQ-ASPY65,7,31897.0,2031,MFT AL - ASAQ - DHAPPQ - ASPY65,#fb8072,0,25.0,004
091-mft-AL-ASAQ-DHAPPQ-ASPY65,8,31490.333333333332,2031,MFT AL - ASAQ - DHAPPQ - ASPY65,#fb8072,0,25.0,004
091-mft-AL-ASAQ-DHAPPQ-ASPY65,9,32457.11111111111,2031,MFT AL - ASAQ - DHAPPQ - ASPY65,#fb8072,0,25.0,004
091-mft-AL-ASAQ-DHAPPQ-ASPY65,10,31532.833333333332,2031,MFT AL - ASAQ - DHAPPQ - ASPY65,#fb8072,0,25.0,004
091-mft-AL-ASAQ-DHAPPQ-ASPY65,11,31359.0,2031,MFT AL - ASAQ - DHAPPQ - ASPY65,#fb8072,0,25.0,004
091-mft-AL-ASAQ-DHAPPQ-ASPY65,12,31600.5,2031,MFT AL - ASAQ - DHAPPQ - ASPY65,#fb8072,0,25.0,004
091-mft-AL-ASAQ-DHAPPQ-ASPY65,13,33530.72222222222,2031,MFT AL - ASAQ - DHAPPQ - ASPY65,#fb8072,0,25.0,004
091-mft-AL-ASAQ-DHAPPQ-ASPY65,14,31045.777777777777,2031,MFT AL - ASAQ - DHAPPQ - ASPY65,#fb8072,0,25.0,004
091-mft-AL-ASAQ-DHAPPQ-ASPY65,15,31094.166666666668,2031,MFT AL - ASAQ - DHAPPQ - ASPY65,#fb8072,0,25.0,004
091-mft-AL-ASAQ-DHAPPQ-ASPY65,16,31001.5,2031,MFT AL - ASAQ - DHAPPQ - ASPY65,#fb8072,0,25.0,004
091-mft-AL-ASAQ-DHAPPQ-ASPY65,17,31899.61111111111,2031,MFT AL - ASAQ - DHAPPQ - ASPY65,#fb8072,0,25.0,004
091-mft-AL-ASAQ-DHAPPQ-ASPY65,18,31940.0,2031,MFT AL - ASAQ - DHAPPQ - ASPY65,#fb8072,0,25.0,004
091-mft-AL-ASAQ-DHAPPQ-ASPY65,19,31682.61111111111,2031,MFT AL - ASAQ - DHAPPQ - ASPY65,#fb8072,0,25.0,004
091-mft-AL-ASAQ-DHAPPQ-ASPY65,20,31596.61111111111,2031,MFT AL - ASAQ - DHAPPQ - ASPY65,#fb8072,0,25.0,004
091-mft-AL-ASAQ-DHAPPQ-ASPY65,21,33773.22222222222,2031,MFT AL - ASAQ - DHAPPQ - ASPY65,#fb8072,0,25.0,004
091-mft-AL-ASAQ-DHAPPQ-ASPY65,22,30534.166666666668,2031,MFT AL - ASAQ - DHAPPQ - ASPY65,#fb8072,0,25.0,004
091-mft-AL-ASAQ-DHAPPQ-ASPY65,23,31362.0,2031,MFT AL - ASAQ - DHAPPQ - ASPY65,#fb8072,0,25.0,004
091-mft-AL-ASAQ-DHAPPQ-ASPY65,24,30585.444444444445,2031,MFT AL - ASAQ - DHAPPQ - ASPY65,#fb8072,0,25.0,004
091-mft-AL-ASAQ-DHAPPQ-ASPY65,25,31498.38888888889,2031,MFT AL - ASAQ - DHAPPQ - ASPY65,#fb8072,0,25.0,004
091-mft-AL-ASAQ-DHAPPQ-ASPY65,26,31762.222222222223,2031,MFT AL - ASAQ - DHAPPQ - ASPY65,#fb8072,0,25.0,004
091-mft-AL-ASAQ-DHAPPQ-ASPY65,27,31842.722222222223,2031,MFT AL - ASAQ - DHAPPQ - ASPY65,#fb8072,0,25.0,004
091-mft-AL-ASAQ-DHAPPQ-ASPY65,28,32846.11111111111,2031,MFT AL - ASAQ - DHAPPQ - ASPY65,#fb8072,0,25.0,004
091-mft-AL-ASAQ-DHAPPQ-ASPY65,29,32248.88888888889,2031,MFT AL - ASAQ - DHAPPQ - ASPY65,#fb8072,0,25.0,004
091-mft-AL-ASAQ-DHAPPQ-ASPY65,30,31295.0,2031,MFT AL - ASAQ - DHAPPQ - ASPY65,#fb8072,0,25.0,004
091-mft-AL-ASAQ-DHAPPQ-ASPY65,31,30849.61111111111,2031,MFT AL - ASAQ - DHAPPQ - ASPY65,#fb8072,0,25.0,004
091-mft-AL-ASAQ-DHAPPQ-ASPY65,32,30219.0,2031,MFT AL - ASAQ - DHAPPQ - ASPY65,#fb8072,0,25.0,004
091-mft-AL-ASAQ-DHAPPQ-ASPY65,33,30817.666666666668,2031,MFT AL - ASAQ - DHAPPQ - ASPY65,#fb8072,0,25.0,004
091-mft-AL-ASAQ-DHAPPQ-ASPY65,34,31610.944444444445,2031,MFT AL - ASAQ - DHAPPQ - ASPY65,#fb8072,0,25.0,004
091-mft-AL-ASAQ-DHAPPQ-ASPY65,35,31951.88888888889,2031,MFT AL - ASAQ - DHAPPQ - ASPY65,#fb8072,0,25.0,004
091-mft-AL-ASAQ-DHAPPQ-ASPY65,36,30820.0,2031,MFT AL - ASAQ - DHAPPQ - ASPY65,#fb8072,0,25.0,004
091-mft-AL-ASAQ-DHAPPQ-ASPY65,37,31898.0,2031,MFT AL - ASAQ - DHAPPQ - ASPY65,#fb8072,0,25.0,004
091-mft-AL-ASAQ-DHAPPQ-ASPY65,38,32878.333333333336,2031,MFT AL - ASAQ - DHAPPQ - ASPY65,#fb8072,0,25.0,004
091-mft-AL-ASAQ-DHAPPQ-ASPY65,39,31508.166666666668,2031,MFT AL - ASAQ - DHAPPQ - ASPY65,#fb8072,0,25.0,004
091-mft-AL-ASAQ-DHAPPQ-ASPY65,40,31488.944444444445,2031,MFT AL - ASAQ - DHAPPQ - ASPY65,#fb8072,0,25.0,004
091-mft-AL-ASAQ-DHAPPQ-ASPY65,41,32284.833333333332,2031,MFT AL - ASAQ - DHAPPQ - ASPY65,#fb8072,0,25.0,004
091-mft-AL-ASAQ-DHAPPQ-ASPY65,42,31078.333333333332,2031,MFT AL - ASAQ - DHAPPQ - ASPY65,#fb8072,0,25.0,004
091-mft-AL-ASAQ-DHAPPQ-ASPY65,43,31656.5,2031,MFT AL - ASAQ - DHAPPQ - ASPY65,#fb8072,0,25.0,004
091-mft-AL-ASAQ-DHAPPQ-ASPY65,44,31688.666666666668,2031,MFT AL - ASAQ - DHAPPQ - ASPY65,#fb8072,0,25.0,004
091-mft-AL-ASAQ-DHAPPQ-ASPY65,45,32126.055555555555,2031,MFT AL - ASAQ - DHAPPQ - ASPY65,#fb8072,0,25.0,004
091-mft-AL-ASAQ-DHAPPQ-ASPY65,46,32142.666666666668,2031,MFT AL - ASAQ - DHAPPQ - ASPY65,#fb8072,0,25.0,004
091-mft-AL-ASAQ-DHAPPQ-ASPY65,47,31626.444444444445,2031,MFT AL - ASAQ - DHAPPQ - ASPY65,#fb8072,0,25.0,004
091-mft-AL-ASAQ-DHAPPQ-ASPY65,48,31998.222222222223,2031,MFT AL - ASAQ - DHAPPQ - ASPY65,#fb8072,0,25.0,004
091-mft-AL-ASAQ-DHAPPQ-ASPY65,49,32146.88888888889,2031,MFT AL - ASAQ - DHAPPQ - ASPY65,#fb8072,0,25.0,004
091-mft-AL-ASAQ-DHAPPQ-ASPY65,50,32230.777777777777,2031,MFT AL - ASAQ - DHAPPQ - ASPY65,#fb8072,0,25.0,004
091-mft-AL-ASAQ-DHAPPQ-ASPY65,51,31775.0,2031,MFT AL - ASAQ - DHAPPQ - ASPY65,#fb8072,0,25.0,004
091-mft-AL-ASAQ-DHAPPQ-ASPY65,52,32212.166666666668,2031,MFT AL - ASAQ - DHAPPQ - ASPY65,#fb8072,0,25.0,004
091-mft-AL-ASAQ-DHAPPQ-ASPY65,53,31835.333333333332,2031,MFT AL - ASAQ - DHAPPQ - ASPY65,#fb8072,0,25.0,004
091-mft-AL-ASAQ-DHAPPQ-ASPY65,54,32239.222222222223,2031,MFT AL - ASAQ - DHAPPQ - ASPY65,#fb8072,0,25.0,004
091-mft-AL-ASAQ-DHAPPQ-ASPY65,55,31674.222222222223,2031,MFT AL - ASAQ - DHAPPQ - ASPY65,#fb8072,0,25.0,004
091-mft-AL-ASAQ-DHAPPQ-ASPY65,56,33471.11111111111,2031,MFT AL - ASAQ - DHAPPQ - ASPY65,#fb8072,0,25.0,004
091-mft-AL-ASAQ-DHAPPQ-ASPY65,57,31145.61111111111,2031,MFT AL - ASAQ - DHAPPQ - ASPY65,#fb8072,0,25.0,004
091-mft-AL-ASAQ-DHAPPQ-ASPY65,58,31274.833333333332,2031,MFT AL - ASAQ - DHAPPQ - ASPY65,#fb8072,0,25.0,004
091-mft-AL-ASAQ-DHAPPQ-ASPY65,59,32130.666666666668,2031,MFT AL - ASAQ - DHAPPQ - ASPY65,#fb8072,0,25.0,004
091-mft-AL-ASAQ-DHAPPQ-ASPY65,60,32817.333333333336,2031,MFT AL - ASAQ - DHAPPQ - ASPY65,#fb8072,0,25.0,004
091-mft-AL-ASAQ-DHAPPQ-ASPY65,61,32245.722222222223,2031,MFT AL - ASAQ - DHAPPQ - ASPY65,#fb8072,0,25.0,004
091-mft-AL-ASAQ-DHAPPQ-ASPY65,62,31463.5,2031,MFT AL - ASAQ - DHAPPQ - ASPY65,#fb8072,0,25.0,004
091-mft-AL-ASAQ-DHAPPQ-ASPY65,63,32423.5,2031,MFT AL - ASAQ - DHAPPQ - ASPY65,#fb8072,0,25.0,004
091-mft-AL-ASAQ-DHAPPQ-ASPY65,64,31404.0,2031,MFT AL - ASAQ - DHAPPQ - ASPY65,#fb8072,0,25.0,004
091-mft-AL-ASAQ-DHAPPQ-ASPY65,65,32094.38888888889,2031,MFT AL - ASAQ - DHAPPQ - ASPY65,#fb8072,0,25.0,004
091-mft-AL-ASAQ-DHAPPQ-ASPY65,66,30836.166666666668,2031,MFT AL - ASAQ - DHAPPQ - ASPY65,#fb8072,0,25.0,004
091-mft-AL-ASAQ-DHAPPQ-ASPY65,67,31857.666666666668,2031,MFT AL - ASAQ - DHAPPQ - ASPY65,#fb8072,0,25.0,004
091-mft-AL-ASAQ-DHAPPQ-ASPY65,68,32339.222222222223,2031,MFT AL - ASAQ - DHAPPQ - ASPY65,#fb8072,0,25.0,004
091-mft-AL-ASAQ-DHAPPQ-ASPY65,69,31430.38888888889,2031,MFT AL - ASAQ - DHAPPQ - ASPY65,#fb8072,0,25.0,004
091-mft-AL-ASAQ-DHAPPQ-ASPY65,70,31451.88888888889,2031,MFT AL - ASAQ - DHAPPQ - ASPY65,#fb8072,0,25.0,004
091-mft-AL-ASAQ-DHAPPQ-ASPY65,71,31655.944444444445,2031,MFT AL - ASAQ - DHAPPQ - ASPY65,#fb8072,0,25.0,004
091-mft-AL-ASAQ-DHAPPQ-ASPY65,72,33137.88888888889,2031,MFT AL - ASAQ - DHAPPQ - ASPY65,#fb8072,0,25.0,004
091-mft-AL-ASAQ-DHAPPQ-ASPY65,73,32051.333333333332,2031,MFT AL - ASAQ - DHAPPQ - ASPY65,#fb8072,0,25.0,004
091-mft-AL-ASAQ-DHAPPQ-ASPY65,74,31971.055555555555,2031,MFT AL - ASAQ - DHAPPQ - ASPY65,#fb8072,0,25.0,004
091-mft-AL-ASAQ-DHAPPQ-ASPY65,75,32330.38888888889,2031,MFT AL - ASAQ - DHAPPQ - ASPY65,#fb8072,0,25.0,004
091-mft-AL-ASAQ-DHAPPQ-ASPY65,76,31224.166666666668,2031,MFT AL - ASAQ - DHAPPQ - ASPY65,#fb8072,0,25.0,004
091-mft-AL-ASAQ-DHAPPQ-ASPY65,77,31350.333333333332,2031,MFT AL - ASAQ - DHAPPQ - ASPY65,#fb8072,0,25.0,004
091-mft-AL-ASAQ-DHAPPQ-ASPY65,78,32042.444444444445,2031,MFT AL - ASAQ - DHAPPQ - ASPY65,#fb8072,0,25.0,004
091-mft-AL-ASAQ-DHAPPQ-ASPY65,79,32164.722222222223,2031,MFT AL - ASAQ - DHAPPQ - ASPY65,#fb8072,0,25.0,004
091-mft-AL-ASAQ-DHAPPQ-ASPY65,80,32200.5,2031,MFT AL - ASAQ - DHAPPQ - ASPY65,#fb8072,0,25.0,004
091-mft-AL-ASAQ-DHAPPQ-ASPY65,81,32054.555555555555,2031,MFT AL - ASAQ - DHAPPQ - ASPY65,#fb8072,0,25.0,004
091-mft-AL-ASAQ-DHAPPQ-ASPY65,82,32188.666666666668,2031,MFT AL - ASAQ - DHAPPQ - ASPY65,#fb8072,0,25.0,004
091-mft-AL-ASAQ-DHAPPQ-ASPY65,83,31853.444444444445,2031,MFT AL - ASAQ - DHAPPQ - ASPY65,#fb8072,0,25.0,004
091-mft-AL-ASAQ-DHAPPQ-ASPY65,84,30822.777777777777,2031,MFT AL - ASAQ - DHAPPQ - ASPY65,#fb8072,0,25.0,004
091-mft-AL-ASAQ-DHAPPQ-ASPY65,85,31390.722222222223,2031,MFT AL - ASAQ - DHAPPQ - ASPY65,#fb8072,0,25.0,004
091-mft-AL-ASAQ-DHAPPQ-ASPY65,86,31530.944444444445,2031,MFT AL - ASAQ - DHAPPQ - ASPY65,#fb8072,0,25.0,004
091-mft-AL-ASAQ-DHAPPQ-ASPY65,87,33029.333333333336,2031,MFT AL - ASAQ - DHAPPQ - ASPY65,#fb8072,0,25.0,004
091-mft-AL-ASAQ-DHAPPQ-ASPY65,88,31838.444444444445,2031,MFT AL - ASAQ - DHAPPQ - ASPY65,#fb8072,0,25.0,004
091-mft-AL-ASAQ-DHAPPQ-ASPY65,89,31551.666666666668,2031,MFT AL - ASAQ - DHAPPQ - ASPY65,#fb8072,0,25.0,004
091-mft-AL-ASAQ-DHAPPQ-ASPY65,90,31774.61111111111,2031,MFT AL - ASAQ - DHAPPQ - ASPY65,#fb8072,0,25.0,004
091-mft-AL-ASAQ-DHAPPQ-ASPY65,91,32125.777777777777,2031,MFT AL - ASAQ - DHAPPQ - ASPY65,#fb8072,0,25.0,004
091-mft-AL-ASAQ-DHAPPQ-ASPY65,92,31472.88888888889,2031,MFT AL - ASAQ - DHAPPQ - ASPY65,#fb8072,0,25.0,004
091-mft-AL-ASAQ-DHAPPQ-ASPY65,93,31912.166666666668,2031,MFT AL - ASAQ - DHAPPQ - ASPY65,#fb8072,0,25.0,004
091-mft-AL-ASAQ-DHAPPQ-ASPY65,94,31870.61111111111,2031,MFT AL - ASAQ - DHAPPQ - ASPY65,#fb8072,0,25.0,004
091-mft-AL-ASAQ-DHAPPQ-ASPY65,95,31530.88888888889,2031,MFT AL - ASAQ - DHAPPQ - ASPY65,#fb8072,0,25.0,004
091-mft-AL-ASAQ-DHAPPQ-ASPY65,96,31405.166666666668,2031,MFT AL - ASAQ - DHAPPQ - ASPY65,#fb8072,0,25.0,004
091-mft-AL-ASAQ-DHAPPQ-ASPY65,97,31658.88888888889,2031,MFT AL - ASAQ - DHAPPQ - ASPY65,#fb8072,0,25.0,004
091-mft-AL-ASAQ-DHAPPQ-ASPY65,98,32480.166666666668,2031,MFT AL - ASAQ - DHAPPQ - ASPY65,#fb8072,0,25.0,004
091-mft-AL-ASAQ-DHAPPQ-ASPY65,99,31654.11111111111,2031,MFT AL - ASAQ - DHAPPQ - ASPY65,#fb8072,0,25.0,004
093-region-specific-Kagera-ASAQ-Others-ASAQ-Delay-1y,0,28933.833333333332,2031,Region Specific - Kagera - ASAQ - Others - ASAQ - Delay - 1y,#fb8072,0,12.5,004
093-region-specific-Kagera-ASAQ-Others-ASAQ-Delay-1y,1,28820.333333333332,2031,Region Specific - Kagera - ASAQ - Others - ASAQ - Delay - 1y,#fb8072,0,12.5,004
093-region-specific-Kagera-ASAQ-Others-ASAQ-Delay-1y,2,28113.833333333332,2031,Region Specific - Kagera - ASAQ - Others - ASAQ - Delay - 1y,#fb8072,0,12.5,004
093-region-specific-Kagera-ASAQ-Others-ASAQ-Delay-1y,3,31778.0,2031,Region Specific - Kagera - ASAQ - Others - ASAQ - Delay - 1y,#fb8072,0,12.5,004
093-region-specific-Kagera-ASAQ-Others-ASAQ-Delay-1y,4,29230.277777777777,2031,Region Specific - Kagera - ASAQ - Others - ASAQ - Delay - 1y,#fb8072,0,12.5,004
093-region-specific-Kagera-ASAQ-Others-ASAQ-Delay-1y,5,29119.0,2031,Region Specific - Kagera - ASAQ - Others - ASAQ - Delay - 1y,#fb8072,0,12.5,004
093-region-specific-Kagera-ASAQ-Others-ASAQ-Delay-1y,6,29740.38888888889,2031,Region Specific - Kagera - ASAQ - Others - ASAQ - Delay - 1y,#fb8072,0,12.5,004
093-region-specific-Kagera-ASAQ-Others-ASAQ-Delay-1y,7,28529.777777777777,2031,Region Specific - Kagera - ASAQ - Others - ASAQ - Delay - 1y,#fb8072,0,12.5,004
093-region-specific-Kagera-ASAQ-Others-ASAQ-Delay-1y,8,29739.055555555555,2031,Region Specific - Kagera - ASAQ - Others - ASAQ - Delay - 1y,#fb8072,0,12.5,004
093-region-specific-Kagera-ASAQ-Others-ASAQ-Delay-1y,9,29231.777777777777,2031,Region Specific - Kagera - ASAQ - Others - ASAQ - Delay - 1y,#fb8072,0,12.5,004
093-region-specific-Kagera-ASAQ-Others-ASAQ-Delay-1y,10,29700.166666666668,2031,Region Specific - Kagera - ASAQ - Others - ASAQ - Delay - 1y,#fb8072,0,12.5,004
093-region-specific-Kagera-ASAQ-Others-ASAQ-Delay-1y,11,28938.61111111111,2031,Region Specific - Kagera - ASAQ - Others - ASAQ - Delay - 1y,#fb8072,0,12.5,004
093-region-specific-Kagera-ASAQ-Others-ASAQ-Delay-1y,12,28751.333333333332,2031,Region Specific - Kagera - ASAQ - Others - ASAQ - Delay - 1y,#fb8072,0,12.5,004
093-region-specific-Kagera-ASAQ-Others-ASAQ-Delay-1y,13,28874.5,2031,Region Specific - Kagera - ASAQ - Others - ASAQ - Delay - 1y,#fb8072,0,12.5,004
093-region-specific-Kagera-ASAQ-Others-ASAQ-Delay-1y,14,28706.666666666668,2031,Region Specific - Kagera - ASAQ - Others - ASAQ - Delay - 1y,#fb8072,0,12.5,004
093-region-specific-Kagera-ASAQ-Others-ASAQ-Delay-1y,15,30785.666666666668,2031,Region Specific - Kagera - ASAQ - Others - ASAQ - Delay - 1y,#fb8072,0,12.5,004
093-region-specific-Kagera-ASAQ-Others-ASAQ-Delay-1y,16,28840.277777777777,2031,Region Specific - Kagera - ASAQ - Others - ASAQ - Delay - 1y,#fb8072,0,12.5,004
093-region-specific-Kagera-ASAQ-Others-ASAQ-Delay-1y,17,28670.944444444445,2031,Region Specific - Kagera - ASAQ - Others - ASAQ - Delay - 1y,#fb8072,0,12.5,004
093-region-specific-Kagera-ASAQ-Others-ASAQ-Delay-1y,18,28824.38888888889,2031,Region Specific - Kagera - ASAQ - Others - ASAQ - Delay - 1y,#fb8072,0,12.5,004
093-region-specific-Kagera-ASAQ-Others-ASAQ-Delay-1y,19,28573.38888888889,2031,Region Specific - Kagera - ASAQ - Others - ASAQ - Delay - 1y,#fb8072,0,12.5,004
093-region-specific-Kagera-ASAQ-Others-ASAQ-Delay-1y,20,29288.555555555555,2031,Region Specific - Kagera - ASAQ - Others - ASAQ - Delay - 1y,#fb8072,0,12.5,004
093-region-specific-Kagera-ASAQ-Others-ASAQ-Delay-1y,21,29285.5,2031,Region Specific - Kagera - ASAQ - Others - ASAQ - Delay - 1y,#fb8072,0,12.5,004
093-region-specific-Kagera-ASAQ-Others-ASAQ-Delay-1y,22,29826.055555555555,2031,Region Specific - Kagera - ASAQ - Others - ASAQ - Delay - 1y,#fb8072,0,12.5,004
093-region-specific-Kagera-ASAQ-Others-ASAQ-Delay-1y,23,29203.0,2031,Region Specific - Kagera - ASAQ - Others - ASAQ - Delay - 1y,#fb8072,0,12.5,004
093-region-specific-Kagera-ASAQ-Others-ASAQ-Delay-1y,24,29174.666666666668,2031,Region Specific - Kagera - ASAQ - Others - ASAQ - Delay - 1y,#fb8072,0,12.5,004
093-region-specific-Kagera-ASAQ-Others-ASAQ-Delay-1y,25,29801.722222222223,2031,Region Specific - Kagera - ASAQ - Others - ASAQ - Delay - 1y,#fb8072,0,12.5,004
093-region-specific-Kagera-ASAQ-Others-ASAQ-Delay-1y,26,29230.11111111111,2031,Region Specific - Kagera - ASAQ - Others - ASAQ - Delay - 1y,#fb8072,0,12.5,004
093-region-specific-Kagera-ASAQ-Others-ASAQ-Delay-1y,27,28945.055555555555,2031,Region Specific - Kagera - ASAQ - Others - ASAQ - Delay - 1y,#fb8072,0,12.5,004
093-region-specific-Kagera-ASAQ-Others-ASAQ-Delay-1y,28,29059.88888888889,2031,Region Specific - Kagera - ASAQ - Others - ASAQ - Delay - 1y,#fb8072,0,12.5,004
093-region-specific-Kagera-ASAQ-Others-ASAQ-Delay-1y,29,29528.777777777777,2031,Region Specific - Kagera - ASAQ - Others - ASAQ - Delay - 1y,#fb8072,0,12.5,004
093-region-specific-Kagera-ASAQ-Others-ASAQ-Delay-1y,30,28619.11111111111,2031,Region Specific - Kagera - ASAQ - Others - ASAQ - Delay - 1y,#fb8072,0,12.5,004
093-region-specific-Kagera-ASAQ-Others-ASAQ-Delay-1y,31,29528.777777777777,2031,Region Specific - Kagera - ASAQ - Others - ASAQ - Delay - 1y,#fb8072,0,12.5,004
093-region-specific-Kagera-ASAQ-Others-ASAQ-Delay-1y,32,29172.38888888889,2031,Region Specific - Kagera - ASAQ - Others - ASAQ - Delay - 1y,#fb8072,0,12.5,004
093-region-specific-Kagera-ASAQ-Others-ASAQ-Delay-1y,33,28979.0,2031,Region Specific - Kagera - ASAQ - Others - ASAQ - Delay - 1y,#fb8072,0,12.5,004
093-region-specific-Kagera-ASAQ-Others-ASAQ-Delay-1y,34,28666.38888888889,2031,Region Specific - Kagera - ASAQ - Others - ASAQ - Delay - 1y,#fb8072,0,12.5,004
093-region-specific-Kagera-ASAQ-Others-ASAQ-Delay-1y,35,29091.61111111111,2031,Region Specific - Kagera - ASAQ - Others - ASAQ - Delay - 1y,#fb8072,0,12.5,004
093-region-specific-Kagera-ASAQ-Others-ASAQ-Delay-1y,36,29294.666666666668,2031,Region Specific - Kagera - ASAQ - Others - ASAQ - Delay - 1y,#fb8072,0,12.5,004
093-region-specific-Kagera-ASAQ-Others-ASAQ-Delay-1y,37,29022.944444444445,2031,Region Specific - Kagera - ASAQ - Others - ASAQ - Delay - 1y,#fb8072,0,12.5,004
093-region-specific-Kagera-ASAQ-Others-ASAQ-Delay-1y,38,30893.61111111111,2031,Region Specific - Kagera - ASAQ - Others - ASAQ - Delay - 1y,#fb8072,0,12.5,004
093-region-specific-Kagera-ASAQ-Others-ASAQ-Delay-1y,39,30053.0,2031,Region Specific - Kagera - ASAQ - Others - ASAQ - Delay - 1y,#fb8072,0,12.5,004
093-region-specific-Kagera-ASAQ-Others-ASAQ-Delay-1y,40,30570.0,2031,Region Specific - Kagera - ASAQ - Others - ASAQ - Delay - 1y,#fb8072,0,12.5,004
093-region-specific-Kagera-ASAQ-Others-ASAQ-Delay-1y,41,28651.222222222223,2031,Region Specific - Kagera - ASAQ - Others - ASAQ - Delay - 1y,#fb8072,0,12.5,004
093-region-specific-Kagera-ASAQ-Others-ASAQ-Delay-1y,42,28505.5,2031,Region Specific - Kagera - ASAQ - Others - ASAQ - Delay - 1y,#fb8072,0,12.5,004
093-region-specific-Kagera-ASAQ-Others-ASAQ-Delay-1y,43,30182.166666666668,2031,Region Specific - Kagera - ASAQ - Others - ASAQ - Delay - 1y,#fb8072,0,12.5,004
093-region-specific-Kagera-ASAQ-Others-ASAQ-Delay-1y,44,28608.277777777777,2031,Region Specific - Kagera - ASAQ - Others - ASAQ - Delay - 1y,#fb8072,0,12.5,004
093-region-specific-Kagera-ASAQ-Others-ASAQ-Delay-1y,45,29059.0,2031,Region Specific - Kagera - ASAQ - Others - ASAQ - Delay - 1y,#fb8072,0,12.5,004
093-region-specific-Kagera-ASAQ-Others-ASAQ-Delay-1y,46,29088.666666666668,2031,Region Specific - Kagera - ASAQ - Others - ASAQ - Delay - 1y,#fb8072,0,12.5,004
093-region-specific-Kagera-ASAQ-Others-ASAQ-Delay-1y,47,29508.277777777777,2031,Region Specific - Kagera - ASAQ - Others - ASAQ - Delay - 1y,#fb8072,0,12.5,004
093-region-specific-Kagera-ASAQ-Others-ASAQ-Delay-1y,48,28934.222222222223,2031,Region Specific - Kagera - ASAQ - Others - ASAQ - Delay - 1y,#fb8072,0,12.5,004
093-region-specific-Kagera-ASAQ-Others-ASAQ-Delay-1y,49,29751.5,2031,Region Specific - Kagera - ASAQ - Others - ASAQ - Delay - 1y,#fb8072,0,12.5,004
093-region-specific-Kagera-ASAQ-Others-ASAQ-Delay-1y,50,28835.444444444445,2031,Region Specific - Kagera - ASAQ - Others - ASAQ - Delay - 1y,#fb8072,0,12.5,004
093-region-specific-Kagera-ASAQ-Others-ASAQ-Delay-1y,51,29264.277777777777,2031,Region Specific - Kagera - ASAQ - Others - ASAQ - Delay - 1y,#fb8072,0,12.5,004
093-region-specific-Kagera-ASAQ-Others-ASAQ-Delay-1y,52,28842.055555555555,2031,Region Specific - Kagera - ASAQ - Others - ASAQ - Delay - 1y,#fb8072,0,12.5,004
093-region-specific-Kagera-ASAQ-Others-ASAQ-Delay-1y,53,29348.055555555555,2031,Region Specific - Kagera - ASAQ - Others - ASAQ - Delay - 1y,#fb8072,0,12.5,004
093-region-specific-Kagera-ASAQ-Others-ASAQ-Delay-1y,54,28589.38888888889,2031,Region Specific - Kagera - ASAQ - Others - ASAQ - Delay - 1y,#fb8072,0,12.5,004
093-region-specific-Kagera-ASAQ-Others-ASAQ-Delay-1y,55,28476.722222222223,2031,Region Specific - Kagera - ASAQ - Others - ASAQ - Delay - 1y,#fb8072,0,12.5,004
093-region-specific-Kagera-ASAQ-Others-ASAQ-Delay-1y,56,29146.555555555555,2031,Region Specific - Kagera - ASAQ - Others - ASAQ - Delay - 1y,#fb8072,0,12.5,004
093-region-specific-Kagera-ASAQ-Others-ASAQ-Delay-1y,57,29892.38888888889,2031,Region Specific - Kagera - ASAQ - Others - ASAQ - Delay - 1y,#fb8072,0,12.5,004
093-region-specific-Kagera-ASAQ-Others-ASAQ-Delay-1y,58,29304.333333333332,2031,Region Specific - Kagera - ASAQ - Others - ASAQ - Delay - 1y,#fb8072,0,12.5,004
093-region-specific-Kagera-ASAQ-Others-ASAQ-Delay-1y,59,28734.5,2031,Region Specific - Kagera - ASAQ - Others - ASAQ - Delay - 1y,#fb8072,0,12.5,004
093-region-specific-Kagera-ASAQ-Others-ASAQ-Delay-1y,60,29856.88888888889,2031,Region Specific - Kagera - ASAQ - Others - ASAQ - Delay - 1y,#fb8072,0,12.5,004
093-region-specific-Kagera-ASAQ-Others-ASAQ-Delay-1y,61,28871.722222222223,2031,Region Specific - Kagera - ASAQ - Others - ASAQ - Delay - 1y,#fb8072,0,12.5,004
093-region-specific-Kagera-ASAQ-Others-ASAQ-Delay-1y,62,28698.277777777777,2031,Region Specific - Kagera - ASAQ - Others - ASAQ - Delay - 1y,#fb8072,0,12.5,004
093-region-specific-Kagera-ASAQ-Others-ASAQ-Delay-1y,63,28883.277777777777,2031,Region Specific - Kagera - ASAQ - Others - ASAQ - Delay - 1y,#fb8072,0,12.5,004
093-region-specific-Kagera-ASAQ-Others-ASAQ-Delay-1y,64,29986.833333333332,2031,Region Specific - Kagera - ASAQ - Others - ASAQ - Delay - 1y,#fb8072,0,12.5,004
093-region-specific-Kagera-ASAQ-Others-ASAQ-Delay-1y,65,29463.333333333332,2031,Region Specific - Kagera - ASAQ - Others - ASAQ - Delay - 1y,#fb8072,0,12.5,004
093-region-specific-Kagera-ASAQ-Others-ASAQ-Delay-1y,66,29640.5,2031,Region Specific - Kagera - ASAQ - Others - ASAQ - Delay - 1y,#fb8072,0,12.5,004
093-region-specific-Kagera-ASAQ-Others-ASAQ-Delay-1y,67,29554.88888888889,2031,Region Specific - Kagera - ASAQ - Others - ASAQ - Delay - 1y,#fb8072,0,12.5,004
093-region-specific-Kagera-ASAQ-Others-ASAQ-Delay-1y,68,29250.777777777777,2031,Region Specific - Kagera - ASAQ - Others - ASAQ - Delay - 1y,#fb8072,0,12.5,004
093-region-specific-Kagera-ASAQ-Others-ASAQ-Delay-1y,69,29096.5,2031,Region Specific - Kagera - ASAQ - Others - ASAQ - Delay - 1y,#fb8072,0,12.5,004
093-region-specific-Kagera-ASAQ-Others-ASAQ-Delay-1y,70,29224.944444444445,2031,Region Specific - Kagera - ASAQ - Others - ASAQ - Delay - 1y,#fb8072,0,12.5,004
093-region-specific-Kagera-ASAQ-Others-ASAQ-Delay-1y,71,29620.166666666668,2031,Region Specific - Kagera - ASAQ - Others - ASAQ - Delay - 1y,#fb8072,0,12.5,004
093-region-specific-Kagera-ASAQ-Others-ASAQ-Delay-1y,72,29910.777777777777,2031,Region Specific - Kagera - ASAQ - Others - ASAQ - Delay - 1y,#fb8072,0,12.5,004
093-region-specific-Kagera-ASAQ-Others-ASAQ-Delay-1y,73,29803.833333333332,2031,Region Specific - Kagera - ASAQ - Others - ASAQ - Delay - 1y,#fb8072,0,12.5,004
093-region-specific-Kagera-ASAQ-Others-ASAQ-Delay-1y,74,29651.38888888889,2031,Region Specific - Kagera - ASAQ - Others - ASAQ - Delay - 1y,#fb8072,0,12.5,004
093-region-specific-Kagera-ASAQ-Others-ASAQ-Delay-1y,75,29802.055555555555,2031,Region Specific - Kagera - ASAQ - Others - ASAQ - Delay - 1y,#fb8072,0,12.5,004
093-region-specific-Kagera-ASAQ-Others-ASAQ-Delay-1y,76,29086.555555555555,2031,Region Specific - Kagera - ASAQ - Others - ASAQ - Delay - 1y,#fb8072,0,12.5,004
093-region-specific-Kagera-ASAQ-Others-ASAQ-Delay-1y,77,29084.61111111111,2031,Region Specific - Kagera - ASAQ - Others - ASAQ - Delay - 1y,#fb8072,0,12.5,004
093-region-specific-Kagera-ASAQ-Others-ASAQ-Delay-1y,78,28752.38888888889,2031,Region Specific - Kagera - ASAQ - Others - ASAQ - Delay - 1y,#fb8072,0,12.5,004
093-region-specific-Kagera-ASAQ-Others-ASAQ-Delay-1y,79,29307.555555555555,2031,Region Specific - Kagera - ASAQ - Others - ASAQ - Delay - 1y,#fb8072,0,12.5,004
093-region-specific-Kagera-ASAQ-Others-ASAQ-Delay-1y,80,29419.222222222223,2031,Region Specific - Kagera - ASAQ - Others - ASAQ - Delay - 1y,#fb8072,0,12.5,004
093-region-specific-Kagera-ASAQ-Others-ASAQ-Delay-1y,81,29014.833333333332,2031,Region Specific - Kagera - ASAQ - Others - ASAQ - Delay - 1y,#fb8072,0,12.5,004
093-region-specific-Kagera-ASAQ-Others-ASAQ-Delay-1y,82,29843.833333333332,2031,Region Specific - Kagera - ASAQ - Others - ASAQ - Delay - 1y,#fb8072,0,12.5,004
093-region-specific-Kagera-ASAQ-Others-ASAQ-Delay-1y,83,29356.61111111111,2031,Region Specific - Kagera - ASAQ - Others - ASAQ - Delay - 1y,#fb8072,0,12.5,004
093-region-specific-Kagera-ASAQ-Others-ASAQ-Delay-1y,84,30005.5,2031,Region Specific - Kagera - ASAQ - Others - ASAQ - Delay - 1y,#fb8072,0,12.5,004
093-region-specific-Kagera-ASAQ-Others-ASAQ-Delay-1y,85,30223.444444444445,2031,Region Specific - Kagera - ASAQ - Others - ASAQ - Delay - 1y,#fb8072,0,12.5,004
093-region-specific-Kagera-ASAQ-Others-ASAQ-Delay-1y,86,29906.166666666668,2031,Region Specific - Kagera - ASAQ - Others - ASAQ - Delay - 1y,#fb8072,0,12.5,004
093-region-specific-Kagera-ASAQ-Others-ASAQ-Delay-1y,87,29573.833333333332,2031,Region Specific - Kagera - ASAQ - Others - ASAQ - Delay - 1y,#fb8072,0,12.5,004
093-region-specific-Kagera-ASAQ-Others-ASAQ-Delay-1y,88,28900.88888888889,2031,Region Specific - Kagera - ASAQ - Others - ASAQ - Delay - 1y,#fb8072,0,12.5,004
093-region-specific-Kagera-ASAQ-Others-ASAQ-Delay-1y,89,29014.61111111111,2031,Region Specific - Kagera - ASAQ - Others - ASAQ - Delay - 1y,#fb8072,0,12.5,004
093-region-specific-Kagera-ASAQ-Others-ASAQ-Delay-1y,90,29192.333333333332,2031,Region Specific - Kagera - ASAQ - Others - ASAQ - Delay - 1y,#fb8072,0,12.5,004
093-region-specific-Kagera-ASAQ-Others-ASAQ-Delay-1y,91,28274.833333333332,2031,Region Specific - Kagera - ASAQ - Others - ASAQ - Delay - 1y,#fb8072,0,12.5,004
093-region-specific-Kagera-ASAQ-Others-ASAQ-Delay-1y,92,29116.88888888889,2031,Region Specific - Kagera - ASAQ - Others - ASAQ - Delay - 1y,#fb8072,0,12.5,004
093-region-specific-Kagera-ASAQ-Others-ASAQ-Delay-1y,93,29285.166666666668,2031,Region Specific - Kagera - ASAQ - Others - ASAQ - Delay - 1y,#fb8072,0,12.5,004
093-region-specific-Kagera-ASAQ-Others-ASAQ-Delay-1y,94,29302.5,2031,Region Specific - Kagera - ASAQ - Others - ASAQ - Delay - 1y,#fb8072,0,12.5,004
093-region-specific-Kagera-ASAQ-Others-ASAQ-Delay-1y,95,29833.055555555555,2031,Region Specific - Kagera - ASAQ - Others - ASAQ - Delay - 1y,#fb8072,0,12.5,004
093-region-specific-Kagera-ASAQ-Others-ASAQ-Delay-1y,96,28503.0,2031,Region Specific - Kagera - ASAQ - Others - ASAQ - Delay - 1y,#fb8072,0,12.5,004
093-region-specific-Kagera-ASAQ-Others-ASAQ-Delay-1y,97,29821.88888888889,2031,Region Specific - Kagera - ASAQ - Others - ASAQ - Delay - 1y,#fb8072,0,12.5,004
093-region-specific-Kagera-ASAQ-Others-ASAQ-Delay-1y,98,29143.722222222223,2031,Region Specific - Kagera - ASAQ - Others - ASAQ - Delay - 1y,#fb8072,0,12.5,004
093-region-specific-Kagera-ASAQ-Others-ASAQ-Delay-1y,99,28852.444444444445,2031,Region Specific - Kagera - ASAQ - Others - ASAQ - Delay - 1y,#fb8072,0,12.5,004
094-region-specific-Kagera-ASAQ-Others-ASAQ-Delay-2y,0,31739.277777777777,2031,Region Specific - Kagera - ASAQ - Others - ASAQ - Delay - 2y,#fb8072,0,25.0,004
094-region-specific-Kagera-ASAQ-Others-ASAQ-Delay-2y,1,32081.722222222223,2031,Region Specific - Kagera - ASAQ - Others - ASAQ - Delay - 2y,#fb8072,0,25.0,004
094-region-specific-Kagera-ASAQ-Others-ASAQ-Delay-2y,2,31287.444444444445,2031,Region Specific - Kagera - ASAQ - Others - ASAQ - Delay - 2y,#fb8072,0,25.0,004
094-region-specific-Kagera-ASAQ-Others-ASAQ-Delay-2y,3,31036.222222222223,2031,Region Specific - Kagera - ASAQ - Others - ASAQ - Delay - 2y,#fb8072,0,25.0,004
094-region-specific-Kagera-ASAQ-Others-ASAQ-Delay-2y,4,30626.333333333332,2031,Region Specific - Kagera - ASAQ - Others - ASAQ - Delay - 2y,#fb8072,0,25.0,004
094-region-specific-Kagera-ASAQ-Others-ASAQ-Delay-2y,5,31891.666666666668,2031,Region Specific - Kagera - ASAQ - Others - ASAQ - Delay - 2y,#fb8072,0,25.0,004
094-region-specific-Kagera-ASAQ-Others-ASAQ-Delay-2y,6,32430.0,2031,Region Specific - Kagera - ASAQ - Others - ASAQ - Delay - 2y,#fb8072,0,25.0,004
094-region-specific-Kagera-ASAQ-Others-ASAQ-Delay-2y,7,30743.333333333332,2031,Region Specific - Kagera - ASAQ - Others - ASAQ - Delay - 2y,#fb8072,0,25.0,004
094-region-specific-Kagera-ASAQ-Others-ASAQ-Delay-2y,8,30534.0,2031,Region Specific - Kagera - ASAQ - Others - ASAQ - Delay - 2y,#fb8072,0,25.0,004
094-region-specific-Kagera-ASAQ-Others-ASAQ-Delay-2y,9,30890.722222222223,2031,Region Specific - Kagera - ASAQ - Others - ASAQ - Delay - 2y,#fb8072,0,25.0,004
094-region-specific-Kagera-ASAQ-Others-ASAQ-Delay-2y,10,31033.11111111111,2031,Region Specific - Kagera - ASAQ - Others - ASAQ - Delay - 2y,#fb8072,0,25.0,004
094-region-specific-Kagera-ASAQ-Others-ASAQ-Delay-2y,11,31073.5,2031,Region Specific - Kagera - ASAQ - Others - ASAQ - Delay - 2y,#fb8072,0,25.0,004
094-region-specific-Kagera-ASAQ-Others-ASAQ-Delay-2y,12,31205.555555555555,2031,Region Specific - Kagera - ASAQ - Others - ASAQ - Delay - 2y,#fb8072,0,25.0,004
094-region-specific-Kagera-ASAQ-Others-ASAQ-Delay-2y,13,31616.833333333332,2031,Region Specific - Kagera - ASAQ - Others - ASAQ - Delay - 2y,#fb8072,0,25.0,004
094-region-specific-Kagera-ASAQ-Others-ASAQ-Delay-2y,14,32413.277777777777,2031,Region Specific - Kagera - ASAQ - Others - ASAQ - Delay - 2y,#fb8072,0,25.0,004
094-region-specific-Kagera-ASAQ-Others-ASAQ-Delay-2y,15,31879.0,2031,Region Specific - Kagera - ASAQ - Others - ASAQ - Delay - 2y,#fb8072,0,25.0,004
094-region-specific-Kagera-ASAQ-Others-ASAQ-Delay-2y,16,31944.055555555555,2031,Region Specific - Kagera - ASAQ - Others - ASAQ - Delay - 2y,#fb8072,0,25.0,004
094-region-specific-Kagera-ASAQ-Others-ASAQ-Delay-2y,17,31912.666666666668,2031,Region Specific - Kagera - ASAQ - Others - ASAQ - Delay - 2y,#fb8072,0,25.0,004
094-region-specific-Kagera-ASAQ-Others-ASAQ-Delay-2y,18,31232.0,2031,Region Specific - Kagera - ASAQ - Others - ASAQ - Delay - 2y,#fb8072,0,25.0,004
094-region-specific-Kagera-ASAQ-Others-ASAQ-Delay-2y,19,30935.277777777777,2031,Region Specific - Kagera - ASAQ - Others - ASAQ - Delay - 2y,#fb8072,0,25.0,004
094-region-specific-Kagera-ASAQ-Others-ASAQ-Delay-2y,20,30872.777777777777,2031,Region Specific - Kagera - ASAQ - Others - ASAQ - Delay - 2y,#fb8072,0,25.0,004
094-region-specific-Kagera-ASAQ-Others-ASAQ-Delay-2y,21,32147.944444444445,2031,Region Specific - Kagera - ASAQ - Others - ASAQ - Delay - 2y,#fb8072,0,25.0,004
094-region-specific-Kagera-ASAQ-Others-ASAQ-Delay-2y,22,31607.777777777777,2031,Region Specific - Kagera - ASAQ - Others - ASAQ - Delay - 2y,#fb8072,0,25.0,004
094-region-specific-Kagera-ASAQ-Others-ASAQ-Delay-2y,23,30613.944444444445,2031,Region Specific - Kagera - ASAQ - Others - ASAQ - Delay - 2y,#fb8072,0,25.0,004
094-region-specific-Kagera-ASAQ-Others-ASAQ-Delay-2y,24,31901.61111111111,2031,Region Specific - Kagera - ASAQ - Others - ASAQ - Delay - 2y,#fb8072,0,25.0,004
094-region-specific-Kagera-ASAQ-Others-ASAQ-Delay-2y,25,31335.277777777777,2031,Region Specific - Kagera - ASAQ - Others - ASAQ - Delay - 2y,#fb8072,0,25.0,004
094-region-specific-Kagera-ASAQ-Others-ASAQ-Delay-2y,26,30573.38888888889,2031,Region Specific - Kagera - ASAQ - Others - ASAQ - Delay - 2y,#fb8072,0,25.0,004
094-region-specific-Kagera-ASAQ-Others-ASAQ-Delay-2y,27,30922.444444444445,2031,Region Specific - Kagera - ASAQ - Others - ASAQ - Delay - 2y,#fb8072,0,25.0,004
094-region-specific-Kagera-ASAQ-Others-ASAQ-Delay-2y,28,30447.777777777777,2031,Region Specific - Kagera - ASAQ - Others - ASAQ - Delay - 2y,#fb8072,0,25.0,004
094-region-specific-Kagera-ASAQ-Others-ASAQ-Delay-2y,29,30023.5,2031,Region Specific - Kagera - ASAQ - Others - ASAQ - Delay - 2y,#fb8072,0,25.0,004
094-region-specific-Kagera-ASAQ-Others-ASAQ-Delay-2y,30,30924.0,2031,Region Specific - Kagera - ASAQ - Others - ASAQ - Delay - 2y,#fb8072,0,25.0,004
094-region-specific-Kagera-ASAQ-Others-ASAQ-Delay-2y,31,31658.777777777777,2031,Region Specific - Kagera - ASAQ - Others - ASAQ - Delay - 2y,#fb8072,0,25.0,004
094-region-specific-Kagera-ASAQ-Others-ASAQ-Delay-2y,32,31434.222222222223,2031,Region Specific - Kagera - ASAQ - Others - ASAQ - Delay - 2y,#fb8072,0,25.0,004
094-region-specific-Kagera-ASAQ-Others-ASAQ-Delay-2y,33,30877.333333333332,2031,Region Specific - Kagera - ASAQ - Others - ASAQ - Delay - 2y,#fb8072,0,25.0,004
094-region-specific-Kagera-ASAQ-Others-ASAQ-Delay-2y,34,30930.166666666668,2031,Region Specific - Kagera - ASAQ - Others - ASAQ - Delay - 2y,#fb8072,0,25.0,004
094-region-specific-Kagera-ASAQ-Others-ASAQ-Delay-2y,35,30584.333333333332,2031,Region Specific - Kagera - ASAQ - Others - ASAQ - Delay - 2y,#fb8072,0,25.0,004
094-region-specific-Kagera-ASAQ-Others-ASAQ-Delay-2y,36,30838.722222222223,2031,Region Specific - Kagera - ASAQ - Others - ASAQ - Delay - 2y,#fb8072,0,25.0,004
094-region-specific-Kagera-ASAQ-Others-ASAQ-Delay-2y,37,30564.88888888889,2031,Region Specific - Kagera - ASAQ - Others - ASAQ - Delay - 2y,#fb8072,0,25.0,004
094-region-specific-Kagera-ASAQ-Others-ASAQ-Delay-2y,38,31343.444444444445,2031,Region Specific - Kagera - ASAQ - Others - ASAQ - Delay - 2y,#fb8072,0,25.0,004
094-region-specific-Kagera-ASAQ-Others-ASAQ-Delay-2y,39,30923.11111111111,2031,Region Specific - Kagera - ASAQ - Others - ASAQ - Delay - 2y,#fb8072,0,25.0,004
094-region-specific-Kagera-ASAQ-Others-ASAQ-Delay-2y,40,31856.166666666668,2031,Region Specific - Kagera - ASAQ - Others - ASAQ - Delay - 2y,#fb8072,0,25.0,004
094-region-specific-Kagera-ASAQ-Others-ASAQ-Delay-2y,41,32138.38888888889,2031,Region Specific - Kagera - ASAQ - Others - ASAQ - Delay - 2y,#fb8072,0,25.0,004
094-region-specific-Kagera-ASAQ-Others-ASAQ-Delay-2y,42,30411.944444444445,2031,Region Specific - Kagera - ASAQ - Others - ASAQ - Delay - 2y,#fb8072,0,25.0,004
094-region-specific-Kagera-ASAQ-Others-ASAQ-Delay-2y,43,31042.11111111111,2031,Region Specific - Kagera - ASAQ - Others - ASAQ - Delay - 2y,#fb8072,0,25.0,004
094-region-specific-Kagera-ASAQ-Others-ASAQ-Delay-2y,44,31537.055555555555,2031,Region Specific - Kagera - ASAQ - Others - ASAQ - Delay - 2y,#fb8072,0,25.0,004
094-region-specific-Kagera-ASAQ-Others-ASAQ-Delay-2y,45,31125.88888888889,2031,Region Specific - Kagera - ASAQ - Others - ASAQ - Delay - 2y,#fb8072,0,25.0,004
094-region-specific-Kagera-ASAQ-Others-ASAQ-Delay-2y,46,30856.833333333332,2031,Region Specific - Kagera - ASAQ - Others - ASAQ - Delay - 2y,#fb8072,0,25.0,004
094-region-specific-Kagera-ASAQ-Others-ASAQ-Delay-2y,47,30964.0,2031,Region Specific - Kagera - ASAQ - Others - ASAQ - Delay - 2y,#fb8072,0,25.0,004
094-region-specific-Kagera-ASAQ-Others-ASAQ-Delay-2y,48,30981.38888888889,2031,Region Specific - Kagera - ASAQ - Others - ASAQ - Delay - 2y,#fb8072,0,25.0,004
094-region-specific-Kagera-ASAQ-Others-ASAQ-Delay-2y,49,31778.0,2031,Region Specific - Kagera - ASAQ - Others - ASAQ - Delay - 2y,#fb8072,0,25.0,004
094-region-specific-Kagera-ASAQ-Others-ASAQ-Delay-2y,50,31114.444444444445,2031,Region Specific - Kagera - ASAQ - Others - ASAQ - Delay - 2y,#fb8072,0,25.0,004
094-region-specific-Kagera-ASAQ-Others-ASAQ-Delay-2y,51,31612.444444444445,2031,Region Specific - Kagera - ASAQ - Others - ASAQ - Delay - 2y,#fb8072,0,25.0,004
094-region-specific-Kagera-ASAQ-Others-ASAQ-Delay-2y,52,31335.166666666668,2031,Region Specific - Kagera - ASAQ - Others - ASAQ - Delay - 2y,#fb8072,0,25.0,004
094-region-specific-Kagera-ASAQ-Others-ASAQ-Delay-2y,53,31824.5,2031,Region Specific - Kagera - ASAQ - Others - ASAQ - Delay - 2y,#fb8072,0,25.0,004
094-region-specific-Kagera-ASAQ-Others-ASAQ-Delay-2y,54,30693.944444444445,2031,Region Specific - Kagera - ASAQ - Others - ASAQ - Delay - 2y,#fb8072,0,25.0,004
094-region-specific-Kagera-ASAQ-Others-ASAQ-Delay-2y,55,31853.11111111111,2031,Region Specific - Kagera - ASAQ - Others - ASAQ - Delay - 2y,#fb8072,0,25.0,004
094-region-specific-Kagera-ASAQ-Others-ASAQ-Delay-2y,56,30764.61111111111,2031,Region Specific - Kagera - ASAQ - Others - ASAQ - Delay - 2y,#fb8072,0,25.0,004
094-region-specific-Kagera-ASAQ-Others-ASAQ-Delay-2y,57,31366.444444444445,2031,Region Specific - Kagera - ASAQ - Others - ASAQ - Delay - 2y,#fb8072,0,25.0,004
094-region-specific-Kagera-ASAQ-Others-ASAQ-Delay-2y,58,30580.277777777777,2031,Region Specific - Kagera - ASAQ - Others - ASAQ - Delay - 2y,#fb8072,0,25.0,004
094-region-specific-Kagera-ASAQ-Others-ASAQ-Delay-2y,59,30801.555555555555,2031,Region Specific - Kagera - ASAQ - Others - ASAQ - Delay - 2y,#fb8072,0,25.0,004
094-region-specific-Kagera-ASAQ-Others-ASAQ-Delay-2y,60,30880.11111111111,2031,Region Specific - Kagera - ASAQ - Others - ASAQ - Delay - 2y,#fb8072,0,25.0,004
094-region-specific-Kagera-ASAQ-Others-ASAQ-Delay-2y,61,31369.055555555555,2031,Region Specific - Kagera - ASAQ - Others - ASAQ - Delay - 2y,#fb8072,0,25.0,004
094-region-specific-Kagera-ASAQ-Others-ASAQ-Delay-2y,62,30907.944444444445,2031,Region Specific - Kagera - ASAQ - Others - ASAQ - Delay - 2y,#fb8072,0,25.0,004
094-region-specific-Kagera-ASAQ-Others-ASAQ-Delay-2y,63,31959.277777777777,2031,Region Specific - Kagera - ASAQ - Others - ASAQ - Delay - 2y,#fb8072,0,25.0,004
094-region-specific-Kagera-ASAQ-Others-ASAQ-Delay-2y,64,30920.5,2031,Region Specific - Kagera - ASAQ - Others - ASAQ - Delay - 2y,#fb8072,0,25.0,004
094-region-specific-Kagera-ASAQ-Others-ASAQ-Delay-2y,65,30348.833333333332,2031,Region Specific - Kagera - ASAQ - Others - ASAQ - Delay - 2y,#fb8072,0,25.0,004
094-region-specific-Kagera-ASAQ-Others-ASAQ-Delay-2y,66,31326.666666666668,2031,Region Specific - Kagera - ASAQ - Others - ASAQ - Delay - 2y,#fb8072,0,25.0,004
094-region-specific-Kagera-ASAQ-Others-ASAQ-Delay-2y,67,32007.5,2031,Region Specific - Kagera - ASAQ - Others - ASAQ - Delay - 2y,#fb8072,0,25.0,004
094-region-specific-Kagera-ASAQ-Others-ASAQ-Delay-2y,68,31007.222222222223,2031,Region Specific - Kagera - ASAQ - Others - ASAQ - Delay - 2y,#fb8072,0,25.0,004
094-region-specific-Kagera-ASAQ-Others-ASAQ-Delay-2y,69,30363.11111111111,2031,Region Specific - Kagera - ASAQ - Others - ASAQ - Delay - 2y,#fb8072,0,25.0,004
094-region-specific-Kagera-ASAQ-Others-ASAQ-Delay-2y,70,30621.166666666668,2031,Region Specific - Kagera - ASAQ - Others - ASAQ - Delay - 2y,#fb8072,0,25.0,004
094-region-specific-Kagera-ASAQ-Others-ASAQ-Delay-2y,71,31135.722222222223,2031,Region Specific - Kagera - ASAQ - Others - ASAQ - Delay - 2y,#fb8072,0,25.0,004
094-region-specific-Kagera-ASAQ-Others-ASAQ-Delay-2y,72,30972.277777777777,2031,Region Specific - Kagera - ASAQ - Others - ASAQ - Delay - 2y,#fb8072,0,25.0,004
094-region-specific-Kagera-ASAQ-Others-ASAQ-Delay-2y,73,30678.166666666668,2031,Region Specific - Kagera - ASAQ - Others - ASAQ - Delay - 2y,#fb8072,0,25.0,004
094-region-specific-Kagera-ASAQ-Others-ASAQ-Delay-2y,74,31166.333333333332,2031,Region Specific - Kagera - ASAQ - Others - ASAQ - Delay - 2y,#fb8072,0,25.0,004
094-region-specific-Kagera-ASAQ-Others-ASAQ-Delay-2y,75,31648.61111111111,2031,Region Specific - Kagera - ASAQ - Others - ASAQ - Delay - 2y,#fb8072,0,25.0,004
094-region-specific-Kagera-ASAQ-Others-ASAQ-Delay-2y,76,31158.055555555555,2031,Region Specific - Kagera - ASAQ - Others - ASAQ - Delay - 2y,#fb8072,0,25.0,004
094-region-specific-Kagera-ASAQ-Others-ASAQ-Delay-2y,77,30319.5,2031,Region Specific - Kagera - ASAQ - Others - ASAQ - Delay - 2y,#fb8072,0,25.0,004
094-region-specific-Kagera-ASAQ-Others-ASAQ-Delay-2y,78,30716.38888888889,2031,Region Specific - Kagera - ASAQ - Others - ASAQ - Delay - 2y,#fb8072,0,25.0,004
094-region-specific-Kagera-ASAQ-Others-ASAQ-Delay-2y,79,31519.944444444445,2031,Region Specific - Kagera - ASAQ - Others - ASAQ - Delay - 2y,#fb8072,0,25.0,004
094-region-specific-Kagera-ASAQ-Others-ASAQ-Delay-2y,80,30038.555555555555,2031,Region Specific - Kagera - ASAQ - Others - ASAQ - Delay - 2y,#fb8072,0,25.0,004
094-region-specific-Kagera-ASAQ-Others-ASAQ-Delay-2y,81,29750.944444444445,2031,Region Specific - Kagera - ASAQ - Others - ASAQ - Delay - 2y,#fb8072,0,25.0,004
094-region-specific-Kagera-ASAQ-Others-ASAQ-Delay-2y,82,30994.5,2031,Region Specific - Kagera - ASAQ - Others - ASAQ - Delay - 2y,#fb8072,0,25.0,004
094-region-specific-Kagera-ASAQ-Others-ASAQ-Delay-2y,83,30755.11111111111,2031,Region Specific - Kagera - ASAQ - Others - ASAQ - Delay - 2y,#fb8072,0,25.0,004
094-region-specific-Kagera-ASAQ-Others-ASAQ-Delay-2y,84,32434.5,2031,Region Specific - Kagera - ASAQ - Others - ASAQ - Delay - 2y,#fb8072,0,25.0,004
094-region-specific-Kagera-ASAQ-Others-ASAQ-Delay-2y,85,30692.11111111111,2031,Region Specific - Kagera - ASAQ - Others - ASAQ - Delay - 2y,#fb8072,0,25.0,004
094-region-specific-Kagera-ASAQ-Others-ASAQ-Delay-2y,86,30975.333333333332,2031,Region Specific - Kagera - ASAQ - Others - ASAQ - Delay - 2y,#fb8072,0,25.0,004
094-region-specific-Kagera-ASAQ-Others-ASAQ-Delay-2y,87,30909.38888888889,2031,Region Specific - Kagera - ASAQ - Others - ASAQ - Delay - 2y,#fb8072,0,25.0,004
094-region-specific-Kagera-ASAQ-Others-ASAQ-Delay-2y,88,31216.666666666668,2031,Region Specific - Kagera - ASAQ - Others - ASAQ - Delay - 2y,#fb8072,0,25.0,004
094-region-specific-Kagera-ASAQ-Others-ASAQ-Delay-2y,89,31041.944444444445,2031,Region Specific - Kagera - ASAQ - Others - ASAQ - Delay - 2y,#fb8072,0,25.0,004
094-region-specific-Kagera-ASAQ-Others-ASAQ-Delay-2y,90,32536.666666666668,2031,Region Specific - Kagera - ASAQ - Others - ASAQ - Delay - 2y,#fb8072,0,25.0,004
094-region-specific-Kagera-ASAQ-Others-ASAQ-Delay-2y,91,31450.777777777777,2031,Region Specific - Kagera - ASAQ - Others - ASAQ - Delay - 2y,#fb8072,0,25.0,004
094-region-specific-Kagera-ASAQ-Others-ASAQ-Delay-2y,92,31244.61111111111,2031,Region Specific - Kagera - ASAQ - Others - ASAQ - Delay - 2y,#fb8072,0,25.0,004
094-region-specific-Kagera-ASAQ-Others-ASAQ-Delay-2y,93,30486.444444444445,2031,Region Specific - Kagera - ASAQ - Others - ASAQ - Delay - 2y,#fb8072,0,25.0,004
094-region-specific-Kagera-ASAQ-Others-ASAQ-Delay-2y,94,31026.222222222223,2031,Region Specific - Kagera - ASAQ - Others - ASAQ - Delay - 2y,#fb8072,0,25.0,004
094-region-specific-Kagera-ASAQ-Others-ASAQ-Delay-2y,95,31595.555555555555,2031,Region Specific - Kagera - ASAQ - Others - ASAQ - Delay - 2y,#fb8072,0,25.0,004
094-region-specific-Kagera-ASAQ-Others-ASAQ-Delay-2y,96,30933.444444444445,2031,Region Specific - Kagera - ASAQ - Others - ASAQ - Delay - 2y,#fb8072,0,25.0,004
094-region-specific-Kagera-ASAQ-Others-ASAQ-Delay-2y,97,30826.88888888889,2031,Region Specific - Kagera - ASAQ - Others - ASAQ - Delay - 2y,#fb8072,0,25.0,004
094-region-specific-Kagera-ASAQ-Others-ASAQ-Delay-2y,98,31152.444444444445,2031,Region Specific - Kagera - ASAQ - Others - ASAQ - Delay - 2y,#fb8072,0,25.0,004
094-region-specific-Kagera-ASAQ-Others-ASAQ-Delay-2y,99,30845.722222222223,2031,Region Specific - Kagera - ASAQ - Others - ASAQ - Delay - 2y,#fb8072,0,25.0,004
095-region-specific-Kagera-DHAPPQ-Others-ASAQ-Delay-0y,0,31595.0,2031,Region Specific - Kagera - DHAPPQ - Others - ASAQ - Delay - 0y,#fb8072,0,0.0,004
095-region-specific-Kagera-DHAPPQ-Others-ASAQ-Delay-0y,1,31384.277777777777,2031,Region Specific - Kagera - DHAPPQ - Others - ASAQ - Delay - 0y,#fb8072,0,0.0,004
095-region-specific-Kagera-DHAPPQ-Others-ASAQ-Delay-0y,2,30766.722222222223,2031,Region Specific - Kagera - DHAPPQ - Others - ASAQ - Delay - 0y,#fb8072,0,0.0,004
095-region-specific-Kagera-DHAPPQ-Others-ASAQ-Delay-0y,3,30245.333333333332,2031,Region Specific - Kagera - DHAPPQ - Others - ASAQ - Delay - 0y,#fb8072,0,0.0,004
095-region-specific-Kagera-DHAPPQ-Others-ASAQ-Delay-0y,4,31287.333333333332,2031,Region Specific - Kagera - DHAPPQ - Others - ASAQ - Delay - 0y,#fb8072,0,0.0,004
095-region-specific-Kagera-DHAPPQ-Others-ASAQ-Delay-0y,5,29880.555555555555,2031,Region Specific - Kagera - DHAPPQ - Others - ASAQ - Delay - 0y,#fb8072,0,0.0,004
095-region-specific-Kagera-DHAPPQ-Others-ASAQ-Delay-0y,6,29946.88888888889,2031,Region Specific - Kagera - DHAPPQ - Others - ASAQ - Delay - 0y,#fb8072,0,0.0,004
095-region-specific-Kagera-DHAPPQ-Others-ASAQ-Delay-0y,7,30246.277777777777,2031,Region Specific - Kagera - DHAPPQ - Others - ASAQ - Delay - 0y,#fb8072,0,0.0,004
095-region-specific-Kagera-DHAPPQ-Others-ASAQ-Delay-0y,8,30743.722222222223,2031,Region Specific - Kagera - DHAPPQ - Others - ASAQ - Delay - 0y,#fb8072,0,0.0,004
095-region-specific-Kagera-DHAPPQ-Others-ASAQ-Delay-0y,9,31007.0,2031,Region Specific - Kagera - DHAPPQ - Others - ASAQ - Delay - 0y,#fb8072,0,0.0,004
095-region-specific-Kagera-DHAPPQ-Others-ASAQ-Delay-0y,10,30490.722222222223,2031,Region Specific - Kagera - DHAPPQ - Others - ASAQ - Delay - 0y,#fb8072,0,0.0,004
095-region-specific-Kagera-DHAPPQ-Others-ASAQ-Delay-0y,11,30819.0,2031,Region Specific - Kagera - DHAPPQ - Others - ASAQ - Delay - 0y,#fb8072,0,0.0,004
095-region-specific-Kagera-DHAPPQ-Others-ASAQ-Delay-0y,12,30755.833333333332,2031,Region Specific - Kagera - DHAPPQ - Others - ASAQ - Delay - 0y,#fb8072,0,0.0,004
095-region-specific-Kagera-DHAPPQ-Others-ASAQ-Delay-0y,13,30030.833333333332,2031,Region Specific - Kagera - DHAPPQ - Others - ASAQ - Delay - 0y,#fb8072,0,0.0,004
095-region-specific-Kagera-DHAPPQ-Others-ASAQ-Delay-0y,14,29720.61111111111,2031,Region Specific - Kagera - DHAPPQ - Others - ASAQ - Delay - 0y,#fb8072,0,0.0,004
095-region-specific-Kagera-DHAPPQ-Others-ASAQ-Delay-0y,15,30714.555555555555,2031,Region Specific - Kagera - DHAPPQ - Others - ASAQ - Delay - 0y,#fb8072,0,0.0,004
095-region-specific-Kagera-DHAPPQ-Others-ASAQ-Delay-0y,16,29929.0,2031,Region Specific - Kagera - DHAPPQ - Others - ASAQ - Delay - 0y,#fb8072,0,0.0,004
095-region-specific-Kagera-DHAPPQ-Others-ASAQ-Delay-0y,17,30476.38888888889,2031,Region Specific - Kagera - DHAPPQ - Others - ASAQ - Delay - 0y,#fb8072,0,0.0,004
095-region-specific-Kagera-DHAPPQ-Others-ASAQ-Delay-0y,18,31820.444444444445,2031,Region Specific - Kagera - DHAPPQ - Others - ASAQ - Delay - 0y,#fb8072,0,0.0,004
095-region-specific-Kagera-DHAPPQ-Others-ASAQ-Delay-0y,19,30911.222222222223,2031,Region Specific - Kagera - DHAPPQ - Others - ASAQ - Delay - 0y,#fb8072,0,0.0,004
095-region-specific-Kagera-DHAPPQ-Others-ASAQ-Delay-0y,20,30725.555555555555,2031,Region Specific - Kagera - DHAPPQ - Others - ASAQ - Delay - 0y,#fb8072,0,0.0,004
095-region-specific-Kagera-DHAPPQ-Others-ASAQ-Delay-0y,21,30636.055555555555,2031,Region Specific - Kagera - DHAPPQ - Others - ASAQ - Delay - 0y,#fb8072,0,0.0,004
095-region-specific-Kagera-DHAPPQ-Others-ASAQ-Delay-0y,22,30676.833333333332,2031,Region Specific - Kagera - DHAPPQ - Others - ASAQ - Delay - 0y,#fb8072,0,0.0,004
095-region-specific-Kagera-DHAPPQ-Others-ASAQ-Delay-0y,23,30719.38888888889,2031,Region Specific - Kagera - DHAPPQ - Others - ASAQ - Delay - 0y,#fb8072,0,0.0,004
095-region-specific-Kagera-DHAPPQ-Others-ASAQ-Delay-0y,24,31330.333333333332,2031,Region Specific - Kagera - DHAPPQ - Others - ASAQ - Delay - 0y,#fb8072,0,0.0,004
095-region-specific-Kagera-DHAPPQ-Others-ASAQ-Delay-0y,25,30981.666666666668,2031,Region Specific - Kagera - DHAPPQ - Others - ASAQ - Delay - 0y,#fb8072,0,0.0,004
095-region-specific-Kagera-DHAPPQ-Others-ASAQ-Delay-0y,26,30081.222222222223,2031,Region Specific - Kagera - DHAPPQ - Others - ASAQ - Delay - 0y,#fb8072,0,0.0,004
095-region-specific-Kagera-DHAPPQ-Others-ASAQ-Delay-0y,27,30293.833333333332,2031,Region Specific - Kagera - DHAPPQ - Others - ASAQ - Delay - 0y,#fb8072,0,0.0,004
095-region-specific-Kagera-DHAPPQ-Others-ASAQ-Delay-0y,28,31524.0,2031,Region Specific - Kagera - DHAPPQ - Others - ASAQ - Delay - 0y,#fb8072,0,0.0,004
095-region-specific-Kagera-DHAPPQ-Others-ASAQ-Delay-0y,29,30396.5,2031,Region Specific - Kagera - DHAPPQ - Others - ASAQ - Delay - 0y,#fb8072,0,0.0,004
095-region-specific-Kagera-DHAPPQ-Others-ASAQ-Delay-0y,30,31256.222222222223,2031,Region Specific - Kagera - DHAPPQ - Others - ASAQ - Delay - 0y,#fb8072,0,0.0,004
095-region-specific-Kagera-DHAPPQ-Others-ASAQ-Delay-0y,31,30053.777777777777,2031,Region Specific - Kagera - DHAPPQ - Others - ASAQ - Delay - 0y,#fb8072,0,0.0,004
095-region-specific-Kagera-DHAPPQ-Others-ASAQ-Delay-0y,32,30969.5,2031,Region Specific - Kagera - DHAPPQ - Others - ASAQ - Delay - 0y,#fb8072,0,0.0,004
095-region-specific-Kagera-DHAPPQ-Others-ASAQ-Delay-0y,33,30211.666666666668,2031,Region Specific - Kagera - DHAPPQ - Others - ASAQ - Delay - 0y,#fb8072,0,0.0,004
095-region-specific-Kagera-DHAPPQ-Others-ASAQ-Delay-0y,34,31416.666666666668,2031,Region Specific - Kagera - DHAPPQ - Others - ASAQ - Delay - 0y,#fb8072,0,0.0,004
095-region-specific-Kagera-DHAPPQ-Others-ASAQ-Delay-0y,35,29905.88888888889,2031,Region Specific - Kagera - DHAPPQ - Others - ASAQ - Delay - 0y,#fb8072,0,0.0,004
095-region-specific-Kagera-DHAPPQ-Others-ASAQ-Delay-0y,36,30814.61111111111,2031,Region Specific - Kagera - DHAPPQ - Others - ASAQ - Delay - 0y,#fb8072,0,0.0,004
095-region-specific-Kagera-DHAPPQ-Others-ASAQ-Delay-0y,37,30455.38888888889,2031,Region Specific - Kagera - DHAPPQ - Others - ASAQ - Delay - 0y,#fb8072,0,0.0,004
095-region-specific-Kagera-DHAPPQ-Others-ASAQ-Delay-0y,38,30766.222222222223,2031,Region Specific - Kagera - DHAPPQ - Others - ASAQ - Delay - 0y,#fb8072,0,0.0,004
095-region-specific-Kagera-DHAPPQ-Others-ASAQ-Delay-0y,39,30119.055555555555,2031,Region Specific - Kagera - DHAPPQ - Others - ASAQ - Delay - 0y,#fb8072,0,0.0,004
095-region-specific-Kagera-DHAPPQ-Others-ASAQ-Delay-0y,40,30950.333333333332,2031,Region Specific - Kagera - DHAPPQ - Others - ASAQ - Delay - 0y,#fb8072,0,0.0,004
095-region-specific-Kagera-DHAPPQ-Others-ASAQ-Delay-0y,41,30200.0,2031,Region Specific - Kagera - DHAPPQ - Others - ASAQ - Delay - 0y,#fb8072,0,0.0,004
095-region-specific-Kagera-DHAPPQ-Others-ASAQ-Delay-0y,42,29946.444444444445,2031,Region Specific - Kagera - DHAPPQ - Others - ASAQ - Delay - 0y,#fb8072,0,0.0,004
095-region-specific-Kagera-DHAPPQ-Others-ASAQ-Delay-0y,43,30093.222222222223,2031,Region Specific - Kagera - DHAPPQ - Others - ASAQ - Delay - 0y,#fb8072,0,0.0,004
095-region-specific-Kagera-DHAPPQ-Others-ASAQ-Delay-0y,44,30709.055555555555,2031,Region Specific - Kagera - DHAPPQ - Others - ASAQ - Delay - 0y,#fb8072,0,0.0,004
095-region-specific-Kagera-DHAPPQ-Others-ASAQ-Delay-0y,45,30418.88888888889,2031,Region Specific - Kagera - DHAPPQ - Others - ASAQ - Delay - 0y,#fb8072,0,0.0,004
095-region-specific-Kagera-DHAPPQ-Others-ASAQ-Delay-0y,46,29821.444444444445,2031,Region Specific - Kagera - DHAPPQ - Others - ASAQ - Delay - 0y,#fb8072,0,0.0,004
095-region-specific-Kagera-DHAPPQ-Others-ASAQ-Delay-0y,47,31105.88888888889,2031,Region Specific - Kagera - DHAPPQ - Others - ASAQ - Delay - 0y,#fb8072,0,0.0,004
095-region-specific-Kagera-DHAPPQ-Others-ASAQ-Delay-0y,48,30871.833333333332,2031,Region Specific - Kagera - DHAPPQ - Others - ASAQ - Delay - 0y,#fb8072,0,0.0,004
095-region-specific-Kagera-DHAPPQ-Others-ASAQ-Delay-0y,49,30172.61111111111,2031,Region Specific - Kagera - DHAPPQ - Others - ASAQ - Delay - 0y,#fb8072,0,0.0,004
095-region-specific-Kagera-DHAPPQ-Others-ASAQ-Delay-0y,50,29967.444444444445,2031,Region Specific - Kagera - DHAPPQ - Others - ASAQ - Delay - 0y,#fb8072,0,0.0,004
095-region-specific-Kagera-DHAPPQ-Others-ASAQ-Delay-0y,51,30246.333333333332,2031,Region Specific - Kagera - DHAPPQ - Others - ASAQ - Delay - 0y,#fb8072,0,0.0,004
095-region-specific-Kagera-DHAPPQ-Others-ASAQ-Delay-0y,52,30786.333333333332,2031,Region Specific - Kagera - DHAPPQ - Others - ASAQ - Delay - 0y,#fb8072,0,0.0,004
095-region-specific-Kagera-DHAPPQ-Others-ASAQ-Delay-0y,53,31517.555555555555,2031,Region Specific - Kagera - DHAPPQ - Others - ASAQ - Delay - 0y,#fb8072,0,0.0,004
095-region-specific-Kagera-DHAPPQ-Others-ASAQ-Delay-0y,54,30145.722222222223,2031,Region Specific - Kagera - DHAPPQ - Others - ASAQ - Delay - 0y,#fb8072,0,0.0,004
095-region-specific-Kagera-DHAPPQ-Others-ASAQ-Delay-0y,55,30994.166666666668,2031,Region Specific - Kagera - DHAPPQ - Others - ASAQ - Delay - 0y,#fb8072,0,0.0,004
095-region-specific-Kagera-DHAPPQ-Others-ASAQ-Delay-0y,56,29961.055555555555,2031,Region Specific - Kagera - DHAPPQ - Others - ASAQ - Delay - 0y,#fb8072,0,0.0,004
095-region-specific-Kagera-DHAPPQ-Others-ASAQ-Delay-0y,57,30455.88888888889,2031,Region Specific - Kagera - DHAPPQ - Others - ASAQ - Delay - 0y,#fb8072,0,0.0,004
095-region-specific-Kagera-DHAPPQ-Others-ASAQ-Delay-0y,58,30765.0,2031,Region Specific - Kagera - DHAPPQ - Others - ASAQ - Delay - 0y,#fb8072,0,0.0,004
095-region-specific-Kagera-DHAPPQ-Others-ASAQ-Delay-0y,59,30059.166666666668,2031,Region Specific - Kagera - DHAPPQ - Others - ASAQ - Delay - 0y,#fb8072,0,0.0,004
095-region-specific-Kagera-DHAPPQ-Others-ASAQ-Delay-0y,60,31368.944444444445,2031,Region Specific - Kagera - DHAPPQ - Others - ASAQ - Delay - 0y,#fb8072,0,0.0,004
095-region-specific-Kagera-DHAPPQ-Others-ASAQ-Delay-0y,61,30410.0,2031,Region Specific - Kagera - DHAPPQ - Others - ASAQ - Delay - 0y,#fb8072,0,0.0,004
095-region-specific-Kagera-DHAPPQ-Others-ASAQ-Delay-0y,62,30559.38888888889,2031,Region Specific - Kagera - DHAPPQ - Others - ASAQ - Delay - 0y,#fb8072,0,0.0,004
095-region-specific-Kagera-DHAPPQ-Others-ASAQ-Delay-0y,63,29785.555555555555,2031,Region Specific - Kagera - DHAPPQ - Others - ASAQ - Delay - 0y,#fb8072,0,0.0,004
095-region-specific-Kagera-DHAPPQ-Others-ASAQ-Delay-0y,64,29922.944444444445,2031,Region Specific - Kagera - DHAPPQ - Others - ASAQ - Delay - 0y,#fb8072,0,0.0,004
095-region-specific-Kagera-DHAPPQ-Others-ASAQ-Delay-0y,65,30525.0,2031,Region Specific - Kagera - DHAPPQ - Others - ASAQ - Delay - 0y,#fb8072,0,0.0,004
095-region-specific-Kagera-DHAPPQ-Others-ASAQ-Delay-0y,66,29984.777777777777,2031,Region Specific - Kagera - DHAPPQ - Others - ASAQ - Delay - 0y,#fb8072,0,0.0,004
095-region-specific-Kagera-DHAPPQ-Others-ASAQ-Delay-0y,67,31147.722222222223,2031,Region Specific - Kagera - DHAPPQ - Others - ASAQ - Delay - 0y,#fb8072,0,0.0,004
095-region-specific-Kagera-DHAPPQ-Others-ASAQ-Delay-0y,68,30591.0,2031,Region Specific - Kagera - DHAPPQ - Others - ASAQ - Delay - 0y,#fb8072,0,0.0,004
095-region-specific-Kagera-DHAPPQ-Others-ASAQ-Delay-0y,69,29690.055555555555,2031,Region Specific - Kagera - DHAPPQ - Others - ASAQ - Delay - 0y,#fb8072,0,0.0,004
095-region-specific-Kagera-DHAPPQ-Others-ASAQ-Delay-0y,70,30375.722222222223,2031,Region Specific - Kagera - DHAPPQ - Others - ASAQ - Delay - 0y,#fb8072,0,0.0,004
095-region-specific-Kagera-DHAPPQ-Others-ASAQ-Delay-0y,71,30842.055555555555,2031,Region Specific - Kagera - DHAPPQ - Others - ASAQ - Delay - 0y,#fb8072,0,0.0,004
095-region-specific-Kagera-DHAPPQ-Others-ASAQ-Delay-0y,72,30732.944444444445,2031,Region Specific - Kagera - DHAPPQ - Others - ASAQ - Delay - 0y,#fb8072,0,0.0,004
095-region-specific-Kagera-DHAPPQ-Others-ASAQ-Delay-0y,73,30538.055555555555,2031,Region Specific - Kagera - DHAPPQ - Others - ASAQ - Delay - 0y,#fb8072,0,0.0,004
095-region-specific-Kagera-DHAPPQ-Others-ASAQ-Delay-0y,74,30140.166666666668,2031,Region Specific - Kagera - DHAPPQ - Others - ASAQ - Delay - 0y,#fb8072,0,0.0,004
095-region-specific-Kagera-DHAPPQ-Others-ASAQ-Delay-0y,75,30252.777777777777,2031,Region Specific - Kagera - DHAPPQ - Others - ASAQ - Delay - 0y,#fb8072,0,0.0,004
095-region-specific-Kagera-DHAPPQ-Others-ASAQ-Delay-0y,76,30774.38888888889,2031,Region Specific - Kagera - DHAPPQ - Others - ASAQ - Delay - 0y,#fb8072,0,0.0,004
095-region-specific-Kagera-DHAPPQ-Others-ASAQ-Delay-0y,77,30835.944444444445,2031,Region Specific - Kagera - DHAPPQ - Others - ASAQ - Delay - 0y,#fb8072,0,0.0,004
095-region-specific-Kagera-DHAPPQ-Others-ASAQ-Delay-0y,78,30751.0,2031,Region Specific - Kagera - DHAPPQ - Others - ASAQ - Delay - 0y,#fb8072,0,0.0,004
095-region-specific-Kagera-DHAPPQ-Others-ASAQ-Delay-0y,79,30387.61111111111,2031,Region Specific - Kagera - DHAPPQ - Others - ASAQ - Delay - 0y,#fb8072,0,0.0,004
095-region-specific-Kagera-DHAPPQ-Others-ASAQ-Delay-0y,80,30136.666666666668,2031,Region Specific - Kagera - DHAPPQ - Others - ASAQ - Delay - 0y,#fb8072,0,0.0,004
095-region-specific-Kagera-DHAPPQ-Others-ASAQ-Delay-0y,81,29466.055555555555,2031,Region Specific - Kagera - DHAPPQ - Others - ASAQ - Delay - 0y,#fb8072,0,0.0,004
095-region-specific-Kagera-DHAPPQ-Others-ASAQ-Delay-0y,82,30100.166666666668,2031,Region Specific - Kagera - DHAPPQ - Others - ASAQ - Delay - 0y,#fb8072,0,0.0,004
095-region-specific-Kagera-DHAPPQ-Others-ASAQ-Delay-0y,83,30094.055555555555,2031,Region Specific - Kagera - DHAPPQ - Others - ASAQ - Delay - 0y,#fb8072,0,0.0,004
095-region-specific-Kagera-DHAPPQ-Others-ASAQ-Delay-0y,84,30990.11111111111,2031,Region Specific - Kagera - DHAPPQ - Others - ASAQ - Delay - 0y,#fb8072,0,0.0,004
095-region-specific-Kagera-DHAPPQ-Others-ASAQ-Delay-0y,85,30778.88888888889,2031,Region Specific - Kagera - DHAPPQ - Others - ASAQ - Delay - 0y,#fb8072,0,0.0,004
095-region-specific-Kagera-DHAPPQ-Others-ASAQ-Delay-0y,86,30207.444444444445,2031,Region Specific - Kagera - DHAPPQ - Others - ASAQ - Delay - 0y,#fb8072,0,0.0,004
095-region-specific-Kagera-DHAPPQ-Others-ASAQ-Delay-0y,87,30344.277777777777,2031,Region Specific - Kagera - DHAPPQ - Others - ASAQ - Delay - 0y,#fb8072,0,0.0,004
095-region-specific-Kagera-DHAPPQ-Others-ASAQ-Delay-0y,88,30180.38888888889,2031,Region Specific - Kagera - DHAPPQ - Others - ASAQ - Delay - 0y,#fb8072,0,0.0,004
095-region-specific-Kagera-DHAPPQ-Others-ASAQ-Delay-0y,89,30226.055555555555,2031,Region Specific - Kagera - DHAPPQ - Others - ASAQ - Delay - 0y,#fb8072,0,0.0,004
095-region-specific-Kagera-DHAPPQ-Others-ASAQ-Delay-0y,90,31381.166666666668,2031,Region Specific - Kagera - DHAPPQ - Others - ASAQ - Delay - 0y,#fb8072,0,0.0,004
095-region-specific-Kagera-DHAPPQ-Others-ASAQ-Delay-0y,91,30383.333333333332,2031,Region Specific - Kagera - DHAPPQ - Others - ASAQ - Delay - 0y,#fb8072,0,0.0,004
095-region-specific-Kagera-DHAPPQ-Others-ASAQ-Delay-0y,92,30231.166666666668,2031,Region Specific - Kagera - DHAPPQ - Others - ASAQ - Delay - 0y,#fb8072,0,0.0,004
095-region-specific-Kagera-DHAPPQ-Others-ASAQ-Delay-0y,93,30784.222222222223,2031,Region Specific - Kagera - DHAPPQ - Others - ASAQ - Delay - 0y,#fb8072,0,0.0,004
095-region-specific-Kagera-DHAPPQ-Others-ASAQ-Delay-0y,94,31199.944444444445,2031,Region Specific - Kagera - DHAPPQ - Others - ASAQ - Delay - 0y,#fb8072,0,0.0,004
095-region-specific-Kagera-DHAPPQ-Others-ASAQ-Delay-0y,95,30505.833333333332,2031,Region Specific - Kagera - DHAPPQ - Others - ASAQ - Delay - 0y,#fb8072,0,0.0,004
095-region-specific-Kagera-DHAPPQ-Others-ASAQ-Delay-0y,96,30100.277777777777,2031,Region Specific - Kagera - DHAPPQ - Others - ASAQ - Delay - 0y,#fb8072,0,0.0,004
095-region-specific-Kagera-DHAPPQ-Others-ASAQ-Delay-0y,97,29295.555555555555,2031,Region Specific - Kagera - DHAPPQ - Others - ASAQ - Delay - 0y,#fb8072,0,0.0,004
095-region-specific-Kagera-DHAPPQ-Others-ASAQ-Delay-0y,98,30390.11111111111,2031,Region Specific - Kagera - DHAPPQ - Others - ASAQ - Delay - 0y,#fb8072,0,0.0,004
095-region-specific-Kagera-DHAPPQ-Others-ASAQ-Delay-0y,99,30511.833333333332,2031,Region Specific - Kagera - DHAPPQ - Others - ASAQ - Delay - 0y,#fb8072,0,0.0,004
096-region-specific-Kagera-DHAPPQ-Others-ASAQ-Delay-1y,0,32836.22222222222,2031,Region Specific - Kagera - DHAPPQ - Others - ASAQ - Delay - 1y,#fb8072,0,12.5,004
096-region-specific-Kagera-DHAPPQ-Others-ASAQ-Delay-1y,1,33415.88888888889,2031,Region Specific - Kagera - DHAPPQ - Others - ASAQ - Delay - 1y,#fb8072,0,12.5,004
096-region-specific-Kagera-DHAPPQ-Others-ASAQ-Delay-1y,2,32377.222222222223,2031,Region Specific - Kagera - DHAPPQ - Others - ASAQ - Delay - 1y,#fb8072,0,12.5,004
096-region-specific-Kagera-DHAPPQ-Others-ASAQ-Delay-1y,3,31787.666666666668,2031,Region Specific - Kagera - DHAPPQ - Others - ASAQ - Delay - 1y,#fb8072,0,12.5,004
096-region-specific-Kagera-DHAPPQ-Others-ASAQ-Delay-1y,4,32083.0,2031,Region Specific - Kagera - DHAPPQ - Others - ASAQ - Delay - 1y,#fb8072,0,12.5,004
096-region-specific-Kagera-DHAPPQ-Others-ASAQ-Delay-1y,5,32000.277777777777,2031,Region Specific - Kagera - DHAPPQ - Others - ASAQ - Delay - 1y,#fb8072,0,12.5,004
096-region-specific-Kagera-DHAPPQ-Others-ASAQ-Delay-1y,6,32985.333333333336,2031,Region Specific - Kagera - DHAPPQ - Others - ASAQ - Delay - 1y,#fb8072,0,12.5,004
096-region-specific-Kagera-DHAPPQ-Others-ASAQ-Delay-1y,7,31602.944444444445,2031,Region Specific - Kagera - DHAPPQ - Others - ASAQ - Delay - 1y,#fb8072,0,12.5,004
096-region-specific-Kagera-DHAPPQ-Others-ASAQ-Delay-1y,8,31644.88888888889,2031,Region Specific - Kagera - DHAPPQ - Others - ASAQ - Delay - 1y,#fb8072,0,12.5,004
096-region-specific-Kagera-DHAPPQ-Others-ASAQ-Delay-1y,9,31317.555555555555,2031,Region Specific - Kagera - DHAPPQ - Others - ASAQ - Delay - 1y,#fb8072,0,12.5,004
096-region-specific-Kagera-DHAPPQ-Others-ASAQ-Delay-1y,10,32543.0,2031,Region Specific - Kagera - DHAPPQ - Others - ASAQ - Delay - 1y,#fb8072,0,12.5,004
096-region-specific-Kagera-DHAPPQ-Others-ASAQ-Delay-1y,11,32377.88888888889,2031,Region Specific - Kagera - DHAPPQ - Others - ASAQ - Delay - 1y,#fb8072,0,12.5,004
096-region-specific-Kagera-DHAPPQ-Others-ASAQ-Delay-1y,12,31675.166666666668,2031,Region Specific - Kagera - DHAPPQ - Others - ASAQ - Delay - 1y,#fb8072,0,12.5,004
096-region-specific-Kagera-DHAPPQ-Others-ASAQ-Delay-1y,13,31361.055555555555,2031,Region Specific - Kagera - DHAPPQ - Others - ASAQ - Delay - 1y,#fb8072,0,12.5,004
096-region-specific-Kagera-DHAPPQ-Others-ASAQ-Delay-1y,14,32158.61111111111,2031,Region Specific - Kagera - DHAPPQ - Others - ASAQ - Delay - 1y,#fb8072,0,12.5,004
096-region-specific-Kagera-DHAPPQ-Others-ASAQ-Delay-1y,15,31317.11111111111,2031,Region Specific - Kagera - DHAPPQ - Others - ASAQ - Delay - 1y,#fb8072,0,12.5,004
096-region-specific-Kagera-DHAPPQ-Others-ASAQ-Delay-1y,16,31778.444444444445,2031,Region Specific - Kagera - DHAPPQ - Others - ASAQ - Delay - 1y,#fb8072,0,12.5,004
096-region-specific-Kagera-DHAPPQ-Others-ASAQ-Delay-1y,17,32367.88888888889,2031,Region Specific - Kagera - DHAPPQ - Others - ASAQ - Delay - 1y,#fb8072,0,12.5,004
096-region-specific-Kagera-DHAPPQ-Others-ASAQ-Delay-1y,18,31975.722222222223,2031,Region Specific - Kagera - DHAPPQ - Others - ASAQ - Delay - 1y,#fb8072,0,12.5,004
096-region-specific-Kagera-DHAPPQ-Others-ASAQ-Delay-1y,19,33134.88888888889,2031,Region Specific - Kagera - DHAPPQ - Others - ASAQ - Delay - 1y,#fb8072,0,12.5,004
096-region-specific-Kagera-DHAPPQ-Others-ASAQ-Delay-1y,20,31782.777777777777,2031,Region Specific - Kagera - DHAPPQ - Others - ASAQ - Delay - 1y,#fb8072,0,12.5,004
096-region-specific-Kagera-DHAPPQ-Others-ASAQ-Delay-1y,21,31774.722222222223,2031,Region Specific - Kagera - DHAPPQ - Others - ASAQ - Delay - 1y,#fb8072,0,12.5,004
096-region-specific-Kagera-DHAPPQ-Others-ASAQ-Delay-1y,22,31758.722222222223,2031,Region Specific - Kagera - DHAPPQ - Others - ASAQ - Delay - 1y,#fb8072,0,12.5,004
096-region-specific-Kagera-DHAPPQ-Others-ASAQ-Delay-1y,23,32429.055555555555,2031,Region Specific - Kagera - DHAPPQ - Others - ASAQ - Delay - 1y,#fb8072,0,12.5,004
096-region-specific-Kagera-DHAPPQ-Others-ASAQ-Delay-1y,24,31588.61111111111,2031,Region Specific - Kagera - DHAPPQ - Others - ASAQ - Delay - 1y,#fb8072,0,12.5,004
096-region-specific-Kagera-DHAPPQ-Others-ASAQ-Delay-1y,25,32310.88888888889,2031,Region Specific - Kagera - DHAPPQ - Others - ASAQ - Delay - 1y,#fb8072,0,12.5,004
096-region-specific-Kagera-DHAPPQ-Others-ASAQ-Delay-1y,26,31503.88888888889,2031,Region Specific - Kagera - DHAPPQ - Others - ASAQ - Delay - 1y,#fb8072,0,12.5,004
096-region-specific-Kagera-DHAPPQ-Others-ASAQ-Delay-1y,27,31945.444444444445,2031,Region Specific - Kagera - DHAPPQ - Others - ASAQ - Delay - 1y,#fb8072,0,12.5,004
096-region-specific-Kagera-DHAPPQ-Others-ASAQ-Delay-1y,28,32030.055555555555,2031,Region Specific - Kagera - DHAPPQ - Others - ASAQ - Delay - 1y,#fb8072,0,12.5,004
096-region-specific-Kagera-DHAPPQ-Others-ASAQ-Delay-1y,29,30917.166666666668,2031,Region Specific - Kagera - DHAPPQ - Others - ASAQ - Delay - 1y,#fb8072,0,12.5,004
096-region-specific-Kagera-DHAPPQ-Others-ASAQ-Delay-1y,30,31443.222222222223,2031,Region Specific - Kagera - DHAPPQ - Others - ASAQ - Delay - 1y,#fb8072,0,12.5,004
096-region-specific-Kagera-DHAPPQ-Others-ASAQ-Delay-1y,31,31936.61111111111,2031,Region Specific - Kagera - DHAPPQ - Others - ASAQ - Delay - 1y,#fb8072,0,12.5,004
096-region-specific-Kagera-DHAPPQ-Others-ASAQ-Delay-1y,32,32942.333333333336,2031,Region Specific - Kagera - DHAPPQ - Others - ASAQ - Delay - 1y,#fb8072,0,12.5,004
096-region-specific-Kagera-DHAPPQ-Others-ASAQ-Delay-1y,33,32948.77777777778,2031,Region Specific - Kagera - DHAPPQ - Others - ASAQ - Delay - 1y,#fb8072,0,12.5,004
096-region-specific-Kagera-DHAPPQ-Others-ASAQ-Delay-1y,34,31559.944444444445,2031,Region Specific - Kagera - DHAPPQ - Others - ASAQ - Delay - 1y,#fb8072,0,12.5,004
096-region-specific-Kagera-DHAPPQ-Others-ASAQ-Delay-1y,35,31901.333333333332,2031,Region Specific - Kagera - DHAPPQ - Others - ASAQ - Delay - 1y,#fb8072,0,12.5,004
096-region-specific-Kagera-DHAPPQ-Others-ASAQ-Delay-1y,36,32296.222222222223,2031,Region Specific - Kagera - DHAPPQ - Others - ASAQ - Delay - 1y,#fb8072,0,12.5,004
096-region-specific-Kagera-DHAPPQ-Others-ASAQ-Delay-1y,37,31923.5,2031,Region Specific - Kagera - DHAPPQ - Others - ASAQ - Delay - 1y,#fb8072,0,12.5,004
096-region-specific-Kagera-DHAPPQ-Others-ASAQ-Delay-1y,38,32215.555555555555,2031,Region Specific - Kagera - DHAPPQ - Others - ASAQ - Delay - 1y,#fb8072,0,12.5,004
096-region-specific-Kagera-DHAPPQ-Others-ASAQ-Delay-1y,39,31999.0,2031,Region Specific - Kagera - DHAPPQ - Others - ASAQ - Delay - 1y,#fb8072,0,12.5,004
096-region-specific-Kagera-DHAPPQ-Others-ASAQ-Delay-1y,40,31247.555555555555,2031,Region Specific - Kagera - DHAPPQ - Others - ASAQ - Delay - 1y,#fb8072,0,12.5,004
096-region-specific-Kagera-DHAPPQ-Others-ASAQ-Delay-1y,41,32866.666666666664,2031,Region Specific - Kagera - DHAPPQ - Others - ASAQ - Delay - 1y,#fb8072,0,12.5,004
096-region-specific-Kagera-DHAPPQ-Others-ASAQ-Delay-1y,42,32088.055555555555,2031,Region Specific - Kagera - DHAPPQ - Others - ASAQ - Delay - 1y,#fb8072,0,12.5,004
096-region-specific-Kagera-DHAPPQ-Others-ASAQ-Delay-1y,43,31646.0,2031,Region Specific - Kagera - DHAPPQ - Others - ASAQ - Delay - 1y,#fb8072,0,12.5,004
096-region-specific-Kagera-DHAPPQ-Others-ASAQ-Delay-1y,44,31975.333333333332,2031,Region Specific - Kagera - DHAPPQ - Others - ASAQ - Delay - 1y,#fb8072,0,12.5,004
096-region-specific-Kagera-DHAPPQ-Others-ASAQ-Delay-1y,45,31127.277777777777,2031,Region Specific - Kagera - DHAPPQ - Others - ASAQ - Delay - 1y,#fb8072,0,12.5,004
096-region-specific-Kagera-DHAPPQ-Others-ASAQ-Delay-1y,46,32377.777777777777,2031,Region Specific - Kagera - DHAPPQ - Others - ASAQ - Delay - 1y,#fb8072,0,12.5,004
096-region-specific-Kagera-DHAPPQ-Others-ASAQ-Delay-1y,47,31983.61111111111,2031,Region Specific - Kagera - DHAPPQ - Others - ASAQ - Delay - 1y,#fb8072,0,12.5,004
096-region-specific-Kagera-DHAPPQ-Others-ASAQ-Delay-1y,48,31384.722222222223,2031,Region Specific - Kagera - DHAPPQ - Others - ASAQ - Delay - 1y,#fb8072,0,12.5,004
096-region-specific-Kagera-DHAPPQ-Others-ASAQ-Delay-1y,49,33579.833333333336,2031,Region Specific - Kagera - DHAPPQ - Others - ASAQ - Delay - 1y,#fb8072,0,12.5,004
096-region-specific-Kagera-DHAPPQ-Others-ASAQ-Delay-1y,50,30895.166666666668,2031,Region Specific - Kagera - DHAPPQ - Others - ASAQ - Delay - 1y,#fb8072,0,12.5,004
096-region-specific-Kagera-DHAPPQ-Others-ASAQ-Delay-1y,51,32895.38888888889,2031,Region Specific - Kagera - DHAPPQ - Others - ASAQ - Delay - 1y,#fb8072,0,12.5,004
096-region-specific-Kagera-DHAPPQ-Others-ASAQ-Delay-1y,52,31854.555555555555,2031,Region Specific - Kagera - DHAPPQ - Others - ASAQ - Delay - 1y,#fb8072,0,12.5,004
096-region-specific-Kagera-DHAPPQ-Others-ASAQ-Delay-1y,53,31218.055555555555,2031,Region Specific - Kagera - DHAPPQ - Others - ASAQ - Delay - 1y,#fb8072,0,12.5,004
096-region-specific-Kagera-DHAPPQ-Others-ASAQ-Delay-1y,54,32134.0,2031,Region Specific - Kagera - DHAPPQ - Others - ASAQ - Delay - 1y,#fb8072,0,12.5,004
096-region-specific-Kagera-DHAPPQ-Others-ASAQ-Delay-1y,55,32261.666666666668,2031,Region Specific - Kagera - DHAPPQ - Others - ASAQ - Delay - 1y,#fb8072,0,12.5,004
096-region-specific-Kagera-DHAPPQ-Others-ASAQ-Delay-1y,56,32132.61111111111,2031,Region Specific - Kagera - DHAPPQ - Others - ASAQ - Delay - 1y,#fb8072,0,12.5,004
096-region-specific-Kagera-DHAPPQ-Others-ASAQ-Delay-1y,57,32372.055555555555,2031,Region Specific - Kagera - DHAPPQ - Others - ASAQ - Delay - 1y,#fb8072,0,12.5,004
096-region-specific-Kagera-DHAPPQ-Others-ASAQ-Delay-1y,58,32271.666666666668,2031,Region Specific - Kagera - DHAPPQ - Others - ASAQ - Delay - 1y,#fb8072,0,12.5,004
096-region-specific-Kagera-DHAPPQ-Others-ASAQ-Delay-1y,59,31843.5,2031,Region Specific - Kagera - DHAPPQ - Others - ASAQ - Delay - 1y,#fb8072,0,12.5,004
096-region-specific-Kagera-DHAPPQ-Others-ASAQ-Delay-1y,60,31923.5,2031,Region Specific - Kagera - DHAPPQ - Others - ASAQ - Delay - 1y,#fb8072,0,12.5,004
096-region-specific-Kagera-DHAPPQ-Others-ASAQ-Delay-1y,61,33192.333333333336,2031,Region Specific - Kagera - DHAPPQ - Others - ASAQ - Delay - 1y,#fb8072,0,12.5,004
096-region-specific-Kagera-DHAPPQ-Others-ASAQ-Delay-1y,62,32776.61111111111,2031,Region Specific - Kagera - DHAPPQ - Others - ASAQ - Delay - 1y,#fb8072,0,12.5,004
096-region-specific-Kagera-DHAPPQ-Others-ASAQ-Delay-1y,63,31770.666666666668,2031,Region Specific - Kagera - DHAPPQ - Others - ASAQ - Delay - 1y,#fb8072,0,12.5,004
096-region-specific-Kagera-DHAPPQ-Others-ASAQ-Delay-1y,64,31433.277777777777,2031,Region Specific - Kagera - DHAPPQ - Others - ASAQ - Delay - 1y,#fb8072,0,12.5,004
096-region-specific-Kagera-DHAPPQ-Others-ASAQ-Delay-1y,65,32302.5,2031,Region Specific - Kagera - DHAPPQ - Others - ASAQ - Delay - 1y,#fb8072,0,12.5,004
096-region-specific-Kagera-DHAPPQ-Others-ASAQ-Delay-1y,66,32874.944444444445,2031,Region Specific - Kagera - DHAPPQ - Others - ASAQ - Delay - 1y,#fb8072,0,12.5,004
096-region-specific-Kagera-DHAPPQ-Others-ASAQ-Delay-1y,67,32235.38888888889,2031,Region Specific - Kagera - DHAPPQ - Others - ASAQ - Delay - 1y,#fb8072,0,12.5,004
096-region-specific-Kagera-DHAPPQ-Others-ASAQ-Delay-1y,68,31432.166666666668,2031,Region Specific - Kagera - DHAPPQ - Others - ASAQ - Delay - 1y,#fb8072,0,12.5,004
096-region-specific-Kagera-DHAPPQ-Others-ASAQ-Delay-1y,69,32666.61111111111,2031,Region Specific - Kagera - DHAPPQ - Others - ASAQ - Delay - 1y,#fb8072,0,12.5,004
096-region-specific-Kagera-DHAPPQ-Others-ASAQ-Delay-1y,70,32017.444444444445,2031,Region Specific - Kagera - DHAPPQ - Others - ASAQ - Delay - 1y,#fb8072,0,12.5,004
096-region-specific-Kagera-DHAPPQ-Others-ASAQ-Delay-1y,71,32438.11111111111,2031,Region Specific - Kagera - DHAPPQ - Others - ASAQ - Delay - 1y,#fb8072,0,12.5,004
096-region-specific-Kagera-DHAPPQ-Others-ASAQ-Delay-1y,72,33269.666666666664,2031,Region Specific - Kagera - DHAPPQ - Others - ASAQ - Delay - 1y,#fb8072,0,12.5,004
096-region-specific-Kagera-DHAPPQ-Others-ASAQ-Delay-1y,73,31531.333333333332,2031,Region Specific - Kagera - DHAPPQ - Others - ASAQ - Delay - 1y,#fb8072,0,12.5,004
096-region-specific-Kagera-DHAPPQ-Others-ASAQ-Delay-1y,74,32849.555555555555,2031,Region Specific - Kagera - DHAPPQ - Others - ASAQ - Delay - 1y,#fb8072,0,12.5,004
096-region-specific-Kagera-DHAPPQ-Others-ASAQ-Delay-1y,75,32214.444444444445,2031,Region Specific - Kagera - DHAPPQ - Others - ASAQ - Delay - 1y,#fb8072,0,12.5,004
096-region-specific-Kagera-DHAPPQ-Others-ASAQ-Delay-1y,76,31047.777777777777,2031,Region Specific - Kagera - DHAPPQ - Others - ASAQ - Delay - 1y,#fb8072,0,12.5,004
096-region-specific-Kagera-DHAPPQ-Others-ASAQ-Delay-1y,77,32307.5,2031,Region Specific - Kagera - DHAPPQ - Others - ASAQ - Delay - 1y,#fb8072,0,12.5,004
096-region-specific-Kagera-DHAPPQ-Others-ASAQ-Delay-1y,78,31830.444444444445,2031,Region Specific - Kagera - DHAPPQ - Others - ASAQ - Delay - 1y,#fb8072,0,12.5,004
096-region-specific-Kagera-DHAPPQ-Others-ASAQ-Delay-1y,79,32247.944444444445,2031,Region Specific - Kagera - DHAPPQ - Others - ASAQ - Delay - 1y,#fb8072,0,12.5,004
096-region-specific-Kagera-DHAPPQ-Others-ASAQ-Delay-1y,80,31755.944444444445,2031,Region Specific - Kagera - DHAPPQ - Others - ASAQ - Delay - 1y,#fb8072,0,12.5,004
096-region-specific-Kagera-DHAPPQ-Others-ASAQ-Delay-1y,81,32152.0,2031,Region Specific - Kagera - DHAPPQ - Others - ASAQ - Delay - 1y,#fb8072,0,12.5,004
096-region-specific-Kagera-DHAPPQ-Others-ASAQ-Delay-1y,82,32289.38888888889,2031,Region Specific - Kagera - DHAPPQ - Others - ASAQ - Delay - 1y,#fb8072,0,12.5,004
096-region-specific-Kagera-DHAPPQ-Others-ASAQ-Delay-1y,83,32865.055555555555,2031,Region Specific - Kagera - DHAPPQ - Others - ASAQ - Delay - 1y,#fb8072,0,12.5,004
096-region-specific-Kagera-DHAPPQ-Others-ASAQ-Delay-1y,84,31873.722222222223,2031,Region Specific - Kagera - DHAPPQ - Others - ASAQ - Delay - 1y,#fb8072,0,12.5,004
096-region-specific-Kagera-DHAPPQ-Others-ASAQ-Delay-1y,85,32108.666666666668,2031,Region Specific - Kagera - DHAPPQ - Others - ASAQ - Delay - 1y,#fb8072,0,12.5,004
096-region-specific-Kagera-DHAPPQ-Others-ASAQ-Delay-1y,86,32393.777777777777,2031,Region Specific - Kagera - DHAPPQ - Others - ASAQ - Delay - 1y,#fb8072,0,12.5,004
096-region-specific-Kagera-DHAPPQ-Others-ASAQ-Delay-1y,87,32453.11111111111,2031,Region Specific - Kagera - DHAPPQ - Others - ASAQ - Delay - 1y,#fb8072,0,12.5,004
096-region-specific-Kagera-DHAPPQ-Others-ASAQ-Delay-1y,88,32655.61111111111,2031,Region Specific - Kagera - DHAPPQ - Others - ASAQ - Delay - 1y,#fb8072,0,12.5,004
096-region-specific-Kagera-DHAPPQ-Others-ASAQ-Delay-1y,89,32229.88888888889,2031,Region Specific - Kagera - DHAPPQ - Others - ASAQ - Delay - 1y,#fb8072,0,12.5,004
096-region-specific-Kagera-DHAPPQ-Others-ASAQ-Delay-1y,90,32661.88888888889,2031,Region Specific - Kagera - DHAPPQ - Others - ASAQ - Delay - 1y,#fb8072,0,12.5,004
096-region-specific-Kagera-DHAPPQ-Others-ASAQ-Delay-1y,91,32285.166666666668,2031,Region Specific - Kagera - DHAPPQ - Others - ASAQ - Delay - 1y,#fb8072,0,12.5,004
096-region-specific-Kagera-DHAPPQ-Others-ASAQ-Delay-1y,92,32965.666666666664,2031,Region Specific - Kagera - DHAPPQ - Others - ASAQ - Delay - 1y,#fb8072,0,12.5,004
096-region-specific-Kagera-DHAPPQ-Others-ASAQ-Delay-1y,93,32202.666666666668,2031,Region Specific - Kagera - DHAPPQ - Others - ASAQ - Delay - 1y,#fb8072,0,12.5,004
096-region-specific-Kagera-DHAPPQ-Others-ASAQ-Delay-1y,94,32499.055555555555,2031,Region Specific - Kagera - DHAPPQ - Others - ASAQ - Delay - 1y,#fb8072,0,12.5,004
096-region-specific-Kagera-DHAPPQ-Others-ASAQ-Delay-1y,95,32221.88888888889,2031,Region Specific - Kagera - DHAPPQ - Others - ASAQ - Delay - 1y,#fb8072,0,12.5,004
096-region-specific-Kagera-DHAPPQ-Others-ASAQ-Delay-1y,96,32277.055555555555,2031,Region Specific - Kagera - DHAPPQ - Others - ASAQ - Delay - 1y,#fb8072,0,12.5,004
096-region-specific-Kagera-DHAPPQ-Others-ASAQ-Delay-1y,97,31607.833333333332,2031,Region Specific - Kagera - DHAPPQ - Others - ASAQ - Delay - 1y,#fb8072,0,12.5,004
096-region-specific-Kagera-DHAPPQ-Others-ASAQ-Delay-1y,98,31181.0,2031,Region Specific - Kagera - DHAPPQ - Others - ASAQ - Delay - 1y,#fb8072,0,12.5,004
096-region-specific-Kagera-DHAPPQ-Others-ASAQ-Delay-1y,99,33998.055555555555,2031,Region Specific - Kagera - DHAPPQ - Others - ASAQ - Delay - 1y,#fb8072,0,12.5,004
097-region-specific-Kagera-DHAPPQ-Others-ASAQ-Delay-2y,0,34443.22222222222,2031,Region Specific - Kagera - DHAPPQ - Others - ASAQ - Delay - 2y,#fb8072,0,25.0,004
097-region-specific-Kagera-DHAPPQ-Others-ASAQ-Delay-2y,1,33475.11111111111,2031,Region Specific - Kagera - DHAPPQ - Others - ASAQ - Delay - 2y,#fb8072,0,25.0,004
097-region-specific-Kagera-DHAPPQ-Others-ASAQ-Delay-2y,2,34040.27777777778,2031,Region Specific - Kagera - DHAPPQ - Others - ASAQ - Delay - 2y,#fb8072,0,25.0,004
097-region-specific-Kagera-DHAPPQ-Others-ASAQ-Delay-2y,3,33103.27777777778,2031,Region Specific - Kagera - DHAPPQ - Others - ASAQ - Delay - 2y,#fb8072,0,25.0,004
097-region-specific-Kagera-DHAPPQ-Others-ASAQ-Delay-2y,4,34405.555555555555,2031,Region Specific - Kagera - DHAPPQ - Others - ASAQ - Delay - 2y,#fb8072,0,25.0,004
097-region-specific-Kagera-DHAPPQ-Others-ASAQ-Delay-2y,5,34271.944444444445,2031,Region Specific - Kagera - DHAPPQ - Others - ASAQ - Delay - 2y,#fb8072,0,25.0,004
097-region-specific-Kagera-DHAPPQ-Others-ASAQ-Delay-2y,6,34943.944444444445,2031,Region Specific - Kagera - DHAPPQ - Others - ASAQ - Delay - 2y,#fb8072,0,25.0,004
097-region-specific-Kagera-DHAPPQ-Others-ASAQ-Delay-2y,7,34054.0,2031,Region Specific - Kagera - DHAPPQ - Others - ASAQ - Delay - 2y,#fb8072,0,25.0,004
097-region-specific-Kagera-DHAPPQ-Others-ASAQ-Delay-2y,8,35063.22222222222,2031,Region Specific - Kagera - DHAPPQ - Others - ASAQ - Delay - 2y,#fb8072,0,25.0,004
097-region-specific-Kagera-DHAPPQ-Others-ASAQ-Delay-2y,9,33378.27777777778,2031,Region Specific - Kagera - DHAPPQ - Others - ASAQ - Delay - 2y,#fb8072,0,25.0,004
097-region-specific-Kagera-DHAPPQ-Others-ASAQ-Delay-2y,10,34564.055555555555,2031,Region Specific - Kagera - DHAPPQ - Others - ASAQ - Delay - 2y,#fb8072,0,25.0,004
097-region-specific-Kagera-DHAPPQ-Others-ASAQ-Delay-2y,11,33890.666666666664,2031,Region Specific - Kagera - DHAPPQ - Others - ASAQ - Delay - 2y,#fb8072,0,25.0,004
097-region-specific-Kagera-DHAPPQ-Others-ASAQ-Delay-2y,12,34182.944444444445,2031,Region Specific - Kagera - DHAPPQ - Others - ASAQ - Delay - 2y,#fb8072,0,25.0,004
097-region-specific-Kagera-DHAPPQ-Others-ASAQ-Delay-2y,13,34595.333333333336,2031,Region Specific - Kagera - DHAPPQ - Others - ASAQ - Delay - 2y,#fb8072,0,25.0,004
097-region-specific-Kagera-DHAPPQ-Others-ASAQ-Delay-2y,14,33161.666666666664,2031,Region Specific - Kagera - DHAPPQ - Others - ASAQ - Delay - 2y,#fb8072,0,25.0,004
097-region-specific-Kagera-DHAPPQ-Others-ASAQ-Delay-2y,15,34995.27777777778,2031,Region Specific - Kagera - DHAPPQ - Others - ASAQ - Delay - 2y,#fb8072,0,25.0,004
097-region-specific-Kagera-DHAPPQ-Others-ASAQ-Delay-2y,16,33972.833333333336,2031,Region Specific - Kagera - DHAPPQ - Others - ASAQ - Delay - 2y,#fb8072,0,25.0,004
097-region-specific-Kagera-DHAPPQ-Others-ASAQ-Delay-2y,17,34856.666666666664,2031,Region Specific - Kagera - DHAPPQ - Others - ASAQ - Delay - 2y,#fb8072,0,25.0,004
097-region-specific-Kagera-DHAPPQ-Others-ASAQ-Delay-2y,18,34479.0,2031,Region Specific - Kagera - DHAPPQ - Others - ASAQ - Delay - 2y,#fb8072,0,25.0,004
097-region-specific-Kagera-DHAPPQ-Others-ASAQ-Delay-2y,19,34669.944444444445,2031,Region Specific - Kagera - DHAPPQ - Others - ASAQ - Delay - 2y,#fb8072,0,25.0,004
097-region-specific-Kagera-DHAPPQ-Others-ASAQ-Delay-2y,20,36657.88888888889,2031,Region Specific - Kagera - DHAPPQ - Others - ASAQ - Delay - 2y,#fb8072,0,25.0,004
097-region-specific-Kagera-DHAPPQ-Others-ASAQ-Delay-2y,21,35146.555555555555,2031,Region Specific - Kagera - DHAPPQ - Others - ASAQ - Delay - 2y,#fb8072,0,25.0,004
097-region-specific-Kagera-DHAPPQ-Others-ASAQ-Delay-2y,22,34247.944444444445,2031,Region Specific - Kagera - DHAPPQ - Others - ASAQ - Delay - 2y,#fb8072,0,25.0,004
097-region-specific-Kagera-DHAPPQ-Others-ASAQ-Delay-2y,23,33606.0,2031,Region Specific - Kagera - DHAPPQ - Others - ASAQ - Delay - 2y,#fb8072,0,25.0,004
097-region-specific-Kagera-DHAPPQ-Others-ASAQ-Delay-2y,24,35411.444444444445,2031,Region Specific - Kagera - DHAPPQ - Others - ASAQ - Delay - 2y,#fb8072,0,25.0,004
097-region-specific-Kagera-DHAPPQ-Others-ASAQ-Delay-2y,25,34924.5,2031,Region Specific - Kagera - DHAPPQ - Others - ASAQ - Delay - 2y,#fb8072,0,25.0,004
097-region-specific-Kagera-DHAPPQ-Others-ASAQ-Delay-2y,26,34048.77777777778,2031,Region Specific - Kagera - DHAPPQ - Others - ASAQ - Delay - 2y,#fb8072,0,25.0,004
097-region-specific-Kagera-DHAPPQ-Others-ASAQ-Delay-2y,27,34737.61111111111,2031,Region Specific - Kagera - DHAPPQ - Others - ASAQ - Delay - 2y,#fb8072,0,25.0,004
097-region-specific-Kagera-DHAPPQ-Others-ASAQ-Delay-2y,28,32828.77777777778,2031,Region Specific - Kagera - DHAPPQ - Others - ASAQ - Delay - 2y,#fb8072,0,25.0,004
097-region-specific-Kagera-DHAPPQ-Others-ASAQ-Delay-2y,29,33962.61111111111,2031,Region Specific - Kagera - DHAPPQ - Others - ASAQ - Delay - 2y,#fb8072,0,25.0,004
097-region-specific-Kagera-DHAPPQ-Others-ASAQ-Delay-2y,30,33844.833333333336,2031,Region Specific - Kagera - DHAPPQ - Others - ASAQ - Delay - 2y,#fb8072,0,25.0,004
097-region-specific-Kagera-DHAPPQ-Others-ASAQ-Delay-2y,31,34168.88888888889,2031,Region Specific - Kagera - DHAPPQ - Others - ASAQ - Delay - 2y,#fb8072,0,25.0,004
097-region-specific-Kagera-DHAPPQ-Others-ASAQ-Delay-2y,32,34063.055555555555,2031,Region Specific - Kagera - DHAPPQ - Others - ASAQ - Delay - 2y,#fb8072,0,25.0,004
097-region-specific-Kagera-DHAPPQ-Others-ASAQ-Delay-2y,33,34501.27777777778,2031,Region Specific - Kagera - DHAPPQ - Others - ASAQ - Delay - 2y,#fb8072,0,25.0,004
097-region-specific-Kagera-DHAPPQ-Others-ASAQ-Delay-2y,34,34230.444444444445,2031,Region Specific - Kagera - DHAPPQ - Others - ASAQ - Delay - 2y,#fb8072,0,25.0,004
097-region-specific-Kagera-DHAPPQ-Others-ASAQ-Delay-2y,35,33867.22222222222,2031,Region Specific - Kagera - DHAPPQ - Others - ASAQ - Delay - 2y,#fb8072,0,25.0,004
097-region-specific-Kagera-DHAPPQ-Others-ASAQ-Delay-2y,36,34626.11111111111,2031,Region Specific - Kagera - DHAPPQ - Others - ASAQ - Delay - 2y,#fb8072,0,25.0,004
097-region-specific-Kagera-DHAPPQ-Others-ASAQ-Delay-2y,37,33909.055555555555,2031,Region Specific - Kagera - DHAPPQ - Others - ASAQ - Delay - 2y,#fb8072,0,25.0,004
097-region-specific-Kagera-DHAPPQ-Others-ASAQ-Delay-2y,38,34797.333333333336,2031,Region Specific - Kagera - DHAPPQ - Others - ASAQ - Delay - 2y,#fb8072,0,25.0,004
097-region-specific-Kagera-DHAPPQ-Others-ASAQ-Delay-2y,39,34281.5,2031,Region Specific - Kagera - DHAPPQ - Others - ASAQ - Delay - 2y,#fb8072,0,25.0,004
097-region-specific-Kagera-DHAPPQ-Others-ASAQ-Delay-2y,40,33900.88888888889,2031,Region Specific - Kagera - DHAPPQ - Others - ASAQ - Delay - 2y,#fb8072,0,25.0,004
097-region-specific-Kagera-DHAPPQ-Others-ASAQ-Delay-2y,41,33745.166666666664,2031,Region Specific - Kagera - DHAPPQ - Others - ASAQ - Delay - 2y,#fb8072,0,25.0,004
097-region-specific-Kagera-DHAPPQ-Others-ASAQ-Delay-2y,42,33006.833333333336,2031,Region Specific - Kagera - DHAPPQ - Others - ASAQ - Delay - 2y,#fb8072,0,25.0,004
097-region-specific-Kagera-DHAPPQ-Others-ASAQ-Delay-2y,43,33532.5,2031,Region Specific - Kagera - DHAPPQ - Others - ASAQ - Delay - 2y,#fb8072,0,25.0,004
097-region-specific-Kagera-DHAPPQ-Others-ASAQ-Delay-2y,44,34337.0,2031,Region Specific - Kagera - DHAPPQ - Others - ASAQ - Delay - 2y,#fb8072,0,25.0,004
097-region-specific-Kagera-DHAPPQ-Others-ASAQ-Delay-2y,45,34905.444444444445,2031,Region Specific - Kagera - DHAPPQ - Others - ASAQ - Delay - 2y,#fb8072,0,25.0,004
097-region-specific-Kagera-DHAPPQ-Others-ASAQ-Delay-2y,46,33535.72222222222,2031,Region Specific - Kagera - DHAPPQ - Others - ASAQ - Delay - 2y,#fb8072,0,25.0,004
097-region-specific-Kagera-DHAPPQ-Others-ASAQ-Delay-2y,47,34622.27777777778,2031,Region Specific - Kagera - DHAPPQ - Others - ASAQ - Delay - 2y,#fb8072,0,25.0,004
097-region-specific-Kagera-DHAPPQ-Others-ASAQ-Delay-2y,48,33812.0,2031,Region Specific - Kagera - DHAPPQ - Others - ASAQ - Delay - 2y,#fb8072,0,25.0,004
097-region-specific-Kagera-DHAPPQ-Others-ASAQ-Delay-2y,49,32301.166666666668,2031,Region Specific - Kagera - DHAPPQ - Others - ASAQ - Delay - 2y,#fb8072,0,25.0,004
097-region-specific-Kagera-DHAPPQ-Others-ASAQ-Delay-2y,50,33983.333333333336,2031,Region Specific - Kagera - DHAPPQ - Others - ASAQ - Delay - 2y,#fb8072,0,25.0,004
097-region-specific-Kagera-DHAPPQ-Others-ASAQ-Delay-2y,51,35604.833333333336,2031,Region Specific - Kagera - DHAPPQ - Others - ASAQ - Delay - 2y,#fb8072,0,25.0,004
097-region-specific-Kagera-DHAPPQ-Others-ASAQ-Delay-2y,52,33932.444444444445,2031,Region Specific - Kagera - DHAPPQ - Others - ASAQ - Delay - 2y,#fb8072,0,25.0,004
097-region-specific-Kagera-DHAPPQ-Others-ASAQ-Delay-2y,53,34014.27777777778,2031,Region Specific - Kagera - DHAPPQ - Others - ASAQ - Delay - 2y,#fb8072,0,25.0,004
097-region-specific-Kagera-DHAPPQ-Others-ASAQ-Delay-2y,54,34509.055555555555,2031,Region Specific - Kagera - DHAPPQ - Others - ASAQ - Delay - 2y,#fb8072,0,25.0,004
097-region-specific-Kagera-DHAPPQ-Others-ASAQ-Delay-2y,55,33589.72222222222,2031,Region Specific - Kagera - DHAPPQ - Others - ASAQ - Delay - 2y,#fb8072,0,25.0,004
097-region-specific-Kagera-DHAPPQ-Others-ASAQ-Delay-2y,56,33416.88888888889,2031,Region Specific - Kagera - DHAPPQ - Others - ASAQ - Delay - 2y,#fb8072,0,25.0,004
097-region-specific-Kagera-DHAPPQ-Others-ASAQ-Delay-2y,57,33739.27777777778,2031,Region Specific - Kagera - DHAPPQ - Others - ASAQ - Delay - 2y,#fb8072,0,25.0,004
097-region-specific-Kagera-DHAPPQ-Others-ASAQ-Delay-2y,58,33554.666666666664,2031,Region Specific - Kagera - DHAPPQ - Others - ASAQ - Delay - 2y,#fb8072,0,25.0,004
097-region-specific-Kagera-DHAPPQ-Others-ASAQ-Delay-2y,59,34020.944444444445,2031,Region Specific - Kagera - DHAPPQ - Others - ASAQ - Delay - 2y,#fb8072,0,25.0,004
097-region-specific-Kagera-DHAPPQ-Others-ASAQ-Delay-2y,60,34315.333333333336,2031,Region Specific - Kagera - DHAPPQ - Others - ASAQ - Delay - 2y,#fb8072,0,25.0,004
097-region-specific-Kagera-DHAPPQ-Others-ASAQ-Delay-2y,61,34777.0,2031,Region Specific - Kagera - DHAPPQ - Others - ASAQ - Delay - 2y,#fb8072,0,25.0,004
097-region-specific-Kagera-DHAPPQ-Others-ASAQ-Delay-2y,62,35061.666666666664,2031,Region Specific - Kagera - DHAPPQ - Others - ASAQ - Delay - 2y,#fb8072,0,25.0,004
097-region-specific-Kagera-DHAPPQ-Others-ASAQ-Delay-2y,63,34955.166666666664,2031,Region Specific - Kagera - DHAPPQ - Others - ASAQ - Delay - 2y,#fb8072,0,25.0,004
097-region-specific-Kagera-DHAPPQ-Others-ASAQ-Delay-2y,64,34856.944444444445,2031,Region Specific - Kagera - DHAPPQ - Others - ASAQ - Delay - 2y,#fb8072,0,25.0,004
097-region-specific-Kagera-DHAPPQ-Others-ASAQ-Delay-2y,65,33985.444444444445,2031,Region Specific - Kagera - DHAPPQ - Others - ASAQ - Delay - 2y,#fb8072,0,25.0,004
097-region-specific-Kagera-DHAPPQ-Others-ASAQ-Delay-2y,66,34105.5,2031,Region Specific - Kagera - DHAPPQ - Others - ASAQ - Delay - 2y,#fb8072,0,25.0,004
097-region-specific-Kagera-DHAPPQ-Others-ASAQ-Delay-2y,67,34044.166666666664,2031,Region Specific - Kagera - DHAPPQ - Others - ASAQ - Delay - 2y,#fb8072,0,25.0,004
097-region-specific-Kagera-DHAPPQ-Others-ASAQ-Delay-2y,68,33779.944444444445,2031,Region Specific - Kagera - DHAPPQ - Others - ASAQ - Delay - 2y,#fb8072,0,25.0,004
097-region-specific-Kagera-DHAPPQ-Others-ASAQ-Delay-2y,69,34389.0,2031,Region Specific - Kagera - DHAPPQ - Others - ASAQ - Delay - 2y,#fb8072,0,25.0,004
097-region-specific-Kagera-DHAPPQ-Others-ASAQ-Delay-2y,70,33944.166666666664,2031,Region Specific - Kagera - DHAPPQ - Others - ASAQ - Delay - 2y,#fb8072,0,25.0,004
097-region-specific-Kagera-DHAPPQ-Others-ASAQ-Delay-2y,71,36418.27777777778,2031,Region Specific - Kagera - DHAPPQ - Others - ASAQ - Delay - 2y,#fb8072,0,25.0,004
097-region-specific-Kagera-DHAPPQ-Others-ASAQ-Delay-2y,72,34213.944444444445,2031,Region Specific - Kagera - DHAPPQ - Others - ASAQ - Delay - 2y,#fb8072,0,25.0,004
097-region-specific-Kagera-DHAPPQ-Others-ASAQ-Delay-2y,73,34237.666666666664,2031,Region Specific - Kagera - DHAPPQ - Others - ASAQ - Delay - 2y,#fb8072,0,25.0,004
097-region-specific-Kagera-DHAPPQ-Others-ASAQ-Delay-2y,74,34109.666666666664,2031,Region Specific - Kagera - DHAPPQ - Others - ASAQ - Delay - 2y,#fb8072,0,25.0,004
097-region-specific-Kagera-DHAPPQ-Others-ASAQ-Delay-2y,75,34339.055555555555,2031,Region Specific - Kagera - DHAPPQ - Others - ASAQ - Delay - 2y,#fb8072,0,25.0,004
097-region-specific-Kagera-DHAPPQ-Others-ASAQ-Delay-2y,76,34284.38888888889,2031,Region Specific - Kagera - DHAPPQ - Others - ASAQ - Delay - 2y,#fb8072,0,25.0,004
097-region-specific-Kagera-DHAPPQ-Others-ASAQ-Delay-2y,77,34506.166666666664,2031,Region Specific - Kagera - DHAPPQ - Others - ASAQ - Delay - 2y,#fb8072,0,25.0,004
097-region-specific-Kagera-DHAPPQ-Others-ASAQ-Delay-2y,78,33683.444444444445,2031,Region Specific - Kagera - DHAPPQ - Others - ASAQ - Delay - 2y,#fb8072,0,25.0,004
097-region-specific-Kagera-DHAPPQ-Others-ASAQ-Delay-2y,79,34769.944444444445,2031,Region Specific - Kagera - DHAPPQ - Others - ASAQ - Delay - 2y,#fb8072,0,25.0,004
097-region-specific-Kagera-DHAPPQ-Others-ASAQ-Delay-2y,80,33889.944444444445,2031,Region Specific - Kagera - DHAPPQ - Others - ASAQ - Delay - 2y,#fb8072,0,25.0,004
097-region-specific-Kagera-DHAPPQ-Others-ASAQ-Delay-2y,81,34597.555555555555,2031,Region Specific - Kagera - DHAPPQ - Others - ASAQ - Delay - 2y,#fb8072,0,25.0,004
097-region-specific-Kagera-DHAPPQ-Others-ASAQ-Delay-2y,82,33313.27777777778,2031,Region Specific - Kagera - DHAPPQ - Others - ASAQ - Delay - 2y,#fb8072,0,25.0,004
097-region-specific-Kagera-DHAPPQ-Others-ASAQ-Delay-2y,83,34322.27777777778,2031,Region Specific - Kagera - DHAPPQ - Others - ASAQ - Delay - 2y,#fb8072,0,25.0,004
097-region-specific-Kagera-DHAPPQ-Others-ASAQ-Delay-2y,84,34289.555555555555,2031,Region Specific - Kagera - DHAPPQ - Others - ASAQ - Delay - 2y,#fb8072,0,25.0,004
097-region-specific-Kagera-DHAPPQ-Others-ASAQ-Delay-2y,85,34085.555555555555,2031,Region Specific - Kagera - DHAPPQ - Others - ASAQ - Delay - 2y,#fb8072,0,25.0,004
097-region-specific-Kagera-DHAPPQ-Others-ASAQ-Delay-2y,86,33609.22222222222,2031,Region Specific - Kagera - DHAPPQ - Others - ASAQ - Delay - 2y,#fb8072,0,25.0,004
097-region-specific-Kagera-DHAPPQ-Others-ASAQ-Delay-2y,87,32859.88888888889,2031,Region Specific - Kagera - DHAPPQ - Others - ASAQ - Delay - 2y,#fb8072,0,25.0,004
097-region-specific-Kagera-DHAPPQ-Others-ASAQ-Delay-2y,88,33847.833333333336,2031,Region Specific - Kagera - DHAPPQ - Others - ASAQ - Delay - 2y,#fb8072,0,25.0,004
097-region-specific-Kagera-DHAPPQ-Others-ASAQ-Delay-2y,89,33370.27777777778,2031,Region Specific - Kagera - DHAPPQ - Others - ASAQ - Delay - 2y,#fb8072,0,25.0,004
097-region-specific-Kagera-DHAPPQ-Others-ASAQ-Delay-2y,90,33728.555555555555,2031,Region Specific - Kagera - DHAPPQ - Others - ASAQ - Delay - 2y,#fb8072,0,25.0,004
097-region-specific-Kagera-DHAPPQ-Others-ASAQ-Delay-2y,91,34386.27777777778,2031,Region Specific - Kagera - DHAPPQ - Others - ASAQ - Delay - 2y,#fb8072,0,25.0,004
097-region-specific-Kagera-DHAPPQ-Others-ASAQ-Delay-2y,92,35052.944444444445,2031,Region Specific - Kagera - DHAPPQ - Others - ASAQ - Delay - 2y,#fb8072,0,25.0,004
097-region-specific-Kagera-DHAPPQ-Others-ASAQ-Delay-2y,93,34137.944444444445,2031,Region Specific - Kagera - DHAPPQ - Others - ASAQ - Delay - 2y,#fb8072,0,25.0,004
097-region-specific-Kagera-DHAPPQ-Others-ASAQ-Delay-2y,94,35303.22222222222,2031,Region Specific - Kagera - DHAPPQ - Others - ASAQ - Delay - 2y,#fb8072,0,25.0,004
097-region-specific-Kagera-DHAPPQ-Others-ASAQ-Delay-2y,95,33212.444444444445,2031,Region Specific - Kagera - DHAPPQ - Others - ASAQ - Delay - 2y,#fb8072,0,25.0,004
097-region-specific-Kagera-DHAPPQ-Others-ASAQ-Delay-2y,96,33383.944444444445,2031,Region Specific - Kagera - DHAPPQ - Others - ASAQ - Delay - 2y,#fb8072,0,25.0,004
097-region-specific-Kagera-DHAPPQ-Others-ASAQ-Delay-2y,97,33925.11111111111,2031,Region Specific - Kagera - DHAPPQ - Others - ASAQ - Delay - 2y,#fb8072,0,25.0,004
097-region-specific-Kagera-DHAPPQ-Others-ASAQ-Delay-2y,98,35019.77777777778,2031,Region Specific - Kagera - DHAPPQ - Others - ASAQ - Delay - 2y,#fb8072,0,25.0,004
097-region-specific-Kagera-DHAPPQ-Others-ASAQ-Delay-2y,99,33729.555555555555,2031,Region Specific - Kagera - DHAPPQ - Others - ASAQ - Delay - 2y,#fb8072,0,25.0,004
098-Delay-ASAQ-1y,0,31079.722222222223,2031,Delay - ASAQ - 1y,#fb8072,0,16.66,004
098-Delay-ASAQ-1y,1,29196.722222222223,2031,Delay - ASAQ - 1y,#fb8072,0,16.66,004
098-Delay-ASAQ-1y,2,30008.222222222223,2031,Delay - ASAQ - 1y,#fb8072,0,16.66,004
098-Delay-ASAQ-1y,3,30065.444444444445,2031,Delay - ASAQ - 1y,#fb8072,0,16.66,004
098-Delay-ASAQ-1y,4,30339.5,2031,Delay - ASAQ - 1y,#fb8072,0,16.66,004
098-Delay-ASAQ-1y,5,30361.666666666668,2031,Delay - ASAQ - 1y,#fb8072,0,16.66,004
098-Delay-ASAQ-1y,6,30419.444444444445,2031,Delay - ASAQ - 1y,#fb8072,0,16.66,004
098-Delay-ASAQ-1y,7,29501.333333333332,2031,Delay - ASAQ - 1y,#fb8072,0,16.66,004
098-Delay-ASAQ-1y,8,30042.333333333332,2031,Delay - ASAQ - 1y,#fb8072,0,16.66,004
098-Delay-ASAQ-1y,9,31078.833333333332,2031,Delay - ASAQ - 1y,#fb8072,0,16.66,004
098-Delay-ASAQ-1y,10,29969.277777777777,2031,Delay - ASAQ - 1y,#fb8072,0,16.66,004
098-Delay-ASAQ-1y,11,30642.5,2031,Delay - ASAQ - 1y,#fb8072,0,16.66,004
098-Delay-ASAQ-1y,12,30287.11111111111,2031,Delay - ASAQ - 1y,#fb8072,0,16.66,004
098-Delay-ASAQ-1y,13,30078.0,2031,Delay - ASAQ - 1y,#fb8072,0,16.66,004
098-Delay-ASAQ-1y,14,31078.722222222223,2031,Delay - ASAQ - 1y,#fb8072,0,16.66,004
098-Delay-ASAQ-1y,15,30155.277777777777,2031,Delay - ASAQ - 1y,#fb8072,0,16.66,004
098-Delay-ASAQ-1y,16,30635.055555555555,2031,Delay - ASAQ - 1y,#fb8072,0,16.66,004
098-Delay-ASAQ-1y,17,30241.444444444445,2031,Delay - ASAQ - 1y,#fb8072,0,16.66,004
098-Delay-ASAQ-1y,18,30835.444444444445,2031,Delay - ASAQ - 1y,#fb8072,0,16.66,004
098-Delay-ASAQ-1y,19,30335.666666666668,2031,Delay - ASAQ - 1y,#fb8072,0,16.66,004
098-Delay-ASAQ-1y,20,30071.722222222223,2031,Delay - ASAQ - 1y,#fb8072,0,16.66,004
098-Delay-ASAQ-1y,21,29603.5,2031,Delay - ASAQ - 1y,#fb8072,0,16.66,004
098-Delay-ASAQ-1y,22,30374.944444444445,2031,Delay - ASAQ - 1y,#fb8072,0,16.66,004
098-Delay-ASAQ-1y,23,29946.333333333332,2031,Delay - ASAQ - 1y,#fb8072,0,16.66,004
098-Delay-ASAQ-1y,24,30382.38888888889,2031,Delay - ASAQ - 1y,#fb8072,0,16.66,004
098-Delay-ASAQ-1y,25,29523.722222222223,2031,Delay - ASAQ - 1y,#fb8072,0,16.66,004
098-Delay-ASAQ-1y,26,29822.166666666668,2031,Delay - ASAQ - 1y,#fb8072,0,16.66,004
098-Delay-ASAQ-1y,27,29906.5,2031,Delay - ASAQ - 1y,#fb8072,0,16.66,004
098-Delay-ASAQ-1y,28,29783.38888888889,2031,Delay - ASAQ - 1y,#fb8072,0,16.66,004
098-Delay-ASAQ-1y,29,30171.11111111111,2031,Delay - ASAQ - 1y,#fb8072,0,16.66,004
098-Delay-ASAQ-1y,30,30118.277777777777,2031,Delay - ASAQ - 1y,#fb8072,0,16.66,004
098-Delay-ASAQ-1y,31,30309.333333333332,2031,Delay - ASAQ - 1y,#fb8072,0,16.66,004
098-Delay-ASAQ-1y,32,29926.61111111111,2031,Delay - ASAQ - 1y,#fb8072,0,16.66,004
098-Delay-ASAQ-1y,33,29638.666666666668,2031,Delay - ASAQ - 1y,#fb8072,0,16.66,004
098-Delay-ASAQ-1y,34,30971.61111111111,2031,Delay - ASAQ - 1y,#fb8072,0,16.66,004
098-Delay-ASAQ-1y,35,29623.944444444445,2031,Delay - ASAQ - 1y,#fb8072,0,16.66,004
098-Delay-ASAQ-1y,36,29729.666666666668,2031,Delay - ASAQ - 1y,#fb8072,0,16.66,004
098-Delay-ASAQ-1y,37,29641.88888888889,2031,Delay - ASAQ - 1y,#fb8072,0,16.66,004
098-Delay-ASAQ-1y,38,29389.61111111111,2031,Delay - ASAQ - 1y,#fb8072,0,16.66,004
098-Delay-ASAQ-1y,39,29638.333333333332,2031,Delay - ASAQ - 1y,#fb8072,0,16.66,004
098-Delay-ASAQ-1y,40,29574.333333333332,2031,Delay - ASAQ - 1y,#fb8072,0,16.66,004
098-Delay-ASAQ-1y,41,30378.055555555555,2031,Delay - ASAQ - 1y,#fb8072,0,16.66,004
098-Delay-ASAQ-1y,42,30413.666666666668,2031,Delay - ASAQ - 1y,#fb8072,0,16.66,004
098-Delay-ASAQ-1y,43,29570.333333333332,2031,Delay - ASAQ - 1y,#fb8072,0,16.66,004
098-Delay-ASAQ-1y,44,30032.944444444445,2031,Delay - ASAQ - 1y,#fb8072,0,16.66,004
098-Delay-ASAQ-1y,45,30176.444444444445,2031,Delay - ASAQ - 1y,#fb8072,0,16.66,004
098-Delay-ASAQ-1y,46,29454.277777777777,2031,Delay - ASAQ - 1y,#fb8072,0,16.66,004
098-Delay-ASAQ-1y,47,30712.777777777777,2031,Delay - ASAQ - 1y,#fb8072,0,16.66,004
098-Delay-ASAQ-1y,48,29941.555555555555,2031,Delay - ASAQ - 1y,#fb8072,0,16.66,004
098-Delay-ASAQ-1y,49,29519.777777777777,2031,Delay - ASAQ - 1y,#fb8072,0,16.66,004
098-Delay-ASAQ-1y,50,29979.222222222223,2031,Delay - ASAQ - 1y,#fb8072,0,16.66,004
098-Delay-ASAQ-1y,51,29945.777777777777,2031,Delay - ASAQ - 1y,#fb8072,0,16.66,004
098-Delay-ASAQ-1y,52,30280.11111111111,2031,Delay - ASAQ - 1y,#fb8072,0,16.66,004
098-Delay-ASAQ-1y,53,29948.055555555555,2031,Delay - ASAQ - 1y,#fb8072,0,16.66,004
098-Delay-ASAQ-1y,54,29463.777777777777,2031,Delay - ASAQ - 1y,#fb8072,0,16.66,004
098-Delay-ASAQ-1y,55,31346.5,2031,Delay - ASAQ - 1y,#fb8072,0,16.66,004
098-Delay-ASAQ-1y,56,30040.222222222223,2031,Delay - ASAQ - 1y,#fb8072,0,16.66,004
098-Delay-ASAQ-1y,57,29240.333333333332,2031,Delay - ASAQ - 1y,#fb8072,0,16.66,004
098-Delay-ASAQ-1y,58,29762.055555555555,2031,Delay - ASAQ - 1y,#fb8072,0,16.66,004
098-Delay-ASAQ-1y,59,30018.722222222223,2031,Delay - ASAQ - 1y,#fb8072,0,16.66,004
098-Delay-ASAQ-1y,60,30328.944444444445,2031,Delay - ASAQ - 1y,#fb8072,0,16.66,004
098-Delay-ASAQ-1y,61,30358.277777777777,2031,Delay - ASAQ - 1y,#fb8072,0,16.66,004
098-Delay-ASAQ-1y,62,30583.444444444445,2031,Delay - ASAQ - 1y,#fb8072,0,16.66,004
098-Delay-ASAQ-1y,63,30008.777777777777,2031,Delay - ASAQ - 1y,#fb8072,0,16.66,004
098-Delay-ASAQ-1y,64,30404.38888888889,2031,Delay - ASAQ - 1y,#fb8072,0,16.66,004
098-Delay-ASAQ-1y,65,31643.277777777777,2031,Delay - ASAQ - 1y,#fb8072,0,16.66,004
098-Delay-ASAQ-1y,66,30487.222222222223,2031,Delay - ASAQ - 1y,#fb8072,0,16.66,004
098-Delay-ASAQ-1y,67,30160.38888888889,2031,Delay - ASAQ - 1y,#fb8072,0,16.66,004
098-Delay-ASAQ-1y,68,29880.277777777777,2031,Delay - ASAQ - 1y,#fb8072,0,16.66,004
098-Delay-ASAQ-1y,69,29216.166666666668,2031,Delay - ASAQ - 1y,#fb8072,0,16.66,004
098-Delay-ASAQ-1y,70,29573.222222222223,2031,Delay - ASAQ - 1y,#fb8072,0,16.66,004
098-Delay-ASAQ-1y,71,29121.5,2031,Delay - ASAQ - 1y,#fb8072,0,16.66,004
098-Delay-ASAQ-1y,72,30624.722222222223,2031,Delay - ASAQ - 1y,#fb8072,0,16.66,004
098-Delay-ASAQ-1y,73,29889.277777777777,2031,Delay - ASAQ - 1y,#fb8072,0,16.66,004
098-Delay-ASAQ-1y,74,31195.333333333332,2031,Delay - ASAQ - 1y,#fb8072,0,16.66,004
098-Delay-ASAQ-1y,75,29848.11111111111,2031,Delay - ASAQ - 1y,#fb8072,0,16.66,004
098-Delay-ASAQ-1y,76,30438.055555555555,2031,Delay - ASAQ - 1y,#fb8072,0,16.66,004
098-Delay-ASAQ-1y,77,29799.444444444445,2031,Delay - ASAQ - 1y,#fb8072,0,16.66,004
098-Delay-ASAQ-1y,78,29477.777777777777,2031,Delay - ASAQ - 1y,#fb8072,0,16.66,004
098-Delay-ASAQ-1y,79,30448.61111111111,2031,Delay - ASAQ - 1y,#fb8072,0,16.66,004
098-Delay-ASAQ-1y,80,30219.38888888889,2031,Delay - ASAQ - 1y,#fb8072,0,16.66,004
098-Delay-ASAQ-1y,81,30456.277777777777,2031,Delay - ASAQ - 1y,#fb8072,0,16.66,004
098-Delay-ASAQ-1y,82,29786.222222222223,2031,Delay - ASAQ - 1y,#fb8072,0,16.66,004
098-Delay-ASAQ-1y,83,30653.777777777777,2031,Delay - ASAQ - 1y,#fb8072,0,16.66,004
098-Delay-ASAQ-1y,84,30385.777777777777,2031,Delay - ASAQ - 1y,#fb8072,0,16.66,004
098-Delay-ASAQ-1y,85,30053.666666666668,2031,Delay - ASAQ - 1y,#fb8072,0,16.66,004
098-Delay-ASAQ-1y,86,29540.222222222223,2031,Delay - ASAQ - 1y,#fb8072,0,16.66,004
098-Delay-ASAQ-1y,87,29529.222222222223,2031,Delay - ASAQ - 1y,#fb8072,0,16.66,004
098-Delay-ASAQ-1y,88,30091.055555555555,2031,Delay - ASAQ - 1y,#fb8072,0,16.66,004
098-Delay-ASAQ-1y,89,30070.277777777777,2031,Delay - ASAQ - 1y,#fb8072,0,16.66,004
098-Delay-ASAQ-1y,90,30684.444444444445,2031,Delay - ASAQ - 1y,#fb8072,0,16.66,004
098-Delay-ASAQ-1y,91,28784.61111111111,2031,Delay - ASAQ - 1y,#fb8072,0,16.66,004
098-Delay-ASAQ-1y,92,29940.222222222223,2031,Delay - ASAQ - 1y,#fb8072,0,16.66,004
098-Delay-ASAQ-1y,93,30357.666666666668,2031,Delay - ASAQ - 1y,#fb8072,0,16.66,004
098-Delay-ASAQ-1y,94,29801.777777777777,2031,Delay - ASAQ - 1y,#fb8072,0,16.66,004
098-Delay-ASAQ-1y,95,29695.88888888889,2031,Delay - ASAQ - 1y,#fb8072,0,16.66,004
098-Delay-ASAQ-1y,96,29888.833333333332,2031,Delay - ASAQ - 1y,#fb8072,0,16.66,004
098-Delay-ASAQ-1y,97,29960.444444444445,2031,Delay - ASAQ - 1y,#fb8072,0,16.66,004
098-Delay-ASAQ-1y,98,30249.555555555555,2031,Delay - ASAQ - 1y,#fb8072,0,16.66,004
098-Delay-ASAQ-1y,99,29754.722222222223,2031,Delay - ASAQ - 1y,#fb8072,0,16.66,004
099-Delay-ASAQ-2y,0,31447.666666666668,2031,Delay - ASAQ - 2y,#fb8072,0,33.0,004
099-Delay-ASAQ-2y,1,32200.277777777777,2031,Delay - ASAQ - 2y,#fb8072,0,33.0,004
099-Delay-ASAQ-2y,2,33624.833333333336,2031,Delay - ASAQ - 2y,#fb8072,0,33.0,004
099-Delay-ASAQ-2y,3,34040.444444444445,2031,Delay - ASAQ - 2y,#fb8072,0,33.0,004
099-Delay-ASAQ-2y,4,32431.11111111111,2031,Delay - ASAQ - 2y,#fb8072,0,33.0,004
099-Delay-ASAQ-2y,5,32089.555555555555,2031,Delay - ASAQ - 2y,#fb8072,0,33.0,004
099-Delay-ASAQ-2y,6,32615.38888888889,2031,Delay - ASAQ - 2y,#fb8072,0,33.0,004
099-Delay-ASAQ-2y,7,32844.38888888889,2031,Delay - ASAQ - 2y,#fb8072,0,33.0,004
099-Delay-ASAQ-2y,8,33739.0,2031,Delay - ASAQ - 2y,#fb8072,0,33.0,004
099-Delay-ASAQ-2y,9,33223.72222222222,2031,Delay - ASAQ - 2y,#fb8072,0,33.0,004
099-Delay-ASAQ-2y,10,33376.944444444445,2031,Delay - ASAQ - 2y,#fb8072,0,33.0,004
099-Delay-ASAQ-2y,11,31905.444444444445,2031,Delay - ASAQ - 2y,#fb8072,0,33.0,004
099-Delay-ASAQ-2y,12,32347.333333333332,2031,Delay - ASAQ - 2y,#fb8072,0,33.0,004
099-Delay-ASAQ-2y,13,32527.444444444445,2031,Delay - ASAQ - 2y,#fb8072,0,33.0,004
099-Delay-ASAQ-2y,14,32279.277777777777,2031,Delay - ASAQ - 2y,#fb8072,0,33.0,004
099-Delay-ASAQ-2y,15,32017.38888888889,2031,Delay - ASAQ - 2y,#fb8072,0,33.0,004
099-Delay-ASAQ-2y,16,32420.222222222223,2031,Delay - ASAQ - 2y,#fb8072,0,33.0,004
099-Delay-ASAQ-2y,17,33853.27777777778,2031,Delay - ASAQ - 2y,#fb8072,0,33.0,004
099-Delay-ASAQ-2y,18,33832.38888888889,2031,Delay - ASAQ - 2y,#fb8072,0,33.0,004
099-Delay-ASAQ-2y,19,32974.88888888889,2031,Delay - ASAQ - 2y,#fb8072,0,33.0,004
099-Delay-ASAQ-2y,20,33745.555555555555,2031,Delay - ASAQ - 2y,#fb8072,0,33.0,004
099-Delay-ASAQ-2y,21,34245.444444444445,2031,Delay - ASAQ - 2y,#fb8072,0,33.0,004
099-Delay-ASAQ-2y,22,33852.77777777778,2031,Delay - ASAQ - 2y,#fb8072,0,33.0,004
099-Delay-ASAQ-2y,23,32345.61111111111,2031,Delay - ASAQ - 2y,#fb8072,0,33.0,004
099-Delay-ASAQ-2y,24,33091.0,2031,Delay - ASAQ - 2y,#fb8072,0,33.0,004
099-Delay-ASAQ-2y,25,33257.61111111111,2031,Delay - ASAQ - 2y,#fb8072,0,33.0,004
099-Delay-ASAQ-2y,26,33139.666666666664,2031,Delay - ASAQ - 2y,#fb8072,0,33.0,004
099-Delay-ASAQ-2y,27,32839.166666666664,2031,Delay - ASAQ - 2y,#fb8072,0,33.0,004
099-Delay-ASAQ-2y,28,32671.055555555555,2031,Delay - ASAQ - 2y,#fb8072,0,33.0,004
099-Delay-ASAQ-2y,29,32811.5,2031,Delay - ASAQ - 2y,#fb8072,0,33.0,004
099-Delay-ASAQ-2y,30,32262.222222222223,2031,Delay - ASAQ - 2y,#fb8072,0,33.0,004
099-Delay-ASAQ-2y,31,32944.77777777778,2031,Delay - ASAQ - 2y,#fb8072,0,33.0,004
099-Delay-ASAQ-2y,32,32316.222222222223,2031,Delay - ASAQ - 2y,#fb8072,0,33.0,004
099-Delay-ASAQ-2y,33,33541.166666666664,2031,Delay - ASAQ - 2y,#fb8072,0,33.0,004
099-Delay-ASAQ-2y,34,32148.222222222223,2031,Delay - ASAQ - 2y,#fb8072,0,33.0,004
099-Delay-ASAQ-2y,35,32242.833333333332,2031,Delay - ASAQ - 2y,#fb8072,0,33.0,004
099-Delay-ASAQ-2y,36,32198.555555555555,2031,Delay - ASAQ - 2y,#fb8072,0,33.0,004
099-Delay-ASAQ-2y,37,33226.22222222222,2031,Delay - ASAQ - 2y,#fb8072,0,33.0,004
099-Delay-ASAQ-2y,38,32853.77777777778,2031,Delay - ASAQ - 2y,#fb8072,0,33.0,004
099-Delay-ASAQ-2y,39,31736.0,2031,Delay - ASAQ - 2y,#fb8072,0,33.0,004
099-Delay-ASAQ-2y,40,32893.944444444445,2031,Delay - ASAQ - 2y,#fb8072,0,33.0,004
099-Delay-ASAQ-2y,41,32729.444444444445,2031,Delay - ASAQ - 2y,#fb8072,0,33.0,004
099-Delay-ASAQ-2y,42,32292.61111111111,2031,Delay - ASAQ - 2y,#fb8072,0,33.0,004
099-Delay-ASAQ-2y,43,32601.61111111111,2031,Delay - ASAQ - 2y,#fb8072,0,33.0,004
099-Delay-ASAQ-2y,44,32327.777777777777,2031,Delay - ASAQ - 2y,#fb8072,0,33.0,004
099-Delay-ASAQ-2y,45,32396.61111111111,2031,Delay - ASAQ - 2y,#fb8072,0,33.0,004
099-Delay-ASAQ-2y,46,33016.38888888889,2031,Delay - ASAQ - 2y,#fb8072,0,33.0,004
099-Delay-ASAQ-2y,47,32472.666666666668,2031,Delay - ASAQ - 2y,#fb8072,0,33.0,004
099-Delay-ASAQ-2y,48,33630.38888888889,2031,Delay - ASAQ - 2y,#fb8072,0,33.0,004
099-Delay-ASAQ-2y,49,33199.055555555555,2031,Delay - ASAQ - 2y,#fb8072,0,33.0,004
099-Delay-ASAQ-2y,50,32985.055555555555,2031,Delay - ASAQ - 2y,#fb8072,0,33.0,004
099-Delay-ASAQ-2y,51,33205.38888888889,2031,Delay - ASAQ - 2y,#fb8072,0,33.0,004
099-Delay-ASAQ-2y,52,32485.833333333332,2031,Delay - ASAQ - 2y,#fb8072,0,33.0,004
099-Delay-ASAQ-2y,53,33168.944444444445,2031,Delay - ASAQ - 2y,#fb8072,0,33.0,004
099-Delay-ASAQ-2y,54,31946.222222222223,2031,Delay - ASAQ - 2y,#fb8072,0,33.0,004
099-Delay-ASAQ-2y,55,32609.0,2031,Delay - ASAQ - 2y,#fb8072,0,33.0,004
099-Delay-ASAQ-2y,56,32081.277777777777,2031,Delay - ASAQ - 2y,#fb8072,0,33.0,004
099-Delay-ASAQ-2y,57,32489.0,2031,Delay - ASAQ - 2y,#fb8072,0,33.0,004
099-Delay-ASAQ-2y,58,33633.333333333336,2031,Delay - ASAQ - 2y,#fb8072,0,33.0,004
099-Delay-ASAQ-2y,59,33519.72222222222,2031,Delay - ASAQ - 2y,#fb8072,0,33.0,004
099-Delay-ASAQ-2y,60,31632.722222222223,2031,Delay - ASAQ - 2y,#fb8072,0,33.0,004
099-Delay-ASAQ-2y,61,32095.444444444445,2031,Delay - ASAQ - 2y,#fb8072,0,33.0,004
099-Delay-ASAQ-2y,62,31884.833333333332,2031,Delay - ASAQ - 2y,#fb8072,0,33.0,004
099-Delay-ASAQ-2y,63,33128.77777777778,2031,Delay - ASAQ - 2y,#fb8072,0,33.0,004
099-Delay-ASAQ-2y,64,32245.722222222223,2031,Delay - ASAQ - 2y,#fb8072,0,33.0,004
099-Delay-ASAQ-2y,65,31602.38888888889,2031,Delay - ASAQ - 2y,#fb8072,0,33.0,004
099-Delay-ASAQ-2y,66,32737.5,2031,Delay - ASAQ - 2y,#fb8072,0,33.0,004
099-Delay-ASAQ-2y,67,32415.277777777777,2031,Delay - ASAQ - 2y,#fb8072,0,33.0,004
099-Delay-ASAQ-2y,68,31837.222222222223,2031,Delay - ASAQ - 2y,#fb8072,0,33.0,004
099-Delay-ASAQ-2y,69,32416.166666666668,2031,Delay - ASAQ - 2y,#fb8072,0,33.0,004
099-Delay-ASAQ-2y,70,33502.22222222222,2031,Delay - ASAQ - 2y,#fb8072,0,33.0,004
099-Delay-ASAQ-2y,71,31560.38888888889,2031,Delay - ASAQ - 2y,#fb8072,0,33.0,004
099-Delay-ASAQ-2y,72,34509.166666666664,2031,Delay - ASAQ - 2y,#fb8072,0,33.0,004
099-Delay-ASAQ-2y,73,32711.722222222223,2031,Delay - ASAQ - 2y,#fb8072,0,33.0,004
099-Delay-ASAQ-2y,74,31480.944444444445,2031,Delay - ASAQ - 2y,#fb8072,0,33.0,004
099-Delay-ASAQ-2y,75,32421.444444444445,2031,Delay - ASAQ - 2y,#fb8072,0,33.0,004
099-Delay-ASAQ-2y,76,32692.277777777777,2031,Delay - ASAQ - 2y,#fb8072,0,33.0,004
099-Delay-ASAQ-2y,77,33170.22222222222,2031,Delay - ASAQ - 2y,#fb8072,0,33.0,004
099-Delay-ASAQ-2y,78,31921.555555555555,2031,Delay - ASAQ - 2y,#fb8072,0,33.0,004
099-Delay-ASAQ-2y,79,31957.555555555555,2031,Delay - ASAQ - 2y,#fb8072,0,33.0,004
099-Delay-ASAQ-2y,80,33008.166666666664,2031,Delay - ASAQ - 2y,#fb8072,0,33.0,004
099-Delay-ASAQ-2y,81,33067.72222222222,2031,Delay - ASAQ - 2y,#fb8072,0,33.0,004
099-Delay-ASAQ-2y,82,32966.22222222222,2031,Delay - ASAQ - 2y,#fb8072,0,33.0,004
099-Delay-ASAQ-2y,83,32089.61111111111,2031,Delay - ASAQ - 2y,#fb8072,0,33.0,004
099-Delay-ASAQ-2y,84,32465.38888888889,2031,Delay - ASAQ - 2y,#fb8072,0,33.0,004
099-Delay-ASAQ-2y,85,32618.0,2031,Delay - ASAQ - 2y,#fb8072,0,33.0,004
099-Delay-ASAQ-2y,86,31640.666666666668,2031,Delay - ASAQ - 2y,#fb8072,0,33.0,004
099-Delay-ASAQ-2y,87,32034.277777777777,2031,Delay - ASAQ - 2y,#fb8072,0,33.0,004
099-Delay-ASAQ-2y,88,31700.0,2031,Delay - ASAQ - 2y,#fb8072,0,33.0,004
099-Delay-ASAQ-2y,89,32678.944444444445,2031,Delay - ASAQ - 2y,#fb8072,0,33.0,004
099-Delay-ASAQ-2y,90,32098.055555555555,2031,Delay - ASAQ - 2y,#fb8072,0,33.0,004
099-Delay-ASAQ-2y,91,34250.22222222222,2031,Delay - ASAQ - 2y,#fb8072,0,33.0,004
099-Delay-ASAQ-2y,92,31829.61111111111,2031,Delay - ASAQ - 2y,#fb8072,0,33.0,004
099-Delay-ASAQ-2y,93,33641.88888888889,2031,Delay - ASAQ - 2y,#fb8072,0,33.0,004
099-Delay-ASAQ-2y,94,33315.38888888889,2031,Delay - ASAQ - 2y,#fb8072,0,33.0,004
099-Delay-ASAQ-2y,95,32888.22222222222,2031,Delay - ASAQ - 2y,#fb8072,0,33.0,004
099-Delay-ASAQ-2y,96,32114.88888888889,2031,Delay - ASAQ - 2y,#fb8072,0,33.0,004
099-Delay-ASAQ-2y,97,32540.444444444445,2031,Delay - ASAQ - 2y,#fb8072,0,33.0,004
099-Delay-ASAQ-2y,98,33317.61111111111,2031,Delay - ASAQ - 2y,#fb8072,0,33.0,004
099-Delay-ASAQ-2y,99,33732.333333333336,2031,Delay - ASAQ - 2y,#fb8072,0,33.0,004
100-Delay-ASAQ-3y,0,34930.88888888889,2031,Delay - ASAQ - 3y,#fb8072,0,50.0,004
100-Delay-ASAQ-3y,1,35844.0,2031,Delay - ASAQ - 3y,#fb8072,0,50.0,004
100-Delay-ASAQ-3y,2,36252.11111111111,2031,Delay - ASAQ - 3y,#fb8072,0,50.0,004
100-Delay-ASAQ-3y,3,35619.055555555555,2031,Delay - ASAQ - 3y,#fb8072,0,50.0,004
100-Delay-ASAQ-3y,4,34814.38888888889,2031,Delay - ASAQ - 3y,#fb8072,0,50.0,004
100-Delay-ASAQ-3y,5,34143.38888888889,2031,Delay - ASAQ - 3y,#fb8072,0,50.0,004
100-Delay-ASAQ-3y,6,35068.444444444445,2031,Delay - ASAQ - 3y,#fb8072,0,50.0,004
100-Delay-ASAQ-3y,7,35626.055555555555,2031,Delay - ASAQ - 3y,#fb8072,0,50.0,004
100-Delay-ASAQ-3y,8,35226.055555555555,2031,Delay - ASAQ - 3y,#fb8072,0,50.0,004
100-Delay-ASAQ-3y,9,34841.5,2031,Delay - ASAQ - 3y,#fb8072,0,50.0,004
100-Delay-ASAQ-3y,10,36490.72222222222,2031,Delay - ASAQ - 3y,#fb8072,0,50.0,004
100-Delay-ASAQ-3y,11,35251.0,2031,Delay - ASAQ - 3y,#fb8072,0,50.0,004
100-Delay-ASAQ-3y,12,35402.77777777778,2031,Delay - ASAQ - 3y,#fb8072,0,50.0,004
100-Delay-ASAQ-3y,13,35193.77777777778,2031,Delay - ASAQ - 3y,#fb8072,0,50.0,004
100-Delay-ASAQ-3y,14,35838.61111111111,2031,Delay - ASAQ - 3y,#fb8072,0,50.0,004
100-Delay-ASAQ-3y,15,35416.72222222222,2031,Delay - ASAQ - 3y,#fb8072,0,50.0,004
100-Delay-ASAQ-3y,16,35377.77777777778,2031,Delay - ASAQ - 3y,#fb8072,0,50.0,004
100-Delay-ASAQ-3y,17,35003.944444444445,2031,Delay - ASAQ - 3y,#fb8072,0,50.0,004
100-Delay-ASAQ-3y,18,36237.77777777778,2031,Delay - ASAQ - 3y,#fb8072,0,50.0,004
100-Delay-ASAQ-3y,19,36598.0,2031,Delay - ASAQ - 3y,#fb8072,0,50.0,004
100-Delay-ASAQ-3y,20,36350.88888888889,2031,Delay - ASAQ - 3y,#fb8072,0,50.0,004
100-Delay-ASAQ-3y,21,34948.11111111111,2031,Delay - ASAQ - 3y,#fb8072,0,50.0,004
100-Delay-ASAQ-3y,22,35958.27777777778,2031,Delay - ASAQ - 3y,#fb8072,0,50.0,004
100-Delay-ASAQ-3y,23,36995.833333333336,2031,Delay - ASAQ - 3y,#fb8072,0,50.0,004
100-Delay-ASAQ-3y,24,36754.833333333336,2031,Delay - ASAQ - 3y,#fb8072,0,50.0,004
100-Delay-ASAQ-3y,25,35308.38888888889,2031,Delay - ASAQ - 3y,#fb8072,0,50.0,004
100-Delay-ASAQ-3y,26,35361.444444444445,2031,Delay - ASAQ - 3y,#fb8072,0,50.0,004
100-Delay-ASAQ-3y,27,34617.833333333336,2031,Delay - ASAQ - 3y,#fb8072,0,50.0,004
100-Delay-ASAQ-3y,28,36540.72222222222,2031,Delay - ASAQ - 3y,#fb8072,0,50.0,004
100-Delay-ASAQ-3y,29,35275.27777777778,2031,Delay - ASAQ - 3y,#fb8072,0,50.0,004
100-Delay-ASAQ-3y,30,35871.5,2031,Delay - ASAQ - 3y,#fb8072,0,50.0,004
100-Delay-ASAQ-3y,31,34942.166666666664,2031,Delay - ASAQ - 3y,#fb8072,0,50.0,004
100-Delay-ASAQ-3y,32,35072.88888888889,2031,Delay - ASAQ - 3y,#fb8072,0,50.0,004
100-Delay-ASAQ-3y,33,37068.833333333336,2031,Delay - ASAQ - 3y,#fb8072,0,50.0,004
100-Delay-ASAQ-3y,34,36293.5,2031,Delay - ASAQ - 3y,#fb8072,0,50.0,004
100-Delay-ASAQ-3y,35,39098.055555555555,2031,Delay - ASAQ - 3y,#fb8072,0,50.0,004
100-Delay-ASAQ-3y,36,35904.72222222222,2031,Delay - ASAQ - 3y,#fb8072,0,50.0,004
100-Delay-ASAQ-3y,37,36140.555555555555,2031,Delay - ASAQ - 3y,#fb8072,0,50.0,004
100-Delay-ASAQ-3y,38,37150.944444444445,2031,Delay - ASAQ - 3y,#fb8072,0,50.0,004
100-Delay-ASAQ-3y,39,35538.5,2031,Delay - ASAQ - 3y,#fb8072,0,50.0,004
100-Delay-ASAQ-3y,40,35901.833333333336,2031,Delay - ASAQ - 3y,#fb8072,0,50.0,004
100-Delay-ASAQ-3y,41,36747.88888888889,2031,Delay - ASAQ - 3y,#fb8072,0,50.0,004
100-Delay-ASAQ-3y,42,36152.166666666664,2031,Delay - ASAQ - 3y,#fb8072,0,50.0,004
100-Delay-ASAQ-3y,43,35606.833333333336,2031,Delay - ASAQ - 3y,#fb8072,0,50.0,004
100-Delay-ASAQ-3y,44,36232.833333333336,2031,Delay - ASAQ - 3y,#fb8072,0,50.0,004
100-Delay-ASAQ-3y,45,35492.5,2031,Delay - ASAQ - 3y,#fb8072,0,50.0,004
100-Delay-ASAQ-3y,46,36337.61111111111,2031,Delay - ASAQ - 3y,#fb8072,0,50.0,004
100-Delay-ASAQ-3y,47,36339.666666666664,2031,Delay - ASAQ - 3y,#fb8072,0,50.0,004
100-Delay-ASAQ-3y,48,36625.88888888889,2031,Delay - ASAQ - 3y,#fb8072,0,50.0,004
100-Delay-ASAQ-3y,49,36576.555555555555,2031,Delay - ASAQ - 3y,#fb8072,0,50.0,004
100-Delay-ASAQ-3y,50,35093.944444444445,2031,Delay - ASAQ - 3y,#fb8072,0,50.0,004
100-Delay-ASAQ-3y,51,35747.27777777778,2031,Delay - ASAQ - 3y,#fb8072,0,50.0,004
100-Delay-ASAQ-3y,52,36158.944444444445,2031,Delay - ASAQ - 3y,#fb8072,0,50.0,004
100-Delay-ASAQ-3y,53,35299.72222222222,2031,Delay - ASAQ - 3y,#fb8072,0,50.0,004
100-Delay-ASAQ-3y,54,34762.333333333336,2031,Delay - ASAQ - 3y,#fb8072,0,50.0,004
100-Delay-ASAQ-3y,55,35122.944444444445,2031,Delay - ASAQ - 3y,#fb8072,0,50.0,004
100-Delay-ASAQ-3y,56,35095.27777777778,2031,Delay - ASAQ - 3y,#fb8072,0,50.0,004
100-Delay-ASAQ-3y,57,35236.944444444445,2031,Delay - ASAQ - 3y,#fb8072,0,50.0,004
100-Delay-ASAQ-3y,58,34870.77777777778,2031,Delay - ASAQ - 3y,#fb8072,0,50.0,004
100-Delay-ASAQ-3y,59,35628.944444444445,2031,Delay - ASAQ - 3y,#fb8072,0,50.0,004
100-Delay-ASAQ-3y,60,35470.555555555555,2031,Delay - ASAQ - 3y,#fb8072,0,50.0,004
100-Delay-ASAQ-3y,61,36151.055555555555,2031,Delay - ASAQ - 3y,#fb8072,0,50.0,004
100-Delay-ASAQ-3y,62,36891.27777777778,2031,Delay - ASAQ - 3y,#fb8072,0,50.0,004
100-Delay-ASAQ-3y,63,35956.5,2031,Delay - ASAQ - 3y,#fb8072,0,50.0,004
100-Delay-ASAQ-3y,64,37246.5,2031,Delay - ASAQ - 3y,#fb8072,0,50.0,004
100-Delay-ASAQ-3y,65,36190.0,2031,Delay - ASAQ - 3y,#fb8072,0,50.0,004
100-Delay-ASAQ-3y,66,35102.11111111111,2031,Delay - ASAQ - 3y,#fb8072,0,50.0,004
100-Delay-ASAQ-3y,67,37033.944444444445,2031,Delay - ASAQ - 3y,#fb8072,0,50.0,004
100-Delay-ASAQ-3y,68,38189.333333333336,2031,Delay - ASAQ - 3y,#fb8072,0,50.0,004
100-Delay-ASAQ-3y,69,35970.944444444445,2031,Delay - ASAQ - 3y,#fb8072,0,50.0,004
100-Delay-ASAQ-3y,70,33955.0,2031,Delay - ASAQ - 3y,#fb8072,0,50.0,004
100-Delay-ASAQ-3y,71,36362.444444444445,2031,Delay - ASAQ - 3y,#fb8072,0,50.0,004
100-Delay-ASAQ-3y,72,35468.27777777778,2031,Delay - ASAQ - 3y,#fb8072,0,50.0,004
100-Delay-ASAQ-3y,73,36341.944444444445,2031,Delay - ASAQ - 3y,#fb8072,0,50.0,004
100-Delay-ASAQ-3y,74,37104.333333333336,2031,Delay - ASAQ - 3y,#fb8072,0,50.0,004
100-Delay-ASAQ-3y,75,35859.22222222222,2031,Delay - ASAQ - 3y,#fb8072,0,50.0,004
100-Delay-ASAQ-3y,76,35907.166666666664,2031,Delay - ASAQ - 3y,#fb8072,0,50.0,004
100-Delay-ASAQ-3y,77,35910.77777777778,2031,Delay - ASAQ - 3y,#fb8072,0,50.0,004
100-Delay-ASAQ-3y,78,34452.333333333336,2031,Delay - ASAQ - 3y,#fb8072,0,50.0,004
100-Delay-ASAQ-3y,79,35475.0,2031,Delay - ASAQ - 3y,#fb8072,0,50.0,004
100-Delay-ASAQ-3y,80,36086.72222222222,2031,Delay - ASAQ - 3y,#fb8072,0,50.0,004
100-Delay-ASAQ-3y,81,34865.5,2031,Delay - ASAQ - 3y,#fb8072,0,50.0,004
100-Delay-ASAQ-3y,82,35525.88888888889,2031,Delay - ASAQ - 3y,#fb8072,0,50.0,004
100-Delay-ASAQ-3y,83,35754.5,2031,Delay - ASAQ - 3y,#fb8072,0,50.0,004
100-Delay-ASAQ-3y,84,35157.0,2031,Delay - ASAQ - 3y,#fb8072,0,50.0,004
100-Delay-ASAQ-3y,85,34885.61111111111,2031,Delay - ASAQ - 3y,#fb8072,0,50.0,004
100-Delay-ASAQ-3y,86,36261.5,2031,Delay - ASAQ - 3y,#fb8072,0,50.0,004
100-Delay-ASAQ-3y,87,34898.833333333336,2031,Delay - ASAQ - 3y,#fb8072,0,50.0,004
100-Delay-ASAQ-3y,88,34944.444444444445,2031,Delay - ASAQ - 3y,#fb8072,0,50.0,004
100-Delay-ASAQ-3y,89,34942.555555555555,2031,Delay - ASAQ - 3y,#fb8072,0,50.0,004
100-Delay-ASAQ-3y,90,34291.72222222222,2031,Delay - ASAQ - 3y,#fb8072,0,50.0,004
100-Delay-ASAQ-3y,91,35133.88888888889,2031,Delay - ASAQ - 3y,#fb8072,0,50.0,004
100-Delay-ASAQ-3y,92,35374.27777777778,2031,Delay - ASAQ - 3y,#fb8072,0,50.0,004
100-Delay-ASAQ-3y,93,36815.166666666664,2031,Delay - ASAQ - 3y,#fb8072,0,50.0,004
100-Delay-ASAQ-3y,94,35019.333333333336,2031,Delay - ASAQ - 3y,#fb8072,0,50.0,004
100-Delay-ASAQ-3y,95,35662.72222222222,2031,Delay - ASAQ - 3y,#fb8072,0,50.0,004
100-Delay-ASAQ-3y,96,34445.61111111111,2031,Delay - ASAQ - 3y,#fb8072,0,50.0,004
100-Delay-ASAQ-3y,97,37104.27777777778,2031,Delay - ASAQ - 3y,#fb8072,0,50.0,004
100-Delay-ASAQ-3y,98,36220.944444444445,2031,Delay - ASAQ - 3y,#fb8072,0,50.0,004
100-Delay-ASAQ-3y,99,36593.38888888889,2031,Delay - ASAQ - 3y,#fb8072,0,50.0,004
101-Delay-ASAQ-4y,0,40008.38888888889,2031,Delay - ASAQ - 4y,#fb8072,0,66.0,004
101-Delay-ASAQ-4y,1,38476.944444444445,2031,Delay - ASAQ - 4y,#fb8072,0,66.0,004
101-Delay-ASAQ-4y,2,38557.22222222222,2031,Delay - ASAQ - 4y,#fb8072,0,66.0,004
101-Delay-ASAQ-4y,3,40909.166666666664,2031,Delay - ASAQ - 4y,#fb8072,0,66.0,004
101-Delay-ASAQ-4y,4,39813.666666666664,2031,Delay - ASAQ - 4y,#fb8072,0,66.0,004
101-Delay-ASAQ-4y,5,41226.0,2031,Delay - ASAQ - 4y,#fb8072,0,66.0,004
101-Delay-ASAQ-4y,6,39693.166666666664,2031,Delay - ASAQ - 4y,#fb8072,0,66.0,004
101-Delay-ASAQ-4y,7,40027.444444444445,2031,Delay - ASAQ - 4y,#fb8072,0,66.0,004
101-Delay-ASAQ-4y,8,40181.055555555555,2031,Delay - ASAQ - 4y,#fb8072,0,66.0,004
101-Delay-ASAQ-4y,9,40123.61111111111,2031,Delay - ASAQ - 4y,#fb8072,0,66.0,004
101-Delay-ASAQ-4y,10,39004.27777777778,2031,Delay - ASAQ - 4y,#fb8072,0,66.0,004
101-Delay-ASAQ-4y,11,40085.27777777778,2031,Delay - ASAQ - 4y,#fb8072,0,66.0,004
101-Delay-ASAQ-4y,12,39037.72222222222,2031,Delay - ASAQ - 4y,#fb8072,0,66.0,004
101-Delay-ASAQ-4y,13,38738.444444444445,2031,Delay - ASAQ - 4y,#fb8072,0,66.0,004
101-Delay-ASAQ-4y,14,39967.61111111111,2031,Delay - ASAQ - 4y,#fb8072,0,66.0,004
101-Delay-ASAQ-4y,15,39049.444444444445,2031,Delay - ASAQ - 4y,#fb8072,0,66.0,004
101-Delay-ASAQ-4y,16,38530.88888888889,2031,Delay - ASAQ - 4y,#fb8072,0,66.0,004
101-Delay-ASAQ-4y,17,39764.27777777778,2031,Delay - ASAQ - 4y,#fb8072,0,66.0,004
101-Delay-ASAQ-4y,18,38670.055555555555,2031,Delay - ASAQ - 4y,#fb8072,0,66.0,004
101-Delay-ASAQ-4y,19,38543.0,2031,Delay - ASAQ - 4y,#fb8072,0,66.0,004
101-Delay-ASAQ-4y,20,37776.055555555555,2031,Delay - ASAQ - 4y,#fb8072,0,66.0,004
101-Delay-ASAQ-4y,21,39386.88888888889,2031,Delay - ASAQ - 4y,#fb8072,0,66.0,004
101-Delay-ASAQ-4y,22,40117.055555555555,2031,Delay - ASAQ - 4y,#fb8072,0,66.0,004
101-Delay-ASAQ-4y,23,40190.444444444445,2031,Delay - ASAQ - 4y,#fb8072,0,66.0,004
101-Delay-ASAQ-4y,24,38909.055555555555,2031,Delay - ASAQ - 4y,#fb8072,0,66.0,004
101-Delay-ASAQ-4y,25,38641.555555555555,2031,Delay - ASAQ - 4y,#fb8072,0,66.0,004
101-Delay-ASAQ-4y,26,40876.555555555555,2031,Delay - ASAQ - 4y,#fb8072,0,66.0,004
101-Delay-ASAQ-4y,27,39077.333333333336,2031,Delay - ASAQ - 4y,#fb8072,0,66.0,004
101-Delay-ASAQ-4y,28,39091.11111111111,2031,Delay - ASAQ - 4y,#fb8072,0,66.0,004
101-Delay-ASAQ-4y,29,38400.944444444445,2031,Delay - ASAQ - 4y,#fb8072,0,66.0,004
101-Delay-ASAQ-4y,30,38121.833333333336,2031,Delay - ASAQ - 4y,#fb8072,0,66.0,004
101-Delay-ASAQ-4y,31,37278.555555555555,2031,Delay - ASAQ - 4y,#fb8072,0,66.0,004
101-Delay-ASAQ-4y,32,39962.88888888889,2031,Delay - ASAQ - 4y,#fb8072,0,66.0,004
101-Delay-ASAQ-4y,33,39532.22222222222,2031,Delay - ASAQ - 4y,#fb8072,0,66.0,004
101-Delay-ASAQ-4y,34,39583.88888888889,2031,Delay - ASAQ - 4y,#fb8072,0,66.0,004
101-Delay-ASAQ-4y,35,41077.22222222222,2031,Delay - ASAQ - 4y,#fb8072,0,66.0,004
101-Delay-ASAQ-4y,36,38969.555555555555,2031,Delay - ASAQ - 4y,#fb8072,0,66.0,004
101-Delay-ASAQ-4y,37,38203.055555555555,2031,Delay - ASAQ - 4y,#fb8072,0,66.0,004
101-Delay-ASAQ-4y,38,38287.88888888889,2031,Delay - ASAQ - 4y,#fb8072,0,66.0,004
101-Delay-ASAQ-4y,39,41065.666666666664,2031,Delay - ASAQ - 4y,#fb8072,0,66.0,004
101-Delay-ASAQ-4y,40,39027.333333333336,2031,Delay - ASAQ - 4y,#fb8072,0,66.0,004
101-Delay-ASAQ-4y,41,39253.944444444445,2031,Delay - ASAQ - 4y,#fb8072,0,66.0,004
101-Delay-ASAQ-4y,42,38078.166666666664,2031,Delay - ASAQ - 4y,#fb8072,0,66.0,004
101-Delay-ASAQ-4y,43,40269.055555555555,2031,Delay - ASAQ - 4y,#fb8072,0,66.0,004
101-Delay-ASAQ-4y,44,42191.444444444445,2031,Delay - ASAQ - 4y,#fb8072,0,66.0,004
101-Delay-ASAQ-4y,45,39757.0,2031,Delay - ASAQ - 4y,#fb8072,0,66.0,004
101-Delay-ASAQ-4y,46,38438.444444444445,2031,Delay - ASAQ - 4y,#fb8072,0,66.0,004
101-Delay-ASAQ-4y,47,39265.72222222222,2031,Delay - ASAQ - 4y,#fb8072,0,66.0,004
101-Delay-ASAQ-4y,48,41103.555555555555,2031,Delay - ASAQ - 4y,#fb8072,0,66.0,004
101-Delay-ASAQ-4y,49,37029.88888888889,2031,Delay - ASAQ - 4y,#fb8072,0,66.0,004
101-Delay-ASAQ-4y,50,39058.5,2031,Delay - ASAQ - 4y,#fb8072,0,66.0,004
101-Delay-ASAQ-4y,51,40105.833333333336,2031,Delay - ASAQ - 4y,#fb8072,0,66.0,004
101-Delay-ASAQ-4y,52,39214.055555555555,2031,Delay - ASAQ - 4y,#fb8072,0,66.0,004
101-Delay-ASAQ-4y,53,38027.333333333336,2031,Delay - ASAQ - 4y,#fb8072,0,66.0,004
101-Delay-ASAQ-4y,54,40636.27777777778,2031,Delay - ASAQ - 4y,#fb8072,0,66.0,004
101-Delay-ASAQ-4y,55,38075.444444444445,2031,Delay - ASAQ - 4y,#fb8072,0,66.0,004
101-Delay-ASAQ-4y,56,39449.055555555555,2031,Delay - ASAQ - 4y,#fb8072,0,66.0,004
101-Delay-ASAQ-4y,57,38839.666666666664,2031,Delay - ASAQ - 4y,#fb8072,0,66.0,004
101-Delay-ASAQ-4y,58,38378.77777777778,2031,Delay - ASAQ - 4y,#fb8072,0,66.0,004
101-Delay-ASAQ-4y,59,39506.22222222222,2031,Delay - ASAQ - 4y,#fb8072,0,66.0,004
101-Delay-ASAQ-4y,60,39337.38888888889,2031,Delay - ASAQ - 4y,#fb8072,0,66.0,004
101-Delay-ASAQ-4y,61,39225.88888888889,2031,Delay - ASAQ - 4y,#fb8072,0,66.0,004
101-Delay-ASAQ-4y,62,37667.333333333336,2031,Delay - ASAQ - 4y,#fb8072,0,66.0,004
101-Delay-ASAQ-4y,63,39267.666666666664,2031,Delay - ASAQ - 4y,#fb8072,0,66.0,004
101-Delay-ASAQ-4y,64,40385.666666666664,2031,Delay - ASAQ - 4y,#fb8072,0,66.0,004
101-Delay-ASAQ-4y,65,41041.11111111111,2031,Delay - ASAQ - 4y,#fb8072,0,66.0,004
101-Delay-ASAQ-4y,66,40104.055555555555,2031,Delay - ASAQ - 4y,#fb8072,0,66.0,004
101-Delay-ASAQ-4y,67,37846.5,2031,Delay - ASAQ - 4y,#fb8072,0,66.0,004
101-Delay-ASAQ-4y,68,38679.944444444445,2031,Delay - ASAQ - 4y,#fb8072,0,66.0,004
101-Delay-ASAQ-4y,69,38421.27777777778,2031,Delay - ASAQ - 4y,#fb8072,0,66.0,004
101-Delay-ASAQ-4y,70,38066.833333333336,2031,Delay - ASAQ - 4y,#fb8072,0,66.0,004
101-Delay-ASAQ-4y,71,44692.444444444445,2031,Delay - ASAQ - 4y,#fb8072,0,66.0,004
101-Delay-ASAQ-4y,72,38311.833333333336,2031,Delay - ASAQ - 4y,#fb8072,0,66.0,004
101-Delay-ASAQ-4y,73,39442.166666666664,2031,Delay - ASAQ - 4y,#fb8072,0,66.0,004
101-Delay-ASAQ-4y,74,38961.27777777778,2031,Delay - ASAQ - 4y,#fb8072,0,66.0,004
101-Delay-ASAQ-4y,75,39695.333333333336,2031,Delay - ASAQ - 4y,#fb8072,0,66.0,004
101-Delay-ASAQ-4y,76,38809.333333333336,2031,Delay - ASAQ - 4y,#fb8072,0,66.0,004
101-Delay-ASAQ-4y,77,38661.444444444445,2031,Delay - ASAQ - 4y,#fb8072,0,66.0,004
101-Delay-ASAQ-4y,78,39299.166666666664,2031,Delay - ASAQ - 4y,#fb8072,0,66.0,004
101-Delay-ASAQ-4y,79,40912.555555555555,2031,Delay - ASAQ - 4y,#fb8072,0,66.0,004
101-Delay-ASAQ-4y,80,38269.61111111111,2031,Delay - ASAQ - 4y,#fb8072,0,66.0,004
101-Delay-ASAQ-4y,81,40125.77777777778,2031,Delay - ASAQ - 4y,#fb8072,0,66.0,004
101-Delay-ASAQ-4y,82,40486.38888888889,2031,Delay - ASAQ - 4y,#fb8072,0,66.0,004
101-Delay-ASAQ-4y,83,39231.333333333336,2031,Delay - ASAQ - 4y,#fb8072,0,66.0,004
101-Delay-ASAQ-4y,84,38717.833333333336,2031,Delay - ASAQ - 4y,#fb8072,0,66.0,004
101-Delay-ASAQ-4y,85,39327.0,2031,Delay - ASAQ - 4y,#fb8072,0,66.0,004
101-Delay-ASAQ-4y,86,39991.11111111111,2031,Delay - ASAQ - 4y,#fb8072,0,66.0,004
101-Delay-ASAQ-4y,87,38192.38888888889,2031,Delay - ASAQ - 4y,#fb8072,0,66.0,004
101-Delay-ASAQ-4y,88,39109.055555555555,2031,Delay - ASAQ - 4y,#fb8072,0,66.0,004
101-Delay-ASAQ-4y,89,39818.833333333336,2031,Delay - ASAQ - 4y,#fb8072,0,66.0,004
101-Delay-ASAQ-4y,90,37522.22222222222,2031,Delay - ASAQ - 4y,#fb8072,0,66.0,004
101-Delay-ASAQ-4y,91,38776.666666666664,2031,Delay - ASAQ - 4y,#fb8072,0,66.0,004
101-Delay-ASAQ-4y,92,39162.944444444445,2031,Delay - ASAQ - 4y,#fb8072,0,66.0,004
101-Delay-ASAQ-4y,93,39664.944444444445,2031,Delay - ASAQ - 4y,#fb8072,0,66.0,004
101-Delay-ASAQ-4y,94,39504.833333333336,2031,Delay - ASAQ - 4y,#fb8072,0,66.0,004
101-Delay-ASAQ-4y,95,38911.944444444445,2031,Delay - ASAQ - 4y,#fb8072,0,66.0,004
101-Delay-ASAQ-4y,96,38958.77777777778,2031,Delay - ASAQ - 4y,#fb8072,0,66.0,004
101-Delay-ASAQ-4y,97,40544.11111111111,2031,Delay - ASAQ - 4y,#fb8072,0,66.0,004
101-Delay-ASAQ-4y,98,39371.0,2031,Delay - ASAQ - 4y,#fb8072,0,66.0,004
101-Delay-ASAQ-4y,99,38262.166666666664,2031,Delay - ASAQ - 4y,#fb8072,0,66.0,004
