scenario,run,k13_frequency,year
004/000-status-quo,0,0.7987717732599581,2031
004/000-status-quo,1,0.7993762430338397,2031
004/000-status-quo,2,0.7855559057025095,2031
004/000-status-quo,3,0.7783806003636021,2031
004/000-status-quo,4,0.8067626641113953,2031
004/000-status-quo,5,0.8181767428690804,2031
004/000-status-quo,6,0.7808233195802589,2031
004/000-status-quo,7,0.8352829000454344,2031
004/000-status-quo,8,0.8014032550672935,2031
004/000-status-quo,9,0.8190569862016126,2031
004/000-status-quo,10,0.8307349296227541,2031
004/000-status-quo,11,0.782385087125098,2031
004/000-status-quo,12,0.8296792737590638,2031
004/000-status-quo,13,0.7940125632723637,2031
004/000-status-quo,14,0.765675391137593,2031
004/000-status-quo,15,0.8009993870137689,2031
004/000-status-quo,16,0.8162846038288593,2031
004/000-status-quo,17,0.7980211957692016,2031
004/000-status-quo,18,0.8119816401568527,2031
004/000-status-quo,19,0.8015053020604362,2031
004/000-status-quo,20,0.8212922677800322,2031
004/000-status-quo,21,0.7910846313832516,2031
004/000-status-quo,22,0.83613429705802,2031
004/000-status-quo,23,0.8314522912625179,2031
004/000-status-quo,24,0.8171599765867877,2031
004/000-status-quo,25,0.8217188520929755,2031
004/000-status-quo,26,0.7758380830454943,2031
004/000-status-quo,27,0.7914472460122787,2031
004/000-status-quo,28,0.8102566193098006,2031
004/000-status-quo,29,0.811867893285144,2031
004/000-status-quo,30,0.8019590055840818,2031
004/000-status-quo,31,0.7872306500691811,2031
004/000-status-quo,32,0.835456155672924,2031
004/000-status-quo,33,0.8043048676123058,2031
004/000-status-quo,34,0.8190629713683707,2031
004/000-status-quo,35,0.7993760229159254,2031
004/000-status-quo,36,0.8083607250785821,2031
004/000-status-quo,37,0.8353774826650215,2031
004/000-status-quo,38,0.7842544012839294,2031
004/000-status-quo,39,0.8263354990317288,2031
004/000-status-quo,40,0.7858291932239996,2031
004/000-status-quo,41,0.7973170687072488,2031
004/000-status-quo,42,0.7942269761516972,2031
004/000-status-quo,43,0.8133961604753334,2031
004/000-status-quo,44,0.7913194145271221,2031
004/000-status-quo,45,0.7987240740637954,2031
004/000-status-quo,46,0.792038946892983,2031
004/000-status-quo,47,0.790142546491801,2031
004/000-status-quo,48,0.7879928407743093,2031
004/000-status-quo,49,0.8063284696028102,2031
004/000-status-quo,50,0.8085054354683382,2031
004/000-status-quo,51,0.7915559179908686,2031
004/000-status-quo,52,0.8064471123978,2031
004/000-status-quo,53,0.8169055890375102,2031
004/000-status-quo,54,0.8105332465575091,2031
004/000-status-quo,55,0.790252260061862,2031
004/000-status-quo,56,0.8191396145418776,2031
004/000-status-quo,57,0.8180313368987494,2031
004/000-status-quo,58,0.796024344365342,2031
004/000-status-quo,59,0.8206835754154183,2031
004/000-status-quo,60,0.8131558496513388,2031
004/000-status-quo,61,0.8079583211756701,2031
004/000-status-quo,62,0.7789447232029354,2031
004/000-status-quo,63,0.7879471678083979,2031
004/000-status-quo,64,0.7777803175946753,2031
004/000-status-quo,65,0.8261476076309843,2031
004/000-status-quo,66,0.8023711957893379,2031
004/000-status-quo,67,0.7764395297479841,2031
004/000-status-quo,68,0.824441659726033,2031
004/000-status-quo,69,0.8163213861798863,2031
004/000-status-quo,70,0.7943179519192171,2031
004/000-status-quo,71,0.8157119715257113,2031
004/000-status-quo,72,0.7994914966221996,2031
004/000-status-quo,73,0.7596157599859663,2031
004/000-status-quo,74,0.8217008445010401,2031
004/000-status-quo,75,0.8096785823906473,2031
004/000-status-quo,76,0.8143307887062372,2031
004/000-status-quo,77,0.8024907777825624,2031
004/000-status-quo,78,0.820873039827752,2031
004/000-status-quo,79,0.8017616527412229,2031
004/000-status-quo,80,0.7871778289825396,2031
004/000-status-quo,81,0.7759813510710694,2031
004/000-status-quo,82,0.8249720193645015,2031
004/000-status-quo,83,0.8320106430207875,2031
004/000-status-quo,84,0.8304314706649297,2031
004/000-status-quo,85,0.7975684875427524,2031
004/000-status-quo,86,0.8015638388534528,2031
004/000-status-quo,87,0.7936921357565105,2031
004/000-status-quo,88,0.8087892294298338,2031
004/000-status-quo,89,0.8226526029555621,2031
004/000-status-quo,90,0.790009584306557,2031
004/000-status-quo,91,0.7990447793730163,2031
004/000-status-quo,92,0.7945738664439629,2031
004/000-status-quo,93,0.7975433617196671,2031
004/000-status-quo,94,0.8249750941875069,2031
004/000-status-quo,95,0.789629497906939,2031
004/000-status-quo,96,0.8288072922451057,2031
004/000-status-quo,97,0.800860852552492,2031
004/000-status-quo,98,0.8079735704117285,2031
004/000-status-quo,99,0.8114035713306519,2031
004/001-basic-ASAQ,0,0.6385570069088327,2031
004/001-basic-ASAQ,1,0.6572460737878717,2031
004/001-basic-ASAQ,2,0.6871637797292839,2031
004/001-basic-ASAQ,3,0.6728987792554073,2031
004/001-basic-ASAQ,4,0.6617717490019658,2031
004/001-basic-ASAQ,5,0.6377590985675264,2031
004/001-basic-ASAQ,6,0.6408304607863985,2031
004/001-basic-ASAQ,7,0.6597649181451056,2031
004/001-basic-ASAQ,8,0.6621580980099155,2031
004/001-basic-ASAQ,9,0.6893242471949605,2031
004/001-basic-ASAQ,10,0.6507941897139672,2031
004/001-basic-ASAQ,11,0.6701499989366297,2031
004/001-basic-ASAQ,12,0.6652482381424473,2031
004/001-basic-ASAQ,13,0.6602581608534207,2031
004/001-basic-ASAQ,14,0.6602141236289363,2031
004/001-basic-ASAQ,15,0.6453593779951674,2031
004/001-basic-ASAQ,16,0.6747141702712582,2031
004/001-basic-ASAQ,17,0.6387467167785692,2031
004/001-basic-ASAQ,18,0.6216690056066817,2031
004/001-basic-ASAQ,19,0.6573429612527766,2031
004/001-basic-ASAQ,20,0.685214694238633,2031
004/001-basic-ASAQ,21,0.6274550609357069,2031
004/001-basic-ASAQ,22,0.6415438038501926,2031
004/001-basic-ASAQ,23,0.6256153788820012,2031
004/001-basic-ASAQ,24,0.6691191086214546,2031
004/001-basic-ASAQ,25,0.6591107315877931,2031
004/001-basic-ASAQ,26,0.6575565916668765,2031
004/001-basic-ASAQ,27,0.6534608685477067,2031
004/001-basic-ASAQ,28,0.6519492943212953,2031
004/001-basic-ASAQ,29,0.6533981487087223,2031
004/001-basic-ASAQ,30,0.6717775180981582,2031
004/001-basic-ASAQ,31,0.6665284765462535,2031
004/001-basic-ASAQ,32,0.6599140003093801,2031
004/001-basic-ASAQ,33,0.6296064089791885,2031
004/001-basic-ASAQ,34,0.6722135038844811,2031
004/001-basic-ASAQ,35,0.665692123078844,2031
004/001-basic-ASAQ,36,0.680172103355119,2031
004/001-basic-ASAQ,37,0.6475204587488984,2031
004/001-basic-ASAQ,38,0.6790537156277128,2031
004/001-basic-ASAQ,39,0.6600555689365847,2031
004/001-basic-ASAQ,40,0.6127373301793869,2031
004/001-basic-ASAQ,41,0.6425848917214579,2031
004/001-basic-ASAQ,42,0.6716779129978644,2031
004/001-basic-ASAQ,43,0.6531258420776344,2031
004/001-basic-ASAQ,44,0.6716546451878221,2031
004/001-basic-ASAQ,45,0.6418941465650693,2031
004/001-basic-ASAQ,46,0.6224363449783223,2031
004/001-basic-ASAQ,47,0.6353647960157239,2031
004/001-basic-ASAQ,48,0.6493937238879034,2031
004/001-basic-ASAQ,49,0.6133915766076162,2031
004/001-basic-ASAQ,50,0.6083033856921113,2031
004/001-basic-ASAQ,51,0.6675355670720092,2031
004/001-basic-ASAQ,52,0.7014761018291836,2031
004/001-basic-ASAQ,53,0.6530061374971214,2031
004/001-basic-ASAQ,54,0.6529453332675593,2031
004/001-basic-ASAQ,55,0.6715514596230934,2031
004/001-basic-ASAQ,56,0.6505031715341628,2031
004/001-basic-ASAQ,57,0.6663224351054777,2031
004/001-basic-ASAQ,58,0.6264298601673243,2031
004/001-basic-ASAQ,59,0.6248955537057023,2031
004/001-basic-ASAQ,60,0.6775836061574013,2031
004/001-basic-ASAQ,61,0.670251365734725,2031
004/001-basic-ASAQ,62,0.6719201891737563,2031
004/001-basic-ASAQ,63,0.6353010349319487,2031
004/001-basic-ASAQ,64,0.6756614811931514,2031
004/001-basic-ASAQ,65,0.6541850185159059,2031
004/001-basic-ASAQ,66,0.636937411027875,2031
004/001-basic-ASAQ,67,0.6589229466109733,2031
004/001-basic-ASAQ,68,0.6774535453794387,2031
004/001-basic-ASAQ,69,0.6544334926279206,2031
004/001-basic-ASAQ,70,0.6239603649105903,2031
004/001-basic-ASAQ,71,0.6424806354840752,2031
004/001-basic-ASAQ,72,0.6422002111723478,2031
004/001-basic-ASAQ,73,0.6637733594514795,2031
004/001-basic-ASAQ,74,0.6382683534417766,2031
004/001-basic-ASAQ,75,0.6592083626548486,2031
004/001-basic-ASAQ,76,0.6463259783883909,2031
004/001-basic-ASAQ,77,0.689424893729578,2031
004/001-basic-ASAQ,78,0.6568522165021742,2031
004/001-basic-ASAQ,79,0.6605429686189519,2031
004/001-basic-ASAQ,80,0.6750688796052456,2031
004/001-basic-ASAQ,81,0.6538510354243813,2031
004/001-basic-ASAQ,82,0.6451646369961747,2031
004/001-basic-ASAQ,83,0.6336813112006069,2031
004/001-basic-ASAQ,84,0.6483228445883672,2031
004/001-basic-ASAQ,85,0.635751597967084,2031
004/001-basic-ASAQ,86,0.6653773889499333,2031
004/001-basic-ASAQ,87,0.6743804421502057,2031
004/001-basic-ASAQ,88,0.6546855470557746,2031
004/001-basic-ASAQ,89,0.6795331688914114,2031
004/001-basic-ASAQ,90,0.6676473067301473,2031
004/001-basic-ASAQ,91,0.6386999997453707,2031
004/001-basic-ASAQ,92,0.6302976493773719,2031
004/001-basic-ASAQ,93,0.6673639418855596,2031
004/001-basic-ASAQ,94,0.6704811044014085,2031
004/001-basic-ASAQ,95,0.653283419803368,2031
004/001-basic-ASAQ,96,0.6630544406727433,2031
004/001-basic-ASAQ,97,0.6379535944531698,2031
004/001-basic-ASAQ,98,0.6497735884979722,2031
004/001-basic-ASAQ,99,0.6371924353704984,2031
004/002-basic-DHAPPQ,0,0.782504458112775,2031
004/002-basic-DHAPPQ,1,0.8192494269344593,2031
004/002-basic-DHAPPQ,2,0.7911682424395314,2031
004/002-basic-DHAPPQ,3,0.8074480347244819,2031
004/002-basic-DHAPPQ,4,0.8147034026153516,2031
004/002-basic-DHAPPQ,5,0.7901709714660491,2031
004/002-basic-DHAPPQ,6,0.7860189247898722,2031
004/002-basic-DHAPPQ,7,0.8026287241279685,2031
004/002-basic-DHAPPQ,8,0.794224002271425,2031
004/002-basic-DHAPPQ,9,0.7979294069751107,2031
004/002-basic-DHAPPQ,10,0.798084364319437,2031
004/002-basic-DHAPPQ,11,0.8141762383642378,2031
004/002-basic-DHAPPQ,12,0.7893041799279734,2031
004/002-basic-DHAPPQ,13,0.784700459159367,2031
004/002-basic-DHAPPQ,14,0.8105550205907591,2031
004/002-basic-DHAPPQ,15,0.7761515822208542,2031
004/002-basic-DHAPPQ,16,0.7919497330729613,2031
004/002-basic-DHAPPQ,17,0.7917522069870991,2031
004/002-basic-DHAPPQ,18,0.7751719706853947,2031
004/002-basic-DHAPPQ,19,0.8402046864018399,2031
004/002-basic-DHAPPQ,20,0.7981209140351502,2031
004/002-basic-DHAPPQ,21,0.7971840227575985,2031
004/002-basic-DHAPPQ,22,0.8081602484258964,2031
004/002-basic-DHAPPQ,23,0.8344473143079916,2031
004/002-basic-DHAPPQ,24,0.7923022021629968,2031
004/002-basic-DHAPPQ,25,0.8055818800794482,2031
004/002-basic-DHAPPQ,26,0.7947562209007533,2031
004/002-basic-DHAPPQ,27,0.81260790818426,2031
004/002-basic-DHAPPQ,28,0.7999258943195997,2031
004/002-basic-DHAPPQ,29,0.8195297350144357,2031
004/002-basic-DHAPPQ,30,0.8061718385572539,2031
004/002-basic-DHAPPQ,31,0.785902454637995,2031
004/002-basic-DHAPPQ,32,0.8078243625590814,2031
004/002-basic-DHAPPQ,33,0.7876059556301548,2031
004/002-basic-DHAPPQ,34,0.7978021741609539,2031
004/002-basic-DHAPPQ,35,0.7922097332234798,2031
004/002-basic-DHAPPQ,36,0.8093035133359092,2031
004/002-basic-DHAPPQ,37,0.7841975908493791,2031
004/002-basic-DHAPPQ,38,0.8039705192631548,2031
004/002-basic-DHAPPQ,39,0.8114339129062488,2031
004/002-basic-DHAPPQ,40,0.8208536221079098,2031
004/002-basic-DHAPPQ,41,0.7891887930515101,2031
004/002-basic-DHAPPQ,42,0.7809371065801503,2031
004/002-basic-DHAPPQ,43,0.8180209421024546,2031
004/002-basic-DHAPPQ,44,0.8098660221717914,2031
004/002-basic-DHAPPQ,45,0.8009661114217512,2031
004/002-basic-DHAPPQ,46,0.7998715935748023,2031
004/002-basic-DHAPPQ,47,0.8238328122131297,2031
004/002-basic-DHAPPQ,48,0.7947305847477278,2031
004/002-basic-DHAPPQ,49,0.7916353715937839,2031
004/002-basic-DHAPPQ,50,0.8053829873500747,2031
004/002-basic-DHAPPQ,51,0.7955716043147213,2031
004/002-basic-DHAPPQ,52,0.8079412455158481,2031
004/002-basic-DHAPPQ,53,0.7943445172336082,2031
004/002-basic-DHAPPQ,54,0.787784023887403,2031
004/002-basic-DHAPPQ,55,0.821773151233642,2031
004/002-basic-DHAPPQ,56,0.8076179246814434,2031
004/002-basic-DHAPPQ,57,0.7882659552649187,2031
004/002-basic-DHAPPQ,58,0.782237042664426,2031
004/002-basic-DHAPPQ,59,0.8163230177274173,2031
004/002-basic-DHAPPQ,60,0.7970399614598124,2031
004/002-basic-DHAPPQ,61,0.7851002281153164,2031
004/002-basic-DHAPPQ,62,0.8050758585486774,2031
004/002-basic-DHAPPQ,63,0.8011175729181718,2031
004/002-basic-DHAPPQ,64,0.8049369994911194,2031
004/002-basic-DHAPPQ,65,0.8285095970808899,2031
004/002-basic-DHAPPQ,66,0.8019545168304477,2031
004/002-basic-DHAPPQ,67,0.7854471990741673,2031
004/002-basic-DHAPPQ,68,0.8037311229938537,2031
004/002-basic-DHAPPQ,69,0.7602567489937355,2031
004/002-basic-DHAPPQ,70,0.8002914314451202,2031
004/002-basic-DHAPPQ,71,0.7982690587619804,2031
004/002-basic-DHAPPQ,72,0.790760609794065,2031
004/002-basic-DHAPPQ,73,0.795359383967234,2031
004/002-basic-DHAPPQ,74,0.7939663447581,2031
004/002-basic-DHAPPQ,75,0.7954482003523532,2031
004/002-basic-DHAPPQ,76,0.8144348189752769,2031
004/002-basic-DHAPPQ,77,0.806514157123404,2031
004/002-basic-DHAPPQ,78,0.7971222434542629,2031
004/002-basic-DHAPPQ,79,0.8505033492007783,2031
004/002-basic-DHAPPQ,80,0.7913769426887297,2031
004/002-basic-DHAPPQ,81,0.8058877299123385,2031
004/002-basic-DHAPPQ,82,0.8270418852957805,2031
004/002-basic-DHAPPQ,83,0.7866156054220358,2031
004/002-basic-DHAPPQ,84,0.8130164653187594,2031
004/002-basic-DHAPPQ,85,0.773358032471465,2031
004/002-basic-DHAPPQ,86,0.7855026417768552,2031
004/002-basic-DHAPPQ,87,0.7831734517601386,2031
004/002-basic-DHAPPQ,88,0.7803143130937862,2031
004/002-basic-DHAPPQ,89,0.8059653319112785,2031
004/002-basic-DHAPPQ,90,0.8035707059495208,2031
004/002-basic-DHAPPQ,91,0.8154076623910534,2031
004/002-basic-DHAPPQ,92,0.8118189548090141,2031
004/002-basic-DHAPPQ,93,0.8167248324231308,2031
004/002-basic-DHAPPQ,94,0.8224072595295739,2031
004/002-basic-DHAPPQ,95,0.7898893246396316,2031
004/002-basic-DHAPPQ,96,0.7729820626818894,2031
004/002-basic-DHAPPQ,97,0.7762272211333929,2031
004/002-basic-DHAPPQ,98,0.8076289309216715,2031
004/002-basic-DHAPPQ,99,0.8091545133894261,2031
004/003-Cycling-1y-AL-ASAQ,0,0.722635516524028,2031
004/003-Cycling-1y-AL-ASAQ,1,0.7560076089753974,2031
004/003-Cycling-1y-AL-ASAQ,2,0.7345038634724403,2031
004/003-Cycling-1y-AL-ASAQ,3,0.7350463253214511,2031
004/003-Cycling-1y-AL-ASAQ,4,0.7402160670731704,2031
004/003-Cycling-1y-AL-ASAQ,5,0.7459691631213996,2031
004/003-Cycling-1y-AL-ASAQ,6,0.74830965248292,2031
004/003-Cycling-1y-AL-ASAQ,7,0.7305527652623026,2031
004/003-Cycling-1y-AL-ASAQ,8,0.7504277461816398,2031
004/003-Cycling-1y-AL-ASAQ,9,0.7562046400500293,2031
004/003-Cycling-1y-AL-ASAQ,10,0.7266193967520604,2031
004/003-Cycling-1y-AL-ASAQ,11,0.7336741970985821,2031
004/003-Cycling-1y-AL-ASAQ,12,0.7452518203872956,2031
004/003-Cycling-1y-AL-ASAQ,13,0.7326663536725467,2031
004/003-Cycling-1y-AL-ASAQ,14,0.7409961050354297,2031
004/003-Cycling-1y-AL-ASAQ,15,0.721242455047357,2031
004/003-Cycling-1y-AL-ASAQ,16,0.7332763802189538,2031
004/003-Cycling-1y-AL-ASAQ,17,0.7278246150695122,2031
004/003-Cycling-1y-AL-ASAQ,18,0.7743688874942376,2031
004/003-Cycling-1y-AL-ASAQ,19,0.7329858940862694,2031
004/003-Cycling-1y-AL-ASAQ,20,0.7647360067775834,2031
004/003-Cycling-1y-AL-ASAQ,21,0.7103185490831141,2031
004/003-Cycling-1y-AL-ASAQ,22,0.7372371743410655,2031
004/003-Cycling-1y-AL-ASAQ,23,0.7451335009683285,2031
004/003-Cycling-1y-AL-ASAQ,24,0.738869771848856,2031
004/003-Cycling-1y-AL-ASAQ,25,0.7535690550581301,2031
004/003-Cycling-1y-AL-ASAQ,26,0.7144156589619021,2031
004/003-Cycling-1y-AL-ASAQ,27,0.7306941938923104,2031
004/003-Cycling-1y-AL-ASAQ,28,0.7319182976157017,2031
004/003-Cycling-1y-AL-ASAQ,29,0.7394711298305748,2031
004/003-Cycling-1y-AL-ASAQ,30,0.7540718819085042,2031
004/003-Cycling-1y-AL-ASAQ,31,0.7545054982416654,2031
004/003-Cycling-1y-AL-ASAQ,32,0.7481839809178504,2031
004/003-Cycling-1y-AL-ASAQ,33,0.751178711789423,2031
004/003-Cycling-1y-AL-ASAQ,34,0.7649981026566385,2031
004/003-Cycling-1y-AL-ASAQ,35,0.7271063667159886,2031
004/003-Cycling-1y-AL-ASAQ,36,0.762406413711704,2031
004/003-Cycling-1y-AL-ASAQ,37,0.7380473718862794,2031
004/003-Cycling-1y-AL-ASAQ,38,0.7376221693512396,2031
004/003-Cycling-1y-AL-ASAQ,39,0.7468089746124958,2031
004/003-Cycling-1y-AL-ASAQ,40,0.7661727428470063,2031
004/003-Cycling-1y-AL-ASAQ,41,0.7534383990468934,2031
004/003-Cycling-1y-AL-ASAQ,42,0.7345486253642393,2031
004/003-Cycling-1y-AL-ASAQ,43,0.755956957561172,2031
004/003-Cycling-1y-AL-ASAQ,44,0.7256321746880645,2031
004/003-Cycling-1y-AL-ASAQ,45,0.7283184831806223,2031
004/003-Cycling-1y-AL-ASAQ,46,0.7256042722441957,2031
004/003-Cycling-1y-AL-ASAQ,47,0.744035368661064,2031
004/003-Cycling-1y-AL-ASAQ,48,0.7174994485966381,2031
004/003-Cycling-1y-AL-ASAQ,49,0.75541273699227,2031
004/003-Cycling-1y-AL-ASAQ,50,0.7374964388389444,2031
004/003-Cycling-1y-AL-ASAQ,51,0.7286873952522449,2031
004/003-Cycling-1y-AL-ASAQ,52,0.7604521426940626,2031
004/003-Cycling-1y-AL-ASAQ,53,0.7319838921520696,2031
004/003-Cycling-1y-AL-ASAQ,54,0.7463206891226867,2031
004/003-Cycling-1y-AL-ASAQ,55,0.7244561961308457,2031
004/003-Cycling-1y-AL-ASAQ,56,0.7386115132921689,2031
004/003-Cycling-1y-AL-ASAQ,57,0.7429989212343794,2031
004/003-Cycling-1y-AL-ASAQ,58,0.7364685659658837,2031
004/003-Cycling-1y-AL-ASAQ,59,0.7233734761956775,2031
004/003-Cycling-1y-AL-ASAQ,60,0.7281737918487746,2031
004/003-Cycling-1y-AL-ASAQ,61,0.7395031508937399,2031
004/003-Cycling-1y-AL-ASAQ,62,0.7120027944615267,2031
004/003-Cycling-1y-AL-ASAQ,63,0.74608759321463,2031
004/003-Cycling-1y-AL-ASAQ,64,0.7641665427262742,2031
004/003-Cycling-1y-AL-ASAQ,65,0.7390844343019265,2031
004/003-Cycling-1y-AL-ASAQ,66,0.7605663766944936,2031
004/003-Cycling-1y-AL-ASAQ,67,0.7288480554979825,2031
004/003-Cycling-1y-AL-ASAQ,68,0.7634298292078596,2031
004/003-Cycling-1y-AL-ASAQ,69,0.7739624531807601,2031
004/003-Cycling-1y-AL-ASAQ,70,0.753555579804143,2031
004/003-Cycling-1y-AL-ASAQ,71,0.7248362448884521,2031
004/003-Cycling-1y-AL-ASAQ,72,0.722258584185516,2031
004/003-Cycling-1y-AL-ASAQ,73,0.7215037054628707,2031
004/003-Cycling-1y-AL-ASAQ,74,0.7404187606977684,2031
004/003-Cycling-1y-AL-ASAQ,75,0.7665377319382314,2031
004/003-Cycling-1y-AL-ASAQ,76,0.7085472945831808,2031
004/003-Cycling-1y-AL-ASAQ,77,0.735436580640457,2031
004/003-Cycling-1y-AL-ASAQ,78,0.7460890233403518,2031
004/003-Cycling-1y-AL-ASAQ,79,0.7425385322516928,2031
004/003-Cycling-1y-AL-ASAQ,80,0.7454801280354887,2031
004/003-Cycling-1y-AL-ASAQ,81,0.7145308987692974,2031
004/003-Cycling-1y-AL-ASAQ,82,0.728641653272362,2031
004/003-Cycling-1y-AL-ASAQ,83,0.7606032222739868,2031
004/003-Cycling-1y-AL-ASAQ,84,0.7398244212104618,2031
004/003-Cycling-1y-AL-ASAQ,85,0.7177796896052454,2031
004/003-Cycling-1y-AL-ASAQ,86,0.762832907167692,2031
004/003-Cycling-1y-AL-ASAQ,87,0.7389962863597798,2031
004/003-Cycling-1y-AL-ASAQ,88,0.7591898452536828,2031
004/003-Cycling-1y-AL-ASAQ,89,0.7359129483131343,2031
004/003-Cycling-1y-AL-ASAQ,90,0.7288160235278808,2031
004/003-Cycling-1y-AL-ASAQ,91,0.7042774309628048,2031
004/003-Cycling-1y-AL-ASAQ,92,0.731605461889643,2031
004/003-Cycling-1y-AL-ASAQ,93,0.7285587914189384,2031
004/003-Cycling-1y-AL-ASAQ,94,0.7149668206240603,2031
004/003-Cycling-1y-AL-ASAQ,95,0.7678164956424768,2031
004/003-Cycling-1y-AL-ASAQ,96,0.7249193358936559,2031
004/003-Cycling-1y-AL-ASAQ,97,0.7434398474792631,2031
004/003-Cycling-1y-AL-ASAQ,98,0.7434860945915466,2031
004/003-Cycling-1y-AL-ASAQ,99,0.7184948437014911,2031
004/004-Cycling-1y-AL-DHAPPQ,0,0.7719569307950983,2031
004/004-Cycling-1y-AL-DHAPPQ,1,0.7459836439376218,2031
004/004-Cycling-1y-AL-DHAPPQ,2,0.8411908538951228,2031
004/004-Cycling-1y-AL-DHAPPQ,3,0.7797745871928289,2031
004/004-Cycling-1y-AL-DHAPPQ,4,0.7499062311264472,2031
004/004-Cycling-1y-AL-DHAPPQ,5,0.7382906309975087,2031
004/004-Cycling-1y-AL-DHAPPQ,6,0.76957078378226,2031
004/004-Cycling-1y-AL-DHAPPQ,7,0.7634058914635043,2031
004/004-Cycling-1y-AL-DHAPPQ,8,0.774032584277455,2031
004/004-Cycling-1y-AL-DHAPPQ,9,0.7444093356963702,2031
004/004-Cycling-1y-AL-DHAPPQ,10,0.7564251247939947,2031
004/004-Cycling-1y-AL-DHAPPQ,11,0.7472721092210851,2031
004/004-Cycling-1y-AL-DHAPPQ,12,0.7612185390820964,2031
004/004-Cycling-1y-AL-DHAPPQ,13,0.7668882776646653,2031
004/004-Cycling-1y-AL-DHAPPQ,14,0.7667254970899603,2031
004/004-Cycling-1y-AL-DHAPPQ,15,0.7236977036974,2031
004/004-Cycling-1y-AL-DHAPPQ,16,0.7702303663663977,2031
004/004-Cycling-1y-AL-DHAPPQ,17,0.7674342969473696,2031
004/004-Cycling-1y-AL-DHAPPQ,18,0.7466328594415476,2031
004/004-Cycling-1y-AL-DHAPPQ,19,0.7567355962770379,2031
004/004-Cycling-1y-AL-DHAPPQ,20,0.7613050820484472,2031
004/004-Cycling-1y-AL-DHAPPQ,21,0.7766411582467182,2031
004/004-Cycling-1y-AL-DHAPPQ,22,0.7577507940758331,2031
004/004-Cycling-1y-AL-DHAPPQ,23,0.7855029376730216,2031
004/004-Cycling-1y-AL-DHAPPQ,24,0.7815899709981013,2031
004/004-Cycling-1y-AL-DHAPPQ,25,0.79230236901792,2031
004/004-Cycling-1y-AL-DHAPPQ,26,0.7601225252153078,2031
004/004-Cycling-1y-AL-DHAPPQ,27,0.7642770615820522,2031
004/004-Cycling-1y-AL-DHAPPQ,28,0.7898542823680268,2031
004/004-Cycling-1y-AL-DHAPPQ,29,0.7486238542514819,2031
004/004-Cycling-1y-AL-DHAPPQ,30,0.7452870908085248,2031
004/004-Cycling-1y-AL-DHAPPQ,31,0.7372433184391872,2031
004/004-Cycling-1y-AL-DHAPPQ,32,0.7546396898773476,2031
004/004-Cycling-1y-AL-DHAPPQ,33,0.7579794680656639,2031
004/004-Cycling-1y-AL-DHAPPQ,34,0.7630955660267783,2031
004/004-Cycling-1y-AL-DHAPPQ,35,0.7615589909299286,2031
004/004-Cycling-1y-AL-DHAPPQ,36,0.7522609551822571,2031
004/004-Cycling-1y-AL-DHAPPQ,37,0.7605112842928293,2031
004/004-Cycling-1y-AL-DHAPPQ,38,0.768907586546333,2031
004/004-Cycling-1y-AL-DHAPPQ,39,0.7743205243347552,2031
004/004-Cycling-1y-AL-DHAPPQ,40,0.7791857364292724,2031
004/004-Cycling-1y-AL-DHAPPQ,41,0.7828441344649765,2031
004/004-Cycling-1y-AL-DHAPPQ,42,0.745402026415158,2031
004/004-Cycling-1y-AL-DHAPPQ,43,0.7720845891722421,2031
004/004-Cycling-1y-AL-DHAPPQ,44,0.7646816598086423,2031
004/004-Cycling-1y-AL-DHAPPQ,45,0.7433453066829782,2031
004/004-Cycling-1y-AL-DHAPPQ,46,0.7781142354786513,2031
004/004-Cycling-1y-AL-DHAPPQ,47,0.7743849079088393,2031
004/004-Cycling-1y-AL-DHAPPQ,48,0.7635068532187345,2031
004/004-Cycling-1y-AL-DHAPPQ,49,0.7555916075890274,2031
004/004-Cycling-1y-AL-DHAPPQ,50,0.7602491026849334,2031
004/004-Cycling-1y-AL-DHAPPQ,51,0.7325266046479397,2031
004/004-Cycling-1y-AL-DHAPPQ,52,0.7661523976423692,2031
004/004-Cycling-1y-AL-DHAPPQ,53,0.7431300718499143,2031
004/004-Cycling-1y-AL-DHAPPQ,54,0.7728610038825442,2031
004/004-Cycling-1y-AL-DHAPPQ,55,0.750503145971812,2031
004/004-Cycling-1y-AL-DHAPPQ,56,0.7577568139199862,2031
004/004-Cycling-1y-AL-DHAPPQ,57,0.7632092815945622,2031
004/004-Cycling-1y-AL-DHAPPQ,58,0.7494908113424666,2031
004/004-Cycling-1y-AL-DHAPPQ,59,0.7525191922531328,2031
004/004-Cycling-1y-AL-DHAPPQ,60,0.7504047494438474,2031
004/004-Cycling-1y-AL-DHAPPQ,61,0.7299279240589795,2031
004/004-Cycling-1y-AL-DHAPPQ,62,0.7649724000586287,2031
004/004-Cycling-1y-AL-DHAPPQ,63,0.7464278158418782,2031
004/004-Cycling-1y-AL-DHAPPQ,64,0.7333226027824858,2031
004/004-Cycling-1y-AL-DHAPPQ,65,0.7530951364706806,2031
004/004-Cycling-1y-AL-DHAPPQ,66,0.735350741733559,2031
004/004-Cycling-1y-AL-DHAPPQ,67,0.776500706449711,2031
004/004-Cycling-1y-AL-DHAPPQ,68,0.7314213234901333,2031
004/004-Cycling-1y-AL-DHAPPQ,69,0.743092585802962,2031
004/004-Cycling-1y-AL-DHAPPQ,70,0.7576241407875025,2031
004/004-Cycling-1y-AL-DHAPPQ,71,0.790179339653894,2031
004/004-Cycling-1y-AL-DHAPPQ,72,0.7508413956798655,2031
004/004-Cycling-1y-AL-DHAPPQ,73,0.7577237964733242,2031
004/004-Cycling-1y-AL-DHAPPQ,74,0.7998308977496498,2031
004/004-Cycling-1y-AL-DHAPPQ,75,0.7479090738528472,2031
004/004-Cycling-1y-AL-DHAPPQ,76,0.7665995762924083,2031
004/004-Cycling-1y-AL-DHAPPQ,77,0.7631790101827693,2031
004/004-Cycling-1y-AL-DHAPPQ,78,0.7479246396167647,2031
004/004-Cycling-1y-AL-DHAPPQ,79,0.7265573859945639,2031
004/004-Cycling-1y-AL-DHAPPQ,80,0.7612602544695117,2031
004/004-Cycling-1y-AL-DHAPPQ,81,0.7366735398247505,2031
004/004-Cycling-1y-AL-DHAPPQ,82,0.7676612302824761,2031
004/004-Cycling-1y-AL-DHAPPQ,83,0.7507875479842209,2031
004/004-Cycling-1y-AL-DHAPPQ,84,0.7730414054394177,2031
004/004-Cycling-1y-AL-DHAPPQ,85,0.7695805803730966,2031
004/004-Cycling-1y-AL-DHAPPQ,86,0.761534601694989,2031
004/004-Cycling-1y-AL-DHAPPQ,87,0.7909757609019553,2031
004/004-Cycling-1y-AL-DHAPPQ,88,0.7679102787603803,2031
004/004-Cycling-1y-AL-DHAPPQ,89,0.7756699393881044,2031
004/004-Cycling-1y-AL-DHAPPQ,90,0.7606614380806892,2031
004/004-Cycling-1y-AL-DHAPPQ,91,0.7772213488415657,2031
004/004-Cycling-1y-AL-DHAPPQ,92,0.7652941805335773,2031
004/004-Cycling-1y-AL-DHAPPQ,93,0.7746288719360909,2031
004/004-Cycling-1y-AL-DHAPPQ,94,0.7287405294344068,2031
004/004-Cycling-1y-AL-DHAPPQ,95,0.7453306573798447,2031
004/004-Cycling-1y-AL-DHAPPQ,96,0.7453825420925789,2031
004/004-Cycling-1y-AL-DHAPPQ,97,0.7814258700719764,2031
004/004-Cycling-1y-AL-DHAPPQ,98,0.7652687553451387,2031
004/004-Cycling-1y-AL-DHAPPQ,99,0.7709906120305977,2031
004/005-Cycling-1y-ASAQ-AL,0,0.7342508129972084,2031
004/005-Cycling-1y-ASAQ-AL,1,0.7118037813263584,2031
004/005-Cycling-1y-ASAQ-AL,2,0.7209310284741762,2031
004/005-Cycling-1y-ASAQ-AL,3,0.7262088848093097,2031
004/005-Cycling-1y-ASAQ-AL,4,0.7236484732635585,2031
004/005-Cycling-1y-ASAQ-AL,5,0.7088889439360386,2031
004/005-Cycling-1y-ASAQ-AL,6,0.7258439384956933,2031
004/005-Cycling-1y-ASAQ-AL,7,0.7143565545125949,2031
004/005-Cycling-1y-ASAQ-AL,8,0.7437871677983416,2031
004/005-Cycling-1y-ASAQ-AL,9,0.7440831768409901,2031
004/005-Cycling-1y-ASAQ-AL,10,0.6984491900714594,2031
004/005-Cycling-1y-ASAQ-AL,11,0.7469981685460154,2031
004/005-Cycling-1y-ASAQ-AL,12,0.7164586082473119,2031
004/005-Cycling-1y-ASAQ-AL,13,0.7216552429358414,2031
004/005-Cycling-1y-ASAQ-AL,14,0.7177748798453973,2031
004/005-Cycling-1y-ASAQ-AL,15,0.7063162526735506,2031
004/005-Cycling-1y-ASAQ-AL,16,0.744724930308339,2031
004/005-Cycling-1y-ASAQ-AL,17,0.7468894621331404,2031
004/005-Cycling-1y-ASAQ-AL,18,0.7163627469807109,2031
004/005-Cycling-1y-ASAQ-AL,19,0.7091903806268913,2031
004/005-Cycling-1y-ASAQ-AL,20,0.741896309229884,2031
004/005-Cycling-1y-ASAQ-AL,21,0.7201029684833804,2031
004/005-Cycling-1y-ASAQ-AL,22,0.7363868015108963,2031
004/005-Cycling-1y-ASAQ-AL,23,0.718534294741957,2031
004/005-Cycling-1y-ASAQ-AL,24,0.7632114809694478,2031
004/005-Cycling-1y-ASAQ-AL,25,0.7253840464300562,2031
004/005-Cycling-1y-ASAQ-AL,26,0.7142836454475981,2031
004/005-Cycling-1y-ASAQ-AL,27,0.7342287079336338,2031
004/005-Cycling-1y-ASAQ-AL,28,0.7294039043934256,2031
004/005-Cycling-1y-ASAQ-AL,29,0.7560108126122689,2031
004/005-Cycling-1y-ASAQ-AL,30,0.7517021334638443,2031
004/005-Cycling-1y-ASAQ-AL,31,0.7500212873722033,2031
004/005-Cycling-1y-ASAQ-AL,32,0.751208350154574,2031
004/005-Cycling-1y-ASAQ-AL,33,0.7471388520972173,2031
004/005-Cycling-1y-ASAQ-AL,34,0.6888330184688986,2031
004/005-Cycling-1y-ASAQ-AL,35,0.7414664470825443,2031
004/005-Cycling-1y-ASAQ-AL,36,0.7195105341894933,2031
004/005-Cycling-1y-ASAQ-AL,37,0.719245178229896,2031
004/005-Cycling-1y-ASAQ-AL,38,0.7484825408516834,2031
004/005-Cycling-1y-ASAQ-AL,39,0.7406101617302209,2031
004/005-Cycling-1y-ASAQ-AL,40,0.7245552371371069,2031
004/005-Cycling-1y-ASAQ-AL,41,0.7227514857174525,2031
004/005-Cycling-1y-ASAQ-AL,42,0.738602802177324,2031
004/005-Cycling-1y-ASAQ-AL,43,0.6916541734422944,2031
004/005-Cycling-1y-ASAQ-AL,44,0.7105610621509646,2031
004/005-Cycling-1y-ASAQ-AL,45,0.7284369649876138,2031
004/005-Cycling-1y-ASAQ-AL,46,0.7559178481402538,2031
004/005-Cycling-1y-ASAQ-AL,47,0.7226692438288179,2031
004/005-Cycling-1y-ASAQ-AL,48,0.6928298545837571,2031
004/005-Cycling-1y-ASAQ-AL,49,0.7597866916151942,2031
004/005-Cycling-1y-ASAQ-AL,50,0.7310813472144946,2031
004/005-Cycling-1y-ASAQ-AL,51,0.6950905113933268,2031
004/005-Cycling-1y-ASAQ-AL,52,0.7441903328619692,2031
004/005-Cycling-1y-ASAQ-AL,53,0.7173655222710654,2031
004/005-Cycling-1y-ASAQ-AL,54,0.7484392238744877,2031
004/005-Cycling-1y-ASAQ-AL,55,0.7348802795578903,2031
004/005-Cycling-1y-ASAQ-AL,56,0.7299379474463068,2031
004/005-Cycling-1y-ASAQ-AL,57,0.7071574783370096,2031
004/005-Cycling-1y-ASAQ-AL,58,0.7179767212015525,2031
004/005-Cycling-1y-ASAQ-AL,59,0.7368955363104567,2031
004/005-Cycling-1y-ASAQ-AL,60,0.7102411970117813,2031
004/005-Cycling-1y-ASAQ-AL,61,0.7299343727362767,2031
004/005-Cycling-1y-ASAQ-AL,62,0.7321960785006151,2031
004/005-Cycling-1y-ASAQ-AL,63,0.7437137415022604,2031
004/005-Cycling-1y-ASAQ-AL,64,0.7029264512302906,2031
004/005-Cycling-1y-ASAQ-AL,65,0.6883582848620885,2031
004/005-Cycling-1y-ASAQ-AL,66,0.7234407376685875,2031
004/005-Cycling-1y-ASAQ-AL,67,0.7276702261451543,2031
004/005-Cycling-1y-ASAQ-AL,68,0.7448485907759902,2031
004/005-Cycling-1y-ASAQ-AL,69,0.7374999965909255,2031
004/005-Cycling-1y-ASAQ-AL,70,0.7100747701732911,2031
004/005-Cycling-1y-ASAQ-AL,71,0.7478243159056727,2031
004/005-Cycling-1y-ASAQ-AL,72,0.7352699376684254,2031
004/005-Cycling-1y-ASAQ-AL,73,0.7166784652428594,2031
004/005-Cycling-1y-ASAQ-AL,74,0.7208901601153895,2031
004/005-Cycling-1y-ASAQ-AL,75,0.7163545234642795,2031
004/005-Cycling-1y-ASAQ-AL,76,0.7393798222715596,2031
004/005-Cycling-1y-ASAQ-AL,77,0.7013422626637329,2031
004/005-Cycling-1y-ASAQ-AL,78,0.7425941849495911,2031
004/005-Cycling-1y-ASAQ-AL,79,0.7344960382078299,2031
004/005-Cycling-1y-ASAQ-AL,80,0.7516468693447523,2031
004/005-Cycling-1y-ASAQ-AL,81,0.7121444145256947,2031
004/005-Cycling-1y-ASAQ-AL,82,0.765660524960634,2031
004/005-Cycling-1y-ASAQ-AL,83,0.7535305446490087,2031
004/005-Cycling-1y-ASAQ-AL,84,0.750859589347772,2031
004/005-Cycling-1y-ASAQ-AL,85,0.7214318437136519,2031
004/005-Cycling-1y-ASAQ-AL,86,0.7299160682690072,2031
004/005-Cycling-1y-ASAQ-AL,87,0.7119257992124024,2031
004/005-Cycling-1y-ASAQ-AL,88,0.723034802981218,2031
004/005-Cycling-1y-ASAQ-AL,89,0.722945822830089,2031
004/005-Cycling-1y-ASAQ-AL,90,0.7424484608238623,2031
004/005-Cycling-1y-ASAQ-AL,91,0.7670979783962206,2031
004/005-Cycling-1y-ASAQ-AL,92,0.7281692110433884,2031
004/005-Cycling-1y-ASAQ-AL,93,0.7294896359426956,2031
004/005-Cycling-1y-ASAQ-AL,94,0.7201760878547553,2031
004/005-Cycling-1y-ASAQ-AL,95,0.735573995658814,2031
004/005-Cycling-1y-ASAQ-AL,96,0.7586858911873714,2031
004/005-Cycling-1y-ASAQ-AL,97,0.7318408548946201,2031
004/005-Cycling-1y-ASAQ-AL,98,0.7368959538775218,2031
004/005-Cycling-1y-ASAQ-AL,99,0.7061008011017286,2031
004/006-Cycling-1y-ASAQ-DHAPPQ,0,0.7041379414240202,2031
004/006-Cycling-1y-ASAQ-DHAPPQ,1,0.6673854221334121,2031
004/006-Cycling-1y-ASAQ-DHAPPQ,2,0.663392831350935,2031
004/006-Cycling-1y-ASAQ-DHAPPQ,3,0.668647241056591,2031
004/006-Cycling-1y-ASAQ-DHAPPQ,4,0.662954006532743,2031
004/006-Cycling-1y-ASAQ-DHAPPQ,5,0.6427588972717176,2031
004/006-Cycling-1y-ASAQ-DHAPPQ,6,0.6787015439988462,2031
004/006-Cycling-1y-ASAQ-DHAPPQ,7,0.6835277709357226,2031
004/006-Cycling-1y-ASAQ-DHAPPQ,8,0.678765102042037,2031
004/006-Cycling-1y-ASAQ-DHAPPQ,9,0.6773574415682084,2031
004/006-Cycling-1y-ASAQ-DHAPPQ,10,0.6853084108071833,2031
004/006-Cycling-1y-ASAQ-DHAPPQ,11,0.6761739077806421,2031
004/006-Cycling-1y-ASAQ-DHAPPQ,12,0.664948699278098,2031
004/006-Cycling-1y-ASAQ-DHAPPQ,13,0.667459178376444,2031
004/006-Cycling-1y-ASAQ-DHAPPQ,14,0.6724101237436116,2031
004/006-Cycling-1y-ASAQ-DHAPPQ,15,0.6595747826841302,2031
004/006-Cycling-1y-ASAQ-DHAPPQ,16,0.6682459009681819,2031
004/006-Cycling-1y-ASAQ-DHAPPQ,17,0.6668489091512787,2031
004/006-Cycling-1y-ASAQ-DHAPPQ,18,0.6757189288856628,2031
004/006-Cycling-1y-ASAQ-DHAPPQ,19,0.6984533487429544,2031
004/006-Cycling-1y-ASAQ-DHAPPQ,20,0.6821463286175838,2031
004/006-Cycling-1y-ASAQ-DHAPPQ,21,0.7016341721042233,2031
004/006-Cycling-1y-ASAQ-DHAPPQ,22,0.6771826527665045,2031
004/006-Cycling-1y-ASAQ-DHAPPQ,23,0.6735329095000795,2031
004/006-Cycling-1y-ASAQ-DHAPPQ,24,0.6869606145907668,2031
004/006-Cycling-1y-ASAQ-DHAPPQ,25,0.6917405672387761,2031
004/006-Cycling-1y-ASAQ-DHAPPQ,26,0.6658012645610186,2031
004/006-Cycling-1y-ASAQ-DHAPPQ,27,0.7207526240797916,2031
004/006-Cycling-1y-ASAQ-DHAPPQ,28,0.6812331734852825,2031
004/006-Cycling-1y-ASAQ-DHAPPQ,29,0.6868284750489876,2031
004/006-Cycling-1y-ASAQ-DHAPPQ,30,0.7095220892304025,2031
004/006-Cycling-1y-ASAQ-DHAPPQ,31,0.6623605388564479,2031
004/006-Cycling-1y-ASAQ-DHAPPQ,32,0.6516234091708902,2031
004/006-Cycling-1y-ASAQ-DHAPPQ,33,0.6840161522132489,2031
004/006-Cycling-1y-ASAQ-DHAPPQ,34,0.6692819994995477,2031
004/006-Cycling-1y-ASAQ-DHAPPQ,35,0.7028549070856752,2031
004/006-Cycling-1y-ASAQ-DHAPPQ,36,0.6992223214005469,2031
004/006-Cycling-1y-ASAQ-DHAPPQ,37,0.6746429866276408,2031
004/006-Cycling-1y-ASAQ-DHAPPQ,38,0.654090859980521,2031
004/006-Cycling-1y-ASAQ-DHAPPQ,39,0.6963683773824837,2031
004/006-Cycling-1y-ASAQ-DHAPPQ,40,0.6950506031065874,2031
004/006-Cycling-1y-ASAQ-DHAPPQ,41,0.6563972051746542,2031
004/006-Cycling-1y-ASAQ-DHAPPQ,42,0.7063703198119353,2031
004/006-Cycling-1y-ASAQ-DHAPPQ,43,0.6956865158271799,2031
004/006-Cycling-1y-ASAQ-DHAPPQ,44,0.682309295028895,2031
004/006-Cycling-1y-ASAQ-DHAPPQ,45,0.7096420563995713,2031
004/006-Cycling-1y-ASAQ-DHAPPQ,46,0.6721417824467747,2031
004/006-Cycling-1y-ASAQ-DHAPPQ,47,0.6929231439765996,2031
004/006-Cycling-1y-ASAQ-DHAPPQ,48,0.6644687656714351,2031
004/006-Cycling-1y-ASAQ-DHAPPQ,49,0.6829177451052848,2031
004/006-Cycling-1y-ASAQ-DHAPPQ,50,0.7214121030438965,2031
004/006-Cycling-1y-ASAQ-DHAPPQ,51,0.6672761257597771,2031
004/006-Cycling-1y-ASAQ-DHAPPQ,52,0.6673299075174625,2031
004/006-Cycling-1y-ASAQ-DHAPPQ,53,0.6668786955131271,2031
004/006-Cycling-1y-ASAQ-DHAPPQ,54,0.6586684741424821,2031
004/006-Cycling-1y-ASAQ-DHAPPQ,55,0.7102921442267575,2031
004/006-Cycling-1y-ASAQ-DHAPPQ,56,0.6622571184010523,2031
004/006-Cycling-1y-ASAQ-DHAPPQ,57,0.6895038706600735,2031
004/006-Cycling-1y-ASAQ-DHAPPQ,58,0.6928228584216288,2031
004/006-Cycling-1y-ASAQ-DHAPPQ,59,0.6976928872085636,2031
004/006-Cycling-1y-ASAQ-DHAPPQ,60,0.6461270177234829,2031
004/006-Cycling-1y-ASAQ-DHAPPQ,61,0.6686406041389472,2031
004/006-Cycling-1y-ASAQ-DHAPPQ,62,0.7244086106624247,2031
004/006-Cycling-1y-ASAQ-DHAPPQ,63,0.6834078228434269,2031
004/006-Cycling-1y-ASAQ-DHAPPQ,64,0.6634331904606318,2031
004/006-Cycling-1y-ASAQ-DHAPPQ,65,0.679586259143841,2031
004/006-Cycling-1y-ASAQ-DHAPPQ,66,0.6750540418227987,2031
004/006-Cycling-1y-ASAQ-DHAPPQ,67,0.6990763379679373,2031
004/006-Cycling-1y-ASAQ-DHAPPQ,68,0.698720669647901,2031
004/006-Cycling-1y-ASAQ-DHAPPQ,69,0.6651367655065308,2031
004/006-Cycling-1y-ASAQ-DHAPPQ,70,0.6728841182393043,2031
004/006-Cycling-1y-ASAQ-DHAPPQ,71,0.6795217638206218,2031
004/006-Cycling-1y-ASAQ-DHAPPQ,72,0.6773585260039505,2031
004/006-Cycling-1y-ASAQ-DHAPPQ,73,0.6681372892836652,2031
004/006-Cycling-1y-ASAQ-DHAPPQ,74,0.6620734767315879,2031
004/006-Cycling-1y-ASAQ-DHAPPQ,75,0.6909087029348507,2031
004/006-Cycling-1y-ASAQ-DHAPPQ,76,0.6932437789754773,2031
004/006-Cycling-1y-ASAQ-DHAPPQ,77,0.6397401852406064,2031
004/006-Cycling-1y-ASAQ-DHAPPQ,78,0.6672042305638334,2031
004/006-Cycling-1y-ASAQ-DHAPPQ,79,0.6933636564404092,2031
004/006-Cycling-1y-ASAQ-DHAPPQ,80,0.677853298083282,2031
004/006-Cycling-1y-ASAQ-DHAPPQ,81,0.6881766607839093,2031
004/006-Cycling-1y-ASAQ-DHAPPQ,82,0.6931428365645113,2031
004/006-Cycling-1y-ASAQ-DHAPPQ,83,0.6458135919481008,2031
004/006-Cycling-1y-ASAQ-DHAPPQ,84,0.6503011613680244,2031
004/006-Cycling-1y-ASAQ-DHAPPQ,85,0.664165202534482,2031
004/006-Cycling-1y-ASAQ-DHAPPQ,86,0.6794297488554019,2031
004/006-Cycling-1y-ASAQ-DHAPPQ,87,0.6891877404916741,2031
004/006-Cycling-1y-ASAQ-DHAPPQ,88,0.6639737354552485,2031
004/006-Cycling-1y-ASAQ-DHAPPQ,89,0.7047990211828746,2031
004/006-Cycling-1y-ASAQ-DHAPPQ,90,0.6855227732967291,2031
004/006-Cycling-1y-ASAQ-DHAPPQ,91,0.69498744711285,2031
004/006-Cycling-1y-ASAQ-DHAPPQ,92,0.7031447453600181,2031
004/006-Cycling-1y-ASAQ-DHAPPQ,93,0.6873210569393016,2031
004/006-Cycling-1y-ASAQ-DHAPPQ,94,0.6619482628595962,2031
004/006-Cycling-1y-ASAQ-DHAPPQ,95,0.7007178435780658,2031
004/006-Cycling-1y-ASAQ-DHAPPQ,96,0.6919536746192904,2031
004/006-Cycling-1y-ASAQ-DHAPPQ,97,0.6708784586299376,2031
004/006-Cycling-1y-ASAQ-DHAPPQ,98,0.663536181879084,2031
004/006-Cycling-1y-ASAQ-DHAPPQ,99,0.6900699421690469,2031
004/007-Cycling-1y-DHAPPQ-AL,0,0.7561279698553824,2031
004/007-Cycling-1y-DHAPPQ-AL,1,0.7769875591064636,2031
004/007-Cycling-1y-DHAPPQ-AL,2,0.7502516915356288,2031
004/007-Cycling-1y-DHAPPQ-AL,3,0.7435282875350665,2031
004/007-Cycling-1y-DHAPPQ-AL,4,0.7791308422634194,2031
004/007-Cycling-1y-DHAPPQ-AL,5,0.7465876284853423,2031
004/007-Cycling-1y-DHAPPQ-AL,6,0.7697991740030719,2031
004/007-Cycling-1y-DHAPPQ-AL,7,0.7561769838071766,2031
004/007-Cycling-1y-DHAPPQ-AL,8,0.7312834494230894,2031
004/007-Cycling-1y-DHAPPQ-AL,9,0.7778341854603807,2031
004/007-Cycling-1y-DHAPPQ-AL,10,0.7502717231087583,2031
004/007-Cycling-1y-DHAPPQ-AL,11,0.7403227252372994,2031
004/007-Cycling-1y-DHAPPQ-AL,12,0.7715709324303694,2031
004/007-Cycling-1y-DHAPPQ-AL,13,0.7444721317549857,2031
004/007-Cycling-1y-DHAPPQ-AL,14,0.7732286840076017,2031
004/007-Cycling-1y-DHAPPQ-AL,15,0.7564553940842885,2031
004/007-Cycling-1y-DHAPPQ-AL,16,0.76431936387909,2031
004/007-Cycling-1y-DHAPPQ-AL,17,0.76124422660698,2031
004/007-Cycling-1y-DHAPPQ-AL,18,0.7388805670620919,2031
004/007-Cycling-1y-DHAPPQ-AL,19,0.7594668864854871,2031
004/007-Cycling-1y-DHAPPQ-AL,20,0.7308940427013596,2031
004/007-Cycling-1y-DHAPPQ-AL,21,0.7681204806549585,2031
004/007-Cycling-1y-DHAPPQ-AL,22,0.7898276486406072,2031
004/007-Cycling-1y-DHAPPQ-AL,23,0.7789514180835203,2031
004/007-Cycling-1y-DHAPPQ-AL,24,0.7682820936208717,2031
004/007-Cycling-1y-DHAPPQ-AL,25,0.767732646629713,2031
004/007-Cycling-1y-DHAPPQ-AL,26,0.7594777387235069,2031
004/007-Cycling-1y-DHAPPQ-AL,27,0.7369646997329612,2031
004/007-Cycling-1y-DHAPPQ-AL,28,0.7995549547934835,2031
004/007-Cycling-1y-DHAPPQ-AL,29,0.7505868447747955,2031
004/007-Cycling-1y-DHAPPQ-AL,30,0.7740665352772381,2031
004/007-Cycling-1y-DHAPPQ-AL,31,0.7564906724648809,2031
004/007-Cycling-1y-DHAPPQ-AL,32,0.7494779472485137,2031
004/007-Cycling-1y-DHAPPQ-AL,33,0.772701838284314,2031
004/007-Cycling-1y-DHAPPQ-AL,34,0.7740985772846765,2031
004/007-Cycling-1y-DHAPPQ-AL,35,0.7597917566105269,2031
004/007-Cycling-1y-DHAPPQ-AL,36,0.7697208371975565,2031
004/007-Cycling-1y-DHAPPQ-AL,37,0.7588646768704606,2031
004/007-Cycling-1y-DHAPPQ-AL,38,0.7577241942011702,2031
004/007-Cycling-1y-DHAPPQ-AL,39,0.7687407929622195,2031
004/007-Cycling-1y-DHAPPQ-AL,40,0.7397871389274164,2031
004/007-Cycling-1y-DHAPPQ-AL,41,0.7474977507435033,2031
004/007-Cycling-1y-DHAPPQ-AL,42,0.7554659446208952,2031
004/007-Cycling-1y-DHAPPQ-AL,43,0.7382933973239799,2031
004/007-Cycling-1y-DHAPPQ-AL,44,0.7863577750640515,2031
004/007-Cycling-1y-DHAPPQ-AL,45,0.7690685967709089,2031
004/007-Cycling-1y-DHAPPQ-AL,46,0.7428746901091804,2031
004/007-Cycling-1y-DHAPPQ-AL,47,0.7532895381012853,2031
004/007-Cycling-1y-DHAPPQ-AL,48,0.7808043147195162,2031
004/007-Cycling-1y-DHAPPQ-AL,49,0.7446526627665401,2031
004/007-Cycling-1y-DHAPPQ-AL,50,0.7378743077914187,2031
004/007-Cycling-1y-DHAPPQ-AL,51,0.7515587958689675,2031
004/007-Cycling-1y-DHAPPQ-AL,52,0.7721588003196077,2031
004/007-Cycling-1y-DHAPPQ-AL,53,0.7440541791874168,2031
004/007-Cycling-1y-DHAPPQ-AL,54,0.7368382272285091,2031
004/007-Cycling-1y-DHAPPQ-AL,55,0.7469168980291748,2031
004/007-Cycling-1y-DHAPPQ-AL,56,0.7753533585869622,2031
004/007-Cycling-1y-DHAPPQ-AL,57,0.7600902838678277,2031
004/007-Cycling-1y-DHAPPQ-AL,58,0.7386966154215883,2031
004/007-Cycling-1y-DHAPPQ-AL,59,0.7565906669285244,2031
004/007-Cycling-1y-DHAPPQ-AL,60,0.7297540887228863,2031
004/007-Cycling-1y-DHAPPQ-AL,61,0.711570904865619,2031
004/007-Cycling-1y-DHAPPQ-AL,62,0.7602411651311917,2031
004/007-Cycling-1y-DHAPPQ-AL,63,0.7731334843073446,2031
004/007-Cycling-1y-DHAPPQ-AL,64,0.7671710426073286,2031
004/007-Cycling-1y-DHAPPQ-AL,65,0.7837435738578337,2031
004/007-Cycling-1y-DHAPPQ-AL,66,0.7252904153973483,2031
004/007-Cycling-1y-DHAPPQ-AL,67,0.7621072233680359,2031
004/007-Cycling-1y-DHAPPQ-AL,68,0.760158322908385,2031
004/007-Cycling-1y-DHAPPQ-AL,69,0.7387261792183007,2031
004/007-Cycling-1y-DHAPPQ-AL,70,0.7696166395606933,2031
004/007-Cycling-1y-DHAPPQ-AL,71,0.7928893307142931,2031
004/007-Cycling-1y-DHAPPQ-AL,72,0.7416764160541492,2031
004/007-Cycling-1y-DHAPPQ-AL,73,0.737887707499667,2031
004/007-Cycling-1y-DHAPPQ-AL,74,0.7573394038537793,2031
004/007-Cycling-1y-DHAPPQ-AL,75,0.7596973228429333,2031
004/007-Cycling-1y-DHAPPQ-AL,76,0.7351601994634281,2031
004/007-Cycling-1y-DHAPPQ-AL,77,0.7510056640779262,2031
004/007-Cycling-1y-DHAPPQ-AL,78,0.7730310601282975,2031
004/007-Cycling-1y-DHAPPQ-AL,79,0.7691418664491629,2031
004/007-Cycling-1y-DHAPPQ-AL,80,0.7545876527837377,2031
004/007-Cycling-1y-DHAPPQ-AL,81,0.7656247883075373,2031
004/007-Cycling-1y-DHAPPQ-AL,82,0.7772076562143878,2031
004/007-Cycling-1y-DHAPPQ-AL,83,0.7377512096882394,2031
004/007-Cycling-1y-DHAPPQ-AL,84,0.738551257370232,2031
004/007-Cycling-1y-DHAPPQ-AL,85,0.7677322562688226,2031
004/007-Cycling-1y-DHAPPQ-AL,86,0.7363597948135485,2031
004/007-Cycling-1y-DHAPPQ-AL,87,0.7761710581714651,2031
004/007-Cycling-1y-DHAPPQ-AL,88,0.7660347857215649,2031
004/007-Cycling-1y-DHAPPQ-AL,89,0.7650687067764991,2031
004/007-Cycling-1y-DHAPPQ-AL,90,0.7295091548905223,2031
004/007-Cycling-1y-DHAPPQ-AL,91,0.7554812100897457,2031
004/007-Cycling-1y-DHAPPQ-AL,92,0.7774888197125006,2031
004/007-Cycling-1y-DHAPPQ-AL,93,0.7595448942990007,2031
004/007-Cycling-1y-DHAPPQ-AL,94,0.780755246233356,2031
004/007-Cycling-1y-DHAPPQ-AL,95,0.7583684992939642,2031
004/007-Cycling-1y-DHAPPQ-AL,96,0.7667122432079214,2031
004/007-Cycling-1y-DHAPPQ-AL,97,0.7588470385641736,2031
004/007-Cycling-1y-DHAPPQ-AL,98,0.7634379220653961,2031
004/007-Cycling-1y-DHAPPQ-AL,99,0.7905115312826981,2031
004/008-Cycling-1y-DHAPPQ-ASAQ,0,0.6887428633785331,2031
004/008-Cycling-1y-DHAPPQ-ASAQ,1,0.6754244974084053,2031
004/008-Cycling-1y-DHAPPQ-ASAQ,2,0.6780577226797558,2031
004/008-Cycling-1y-DHAPPQ-ASAQ,3,0.6637226505340521,2031
004/008-Cycling-1y-DHAPPQ-ASAQ,4,0.6677256851921981,2031
004/008-Cycling-1y-DHAPPQ-ASAQ,5,0.7094171710768572,2031
004/008-Cycling-1y-DHAPPQ-ASAQ,6,0.6734334235169287,2031
004/008-Cycling-1y-DHAPPQ-ASAQ,7,0.7030855615192184,2031
004/008-Cycling-1y-DHAPPQ-ASAQ,8,0.7349229499755214,2031
004/008-Cycling-1y-DHAPPQ-ASAQ,9,0.7141049125606962,2031
004/008-Cycling-1y-DHAPPQ-ASAQ,10,0.6850971609350273,2031
004/008-Cycling-1y-DHAPPQ-ASAQ,11,0.7053516554631791,2031
004/008-Cycling-1y-DHAPPQ-ASAQ,12,0.704319173125639,2031
004/008-Cycling-1y-DHAPPQ-ASAQ,13,0.6804448480560658,2031
004/008-Cycling-1y-DHAPPQ-ASAQ,14,0.6810204434939188,2031
004/008-Cycling-1y-DHAPPQ-ASAQ,15,0.6701108395740031,2031
004/008-Cycling-1y-DHAPPQ-ASAQ,16,0.6790574064559792,2031
004/008-Cycling-1y-DHAPPQ-ASAQ,17,0.7121218062099021,2031
004/008-Cycling-1y-DHAPPQ-ASAQ,18,0.6974508089583957,2031
004/008-Cycling-1y-DHAPPQ-ASAQ,19,0.6994069422488177,2031
004/008-Cycling-1y-DHAPPQ-ASAQ,20,0.6948734028892319,2031
004/008-Cycling-1y-DHAPPQ-ASAQ,21,0.6881489061951096,2031
004/008-Cycling-1y-DHAPPQ-ASAQ,22,0.7197238300496341,2031
004/008-Cycling-1y-DHAPPQ-ASAQ,23,0.6844061410142434,2031
004/008-Cycling-1y-DHAPPQ-ASAQ,24,0.662148762973313,2031
004/008-Cycling-1y-DHAPPQ-ASAQ,25,0.695206828632498,2031
004/008-Cycling-1y-DHAPPQ-ASAQ,26,0.7012897715119015,2031
004/008-Cycling-1y-DHAPPQ-ASAQ,27,0.7344700991425839,2031
004/008-Cycling-1y-DHAPPQ-ASAQ,28,0.7213151592185407,2031
004/008-Cycling-1y-DHAPPQ-ASAQ,29,0.7147061570381271,2031
004/008-Cycling-1y-DHAPPQ-ASAQ,30,0.6928134945333753,2031
004/008-Cycling-1y-DHAPPQ-ASAQ,31,0.7172477294416096,2031
004/008-Cycling-1y-DHAPPQ-ASAQ,32,0.6896788026089155,2031
004/008-Cycling-1y-DHAPPQ-ASAQ,33,0.6924764861615388,2031
004/008-Cycling-1y-DHAPPQ-ASAQ,34,0.715490600125162,2031
004/008-Cycling-1y-DHAPPQ-ASAQ,35,0.6829589540881393,2031
004/008-Cycling-1y-DHAPPQ-ASAQ,36,0.6963097525218288,2031
004/008-Cycling-1y-DHAPPQ-ASAQ,37,0.6739888491972739,2031
004/008-Cycling-1y-DHAPPQ-ASAQ,38,0.6761627910545499,2031
004/008-Cycling-1y-DHAPPQ-ASAQ,39,0.6931955127321174,2031
004/008-Cycling-1y-DHAPPQ-ASAQ,40,0.7238487488113603,2031
004/008-Cycling-1y-DHAPPQ-ASAQ,41,0.7085629942253426,2031
004/008-Cycling-1y-DHAPPQ-ASAQ,42,0.6885468172285899,2031
004/008-Cycling-1y-DHAPPQ-ASAQ,43,0.6646859844382497,2031
004/008-Cycling-1y-DHAPPQ-ASAQ,44,0.6777386193581073,2031
004/008-Cycling-1y-DHAPPQ-ASAQ,45,0.6814266983560621,2031
004/008-Cycling-1y-DHAPPQ-ASAQ,46,0.6743231958427823,2031
004/008-Cycling-1y-DHAPPQ-ASAQ,47,0.6866507045251855,2031
004/008-Cycling-1y-DHAPPQ-ASAQ,48,0.6777438256757349,2031
004/008-Cycling-1y-DHAPPQ-ASAQ,49,0.7141340415109312,2031
004/008-Cycling-1y-DHAPPQ-ASAQ,50,0.6511224396818651,2031
004/008-Cycling-1y-DHAPPQ-ASAQ,51,0.7081372586754061,2031
004/008-Cycling-1y-DHAPPQ-ASAQ,52,0.6912129919704298,2031
004/008-Cycling-1y-DHAPPQ-ASAQ,53,0.6720517947859994,2031
004/008-Cycling-1y-DHAPPQ-ASAQ,54,0.7124468241963315,2031
004/008-Cycling-1y-DHAPPQ-ASAQ,55,0.661806049078186,2031
004/008-Cycling-1y-DHAPPQ-ASAQ,56,0.6917319213279094,2031
004/008-Cycling-1y-DHAPPQ-ASAQ,57,0.728905574736732,2031
004/008-Cycling-1y-DHAPPQ-ASAQ,58,0.6622485678528639,2031
004/008-Cycling-1y-DHAPPQ-ASAQ,59,0.6936617342110596,2031
004/008-Cycling-1y-DHAPPQ-ASAQ,60,0.6853790036505963,2031
004/008-Cycling-1y-DHAPPQ-ASAQ,61,0.6839025091629436,2031
004/008-Cycling-1y-DHAPPQ-ASAQ,62,0.6984142762275486,2031
004/008-Cycling-1y-DHAPPQ-ASAQ,63,0.696569219360339,2031
004/008-Cycling-1y-DHAPPQ-ASAQ,64,0.6951498959233843,2031
004/008-Cycling-1y-DHAPPQ-ASAQ,65,0.7104157160028047,2031
004/008-Cycling-1y-DHAPPQ-ASAQ,66,0.6994717019441224,2031
004/008-Cycling-1y-DHAPPQ-ASAQ,67,0.6781858114426504,2031
004/008-Cycling-1y-DHAPPQ-ASAQ,68,0.7165459712149328,2031
004/008-Cycling-1y-DHAPPQ-ASAQ,69,0.6979882877702223,2031
004/008-Cycling-1y-DHAPPQ-ASAQ,70,0.6535840236165887,2031
004/008-Cycling-1y-DHAPPQ-ASAQ,71,0.6859169220217268,2031
004/008-Cycling-1y-DHAPPQ-ASAQ,72,0.6969691995906442,2031
004/008-Cycling-1y-DHAPPQ-ASAQ,73,0.7129422318261364,2031
004/008-Cycling-1y-DHAPPQ-ASAQ,74,0.6999351602374296,2031
004/008-Cycling-1y-DHAPPQ-ASAQ,75,0.6759400952320734,2031
004/008-Cycling-1y-DHAPPQ-ASAQ,76,0.7010099701561591,2031
004/008-Cycling-1y-DHAPPQ-ASAQ,77,0.694713520958676,2031
004/008-Cycling-1y-DHAPPQ-ASAQ,78,0.6929296796029732,2031
004/008-Cycling-1y-DHAPPQ-ASAQ,79,0.6878787796054856,2031
004/008-Cycling-1y-DHAPPQ-ASAQ,80,0.6925209600395378,2031
004/008-Cycling-1y-DHAPPQ-ASAQ,81,0.6875377884860661,2031
004/008-Cycling-1y-DHAPPQ-ASAQ,82,0.6717009949918885,2031
004/008-Cycling-1y-DHAPPQ-ASAQ,83,0.7039133663362446,2031
004/008-Cycling-1y-DHAPPQ-ASAQ,84,0.6737547291288347,2031
004/008-Cycling-1y-DHAPPQ-ASAQ,85,0.6730151117284696,2031
004/008-Cycling-1y-DHAPPQ-ASAQ,86,0.7128232541826729,2031
004/008-Cycling-1y-DHAPPQ-ASAQ,87,0.6708635711206794,2031
004/008-Cycling-1y-DHAPPQ-ASAQ,88,0.6801684125597193,2031
004/008-Cycling-1y-DHAPPQ-ASAQ,89,0.6768973516336224,2031
004/008-Cycling-1y-DHAPPQ-ASAQ,90,0.6952029955487417,2031
004/008-Cycling-1y-DHAPPQ-ASAQ,91,0.6823041761357809,2031
004/008-Cycling-1y-DHAPPQ-ASAQ,92,0.71477944717931,2031
004/008-Cycling-1y-DHAPPQ-ASAQ,93,0.6894503278107545,2031
004/008-Cycling-1y-DHAPPQ-ASAQ,94,0.6969317364191773,2031
004/008-Cycling-1y-DHAPPQ-ASAQ,95,0.720541365321758,2031
004/008-Cycling-1y-DHAPPQ-ASAQ,96,0.6901712170388645,2031
004/008-Cycling-1y-DHAPPQ-ASAQ,97,0.6832979644445122,2031
004/008-Cycling-1y-DHAPPQ-ASAQ,98,0.7016113523798003,2031
004/008-Cycling-1y-DHAPPQ-ASAQ,99,0.7077795222744436,2031
004/009-Cycling-1y-AL-ASAQ-DHAPPQ,0,0.6933617541261025,2031
004/009-Cycling-1y-AL-ASAQ-DHAPPQ,1,0.7088328360767234,2031
004/009-Cycling-1y-AL-ASAQ-DHAPPQ,2,0.6919585287565476,2031
004/009-Cycling-1y-AL-ASAQ-DHAPPQ,3,0.7117961089232523,2031
004/009-Cycling-1y-AL-ASAQ-DHAPPQ,4,0.727240776818678,2031
004/009-Cycling-1y-AL-ASAQ-DHAPPQ,5,0.7074490612055265,2031
004/009-Cycling-1y-AL-ASAQ-DHAPPQ,6,0.685855010000369,2031
004/009-Cycling-1y-AL-ASAQ-DHAPPQ,7,0.7076067057142564,2031
004/009-Cycling-1y-AL-ASAQ-DHAPPQ,8,0.710330460031987,2031
004/009-Cycling-1y-AL-ASAQ-DHAPPQ,9,0.704905480162855,2031
004/009-Cycling-1y-AL-ASAQ-DHAPPQ,10,0.7129807889430405,2031
004/009-Cycling-1y-AL-ASAQ-DHAPPQ,11,0.7024691520558757,2031
004/009-Cycling-1y-AL-ASAQ-DHAPPQ,12,0.7047127532741894,2031
004/009-Cycling-1y-AL-ASAQ-DHAPPQ,13,0.7128413283263683,2031
004/009-Cycling-1y-AL-ASAQ-DHAPPQ,14,0.7119167181555633,2031
004/009-Cycling-1y-AL-ASAQ-DHAPPQ,15,0.703402413481062,2031
004/009-Cycling-1y-AL-ASAQ-DHAPPQ,16,0.7219184157607449,2031
004/009-Cycling-1y-AL-ASAQ-DHAPPQ,17,0.7090891941237752,2031
004/009-Cycling-1y-AL-ASAQ-DHAPPQ,18,0.7125260993909177,2031
004/009-Cycling-1y-AL-ASAQ-DHAPPQ,19,0.7100306248862163,2031
004/009-Cycling-1y-AL-ASAQ-DHAPPQ,20,0.7362811947948412,2031
004/009-Cycling-1y-AL-ASAQ-DHAPPQ,21,0.7149373529567967,2031
004/009-Cycling-1y-AL-ASAQ-DHAPPQ,22,0.7199030682053859,2031
004/009-Cycling-1y-AL-ASAQ-DHAPPQ,23,0.745405155873171,2031
004/009-Cycling-1y-AL-ASAQ-DHAPPQ,24,0.7339998601090469,2031
004/009-Cycling-1y-AL-ASAQ-DHAPPQ,25,0.7228374305602544,2031
004/009-Cycling-1y-AL-ASAQ-DHAPPQ,26,0.7189505015351031,2031
004/009-Cycling-1y-AL-ASAQ-DHAPPQ,27,0.7277355314816477,2031
004/009-Cycling-1y-AL-ASAQ-DHAPPQ,28,0.6939645677555322,2031
004/009-Cycling-1y-AL-ASAQ-DHAPPQ,29,0.7057803991964916,2031
004/009-Cycling-1y-AL-ASAQ-DHAPPQ,30,0.7017328173190936,2031
004/009-Cycling-1y-AL-ASAQ-DHAPPQ,31,0.7108785634256615,2031
004/009-Cycling-1y-AL-ASAQ-DHAPPQ,32,0.6960010557309307,2031
004/009-Cycling-1y-AL-ASAQ-DHAPPQ,33,0.7368426761933282,2031
004/009-Cycling-1y-AL-ASAQ-DHAPPQ,34,0.706371257079416,2031
004/009-Cycling-1y-AL-ASAQ-DHAPPQ,35,0.7213158418748965,2031
004/009-Cycling-1y-AL-ASAQ-DHAPPQ,36,0.7280380284832605,2031
004/009-Cycling-1y-AL-ASAQ-DHAPPQ,37,0.725638592154287,2031
004/009-Cycling-1y-AL-ASAQ-DHAPPQ,38,0.6875454454502384,2031
004/009-Cycling-1y-AL-ASAQ-DHAPPQ,39,0.7128995746099779,2031
004/009-Cycling-1y-AL-ASAQ-DHAPPQ,40,0.7182564483431912,2031
004/009-Cycling-1y-AL-ASAQ-DHAPPQ,41,0.7165173259671546,2031
004/009-Cycling-1y-AL-ASAQ-DHAPPQ,42,0.7090458162203217,2031
004/009-Cycling-1y-AL-ASAQ-DHAPPQ,43,0.7459939079625811,2031
004/009-Cycling-1y-AL-ASAQ-DHAPPQ,44,0.6961507089162563,2031
004/009-Cycling-1y-AL-ASAQ-DHAPPQ,45,0.7279363622789249,2031
004/009-Cycling-1y-AL-ASAQ-DHAPPQ,46,0.7177214924767155,2031
004/009-Cycling-1y-AL-ASAQ-DHAPPQ,47,0.7213612749936956,2031
004/009-Cycling-1y-AL-ASAQ-DHAPPQ,48,0.7583306127786158,2031
004/009-Cycling-1y-AL-ASAQ-DHAPPQ,49,0.6975389067020764,2031
004/009-Cycling-1y-AL-ASAQ-DHAPPQ,50,0.7274389874477775,2031
004/009-Cycling-1y-AL-ASAQ-DHAPPQ,51,0.6737032875892078,2031
004/009-Cycling-1y-AL-ASAQ-DHAPPQ,52,0.7092536020940451,2031
004/009-Cycling-1y-AL-ASAQ-DHAPPQ,53,0.7414677306614501,2031
004/009-Cycling-1y-AL-ASAQ-DHAPPQ,54,0.6913956882743147,2031
004/009-Cycling-1y-AL-ASAQ-DHAPPQ,55,0.7167694600169537,2031
004/009-Cycling-1y-AL-ASAQ-DHAPPQ,56,0.7048130080130578,2031
004/009-Cycling-1y-AL-ASAQ-DHAPPQ,57,0.7102562525048902,2031
004/009-Cycling-1y-AL-ASAQ-DHAPPQ,58,0.7302129063631252,2031
004/009-Cycling-1y-AL-ASAQ-DHAPPQ,59,0.7235504272514937,2031
004/009-Cycling-1y-AL-ASAQ-DHAPPQ,60,0.6887671967209269,2031
004/009-Cycling-1y-AL-ASAQ-DHAPPQ,61,0.7340635159533195,2031
004/009-Cycling-1y-AL-ASAQ-DHAPPQ,62,0.730772835683494,2031
004/009-Cycling-1y-AL-ASAQ-DHAPPQ,63,0.6895841410586709,2031
004/009-Cycling-1y-AL-ASAQ-DHAPPQ,64,0.7174613462668525,2031
004/009-Cycling-1y-AL-ASAQ-DHAPPQ,65,0.7072114456492916,2031
004/009-Cycling-1y-AL-ASAQ-DHAPPQ,66,0.7239705315981914,2031
004/009-Cycling-1y-AL-ASAQ-DHAPPQ,67,0.7289831797011797,2031
004/009-Cycling-1y-AL-ASAQ-DHAPPQ,68,0.6940486437745838,2031
004/009-Cycling-1y-AL-ASAQ-DHAPPQ,69,0.7222888446859548,2031
004/009-Cycling-1y-AL-ASAQ-DHAPPQ,70,0.717639926090663,2031
004/009-Cycling-1y-AL-ASAQ-DHAPPQ,71,0.7231109778510593,2031
004/009-Cycling-1y-AL-ASAQ-DHAPPQ,72,0.7256287748343274,2031
004/009-Cycling-1y-AL-ASAQ-DHAPPQ,73,0.7238479506658756,2031
004/009-Cycling-1y-AL-ASAQ-DHAPPQ,74,0.7365874137668004,2031
004/009-Cycling-1y-AL-ASAQ-DHAPPQ,75,0.738301983411664,2031
004/009-Cycling-1y-AL-ASAQ-DHAPPQ,76,0.6993499258974207,2031
004/009-Cycling-1y-AL-ASAQ-DHAPPQ,77,0.7222758813521791,2031
004/009-Cycling-1y-AL-ASAQ-DHAPPQ,78,0.7009179854255311,2031
004/009-Cycling-1y-AL-ASAQ-DHAPPQ,79,0.7056169350802096,2031
004/009-Cycling-1y-AL-ASAQ-DHAPPQ,80,0.7082555357596387,2031
004/009-Cycling-1y-AL-ASAQ-DHAPPQ,81,0.707674555985717,2031
004/009-Cycling-1y-AL-ASAQ-DHAPPQ,82,0.6897345034619756,2031
004/009-Cycling-1y-AL-ASAQ-DHAPPQ,83,0.7186505502001039,2031
004/009-Cycling-1y-AL-ASAQ-DHAPPQ,84,0.7211898639316128,2031
004/009-Cycling-1y-AL-ASAQ-DHAPPQ,85,0.6958490721847931,2031
004/009-Cycling-1y-AL-ASAQ-DHAPPQ,86,0.7293990701803751,2031
004/009-Cycling-1y-AL-ASAQ-DHAPPQ,87,0.6802959461442172,2031
004/009-Cycling-1y-AL-ASAQ-DHAPPQ,88,0.7203327952464194,2031
004/009-Cycling-1y-AL-ASAQ-DHAPPQ,89,0.7374478911176672,2031
004/009-Cycling-1y-AL-ASAQ-DHAPPQ,90,0.7042725706771732,2031
004/009-Cycling-1y-AL-ASAQ-DHAPPQ,91,0.7156287407278029,2031
004/009-Cycling-1y-AL-ASAQ-DHAPPQ,92,0.7328595205439296,2031
004/009-Cycling-1y-AL-ASAQ-DHAPPQ,93,0.6540993124895597,2031
004/009-Cycling-1y-AL-ASAQ-DHAPPQ,94,0.7382593729630241,2031
004/009-Cycling-1y-AL-ASAQ-DHAPPQ,95,0.7264696850521516,2031
004/009-Cycling-1y-AL-ASAQ-DHAPPQ,96,0.7194768600779805,2031
004/009-Cycling-1y-AL-ASAQ-DHAPPQ,97,0.7117400794801858,2031
004/009-Cycling-1y-AL-ASAQ-DHAPPQ,98,0.7259106493808886,2031
004/009-Cycling-1y-AL-ASAQ-DHAPPQ,99,0.7007740076771851,2031
004/010-Cycling-1y-AL-DHAPPQ-ASAQ,0,0.7117485840074615,2031
004/010-Cycling-1y-AL-DHAPPQ-ASAQ,1,0.7238388539133535,2031
004/010-Cycling-1y-AL-DHAPPQ-ASAQ,2,0.7213083301761544,2031
004/010-Cycling-1y-AL-DHAPPQ-ASAQ,3,0.6913479075058566,2031
004/010-Cycling-1y-AL-DHAPPQ-ASAQ,4,0.7224161921835877,2031
004/010-Cycling-1y-AL-DHAPPQ-ASAQ,5,0.7056570265804426,2031
004/010-Cycling-1y-AL-DHAPPQ-ASAQ,6,0.7092322379365877,2031
004/010-Cycling-1y-AL-DHAPPQ-ASAQ,7,0.7067407851595062,2031
004/010-Cycling-1y-AL-DHAPPQ-ASAQ,8,0.7340437965516454,2031
004/010-Cycling-1y-AL-DHAPPQ-ASAQ,9,0.7407003310870678,2031
004/010-Cycling-1y-AL-DHAPPQ-ASAQ,10,0.7303587720241497,2031
004/010-Cycling-1y-AL-DHAPPQ-ASAQ,11,0.6904891488292803,2031
004/010-Cycling-1y-AL-DHAPPQ-ASAQ,12,0.6787143804998207,2031
004/010-Cycling-1y-AL-DHAPPQ-ASAQ,13,0.723704443221573,2031
004/010-Cycling-1y-AL-DHAPPQ-ASAQ,14,0.733342799435759,2031
004/010-Cycling-1y-AL-DHAPPQ-ASAQ,15,0.7343648573917162,2031
004/010-Cycling-1y-AL-DHAPPQ-ASAQ,16,0.7456529834460804,2031
004/010-Cycling-1y-AL-DHAPPQ-ASAQ,17,0.7508740837640944,2031
004/010-Cycling-1y-AL-DHAPPQ-ASAQ,18,0.7201907569145888,2031
004/010-Cycling-1y-AL-DHAPPQ-ASAQ,19,0.7297972376297293,2031
004/010-Cycling-1y-AL-DHAPPQ-ASAQ,20,0.7202779231295232,2031
004/010-Cycling-1y-AL-DHAPPQ-ASAQ,21,0.7317810033487225,2031
004/010-Cycling-1y-AL-DHAPPQ-ASAQ,22,0.7222895663029139,2031
004/010-Cycling-1y-AL-DHAPPQ-ASAQ,23,0.6927436236791652,2031
004/010-Cycling-1y-AL-DHAPPQ-ASAQ,24,0.7180810289197243,2031
004/010-Cycling-1y-AL-DHAPPQ-ASAQ,25,0.7016864371853044,2031
004/010-Cycling-1y-AL-DHAPPQ-ASAQ,26,0.737650042490814,2031
004/010-Cycling-1y-AL-DHAPPQ-ASAQ,27,0.7311789564116603,2031
004/010-Cycling-1y-AL-DHAPPQ-ASAQ,28,0.7233588048154022,2031
004/010-Cycling-1y-AL-DHAPPQ-ASAQ,29,0.7500128287580913,2031
004/010-Cycling-1y-AL-DHAPPQ-ASAQ,30,0.724852415598289,2031
004/010-Cycling-1y-AL-DHAPPQ-ASAQ,31,0.7183940361521839,2031
004/010-Cycling-1y-AL-DHAPPQ-ASAQ,32,0.7132923644835754,2031
004/010-Cycling-1y-AL-DHAPPQ-ASAQ,33,0.7165595616466461,2031
004/010-Cycling-1y-AL-DHAPPQ-ASAQ,34,0.7198625861763711,2031
004/010-Cycling-1y-AL-DHAPPQ-ASAQ,35,0.7190913414377066,2031
004/010-Cycling-1y-AL-DHAPPQ-ASAQ,36,0.716135266618476,2031
004/010-Cycling-1y-AL-DHAPPQ-ASAQ,37,0.717329156646171,2031
004/010-Cycling-1y-AL-DHAPPQ-ASAQ,38,0.726907858327971,2031
004/010-Cycling-1y-AL-DHAPPQ-ASAQ,39,0.7001578756780343,2031
004/010-Cycling-1y-AL-DHAPPQ-ASAQ,40,0.7209874498902407,2031
004/010-Cycling-1y-AL-DHAPPQ-ASAQ,41,0.7173515201057962,2031
004/010-Cycling-1y-AL-DHAPPQ-ASAQ,42,0.7123602553006848,2031
004/010-Cycling-1y-AL-DHAPPQ-ASAQ,43,0.7146507156598706,2031
004/010-Cycling-1y-AL-DHAPPQ-ASAQ,44,0.7455279371307051,2031
004/010-Cycling-1y-AL-DHAPPQ-ASAQ,45,0.7044873492380682,2031
004/010-Cycling-1y-AL-DHAPPQ-ASAQ,46,0.6968093792864455,2031
004/010-Cycling-1y-AL-DHAPPQ-ASAQ,47,0.7024204454662492,2031
004/010-Cycling-1y-AL-DHAPPQ-ASAQ,48,0.7121419030998218,2031
004/010-Cycling-1y-AL-DHAPPQ-ASAQ,49,0.7296154820592063,2031
004/010-Cycling-1y-AL-DHAPPQ-ASAQ,50,0.7496406755411696,2031
004/010-Cycling-1y-AL-DHAPPQ-ASAQ,51,0.6992883060463216,2031
004/010-Cycling-1y-AL-DHAPPQ-ASAQ,52,0.7177825757018401,2031
004/010-Cycling-1y-AL-DHAPPQ-ASAQ,53,0.7212458408126817,2031
004/010-Cycling-1y-AL-DHAPPQ-ASAQ,54,0.7182891060675316,2031
004/010-Cycling-1y-AL-DHAPPQ-ASAQ,55,0.7237162103306595,2031
004/010-Cycling-1y-AL-DHAPPQ-ASAQ,56,0.7326822003931676,2031
004/010-Cycling-1y-AL-DHAPPQ-ASAQ,57,0.7176628967600859,2031
004/010-Cycling-1y-AL-DHAPPQ-ASAQ,58,0.7168077776738354,2031
004/010-Cycling-1y-AL-DHAPPQ-ASAQ,59,0.6831695454226666,2031
004/010-Cycling-1y-AL-DHAPPQ-ASAQ,60,0.7168607270677864,2031
004/010-Cycling-1y-AL-DHAPPQ-ASAQ,61,0.7185584163181248,2031
004/010-Cycling-1y-AL-DHAPPQ-ASAQ,62,0.7257251004721987,2031
004/010-Cycling-1y-AL-DHAPPQ-ASAQ,63,0.6923833973769602,2031
004/010-Cycling-1y-AL-DHAPPQ-ASAQ,64,0.7260081688778448,2031
004/010-Cycling-1y-AL-DHAPPQ-ASAQ,65,0.7320831137753333,2031
004/010-Cycling-1y-AL-DHAPPQ-ASAQ,66,0.7031893182116664,2031
004/010-Cycling-1y-AL-DHAPPQ-ASAQ,67,0.7290128570435755,2031
004/010-Cycling-1y-AL-DHAPPQ-ASAQ,68,0.71549303809423,2031
004/010-Cycling-1y-AL-DHAPPQ-ASAQ,69,0.7125450091851787,2031
004/010-Cycling-1y-AL-DHAPPQ-ASAQ,70,0.7199330040270918,2031
004/010-Cycling-1y-AL-DHAPPQ-ASAQ,71,0.720687773412204,2031
004/010-Cycling-1y-AL-DHAPPQ-ASAQ,72,0.7087598492131534,2031
004/010-Cycling-1y-AL-DHAPPQ-ASAQ,73,0.6981734829144502,2031
004/010-Cycling-1y-AL-DHAPPQ-ASAQ,74,0.7263372620299985,2031
004/010-Cycling-1y-AL-DHAPPQ-ASAQ,75,0.7012627674710877,2031
004/010-Cycling-1y-AL-DHAPPQ-ASAQ,76,0.7053065125520069,2031
004/010-Cycling-1y-AL-DHAPPQ-ASAQ,77,0.7191412962725084,2031
004/010-Cycling-1y-AL-DHAPPQ-ASAQ,78,0.7285618165960308,2031
004/010-Cycling-1y-AL-DHAPPQ-ASAQ,79,0.7343490807055121,2031
004/010-Cycling-1y-AL-DHAPPQ-ASAQ,80,0.7380577680326722,2031
004/010-Cycling-1y-AL-DHAPPQ-ASAQ,81,0.722356335674965,2031
004/010-Cycling-1y-AL-DHAPPQ-ASAQ,82,0.7243187211320161,2031
004/010-Cycling-1y-AL-DHAPPQ-ASAQ,83,0.7024780659368979,2031
004/010-Cycling-1y-AL-DHAPPQ-ASAQ,84,0.7067353902742356,2031
004/010-Cycling-1y-AL-DHAPPQ-ASAQ,85,0.7126357428713687,2031
004/010-Cycling-1y-AL-DHAPPQ-ASAQ,86,0.6963774789024839,2031
004/010-Cycling-1y-AL-DHAPPQ-ASAQ,87,0.7187175450103706,2031
004/010-Cycling-1y-AL-DHAPPQ-ASAQ,88,0.7274730748874965,2031
004/010-Cycling-1y-AL-DHAPPQ-ASAQ,89,0.7060779742471525,2031
004/010-Cycling-1y-AL-DHAPPQ-ASAQ,90,0.7472771019661568,2031
004/010-Cycling-1y-AL-DHAPPQ-ASAQ,91,0.6972206974211551,2031
004/010-Cycling-1y-AL-DHAPPQ-ASAQ,92,0.7216958209911332,2031
004/010-Cycling-1y-AL-DHAPPQ-ASAQ,93,0.7205285696895666,2031
004/010-Cycling-1y-AL-DHAPPQ-ASAQ,94,0.6961525928650459,2031
004/010-Cycling-1y-AL-DHAPPQ-ASAQ,95,0.721369168429323,2031
004/010-Cycling-1y-AL-DHAPPQ-ASAQ,96,0.6884238151410154,2031
004/010-Cycling-1y-AL-DHAPPQ-ASAQ,97,0.728037256313816,2031
004/010-Cycling-1y-AL-DHAPPQ-ASAQ,98,0.7149144828838021,2031
004/010-Cycling-1y-AL-DHAPPQ-ASAQ,99,0.7204436985784506,2031
004/011-Cycling-1y-ASAQ-AL-DHAPPQ,0,0.7190981402945652,2031
004/011-Cycling-1y-ASAQ-AL-DHAPPQ,1,0.7326348553312064,2031
004/011-Cycling-1y-ASAQ-AL-DHAPPQ,2,0.740083352130191,2031
004/011-Cycling-1y-ASAQ-AL-DHAPPQ,3,0.7125925473165801,2031
004/011-Cycling-1y-ASAQ-AL-DHAPPQ,4,0.7131778372844573,2031
004/011-Cycling-1y-ASAQ-AL-DHAPPQ,5,0.7413809070884115,2031
004/011-Cycling-1y-ASAQ-AL-DHAPPQ,6,0.705865439651853,2031
004/011-Cycling-1y-ASAQ-AL-DHAPPQ,7,0.7277731441211178,2031
004/011-Cycling-1y-ASAQ-AL-DHAPPQ,8,0.735002255091458,2031
004/011-Cycling-1y-ASAQ-AL-DHAPPQ,9,0.728581832526368,2031
004/011-Cycling-1y-ASAQ-AL-DHAPPQ,10,0.700319866787347,2031
004/011-Cycling-1y-ASAQ-AL-DHAPPQ,11,0.7347738067661314,2031
004/011-Cycling-1y-ASAQ-AL-DHAPPQ,12,0.71744406372955,2031
004/011-Cycling-1y-ASAQ-AL-DHAPPQ,13,0.7050947216583249,2031
004/011-Cycling-1y-ASAQ-AL-DHAPPQ,14,0.7386966995004424,2031
004/011-Cycling-1y-ASAQ-AL-DHAPPQ,15,0.7061755344941355,2031
004/011-Cycling-1y-ASAQ-AL-DHAPPQ,16,0.7175028278151111,2031
004/011-Cycling-1y-ASAQ-AL-DHAPPQ,17,0.7169072578303003,2031
004/011-Cycling-1y-ASAQ-AL-DHAPPQ,18,0.7347741886818687,2031
004/011-Cycling-1y-ASAQ-AL-DHAPPQ,19,0.7123377502405287,2031
004/011-Cycling-1y-ASAQ-AL-DHAPPQ,20,0.7320527996592746,2031
004/011-Cycling-1y-ASAQ-AL-DHAPPQ,21,0.7163303175990953,2031
004/011-Cycling-1y-ASAQ-AL-DHAPPQ,22,0.7398217354246133,2031
004/011-Cycling-1y-ASAQ-AL-DHAPPQ,23,0.7120785800493038,2031
004/011-Cycling-1y-ASAQ-AL-DHAPPQ,24,0.7379732318380005,2031
004/011-Cycling-1y-ASAQ-AL-DHAPPQ,25,0.7260515976929164,2031
004/011-Cycling-1y-ASAQ-AL-DHAPPQ,26,0.723673139167627,2031
004/011-Cycling-1y-ASAQ-AL-DHAPPQ,27,0.7333070742815918,2031
004/011-Cycling-1y-ASAQ-AL-DHAPPQ,28,0.7242111719207639,2031
004/011-Cycling-1y-ASAQ-AL-DHAPPQ,29,0.7121105861707372,2031
004/011-Cycling-1y-ASAQ-AL-DHAPPQ,30,0.7234995674869239,2031
004/011-Cycling-1y-ASAQ-AL-DHAPPQ,31,0.7168551017423814,2031
004/011-Cycling-1y-ASAQ-AL-DHAPPQ,32,0.7190695746267521,2031
004/011-Cycling-1y-ASAQ-AL-DHAPPQ,33,0.746176517059122,2031
004/011-Cycling-1y-ASAQ-AL-DHAPPQ,34,0.7350547830096517,2031
004/011-Cycling-1y-ASAQ-AL-DHAPPQ,35,0.7455093338666635,2031
004/011-Cycling-1y-ASAQ-AL-DHAPPQ,36,0.7451770405229127,2031
004/011-Cycling-1y-ASAQ-AL-DHAPPQ,37,0.7195653681432818,2031
004/011-Cycling-1y-ASAQ-AL-DHAPPQ,38,0.760212476539198,2031
004/011-Cycling-1y-ASAQ-AL-DHAPPQ,39,0.728518463006576,2031
004/011-Cycling-1y-ASAQ-AL-DHAPPQ,40,0.7132009350735277,2031
004/011-Cycling-1y-ASAQ-AL-DHAPPQ,41,0.735705067103646,2031
004/011-Cycling-1y-ASAQ-AL-DHAPPQ,42,0.6902005567591744,2031
004/011-Cycling-1y-ASAQ-AL-DHAPPQ,43,0.7484314658146879,2031
004/011-Cycling-1y-ASAQ-AL-DHAPPQ,44,0.7537130198704222,2031
004/011-Cycling-1y-ASAQ-AL-DHAPPQ,45,0.7262776597635824,2031
004/011-Cycling-1y-ASAQ-AL-DHAPPQ,46,0.7266012524864293,2031
004/011-Cycling-1y-ASAQ-AL-DHAPPQ,47,0.7312516837880394,2031
004/011-Cycling-1y-ASAQ-AL-DHAPPQ,48,0.7138414068665737,2031
004/011-Cycling-1y-ASAQ-AL-DHAPPQ,49,0.7393256149097587,2031
004/011-Cycling-1y-ASAQ-AL-DHAPPQ,50,0.7640371013075565,2031
004/011-Cycling-1y-ASAQ-AL-DHAPPQ,51,0.733700243732939,2031
004/011-Cycling-1y-ASAQ-AL-DHAPPQ,52,0.7286682990598695,2031
004/011-Cycling-1y-ASAQ-AL-DHAPPQ,53,0.7181901472128108,2031
004/011-Cycling-1y-ASAQ-AL-DHAPPQ,54,0.7140870751555357,2031
004/011-Cycling-1y-ASAQ-AL-DHAPPQ,55,0.7059908370120397,2031
004/011-Cycling-1y-ASAQ-AL-DHAPPQ,56,0.718117146569253,2031
004/011-Cycling-1y-ASAQ-AL-DHAPPQ,57,0.7149951211311641,2031
004/011-Cycling-1y-ASAQ-AL-DHAPPQ,58,0.7666906638593134,2031
004/011-Cycling-1y-ASAQ-AL-DHAPPQ,59,0.7351798655139664,2031
004/011-Cycling-1y-ASAQ-AL-DHAPPQ,60,0.7522407735071331,2031
004/011-Cycling-1y-ASAQ-AL-DHAPPQ,61,0.6982616967998502,2031
004/011-Cycling-1y-ASAQ-AL-DHAPPQ,62,0.7355081472247961,2031
004/011-Cycling-1y-ASAQ-AL-DHAPPQ,63,0.7259433396190071,2031
004/011-Cycling-1y-ASAQ-AL-DHAPPQ,64,0.7117858084968546,2031
004/011-Cycling-1y-ASAQ-AL-DHAPPQ,65,0.705984072415903,2031
004/011-Cycling-1y-ASAQ-AL-DHAPPQ,66,0.7029383946171088,2031
004/011-Cycling-1y-ASAQ-AL-DHAPPQ,67,0.7103215385737597,2031
004/011-Cycling-1y-ASAQ-AL-DHAPPQ,68,0.7207846864285705,2031
004/011-Cycling-1y-ASAQ-AL-DHAPPQ,69,0.7163200436520861,2031
004/011-Cycling-1y-ASAQ-AL-DHAPPQ,70,0.6975689131192153,2031
004/011-Cycling-1y-ASAQ-AL-DHAPPQ,71,0.6949597741888763,2031
004/011-Cycling-1y-ASAQ-AL-DHAPPQ,72,0.7580842743482985,2031
004/011-Cycling-1y-ASAQ-AL-DHAPPQ,73,0.7490835707733025,2031
004/011-Cycling-1y-ASAQ-AL-DHAPPQ,74,0.7288963139236141,2031
004/011-Cycling-1y-ASAQ-AL-DHAPPQ,75,0.7352158141944553,2031
004/011-Cycling-1y-ASAQ-AL-DHAPPQ,76,0.7188164270551445,2031
004/011-Cycling-1y-ASAQ-AL-DHAPPQ,77,0.7450514972451785,2031
004/011-Cycling-1y-ASAQ-AL-DHAPPQ,78,0.7304610095864873,2031
004/011-Cycling-1y-ASAQ-AL-DHAPPQ,79,0.7328196830331438,2031
004/011-Cycling-1y-ASAQ-AL-DHAPPQ,80,0.7028470056242527,2031
004/011-Cycling-1y-ASAQ-AL-DHAPPQ,81,0.7311247177059821,2031
004/011-Cycling-1y-ASAQ-AL-DHAPPQ,82,0.7132726392628214,2031
004/011-Cycling-1y-ASAQ-AL-DHAPPQ,83,0.6774553484035687,2031
004/011-Cycling-1y-ASAQ-AL-DHAPPQ,84,0.6951655473318658,2031
004/011-Cycling-1y-ASAQ-AL-DHAPPQ,85,0.7128650760478094,2031
004/011-Cycling-1y-ASAQ-AL-DHAPPQ,86,0.7343031151574295,2031
004/011-Cycling-1y-ASAQ-AL-DHAPPQ,87,0.7376217008770521,2031
004/011-Cycling-1y-ASAQ-AL-DHAPPQ,88,0.7156565707752077,2031
004/011-Cycling-1y-ASAQ-AL-DHAPPQ,89,0.7557823682020687,2031
004/011-Cycling-1y-ASAQ-AL-DHAPPQ,90,0.7128027412314992,2031
004/011-Cycling-1y-ASAQ-AL-DHAPPQ,91,0.7025355591916878,2031
004/011-Cycling-1y-ASAQ-AL-DHAPPQ,92,0.6879268244204232,2031
004/011-Cycling-1y-ASAQ-AL-DHAPPQ,93,0.7393107558349659,2031
004/011-Cycling-1y-ASAQ-AL-DHAPPQ,94,0.7396879258586172,2031
004/011-Cycling-1y-ASAQ-AL-DHAPPQ,95,0.7470912096780546,2031
004/011-Cycling-1y-ASAQ-AL-DHAPPQ,96,0.7475292086443103,2031
004/011-Cycling-1y-ASAQ-AL-DHAPPQ,97,0.7328128247403681,2031
004/011-Cycling-1y-ASAQ-AL-DHAPPQ,98,0.7317977626168299,2031
004/011-Cycling-1y-ASAQ-AL-DHAPPQ,99,0.7504782312910088,2031
004/012-Cycling-1y-ASAQ-DHAPPQ-AL,0,0.7294554999455635,2031
004/012-Cycling-1y-ASAQ-DHAPPQ-AL,1,0.7178880663061692,2031
004/012-Cycling-1y-ASAQ-DHAPPQ-AL,2,0.7053988123992911,2031
004/012-Cycling-1y-ASAQ-DHAPPQ-AL,3,0.7061312154102293,2031
004/012-Cycling-1y-ASAQ-DHAPPQ-AL,4,0.7134246449011673,2031
004/012-Cycling-1y-ASAQ-DHAPPQ-AL,5,0.7388158940476547,2031
004/012-Cycling-1y-ASAQ-DHAPPQ-AL,6,0.6977168798725327,2031
004/012-Cycling-1y-ASAQ-DHAPPQ-AL,7,0.7055405781902047,2031
004/012-Cycling-1y-ASAQ-DHAPPQ-AL,8,0.7072216974168306,2031
004/012-Cycling-1y-ASAQ-DHAPPQ-AL,9,0.7257031438810658,2031
004/012-Cycling-1y-ASAQ-DHAPPQ-AL,10,0.7339979493683084,2031
004/012-Cycling-1y-ASAQ-DHAPPQ-AL,11,0.6882035206129341,2031
004/012-Cycling-1y-ASAQ-DHAPPQ-AL,12,0.7369353064850511,2031
004/012-Cycling-1y-ASAQ-DHAPPQ-AL,13,0.713649546618058,2031
004/012-Cycling-1y-ASAQ-DHAPPQ-AL,14,0.7073950788830685,2031
004/012-Cycling-1y-ASAQ-DHAPPQ-AL,15,0.7278651832756217,2031
004/012-Cycling-1y-ASAQ-DHAPPQ-AL,16,0.7329412280003726,2031
004/012-Cycling-1y-ASAQ-DHAPPQ-AL,17,0.7146693618231678,2031
004/012-Cycling-1y-ASAQ-DHAPPQ-AL,18,0.710720361314401,2031
004/012-Cycling-1y-ASAQ-DHAPPQ-AL,19,0.7176175513479363,2031
004/012-Cycling-1y-ASAQ-DHAPPQ-AL,20,0.7108507101167518,2031
004/012-Cycling-1y-ASAQ-DHAPPQ-AL,21,0.7225037165670939,2031
004/012-Cycling-1y-ASAQ-DHAPPQ-AL,22,0.7223855391192262,2031
004/012-Cycling-1y-ASAQ-DHAPPQ-AL,23,0.7402605448249537,2031
004/012-Cycling-1y-ASAQ-DHAPPQ-AL,24,0.7106893385174726,2031
004/012-Cycling-1y-ASAQ-DHAPPQ-AL,25,0.7272567438466954,2031
004/012-Cycling-1y-ASAQ-DHAPPQ-AL,26,0.725511050184525,2031
004/012-Cycling-1y-ASAQ-DHAPPQ-AL,27,0.7177388131031074,2031
004/012-Cycling-1y-ASAQ-DHAPPQ-AL,28,0.7521815081017653,2031
004/012-Cycling-1y-ASAQ-DHAPPQ-AL,29,0.7143556690455268,2031
004/012-Cycling-1y-ASAQ-DHAPPQ-AL,30,0.7267176073772399,2031
004/012-Cycling-1y-ASAQ-DHAPPQ-AL,31,0.700268276193497,2031
004/012-Cycling-1y-ASAQ-DHAPPQ-AL,32,0.7025228067785759,2031
004/012-Cycling-1y-ASAQ-DHAPPQ-AL,33,0.7312279867335563,2031
004/012-Cycling-1y-ASAQ-DHAPPQ-AL,34,0.7051493210407519,2031
004/012-Cycling-1y-ASAQ-DHAPPQ-AL,35,0.7274263422887176,2031
004/012-Cycling-1y-ASAQ-DHAPPQ-AL,36,0.7310129819110674,2031
004/012-Cycling-1y-ASAQ-DHAPPQ-AL,37,0.6989545064481869,2031
004/012-Cycling-1y-ASAQ-DHAPPQ-AL,38,0.71452469366846,2031
004/012-Cycling-1y-ASAQ-DHAPPQ-AL,39,0.6804604042086903,2031
004/012-Cycling-1y-ASAQ-DHAPPQ-AL,40,0.7064994212204457,2031
004/012-Cycling-1y-ASAQ-DHAPPQ-AL,41,0.7102564552346783,2031
004/012-Cycling-1y-ASAQ-DHAPPQ-AL,42,0.6973348834261798,2031
004/012-Cycling-1y-ASAQ-DHAPPQ-AL,43,0.737601738527478,2031
004/012-Cycling-1y-ASAQ-DHAPPQ-AL,44,0.7252818919768629,2031
004/012-Cycling-1y-ASAQ-DHAPPQ-AL,45,0.7272517881660922,2031
004/012-Cycling-1y-ASAQ-DHAPPQ-AL,46,0.6998428289399552,2031
004/012-Cycling-1y-ASAQ-DHAPPQ-AL,47,0.7001393362533843,2031
004/012-Cycling-1y-ASAQ-DHAPPQ-AL,48,0.7137080897541396,2031
004/012-Cycling-1y-ASAQ-DHAPPQ-AL,49,0.7281989020722163,2031
004/012-Cycling-1y-ASAQ-DHAPPQ-AL,50,0.719280899188676,2031
004/012-Cycling-1y-ASAQ-DHAPPQ-AL,51,0.6944055103037009,2031
004/012-Cycling-1y-ASAQ-DHAPPQ-AL,52,0.6980821484402967,2031
004/012-Cycling-1y-ASAQ-DHAPPQ-AL,53,0.7317764124503444,2031
004/012-Cycling-1y-ASAQ-DHAPPQ-AL,54,0.7122600721088806,2031
004/012-Cycling-1y-ASAQ-DHAPPQ-AL,55,0.7324238829547466,2031
004/012-Cycling-1y-ASAQ-DHAPPQ-AL,56,0.713301518645642,2031
004/012-Cycling-1y-ASAQ-DHAPPQ-AL,57,0.7177911752660804,2031
004/012-Cycling-1y-ASAQ-DHAPPQ-AL,58,0.7234346442387554,2031
004/012-Cycling-1y-ASAQ-DHAPPQ-AL,59,0.6990871246734924,2031
004/012-Cycling-1y-ASAQ-DHAPPQ-AL,60,0.7018284078096598,2031
004/012-Cycling-1y-ASAQ-DHAPPQ-AL,61,0.7048913783019155,2031
004/012-Cycling-1y-ASAQ-DHAPPQ-AL,62,0.6949461273064461,2031
004/012-Cycling-1y-ASAQ-DHAPPQ-AL,63,0.7164772865623726,2031
004/012-Cycling-1y-ASAQ-DHAPPQ-AL,64,0.7276007796955524,2031
004/012-Cycling-1y-ASAQ-DHAPPQ-AL,65,0.7551498518135841,2031
004/012-Cycling-1y-ASAQ-DHAPPQ-AL,66,0.7388518310647619,2031
004/012-Cycling-1y-ASAQ-DHAPPQ-AL,67,0.7340744347587344,2031
004/012-Cycling-1y-ASAQ-DHAPPQ-AL,68,0.7222904446279457,2031
004/012-Cycling-1y-ASAQ-DHAPPQ-AL,69,0.7408074960292619,2031
004/012-Cycling-1y-ASAQ-DHAPPQ-AL,70,0.73578648636127,2031
004/012-Cycling-1y-ASAQ-DHAPPQ-AL,71,0.6878619745747238,2031
004/012-Cycling-1y-ASAQ-DHAPPQ-AL,72,0.6908604953133292,2031
004/012-Cycling-1y-ASAQ-DHAPPQ-AL,73,0.7004676104587116,2031
004/012-Cycling-1y-ASAQ-DHAPPQ-AL,74,0.7240805701291751,2031
004/012-Cycling-1y-ASAQ-DHAPPQ-AL,75,0.7399667945001549,2031
004/012-Cycling-1y-ASAQ-DHAPPQ-AL,76,0.696848153422167,2031
004/012-Cycling-1y-ASAQ-DHAPPQ-AL,77,0.7138933274835549,2031
004/012-Cycling-1y-ASAQ-DHAPPQ-AL,78,0.723664622624597,2031
004/012-Cycling-1y-ASAQ-DHAPPQ-AL,79,0.6939438968352537,2031
004/012-Cycling-1y-ASAQ-DHAPPQ-AL,80,0.7172321062082103,2031
004/012-Cycling-1y-ASAQ-DHAPPQ-AL,81,0.6999511966296098,2031
004/012-Cycling-1y-ASAQ-DHAPPQ-AL,82,0.7318412372494336,2031
004/012-Cycling-1y-ASAQ-DHAPPQ-AL,83,0.6736188719024265,2031
004/012-Cycling-1y-ASAQ-DHAPPQ-AL,84,0.706200093142368,2031
004/012-Cycling-1y-ASAQ-DHAPPQ-AL,85,0.705333936342598,2031
004/012-Cycling-1y-ASAQ-DHAPPQ-AL,86,0.7173116511858179,2031
004/012-Cycling-1y-ASAQ-DHAPPQ-AL,87,0.7311978993860885,2031
004/012-Cycling-1y-ASAQ-DHAPPQ-AL,88,0.7022259162721115,2031
004/012-Cycling-1y-ASAQ-DHAPPQ-AL,89,0.704935686728429,2031
004/012-Cycling-1y-ASAQ-DHAPPQ-AL,90,0.727971281879331,2031
004/012-Cycling-1y-ASAQ-DHAPPQ-AL,91,0.7224100326562201,2031
004/012-Cycling-1y-ASAQ-DHAPPQ-AL,92,0.7326354342956778,2031
004/012-Cycling-1y-ASAQ-DHAPPQ-AL,93,0.7035895530248535,2031
004/012-Cycling-1y-ASAQ-DHAPPQ-AL,94,0.7019879146313449,2031
004/012-Cycling-1y-ASAQ-DHAPPQ-AL,95,0.679429994151585,2031
004/012-Cycling-1y-ASAQ-DHAPPQ-AL,96,0.7167178768930963,2031
004/012-Cycling-1y-ASAQ-DHAPPQ-AL,97,0.7477213297656758,2031
004/012-Cycling-1y-ASAQ-DHAPPQ-AL,98,0.7118676534636058,2031
004/012-Cycling-1y-ASAQ-DHAPPQ-AL,99,0.7193654071961935,2031
004/013-Cycling-1y-DHAPPQ-AL-ASAQ,0,0.7466433715168223,2031
004/013-Cycling-1y-DHAPPQ-AL-ASAQ,1,0.7349576785638124,2031
004/013-Cycling-1y-DHAPPQ-AL-ASAQ,2,0.7242375803776547,2031
004/013-Cycling-1y-DHAPPQ-AL-ASAQ,3,0.7320676096728106,2031
004/013-Cycling-1y-DHAPPQ-AL-ASAQ,4,0.7299801283862705,2031
004/013-Cycling-1y-DHAPPQ-AL-ASAQ,5,0.7359220128978543,2031
004/013-Cycling-1y-DHAPPQ-AL-ASAQ,6,0.6895626742935438,2031
004/013-Cycling-1y-DHAPPQ-AL-ASAQ,7,0.7166543945096183,2031
004/013-Cycling-1y-DHAPPQ-AL-ASAQ,8,0.7419580814871423,2031
004/013-Cycling-1y-DHAPPQ-AL-ASAQ,9,0.7255000487932325,2031
004/013-Cycling-1y-DHAPPQ-AL-ASAQ,10,0.7325663399228143,2031
004/013-Cycling-1y-DHAPPQ-AL-ASAQ,11,0.7227718012849665,2031
004/013-Cycling-1y-DHAPPQ-AL-ASAQ,12,0.7269001233725229,2031
004/013-Cycling-1y-DHAPPQ-AL-ASAQ,13,0.6989382803980843,2031
004/013-Cycling-1y-DHAPPQ-AL-ASAQ,14,0.7165180309186779,2031
004/013-Cycling-1y-DHAPPQ-AL-ASAQ,15,0.7276159184489314,2031
004/013-Cycling-1y-DHAPPQ-AL-ASAQ,16,0.6985772258097541,2031
004/013-Cycling-1y-DHAPPQ-AL-ASAQ,17,0.7581066254606812,2031
004/013-Cycling-1y-DHAPPQ-AL-ASAQ,18,0.7236130011567182,2031
004/013-Cycling-1y-DHAPPQ-AL-ASAQ,19,0.726890862545217,2031
004/013-Cycling-1y-DHAPPQ-AL-ASAQ,20,0.7496429573365022,2031
004/013-Cycling-1y-DHAPPQ-AL-ASAQ,21,0.754781729587619,2031
004/013-Cycling-1y-DHAPPQ-AL-ASAQ,22,0.7201945677708642,2031
004/013-Cycling-1y-DHAPPQ-AL-ASAQ,23,0.7359519757961088,2031
004/013-Cycling-1y-DHAPPQ-AL-ASAQ,24,0.7151490472161011,2031
004/013-Cycling-1y-DHAPPQ-AL-ASAQ,25,0.7387426098036994,2031
004/013-Cycling-1y-DHAPPQ-AL-ASAQ,26,0.7271930845850437,2031
004/013-Cycling-1y-DHAPPQ-AL-ASAQ,27,0.7462343689286931,2031
004/013-Cycling-1y-DHAPPQ-AL-ASAQ,28,0.7198004132916377,2031
004/013-Cycling-1y-DHAPPQ-AL-ASAQ,29,0.7025859615593874,2031
004/013-Cycling-1y-DHAPPQ-AL-ASAQ,30,0.7507010606759792,2031
004/013-Cycling-1y-DHAPPQ-AL-ASAQ,31,0.7238702330221475,2031
004/013-Cycling-1y-DHAPPQ-AL-ASAQ,32,0.7249695735849015,2031
004/013-Cycling-1y-DHAPPQ-AL-ASAQ,33,0.7216869797732026,2031
004/013-Cycling-1y-DHAPPQ-AL-ASAQ,34,0.7052538334369828,2031
004/013-Cycling-1y-DHAPPQ-AL-ASAQ,35,0.7148063538117676,2031
004/013-Cycling-1y-DHAPPQ-AL-ASAQ,36,0.7080495466942262,2031
004/013-Cycling-1y-DHAPPQ-AL-ASAQ,37,0.7140226537884041,2031
004/013-Cycling-1y-DHAPPQ-AL-ASAQ,38,0.7213830496755153,2031
004/013-Cycling-1y-DHAPPQ-AL-ASAQ,39,0.7331978748338589,2031
004/013-Cycling-1y-DHAPPQ-AL-ASAQ,40,0.714920159565933,2031
004/013-Cycling-1y-DHAPPQ-AL-ASAQ,41,0.7181829821457043,2031
004/013-Cycling-1y-DHAPPQ-AL-ASAQ,42,0.6975397194949756,2031
004/013-Cycling-1y-DHAPPQ-AL-ASAQ,43,0.7419394468808361,2031
004/013-Cycling-1y-DHAPPQ-AL-ASAQ,44,0.6869562186924609,2031
004/013-Cycling-1y-DHAPPQ-AL-ASAQ,45,0.7403899777767523,2031
004/013-Cycling-1y-DHAPPQ-AL-ASAQ,46,0.7049314788978763,2031
004/013-Cycling-1y-DHAPPQ-AL-ASAQ,47,0.7432317074860598,2031
004/013-Cycling-1y-DHAPPQ-AL-ASAQ,48,0.717138207932671,2031
004/013-Cycling-1y-DHAPPQ-AL-ASAQ,49,0.6985550808237124,2031
004/013-Cycling-1y-DHAPPQ-AL-ASAQ,50,0.7331631161530922,2031
004/013-Cycling-1y-DHAPPQ-AL-ASAQ,51,0.7456012723583566,2031
004/013-Cycling-1y-DHAPPQ-AL-ASAQ,52,0.754936899264986,2031
004/013-Cycling-1y-DHAPPQ-AL-ASAQ,53,0.7533426155966622,2031
004/013-Cycling-1y-DHAPPQ-AL-ASAQ,54,0.7224328357107596,2031
004/013-Cycling-1y-DHAPPQ-AL-ASAQ,55,0.7106794560024373,2031
004/013-Cycling-1y-DHAPPQ-AL-ASAQ,56,0.7349806079796304,2031
004/013-Cycling-1y-DHAPPQ-AL-ASAQ,57,0.7435453689536317,2031
004/013-Cycling-1y-DHAPPQ-AL-ASAQ,58,0.7376324504143511,2031
004/013-Cycling-1y-DHAPPQ-AL-ASAQ,59,0.7309264947653785,2031
004/013-Cycling-1y-DHAPPQ-AL-ASAQ,60,0.7225514585524216,2031
004/013-Cycling-1y-DHAPPQ-AL-ASAQ,61,0.723862259336698,2031
004/013-Cycling-1y-DHAPPQ-AL-ASAQ,62,0.7263592282931963,2031
004/013-Cycling-1y-DHAPPQ-AL-ASAQ,63,0.726636243587917,2031
004/013-Cycling-1y-DHAPPQ-AL-ASAQ,64,0.7299271718161425,2031
004/013-Cycling-1y-DHAPPQ-AL-ASAQ,65,0.7522096353495847,2031
004/013-Cycling-1y-DHAPPQ-AL-ASAQ,66,0.7167645019905672,2031
004/013-Cycling-1y-DHAPPQ-AL-ASAQ,67,0.7197305781346531,2031
004/013-Cycling-1y-DHAPPQ-AL-ASAQ,68,0.7361329591509532,2031
004/013-Cycling-1y-DHAPPQ-AL-ASAQ,69,0.7301621999498366,2031
004/013-Cycling-1y-DHAPPQ-AL-ASAQ,70,0.7158924595656169,2031
004/013-Cycling-1y-DHAPPQ-AL-ASAQ,71,0.7417291583436797,2031
004/013-Cycling-1y-DHAPPQ-AL-ASAQ,72,0.7436187352247484,2031
004/013-Cycling-1y-DHAPPQ-AL-ASAQ,73,0.7340487572530302,2031
004/013-Cycling-1y-DHAPPQ-AL-ASAQ,74,0.7131993194485435,2031
004/013-Cycling-1y-DHAPPQ-AL-ASAQ,75,0.7264779932790026,2031
004/013-Cycling-1y-DHAPPQ-AL-ASAQ,76,0.7133954930085493,2031
004/013-Cycling-1y-DHAPPQ-AL-ASAQ,77,0.7409124625780735,2031
004/013-Cycling-1y-DHAPPQ-AL-ASAQ,78,0.7107042088230627,2031
004/013-Cycling-1y-DHAPPQ-AL-ASAQ,79,0.7735678599742037,2031
004/013-Cycling-1y-DHAPPQ-AL-ASAQ,80,0.7179079841194153,2031
004/013-Cycling-1y-DHAPPQ-AL-ASAQ,81,0.741823246753221,2031
004/013-Cycling-1y-DHAPPQ-AL-ASAQ,82,0.710265235982119,2031
004/013-Cycling-1y-DHAPPQ-AL-ASAQ,83,0.728896044605701,2031
004/013-Cycling-1y-DHAPPQ-AL-ASAQ,84,0.7202845571719779,2031
004/013-Cycling-1y-DHAPPQ-AL-ASAQ,85,0.7475786235020077,2031
004/013-Cycling-1y-DHAPPQ-AL-ASAQ,86,0.708417812558722,2031
004/013-Cycling-1y-DHAPPQ-AL-ASAQ,87,0.7391944626837482,2031
004/013-Cycling-1y-DHAPPQ-AL-ASAQ,88,0.7534406512123087,2031
004/013-Cycling-1y-DHAPPQ-AL-ASAQ,89,0.7300339330047829,2031
004/013-Cycling-1y-DHAPPQ-AL-ASAQ,90,0.7271377673491335,2031
004/013-Cycling-1y-DHAPPQ-AL-ASAQ,91,0.7131685627091723,2031
004/013-Cycling-1y-DHAPPQ-AL-ASAQ,92,0.7299783661156382,2031
004/013-Cycling-1y-DHAPPQ-AL-ASAQ,93,0.7154265128662091,2031
004/013-Cycling-1y-DHAPPQ-AL-ASAQ,94,0.7548405827884187,2031
004/013-Cycling-1y-DHAPPQ-AL-ASAQ,95,0.7278328059236924,2031
004/013-Cycling-1y-DHAPPQ-AL-ASAQ,96,0.7375923273300028,2031
004/013-Cycling-1y-DHAPPQ-AL-ASAQ,97,0.7164496003316093,2031
004/013-Cycling-1y-DHAPPQ-AL-ASAQ,98,0.7533405183960445,2031
004/013-Cycling-1y-DHAPPQ-AL-ASAQ,99,0.724272021144719,2031
004/014-Cycling-1y-DHAPPQ-ASAQ-AL,0,0.7420326209620685,2031
004/014-Cycling-1y-DHAPPQ-ASAQ-AL,1,0.6904339023138721,2031
004/014-Cycling-1y-DHAPPQ-ASAQ-AL,2,0.7096451640219041,2031
004/014-Cycling-1y-DHAPPQ-ASAQ-AL,3,0.7432589961750588,2031
004/014-Cycling-1y-DHAPPQ-ASAQ-AL,4,0.6988863529086576,2031
004/014-Cycling-1y-DHAPPQ-ASAQ-AL,5,0.7126147839867735,2031
004/014-Cycling-1y-DHAPPQ-ASAQ-AL,6,0.7141605435241588,2031
004/014-Cycling-1y-DHAPPQ-ASAQ-AL,7,0.7216211930764498,2031
004/014-Cycling-1y-DHAPPQ-ASAQ-AL,8,0.7443176938950256,2031
004/014-Cycling-1y-DHAPPQ-ASAQ-AL,9,0.709697457272656,2031
004/014-Cycling-1y-DHAPPQ-ASAQ-AL,10,0.7103734552373836,2031
004/014-Cycling-1y-DHAPPQ-ASAQ-AL,11,0.7010604355105317,2031
004/014-Cycling-1y-DHAPPQ-ASAQ-AL,12,0.7405927436550913,2031
004/014-Cycling-1y-DHAPPQ-ASAQ-AL,13,0.6740174540790463,2031
004/014-Cycling-1y-DHAPPQ-ASAQ-AL,14,0.7064215615039764,2031
004/014-Cycling-1y-DHAPPQ-ASAQ-AL,15,0.7394490008078668,2031
004/014-Cycling-1y-DHAPPQ-ASAQ-AL,16,0.7070704686824197,2031
004/014-Cycling-1y-DHAPPQ-ASAQ-AL,17,0.7133560487815577,2031
004/014-Cycling-1y-DHAPPQ-ASAQ-AL,18,0.7180415790149631,2031
004/014-Cycling-1y-DHAPPQ-ASAQ-AL,19,0.7191421323047545,2031
004/014-Cycling-1y-DHAPPQ-ASAQ-AL,20,0.7156603461451322,2031
004/014-Cycling-1y-DHAPPQ-ASAQ-AL,21,0.7356872447791646,2031
004/014-Cycling-1y-DHAPPQ-ASAQ-AL,22,0.6890388090664902,2031
004/014-Cycling-1y-DHAPPQ-ASAQ-AL,23,0.7117160481778172,2031
004/014-Cycling-1y-DHAPPQ-ASAQ-AL,24,0.6817988143611915,2031
004/014-Cycling-1y-DHAPPQ-ASAQ-AL,25,0.7382088685434905,2031
004/014-Cycling-1y-DHAPPQ-ASAQ-AL,26,0.7283935261610747,2031
004/014-Cycling-1y-DHAPPQ-ASAQ-AL,27,0.6941775956235404,2031
004/014-Cycling-1y-DHAPPQ-ASAQ-AL,28,0.694310708547217,2031
004/014-Cycling-1y-DHAPPQ-ASAQ-AL,29,0.7384115906663397,2031
004/014-Cycling-1y-DHAPPQ-ASAQ-AL,30,0.7115645001493912,2031
004/014-Cycling-1y-DHAPPQ-ASAQ-AL,31,0.6737418852376534,2031
004/014-Cycling-1y-DHAPPQ-ASAQ-AL,32,0.7071989628358125,2031
004/014-Cycling-1y-DHAPPQ-ASAQ-AL,33,0.7146664808286443,2031
004/014-Cycling-1y-DHAPPQ-ASAQ-AL,34,0.7174075366482918,2031
004/014-Cycling-1y-DHAPPQ-ASAQ-AL,35,0.711078181868916,2031
004/014-Cycling-1y-DHAPPQ-ASAQ-AL,36,0.7263391859697163,2031
004/014-Cycling-1y-DHAPPQ-ASAQ-AL,37,0.6850273503539751,2031
004/014-Cycling-1y-DHAPPQ-ASAQ-AL,38,0.719521623580342,2031
004/014-Cycling-1y-DHAPPQ-ASAQ-AL,39,0.7140685904873391,2031
004/014-Cycling-1y-DHAPPQ-ASAQ-AL,40,0.6900519536438282,2031
004/014-Cycling-1y-DHAPPQ-ASAQ-AL,41,0.7436225249962852,2031
004/014-Cycling-1y-DHAPPQ-ASAQ-AL,42,0.6924558061228745,2031
004/014-Cycling-1y-DHAPPQ-ASAQ-AL,43,0.7084453391776528,2031
004/014-Cycling-1y-DHAPPQ-ASAQ-AL,44,0.7205032138907304,2031
004/014-Cycling-1y-DHAPPQ-ASAQ-AL,45,0.683624549771687,2031
004/014-Cycling-1y-DHAPPQ-ASAQ-AL,46,0.7197190950336365,2031
004/014-Cycling-1y-DHAPPQ-ASAQ-AL,47,0.6965797499444397,2031
004/014-Cycling-1y-DHAPPQ-ASAQ-AL,48,0.6825461365294875,2031
004/014-Cycling-1y-DHAPPQ-ASAQ-AL,49,0.72461812316337,2031
004/014-Cycling-1y-DHAPPQ-ASAQ-AL,50,0.7113012834248605,2031
004/014-Cycling-1y-DHAPPQ-ASAQ-AL,51,0.7119934921869202,2031
004/014-Cycling-1y-DHAPPQ-ASAQ-AL,52,0.7176420861038585,2031
004/014-Cycling-1y-DHAPPQ-ASAQ-AL,53,0.7072413283948276,2031
004/014-Cycling-1y-DHAPPQ-ASAQ-AL,54,0.701033450761854,2031
004/014-Cycling-1y-DHAPPQ-ASAQ-AL,55,0.6980121697979068,2031
004/014-Cycling-1y-DHAPPQ-ASAQ-AL,56,0.7219098715074582,2031
004/014-Cycling-1y-DHAPPQ-ASAQ-AL,57,0.7110619928158882,2031
004/014-Cycling-1y-DHAPPQ-ASAQ-AL,58,0.690126031831037,2031
004/014-Cycling-1y-DHAPPQ-ASAQ-AL,59,0.6887455298368584,2031
004/014-Cycling-1y-DHAPPQ-ASAQ-AL,60,0.7069998379865964,2031
004/014-Cycling-1y-DHAPPQ-ASAQ-AL,61,0.7183286448733339,2031
004/014-Cycling-1y-DHAPPQ-ASAQ-AL,62,0.7294730872661842,2031
004/014-Cycling-1y-DHAPPQ-ASAQ-AL,63,0.7010705859326767,2031
004/014-Cycling-1y-DHAPPQ-ASAQ-AL,64,0.6877026205410185,2031
004/014-Cycling-1y-DHAPPQ-ASAQ-AL,65,0.692072285511776,2031
004/014-Cycling-1y-DHAPPQ-ASAQ-AL,66,0.7305089548010568,2031
004/014-Cycling-1y-DHAPPQ-ASAQ-AL,67,0.7301699998657497,2031
004/014-Cycling-1y-DHAPPQ-ASAQ-AL,68,0.7252326953417878,2031
004/014-Cycling-1y-DHAPPQ-ASAQ-AL,69,0.7292471496416518,2031
004/014-Cycling-1y-DHAPPQ-ASAQ-AL,70,0.7007070568619533,2031
004/014-Cycling-1y-DHAPPQ-ASAQ-AL,71,0.7326357473282892,2031
004/014-Cycling-1y-DHAPPQ-ASAQ-AL,72,0.7035423608391711,2031
004/014-Cycling-1y-DHAPPQ-ASAQ-AL,73,0.7073944578754224,2031
004/014-Cycling-1y-DHAPPQ-ASAQ-AL,74,0.6737122125985495,2031
004/014-Cycling-1y-DHAPPQ-ASAQ-AL,75,0.7301183482530877,2031
004/014-Cycling-1y-DHAPPQ-ASAQ-AL,76,0.7229554494838845,2031
004/014-Cycling-1y-DHAPPQ-ASAQ-AL,77,0.7260928924755419,2031
004/014-Cycling-1y-DHAPPQ-ASAQ-AL,78,0.7433748979512149,2031
004/014-Cycling-1y-DHAPPQ-ASAQ-AL,79,0.7020891791381825,2031
004/014-Cycling-1y-DHAPPQ-ASAQ-AL,80,0.6901057945285546,2031
004/014-Cycling-1y-DHAPPQ-ASAQ-AL,81,0.7084299607892178,2031
004/014-Cycling-1y-DHAPPQ-ASAQ-AL,82,0.7059446287148711,2031
004/014-Cycling-1y-DHAPPQ-ASAQ-AL,83,0.7117705201807865,2031
004/014-Cycling-1y-DHAPPQ-ASAQ-AL,84,0.7064066084260116,2031
004/014-Cycling-1y-DHAPPQ-ASAQ-AL,85,0.7176122129457512,2031
004/014-Cycling-1y-DHAPPQ-ASAQ-AL,86,0.7002254389459396,2031
004/014-Cycling-1y-DHAPPQ-ASAQ-AL,87,0.7019694710074864,2031
004/014-Cycling-1y-DHAPPQ-ASAQ-AL,88,0.7062392036074009,2031
004/014-Cycling-1y-DHAPPQ-ASAQ-AL,89,0.7245747164399087,2031
004/014-Cycling-1y-DHAPPQ-ASAQ-AL,90,0.6862287348075369,2031
004/014-Cycling-1y-DHAPPQ-ASAQ-AL,91,0.7387709420173053,2031
004/014-Cycling-1y-DHAPPQ-ASAQ-AL,92,0.6898425528456503,2031
004/014-Cycling-1y-DHAPPQ-ASAQ-AL,93,0.7084002548486333,2031
004/014-Cycling-1y-DHAPPQ-ASAQ-AL,94,0.7615342128007665,2031
004/014-Cycling-1y-DHAPPQ-ASAQ-AL,95,0.7435346442575316,2031
004/014-Cycling-1y-DHAPPQ-ASAQ-AL,96,0.7215033831511183,2031
004/014-Cycling-1y-DHAPPQ-ASAQ-AL,97,0.7284437604133857,2031
004/014-Cycling-1y-DHAPPQ-ASAQ-AL,98,0.6988653623867793,2031
004/014-Cycling-1y-DHAPPQ-ASAQ-AL,99,0.6914182684604283,2031
004/015-Cycling-2y-AL-ASAQ,0,0.7242199097787401,2031
004/015-Cycling-2y-AL-ASAQ,1,0.7677503226872097,2031
004/015-Cycling-2y-AL-ASAQ,2,0.7600277748293655,2031
004/015-Cycling-2y-AL-ASAQ,3,0.7913682545592763,2031
004/015-Cycling-2y-AL-ASAQ,4,0.7459604979599471,2031
004/015-Cycling-2y-AL-ASAQ,5,0.7667342275681589,2031
004/015-Cycling-2y-AL-ASAQ,6,0.756535341557011,2031
004/015-Cycling-2y-AL-ASAQ,7,0.7668008024485357,2031
004/015-Cycling-2y-AL-ASAQ,8,0.7837020274403339,2031
004/015-Cycling-2y-AL-ASAQ,9,0.7970397024733048,2031
004/015-Cycling-2y-AL-ASAQ,10,0.777139610379427,2031
004/015-Cycling-2y-AL-ASAQ,11,0.7665711561954981,2031
004/015-Cycling-2y-AL-ASAQ,12,0.7904840995040864,2031
004/015-Cycling-2y-AL-ASAQ,13,0.7464424697516455,2031
004/015-Cycling-2y-AL-ASAQ,14,0.7573684251773662,2031
004/015-Cycling-2y-AL-ASAQ,15,0.7573367584939211,2031
004/015-Cycling-2y-AL-ASAQ,16,0.7835206792391999,2031
004/015-Cycling-2y-AL-ASAQ,17,0.7419992772887855,2031
004/015-Cycling-2y-AL-ASAQ,18,0.7594614515294221,2031
004/015-Cycling-2y-AL-ASAQ,19,0.767304492690395,2031
004/015-Cycling-2y-AL-ASAQ,20,0.7463112985700125,2031
004/015-Cycling-2y-AL-ASAQ,21,0.7632475345235381,2031
004/015-Cycling-2y-AL-ASAQ,22,0.7623889012985821,2031
004/015-Cycling-2y-AL-ASAQ,23,0.7843860440820548,2031
004/015-Cycling-2y-AL-ASAQ,24,0.7488693100045265,2031
004/015-Cycling-2y-AL-ASAQ,25,0.7687209109800869,2031
004/015-Cycling-2y-AL-ASAQ,26,0.7779432476306655,2031
004/015-Cycling-2y-AL-ASAQ,27,0.7524317856068522,2031
004/015-Cycling-2y-AL-ASAQ,28,0.7752314550303443,2031
004/015-Cycling-2y-AL-ASAQ,29,0.766380067696873,2031
004/015-Cycling-2y-AL-ASAQ,30,0.7585725660175949,2031
004/015-Cycling-2y-AL-ASAQ,31,0.769931253096776,2031
004/015-Cycling-2y-AL-ASAQ,32,0.7905465685680956,2031
004/015-Cycling-2y-AL-ASAQ,33,0.7645179357155082,2031
004/015-Cycling-2y-AL-ASAQ,34,0.7966165360790076,2031
004/015-Cycling-2y-AL-ASAQ,35,0.7421515634532464,2031
004/015-Cycling-2y-AL-ASAQ,36,0.7625881688474655,2031
004/015-Cycling-2y-AL-ASAQ,37,0.7680058258771781,2031
004/015-Cycling-2y-AL-ASAQ,38,0.7646558915590053,2031
004/015-Cycling-2y-AL-ASAQ,39,0.7561838032745123,2031
004/015-Cycling-2y-AL-ASAQ,40,0.7616336769087003,2031
004/015-Cycling-2y-AL-ASAQ,41,0.778272724698167,2031
004/015-Cycling-2y-AL-ASAQ,42,0.7754375849125467,2031
004/015-Cycling-2y-AL-ASAQ,43,0.7408516759291023,2031
004/015-Cycling-2y-AL-ASAQ,44,0.7668984577550219,2031
004/015-Cycling-2y-AL-ASAQ,45,0.7470740915884185,2031
004/015-Cycling-2y-AL-ASAQ,46,0.7703600042516094,2031
004/015-Cycling-2y-AL-ASAQ,47,0.7239402889763425,2031
004/015-Cycling-2y-AL-ASAQ,48,0.7651878928436604,2031
004/015-Cycling-2y-AL-ASAQ,49,0.7732915691239598,2031
004/015-Cycling-2y-AL-ASAQ,50,0.7343576682600913,2031
004/015-Cycling-2y-AL-ASAQ,51,0.7428114198561503,2031
004/015-Cycling-2y-AL-ASAQ,52,0.7684490433147825,2031
004/015-Cycling-2y-AL-ASAQ,53,0.778261585656922,2031
004/015-Cycling-2y-AL-ASAQ,54,0.7927212537818709,2031
004/015-Cycling-2y-AL-ASAQ,55,0.7559517512266348,2031
004/015-Cycling-2y-AL-ASAQ,56,0.7498218602156758,2031
004/015-Cycling-2y-AL-ASAQ,57,0.7712422413928915,2031
004/015-Cycling-2y-AL-ASAQ,58,0.7516337842822175,2031
004/015-Cycling-2y-AL-ASAQ,59,0.7432098031288931,2031
004/015-Cycling-2y-AL-ASAQ,60,0.7777598830597404,2031
004/015-Cycling-2y-AL-ASAQ,61,0.7559104709660268,2031
004/015-Cycling-2y-AL-ASAQ,62,0.7351547168148298,2031
004/015-Cycling-2y-AL-ASAQ,63,0.7861512501352456,2031
004/015-Cycling-2y-AL-ASAQ,64,0.7771987395448607,2031
004/015-Cycling-2y-AL-ASAQ,65,0.7514105407211145,2031
004/015-Cycling-2y-AL-ASAQ,66,0.7465093994724525,2031
004/015-Cycling-2y-AL-ASAQ,67,0.7790844514126342,2031
004/015-Cycling-2y-AL-ASAQ,68,0.7347163250627183,2031
004/015-Cycling-2y-AL-ASAQ,69,0.7698436907448833,2031
004/015-Cycling-2y-AL-ASAQ,70,0.7686373194885944,2031
004/015-Cycling-2y-AL-ASAQ,71,0.747638407941971,2031
004/015-Cycling-2y-AL-ASAQ,72,0.782365446494666,2031
004/015-Cycling-2y-AL-ASAQ,73,0.7405731805401117,2031
004/015-Cycling-2y-AL-ASAQ,74,0.7585558456925973,2031
004/015-Cycling-2y-AL-ASAQ,75,0.7690830328541272,2031
004/015-Cycling-2y-AL-ASAQ,76,0.7647301497890645,2031
004/015-Cycling-2y-AL-ASAQ,77,0.7357841495613253,2031
004/015-Cycling-2y-AL-ASAQ,78,0.7464767850882977,2031
004/015-Cycling-2y-AL-ASAQ,79,0.7581980855612341,2031
004/015-Cycling-2y-AL-ASAQ,80,0.7800760447407962,2031
004/015-Cycling-2y-AL-ASAQ,81,0.757739370944285,2031
004/015-Cycling-2y-AL-ASAQ,82,0.7392202995534825,2031
004/015-Cycling-2y-AL-ASAQ,83,0.7828406135104942,2031
004/015-Cycling-2y-AL-ASAQ,84,0.7607428557411766,2031
004/015-Cycling-2y-AL-ASAQ,85,0.7636077694281087,2031
004/015-Cycling-2y-AL-ASAQ,86,0.7880998740162816,2031
004/015-Cycling-2y-AL-ASAQ,87,0.7559694075712676,2031
004/015-Cycling-2y-AL-ASAQ,88,0.7548013473478498,2031
004/015-Cycling-2y-AL-ASAQ,89,0.75352727166366,2031
004/015-Cycling-2y-AL-ASAQ,90,0.781108955901014,2031
004/015-Cycling-2y-AL-ASAQ,91,0.7618474368068601,2031
004/015-Cycling-2y-AL-ASAQ,92,0.761246462631679,2031
004/015-Cycling-2y-AL-ASAQ,93,0.7579618316445828,2031
004/015-Cycling-2y-AL-ASAQ,94,0.760028468237067,2031
004/015-Cycling-2y-AL-ASAQ,95,0.7440616096244416,2031
004/015-Cycling-2y-AL-ASAQ,96,0.7437778868850243,2031
004/015-Cycling-2y-AL-ASAQ,97,0.7624884037614638,2031
004/015-Cycling-2y-AL-ASAQ,98,0.7462270017380299,2031
004/015-Cycling-2y-AL-ASAQ,99,0.7503533627680072,2031
004/016-Cycling-2y-AL-DHAPPQ,0,0.7796317708437269,2031
004/016-Cycling-2y-AL-DHAPPQ,1,0.7793023895901253,2031
004/016-Cycling-2y-AL-DHAPPQ,2,0.7748071731708613,2031
004/016-Cycling-2y-AL-DHAPPQ,3,0.7860771884933686,2031
004/016-Cycling-2y-AL-DHAPPQ,4,0.7598630287061744,2031
004/016-Cycling-2y-AL-DHAPPQ,5,0.752034343466268,2031
004/016-Cycling-2y-AL-DHAPPQ,6,0.7485293834695431,2031
004/016-Cycling-2y-AL-DHAPPQ,7,0.7703362556192931,2031
004/016-Cycling-2y-AL-DHAPPQ,8,0.7475188955187809,2031
004/016-Cycling-2y-AL-DHAPPQ,9,0.7617909281208141,2031
004/016-Cycling-2y-AL-DHAPPQ,10,0.7643339825740022,2031
004/016-Cycling-2y-AL-DHAPPQ,11,0.763975358693648,2031
004/016-Cycling-2y-AL-DHAPPQ,12,0.7693296153562236,2031
004/016-Cycling-2y-AL-DHAPPQ,13,0.7815288766333031,2031
004/016-Cycling-2y-AL-DHAPPQ,14,0.7769382145284086,2031
004/016-Cycling-2y-AL-DHAPPQ,15,0.740597414841566,2031
004/016-Cycling-2y-AL-DHAPPQ,16,0.7568294662673231,2031
004/016-Cycling-2y-AL-DHAPPQ,17,0.7640102732056606,2031
004/016-Cycling-2y-AL-DHAPPQ,18,0.7583687399124363,2031
004/016-Cycling-2y-AL-DHAPPQ,19,0.7942959490761853,2031
004/016-Cycling-2y-AL-DHAPPQ,20,0.7712652025596274,2031
004/016-Cycling-2y-AL-DHAPPQ,21,0.759903665478373,2031
004/016-Cycling-2y-AL-DHAPPQ,22,0.7727633807360722,2031
004/016-Cycling-2y-AL-DHAPPQ,23,0.7729676197565866,2031
004/016-Cycling-2y-AL-DHAPPQ,24,0.7767959618700551,2031
004/016-Cycling-2y-AL-DHAPPQ,25,0.7756043509013141,2031
004/016-Cycling-2y-AL-DHAPPQ,26,0.7726163566974197,2031
004/016-Cycling-2y-AL-DHAPPQ,27,0.763995151029962,2031
004/016-Cycling-2y-AL-DHAPPQ,28,0.7818127382339607,2031
004/016-Cycling-2y-AL-DHAPPQ,29,0.7799368259400582,2031
004/016-Cycling-2y-AL-DHAPPQ,30,0.7415456844253381,2031
004/016-Cycling-2y-AL-DHAPPQ,31,0.7607034789110513,2031
004/016-Cycling-2y-AL-DHAPPQ,32,0.7576220561845014,2031
004/016-Cycling-2y-AL-DHAPPQ,33,0.7575339640199679,2031
004/016-Cycling-2y-AL-DHAPPQ,34,0.7773493691131469,2031
004/016-Cycling-2y-AL-DHAPPQ,35,0.7663219984256493,2031
004/016-Cycling-2y-AL-DHAPPQ,36,0.7639832446381666,2031
004/016-Cycling-2y-AL-DHAPPQ,37,0.7914601459714902,2031
004/016-Cycling-2y-AL-DHAPPQ,38,0.7910518130271815,2031
004/016-Cycling-2y-AL-DHAPPQ,39,0.7672958211626798,2031
004/016-Cycling-2y-AL-DHAPPQ,40,0.7731007897420777,2031
004/016-Cycling-2y-AL-DHAPPQ,41,0.8170751788092602,2031
004/016-Cycling-2y-AL-DHAPPQ,42,0.7823957003673127,2031
004/016-Cycling-2y-AL-DHAPPQ,43,0.7608082704295028,2031
004/016-Cycling-2y-AL-DHAPPQ,44,0.7517736711295954,2031
004/016-Cycling-2y-AL-DHAPPQ,45,0.7732105159125456,2031
004/016-Cycling-2y-AL-DHAPPQ,46,0.7741735364884857,2031
004/016-Cycling-2y-AL-DHAPPQ,47,0.7436788490948897,2031
004/016-Cycling-2y-AL-DHAPPQ,48,0.7630013725513604,2031
004/016-Cycling-2y-AL-DHAPPQ,49,0.7640009528018895,2031
004/016-Cycling-2y-AL-DHAPPQ,50,0.7639821237398157,2031
004/016-Cycling-2y-AL-DHAPPQ,51,0.7670909970258722,2031
004/016-Cycling-2y-AL-DHAPPQ,52,0.7726531178416817,2031
004/016-Cycling-2y-AL-DHAPPQ,53,0.7931935855849538,2031
004/016-Cycling-2y-AL-DHAPPQ,54,0.7523488397751573,2031
004/016-Cycling-2y-AL-DHAPPQ,55,0.7732324976534709,2031
004/016-Cycling-2y-AL-DHAPPQ,56,0.7838619452698556,2031
004/016-Cycling-2y-AL-DHAPPQ,57,0.7480730991136441,2031
004/016-Cycling-2y-AL-DHAPPQ,58,0.7634233781725985,2031
004/016-Cycling-2y-AL-DHAPPQ,59,0.7804548927154643,2031
004/016-Cycling-2y-AL-DHAPPQ,60,0.7907354824624537,2031
004/016-Cycling-2y-AL-DHAPPQ,61,0.774730206865024,2031
004/016-Cycling-2y-AL-DHAPPQ,62,0.7758180100406421,2031
004/016-Cycling-2y-AL-DHAPPQ,63,0.7928616818881152,2031
004/016-Cycling-2y-AL-DHAPPQ,64,0.8009115444092445,2031
004/016-Cycling-2y-AL-DHAPPQ,65,0.745104847885258,2031
004/016-Cycling-2y-AL-DHAPPQ,66,0.7680596993958638,2031
004/016-Cycling-2y-AL-DHAPPQ,67,0.7870089871842126,2031
004/016-Cycling-2y-AL-DHAPPQ,68,0.8042558429840029,2031
004/016-Cycling-2y-AL-DHAPPQ,69,0.7626788685112054,2031
004/016-Cycling-2y-AL-DHAPPQ,70,0.7773456336022259,2031
004/016-Cycling-2y-AL-DHAPPQ,71,0.7680927520628028,2031
004/016-Cycling-2y-AL-DHAPPQ,72,0.7664927749577778,2031
004/016-Cycling-2y-AL-DHAPPQ,73,0.7856023904855908,2031
004/016-Cycling-2y-AL-DHAPPQ,74,0.7810301543307775,2031
004/016-Cycling-2y-AL-DHAPPQ,75,0.7342844173866009,2031
004/016-Cycling-2y-AL-DHAPPQ,76,0.7894112254520861,2031
004/016-Cycling-2y-AL-DHAPPQ,77,0.7530850796959534,2031
004/016-Cycling-2y-AL-DHAPPQ,78,0.7893956601417186,2031
004/016-Cycling-2y-AL-DHAPPQ,79,0.7968281535229075,2031
004/016-Cycling-2y-AL-DHAPPQ,80,0.7712861621747263,2031
004/016-Cycling-2y-AL-DHAPPQ,81,0.8032655817774713,2031
004/016-Cycling-2y-AL-DHAPPQ,82,0.7768464442957638,2031
004/016-Cycling-2y-AL-DHAPPQ,83,0.7811231748836245,2031
004/016-Cycling-2y-AL-DHAPPQ,84,0.788884514195504,2031
004/016-Cycling-2y-AL-DHAPPQ,85,0.7988270872889807,2031
004/016-Cycling-2y-AL-DHAPPQ,86,0.7586443777153948,2031
004/016-Cycling-2y-AL-DHAPPQ,87,0.7664479049782932,2031
004/016-Cycling-2y-AL-DHAPPQ,88,0.7716724931217384,2031
004/016-Cycling-2y-AL-DHAPPQ,89,0.7642245410213268,2031
004/016-Cycling-2y-AL-DHAPPQ,90,0.7822284715203011,2031
004/016-Cycling-2y-AL-DHAPPQ,91,0.7388827865687014,2031
004/016-Cycling-2y-AL-DHAPPQ,92,0.7607507090788302,2031
004/016-Cycling-2y-AL-DHAPPQ,93,0.752180221445719,2031
004/016-Cycling-2y-AL-DHAPPQ,94,0.7819408382509758,2031
004/016-Cycling-2y-AL-DHAPPQ,95,0.7564908394648624,2031
004/016-Cycling-2y-AL-DHAPPQ,96,0.7730342063355818,2031
004/016-Cycling-2y-AL-DHAPPQ,97,0.7258111677989257,2031
004/016-Cycling-2y-AL-DHAPPQ,98,0.7787729732379103,2031
004/016-Cycling-2y-AL-DHAPPQ,99,0.7822333249161469,2031
004/017-Cycling-2y-ASAQ-AL,0,0.6969307813357056,2031
004/017-Cycling-2y-ASAQ-AL,1,0.724385479995641,2031
004/017-Cycling-2y-ASAQ-AL,2,0.6914839544622574,2031
004/017-Cycling-2y-ASAQ-AL,3,0.6910698419043909,2031
004/017-Cycling-2y-ASAQ-AL,4,0.7060680087232937,2031
004/017-Cycling-2y-ASAQ-AL,5,0.7279162285405879,2031
004/017-Cycling-2y-ASAQ-AL,6,0.6957750682718277,2031
004/017-Cycling-2y-ASAQ-AL,7,0.7080701507972282,2031
004/017-Cycling-2y-ASAQ-AL,8,0.6948668653676524,2031
004/017-Cycling-2y-ASAQ-AL,9,0.6960650501529702,2031
004/017-Cycling-2y-ASAQ-AL,10,0.7050960648684437,2031
004/017-Cycling-2y-ASAQ-AL,11,0.7023872510311359,2031
004/017-Cycling-2y-ASAQ-AL,12,0.6942159366234644,2031
004/017-Cycling-2y-ASAQ-AL,13,0.7352389014922283,2031
004/017-Cycling-2y-ASAQ-AL,14,0.6884155412011861,2031
004/017-Cycling-2y-ASAQ-AL,15,0.6777709329058355,2031
004/017-Cycling-2y-ASAQ-AL,16,0.7071859114709137,2031
004/017-Cycling-2y-ASAQ-AL,17,0.69400352975571,2031
004/017-Cycling-2y-ASAQ-AL,18,0.7129356856676963,2031
004/017-Cycling-2y-ASAQ-AL,19,0.67516164128102,2031
004/017-Cycling-2y-ASAQ-AL,20,0.7041571994363732,2031
004/017-Cycling-2y-ASAQ-AL,21,0.6811597854346254,2031
004/017-Cycling-2y-ASAQ-AL,22,0.7045166483755229,2031
004/017-Cycling-2y-ASAQ-AL,23,0.6886795083968975,2031
004/017-Cycling-2y-ASAQ-AL,24,0.7183298664828065,2031
004/017-Cycling-2y-ASAQ-AL,25,0.709002378792445,2031
004/017-Cycling-2y-ASAQ-AL,26,0.7068768617620848,2031
004/017-Cycling-2y-ASAQ-AL,27,0.6995657150556077,2031
004/017-Cycling-2y-ASAQ-AL,28,0.7069429790809235,2031
004/017-Cycling-2y-ASAQ-AL,29,0.7278268805669116,2031
004/017-Cycling-2y-ASAQ-AL,30,0.6892170653268358,2031
004/017-Cycling-2y-ASAQ-AL,31,0.6900200968820213,2031
004/017-Cycling-2y-ASAQ-AL,32,0.7068013932932405,2031
004/017-Cycling-2y-ASAQ-AL,33,0.6989844804890942,2031
004/017-Cycling-2y-ASAQ-AL,34,0.7096880753753286,2031
004/017-Cycling-2y-ASAQ-AL,35,0.7086996868081689,2031
004/017-Cycling-2y-ASAQ-AL,36,0.7042277504655695,2031
004/017-Cycling-2y-ASAQ-AL,37,0.6969438994258321,2031
004/017-Cycling-2y-ASAQ-AL,38,0.719993021201423,2031
004/017-Cycling-2y-ASAQ-AL,39,0.6823400665154771,2031
004/017-Cycling-2y-ASAQ-AL,40,0.7001790546755339,2031
004/017-Cycling-2y-ASAQ-AL,41,0.6950679307319896,2031
004/017-Cycling-2y-ASAQ-AL,42,0.7606190024545924,2031
004/017-Cycling-2y-ASAQ-AL,43,0.7212287555443756,2031
004/017-Cycling-2y-ASAQ-AL,44,0.6897873039135854,2031
004/017-Cycling-2y-ASAQ-AL,45,0.6955402194952046,2031
004/017-Cycling-2y-ASAQ-AL,46,0.7268475945405982,2031
004/017-Cycling-2y-ASAQ-AL,47,0.7204339288113587,2031
004/017-Cycling-2y-ASAQ-AL,48,0.7101860867641364,2031
004/017-Cycling-2y-ASAQ-AL,49,0.6916630978711419,2031
004/017-Cycling-2y-ASAQ-AL,50,0.6960484098694742,2031
004/017-Cycling-2y-ASAQ-AL,51,0.6861846234709222,2031
004/017-Cycling-2y-ASAQ-AL,52,0.7103636192052035,2031
004/017-Cycling-2y-ASAQ-AL,53,0.7129183698414111,2031
004/017-Cycling-2y-ASAQ-AL,54,0.7098434619993057,2031
004/017-Cycling-2y-ASAQ-AL,55,0.7237750410426091,2031
004/017-Cycling-2y-ASAQ-AL,56,0.700730458802815,2031
004/017-Cycling-2y-ASAQ-AL,57,0.7094217089840479,2031
004/017-Cycling-2y-ASAQ-AL,58,0.7241194230715348,2031
004/017-Cycling-2y-ASAQ-AL,59,0.7117542094695959,2031
004/017-Cycling-2y-ASAQ-AL,60,0.7039716532421116,2031
004/017-Cycling-2y-ASAQ-AL,61,0.6883161410764732,2031
004/017-Cycling-2y-ASAQ-AL,62,0.6763256815783434,2031
004/017-Cycling-2y-ASAQ-AL,63,0.7320733347087742,2031
004/017-Cycling-2y-ASAQ-AL,64,0.6956033369519353,2031
004/017-Cycling-2y-ASAQ-AL,65,0.6777412634445161,2031
004/017-Cycling-2y-ASAQ-AL,66,0.70966571020056,2031
004/017-Cycling-2y-ASAQ-AL,67,0.7491212673157374,2031
004/017-Cycling-2y-ASAQ-AL,68,0.6820969089168849,2031
004/017-Cycling-2y-ASAQ-AL,69,0.728124635259226,2031
004/017-Cycling-2y-ASAQ-AL,70,0.7193376218558846,2031
004/017-Cycling-2y-ASAQ-AL,71,0.716188297722581,2031
004/017-Cycling-2y-ASAQ-AL,72,0.6783059845514353,2031
004/017-Cycling-2y-ASAQ-AL,73,0.7212757142452975,2031
004/017-Cycling-2y-ASAQ-AL,74,0.6912869951888921,2031
004/017-Cycling-2y-ASAQ-AL,75,0.6985285401104955,2031
004/017-Cycling-2y-ASAQ-AL,76,0.6984018354849545,2031
004/017-Cycling-2y-ASAQ-AL,77,0.6873079276126353,2031
004/017-Cycling-2y-ASAQ-AL,78,0.7211081162548969,2031
004/017-Cycling-2y-ASAQ-AL,79,0.7697482963928937,2031
004/017-Cycling-2y-ASAQ-AL,80,0.6988032642642029,2031
004/017-Cycling-2y-ASAQ-AL,81,0.6503654912816067,2031
004/017-Cycling-2y-ASAQ-AL,82,0.7027920824751654,2031
004/017-Cycling-2y-ASAQ-AL,83,0.6862037568732183,2031
004/017-Cycling-2y-ASAQ-AL,84,0.6764262167548766,2031
004/017-Cycling-2y-ASAQ-AL,85,0.7035125472662571,2031
004/017-Cycling-2y-ASAQ-AL,86,0.7225132710409065,2031
004/017-Cycling-2y-ASAQ-AL,87,0.6863548849433929,2031
004/017-Cycling-2y-ASAQ-AL,88,0.7303362618824224,2031
004/017-Cycling-2y-ASAQ-AL,89,0.7236217042774612,2031
004/017-Cycling-2y-ASAQ-AL,90,0.6845570866063082,2031
004/017-Cycling-2y-ASAQ-AL,91,0.7030520754399231,2031
004/017-Cycling-2y-ASAQ-AL,92,0.7260332068286458,2031
004/017-Cycling-2y-ASAQ-AL,93,0.7344466692777849,2031
004/017-Cycling-2y-ASAQ-AL,94,0.7144894408928576,2031
004/017-Cycling-2y-ASAQ-AL,95,0.7193498159890606,2031
004/017-Cycling-2y-ASAQ-AL,96,0.682878804095469,2031
004/017-Cycling-2y-ASAQ-AL,97,0.7257746987797137,2031
004/017-Cycling-2y-ASAQ-AL,98,0.6794095890383661,2031
004/017-Cycling-2y-ASAQ-AL,99,0.7056951618582598,2031
004/018-Cycling-2y-ASAQ-DHAPPQ,0,0.6518888330362785,2031
004/018-Cycling-2y-ASAQ-DHAPPQ,1,0.7024949281470736,2031
004/018-Cycling-2y-ASAQ-DHAPPQ,2,0.6608031400440172,2031
004/018-Cycling-2y-ASAQ-DHAPPQ,3,0.6623920663891184,2031
004/018-Cycling-2y-ASAQ-DHAPPQ,4,0.6639613586797447,2031
004/018-Cycling-2y-ASAQ-DHAPPQ,5,0.6862123662993814,2031
004/018-Cycling-2y-ASAQ-DHAPPQ,6,0.6648480168827916,2031
004/018-Cycling-2y-ASAQ-DHAPPQ,7,0.6606037861046333,2031
004/018-Cycling-2y-ASAQ-DHAPPQ,8,0.6563136795662469,2031
004/018-Cycling-2y-ASAQ-DHAPPQ,9,0.6901429691263435,2031
004/018-Cycling-2y-ASAQ-DHAPPQ,10,0.6788634947150257,2031
004/018-Cycling-2y-ASAQ-DHAPPQ,11,0.6328173282068641,2031
004/018-Cycling-2y-ASAQ-DHAPPQ,12,0.6404727171679672,2031
004/018-Cycling-2y-ASAQ-DHAPPQ,13,0.683396866606282,2031
004/018-Cycling-2y-ASAQ-DHAPPQ,14,0.650659168499402,2031
004/018-Cycling-2y-ASAQ-DHAPPQ,15,0.6795795534359432,2031
004/018-Cycling-2y-ASAQ-DHAPPQ,16,0.6859299636293353,2031
004/018-Cycling-2y-ASAQ-DHAPPQ,17,0.6628703501099721,2031
004/018-Cycling-2y-ASAQ-DHAPPQ,18,0.6854859995517848,2031
004/018-Cycling-2y-ASAQ-DHAPPQ,19,0.6452347919578151,2031
004/018-Cycling-2y-ASAQ-DHAPPQ,20,0.6851226817284145,2031
004/018-Cycling-2y-ASAQ-DHAPPQ,21,0.6470982397051303,2031
004/018-Cycling-2y-ASAQ-DHAPPQ,22,0.635473290925565,2031
004/018-Cycling-2y-ASAQ-DHAPPQ,23,0.6828009603759303,2031
004/018-Cycling-2y-ASAQ-DHAPPQ,24,0.6878887882554446,2031
004/018-Cycling-2y-ASAQ-DHAPPQ,25,0.6828632991442625,2031
004/018-Cycling-2y-ASAQ-DHAPPQ,26,0.6863742778080756,2031
004/018-Cycling-2y-ASAQ-DHAPPQ,27,0.6643760584804361,2031
004/018-Cycling-2y-ASAQ-DHAPPQ,28,0.6474935655432319,2031
004/018-Cycling-2y-ASAQ-DHAPPQ,29,0.6940348753579659,2031
004/018-Cycling-2y-ASAQ-DHAPPQ,30,0.6719777548808034,2031
004/018-Cycling-2y-ASAQ-DHAPPQ,31,0.6692497652327295,2031
004/018-Cycling-2y-ASAQ-DHAPPQ,32,0.6428776241964609,2031
004/018-Cycling-2y-ASAQ-DHAPPQ,33,0.6994503363579448,2031
004/018-Cycling-2y-ASAQ-DHAPPQ,34,0.6843672304000705,2031
004/018-Cycling-2y-ASAQ-DHAPPQ,35,0.6834483344165249,2031
004/018-Cycling-2y-ASAQ-DHAPPQ,36,0.6533878687881297,2031
004/018-Cycling-2y-ASAQ-DHAPPQ,37,0.6731015814755027,2031
004/018-Cycling-2y-ASAQ-DHAPPQ,38,0.6597580558510514,2031
004/018-Cycling-2y-ASAQ-DHAPPQ,39,0.6595913140724295,2031
004/018-Cycling-2y-ASAQ-DHAPPQ,40,0.6753093441286717,2031
004/018-Cycling-2y-ASAQ-DHAPPQ,41,0.6274081279187014,2031
004/018-Cycling-2y-ASAQ-DHAPPQ,42,0.6544359471284172,2031
004/018-Cycling-2y-ASAQ-DHAPPQ,43,0.6895304430719026,2031
004/018-Cycling-2y-ASAQ-DHAPPQ,44,0.6718871530228787,2031
004/018-Cycling-2y-ASAQ-DHAPPQ,45,0.6678838164264421,2031
004/018-Cycling-2y-ASAQ-DHAPPQ,46,0.6848219079206145,2031
004/018-Cycling-2y-ASAQ-DHAPPQ,47,0.6461743375922274,2031
004/018-Cycling-2y-ASAQ-DHAPPQ,48,0.6810115547178687,2031
004/018-Cycling-2y-ASAQ-DHAPPQ,49,0.6903099954091343,2031
004/018-Cycling-2y-ASAQ-DHAPPQ,50,0.6498174101420019,2031
004/018-Cycling-2y-ASAQ-DHAPPQ,51,0.6709730791504427,2031
004/018-Cycling-2y-ASAQ-DHAPPQ,52,0.6764938758516585,2031
004/018-Cycling-2y-ASAQ-DHAPPQ,53,0.6894142226754171,2031
004/018-Cycling-2y-ASAQ-DHAPPQ,54,0.6723406836936965,2031
004/018-Cycling-2y-ASAQ-DHAPPQ,55,0.6803358559068823,2031
004/018-Cycling-2y-ASAQ-DHAPPQ,56,0.6799735247527585,2031
004/018-Cycling-2y-ASAQ-DHAPPQ,57,0.6993837397820717,2031
004/018-Cycling-2y-ASAQ-DHAPPQ,58,0.6576178852583333,2031
004/018-Cycling-2y-ASAQ-DHAPPQ,59,0.664379437572675,2031
004/018-Cycling-2y-ASAQ-DHAPPQ,60,0.6665476227178035,2031
004/018-Cycling-2y-ASAQ-DHAPPQ,61,0.6803186239607526,2031
004/018-Cycling-2y-ASAQ-DHAPPQ,62,0.6532740444717696,2031
004/018-Cycling-2y-ASAQ-DHAPPQ,63,0.6536450834585087,2031
004/018-Cycling-2y-ASAQ-DHAPPQ,64,0.6794247335195855,2031
004/018-Cycling-2y-ASAQ-DHAPPQ,65,0.6489209709729071,2031
004/018-Cycling-2y-ASAQ-DHAPPQ,66,0.6697411828916476,2031
004/018-Cycling-2y-ASAQ-DHAPPQ,67,0.6531869691299981,2031
004/018-Cycling-2y-ASAQ-DHAPPQ,68,0.643553763990408,2031
004/018-Cycling-2y-ASAQ-DHAPPQ,69,0.6620041248735378,2031
004/018-Cycling-2y-ASAQ-DHAPPQ,70,0.6689975409118146,2031
004/018-Cycling-2y-ASAQ-DHAPPQ,71,0.6460680028712175,2031
004/018-Cycling-2y-ASAQ-DHAPPQ,72,0.6377531473401263,2031
004/018-Cycling-2y-ASAQ-DHAPPQ,73,0.6595235052754965,2031
004/018-Cycling-2y-ASAQ-DHAPPQ,74,0.6807203590883426,2031
004/018-Cycling-2y-ASAQ-DHAPPQ,75,0.6622610065510098,2031
004/018-Cycling-2y-ASAQ-DHAPPQ,76,0.6653586326065943,2031
004/018-Cycling-2y-ASAQ-DHAPPQ,77,0.6635454619884288,2031
004/018-Cycling-2y-ASAQ-DHAPPQ,78,0.6817764237239151,2031
004/018-Cycling-2y-ASAQ-DHAPPQ,79,0.6681628312621891,2031
004/018-Cycling-2y-ASAQ-DHAPPQ,80,0.6647463200459193,2031
004/018-Cycling-2y-ASAQ-DHAPPQ,81,0.636494519658038,2031
004/018-Cycling-2y-ASAQ-DHAPPQ,82,0.643335149034807,2031
004/018-Cycling-2y-ASAQ-DHAPPQ,83,0.6790091621495421,2031
004/018-Cycling-2y-ASAQ-DHAPPQ,84,0.6940258019431886,2031
004/018-Cycling-2y-ASAQ-DHAPPQ,85,0.6552334660617684,2031
004/018-Cycling-2y-ASAQ-DHAPPQ,86,0.6863785305427075,2031
004/018-Cycling-2y-ASAQ-DHAPPQ,87,0.6750576487574955,2031
004/018-Cycling-2y-ASAQ-DHAPPQ,88,0.6832313624769494,2031
004/018-Cycling-2y-ASAQ-DHAPPQ,89,0.659265824388613,2031
004/018-Cycling-2y-ASAQ-DHAPPQ,90,0.6701404388277342,2031
004/018-Cycling-2y-ASAQ-DHAPPQ,91,0.6677270982791031,2031
004/018-Cycling-2y-ASAQ-DHAPPQ,92,0.6455918808964433,2031
004/018-Cycling-2y-ASAQ-DHAPPQ,93,0.6937955981837334,2031
004/018-Cycling-2y-ASAQ-DHAPPQ,94,0.6509379004191872,2031
004/018-Cycling-2y-ASAQ-DHAPPQ,95,0.6951168523745589,2031
004/018-Cycling-2y-ASAQ-DHAPPQ,96,0.65714689177926,2031
004/018-Cycling-2y-ASAQ-DHAPPQ,97,0.6476298432133313,2031
004/018-Cycling-2y-ASAQ-DHAPPQ,98,0.6508056112457429,2031
004/018-Cycling-2y-ASAQ-DHAPPQ,99,0.653723335987255,2031
004/019-Cycling-2y-DHAPPQ-AL,0,0.7865560718124565,2031
004/019-Cycling-2y-DHAPPQ-AL,1,0.7440642127035204,2031
004/019-Cycling-2y-DHAPPQ-AL,2,0.7313504748228344,2031
004/019-Cycling-2y-DHAPPQ-AL,3,0.7345462344625284,2031
004/019-Cycling-2y-DHAPPQ-AL,4,0.7716997625191624,2031
004/019-Cycling-2y-DHAPPQ-AL,5,0.7897931371354755,2031
004/019-Cycling-2y-DHAPPQ-AL,6,0.775637098500419,2031
004/019-Cycling-2y-DHAPPQ-AL,7,0.7681752869673207,2031
004/019-Cycling-2y-DHAPPQ-AL,8,0.753796771527424,2031
004/019-Cycling-2y-DHAPPQ-AL,9,0.740370391382534,2031
004/019-Cycling-2y-DHAPPQ-AL,10,0.7448688256507149,2031
004/019-Cycling-2y-DHAPPQ-AL,11,0.6927691815714985,2031
004/019-Cycling-2y-DHAPPQ-AL,12,0.7761622003506429,2031
004/019-Cycling-2y-DHAPPQ-AL,13,0.7638627549826925,2031
004/019-Cycling-2y-DHAPPQ-AL,14,0.7445436870864786,2031
004/019-Cycling-2y-DHAPPQ-AL,15,0.7777217838500001,2031
004/019-Cycling-2y-DHAPPQ-AL,16,0.7605569055043983,2031
004/019-Cycling-2y-DHAPPQ-AL,17,0.7759428066410406,2031
004/019-Cycling-2y-DHAPPQ-AL,18,0.7964892910163285,2031
004/019-Cycling-2y-DHAPPQ-AL,19,0.7683919897329572,2031
004/019-Cycling-2y-DHAPPQ-AL,20,0.7539786166716769,2031
004/019-Cycling-2y-DHAPPQ-AL,21,0.759628288727236,2031
004/019-Cycling-2y-DHAPPQ-AL,22,0.7246555002575147,2031
004/019-Cycling-2y-DHAPPQ-AL,23,0.7611842056372918,2031
004/019-Cycling-2y-DHAPPQ-AL,24,0.7530661658787209,2031
004/019-Cycling-2y-DHAPPQ-AL,25,0.7570582045363397,2031
004/019-Cycling-2y-DHAPPQ-AL,26,0.8000103407260187,2031
004/019-Cycling-2y-DHAPPQ-AL,27,0.7718733395063554,2031
004/019-Cycling-2y-DHAPPQ-AL,28,0.7406291947670282,2031
004/019-Cycling-2y-DHAPPQ-AL,29,0.7749188737912677,2031
004/019-Cycling-2y-DHAPPQ-AL,30,0.7564935373161014,2031
004/019-Cycling-2y-DHAPPQ-AL,31,0.773536521351952,2031
004/019-Cycling-2y-DHAPPQ-AL,32,0.7500112992478942,2031
004/019-Cycling-2y-DHAPPQ-AL,33,0.7353520493970854,2031
004/019-Cycling-2y-DHAPPQ-AL,34,0.7828771851964064,2031
004/019-Cycling-2y-DHAPPQ-AL,35,0.7717627945131568,2031
004/019-Cycling-2y-DHAPPQ-AL,36,0.7954707083732742,2031
004/019-Cycling-2y-DHAPPQ-AL,37,0.7791936871986831,2031
004/019-Cycling-2y-DHAPPQ-AL,38,0.7790774992573084,2031
004/019-Cycling-2y-DHAPPQ-AL,39,0.7774661196975402,2031
004/019-Cycling-2y-DHAPPQ-AL,40,0.7369690785525634,2031
004/019-Cycling-2y-DHAPPQ-AL,41,0.7531594143659186,2031
004/019-Cycling-2y-DHAPPQ-AL,42,0.7698920035038231,2031
004/019-Cycling-2y-DHAPPQ-AL,43,0.7348092767277818,2031
004/019-Cycling-2y-DHAPPQ-AL,44,0.7510224762204905,2031
004/019-Cycling-2y-DHAPPQ-AL,45,0.7362210505895278,2031
004/019-Cycling-2y-DHAPPQ-AL,46,0.731466629126235,2031
004/019-Cycling-2y-DHAPPQ-AL,47,0.7862761381503406,2031
004/019-Cycling-2y-DHAPPQ-AL,48,0.7564214738337881,2031
004/019-Cycling-2y-DHAPPQ-AL,49,0.7473766359526182,2031
004/019-Cycling-2y-DHAPPQ-AL,50,0.7355622141396272,2031
004/019-Cycling-2y-DHAPPQ-AL,51,0.7795106009515315,2031
004/019-Cycling-2y-DHAPPQ-AL,52,0.7646749497844173,2031
004/019-Cycling-2y-DHAPPQ-AL,53,0.7273942389189695,2031
004/019-Cycling-2y-DHAPPQ-AL,54,0.7744506897420559,2031
004/019-Cycling-2y-DHAPPQ-AL,55,0.7878072022782193,2031
004/019-Cycling-2y-DHAPPQ-AL,56,0.7618868092209187,2031
004/019-Cycling-2y-DHAPPQ-AL,57,0.745347606848583,2031
004/019-Cycling-2y-DHAPPQ-AL,58,0.7394250364605521,2031
004/019-Cycling-2y-DHAPPQ-AL,59,0.7573202753490623,2031
004/019-Cycling-2y-DHAPPQ-AL,60,0.7531333195502984,2031
004/019-Cycling-2y-DHAPPQ-AL,61,0.7631869821270203,2031
004/019-Cycling-2y-DHAPPQ-AL,62,0.7500398279624289,2031
004/019-Cycling-2y-DHAPPQ-AL,63,0.7504690669812564,2031
004/019-Cycling-2y-DHAPPQ-AL,64,0.7512599679483865,2031
004/019-Cycling-2y-DHAPPQ-AL,65,0.7612483522425362,2031
004/019-Cycling-2y-DHAPPQ-AL,66,0.7347174281893217,2031
004/019-Cycling-2y-DHAPPQ-AL,67,0.7564579897804382,2031
004/019-Cycling-2y-DHAPPQ-AL,68,0.752840287410458,2031
004/019-Cycling-2y-DHAPPQ-AL,69,0.7372973390391894,2031
004/019-Cycling-2y-DHAPPQ-AL,70,0.783658163188579,2031
004/019-Cycling-2y-DHAPPQ-AL,71,0.7642916785804511,2031
004/019-Cycling-2y-DHAPPQ-AL,72,0.7850959820986558,2031
004/019-Cycling-2y-DHAPPQ-AL,73,0.7552971480653418,2031
004/019-Cycling-2y-DHAPPQ-AL,74,0.7203675376808425,2031
004/019-Cycling-2y-DHAPPQ-AL,75,0.7402435701491198,2031
004/019-Cycling-2y-DHAPPQ-AL,76,0.7476384352976404,2031
004/019-Cycling-2y-DHAPPQ-AL,77,0.7691218572715292,2031
004/019-Cycling-2y-DHAPPQ-AL,78,0.7655187356197245,2031
004/019-Cycling-2y-DHAPPQ-AL,79,0.7730681523615907,2031
004/019-Cycling-2y-DHAPPQ-AL,80,0.7751429441375101,2031
004/019-Cycling-2y-DHAPPQ-AL,81,0.7729531076927422,2031
004/019-Cycling-2y-DHAPPQ-AL,82,0.7575767042259559,2031
004/019-Cycling-2y-DHAPPQ-AL,83,0.7519709640063635,2031
004/019-Cycling-2y-DHAPPQ-AL,84,0.7552005566831991,2031
004/019-Cycling-2y-DHAPPQ-AL,85,0.7591783635686872,2031
004/019-Cycling-2y-DHAPPQ-AL,86,0.7354039624401788,2031
004/019-Cycling-2y-DHAPPQ-AL,87,0.7746267272984317,2031
004/019-Cycling-2y-DHAPPQ-AL,88,0.7734773414316326,2031
004/019-Cycling-2y-DHAPPQ-AL,89,0.7592594853170226,2031
004/019-Cycling-2y-DHAPPQ-AL,90,0.7787288977077598,2031
004/019-Cycling-2y-DHAPPQ-AL,91,0.7952691672711606,2031
004/019-Cycling-2y-DHAPPQ-AL,92,0.7595930830998273,2031
004/019-Cycling-2y-DHAPPQ-AL,93,0.7601980051534317,2031
004/019-Cycling-2y-DHAPPQ-AL,94,0.7483064514623652,2031
004/019-Cycling-2y-DHAPPQ-AL,95,0.7797486439504392,2031
004/019-Cycling-2y-DHAPPQ-AL,96,0.728817819329633,2031
004/019-Cycling-2y-DHAPPQ-AL,97,0.766609061278665,2031
004/019-Cycling-2y-DHAPPQ-AL,98,0.7443148668416802,2031
004/019-Cycling-2y-DHAPPQ-AL,99,0.7363676684268828,2031
004/020-Cycling-2y-DHAPPQ-ASAQ,0,0.7212382746525101,2031
004/020-Cycling-2y-DHAPPQ-ASAQ,1,0.685269719361636,2031
004/020-Cycling-2y-DHAPPQ-ASAQ,2,0.7042786240584799,2031
004/020-Cycling-2y-DHAPPQ-ASAQ,3,0.734256472818723,2031
004/020-Cycling-2y-DHAPPQ-ASAQ,4,0.7408300096038611,2031
004/020-Cycling-2y-DHAPPQ-ASAQ,5,0.7225314145488763,2031
004/020-Cycling-2y-DHAPPQ-ASAQ,6,0.7087539086651953,2031
004/020-Cycling-2y-DHAPPQ-ASAQ,7,0.7060744817714862,2031
004/020-Cycling-2y-DHAPPQ-ASAQ,8,0.7303179377072887,2031
004/020-Cycling-2y-DHAPPQ-ASAQ,9,0.7746541235354155,2031
004/020-Cycling-2y-DHAPPQ-ASAQ,10,0.7129291412858666,2031
004/020-Cycling-2y-DHAPPQ-ASAQ,11,0.7494303554143539,2031
004/020-Cycling-2y-DHAPPQ-ASAQ,12,0.71420509908562,2031
004/020-Cycling-2y-DHAPPQ-ASAQ,13,0.7076737331583156,2031
004/020-Cycling-2y-DHAPPQ-ASAQ,14,0.7211145171933923,2031
004/020-Cycling-2y-DHAPPQ-ASAQ,15,0.7122293839009505,2031
004/020-Cycling-2y-DHAPPQ-ASAQ,16,0.6970585580618045,2031
004/020-Cycling-2y-DHAPPQ-ASAQ,17,0.6875407236311255,2031
004/020-Cycling-2y-DHAPPQ-ASAQ,18,0.7154882072130478,2031
004/020-Cycling-2y-DHAPPQ-ASAQ,19,0.7052644801182097,2031
004/020-Cycling-2y-DHAPPQ-ASAQ,20,0.6754187372487411,2031
004/020-Cycling-2y-DHAPPQ-ASAQ,21,0.7001160693623302,2031
004/020-Cycling-2y-DHAPPQ-ASAQ,22,0.7263692167283784,2031
004/020-Cycling-2y-DHAPPQ-ASAQ,23,0.7350783277906219,2031
004/020-Cycling-2y-DHAPPQ-ASAQ,24,0.7145035300366369,2031
004/020-Cycling-2y-DHAPPQ-ASAQ,25,0.7172908904259802,2031
004/020-Cycling-2y-DHAPPQ-ASAQ,26,0.7055859945936028,2031
004/020-Cycling-2y-DHAPPQ-ASAQ,27,0.6902886212193372,2031
004/020-Cycling-2y-DHAPPQ-ASAQ,28,0.7037013966322615,2031
004/020-Cycling-2y-DHAPPQ-ASAQ,29,0.7317226844225694,2031
004/020-Cycling-2y-DHAPPQ-ASAQ,30,0.7394112234180588,2031
004/020-Cycling-2y-DHAPPQ-ASAQ,31,0.7337369150047729,2031
004/020-Cycling-2y-DHAPPQ-ASAQ,32,0.7016269154565898,2031
004/020-Cycling-2y-DHAPPQ-ASAQ,33,0.6956959308639692,2031
004/020-Cycling-2y-DHAPPQ-ASAQ,34,0.7277949586646227,2031
004/020-Cycling-2y-DHAPPQ-ASAQ,35,0.6756666134552676,2031
004/020-Cycling-2y-DHAPPQ-ASAQ,36,0.734950655925,2031
004/020-Cycling-2y-DHAPPQ-ASAQ,37,0.6992409612371416,2031
004/020-Cycling-2y-DHAPPQ-ASAQ,38,0.7161019751930264,2031
004/020-Cycling-2y-DHAPPQ-ASAQ,39,0.7114475433329104,2031
004/020-Cycling-2y-DHAPPQ-ASAQ,40,0.6656317520420635,2031
004/020-Cycling-2y-DHAPPQ-ASAQ,41,0.6774694247686089,2031
004/020-Cycling-2y-DHAPPQ-ASAQ,42,0.6921609939450873,2031
004/020-Cycling-2y-DHAPPQ-ASAQ,43,0.7018244421093341,2031
004/020-Cycling-2y-DHAPPQ-ASAQ,44,0.7198654437034246,2031
004/020-Cycling-2y-DHAPPQ-ASAQ,45,0.7657619097670199,2031
004/020-Cycling-2y-DHAPPQ-ASAQ,46,0.7157465992820263,2031
004/020-Cycling-2y-DHAPPQ-ASAQ,47,0.7182746052388808,2031
004/020-Cycling-2y-DHAPPQ-ASAQ,48,0.6878970191294697,2031
004/020-Cycling-2y-DHAPPQ-ASAQ,49,0.7062494730127412,2031
004/020-Cycling-2y-DHAPPQ-ASAQ,50,0.7168985996550336,2031
004/020-Cycling-2y-DHAPPQ-ASAQ,51,0.694823919368312,2031
004/020-Cycling-2y-DHAPPQ-ASAQ,52,0.7188238690582525,2031
004/020-Cycling-2y-DHAPPQ-ASAQ,53,0.7272988378433217,2031
004/020-Cycling-2y-DHAPPQ-ASAQ,54,0.7028820146344285,2031
004/020-Cycling-2y-DHAPPQ-ASAQ,55,0.7049354480571299,2031
004/020-Cycling-2y-DHAPPQ-ASAQ,56,0.725294063009395,2031
004/020-Cycling-2y-DHAPPQ-ASAQ,57,0.7290531521802767,2031
004/020-Cycling-2y-DHAPPQ-ASAQ,58,0.7168605636866955,2031
004/020-Cycling-2y-DHAPPQ-ASAQ,59,0.7068164237235898,2031
004/020-Cycling-2y-DHAPPQ-ASAQ,60,0.7031908969694566,2031
004/020-Cycling-2y-DHAPPQ-ASAQ,61,0.747600773578991,2031
004/020-Cycling-2y-DHAPPQ-ASAQ,62,0.7389589815208321,2031
004/020-Cycling-2y-DHAPPQ-ASAQ,63,0.7079867233179469,2031
004/020-Cycling-2y-DHAPPQ-ASAQ,64,0.6913863527073092,2031
004/020-Cycling-2y-DHAPPQ-ASAQ,65,0.7042387000228295,2031
004/020-Cycling-2y-DHAPPQ-ASAQ,66,0.7136675057482812,2031
004/020-Cycling-2y-DHAPPQ-ASAQ,67,0.7306328450285929,2031
004/020-Cycling-2y-DHAPPQ-ASAQ,68,0.7056590189685289,2031
004/020-Cycling-2y-DHAPPQ-ASAQ,69,0.7222158213114103,2031
004/020-Cycling-2y-DHAPPQ-ASAQ,70,0.7397486146688953,2031
004/020-Cycling-2y-DHAPPQ-ASAQ,71,0.6919176222540085,2031
004/020-Cycling-2y-DHAPPQ-ASAQ,72,0.6922041914346626,2031
004/020-Cycling-2y-DHAPPQ-ASAQ,73,0.711267426030921,2031
004/020-Cycling-2y-DHAPPQ-ASAQ,74,0.7466824309204562,2031
004/020-Cycling-2y-DHAPPQ-ASAQ,75,0.714463974673024,2031
004/020-Cycling-2y-DHAPPQ-ASAQ,76,0.6907733492736234,2031
004/020-Cycling-2y-DHAPPQ-ASAQ,77,0.7250340381610978,2031
004/020-Cycling-2y-DHAPPQ-ASAQ,78,0.7144873784349466,2031
004/020-Cycling-2y-DHAPPQ-ASAQ,79,0.73612057801682,2031
004/020-Cycling-2y-DHAPPQ-ASAQ,80,0.7548342874231571,2031
004/020-Cycling-2y-DHAPPQ-ASAQ,81,0.6529881737533432,2031
004/020-Cycling-2y-DHAPPQ-ASAQ,82,0.7401219720979221,2031
004/020-Cycling-2y-DHAPPQ-ASAQ,83,0.7341498003712479,2031
004/020-Cycling-2y-DHAPPQ-ASAQ,84,0.714420771671794,2031
004/020-Cycling-2y-DHAPPQ-ASAQ,85,0.738854969668723,2031
004/020-Cycling-2y-DHAPPQ-ASAQ,86,0.7036838498208723,2031
004/020-Cycling-2y-DHAPPQ-ASAQ,87,0.7044091458699594,2031
004/020-Cycling-2y-DHAPPQ-ASAQ,88,0.6915470664187806,2031
004/020-Cycling-2y-DHAPPQ-ASAQ,89,0.6874929183840401,2031
004/020-Cycling-2y-DHAPPQ-ASAQ,90,0.7289219854969438,2031
004/020-Cycling-2y-DHAPPQ-ASAQ,91,0.7162698681147489,2031
004/020-Cycling-2y-DHAPPQ-ASAQ,92,0.7013727744590379,2031
004/020-Cycling-2y-DHAPPQ-ASAQ,93,0.7025388649456908,2031
004/020-Cycling-2y-DHAPPQ-ASAQ,94,0.7241466826341311,2031
004/020-Cycling-2y-DHAPPQ-ASAQ,95,0.7129996187472681,2031
004/020-Cycling-2y-DHAPPQ-ASAQ,96,0.7004348971940338,2031
004/020-Cycling-2y-DHAPPQ-ASAQ,97,0.7253848102407002,2031
004/020-Cycling-2y-DHAPPQ-ASAQ,98,0.7200846491754174,2031
004/020-Cycling-2y-DHAPPQ-ASAQ,99,0.7128946247365925,2031
004/021-Cycling-2y-AL-ASAQ-DHAPPQ,0,0.7356282736667662,2031
004/021-Cycling-2y-AL-ASAQ-DHAPPQ,1,0.696659225505759,2031
004/021-Cycling-2y-AL-ASAQ-DHAPPQ,2,0.7319393119087452,2031
004/021-Cycling-2y-AL-ASAQ-DHAPPQ,3,0.6953328180505195,2031
004/021-Cycling-2y-AL-ASAQ-DHAPPQ,4,0.719042941587596,2031
004/021-Cycling-2y-AL-ASAQ-DHAPPQ,5,0.7067551056046995,2031
004/021-Cycling-2y-AL-ASAQ-DHAPPQ,6,0.7404075850790375,2031
004/021-Cycling-2y-AL-ASAQ-DHAPPQ,7,0.7201680477768084,2031
004/021-Cycling-2y-AL-ASAQ-DHAPPQ,8,0.7182373387591684,2031
004/021-Cycling-2y-AL-ASAQ-DHAPPQ,9,0.6681719042156454,2031
004/021-Cycling-2y-AL-ASAQ-DHAPPQ,10,0.6976362863597138,2031
004/021-Cycling-2y-AL-ASAQ-DHAPPQ,11,0.7167450552690199,2031
004/021-Cycling-2y-AL-ASAQ-DHAPPQ,12,0.7174064190441055,2031
004/021-Cycling-2y-AL-ASAQ-DHAPPQ,13,0.7446780189279268,2031
004/021-Cycling-2y-AL-ASAQ-DHAPPQ,14,0.7094232318982535,2031
004/021-Cycling-2y-AL-ASAQ-DHAPPQ,15,0.7087246286507539,2031
004/021-Cycling-2y-AL-ASAQ-DHAPPQ,16,0.6940807436463746,2031
004/021-Cycling-2y-AL-ASAQ-DHAPPQ,17,0.7203372566121331,2031
004/021-Cycling-2y-AL-ASAQ-DHAPPQ,18,0.705364347730901,2031
004/021-Cycling-2y-AL-ASAQ-DHAPPQ,19,0.7251775570662137,2031
004/021-Cycling-2y-AL-ASAQ-DHAPPQ,20,0.7101847594906562,2031
004/021-Cycling-2y-AL-ASAQ-DHAPPQ,21,0.7469659128642765,2031
004/021-Cycling-2y-AL-ASAQ-DHAPPQ,22,0.7242484598897994,2031
004/021-Cycling-2y-AL-ASAQ-DHAPPQ,23,0.7401694927058141,2031
004/021-Cycling-2y-AL-ASAQ-DHAPPQ,24,0.7254433995498846,2031
004/021-Cycling-2y-AL-ASAQ-DHAPPQ,25,0.73910278411897,2031
004/021-Cycling-2y-AL-ASAQ-DHAPPQ,26,0.7082212133657267,2031
004/021-Cycling-2y-AL-ASAQ-DHAPPQ,27,0.7291568363046014,2031
004/021-Cycling-2y-AL-ASAQ-DHAPPQ,28,0.7330110315172614,2031
004/021-Cycling-2y-AL-ASAQ-DHAPPQ,29,0.6928805066459339,2031
004/021-Cycling-2y-AL-ASAQ-DHAPPQ,30,0.7423283632120817,2031
004/021-Cycling-2y-AL-ASAQ-DHAPPQ,31,0.7514422078904577,2031
004/021-Cycling-2y-AL-ASAQ-DHAPPQ,32,0.6970803666666128,2031
004/021-Cycling-2y-AL-ASAQ-DHAPPQ,33,0.7319789856142095,2031
004/021-Cycling-2y-AL-ASAQ-DHAPPQ,34,0.7364895543838695,2031
004/021-Cycling-2y-AL-ASAQ-DHAPPQ,35,0.7231555086957105,2031
004/021-Cycling-2y-AL-ASAQ-DHAPPQ,36,0.7126477610514484,2031
004/021-Cycling-2y-AL-ASAQ-DHAPPQ,37,0.7193418861930426,2031
004/021-Cycling-2y-AL-ASAQ-DHAPPQ,38,0.7456225352602814,2031
004/021-Cycling-2y-AL-ASAQ-DHAPPQ,39,0.6776193531966976,2031
004/021-Cycling-2y-AL-ASAQ-DHAPPQ,40,0.7196766185115115,2031
004/021-Cycling-2y-AL-ASAQ-DHAPPQ,41,0.6808993641611827,2031
004/021-Cycling-2y-AL-ASAQ-DHAPPQ,42,0.7043788529375399,2031
004/021-Cycling-2y-AL-ASAQ-DHAPPQ,43,0.7131974242729243,2031
004/021-Cycling-2y-AL-ASAQ-DHAPPQ,44,0.7310937006745535,2031
004/021-Cycling-2y-AL-ASAQ-DHAPPQ,45,0.698048337397744,2031
004/021-Cycling-2y-AL-ASAQ-DHAPPQ,46,0.7271698488237647,2031
004/021-Cycling-2y-AL-ASAQ-DHAPPQ,47,0.7166654692507962,2031
004/021-Cycling-2y-AL-ASAQ-DHAPPQ,48,0.7200058947647836,2031
004/021-Cycling-2y-AL-ASAQ-DHAPPQ,49,0.7212075891839769,2031
004/021-Cycling-2y-AL-ASAQ-DHAPPQ,50,0.7225062443832734,2031
004/021-Cycling-2y-AL-ASAQ-DHAPPQ,51,0.7233086331613977,2031
004/021-Cycling-2y-AL-ASAQ-DHAPPQ,52,0.7292318104132459,2031
004/021-Cycling-2y-AL-ASAQ-DHAPPQ,53,0.7236360819216544,2031
004/021-Cycling-2y-AL-ASAQ-DHAPPQ,54,0.696933270164045,2031
004/021-Cycling-2y-AL-ASAQ-DHAPPQ,55,0.7039939988912715,2031
004/021-Cycling-2y-AL-ASAQ-DHAPPQ,56,0.7225353602689916,2031
004/021-Cycling-2y-AL-ASAQ-DHAPPQ,57,0.6970333715427066,2031
004/021-Cycling-2y-AL-ASAQ-DHAPPQ,58,0.7110324105248497,2031
004/021-Cycling-2y-AL-ASAQ-DHAPPQ,59,0.7317402146182405,2031
004/021-Cycling-2y-AL-ASAQ-DHAPPQ,60,0.7074594202082731,2031
004/021-Cycling-2y-AL-ASAQ-DHAPPQ,61,0.7306615612778605,2031
004/021-Cycling-2y-AL-ASAQ-DHAPPQ,62,0.7022856583296734,2031
004/021-Cycling-2y-AL-ASAQ-DHAPPQ,63,0.7361928448843784,2031
004/021-Cycling-2y-AL-ASAQ-DHAPPQ,64,0.7118111593366524,2031
004/021-Cycling-2y-AL-ASAQ-DHAPPQ,65,0.7171218751181563,2031
004/021-Cycling-2y-AL-ASAQ-DHAPPQ,66,0.6968898414330017,2031
004/021-Cycling-2y-AL-ASAQ-DHAPPQ,67,0.7101790767756815,2031
004/021-Cycling-2y-AL-ASAQ-DHAPPQ,68,0.7221414174868909,2031
004/021-Cycling-2y-AL-ASAQ-DHAPPQ,69,0.6928188665950913,2031
004/021-Cycling-2y-AL-ASAQ-DHAPPQ,70,0.71095368527438,2031
004/021-Cycling-2y-AL-ASAQ-DHAPPQ,71,0.720922983533853,2031
004/021-Cycling-2y-AL-ASAQ-DHAPPQ,72,0.7203782505356684,2031
004/021-Cycling-2y-AL-ASAQ-DHAPPQ,73,0.6590295262246061,2031
004/021-Cycling-2y-AL-ASAQ-DHAPPQ,74,0.7184774577001125,2031
004/021-Cycling-2y-AL-ASAQ-DHAPPQ,75,0.7188746616572558,2031
004/021-Cycling-2y-AL-ASAQ-DHAPPQ,76,0.7337551768938582,2031
004/021-Cycling-2y-AL-ASAQ-DHAPPQ,77,0.7246137961203313,2031
004/021-Cycling-2y-AL-ASAQ-DHAPPQ,78,0.7316813330430033,2031
004/021-Cycling-2y-AL-ASAQ-DHAPPQ,79,0.7094842690064848,2031
004/021-Cycling-2y-AL-ASAQ-DHAPPQ,80,0.7090986731372735,2031
004/021-Cycling-2y-AL-ASAQ-DHAPPQ,81,0.7114780654166447,2031
004/021-Cycling-2y-AL-ASAQ-DHAPPQ,82,0.7008165837822963,2031
004/021-Cycling-2y-AL-ASAQ-DHAPPQ,83,0.6734730415970488,2031
004/021-Cycling-2y-AL-ASAQ-DHAPPQ,84,0.7058235118765595,2031
004/021-Cycling-2y-AL-ASAQ-DHAPPQ,85,0.7014109111470218,2031
004/021-Cycling-2y-AL-ASAQ-DHAPPQ,86,0.7044780860923053,2031
004/021-Cycling-2y-AL-ASAQ-DHAPPQ,87,0.7424722792003142,2031
004/021-Cycling-2y-AL-ASAQ-DHAPPQ,88,0.7233301368914016,2031
004/021-Cycling-2y-AL-ASAQ-DHAPPQ,89,0.7137986329505751,2031
004/021-Cycling-2y-AL-ASAQ-DHAPPQ,90,0.726721042938677,2031
004/021-Cycling-2y-AL-ASAQ-DHAPPQ,91,0.7210090871243117,2031
004/021-Cycling-2y-AL-ASAQ-DHAPPQ,92,0.722121441193318,2031
004/021-Cycling-2y-AL-ASAQ-DHAPPQ,93,0.743599073301387,2031
004/021-Cycling-2y-AL-ASAQ-DHAPPQ,94,0.7197807803614583,2031
004/021-Cycling-2y-AL-ASAQ-DHAPPQ,95,0.7194330069391501,2031
004/021-Cycling-2y-AL-ASAQ-DHAPPQ,96,0.6731209049730937,2031
004/021-Cycling-2y-AL-ASAQ-DHAPPQ,97,0.7070400793556421,2031
004/021-Cycling-2y-AL-ASAQ-DHAPPQ,98,0.7206620152438106,2031
004/021-Cycling-2y-AL-ASAQ-DHAPPQ,99,0.7412030167459771,2031
004/022-Cycling-2y-AL-DHAPPQ-ASAQ,0,0.6972047303849082,2031
004/022-Cycling-2y-AL-DHAPPQ-ASAQ,1,0.7143202880924849,2031
004/022-Cycling-2y-AL-DHAPPQ-ASAQ,2,0.7357077968980161,2031
004/022-Cycling-2y-AL-DHAPPQ-ASAQ,3,0.7196919523805335,2031
004/022-Cycling-2y-AL-DHAPPQ-ASAQ,4,0.7016577237508125,2031
004/022-Cycling-2y-AL-DHAPPQ-ASAQ,5,0.7090770800369853,2031
004/022-Cycling-2y-AL-DHAPPQ-ASAQ,6,0.7247719028915731,2031
004/022-Cycling-2y-AL-DHAPPQ-ASAQ,7,0.7259718092466213,2031
004/022-Cycling-2y-AL-DHAPPQ-ASAQ,8,0.7251023446402862,2031
004/022-Cycling-2y-AL-DHAPPQ-ASAQ,9,0.7053141834171726,2031
004/022-Cycling-2y-AL-DHAPPQ-ASAQ,10,0.7265372042133031,2031
004/022-Cycling-2y-AL-DHAPPQ-ASAQ,11,0.6985886689960288,2031
004/022-Cycling-2y-AL-DHAPPQ-ASAQ,12,0.7087574214585225,2031
004/022-Cycling-2y-AL-DHAPPQ-ASAQ,13,0.7258966072875013,2031
004/022-Cycling-2y-AL-DHAPPQ-ASAQ,14,0.7318337175533376,2031
004/022-Cycling-2y-AL-DHAPPQ-ASAQ,15,0.7125998432275563,2031
004/022-Cycling-2y-AL-DHAPPQ-ASAQ,16,0.7195891895783566,2031
004/022-Cycling-2y-AL-DHAPPQ-ASAQ,17,0.6975183804315922,2031
004/022-Cycling-2y-AL-DHAPPQ-ASAQ,18,0.7176762538397402,2031
004/022-Cycling-2y-AL-DHAPPQ-ASAQ,19,0.7028372946950743,2031
004/022-Cycling-2y-AL-DHAPPQ-ASAQ,20,0.7408441580268191,2031
004/022-Cycling-2y-AL-DHAPPQ-ASAQ,21,0.7268870256786856,2031
004/022-Cycling-2y-AL-DHAPPQ-ASAQ,22,0.684263219226804,2031
004/022-Cycling-2y-AL-DHAPPQ-ASAQ,23,0.7346976164940618,2031
004/022-Cycling-2y-AL-DHAPPQ-ASAQ,24,0.7251473445966153,2031
004/022-Cycling-2y-AL-DHAPPQ-ASAQ,25,0.7208633712018293,2031
004/022-Cycling-2y-AL-DHAPPQ-ASAQ,26,0.7089758123199602,2031
004/022-Cycling-2y-AL-DHAPPQ-ASAQ,27,0.6848695491355791,2031
004/022-Cycling-2y-AL-DHAPPQ-ASAQ,28,0.706017088881791,2031
004/022-Cycling-2y-AL-DHAPPQ-ASAQ,29,0.727928234196278,2031
004/022-Cycling-2y-AL-DHAPPQ-ASAQ,30,0.7322976404017356,2031
004/022-Cycling-2y-AL-DHAPPQ-ASAQ,31,0.7091026144002809,2031
004/022-Cycling-2y-AL-DHAPPQ-ASAQ,32,0.734723693393109,2031
004/022-Cycling-2y-AL-DHAPPQ-ASAQ,33,0.7174321775718013,2031
004/022-Cycling-2y-AL-DHAPPQ-ASAQ,34,0.6951077084276509,2031
004/022-Cycling-2y-AL-DHAPPQ-ASAQ,35,0.6879838966311685,2031
004/022-Cycling-2y-AL-DHAPPQ-ASAQ,36,0.70974481778783,2031
004/022-Cycling-2y-AL-DHAPPQ-ASAQ,37,0.7161498954250263,2031
004/022-Cycling-2y-AL-DHAPPQ-ASAQ,38,0.6944638475715444,2031
004/022-Cycling-2y-AL-DHAPPQ-ASAQ,39,0.6961615856464967,2031
004/022-Cycling-2y-AL-DHAPPQ-ASAQ,40,0.7288405211377947,2031
004/022-Cycling-2y-AL-DHAPPQ-ASAQ,41,0.7178172617544066,2031
004/022-Cycling-2y-AL-DHAPPQ-ASAQ,42,0.701959855072407,2031
004/022-Cycling-2y-AL-DHAPPQ-ASAQ,43,0.7390052278476361,2031
004/022-Cycling-2y-AL-DHAPPQ-ASAQ,44,0.7055382515720461,2031
004/022-Cycling-2y-AL-DHAPPQ-ASAQ,45,0.7321445309760217,2031
004/022-Cycling-2y-AL-DHAPPQ-ASAQ,46,0.6994928908399368,2031
004/022-Cycling-2y-AL-DHAPPQ-ASAQ,47,0.7416051642323153,2031
004/022-Cycling-2y-AL-DHAPPQ-ASAQ,48,0.710740574225265,2031
004/022-Cycling-2y-AL-DHAPPQ-ASAQ,49,0.7312423896590449,2031
004/022-Cycling-2y-AL-DHAPPQ-ASAQ,50,0.7071674032467922,2031
004/022-Cycling-2y-AL-DHAPPQ-ASAQ,51,0.7156476528242921,2031
004/022-Cycling-2y-AL-DHAPPQ-ASAQ,52,0.7271729454270727,2031
004/022-Cycling-2y-AL-DHAPPQ-ASAQ,53,0.700334890920045,2031
004/022-Cycling-2y-AL-DHAPPQ-ASAQ,54,0.697890269896444,2031
004/022-Cycling-2y-AL-DHAPPQ-ASAQ,55,0.7398625899685468,2031
004/022-Cycling-2y-AL-DHAPPQ-ASAQ,56,0.6903736300904136,2031
004/022-Cycling-2y-AL-DHAPPQ-ASAQ,57,0.7227942966926291,2031
004/022-Cycling-2y-AL-DHAPPQ-ASAQ,58,0.7018433998366759,2031
004/022-Cycling-2y-AL-DHAPPQ-ASAQ,59,0.7212918434423741,2031
004/022-Cycling-2y-AL-DHAPPQ-ASAQ,60,0.7029608930600957,2031
004/022-Cycling-2y-AL-DHAPPQ-ASAQ,61,0.7031735675940852,2031
004/022-Cycling-2y-AL-DHAPPQ-ASAQ,62,0.732848889610207,2031
004/022-Cycling-2y-AL-DHAPPQ-ASAQ,63,0.7029290418093646,2031
004/022-Cycling-2y-AL-DHAPPQ-ASAQ,64,0.7264632322608104,2031
004/022-Cycling-2y-AL-DHAPPQ-ASAQ,65,0.7368183030466748,2031
004/022-Cycling-2y-AL-DHAPPQ-ASAQ,66,0.7083960040309428,2031
004/022-Cycling-2y-AL-DHAPPQ-ASAQ,67,0.7271733551797562,2031
004/022-Cycling-2y-AL-DHAPPQ-ASAQ,68,0.7173164866031803,2031
004/022-Cycling-2y-AL-DHAPPQ-ASAQ,69,0.7173596127663483,2031
004/022-Cycling-2y-AL-DHAPPQ-ASAQ,70,0.7380767001446137,2031
004/022-Cycling-2y-AL-DHAPPQ-ASAQ,71,0.7091732205752243,2031
004/022-Cycling-2y-AL-DHAPPQ-ASAQ,72,0.7334402674852442,2031
004/022-Cycling-2y-AL-DHAPPQ-ASAQ,73,0.7262165932394229,2031
004/022-Cycling-2y-AL-DHAPPQ-ASAQ,74,0.6944708355839054,2031
004/022-Cycling-2y-AL-DHAPPQ-ASAQ,75,0.7263393846766991,2031
004/022-Cycling-2y-AL-DHAPPQ-ASAQ,76,0.7155888895229988,2031
004/022-Cycling-2y-AL-DHAPPQ-ASAQ,77,0.6901338521645023,2031
004/022-Cycling-2y-AL-DHAPPQ-ASAQ,78,0.7191688607635748,2031
004/022-Cycling-2y-AL-DHAPPQ-ASAQ,79,0.7056892014550703,2031
004/022-Cycling-2y-AL-DHAPPQ-ASAQ,80,0.7178582418025327,2031
004/022-Cycling-2y-AL-DHAPPQ-ASAQ,81,0.7017970350387267,2031
004/022-Cycling-2y-AL-DHAPPQ-ASAQ,82,0.7222988629778039,2031
004/022-Cycling-2y-AL-DHAPPQ-ASAQ,83,0.6890530571328163,2031
004/022-Cycling-2y-AL-DHAPPQ-ASAQ,84,0.6726544596499046,2031
004/022-Cycling-2y-AL-DHAPPQ-ASAQ,85,0.6980937811504315,2031
004/022-Cycling-2y-AL-DHAPPQ-ASAQ,86,0.7193227421781815,2031
004/022-Cycling-2y-AL-DHAPPQ-ASAQ,87,0.7289727272614538,2031
004/022-Cycling-2y-AL-DHAPPQ-ASAQ,88,0.7139416772705159,2031
004/022-Cycling-2y-AL-DHAPPQ-ASAQ,89,0.7098168768558829,2031
004/022-Cycling-2y-AL-DHAPPQ-ASAQ,90,0.7324866737249232,2031
004/022-Cycling-2y-AL-DHAPPQ-ASAQ,91,0.7127198311390085,2031
004/022-Cycling-2y-AL-DHAPPQ-ASAQ,92,0.7249356591396929,2031
004/022-Cycling-2y-AL-DHAPPQ-ASAQ,93,0.7167277141086759,2031
004/022-Cycling-2y-AL-DHAPPQ-ASAQ,94,0.682541963819126,2031
004/022-Cycling-2y-AL-DHAPPQ-ASAQ,95,0.7240715096430836,2031
004/022-Cycling-2y-AL-DHAPPQ-ASAQ,96,0.7138457461233427,2031
004/022-Cycling-2y-AL-DHAPPQ-ASAQ,97,0.7338200083763334,2031
004/022-Cycling-2y-AL-DHAPPQ-ASAQ,98,0.7045077428067584,2031
004/022-Cycling-2y-AL-DHAPPQ-ASAQ,99,0.7314796949276484,2031
004/023-Cycling-2y-ASAQ-AL-DHAPPQ,0,0.720470495709738,2031
004/023-Cycling-2y-ASAQ-AL-DHAPPQ,1,0.6733121634045913,2031
004/023-Cycling-2y-ASAQ-AL-DHAPPQ,2,0.717360936422574,2031
004/023-Cycling-2y-ASAQ-AL-DHAPPQ,3,0.7113140358523528,2031
004/023-Cycling-2y-ASAQ-AL-DHAPPQ,4,0.7342260644524607,2031
004/023-Cycling-2y-ASAQ-AL-DHAPPQ,5,0.6962690782185269,2031
004/023-Cycling-2y-ASAQ-AL-DHAPPQ,6,0.6926174235750846,2031
004/023-Cycling-2y-ASAQ-AL-DHAPPQ,7,0.7047841491811498,2031
004/023-Cycling-2y-ASAQ-AL-DHAPPQ,8,0.709059262239693,2031
004/023-Cycling-2y-ASAQ-AL-DHAPPQ,9,0.7182515789991167,2031
004/023-Cycling-2y-ASAQ-AL-DHAPPQ,10,0.718970286935756,2031
004/023-Cycling-2y-ASAQ-AL-DHAPPQ,11,0.7227224771342593,2031
004/023-Cycling-2y-ASAQ-AL-DHAPPQ,12,0.7110602163254232,2031
004/023-Cycling-2y-ASAQ-AL-DHAPPQ,13,0.7026128852165953,2031
004/023-Cycling-2y-ASAQ-AL-DHAPPQ,14,0.7395357818241082,2031
004/023-Cycling-2y-ASAQ-AL-DHAPPQ,15,0.6991683304453217,2031
004/023-Cycling-2y-ASAQ-AL-DHAPPQ,16,0.7361169132813604,2031
004/023-Cycling-2y-ASAQ-AL-DHAPPQ,17,0.7016497248774987,2031
004/023-Cycling-2y-ASAQ-AL-DHAPPQ,18,0.7190545217976774,2031
004/023-Cycling-2y-ASAQ-AL-DHAPPQ,19,0.7074604211411762,2031
004/023-Cycling-2y-ASAQ-AL-DHAPPQ,20,0.7142423226705361,2031
004/023-Cycling-2y-ASAQ-AL-DHAPPQ,21,0.7239293608533396,2031
004/023-Cycling-2y-ASAQ-AL-DHAPPQ,22,0.7151715901052732,2031
004/023-Cycling-2y-ASAQ-AL-DHAPPQ,23,0.7043110426328633,2031
004/023-Cycling-2y-ASAQ-AL-DHAPPQ,24,0.7030932575177559,2031
004/023-Cycling-2y-ASAQ-AL-DHAPPQ,25,0.7174953840204421,2031
004/023-Cycling-2y-ASAQ-AL-DHAPPQ,26,0.7174553657100242,2031
004/023-Cycling-2y-ASAQ-AL-DHAPPQ,27,0.7027017387902977,2031
004/023-Cycling-2y-ASAQ-AL-DHAPPQ,28,0.7239204854814916,2031
004/023-Cycling-2y-ASAQ-AL-DHAPPQ,29,0.7536284686897216,2031
004/023-Cycling-2y-ASAQ-AL-DHAPPQ,30,0.6939694090950703,2031
004/023-Cycling-2y-ASAQ-AL-DHAPPQ,31,0.7088946312184179,2031
004/023-Cycling-2y-ASAQ-AL-DHAPPQ,32,0.7305107751155197,2031
004/023-Cycling-2y-ASAQ-AL-DHAPPQ,33,0.6892347946182177,2031
004/023-Cycling-2y-ASAQ-AL-DHAPPQ,34,0.7062561797974247,2031
004/023-Cycling-2y-ASAQ-AL-DHAPPQ,35,0.6919788947704717,2031
004/023-Cycling-2y-ASAQ-AL-DHAPPQ,36,0.7210085167481703,2031
004/023-Cycling-2y-ASAQ-AL-DHAPPQ,37,0.6814038959856689,2031
004/023-Cycling-2y-ASAQ-AL-DHAPPQ,38,0.6836733452916891,2031
004/023-Cycling-2y-ASAQ-AL-DHAPPQ,39,0.7253434064859001,2031
004/023-Cycling-2y-ASAQ-AL-DHAPPQ,40,0.7426768053293028,2031
004/023-Cycling-2y-ASAQ-AL-DHAPPQ,41,0.7061194842782962,2031
004/023-Cycling-2y-ASAQ-AL-DHAPPQ,42,0.7423807417908977,2031
004/023-Cycling-2y-ASAQ-AL-DHAPPQ,43,0.6838549576909507,2031
004/023-Cycling-2y-ASAQ-AL-DHAPPQ,44,0.724228298823325,2031
004/023-Cycling-2y-ASAQ-AL-DHAPPQ,45,0.6780975799008849,2031
004/023-Cycling-2y-ASAQ-AL-DHAPPQ,46,0.7022854121845863,2031
004/023-Cycling-2y-ASAQ-AL-DHAPPQ,47,0.7143247259128835,2031
004/023-Cycling-2y-ASAQ-AL-DHAPPQ,48,0.7044832592234287,2031
004/023-Cycling-2y-ASAQ-AL-DHAPPQ,49,0.703117893470491,2031
004/023-Cycling-2y-ASAQ-AL-DHAPPQ,50,0.6943362200749054,2031
004/023-Cycling-2y-ASAQ-AL-DHAPPQ,51,0.6983018807577756,2031
004/023-Cycling-2y-ASAQ-AL-DHAPPQ,52,0.6955443894173318,2031
004/023-Cycling-2y-ASAQ-AL-DHAPPQ,53,0.6910455459548223,2031
004/023-Cycling-2y-ASAQ-AL-DHAPPQ,54,0.711735702969548,2031
004/023-Cycling-2y-ASAQ-AL-DHAPPQ,55,0.7129376540155987,2031
004/023-Cycling-2y-ASAQ-AL-DHAPPQ,56,0.7275314992850009,2031
004/023-Cycling-2y-ASAQ-AL-DHAPPQ,57,0.7023171286212978,2031
004/023-Cycling-2y-ASAQ-AL-DHAPPQ,58,0.7037541231842814,2031
004/023-Cycling-2y-ASAQ-AL-DHAPPQ,59,0.7390615673492879,2031
004/023-Cycling-2y-ASAQ-AL-DHAPPQ,60,0.6858377467883382,2031
004/023-Cycling-2y-ASAQ-AL-DHAPPQ,61,0.7236892542554014,2031
004/023-Cycling-2y-ASAQ-AL-DHAPPQ,62,0.7267438491393571,2031
004/023-Cycling-2y-ASAQ-AL-DHAPPQ,63,0.7335849669295795,2031
004/023-Cycling-2y-ASAQ-AL-DHAPPQ,64,0.6683018512349923,2031
004/023-Cycling-2y-ASAQ-AL-DHAPPQ,65,0.7233555356072014,2031
004/023-Cycling-2y-ASAQ-AL-DHAPPQ,66,0.7060369874459971,2031
004/023-Cycling-2y-ASAQ-AL-DHAPPQ,67,0.707313243077575,2031
004/023-Cycling-2y-ASAQ-AL-DHAPPQ,68,0.7213635153464278,2031
004/023-Cycling-2y-ASAQ-AL-DHAPPQ,69,0.7034800689825099,2031
004/023-Cycling-2y-ASAQ-AL-DHAPPQ,70,0.7296798889971069,2031
004/023-Cycling-2y-ASAQ-AL-DHAPPQ,71,0.6943810641061301,2031
004/023-Cycling-2y-ASAQ-AL-DHAPPQ,72,0.7003330811683592,2031
004/023-Cycling-2y-ASAQ-AL-DHAPPQ,73,0.72840438995105,2031
004/023-Cycling-2y-ASAQ-AL-DHAPPQ,74,0.6957982308037779,2031
004/023-Cycling-2y-ASAQ-AL-DHAPPQ,75,0.6749733030619475,2031
004/023-Cycling-2y-ASAQ-AL-DHAPPQ,76,0.7345840408661329,2031
004/023-Cycling-2y-ASAQ-AL-DHAPPQ,77,0.7429304792472476,2031
004/023-Cycling-2y-ASAQ-AL-DHAPPQ,78,0.7144121075192648,2031
004/023-Cycling-2y-ASAQ-AL-DHAPPQ,79,0.6677701857830428,2031
004/023-Cycling-2y-ASAQ-AL-DHAPPQ,80,0.7064542869451828,2031
004/023-Cycling-2y-ASAQ-AL-DHAPPQ,81,0.7003361715856911,2031
004/023-Cycling-2y-ASAQ-AL-DHAPPQ,82,0.7084382774367954,2031
004/023-Cycling-2y-ASAQ-AL-DHAPPQ,83,0.7018853063093241,2031
004/023-Cycling-2y-ASAQ-AL-DHAPPQ,84,0.7267580500976774,2031
004/023-Cycling-2y-ASAQ-AL-DHAPPQ,85,0.6940131333439622,2031
004/023-Cycling-2y-ASAQ-AL-DHAPPQ,86,0.7225819400115493,2031
004/023-Cycling-2y-ASAQ-AL-DHAPPQ,87,0.6954091568186023,2031
004/023-Cycling-2y-ASAQ-AL-DHAPPQ,88,0.727199676167367,2031
004/023-Cycling-2y-ASAQ-AL-DHAPPQ,89,0.712464550786554,2031
004/023-Cycling-2y-ASAQ-AL-DHAPPQ,90,0.7509628979346995,2031
004/023-Cycling-2y-ASAQ-AL-DHAPPQ,91,0.7162517227506237,2031
004/023-Cycling-2y-ASAQ-AL-DHAPPQ,92,0.7072841176991992,2031
004/023-Cycling-2y-ASAQ-AL-DHAPPQ,93,0.7001781990093492,2031
004/023-Cycling-2y-ASAQ-AL-DHAPPQ,94,0.7164739831722965,2031
004/023-Cycling-2y-ASAQ-AL-DHAPPQ,95,0.6968995634062352,2031
004/023-Cycling-2y-ASAQ-AL-DHAPPQ,96,0.7134059780037604,2031
004/023-Cycling-2y-ASAQ-AL-DHAPPQ,97,0.7220346647536542,2031
004/023-Cycling-2y-ASAQ-AL-DHAPPQ,98,0.6986293749419792,2031
004/023-Cycling-2y-ASAQ-AL-DHAPPQ,99,0.723289817012284,2031
004/024-Cycling-2y-ASAQ-DHAPPQ-AL,0,0.7177712472234355,2031
004/024-Cycling-2y-ASAQ-DHAPPQ-AL,1,0.6994071898463491,2031
004/024-Cycling-2y-ASAQ-DHAPPQ-AL,2,0.7209936349236941,2031
004/024-Cycling-2y-ASAQ-DHAPPQ-AL,3,0.6893238730861436,2031
004/024-Cycling-2y-ASAQ-DHAPPQ-AL,4,0.7465871609680317,2031
004/024-Cycling-2y-ASAQ-DHAPPQ-AL,5,0.7481761692506308,2031
004/024-Cycling-2y-ASAQ-DHAPPQ-AL,6,0.7238525919151977,2031
004/024-Cycling-2y-ASAQ-DHAPPQ-AL,7,0.7125328380986082,2031
004/024-Cycling-2y-ASAQ-DHAPPQ-AL,8,0.7481084146211542,2031
004/024-Cycling-2y-ASAQ-DHAPPQ-AL,9,0.7115476558252632,2031
004/024-Cycling-2y-ASAQ-DHAPPQ-AL,10,0.7131791872703036,2031
004/024-Cycling-2y-ASAQ-DHAPPQ-AL,11,0.724409162828683,2031
004/024-Cycling-2y-ASAQ-DHAPPQ-AL,12,0.6992392802543669,2031
004/024-Cycling-2y-ASAQ-DHAPPQ-AL,13,0.7303293549233212,2031
004/024-Cycling-2y-ASAQ-DHAPPQ-AL,14,0.7237252712927735,2031
004/024-Cycling-2y-ASAQ-DHAPPQ-AL,15,0.68228515942136,2031
004/024-Cycling-2y-ASAQ-DHAPPQ-AL,16,0.7165316168860995,2031
004/024-Cycling-2y-ASAQ-DHAPPQ-AL,17,0.7377966422202787,2031
004/024-Cycling-2y-ASAQ-DHAPPQ-AL,18,0.7208827410624817,2031
004/024-Cycling-2y-ASAQ-DHAPPQ-AL,19,0.7340149274250546,2031
004/024-Cycling-2y-ASAQ-DHAPPQ-AL,20,0.7184157742773042,2031
004/024-Cycling-2y-ASAQ-DHAPPQ-AL,21,0.7551051921660389,2031
004/024-Cycling-2y-ASAQ-DHAPPQ-AL,22,0.7241826752560426,2031
004/024-Cycling-2y-ASAQ-DHAPPQ-AL,23,0.7198493046012509,2031
004/024-Cycling-2y-ASAQ-DHAPPQ-AL,24,0.7522052277991257,2031
004/024-Cycling-2y-ASAQ-DHAPPQ-AL,25,0.7150033947461942,2031
004/024-Cycling-2y-ASAQ-DHAPPQ-AL,26,0.732171459497655,2031
004/024-Cycling-2y-ASAQ-DHAPPQ-AL,27,0.7203375214527311,2031
004/024-Cycling-2y-ASAQ-DHAPPQ-AL,28,0.7187581142731013,2031
004/024-Cycling-2y-ASAQ-DHAPPQ-AL,29,0.7611669724170521,2031
004/024-Cycling-2y-ASAQ-DHAPPQ-AL,30,0.7176606956636403,2031
004/024-Cycling-2y-ASAQ-DHAPPQ-AL,31,0.7165548650703016,2031
004/024-Cycling-2y-ASAQ-DHAPPQ-AL,32,0.7119439012400225,2031
004/024-Cycling-2y-ASAQ-DHAPPQ-AL,33,0.7267180049748174,2031
004/024-Cycling-2y-ASAQ-DHAPPQ-AL,34,0.725314324316197,2031
004/024-Cycling-2y-ASAQ-DHAPPQ-AL,35,0.699542851664018,2031
004/024-Cycling-2y-ASAQ-DHAPPQ-AL,36,0.7060833663235778,2031
004/024-Cycling-2y-ASAQ-DHAPPQ-AL,37,0.7503621517042777,2031
004/024-Cycling-2y-ASAQ-DHAPPQ-AL,38,0.7149185088229167,2031
004/024-Cycling-2y-ASAQ-DHAPPQ-AL,39,0.717573138765159,2031
004/024-Cycling-2y-ASAQ-DHAPPQ-AL,40,0.6914710733059501,2031
004/024-Cycling-2y-ASAQ-DHAPPQ-AL,41,0.711899369880697,2031
004/024-Cycling-2y-ASAQ-DHAPPQ-AL,42,0.7199035112000735,2031
004/024-Cycling-2y-ASAQ-DHAPPQ-AL,43,0.7066811519359026,2031
004/024-Cycling-2y-ASAQ-DHAPPQ-AL,44,0.7281920898518174,2031
004/024-Cycling-2y-ASAQ-DHAPPQ-AL,45,0.7103344011340562,2031
004/024-Cycling-2y-ASAQ-DHAPPQ-AL,46,0.7173657276300753,2031
004/024-Cycling-2y-ASAQ-DHAPPQ-AL,47,0.7292391040714449,2031
004/024-Cycling-2y-ASAQ-DHAPPQ-AL,48,0.7334357856791871,2031
004/024-Cycling-2y-ASAQ-DHAPPQ-AL,49,0.7108272961006161,2031
004/024-Cycling-2y-ASAQ-DHAPPQ-AL,50,0.7452712066373164,2031
004/024-Cycling-2y-ASAQ-DHAPPQ-AL,51,0.7566296081293357,2031
004/024-Cycling-2y-ASAQ-DHAPPQ-AL,52,0.7247756816242585,2031
004/024-Cycling-2y-ASAQ-DHAPPQ-AL,53,0.7154245991050893,2031
004/024-Cycling-2y-ASAQ-DHAPPQ-AL,54,0.7594709879763847,2031
004/024-Cycling-2y-ASAQ-DHAPPQ-AL,55,0.7228652521322778,2031
004/024-Cycling-2y-ASAQ-DHAPPQ-AL,56,0.7218521921566793,2031
004/024-Cycling-2y-ASAQ-DHAPPQ-AL,57,0.7327146494398487,2031
004/024-Cycling-2y-ASAQ-DHAPPQ-AL,58,0.7305155856166947,2031
004/024-Cycling-2y-ASAQ-DHAPPQ-AL,59,0.7340441425086652,2031
004/024-Cycling-2y-ASAQ-DHAPPQ-AL,60,0.7213416984892617,2031
004/024-Cycling-2y-ASAQ-DHAPPQ-AL,61,0.719480157889918,2031
004/024-Cycling-2y-ASAQ-DHAPPQ-AL,62,0.7304630562663781,2031
004/024-Cycling-2y-ASAQ-DHAPPQ-AL,63,0.7146760989554246,2031
004/024-Cycling-2y-ASAQ-DHAPPQ-AL,64,0.7076772829680639,2031
004/024-Cycling-2y-ASAQ-DHAPPQ-AL,65,0.7315434949136362,2031
004/024-Cycling-2y-ASAQ-DHAPPQ-AL,66,0.7057046059127369,2031
004/024-Cycling-2y-ASAQ-DHAPPQ-AL,67,0.7168129473755872,2031
004/024-Cycling-2y-ASAQ-DHAPPQ-AL,68,0.7542837714224532,2031
004/024-Cycling-2y-ASAQ-DHAPPQ-AL,69,0.7552450522634256,2031
004/024-Cycling-2y-ASAQ-DHAPPQ-AL,70,0.6939232608230274,2031
004/024-Cycling-2y-ASAQ-DHAPPQ-AL,71,0.7067645315408285,2031
004/024-Cycling-2y-ASAQ-DHAPPQ-AL,72,0.7099411501530639,2031
004/024-Cycling-2y-ASAQ-DHAPPQ-AL,73,0.7214850677237316,2031
004/024-Cycling-2y-ASAQ-DHAPPQ-AL,74,0.7382007147780612,2031
004/024-Cycling-2y-ASAQ-DHAPPQ-AL,75,0.7601542520600278,2031
004/024-Cycling-2y-ASAQ-DHAPPQ-AL,76,0.7465924695152352,2031
004/024-Cycling-2y-ASAQ-DHAPPQ-AL,77,0.7190021477639087,2031
004/024-Cycling-2y-ASAQ-DHAPPQ-AL,78,0.737571541935409,2031
004/024-Cycling-2y-ASAQ-DHAPPQ-AL,79,0.719911053206627,2031
004/024-Cycling-2y-ASAQ-DHAPPQ-AL,80,0.7319822570956797,2031
004/024-Cycling-2y-ASAQ-DHAPPQ-AL,81,0.6930411092070577,2031
004/024-Cycling-2y-ASAQ-DHAPPQ-AL,82,0.7291732443673613,2031
004/024-Cycling-2y-ASAQ-DHAPPQ-AL,83,0.6714644800409495,2031
004/024-Cycling-2y-ASAQ-DHAPPQ-AL,84,0.7336503647220872,2031
004/024-Cycling-2y-ASAQ-DHAPPQ-AL,85,0.698248072704343,2031
004/024-Cycling-2y-ASAQ-DHAPPQ-AL,86,0.7367833650718003,2031
004/024-Cycling-2y-ASAQ-DHAPPQ-AL,87,0.7345923977577992,2031
004/024-Cycling-2y-ASAQ-DHAPPQ-AL,88,0.71022742583383,2031
004/024-Cycling-2y-ASAQ-DHAPPQ-AL,89,0.7347198755407427,2031
004/024-Cycling-2y-ASAQ-DHAPPQ-AL,90,0.7363499436621072,2031
004/024-Cycling-2y-ASAQ-DHAPPQ-AL,91,0.7267587291957941,2031
004/024-Cycling-2y-ASAQ-DHAPPQ-AL,92,0.7394277256403409,2031
004/024-Cycling-2y-ASAQ-DHAPPQ-AL,93,0.7357717577842626,2031
004/024-Cycling-2y-ASAQ-DHAPPQ-AL,94,0.7701276544190039,2031
004/024-Cycling-2y-ASAQ-DHAPPQ-AL,95,0.7092730727484388,2031
004/024-Cycling-2y-ASAQ-DHAPPQ-AL,96,0.7405927686843577,2031
004/024-Cycling-2y-ASAQ-DHAPPQ-AL,97,0.7061901473284918,2031
004/024-Cycling-2y-ASAQ-DHAPPQ-AL,98,0.7468646746112938,2031
004/024-Cycling-2y-ASAQ-DHAPPQ-AL,99,0.671811175930724,2031
004/025-Cycling-2y-DHAPPQ-AL-ASAQ,0,0.6847166410102249,2031
004/025-Cycling-2y-DHAPPQ-AL-ASAQ,1,0.7045352608121357,2031
004/025-Cycling-2y-DHAPPQ-AL-ASAQ,2,0.7274227262410733,2031
004/025-Cycling-2y-DHAPPQ-AL-ASAQ,3,0.706917290686508,2031
004/025-Cycling-2y-DHAPPQ-AL-ASAQ,4,0.7066146687934803,2031
004/025-Cycling-2y-DHAPPQ-AL-ASAQ,5,0.7309799693287325,2031
004/025-Cycling-2y-DHAPPQ-AL-ASAQ,6,0.7209801058590238,2031
004/025-Cycling-2y-DHAPPQ-AL-ASAQ,7,0.6855983200124673,2031
004/025-Cycling-2y-DHAPPQ-AL-ASAQ,8,0.702690160012367,2031
004/025-Cycling-2y-DHAPPQ-AL-ASAQ,9,0.7160642840354381,2031
004/025-Cycling-2y-DHAPPQ-AL-ASAQ,10,0.6751836919863182,2031
004/025-Cycling-2y-DHAPPQ-AL-ASAQ,11,0.7331715136107518,2031
004/025-Cycling-2y-DHAPPQ-AL-ASAQ,12,0.7038861688576992,2031
004/025-Cycling-2y-DHAPPQ-AL-ASAQ,13,0.7096101319049448,2031
004/025-Cycling-2y-DHAPPQ-AL-ASAQ,14,0.7020767385093619,2031
004/025-Cycling-2y-DHAPPQ-AL-ASAQ,15,0.7101163776108478,2031
004/025-Cycling-2y-DHAPPQ-AL-ASAQ,16,0.7036416315302693,2031
004/025-Cycling-2y-DHAPPQ-AL-ASAQ,17,0.7307483169851953,2031
004/025-Cycling-2y-DHAPPQ-AL-ASAQ,18,0.7191707283684918,2031
004/025-Cycling-2y-DHAPPQ-AL-ASAQ,19,0.7186273444496621,2031
004/025-Cycling-2y-DHAPPQ-AL-ASAQ,20,0.717775609826533,2031
004/025-Cycling-2y-DHAPPQ-AL-ASAQ,21,0.7135544432046844,2031
004/025-Cycling-2y-DHAPPQ-AL-ASAQ,22,0.7306134192520037,2031
004/025-Cycling-2y-DHAPPQ-AL-ASAQ,23,0.7034106879726846,2031
004/025-Cycling-2y-DHAPPQ-AL-ASAQ,24,0.7322651661488137,2031
004/025-Cycling-2y-DHAPPQ-AL-ASAQ,25,0.7177870021006295,2031
004/025-Cycling-2y-DHAPPQ-AL-ASAQ,26,0.7004875802665426,2031
004/025-Cycling-2y-DHAPPQ-AL-ASAQ,27,0.7389910623090404,2031
004/025-Cycling-2y-DHAPPQ-AL-ASAQ,28,0.7189716467624113,2031
004/025-Cycling-2y-DHAPPQ-AL-ASAQ,29,0.7259805674697309,2031
004/025-Cycling-2y-DHAPPQ-AL-ASAQ,30,0.6954822652053223,2031
004/025-Cycling-2y-DHAPPQ-AL-ASAQ,31,0.708000283433082,2031
004/025-Cycling-2y-DHAPPQ-AL-ASAQ,32,0.6990123098003087,2031
004/025-Cycling-2y-DHAPPQ-AL-ASAQ,33,0.7076167879904434,2031
004/025-Cycling-2y-DHAPPQ-AL-ASAQ,34,0.6913815603674355,2031
004/025-Cycling-2y-DHAPPQ-AL-ASAQ,35,0.7392014773105088,2031
004/025-Cycling-2y-DHAPPQ-AL-ASAQ,36,0.7225595090741875,2031
004/025-Cycling-2y-DHAPPQ-AL-ASAQ,37,0.7028368276014558,2031
004/025-Cycling-2y-DHAPPQ-AL-ASAQ,38,0.7395733249003394,2031
004/025-Cycling-2y-DHAPPQ-AL-ASAQ,39,0.7004764621927037,2031
004/025-Cycling-2y-DHAPPQ-AL-ASAQ,40,0.7234521972321525,2031
004/025-Cycling-2y-DHAPPQ-AL-ASAQ,41,0.7206961939070257,2031
004/025-Cycling-2y-DHAPPQ-AL-ASAQ,42,0.7235530229316565,2031
004/025-Cycling-2y-DHAPPQ-AL-ASAQ,43,0.7039250996217231,2031
004/025-Cycling-2y-DHAPPQ-AL-ASAQ,44,0.6703406137344333,2031
004/025-Cycling-2y-DHAPPQ-AL-ASAQ,45,0.7348068726795277,2031
004/025-Cycling-2y-DHAPPQ-AL-ASAQ,46,0.7179313426484052,2031
004/025-Cycling-2y-DHAPPQ-AL-ASAQ,47,0.7069576596785181,2031
004/025-Cycling-2y-DHAPPQ-AL-ASAQ,48,0.6943804901767097,2031
004/025-Cycling-2y-DHAPPQ-AL-ASAQ,49,0.7331263869700401,2031
004/025-Cycling-2y-DHAPPQ-AL-ASAQ,50,0.6883322144075432,2031
004/025-Cycling-2y-DHAPPQ-AL-ASAQ,51,0.7120273025795649,2031
004/025-Cycling-2y-DHAPPQ-AL-ASAQ,52,0.7113221210758006,2031
004/025-Cycling-2y-DHAPPQ-AL-ASAQ,53,0.7207227546505576,2031
004/025-Cycling-2y-DHAPPQ-AL-ASAQ,54,0.6810878740425791,2031
004/025-Cycling-2y-DHAPPQ-AL-ASAQ,55,0.7287258721664961,2031
004/025-Cycling-2y-DHAPPQ-AL-ASAQ,56,0.717737318827058,2031
004/025-Cycling-2y-DHAPPQ-AL-ASAQ,57,0.7306417600686633,2031
004/025-Cycling-2y-DHAPPQ-AL-ASAQ,58,0.7123878655085121,2031
004/025-Cycling-2y-DHAPPQ-AL-ASAQ,59,0.7250341916997171,2031
004/025-Cycling-2y-DHAPPQ-AL-ASAQ,60,0.724041969312891,2031
004/025-Cycling-2y-DHAPPQ-AL-ASAQ,61,0.7117437082399171,2031
004/025-Cycling-2y-DHAPPQ-AL-ASAQ,62,0.6939139953719845,2031
004/025-Cycling-2y-DHAPPQ-AL-ASAQ,63,0.71282648568514,2031
004/025-Cycling-2y-DHAPPQ-AL-ASAQ,64,0.7047467695295561,2031
004/025-Cycling-2y-DHAPPQ-AL-ASAQ,65,0.7047859261044725,2031
004/025-Cycling-2y-DHAPPQ-AL-ASAQ,66,0.6770170073928106,2031
004/025-Cycling-2y-DHAPPQ-AL-ASAQ,67,0.7070779994946473,2031
004/025-Cycling-2y-DHAPPQ-AL-ASAQ,68,0.703672362457747,2031
004/025-Cycling-2y-DHAPPQ-AL-ASAQ,69,0.7261421687186574,2031
004/025-Cycling-2y-DHAPPQ-AL-ASAQ,70,0.7071748747775622,2031
004/025-Cycling-2y-DHAPPQ-AL-ASAQ,71,0.7194353898096612,2031
004/025-Cycling-2y-DHAPPQ-AL-ASAQ,72,0.7215715016217678,2031
004/025-Cycling-2y-DHAPPQ-AL-ASAQ,73,0.6917199326942544,2031
004/025-Cycling-2y-DHAPPQ-AL-ASAQ,74,0.7129628701749953,2031
004/025-Cycling-2y-DHAPPQ-AL-ASAQ,75,0.7275984265116637,2031
004/025-Cycling-2y-DHAPPQ-AL-ASAQ,76,0.7438005277610258,2031
004/025-Cycling-2y-DHAPPQ-AL-ASAQ,77,0.7119698449875905,2031
004/025-Cycling-2y-DHAPPQ-AL-ASAQ,78,0.7279835721962119,2031
004/025-Cycling-2y-DHAPPQ-AL-ASAQ,79,0.7054799463612133,2031
004/025-Cycling-2y-DHAPPQ-AL-ASAQ,80,0.6980836969535428,2031
004/025-Cycling-2y-DHAPPQ-AL-ASAQ,81,0.6959625281527977,2031
004/025-Cycling-2y-DHAPPQ-AL-ASAQ,82,0.7148394543192049,2031
004/025-Cycling-2y-DHAPPQ-AL-ASAQ,83,0.7325009255390452,2031
004/025-Cycling-2y-DHAPPQ-AL-ASAQ,84,0.6798289926294531,2031
004/025-Cycling-2y-DHAPPQ-AL-ASAQ,85,0.7351222669103227,2031
004/025-Cycling-2y-DHAPPQ-AL-ASAQ,86,0.6869820692410599,2031
004/025-Cycling-2y-DHAPPQ-AL-ASAQ,87,0.6899547803458231,2031
004/025-Cycling-2y-DHAPPQ-AL-ASAQ,88,0.713844050390676,2031
004/025-Cycling-2y-DHAPPQ-AL-ASAQ,89,0.7221719781668176,2031
004/025-Cycling-2y-DHAPPQ-AL-ASAQ,90,0.7121682080681554,2031
004/025-Cycling-2y-DHAPPQ-AL-ASAQ,91,0.6961892244369027,2031
004/025-Cycling-2y-DHAPPQ-AL-ASAQ,92,0.73127249955983,2031
004/025-Cycling-2y-DHAPPQ-AL-ASAQ,93,0.6974864449589336,2031
004/025-Cycling-2y-DHAPPQ-AL-ASAQ,94,0.7160957919153951,2031
004/025-Cycling-2y-DHAPPQ-AL-ASAQ,95,0.706574279901747,2031
004/025-Cycling-2y-DHAPPQ-AL-ASAQ,96,0.6868105100751309,2031
004/025-Cycling-2y-DHAPPQ-AL-ASAQ,97,0.7487971966164655,2031
004/025-Cycling-2y-DHAPPQ-AL-ASAQ,98,0.709071333855738,2031
004/025-Cycling-2y-DHAPPQ-AL-ASAQ,99,0.723759587928951,2031
004/026-Cycling-2y-DHAPPQ-ASAQ-AL,0,0.7098640195775587,2031
004/026-Cycling-2y-DHAPPQ-ASAQ-AL,1,0.7072199036847202,2031
004/026-Cycling-2y-DHAPPQ-ASAQ-AL,2,0.6967945572298929,2031
004/026-Cycling-2y-DHAPPQ-ASAQ-AL,3,0.712906467956585,2031
004/026-Cycling-2y-DHAPPQ-ASAQ-AL,4,0.7092487346409931,2031
004/026-Cycling-2y-DHAPPQ-ASAQ-AL,5,0.7156182519811852,2031
004/026-Cycling-2y-DHAPPQ-ASAQ-AL,6,0.7057059700375694,2031
004/026-Cycling-2y-DHAPPQ-ASAQ-AL,7,0.7067484336753139,2031
004/026-Cycling-2y-DHAPPQ-ASAQ-AL,8,0.737585206955115,2031
004/026-Cycling-2y-DHAPPQ-ASAQ-AL,9,0.7412912405416985,2031
004/026-Cycling-2y-DHAPPQ-ASAQ-AL,10,0.7107056882614082,2031
004/026-Cycling-2y-DHAPPQ-ASAQ-AL,11,0.7514830852525775,2031
004/026-Cycling-2y-DHAPPQ-ASAQ-AL,12,0.6942725778282988,2031
004/026-Cycling-2y-DHAPPQ-ASAQ-AL,13,0.7356986366075784,2031
004/026-Cycling-2y-DHAPPQ-ASAQ-AL,14,0.7266490425906663,2031
004/026-Cycling-2y-DHAPPQ-ASAQ-AL,15,0.7406132023372681,2031
004/026-Cycling-2y-DHAPPQ-ASAQ-AL,16,0.7230587656311971,2031
004/026-Cycling-2y-DHAPPQ-ASAQ-AL,17,0.7383477713603791,2031
004/026-Cycling-2y-DHAPPQ-ASAQ-AL,18,0.708125180229083,2031
004/026-Cycling-2y-DHAPPQ-ASAQ-AL,19,0.7357609567387772,2031
004/026-Cycling-2y-DHAPPQ-ASAQ-AL,20,0.7186638624018454,2031
004/026-Cycling-2y-DHAPPQ-ASAQ-AL,21,0.7618680614459871,2031
004/026-Cycling-2y-DHAPPQ-ASAQ-AL,22,0.7358195771187171,2031
004/026-Cycling-2y-DHAPPQ-ASAQ-AL,23,0.7496946949486308,2031
004/026-Cycling-2y-DHAPPQ-ASAQ-AL,24,0.7134633316997151,2031
004/026-Cycling-2y-DHAPPQ-ASAQ-AL,25,0.7391752836765656,2031
004/026-Cycling-2y-DHAPPQ-ASAQ-AL,26,0.7263024214404706,2031
004/026-Cycling-2y-DHAPPQ-ASAQ-AL,27,0.7266523394675749,2031
004/026-Cycling-2y-DHAPPQ-ASAQ-AL,28,0.7047744043605619,2031
004/026-Cycling-2y-DHAPPQ-ASAQ-AL,29,0.731095176183421,2031
004/026-Cycling-2y-DHAPPQ-ASAQ-AL,30,0.7454788446984931,2031
004/026-Cycling-2y-DHAPPQ-ASAQ-AL,31,0.7215184506968004,2031
004/026-Cycling-2y-DHAPPQ-ASAQ-AL,32,0.7315045113183092,2031
004/026-Cycling-2y-DHAPPQ-ASAQ-AL,33,0.7215231110686671,2031
004/026-Cycling-2y-DHAPPQ-ASAQ-AL,34,0.7597260941125751,2031
004/026-Cycling-2y-DHAPPQ-ASAQ-AL,35,0.7284012705925753,2031
004/026-Cycling-2y-DHAPPQ-ASAQ-AL,36,0.7060911276315519,2031
004/026-Cycling-2y-DHAPPQ-ASAQ-AL,37,0.704316219165417,2031
004/026-Cycling-2y-DHAPPQ-ASAQ-AL,38,0.6980059923998408,2031
004/026-Cycling-2y-DHAPPQ-ASAQ-AL,39,0.7408851328040503,2031
004/026-Cycling-2y-DHAPPQ-ASAQ-AL,40,0.7434325676758052,2031
004/026-Cycling-2y-DHAPPQ-ASAQ-AL,41,0.7201443228552566,2031
004/026-Cycling-2y-DHAPPQ-ASAQ-AL,42,0.7299365009468471,2031
004/026-Cycling-2y-DHAPPQ-ASAQ-AL,43,0.7430107923624694,2031
004/026-Cycling-2y-DHAPPQ-ASAQ-AL,44,0.7395164975827027,2031
004/026-Cycling-2y-DHAPPQ-ASAQ-AL,45,0.73903212813583,2031
004/026-Cycling-2y-DHAPPQ-ASAQ-AL,46,0.7677365614058841,2031
004/026-Cycling-2y-DHAPPQ-ASAQ-AL,47,0.7518049003754247,2031
004/026-Cycling-2y-DHAPPQ-ASAQ-AL,48,0.7253303576041633,2031
004/026-Cycling-2y-DHAPPQ-ASAQ-AL,49,0.7484558787488323,2031
004/026-Cycling-2y-DHAPPQ-ASAQ-AL,50,0.7414825458389541,2031
004/026-Cycling-2y-DHAPPQ-ASAQ-AL,51,0.7191801454114715,2031
004/026-Cycling-2y-DHAPPQ-ASAQ-AL,52,0.7133295120739996,2031
004/026-Cycling-2y-DHAPPQ-ASAQ-AL,53,0.7102655664081112,2031
004/026-Cycling-2y-DHAPPQ-ASAQ-AL,54,0.7213114935597452,2031
004/026-Cycling-2y-DHAPPQ-ASAQ-AL,55,0.7290888822600955,2031
004/026-Cycling-2y-DHAPPQ-ASAQ-AL,56,0.7429525201481857,2031
004/026-Cycling-2y-DHAPPQ-ASAQ-AL,57,0.719535399455773,2031
004/026-Cycling-2y-DHAPPQ-ASAQ-AL,58,0.7267025218680603,2031
004/026-Cycling-2y-DHAPPQ-ASAQ-AL,59,0.6938011309423179,2031
004/026-Cycling-2y-DHAPPQ-ASAQ-AL,60,0.731001414723004,2031
004/026-Cycling-2y-DHAPPQ-ASAQ-AL,61,0.7281534459906984,2031
004/026-Cycling-2y-DHAPPQ-ASAQ-AL,62,0.7350170724444977,2031
004/026-Cycling-2y-DHAPPQ-ASAQ-AL,63,0.7294231272555503,2031
004/026-Cycling-2y-DHAPPQ-ASAQ-AL,64,0.6918637963532567,2031
004/026-Cycling-2y-DHAPPQ-ASAQ-AL,65,0.7281977934700365,2031
004/026-Cycling-2y-DHAPPQ-ASAQ-AL,66,0.7549591832826098,2031
004/026-Cycling-2y-DHAPPQ-ASAQ-AL,67,0.7175820132359564,2031
004/026-Cycling-2y-DHAPPQ-ASAQ-AL,68,0.7449253297042465,2031
004/026-Cycling-2y-DHAPPQ-ASAQ-AL,69,0.7196795897416095,2031
004/026-Cycling-2y-DHAPPQ-ASAQ-AL,70,0.6965634677742253,2031
004/026-Cycling-2y-DHAPPQ-ASAQ-AL,71,0.7132690024424253,2031
004/026-Cycling-2y-DHAPPQ-ASAQ-AL,72,0.7158893394289426,2031
004/026-Cycling-2y-DHAPPQ-ASAQ-AL,73,0.72101030529255,2031
004/026-Cycling-2y-DHAPPQ-ASAQ-AL,74,0.7396615196233264,2031
004/026-Cycling-2y-DHAPPQ-ASAQ-AL,75,0.7172637684750045,2031
004/026-Cycling-2y-DHAPPQ-ASAQ-AL,76,0.7207228061467594,2031
004/026-Cycling-2y-DHAPPQ-ASAQ-AL,77,0.7376788969424329,2031
004/026-Cycling-2y-DHAPPQ-ASAQ-AL,78,0.7288274500066455,2031
004/026-Cycling-2y-DHAPPQ-ASAQ-AL,79,0.720959283778544,2031
004/026-Cycling-2y-DHAPPQ-ASAQ-AL,80,0.7193975065176154,2031
004/026-Cycling-2y-DHAPPQ-ASAQ-AL,81,0.7064722362642007,2031
004/026-Cycling-2y-DHAPPQ-ASAQ-AL,82,0.7286931544083589,2031
004/026-Cycling-2y-DHAPPQ-ASAQ-AL,83,0.701319180130816,2031
004/026-Cycling-2y-DHAPPQ-ASAQ-AL,84,0.685384180083119,2031
004/026-Cycling-2y-DHAPPQ-ASAQ-AL,85,0.7415224643194692,2031
004/026-Cycling-2y-DHAPPQ-ASAQ-AL,86,0.7233040946235972,2031
004/026-Cycling-2y-DHAPPQ-ASAQ-AL,87,0.7290594192365778,2031
004/026-Cycling-2y-DHAPPQ-ASAQ-AL,88,0.7400141340911915,2031
004/026-Cycling-2y-DHAPPQ-ASAQ-AL,89,0.74833632599488,2031
004/026-Cycling-2y-DHAPPQ-ASAQ-AL,90,0.7212211711826338,2031
004/026-Cycling-2y-DHAPPQ-ASAQ-AL,91,0.7402944423935299,2031
004/026-Cycling-2y-DHAPPQ-ASAQ-AL,92,0.7224836769248274,2031
004/026-Cycling-2y-DHAPPQ-ASAQ-AL,93,0.7235379191343364,2031
004/026-Cycling-2y-DHAPPQ-ASAQ-AL,94,0.7246067797218566,2031
004/026-Cycling-2y-DHAPPQ-ASAQ-AL,95,0.7310405733054727,2031
004/026-Cycling-2y-DHAPPQ-ASAQ-AL,96,0.72290459796963,2031
004/026-Cycling-2y-DHAPPQ-ASAQ-AL,97,0.7387868163667174,2031
004/026-Cycling-2y-DHAPPQ-ASAQ-AL,98,0.7170762770892033,2031
004/026-Cycling-2y-DHAPPQ-ASAQ-AL,99,0.7144980307466539,2031
004/027-Cycling-3y-AL-ASAQ,0,0.7182500712982433,2031
004/027-Cycling-3y-AL-ASAQ,1,0.7315875275395509,2031
004/027-Cycling-3y-AL-ASAQ,2,0.7541472919494187,2031
004/027-Cycling-3y-AL-ASAQ,3,0.7145701045842182,2031
004/027-Cycling-3y-AL-ASAQ,4,0.7355327658507683,2031
004/027-Cycling-3y-AL-ASAQ,5,0.7132310861797074,2031
004/027-Cycling-3y-AL-ASAQ,6,0.7313215995868019,2031
004/027-Cycling-3y-AL-ASAQ,7,0.7460798554469208,2031
004/027-Cycling-3y-AL-ASAQ,8,0.7591935086591798,2031
004/027-Cycling-3y-AL-ASAQ,9,0.7259784375450624,2031
004/027-Cycling-3y-AL-ASAQ,10,0.7105140161077049,2031
004/027-Cycling-3y-AL-ASAQ,11,0.7157579952666699,2031
004/027-Cycling-3y-AL-ASAQ,12,0.7296451271755147,2031
004/027-Cycling-3y-AL-ASAQ,13,0.7059033495187884,2031
004/027-Cycling-3y-AL-ASAQ,14,0.7452184935824125,2031
004/027-Cycling-3y-AL-ASAQ,15,0.719040943292173,2031
004/027-Cycling-3y-AL-ASAQ,16,0.7363884498264469,2031
004/027-Cycling-3y-AL-ASAQ,17,0.7202867018407698,2031
004/027-Cycling-3y-AL-ASAQ,18,0.7405446131189346,2031
004/027-Cycling-3y-AL-ASAQ,19,0.7237285477077583,2031
004/027-Cycling-3y-AL-ASAQ,20,0.7075143214265208,2031
004/027-Cycling-3y-AL-ASAQ,21,0.7329967022245815,2031
004/027-Cycling-3y-AL-ASAQ,22,0.725135308346661,2031
004/027-Cycling-3y-AL-ASAQ,23,0.7526981252305598,2031
004/027-Cycling-3y-AL-ASAQ,24,0.725168173045037,2031
004/027-Cycling-3y-AL-ASAQ,25,0.7200130115457609,2031
004/027-Cycling-3y-AL-ASAQ,26,0.7231838660574083,2031
004/027-Cycling-3y-AL-ASAQ,27,0.7270697208801976,2031
004/027-Cycling-3y-AL-ASAQ,28,0.7404276679623146,2031
004/027-Cycling-3y-AL-ASAQ,29,0.7123979031994173,2031
004/027-Cycling-3y-AL-ASAQ,30,0.709385918853006,2031
004/027-Cycling-3y-AL-ASAQ,31,0.7342820418258471,2031
004/027-Cycling-3y-AL-ASAQ,32,0.7238947670410397,2031
004/027-Cycling-3y-AL-ASAQ,33,0.7221091566598797,2031
004/027-Cycling-3y-AL-ASAQ,34,0.7671137947456309,2031
004/027-Cycling-3y-AL-ASAQ,35,0.7077698888162395,2031
004/027-Cycling-3y-AL-ASAQ,36,0.7259312245515254,2031
004/027-Cycling-3y-AL-ASAQ,37,0.7295687548970772,2031
004/027-Cycling-3y-AL-ASAQ,38,0.8297888690505301,2031
004/027-Cycling-3y-AL-ASAQ,39,0.7283816417443415,2031
004/027-Cycling-3y-AL-ASAQ,40,0.6965822309345896,2031
004/027-Cycling-3y-AL-ASAQ,41,0.7188009619501227,2031
004/027-Cycling-3y-AL-ASAQ,42,0.743327617921563,2031
004/027-Cycling-3y-AL-ASAQ,43,0.7087069130964024,2031
004/027-Cycling-3y-AL-ASAQ,44,0.7083557366050116,2031
004/027-Cycling-3y-AL-ASAQ,45,0.7239793720475345,2031
004/027-Cycling-3y-AL-ASAQ,46,0.7243969685570478,2031
004/027-Cycling-3y-AL-ASAQ,47,0.7530096624985153,2031
004/027-Cycling-3y-AL-ASAQ,48,0.7417130685153556,2031
004/027-Cycling-3y-AL-ASAQ,49,0.7266786874233793,2031
004/027-Cycling-3y-AL-ASAQ,50,0.7506293147102369,2031
004/027-Cycling-3y-AL-ASAQ,51,0.701807274519711,2031
004/027-Cycling-3y-AL-ASAQ,52,0.676746637414137,2031
004/027-Cycling-3y-AL-ASAQ,53,0.6976537963299673,2031
004/027-Cycling-3y-AL-ASAQ,54,0.7048763881640983,2031
004/027-Cycling-3y-AL-ASAQ,55,0.698570575735309,2031
004/027-Cycling-3y-AL-ASAQ,56,0.711142102769693,2031
004/027-Cycling-3y-AL-ASAQ,57,0.7339264720032053,2031
004/027-Cycling-3y-AL-ASAQ,58,0.7429423710688746,2031
004/027-Cycling-3y-AL-ASAQ,59,0.7257662823514326,2031
004/027-Cycling-3y-AL-ASAQ,60,0.7431121449415649,2031
004/027-Cycling-3y-AL-ASAQ,61,0.7349491502537712,2031
004/027-Cycling-3y-AL-ASAQ,62,0.7116540121265618,2031
004/027-Cycling-3y-AL-ASAQ,63,0.714960753390716,2031
004/027-Cycling-3y-AL-ASAQ,64,0.7190218592929715,2031
004/027-Cycling-3y-AL-ASAQ,65,0.7433095194251967,2031
004/027-Cycling-3y-AL-ASAQ,66,0.7345130233999503,2031
004/027-Cycling-3y-AL-ASAQ,67,0.7180648133375035,2031
004/027-Cycling-3y-AL-ASAQ,68,0.7186783718141315,2031
004/027-Cycling-3y-AL-ASAQ,69,0.7075690043615271,2031
004/027-Cycling-3y-AL-ASAQ,70,0.735651200549075,2031
004/027-Cycling-3y-AL-ASAQ,71,0.7294857422214136,2031
004/027-Cycling-3y-AL-ASAQ,72,0.7277936304736484,2031
004/027-Cycling-3y-AL-ASAQ,73,0.7395600866211084,2031
004/027-Cycling-3y-AL-ASAQ,74,0.7221594690381803,2031
004/027-Cycling-3y-AL-ASAQ,75,0.7388263315982672,2031
004/027-Cycling-3y-AL-ASAQ,76,0.7222130857775388,2031
004/027-Cycling-3y-AL-ASAQ,77,0.769909994837747,2031
004/027-Cycling-3y-AL-ASAQ,78,0.7579522897829131,2031
004/027-Cycling-3y-AL-ASAQ,79,0.7167312965956434,2031
004/027-Cycling-3y-AL-ASAQ,80,0.7062806236946525,2031
004/027-Cycling-3y-AL-ASAQ,81,0.7380729443957276,2031
004/027-Cycling-3y-AL-ASAQ,82,0.7294777919261861,2031
004/027-Cycling-3y-AL-ASAQ,83,0.7447147136567779,2031
004/027-Cycling-3y-AL-ASAQ,84,0.7292333440657299,2031
004/027-Cycling-3y-AL-ASAQ,85,0.709295881418166,2031
004/027-Cycling-3y-AL-ASAQ,86,0.7417961661330107,2031
004/027-Cycling-3y-AL-ASAQ,87,0.7344607546333247,2031
004/027-Cycling-3y-AL-ASAQ,88,0.7110705099197743,2031
004/027-Cycling-3y-AL-ASAQ,89,0.7302245534530214,2031
004/027-Cycling-3y-AL-ASAQ,90,0.728013616226599,2031
004/027-Cycling-3y-AL-ASAQ,91,0.7170351609503826,2031
004/027-Cycling-3y-AL-ASAQ,92,0.7214073344512757,2031
004/027-Cycling-3y-AL-ASAQ,93,0.7190319233025089,2031
004/027-Cycling-3y-AL-ASAQ,94,0.7376494577445741,2031
004/027-Cycling-3y-AL-ASAQ,95,0.7187624186152854,2031
004/027-Cycling-3y-AL-ASAQ,96,0.7545834569205181,2031
004/027-Cycling-3y-AL-ASAQ,97,0.7198158289358992,2031
004/027-Cycling-3y-AL-ASAQ,98,0.7533804822006873,2031
004/027-Cycling-3y-AL-ASAQ,99,0.699005130568967,2031
004/028-Cycling-3y-AL-DHAPPQ,0,0.7611202647659742,2031
004/028-Cycling-3y-AL-DHAPPQ,1,0.7570757767652568,2031
004/028-Cycling-3y-AL-DHAPPQ,2,0.7487813584001101,2031
004/028-Cycling-3y-AL-DHAPPQ,3,0.7447806345695773,2031
004/028-Cycling-3y-AL-DHAPPQ,4,0.7621516609298086,2031
004/028-Cycling-3y-AL-DHAPPQ,5,0.77205784283288,2031
004/028-Cycling-3y-AL-DHAPPQ,6,0.7538340842029108,2031
004/028-Cycling-3y-AL-DHAPPQ,7,0.75296173303234,2031
004/028-Cycling-3y-AL-DHAPPQ,8,0.731213662134917,2031
004/028-Cycling-3y-AL-DHAPPQ,9,0.7624331811909343,2031
004/028-Cycling-3y-AL-DHAPPQ,10,0.7446355301482893,2031
004/028-Cycling-3y-AL-DHAPPQ,11,0.766822818826998,2031
004/028-Cycling-3y-AL-DHAPPQ,12,0.752470644582719,2031
004/028-Cycling-3y-AL-DHAPPQ,13,0.7415611670032717,2031
004/028-Cycling-3y-AL-DHAPPQ,14,0.7758657722780907,2031
004/028-Cycling-3y-AL-DHAPPQ,15,0.7485081679178185,2031
004/028-Cycling-3y-AL-DHAPPQ,16,0.7226614089942394,2031
004/028-Cycling-3y-AL-DHAPPQ,17,0.7545070498969402,2031
004/028-Cycling-3y-AL-DHAPPQ,18,0.7226328487220225,2031
004/028-Cycling-3y-AL-DHAPPQ,19,0.7443174099795947,2031
004/028-Cycling-3y-AL-DHAPPQ,20,0.7409824802386463,2031
004/028-Cycling-3y-AL-DHAPPQ,21,0.7624572103789858,2031
004/028-Cycling-3y-AL-DHAPPQ,22,0.7595349387783573,2031
004/028-Cycling-3y-AL-DHAPPQ,23,0.741404316365948,2031
004/028-Cycling-3y-AL-DHAPPQ,24,0.7436703043126837,2031
004/028-Cycling-3y-AL-DHAPPQ,25,0.738053342958252,2031
004/028-Cycling-3y-AL-DHAPPQ,26,0.7534679217697003,2031
004/028-Cycling-3y-AL-DHAPPQ,27,0.7494427761831238,2031
004/028-Cycling-3y-AL-DHAPPQ,28,0.7705588795422486,2031
004/028-Cycling-3y-AL-DHAPPQ,29,0.7728537827309959,2031
004/028-Cycling-3y-AL-DHAPPQ,30,0.7673184871598978,2031
004/028-Cycling-3y-AL-DHAPPQ,31,0.786826319280053,2031
004/028-Cycling-3y-AL-DHAPPQ,32,0.7332349303451005,2031
004/028-Cycling-3y-AL-DHAPPQ,33,0.7181516834228043,2031
004/028-Cycling-3y-AL-DHAPPQ,34,0.7471401035594392,2031
004/028-Cycling-3y-AL-DHAPPQ,35,0.7777468473675219,2031
004/028-Cycling-3y-AL-DHAPPQ,36,0.7627218122198864,2031
004/028-Cycling-3y-AL-DHAPPQ,37,0.7649574399568458,2031
004/028-Cycling-3y-AL-DHAPPQ,38,0.7391865393121643,2031
004/028-Cycling-3y-AL-DHAPPQ,39,0.7484180876317792,2031
004/028-Cycling-3y-AL-DHAPPQ,40,0.7908348018828605,2031
004/028-Cycling-3y-AL-DHAPPQ,41,0.7791816446724563,2031
004/028-Cycling-3y-AL-DHAPPQ,42,0.7722154177878945,2031
004/028-Cycling-3y-AL-DHAPPQ,43,0.7623305015789938,2031
004/028-Cycling-3y-AL-DHAPPQ,44,0.7758192872782662,2031
004/028-Cycling-3y-AL-DHAPPQ,45,0.7551463519041798,2031
004/028-Cycling-3y-AL-DHAPPQ,46,0.7230543986498095,2031
004/028-Cycling-3y-AL-DHAPPQ,47,0.732892630445805,2031
004/028-Cycling-3y-AL-DHAPPQ,48,0.7325793914840141,2031
004/028-Cycling-3y-AL-DHAPPQ,49,0.7317277573326201,2031
004/028-Cycling-3y-AL-DHAPPQ,50,0.7582227594795438,2031
004/028-Cycling-3y-AL-DHAPPQ,51,0.7626771803373681,2031
004/028-Cycling-3y-AL-DHAPPQ,52,0.764403694775742,2031
004/028-Cycling-3y-AL-DHAPPQ,53,0.7312071610440897,2031
004/028-Cycling-3y-AL-DHAPPQ,54,0.7435677165406758,2031
004/028-Cycling-3y-AL-DHAPPQ,55,0.7752285993770324,2031
004/028-Cycling-3y-AL-DHAPPQ,56,0.7166386781509552,2031
004/028-Cycling-3y-AL-DHAPPQ,57,0.7519169448378681,2031
004/028-Cycling-3y-AL-DHAPPQ,58,0.7318806888552235,2031
004/028-Cycling-3y-AL-DHAPPQ,59,0.7286271052331023,2031
004/028-Cycling-3y-AL-DHAPPQ,60,0.7516886142083755,2031
004/028-Cycling-3y-AL-DHAPPQ,61,0.7733885873322474,2031
004/028-Cycling-3y-AL-DHAPPQ,62,0.7428871905161493,2031
004/028-Cycling-3y-AL-DHAPPQ,63,0.7608714390041963,2031
004/028-Cycling-3y-AL-DHAPPQ,64,0.7613727928500703,2031
004/028-Cycling-3y-AL-DHAPPQ,65,0.7474768722054858,2031
004/028-Cycling-3y-AL-DHAPPQ,66,0.7864121641491821,2031
004/028-Cycling-3y-AL-DHAPPQ,67,0.7442106584360588,2031
004/028-Cycling-3y-AL-DHAPPQ,68,0.7549551943694386,2031
004/028-Cycling-3y-AL-DHAPPQ,69,0.7552966276921734,2031
004/028-Cycling-3y-AL-DHAPPQ,70,0.7740072012488327,2031
004/028-Cycling-3y-AL-DHAPPQ,71,0.7513946420791041,2031
004/028-Cycling-3y-AL-DHAPPQ,72,0.755687792334457,2031
004/028-Cycling-3y-AL-DHAPPQ,73,0.7552149513294469,2031
004/028-Cycling-3y-AL-DHAPPQ,74,0.762771605654376,2031
004/028-Cycling-3y-AL-DHAPPQ,75,0.7727698705813665,2031
004/028-Cycling-3y-AL-DHAPPQ,76,0.7651198034323232,2031
004/028-Cycling-3y-AL-DHAPPQ,77,0.7880040613363996,2031
004/028-Cycling-3y-AL-DHAPPQ,78,0.7511680271368292,2031
004/028-Cycling-3y-AL-DHAPPQ,79,0.7481372932131894,2031
004/028-Cycling-3y-AL-DHAPPQ,80,0.7725732904636912,2031
004/028-Cycling-3y-AL-DHAPPQ,81,0.736818097285323,2031
004/028-Cycling-3y-AL-DHAPPQ,82,0.7431515335857671,2031
004/028-Cycling-3y-AL-DHAPPQ,83,0.7184112653562322,2031
004/028-Cycling-3y-AL-DHAPPQ,84,0.7813495105032486,2031
004/028-Cycling-3y-AL-DHAPPQ,85,0.7678733822297735,2031
004/028-Cycling-3y-AL-DHAPPQ,86,0.7748629734498276,2031
004/028-Cycling-3y-AL-DHAPPQ,87,0.7690187664202549,2031
004/028-Cycling-3y-AL-DHAPPQ,88,0.7430803233126705,2031
004/028-Cycling-3y-AL-DHAPPQ,89,0.7367984496639052,2031
004/028-Cycling-3y-AL-DHAPPQ,90,0.7503946545368144,2031
004/028-Cycling-3y-AL-DHAPPQ,91,0.7532666767403544,2031
004/028-Cycling-3y-AL-DHAPPQ,92,0.7933930628763474,2031
004/028-Cycling-3y-AL-DHAPPQ,93,0.7432300271076665,2031
004/028-Cycling-3y-AL-DHAPPQ,94,0.7746193793642978,2031
004/028-Cycling-3y-AL-DHAPPQ,95,0.7732169136771493,2031
004/028-Cycling-3y-AL-DHAPPQ,96,0.781483868598334,2031
004/028-Cycling-3y-AL-DHAPPQ,97,0.7560834833817308,2031
004/028-Cycling-3y-AL-DHAPPQ,98,0.7198774501888204,2031
004/028-Cycling-3y-AL-DHAPPQ,99,0.7168301441388915,2031
004/029-Cycling-3y-ASAQ-AL,0,0.7352927227280044,2031
004/029-Cycling-3y-ASAQ-AL,1,0.7373436237852027,2031
004/029-Cycling-3y-ASAQ-AL,2,0.7602312254570495,2031
004/029-Cycling-3y-ASAQ-AL,3,0.7591352872115653,2031
004/029-Cycling-3y-ASAQ-AL,4,0.731125148327587,2031
004/029-Cycling-3y-ASAQ-AL,5,0.7382604830571496,2031
004/029-Cycling-3y-ASAQ-AL,6,0.699564588516112,2031
004/029-Cycling-3y-ASAQ-AL,7,0.7368543163661503,2031
004/029-Cycling-3y-ASAQ-AL,8,0.7708125848962689,2031
004/029-Cycling-3y-ASAQ-AL,9,0.7238477613343233,2031
004/029-Cycling-3y-ASAQ-AL,10,0.7496754344682918,2031
004/029-Cycling-3y-ASAQ-AL,11,0.7124848397648575,2031
004/029-Cycling-3y-ASAQ-AL,12,0.732066492022977,2031
004/029-Cycling-3y-ASAQ-AL,13,0.7418190085900536,2031
004/029-Cycling-3y-ASAQ-AL,14,0.7512977357383757,2031
004/029-Cycling-3y-ASAQ-AL,15,0.7759138207525367,2031
004/029-Cycling-3y-ASAQ-AL,16,0.7525294167365498,2031
004/029-Cycling-3y-ASAQ-AL,17,0.7560053916387228,2031
004/029-Cycling-3y-ASAQ-AL,18,0.7042451132791009,2031
004/029-Cycling-3y-ASAQ-AL,19,0.7297731490356748,2031
004/029-Cycling-3y-ASAQ-AL,20,0.7190939592512039,2031
004/029-Cycling-3y-ASAQ-AL,21,0.7281804354857527,2031
004/029-Cycling-3y-ASAQ-AL,22,0.7240621124227119,2031
004/029-Cycling-3y-ASAQ-AL,23,0.7516021599128874,2031
004/029-Cycling-3y-ASAQ-AL,24,0.7303761814328485,2031
004/029-Cycling-3y-ASAQ-AL,25,0.7566859372648636,2031
004/029-Cycling-3y-ASAQ-AL,26,0.765972340243008,2031
004/029-Cycling-3y-ASAQ-AL,27,0.7266910441820253,2031
004/029-Cycling-3y-ASAQ-AL,28,0.7535532026108543,2031
004/029-Cycling-3y-ASAQ-AL,29,0.7440583460842212,2031
004/029-Cycling-3y-ASAQ-AL,30,0.7293854868040689,2031
004/029-Cycling-3y-ASAQ-AL,31,0.731938009662867,2031
004/029-Cycling-3y-ASAQ-AL,32,0.7585328277073411,2031
004/029-Cycling-3y-ASAQ-AL,33,0.7233152631818146,2031
004/029-Cycling-3y-ASAQ-AL,34,0.7432829651821176,2031
004/029-Cycling-3y-ASAQ-AL,35,0.7564926442875199,2031
004/029-Cycling-3y-ASAQ-AL,36,0.7488521685198988,2031
004/029-Cycling-3y-ASAQ-AL,37,0.7310733257952085,2031
004/029-Cycling-3y-ASAQ-AL,38,0.7314321101437544,2031
004/029-Cycling-3y-ASAQ-AL,39,0.7333181165009987,2031
004/029-Cycling-3y-ASAQ-AL,40,0.7204265454382952,2031
004/029-Cycling-3y-ASAQ-AL,41,0.764208125895641,2031
004/029-Cycling-3y-ASAQ-AL,42,0.7448046410266418,2031
004/029-Cycling-3y-ASAQ-AL,43,0.7146354783814934,2031
004/029-Cycling-3y-ASAQ-AL,44,0.7292737835003212,2031
004/029-Cycling-3y-ASAQ-AL,45,0.6966897318713428,2031
004/029-Cycling-3y-ASAQ-AL,46,0.7447272990004575,2031
004/029-Cycling-3y-ASAQ-AL,47,0.7065908310902723,2031
004/029-Cycling-3y-ASAQ-AL,48,0.7578445422038169,2031
004/029-Cycling-3y-ASAQ-AL,49,0.7441520580448066,2031
004/029-Cycling-3y-ASAQ-AL,50,0.7455889391283472,2031
004/029-Cycling-3y-ASAQ-AL,51,0.7615084253789582,2031
004/029-Cycling-3y-ASAQ-AL,52,0.7320711907021874,2031
004/029-Cycling-3y-ASAQ-AL,53,0.7328785635260874,2031
004/029-Cycling-3y-ASAQ-AL,54,0.7372144519347071,2031
004/029-Cycling-3y-ASAQ-AL,55,0.7033222610795224,2031
004/029-Cycling-3y-ASAQ-AL,56,0.734228760089807,2031
004/029-Cycling-3y-ASAQ-AL,57,0.7387643303456999,2031
004/029-Cycling-3y-ASAQ-AL,58,0.737577746279754,2031
004/029-Cycling-3y-ASAQ-AL,59,0.7185170814470707,2031
004/029-Cycling-3y-ASAQ-AL,60,0.7378344251764637,2031
004/029-Cycling-3y-ASAQ-AL,61,0.7482931618577403,2031
004/029-Cycling-3y-ASAQ-AL,62,0.7510686778114608,2031
004/029-Cycling-3y-ASAQ-AL,63,0.7437912570780548,2031
004/029-Cycling-3y-ASAQ-AL,64,0.7734292666017663,2031
004/029-Cycling-3y-ASAQ-AL,65,0.6918760156145076,2031
004/029-Cycling-3y-ASAQ-AL,66,0.7464815826414615,2031
004/029-Cycling-3y-ASAQ-AL,67,0.7429130195696633,2031
004/029-Cycling-3y-ASAQ-AL,68,0.7210441853097426,2031
004/029-Cycling-3y-ASAQ-AL,69,0.7353279164502778,2031
004/029-Cycling-3y-ASAQ-AL,70,0.7819552818036913,2031
004/029-Cycling-3y-ASAQ-AL,71,0.7011542096371456,2031
004/029-Cycling-3y-ASAQ-AL,72,0.73621469748992,2031
004/029-Cycling-3y-ASAQ-AL,73,0.7139932932088108,2031
004/029-Cycling-3y-ASAQ-AL,74,0.7262111158395005,2031
004/029-Cycling-3y-ASAQ-AL,75,0.7386145842114095,2031
004/029-Cycling-3y-ASAQ-AL,76,0.7250683482364425,2031
004/029-Cycling-3y-ASAQ-AL,77,0.7604995351527855,2031
004/029-Cycling-3y-ASAQ-AL,78,0.7266897174082784,2031
004/029-Cycling-3y-ASAQ-AL,79,0.7620237320679691,2031
004/029-Cycling-3y-ASAQ-AL,80,0.7315154254366139,2031
004/029-Cycling-3y-ASAQ-AL,81,0.7334443825311833,2031
004/029-Cycling-3y-ASAQ-AL,82,0.7154571610151934,2031
004/029-Cycling-3y-ASAQ-AL,83,0.7525712568810207,2031
004/029-Cycling-3y-ASAQ-AL,84,0.7484945341957866,2031
004/029-Cycling-3y-ASAQ-AL,85,0.7354952521243777,2031
004/029-Cycling-3y-ASAQ-AL,86,0.7583824287363337,2031
004/029-Cycling-3y-ASAQ-AL,87,0.7356795679765257,2031
004/029-Cycling-3y-ASAQ-AL,88,0.7676305421572166,2031
004/029-Cycling-3y-ASAQ-AL,89,0.7466207212375494,2031
004/029-Cycling-3y-ASAQ-AL,90,0.7344764531571321,2031
004/029-Cycling-3y-ASAQ-AL,91,0.7428076394733223,2031
004/029-Cycling-3y-ASAQ-AL,92,0.7503237507381585,2031
004/029-Cycling-3y-ASAQ-AL,93,0.7234285340728621,2031
004/029-Cycling-3y-ASAQ-AL,94,0.7334112526120918,2031
004/029-Cycling-3y-ASAQ-AL,95,0.7340352103663307,2031
004/029-Cycling-3y-ASAQ-AL,96,0.7028230328032495,2031
004/029-Cycling-3y-ASAQ-AL,97,0.7414652416231976,2031
004/029-Cycling-3y-ASAQ-AL,98,0.7289319842757487,2031
004/029-Cycling-3y-ASAQ-AL,99,0.7381335894621125,2031
004/030-Cycling-3y-ASAQ-DHAPPQ,0,0.6740080293789025,2031
004/030-Cycling-3y-ASAQ-DHAPPQ,1,0.6939720010404123,2031
004/030-Cycling-3y-ASAQ-DHAPPQ,2,0.6943891685987739,2031
004/030-Cycling-3y-ASAQ-DHAPPQ,3,0.6709643623334344,2031
004/030-Cycling-3y-ASAQ-DHAPPQ,4,0.7178587309237088,2031
004/030-Cycling-3y-ASAQ-DHAPPQ,5,0.7184606950279816,2031
004/030-Cycling-3y-ASAQ-DHAPPQ,6,0.6445826645673542,2031
004/030-Cycling-3y-ASAQ-DHAPPQ,7,0.6667693018493739,2031
004/030-Cycling-3y-ASAQ-DHAPPQ,8,0.6792906412869231,2031
004/030-Cycling-3y-ASAQ-DHAPPQ,9,0.6750666746967667,2031
004/030-Cycling-3y-ASAQ-DHAPPQ,10,0.6786811165635626,2031
004/030-Cycling-3y-ASAQ-DHAPPQ,11,0.6790700506643014,2031
004/030-Cycling-3y-ASAQ-DHAPPQ,12,0.6717520774045432,2031
004/030-Cycling-3y-ASAQ-DHAPPQ,13,0.7134966291664155,2031
004/030-Cycling-3y-ASAQ-DHAPPQ,14,0.6563221462404347,2031
004/030-Cycling-3y-ASAQ-DHAPPQ,15,0.6958972571495687,2031
004/030-Cycling-3y-ASAQ-DHAPPQ,16,0.6812349930986644,2031
004/030-Cycling-3y-ASAQ-DHAPPQ,17,0.6693209635930247,2031
004/030-Cycling-3y-ASAQ-DHAPPQ,18,0.6999900261073958,2031
004/030-Cycling-3y-ASAQ-DHAPPQ,19,0.7165009914878269,2031
004/030-Cycling-3y-ASAQ-DHAPPQ,20,0.701089885259072,2031
004/030-Cycling-3y-ASAQ-DHAPPQ,21,0.693689747302861,2031
004/030-Cycling-3y-ASAQ-DHAPPQ,22,0.6779094611185993,2031
004/030-Cycling-3y-ASAQ-DHAPPQ,23,0.7179588492113917,2031
004/030-Cycling-3y-ASAQ-DHAPPQ,24,0.699208104882247,2031
004/030-Cycling-3y-ASAQ-DHAPPQ,25,0.6525409898018896,2031
004/030-Cycling-3y-ASAQ-DHAPPQ,26,0.684608487844459,2031
004/030-Cycling-3y-ASAQ-DHAPPQ,27,0.664567596857441,2031
004/030-Cycling-3y-ASAQ-DHAPPQ,28,0.6936066795812814,2031
004/030-Cycling-3y-ASAQ-DHAPPQ,29,0.6840254553078854,2031
004/030-Cycling-3y-ASAQ-DHAPPQ,30,0.6621137162616267,2031
004/030-Cycling-3y-ASAQ-DHAPPQ,31,0.690442080333811,2031
004/030-Cycling-3y-ASAQ-DHAPPQ,32,0.6615349960481155,2031
004/030-Cycling-3y-ASAQ-DHAPPQ,33,0.6693372146723212,2031
004/030-Cycling-3y-ASAQ-DHAPPQ,34,0.6729010970302598,2031
004/030-Cycling-3y-ASAQ-DHAPPQ,35,0.6781208852962101,2031
004/030-Cycling-3y-ASAQ-DHAPPQ,36,0.6903026946526641,2031
004/030-Cycling-3y-ASAQ-DHAPPQ,37,0.6598028660593466,2031
004/030-Cycling-3y-ASAQ-DHAPPQ,38,0.6700360000507501,2031
004/030-Cycling-3y-ASAQ-DHAPPQ,39,0.6709314236707185,2031
004/030-Cycling-3y-ASAQ-DHAPPQ,40,0.6987370661532823,2031
004/030-Cycling-3y-ASAQ-DHAPPQ,41,0.6570434288958102,2031
004/030-Cycling-3y-ASAQ-DHAPPQ,42,0.6653353069640189,2031
004/030-Cycling-3y-ASAQ-DHAPPQ,43,0.7131026335737811,2031
004/030-Cycling-3y-ASAQ-DHAPPQ,44,0.7184735017855033,2031
004/030-Cycling-3y-ASAQ-DHAPPQ,45,0.6966769309518583,2031
004/030-Cycling-3y-ASAQ-DHAPPQ,46,0.6736635438265798,2031
004/030-Cycling-3y-ASAQ-DHAPPQ,47,0.685599524702121,2031
004/030-Cycling-3y-ASAQ-DHAPPQ,48,0.6769659472683309,2031
004/030-Cycling-3y-ASAQ-DHAPPQ,49,0.6884691602037655,2031
004/030-Cycling-3y-ASAQ-DHAPPQ,50,0.7274864733061293,2031
004/030-Cycling-3y-ASAQ-DHAPPQ,51,0.6927198787948313,2031
004/030-Cycling-3y-ASAQ-DHAPPQ,52,0.6508248676378847,2031
004/030-Cycling-3y-ASAQ-DHAPPQ,53,0.6872801292994071,2031
004/030-Cycling-3y-ASAQ-DHAPPQ,54,0.6788505911126334,2031
004/030-Cycling-3y-ASAQ-DHAPPQ,55,0.6828115794908872,2031
004/030-Cycling-3y-ASAQ-DHAPPQ,56,0.6754241225396408,2031
004/030-Cycling-3y-ASAQ-DHAPPQ,57,0.6887661413228282,2031
004/030-Cycling-3y-ASAQ-DHAPPQ,58,0.6998106373556446,2031
004/030-Cycling-3y-ASAQ-DHAPPQ,59,0.6708227556908964,2031
004/030-Cycling-3y-ASAQ-DHAPPQ,60,0.6709164919684679,2031
004/030-Cycling-3y-ASAQ-DHAPPQ,61,0.689817509513662,2031
004/030-Cycling-3y-ASAQ-DHAPPQ,62,0.664061138978121,2031
004/030-Cycling-3y-ASAQ-DHAPPQ,63,0.6790139743707394,2031
004/030-Cycling-3y-ASAQ-DHAPPQ,64,0.6997203290376564,2031
004/030-Cycling-3y-ASAQ-DHAPPQ,65,0.7117992598617531,2031
004/030-Cycling-3y-ASAQ-DHAPPQ,66,0.6789684456896324,2031
004/030-Cycling-3y-ASAQ-DHAPPQ,67,0.687160820311595,2031
004/030-Cycling-3y-ASAQ-DHAPPQ,68,0.7130359774795832,2031
004/030-Cycling-3y-ASAQ-DHAPPQ,69,0.6929913037000057,2031
004/030-Cycling-3y-ASAQ-DHAPPQ,70,0.6416086953360205,2031
004/030-Cycling-3y-ASAQ-DHAPPQ,71,0.6923089837712525,2031
004/030-Cycling-3y-ASAQ-DHAPPQ,72,0.6681714867570742,2031
004/030-Cycling-3y-ASAQ-DHAPPQ,73,0.6431954274027429,2031
004/030-Cycling-3y-ASAQ-DHAPPQ,74,0.6967986506954623,2031
004/030-Cycling-3y-ASAQ-DHAPPQ,75,0.6976659733937053,2031
004/030-Cycling-3y-ASAQ-DHAPPQ,76,0.7102019484337841,2031
004/030-Cycling-3y-ASAQ-DHAPPQ,77,0.6874712205218924,2031
004/030-Cycling-3y-ASAQ-DHAPPQ,78,0.6759274597512842,2031
004/030-Cycling-3y-ASAQ-DHAPPQ,79,0.7177072184476407,2031
004/030-Cycling-3y-ASAQ-DHAPPQ,80,0.6877444191086681,2031
004/030-Cycling-3y-ASAQ-DHAPPQ,81,0.6700682256526295,2031
004/030-Cycling-3y-ASAQ-DHAPPQ,82,0.6778507719243728,2031
004/030-Cycling-3y-ASAQ-DHAPPQ,83,0.6954373718990333,2031
004/030-Cycling-3y-ASAQ-DHAPPQ,84,0.6798540707015603,2031
004/030-Cycling-3y-ASAQ-DHAPPQ,85,0.6700508458906299,2031
004/030-Cycling-3y-ASAQ-DHAPPQ,86,0.6638725798618369,2031
004/030-Cycling-3y-ASAQ-DHAPPQ,87,0.7001853597207407,2031
004/030-Cycling-3y-ASAQ-DHAPPQ,88,0.6890107589178145,2031
004/030-Cycling-3y-ASAQ-DHAPPQ,89,0.6830256127783562,2031
004/030-Cycling-3y-ASAQ-DHAPPQ,90,0.6997587152577521,2031
004/030-Cycling-3y-ASAQ-DHAPPQ,91,0.7069965450154564,2031
004/030-Cycling-3y-ASAQ-DHAPPQ,92,0.6845466194320533,2031
004/030-Cycling-3y-ASAQ-DHAPPQ,93,0.6910544608382732,2031
004/030-Cycling-3y-ASAQ-DHAPPQ,94,0.659069547857504,2031
004/030-Cycling-3y-ASAQ-DHAPPQ,95,0.6899707772529583,2031
004/030-Cycling-3y-ASAQ-DHAPPQ,96,0.6933102334238298,2031
004/030-Cycling-3y-ASAQ-DHAPPQ,97,0.7014385796089425,2031
004/030-Cycling-3y-ASAQ-DHAPPQ,98,0.6820662227316784,2031
004/030-Cycling-3y-ASAQ-DHAPPQ,99,0.6553480774343493,2031
004/031-Cycling-3y-DHAPPQ-AL,0,0.774212177472016,2031
004/031-Cycling-3y-DHAPPQ-AL,1,0.7616982660147066,2031
004/031-Cycling-3y-DHAPPQ-AL,2,0.7853788595102666,2031
004/031-Cycling-3y-DHAPPQ-AL,3,0.7767827169638238,2031
004/031-Cycling-3y-DHAPPQ-AL,4,0.7543964003947908,2031
004/031-Cycling-3y-DHAPPQ-AL,5,0.7695532783801503,2031
004/031-Cycling-3y-DHAPPQ-AL,6,0.7815313316391249,2031
004/031-Cycling-3y-DHAPPQ-AL,7,0.7672683358536884,2031
004/031-Cycling-3y-DHAPPQ-AL,8,0.7718088646099946,2031
004/031-Cycling-3y-DHAPPQ-AL,9,0.7676715512216146,2031
004/031-Cycling-3y-DHAPPQ-AL,10,0.7731630307234189,2031
004/031-Cycling-3y-DHAPPQ-AL,11,0.7865996211187594,2031
004/031-Cycling-3y-DHAPPQ-AL,12,0.7567910780285717,2031
004/031-Cycling-3y-DHAPPQ-AL,13,0.7416299111555592,2031
004/031-Cycling-3y-DHAPPQ-AL,14,0.7670210369136529,2031
004/031-Cycling-3y-DHAPPQ-AL,15,0.7416137947157361,2031
004/031-Cycling-3y-DHAPPQ-AL,16,0.7615392631053104,2031
004/031-Cycling-3y-DHAPPQ-AL,17,0.7903209177652393,2031
004/031-Cycling-3y-DHAPPQ-AL,18,0.7585062242333636,2031
004/031-Cycling-3y-DHAPPQ-AL,19,0.7593575088470145,2031
004/031-Cycling-3y-DHAPPQ-AL,20,0.7633156817760054,2031
004/031-Cycling-3y-DHAPPQ-AL,21,0.7904324121943476,2031
004/031-Cycling-3y-DHAPPQ-AL,22,0.7801013971961739,2031
004/031-Cycling-3y-DHAPPQ-AL,23,0.749366485519071,2031
004/031-Cycling-3y-DHAPPQ-AL,24,0.7589966565167877,2031
004/031-Cycling-3y-DHAPPQ-AL,25,0.7792446601877036,2031
004/031-Cycling-3y-DHAPPQ-AL,26,0.762543384349961,2031
004/031-Cycling-3y-DHAPPQ-AL,27,0.7447668232630652,2031
004/031-Cycling-3y-DHAPPQ-AL,28,0.7655318439779486,2031
004/031-Cycling-3y-DHAPPQ-AL,29,0.7826878231516664,2031
004/031-Cycling-3y-DHAPPQ-AL,30,0.8084661856407415,2031
004/031-Cycling-3y-DHAPPQ-AL,31,0.746062062297895,2031
004/031-Cycling-3y-DHAPPQ-AL,32,0.7467850709003042,2031
004/031-Cycling-3y-DHAPPQ-AL,33,0.762825919030647,2031
004/031-Cycling-3y-DHAPPQ-AL,34,0.7614458414616493,2031
004/031-Cycling-3y-DHAPPQ-AL,35,0.7598540748377155,2031
004/031-Cycling-3y-DHAPPQ-AL,36,0.7587164729463262,2031
004/031-Cycling-3y-DHAPPQ-AL,37,0.7972726834467921,2031
004/031-Cycling-3y-DHAPPQ-AL,38,0.7805840280868188,2031
004/031-Cycling-3y-DHAPPQ-AL,39,0.7546246620366083,2031
004/031-Cycling-3y-DHAPPQ-AL,40,0.7822972785800593,2031
004/031-Cycling-3y-DHAPPQ-AL,41,0.7813622557343974,2031
004/031-Cycling-3y-DHAPPQ-AL,42,0.7266012551293745,2031
004/031-Cycling-3y-DHAPPQ-AL,43,0.7569825161671863,2031
004/031-Cycling-3y-DHAPPQ-AL,44,0.7766243306423594,2031
004/031-Cycling-3y-DHAPPQ-AL,45,0.7774845291474883,2031
004/031-Cycling-3y-DHAPPQ-AL,46,0.7502641912120573,2031
004/031-Cycling-3y-DHAPPQ-AL,47,0.7605562199965151,2031
004/031-Cycling-3y-DHAPPQ-AL,48,0.7522989746917114,2031
004/031-Cycling-3y-DHAPPQ-AL,49,0.7490202659008404,2031
004/031-Cycling-3y-DHAPPQ-AL,50,0.7646492722795383,2031
004/031-Cycling-3y-DHAPPQ-AL,51,0.7798467664556249,2031
004/031-Cycling-3y-DHAPPQ-AL,52,0.7567711441937988,2031
004/031-Cycling-3y-DHAPPQ-AL,53,0.7742271015221017,2031
004/031-Cycling-3y-DHAPPQ-AL,54,0.7732657926639965,2031
004/031-Cycling-3y-DHAPPQ-AL,55,0.753674822635597,2031
004/031-Cycling-3y-DHAPPQ-AL,56,0.7873193431700471,2031
004/031-Cycling-3y-DHAPPQ-AL,57,0.7709987226873154,2031
004/031-Cycling-3y-DHAPPQ-AL,58,0.7231732276613939,2031
004/031-Cycling-3y-DHAPPQ-AL,59,0.7644128456101562,2031
004/031-Cycling-3y-DHAPPQ-AL,60,0.747927539160575,2031
004/031-Cycling-3y-DHAPPQ-AL,61,0.7631992053527431,2031
004/031-Cycling-3y-DHAPPQ-AL,62,0.7732868462129575,2031
004/031-Cycling-3y-DHAPPQ-AL,63,0.793632450081072,2031
004/031-Cycling-3y-DHAPPQ-AL,64,0.7863197748599156,2031
004/031-Cycling-3y-DHAPPQ-AL,65,0.786202592792307,2031
004/031-Cycling-3y-DHAPPQ-AL,66,0.7917363604123354,2031
004/031-Cycling-3y-DHAPPQ-AL,67,0.7522184601674674,2031
004/031-Cycling-3y-DHAPPQ-AL,68,0.7653749238835906,2031
004/031-Cycling-3y-DHAPPQ-AL,69,0.7951293193360764,2031
004/031-Cycling-3y-DHAPPQ-AL,70,0.734465190071189,2031
004/031-Cycling-3y-DHAPPQ-AL,71,0.7553618715611141,2031
004/031-Cycling-3y-DHAPPQ-AL,72,0.7727574648457743,2031
004/031-Cycling-3y-DHAPPQ-AL,73,0.7891384079805382,2031
004/031-Cycling-3y-DHAPPQ-AL,74,0.7716452217336784,2031
004/031-Cycling-3y-DHAPPQ-AL,75,0.7583308977934098,2031
004/031-Cycling-3y-DHAPPQ-AL,76,0.7662310549439129,2031
004/031-Cycling-3y-DHAPPQ-AL,77,0.7926230153688545,2031
004/031-Cycling-3y-DHAPPQ-AL,78,0.7717822274094565,2031
004/031-Cycling-3y-DHAPPQ-AL,79,0.7598032708162306,2031
004/031-Cycling-3y-DHAPPQ-AL,80,0.7380931644222625,2031
004/031-Cycling-3y-DHAPPQ-AL,81,0.7629533675088886,2031
004/031-Cycling-3y-DHAPPQ-AL,82,0.7575453215269685,2031
004/031-Cycling-3y-DHAPPQ-AL,83,0.7511940470506498,2031
004/031-Cycling-3y-DHAPPQ-AL,84,0.7420546470869339,2031
004/031-Cycling-3y-DHAPPQ-AL,85,0.7319412272302929,2031
004/031-Cycling-3y-DHAPPQ-AL,86,0.780566804100623,2031
004/031-Cycling-3y-DHAPPQ-AL,87,0.78643899604397,2031
004/031-Cycling-3y-DHAPPQ-AL,88,0.743598215581077,2031
004/031-Cycling-3y-DHAPPQ-AL,89,0.7543493604127188,2031
004/031-Cycling-3y-DHAPPQ-AL,90,0.7665295331149311,2031
004/031-Cycling-3y-DHAPPQ-AL,91,0.771309893278957,2031
004/031-Cycling-3y-DHAPPQ-AL,92,0.7597913345986945,2031
004/031-Cycling-3y-DHAPPQ-AL,93,0.7797291365283795,2031
004/031-Cycling-3y-DHAPPQ-AL,94,0.7584058830805827,2031
004/031-Cycling-3y-DHAPPQ-AL,95,0.7452636572648957,2031
004/031-Cycling-3y-DHAPPQ-AL,96,0.762911802033449,2031
004/031-Cycling-3y-DHAPPQ-AL,97,0.7551430086660664,2031
004/031-Cycling-3y-DHAPPQ-AL,98,0.77337773021606,2031
004/031-Cycling-3y-DHAPPQ-AL,99,0.7701481739222301,2031
004/032-Cycling-3y-DHAPPQ-ASAQ,0,0.6826209626144492,2031
004/032-Cycling-3y-DHAPPQ-ASAQ,1,0.6794229232612098,2031
004/032-Cycling-3y-DHAPPQ-ASAQ,2,0.6740835860824559,2031
004/032-Cycling-3y-DHAPPQ-ASAQ,3,0.6593280811258609,2031
004/032-Cycling-3y-DHAPPQ-ASAQ,4,0.6653686105903817,2031
004/032-Cycling-3y-DHAPPQ-ASAQ,5,0.7198233871108934,2031
004/032-Cycling-3y-DHAPPQ-ASAQ,6,0.6584823825615043,2031
004/032-Cycling-3y-DHAPPQ-ASAQ,7,0.7111672544196291,2031
004/032-Cycling-3y-DHAPPQ-ASAQ,8,0.6942198354610952,2031
004/032-Cycling-3y-DHAPPQ-ASAQ,9,0.6922397517956841,2031
004/032-Cycling-3y-DHAPPQ-ASAQ,10,0.7026423997426444,2031
004/032-Cycling-3y-DHAPPQ-ASAQ,11,0.6786499314321409,2031
004/032-Cycling-3y-DHAPPQ-ASAQ,12,0.6883946436910607,2031
004/032-Cycling-3y-DHAPPQ-ASAQ,13,0.6933623682569908,2031
004/032-Cycling-3y-DHAPPQ-ASAQ,14,0.6993789710320845,2031
004/032-Cycling-3y-DHAPPQ-ASAQ,15,0.7158371690712944,2031
004/032-Cycling-3y-DHAPPQ-ASAQ,16,0.6720919639399795,2031
004/032-Cycling-3y-DHAPPQ-ASAQ,17,0.6687199460347178,2031
004/032-Cycling-3y-DHAPPQ-ASAQ,18,0.6826623683214076,2031
004/032-Cycling-3y-DHAPPQ-ASAQ,19,0.6657670536214345,2031
004/032-Cycling-3y-DHAPPQ-ASAQ,20,0.6790472100145241,2031
004/032-Cycling-3y-DHAPPQ-ASAQ,21,0.6601751658669115,2031
004/032-Cycling-3y-DHAPPQ-ASAQ,22,0.6811845738348881,2031
004/032-Cycling-3y-DHAPPQ-ASAQ,23,0.6808856731560792,2031
004/032-Cycling-3y-DHAPPQ-ASAQ,24,0.6595194751423828,2031
004/032-Cycling-3y-DHAPPQ-ASAQ,25,0.6961678571030379,2031
004/032-Cycling-3y-DHAPPQ-ASAQ,26,0.6719461533470018,2031
004/032-Cycling-3y-DHAPPQ-ASAQ,27,0.6670156431331261,2031
004/032-Cycling-3y-DHAPPQ-ASAQ,28,0.6976742609501474,2031
004/032-Cycling-3y-DHAPPQ-ASAQ,29,0.6841789862094503,2031
004/032-Cycling-3y-DHAPPQ-ASAQ,30,0.6958865108648707,2031
004/032-Cycling-3y-DHAPPQ-ASAQ,31,0.7031963304774931,2031
004/032-Cycling-3y-DHAPPQ-ASAQ,32,0.6985048456274874,2031
004/032-Cycling-3y-DHAPPQ-ASAQ,33,0.667628445385792,2031
004/032-Cycling-3y-DHAPPQ-ASAQ,34,0.6804156848295945,2031
004/032-Cycling-3y-DHAPPQ-ASAQ,35,0.7008435133782219,2031
004/032-Cycling-3y-DHAPPQ-ASAQ,36,0.7036114783612767,2031
004/032-Cycling-3y-DHAPPQ-ASAQ,37,0.6617208305507475,2031
004/032-Cycling-3y-DHAPPQ-ASAQ,38,0.6919115438920126,2031
004/032-Cycling-3y-DHAPPQ-ASAQ,39,0.6983925727894724,2031
004/032-Cycling-3y-DHAPPQ-ASAQ,40,0.6971459590889447,2031
004/032-Cycling-3y-DHAPPQ-ASAQ,41,0.6804143239793933,2031
004/032-Cycling-3y-DHAPPQ-ASAQ,42,0.687255421683847,2031
004/032-Cycling-3y-DHAPPQ-ASAQ,43,0.6694895728015718,2031
004/032-Cycling-3y-DHAPPQ-ASAQ,44,0.6713350720107369,2031
004/032-Cycling-3y-DHAPPQ-ASAQ,45,0.6766609624331461,2031
004/032-Cycling-3y-DHAPPQ-ASAQ,46,0.6801748055431655,2031
004/032-Cycling-3y-DHAPPQ-ASAQ,47,0.6839757001601391,2031
004/032-Cycling-3y-DHAPPQ-ASAQ,48,0.6983333372183983,2031
004/032-Cycling-3y-DHAPPQ-ASAQ,49,0.6787303556043208,2031
004/032-Cycling-3y-DHAPPQ-ASAQ,50,0.6999540423959107,2031
004/032-Cycling-3y-DHAPPQ-ASAQ,51,0.6693430748597565,2031
004/032-Cycling-3y-DHAPPQ-ASAQ,52,0.6647919049317724,2031
004/032-Cycling-3y-DHAPPQ-ASAQ,53,0.7099783491854148,2031
004/032-Cycling-3y-DHAPPQ-ASAQ,54,0.6929844926837566,2031
004/032-Cycling-3y-DHAPPQ-ASAQ,55,0.6821757187017768,2031
004/032-Cycling-3y-DHAPPQ-ASAQ,56,0.6460457648178614,2031
004/032-Cycling-3y-DHAPPQ-ASAQ,57,0.6983549956523185,2031
004/032-Cycling-3y-DHAPPQ-ASAQ,58,0.6805094036829447,2031
004/032-Cycling-3y-DHAPPQ-ASAQ,59,0.6771384180763692,2031
004/032-Cycling-3y-DHAPPQ-ASAQ,60,0.6992332836588986,2031
004/032-Cycling-3y-DHAPPQ-ASAQ,61,0.7051781626788641,2031
004/032-Cycling-3y-DHAPPQ-ASAQ,62,0.6665132156271255,2031
004/032-Cycling-3y-DHAPPQ-ASAQ,63,0.6719007495372985,2031
004/032-Cycling-3y-DHAPPQ-ASAQ,64,0.6642504321145494,2031
004/032-Cycling-3y-DHAPPQ-ASAQ,65,0.6787263001373386,2031
004/032-Cycling-3y-DHAPPQ-ASAQ,66,0.7146357626695514,2031
004/032-Cycling-3y-DHAPPQ-ASAQ,67,0.669414969522471,2031
004/032-Cycling-3y-DHAPPQ-ASAQ,68,0.6755763588546585,2031
004/032-Cycling-3y-DHAPPQ-ASAQ,69,0.6876410185112732,2031
004/032-Cycling-3y-DHAPPQ-ASAQ,70,0.683834386797365,2031
004/032-Cycling-3y-DHAPPQ-ASAQ,71,0.6729379345669062,2031
004/032-Cycling-3y-DHAPPQ-ASAQ,72,0.6841675637509477,2031
004/032-Cycling-3y-DHAPPQ-ASAQ,73,0.688945588972597,2031
004/032-Cycling-3y-DHAPPQ-ASAQ,74,0.6887760517564993,2031
004/032-Cycling-3y-DHAPPQ-ASAQ,75,0.6864767450471007,2031
004/032-Cycling-3y-DHAPPQ-ASAQ,76,0.6788441068694446,2031
004/032-Cycling-3y-DHAPPQ-ASAQ,77,0.6750597792362948,2031
004/032-Cycling-3y-DHAPPQ-ASAQ,78,0.6609226575670096,2031
004/032-Cycling-3y-DHAPPQ-ASAQ,79,0.6793696680531826,2031
004/032-Cycling-3y-DHAPPQ-ASAQ,80,0.6521880327213884,2031
004/032-Cycling-3y-DHAPPQ-ASAQ,81,0.6987355297774744,2031
004/032-Cycling-3y-DHAPPQ-ASAQ,82,0.6854875742189072,2031
004/032-Cycling-3y-DHAPPQ-ASAQ,83,0.6823523496240415,2031
004/032-Cycling-3y-DHAPPQ-ASAQ,84,0.6900429965251206,2031
004/032-Cycling-3y-DHAPPQ-ASAQ,85,0.6655401598651872,2031
004/032-Cycling-3y-DHAPPQ-ASAQ,86,0.6921918441103809,2031
004/032-Cycling-3y-DHAPPQ-ASAQ,87,0.6671699152696017,2031
004/032-Cycling-3y-DHAPPQ-ASAQ,88,0.6803934708938396,2031
004/032-Cycling-3y-DHAPPQ-ASAQ,89,0.664759487581604,2031
004/032-Cycling-3y-DHAPPQ-ASAQ,90,0.7207503360818796,2031
004/032-Cycling-3y-DHAPPQ-ASAQ,91,0.6925768581548266,2031
004/032-Cycling-3y-DHAPPQ-ASAQ,92,0.6955183319242851,2031
004/032-Cycling-3y-DHAPPQ-ASAQ,93,0.6798151328855967,2031
004/032-Cycling-3y-DHAPPQ-ASAQ,94,0.6868966524515057,2031
004/032-Cycling-3y-DHAPPQ-ASAQ,95,0.6773600443143287,2031
004/032-Cycling-3y-DHAPPQ-ASAQ,96,0.7009121559799181,2031
004/032-Cycling-3y-DHAPPQ-ASAQ,97,0.6908233577025236,2031
004/032-Cycling-3y-DHAPPQ-ASAQ,98,0.6932381324797502,2031
004/032-Cycling-3y-DHAPPQ-ASAQ,99,0.6874306369522699,2031
004/033-Cycling-3y-AL-ASAQ-DHAPPQ,0,0.7520314492303162,2031
004/033-Cycling-3y-AL-ASAQ-DHAPPQ,1,0.7223589132146911,2031
004/033-Cycling-3y-AL-ASAQ-DHAPPQ,2,0.7455807250352091,2031
004/033-Cycling-3y-AL-ASAQ-DHAPPQ,3,0.7193527230673255,2031
004/033-Cycling-3y-AL-ASAQ-DHAPPQ,4,0.728502986587003,2031
004/033-Cycling-3y-AL-ASAQ-DHAPPQ,5,0.7170349558485003,2031
004/033-Cycling-3y-AL-ASAQ-DHAPPQ,6,0.7353376455609969,2031
004/033-Cycling-3y-AL-ASAQ-DHAPPQ,7,0.7167236447876383,2031
004/033-Cycling-3y-AL-ASAQ-DHAPPQ,8,0.7332714576822866,2031
004/033-Cycling-3y-AL-ASAQ-DHAPPQ,9,0.7283833128589259,2031
004/033-Cycling-3y-AL-ASAQ-DHAPPQ,10,0.7388297791716593,2031
004/033-Cycling-3y-AL-ASAQ-DHAPPQ,11,0.7500899842490382,2031
004/033-Cycling-3y-AL-ASAQ-DHAPPQ,12,0.7216797047596776,2031
004/033-Cycling-3y-AL-ASAQ-DHAPPQ,13,0.6875233172329206,2031
004/033-Cycling-3y-AL-ASAQ-DHAPPQ,14,0.7445752532171629,2031
004/033-Cycling-3y-AL-ASAQ-DHAPPQ,15,0.6895997040582293,2031
004/033-Cycling-3y-AL-ASAQ-DHAPPQ,16,0.7315976873837245,2031
004/033-Cycling-3y-AL-ASAQ-DHAPPQ,17,0.7356551709485957,2031
004/033-Cycling-3y-AL-ASAQ-DHAPPQ,18,0.7283558385268186,2031
004/033-Cycling-3y-AL-ASAQ-DHAPPQ,19,0.7490910511199463,2031
004/033-Cycling-3y-AL-ASAQ-DHAPPQ,20,0.7174933506772446,2031
004/033-Cycling-3y-AL-ASAQ-DHAPPQ,21,0.7388522960479853,2031
004/033-Cycling-3y-AL-ASAQ-DHAPPQ,22,0.7304097142125197,2031
004/033-Cycling-3y-AL-ASAQ-DHAPPQ,23,0.7427245608192439,2031
004/033-Cycling-3y-AL-ASAQ-DHAPPQ,24,0.7277860784406953,2031
004/033-Cycling-3y-AL-ASAQ-DHAPPQ,25,0.7411540025251085,2031
004/033-Cycling-3y-AL-ASAQ-DHAPPQ,26,0.7258187612083816,2031
004/033-Cycling-3y-AL-ASAQ-DHAPPQ,27,0.7264540328255965,2031
004/033-Cycling-3y-AL-ASAQ-DHAPPQ,28,0.7419345861972785,2031
004/033-Cycling-3y-AL-ASAQ-DHAPPQ,29,0.7560600362988548,2031
004/033-Cycling-3y-AL-ASAQ-DHAPPQ,30,0.7422834822029497,2031
004/033-Cycling-3y-AL-ASAQ-DHAPPQ,31,0.7123118003202217,2031
004/033-Cycling-3y-AL-ASAQ-DHAPPQ,32,0.6899561350178942,2031
004/033-Cycling-3y-AL-ASAQ-DHAPPQ,33,0.7404441735499735,2031
004/033-Cycling-3y-AL-ASAQ-DHAPPQ,34,0.723921869745959,2031
004/033-Cycling-3y-AL-ASAQ-DHAPPQ,35,0.7495771921442449,2031
004/033-Cycling-3y-AL-ASAQ-DHAPPQ,36,0.7372980470488808,2031
004/033-Cycling-3y-AL-ASAQ-DHAPPQ,37,0.7092986916104026,2031
004/033-Cycling-3y-AL-ASAQ-DHAPPQ,38,0.7340061321865182,2031
004/033-Cycling-3y-AL-ASAQ-DHAPPQ,39,0.7453469592236912,2031
004/033-Cycling-3y-AL-ASAQ-DHAPPQ,40,0.7189465237715612,2031
004/033-Cycling-3y-AL-ASAQ-DHAPPQ,41,0.7068237161688772,2031
004/033-Cycling-3y-AL-ASAQ-DHAPPQ,42,0.7123513776148788,2031
004/033-Cycling-3y-AL-ASAQ-DHAPPQ,43,0.7218348828867264,2031
004/033-Cycling-3y-AL-ASAQ-DHAPPQ,44,0.750396418204008,2031
004/033-Cycling-3y-AL-ASAQ-DHAPPQ,45,0.7406550090886643,2031
004/033-Cycling-3y-AL-ASAQ-DHAPPQ,46,0.7359366979140946,2031
004/033-Cycling-3y-AL-ASAQ-DHAPPQ,47,0.7360195344778601,2031
004/033-Cycling-3y-AL-ASAQ-DHAPPQ,48,0.7203905691792607,2031
004/033-Cycling-3y-AL-ASAQ-DHAPPQ,49,0.7128028367732339,2031
004/033-Cycling-3y-AL-ASAQ-DHAPPQ,50,0.7362735110642523,2031
004/033-Cycling-3y-AL-ASAQ-DHAPPQ,51,0.7261111608231432,2031
004/033-Cycling-3y-AL-ASAQ-DHAPPQ,52,0.7382184146798565,2031
004/033-Cycling-3y-AL-ASAQ-DHAPPQ,53,0.7264699305681304,2031
004/033-Cycling-3y-AL-ASAQ-DHAPPQ,54,0.7060300737358528,2031
004/033-Cycling-3y-AL-ASAQ-DHAPPQ,55,0.7113698159840866,2031
004/033-Cycling-3y-AL-ASAQ-DHAPPQ,56,0.7432142965597528,2031
004/033-Cycling-3y-AL-ASAQ-DHAPPQ,57,0.7257372038926517,2031
004/033-Cycling-3y-AL-ASAQ-DHAPPQ,58,0.7273403959901481,2031
004/033-Cycling-3y-AL-ASAQ-DHAPPQ,59,0.71401154888824,2031
004/033-Cycling-3y-AL-ASAQ-DHAPPQ,60,0.7220625457771078,2031
004/033-Cycling-3y-AL-ASAQ-DHAPPQ,61,0.7389077787162655,2031
004/033-Cycling-3y-AL-ASAQ-DHAPPQ,62,0.7420034573440518,2031
004/033-Cycling-3y-AL-ASAQ-DHAPPQ,63,0.7227700799208471,2031
004/033-Cycling-3y-AL-ASAQ-DHAPPQ,64,0.7342929426003296,2031
004/033-Cycling-3y-AL-ASAQ-DHAPPQ,65,0.7127713959249746,2031
004/033-Cycling-3y-AL-ASAQ-DHAPPQ,66,0.7192342819860648,2031
004/033-Cycling-3y-AL-ASAQ-DHAPPQ,67,0.7289481533250327,2031
004/033-Cycling-3y-AL-ASAQ-DHAPPQ,68,0.7161606092728426,2031
004/033-Cycling-3y-AL-ASAQ-DHAPPQ,69,0.7346240621444053,2031
004/033-Cycling-3y-AL-ASAQ-DHAPPQ,70,0.7250828282516756,2031
004/033-Cycling-3y-AL-ASAQ-DHAPPQ,71,0.7156731649509306,2031
004/033-Cycling-3y-AL-ASAQ-DHAPPQ,72,0.71894747776635,2031
004/033-Cycling-3y-AL-ASAQ-DHAPPQ,73,0.7814060819477678,2031
004/033-Cycling-3y-AL-ASAQ-DHAPPQ,74,0.7476108737779698,2031
004/033-Cycling-3y-AL-ASAQ-DHAPPQ,75,0.7039261151226227,2031
004/033-Cycling-3y-AL-ASAQ-DHAPPQ,76,0.7316470749507968,2031
004/033-Cycling-3y-AL-ASAQ-DHAPPQ,77,0.7089987267182775,2031
004/033-Cycling-3y-AL-ASAQ-DHAPPQ,78,0.7406125903457214,2031
004/033-Cycling-3y-AL-ASAQ-DHAPPQ,79,0.7307324152049807,2031
004/033-Cycling-3y-AL-ASAQ-DHAPPQ,80,0.7313984009171349,2031
004/033-Cycling-3y-AL-ASAQ-DHAPPQ,81,0.7460072149419469,2031
004/033-Cycling-3y-AL-ASAQ-DHAPPQ,82,0.73730464392872,2031
004/033-Cycling-3y-AL-ASAQ-DHAPPQ,83,0.7310135953419362,2031
004/033-Cycling-3y-AL-ASAQ-DHAPPQ,84,0.7582012733449647,2031
004/033-Cycling-3y-AL-ASAQ-DHAPPQ,85,0.690073527688147,2031
004/033-Cycling-3y-AL-ASAQ-DHAPPQ,86,0.7273356811081539,2031
004/033-Cycling-3y-AL-ASAQ-DHAPPQ,87,0.7323462043915177,2031
004/033-Cycling-3y-AL-ASAQ-DHAPPQ,88,0.7173859228984897,2031
004/033-Cycling-3y-AL-ASAQ-DHAPPQ,89,0.7140862564756212,2031
004/033-Cycling-3y-AL-ASAQ-DHAPPQ,90,0.6963192510243319,2031
004/033-Cycling-3y-AL-ASAQ-DHAPPQ,91,0.7191914650763563,2031
004/033-Cycling-3y-AL-ASAQ-DHAPPQ,92,0.7273527918995923,2031
004/033-Cycling-3y-AL-ASAQ-DHAPPQ,93,0.7174043926254634,2031
004/033-Cycling-3y-AL-ASAQ-DHAPPQ,94,0.7127219030403861,2031
004/033-Cycling-3y-AL-ASAQ-DHAPPQ,95,0.7211895509626736,2031
004/033-Cycling-3y-AL-ASAQ-DHAPPQ,96,0.7223335657631434,2031
004/033-Cycling-3y-AL-ASAQ-DHAPPQ,97,0.7224198152024505,2031
004/033-Cycling-3y-AL-ASAQ-DHAPPQ,98,0.7443129188586709,2031
004/033-Cycling-3y-AL-ASAQ-DHAPPQ,99,0.7096261686320235,2031
004/034-Cycling-3y-AL-DHAPPQ-ASAQ,0,0.7433632320301538,2031
004/034-Cycling-3y-AL-DHAPPQ-ASAQ,1,0.7864074446150334,2031
004/034-Cycling-3y-AL-DHAPPQ-ASAQ,2,0.7528343996511895,2031
004/034-Cycling-3y-AL-DHAPPQ-ASAQ,3,0.7911644378912284,2031
004/034-Cycling-3y-AL-DHAPPQ-ASAQ,4,0.733386616136884,2031
004/034-Cycling-3y-AL-DHAPPQ-ASAQ,5,0.7553986789018343,2031
004/034-Cycling-3y-AL-DHAPPQ-ASAQ,6,0.743270732321906,2031
004/034-Cycling-3y-AL-DHAPPQ-ASAQ,7,0.7271441651523544,2031
004/034-Cycling-3y-AL-DHAPPQ-ASAQ,8,0.7738517935377702,2031
004/034-Cycling-3y-AL-DHAPPQ-ASAQ,9,0.78460016205793,2031
004/034-Cycling-3y-AL-DHAPPQ-ASAQ,10,0.7811110243356564,2031
004/034-Cycling-3y-AL-DHAPPQ-ASAQ,11,0.7412852752239397,2031
004/034-Cycling-3y-AL-DHAPPQ-ASAQ,12,0.7358859795828119,2031
004/034-Cycling-3y-AL-DHAPPQ-ASAQ,13,0.7221864352037638,2031
004/034-Cycling-3y-AL-DHAPPQ-ASAQ,14,0.761768349057517,2031
004/034-Cycling-3y-AL-DHAPPQ-ASAQ,15,0.7655707367501745,2031
004/034-Cycling-3y-AL-DHAPPQ-ASAQ,16,0.7423275438036475,2031
004/034-Cycling-3y-AL-DHAPPQ-ASAQ,17,0.7524071714322115,2031
004/034-Cycling-3y-AL-DHAPPQ-ASAQ,18,0.7975395408073855,2031
004/034-Cycling-3y-AL-DHAPPQ-ASAQ,19,0.7359892876694855,2031
004/034-Cycling-3y-AL-DHAPPQ-ASAQ,20,0.7563074568365274,2031
004/034-Cycling-3y-AL-DHAPPQ-ASAQ,21,0.7419394469135704,2031
004/034-Cycling-3y-AL-DHAPPQ-ASAQ,22,0.7767710971236101,2031
004/034-Cycling-3y-AL-DHAPPQ-ASAQ,23,0.7769961843913181,2031
004/034-Cycling-3y-AL-DHAPPQ-ASAQ,24,0.7490281866752797,2031
004/034-Cycling-3y-AL-DHAPPQ-ASAQ,25,0.7685802189103369,2031
004/034-Cycling-3y-AL-DHAPPQ-ASAQ,26,0.7584068441092486,2031
004/034-Cycling-3y-AL-DHAPPQ-ASAQ,27,0.71756879739623,2031
004/034-Cycling-3y-AL-DHAPPQ-ASAQ,28,0.7613123147078542,2031
004/034-Cycling-3y-AL-DHAPPQ-ASAQ,29,0.7395121759103612,2031
004/034-Cycling-3y-AL-DHAPPQ-ASAQ,30,0.7474261391678594,2031
004/034-Cycling-3y-AL-DHAPPQ-ASAQ,31,0.7419903995299428,2031
004/034-Cycling-3y-AL-DHAPPQ-ASAQ,32,0.7464184919002332,2031
004/034-Cycling-3y-AL-DHAPPQ-ASAQ,33,0.7604635456534177,2031
004/034-Cycling-3y-AL-DHAPPQ-ASAQ,34,0.7176553971284058,2031
004/034-Cycling-3y-AL-DHAPPQ-ASAQ,35,0.7697269572458803,2031
004/034-Cycling-3y-AL-DHAPPQ-ASAQ,36,0.7566491063185351,2031
004/034-Cycling-3y-AL-DHAPPQ-ASAQ,37,0.7626862805522082,2031
004/034-Cycling-3y-AL-DHAPPQ-ASAQ,38,0.7946786954377023,2031
004/034-Cycling-3y-AL-DHAPPQ-ASAQ,39,0.7448767430788289,2031
004/034-Cycling-3y-AL-DHAPPQ-ASAQ,40,0.7291237522210342,2031
004/034-Cycling-3y-AL-DHAPPQ-ASAQ,41,0.7210297585397751,2031
004/034-Cycling-3y-AL-DHAPPQ-ASAQ,42,0.7560480497060281,2031
004/034-Cycling-3y-AL-DHAPPQ-ASAQ,43,0.7437862434960355,2031
004/034-Cycling-3y-AL-DHAPPQ-ASAQ,44,0.7681345483869043,2031
004/034-Cycling-3y-AL-DHAPPQ-ASAQ,45,0.7447566663413725,2031
004/034-Cycling-3y-AL-DHAPPQ-ASAQ,46,0.771618648956908,2031
004/034-Cycling-3y-AL-DHAPPQ-ASAQ,47,0.7616002821013793,2031
004/034-Cycling-3y-AL-DHAPPQ-ASAQ,48,0.7306229371038243,2031
004/034-Cycling-3y-AL-DHAPPQ-ASAQ,49,0.7411774266430954,2031
004/034-Cycling-3y-AL-DHAPPQ-ASAQ,50,0.7653531949357779,2031
004/034-Cycling-3y-AL-DHAPPQ-ASAQ,51,0.7585530366638226,2031
004/034-Cycling-3y-AL-DHAPPQ-ASAQ,52,0.7547235623318157,2031
004/034-Cycling-3y-AL-DHAPPQ-ASAQ,53,0.7374383691125496,2031
004/034-Cycling-3y-AL-DHAPPQ-ASAQ,54,0.7226423382701275,2031
004/034-Cycling-3y-AL-DHAPPQ-ASAQ,55,0.7694105118197424,2031
004/034-Cycling-3y-AL-DHAPPQ-ASAQ,56,0.7491512077541093,2031
004/034-Cycling-3y-AL-DHAPPQ-ASAQ,57,0.720541702510224,2031
004/034-Cycling-3y-AL-DHAPPQ-ASAQ,58,0.7364578459286669,2031
004/034-Cycling-3y-AL-DHAPPQ-ASAQ,59,0.751264622476282,2031
004/034-Cycling-3y-AL-DHAPPQ-ASAQ,60,0.7686646010337846,2031
004/034-Cycling-3y-AL-DHAPPQ-ASAQ,61,0.7267172275078982,2031
004/034-Cycling-3y-AL-DHAPPQ-ASAQ,62,0.7688104818457043,2031
004/034-Cycling-3y-AL-DHAPPQ-ASAQ,63,0.7342425895343726,2031
004/034-Cycling-3y-AL-DHAPPQ-ASAQ,64,0.7652110110780775,2031
004/034-Cycling-3y-AL-DHAPPQ-ASAQ,65,0.7716843371124028,2031
004/034-Cycling-3y-AL-DHAPPQ-ASAQ,66,0.7567393968403663,2031
004/034-Cycling-3y-AL-DHAPPQ-ASAQ,67,0.7504401001595378,2031
004/034-Cycling-3y-AL-DHAPPQ-ASAQ,68,0.7571447716686855,2031
004/034-Cycling-3y-AL-DHAPPQ-ASAQ,69,0.7446816952476495,2031
004/034-Cycling-3y-AL-DHAPPQ-ASAQ,70,0.772200789254372,2031
004/034-Cycling-3y-AL-DHAPPQ-ASAQ,71,0.7378643076893319,2031
004/034-Cycling-3y-AL-DHAPPQ-ASAQ,72,0.7304212298123768,2031
004/034-Cycling-3y-AL-DHAPPQ-ASAQ,73,0.7606397323893996,2031
004/034-Cycling-3y-AL-DHAPPQ-ASAQ,74,0.7566707704147221,2031
004/034-Cycling-3y-AL-DHAPPQ-ASAQ,75,0.7501653444187699,2031
004/034-Cycling-3y-AL-DHAPPQ-ASAQ,76,0.7821768954295801,2031
004/034-Cycling-3y-AL-DHAPPQ-ASAQ,77,0.7767853529923984,2031
004/034-Cycling-3y-AL-DHAPPQ-ASAQ,78,0.7507044587366282,2031
004/034-Cycling-3y-AL-DHAPPQ-ASAQ,79,0.7419636035229634,2031
004/034-Cycling-3y-AL-DHAPPQ-ASAQ,80,0.7471915871269196,2031
004/034-Cycling-3y-AL-DHAPPQ-ASAQ,81,0.7595073184533567,2031
004/034-Cycling-3y-AL-DHAPPQ-ASAQ,82,0.7365878365574529,2031
004/034-Cycling-3y-AL-DHAPPQ-ASAQ,83,0.7600872728238359,2031
004/034-Cycling-3y-AL-DHAPPQ-ASAQ,84,0.7548017408815856,2031
004/034-Cycling-3y-AL-DHAPPQ-ASAQ,85,0.7403734709263997,2031
004/034-Cycling-3y-AL-DHAPPQ-ASAQ,86,0.7294904353231567,2031
004/034-Cycling-3y-AL-DHAPPQ-ASAQ,87,0.7475958485639876,2031
004/034-Cycling-3y-AL-DHAPPQ-ASAQ,88,0.7678663577915866,2031
004/034-Cycling-3y-AL-DHAPPQ-ASAQ,89,0.7468528902916992,2031
004/034-Cycling-3y-AL-DHAPPQ-ASAQ,90,0.7452940921854058,2031
004/034-Cycling-3y-AL-DHAPPQ-ASAQ,91,0.7733431736920776,2031
004/034-Cycling-3y-AL-DHAPPQ-ASAQ,92,0.740918123519224,2031
004/034-Cycling-3y-AL-DHAPPQ-ASAQ,93,0.7329690624273207,2031
004/034-Cycling-3y-AL-DHAPPQ-ASAQ,94,0.763212414666193,2031
004/034-Cycling-3y-AL-DHAPPQ-ASAQ,95,0.763674067307782,2031
004/034-Cycling-3y-AL-DHAPPQ-ASAQ,96,0.767011302450381,2031
004/034-Cycling-3y-AL-DHAPPQ-ASAQ,97,0.8007968269694646,2031
004/034-Cycling-3y-AL-DHAPPQ-ASAQ,98,0.7444924961147965,2031
004/034-Cycling-3y-AL-DHAPPQ-ASAQ,99,0.7152823090698593,2031
004/035-Cycling-3y-ASAQ-AL-DHAPPQ,0,0.7270785131285558,2031
004/035-Cycling-3y-ASAQ-AL-DHAPPQ,1,0.7370038808236344,2031
004/035-Cycling-3y-ASAQ-AL-DHAPPQ,2,0.7246752075503035,2031
004/035-Cycling-3y-ASAQ-AL-DHAPPQ,3,0.7421234159985041,2031
004/035-Cycling-3y-ASAQ-AL-DHAPPQ,4,0.7356773382002552,2031
004/035-Cycling-3y-ASAQ-AL-DHAPPQ,5,0.7407143967752844,2031
004/035-Cycling-3y-ASAQ-AL-DHAPPQ,6,0.7404983731914685,2031
004/035-Cycling-3y-ASAQ-AL-DHAPPQ,7,0.7365000001228124,2031
004/035-Cycling-3y-ASAQ-AL-DHAPPQ,8,0.7397708397596174,2031
004/035-Cycling-3y-ASAQ-AL-DHAPPQ,9,0.7504666785254369,2031
004/035-Cycling-3y-ASAQ-AL-DHAPPQ,10,0.7080446256981657,2031
004/035-Cycling-3y-ASAQ-AL-DHAPPQ,11,0.740756817173177,2031
004/035-Cycling-3y-ASAQ-AL-DHAPPQ,12,0.7466362356479223,2031
004/035-Cycling-3y-ASAQ-AL-DHAPPQ,13,0.7309397453184853,2031
004/035-Cycling-3y-ASAQ-AL-DHAPPQ,14,0.7416465143457264,2031
004/035-Cycling-3y-ASAQ-AL-DHAPPQ,15,0.742548227221786,2031
004/035-Cycling-3y-ASAQ-AL-DHAPPQ,16,0.7726752847944804,2031
004/035-Cycling-3y-ASAQ-AL-DHAPPQ,17,0.7630897524464971,2031
004/035-Cycling-3y-ASAQ-AL-DHAPPQ,18,0.7196129491648985,2031
004/035-Cycling-3y-ASAQ-AL-DHAPPQ,19,0.7385919299690106,2031
004/035-Cycling-3y-ASAQ-AL-DHAPPQ,20,0.717683175659583,2031
004/035-Cycling-3y-ASAQ-AL-DHAPPQ,21,0.746817102602507,2031
004/035-Cycling-3y-ASAQ-AL-DHAPPQ,22,0.7443594948836664,2031
004/035-Cycling-3y-ASAQ-AL-DHAPPQ,23,0.7302100490612325,2031
004/035-Cycling-3y-ASAQ-AL-DHAPPQ,24,0.7809914868657927,2031
004/035-Cycling-3y-ASAQ-AL-DHAPPQ,25,0.7507045050690135,2031
004/035-Cycling-3y-ASAQ-AL-DHAPPQ,26,0.7147610958983517,2031
004/035-Cycling-3y-ASAQ-AL-DHAPPQ,27,0.7113036007100493,2031
004/035-Cycling-3y-ASAQ-AL-DHAPPQ,28,0.7325084784277979,2031
004/035-Cycling-3y-ASAQ-AL-DHAPPQ,29,0.738538058161506,2031
004/035-Cycling-3y-ASAQ-AL-DHAPPQ,30,0.7345664703146738,2031
004/035-Cycling-3y-ASAQ-AL-DHAPPQ,31,0.7344138147056589,2031
004/035-Cycling-3y-ASAQ-AL-DHAPPQ,32,0.7523548161341055,2031
004/035-Cycling-3y-ASAQ-AL-DHAPPQ,33,0.7189412535697118,2031
004/035-Cycling-3y-ASAQ-AL-DHAPPQ,34,0.7272378918940067,2031
004/035-Cycling-3y-ASAQ-AL-DHAPPQ,35,0.7095301389562311,2031
004/035-Cycling-3y-ASAQ-AL-DHAPPQ,36,0.7618791579838141,2031
004/035-Cycling-3y-ASAQ-AL-DHAPPQ,37,0.7102902304528543,2031
004/035-Cycling-3y-ASAQ-AL-DHAPPQ,38,0.7462981092889228,2031
004/035-Cycling-3y-ASAQ-AL-DHAPPQ,39,0.7175388604964459,2031
004/035-Cycling-3y-ASAQ-AL-DHAPPQ,40,0.7436887380525986,2031
004/035-Cycling-3y-ASAQ-AL-DHAPPQ,41,0.7414543980308984,2031
004/035-Cycling-3y-ASAQ-AL-DHAPPQ,42,0.7311306630848015,2031
004/035-Cycling-3y-ASAQ-AL-DHAPPQ,43,0.7393686536785333,2031
004/035-Cycling-3y-ASAQ-AL-DHAPPQ,44,0.7311676603223171,2031
004/035-Cycling-3y-ASAQ-AL-DHAPPQ,45,0.7459122347904906,2031
004/035-Cycling-3y-ASAQ-AL-DHAPPQ,46,0.7434993895677797,2031
004/035-Cycling-3y-ASAQ-AL-DHAPPQ,47,0.7388367829025974,2031
004/035-Cycling-3y-ASAQ-AL-DHAPPQ,48,0.7159509886470831,2031
004/035-Cycling-3y-ASAQ-AL-DHAPPQ,49,0.7653047026269588,2031
004/035-Cycling-3y-ASAQ-AL-DHAPPQ,50,0.7519091945624204,2031
004/035-Cycling-3y-ASAQ-AL-DHAPPQ,51,0.7791355443221665,2031
004/035-Cycling-3y-ASAQ-AL-DHAPPQ,52,0.722646166746681,2031
004/035-Cycling-3y-ASAQ-AL-DHAPPQ,53,0.7355470838530836,2031
004/035-Cycling-3y-ASAQ-AL-DHAPPQ,54,0.7303625279979276,2031
004/035-Cycling-3y-ASAQ-AL-DHAPPQ,55,0.7436862713552862,2031
004/035-Cycling-3y-ASAQ-AL-DHAPPQ,56,0.7268326310809236,2031
004/035-Cycling-3y-ASAQ-AL-DHAPPQ,57,0.744320175488626,2031
004/035-Cycling-3y-ASAQ-AL-DHAPPQ,58,0.7114185308128399,2031
004/035-Cycling-3y-ASAQ-AL-DHAPPQ,59,0.7295640749869093,2031
004/035-Cycling-3y-ASAQ-AL-DHAPPQ,60,0.7251016147918702,2031
004/035-Cycling-3y-ASAQ-AL-DHAPPQ,61,0.7406523101394386,2031
004/035-Cycling-3y-ASAQ-AL-DHAPPQ,62,0.7191969714430004,2031
004/035-Cycling-3y-ASAQ-AL-DHAPPQ,63,0.7406505045447022,2031
004/035-Cycling-3y-ASAQ-AL-DHAPPQ,64,0.7145061415270653,2031
004/035-Cycling-3y-ASAQ-AL-DHAPPQ,65,0.7333511412095796,2031
004/035-Cycling-3y-ASAQ-AL-DHAPPQ,66,0.709997600546551,2031
004/035-Cycling-3y-ASAQ-AL-DHAPPQ,67,0.753051564898553,2031
004/035-Cycling-3y-ASAQ-AL-DHAPPQ,68,0.728038324804401,2031
004/035-Cycling-3y-ASAQ-AL-DHAPPQ,69,0.707289659177542,2031
004/035-Cycling-3y-ASAQ-AL-DHAPPQ,70,0.7640699153635211,2031
004/035-Cycling-3y-ASAQ-AL-DHAPPQ,71,0.7417391711226681,2031
004/035-Cycling-3y-ASAQ-AL-DHAPPQ,72,0.7287482853755199,2031
004/035-Cycling-3y-ASAQ-AL-DHAPPQ,73,0.7421118917014574,2031
004/035-Cycling-3y-ASAQ-AL-DHAPPQ,74,0.741594724749458,2031
004/035-Cycling-3y-ASAQ-AL-DHAPPQ,75,0.7483123555901859,2031
004/035-Cycling-3y-ASAQ-AL-DHAPPQ,76,0.7322963284261932,2031
004/035-Cycling-3y-ASAQ-AL-DHAPPQ,77,0.7056417859951156,2031
004/035-Cycling-3y-ASAQ-AL-DHAPPQ,78,0.7436425340455192,2031
004/035-Cycling-3y-ASAQ-AL-DHAPPQ,79,0.7342597787143917,2031
004/035-Cycling-3y-ASAQ-AL-DHAPPQ,80,0.7407827687016404,2031
004/035-Cycling-3y-ASAQ-AL-DHAPPQ,81,0.7167776403844454,2031
004/035-Cycling-3y-ASAQ-AL-DHAPPQ,82,0.7409448229534467,2031
004/035-Cycling-3y-ASAQ-AL-DHAPPQ,83,0.7173513751571957,2031
004/035-Cycling-3y-ASAQ-AL-DHAPPQ,84,0.7216707266751662,2031
004/035-Cycling-3y-ASAQ-AL-DHAPPQ,85,0.7262996282345503,2031
004/035-Cycling-3y-ASAQ-AL-DHAPPQ,86,0.751215145081261,2031
004/035-Cycling-3y-ASAQ-AL-DHAPPQ,87,0.7469985717186983,2031
004/035-Cycling-3y-ASAQ-AL-DHAPPQ,88,0.7430853406334118,2031
004/035-Cycling-3y-ASAQ-AL-DHAPPQ,89,0.7283164617892419,2031
004/035-Cycling-3y-ASAQ-AL-DHAPPQ,90,0.7524771435579197,2031
004/035-Cycling-3y-ASAQ-AL-DHAPPQ,91,0.7253424587210103,2031
004/035-Cycling-3y-ASAQ-AL-DHAPPQ,92,0.7273264419254725,2031
004/035-Cycling-3y-ASAQ-AL-DHAPPQ,93,0.7726949633410366,2031
004/035-Cycling-3y-ASAQ-AL-DHAPPQ,94,0.7267352743651537,2031
004/035-Cycling-3y-ASAQ-AL-DHAPPQ,95,0.7686123786654289,2031
004/035-Cycling-3y-ASAQ-AL-DHAPPQ,96,0.724839087018834,2031
004/035-Cycling-3y-ASAQ-AL-DHAPPQ,97,0.7316950975741144,2031
004/035-Cycling-3y-ASAQ-AL-DHAPPQ,98,0.7121116300456589,2031
004/035-Cycling-3y-ASAQ-AL-DHAPPQ,99,0.7439338388705433,2031
004/036-Cycling-3y-ASAQ-DHAPPQ-AL,0,0.6899691503609516,2031
004/036-Cycling-3y-ASAQ-DHAPPQ-AL,1,0.70141080655238,2031
004/036-Cycling-3y-ASAQ-DHAPPQ-AL,2,0.6795972278354484,2031
004/036-Cycling-3y-ASAQ-DHAPPQ-AL,3,0.6993980509078916,2031
004/036-Cycling-3y-ASAQ-DHAPPQ-AL,4,0.6954738588062469,2031
004/036-Cycling-3y-ASAQ-DHAPPQ-AL,5,0.6875948962707453,2031
004/036-Cycling-3y-ASAQ-DHAPPQ-AL,6,0.6650653080690027,2031
004/036-Cycling-3y-ASAQ-DHAPPQ-AL,7,0.6774073974844397,2031
004/036-Cycling-3y-ASAQ-DHAPPQ-AL,8,0.698452521083024,2031
004/036-Cycling-3y-ASAQ-DHAPPQ-AL,9,0.6829461795859507,2031
004/036-Cycling-3y-ASAQ-DHAPPQ-AL,10,0.7275466906406804,2031
004/036-Cycling-3y-ASAQ-DHAPPQ-AL,11,0.6757068373806357,2031
004/036-Cycling-3y-ASAQ-DHAPPQ-AL,12,0.6961622547121701,2031
004/036-Cycling-3y-ASAQ-DHAPPQ-AL,13,0.7064438900879536,2031
004/036-Cycling-3y-ASAQ-DHAPPQ-AL,14,0.6845343332387386,2031
004/036-Cycling-3y-ASAQ-DHAPPQ-AL,15,0.6572099839098483,2031
004/036-Cycling-3y-ASAQ-DHAPPQ-AL,16,0.6926074362784093,2031
004/036-Cycling-3y-ASAQ-DHAPPQ-AL,17,0.6692174695369814,2031
004/036-Cycling-3y-ASAQ-DHAPPQ-AL,18,0.6965831492459142,2031
004/036-Cycling-3y-ASAQ-DHAPPQ-AL,19,0.6847130185793833,2031
004/036-Cycling-3y-ASAQ-DHAPPQ-AL,20,0.7242986010568969,2031
004/036-Cycling-3y-ASAQ-DHAPPQ-AL,21,0.6672634135750978,2031
004/036-Cycling-3y-ASAQ-DHAPPQ-AL,22,0.6889714689798336,2031
004/036-Cycling-3y-ASAQ-DHAPPQ-AL,23,0.7324650425445244,2031
004/036-Cycling-3y-ASAQ-DHAPPQ-AL,24,0.6555892584440652,2031
004/036-Cycling-3y-ASAQ-DHAPPQ-AL,25,0.6696800963826708,2031
004/036-Cycling-3y-ASAQ-DHAPPQ-AL,26,0.6880138248243193,2031
004/036-Cycling-3y-ASAQ-DHAPPQ-AL,27,0.6749317774246171,2031
004/036-Cycling-3y-ASAQ-DHAPPQ-AL,28,0.7042630868305836,2031
004/036-Cycling-3y-ASAQ-DHAPPQ-AL,29,0.6912052613194607,2031
004/036-Cycling-3y-ASAQ-DHAPPQ-AL,30,0.6566334107304966,2031
004/036-Cycling-3y-ASAQ-DHAPPQ-AL,31,0.6650103292393732,2031
004/036-Cycling-3y-ASAQ-DHAPPQ-AL,32,0.6880303750726912,2031
004/036-Cycling-3y-ASAQ-DHAPPQ-AL,33,0.690816462398732,2031
004/036-Cycling-3y-ASAQ-DHAPPQ-AL,34,0.6843240746341867,2031
004/036-Cycling-3y-ASAQ-DHAPPQ-AL,35,0.6658985147265402,2031
004/036-Cycling-3y-ASAQ-DHAPPQ-AL,36,0.6767811825951463,2031
004/036-Cycling-3y-ASAQ-DHAPPQ-AL,37,0.6779691790754296,2031
004/036-Cycling-3y-ASAQ-DHAPPQ-AL,38,0.6301764124239672,2031
004/036-Cycling-3y-ASAQ-DHAPPQ-AL,39,0.7012839181438685,2031
004/036-Cycling-3y-ASAQ-DHAPPQ-AL,40,0.6939454437729156,2031
004/036-Cycling-3y-ASAQ-DHAPPQ-AL,41,0.6742411595255434,2031
004/036-Cycling-3y-ASAQ-DHAPPQ-AL,42,0.6610880308729873,2031
004/036-Cycling-3y-ASAQ-DHAPPQ-AL,43,0.6818748806666971,2031
004/036-Cycling-3y-ASAQ-DHAPPQ-AL,44,0.6966570252075837,2031
004/036-Cycling-3y-ASAQ-DHAPPQ-AL,45,0.6942505649600378,2031
004/036-Cycling-3y-ASAQ-DHAPPQ-AL,46,0.6934713615203815,2031
004/036-Cycling-3y-ASAQ-DHAPPQ-AL,47,0.6757959068280144,2031
004/036-Cycling-3y-ASAQ-DHAPPQ-AL,48,0.6789920141441135,2031
004/036-Cycling-3y-ASAQ-DHAPPQ-AL,49,0.6696672297224652,2031
004/036-Cycling-3y-ASAQ-DHAPPQ-AL,50,0.7093242770026412,2031
004/036-Cycling-3y-ASAQ-DHAPPQ-AL,51,0.7154811391035992,2031
004/036-Cycling-3y-ASAQ-DHAPPQ-AL,52,0.6834266359972236,2031
004/036-Cycling-3y-ASAQ-DHAPPQ-AL,53,0.6901181641920942,2031
004/036-Cycling-3y-ASAQ-DHAPPQ-AL,54,0.6953475451386565,2031
004/036-Cycling-3y-ASAQ-DHAPPQ-AL,55,0.6705539904508995,2031
004/036-Cycling-3y-ASAQ-DHAPPQ-AL,56,0.700463927037211,2031
004/036-Cycling-3y-ASAQ-DHAPPQ-AL,57,0.6701684362031436,2031
004/036-Cycling-3y-ASAQ-DHAPPQ-AL,58,0.6953048916061073,2031
004/036-Cycling-3y-ASAQ-DHAPPQ-AL,59,0.6822146660365926,2031
004/036-Cycling-3y-ASAQ-DHAPPQ-AL,60,0.6733003635082943,2031
004/036-Cycling-3y-ASAQ-DHAPPQ-AL,61,0.7116784220610354,2031
004/036-Cycling-3y-ASAQ-DHAPPQ-AL,62,0.6652165580437338,2031
004/036-Cycling-3y-ASAQ-DHAPPQ-AL,63,0.6899957573845334,2031
004/036-Cycling-3y-ASAQ-DHAPPQ-AL,64,0.6683402316721666,2031
004/036-Cycling-3y-ASAQ-DHAPPQ-AL,65,0.6747379383107422,2031
004/036-Cycling-3y-ASAQ-DHAPPQ-AL,66,0.6999201182053566,2031
004/036-Cycling-3y-ASAQ-DHAPPQ-AL,67,0.6708404138395521,2031
004/036-Cycling-3y-ASAQ-DHAPPQ-AL,68,0.6762409641172594,2031
004/036-Cycling-3y-ASAQ-DHAPPQ-AL,69,0.701167949926163,2031
004/036-Cycling-3y-ASAQ-DHAPPQ-AL,70,0.6865020876519335,2031
004/036-Cycling-3y-ASAQ-DHAPPQ-AL,71,0.6821357555166037,2031
004/036-Cycling-3y-ASAQ-DHAPPQ-AL,72,0.6621535469901011,2031
004/036-Cycling-3y-ASAQ-DHAPPQ-AL,73,0.7099892190496714,2031
004/036-Cycling-3y-ASAQ-DHAPPQ-AL,74,0.6894764909754167,2031
004/036-Cycling-3y-ASAQ-DHAPPQ-AL,75,0.6949743631316028,2031
004/036-Cycling-3y-ASAQ-DHAPPQ-AL,76,0.6938664963971272,2031
004/036-Cycling-3y-ASAQ-DHAPPQ-AL,77,0.7121870399116322,2031
004/036-Cycling-3y-ASAQ-DHAPPQ-AL,78,0.6933497956769239,2031
004/036-Cycling-3y-ASAQ-DHAPPQ-AL,79,0.6849579340733082,2031
004/036-Cycling-3y-ASAQ-DHAPPQ-AL,80,0.7045253356367834,2031
004/036-Cycling-3y-ASAQ-DHAPPQ-AL,81,0.7084337165384008,2031
004/036-Cycling-3y-ASAQ-DHAPPQ-AL,82,0.69555515552785,2031
004/036-Cycling-3y-ASAQ-DHAPPQ-AL,83,0.6774972494511472,2031
004/036-Cycling-3y-ASAQ-DHAPPQ-AL,84,0.7083445715890031,2031
004/036-Cycling-3y-ASAQ-DHAPPQ-AL,85,0.6915173725111318,2031
004/036-Cycling-3y-ASAQ-DHAPPQ-AL,86,0.6905894277534186,2031
004/036-Cycling-3y-ASAQ-DHAPPQ-AL,87,0.6727845510684064,2031
004/036-Cycling-3y-ASAQ-DHAPPQ-AL,88,0.6947797142485257,2031
004/036-Cycling-3y-ASAQ-DHAPPQ-AL,89,0.6809121094080935,2031
004/036-Cycling-3y-ASAQ-DHAPPQ-AL,90,0.6919988471713933,2031
004/036-Cycling-3y-ASAQ-DHAPPQ-AL,91,0.7067128948936734,2031
004/036-Cycling-3y-ASAQ-DHAPPQ-AL,92,0.6547941111981584,2031
004/036-Cycling-3y-ASAQ-DHAPPQ-AL,93,0.7074529179733514,2031
004/036-Cycling-3y-ASAQ-DHAPPQ-AL,94,0.6658759133373369,2031
004/036-Cycling-3y-ASAQ-DHAPPQ-AL,95,0.6852138682204978,2031
004/036-Cycling-3y-ASAQ-DHAPPQ-AL,96,0.695203354426838,2031
004/036-Cycling-3y-ASAQ-DHAPPQ-AL,97,0.6708596919439137,2031
004/036-Cycling-3y-ASAQ-DHAPPQ-AL,98,0.6493414676507254,2031
004/036-Cycling-3y-ASAQ-DHAPPQ-AL,99,0.6394923242327121,2031
004/037-Cycling-3y-DHAPPQ-AL-ASAQ,0,0.7644480157537806,2031
004/037-Cycling-3y-DHAPPQ-AL-ASAQ,1,0.7826321304428059,2031
004/037-Cycling-3y-DHAPPQ-AL-ASAQ,2,0.768334530718832,2031
004/037-Cycling-3y-DHAPPQ-AL-ASAQ,3,0.7555551484880065,2031
004/037-Cycling-3y-DHAPPQ-AL-ASAQ,4,0.7744616891089269,2031
004/037-Cycling-3y-DHAPPQ-AL-ASAQ,5,0.7825704055721044,2031
004/037-Cycling-3y-DHAPPQ-AL-ASAQ,6,0.7290045890586216,2031
004/037-Cycling-3y-DHAPPQ-AL-ASAQ,7,0.7550317494463026,2031
004/037-Cycling-3y-DHAPPQ-AL-ASAQ,8,0.750201932782096,2031
004/037-Cycling-3y-DHAPPQ-AL-ASAQ,9,0.7540801267521365,2031
004/037-Cycling-3y-DHAPPQ-AL-ASAQ,10,0.7805871895661404,2031
004/037-Cycling-3y-DHAPPQ-AL-ASAQ,11,0.7505598114327595,2031
004/037-Cycling-3y-DHAPPQ-AL-ASAQ,12,0.7568600300388355,2031
004/037-Cycling-3y-DHAPPQ-AL-ASAQ,13,0.7741353068766323,2031
004/037-Cycling-3y-DHAPPQ-AL-ASAQ,14,0.7769604360666301,2031
004/037-Cycling-3y-DHAPPQ-AL-ASAQ,15,0.745429301706976,2031
004/037-Cycling-3y-DHAPPQ-AL-ASAQ,16,0.7531393662694871,2031
004/037-Cycling-3y-DHAPPQ-AL-ASAQ,17,0.7540228293898202,2031
004/037-Cycling-3y-DHAPPQ-AL-ASAQ,18,0.7600225822886592,2031
004/037-Cycling-3y-DHAPPQ-AL-ASAQ,19,0.7497226063609456,2031
004/037-Cycling-3y-DHAPPQ-AL-ASAQ,20,0.7504999326202904,2031
004/037-Cycling-3y-DHAPPQ-AL-ASAQ,21,0.7770055573578801,2031
004/037-Cycling-3y-DHAPPQ-AL-ASAQ,22,0.761306522162107,2031
004/037-Cycling-3y-DHAPPQ-AL-ASAQ,23,0.7417268480919473,2031
004/037-Cycling-3y-DHAPPQ-AL-ASAQ,24,0.7605305859291703,2031
004/037-Cycling-3y-DHAPPQ-AL-ASAQ,25,0.7838398937645118,2031
004/037-Cycling-3y-DHAPPQ-AL-ASAQ,26,0.7593916768235909,2031
004/037-Cycling-3y-DHAPPQ-AL-ASAQ,27,0.7760618297946175,2031
004/037-Cycling-3y-DHAPPQ-AL-ASAQ,28,0.7494180258614143,2031
004/037-Cycling-3y-DHAPPQ-AL-ASAQ,29,0.7396992467833791,2031
004/037-Cycling-3y-DHAPPQ-AL-ASAQ,30,0.7330356397362702,2031
004/037-Cycling-3y-DHAPPQ-AL-ASAQ,31,0.7493016857195184,2031
004/037-Cycling-3y-DHAPPQ-AL-ASAQ,32,0.7505805448545658,2031
004/037-Cycling-3y-DHAPPQ-AL-ASAQ,33,0.7697801141376637,2031
004/037-Cycling-3y-DHAPPQ-AL-ASAQ,34,0.7708759302902254,2031
004/037-Cycling-3y-DHAPPQ-AL-ASAQ,35,0.7892020104186933,2031
004/037-Cycling-3y-DHAPPQ-AL-ASAQ,36,0.7679094901737202,2031
004/037-Cycling-3y-DHAPPQ-AL-ASAQ,37,0.7721606015430288,2031
004/037-Cycling-3y-DHAPPQ-AL-ASAQ,38,0.7663064648129144,2031
004/037-Cycling-3y-DHAPPQ-AL-ASAQ,39,0.7315152438380693,2031
004/037-Cycling-3y-DHAPPQ-AL-ASAQ,40,0.7424308972106557,2031
004/037-Cycling-3y-DHAPPQ-AL-ASAQ,41,0.7523164552667098,2031
004/037-Cycling-3y-DHAPPQ-AL-ASAQ,42,0.762226414979226,2031
004/037-Cycling-3y-DHAPPQ-AL-ASAQ,43,0.7649640521475177,2031
004/037-Cycling-3y-DHAPPQ-AL-ASAQ,44,0.7529496987561095,2031
004/037-Cycling-3y-DHAPPQ-AL-ASAQ,45,0.7876666945451728,2031
004/037-Cycling-3y-DHAPPQ-AL-ASAQ,46,0.7821991933578051,2031
004/037-Cycling-3y-DHAPPQ-AL-ASAQ,47,0.7606841922661755,2031
004/037-Cycling-3y-DHAPPQ-AL-ASAQ,48,0.780571502901803,2031
004/037-Cycling-3y-DHAPPQ-AL-ASAQ,49,0.7784164144378217,2031
004/037-Cycling-3y-DHAPPQ-AL-ASAQ,50,0.7332145427528564,2031
004/037-Cycling-3y-DHAPPQ-AL-ASAQ,51,0.7906501953375753,2031
004/037-Cycling-3y-DHAPPQ-AL-ASAQ,52,0.7732315230318735,2031
004/037-Cycling-3y-DHAPPQ-AL-ASAQ,53,0.8008183391647744,2031
004/037-Cycling-3y-DHAPPQ-AL-ASAQ,54,0.7688973975684115,2031
004/037-Cycling-3y-DHAPPQ-AL-ASAQ,55,0.7592227772167024,2031
004/037-Cycling-3y-DHAPPQ-AL-ASAQ,56,0.7449684795338162,2031
004/037-Cycling-3y-DHAPPQ-AL-ASAQ,57,0.7636321717348165,2031
004/037-Cycling-3y-DHAPPQ-AL-ASAQ,58,0.7741526395458699,2031
004/037-Cycling-3y-DHAPPQ-AL-ASAQ,59,0.7770992098259241,2031
004/037-Cycling-3y-DHAPPQ-AL-ASAQ,60,0.7686427786375747,2031
004/037-Cycling-3y-DHAPPQ-AL-ASAQ,61,0.7470239231323407,2031
004/037-Cycling-3y-DHAPPQ-AL-ASAQ,62,0.7344648154493175,2031
004/037-Cycling-3y-DHAPPQ-AL-ASAQ,63,0.7679369231950751,2031
004/037-Cycling-3y-DHAPPQ-AL-ASAQ,64,0.7661676023455314,2031
004/037-Cycling-3y-DHAPPQ-AL-ASAQ,65,0.7463745686039404,2031
004/037-Cycling-3y-DHAPPQ-AL-ASAQ,66,0.7736051943857541,2031
004/037-Cycling-3y-DHAPPQ-AL-ASAQ,67,0.7492543791995234,2031
004/037-Cycling-3y-DHAPPQ-AL-ASAQ,68,0.7601909415746776,2031
004/037-Cycling-3y-DHAPPQ-AL-ASAQ,69,0.7531156227003145,2031
004/037-Cycling-3y-DHAPPQ-AL-ASAQ,70,0.7643157965478418,2031
004/037-Cycling-3y-DHAPPQ-AL-ASAQ,71,0.7463728827817948,2031
004/037-Cycling-3y-DHAPPQ-AL-ASAQ,72,0.7499909573496625,2031
004/037-Cycling-3y-DHAPPQ-AL-ASAQ,73,0.7686510436789279,2031
004/037-Cycling-3y-DHAPPQ-AL-ASAQ,74,0.7632155247839583,2031
004/037-Cycling-3y-DHAPPQ-AL-ASAQ,75,0.7630141295469485,2031
004/037-Cycling-3y-DHAPPQ-AL-ASAQ,76,0.7765107041820368,2031
004/037-Cycling-3y-DHAPPQ-AL-ASAQ,77,0.794143396950287,2031
004/037-Cycling-3y-DHAPPQ-AL-ASAQ,78,0.7739983366174511,2031
004/037-Cycling-3y-DHAPPQ-AL-ASAQ,79,0.7848018892276468,2031
004/037-Cycling-3y-DHAPPQ-AL-ASAQ,80,0.7646928540786666,2031
004/037-Cycling-3y-DHAPPQ-AL-ASAQ,81,0.7793915523118448,2031
004/037-Cycling-3y-DHAPPQ-AL-ASAQ,82,0.7541942210982228,2031
004/037-Cycling-3y-DHAPPQ-AL-ASAQ,83,0.7233735472432666,2031
004/037-Cycling-3y-DHAPPQ-AL-ASAQ,84,0.7361518363279799,2031
004/037-Cycling-3y-DHAPPQ-AL-ASAQ,85,0.7717451820519678,2031
004/037-Cycling-3y-DHAPPQ-AL-ASAQ,86,0.7598269748250818,2031
004/037-Cycling-3y-DHAPPQ-AL-ASAQ,87,0.7555991754171597,2031
004/037-Cycling-3y-DHAPPQ-AL-ASAQ,88,0.7773236802970676,2031
004/037-Cycling-3y-DHAPPQ-AL-ASAQ,89,0.758012549141705,2031
004/037-Cycling-3y-DHAPPQ-AL-ASAQ,90,0.76646441639797,2031
004/037-Cycling-3y-DHAPPQ-AL-ASAQ,91,0.7840878283402999,2031
004/037-Cycling-3y-DHAPPQ-AL-ASAQ,92,0.7710105076622807,2031
004/037-Cycling-3y-DHAPPQ-AL-ASAQ,93,0.7512128353268857,2031
004/037-Cycling-3y-DHAPPQ-AL-ASAQ,94,0.7774383805121149,2031
004/037-Cycling-3y-DHAPPQ-AL-ASAQ,95,0.7531614161013026,2031
004/037-Cycling-3y-DHAPPQ-AL-ASAQ,96,0.7751942711225013,2031
004/037-Cycling-3y-DHAPPQ-AL-ASAQ,97,0.7620568503121006,2031
004/037-Cycling-3y-DHAPPQ-AL-ASAQ,98,0.7560460284115105,2031
004/037-Cycling-3y-DHAPPQ-AL-ASAQ,99,0.7489744144885627,2031
004/038-Cycling-3y-DHAPPQ-ASAQ-AL,0,0.7017841139419997,2031
004/038-Cycling-3y-DHAPPQ-ASAQ-AL,1,0.6736005316189879,2031
004/038-Cycling-3y-DHAPPQ-ASAQ-AL,2,0.6851498405217286,2031
004/038-Cycling-3y-DHAPPQ-ASAQ-AL,3,0.6705561566785349,2031
004/038-Cycling-3y-DHAPPQ-ASAQ-AL,4,0.6798514006862603,2031
004/038-Cycling-3y-DHAPPQ-ASAQ-AL,5,0.6394283333337712,2031
004/038-Cycling-3y-DHAPPQ-ASAQ-AL,6,0.6731026770618119,2031
004/038-Cycling-3y-DHAPPQ-ASAQ-AL,7,0.6581284376690856,2031
004/038-Cycling-3y-DHAPPQ-ASAQ-AL,8,0.6909953674904127,2031
004/038-Cycling-3y-DHAPPQ-ASAQ-AL,9,0.6647640611872055,2031
004/038-Cycling-3y-DHAPPQ-ASAQ-AL,10,0.6488507754257208,2031
004/038-Cycling-3y-DHAPPQ-ASAQ-AL,11,0.6998711954512319,2031
004/038-Cycling-3y-DHAPPQ-ASAQ-AL,12,0.7056031194287637,2031
004/038-Cycling-3y-DHAPPQ-ASAQ-AL,13,0.677595036902189,2031
004/038-Cycling-3y-DHAPPQ-ASAQ-AL,14,0.69713058619412,2031
004/038-Cycling-3y-DHAPPQ-ASAQ-AL,15,0.6556132957206057,2031
004/038-Cycling-3y-DHAPPQ-ASAQ-AL,16,0.6761008542337542,2031
004/038-Cycling-3y-DHAPPQ-ASAQ-AL,17,0.6984731893665205,2031
004/038-Cycling-3y-DHAPPQ-ASAQ-AL,18,0.6901004520049486,2031
004/038-Cycling-3y-DHAPPQ-ASAQ-AL,19,0.659618582686104,2031
004/038-Cycling-3y-DHAPPQ-ASAQ-AL,20,0.6707588811608325,2031
004/038-Cycling-3y-DHAPPQ-ASAQ-AL,21,0.7296600182389249,2031
004/038-Cycling-3y-DHAPPQ-ASAQ-AL,22,0.6583197422190886,2031
004/038-Cycling-3y-DHAPPQ-ASAQ-AL,23,0.710270110999906,2031
004/038-Cycling-3y-DHAPPQ-ASAQ-AL,24,0.6775316899356079,2031
004/038-Cycling-3y-DHAPPQ-ASAQ-AL,25,0.6884040953868095,2031
004/038-Cycling-3y-DHAPPQ-ASAQ-AL,26,0.688614572855666,2031
004/038-Cycling-3y-DHAPPQ-ASAQ-AL,27,0.6759409353766944,2031
004/038-Cycling-3y-DHAPPQ-ASAQ-AL,28,0.654721833274443,2031
004/038-Cycling-3y-DHAPPQ-ASAQ-AL,29,0.6691629058296348,2031
004/038-Cycling-3y-DHAPPQ-ASAQ-AL,30,0.6962852897801568,2031
004/038-Cycling-3y-DHAPPQ-ASAQ-AL,31,0.6726372897776022,2031
004/038-Cycling-3y-DHAPPQ-ASAQ-AL,32,0.6583462443402904,2031
004/038-Cycling-3y-DHAPPQ-ASAQ-AL,33,0.6972347938788431,2031
004/038-Cycling-3y-DHAPPQ-ASAQ-AL,34,0.7240856340823026,2031
004/038-Cycling-3y-DHAPPQ-ASAQ-AL,35,0.6438937901058283,2031
004/038-Cycling-3y-DHAPPQ-ASAQ-AL,36,0.6785123781416308,2031
004/038-Cycling-3y-DHAPPQ-ASAQ-AL,37,0.6717287367881708,2031
004/038-Cycling-3y-DHAPPQ-ASAQ-AL,38,0.7074511874541768,2031
004/038-Cycling-3y-DHAPPQ-ASAQ-AL,39,0.7050210262025812,2031
004/038-Cycling-3y-DHAPPQ-ASAQ-AL,40,0.665933473523263,2031
004/038-Cycling-3y-DHAPPQ-ASAQ-AL,41,0.7024311028716372,2031
004/038-Cycling-3y-DHAPPQ-ASAQ-AL,42,0.7032309003069169,2031
004/038-Cycling-3y-DHAPPQ-ASAQ-AL,43,0.6800164021401373,2031
004/038-Cycling-3y-DHAPPQ-ASAQ-AL,44,0.6917565056602643,2031
004/038-Cycling-3y-DHAPPQ-ASAQ-AL,45,0.6931031663530708,2031
004/038-Cycling-3y-DHAPPQ-ASAQ-AL,46,0.7056860252101737,2031
004/038-Cycling-3y-DHAPPQ-ASAQ-AL,47,0.6714842307330376,2031
004/038-Cycling-3y-DHAPPQ-ASAQ-AL,48,0.6759080712046265,2031
004/038-Cycling-3y-DHAPPQ-ASAQ-AL,49,0.6880833213317309,2031
004/038-Cycling-3y-DHAPPQ-ASAQ-AL,50,0.6918254441847919,2031
004/038-Cycling-3y-DHAPPQ-ASAQ-AL,51,0.6827945977954092,2031
004/038-Cycling-3y-DHAPPQ-ASAQ-AL,52,0.6511192278435686,2031
004/038-Cycling-3y-DHAPPQ-ASAQ-AL,53,0.6636889601554844,2031
004/038-Cycling-3y-DHAPPQ-ASAQ-AL,54,0.6702918860988357,2031
004/038-Cycling-3y-DHAPPQ-ASAQ-AL,55,0.6940804218124536,2031
004/038-Cycling-3y-DHAPPQ-ASAQ-AL,56,0.6764883503327107,2031
004/038-Cycling-3y-DHAPPQ-ASAQ-AL,57,0.6687347849316475,2031
004/038-Cycling-3y-DHAPPQ-ASAQ-AL,58,0.7094115126253286,2031
004/038-Cycling-3y-DHAPPQ-ASAQ-AL,59,0.7076119617730718,2031
004/038-Cycling-3y-DHAPPQ-ASAQ-AL,60,0.692285536653443,2031
004/038-Cycling-3y-DHAPPQ-ASAQ-AL,61,0.6901550235371295,2031
004/038-Cycling-3y-DHAPPQ-ASAQ-AL,62,0.6614361789263765,2031
004/038-Cycling-3y-DHAPPQ-ASAQ-AL,63,0.6757001564616237,2031
004/038-Cycling-3y-DHAPPQ-ASAQ-AL,64,0.6914950462255339,2031
004/038-Cycling-3y-DHAPPQ-ASAQ-AL,65,0.6713012123734479,2031
004/038-Cycling-3y-DHAPPQ-ASAQ-AL,66,0.6794079035059649,2031
004/038-Cycling-3y-DHAPPQ-ASAQ-AL,67,0.6744963077080017,2031
004/038-Cycling-3y-DHAPPQ-ASAQ-AL,68,0.6758716305537457,2031
004/038-Cycling-3y-DHAPPQ-ASAQ-AL,69,0.6642737999205988,2031
004/038-Cycling-3y-DHAPPQ-ASAQ-AL,70,0.6760415357797003,2031
004/038-Cycling-3y-DHAPPQ-ASAQ-AL,71,0.6813075570947679,2031
004/038-Cycling-3y-DHAPPQ-ASAQ-AL,72,0.671975822644176,2031
004/038-Cycling-3y-DHAPPQ-ASAQ-AL,73,0.6795095797244527,2031
004/038-Cycling-3y-DHAPPQ-ASAQ-AL,74,0.7238417757158362,2031
004/038-Cycling-3y-DHAPPQ-ASAQ-AL,75,0.6808382914540222,2031
004/038-Cycling-3y-DHAPPQ-ASAQ-AL,76,0.6932970309604118,2031
004/038-Cycling-3y-DHAPPQ-ASAQ-AL,77,0.6546839051861536,2031
004/038-Cycling-3y-DHAPPQ-ASAQ-AL,78,0.6771835617093532,2031
004/038-Cycling-3y-DHAPPQ-ASAQ-AL,79,0.7058086508573099,2031
004/038-Cycling-3y-DHAPPQ-ASAQ-AL,80,0.6686546777365517,2031
004/038-Cycling-3y-DHAPPQ-ASAQ-AL,81,0.6796653165342202,2031
004/038-Cycling-3y-DHAPPQ-ASAQ-AL,82,0.6737949585794727,2031
004/038-Cycling-3y-DHAPPQ-ASAQ-AL,83,0.6865634122350212,2031
004/038-Cycling-3y-DHAPPQ-ASAQ-AL,84,0.6652364439240295,2031
004/038-Cycling-3y-DHAPPQ-ASAQ-AL,85,0.6810993970791207,2031
004/038-Cycling-3y-DHAPPQ-ASAQ-AL,86,0.6825444283623933,2031
004/038-Cycling-3y-DHAPPQ-ASAQ-AL,87,0.6915781382130639,2031
004/038-Cycling-3y-DHAPPQ-ASAQ-AL,88,0.6807100069969642,2031
004/038-Cycling-3y-DHAPPQ-ASAQ-AL,89,0.7130954163204456,2031
004/038-Cycling-3y-DHAPPQ-ASAQ-AL,90,0.6709209215699691,2031
004/038-Cycling-3y-DHAPPQ-ASAQ-AL,91,0.6983856174250492,2031
004/038-Cycling-3y-DHAPPQ-ASAQ-AL,92,0.6725396260955602,2031
004/038-Cycling-3y-DHAPPQ-ASAQ-AL,93,0.6570696132204099,2031
004/038-Cycling-3y-DHAPPQ-ASAQ-AL,94,0.7109433309068814,2031
004/038-Cycling-3y-DHAPPQ-ASAQ-AL,95,0.6904096391520208,2031
004/038-Cycling-3y-DHAPPQ-ASAQ-AL,96,0.7001724759139271,2031
004/038-Cycling-3y-DHAPPQ-ASAQ-AL,97,0.7106174029414732,2031
004/038-Cycling-3y-DHAPPQ-ASAQ-AL,98,0.6804200460372453,2031
004/038-Cycling-3y-DHAPPQ-ASAQ-AL,99,0.6976875310141142,2031
004/039-Cycling-4y-AL-ASAQ,0,0.7257883904886845,2031
004/039-Cycling-4y-AL-ASAQ,1,0.7587861062719982,2031
004/039-Cycling-4y-AL-ASAQ,2,0.7499296824714223,2031
004/039-Cycling-4y-AL-ASAQ,3,0.7597124481268765,2031
004/039-Cycling-4y-AL-ASAQ,4,0.7559657690094138,2031
004/039-Cycling-4y-AL-ASAQ,5,0.7640929251305354,2031
004/039-Cycling-4y-AL-ASAQ,6,0.755158750937929,2031
004/039-Cycling-4y-AL-ASAQ,7,0.7568054876908029,2031
004/039-Cycling-4y-AL-ASAQ,8,0.7609640149960452,2031
004/039-Cycling-4y-AL-ASAQ,9,0.7795960715342861,2031
004/039-Cycling-4y-AL-ASAQ,10,0.7437752475910515,2031
004/039-Cycling-4y-AL-ASAQ,11,0.7489997495440478,2031
004/039-Cycling-4y-AL-ASAQ,12,0.790982548189977,2031
004/039-Cycling-4y-AL-ASAQ,13,0.7602936759604496,2031
004/039-Cycling-4y-AL-ASAQ,14,0.7542714527531147,2031
004/039-Cycling-4y-AL-ASAQ,15,0.7602605220484286,2031
004/039-Cycling-4y-AL-ASAQ,16,0.7589190447230947,2031
004/039-Cycling-4y-AL-ASAQ,17,0.7544465080568655,2031
004/039-Cycling-4y-AL-ASAQ,18,0.7350850426704434,2031
004/039-Cycling-4y-AL-ASAQ,19,0.758428071753872,2031
004/039-Cycling-4y-AL-ASAQ,20,0.7474221738542819,2031
004/039-Cycling-4y-AL-ASAQ,21,0.7611613407899703,2031
004/039-Cycling-4y-AL-ASAQ,22,0.7677595004513119,2031
004/039-Cycling-4y-AL-ASAQ,23,0.7539149375699129,2031
004/039-Cycling-4y-AL-ASAQ,24,0.7515091634080985,2031
004/039-Cycling-4y-AL-ASAQ,25,0.73595354960927,2031
004/039-Cycling-4y-AL-ASAQ,26,0.725999765948287,2031
004/039-Cycling-4y-AL-ASAQ,27,0.7512052596835574,2031
004/039-Cycling-4y-AL-ASAQ,28,0.7590426431253577,2031
004/039-Cycling-4y-AL-ASAQ,29,0.7466156555360679,2031
004/039-Cycling-4y-AL-ASAQ,30,0.7681676331906572,2031
004/039-Cycling-4y-AL-ASAQ,31,0.7381786129794027,2031
004/039-Cycling-4y-AL-ASAQ,32,0.7558383037349664,2031
004/039-Cycling-4y-AL-ASAQ,33,0.7404031064744547,2031
004/039-Cycling-4y-AL-ASAQ,34,0.7694300674128955,2031
004/039-Cycling-4y-AL-ASAQ,35,0.7573279981728952,2031
004/039-Cycling-4y-AL-ASAQ,36,0.7585102223813366,2031
004/039-Cycling-4y-AL-ASAQ,37,0.7785051730460179,2031
004/039-Cycling-4y-AL-ASAQ,38,0.7452679239978517,2031
004/039-Cycling-4y-AL-ASAQ,39,0.7554833174188801,2031
004/039-Cycling-4y-AL-ASAQ,40,0.739255428980881,2031
004/039-Cycling-4y-AL-ASAQ,41,0.7393355357248096,2031
004/039-Cycling-4y-AL-ASAQ,42,0.7560564468494199,2031
004/039-Cycling-4y-AL-ASAQ,43,0.7828336678445321,2031
004/039-Cycling-4y-AL-ASAQ,44,0.7375554883989769,2031
004/039-Cycling-4y-AL-ASAQ,45,0.7493005852352468,2031
004/039-Cycling-4y-AL-ASAQ,46,0.7719112982543623,2031
004/039-Cycling-4y-AL-ASAQ,47,0.7520454331022588,2031
004/039-Cycling-4y-AL-ASAQ,48,0.7539576135004772,2031
004/039-Cycling-4y-AL-ASAQ,49,0.7265826686886313,2031
004/039-Cycling-4y-AL-ASAQ,50,0.7567007600319609,2031
004/039-Cycling-4y-AL-ASAQ,51,0.7306154879941577,2031
004/039-Cycling-4y-AL-ASAQ,52,0.7455607979464455,2031
004/039-Cycling-4y-AL-ASAQ,53,0.7584963569868703,2031
004/039-Cycling-4y-AL-ASAQ,54,0.7454645659056164,2031
004/039-Cycling-4y-AL-ASAQ,55,0.7558479965675029,2031
004/039-Cycling-4y-AL-ASAQ,56,0.7613525261221677,2031
004/039-Cycling-4y-AL-ASAQ,57,0.756995457081871,2031
004/039-Cycling-4y-AL-ASAQ,58,0.754968302238063,2031
004/039-Cycling-4y-AL-ASAQ,59,0.7346499160463017,2031
004/039-Cycling-4y-AL-ASAQ,60,0.7534519792587453,2031
004/039-Cycling-4y-AL-ASAQ,61,0.7642970599431006,2031
004/039-Cycling-4y-AL-ASAQ,62,0.7450473035922583,2031
004/039-Cycling-4y-AL-ASAQ,63,0.7473766283094685,2031
004/039-Cycling-4y-AL-ASAQ,64,0.7585014539871754,2031
004/039-Cycling-4y-AL-ASAQ,65,0.7324792292411978,2031
004/039-Cycling-4y-AL-ASAQ,66,0.7758460641688445,2031
004/039-Cycling-4y-AL-ASAQ,67,0.7373621065459427,2031
004/039-Cycling-4y-AL-ASAQ,68,0.7743381280399463,2031
004/039-Cycling-4y-AL-ASAQ,69,0.7238091003926327,2031
004/039-Cycling-4y-AL-ASAQ,70,0.741430726659794,2031
004/039-Cycling-4y-AL-ASAQ,71,0.7803498815128272,2031
004/039-Cycling-4y-AL-ASAQ,72,0.7205182860858822,2031
004/039-Cycling-4y-AL-ASAQ,73,0.7533803167138369,2031
004/039-Cycling-4y-AL-ASAQ,74,0.7453762823419985,2031
004/039-Cycling-4y-AL-ASAQ,75,0.760112377070909,2031
004/039-Cycling-4y-AL-ASAQ,76,0.7737327109447333,2031
004/039-Cycling-4y-AL-ASAQ,77,0.7569398944854434,2031
004/039-Cycling-4y-AL-ASAQ,78,0.7636409639140709,2031
004/039-Cycling-4y-AL-ASAQ,79,0.7458224954249663,2031
004/039-Cycling-4y-AL-ASAQ,80,0.7499779175465595,2031
004/039-Cycling-4y-AL-ASAQ,81,0.7215575361709042,2031
004/039-Cycling-4y-AL-ASAQ,82,0.7460445834090069,2031
004/039-Cycling-4y-AL-ASAQ,83,0.7439737950295159,2031
004/039-Cycling-4y-AL-ASAQ,84,0.7694252628324217,2031
004/039-Cycling-4y-AL-ASAQ,85,0.7462516663955148,2031
004/039-Cycling-4y-AL-ASAQ,86,0.7901901381511195,2031
004/039-Cycling-4y-AL-ASAQ,87,0.7386265838776565,2031
004/039-Cycling-4y-AL-ASAQ,88,0.7270819909329843,2031
004/039-Cycling-4y-AL-ASAQ,89,0.7594768106210216,2031
004/039-Cycling-4y-AL-ASAQ,90,0.7810064789096914,2031
004/039-Cycling-4y-AL-ASAQ,91,0.7436954847931054,2031
004/039-Cycling-4y-AL-ASAQ,92,0.7424839848338395,2031
004/039-Cycling-4y-AL-ASAQ,93,0.7842882552625944,2031
004/039-Cycling-4y-AL-ASAQ,94,0.7528296720106579,2031
004/039-Cycling-4y-AL-ASAQ,95,0.7517606714791932,2031
004/039-Cycling-4y-AL-ASAQ,96,0.75490913493034,2031
004/039-Cycling-4y-AL-ASAQ,97,0.7434691438490714,2031
004/039-Cycling-4y-AL-ASAQ,98,0.7571790903684551,2031
004/039-Cycling-4y-AL-ASAQ,99,0.7541248395834894,2031
004/040-Cycling-4y-AL-DHAPPQ,0,0.7730282335164835,2031
004/040-Cycling-4y-AL-DHAPPQ,1,0.75402164459415,2031
004/040-Cycling-4y-AL-DHAPPQ,2,0.7818659828555331,2031
004/040-Cycling-4y-AL-DHAPPQ,3,0.7508766852811006,2031
004/040-Cycling-4y-AL-DHAPPQ,4,0.7508518116446576,2031
004/040-Cycling-4y-AL-DHAPPQ,5,0.7684955773690323,2031
004/040-Cycling-4y-AL-DHAPPQ,6,0.7651207031139166,2031
004/040-Cycling-4y-AL-DHAPPQ,7,0.7788949276785052,2031
004/040-Cycling-4y-AL-DHAPPQ,8,0.7643374689580346,2031
004/040-Cycling-4y-AL-DHAPPQ,9,0.7624192430533198,2031
004/040-Cycling-4y-AL-DHAPPQ,10,0.7440782791879713,2031
004/040-Cycling-4y-AL-DHAPPQ,11,0.7560098374698708,2031
004/040-Cycling-4y-AL-DHAPPQ,12,0.7786278996605299,2031
004/040-Cycling-4y-AL-DHAPPQ,13,0.7755262603650848,2031
004/040-Cycling-4y-AL-DHAPPQ,14,0.7905115114649806,2031
004/040-Cycling-4y-AL-DHAPPQ,15,0.7660290456739669,2031
004/040-Cycling-4y-AL-DHAPPQ,16,0.785691356205206,2031
004/040-Cycling-4y-AL-DHAPPQ,17,0.7749866290645682,2031
004/040-Cycling-4y-AL-DHAPPQ,18,0.7779206433831898,2031
004/040-Cycling-4y-AL-DHAPPQ,19,0.7490565844360279,2031
004/040-Cycling-4y-AL-DHAPPQ,20,0.7616552217765175,2031
004/040-Cycling-4y-AL-DHAPPQ,21,0.7525541849915595,2031
004/040-Cycling-4y-AL-DHAPPQ,22,0.7745421343333088,2031
004/040-Cycling-4y-AL-DHAPPQ,23,0.7578462284462248,2031
004/040-Cycling-4y-AL-DHAPPQ,24,0.765882080682443,2031
004/040-Cycling-4y-AL-DHAPPQ,25,0.7588927069067535,2031
004/040-Cycling-4y-AL-DHAPPQ,26,0.725312557229045,2031
004/040-Cycling-4y-AL-DHAPPQ,27,0.7467196009713762,2031
004/040-Cycling-4y-AL-DHAPPQ,28,0.7647258916621696,2031
004/040-Cycling-4y-AL-DHAPPQ,29,0.7782623720944729,2031
004/040-Cycling-4y-AL-DHAPPQ,30,0.7487147968750091,2031
004/040-Cycling-4y-AL-DHAPPQ,31,0.7880977677963074,2031
004/040-Cycling-4y-AL-DHAPPQ,32,0.7466788216504496,2031
004/040-Cycling-4y-AL-DHAPPQ,33,0.7715756766738768,2031
004/040-Cycling-4y-AL-DHAPPQ,34,0.7473176414163584,2031
004/040-Cycling-4y-AL-DHAPPQ,35,0.7646596912400617,2031
004/040-Cycling-4y-AL-DHAPPQ,36,0.7566596586485298,2031
004/040-Cycling-4y-AL-DHAPPQ,37,0.7475414177028886,2031
004/040-Cycling-4y-AL-DHAPPQ,38,0.7698121688985453,2031
004/040-Cycling-4y-AL-DHAPPQ,39,0.7659135670448255,2031
004/040-Cycling-4y-AL-DHAPPQ,40,0.7686992874421157,2031
004/040-Cycling-4y-AL-DHAPPQ,41,0.7703861524939639,2031
004/040-Cycling-4y-AL-DHAPPQ,42,0.7750613238904767,2031
004/040-Cycling-4y-AL-DHAPPQ,43,0.7543798057551299,2031
004/040-Cycling-4y-AL-DHAPPQ,44,0.7614862989445843,2031
004/040-Cycling-4y-AL-DHAPPQ,45,0.742728458815345,2031
004/040-Cycling-4y-AL-DHAPPQ,46,0.7673181393641523,2031
004/040-Cycling-4y-AL-DHAPPQ,47,0.7414192696526332,2031
004/040-Cycling-4y-AL-DHAPPQ,48,0.7879207617401002,2031
004/040-Cycling-4y-AL-DHAPPQ,49,0.7262368608147446,2031
004/040-Cycling-4y-AL-DHAPPQ,50,0.7608724271669747,2031
004/040-Cycling-4y-AL-DHAPPQ,51,0.7685123767258961,2031
004/040-Cycling-4y-AL-DHAPPQ,52,0.7760313342217194,2031
004/040-Cycling-4y-AL-DHAPPQ,53,0.7600387482634049,2031
004/040-Cycling-4y-AL-DHAPPQ,54,0.7801270983431907,2031
004/040-Cycling-4y-AL-DHAPPQ,55,0.7762832497776953,2031
004/040-Cycling-4y-AL-DHAPPQ,56,0.7435321177969624,2031
004/040-Cycling-4y-AL-DHAPPQ,57,0.7772318765647954,2031
004/040-Cycling-4y-AL-DHAPPQ,58,0.7364998145632716,2031
004/040-Cycling-4y-AL-DHAPPQ,59,0.758879826412845,2031
004/040-Cycling-4y-AL-DHAPPQ,60,0.7656863865255726,2031
004/040-Cycling-4y-AL-DHAPPQ,61,0.7496599454414831,2031
004/040-Cycling-4y-AL-DHAPPQ,62,0.7513077500618096,2031
004/040-Cycling-4y-AL-DHAPPQ,63,0.764956816566028,2031
004/040-Cycling-4y-AL-DHAPPQ,64,0.7623815342113196,2031
004/040-Cycling-4y-AL-DHAPPQ,65,0.7714810911720789,2031
004/040-Cycling-4y-AL-DHAPPQ,66,0.7471775271984344,2031
004/040-Cycling-4y-AL-DHAPPQ,67,0.7478933547275722,2031
004/040-Cycling-4y-AL-DHAPPQ,68,0.7691969678236293,2031
004/040-Cycling-4y-AL-DHAPPQ,69,0.7645702448092743,2031
004/040-Cycling-4y-AL-DHAPPQ,70,0.7570759352316688,2031
004/040-Cycling-4y-AL-DHAPPQ,71,0.7586766725657051,2031
004/040-Cycling-4y-AL-DHAPPQ,72,0.7458682744228153,2031
004/040-Cycling-4y-AL-DHAPPQ,73,0.7583614576608187,2031
004/040-Cycling-4y-AL-DHAPPQ,74,0.7632630546027551,2031
004/040-Cycling-4y-AL-DHAPPQ,75,0.7591630657512939,2031
004/040-Cycling-4y-AL-DHAPPQ,76,0.7803899794320421,2031
004/040-Cycling-4y-AL-DHAPPQ,77,0.7780018594135168,2031
004/040-Cycling-4y-AL-DHAPPQ,78,0.7392493646253446,2031
004/040-Cycling-4y-AL-DHAPPQ,79,0.7621465182677493,2031
004/040-Cycling-4y-AL-DHAPPQ,80,0.7530040781006604,2031
004/040-Cycling-4y-AL-DHAPPQ,81,0.770918581939304,2031
004/040-Cycling-4y-AL-DHAPPQ,82,0.7754641023667671,2031
004/040-Cycling-4y-AL-DHAPPQ,83,0.7529069665260201,2031
004/040-Cycling-4y-AL-DHAPPQ,84,0.7508036487342334,2031
004/040-Cycling-4y-AL-DHAPPQ,85,0.7573455543888753,2031
004/040-Cycling-4y-AL-DHAPPQ,86,0.745801598990324,2031
004/040-Cycling-4y-AL-DHAPPQ,87,0.7475129026304138,2031
004/040-Cycling-4y-AL-DHAPPQ,88,0.7551921445362052,2031
004/040-Cycling-4y-AL-DHAPPQ,89,0.7824662989969681,2031
004/040-Cycling-4y-AL-DHAPPQ,90,0.7413574477255916,2031
004/040-Cycling-4y-AL-DHAPPQ,91,0.7597101605097846,2031
004/040-Cycling-4y-AL-DHAPPQ,92,0.7512702595223405,2031
004/040-Cycling-4y-AL-DHAPPQ,93,0.7780669929208269,2031
004/040-Cycling-4y-AL-DHAPPQ,94,0.8229877922488541,2031
004/040-Cycling-4y-AL-DHAPPQ,95,0.7640208957828247,2031
004/040-Cycling-4y-AL-DHAPPQ,96,0.7828684461607854,2031
004/040-Cycling-4y-AL-DHAPPQ,97,0.7604759211967749,2031
004/040-Cycling-4y-AL-DHAPPQ,98,0.7822686633345265,2031
004/040-Cycling-4y-AL-DHAPPQ,99,0.7967581278692727,2031
004/041-Cycling-4y-ASAQ-AL,0,0.7194727414471916,2031
004/041-Cycling-4y-ASAQ-AL,1,0.7408041097160302,2031
004/041-Cycling-4y-ASAQ-AL,2,0.7102004952736568,2031
004/041-Cycling-4y-ASAQ-AL,3,0.6912286956100209,2031
004/041-Cycling-4y-ASAQ-AL,4,0.7318865619696965,2031
004/041-Cycling-4y-ASAQ-AL,5,0.7205385422611955,2031
004/041-Cycling-4y-ASAQ-AL,6,0.6773328495677235,2031
004/041-Cycling-4y-ASAQ-AL,7,0.7095093653092878,2031
004/041-Cycling-4y-ASAQ-AL,8,0.6941715678613304,2031
004/041-Cycling-4y-ASAQ-AL,9,0.7177626553148931,2031
004/041-Cycling-4y-ASAQ-AL,10,0.7156849408157991,2031
004/041-Cycling-4y-ASAQ-AL,11,0.6843787149643484,2031
004/041-Cycling-4y-ASAQ-AL,12,0.6940366690351869,2031
004/041-Cycling-4y-ASAQ-AL,13,0.7138812722242931,2031
004/041-Cycling-4y-ASAQ-AL,14,0.7255482749549423,2031
004/041-Cycling-4y-ASAQ-AL,15,0.7137140757641892,2031
004/041-Cycling-4y-ASAQ-AL,16,0.725041314300917,2031
004/041-Cycling-4y-ASAQ-AL,17,0.7038303529498667,2031
004/041-Cycling-4y-ASAQ-AL,18,0.7089039022828686,2031
004/041-Cycling-4y-ASAQ-AL,19,0.7177595723088975,2031
004/041-Cycling-4y-ASAQ-AL,20,0.7213531469324449,2031
004/041-Cycling-4y-ASAQ-AL,21,0.6868552817200864,2031
004/041-Cycling-4y-ASAQ-AL,22,0.6714941346060567,2031
004/041-Cycling-4y-ASAQ-AL,23,0.7070370439274035,2031
004/041-Cycling-4y-ASAQ-AL,24,0.7407046445745387,2031
004/041-Cycling-4y-ASAQ-AL,25,0.7123340346860365,2031
004/041-Cycling-4y-ASAQ-AL,26,0.7487621848766982,2031
004/041-Cycling-4y-ASAQ-AL,27,0.6935211494207921,2031
004/041-Cycling-4y-ASAQ-AL,28,0.716938538104383,2031
004/041-Cycling-4y-ASAQ-AL,29,0.717861751171133,2031
004/041-Cycling-4y-ASAQ-AL,30,0.6923681610520968,2031
004/041-Cycling-4y-ASAQ-AL,31,0.7191731504392535,2031
004/041-Cycling-4y-ASAQ-AL,32,0.7303121690680786,2031
004/041-Cycling-4y-ASAQ-AL,33,0.7062185413722818,2031
004/041-Cycling-4y-ASAQ-AL,34,0.716570594402682,2031
004/041-Cycling-4y-ASAQ-AL,35,0.7168612415807516,2031
004/041-Cycling-4y-ASAQ-AL,36,0.6852276238208753,2031
004/041-Cycling-4y-ASAQ-AL,37,0.7012563080087227,2031
004/041-Cycling-4y-ASAQ-AL,38,0.7198691764445373,2031
004/041-Cycling-4y-ASAQ-AL,39,0.7224261202154948,2031
004/041-Cycling-4y-ASAQ-AL,40,0.7266527513745696,2031
004/041-Cycling-4y-ASAQ-AL,41,0.7358377313874138,2031
004/041-Cycling-4y-ASAQ-AL,42,0.7279902540458099,2031
004/041-Cycling-4y-ASAQ-AL,43,0.7258232789877018,2031
004/041-Cycling-4y-ASAQ-AL,44,0.7180821398241997,2031
004/041-Cycling-4y-ASAQ-AL,45,0.6909545002643717,2031
004/041-Cycling-4y-ASAQ-AL,46,0.7334705368373774,2031
004/041-Cycling-4y-ASAQ-AL,47,0.7234190173600231,2031
004/041-Cycling-4y-ASAQ-AL,48,0.7021106166908239,2031
004/041-Cycling-4y-ASAQ-AL,49,0.7092485030272453,2031
004/041-Cycling-4y-ASAQ-AL,50,0.7150302489296682,2031
004/041-Cycling-4y-ASAQ-AL,51,0.7092326727994885,2031
004/041-Cycling-4y-ASAQ-AL,52,0.7126345147696419,2031
004/041-Cycling-4y-ASAQ-AL,53,0.715864566009183,2031
004/041-Cycling-4y-ASAQ-AL,54,0.6948223065632244,2031
004/041-Cycling-4y-ASAQ-AL,55,0.7217894271974395,2031
004/041-Cycling-4y-ASAQ-AL,56,0.7262031541395264,2031
004/041-Cycling-4y-ASAQ-AL,57,0.6900416462112501,2031
004/041-Cycling-4y-ASAQ-AL,58,0.74636879472521,2031
004/041-Cycling-4y-ASAQ-AL,59,0.7152891355743312,2031
004/041-Cycling-4y-ASAQ-AL,60,0.7080014838688351,2031
004/041-Cycling-4y-ASAQ-AL,61,0.7225669794093093,2031
004/041-Cycling-4y-ASAQ-AL,62,0.7137566282522182,2031
004/041-Cycling-4y-ASAQ-AL,63,0.6921345147535422,2031
004/041-Cycling-4y-ASAQ-AL,64,0.7281316748219157,2031
004/041-Cycling-4y-ASAQ-AL,65,0.7142272428045455,2031
004/041-Cycling-4y-ASAQ-AL,66,0.7171342678894334,2031
004/041-Cycling-4y-ASAQ-AL,67,0.7148127031851614,2031
004/041-Cycling-4y-ASAQ-AL,68,0.7136035190972136,2031
004/041-Cycling-4y-ASAQ-AL,69,0.7135303993255935,2031
004/041-Cycling-4y-ASAQ-AL,70,0.7168453151111752,2031
004/041-Cycling-4y-ASAQ-AL,71,0.6746775006471002,2031
004/041-Cycling-4y-ASAQ-AL,72,0.7005171304027041,2031
004/041-Cycling-4y-ASAQ-AL,73,0.7069846842488778,2031
004/041-Cycling-4y-ASAQ-AL,74,0.7355939329178395,2031
004/041-Cycling-4y-ASAQ-AL,75,0.707552084690469,2031
004/041-Cycling-4y-ASAQ-AL,76,0.7194069093084461,2031
004/041-Cycling-4y-ASAQ-AL,77,0.7198058898117585,2031
004/041-Cycling-4y-ASAQ-AL,78,0.7262420665098049,2031
004/041-Cycling-4y-ASAQ-AL,79,0.6884668779890779,2031
004/041-Cycling-4y-ASAQ-AL,80,0.7104830352189265,2031
004/041-Cycling-4y-ASAQ-AL,81,0.745750934838138,2031
004/041-Cycling-4y-ASAQ-AL,82,0.7078953388575792,2031
004/041-Cycling-4y-ASAQ-AL,83,0.7024835733901877,2031
004/041-Cycling-4y-ASAQ-AL,84,0.7334196796391357,2031
004/041-Cycling-4y-ASAQ-AL,85,0.7444255367023835,2031
004/041-Cycling-4y-ASAQ-AL,86,0.7366631140991551,2031
004/041-Cycling-4y-ASAQ-AL,87,0.736786301871145,2031
004/041-Cycling-4y-ASAQ-AL,88,0.7147285192297211,2031
004/041-Cycling-4y-ASAQ-AL,89,0.7062925015384517,2031
004/041-Cycling-4y-ASAQ-AL,90,0.7043263393632326,2031
004/041-Cycling-4y-ASAQ-AL,91,0.7271716254697376,2031
004/041-Cycling-4y-ASAQ-AL,92,0.7101078578595157,2031
004/041-Cycling-4y-ASAQ-AL,93,0.73999240933272,2031
004/041-Cycling-4y-ASAQ-AL,94,0.7017206884494122,2031
004/041-Cycling-4y-ASAQ-AL,95,0.7078898886825481,2031
004/041-Cycling-4y-ASAQ-AL,96,0.7111739355888099,2031
004/041-Cycling-4y-ASAQ-AL,97,0.7041239558554789,2031
004/041-Cycling-4y-ASAQ-AL,98,0.7310013419320242,2031
004/041-Cycling-4y-ASAQ-AL,99,0.7185349394950454,2031
004/042-Cycling-4y-ASAQ-DHAPPQ,0,0.6543943600955088,2031
004/042-Cycling-4y-ASAQ-DHAPPQ,1,0.6659322993322344,2031
004/042-Cycling-4y-ASAQ-DHAPPQ,2,0.6843823966428397,2031
004/042-Cycling-4y-ASAQ-DHAPPQ,3,0.6730218608098992,2031
004/042-Cycling-4y-ASAQ-DHAPPQ,4,0.676718884508238,2031
004/042-Cycling-4y-ASAQ-DHAPPQ,5,0.673309706584238,2031
004/042-Cycling-4y-ASAQ-DHAPPQ,6,0.6595309709910914,2031
004/042-Cycling-4y-ASAQ-DHAPPQ,7,0.667784820185525,2031
004/042-Cycling-4y-ASAQ-DHAPPQ,8,0.6753320300964067,2031
004/042-Cycling-4y-ASAQ-DHAPPQ,9,0.6639907678342483,2031
004/042-Cycling-4y-ASAQ-DHAPPQ,10,0.6370594379670146,2031
004/042-Cycling-4y-ASAQ-DHAPPQ,11,0.6900342794771914,2031
004/042-Cycling-4y-ASAQ-DHAPPQ,12,0.6651969527630747,2031
004/042-Cycling-4y-ASAQ-DHAPPQ,13,0.6420726795289496,2031
004/042-Cycling-4y-ASAQ-DHAPPQ,14,0.6454112014010729,2031
004/042-Cycling-4y-ASAQ-DHAPPQ,15,0.6607525082677692,2031
004/042-Cycling-4y-ASAQ-DHAPPQ,16,0.6688274175887061,2031
004/042-Cycling-4y-ASAQ-DHAPPQ,17,0.6824793771809307,2031
004/042-Cycling-4y-ASAQ-DHAPPQ,18,0.6389256243934035,2031
004/042-Cycling-4y-ASAQ-DHAPPQ,19,0.6693733499720445,2031
004/042-Cycling-4y-ASAQ-DHAPPQ,20,0.6539005940014256,2031
004/042-Cycling-4y-ASAQ-DHAPPQ,21,0.6654463713559807,2031
004/042-Cycling-4y-ASAQ-DHAPPQ,22,0.6991322256410322,2031
004/042-Cycling-4y-ASAQ-DHAPPQ,23,0.6700379752998972,2031
004/042-Cycling-4y-ASAQ-DHAPPQ,24,0.6921744060333683,2031
004/042-Cycling-4y-ASAQ-DHAPPQ,25,0.6823257259468614,2031
004/042-Cycling-4y-ASAQ-DHAPPQ,26,0.6722477578826552,2031
004/042-Cycling-4y-ASAQ-DHAPPQ,27,0.6522621824164471,2031
004/042-Cycling-4y-ASAQ-DHAPPQ,28,0.6686678719718605,2031
004/042-Cycling-4y-ASAQ-DHAPPQ,29,0.6570746265865989,2031
004/042-Cycling-4y-ASAQ-DHAPPQ,30,0.6881405272212137,2031
004/042-Cycling-4y-ASAQ-DHAPPQ,31,0.6667299593953792,2031
004/042-Cycling-4y-ASAQ-DHAPPQ,32,0.6630591602894061,2031
004/042-Cycling-4y-ASAQ-DHAPPQ,33,0.6495776004646353,2031
004/042-Cycling-4y-ASAQ-DHAPPQ,34,0.6757205148382325,2031
004/042-Cycling-4y-ASAQ-DHAPPQ,35,0.6356101568502804,2031
004/042-Cycling-4y-ASAQ-DHAPPQ,36,0.674849998507657,2031
004/042-Cycling-4y-ASAQ-DHAPPQ,37,0.6973740511761602,2031
004/042-Cycling-4y-ASAQ-DHAPPQ,38,0.6716387301913249,2031
004/042-Cycling-4y-ASAQ-DHAPPQ,39,0.6768274183595057,2031
004/042-Cycling-4y-ASAQ-DHAPPQ,40,0.6582931032223228,2031
004/042-Cycling-4y-ASAQ-DHAPPQ,41,0.645276848592686,2031
004/042-Cycling-4y-ASAQ-DHAPPQ,42,0.6823071802232414,2031
004/042-Cycling-4y-ASAQ-DHAPPQ,43,0.6130284031672191,2031
004/042-Cycling-4y-ASAQ-DHAPPQ,44,0.6932218713739012,2031
004/042-Cycling-4y-ASAQ-DHAPPQ,45,0.655967279695464,2031
004/042-Cycling-4y-ASAQ-DHAPPQ,46,0.6685142174088742,2031
004/042-Cycling-4y-ASAQ-DHAPPQ,47,0.6563816588017565,2031
004/042-Cycling-4y-ASAQ-DHAPPQ,48,0.6286881462913928,2031
004/042-Cycling-4y-ASAQ-DHAPPQ,49,0.6959291270646286,2031
004/042-Cycling-4y-ASAQ-DHAPPQ,50,0.6707263896869046,2031
004/042-Cycling-4y-ASAQ-DHAPPQ,51,0.6806566677360816,2031
004/042-Cycling-4y-ASAQ-DHAPPQ,52,0.6884173518555721,2031
004/042-Cycling-4y-ASAQ-DHAPPQ,53,0.670040704602941,2031
004/042-Cycling-4y-ASAQ-DHAPPQ,54,0.6664363234596055,2031
004/042-Cycling-4y-ASAQ-DHAPPQ,55,0.6628908747423203,2031
004/042-Cycling-4y-ASAQ-DHAPPQ,56,0.6579696922328685,2031
004/042-Cycling-4y-ASAQ-DHAPPQ,57,0.6674468485216757,2031
004/042-Cycling-4y-ASAQ-DHAPPQ,58,0.6886161975319016,2031
004/042-Cycling-4y-ASAQ-DHAPPQ,59,0.678830796161851,2031
004/042-Cycling-4y-ASAQ-DHAPPQ,60,0.6682096726393648,2031
004/042-Cycling-4y-ASAQ-DHAPPQ,61,0.6697457894342208,2031
004/042-Cycling-4y-ASAQ-DHAPPQ,62,0.6545601486655294,2031
004/042-Cycling-4y-ASAQ-DHAPPQ,63,0.6286817145179527,2031
004/042-Cycling-4y-ASAQ-DHAPPQ,64,0.672299887137391,2031
004/042-Cycling-4y-ASAQ-DHAPPQ,65,0.6420266210391773,2031
004/042-Cycling-4y-ASAQ-DHAPPQ,66,0.7000358881057136,2031
004/042-Cycling-4y-ASAQ-DHAPPQ,67,0.6549590070947819,2031
004/042-Cycling-4y-ASAQ-DHAPPQ,68,0.6544249062649379,2031
004/042-Cycling-4y-ASAQ-DHAPPQ,69,0.6696220970774714,2031
004/042-Cycling-4y-ASAQ-DHAPPQ,70,0.7073906790657047,2031
004/042-Cycling-4y-ASAQ-DHAPPQ,71,0.6897456637879767,2031
004/042-Cycling-4y-ASAQ-DHAPPQ,72,0.6679138412602964,2031
004/042-Cycling-4y-ASAQ-DHAPPQ,73,0.6651500826068597,2031
004/042-Cycling-4y-ASAQ-DHAPPQ,74,0.660109798085098,2031
004/042-Cycling-4y-ASAQ-DHAPPQ,75,0.6249358604917764,2031
004/042-Cycling-4y-ASAQ-DHAPPQ,76,0.6830998227351381,2031
004/042-Cycling-4y-ASAQ-DHAPPQ,77,0.6440718924628474,2031
004/042-Cycling-4y-ASAQ-DHAPPQ,78,0.6762639678845219,2031
004/042-Cycling-4y-ASAQ-DHAPPQ,79,0.6634911299904888,2031
004/042-Cycling-4y-ASAQ-DHAPPQ,80,0.6366225435826317,2031
004/042-Cycling-4y-ASAQ-DHAPPQ,81,0.6296603167311066,2031
004/042-Cycling-4y-ASAQ-DHAPPQ,82,0.6498417296799212,2031
004/042-Cycling-4y-ASAQ-DHAPPQ,83,0.6593382209359037,2031
004/042-Cycling-4y-ASAQ-DHAPPQ,84,0.6746983021429788,2031
004/042-Cycling-4y-ASAQ-DHAPPQ,85,0.6585964310173279,2031
004/042-Cycling-4y-ASAQ-DHAPPQ,86,0.6533801980559016,2031
004/042-Cycling-4y-ASAQ-DHAPPQ,87,0.6621861392924892,2031
004/042-Cycling-4y-ASAQ-DHAPPQ,88,0.6740575228246093,2031
004/042-Cycling-4y-ASAQ-DHAPPQ,89,0.6577820586717328,2031
004/042-Cycling-4y-ASAQ-DHAPPQ,90,0.7028266968442204,2031
004/042-Cycling-4y-ASAQ-DHAPPQ,91,0.6864460871437984,2031
004/042-Cycling-4y-ASAQ-DHAPPQ,92,0.6778726807865555,2031
004/042-Cycling-4y-ASAQ-DHAPPQ,93,0.6775282531692502,2031
004/042-Cycling-4y-ASAQ-DHAPPQ,94,0.6860702475686531,2031
004/042-Cycling-4y-ASAQ-DHAPPQ,95,0.6595915846542454,2031
004/042-Cycling-4y-ASAQ-DHAPPQ,96,0.6585969400082677,2031
004/042-Cycling-4y-ASAQ-DHAPPQ,97,0.6657371925440316,2031
004/042-Cycling-4y-ASAQ-DHAPPQ,98,0.6830826099937383,2031
004/042-Cycling-4y-ASAQ-DHAPPQ,99,0.6650018549983965,2031
004/043-Cycling-4y-DHAPPQ-AL,0,0.7429410124031133,2031
004/043-Cycling-4y-DHAPPQ-AL,1,0.7275960782065295,2031
004/043-Cycling-4y-DHAPPQ-AL,2,0.7271763387059478,2031
004/043-Cycling-4y-DHAPPQ-AL,3,0.769036996556809,2031
004/043-Cycling-4y-DHAPPQ-AL,4,0.7437498703779643,2031
004/043-Cycling-4y-DHAPPQ-AL,5,0.7405208024169644,2031
004/043-Cycling-4y-DHAPPQ-AL,6,0.7633516066809114,2031
004/043-Cycling-4y-DHAPPQ-AL,7,0.7743106295161161,2031
004/043-Cycling-4y-DHAPPQ-AL,8,0.8219960140212863,2031
004/043-Cycling-4y-DHAPPQ-AL,9,0.7612364343734827,2031
004/043-Cycling-4y-DHAPPQ-AL,10,0.7524199799464552,2031
004/043-Cycling-4y-DHAPPQ-AL,11,0.8015163352871294,2031
004/043-Cycling-4y-DHAPPQ-AL,12,0.7307312713645664,2031
004/043-Cycling-4y-DHAPPQ-AL,13,0.7652335969590262,2031
004/043-Cycling-4y-DHAPPQ-AL,14,0.7664144489304782,2031
004/043-Cycling-4y-DHAPPQ-AL,15,0.7446909981806483,2031
004/043-Cycling-4y-DHAPPQ-AL,16,0.7402275912826193,2031
004/043-Cycling-4y-DHAPPQ-AL,17,0.7677754274084078,2031
004/043-Cycling-4y-DHAPPQ-AL,18,0.7740521737403662,2031
004/043-Cycling-4y-DHAPPQ-AL,19,0.7438961757917267,2031
004/043-Cycling-4y-DHAPPQ-AL,20,0.7680517931543188,2031
004/043-Cycling-4y-DHAPPQ-AL,21,0.7521953460831291,2031
004/043-Cycling-4y-DHAPPQ-AL,22,0.7280960066356138,2031
004/043-Cycling-4y-DHAPPQ-AL,23,0.7661214616961178,2031
004/043-Cycling-4y-DHAPPQ-AL,24,0.7465662975134263,2031
004/043-Cycling-4y-DHAPPQ-AL,25,0.7333462141671415,2031
004/043-Cycling-4y-DHAPPQ-AL,26,0.7666869468595738,2031
004/043-Cycling-4y-DHAPPQ-AL,27,0.7901690347325959,2031
004/043-Cycling-4y-DHAPPQ-AL,28,0.7692403189831277,2031
004/043-Cycling-4y-DHAPPQ-AL,29,0.7651828687995277,2031
004/043-Cycling-4y-DHAPPQ-AL,30,0.7496963752653968,2031
004/043-Cycling-4y-DHAPPQ-AL,31,0.7731668007157063,2031
004/043-Cycling-4y-DHAPPQ-AL,32,0.7682701913215152,2031
004/043-Cycling-4y-DHAPPQ-AL,33,0.7587961666196129,2031
004/043-Cycling-4y-DHAPPQ-AL,34,0.7785882479067622,2031
004/043-Cycling-4y-DHAPPQ-AL,35,0.7536424392591511,2031
004/043-Cycling-4y-DHAPPQ-AL,36,0.7666804271855826,2031
004/043-Cycling-4y-DHAPPQ-AL,37,0.7649805506005075,2031
004/043-Cycling-4y-DHAPPQ-AL,38,0.7511625156579994,2031
004/043-Cycling-4y-DHAPPQ-AL,39,0.7191217811985289,2031
004/043-Cycling-4y-DHAPPQ-AL,40,0.7386925636169864,2031
004/043-Cycling-4y-DHAPPQ-AL,41,0.7508329268345579,2031
004/043-Cycling-4y-DHAPPQ-AL,42,0.776488828174075,2031
004/043-Cycling-4y-DHAPPQ-AL,43,0.761692402364251,2031
004/043-Cycling-4y-DHAPPQ-AL,44,0.8005029323170648,2031
004/043-Cycling-4y-DHAPPQ-AL,45,0.7315013721662472,2031
004/043-Cycling-4y-DHAPPQ-AL,46,0.7615737437687962,2031
004/043-Cycling-4y-DHAPPQ-AL,47,0.7816843455537498,2031
004/043-Cycling-4y-DHAPPQ-AL,48,0.721445590776684,2031
004/043-Cycling-4y-DHAPPQ-AL,49,0.7591184893073443,2031
004/043-Cycling-4y-DHAPPQ-AL,50,0.775805272483724,2031
004/043-Cycling-4y-DHAPPQ-AL,51,0.7733177290440061,2031
004/043-Cycling-4y-DHAPPQ-AL,52,0.7902811623255809,2031
004/043-Cycling-4y-DHAPPQ-AL,53,0.7427754606720214,2031
004/043-Cycling-4y-DHAPPQ-AL,54,0.7720858640813179,2031
004/043-Cycling-4y-DHAPPQ-AL,55,0.7626060373486828,2031
004/043-Cycling-4y-DHAPPQ-AL,56,0.7840670988769438,2031
004/043-Cycling-4y-DHAPPQ-AL,57,0.7457984821827465,2031
004/043-Cycling-4y-DHAPPQ-AL,58,0.7790035333738464,2031
004/043-Cycling-4y-DHAPPQ-AL,59,0.7777775913212684,2031
004/043-Cycling-4y-DHAPPQ-AL,60,0.7480126726490289,2031
004/043-Cycling-4y-DHAPPQ-AL,61,0.7589286807879468,2031
004/043-Cycling-4y-DHAPPQ-AL,62,0.7626972428737008,2031
004/043-Cycling-4y-DHAPPQ-AL,63,0.7574651754157479,2031
004/043-Cycling-4y-DHAPPQ-AL,64,0.7574819523260342,2031
004/043-Cycling-4y-DHAPPQ-AL,65,0.7876454739733466,2031
004/043-Cycling-4y-DHAPPQ-AL,66,0.7580601810939025,2031
004/043-Cycling-4y-DHAPPQ-AL,67,0.7872033968750892,2031
004/043-Cycling-4y-DHAPPQ-AL,68,0.7477195371735129,2031
004/043-Cycling-4y-DHAPPQ-AL,69,0.7800943894795304,2031
004/043-Cycling-4y-DHAPPQ-AL,70,0.7491439999275603,2031
004/043-Cycling-4y-DHAPPQ-AL,71,0.7751790413838489,2031
004/043-Cycling-4y-DHAPPQ-AL,72,0.7539972138884755,2031
004/043-Cycling-4y-DHAPPQ-AL,73,0.7607690350770447,2031
004/043-Cycling-4y-DHAPPQ-AL,74,0.7421335371696781,2031
004/043-Cycling-4y-DHAPPQ-AL,75,0.7543505556874046,2031
004/043-Cycling-4y-DHAPPQ-AL,76,0.7420800105022677,2031
004/043-Cycling-4y-DHAPPQ-AL,77,0.7537900897754642,2031
004/043-Cycling-4y-DHAPPQ-AL,78,0.7790016454051186,2031
004/043-Cycling-4y-DHAPPQ-AL,79,0.7681551770531073,2031
004/043-Cycling-4y-DHAPPQ-AL,80,0.7729901849580033,2031
004/043-Cycling-4y-DHAPPQ-AL,81,0.7585774080486202,2031
004/043-Cycling-4y-DHAPPQ-AL,82,0.7465968429096792,2031
004/043-Cycling-4y-DHAPPQ-AL,83,0.7490915221436225,2031
004/043-Cycling-4y-DHAPPQ-AL,84,0.7435676525051873,2031
004/043-Cycling-4y-DHAPPQ-AL,85,0.7253371172426654,2031
004/043-Cycling-4y-DHAPPQ-AL,86,0.7506557645469218,2031
004/043-Cycling-4y-DHAPPQ-AL,87,0.8024707002425068,2031
004/043-Cycling-4y-DHAPPQ-AL,88,0.750881973794472,2031
004/043-Cycling-4y-DHAPPQ-AL,89,0.7843824250414464,2031
004/043-Cycling-4y-DHAPPQ-AL,90,0.78526152911122,2031
004/043-Cycling-4y-DHAPPQ-AL,91,0.780407673931231,2031
004/043-Cycling-4y-DHAPPQ-AL,92,0.7547616359495489,2031
004/043-Cycling-4y-DHAPPQ-AL,93,0.7393511970724885,2031
004/043-Cycling-4y-DHAPPQ-AL,94,0.7753904978623732,2031
004/043-Cycling-4y-DHAPPQ-AL,95,0.7662841420636971,2031
004/043-Cycling-4y-DHAPPQ-AL,96,0.7591345692111133,2031
004/043-Cycling-4y-DHAPPQ-AL,97,0.7611162485303417,2031
004/043-Cycling-4y-DHAPPQ-AL,98,0.75567510479152,2031
004/043-Cycling-4y-DHAPPQ-AL,99,0.7718041985749046,2031
004/044-Cycling-4y-DHAPPQ-ASAQ,0,0.6895629932112802,2031
004/044-Cycling-4y-DHAPPQ-ASAQ,1,0.7153847940034243,2031
004/044-Cycling-4y-DHAPPQ-ASAQ,2,0.7036173964860756,2031
004/044-Cycling-4y-DHAPPQ-ASAQ,3,0.6631484712348322,2031
004/044-Cycling-4y-DHAPPQ-ASAQ,4,0.6887206336468311,2031
004/044-Cycling-4y-DHAPPQ-ASAQ,5,0.6816242542578382,2031
004/044-Cycling-4y-DHAPPQ-ASAQ,6,0.726543473583832,2031
004/044-Cycling-4y-DHAPPQ-ASAQ,7,0.6930578635902255,2031
004/044-Cycling-4y-DHAPPQ-ASAQ,8,0.7277538825204171,2031
004/044-Cycling-4y-DHAPPQ-ASAQ,9,0.7114342223806562,2031
004/044-Cycling-4y-DHAPPQ-ASAQ,10,0.6952024448805584,2031
004/044-Cycling-4y-DHAPPQ-ASAQ,11,0.7246643451611811,2031
004/044-Cycling-4y-DHAPPQ-ASAQ,12,0.6792764829202965,2031
004/044-Cycling-4y-DHAPPQ-ASAQ,13,0.7071900471959202,2031
004/044-Cycling-4y-DHAPPQ-ASAQ,14,0.7025077768417448,2031
004/044-Cycling-4y-DHAPPQ-ASAQ,15,0.7035669220150691,2031
004/044-Cycling-4y-DHAPPQ-ASAQ,16,0.7057937757439791,2031
004/044-Cycling-4y-DHAPPQ-ASAQ,17,0.6973706846857213,2031
004/044-Cycling-4y-DHAPPQ-ASAQ,18,0.6874970122516987,2031
004/044-Cycling-4y-DHAPPQ-ASAQ,19,0.7018911655195718,2031
004/044-Cycling-4y-DHAPPQ-ASAQ,20,0.7209414177327287,2031
004/044-Cycling-4y-DHAPPQ-ASAQ,21,0.705495539349832,2031
004/044-Cycling-4y-DHAPPQ-ASAQ,22,0.7367943835486943,2031
004/044-Cycling-4y-DHAPPQ-ASAQ,23,0.7186556416951279,2031
004/044-Cycling-4y-DHAPPQ-ASAQ,24,0.6970520120317595,2031
004/044-Cycling-4y-DHAPPQ-ASAQ,25,0.6546461797485076,2031
004/044-Cycling-4y-DHAPPQ-ASAQ,26,0.708384860009803,2031
004/044-Cycling-4y-DHAPPQ-ASAQ,27,0.7327331488267187,2031
004/044-Cycling-4y-DHAPPQ-ASAQ,28,0.6629419763384938,2031
004/044-Cycling-4y-DHAPPQ-ASAQ,29,0.7049606967486661,2031
004/044-Cycling-4y-DHAPPQ-ASAQ,30,0.7039470330981924,2031
004/044-Cycling-4y-DHAPPQ-ASAQ,31,0.7156172329442687,2031
004/044-Cycling-4y-DHAPPQ-ASAQ,32,0.6828297353686428,2031
004/044-Cycling-4y-DHAPPQ-ASAQ,33,0.7025035715749867,2031
004/044-Cycling-4y-DHAPPQ-ASAQ,34,0.6987114480748917,2031
004/044-Cycling-4y-DHAPPQ-ASAQ,35,0.724220130481512,2031
004/044-Cycling-4y-DHAPPQ-ASAQ,36,0.7167085622784845,2031
004/044-Cycling-4y-DHAPPQ-ASAQ,37,0.7326260985137821,2031
004/044-Cycling-4y-DHAPPQ-ASAQ,38,0.6864958432550967,2031
004/044-Cycling-4y-DHAPPQ-ASAQ,39,0.6914320862024952,2031
004/044-Cycling-4y-DHAPPQ-ASAQ,40,0.7060803438537987,2031
004/044-Cycling-4y-DHAPPQ-ASAQ,41,0.7222172272393097,2031
004/044-Cycling-4y-DHAPPQ-ASAQ,42,0.7011011418878343,2031
004/044-Cycling-4y-DHAPPQ-ASAQ,43,0.6898108168119187,2031
004/044-Cycling-4y-DHAPPQ-ASAQ,44,0.7242873733681057,2031
004/044-Cycling-4y-DHAPPQ-ASAQ,45,0.7083954394488411,2031
004/044-Cycling-4y-DHAPPQ-ASAQ,46,0.715651225967514,2031
004/044-Cycling-4y-DHAPPQ-ASAQ,47,0.703000782723533,2031
004/044-Cycling-4y-DHAPPQ-ASAQ,48,0.7214332912870473,2031
004/044-Cycling-4y-DHAPPQ-ASAQ,49,0.7144629492709399,2031
004/044-Cycling-4y-DHAPPQ-ASAQ,50,0.7189305611156365,2031
004/044-Cycling-4y-DHAPPQ-ASAQ,51,0.681986392063147,2031
004/044-Cycling-4y-DHAPPQ-ASAQ,52,0.7070345012305773,2031
004/044-Cycling-4y-DHAPPQ-ASAQ,53,0.703593410077501,2031
004/044-Cycling-4y-DHAPPQ-ASAQ,54,0.7069524366749929,2031
004/044-Cycling-4y-DHAPPQ-ASAQ,55,0.7087204557387895,2031
004/044-Cycling-4y-DHAPPQ-ASAQ,56,0.6851399662315069,2031
004/044-Cycling-4y-DHAPPQ-ASAQ,57,0.6832500398124347,2031
004/044-Cycling-4y-DHAPPQ-ASAQ,58,0.6985802951699949,2031
004/044-Cycling-4y-DHAPPQ-ASAQ,59,0.7157229353015074,2031
004/044-Cycling-4y-DHAPPQ-ASAQ,60,0.7233524322699042,2031
004/044-Cycling-4y-DHAPPQ-ASAQ,61,0.7306837900715951,2031
004/044-Cycling-4y-DHAPPQ-ASAQ,62,0.7190049351902803,2031
004/044-Cycling-4y-DHAPPQ-ASAQ,63,0.7274707354092279,2031
004/044-Cycling-4y-DHAPPQ-ASAQ,64,0.7117005660014252,2031
004/044-Cycling-4y-DHAPPQ-ASAQ,65,0.7135730865904688,2031
004/044-Cycling-4y-DHAPPQ-ASAQ,66,0.7185377060051922,2031
004/044-Cycling-4y-DHAPPQ-ASAQ,67,0.6859535216988215,2031
004/044-Cycling-4y-DHAPPQ-ASAQ,68,0.7174958803915299,2031
004/044-Cycling-4y-DHAPPQ-ASAQ,69,0.6994242295677017,2031
004/044-Cycling-4y-DHAPPQ-ASAQ,70,0.7251042087404557,2031
004/044-Cycling-4y-DHAPPQ-ASAQ,71,0.7083371436911777,2031
004/044-Cycling-4y-DHAPPQ-ASAQ,72,0.7154430237654946,2031
004/044-Cycling-4y-DHAPPQ-ASAQ,73,0.6991127978923625,2031
004/044-Cycling-4y-DHAPPQ-ASAQ,74,0.7109671991515834,2031
004/044-Cycling-4y-DHAPPQ-ASAQ,75,0.7112773071727726,2031
004/044-Cycling-4y-DHAPPQ-ASAQ,76,0.6934441997523977,2031
004/044-Cycling-4y-DHAPPQ-ASAQ,77,0.6646229833852558,2031
004/044-Cycling-4y-DHAPPQ-ASAQ,78,0.7311245325560467,2031
004/044-Cycling-4y-DHAPPQ-ASAQ,79,0.7037060093504909,2031
004/044-Cycling-4y-DHAPPQ-ASAQ,80,0.6908718348198405,2031
004/044-Cycling-4y-DHAPPQ-ASAQ,81,0.7102535811777559,2031
004/044-Cycling-4y-DHAPPQ-ASAQ,82,0.7126830582783014,2031
004/044-Cycling-4y-DHAPPQ-ASAQ,83,0.7319312142110125,2031
004/044-Cycling-4y-DHAPPQ-ASAQ,84,0.6583397069816733,2031
004/044-Cycling-4y-DHAPPQ-ASAQ,85,0.6782721207736578,2031
004/044-Cycling-4y-DHAPPQ-ASAQ,86,0.7326995094368084,2031
004/044-Cycling-4y-DHAPPQ-ASAQ,87,0.7054580493156011,2031
004/044-Cycling-4y-DHAPPQ-ASAQ,88,0.7204960431159565,2031
004/044-Cycling-4y-DHAPPQ-ASAQ,89,0.7281700993601475,2031
004/044-Cycling-4y-DHAPPQ-ASAQ,90,0.6961632270813959,2031
004/044-Cycling-4y-DHAPPQ-ASAQ,91,0.6773501533457412,2031
004/044-Cycling-4y-DHAPPQ-ASAQ,92,0.6967885555411345,2031
004/044-Cycling-4y-DHAPPQ-ASAQ,93,0.6781482785986501,2031
004/044-Cycling-4y-DHAPPQ-ASAQ,94,0.7049492463392557,2031
004/044-Cycling-4y-DHAPPQ-ASAQ,95,0.7176088371190942,2031
004/044-Cycling-4y-DHAPPQ-ASAQ,96,0.705031013520894,2031
004/044-Cycling-4y-DHAPPQ-ASAQ,97,0.7216297442235327,2031
004/044-Cycling-4y-DHAPPQ-ASAQ,98,0.6981682081762536,2031
004/044-Cycling-4y-DHAPPQ-ASAQ,99,0.7331393588908358,2031
004/045-Cycling-4y-AL-ASAQ-DHAPPQ,0,0.7678013343541391,2031
004/045-Cycling-4y-AL-ASAQ-DHAPPQ,1,0.7373375661324552,2031
004/045-Cycling-4y-AL-ASAQ-DHAPPQ,2,0.7714803628721544,2031
004/045-Cycling-4y-AL-ASAQ-DHAPPQ,3,0.7444460675951815,2031
004/045-Cycling-4y-AL-ASAQ-DHAPPQ,4,0.7635716777120618,2031
004/045-Cycling-4y-AL-ASAQ-DHAPPQ,5,0.7737983918576239,2031
004/045-Cycling-4y-AL-ASAQ-DHAPPQ,6,0.7390590785594205,2031
004/045-Cycling-4y-AL-ASAQ-DHAPPQ,7,0.7274365176768125,2031
004/045-Cycling-4y-AL-ASAQ-DHAPPQ,8,0.7129964874102758,2031
004/045-Cycling-4y-AL-ASAQ-DHAPPQ,9,0.7589136397843829,2031
004/045-Cycling-4y-AL-ASAQ-DHAPPQ,10,0.7670976508760557,2031
004/045-Cycling-4y-AL-ASAQ-DHAPPQ,11,0.7597801952283666,2031
004/045-Cycling-4y-AL-ASAQ-DHAPPQ,12,0.7946319574490562,2031
004/045-Cycling-4y-AL-ASAQ-DHAPPQ,13,0.7714018838022065,2031
004/045-Cycling-4y-AL-ASAQ-DHAPPQ,14,0.7622202077983316,2031
004/045-Cycling-4y-AL-ASAQ-DHAPPQ,15,0.7381837171568009,2031
004/045-Cycling-4y-AL-ASAQ-DHAPPQ,16,0.7480230410651624,2031
004/045-Cycling-4y-AL-ASAQ-DHAPPQ,17,0.7551454583100924,2031
004/045-Cycling-4y-AL-ASAQ-DHAPPQ,18,0.7448286021667033,2031
004/045-Cycling-4y-AL-ASAQ-DHAPPQ,19,0.7438498058847592,2031
004/045-Cycling-4y-AL-ASAQ-DHAPPQ,20,0.7537602376350528,2031
004/045-Cycling-4y-AL-ASAQ-DHAPPQ,21,0.738834240967985,2031
004/045-Cycling-4y-AL-ASAQ-DHAPPQ,22,0.7448931514614832,2031
004/045-Cycling-4y-AL-ASAQ-DHAPPQ,23,0.7290205813140309,2031
004/045-Cycling-4y-AL-ASAQ-DHAPPQ,24,0.7568462905012043,2031
004/045-Cycling-4y-AL-ASAQ-DHAPPQ,25,0.7632979698580771,2031
004/045-Cycling-4y-AL-ASAQ-DHAPPQ,26,0.741077996613852,2031
004/045-Cycling-4y-AL-ASAQ-DHAPPQ,27,0.7787310090247527,2031
004/045-Cycling-4y-AL-ASAQ-DHAPPQ,28,0.7688438803351113,2031
004/045-Cycling-4y-AL-ASAQ-DHAPPQ,29,0.7329406950677338,2031
004/045-Cycling-4y-AL-ASAQ-DHAPPQ,30,0.7656196944535534,2031
004/045-Cycling-4y-AL-ASAQ-DHAPPQ,31,0.7288295720782645,2031
004/045-Cycling-4y-AL-ASAQ-DHAPPQ,32,0.7640782546775472,2031
004/045-Cycling-4y-AL-ASAQ-DHAPPQ,33,0.7607542909938426,2031
004/045-Cycling-4y-AL-ASAQ-DHAPPQ,34,0.7593193201970617,2031
004/045-Cycling-4y-AL-ASAQ-DHAPPQ,35,0.7370483249690026,2031
004/045-Cycling-4y-AL-ASAQ-DHAPPQ,36,0.7550279779959647,2031
004/045-Cycling-4y-AL-ASAQ-DHAPPQ,37,0.75814828779718,2031
004/045-Cycling-4y-AL-ASAQ-DHAPPQ,38,0.7597289520352293,2031
004/045-Cycling-4y-AL-ASAQ-DHAPPQ,39,0.7378808248379772,2031
004/045-Cycling-4y-AL-ASAQ-DHAPPQ,40,0.7427096903109724,2031
004/045-Cycling-4y-AL-ASAQ-DHAPPQ,41,0.7234084608206102,2031
004/045-Cycling-4y-AL-ASAQ-DHAPPQ,42,0.7429013787378468,2031
004/045-Cycling-4y-AL-ASAQ-DHAPPQ,43,0.7765107657495508,2031
004/045-Cycling-4y-AL-ASAQ-DHAPPQ,44,0.7356392732392122,2031
004/045-Cycling-4y-AL-ASAQ-DHAPPQ,45,0.7427514607432252,2031
004/045-Cycling-4y-AL-ASAQ-DHAPPQ,46,0.7384234064633572,2031
004/045-Cycling-4y-AL-ASAQ-DHAPPQ,47,0.7626745887178221,2031
004/045-Cycling-4y-AL-ASAQ-DHAPPQ,48,0.7662302233052865,2031
004/045-Cycling-4y-AL-ASAQ-DHAPPQ,49,0.7352319239450708,2031
004/045-Cycling-4y-AL-ASAQ-DHAPPQ,50,0.7339436533761331,2031
004/045-Cycling-4y-AL-ASAQ-DHAPPQ,51,0.737085262931484,2031
004/045-Cycling-4y-AL-ASAQ-DHAPPQ,52,0.7944775106309909,2031
004/045-Cycling-4y-AL-ASAQ-DHAPPQ,53,0.7281619481699596,2031
004/045-Cycling-4y-AL-ASAQ-DHAPPQ,54,0.7464916460274008,2031
004/045-Cycling-4y-AL-ASAQ-DHAPPQ,55,0.7418668336331017,2031
004/045-Cycling-4y-AL-ASAQ-DHAPPQ,56,0.7524167387964816,2031
004/045-Cycling-4y-AL-ASAQ-DHAPPQ,57,0.7770802371444074,2031
004/045-Cycling-4y-AL-ASAQ-DHAPPQ,58,0.7584363144578329,2031
004/045-Cycling-4y-AL-ASAQ-DHAPPQ,59,0.7492013035387936,2031
004/045-Cycling-4y-AL-ASAQ-DHAPPQ,60,0.7249318320824569,2031
004/045-Cycling-4y-AL-ASAQ-DHAPPQ,61,0.7541998318036738,2031
004/045-Cycling-4y-AL-ASAQ-DHAPPQ,62,0.7487609329344806,2031
004/045-Cycling-4y-AL-ASAQ-DHAPPQ,63,0.7711327803188998,2031
004/045-Cycling-4y-AL-ASAQ-DHAPPQ,64,0.7598973424909574,2031
004/045-Cycling-4y-AL-ASAQ-DHAPPQ,65,0.7500788480900545,2031
004/045-Cycling-4y-AL-ASAQ-DHAPPQ,66,0.7201579216333928,2031
004/045-Cycling-4y-AL-ASAQ-DHAPPQ,67,0.7648881411778928,2031
004/045-Cycling-4y-AL-ASAQ-DHAPPQ,68,0.7980019324555897,2031
004/045-Cycling-4y-AL-ASAQ-DHAPPQ,69,0.7426129207373696,2031
004/045-Cycling-4y-AL-ASAQ-DHAPPQ,70,0.7660531528543784,2031
004/045-Cycling-4y-AL-ASAQ-DHAPPQ,71,0.7581701270681779,2031
004/045-Cycling-4y-AL-ASAQ-DHAPPQ,72,0.7577836001600587,2031
004/045-Cycling-4y-AL-ASAQ-DHAPPQ,73,0.7577682912337051,2031
004/045-Cycling-4y-AL-ASAQ-DHAPPQ,74,0.7871176432259256,2031
004/045-Cycling-4y-AL-ASAQ-DHAPPQ,75,0.722590066417779,2031
004/045-Cycling-4y-AL-ASAQ-DHAPPQ,76,0.7656892969323499,2031
004/045-Cycling-4y-AL-ASAQ-DHAPPQ,77,0.7550031891595292,2031
004/045-Cycling-4y-AL-ASAQ-DHAPPQ,78,0.7479777562332875,2031
004/045-Cycling-4y-AL-ASAQ-DHAPPQ,79,0.7627009083010216,2031
004/045-Cycling-4y-AL-ASAQ-DHAPPQ,80,0.7666854193731897,2031
004/045-Cycling-4y-AL-ASAQ-DHAPPQ,81,0.7530004391741204,2031
004/045-Cycling-4y-AL-ASAQ-DHAPPQ,82,0.7430862116389244,2031
004/045-Cycling-4y-AL-ASAQ-DHAPPQ,83,0.7332882205369226,2031
004/045-Cycling-4y-AL-ASAQ-DHAPPQ,84,0.7515529314814491,2031
004/045-Cycling-4y-AL-ASAQ-DHAPPQ,85,0.7506225794752902,2031
004/045-Cycling-4y-AL-ASAQ-DHAPPQ,86,0.7567675245965692,2031
004/045-Cycling-4y-AL-ASAQ-DHAPPQ,87,0.7542505981266275,2031
004/045-Cycling-4y-AL-ASAQ-DHAPPQ,88,0.7306047189478666,2031
004/045-Cycling-4y-AL-ASAQ-DHAPPQ,89,0.7751779150399862,2031
004/045-Cycling-4y-AL-ASAQ-DHAPPQ,90,0.7371140043891132,2031
004/045-Cycling-4y-AL-ASAQ-DHAPPQ,91,0.74011502342235,2031
004/045-Cycling-4y-AL-ASAQ-DHAPPQ,92,0.7706083313119579,2031
004/045-Cycling-4y-AL-ASAQ-DHAPPQ,93,0.7359069803692774,2031
004/045-Cycling-4y-AL-ASAQ-DHAPPQ,94,0.7581707492644139,2031
004/045-Cycling-4y-AL-ASAQ-DHAPPQ,95,0.7743471149026279,2031
004/045-Cycling-4y-AL-ASAQ-DHAPPQ,96,0.7316855123079362,2031
004/045-Cycling-4y-AL-ASAQ-DHAPPQ,97,0.7325433729942467,2031
004/045-Cycling-4y-AL-ASAQ-DHAPPQ,98,0.7482082336168192,2031
004/045-Cycling-4y-AL-ASAQ-DHAPPQ,99,0.725549998742803,2031
004/046-Cycling-4y-AL-DHAPPQ-ASAQ,0,0.7359018036493136,2031
004/046-Cycling-4y-AL-DHAPPQ-ASAQ,1,0.7734524577592837,2031
004/046-Cycling-4y-AL-DHAPPQ-ASAQ,2,0.7557315276119891,2031
004/046-Cycling-4y-AL-DHAPPQ-ASAQ,3,0.7451813190324422,2031
004/046-Cycling-4y-AL-DHAPPQ-ASAQ,4,0.7666484074860032,2031
004/046-Cycling-4y-AL-DHAPPQ-ASAQ,5,0.7502876763625265,2031
004/046-Cycling-4y-AL-DHAPPQ-ASAQ,6,0.7703769459606195,2031
004/046-Cycling-4y-AL-DHAPPQ-ASAQ,7,0.762123935604377,2031
004/046-Cycling-4y-AL-DHAPPQ-ASAQ,8,0.7308854476315932,2031
004/046-Cycling-4y-AL-DHAPPQ-ASAQ,9,0.7483733183828978,2031
004/046-Cycling-4y-AL-DHAPPQ-ASAQ,10,0.7559837894616092,2031
004/046-Cycling-4y-AL-DHAPPQ-ASAQ,11,0.7641970889442188,2031
004/046-Cycling-4y-AL-DHAPPQ-ASAQ,12,0.7576371039697284,2031
004/046-Cycling-4y-AL-DHAPPQ-ASAQ,13,0.7454016107921223,2031
004/046-Cycling-4y-AL-DHAPPQ-ASAQ,14,0.7667480567907429,2031
004/046-Cycling-4y-AL-DHAPPQ-ASAQ,15,0.7565696310948374,2031
004/046-Cycling-4y-AL-DHAPPQ-ASAQ,16,0.7653437018753241,2031
004/046-Cycling-4y-AL-DHAPPQ-ASAQ,17,0.7582388183177344,2031
004/046-Cycling-4y-AL-DHAPPQ-ASAQ,18,0.7382336470587075,2031
004/046-Cycling-4y-AL-DHAPPQ-ASAQ,19,0.7859029522719605,2031
004/046-Cycling-4y-AL-DHAPPQ-ASAQ,20,0.7619294032159486,2031
004/046-Cycling-4y-AL-DHAPPQ-ASAQ,21,0.7622731124136054,2031
004/046-Cycling-4y-AL-DHAPPQ-ASAQ,22,0.7476747918142284,2031
004/046-Cycling-4y-AL-DHAPPQ-ASAQ,23,0.763327008558194,2031
004/046-Cycling-4y-AL-DHAPPQ-ASAQ,24,0.7764963163222393,2031
004/046-Cycling-4y-AL-DHAPPQ-ASAQ,25,0.7811742816525835,2031
004/046-Cycling-4y-AL-DHAPPQ-ASAQ,26,0.7483179745284744,2031
004/046-Cycling-4y-AL-DHAPPQ-ASAQ,27,0.7602156129522687,2031
004/046-Cycling-4y-AL-DHAPPQ-ASAQ,28,0.7714695659276573,2031
004/046-Cycling-4y-AL-DHAPPQ-ASAQ,29,0.7554367429933477,2031
004/046-Cycling-4y-AL-DHAPPQ-ASAQ,30,0.7934981483617337,2031
004/046-Cycling-4y-AL-DHAPPQ-ASAQ,31,0.7846620488842837,2031
004/046-Cycling-4y-AL-DHAPPQ-ASAQ,32,0.7671738309712656,2031
004/046-Cycling-4y-AL-DHAPPQ-ASAQ,33,0.7614635248450666,2031
004/046-Cycling-4y-AL-DHAPPQ-ASAQ,34,0.7689206955956669,2031
004/046-Cycling-4y-AL-DHAPPQ-ASAQ,35,0.7714139286772094,2031
004/046-Cycling-4y-AL-DHAPPQ-ASAQ,36,0.7761269032164062,2031
004/046-Cycling-4y-AL-DHAPPQ-ASAQ,37,0.7564599115929701,2031
004/046-Cycling-4y-AL-DHAPPQ-ASAQ,38,0.7984852149871177,2031
004/046-Cycling-4y-AL-DHAPPQ-ASAQ,39,0.7559191077966219,2031
004/046-Cycling-4y-AL-DHAPPQ-ASAQ,40,0.7763312334105223,2031
004/046-Cycling-4y-AL-DHAPPQ-ASAQ,41,0.7447062707202675,2031
004/046-Cycling-4y-AL-DHAPPQ-ASAQ,42,0.7796931931773606,2031
004/046-Cycling-4y-AL-DHAPPQ-ASAQ,43,0.7851704028058394,2031
004/046-Cycling-4y-AL-DHAPPQ-ASAQ,44,0.7784089394608059,2031
004/046-Cycling-4y-AL-DHAPPQ-ASAQ,45,0.7662680187955734,2031
004/046-Cycling-4y-AL-DHAPPQ-ASAQ,46,0.7545419206709049,2031
004/046-Cycling-4y-AL-DHAPPQ-ASAQ,47,0.7640651646034745,2031
004/046-Cycling-4y-AL-DHAPPQ-ASAQ,48,0.7484223758907738,2031
004/046-Cycling-4y-AL-DHAPPQ-ASAQ,49,0.7952058518705477,2031
004/046-Cycling-4y-AL-DHAPPQ-ASAQ,50,0.7902992522885738,2031
004/046-Cycling-4y-AL-DHAPPQ-ASAQ,51,0.7684352097945181,2031
004/046-Cycling-4y-AL-DHAPPQ-ASAQ,52,0.7761250417019715,2031
004/046-Cycling-4y-AL-DHAPPQ-ASAQ,53,0.7649062539016055,2031
004/046-Cycling-4y-AL-DHAPPQ-ASAQ,54,0.7605345753868411,2031
004/046-Cycling-4y-AL-DHAPPQ-ASAQ,55,0.7590139535384125,2031
004/046-Cycling-4y-AL-DHAPPQ-ASAQ,56,0.6944912755177928,2031
004/046-Cycling-4y-AL-DHAPPQ-ASAQ,57,0.7505721122838579,2031
004/046-Cycling-4y-AL-DHAPPQ-ASAQ,58,0.7580524065613523,2031
004/046-Cycling-4y-AL-DHAPPQ-ASAQ,59,0.754349119241987,2031
004/046-Cycling-4y-AL-DHAPPQ-ASAQ,60,0.7517417135397079,2031
004/046-Cycling-4y-AL-DHAPPQ-ASAQ,61,0.756885253156272,2031
004/046-Cycling-4y-AL-DHAPPQ-ASAQ,62,0.7960019138911658,2031
004/046-Cycling-4y-AL-DHAPPQ-ASAQ,63,0.7686180318712035,2031
004/046-Cycling-4y-AL-DHAPPQ-ASAQ,64,0.7574669093262579,2031
004/046-Cycling-4y-AL-DHAPPQ-ASAQ,65,0.7746776755043937,2031
004/046-Cycling-4y-AL-DHAPPQ-ASAQ,66,0.7789756197540522,2031
004/046-Cycling-4y-AL-DHAPPQ-ASAQ,67,0.7660777908021553,2031
004/046-Cycling-4y-AL-DHAPPQ-ASAQ,68,0.7591836897732361,2031
004/046-Cycling-4y-AL-DHAPPQ-ASAQ,69,0.7666693898824125,2031
004/046-Cycling-4y-AL-DHAPPQ-ASAQ,70,0.7650222845293668,2031
004/046-Cycling-4y-AL-DHAPPQ-ASAQ,71,0.7526121311655108,2031
004/046-Cycling-4y-AL-DHAPPQ-ASAQ,72,0.7628403488976963,2031
004/046-Cycling-4y-AL-DHAPPQ-ASAQ,73,0.7579611867866517,2031
004/046-Cycling-4y-AL-DHAPPQ-ASAQ,74,0.7495477048468319,2031
004/046-Cycling-4y-AL-DHAPPQ-ASAQ,75,0.7433725389640998,2031
004/046-Cycling-4y-AL-DHAPPQ-ASAQ,76,0.7535323480980424,2031
004/046-Cycling-4y-AL-DHAPPQ-ASAQ,77,0.8012320400416625,2031
004/046-Cycling-4y-AL-DHAPPQ-ASAQ,78,0.7417921236616697,2031
004/046-Cycling-4y-AL-DHAPPQ-ASAQ,79,0.7222667954704808,2031
004/046-Cycling-4y-AL-DHAPPQ-ASAQ,80,0.7646703938248933,2031
004/046-Cycling-4y-AL-DHAPPQ-ASAQ,81,0.7316064957051108,2031
004/046-Cycling-4y-AL-DHAPPQ-ASAQ,82,0.7542687816771769,2031
004/046-Cycling-4y-AL-DHAPPQ-ASAQ,83,0.7635913832859237,2031
004/046-Cycling-4y-AL-DHAPPQ-ASAQ,84,0.7683459811374509,2031
004/046-Cycling-4y-AL-DHAPPQ-ASAQ,85,0.7542028123226606,2031
004/046-Cycling-4y-AL-DHAPPQ-ASAQ,86,0.817524001650474,2031
004/046-Cycling-4y-AL-DHAPPQ-ASAQ,87,0.7640104271163689,2031
004/046-Cycling-4y-AL-DHAPPQ-ASAQ,88,0.7523609420651828,2031
004/046-Cycling-4y-AL-DHAPPQ-ASAQ,89,0.7778092615396547,2031
004/046-Cycling-4y-AL-DHAPPQ-ASAQ,90,0.7480567820791107,2031
004/046-Cycling-4y-AL-DHAPPQ-ASAQ,91,0.7723745130140961,2031
004/046-Cycling-4y-AL-DHAPPQ-ASAQ,92,0.7911494911782965,2031
004/046-Cycling-4y-AL-DHAPPQ-ASAQ,93,0.7689743423490013,2031
004/046-Cycling-4y-AL-DHAPPQ-ASAQ,94,0.8095234596372816,2031
004/046-Cycling-4y-AL-DHAPPQ-ASAQ,95,0.7324625191559576,2031
004/046-Cycling-4y-AL-DHAPPQ-ASAQ,96,0.7340717335672706,2031
004/046-Cycling-4y-AL-DHAPPQ-ASAQ,97,0.7492043900308719,2031
004/046-Cycling-4y-AL-DHAPPQ-ASAQ,98,0.8076300275931279,2031
004/046-Cycling-4y-AL-DHAPPQ-ASAQ,99,0.7761452064152005,2031
004/047-Cycling-4y-ASAQ-AL-DHAPPQ,0,0.7161104208288434,2031
004/047-Cycling-4y-ASAQ-AL-DHAPPQ,1,0.7349795206800375,2031
004/047-Cycling-4y-ASAQ-AL-DHAPPQ,2,0.6929366294880616,2031
004/047-Cycling-4y-ASAQ-AL-DHAPPQ,3,0.7080809331275878,2031
004/047-Cycling-4y-ASAQ-AL-DHAPPQ,4,0.6907456342390876,2031
004/047-Cycling-4y-ASAQ-AL-DHAPPQ,5,0.6924804829713093,2031
004/047-Cycling-4y-ASAQ-AL-DHAPPQ,6,0.718871786983741,2031
004/047-Cycling-4y-ASAQ-AL-DHAPPQ,7,0.6781822387171581,2031
004/047-Cycling-4y-ASAQ-AL-DHAPPQ,8,0.7029799382016461,2031
004/047-Cycling-4y-ASAQ-AL-DHAPPQ,9,0.717129240005251,2031
004/047-Cycling-4y-ASAQ-AL-DHAPPQ,10,0.719130051867694,2031
004/047-Cycling-4y-ASAQ-AL-DHAPPQ,11,0.7296473839446947,2031
004/047-Cycling-4y-ASAQ-AL-DHAPPQ,12,0.7132720059853487,2031
004/047-Cycling-4y-ASAQ-AL-DHAPPQ,13,0.7448709968930096,2031
004/047-Cycling-4y-ASAQ-AL-DHAPPQ,14,0.709742949374156,2031
004/047-Cycling-4y-ASAQ-AL-DHAPPQ,15,0.7244816621160148,2031
004/047-Cycling-4y-ASAQ-AL-DHAPPQ,16,0.7299834191707094,2031
004/047-Cycling-4y-ASAQ-AL-DHAPPQ,17,0.6882241867407798,2031
004/047-Cycling-4y-ASAQ-AL-DHAPPQ,18,0.6994724224045902,2031
004/047-Cycling-4y-ASAQ-AL-DHAPPQ,19,0.7223675791608097,2031
004/047-Cycling-4y-ASAQ-AL-DHAPPQ,20,0.7155277166632482,2031
004/047-Cycling-4y-ASAQ-AL-DHAPPQ,21,0.7089443790681741,2031
004/047-Cycling-4y-ASAQ-AL-DHAPPQ,22,0.7114236133648474,2031
004/047-Cycling-4y-ASAQ-AL-DHAPPQ,23,0.7177160832291446,2031
004/047-Cycling-4y-ASAQ-AL-DHAPPQ,24,0.7314573870932564,2031
004/047-Cycling-4y-ASAQ-AL-DHAPPQ,25,0.7140455160979896,2031
004/047-Cycling-4y-ASAQ-AL-DHAPPQ,26,0.7359482352311009,2031
004/047-Cycling-4y-ASAQ-AL-DHAPPQ,27,0.6912917429063753,2031
004/047-Cycling-4y-ASAQ-AL-DHAPPQ,28,0.6790499229517595,2031
004/047-Cycling-4y-ASAQ-AL-DHAPPQ,29,0.7035509860532074,2031
004/047-Cycling-4y-ASAQ-AL-DHAPPQ,30,0.7234382965548471,2031
004/047-Cycling-4y-ASAQ-AL-DHAPPQ,31,0.7433871397114798,2031
004/047-Cycling-4y-ASAQ-AL-DHAPPQ,32,0.7091100744039212,2031
004/047-Cycling-4y-ASAQ-AL-DHAPPQ,33,0.7133073697185961,2031
004/047-Cycling-4y-ASAQ-AL-DHAPPQ,34,0.7245379661413135,2031
004/047-Cycling-4y-ASAQ-AL-DHAPPQ,35,0.7181906867618241,2031
004/047-Cycling-4y-ASAQ-AL-DHAPPQ,36,0.7203038583492406,2031
004/047-Cycling-4y-ASAQ-AL-DHAPPQ,37,0.7027359764088993,2031
004/047-Cycling-4y-ASAQ-AL-DHAPPQ,38,0.7182376453697823,2031
004/047-Cycling-4y-ASAQ-AL-DHAPPQ,39,0.7133269408217263,2031
004/047-Cycling-4y-ASAQ-AL-DHAPPQ,40,0.7218977708375057,2031
004/047-Cycling-4y-ASAQ-AL-DHAPPQ,41,0.718413645571419,2031
004/047-Cycling-4y-ASAQ-AL-DHAPPQ,42,0.7194073276166267,2031
004/047-Cycling-4y-ASAQ-AL-DHAPPQ,43,0.7045308226342208,2031
004/047-Cycling-4y-ASAQ-AL-DHAPPQ,44,0.7414829725946687,2031
004/047-Cycling-4y-ASAQ-AL-DHAPPQ,45,0.7026667684451936,2031
004/047-Cycling-4y-ASAQ-AL-DHAPPQ,46,0.7131412260949284,2031
004/047-Cycling-4y-ASAQ-AL-DHAPPQ,47,0.7234903532157487,2031
004/047-Cycling-4y-ASAQ-AL-DHAPPQ,48,0.7377403298898831,2031
004/047-Cycling-4y-ASAQ-AL-DHAPPQ,49,0.7173849805401362,2031
004/047-Cycling-4y-ASAQ-AL-DHAPPQ,50,0.7153810379340432,2031
004/047-Cycling-4y-ASAQ-AL-DHAPPQ,51,0.7191994636584765,2031
004/047-Cycling-4y-ASAQ-AL-DHAPPQ,52,0.7086757788402016,2031
004/047-Cycling-4y-ASAQ-AL-DHAPPQ,53,0.7079997845326281,2031
004/047-Cycling-4y-ASAQ-AL-DHAPPQ,54,0.6963116559034024,2031
004/047-Cycling-4y-ASAQ-AL-DHAPPQ,55,0.7118070495332719,2031
004/047-Cycling-4y-ASAQ-AL-DHAPPQ,56,0.7202944430879156,2031
004/047-Cycling-4y-ASAQ-AL-DHAPPQ,57,0.7111436120273632,2031
004/047-Cycling-4y-ASAQ-AL-DHAPPQ,58,0.7051452024869023,2031
004/047-Cycling-4y-ASAQ-AL-DHAPPQ,59,0.7332892371803247,2031
004/047-Cycling-4y-ASAQ-AL-DHAPPQ,60,0.684754641254195,2031
004/047-Cycling-4y-ASAQ-AL-DHAPPQ,61,0.7074132694167621,2031
004/047-Cycling-4y-ASAQ-AL-DHAPPQ,62,0.7174854033264856,2031
004/047-Cycling-4y-ASAQ-AL-DHAPPQ,63,0.7127470930707404,2031
004/047-Cycling-4y-ASAQ-AL-DHAPPQ,64,0.6888794881461857,2031
004/047-Cycling-4y-ASAQ-AL-DHAPPQ,65,0.7102125850514985,2031
004/047-Cycling-4y-ASAQ-AL-DHAPPQ,66,0.7101778278501971,2031
004/047-Cycling-4y-ASAQ-AL-DHAPPQ,67,0.7370004211743706,2031
004/047-Cycling-4y-ASAQ-AL-DHAPPQ,68,0.696571956870979,2031
004/047-Cycling-4y-ASAQ-AL-DHAPPQ,69,0.700685625276901,2031
004/047-Cycling-4y-ASAQ-AL-DHAPPQ,70,0.7167119167231911,2031
004/047-Cycling-4y-ASAQ-AL-DHAPPQ,71,0.7099725009346791,2031
004/047-Cycling-4y-ASAQ-AL-DHAPPQ,72,0.6963916005234861,2031
004/047-Cycling-4y-ASAQ-AL-DHAPPQ,73,0.7313535572613844,2031
004/047-Cycling-4y-ASAQ-AL-DHAPPQ,74,0.7078770946395044,2031
004/047-Cycling-4y-ASAQ-AL-DHAPPQ,75,0.7273499227809102,2031
004/047-Cycling-4y-ASAQ-AL-DHAPPQ,76,0.7213394707068775,2031
004/047-Cycling-4y-ASAQ-AL-DHAPPQ,77,0.6849524964921837,2031
004/047-Cycling-4y-ASAQ-AL-DHAPPQ,78,0.734075820543434,2031
004/047-Cycling-4y-ASAQ-AL-DHAPPQ,79,0.7008528738190045,2031
004/047-Cycling-4y-ASAQ-AL-DHAPPQ,80,0.7168312103891522,2031
004/047-Cycling-4y-ASAQ-AL-DHAPPQ,81,0.7071665757617497,2031
004/047-Cycling-4y-ASAQ-AL-DHAPPQ,82,0.7059914932559792,2031
004/047-Cycling-4y-ASAQ-AL-DHAPPQ,83,0.6983651422471029,2031
004/047-Cycling-4y-ASAQ-AL-DHAPPQ,84,0.7183501742272439,2031
004/047-Cycling-4y-ASAQ-AL-DHAPPQ,85,0.6929642655461064,2031
004/047-Cycling-4y-ASAQ-AL-DHAPPQ,86,0.7077855548713807,2031
004/047-Cycling-4y-ASAQ-AL-DHAPPQ,87,0.7030081895442796,2031
004/047-Cycling-4y-ASAQ-AL-DHAPPQ,88,0.7346767533090394,2031
004/047-Cycling-4y-ASAQ-AL-DHAPPQ,89,0.6901040122461682,2031
004/047-Cycling-4y-ASAQ-AL-DHAPPQ,90,0.7079640323099339,2031
004/047-Cycling-4y-ASAQ-AL-DHAPPQ,91,0.6982872813901063,2031
004/047-Cycling-4y-ASAQ-AL-DHAPPQ,92,0.7223328523700157,2031
004/047-Cycling-4y-ASAQ-AL-DHAPPQ,93,0.7131265209517191,2031
004/047-Cycling-4y-ASAQ-AL-DHAPPQ,94,0.7290350012927446,2031
004/047-Cycling-4y-ASAQ-AL-DHAPPQ,95,0.6947339079902058,2031
004/047-Cycling-4y-ASAQ-AL-DHAPPQ,96,0.7041326130000357,2031
004/047-Cycling-4y-ASAQ-AL-DHAPPQ,97,0.7393009074277969,2031
004/047-Cycling-4y-ASAQ-AL-DHAPPQ,98,0.7194169835731933,2031
004/047-Cycling-4y-ASAQ-AL-DHAPPQ,99,0.6813545222892139,2031
004/048-Cycling-4y-ASAQ-DHAPPQ-AL,0,0.6634715553853469,2031
004/048-Cycling-4y-ASAQ-DHAPPQ-AL,1,0.6719544887308587,2031
004/048-Cycling-4y-ASAQ-DHAPPQ-AL,2,0.684997958197953,2031
004/048-Cycling-4y-ASAQ-DHAPPQ-AL,3,0.6486296302108762,2031
004/048-Cycling-4y-ASAQ-DHAPPQ-AL,4,0.6673401014213574,2031
004/048-Cycling-4y-ASAQ-DHAPPQ-AL,5,0.6725737367102571,2031
004/048-Cycling-4y-ASAQ-DHAPPQ-AL,6,0.6963219768933978,2031
004/048-Cycling-4y-ASAQ-DHAPPQ-AL,7,0.6587310958777893,2031
004/048-Cycling-4y-ASAQ-DHAPPQ-AL,8,0.6690908576988729,2031
004/048-Cycling-4y-ASAQ-DHAPPQ-AL,9,0.6707193058463633,2031
004/048-Cycling-4y-ASAQ-DHAPPQ-AL,10,0.6545661918827944,2031
004/048-Cycling-4y-ASAQ-DHAPPQ-AL,11,0.6776114068262423,2031
004/048-Cycling-4y-ASAQ-DHAPPQ-AL,12,0.642519417253785,2031
004/048-Cycling-4y-ASAQ-DHAPPQ-AL,13,0.6754409014698507,2031
004/048-Cycling-4y-ASAQ-DHAPPQ-AL,14,0.6315214234167057,2031
004/048-Cycling-4y-ASAQ-DHAPPQ-AL,15,0.6762505740178596,2031
004/048-Cycling-4y-ASAQ-DHAPPQ-AL,16,0.6771732205705762,2031
004/048-Cycling-4y-ASAQ-DHAPPQ-AL,17,0.6692964603539401,2031
004/048-Cycling-4y-ASAQ-DHAPPQ-AL,18,0.690335101228963,2031
004/048-Cycling-4y-ASAQ-DHAPPQ-AL,19,0.6364318765022007,2031
004/048-Cycling-4y-ASAQ-DHAPPQ-AL,20,0.6966765819458122,2031
004/048-Cycling-4y-ASAQ-DHAPPQ-AL,21,0.67694081559977,2031
004/048-Cycling-4y-ASAQ-DHAPPQ-AL,22,0.6669809901424607,2031
004/048-Cycling-4y-ASAQ-DHAPPQ-AL,23,0.6602901554168592,2031
004/048-Cycling-4y-ASAQ-DHAPPQ-AL,24,0.64521676723282,2031
004/048-Cycling-4y-ASAQ-DHAPPQ-AL,25,0.6769697960138821,2031
004/048-Cycling-4y-ASAQ-DHAPPQ-AL,26,0.6775755484504432,2031
004/048-Cycling-4y-ASAQ-DHAPPQ-AL,27,0.6498674024726304,2031
004/048-Cycling-4y-ASAQ-DHAPPQ-AL,28,0.6336786657077061,2031
004/048-Cycling-4y-ASAQ-DHAPPQ-AL,29,0.6598665368166358,2031
004/048-Cycling-4y-ASAQ-DHAPPQ-AL,30,0.6809993402641767,2031
004/048-Cycling-4y-ASAQ-DHAPPQ-AL,31,0.6684095166402928,2031
004/048-Cycling-4y-ASAQ-DHAPPQ-AL,32,0.6437429237911699,2031
004/048-Cycling-4y-ASAQ-DHAPPQ-AL,33,0.6866161506443761,2031
004/048-Cycling-4y-ASAQ-DHAPPQ-AL,34,0.6630175976775929,2031
004/048-Cycling-4y-ASAQ-DHAPPQ-AL,35,0.6889351487499865,2031
004/048-Cycling-4y-ASAQ-DHAPPQ-AL,36,0.6716871562494634,2031
004/048-Cycling-4y-ASAQ-DHAPPQ-AL,37,0.6713094692589318,2031
004/048-Cycling-4y-ASAQ-DHAPPQ-AL,38,0.6330574080716848,2031
004/048-Cycling-4y-ASAQ-DHAPPQ-AL,39,0.6918260168714481,2031
004/048-Cycling-4y-ASAQ-DHAPPQ-AL,40,0.661902192457729,2031
004/048-Cycling-4y-ASAQ-DHAPPQ-AL,41,0.6628020387907957,2031
004/048-Cycling-4y-ASAQ-DHAPPQ-AL,42,0.6518093952094928,2031
004/048-Cycling-4y-ASAQ-DHAPPQ-AL,43,0.6826460524117887,2031
004/048-Cycling-4y-ASAQ-DHAPPQ-AL,44,0.6584258500942144,2031
004/048-Cycling-4y-ASAQ-DHAPPQ-AL,45,0.6656660827298928,2031
004/048-Cycling-4y-ASAQ-DHAPPQ-AL,46,0.6454266781068024,2031
004/048-Cycling-4y-ASAQ-DHAPPQ-AL,47,0.654565040314145,2031
004/048-Cycling-4y-ASAQ-DHAPPQ-AL,48,0.6755934603189577,2031
004/048-Cycling-4y-ASAQ-DHAPPQ-AL,49,0.699762560321935,2031
004/048-Cycling-4y-ASAQ-DHAPPQ-AL,50,0.6756093987973225,2031
004/048-Cycling-4y-ASAQ-DHAPPQ-AL,51,0.6797659861016655,2031
004/048-Cycling-4y-ASAQ-DHAPPQ-AL,52,0.6692034715802252,2031
004/048-Cycling-4y-ASAQ-DHAPPQ-AL,53,0.6703912330175315,2031
004/048-Cycling-4y-ASAQ-DHAPPQ-AL,54,0.6875643049693984,2031
004/048-Cycling-4y-ASAQ-DHAPPQ-AL,55,0.6657145513930448,2031
004/048-Cycling-4y-ASAQ-DHAPPQ-AL,56,0.6623077946749617,2031
004/048-Cycling-4y-ASAQ-DHAPPQ-AL,57,0.6601803342522374,2031
004/048-Cycling-4y-ASAQ-DHAPPQ-AL,58,0.7008902291641981,2031
004/048-Cycling-4y-ASAQ-DHAPPQ-AL,59,0.6387025438732783,2031
004/048-Cycling-4y-ASAQ-DHAPPQ-AL,60,0.6474643945561042,2031
004/048-Cycling-4y-ASAQ-DHAPPQ-AL,61,0.6738735238128261,2031
004/048-Cycling-4y-ASAQ-DHAPPQ-AL,62,0.6703759625700944,2031
004/048-Cycling-4y-ASAQ-DHAPPQ-AL,63,0.6551307788800208,2031
004/048-Cycling-4y-ASAQ-DHAPPQ-AL,64,0.6638906481729862,2031
004/048-Cycling-4y-ASAQ-DHAPPQ-AL,65,0.6763325994339402,2031
004/048-Cycling-4y-ASAQ-DHAPPQ-AL,66,0.673767386247443,2031
004/048-Cycling-4y-ASAQ-DHAPPQ-AL,67,0.6404364775752224,2031
004/048-Cycling-4y-ASAQ-DHAPPQ-AL,68,0.6674440049103748,2031
004/048-Cycling-4y-ASAQ-DHAPPQ-AL,69,0.6739949610879203,2031
004/048-Cycling-4y-ASAQ-DHAPPQ-AL,70,0.6810756368879521,2031
004/048-Cycling-4y-ASAQ-DHAPPQ-AL,71,0.6781249150448203,2031
004/048-Cycling-4y-ASAQ-DHAPPQ-AL,72,0.6755590879675357,2031
004/048-Cycling-4y-ASAQ-DHAPPQ-AL,73,0.7000242176067544,2031
004/048-Cycling-4y-ASAQ-DHAPPQ-AL,74,0.6520420196718777,2031
004/048-Cycling-4y-ASAQ-DHAPPQ-AL,75,0.6954468145054208,2031
004/048-Cycling-4y-ASAQ-DHAPPQ-AL,76,0.6803628143080171,2031
004/048-Cycling-4y-ASAQ-DHAPPQ-AL,77,0.6726734127431259,2031
004/048-Cycling-4y-ASAQ-DHAPPQ-AL,78,0.6796628140678708,2031
004/048-Cycling-4y-ASAQ-DHAPPQ-AL,79,0.6583012945793265,2031
004/048-Cycling-4y-ASAQ-DHAPPQ-AL,80,0.6723098715474537,2031
004/048-Cycling-4y-ASAQ-DHAPPQ-AL,81,0.63506941089519,2031
004/048-Cycling-4y-ASAQ-DHAPPQ-AL,82,0.6593096356480577,2031
004/048-Cycling-4y-ASAQ-DHAPPQ-AL,83,0.6542883070997453,2031
004/048-Cycling-4y-ASAQ-DHAPPQ-AL,84,0.6823484364373295,2031
004/048-Cycling-4y-ASAQ-DHAPPQ-AL,85,0.6720294734691522,2031
004/048-Cycling-4y-ASAQ-DHAPPQ-AL,86,0.672060150552237,2031
004/048-Cycling-4y-ASAQ-DHAPPQ-AL,87,0.6584064751242314,2031
004/048-Cycling-4y-ASAQ-DHAPPQ-AL,88,0.6744623667143171,2031
004/048-Cycling-4y-ASAQ-DHAPPQ-AL,89,0.6726784475365765,2031
004/048-Cycling-4y-ASAQ-DHAPPQ-AL,90,0.6576262959158719,2031
004/048-Cycling-4y-ASAQ-DHAPPQ-AL,91,0.6622743931556431,2031
004/048-Cycling-4y-ASAQ-DHAPPQ-AL,92,0.6994786765620921,2031
004/048-Cycling-4y-ASAQ-DHAPPQ-AL,93,0.691183262426991,2031
004/048-Cycling-4y-ASAQ-DHAPPQ-AL,94,0.679469232398629,2031
004/048-Cycling-4y-ASAQ-DHAPPQ-AL,95,0.6841421108026725,2031
004/048-Cycling-4y-ASAQ-DHAPPQ-AL,96,0.6886577653790367,2031
004/048-Cycling-4y-ASAQ-DHAPPQ-AL,97,0.6728942817326837,2031
004/048-Cycling-4y-ASAQ-DHAPPQ-AL,98,0.6894831119810142,2031
004/048-Cycling-4y-ASAQ-DHAPPQ-AL,99,0.675982811868141,2031
004/049-Cycling-4y-DHAPPQ-AL-ASAQ,0,0.7577585570795852,2031
004/049-Cycling-4y-DHAPPQ-AL-ASAQ,1,0.7860756739432467,2031
004/049-Cycling-4y-DHAPPQ-AL-ASAQ,2,0.7430214932594529,2031
004/049-Cycling-4y-DHAPPQ-AL-ASAQ,3,0.7578020075898785,2031
004/049-Cycling-4y-DHAPPQ-AL-ASAQ,4,0.7682503867106739,2031
004/049-Cycling-4y-DHAPPQ-AL-ASAQ,5,0.7825464307243571,2031
004/049-Cycling-4y-DHAPPQ-AL-ASAQ,6,0.7705746822684519,2031
004/049-Cycling-4y-DHAPPQ-AL-ASAQ,7,0.7615426405958053,2031
004/049-Cycling-4y-DHAPPQ-AL-ASAQ,8,0.7784352761546458,2031
004/049-Cycling-4y-DHAPPQ-AL-ASAQ,9,0.7457131612837803,2031
004/049-Cycling-4y-DHAPPQ-AL-ASAQ,10,0.7765293430797334,2031
004/049-Cycling-4y-DHAPPQ-AL-ASAQ,11,0.7729060107610294,2031
004/049-Cycling-4y-DHAPPQ-AL-ASAQ,12,0.8024294522559664,2031
004/049-Cycling-4y-DHAPPQ-AL-ASAQ,13,0.7446872298831849,2031
004/049-Cycling-4y-DHAPPQ-AL-ASAQ,14,0.7724746667380913,2031
004/049-Cycling-4y-DHAPPQ-AL-ASAQ,15,0.7589789860481679,2031
004/049-Cycling-4y-DHAPPQ-AL-ASAQ,16,0.7686644262770262,2031
004/049-Cycling-4y-DHAPPQ-AL-ASAQ,17,0.764278023281432,2031
004/049-Cycling-4y-DHAPPQ-AL-ASAQ,18,0.797188759154766,2031
004/049-Cycling-4y-DHAPPQ-AL-ASAQ,19,0.7549389230508035,2031
004/049-Cycling-4y-DHAPPQ-AL-ASAQ,20,0.7671084570825012,2031
004/049-Cycling-4y-DHAPPQ-AL-ASAQ,21,0.76917885828751,2031
004/049-Cycling-4y-DHAPPQ-AL-ASAQ,22,0.7576419950137167,2031
004/049-Cycling-4y-DHAPPQ-AL-ASAQ,23,0.7702994756410342,2031
004/049-Cycling-4y-DHAPPQ-AL-ASAQ,24,0.7600804076151725,2031
004/049-Cycling-4y-DHAPPQ-AL-ASAQ,25,0.7327707020434957,2031
004/049-Cycling-4y-DHAPPQ-AL-ASAQ,26,0.7689359240781645,2031
004/049-Cycling-4y-DHAPPQ-AL-ASAQ,27,0.763882794072461,2031
004/049-Cycling-4y-DHAPPQ-AL-ASAQ,28,0.7659694869868151,2031
004/049-Cycling-4y-DHAPPQ-AL-ASAQ,29,0.7606135745836262,2031
004/049-Cycling-4y-DHAPPQ-AL-ASAQ,30,0.7520998647517079,2031
004/049-Cycling-4y-DHAPPQ-AL-ASAQ,31,0.7812051893911893,2031
004/049-Cycling-4y-DHAPPQ-AL-ASAQ,32,0.7652735827757833,2031
004/049-Cycling-4y-DHAPPQ-AL-ASAQ,33,0.7811916612491484,2031
004/049-Cycling-4y-DHAPPQ-AL-ASAQ,34,0.7608169568498386,2031
004/049-Cycling-4y-DHAPPQ-AL-ASAQ,35,0.7437867921764151,2031
004/049-Cycling-4y-DHAPPQ-AL-ASAQ,36,0.7288406393399843,2031
004/049-Cycling-4y-DHAPPQ-AL-ASAQ,37,0.7405657091267178,2031
004/049-Cycling-4y-DHAPPQ-AL-ASAQ,38,0.7666603003893,2031
004/049-Cycling-4y-DHAPPQ-AL-ASAQ,39,0.7678807543041173,2031
004/049-Cycling-4y-DHAPPQ-AL-ASAQ,40,0.7414820308697223,2031
004/049-Cycling-4y-DHAPPQ-AL-ASAQ,41,0.7478848745891743,2031
004/049-Cycling-4y-DHAPPQ-AL-ASAQ,42,0.7560372812483833,2031
004/049-Cycling-4y-DHAPPQ-AL-ASAQ,43,0.7548226354951425,2031
004/049-Cycling-4y-DHAPPQ-AL-ASAQ,44,0.7656430272888727,2031
004/049-Cycling-4y-DHAPPQ-AL-ASAQ,45,0.75495823190782,2031
004/049-Cycling-4y-DHAPPQ-AL-ASAQ,46,0.764356452655831,2031
004/049-Cycling-4y-DHAPPQ-AL-ASAQ,47,0.7566032236842943,2031
004/049-Cycling-4y-DHAPPQ-AL-ASAQ,48,0.7831768401603546,2031
004/049-Cycling-4y-DHAPPQ-AL-ASAQ,49,0.7441139844913888,2031
004/049-Cycling-4y-DHAPPQ-AL-ASAQ,50,0.7485212927711448,2031
004/049-Cycling-4y-DHAPPQ-AL-ASAQ,51,0.7811725696973317,2031
004/049-Cycling-4y-DHAPPQ-AL-ASAQ,52,0.7400332710886705,2031
004/049-Cycling-4y-DHAPPQ-AL-ASAQ,53,0.7939120552684359,2031
004/049-Cycling-4y-DHAPPQ-AL-ASAQ,54,0.7761897557507451,2031
004/049-Cycling-4y-DHAPPQ-AL-ASAQ,55,0.7521126468687219,2031
004/049-Cycling-4y-DHAPPQ-AL-ASAQ,56,0.7565178957823271,2031
004/049-Cycling-4y-DHAPPQ-AL-ASAQ,57,0.7523949411240537,2031
004/049-Cycling-4y-DHAPPQ-AL-ASAQ,58,0.773321308099912,2031
004/049-Cycling-4y-DHAPPQ-AL-ASAQ,59,0.7807379949261243,2031
004/049-Cycling-4y-DHAPPQ-AL-ASAQ,60,0.759081431153592,2031
004/049-Cycling-4y-DHAPPQ-AL-ASAQ,61,0.7479390172860102,2031
004/049-Cycling-4y-DHAPPQ-AL-ASAQ,62,0.7706670650139401,2031
004/049-Cycling-4y-DHAPPQ-AL-ASAQ,63,0.751064895441286,2031
004/049-Cycling-4y-DHAPPQ-AL-ASAQ,64,0.7529890106984012,2031
004/049-Cycling-4y-DHAPPQ-AL-ASAQ,65,0.7620003608331863,2031
004/049-Cycling-4y-DHAPPQ-AL-ASAQ,66,0.7740497784418979,2031
004/049-Cycling-4y-DHAPPQ-AL-ASAQ,67,0.764995406151877,2031
004/049-Cycling-4y-DHAPPQ-AL-ASAQ,68,0.7643439226785609,2031
004/049-Cycling-4y-DHAPPQ-AL-ASAQ,69,0.7516804635610814,2031
004/049-Cycling-4y-DHAPPQ-AL-ASAQ,70,0.7209008676452555,2031
004/049-Cycling-4y-DHAPPQ-AL-ASAQ,71,0.7671719483284668,2031
004/049-Cycling-4y-DHAPPQ-AL-ASAQ,72,0.7582635767253918,2031
004/049-Cycling-4y-DHAPPQ-AL-ASAQ,73,0.762147541968611,2031
004/049-Cycling-4y-DHAPPQ-AL-ASAQ,74,0.7667919879190418,2031
004/049-Cycling-4y-DHAPPQ-AL-ASAQ,75,0.7561715116126781,2031
004/049-Cycling-4y-DHAPPQ-AL-ASAQ,76,0.7793435166089516,2031
004/049-Cycling-4y-DHAPPQ-AL-ASAQ,77,0.7723382883584953,2031
004/049-Cycling-4y-DHAPPQ-AL-ASAQ,78,0.755368408055638,2031
004/049-Cycling-4y-DHAPPQ-AL-ASAQ,79,0.7624782563950817,2031
004/049-Cycling-4y-DHAPPQ-AL-ASAQ,80,0.7603893868238608,2031
004/049-Cycling-4y-DHAPPQ-AL-ASAQ,81,0.7634845632698609,2031
004/049-Cycling-4y-DHAPPQ-AL-ASAQ,82,0.7671931534522994,2031
004/049-Cycling-4y-DHAPPQ-AL-ASAQ,83,0.7665733090213305,2031
004/049-Cycling-4y-DHAPPQ-AL-ASAQ,84,0.7327550801797145,2031
004/049-Cycling-4y-DHAPPQ-AL-ASAQ,85,0.73955991491796,2031
004/049-Cycling-4y-DHAPPQ-AL-ASAQ,86,0.7846010264858961,2031
004/049-Cycling-4y-DHAPPQ-AL-ASAQ,87,0.7579000527461645,2031
004/049-Cycling-4y-DHAPPQ-AL-ASAQ,88,0.7720480514827072,2031
004/049-Cycling-4y-DHAPPQ-AL-ASAQ,89,0.7553813130152299,2031
004/049-Cycling-4y-DHAPPQ-AL-ASAQ,90,0.7551092976290056,2031
004/049-Cycling-4y-DHAPPQ-AL-ASAQ,91,0.7780720769870612,2031
004/049-Cycling-4y-DHAPPQ-AL-ASAQ,92,0.7414039584660362,2031
004/049-Cycling-4y-DHAPPQ-AL-ASAQ,93,0.7688007780320868,2031
004/049-Cycling-4y-DHAPPQ-AL-ASAQ,94,0.7557744471693728,2031
004/049-Cycling-4y-DHAPPQ-AL-ASAQ,95,0.7491661558568511,2031
004/049-Cycling-4y-DHAPPQ-AL-ASAQ,96,0.7324588657971479,2031
004/049-Cycling-4y-DHAPPQ-AL-ASAQ,97,0.7612567295323346,2031
004/049-Cycling-4y-DHAPPQ-AL-ASAQ,98,0.7548305459204995,2031
004/049-Cycling-4y-DHAPPQ-AL-ASAQ,99,0.7619154999004575,2031
004/050-Cycling-4y-DHAPPQ-ASAQ-AL,0,0.6885985075933988,2031
004/050-Cycling-4y-DHAPPQ-ASAQ-AL,1,0.6851557930919534,2031
004/050-Cycling-4y-DHAPPQ-ASAQ-AL,2,0.6966803675838872,2031
004/050-Cycling-4y-DHAPPQ-ASAQ-AL,3,0.7187008422403861,2031
004/050-Cycling-4y-DHAPPQ-ASAQ-AL,4,0.7238330152768331,2031
004/050-Cycling-4y-DHAPPQ-ASAQ-AL,5,0.6907902757508398,2031
004/050-Cycling-4y-DHAPPQ-ASAQ-AL,6,0.6834731374824293,2031
004/050-Cycling-4y-DHAPPQ-ASAQ-AL,7,0.6878644710048288,2031
004/050-Cycling-4y-DHAPPQ-ASAQ-AL,8,0.6930433838825913,2031
004/050-Cycling-4y-DHAPPQ-ASAQ-AL,9,0.7210566189331759,2031
004/050-Cycling-4y-DHAPPQ-ASAQ-AL,10,0.7218539876014832,2031
004/050-Cycling-4y-DHAPPQ-ASAQ-AL,11,0.7128029065050029,2031
004/050-Cycling-4y-DHAPPQ-ASAQ-AL,12,0.7337967595165079,2031
004/050-Cycling-4y-DHAPPQ-ASAQ-AL,13,0.6935075725048817,2031
004/050-Cycling-4y-DHAPPQ-ASAQ-AL,14,0.7091072081666107,2031
004/050-Cycling-4y-DHAPPQ-ASAQ-AL,15,0.6892400783370322,2031
004/050-Cycling-4y-DHAPPQ-ASAQ-AL,16,0.698279016892238,2031
004/050-Cycling-4y-DHAPPQ-ASAQ-AL,17,0.6500478974231468,2031
004/050-Cycling-4y-DHAPPQ-ASAQ-AL,18,0.7282203563059854,2031
004/050-Cycling-4y-DHAPPQ-ASAQ-AL,19,0.7079731359781253,2031
004/050-Cycling-4y-DHAPPQ-ASAQ-AL,20,0.6736841835238465,2031
004/050-Cycling-4y-DHAPPQ-ASAQ-AL,21,0.7063322903620904,2031
004/050-Cycling-4y-DHAPPQ-ASAQ-AL,22,0.7178102238267519,2031
004/050-Cycling-4y-DHAPPQ-ASAQ-AL,23,0.7248147010947031,2031
004/050-Cycling-4y-DHAPPQ-ASAQ-AL,24,0.6783970441882086,2031
004/050-Cycling-4y-DHAPPQ-ASAQ-AL,25,0.6832369192690054,2031
004/050-Cycling-4y-DHAPPQ-ASAQ-AL,26,0.7189586070768937,2031
004/050-Cycling-4y-DHAPPQ-ASAQ-AL,27,0.7464561473861776,2031
004/050-Cycling-4y-DHAPPQ-ASAQ-AL,28,0.668307130138779,2031
004/050-Cycling-4y-DHAPPQ-ASAQ-AL,29,0.7057395944522457,2031
004/050-Cycling-4y-DHAPPQ-ASAQ-AL,30,0.7097145903985668,2031
004/050-Cycling-4y-DHAPPQ-ASAQ-AL,31,0.7432915061454155,2031
004/050-Cycling-4y-DHAPPQ-ASAQ-AL,32,0.7198321129374682,2031
004/050-Cycling-4y-DHAPPQ-ASAQ-AL,33,0.7301218281399197,2031
004/050-Cycling-4y-DHAPPQ-ASAQ-AL,34,0.7104061954139427,2031
004/050-Cycling-4y-DHAPPQ-ASAQ-AL,35,0.702635173284636,2031
004/050-Cycling-4y-DHAPPQ-ASAQ-AL,36,0.7153426878222172,2031
004/050-Cycling-4y-DHAPPQ-ASAQ-AL,37,0.7178891660344054,2031
004/050-Cycling-4y-DHAPPQ-ASAQ-AL,38,0.716992363034668,2031
004/050-Cycling-4y-DHAPPQ-ASAQ-AL,39,0.691848393713503,2031
004/050-Cycling-4y-DHAPPQ-ASAQ-AL,40,0.7435951696784017,2031
004/050-Cycling-4y-DHAPPQ-ASAQ-AL,41,0.7432587757998097,2031
004/050-Cycling-4y-DHAPPQ-ASAQ-AL,42,0.6855677236776355,2031
004/050-Cycling-4y-DHAPPQ-ASAQ-AL,43,0.6935408975558103,2031
004/050-Cycling-4y-DHAPPQ-ASAQ-AL,44,0.7059009539413892,2031
004/050-Cycling-4y-DHAPPQ-ASAQ-AL,45,0.7053694795643507,2031
004/050-Cycling-4y-DHAPPQ-ASAQ-AL,46,0.6860351208705056,2031
004/050-Cycling-4y-DHAPPQ-ASAQ-AL,47,0.7015451537053902,2031
004/050-Cycling-4y-DHAPPQ-ASAQ-AL,48,0.7167490214845961,2031
004/050-Cycling-4y-DHAPPQ-ASAQ-AL,49,0.7297983098650436,2031
004/050-Cycling-4y-DHAPPQ-ASAQ-AL,50,0.6973040625103827,2031
004/050-Cycling-4y-DHAPPQ-ASAQ-AL,51,0.7077552498266084,2031
004/050-Cycling-4y-DHAPPQ-ASAQ-AL,52,0.7583563889933486,2031
004/050-Cycling-4y-DHAPPQ-ASAQ-AL,53,0.7239988781456054,2031
004/050-Cycling-4y-DHAPPQ-ASAQ-AL,54,0.7211296511571347,2031
004/050-Cycling-4y-DHAPPQ-ASAQ-AL,55,0.7084084640085425,2031
004/050-Cycling-4y-DHAPPQ-ASAQ-AL,56,0.7074674823109395,2031
004/050-Cycling-4y-DHAPPQ-ASAQ-AL,57,0.7103247991974952,2031
004/050-Cycling-4y-DHAPPQ-ASAQ-AL,58,0.7191521698403256,2031
004/050-Cycling-4y-DHAPPQ-ASAQ-AL,59,0.7096482087948686,2031
004/050-Cycling-4y-DHAPPQ-ASAQ-AL,60,0.735937239531215,2031
004/050-Cycling-4y-DHAPPQ-ASAQ-AL,61,0.7135835308908426,2031
004/050-Cycling-4y-DHAPPQ-ASAQ-AL,62,0.730978426755168,2031
004/050-Cycling-4y-DHAPPQ-ASAQ-AL,63,0.6917103354913275,2031
004/050-Cycling-4y-DHAPPQ-ASAQ-AL,64,0.6866011217961426,2031
004/050-Cycling-4y-DHAPPQ-ASAQ-AL,65,0.6747556209434258,2031
004/050-Cycling-4y-DHAPPQ-ASAQ-AL,66,0.7050029133101735,2031
004/050-Cycling-4y-DHAPPQ-ASAQ-AL,67,0.6974448442379435,2031
004/050-Cycling-4y-DHAPPQ-ASAQ-AL,68,0.6907306423236981,2031
004/050-Cycling-4y-DHAPPQ-ASAQ-AL,69,0.6993791696082484,2031
004/050-Cycling-4y-DHAPPQ-ASAQ-AL,70,0.7480170065293529,2031
004/050-Cycling-4y-DHAPPQ-ASAQ-AL,71,0.7191383336353253,2031
004/050-Cycling-4y-DHAPPQ-ASAQ-AL,72,0.7186143166170358,2031
004/050-Cycling-4y-DHAPPQ-ASAQ-AL,73,0.7187995286433027,2031
004/050-Cycling-4y-DHAPPQ-ASAQ-AL,74,0.6696165880313404,2031
004/050-Cycling-4y-DHAPPQ-ASAQ-AL,75,0.6991527711814022,2031
004/050-Cycling-4y-DHAPPQ-ASAQ-AL,76,0.706731320271872,2031
004/050-Cycling-4y-DHAPPQ-ASAQ-AL,77,0.6965457318318576,2031
004/050-Cycling-4y-DHAPPQ-ASAQ-AL,78,0.7245982500881577,2031
004/050-Cycling-4y-DHAPPQ-ASAQ-AL,79,0.7026923631683251,2031
004/050-Cycling-4y-DHAPPQ-ASAQ-AL,80,0.7272611274360825,2031
004/050-Cycling-4y-DHAPPQ-ASAQ-AL,81,0.6970136759133311,2031
004/050-Cycling-4y-DHAPPQ-ASAQ-AL,82,0.7062293769166709,2031
004/050-Cycling-4y-DHAPPQ-ASAQ-AL,83,0.7013259548280021,2031
004/050-Cycling-4y-DHAPPQ-ASAQ-AL,84,0.7085621748632395,2031
004/050-Cycling-4y-DHAPPQ-ASAQ-AL,85,0.7028716046856407,2031
004/050-Cycling-4y-DHAPPQ-ASAQ-AL,86,0.6974142303371996,2031
004/050-Cycling-4y-DHAPPQ-ASAQ-AL,87,0.7041919904348414,2031
004/050-Cycling-4y-DHAPPQ-ASAQ-AL,88,0.7070750196653616,2031
004/050-Cycling-4y-DHAPPQ-ASAQ-AL,89,0.7106083190922273,2031
004/050-Cycling-4y-DHAPPQ-ASAQ-AL,90,0.7304286373915293,2031
004/050-Cycling-4y-DHAPPQ-ASAQ-AL,91,0.729273764887351,2031
004/050-Cycling-4y-DHAPPQ-ASAQ-AL,92,0.703508844698209,2031
004/050-Cycling-4y-DHAPPQ-ASAQ-AL,93,0.6939566977546031,2031
004/050-Cycling-4y-DHAPPQ-ASAQ-AL,94,0.7426350034566318,2031
004/050-Cycling-4y-DHAPPQ-ASAQ-AL,95,0.7007608094809883,2031
004/050-Cycling-4y-DHAPPQ-ASAQ-AL,96,0.7398052446315714,2031
004/050-Cycling-4y-DHAPPQ-ASAQ-AL,97,0.7289849739547986,2031
004/050-Cycling-4y-DHAPPQ-ASAQ-AL,98,0.7048556109649114,2031
004/050-Cycling-4y-DHAPPQ-ASAQ-AL,99,0.6875966392658883,2031
004/051-mft-AL25-ASAQ75,0,0.6951625756395202,2031
004/051-mft-AL25-ASAQ75,1,0.685496516083746,2031
004/051-mft-AL25-ASAQ75,2,0.7137565235665586,2031
004/051-mft-AL25-ASAQ75,3,0.6923003336327743,2031
004/051-mft-AL25-ASAQ75,4,0.7325170336173925,2031
004/051-mft-AL25-ASAQ75,5,0.688239950163458,2031
004/051-mft-AL25-ASAQ75,6,0.7211420105993506,2031
004/051-mft-AL25-ASAQ75,7,0.6903868489933166,2031
004/051-mft-AL25-ASAQ75,8,0.6942812451107573,2031
004/051-mft-AL25-ASAQ75,9,0.7064620247539782,2031
004/051-mft-AL25-ASAQ75,10,0.6689675424292724,2031
004/051-mft-AL25-ASAQ75,11,0.6985736518084772,2031
004/051-mft-AL25-ASAQ75,12,0.6833550616893423,2031
004/051-mft-AL25-ASAQ75,13,0.6722479389840154,2031
004/051-mft-AL25-ASAQ75,14,0.6870729235604925,2031
004/051-mft-AL25-ASAQ75,15,0.6803195330207225,2031
004/051-mft-AL25-ASAQ75,16,0.7084043552004581,2031
004/051-mft-AL25-ASAQ75,17,0.6732191463801632,2031
004/051-mft-AL25-ASAQ75,18,0.704630519838254,2031
004/051-mft-AL25-ASAQ75,19,0.6901666693641486,2031
004/051-mft-AL25-ASAQ75,20,0.6797412043101841,2031
004/051-mft-AL25-ASAQ75,21,0.685378832247455,2031
004/051-mft-AL25-ASAQ75,22,0.6842106189717302,2031
004/051-mft-AL25-ASAQ75,23,0.7038073774872231,2031
004/051-mft-AL25-ASAQ75,24,0.6941097724328179,2031
004/051-mft-AL25-ASAQ75,25,0.7165057918566803,2031
004/051-mft-AL25-ASAQ75,26,0.675520537792079,2031
004/051-mft-AL25-ASAQ75,27,0.6780250990134133,2031
004/051-mft-AL25-ASAQ75,28,0.7016384225099933,2031
004/051-mft-AL25-ASAQ75,29,0.6740474814289693,2031
004/051-mft-AL25-ASAQ75,30,0.6830597518721037,2031
004/051-mft-AL25-ASAQ75,31,0.6974258506932877,2031
004/051-mft-AL25-ASAQ75,32,0.7007217984633939,2031
004/051-mft-AL25-ASAQ75,33,0.6731764071005807,2031
004/051-mft-AL25-ASAQ75,34,0.7008441189218547,2031
004/051-mft-AL25-ASAQ75,35,0.7187850091321099,2031
004/051-mft-AL25-ASAQ75,36,0.7243692856595653,2031
004/051-mft-AL25-ASAQ75,37,0.6943514894770427,2031
004/051-mft-AL25-ASAQ75,38,0.6914202553235317,2031
004/051-mft-AL25-ASAQ75,39,0.6985913261760168,2031
004/051-mft-AL25-ASAQ75,40,0.6781324892226746,2031
004/051-mft-AL25-ASAQ75,41,0.6957313404891682,2031
004/051-mft-AL25-ASAQ75,42,0.6795287995667093,2031
004/051-mft-AL25-ASAQ75,43,0.712747274631865,2031
004/051-mft-AL25-ASAQ75,44,0.7057830497599875,2031
004/051-mft-AL25-ASAQ75,45,0.6843092808553299,2031
004/051-mft-AL25-ASAQ75,46,0.7007538299638352,2031
004/051-mft-AL25-ASAQ75,47,0.6897378201400941,2031
004/051-mft-AL25-ASAQ75,48,0.6938291447123621,2031
004/051-mft-AL25-ASAQ75,49,0.7251452403426123,2031
004/051-mft-AL25-ASAQ75,50,0.7045958161495527,2031
004/051-mft-AL25-ASAQ75,51,0.6971866293319297,2031
004/051-mft-AL25-ASAQ75,52,0.7111548005044429,2031
004/051-mft-AL25-ASAQ75,53,0.7085124689957834,2031
004/051-mft-AL25-ASAQ75,54,0.6877732059245484,2031
004/051-mft-AL25-ASAQ75,55,0.6654120338069278,2031
004/051-mft-AL25-ASAQ75,56,0.6890687617060757,2031
004/051-mft-AL25-ASAQ75,57,0.6798688864893285,2031
004/051-mft-AL25-ASAQ75,58,0.687970494051362,2031
004/051-mft-AL25-ASAQ75,59,0.6973707128966852,2031
004/051-mft-AL25-ASAQ75,60,0.7092282561799061,2031
004/051-mft-AL25-ASAQ75,61,0.6619837110306268,2031
004/051-mft-AL25-ASAQ75,62,0.7043329152242818,2031
004/051-mft-AL25-ASAQ75,63,0.6941968892558767,2031
004/051-mft-AL25-ASAQ75,64,0.7322997311270365,2031
004/051-mft-AL25-ASAQ75,65,0.6950150303646101,2031
004/051-mft-AL25-ASAQ75,66,0.7169023466483915,2031
004/051-mft-AL25-ASAQ75,67,0.715598916705126,2031
004/051-mft-AL25-ASAQ75,68,0.7111041643308207,2031
004/051-mft-AL25-ASAQ75,69,0.6744662610664752,2031
004/051-mft-AL25-ASAQ75,70,0.7100855922367545,2031
004/051-mft-AL25-ASAQ75,71,0.6945680130606552,2031
004/051-mft-AL25-ASAQ75,72,0.6945028823442813,2031
004/051-mft-AL25-ASAQ75,73,0.68895396927988,2031
004/051-mft-AL25-ASAQ75,74,0.6836964143640089,2031
004/051-mft-AL25-ASAQ75,75,0.705371382944061,2031
004/051-mft-AL25-ASAQ75,76,0.6772334938769276,2031
004/051-mft-AL25-ASAQ75,77,0.6820802855791172,2031
004/051-mft-AL25-ASAQ75,78,0.7070512711500324,2031
004/051-mft-AL25-ASAQ75,79,0.7055500182013968,2031
004/051-mft-AL25-ASAQ75,80,0.6910802916952189,2031
004/051-mft-AL25-ASAQ75,81,0.7046704214988503,2031
004/051-mft-AL25-ASAQ75,82,0.6723301767746152,2031
004/051-mft-AL25-ASAQ75,83,0.6861065076594156,2031
004/051-mft-AL25-ASAQ75,84,0.6866106496198383,2031
004/051-mft-AL25-ASAQ75,85,0.6884366207745033,2031
004/051-mft-AL25-ASAQ75,86,0.6879460919895785,2031
004/051-mft-AL25-ASAQ75,87,0.6831373040832833,2031
004/051-mft-AL25-ASAQ75,88,0.7131196100997563,2031
004/051-mft-AL25-ASAQ75,89,0.7013669580764166,2031
004/051-mft-AL25-ASAQ75,90,0.6933551473459548,2031
004/051-mft-AL25-ASAQ75,91,0.7067846596909728,2031
004/051-mft-AL25-ASAQ75,92,0.6951541888393167,2031
004/051-mft-AL25-ASAQ75,93,0.6840587237236849,2031
004/051-mft-AL25-ASAQ75,94,0.6655973808266394,2031
004/051-mft-AL25-ASAQ75,95,0.716824953718242,2031
004/051-mft-AL25-ASAQ75,96,0.7018803295594971,2031
004/051-mft-AL25-ASAQ75,97,0.6922713144826073,2031
004/051-mft-AL25-ASAQ75,98,0.6899847925285063,2031
004/051-mft-AL25-ASAQ75,99,0.6649046001015476,2031
004/052-mft-AL25-DHAPPQ75,0,0.779093827346005,2031
004/052-mft-AL25-DHAPPQ75,1,0.7610475611811366,2031
004/052-mft-AL25-DHAPPQ75,2,0.8114400202981807,2031
004/052-mft-AL25-DHAPPQ75,3,0.7776599902985694,2031
004/052-mft-AL25-DHAPPQ75,4,0.7599780865717518,2031
004/052-mft-AL25-DHAPPQ75,5,0.7987162703540834,2031
004/052-mft-AL25-DHAPPQ75,6,0.7590545890167623,2031
004/052-mft-AL25-DHAPPQ75,7,0.7865790958931166,2031
004/052-mft-AL25-DHAPPQ75,8,0.7709981841038663,2031
004/052-mft-AL25-DHAPPQ75,9,0.7566582688682623,2031
004/052-mft-AL25-DHAPPQ75,10,0.7748850098156462,2031
004/052-mft-AL25-DHAPPQ75,11,0.7582232093700337,2031
004/052-mft-AL25-DHAPPQ75,12,0.7438156389961202,2031
004/052-mft-AL25-DHAPPQ75,13,0.7813277523684089,2031
004/052-mft-AL25-DHAPPQ75,14,0.783821407273606,2031
004/052-mft-AL25-DHAPPQ75,15,0.7552497611240332,2031
004/052-mft-AL25-DHAPPQ75,16,0.7409746231505765,2031
004/052-mft-AL25-DHAPPQ75,17,0.7684238997900935,2031
004/052-mft-AL25-DHAPPQ75,18,0.79077240683621,2031
004/052-mft-AL25-DHAPPQ75,19,0.7803336423551279,2031
004/052-mft-AL25-DHAPPQ75,20,0.7643113714967281,2031
004/052-mft-AL25-DHAPPQ75,21,0.7467038257156561,2031
004/052-mft-AL25-DHAPPQ75,22,0.7681199951373352,2031
004/052-mft-AL25-DHAPPQ75,23,0.8011284321060078,2031
004/052-mft-AL25-DHAPPQ75,24,0.7524583230435328,2031
004/052-mft-AL25-DHAPPQ75,25,0.747715133442171,2031
004/052-mft-AL25-DHAPPQ75,26,0.7868897591091005,2031
004/052-mft-AL25-DHAPPQ75,27,0.7786045866713183,2031
004/052-mft-AL25-DHAPPQ75,28,0.7445674215884845,2031
004/052-mft-AL25-DHAPPQ75,29,0.7434694421923619,2031
004/052-mft-AL25-DHAPPQ75,30,0.7708119338286926,2031
004/052-mft-AL25-DHAPPQ75,31,0.7948542161196429,2031
004/052-mft-AL25-DHAPPQ75,32,0.7809691627962443,2031
004/052-mft-AL25-DHAPPQ75,33,0.7627829345292937,2031
004/052-mft-AL25-DHAPPQ75,34,0.7541867388909683,2031
004/052-mft-AL25-DHAPPQ75,35,0.7752536973755215,2031
004/052-mft-AL25-DHAPPQ75,36,0.7781469874892865,2031
004/052-mft-AL25-DHAPPQ75,37,0.7746966924857807,2031
004/052-mft-AL25-DHAPPQ75,38,0.7677242587198941,2031
004/052-mft-AL25-DHAPPQ75,39,0.7650626321878455,2031
004/052-mft-AL25-DHAPPQ75,40,0.7622338590224632,2031
004/052-mft-AL25-DHAPPQ75,41,0.730997517566473,2031
004/052-mft-AL25-DHAPPQ75,42,0.7944152734740811,2031
004/052-mft-AL25-DHAPPQ75,43,0.7497798282418663,2031
004/052-mft-AL25-DHAPPQ75,44,0.7595394044907867,2031
004/052-mft-AL25-DHAPPQ75,45,0.7491943857215717,2031
004/052-mft-AL25-DHAPPQ75,46,0.7657108255358267,2031
004/052-mft-AL25-DHAPPQ75,47,0.7951679414518207,2031
004/052-mft-AL25-DHAPPQ75,48,0.7715377573380796,2031
004/052-mft-AL25-DHAPPQ75,49,0.759898620997172,2031
004/052-mft-AL25-DHAPPQ75,50,0.7881477453898268,2031
004/052-mft-AL25-DHAPPQ75,51,0.7558839818640507,2031
004/052-mft-AL25-DHAPPQ75,52,0.7859154012712293,2031
004/052-mft-AL25-DHAPPQ75,53,0.7764348918056473,2031
004/052-mft-AL25-DHAPPQ75,54,0.8012674594578909,2031
004/052-mft-AL25-DHAPPQ75,55,0.7813622429009115,2031
004/052-mft-AL25-DHAPPQ75,56,0.8086996811176839,2031
004/052-mft-AL25-DHAPPQ75,57,0.7604395769509961,2031
004/052-mft-AL25-DHAPPQ75,58,0.7798124529150904,2031
004/052-mft-AL25-DHAPPQ75,59,0.7558245193400145,2031
004/052-mft-AL25-DHAPPQ75,60,0.775301729707225,2031
004/052-mft-AL25-DHAPPQ75,61,0.7590823636017344,2031
004/052-mft-AL25-DHAPPQ75,62,0.7734648556851327,2031
004/052-mft-AL25-DHAPPQ75,63,0.7760075952618136,2031
004/052-mft-AL25-DHAPPQ75,64,0.7866080774324317,2031
004/052-mft-AL25-DHAPPQ75,65,0.7961907699337055,2031
004/052-mft-AL25-DHAPPQ75,66,0.7550192388505944,2031
004/052-mft-AL25-DHAPPQ75,67,0.7906840161546643,2031
004/052-mft-AL25-DHAPPQ75,68,0.7758199344858131,2031
004/052-mft-AL25-DHAPPQ75,69,0.7576980258958624,2031
004/052-mft-AL25-DHAPPQ75,70,0.7583157396744622,2031
004/052-mft-AL25-DHAPPQ75,71,0.7700606198175302,2031
004/052-mft-AL25-DHAPPQ75,72,0.7722665805041604,2031
004/052-mft-AL25-DHAPPQ75,73,0.7771088467335932,2031
004/052-mft-AL25-DHAPPQ75,74,0.7928458240356453,2031
004/052-mft-AL25-DHAPPQ75,75,0.7780835573322266,2031
004/052-mft-AL25-DHAPPQ75,76,0.7990616558945954,2031
004/052-mft-AL25-DHAPPQ75,77,0.7728363902207377,2031
004/052-mft-AL25-DHAPPQ75,78,0.7469649217827651,2031
004/052-mft-AL25-DHAPPQ75,79,0.7634288615838556,2031
004/052-mft-AL25-DHAPPQ75,80,0.7895144414974302,2031
004/052-mft-AL25-DHAPPQ75,81,0.7735330384527735,2031
004/052-mft-AL25-DHAPPQ75,82,0.7744897045165072,2031
004/052-mft-AL25-DHAPPQ75,83,0.7763722923337172,2031
004/052-mft-AL25-DHAPPQ75,84,0.7397644869260006,2031
004/052-mft-AL25-DHAPPQ75,85,0.787394368564115,2031
004/052-mft-AL25-DHAPPQ75,86,0.7485828198371531,2031
004/052-mft-AL25-DHAPPQ75,87,0.7919731455091811,2031
004/052-mft-AL25-DHAPPQ75,88,0.7519967756412901,2031
004/052-mft-AL25-DHAPPQ75,89,0.7600866299378705,2031
004/052-mft-AL25-DHAPPQ75,90,0.8067949393050732,2031
004/052-mft-AL25-DHAPPQ75,91,0.7917683842373253,2031
004/052-mft-AL25-DHAPPQ75,92,0.7515196081810593,2031
004/052-mft-AL25-DHAPPQ75,93,0.7437730884325865,2031
004/052-mft-AL25-DHAPPQ75,94,0.7807741448585639,2031
004/052-mft-AL25-DHAPPQ75,95,0.7636268909285332,2031
004/052-mft-AL25-DHAPPQ75,96,0.8022795703583153,2031
004/052-mft-AL25-DHAPPQ75,97,0.7417915040649876,2031
004/052-mft-AL25-DHAPPQ75,98,0.7450994054147048,2031
004/052-mft-AL25-DHAPPQ75,99,0.771464880439476,2031
004/053-mft-ASAQ25-DHAPPQ75,0,0.7087020579393698,2031
004/053-mft-ASAQ25-DHAPPQ75,1,0.729088143620959,2031
004/053-mft-ASAQ25-DHAPPQ75,2,0.7448918456796361,2031
004/053-mft-ASAQ25-DHAPPQ75,3,0.7460577465359811,2031
004/053-mft-ASAQ25-DHAPPQ75,4,0.7336297610775796,2031
004/053-mft-ASAQ25-DHAPPQ75,5,0.7389589094392712,2031
004/053-mft-ASAQ25-DHAPPQ75,6,0.7286332986248326,2031
004/053-mft-ASAQ25-DHAPPQ75,7,0.7601623367128479,2031
004/053-mft-ASAQ25-DHAPPQ75,8,0.7601514263749295,2031
004/053-mft-ASAQ25-DHAPPQ75,9,0.7380580770518091,2031
004/053-mft-ASAQ25-DHAPPQ75,10,0.7468211706324855,2031
004/053-mft-ASAQ25-DHAPPQ75,11,0.7368431556499541,2031
004/053-mft-ASAQ25-DHAPPQ75,12,0.7477073514116684,2031
004/053-mft-ASAQ25-DHAPPQ75,13,0.7151603847554,2031
004/053-mft-ASAQ25-DHAPPQ75,14,0.730819961620469,2031
004/053-mft-ASAQ25-DHAPPQ75,15,0.7266870424363866,2031
004/053-mft-ASAQ25-DHAPPQ75,16,0.7500766851520533,2031
004/053-mft-ASAQ25-DHAPPQ75,17,0.7374120425769881,2031
004/053-mft-ASAQ25-DHAPPQ75,18,0.7323688440951334,2031
004/053-mft-ASAQ25-DHAPPQ75,19,0.7423193110179501,2031
004/053-mft-ASAQ25-DHAPPQ75,20,0.7546070387749078,2031
004/053-mft-ASAQ25-DHAPPQ75,21,0.7504575832628047,2031
004/053-mft-ASAQ25-DHAPPQ75,22,0.7494975197413557,2031
004/053-mft-ASAQ25-DHAPPQ75,23,0.7367701081204068,2031
004/053-mft-ASAQ25-DHAPPQ75,24,0.7330368799917175,2031
004/053-mft-ASAQ25-DHAPPQ75,25,0.7475714740842355,2031
004/053-mft-ASAQ25-DHAPPQ75,26,0.7402139414385775,2031
004/053-mft-ASAQ25-DHAPPQ75,27,0.7471661389784184,2031
004/053-mft-ASAQ25-DHAPPQ75,28,0.7295373481577988,2031
004/053-mft-ASAQ25-DHAPPQ75,29,0.7341039274870402,2031
004/053-mft-ASAQ25-DHAPPQ75,30,0.7558952747824779,2031
004/053-mft-ASAQ25-DHAPPQ75,31,0.7520625682843406,2031
004/053-mft-ASAQ25-DHAPPQ75,32,0.7521844469786837,2031
004/053-mft-ASAQ25-DHAPPQ75,33,0.7462694820919253,2031
004/053-mft-ASAQ25-DHAPPQ75,34,0.7302328081326555,2031
004/053-mft-ASAQ25-DHAPPQ75,35,0.7484796811166472,2031
004/053-mft-ASAQ25-DHAPPQ75,36,0.7335767823950369,2031
004/053-mft-ASAQ25-DHAPPQ75,37,0.7166368901978982,2031
004/053-mft-ASAQ25-DHAPPQ75,38,0.7440339322407192,2031
004/053-mft-ASAQ25-DHAPPQ75,39,0.7442265921047321,2031
004/053-mft-ASAQ25-DHAPPQ75,40,0.6978424372393155,2031
004/053-mft-ASAQ25-DHAPPQ75,41,0.7504047493155818,2031
004/053-mft-ASAQ25-DHAPPQ75,42,0.7083940411180958,2031
004/053-mft-ASAQ25-DHAPPQ75,43,0.7337643193270965,2031
004/053-mft-ASAQ25-DHAPPQ75,44,0.7269362398734943,2031
004/053-mft-ASAQ25-DHAPPQ75,45,0.7426365358679939,2031
004/053-mft-ASAQ25-DHAPPQ75,46,0.7608448499141257,2031
004/053-mft-ASAQ25-DHAPPQ75,47,0.7479436640910628,2031
004/053-mft-ASAQ25-DHAPPQ75,48,0.762617247550229,2031
004/053-mft-ASAQ25-DHAPPQ75,49,0.7563764399215192,2031
004/053-mft-ASAQ25-DHAPPQ75,50,0.7328981253363906,2031
004/053-mft-ASAQ25-DHAPPQ75,51,0.7278536252124624,2031
004/053-mft-ASAQ25-DHAPPQ75,52,0.7407631618564451,2031
004/053-mft-ASAQ25-DHAPPQ75,53,0.7818351768823736,2031
004/053-mft-ASAQ25-DHAPPQ75,54,0.7414593916739322,2031
004/053-mft-ASAQ25-DHAPPQ75,55,0.7382192427343955,2031
004/053-mft-ASAQ25-DHAPPQ75,56,0.7432149332900505,2031
004/053-mft-ASAQ25-DHAPPQ75,57,0.7534385211967791,2031
004/053-mft-ASAQ25-DHAPPQ75,58,0.7279591543305345,2031
004/053-mft-ASAQ25-DHAPPQ75,59,0.7240119771864849,2031
004/053-mft-ASAQ25-DHAPPQ75,60,0.7138126028331401,2031
004/053-mft-ASAQ25-DHAPPQ75,61,0.7272213010587493,2031
004/053-mft-ASAQ25-DHAPPQ75,62,0.7125093238078719,2031
004/053-mft-ASAQ25-DHAPPQ75,63,0.7258518024565381,2031
004/053-mft-ASAQ25-DHAPPQ75,64,0.7758060817543838,2031
004/053-mft-ASAQ25-DHAPPQ75,65,0.7398674920550935,2031
004/053-mft-ASAQ25-DHAPPQ75,66,0.7181365183261751,2031
004/053-mft-ASAQ25-DHAPPQ75,67,0.7198473970113528,2031
004/053-mft-ASAQ25-DHAPPQ75,68,0.7208239057264474,2031
004/053-mft-ASAQ25-DHAPPQ75,69,0.7399623130408622,2031
004/053-mft-ASAQ25-DHAPPQ75,70,0.7436952025412341,2031
004/053-mft-ASAQ25-DHAPPQ75,71,0.742346910060888,2031
004/053-mft-ASAQ25-DHAPPQ75,72,0.7400484690666991,2031
004/053-mft-ASAQ25-DHAPPQ75,73,0.7476325307708184,2031
004/053-mft-ASAQ25-DHAPPQ75,74,0.7419308429111084,2031
004/053-mft-ASAQ25-DHAPPQ75,75,0.7666493847085777,2031
004/053-mft-ASAQ25-DHAPPQ75,76,0.7208416701411674,2031
004/053-mft-ASAQ25-DHAPPQ75,77,0.7394502133911424,2031
004/053-mft-ASAQ25-DHAPPQ75,78,0.7360972523675394,2031
004/053-mft-ASAQ25-DHAPPQ75,79,0.743999551518682,2031
004/053-mft-ASAQ25-DHAPPQ75,80,0.7302771135893812,2031
004/053-mft-ASAQ25-DHAPPQ75,81,0.7880263831568316,2031
004/053-mft-ASAQ25-DHAPPQ75,82,0.6962427016534655,2031
004/053-mft-ASAQ25-DHAPPQ75,83,0.7505648316831742,2031
004/053-mft-ASAQ25-DHAPPQ75,84,0.7156765728361726,2031
004/053-mft-ASAQ25-DHAPPQ75,85,0.7374833953031504,2031
004/053-mft-ASAQ25-DHAPPQ75,86,0.7391274443880732,2031
004/053-mft-ASAQ25-DHAPPQ75,87,0.7446009561354758,2031
004/053-mft-ASAQ25-DHAPPQ75,88,0.7338264461369611,2031
004/053-mft-ASAQ25-DHAPPQ75,89,0.7298318803175562,2031
004/053-mft-ASAQ25-DHAPPQ75,90,0.7109955262028236,2031
004/053-mft-ASAQ25-DHAPPQ75,91,0.7373090993037011,2031
004/053-mft-ASAQ25-DHAPPQ75,92,0.7521735299572092,2031
004/053-mft-ASAQ25-DHAPPQ75,93,0.7412919380347286,2031
004/053-mft-ASAQ25-DHAPPQ75,94,0.7588665793023884,2031
004/053-mft-ASAQ25-DHAPPQ75,95,0.7608827290312963,2031
004/053-mft-ASAQ25-DHAPPQ75,96,0.7327603663276582,2031
004/053-mft-ASAQ25-DHAPPQ75,97,0.7223887516948452,2031
004/053-mft-ASAQ25-DHAPPQ75,98,0.7174430498159255,2031
004/053-mft-ASAQ25-DHAPPQ75,99,0.7345076008049186,2031
004/054-mft-AL75-ASAQ25,0,0.7785946824173172,2031
004/054-mft-AL75-ASAQ25,1,0.7828778678274947,2031
004/054-mft-AL75-ASAQ25,2,0.7416632902716557,2031
004/054-mft-AL75-ASAQ25,3,0.7716182646210653,2031
004/054-mft-AL75-ASAQ25,4,0.7523925610062759,2031
004/054-mft-AL75-ASAQ25,5,0.734941768358034,2031
004/054-mft-AL75-ASAQ25,6,0.7832512466047158,2031
004/054-mft-AL75-ASAQ25,7,0.8011140043744565,2031
004/054-mft-AL75-ASAQ25,8,0.7454508140353703,2031
004/054-mft-AL75-ASAQ25,9,0.7867283067664551,2031
004/054-mft-AL75-ASAQ25,10,0.7807404785907698,2031
004/054-mft-AL75-ASAQ25,11,0.765994706358653,2031
004/054-mft-AL75-ASAQ25,12,0.7814018035962356,2031
004/054-mft-AL75-ASAQ25,13,0.7668356999819569,2031
004/054-mft-AL75-ASAQ25,14,0.7602198650422624,2031
004/054-mft-AL75-ASAQ25,15,0.7599644812265169,2031
004/054-mft-AL75-ASAQ25,16,0.7821065943968953,2031
004/054-mft-AL75-ASAQ25,17,0.764781775565904,2031
004/054-mft-AL75-ASAQ25,18,0.7880512936670386,2031
004/054-mft-AL75-ASAQ25,19,0.7834868736357126,2031
004/054-mft-AL75-ASAQ25,20,0.7699519372580497,2031
004/054-mft-AL75-ASAQ25,21,0.7883772400239545,2031
004/054-mft-AL75-ASAQ25,22,0.775227894730944,2031
004/054-mft-AL75-ASAQ25,23,0.7518601952746433,2031
004/054-mft-AL75-ASAQ25,24,0.7971994981326261,2031
004/054-mft-AL75-ASAQ25,25,0.8019389390613897,2031
004/054-mft-AL75-ASAQ25,26,0.8241670995363117,2031
004/054-mft-AL75-ASAQ25,27,0.7787786971560843,2031
004/054-mft-AL75-ASAQ25,28,0.7807949783450497,2031
004/054-mft-AL75-ASAQ25,29,0.7666228009350963,2031
004/054-mft-AL75-ASAQ25,30,0.782753930176051,2031
004/054-mft-AL75-ASAQ25,31,0.7737004482372872,2031
004/054-mft-AL75-ASAQ25,32,0.7713859728585929,2031
004/054-mft-AL75-ASAQ25,33,0.7588881991829993,2031
004/054-mft-AL75-ASAQ25,34,0.7660451897540047,2031
004/054-mft-AL75-ASAQ25,35,0.7653418189204723,2031
004/054-mft-AL75-ASAQ25,36,0.7798119710890924,2031
004/054-mft-AL75-ASAQ25,37,0.762191528012074,2031
004/054-mft-AL75-ASAQ25,38,0.7972049237966505,2031
004/054-mft-AL75-ASAQ25,39,0.768476679413005,2031
004/054-mft-AL75-ASAQ25,40,0.7952353282321493,2031
004/054-mft-AL75-ASAQ25,41,0.7516404280865481,2031
004/054-mft-AL75-ASAQ25,42,0.7676053643069812,2031
004/054-mft-AL75-ASAQ25,43,0.7811228582667438,2031
004/054-mft-AL75-ASAQ25,44,0.7642238005779015,2031
004/054-mft-AL75-ASAQ25,45,0.7995863728723386,2031
004/054-mft-AL75-ASAQ25,46,0.7874480434466617,2031
004/054-mft-AL75-ASAQ25,47,0.7702951509613237,2031
004/054-mft-AL75-ASAQ25,48,0.7555379283828647,2031
004/054-mft-AL75-ASAQ25,49,0.772389963323918,2031
004/054-mft-AL75-ASAQ25,50,0.8000358819743928,2031
004/054-mft-AL75-ASAQ25,51,0.7897956330078312,2031
004/054-mft-AL75-ASAQ25,52,0.7576558313743819,2031
004/054-mft-AL75-ASAQ25,53,0.7778259769881997,2031
004/054-mft-AL75-ASAQ25,54,0.7928830320792472,2031
004/054-mft-AL75-ASAQ25,55,0.7965870692535953,2031
004/054-mft-AL75-ASAQ25,56,0.7618680233877003,2031
004/054-mft-AL75-ASAQ25,57,0.8030500850933838,2031
004/054-mft-AL75-ASAQ25,58,0.7606000936962584,2031
004/054-mft-AL75-ASAQ25,59,0.7912834561417493,2031
004/054-mft-AL75-ASAQ25,60,0.7745709427724145,2031
004/054-mft-AL75-ASAQ25,61,0.7551423925593457,2031
004/054-mft-AL75-ASAQ25,62,0.7606817153948996,2031
004/054-mft-AL75-ASAQ25,63,0.7825371445527102,2031
004/054-mft-AL75-ASAQ25,64,0.7616793753682107,2031
004/054-mft-AL75-ASAQ25,65,0.771758341565519,2031
004/054-mft-AL75-ASAQ25,66,0.7545033242930113,2031
004/054-mft-AL75-ASAQ25,67,0.7893145898861018,2031
004/054-mft-AL75-ASAQ25,68,0.7878624341411947,2031
004/054-mft-AL75-ASAQ25,69,0.774474565265597,2031
004/054-mft-AL75-ASAQ25,70,0.7377931872398905,2031
004/054-mft-AL75-ASAQ25,71,0.7537679900783069,2031
004/054-mft-AL75-ASAQ25,72,0.7553851439667215,2031
004/054-mft-AL75-ASAQ25,73,0.8028760668697004,2031
004/054-mft-AL75-ASAQ25,74,0.7784167093428355,2031
004/054-mft-AL75-ASAQ25,75,0.7526050400919996,2031
004/054-mft-AL75-ASAQ25,76,0.7783978063431588,2031
004/054-mft-AL75-ASAQ25,77,0.8066747275872265,2031
004/054-mft-AL75-ASAQ25,78,0.806632109597984,2031
004/054-mft-AL75-ASAQ25,79,0.7467074040902695,2031
004/054-mft-AL75-ASAQ25,80,0.7817316972900236,2031
004/054-mft-AL75-ASAQ25,81,0.7884729949726942,2031
004/054-mft-AL75-ASAQ25,82,0.799611334215567,2031
004/054-mft-AL75-ASAQ25,83,0.7742147697358304,2031
004/054-mft-AL75-ASAQ25,84,0.7771745077697325,2031
004/054-mft-AL75-ASAQ25,85,0.779956590005019,2031
004/054-mft-AL75-ASAQ25,86,0.789108645475528,2031
004/054-mft-AL75-ASAQ25,87,0.7542166073049695,2031
004/054-mft-AL75-ASAQ25,88,0.7710053750603879,2031
004/054-mft-AL75-ASAQ25,89,0.7693850882265675,2031
004/054-mft-AL75-ASAQ25,90,0.7503653787457575,2031
004/054-mft-AL75-ASAQ25,91,0.7743474318016288,2031
004/054-mft-AL75-ASAQ25,92,0.7993366641067766,2031
004/054-mft-AL75-ASAQ25,93,0.7867971159504311,2031
004/054-mft-AL75-ASAQ25,94,0.7724138220689739,2031
004/054-mft-AL75-ASAQ25,95,0.7667791121820081,2031
004/054-mft-AL75-ASAQ25,96,0.7909293725369416,2031
004/054-mft-AL75-ASAQ25,97,0.7358614292543503,2031
004/054-mft-AL75-ASAQ25,98,0.768985398834467,2031
004/054-mft-AL75-ASAQ25,99,0.779293111663459,2031
004/055-mft-AL75-DHAPPQ25,0,0.7838907423462872,2031
004/055-mft-AL75-DHAPPQ25,1,0.8332901248455639,2031
004/055-mft-AL75-DHAPPQ25,2,0.7909954138165638,2031
004/055-mft-AL75-DHAPPQ25,3,0.8089969588888621,2031
004/055-mft-AL75-DHAPPQ25,4,0.7873376521155642,2031
004/055-mft-AL75-DHAPPQ25,5,0.7715181012398308,2031
004/055-mft-AL75-DHAPPQ25,6,0.791274917003217,2031
004/055-mft-AL75-DHAPPQ25,7,0.7845736786904869,2031
004/055-mft-AL75-DHAPPQ25,8,0.7824199622041476,2031
004/055-mft-AL75-DHAPPQ25,9,0.7888703857227269,2031
004/055-mft-AL75-DHAPPQ25,10,0.7675730316640341,2031
004/055-mft-AL75-DHAPPQ25,11,0.7923852157248312,2031
004/055-mft-AL75-DHAPPQ25,12,0.7618197089405473,2031
004/055-mft-AL75-DHAPPQ25,13,0.7802642959177878,2031
004/055-mft-AL75-DHAPPQ25,14,0.7530329480774202,2031
004/055-mft-AL75-DHAPPQ25,15,0.7965721167276616,2031
004/055-mft-AL75-DHAPPQ25,16,0.767916782343841,2031
004/055-mft-AL75-DHAPPQ25,17,0.7774091737436182,2031
004/055-mft-AL75-DHAPPQ25,18,0.780334083909906,2031
004/055-mft-AL75-DHAPPQ25,19,0.7888271996670037,2031
004/055-mft-AL75-DHAPPQ25,20,0.7762474166425095,2031
004/055-mft-AL75-DHAPPQ25,21,0.7972258906712932,2031
004/055-mft-AL75-DHAPPQ25,22,0.7849706443823229,2031
004/055-mft-AL75-DHAPPQ25,23,0.7905604995498271,2031
004/055-mft-AL75-DHAPPQ25,24,0.7778362716312929,2031
004/055-mft-AL75-DHAPPQ25,25,0.7641894057464995,2031
004/055-mft-AL75-DHAPPQ25,26,0.7674701688138588,2031
004/055-mft-AL75-DHAPPQ25,27,0.7786852508567615,2031
004/055-mft-AL75-DHAPPQ25,28,0.7989916837578644,2031
004/055-mft-AL75-DHAPPQ25,29,0.8175262429994951,2031
004/055-mft-AL75-DHAPPQ25,30,0.8026769468075546,2031
004/055-mft-AL75-DHAPPQ25,31,0.7859026753190032,2031
004/055-mft-AL75-DHAPPQ25,32,0.8028023623494218,2031
004/055-mft-AL75-DHAPPQ25,33,0.7941201166072887,2031
004/055-mft-AL75-DHAPPQ25,34,0.773507018627794,2031
004/055-mft-AL75-DHAPPQ25,35,0.7717562942962949,2031
004/055-mft-AL75-DHAPPQ25,36,0.7639608658554361,2031
004/055-mft-AL75-DHAPPQ25,37,0.7986291844949481,2031
004/055-mft-AL75-DHAPPQ25,38,0.7845826340459506,2031
004/055-mft-AL75-DHAPPQ25,39,0.7864435464186624,2031
004/055-mft-AL75-DHAPPQ25,40,0.7752184791726752,2031
004/055-mft-AL75-DHAPPQ25,41,0.7522461650542925,2031
004/055-mft-AL75-DHAPPQ25,42,0.7936368438761737,2031
004/055-mft-AL75-DHAPPQ25,43,0.7470701389861004,2031
004/055-mft-AL75-DHAPPQ25,44,0.7742755099337125,2031
004/055-mft-AL75-DHAPPQ25,45,0.7707717701363678,2031
004/055-mft-AL75-DHAPPQ25,46,0.7683759374028956,2031
004/055-mft-AL75-DHAPPQ25,47,0.7904630213868243,2031
004/055-mft-AL75-DHAPPQ25,48,0.8151818236587948,2031
004/055-mft-AL75-DHAPPQ25,49,0.760698063243009,2031
004/055-mft-AL75-DHAPPQ25,50,0.7814869319870358,2031
004/055-mft-AL75-DHAPPQ25,51,0.792773821334538,2031
004/055-mft-AL75-DHAPPQ25,52,0.7831090324797193,2031
004/055-mft-AL75-DHAPPQ25,53,0.7646317116162201,2031
004/055-mft-AL75-DHAPPQ25,54,0.7888373397444214,2031
004/055-mft-AL75-DHAPPQ25,55,0.7772098266436105,2031
004/055-mft-AL75-DHAPPQ25,56,0.7721856653439665,2031
004/055-mft-AL75-DHAPPQ25,57,0.7516171316233716,2031
004/055-mft-AL75-DHAPPQ25,58,0.7796876085369044,2031
004/055-mft-AL75-DHAPPQ25,59,0.7719007831907313,2031
004/055-mft-AL75-DHAPPQ25,60,0.7747489411924321,2031
004/055-mft-AL75-DHAPPQ25,61,0.7778491594219892,2031
004/055-mft-AL75-DHAPPQ25,62,0.7762177625923682,2031
004/055-mft-AL75-DHAPPQ25,63,0.7568502173830449,2031
004/055-mft-AL75-DHAPPQ25,64,0.7980664914813218,2031
004/055-mft-AL75-DHAPPQ25,65,0.7673759857006474,2031
004/055-mft-AL75-DHAPPQ25,66,0.7780568050436226,2031
004/055-mft-AL75-DHAPPQ25,67,0.7931123116020492,2031
004/055-mft-AL75-DHAPPQ25,68,0.797467395808404,2031
004/055-mft-AL75-DHAPPQ25,69,0.7770696243147585,2031
004/055-mft-AL75-DHAPPQ25,70,0.7880143371902356,2031
004/055-mft-AL75-DHAPPQ25,71,0.7778948378293168,2031
004/055-mft-AL75-DHAPPQ25,72,0.7990910991683663,2031
004/055-mft-AL75-DHAPPQ25,73,0.7866518688918657,2031
004/055-mft-AL75-DHAPPQ25,74,0.8110200385701548,2031
004/055-mft-AL75-DHAPPQ25,75,0.8006741993326942,2031
004/055-mft-AL75-DHAPPQ25,76,0.7810698840421861,2031
004/055-mft-AL75-DHAPPQ25,77,0.7700828388962665,2031
004/055-mft-AL75-DHAPPQ25,78,0.7773122292560525,2031
004/055-mft-AL75-DHAPPQ25,79,0.7551136557222559,2031
004/055-mft-AL75-DHAPPQ25,80,0.7809582975448257,2031
004/055-mft-AL75-DHAPPQ25,81,0.8209382380805655,2031
004/055-mft-AL75-DHAPPQ25,82,0.769014562242714,2031
004/055-mft-AL75-DHAPPQ25,83,0.7998768371366309,2031
004/055-mft-AL75-DHAPPQ25,84,0.7618604987050008,2031
004/055-mft-AL75-DHAPPQ25,85,0.8091704705421429,2031
004/055-mft-AL75-DHAPPQ25,86,0.7665249275354951,2031
004/055-mft-AL75-DHAPPQ25,87,0.7654698380482575,2031
004/055-mft-AL75-DHAPPQ25,88,0.7943889962959739,2031
004/055-mft-AL75-DHAPPQ25,89,0.767777073164316,2031
004/055-mft-AL75-DHAPPQ25,90,0.769818330001237,2031
004/055-mft-AL75-DHAPPQ25,91,0.8095977433031828,2031
004/055-mft-AL75-DHAPPQ25,92,0.791205784775323,2031
004/055-mft-AL75-DHAPPQ25,93,0.784722368820517,2031
004/055-mft-AL75-DHAPPQ25,94,0.768634432009829,2031
004/055-mft-AL75-DHAPPQ25,95,0.7943741847527218,2031
004/055-mft-AL75-DHAPPQ25,96,0.7884270674279579,2031
004/055-mft-AL75-DHAPPQ25,97,0.7888653290746982,2031
004/055-mft-AL75-DHAPPQ25,98,0.7685199911070587,2031
004/055-mft-AL75-DHAPPQ25,99,0.779404399035068,2031
004/056-mft-ASAQ75-DHAPPQ25,0,0.6389587109035619,2031
004/056-mft-ASAQ75-DHAPPQ25,1,0.6588122953526094,2031
004/056-mft-ASAQ75-DHAPPQ25,2,0.6559625749444592,2031
004/056-mft-ASAQ75-DHAPPQ25,3,0.7017034972122681,2031
004/056-mft-ASAQ75-DHAPPQ25,4,0.6512511911704981,2031
004/056-mft-ASAQ75-DHAPPQ25,5,0.6676711103916424,2031
004/056-mft-ASAQ75-DHAPPQ25,6,0.6682528088322613,2031
004/056-mft-ASAQ75-DHAPPQ25,7,0.6732691315851312,2031
004/056-mft-ASAQ75-DHAPPQ25,8,0.6738418627315403,2031
004/056-mft-ASAQ75-DHAPPQ25,9,0.6725964089636359,2031
004/056-mft-ASAQ75-DHAPPQ25,10,0.6575989963525745,2031
004/056-mft-ASAQ75-DHAPPQ25,11,0.6704504787769499,2031
004/056-mft-ASAQ75-DHAPPQ25,12,0.6657476366509014,2031
004/056-mft-ASAQ75-DHAPPQ25,13,0.6173850974800931,2031
004/056-mft-ASAQ75-DHAPPQ25,14,0.6796336171663611,2031
004/056-mft-ASAQ75-DHAPPQ25,15,0.6467989283948689,2031
004/056-mft-ASAQ75-DHAPPQ25,16,0.6707378776160132,2031
004/056-mft-ASAQ75-DHAPPQ25,17,0.679727660695438,2031
004/056-mft-ASAQ75-DHAPPQ25,18,0.6720053694712632,2031
004/056-mft-ASAQ75-DHAPPQ25,19,0.6638166450988977,2031
004/056-mft-ASAQ75-DHAPPQ25,20,0.6592625910297393,2031
004/056-mft-ASAQ75-DHAPPQ25,21,0.6493387871391257,2031
004/056-mft-ASAQ75-DHAPPQ25,22,0.6603237016112063,2031
004/056-mft-ASAQ75-DHAPPQ25,23,0.6697000643745809,2031
004/056-mft-ASAQ75-DHAPPQ25,24,0.6635847414506872,2031
004/056-mft-ASAQ75-DHAPPQ25,25,0.6355013593531219,2031
004/056-mft-ASAQ75-DHAPPQ25,26,0.6512228281450655,2031
004/056-mft-ASAQ75-DHAPPQ25,27,0.6825939091531416,2031
004/056-mft-ASAQ75-DHAPPQ25,28,0.6518087020643474,2031
004/056-mft-ASAQ75-DHAPPQ25,29,0.6817758878443408,2031
004/056-mft-ASAQ75-DHAPPQ25,30,0.6898919326859406,2031
004/056-mft-ASAQ75-DHAPPQ25,31,0.678553673757018,2031
004/056-mft-ASAQ75-DHAPPQ25,32,0.6756321129065265,2031
004/056-mft-ASAQ75-DHAPPQ25,33,0.6534994440681197,2031
004/056-mft-ASAQ75-DHAPPQ25,34,0.6609231760804664,2031
004/056-mft-ASAQ75-DHAPPQ25,35,0.6807658649987226,2031
004/056-mft-ASAQ75-DHAPPQ25,36,0.640456074969822,2031
004/056-mft-ASAQ75-DHAPPQ25,37,0.6546286646342444,2031
004/056-mft-ASAQ75-DHAPPQ25,38,0.7156338420597507,2031
004/056-mft-ASAQ75-DHAPPQ25,39,0.6382339518767776,2031
004/056-mft-ASAQ75-DHAPPQ25,40,0.6848822987945672,2031
004/056-mft-ASAQ75-DHAPPQ25,41,0.6624559780307909,2031
004/056-mft-ASAQ75-DHAPPQ25,42,0.6842026354323195,2031
004/056-mft-ASAQ75-DHAPPQ25,43,0.6489003079306899,2031
004/056-mft-ASAQ75-DHAPPQ25,44,0.6434627123258302,2031
004/056-mft-ASAQ75-DHAPPQ25,45,0.6474202991576549,2031
004/056-mft-ASAQ75-DHAPPQ25,46,0.6358352084133201,2031
004/056-mft-ASAQ75-DHAPPQ25,47,0.6676499706967945,2031
004/056-mft-ASAQ75-DHAPPQ25,48,0.6639590953421833,2031
004/056-mft-ASAQ75-DHAPPQ25,49,0.65848359066694,2031
004/056-mft-ASAQ75-DHAPPQ25,50,0.6572116689304078,2031
004/056-mft-ASAQ75-DHAPPQ25,51,0.673692527350186,2031
004/056-mft-ASAQ75-DHAPPQ25,52,0.6686753766133567,2031
004/056-mft-ASAQ75-DHAPPQ25,53,0.6651721268086132,2031
004/056-mft-ASAQ75-DHAPPQ25,54,0.6617238093960179,2031
004/056-mft-ASAQ75-DHAPPQ25,55,0.7174030237985285,2031
004/056-mft-ASAQ75-DHAPPQ25,56,0.6552251060091255,2031
004/056-mft-ASAQ75-DHAPPQ25,57,0.6658679121590921,2031
004/056-mft-ASAQ75-DHAPPQ25,58,0.674082689359227,2031
004/056-mft-ASAQ75-DHAPPQ25,59,0.6827634825119802,2031
004/056-mft-ASAQ75-DHAPPQ25,60,0.6633598399221892,2031
004/056-mft-ASAQ75-DHAPPQ25,61,0.6523928049124473,2031
004/056-mft-ASAQ75-DHAPPQ25,62,0.6785160456455929,2031
004/056-mft-ASAQ75-DHAPPQ25,63,0.6584806146931281,2031
004/056-mft-ASAQ75-DHAPPQ25,64,0.6643351566298037,2031
004/056-mft-ASAQ75-DHAPPQ25,65,0.6553737277740442,2031
004/056-mft-ASAQ75-DHAPPQ25,66,0.6199685048879408,2031
004/056-mft-ASAQ75-DHAPPQ25,67,0.6559145483732477,2031
004/056-mft-ASAQ75-DHAPPQ25,68,0.6372323736773712,2031
004/056-mft-ASAQ75-DHAPPQ25,69,0.6825150842971036,2031
004/056-mft-ASAQ75-DHAPPQ25,70,0.6762150955658003,2031
004/056-mft-ASAQ75-DHAPPQ25,71,0.6668455087808306,2031
004/056-mft-ASAQ75-DHAPPQ25,72,0.6560541051309701,2031
004/056-mft-ASAQ75-DHAPPQ25,73,0.6823717496080337,2031
004/056-mft-ASAQ75-DHAPPQ25,74,0.6528741009478133,2031
004/056-mft-ASAQ75-DHAPPQ25,75,0.6708481071205612,2031
004/056-mft-ASAQ75-DHAPPQ25,76,0.6862479569306851,2031
004/056-mft-ASAQ75-DHAPPQ25,77,0.6685077112608343,2031
004/056-mft-ASAQ75-DHAPPQ25,78,0.6308023197544687,2031
004/056-mft-ASAQ75-DHAPPQ25,79,0.6352130918816438,2031
004/056-mft-ASAQ75-DHAPPQ25,80,0.6948704791635238,2031
004/056-mft-ASAQ75-DHAPPQ25,81,0.642922310005618,2031
004/056-mft-ASAQ75-DHAPPQ25,82,0.6248492745031449,2031
004/056-mft-ASAQ75-DHAPPQ25,83,0.6741743899520483,2031
004/056-mft-ASAQ75-DHAPPQ25,84,0.6575822466227043,2031
004/056-mft-ASAQ75-DHAPPQ25,85,0.6582313223111502,2031
004/056-mft-ASAQ75-DHAPPQ25,86,0.6373651180138914,2031
004/056-mft-ASAQ75-DHAPPQ25,87,0.6326647606131637,2031
004/056-mft-ASAQ75-DHAPPQ25,88,0.6688574477564958,2031
004/056-mft-ASAQ75-DHAPPQ25,89,0.6951485060895402,2031
004/056-mft-ASAQ75-DHAPPQ25,90,0.6617807638362169,2031
004/056-mft-ASAQ75-DHAPPQ25,91,0.6758669595955157,2031
004/056-mft-ASAQ75-DHAPPQ25,92,0.6860314170378011,2031
004/056-mft-ASAQ75-DHAPPQ25,93,0.6580927359570379,2031
004/056-mft-ASAQ75-DHAPPQ25,94,0.677191465575258,2031
004/056-mft-ASAQ75-DHAPPQ25,95,0.6764153528915778,2031
004/056-mft-ASAQ75-DHAPPQ25,96,0.6557750457206112,2031
004/056-mft-ASAQ75-DHAPPQ25,97,0.641193207950436,2031
004/056-mft-ASAQ75-DHAPPQ25,98,0.6846541287529022,2031
004/056-mft-ASAQ75-DHAPPQ25,99,0.670159283592355,2031
004/057-mft-AL50-ASAQ50,0,0.7345853661340186,2031
004/057-mft-AL50-ASAQ50,1,0.7155047334785508,2031
004/057-mft-AL50-ASAQ50,2,0.7486407993045446,2031
004/057-mft-AL50-ASAQ50,3,0.7284894173695915,2031
004/057-mft-AL50-ASAQ50,4,0.7277358776037893,2031
004/057-mft-AL50-ASAQ50,5,0.7211306285237816,2031
004/057-mft-AL50-ASAQ50,6,0.7089845481043707,2031
004/057-mft-AL50-ASAQ50,7,0.7351801311994225,2031
004/057-mft-AL50-ASAQ50,8,0.7197308183616856,2031
004/057-mft-AL50-ASAQ50,9,0.7415761964400014,2031
004/057-mft-AL50-ASAQ50,10,0.7391376644457764,2031
004/057-mft-AL50-ASAQ50,11,0.7273383071718068,2031
004/057-mft-AL50-ASAQ50,12,0.737741618125083,2031
004/057-mft-AL50-ASAQ50,13,0.7285621306933163,2031
004/057-mft-AL50-ASAQ50,14,0.7162876140058004,2031
004/057-mft-AL50-ASAQ50,15,0.7508468446148103,2031
004/057-mft-AL50-ASAQ50,16,0.7343346501158626,2031
004/057-mft-AL50-ASAQ50,17,0.71715337612956,2031
004/057-mft-AL50-ASAQ50,18,0.7261820665950628,2031
004/057-mft-AL50-ASAQ50,19,0.7287266737811042,2031
004/057-mft-AL50-ASAQ50,20,0.7469707967104293,2031
004/057-mft-AL50-ASAQ50,21,0.7514950138179811,2031
004/057-mft-AL50-ASAQ50,22,0.7081451439739525,2031
004/057-mft-AL50-ASAQ50,23,0.7640473031095484,2031
004/057-mft-AL50-ASAQ50,24,0.7225907552089498,2031
004/057-mft-AL50-ASAQ50,25,0.7554236418892347,2031
004/057-mft-AL50-ASAQ50,26,0.7380228627319122,2031
004/057-mft-AL50-ASAQ50,27,0.7329543902322916,2031
004/057-mft-AL50-ASAQ50,28,0.7198898647874556,2031
004/057-mft-AL50-ASAQ50,29,0.7423984227842445,2031
004/057-mft-AL50-ASAQ50,30,0.7148710786347761,2031
004/057-mft-AL50-ASAQ50,31,0.7341927921924417,2031
004/057-mft-AL50-ASAQ50,32,0.7488107977244279,2031
004/057-mft-AL50-ASAQ50,33,0.7310207103288503,2031
004/057-mft-AL50-ASAQ50,34,0.7239438417179218,2031
004/057-mft-AL50-ASAQ50,35,0.7255728632617942,2031
004/057-mft-AL50-ASAQ50,36,0.7762255070478675,2031
004/057-mft-AL50-ASAQ50,37,0.7213407604694457,2031
004/057-mft-AL50-ASAQ50,38,0.7443089282865638,2031
004/057-mft-AL50-ASAQ50,39,0.7323097849884367,2031
004/057-mft-AL50-ASAQ50,40,0.7332434104720851,2031
004/057-mft-AL50-ASAQ50,41,0.7294066805656819,2031
004/057-mft-AL50-ASAQ50,42,0.7374697265545264,2031
004/057-mft-AL50-ASAQ50,43,0.7362456078176757,2031
004/057-mft-AL50-ASAQ50,44,0.7415707729824144,2031
004/057-mft-AL50-ASAQ50,45,0.7156552460414717,2031
004/057-mft-AL50-ASAQ50,46,0.7039777609645941,2031
004/057-mft-AL50-ASAQ50,47,0.7599836122320022,2031
004/057-mft-AL50-ASAQ50,48,0.7234955753679481,2031
004/057-mft-AL50-ASAQ50,49,0.7425652441230618,2031
004/057-mft-AL50-ASAQ50,50,0.7360338380568311,2031
004/057-mft-AL50-ASAQ50,51,0.7385114738823413,2031
004/057-mft-AL50-ASAQ50,52,0.7182014214745971,2031
004/057-mft-AL50-ASAQ50,53,0.7369463948084768,2031
004/057-mft-AL50-ASAQ50,54,0.7328188394287459,2031
004/057-mft-AL50-ASAQ50,55,0.7648942620225808,2031
004/057-mft-AL50-ASAQ50,56,0.7306719075788336,2031
004/057-mft-AL50-ASAQ50,57,0.7221075039727034,2031
004/057-mft-AL50-ASAQ50,58,0.705728721097481,2031
004/057-mft-AL50-ASAQ50,59,0.7346028087428192,2031
004/057-mft-AL50-ASAQ50,60,0.7244975498722503,2031
004/057-mft-AL50-ASAQ50,61,0.7502137141687304,2031
004/057-mft-AL50-ASAQ50,62,0.7168857833736237,2031
004/057-mft-AL50-ASAQ50,63,0.749857108517236,2031
004/057-mft-AL50-ASAQ50,64,0.7443061784063035,2031
004/057-mft-AL50-ASAQ50,65,0.747607186435713,2031
004/057-mft-AL50-ASAQ50,66,0.7387078175135006,2031
004/057-mft-AL50-ASAQ50,67,0.7742438413311166,2031
004/057-mft-AL50-ASAQ50,68,0.7518757673127463,2031
004/057-mft-AL50-ASAQ50,69,0.7091865359719559,2031
004/057-mft-AL50-ASAQ50,70,0.7044612559414049,2031
004/057-mft-AL50-ASAQ50,71,0.7160911504115423,2031
004/057-mft-AL50-ASAQ50,72,0.718569212970877,2031
004/057-mft-AL50-ASAQ50,73,0.7088272267496868,2031
004/057-mft-AL50-ASAQ50,74,0.7481568131103643,2031
004/057-mft-AL50-ASAQ50,75,0.7367885658710329,2031
004/057-mft-AL50-ASAQ50,76,0.7618305572997516,2031
004/057-mft-AL50-ASAQ50,77,0.7595853200880561,2031
004/057-mft-AL50-ASAQ50,78,0.71900084091041,2031
004/057-mft-AL50-ASAQ50,79,0.7613678301619177,2031
004/057-mft-AL50-ASAQ50,80,0.7182757920222045,2031
004/057-mft-AL50-ASAQ50,81,0.7339864395853214,2031
004/057-mft-AL50-ASAQ50,82,0.7584235820669946,2031
004/057-mft-AL50-ASAQ50,83,0.7516986074522461,2031
004/057-mft-AL50-ASAQ50,84,0.722491870573713,2031
004/057-mft-AL50-ASAQ50,85,0.7402841191315449,2031
004/057-mft-AL50-ASAQ50,86,0.7121233461302438,2031
004/057-mft-AL50-ASAQ50,87,0.7363401963676135,2031
004/057-mft-AL50-ASAQ50,88,0.692212151076767,2031
004/057-mft-AL50-ASAQ50,89,0.7385115827568017,2031
004/057-mft-AL50-ASAQ50,90,0.7261508920215926,2031
004/057-mft-AL50-ASAQ50,91,0.7273193382024318,2031
004/057-mft-AL50-ASAQ50,92,0.7180681043266465,2031
004/057-mft-AL50-ASAQ50,93,0.7397167679090987,2031
004/057-mft-AL50-ASAQ50,94,0.7256012224014032,2031
004/057-mft-AL50-ASAQ50,95,0.7454644354885174,2031
004/057-mft-AL50-ASAQ50,96,0.719961041146716,2031
004/057-mft-AL50-ASAQ50,97,0.7476814290501861,2031
004/057-mft-AL50-ASAQ50,98,0.7511392350871242,2031
004/057-mft-AL50-ASAQ50,99,0.7317603489148387,2031
004/058-mft-AL50-DHAPPQ50,0,0.7663384129906349,2031
004/058-mft-AL50-DHAPPQ50,1,0.7837596726926269,2031
004/058-mft-AL50-DHAPPQ50,2,0.7987844268166295,2031
004/058-mft-AL50-DHAPPQ50,3,0.7713234355534181,2031
004/058-mft-AL50-DHAPPQ50,4,0.7655710717675581,2031
004/058-mft-AL50-DHAPPQ50,5,0.7576951287985656,2031
004/058-mft-AL50-DHAPPQ50,6,0.7610083138662724,2031
004/058-mft-AL50-DHAPPQ50,7,0.7630372785656273,2031
004/058-mft-AL50-DHAPPQ50,8,0.7691874298446812,2031
004/058-mft-AL50-DHAPPQ50,9,0.7553217432395142,2031
004/058-mft-AL50-DHAPPQ50,10,0.7695891595205516,2031
004/058-mft-AL50-DHAPPQ50,11,0.7656887070311492,2031
004/058-mft-AL50-DHAPPQ50,12,0.7769075299232142,2031
004/058-mft-AL50-DHAPPQ50,13,0.7603490002500544,2031
004/058-mft-AL50-DHAPPQ50,14,0.8072684356505019,2031
004/058-mft-AL50-DHAPPQ50,15,0.7570874486040872,2031
004/058-mft-AL50-DHAPPQ50,16,0.7829190094436017,2031
004/058-mft-AL50-DHAPPQ50,17,0.7635906724728626,2031
004/058-mft-AL50-DHAPPQ50,18,0.7635216038535647,2031
004/058-mft-AL50-DHAPPQ50,19,0.7422258782971435,2031
004/058-mft-AL50-DHAPPQ50,20,0.7911440938221203,2031
004/058-mft-AL50-DHAPPQ50,21,0.7658164879232517,2031
004/058-mft-AL50-DHAPPQ50,22,0.7556411807665556,2031
004/058-mft-AL50-DHAPPQ50,23,0.7652226025111627,2031
004/058-mft-AL50-DHAPPQ50,24,0.7647653953679546,2031
004/058-mft-AL50-DHAPPQ50,25,0.7508755371562351,2031
004/058-mft-AL50-DHAPPQ50,26,0.7482407118854605,2031
004/058-mft-AL50-DHAPPQ50,27,0.7473010027168422,2031
004/058-mft-AL50-DHAPPQ50,28,0.7360647508400261,2031
004/058-mft-AL50-DHAPPQ50,29,0.7677026861408568,2031
004/058-mft-AL50-DHAPPQ50,30,0.7869175961814262,2031
004/058-mft-AL50-DHAPPQ50,31,0.7562196878978579,2031
004/058-mft-AL50-DHAPPQ50,32,0.7394905148809952,2031
004/058-mft-AL50-DHAPPQ50,33,0.7868296345364412,2031
004/058-mft-AL50-DHAPPQ50,34,0.7615433986874515,2031
004/058-mft-AL50-DHAPPQ50,35,0.7592479819471748,2031
004/058-mft-AL50-DHAPPQ50,36,0.7874436126994481,2031
004/058-mft-AL50-DHAPPQ50,37,0.764591941869673,2031
004/058-mft-AL50-DHAPPQ50,38,0.7522576959347244,2031
004/058-mft-AL50-DHAPPQ50,39,0.7416367218939461,2031
004/058-mft-AL50-DHAPPQ50,40,0.7657166249946469,2031
004/058-mft-AL50-DHAPPQ50,41,0.7556653252365372,2031
004/058-mft-AL50-DHAPPQ50,42,0.7443170022618659,2031
004/058-mft-AL50-DHAPPQ50,43,0.7383350326367939,2031
004/058-mft-AL50-DHAPPQ50,44,0.769955054972622,2031
004/058-mft-AL50-DHAPPQ50,45,0.7447774073206199,2031
004/058-mft-AL50-DHAPPQ50,46,0.80715947073247,2031
004/058-mft-AL50-DHAPPQ50,47,0.7650974091070246,2031
004/058-mft-AL50-DHAPPQ50,48,0.7632999089190732,2031
004/058-mft-AL50-DHAPPQ50,49,0.7744716303329104,2031
004/058-mft-AL50-DHAPPQ50,50,0.7718462928212396,2031
004/058-mft-AL50-DHAPPQ50,51,0.7341849722539423,2031
004/058-mft-AL50-DHAPPQ50,52,0.7559278224426348,2031
004/058-mft-AL50-DHAPPQ50,53,0.7367067394025307,2031
004/058-mft-AL50-DHAPPQ50,54,0.7413290191279276,2031
004/058-mft-AL50-DHAPPQ50,55,0.775136398406498,2031
004/058-mft-AL50-DHAPPQ50,56,0.770048423069516,2031
004/058-mft-AL50-DHAPPQ50,57,0.7729644138716306,2031
004/058-mft-AL50-DHAPPQ50,58,0.7530424743136811,2031
004/058-mft-AL50-DHAPPQ50,59,0.7611308348160412,2031
004/058-mft-AL50-DHAPPQ50,60,0.7535722172283497,2031
004/058-mft-AL50-DHAPPQ50,61,0.7577713163289249,2031
004/058-mft-AL50-DHAPPQ50,62,0.7520843047614346,2031
004/058-mft-AL50-DHAPPQ50,63,0.7460505562125103,2031
004/058-mft-AL50-DHAPPQ50,64,0.7461089945212368,2031
004/058-mft-AL50-DHAPPQ50,65,0.7574177407460628,2031
004/058-mft-AL50-DHAPPQ50,66,0.7737413719064596,2031
004/058-mft-AL50-DHAPPQ50,67,0.7825214246287172,2031
004/058-mft-AL50-DHAPPQ50,68,0.7588254515577816,2031
004/058-mft-AL50-DHAPPQ50,69,0.7629527976604557,2031
004/058-mft-AL50-DHAPPQ50,70,0.7711994554796866,2031
004/058-mft-AL50-DHAPPQ50,71,0.7570975470231281,2031
004/058-mft-AL50-DHAPPQ50,72,0.7146145716330854,2031
004/058-mft-AL50-DHAPPQ50,73,0.7207925925095466,2031
004/058-mft-AL50-DHAPPQ50,74,0.7561098716128608,2031
004/058-mft-AL50-DHAPPQ50,75,0.7383990220880934,2031
004/058-mft-AL50-DHAPPQ50,76,0.7643492870485972,2031
004/058-mft-AL50-DHAPPQ50,77,0.7357473412737815,2031
004/058-mft-AL50-DHAPPQ50,78,0.753686073994369,2031
004/058-mft-AL50-DHAPPQ50,79,0.7424609177169706,2031
004/058-mft-AL50-DHAPPQ50,80,0.7592146995090386,2031
004/058-mft-AL50-DHAPPQ50,81,0.771089139693018,2031
004/058-mft-AL50-DHAPPQ50,82,0.7819692188188642,2031
004/058-mft-AL50-DHAPPQ50,83,0.7841303747144415,2031
004/058-mft-AL50-DHAPPQ50,84,0.7620833517374089,2031
004/058-mft-AL50-DHAPPQ50,85,0.7683582946030793,2031
004/058-mft-AL50-DHAPPQ50,86,0.8060356489195558,2031
004/058-mft-AL50-DHAPPQ50,87,0.7513412224999452,2031
004/058-mft-AL50-DHAPPQ50,88,0.7496835822300328,2031
004/058-mft-AL50-DHAPPQ50,89,0.7482123128557484,2031
004/058-mft-AL50-DHAPPQ50,90,0.7418683345630103,2031
004/058-mft-AL50-DHAPPQ50,91,0.7707535499429695,2031
004/058-mft-AL50-DHAPPQ50,92,0.7732051361717316,2031
004/058-mft-AL50-DHAPPQ50,93,0.7508476504724695,2031
004/058-mft-AL50-DHAPPQ50,94,0.7578605072376435,2031
004/058-mft-AL50-DHAPPQ50,95,0.7780650527504429,2031
004/058-mft-AL50-DHAPPQ50,96,0.757633351327458,2031
004/058-mft-AL50-DHAPPQ50,97,0.7635885533553964,2031
004/058-mft-AL50-DHAPPQ50,98,0.7500123629635365,2031
004/058-mft-AL50-DHAPPQ50,99,0.7297081526076724,2031
004/059-mft-ASAQ50-DHAPPQ50,0,0.7233771395594027,2031
004/059-mft-ASAQ50-DHAPPQ50,1,0.6799397561932623,2031
004/059-mft-ASAQ50-DHAPPQ50,2,0.6853230909770454,2031
004/059-mft-ASAQ50-DHAPPQ50,3,0.7075123055814502,2031
004/059-mft-ASAQ50-DHAPPQ50,4,0.6919832971154873,2031
004/059-mft-ASAQ50-DHAPPQ50,5,0.6976828926944711,2031
004/059-mft-ASAQ50-DHAPPQ50,6,0.7101703042933775,2031
004/059-mft-ASAQ50-DHAPPQ50,7,0.6882110855353388,2031
004/059-mft-ASAQ50-DHAPPQ50,8,0.7015138079373093,2031
004/059-mft-ASAQ50-DHAPPQ50,9,0.6641056869970835,2031
004/059-mft-ASAQ50-DHAPPQ50,10,0.6747773014800815,2031
004/059-mft-ASAQ50-DHAPPQ50,11,0.7210522182480475,2031
004/059-mft-ASAQ50-DHAPPQ50,12,0.7077745285373593,2031
004/059-mft-ASAQ50-DHAPPQ50,13,0.6824468986181006,2031
004/059-mft-ASAQ50-DHAPPQ50,14,0.6621898178981523,2031
004/059-mft-ASAQ50-DHAPPQ50,15,0.6637415615919079,2031
004/059-mft-ASAQ50-DHAPPQ50,16,0.6705510719146432,2031
004/059-mft-ASAQ50-DHAPPQ50,17,0.6767278584631891,2031
004/059-mft-ASAQ50-DHAPPQ50,18,0.6817466077970692,2031
004/059-mft-ASAQ50-DHAPPQ50,19,0.6672110311525464,2031
004/059-mft-ASAQ50-DHAPPQ50,20,0.69863344913333,2031
004/059-mft-ASAQ50-DHAPPQ50,21,0.699058835163007,2031
004/059-mft-ASAQ50-DHAPPQ50,22,0.6972750733857912,2031
004/059-mft-ASAQ50-DHAPPQ50,23,0.6205617080270723,2031
004/059-mft-ASAQ50-DHAPPQ50,24,0.6772206798710475,2031
004/059-mft-ASAQ50-DHAPPQ50,25,0.714876582560835,2031
004/059-mft-ASAQ50-DHAPPQ50,26,0.6701644493505982,2031
004/059-mft-ASAQ50-DHAPPQ50,27,0.6727958860142741,2031
004/059-mft-ASAQ50-DHAPPQ50,28,0.7025114078608691,2031
004/059-mft-ASAQ50-DHAPPQ50,29,0.659243581037883,2031
004/059-mft-ASAQ50-DHAPPQ50,30,0.7177513388486458,2031
004/059-mft-ASAQ50-DHAPPQ50,31,0.682196870347271,2031
004/059-mft-ASAQ50-DHAPPQ50,32,0.7103598775882204,2031
004/059-mft-ASAQ50-DHAPPQ50,33,0.6932636280413947,2031
004/059-mft-ASAQ50-DHAPPQ50,34,0.6979842503898426,2031
004/059-mft-ASAQ50-DHAPPQ50,35,0.7015324825534927,2031
004/059-mft-ASAQ50-DHAPPQ50,36,0.7045875894205547,2031
004/059-mft-ASAQ50-DHAPPQ50,37,0.6935826285962761,2031
004/059-mft-ASAQ50-DHAPPQ50,38,0.6987202050910623,2031
004/059-mft-ASAQ50-DHAPPQ50,39,0.7005757882401448,2031
004/059-mft-ASAQ50-DHAPPQ50,40,0.714450737879536,2031
004/059-mft-ASAQ50-DHAPPQ50,41,0.7090733361546729,2031
004/059-mft-ASAQ50-DHAPPQ50,42,0.6568807385338359,2031
004/059-mft-ASAQ50-DHAPPQ50,43,0.676585480988413,2031
004/059-mft-ASAQ50-DHAPPQ50,44,0.6529257245092164,2031
004/059-mft-ASAQ50-DHAPPQ50,45,0.630584692251823,2031
004/059-mft-ASAQ50-DHAPPQ50,46,0.67467708768192,2031
004/059-mft-ASAQ50-DHAPPQ50,47,0.7128271055612282,2031
004/059-mft-ASAQ50-DHAPPQ50,48,0.6610105911120737,2031
004/059-mft-ASAQ50-DHAPPQ50,49,0.6385174426114486,2031
004/059-mft-ASAQ50-DHAPPQ50,50,0.6695114657150891,2031
004/059-mft-ASAQ50-DHAPPQ50,51,0.6905334476067096,2031
004/059-mft-ASAQ50-DHAPPQ50,52,0.6646379739438877,2031
004/059-mft-ASAQ50-DHAPPQ50,53,0.685173806308427,2031
004/059-mft-ASAQ50-DHAPPQ50,54,0.6815649325961121,2031
004/059-mft-ASAQ50-DHAPPQ50,55,0.6955021275229892,2031
004/059-mft-ASAQ50-DHAPPQ50,56,0.6787219300676558,2031
004/059-mft-ASAQ50-DHAPPQ50,57,0.682737790603542,2031
004/059-mft-ASAQ50-DHAPPQ50,58,0.6893948232667436,2031
004/059-mft-ASAQ50-DHAPPQ50,59,0.6466459608768524,2031
004/059-mft-ASAQ50-DHAPPQ50,60,0.6888399542621712,2031
004/059-mft-ASAQ50-DHAPPQ50,61,0.7138024794401057,2031
004/059-mft-ASAQ50-DHAPPQ50,62,0.6620725970196458,2031
004/059-mft-ASAQ50-DHAPPQ50,63,0.6838277625061945,2031
004/059-mft-ASAQ50-DHAPPQ50,64,0.6587399534123828,2031
004/059-mft-ASAQ50-DHAPPQ50,65,0.6711170083469375,2031
004/059-mft-ASAQ50-DHAPPQ50,66,0.7060044654704191,2031
004/059-mft-ASAQ50-DHAPPQ50,67,0.693333985868584,2031
004/059-mft-ASAQ50-DHAPPQ50,68,0.6806706251984612,2031
004/059-mft-ASAQ50-DHAPPQ50,69,0.6868370883194957,2031
004/059-mft-ASAQ50-DHAPPQ50,70,0.692573945961426,2031
004/059-mft-ASAQ50-DHAPPQ50,71,0.7003600804446307,2031
004/059-mft-ASAQ50-DHAPPQ50,72,0.6970515230377136,2031
004/059-mft-ASAQ50-DHAPPQ50,73,0.6814477877593191,2031
004/059-mft-ASAQ50-DHAPPQ50,74,0.7154655512354133,2031
004/059-mft-ASAQ50-DHAPPQ50,75,0.6878680516607413,2031
004/059-mft-ASAQ50-DHAPPQ50,76,0.6904473825344174,2031
004/059-mft-ASAQ50-DHAPPQ50,77,0.7111987149962257,2031
004/059-mft-ASAQ50-DHAPPQ50,78,0.7079517248783915,2031
004/059-mft-ASAQ50-DHAPPQ50,79,0.6890429919372304,2031
004/059-mft-ASAQ50-DHAPPQ50,80,0.6738593617729736,2031
004/059-mft-ASAQ50-DHAPPQ50,81,0.6930413146544199,2031
004/059-mft-ASAQ50-DHAPPQ50,82,0.6958993943620749,2031
004/059-mft-ASAQ50-DHAPPQ50,83,0.6569921671922547,2031
004/059-mft-ASAQ50-DHAPPQ50,84,0.6778018763615287,2031
004/059-mft-ASAQ50-DHAPPQ50,85,0.6973516754475261,2031
004/059-mft-ASAQ50-DHAPPQ50,86,0.6626001770355642,2031
004/059-mft-ASAQ50-DHAPPQ50,87,0.6756223936180147,2031
004/059-mft-ASAQ50-DHAPPQ50,88,0.6825120251936525,2031
004/059-mft-ASAQ50-DHAPPQ50,89,0.663239238729747,2031
004/059-mft-ASAQ50-DHAPPQ50,90,0.6968924618104225,2031
004/059-mft-ASAQ50-DHAPPQ50,91,0.6848276004739032,2031
004/059-mft-ASAQ50-DHAPPQ50,92,0.6818028412117384,2031
004/059-mft-ASAQ50-DHAPPQ50,93,0.6752078543751324,2031
004/059-mft-ASAQ50-DHAPPQ50,94,0.6808162653269991,2031
004/059-mft-ASAQ50-DHAPPQ50,95,0.6724627865725404,2031
004/059-mft-ASAQ50-DHAPPQ50,96,0.6684333002509932,2031
004/059-mft-ASAQ50-DHAPPQ50,97,0.6848713552586153,2031
004/059-mft-ASAQ50-DHAPPQ50,98,0.6840886106251102,2031
004/059-mft-ASAQ50-DHAPPQ50,99,0.7041356745421874,2031
004/060-mft-AL-ASAQ-DHAPPQ,0,0.7078330681836466,2031
004/060-mft-AL-ASAQ-DHAPPQ,1,0.7184726057879529,2031
004/060-mft-AL-ASAQ-DHAPPQ,2,0.7221767998980734,2031
004/060-mft-AL-ASAQ-DHAPPQ,3,0.7501423983960486,2031
004/060-mft-AL-ASAQ-DHAPPQ,4,0.7421555176293922,2031
004/060-mft-AL-ASAQ-DHAPPQ,5,0.7479105888570494,2031
004/060-mft-AL-ASAQ-DHAPPQ,6,0.7283481349230145,2031
004/060-mft-AL-ASAQ-DHAPPQ,7,0.7331552581463631,2031
004/060-mft-AL-ASAQ-DHAPPQ,8,0.7377077910961849,2031
004/060-mft-AL-ASAQ-DHAPPQ,9,0.7237583274397364,2031
004/060-mft-AL-ASAQ-DHAPPQ,10,0.6972637905796111,2031
004/060-mft-AL-ASAQ-DHAPPQ,11,0.7113355414563927,2031
004/060-mft-AL-ASAQ-DHAPPQ,12,0.7233280281354882,2031
004/060-mft-AL-ASAQ-DHAPPQ,13,0.7124536131636664,2031
004/060-mft-AL-ASAQ-DHAPPQ,14,0.7147209629155822,2031
004/060-mft-AL-ASAQ-DHAPPQ,15,0.7363679066156262,2031
004/060-mft-AL-ASAQ-DHAPPQ,16,0.7122851039964218,2031
004/060-mft-AL-ASAQ-DHAPPQ,17,0.7324124199146936,2031
004/060-mft-AL-ASAQ-DHAPPQ,18,0.7202230640200115,2031
004/060-mft-AL-ASAQ-DHAPPQ,19,0.7208524739865566,2031
004/060-mft-AL-ASAQ-DHAPPQ,20,0.7311031012902381,2031
004/060-mft-AL-ASAQ-DHAPPQ,21,0.7171629274467506,2031
004/060-mft-AL-ASAQ-DHAPPQ,22,0.7070517177669368,2031
004/060-mft-AL-ASAQ-DHAPPQ,23,0.7391944124645081,2031
004/060-mft-AL-ASAQ-DHAPPQ,24,0.7420507488512554,2031
004/060-mft-AL-ASAQ-DHAPPQ,25,0.7505268246740506,2031
004/060-mft-AL-ASAQ-DHAPPQ,26,0.7250369611586197,2031
004/060-mft-AL-ASAQ-DHAPPQ,27,0.6981704256021771,2031
004/060-mft-AL-ASAQ-DHAPPQ,28,0.7068254318181006,2031
004/060-mft-AL-ASAQ-DHAPPQ,29,0.7321169576758696,2031
004/060-mft-AL-ASAQ-DHAPPQ,30,0.7287196259706886,2031
004/060-mft-AL-ASAQ-DHAPPQ,31,0.7027132922090353,2031
004/060-mft-AL-ASAQ-DHAPPQ,32,0.7204235132747706,2031
004/060-mft-AL-ASAQ-DHAPPQ,33,0.710951836538118,2031
004/060-mft-AL-ASAQ-DHAPPQ,34,0.7108121115192149,2031
004/060-mft-AL-ASAQ-DHAPPQ,35,0.7289415914295554,2031
004/060-mft-AL-ASAQ-DHAPPQ,36,0.7541134188762301,2031
004/060-mft-AL-ASAQ-DHAPPQ,37,0.7039466669901647,2031
004/060-mft-AL-ASAQ-DHAPPQ,38,0.709124520221243,2031
004/060-mft-AL-ASAQ-DHAPPQ,39,0.7101578181181383,2031
004/060-mft-AL-ASAQ-DHAPPQ,40,0.7291091216179884,2031
004/060-mft-AL-ASAQ-DHAPPQ,41,0.7324107421062115,2031
004/060-mft-AL-ASAQ-DHAPPQ,42,0.7237515739747638,2031
004/060-mft-AL-ASAQ-DHAPPQ,43,0.6985532170530891,2031
004/060-mft-AL-ASAQ-DHAPPQ,44,0.705618485507174,2031
004/060-mft-AL-ASAQ-DHAPPQ,45,0.7362047494143934,2031
004/060-mft-AL-ASAQ-DHAPPQ,46,0.7309800633247959,2031
004/060-mft-AL-ASAQ-DHAPPQ,47,0.7048758076311531,2031
004/060-mft-AL-ASAQ-DHAPPQ,48,0.7198110643918039,2031
004/060-mft-AL-ASAQ-DHAPPQ,49,0.7280534421610438,2031
004/060-mft-AL-ASAQ-DHAPPQ,50,0.685345841209195,2031
004/060-mft-AL-ASAQ-DHAPPQ,51,0.6932786414750227,2031
004/060-mft-AL-ASAQ-DHAPPQ,52,0.7145901344110678,2031
004/060-mft-AL-ASAQ-DHAPPQ,53,0.7179691485354511,2031
004/060-mft-AL-ASAQ-DHAPPQ,54,0.7413707314982091,2031
004/060-mft-AL-ASAQ-DHAPPQ,55,0.7368925367844815,2031
004/060-mft-AL-ASAQ-DHAPPQ,56,0.710028197129222,2031
004/060-mft-AL-ASAQ-DHAPPQ,57,0.7167418775547212,2031
004/060-mft-AL-ASAQ-DHAPPQ,58,0.736553143311538,2031
004/060-mft-AL-ASAQ-DHAPPQ,59,0.7254403221228038,2031
004/060-mft-AL-ASAQ-DHAPPQ,60,0.7336249044036544,2031
004/060-mft-AL-ASAQ-DHAPPQ,61,0.7309828787116909,2031
004/060-mft-AL-ASAQ-DHAPPQ,62,0.7445748433895408,2031
004/060-mft-AL-ASAQ-DHAPPQ,63,0.6896088175396128,2031
004/060-mft-AL-ASAQ-DHAPPQ,64,0.7124064287421703,2031
004/060-mft-AL-ASAQ-DHAPPQ,65,0.7160092093239299,2031
004/060-mft-AL-ASAQ-DHAPPQ,66,0.714007458796656,2031
004/060-mft-AL-ASAQ-DHAPPQ,67,0.7508380775686353,2031
004/060-mft-AL-ASAQ-DHAPPQ,68,0.7462054748374839,2031
004/060-mft-AL-ASAQ-DHAPPQ,69,0.7455791954988477,2031
004/060-mft-AL-ASAQ-DHAPPQ,70,0.7072835569723591,2031
004/060-mft-AL-ASAQ-DHAPPQ,71,0.740148500738146,2031
004/060-mft-AL-ASAQ-DHAPPQ,72,0.7411685325413093,2031
004/060-mft-AL-ASAQ-DHAPPQ,73,0.6993531650027404,2031
004/060-mft-AL-ASAQ-DHAPPQ,74,0.7149829988050183,2031
004/060-mft-AL-ASAQ-DHAPPQ,75,0.7044910749333172,2031
004/060-mft-AL-ASAQ-DHAPPQ,76,0.7007059174858341,2031
004/060-mft-AL-ASAQ-DHAPPQ,77,0.7295745301424089,2031
004/060-mft-AL-ASAQ-DHAPPQ,78,0.7106958166554889,2031
004/060-mft-AL-ASAQ-DHAPPQ,79,0.7291651047072722,2031
004/060-mft-AL-ASAQ-DHAPPQ,80,0.7395853634190074,2031
004/060-mft-AL-ASAQ-DHAPPQ,81,0.7112620166725866,2031
004/060-mft-AL-ASAQ-DHAPPQ,82,0.7204266198042251,2031
004/060-mft-AL-ASAQ-DHAPPQ,83,0.7377398464034154,2031
004/060-mft-AL-ASAQ-DHAPPQ,84,0.7195024131144464,2031
004/060-mft-AL-ASAQ-DHAPPQ,85,0.7178454744064103,2031
004/060-mft-AL-ASAQ-DHAPPQ,86,0.7152625151320454,2031
004/060-mft-AL-ASAQ-DHAPPQ,87,0.7177620448427837,2031
004/060-mft-AL-ASAQ-DHAPPQ,88,0.7247532325494489,2031
004/060-mft-AL-ASAQ-DHAPPQ,89,0.7137190568335091,2031
004/060-mft-AL-ASAQ-DHAPPQ,90,0.7170775156243349,2031
004/060-mft-AL-ASAQ-DHAPPQ,91,0.7222620781343907,2031
004/060-mft-AL-ASAQ-DHAPPQ,92,0.7197171551592576,2031
004/060-mft-AL-ASAQ-DHAPPQ,93,0.7331583395810949,2031
004/060-mft-AL-ASAQ-DHAPPQ,94,0.7354364145773332,2031
004/060-mft-AL-ASAQ-DHAPPQ,95,0.7317120175603394,2031
004/060-mft-AL-ASAQ-DHAPPQ,96,0.7032022061598235,2031
004/060-mft-AL-ASAQ-DHAPPQ,97,0.7168060676622446,2031
004/060-mft-AL-ASAQ-DHAPPQ,98,0.7218232296228505,2031
004/060-mft-AL-ASAQ-DHAPPQ,99,0.7166178579185439,2031
004/061-tact-AL4y-ALAQ,0,0.7292787533640679,2031
004/061-tact-AL4y-ALAQ,1,0.7385073313207856,2031
004/061-tact-AL4y-ALAQ,2,0.7117217727505979,2031
004/061-tact-AL4y-ALAQ,3,0.7250085684614529,2031
004/061-tact-AL4y-ALAQ,4,0.7451502994056942,2031
004/061-tact-AL4y-ALAQ,5,0.7652520498177428,2031
004/061-tact-AL4y-ALAQ,6,0.7246068431793891,2031
004/061-tact-AL4y-ALAQ,7,0.7603878381064305,2031
004/061-tact-AL4y-ALAQ,8,0.747560214190293,2031
004/061-tact-AL4y-ALAQ,9,0.7079132995640446,2031
004/061-tact-AL4y-ALAQ,10,0.7468366710366793,2031
004/061-tact-AL4y-ALAQ,11,0.7451627393547708,2031
004/061-tact-AL4y-ALAQ,12,0.72378602709436,2031
004/061-tact-AL4y-ALAQ,13,0.737946689615047,2031
004/061-tact-AL4y-ALAQ,14,0.7231523357450418,2031
004/061-tact-AL4y-ALAQ,15,0.7277351625819323,2031
004/061-tact-AL4y-ALAQ,16,0.7559952795466692,2031
004/061-tact-AL4y-ALAQ,17,0.7077937895057015,2031
004/061-tact-AL4y-ALAQ,18,0.7307252237767866,2031
004/061-tact-AL4y-ALAQ,19,0.7385775527970893,2031
004/061-tact-AL4y-ALAQ,20,0.7298432462424628,2031
004/061-tact-AL4y-ALAQ,21,0.7364873910147259,2031
004/061-tact-AL4y-ALAQ,22,0.7417488607612781,2031
004/061-tact-AL4y-ALAQ,23,0.7563218394266106,2031
004/061-tact-AL4y-ALAQ,24,0.7271189631894539,2031
004/061-tact-AL4y-ALAQ,25,0.7092568849686872,2031
004/061-tact-AL4y-ALAQ,26,0.7351437598725282,2031
004/061-tact-AL4y-ALAQ,27,0.7380797556931794,2031
004/061-tact-AL4y-ALAQ,28,0.7696395871238143,2031
004/061-tact-AL4y-ALAQ,29,0.7584343531506086,2031
004/061-tact-AL4y-ALAQ,30,0.6929558757306086,2031
004/061-tact-AL4y-ALAQ,31,0.7220785367004682,2031
004/061-tact-AL4y-ALAQ,32,0.737872715806113,2031
004/061-tact-AL4y-ALAQ,33,0.7444059056678012,2031
004/061-tact-AL4y-ALAQ,34,0.7383610018540022,2031
004/061-tact-AL4y-ALAQ,35,0.7244318095423569,2031
004/061-tact-AL4y-ALAQ,36,0.7823982366597959,2031
004/061-tact-AL4y-ALAQ,37,0.7440101849901475,2031
004/061-tact-AL4y-ALAQ,38,0.7497180433523628,2031
004/061-tact-AL4y-ALAQ,39,0.7297869275430635,2031
004/061-tact-AL4y-ALAQ,40,0.7420186307189945,2031
004/061-tact-AL4y-ALAQ,41,0.7026902424077864,2031
004/061-tact-AL4y-ALAQ,42,0.7413395374923423,2031
004/061-tact-AL4y-ALAQ,43,0.7326935936164175,2031
004/061-tact-AL4y-ALAQ,44,0.7410667197182185,2031
004/061-tact-AL4y-ALAQ,45,0.6970599339111487,2031
004/061-tact-AL4y-ALAQ,46,0.7731546860461417,2031
004/061-tact-AL4y-ALAQ,47,0.7352894763657777,2031
004/061-tact-AL4y-ALAQ,48,0.747949944353029,2031
004/061-tact-AL4y-ALAQ,49,0.7660487241269748,2031
004/061-tact-AL4y-ALAQ,50,0.7263928522526059,2031
004/061-tact-AL4y-ALAQ,51,0.7685014025181288,2031
004/061-tact-AL4y-ALAQ,52,0.7320706806742893,2031
004/061-tact-AL4y-ALAQ,53,0.7551148964082307,2031
004/061-tact-AL4y-ALAQ,54,0.750955906203865,2031
004/061-tact-AL4y-ALAQ,55,0.7510122717772646,2031
004/061-tact-AL4y-ALAQ,56,0.7214791986059713,2031
004/061-tact-AL4y-ALAQ,57,0.7459386712799013,2031
004/061-tact-AL4y-ALAQ,58,0.7864392503289354,2031
004/061-tact-AL4y-ALAQ,59,0.737202096562759,2031
004/061-tact-AL4y-ALAQ,60,0.7353722708740146,2031
004/061-tact-AL4y-ALAQ,61,0.6994194393156091,2031
004/061-tact-AL4y-ALAQ,62,0.7350781230420523,2031
004/061-tact-AL4y-ALAQ,63,0.727947906845118,2031
004/061-tact-AL4y-ALAQ,64,0.7330883509677196,2031
004/061-tact-AL4y-ALAQ,65,0.7459840324294736,2031
004/061-tact-AL4y-ALAQ,66,0.738838301981882,2031
004/061-tact-AL4y-ALAQ,67,0.7548512641832231,2031
004/061-tact-AL4y-ALAQ,68,0.7639437104534509,2031
004/061-tact-AL4y-ALAQ,69,0.7620756949283787,2031
004/061-tact-AL4y-ALAQ,70,0.7749368720965637,2031
004/061-tact-AL4y-ALAQ,71,0.77350974939079,2031
004/061-tact-AL4y-ALAQ,72,0.7367819423559495,2031
004/061-tact-AL4y-ALAQ,73,0.727351115653668,2031
004/061-tact-AL4y-ALAQ,74,0.7151284867031024,2031
004/061-tact-AL4y-ALAQ,75,0.7047211863473838,2031
004/061-tact-AL4y-ALAQ,76,0.7595729821735677,2031
004/061-tact-AL4y-ALAQ,77,0.7198666302845584,2031
004/061-tact-AL4y-ALAQ,78,0.7182521978602286,2031
004/061-tact-AL4y-ALAQ,79,0.7265388901436869,2031
004/061-tact-AL4y-ALAQ,80,0.7416080495666432,2031
004/061-tact-AL4y-ALAQ,81,0.7281839797345985,2031
004/061-tact-AL4y-ALAQ,82,0.7507884369962605,2031
004/061-tact-AL4y-ALAQ,83,0.7477088813308335,2031
004/061-tact-AL4y-ALAQ,84,0.7013842494539696,2031
004/061-tact-AL4y-ALAQ,85,0.7560404800345717,2031
004/061-tact-AL4y-ALAQ,86,0.7111565914221051,2031
004/061-tact-AL4y-ALAQ,87,0.7154778344563696,2031
004/061-tact-AL4y-ALAQ,88,0.7696486755260593,2031
004/061-tact-AL4y-ALAQ,89,0.705367587130192,2031
004/061-tact-AL4y-ALAQ,90,0.7413554157651,2031
004/061-tact-AL4y-ALAQ,91,0.6807384941702711,2031
004/061-tact-AL4y-ALAQ,92,0.7364345857267965,2031
004/061-tact-AL4y-ALAQ,93,0.7443135461312829,2031
004/061-tact-AL4y-ALAQ,94,0.7131988336741606,2031
004/061-tact-AL4y-ALAQ,95,0.7303945538337387,2031
004/061-tact-AL4y-ALAQ,96,0.7233816639936488,2031
004/061-tact-AL4y-ALAQ,97,0.7299887333359045,2031
004/061-tact-AL4y-ALAQ,98,0.7212852709736887,2031
004/061-tact-AL4y-ALAQ,99,0.759804646540137,2031
004/062-tact-ASAQ4y-ALAQ,0,0.6215647069255267,2031
004/062-tact-ASAQ4y-ALAQ,1,0.6247142992638978,2031
004/062-tact-ASAQ4y-ALAQ,2,0.6340438644576815,2031
004/062-tact-ASAQ4y-ALAQ,3,0.6491494013883257,2031
004/062-tact-ASAQ4y-ALAQ,4,0.6290112583754205,2031
004/062-tact-ASAQ4y-ALAQ,5,0.6338635284316464,2031
004/062-tact-ASAQ4y-ALAQ,6,0.6152865151265696,2031
004/062-tact-ASAQ4y-ALAQ,7,0.6138488770553726,2031
004/062-tact-ASAQ4y-ALAQ,8,0.6474639930938916,2031
004/062-tact-ASAQ4y-ALAQ,9,0.6328226796290467,2031
004/062-tact-ASAQ4y-ALAQ,10,0.630056559415328,2031
004/062-tact-ASAQ4y-ALAQ,11,0.6308179836334573,2031
004/062-tact-ASAQ4y-ALAQ,12,0.6060180642175008,2031
004/062-tact-ASAQ4y-ALAQ,13,0.6239850585383017,2031
004/062-tact-ASAQ4y-ALAQ,14,0.6468964274267726,2031
004/062-tact-ASAQ4y-ALAQ,15,0.6498062760575206,2031
004/062-tact-ASAQ4y-ALAQ,16,0.6361346609689754,2031
004/062-tact-ASAQ4y-ALAQ,17,0.6368499994510055,2031
004/062-tact-ASAQ4y-ALAQ,18,0.6324991396175682,2031
004/062-tact-ASAQ4y-ALAQ,19,0.6232786617967181,2031
004/062-tact-ASAQ4y-ALAQ,20,0.621860314440791,2031
004/062-tact-ASAQ4y-ALAQ,21,0.62905102671203,2031
004/062-tact-ASAQ4y-ALAQ,22,0.6292303083229455,2031
004/062-tact-ASAQ4y-ALAQ,23,0.6586228433502918,2031
004/062-tact-ASAQ4y-ALAQ,24,0.6286222117911033,2031
004/062-tact-ASAQ4y-ALAQ,25,0.6606488176998501,2031
004/062-tact-ASAQ4y-ALAQ,26,0.6370427254432677,2031
004/062-tact-ASAQ4y-ALAQ,27,0.6354054636757357,2031
004/062-tact-ASAQ4y-ALAQ,28,0.6275598595933294,2031
004/062-tact-ASAQ4y-ALAQ,29,0.6471689682572793,2031
004/062-tact-ASAQ4y-ALAQ,30,0.6310183451834055,2031
004/062-tact-ASAQ4y-ALAQ,31,0.6125498456736643,2031
004/062-tact-ASAQ4y-ALAQ,32,0.6556463435853903,2031
004/062-tact-ASAQ4y-ALAQ,33,0.6262262694848277,2031
004/062-tact-ASAQ4y-ALAQ,34,0.6415757282002134,2031
004/062-tact-ASAQ4y-ALAQ,35,0.6318630925941676,2031
004/062-tact-ASAQ4y-ALAQ,36,0.6442521141513842,2031
004/062-tact-ASAQ4y-ALAQ,37,0.6474916169733163,2031
004/062-tact-ASAQ4y-ALAQ,38,0.6465768097851413,2031
004/062-tact-ASAQ4y-ALAQ,39,0.6317924606682449,2031
004/062-tact-ASAQ4y-ALAQ,40,0.6526604195206512,2031
004/062-tact-ASAQ4y-ALAQ,41,0.6305584239147796,2031
004/062-tact-ASAQ4y-ALAQ,42,0.6004306625743081,2031
004/062-tact-ASAQ4y-ALAQ,43,0.6141108722324075,2031
004/062-tact-ASAQ4y-ALAQ,44,0.6178525962693578,2031
004/062-tact-ASAQ4y-ALAQ,45,0.6508942726508736,2031
004/062-tact-ASAQ4y-ALAQ,46,0.5994539729183807,2031
004/062-tact-ASAQ4y-ALAQ,47,0.6833346238115517,2031
004/062-tact-ASAQ4y-ALAQ,48,0.650056850628448,2031
004/062-tact-ASAQ4y-ALAQ,49,0.6222277176564996,2031
004/062-tact-ASAQ4y-ALAQ,50,0.6305512841158878,2031
004/062-tact-ASAQ4y-ALAQ,51,0.6320709894075677,2031
004/062-tact-ASAQ4y-ALAQ,52,0.6190119211487212,2031
004/062-tact-ASAQ4y-ALAQ,53,0.6471331184891754,2031
004/062-tact-ASAQ4y-ALAQ,54,0.6325654208708144,2031
004/062-tact-ASAQ4y-ALAQ,55,0.6064173454994835,2031
004/062-tact-ASAQ4y-ALAQ,56,0.6371815930204224,2031
004/062-tact-ASAQ4y-ALAQ,57,0.6599105028067006,2031
004/062-tact-ASAQ4y-ALAQ,58,0.6488047111255212,2031
004/062-tact-ASAQ4y-ALAQ,59,0.6398594421286591,2031
004/062-tact-ASAQ4y-ALAQ,60,0.6522706297414348,2031
004/062-tact-ASAQ4y-ALAQ,61,0.6271607329489065,2031
004/062-tact-ASAQ4y-ALAQ,62,0.6209765762455779,2031
004/062-tact-ASAQ4y-ALAQ,63,0.6070312464485593,2031
004/062-tact-ASAQ4y-ALAQ,64,0.6039817240336883,2031
004/062-tact-ASAQ4y-ALAQ,65,0.6299078201900926,2031
004/062-tact-ASAQ4y-ALAQ,66,0.6416880607784741,2031
004/062-tact-ASAQ4y-ALAQ,67,0.6468493838600177,2031
004/062-tact-ASAQ4y-ALAQ,68,0.6495302933375061,2031
004/062-tact-ASAQ4y-ALAQ,69,0.6481943748837339,2031
004/062-tact-ASAQ4y-ALAQ,70,0.6415414544892915,2031
004/062-tact-ASAQ4y-ALAQ,71,0.6135598936766892,2031
004/062-tact-ASAQ4y-ALAQ,72,0.6603032313173949,2031
004/062-tact-ASAQ4y-ALAQ,73,0.6497519990253319,2031
004/062-tact-ASAQ4y-ALAQ,74,0.6675033362719529,2031
004/062-tact-ASAQ4y-ALAQ,75,0.627085839855719,2031
004/062-tact-ASAQ4y-ALAQ,76,0.6433470991428137,2031
004/062-tact-ASAQ4y-ALAQ,77,0.6114680398274732,2031
004/062-tact-ASAQ4y-ALAQ,78,0.6090347804654217,2031
004/062-tact-ASAQ4y-ALAQ,79,0.6106690637913249,2031
004/062-tact-ASAQ4y-ALAQ,80,0.6305355278800477,2031
004/062-tact-ASAQ4y-ALAQ,81,0.6254314720266441,2031
004/062-tact-ASAQ4y-ALAQ,82,0.6583440458888642,2031
004/062-tact-ASAQ4y-ALAQ,83,0.6274601778798344,2031
004/062-tact-ASAQ4y-ALAQ,84,0.6537709712543539,2031
004/062-tact-ASAQ4y-ALAQ,85,0.6322466236608508,2031
004/062-tact-ASAQ4y-ALAQ,86,0.6353751159275798,2031
004/062-tact-ASAQ4y-ALAQ,87,0.608186542254602,2031
004/062-tact-ASAQ4y-ALAQ,88,0.6180228808830619,2031
004/062-tact-ASAQ4y-ALAQ,89,0.6290019400447203,2031
004/062-tact-ASAQ4y-ALAQ,90,0.6475053028364407,2031
004/062-tact-ASAQ4y-ALAQ,91,0.6434688797242771,2031
004/062-tact-ASAQ4y-ALAQ,92,0.6199433255228128,2031
004/062-tact-ASAQ4y-ALAQ,93,0.6336047912465953,2031
004/062-tact-ASAQ4y-ALAQ,94,0.6423680600938958,2031
004/062-tact-ASAQ4y-ALAQ,95,0.6287397343315856,2031
004/062-tact-ASAQ4y-ALAQ,96,0.6428101837805663,2031
004/062-tact-ASAQ4y-ALAQ,97,0.638386713100054,2031
004/062-tact-ASAQ4y-ALAQ,98,0.6079548657391524,2031
004/062-tact-ASAQ4y-ALAQ,99,0.5970938823889221,2031
004/063-tact-DHAPPQ4y-ALAQ,0,0.6941109287615331,2031
004/063-tact-DHAPPQ4y-ALAQ,1,0.6593433188178884,2031
004/063-tact-DHAPPQ4y-ALAQ,2,0.6810706372444644,2031
004/063-tact-DHAPPQ4y-ALAQ,3,0.6940442775862864,2031
004/063-tact-DHAPPQ4y-ALAQ,4,0.6678594961015447,2031
004/063-tact-DHAPPQ4y-ALAQ,5,0.6794048947107717,2031
004/063-tact-DHAPPQ4y-ALAQ,6,0.6865096608988414,2031
004/063-tact-DHAPPQ4y-ALAQ,7,0.6826042531461708,2031
004/063-tact-DHAPPQ4y-ALAQ,8,0.661191682981045,2031
004/063-tact-DHAPPQ4y-ALAQ,9,0.6845668507868757,2031
004/063-tact-DHAPPQ4y-ALAQ,10,0.6991406470704465,2031
004/063-tact-DHAPPQ4y-ALAQ,11,0.6824161909934827,2031
004/063-tact-DHAPPQ4y-ALAQ,12,0.7105798336838626,2031
004/063-tact-DHAPPQ4y-ALAQ,13,0.713480478558315,2031
004/063-tact-DHAPPQ4y-ALAQ,14,0.6707862579640517,2031
004/063-tact-DHAPPQ4y-ALAQ,15,0.7094241421498827,2031
004/063-tact-DHAPPQ4y-ALAQ,16,0.7000626325091724,2031
004/063-tact-DHAPPQ4y-ALAQ,17,0.7058939663674919,2031
004/063-tact-DHAPPQ4y-ALAQ,18,0.7370138249729137,2031
004/063-tact-DHAPPQ4y-ALAQ,19,0.6930959146874002,2031
004/063-tact-DHAPPQ4y-ALAQ,20,0.672060942919111,2031
004/063-tact-DHAPPQ4y-ALAQ,21,0.6885928377441012,2031
004/063-tact-DHAPPQ4y-ALAQ,22,0.7042498532713416,2031
004/063-tact-DHAPPQ4y-ALAQ,23,0.6725515107548152,2031
004/063-tact-DHAPPQ4y-ALAQ,24,0.6744375135789621,2031
004/063-tact-DHAPPQ4y-ALAQ,25,0.7100807734301254,2031
004/063-tact-DHAPPQ4y-ALAQ,26,0.6822389561935495,2031
004/063-tact-DHAPPQ4y-ALAQ,27,0.6797162157485589,2031
004/063-tact-DHAPPQ4y-ALAQ,28,0.705522162720149,2031
004/063-tact-DHAPPQ4y-ALAQ,29,0.6888052565533701,2031
004/063-tact-DHAPPQ4y-ALAQ,30,0.6797825108313066,2031
004/063-tact-DHAPPQ4y-ALAQ,31,0.6889884431188698,2031
004/063-tact-DHAPPQ4y-ALAQ,32,0.66473246783474,2031
004/063-tact-DHAPPQ4y-ALAQ,33,0.6715101645122377,2031
004/063-tact-DHAPPQ4y-ALAQ,34,0.7040558741585764,2031
004/063-tact-DHAPPQ4y-ALAQ,35,0.6989102209350456,2031
004/063-tact-DHAPPQ4y-ALAQ,36,0.6896084300860057,2031
004/063-tact-DHAPPQ4y-ALAQ,37,0.6873713700439268,2031
004/063-tact-DHAPPQ4y-ALAQ,38,0.6914197309994313,2031
004/063-tact-DHAPPQ4y-ALAQ,39,0.6763571700503914,2031
004/063-tact-DHAPPQ4y-ALAQ,40,0.7207595825403484,2031
004/063-tact-DHAPPQ4y-ALAQ,41,0.6739972047220003,2031
004/063-tact-DHAPPQ4y-ALAQ,42,0.6851651728331737,2031
004/063-tact-DHAPPQ4y-ALAQ,43,0.7072994213336948,2031
004/063-tact-DHAPPQ4y-ALAQ,44,0.662515132691455,2031
004/063-tact-DHAPPQ4y-ALAQ,45,0.7019190585482481,2031
004/063-tact-DHAPPQ4y-ALAQ,46,0.6885517471260916,2031
004/063-tact-DHAPPQ4y-ALAQ,47,0.6982731566661604,2031
004/063-tact-DHAPPQ4y-ALAQ,48,0.6698725173783662,2031
004/063-tact-DHAPPQ4y-ALAQ,49,0.6930515823756768,2031
004/063-tact-DHAPPQ4y-ALAQ,50,0.6710125635820251,2031
004/063-tact-DHAPPQ4y-ALAQ,51,0.674638567523559,2031
004/063-tact-DHAPPQ4y-ALAQ,52,0.7131798414571623,2031
004/063-tact-DHAPPQ4y-ALAQ,53,0.6995342679605844,2031
004/063-tact-DHAPPQ4y-ALAQ,54,0.6722666988310366,2031
004/063-tact-DHAPPQ4y-ALAQ,55,0.70959138085048,2031
004/063-tact-DHAPPQ4y-ALAQ,56,0.6669796195046939,2031
004/063-tact-DHAPPQ4y-ALAQ,57,0.673113719980159,2031
004/063-tact-DHAPPQ4y-ALAQ,58,0.6553796971748421,2031
004/063-tact-DHAPPQ4y-ALAQ,59,0.6493819645740976,2031
004/063-tact-DHAPPQ4y-ALAQ,60,0.7109653105640951,2031
004/063-tact-DHAPPQ4y-ALAQ,61,0.7258265355551509,2031
004/063-tact-DHAPPQ4y-ALAQ,62,0.6912699571939109,2031
004/063-tact-DHAPPQ4y-ALAQ,63,0.6993517384616555,2031
004/063-tact-DHAPPQ4y-ALAQ,64,0.6725669834712451,2031
004/063-tact-DHAPPQ4y-ALAQ,65,0.6662990063961246,2031
004/063-tact-DHAPPQ4y-ALAQ,66,0.6825829826628801,2031
004/063-tact-DHAPPQ4y-ALAQ,67,0.6901373608815895,2031
004/063-tact-DHAPPQ4y-ALAQ,68,0.6774709327277807,2031
004/063-tact-DHAPPQ4y-ALAQ,69,0.6907672101627526,2031
004/063-tact-DHAPPQ4y-ALAQ,70,0.6935324674341613,2031
004/063-tact-DHAPPQ4y-ALAQ,71,0.6983724728903266,2031
004/063-tact-DHAPPQ4y-ALAQ,72,0.6753439910738464,2031
004/063-tact-DHAPPQ4y-ALAQ,73,0.7040395434004562,2031
004/063-tact-DHAPPQ4y-ALAQ,74,0.7138901091368629,2031
004/063-tact-DHAPPQ4y-ALAQ,75,0.665554075780666,2031
004/063-tact-DHAPPQ4y-ALAQ,76,0.7096789958863723,2031
004/063-tact-DHAPPQ4y-ALAQ,77,0.7052520439903099,2031
004/063-tact-DHAPPQ4y-ALAQ,78,0.6672348236454209,2031
004/063-tact-DHAPPQ4y-ALAQ,79,0.6813164835084181,2031
004/063-tact-DHAPPQ4y-ALAQ,80,0.6892402293347146,2031
004/063-tact-DHAPPQ4y-ALAQ,81,0.7152884041615094,2031
004/063-tact-DHAPPQ4y-ALAQ,82,0.6877815460930617,2031
004/063-tact-DHAPPQ4y-ALAQ,83,0.6870956079519104,2031
004/063-tact-DHAPPQ4y-ALAQ,84,0.6953577956467791,2031
004/063-tact-DHAPPQ4y-ALAQ,85,0.6686033265684226,2031
004/063-tact-DHAPPQ4y-ALAQ,86,0.6333306781218275,2031
004/063-tact-DHAPPQ4y-ALAQ,87,0.6706336751861279,2031
004/063-tact-DHAPPQ4y-ALAQ,88,0.6715314498356175,2031
004/063-tact-DHAPPQ4y-ALAQ,89,0.712826939015626,2031
004/063-tact-DHAPPQ4y-ALAQ,90,0.6776659705689663,2031
004/063-tact-DHAPPQ4y-ALAQ,91,0.672162727715148,2031
004/063-tact-DHAPPQ4y-ALAQ,92,0.6886560908946621,2031
004/063-tact-DHAPPQ4y-ALAQ,93,0.6864649891352138,2031
004/063-tact-DHAPPQ4y-ALAQ,94,0.6994738218375592,2031
004/063-tact-DHAPPQ4y-ALAQ,95,0.7043598086184953,2031
004/063-tact-DHAPPQ4y-ALAQ,96,0.6698795933716788,2031
004/063-tact-DHAPPQ4y-ALAQ,97,0.7251761937808218,2031
004/063-tact-DHAPPQ4y-ALAQ,98,0.6942485207933001,2031
004/063-tact-DHAPPQ4y-ALAQ,99,0.6733553238045139,2031
004/064-tact-AL2y-ASAQ2y-ALAQ,0,0.6719303465252114,2031
004/064-tact-AL2y-ASAQ2y-ALAQ,1,0.6785563329377334,2031
004/064-tact-AL2y-ASAQ2y-ALAQ,2,0.642402799602262,2031
004/064-tact-AL2y-ASAQ2y-ALAQ,3,0.7215443709269299,2031
004/064-tact-AL2y-ASAQ2y-ALAQ,4,0.6905584869266465,2031
004/064-tact-AL2y-ASAQ2y-ALAQ,5,0.6925229530370864,2031
004/064-tact-AL2y-ASAQ2y-ALAQ,6,0.7461206293887607,2031
004/064-tact-AL2y-ASAQ2y-ALAQ,7,0.7025019038456604,2031
004/064-tact-AL2y-ASAQ2y-ALAQ,8,0.6971947371009192,2031
004/064-tact-AL2y-ASAQ2y-ALAQ,9,0.6803014710681805,2031
004/064-tact-AL2y-ASAQ2y-ALAQ,10,0.6795070843410943,2031
004/064-tact-AL2y-ASAQ2y-ALAQ,11,0.6930468477390636,2031
004/064-tact-AL2y-ASAQ2y-ALAQ,12,0.6770107754970295,2031
004/064-tact-AL2y-ASAQ2y-ALAQ,13,0.688214120431768,2031
004/064-tact-AL2y-ASAQ2y-ALAQ,14,0.6799199825561603,2031
004/064-tact-AL2y-ASAQ2y-ALAQ,15,0.6612938321527615,2031
004/064-tact-AL2y-ASAQ2y-ALAQ,16,0.7069148962719988,2031
004/064-tact-AL2y-ASAQ2y-ALAQ,17,0.6641500913441073,2031
004/064-tact-AL2y-ASAQ2y-ALAQ,18,0.7160857044059113,2031
004/064-tact-AL2y-ASAQ2y-ALAQ,19,0.6952407257402924,2031
004/064-tact-AL2y-ASAQ2y-ALAQ,20,0.6846065605855762,2031
004/064-tact-AL2y-ASAQ2y-ALAQ,21,0.6888709904924468,2031
004/064-tact-AL2y-ASAQ2y-ALAQ,22,0.6821347326639621,2031
004/064-tact-AL2y-ASAQ2y-ALAQ,23,0.7182709817325835,2031
004/064-tact-AL2y-ASAQ2y-ALAQ,24,0.6806965983923071,2031
004/064-tact-AL2y-ASAQ2y-ALAQ,25,0.6684955884084841,2031
004/064-tact-AL2y-ASAQ2y-ALAQ,26,0.6646891229079231,2031
004/064-tact-AL2y-ASAQ2y-ALAQ,27,0.6992548088543105,2031
004/064-tact-AL2y-ASAQ2y-ALAQ,28,0.6744738667336079,2031
004/064-tact-AL2y-ASAQ2y-ALAQ,29,0.6728690017364135,2031
004/064-tact-AL2y-ASAQ2y-ALAQ,30,0.6822404077905411,2031
004/064-tact-AL2y-ASAQ2y-ALAQ,31,0.6738041241048687,2031
004/064-tact-AL2y-ASAQ2y-ALAQ,32,0.7048066981213322,2031
004/064-tact-AL2y-ASAQ2y-ALAQ,33,0.6968718040655223,2031
004/064-tact-AL2y-ASAQ2y-ALAQ,34,0.6787789787588333,2031
004/064-tact-AL2y-ASAQ2y-ALAQ,35,0.686522355764417,2031
004/064-tact-AL2y-ASAQ2y-ALAQ,36,0.6926670689285724,2031
004/064-tact-AL2y-ASAQ2y-ALAQ,37,0.6876415947786775,2031
004/064-tact-AL2y-ASAQ2y-ALAQ,38,0.6965480081254776,2031
004/064-tact-AL2y-ASAQ2y-ALAQ,39,0.698088286638269,2031
004/064-tact-AL2y-ASAQ2y-ALAQ,40,0.7040505459160119,2031
004/064-tact-AL2y-ASAQ2y-ALAQ,41,0.6700268957505773,2031
004/064-tact-AL2y-ASAQ2y-ALAQ,42,0.7316817467197981,2031
004/064-tact-AL2y-ASAQ2y-ALAQ,43,0.6935594699623091,2031
004/064-tact-AL2y-ASAQ2y-ALAQ,44,0.6937319743871107,2031
004/064-tact-AL2y-ASAQ2y-ALAQ,45,0.692306935636164,2031
004/064-tact-AL2y-ASAQ2y-ALAQ,46,0.6688301458908493,2031
004/064-tact-AL2y-ASAQ2y-ALAQ,47,0.701514754705877,2031
004/064-tact-AL2y-ASAQ2y-ALAQ,48,0.7069583881999552,2031
004/064-tact-AL2y-ASAQ2y-ALAQ,49,0.6517998672988806,2031
004/064-tact-AL2y-ASAQ2y-ALAQ,50,0.6505948615240905,2031
004/064-tact-AL2y-ASAQ2y-ALAQ,51,0.686838649863802,2031
004/064-tact-AL2y-ASAQ2y-ALAQ,52,0.6749711672580986,2031
004/064-tact-AL2y-ASAQ2y-ALAQ,53,0.6643604875845593,2031
004/064-tact-AL2y-ASAQ2y-ALAQ,54,0.6845095956409408,2031
004/064-tact-AL2y-ASAQ2y-ALAQ,55,0.7045659344366615,2031
004/064-tact-AL2y-ASAQ2y-ALAQ,56,0.7031380479670779,2031
004/064-tact-AL2y-ASAQ2y-ALAQ,57,0.688736601977396,2031
004/064-tact-AL2y-ASAQ2y-ALAQ,58,0.6793818889027669,2031
004/064-tact-AL2y-ASAQ2y-ALAQ,59,0.6763826542980231,2031
004/064-tact-AL2y-ASAQ2y-ALAQ,60,0.6860912855798125,2031
004/064-tact-AL2y-ASAQ2y-ALAQ,61,0.707882017236224,2031
004/064-tact-AL2y-ASAQ2y-ALAQ,62,0.7035011131795307,2031
004/064-tact-AL2y-ASAQ2y-ALAQ,63,0.6661579092989514,2031
004/064-tact-AL2y-ASAQ2y-ALAQ,64,0.6823008474395068,2031
004/064-tact-AL2y-ASAQ2y-ALAQ,65,0.675655983520845,2031
004/064-tact-AL2y-ASAQ2y-ALAQ,66,0.6973788966961144,2031
004/064-tact-AL2y-ASAQ2y-ALAQ,67,0.6709014611203838,2031
004/064-tact-AL2y-ASAQ2y-ALAQ,68,0.6516148019692604,2031
004/064-tact-AL2y-ASAQ2y-ALAQ,69,0.6965572303137063,2031
004/064-tact-AL2y-ASAQ2y-ALAQ,70,0.6934529705838158,2031
004/064-tact-AL2y-ASAQ2y-ALAQ,71,0.6544822340081594,2031
004/064-tact-AL2y-ASAQ2y-ALAQ,72,0.699754482256504,2031
004/064-tact-AL2y-ASAQ2y-ALAQ,73,0.6478819720823713,2031
004/064-tact-AL2y-ASAQ2y-ALAQ,74,0.7132365770218673,2031
004/064-tact-AL2y-ASAQ2y-ALAQ,75,0.6812009572462651,2031
004/064-tact-AL2y-ASAQ2y-ALAQ,76,0.6875924397547167,2031
004/064-tact-AL2y-ASAQ2y-ALAQ,77,0.6470151460706157,2031
004/064-tact-AL2y-ASAQ2y-ALAQ,78,0.6839581523908208,2031
004/064-tact-AL2y-ASAQ2y-ALAQ,79,0.6760387255466077,2031
004/064-tact-AL2y-ASAQ2y-ALAQ,80,0.6882829031546972,2031
004/064-tact-AL2y-ASAQ2y-ALAQ,81,0.6650136351581722,2031
004/064-tact-AL2y-ASAQ2y-ALAQ,82,0.6893815403706469,2031
004/064-tact-AL2y-ASAQ2y-ALAQ,83,0.6842832377723974,2031
004/064-tact-AL2y-ASAQ2y-ALAQ,84,0.6903456245391449,2031
004/064-tact-AL2y-ASAQ2y-ALAQ,85,0.6670867943606517,2031
004/064-tact-AL2y-ASAQ2y-ALAQ,86,0.6748789094237561,2031
004/064-tact-AL2y-ASAQ2y-ALAQ,87,0.6821151572893319,2031
004/064-tact-AL2y-ASAQ2y-ALAQ,88,0.6565085686751645,2031
004/064-tact-AL2y-ASAQ2y-ALAQ,89,0.691177296503985,2031
004/064-tact-AL2y-ASAQ2y-ALAQ,90,0.6810320744578092,2031
004/064-tact-AL2y-ASAQ2y-ALAQ,91,0.6828367983072724,2031
004/064-tact-AL2y-ASAQ2y-ALAQ,92,0.7067172235128871,2031
004/064-tact-AL2y-ASAQ2y-ALAQ,93,0.6832834436937939,2031
004/064-tact-AL2y-ASAQ2y-ALAQ,94,0.724105754491692,2031
004/064-tact-AL2y-ASAQ2y-ALAQ,95,0.6693101170465554,2031
004/064-tact-AL2y-ASAQ2y-ALAQ,96,0.7048782142988226,2031
004/064-tact-AL2y-ASAQ2y-ALAQ,97,0.6845121923170682,2031
004/064-tact-AL2y-ASAQ2y-ALAQ,98,0.6673981748763795,2031
004/064-tact-AL2y-ASAQ2y-ALAQ,99,0.6968574749411885,2031
004/065-tact-AL2y-DHAPPQ2y-ALAQ,0,0.6670523872653913,2031
004/065-tact-AL2y-DHAPPQ2y-ALAQ,1,0.7389213090164871,2031
004/065-tact-AL2y-DHAPPQ2y-ALAQ,2,0.6992458456731595,2031
004/065-tact-AL2y-DHAPPQ2y-ALAQ,3,0.6817962730223669,2031
004/065-tact-AL2y-DHAPPQ2y-ALAQ,4,0.7169194781547686,2031
004/065-tact-AL2y-DHAPPQ2y-ALAQ,5,0.6874685807411103,2031
004/065-tact-AL2y-DHAPPQ2y-ALAQ,6,0.7122924331699938,2031
004/065-tact-AL2y-DHAPPQ2y-ALAQ,7,0.6843434108480021,2031
004/065-tact-AL2y-DHAPPQ2y-ALAQ,8,0.7195844069092536,2031
004/065-tact-AL2y-DHAPPQ2y-ALAQ,9,0.694704749062646,2031
004/065-tact-AL2y-DHAPPQ2y-ALAQ,10,0.6656096710535554,2031
004/065-tact-AL2y-DHAPPQ2y-ALAQ,11,0.6825986030469237,2031
004/065-tact-AL2y-DHAPPQ2y-ALAQ,12,0.6907172051636398,2031
004/065-tact-AL2y-DHAPPQ2y-ALAQ,13,0.6719191306497936,2031
004/065-tact-AL2y-DHAPPQ2y-ALAQ,14,0.70057081740466,2031
004/065-tact-AL2y-DHAPPQ2y-ALAQ,15,0.6787924686140023,2031
004/065-tact-AL2y-DHAPPQ2y-ALAQ,16,0.7124723371317961,2031
004/065-tact-AL2y-DHAPPQ2y-ALAQ,17,0.6771936904664031,2031
004/065-tact-AL2y-DHAPPQ2y-ALAQ,18,0.6836298298161925,2031
004/065-tact-AL2y-DHAPPQ2y-ALAQ,19,0.6906972545346733,2031
004/065-tact-AL2y-DHAPPQ2y-ALAQ,20,0.7170196795354458,2031
004/065-tact-AL2y-DHAPPQ2y-ALAQ,21,0.7229940945629384,2031
004/065-tact-AL2y-DHAPPQ2y-ALAQ,22,0.7287474316528151,2031
004/065-tact-AL2y-DHAPPQ2y-ALAQ,23,0.7023778951352747,2031
004/065-tact-AL2y-DHAPPQ2y-ALAQ,24,0.6785943415093606,2031
004/065-tact-AL2y-DHAPPQ2y-ALAQ,25,0.695874368080005,2031
004/065-tact-AL2y-DHAPPQ2y-ALAQ,26,0.6985642452949907,2031
004/065-tact-AL2y-DHAPPQ2y-ALAQ,27,0.6982850651362978,2031
004/065-tact-AL2y-DHAPPQ2y-ALAQ,28,0.7272715459694233,2031
004/065-tact-AL2y-DHAPPQ2y-ALAQ,29,0.7333661298013769,2031
004/065-tact-AL2y-DHAPPQ2y-ALAQ,30,0.6869391265431085,2031
004/065-tact-AL2y-DHAPPQ2y-ALAQ,31,0.6749021282046832,2031
004/065-tact-AL2y-DHAPPQ2y-ALAQ,32,0.7023745959667282,2031
004/065-tact-AL2y-DHAPPQ2y-ALAQ,33,0.6897081640338928,2031
004/065-tact-AL2y-DHAPPQ2y-ALAQ,34,0.7103144803066642,2031
004/065-tact-AL2y-DHAPPQ2y-ALAQ,35,0.6879759411511991,2031
004/065-tact-AL2y-DHAPPQ2y-ALAQ,36,0.7143017888867503,2031
004/065-tact-AL2y-DHAPPQ2y-ALAQ,37,0.6899067684004122,2031
004/065-tact-AL2y-DHAPPQ2y-ALAQ,38,0.7046369438105993,2031
004/065-tact-AL2y-DHAPPQ2y-ALAQ,39,0.6739239799593483,2031
004/065-tact-AL2y-DHAPPQ2y-ALAQ,40,0.7026043846051162,2031
004/065-tact-AL2y-DHAPPQ2y-ALAQ,41,0.7041754341230485,2031
004/065-tact-AL2y-DHAPPQ2y-ALAQ,42,0.6896219308822454,2031
004/065-tact-AL2y-DHAPPQ2y-ALAQ,43,0.6789257930669047,2031
004/065-tact-AL2y-DHAPPQ2y-ALAQ,44,0.7043228380944689,2031
004/065-tact-AL2y-DHAPPQ2y-ALAQ,45,0.6806704927691354,2031
004/065-tact-AL2y-DHAPPQ2y-ALAQ,46,0.6806044159766254,2031
004/065-tact-AL2y-DHAPPQ2y-ALAQ,47,0.7015439265986599,2031
004/065-tact-AL2y-DHAPPQ2y-ALAQ,48,0.692393402272928,2031
004/065-tact-AL2y-DHAPPQ2y-ALAQ,49,0.6874505527520173,2031
004/065-tact-AL2y-DHAPPQ2y-ALAQ,50,0.6741586113636665,2031
004/065-tact-AL2y-DHAPPQ2y-ALAQ,51,0.6565180905925992,2031
004/065-tact-AL2y-DHAPPQ2y-ALAQ,52,0.7087159054486416,2031
004/065-tact-AL2y-DHAPPQ2y-ALAQ,53,0.6771002297062482,2031
004/065-tact-AL2y-DHAPPQ2y-ALAQ,54,0.7187726209184641,2031
004/065-tact-AL2y-DHAPPQ2y-ALAQ,55,0.6708714012706478,2031
004/065-tact-AL2y-DHAPPQ2y-ALAQ,56,0.7147661210095034,2031
004/065-tact-AL2y-DHAPPQ2y-ALAQ,57,0.7139384955310843,2031
004/065-tact-AL2y-DHAPPQ2y-ALAQ,58,0.6514848287856004,2031
004/065-tact-AL2y-DHAPPQ2y-ALAQ,59,0.6975829765206393,2031
004/065-tact-AL2y-DHAPPQ2y-ALAQ,60,0.7080481902281495,2031
004/065-tact-AL2y-DHAPPQ2y-ALAQ,61,0.6681117600191581,2031
004/065-tact-AL2y-DHAPPQ2y-ALAQ,62,0.7081259420791898,2031
004/065-tact-AL2y-DHAPPQ2y-ALAQ,63,0.6771442548968465,2031
004/065-tact-AL2y-DHAPPQ2y-ALAQ,64,0.7083848430518741,2031
004/065-tact-AL2y-DHAPPQ2y-ALAQ,65,0.6605494404027231,2031
004/065-tact-AL2y-DHAPPQ2y-ALAQ,66,0.6951609106564557,2031
004/065-tact-AL2y-DHAPPQ2y-ALAQ,67,0.692456571880721,2031
004/065-tact-AL2y-DHAPPQ2y-ALAQ,68,0.6927781077994148,2031
004/065-tact-AL2y-DHAPPQ2y-ALAQ,69,0.7237989247068071,2031
004/065-tact-AL2y-DHAPPQ2y-ALAQ,70,0.6999282930730563,2031
004/065-tact-AL2y-DHAPPQ2y-ALAQ,71,0.6904722269987064,2031
004/065-tact-AL2y-DHAPPQ2y-ALAQ,72,0.7259735050312214,2031
004/065-tact-AL2y-DHAPPQ2y-ALAQ,73,0.6813634403883496,2031
004/065-tact-AL2y-DHAPPQ2y-ALAQ,74,0.7004128751216642,2031
004/065-tact-AL2y-DHAPPQ2y-ALAQ,75,0.6648216850096796,2031
004/065-tact-AL2y-DHAPPQ2y-ALAQ,76,0.6796211077059437,2031
004/065-tact-AL2y-DHAPPQ2y-ALAQ,77,0.6670278114887025,2031
004/065-tact-AL2y-DHAPPQ2y-ALAQ,78,0.7022904266116193,2031
004/065-tact-AL2y-DHAPPQ2y-ALAQ,79,0.7195913694912538,2031
004/065-tact-AL2y-DHAPPQ2y-ALAQ,80,0.6931774346517013,2031
004/065-tact-AL2y-DHAPPQ2y-ALAQ,81,0.6931192154885215,2031
004/065-tact-AL2y-DHAPPQ2y-ALAQ,82,0.6908812645131492,2031
004/065-tact-AL2y-DHAPPQ2y-ALAQ,83,0.7147381914135024,2031
004/065-tact-AL2y-DHAPPQ2y-ALAQ,84,0.692831240765515,2031
004/065-tact-AL2y-DHAPPQ2y-ALAQ,85,0.7300477850150159,2031
004/065-tact-AL2y-DHAPPQ2y-ALAQ,86,0.6933253297200129,2031
004/065-tact-AL2y-DHAPPQ2y-ALAQ,87,0.6774583595362641,2031
004/065-tact-AL2y-DHAPPQ2y-ALAQ,88,0.7025437144347387,2031
004/065-tact-AL2y-DHAPPQ2y-ALAQ,89,0.7103869812527247,2031
004/065-tact-AL2y-DHAPPQ2y-ALAQ,90,0.6995919800788305,2031
004/065-tact-AL2y-DHAPPQ2y-ALAQ,91,0.7223549330630569,2031
004/065-tact-AL2y-DHAPPQ2y-ALAQ,92,0.7304508212620405,2031
004/065-tact-AL2y-DHAPPQ2y-ALAQ,93,0.7308617421668564,2031
004/065-tact-AL2y-DHAPPQ2y-ALAQ,94,0.67591105924856,2031
004/065-tact-AL2y-DHAPPQ2y-ALAQ,95,0.6859078269362486,2031
004/065-tact-AL2y-DHAPPQ2y-ALAQ,96,0.7241347103737491,2031
004/065-tact-AL2y-DHAPPQ2y-ALAQ,97,0.6970626446856009,2031
004/065-tact-AL2y-DHAPPQ2y-ALAQ,98,0.6741780760279784,2031
004/065-tact-AL2y-DHAPPQ2y-ALAQ,99,0.741969826085617,2031
004/066-tact-ASAQ2y-AL2y-ALAQ,0,0.6802288025154016,2031
004/066-tact-ASAQ2y-AL2y-ALAQ,1,0.7191883669332233,2031
004/066-tact-ASAQ2y-AL2y-ALAQ,2,0.6607102282378842,2031
004/066-tact-ASAQ2y-AL2y-ALAQ,3,0.6744842641027357,2031
004/066-tact-ASAQ2y-AL2y-ALAQ,4,0.6757177001769589,2031
004/066-tact-ASAQ2y-AL2y-ALAQ,5,0.691076284144001,2031
004/066-tact-ASAQ2y-AL2y-ALAQ,6,0.6984657651496331,2031
004/066-tact-ASAQ2y-AL2y-ALAQ,7,0.7060319875334907,2031
004/066-tact-ASAQ2y-AL2y-ALAQ,8,0.7070483138820807,2031
004/066-tact-ASAQ2y-AL2y-ALAQ,9,0.7007780749441926,2031
004/066-tact-ASAQ2y-AL2y-ALAQ,10,0.6614627808508081,2031
004/066-tact-ASAQ2y-AL2y-ALAQ,11,0.6779051376124478,2031
004/066-tact-ASAQ2y-AL2y-ALAQ,12,0.6921665104270401,2031
004/066-tact-ASAQ2y-AL2y-ALAQ,13,0.7007681798350162,2031
004/066-tact-ASAQ2y-AL2y-ALAQ,14,0.6690034358365565,2031
004/066-tact-ASAQ2y-AL2y-ALAQ,15,0.694689058222711,2031
004/066-tact-ASAQ2y-AL2y-ALAQ,16,0.6574525785240266,2031
004/066-tact-ASAQ2y-AL2y-ALAQ,17,0.7066473902443572,2031
004/066-tact-ASAQ2y-AL2y-ALAQ,18,0.7082773319144055,2031
004/066-tact-ASAQ2y-AL2y-ALAQ,19,0.6680480184000402,2031
004/066-tact-ASAQ2y-AL2y-ALAQ,20,0.7053643894761005,2031
004/066-tact-ASAQ2y-AL2y-ALAQ,21,0.6611845575975203,2031
004/066-tact-ASAQ2y-AL2y-ALAQ,22,0.6777960589333255,2031
004/066-tact-ASAQ2y-AL2y-ALAQ,23,0.6844294868667878,2031
004/066-tact-ASAQ2y-AL2y-ALAQ,24,0.6856109799375156,2031
004/066-tact-ASAQ2y-AL2y-ALAQ,25,0.6816663153916407,2031
004/066-tact-ASAQ2y-AL2y-ALAQ,26,0.6764492637214027,2031
004/066-tact-ASAQ2y-AL2y-ALAQ,27,0.6758955131173802,2031
004/066-tact-ASAQ2y-AL2y-ALAQ,28,0.6940322240980928,2031
004/066-tact-ASAQ2y-AL2y-ALAQ,29,0.6637149806104609,2031
004/066-tact-ASAQ2y-AL2y-ALAQ,30,0.6546153966766883,2031
004/066-tact-ASAQ2y-AL2y-ALAQ,31,0.6987812482123826,2031
004/066-tact-ASAQ2y-AL2y-ALAQ,32,0.6624189127850476,2031
004/066-tact-ASAQ2y-AL2y-ALAQ,33,0.7165633859055344,2031
004/066-tact-ASAQ2y-AL2y-ALAQ,34,0.6741859982148367,2031
004/066-tact-ASAQ2y-AL2y-ALAQ,35,0.6607520161527319,2031
004/066-tact-ASAQ2y-AL2y-ALAQ,36,0.6932937121194831,2031
004/066-tact-ASAQ2y-AL2y-ALAQ,37,0.6719321460361279,2031
004/066-tact-ASAQ2y-AL2y-ALAQ,38,0.7031972262938098,2031
004/066-tact-ASAQ2y-AL2y-ALAQ,39,0.6627600365337251,2031
004/066-tact-ASAQ2y-AL2y-ALAQ,40,0.6496927008100543,2031
004/066-tact-ASAQ2y-AL2y-ALAQ,41,0.68771554728521,2031
004/066-tact-ASAQ2y-AL2y-ALAQ,42,0.6771747431743279,2031
004/066-tact-ASAQ2y-AL2y-ALAQ,43,0.6911472069805225,2031
004/066-tact-ASAQ2y-AL2y-ALAQ,44,0.6449574781982589,2031
004/066-tact-ASAQ2y-AL2y-ALAQ,45,0.674054565749211,2031
004/066-tact-ASAQ2y-AL2y-ALAQ,46,0.6992027459753537,2031
004/066-tact-ASAQ2y-AL2y-ALAQ,47,0.67555468782189,2031
004/066-tact-ASAQ2y-AL2y-ALAQ,48,0.6682597158945692,2031
004/066-tact-ASAQ2y-AL2y-ALAQ,49,0.6723979942366222,2031
004/066-tact-ASAQ2y-AL2y-ALAQ,50,0.6634980670622966,2031
004/066-tact-ASAQ2y-AL2y-ALAQ,51,0.6889666050031334,2031
004/066-tact-ASAQ2y-AL2y-ALAQ,52,0.6764088463865005,2031
004/066-tact-ASAQ2y-AL2y-ALAQ,53,0.6573893455881156,2031
004/066-tact-ASAQ2y-AL2y-ALAQ,54,0.6747177447589437,2031
004/066-tact-ASAQ2y-AL2y-ALAQ,55,0.6797827547991747,2031
004/066-tact-ASAQ2y-AL2y-ALAQ,56,0.670921451679852,2031
004/066-tact-ASAQ2y-AL2y-ALAQ,57,0.7138677936286394,2031
004/066-tact-ASAQ2y-AL2y-ALAQ,58,0.691230751195331,2031
004/066-tact-ASAQ2y-AL2y-ALAQ,59,0.6909252773729143,2031
004/066-tact-ASAQ2y-AL2y-ALAQ,60,0.6940907060329377,2031
004/066-tact-ASAQ2y-AL2y-ALAQ,61,0.716457303286341,2031
004/066-tact-ASAQ2y-AL2y-ALAQ,62,0.6778811710468736,2031
004/066-tact-ASAQ2y-AL2y-ALAQ,63,0.6949286347033957,2031
004/066-tact-ASAQ2y-AL2y-ALAQ,64,0.7090495447870772,2031
004/066-tact-ASAQ2y-AL2y-ALAQ,65,0.706052886927511,2031
004/066-tact-ASAQ2y-AL2y-ALAQ,66,0.6978755234832176,2031
004/066-tact-ASAQ2y-AL2y-ALAQ,67,0.6924139974921287,2031
004/066-tact-ASAQ2y-AL2y-ALAQ,68,0.6618959426249461,2031
004/066-tact-ASAQ2y-AL2y-ALAQ,69,0.6850226602403895,2031
004/066-tact-ASAQ2y-AL2y-ALAQ,70,0.6525295596507786,2031
004/066-tact-ASAQ2y-AL2y-ALAQ,71,0.682923761835765,2031
004/066-tact-ASAQ2y-AL2y-ALAQ,72,0.7054070183459805,2031
004/066-tact-ASAQ2y-AL2y-ALAQ,73,0.7001597657702116,2031
004/066-tact-ASAQ2y-AL2y-ALAQ,74,0.6979327158131072,2031
004/066-tact-ASAQ2y-AL2y-ALAQ,75,0.7034665042479396,2031
004/066-tact-ASAQ2y-AL2y-ALAQ,76,0.6995590226891714,2031
004/066-tact-ASAQ2y-AL2y-ALAQ,77,0.7192317606714164,2031
004/066-tact-ASAQ2y-AL2y-ALAQ,78,0.6925347467333579,2031
004/066-tact-ASAQ2y-AL2y-ALAQ,79,0.6722276523971095,2031
004/066-tact-ASAQ2y-AL2y-ALAQ,80,0.6885375020133192,2031
004/066-tact-ASAQ2y-AL2y-ALAQ,81,0.6988871544985531,2031
004/066-tact-ASAQ2y-AL2y-ALAQ,82,0.6374142767815163,2031
004/066-tact-ASAQ2y-AL2y-ALAQ,83,0.6570606145755344,2031
004/066-tact-ASAQ2y-AL2y-ALAQ,84,0.7307049413161207,2031
004/066-tact-ASAQ2y-AL2y-ALAQ,85,0.6597129442711561,2031
004/066-tact-ASAQ2y-AL2y-ALAQ,86,0.6681668150287744,2031
004/066-tact-ASAQ2y-AL2y-ALAQ,87,0.6808433083267745,2031
004/066-tact-ASAQ2y-AL2y-ALAQ,88,0.7037647956884251,2031
004/066-tact-ASAQ2y-AL2y-ALAQ,89,0.6638629959052987,2031
004/066-tact-ASAQ2y-AL2y-ALAQ,90,0.6599307382034455,2031
004/066-tact-ASAQ2y-AL2y-ALAQ,91,0.6967913931045503,2031
004/066-tact-ASAQ2y-AL2y-ALAQ,92,0.6751421879084867,2031
004/066-tact-ASAQ2y-AL2y-ALAQ,93,0.6680218065772235,2031
004/066-tact-ASAQ2y-AL2y-ALAQ,94,0.6711243214919166,2031
004/066-tact-ASAQ2y-AL2y-ALAQ,95,0.7156076695346639,2031
004/066-tact-ASAQ2y-AL2y-ALAQ,96,0.6866822237120012,2031
004/066-tact-ASAQ2y-AL2y-ALAQ,97,0.6652756484440693,2031
004/066-tact-ASAQ2y-AL2y-ALAQ,98,0.6668802341851464,2031
004/066-tact-ASAQ2y-AL2y-ALAQ,99,0.6875543100436353,2031
004/067-tact-ASAQ2y-DHAPPQ2y-ALAQ,0,0.6717406484097911,2031
004/067-tact-ASAQ2y-DHAPPQ2y-ALAQ,1,0.6272434097878096,2031
004/067-tact-ASAQ2y-DHAPPQ2y-ALAQ,2,0.620082872559858,2031
004/067-tact-ASAQ2y-DHAPPQ2y-ALAQ,3,0.6732761979059044,2031
004/067-tact-ASAQ2y-DHAPPQ2y-ALAQ,4,0.6592691201970123,2031
004/067-tact-ASAQ2y-DHAPPQ2y-ALAQ,5,0.6534107886423377,2031
004/067-tact-ASAQ2y-DHAPPQ2y-ALAQ,6,0.6764522625995085,2031
004/067-tact-ASAQ2y-DHAPPQ2y-ALAQ,7,0.659453913956531,2031
004/067-tact-ASAQ2y-DHAPPQ2y-ALAQ,8,0.6521217920786531,2031
004/067-tact-ASAQ2y-DHAPPQ2y-ALAQ,9,0.6475644404970636,2031
004/067-tact-ASAQ2y-DHAPPQ2y-ALAQ,10,0.6423445846121,2031
004/067-tact-ASAQ2y-DHAPPQ2y-ALAQ,11,0.6684244707270525,2031
004/067-tact-ASAQ2y-DHAPPQ2y-ALAQ,12,0.6515016379082894,2031
004/067-tact-ASAQ2y-DHAPPQ2y-ALAQ,13,0.6498343650213031,2031
004/067-tact-ASAQ2y-DHAPPQ2y-ALAQ,14,0.6777025069874316,2031
004/067-tact-ASAQ2y-DHAPPQ2y-ALAQ,15,0.627378227910757,2031
004/067-tact-ASAQ2y-DHAPPQ2y-ALAQ,16,0.6286789494305695,2031
004/067-tact-ASAQ2y-DHAPPQ2y-ALAQ,17,0.6465846292845556,2031
004/067-tact-ASAQ2y-DHAPPQ2y-ALAQ,18,0.6479619489952786,2031
004/067-tact-ASAQ2y-DHAPPQ2y-ALAQ,19,0.6263298780550968,2031
004/067-tact-ASAQ2y-DHAPPQ2y-ALAQ,20,0.6680999804702467,2031
004/067-tact-ASAQ2y-DHAPPQ2y-ALAQ,21,0.6314143525417563,2031
004/067-tact-ASAQ2y-DHAPPQ2y-ALAQ,22,0.6601803611957816,2031
004/067-tact-ASAQ2y-DHAPPQ2y-ALAQ,23,0.6415073403131951,2031
004/067-tact-ASAQ2y-DHAPPQ2y-ALAQ,24,0.6479250998442234,2031
004/067-tact-ASAQ2y-DHAPPQ2y-ALAQ,25,0.6506699152017345,2031
004/067-tact-ASAQ2y-DHAPPQ2y-ALAQ,26,0.6388996834670417,2031
004/067-tact-ASAQ2y-DHAPPQ2y-ALAQ,27,0.652831141088949,2031
004/067-tact-ASAQ2y-DHAPPQ2y-ALAQ,28,0.6044063800298781,2031
004/067-tact-ASAQ2y-DHAPPQ2y-ALAQ,29,0.668395325047978,2031
004/067-tact-ASAQ2y-DHAPPQ2y-ALAQ,30,0.6010011392940043,2031
004/067-tact-ASAQ2y-DHAPPQ2y-ALAQ,31,0.6314485237982504,2031
004/067-tact-ASAQ2y-DHAPPQ2y-ALAQ,32,0.6576728844139342,2031
004/067-tact-ASAQ2y-DHAPPQ2y-ALAQ,33,0.6038074924192488,2031
004/067-tact-ASAQ2y-DHAPPQ2y-ALAQ,34,0.6697195595667155,2031
004/067-tact-ASAQ2y-DHAPPQ2y-ALAQ,35,0.6552534331566817,2031
004/067-tact-ASAQ2y-DHAPPQ2y-ALAQ,36,0.6510069704944083,2031
004/067-tact-ASAQ2y-DHAPPQ2y-ALAQ,37,0.6531021763817846,2031
004/067-tact-ASAQ2y-DHAPPQ2y-ALAQ,38,0.6816702610501983,2031
004/067-tact-ASAQ2y-DHAPPQ2y-ALAQ,39,0.6430868955144758,2031
004/067-tact-ASAQ2y-DHAPPQ2y-ALAQ,40,0.6537602225100102,2031
004/067-tact-ASAQ2y-DHAPPQ2y-ALAQ,41,0.6073648173315139,2031
004/067-tact-ASAQ2y-DHAPPQ2y-ALAQ,42,0.6470762096832771,2031
004/067-tact-ASAQ2y-DHAPPQ2y-ALAQ,43,0.6525322329669883,2031
004/067-tact-ASAQ2y-DHAPPQ2y-ALAQ,44,0.6702575953726808,2031
004/067-tact-ASAQ2y-DHAPPQ2y-ALAQ,45,0.6162692094387525,2031
004/067-tact-ASAQ2y-DHAPPQ2y-ALAQ,46,0.6414001266488228,2031
004/067-tact-ASAQ2y-DHAPPQ2y-ALAQ,47,0.6410237060104204,2031
004/067-tact-ASAQ2y-DHAPPQ2y-ALAQ,48,0.588440183530537,2031
004/067-tact-ASAQ2y-DHAPPQ2y-ALAQ,49,0.6741547932009699,2031
004/067-tact-ASAQ2y-DHAPPQ2y-ALAQ,50,0.6425163404782249,2031
004/067-tact-ASAQ2y-DHAPPQ2y-ALAQ,51,0.6284785366994209,2031
004/067-tact-ASAQ2y-DHAPPQ2y-ALAQ,52,0.6349725912594862,2031
004/067-tact-ASAQ2y-DHAPPQ2y-ALAQ,53,0.6277335372321348,2031
004/067-tact-ASAQ2y-DHAPPQ2y-ALAQ,54,0.6696191126771978,2031
004/067-tact-ASAQ2y-DHAPPQ2y-ALAQ,55,0.6129488592169987,2031
004/067-tact-ASAQ2y-DHAPPQ2y-ALAQ,56,0.6220218970687891,2031
004/067-tact-ASAQ2y-DHAPPQ2y-ALAQ,57,0.6393341980639334,2031
004/067-tact-ASAQ2y-DHAPPQ2y-ALAQ,58,0.6689719082273204,2031
004/067-tact-ASAQ2y-DHAPPQ2y-ALAQ,59,0.6453163061797729,2031
004/067-tact-ASAQ2y-DHAPPQ2y-ALAQ,60,0.6510911676305708,2031
004/067-tact-ASAQ2y-DHAPPQ2y-ALAQ,61,0.6482801725974467,2031
004/067-tact-ASAQ2y-DHAPPQ2y-ALAQ,62,0.6462535189978245,2031
004/067-tact-ASAQ2y-DHAPPQ2y-ALAQ,63,0.645491749755118,2031
004/067-tact-ASAQ2y-DHAPPQ2y-ALAQ,64,0.6423679741762648,2031
004/067-tact-ASAQ2y-DHAPPQ2y-ALAQ,65,0.6649320004844249,2031
004/067-tact-ASAQ2y-DHAPPQ2y-ALAQ,66,0.6261944277491428,2031
004/067-tact-ASAQ2y-DHAPPQ2y-ALAQ,67,0.627956371690109,2031
004/067-tact-ASAQ2y-DHAPPQ2y-ALAQ,68,0.6464669989034221,2031
004/067-tact-ASAQ2y-DHAPPQ2y-ALAQ,69,0.6272790828182246,2031
004/067-tact-ASAQ2y-DHAPPQ2y-ALAQ,70,0.6271493374691914,2031
004/067-tact-ASAQ2y-DHAPPQ2y-ALAQ,71,0.6227904765882992,2031
004/067-tact-ASAQ2y-DHAPPQ2y-ALAQ,72,0.6335871462112191,2031
004/067-tact-ASAQ2y-DHAPPQ2y-ALAQ,73,0.6303128938602388,2031
004/067-tact-ASAQ2y-DHAPPQ2y-ALAQ,74,0.6418125949395206,2031
004/067-tact-ASAQ2y-DHAPPQ2y-ALAQ,75,0.6370682716262667,2031
004/067-tact-ASAQ2y-DHAPPQ2y-ALAQ,76,0.6488819532208976,2031
004/067-tact-ASAQ2y-DHAPPQ2y-ALAQ,77,0.6452244730925364,2031
004/067-tact-ASAQ2y-DHAPPQ2y-ALAQ,78,0.6396811435378745,2031
004/067-tact-ASAQ2y-DHAPPQ2y-ALAQ,79,0.6597487990511619,2031
004/067-tact-ASAQ2y-DHAPPQ2y-ALAQ,80,0.64113645220273,2031
004/067-tact-ASAQ2y-DHAPPQ2y-ALAQ,81,0.6424679877882681,2031
004/067-tact-ASAQ2y-DHAPPQ2y-ALAQ,82,0.6416228428272371,2031
004/067-tact-ASAQ2y-DHAPPQ2y-ALAQ,83,0.6361562699715129,2031
004/067-tact-ASAQ2y-DHAPPQ2y-ALAQ,84,0.6590515653773603,2031
004/067-tact-ASAQ2y-DHAPPQ2y-ALAQ,85,0.647429629304615,2031
004/067-tact-ASAQ2y-DHAPPQ2y-ALAQ,86,0.7085118197359398,2031
004/067-tact-ASAQ2y-DHAPPQ2y-ALAQ,87,0.6349411806749387,2031
004/067-tact-ASAQ2y-DHAPPQ2y-ALAQ,88,0.6397577656202732,2031
004/067-tact-ASAQ2y-DHAPPQ2y-ALAQ,89,0.6374863063985935,2031
004/067-tact-ASAQ2y-DHAPPQ2y-ALAQ,90,0.6659135193482585,2031
004/067-tact-ASAQ2y-DHAPPQ2y-ALAQ,91,0.6542472493076413,2031
004/067-tact-ASAQ2y-DHAPPQ2y-ALAQ,92,0.6308192587506153,2031
004/067-tact-ASAQ2y-DHAPPQ2y-ALAQ,93,0.6617745434150769,2031
004/067-tact-ASAQ2y-DHAPPQ2y-ALAQ,94,0.6361542404096313,2031
004/067-tact-ASAQ2y-DHAPPQ2y-ALAQ,95,0.6448248356922638,2031
004/067-tact-ASAQ2y-DHAPPQ2y-ALAQ,96,0.6334980680329937,2031
004/067-tact-ASAQ2y-DHAPPQ2y-ALAQ,97,0.6154336660987026,2031
004/067-tact-ASAQ2y-DHAPPQ2y-ALAQ,98,0.6280930980234664,2031
004/067-tact-ASAQ2y-DHAPPQ2y-ALAQ,99,0.6425233479308129,2031
004/068-tact-DHAPPQ2y-AL2y-ALAQ,0,0.7014430671043912,2031
004/068-tact-DHAPPQ2y-AL2y-ALAQ,1,0.6870753103782522,2031
004/068-tact-DHAPPQ2y-AL2y-ALAQ,2,0.7285310523367112,2031
004/068-tact-DHAPPQ2y-AL2y-ALAQ,3,0.7097802736738726,2031
004/068-tact-DHAPPQ2y-AL2y-ALAQ,4,0.7010270880659273,2031
004/068-tact-DHAPPQ2y-AL2y-ALAQ,5,0.6958654126752429,2031
004/068-tact-DHAPPQ2y-AL2y-ALAQ,6,0.7126393258316597,2031
004/068-tact-DHAPPQ2y-AL2y-ALAQ,7,0.7161639083548142,2031
004/068-tact-DHAPPQ2y-AL2y-ALAQ,8,0.6879415588314254,2031
004/068-tact-DHAPPQ2y-AL2y-ALAQ,9,0.7412145607059487,2031
004/068-tact-DHAPPQ2y-AL2y-ALAQ,10,0.687579499956185,2031
004/068-tact-DHAPPQ2y-AL2y-ALAQ,11,0.7020353728979661,2031
004/068-tact-DHAPPQ2y-AL2y-ALAQ,12,0.693116594779786,2031
004/068-tact-DHAPPQ2y-AL2y-ALAQ,13,0.6813152283294696,2031
004/068-tact-DHAPPQ2y-AL2y-ALAQ,14,0.6869850447790949,2031
004/068-tact-DHAPPQ2y-AL2y-ALAQ,15,0.6712256249985402,2031
004/068-tact-DHAPPQ2y-AL2y-ALAQ,16,0.6926109936621824,2031
004/068-tact-DHAPPQ2y-AL2y-ALAQ,17,0.7100437897277571,2031
004/068-tact-DHAPPQ2y-AL2y-ALAQ,18,0.6576870974917925,2031
004/068-tact-DHAPPQ2y-AL2y-ALAQ,19,0.6842230652547944,2031
004/068-tact-DHAPPQ2y-AL2y-ALAQ,20,0.7292436668483919,2031
004/068-tact-DHAPPQ2y-AL2y-ALAQ,21,0.7059868726666411,2031
004/068-tact-DHAPPQ2y-AL2y-ALAQ,22,0.673137039080236,2031
004/068-tact-DHAPPQ2y-AL2y-ALAQ,23,0.6898381439884468,2031
004/068-tact-DHAPPQ2y-AL2y-ALAQ,24,0.6850613407294541,2031
004/068-tact-DHAPPQ2y-AL2y-ALAQ,25,0.7233315844297495,2031
004/068-tact-DHAPPQ2y-AL2y-ALAQ,26,0.686348175764134,2031
004/068-tact-DHAPPQ2y-AL2y-ALAQ,27,0.6840507311640968,2031
004/068-tact-DHAPPQ2y-AL2y-ALAQ,28,0.7031632286545356,2031
004/068-tact-DHAPPQ2y-AL2y-ALAQ,29,0.7258467197164483,2031
004/068-tact-DHAPPQ2y-AL2y-ALAQ,30,0.6963150761733177,2031
004/068-tact-DHAPPQ2y-AL2y-ALAQ,31,0.7296505562627367,2031
004/068-tact-DHAPPQ2y-AL2y-ALAQ,32,0.6811952965268214,2031
004/068-tact-DHAPPQ2y-AL2y-ALAQ,33,0.674107299136486,2031
004/068-tact-DHAPPQ2y-AL2y-ALAQ,34,0.7024817572975538,2031
004/068-tact-DHAPPQ2y-AL2y-ALAQ,35,0.651871227989692,2031
004/068-tact-DHAPPQ2y-AL2y-ALAQ,36,0.7002718952653604,2031
004/068-tact-DHAPPQ2y-AL2y-ALAQ,37,0.673484448756014,2031
004/068-tact-DHAPPQ2y-AL2y-ALAQ,38,0.6975686146081775,2031
004/068-tact-DHAPPQ2y-AL2y-ALAQ,39,0.730854310268361,2031
004/068-tact-DHAPPQ2y-AL2y-ALAQ,40,0.7268496127411507,2031
004/068-tact-DHAPPQ2y-AL2y-ALAQ,41,0.6734824935439531,2031
004/068-tact-DHAPPQ2y-AL2y-ALAQ,42,0.697087144553214,2031
004/068-tact-DHAPPQ2y-AL2y-ALAQ,43,0.7200245500163339,2031
004/068-tact-DHAPPQ2y-AL2y-ALAQ,44,0.6741944413576714,2031
004/068-tact-DHAPPQ2y-AL2y-ALAQ,45,0.686384147848974,2031
004/068-tact-DHAPPQ2y-AL2y-ALAQ,46,0.6732456150349546,2031
004/068-tact-DHAPPQ2y-AL2y-ALAQ,47,0.7285775036241472,2031
004/068-tact-DHAPPQ2y-AL2y-ALAQ,48,0.6998330249666814,2031
004/068-tact-DHAPPQ2y-AL2y-ALAQ,49,0.7251644154709473,2031
004/068-tact-DHAPPQ2y-AL2y-ALAQ,50,0.6841248548795774,2031
004/068-tact-DHAPPQ2y-AL2y-ALAQ,51,0.6988074307584008,2031
004/068-tact-DHAPPQ2y-AL2y-ALAQ,52,0.6840846378530355,2031
004/068-tact-DHAPPQ2y-AL2y-ALAQ,53,0.6818448683209158,2031
004/068-tact-DHAPPQ2y-AL2y-ALAQ,54,0.7220204874193604,2031
004/068-tact-DHAPPQ2y-AL2y-ALAQ,55,0.6903927287239319,2031
004/068-tact-DHAPPQ2y-AL2y-ALAQ,56,0.6819300970687664,2031
004/068-tact-DHAPPQ2y-AL2y-ALAQ,57,0.7030937493044931,2031
004/068-tact-DHAPPQ2y-AL2y-ALAQ,58,0.6785422013715897,2031
004/068-tact-DHAPPQ2y-AL2y-ALAQ,59,0.7180702540232885,2031
004/068-tact-DHAPPQ2y-AL2y-ALAQ,60,0.7205715150552058,2031
004/068-tact-DHAPPQ2y-AL2y-ALAQ,61,0.7129239586498644,2031
004/068-tact-DHAPPQ2y-AL2y-ALAQ,62,0.6937774007081271,2031
004/068-tact-DHAPPQ2y-AL2y-ALAQ,63,0.705509761642169,2031
004/068-tact-DHAPPQ2y-AL2y-ALAQ,64,0.6902569838279683,2031
004/068-tact-DHAPPQ2y-AL2y-ALAQ,65,0.7184358733758752,2031
004/068-tact-DHAPPQ2y-AL2y-ALAQ,66,0.7121597336130422,2031
004/068-tact-DHAPPQ2y-AL2y-ALAQ,67,0.7072607206563616,2031
004/068-tact-DHAPPQ2y-AL2y-ALAQ,68,0.6957587849313844,2031
004/068-tact-DHAPPQ2y-AL2y-ALAQ,69,0.7011759301462893,2031
004/068-tact-DHAPPQ2y-AL2y-ALAQ,70,0.7187362714161262,2031
004/068-tact-DHAPPQ2y-AL2y-ALAQ,71,0.7215003542679844,2031
004/068-tact-DHAPPQ2y-AL2y-ALAQ,72,0.6641815882987191,2031
004/068-tact-DHAPPQ2y-AL2y-ALAQ,73,0.6956442010100203,2031
004/068-tact-DHAPPQ2y-AL2y-ALAQ,74,0.6912736294690518,2031
004/068-tact-DHAPPQ2y-AL2y-ALAQ,75,0.7179536310845518,2031
004/068-tact-DHAPPQ2y-AL2y-ALAQ,76,0.7055892387106136,2031
004/068-tact-DHAPPQ2y-AL2y-ALAQ,77,0.6835905789725635,2031
004/068-tact-DHAPPQ2y-AL2y-ALAQ,78,0.6980271319970058,2031
004/068-tact-DHAPPQ2y-AL2y-ALAQ,79,0.6693817235472622,2031
004/068-tact-DHAPPQ2y-AL2y-ALAQ,80,0.7217188564830535,2031
004/068-tact-DHAPPQ2y-AL2y-ALAQ,81,0.7042576312890508,2031
004/068-tact-DHAPPQ2y-AL2y-ALAQ,82,0.6745483131795353,2031
004/068-tact-DHAPPQ2y-AL2y-ALAQ,83,0.7196467515826139,2031
004/068-tact-DHAPPQ2y-AL2y-ALAQ,84,0.6961695490862839,2031
004/068-tact-DHAPPQ2y-AL2y-ALAQ,85,0.7151152655303754,2031
004/068-tact-DHAPPQ2y-AL2y-ALAQ,86,0.7189579582387201,2031
004/068-tact-DHAPPQ2y-AL2y-ALAQ,87,0.7006320214923898,2031
004/068-tact-DHAPPQ2y-AL2y-ALAQ,88,0.6955748655755768,2031
004/068-tact-DHAPPQ2y-AL2y-ALAQ,89,0.7057570088054518,2031
004/068-tact-DHAPPQ2y-AL2y-ALAQ,90,0.6886774904605762,2031
004/068-tact-DHAPPQ2y-AL2y-ALAQ,91,0.6887847301551782,2031
004/068-tact-DHAPPQ2y-AL2y-ALAQ,92,0.6809947195237919,2031
004/068-tact-DHAPPQ2y-AL2y-ALAQ,93,0.6925489806650943,2031
004/068-tact-DHAPPQ2y-AL2y-ALAQ,94,0.6822189036447751,2031
004/068-tact-DHAPPQ2y-AL2y-ALAQ,95,0.6969341625831057,2031
004/068-tact-DHAPPQ2y-AL2y-ALAQ,96,0.7318285923005328,2031
004/068-tact-DHAPPQ2y-AL2y-ALAQ,97,0.7114601175699642,2031
004/068-tact-DHAPPQ2y-AL2y-ALAQ,98,0.7135404703210423,2031
004/068-tact-DHAPPQ2y-AL2y-ALAQ,99,0.686925821336203,2031
004/069-tact-DHAPPQ2y-ASAQ2y-ALAQ,0,0.6304308218695698,2031
004/069-tact-DHAPPQ2y-ASAQ2y-ALAQ,1,0.6641829600285885,2031
004/069-tact-DHAPPQ2y-ASAQ2y-ALAQ,2,0.6828388067065202,2031
004/069-tact-DHAPPQ2y-ASAQ2y-ALAQ,3,0.6337488378602767,2031
004/069-tact-DHAPPQ2y-ASAQ2y-ALAQ,4,0.6640436520116456,2031
004/069-tact-DHAPPQ2y-ASAQ2y-ALAQ,5,0.6456149852387049,2031
004/069-tact-DHAPPQ2y-ASAQ2y-ALAQ,6,0.6137385646954611,2031
004/069-tact-DHAPPQ2y-ASAQ2y-ALAQ,7,0.6350646009349482,2031
004/069-tact-DHAPPQ2y-ASAQ2y-ALAQ,8,0.6450633580365089,2031
004/069-tact-DHAPPQ2y-ASAQ2y-ALAQ,9,0.6383424309194584,2031
004/069-tact-DHAPPQ2y-ASAQ2y-ALAQ,10,0.6637770989214106,2031
004/069-tact-DHAPPQ2y-ASAQ2y-ALAQ,11,0.6429844891118561,2031
004/069-tact-DHAPPQ2y-ASAQ2y-ALAQ,12,0.6437547639538755,2031
004/069-tact-DHAPPQ2y-ASAQ2y-ALAQ,13,0.6540476705708248,2031
004/069-tact-DHAPPQ2y-ASAQ2y-ALAQ,14,0.6621789859169399,2031
004/069-tact-DHAPPQ2y-ASAQ2y-ALAQ,15,0.6442119414270105,2031
004/069-tact-DHAPPQ2y-ASAQ2y-ALAQ,16,0.6413348496501247,2031
004/069-tact-DHAPPQ2y-ASAQ2y-ALAQ,17,0.6415651834088583,2031
004/069-tact-DHAPPQ2y-ASAQ2y-ALAQ,18,0.6471473223552325,2031
004/069-tact-DHAPPQ2y-ASAQ2y-ALAQ,19,0.6475571515126559,2031
004/069-tact-DHAPPQ2y-ASAQ2y-ALAQ,20,0.6672369315931141,2031
004/069-tact-DHAPPQ2y-ASAQ2y-ALAQ,21,0.676266248746845,2031
004/069-tact-DHAPPQ2y-ASAQ2y-ALAQ,22,0.6667173449192223,2031
004/069-tact-DHAPPQ2y-ASAQ2y-ALAQ,23,0.6416521985007976,2031
004/069-tact-DHAPPQ2y-ASAQ2y-ALAQ,24,0.6553869416209607,2031
004/069-tact-DHAPPQ2y-ASAQ2y-ALAQ,25,0.6482783063728461,2031
004/069-tact-DHAPPQ2y-ASAQ2y-ALAQ,26,0.6711096951193648,2031
004/069-tact-DHAPPQ2y-ASAQ2y-ALAQ,27,0.6367625086356815,2031
004/069-tact-DHAPPQ2y-ASAQ2y-ALAQ,28,0.6514661878712331,2031
004/069-tact-DHAPPQ2y-ASAQ2y-ALAQ,29,0.6716631405454733,2031
004/069-tact-DHAPPQ2y-ASAQ2y-ALAQ,30,0.6266073367481231,2031
004/069-tact-DHAPPQ2y-ASAQ2y-ALAQ,31,0.6386210220673235,2031
004/069-tact-DHAPPQ2y-ASAQ2y-ALAQ,32,0.6484377524761505,2031
004/069-tact-DHAPPQ2y-ASAQ2y-ALAQ,33,0.6434769231615103,2031
004/069-tact-DHAPPQ2y-ASAQ2y-ALAQ,34,0.637066862080364,2031
004/069-tact-DHAPPQ2y-ASAQ2y-ALAQ,35,0.6543048288200419,2031
004/069-tact-DHAPPQ2y-ASAQ2y-ALAQ,36,0.659470792282382,2031
004/069-tact-DHAPPQ2y-ASAQ2y-ALAQ,37,0.6519847157590778,2031
004/069-tact-DHAPPQ2y-ASAQ2y-ALAQ,38,0.6317625424341954,2031
004/069-tact-DHAPPQ2y-ASAQ2y-ALAQ,39,0.667393823576757,2031
004/069-tact-DHAPPQ2y-ASAQ2y-ALAQ,40,0.6544339255644269,2031
004/069-tact-DHAPPQ2y-ASAQ2y-ALAQ,41,0.6389369076399983,2031
004/069-tact-DHAPPQ2y-ASAQ2y-ALAQ,42,0.6335727052942245,2031
004/069-tact-DHAPPQ2y-ASAQ2y-ALAQ,43,0.6578442194703671,2031
004/069-tact-DHAPPQ2y-ASAQ2y-ALAQ,44,0.6449006145837063,2031
004/069-tact-DHAPPQ2y-ASAQ2y-ALAQ,45,0.6610737043715479,2031
004/069-tact-DHAPPQ2y-ASAQ2y-ALAQ,46,0.6857583273893392,2031
004/069-tact-DHAPPQ2y-ASAQ2y-ALAQ,47,0.6259096219638173,2031
004/069-tact-DHAPPQ2y-ASAQ2y-ALAQ,48,0.650332327354458,2031
004/069-tact-DHAPPQ2y-ASAQ2y-ALAQ,49,0.660377276594677,2031
004/069-tact-DHAPPQ2y-ASAQ2y-ALAQ,50,0.6404302826606681,2031
004/069-tact-DHAPPQ2y-ASAQ2y-ALAQ,51,0.623289876936798,2031
004/069-tact-DHAPPQ2y-ASAQ2y-ALAQ,52,0.6749888350705571,2031
004/069-tact-DHAPPQ2y-ASAQ2y-ALAQ,53,0.6397358243562233,2031
004/069-tact-DHAPPQ2y-ASAQ2y-ALAQ,54,0.6315316919900081,2031
004/069-tact-DHAPPQ2y-ASAQ2y-ALAQ,55,0.6311066017408719,2031
004/069-tact-DHAPPQ2y-ASAQ2y-ALAQ,56,0.6193397152201846,2031
004/069-tact-DHAPPQ2y-ASAQ2y-ALAQ,57,0.6537137032248381,2031
004/069-tact-DHAPPQ2y-ASAQ2y-ALAQ,58,0.6218546549296099,2031
004/069-tact-DHAPPQ2y-ASAQ2y-ALAQ,59,0.6797040076582408,2031
004/069-tact-DHAPPQ2y-ASAQ2y-ALAQ,60,0.6518104258367096,2031
004/069-tact-DHAPPQ2y-ASAQ2y-ALAQ,61,0.659409380267722,2031
004/069-tact-DHAPPQ2y-ASAQ2y-ALAQ,62,0.6936004413960992,2031
004/069-tact-DHAPPQ2y-ASAQ2y-ALAQ,63,0.635784293114657,2031
004/069-tact-DHAPPQ2y-ASAQ2y-ALAQ,64,0.6408674827140088,2031
004/069-tact-DHAPPQ2y-ASAQ2y-ALAQ,65,0.6538731998137433,2031
004/069-tact-DHAPPQ2y-ASAQ2y-ALAQ,66,0.6514524560107596,2031
004/069-tact-DHAPPQ2y-ASAQ2y-ALAQ,67,0.6606464209863935,2031
004/069-tact-DHAPPQ2y-ASAQ2y-ALAQ,68,0.6464179958152464,2031
004/069-tact-DHAPPQ2y-ASAQ2y-ALAQ,69,0.6870434116921027,2031
004/069-tact-DHAPPQ2y-ASAQ2y-ALAQ,70,0.6414148475860436,2031
004/069-tact-DHAPPQ2y-ASAQ2y-ALAQ,71,0.6614782990163279,2031
004/069-tact-DHAPPQ2y-ASAQ2y-ALAQ,72,0.6197357086755922,2031
004/069-tact-DHAPPQ2y-ASAQ2y-ALAQ,73,0.6497006572113152,2031
004/069-tact-DHAPPQ2y-ASAQ2y-ALAQ,74,0.6482698298834776,2031
004/069-tact-DHAPPQ2y-ASAQ2y-ALAQ,75,0.6263089127301232,2031
004/069-tact-DHAPPQ2y-ASAQ2y-ALAQ,76,0.6446195485884596,2031
004/069-tact-DHAPPQ2y-ASAQ2y-ALAQ,77,0.6769655377623455,2031
004/069-tact-DHAPPQ2y-ASAQ2y-ALAQ,78,0.6615760961162375,2031
004/069-tact-DHAPPQ2y-ASAQ2y-ALAQ,79,0.6535057637678049,2031
004/069-tact-DHAPPQ2y-ASAQ2y-ALAQ,80,0.6606403541844864,2031
004/069-tact-DHAPPQ2y-ASAQ2y-ALAQ,81,0.6616044990223532,2031
004/069-tact-DHAPPQ2y-ASAQ2y-ALAQ,82,0.6295011122850541,2031
004/069-tact-DHAPPQ2y-ASAQ2y-ALAQ,83,0.6536244640825736,2031
004/069-tact-DHAPPQ2y-ASAQ2y-ALAQ,84,0.6349794260993314,2031
004/069-tact-DHAPPQ2y-ASAQ2y-ALAQ,85,0.6632382653148308,2031
004/069-tact-DHAPPQ2y-ASAQ2y-ALAQ,86,0.670718907007243,2031
004/069-tact-DHAPPQ2y-ASAQ2y-ALAQ,87,0.6445184184962731,2031
004/069-tact-DHAPPQ2y-ASAQ2y-ALAQ,88,0.6177421258670753,2031
004/069-tact-DHAPPQ2y-ASAQ2y-ALAQ,89,0.64574193063867,2031
004/069-tact-DHAPPQ2y-ASAQ2y-ALAQ,90,0.6572971737304755,2031
004/069-tact-DHAPPQ2y-ASAQ2y-ALAQ,91,0.6549377209574284,2031
004/069-tact-DHAPPQ2y-ASAQ2y-ALAQ,92,0.6324791855960051,2031
004/069-tact-DHAPPQ2y-ASAQ2y-ALAQ,93,0.6528659844491688,2031
004/069-tact-DHAPPQ2y-ASAQ2y-ALAQ,94,0.6525723992546343,2031
004/069-tact-DHAPPQ2y-ASAQ2y-ALAQ,95,0.6687049194155433,2031
004/069-tact-DHAPPQ2y-ASAQ2y-ALAQ,96,0.6496483944207011,2031
004/069-tact-DHAPPQ2y-ASAQ2y-ALAQ,97,0.6361973017252287,2031
004/069-tact-DHAPPQ2y-ASAQ2y-ALAQ,98,0.6583924280889297,2031
004/069-tact-DHAPPQ2y-ASAQ2y-ALAQ,99,0.6412870943318799,2031
004/070-tact-ALAQ-immediate,0,0.5924117139311716,2031
004/070-tact-ALAQ-immediate,1,0.5894417901024755,2031
004/070-tact-ALAQ-immediate,2,0.5732610514831139,2031
004/070-tact-ALAQ-immediate,3,0.6071017038886329,2031
004/070-tact-ALAQ-immediate,4,0.6233389289604386,2031
004/070-tact-ALAQ-immediate,5,0.5949204150473768,2031
004/070-tact-ALAQ-immediate,6,0.5927700589427114,2031
004/070-tact-ALAQ-immediate,7,0.5903114214657447,2031
004/070-tact-ALAQ-immediate,8,0.5738721138143653,2031
004/070-tact-ALAQ-immediate,9,0.6159094980677258,2031
004/070-tact-ALAQ-immediate,10,0.6435715374582145,2031
004/070-tact-ALAQ-immediate,11,0.5994508795051565,2031
004/070-tact-ALAQ-immediate,12,0.6337470141473832,2031
004/070-tact-ALAQ-immediate,13,0.6022563385406502,2031
004/070-tact-ALAQ-immediate,14,0.5836971930999174,2031
004/070-tact-ALAQ-immediate,15,0.5966399616897841,2031
004/070-tact-ALAQ-immediate,16,0.5992901003939809,2031
004/070-tact-ALAQ-immediate,17,0.5779339254718865,2031
004/070-tact-ALAQ-immediate,18,0.5522715087433278,2031
004/070-tact-ALAQ-immediate,19,0.6142511620140737,2031
004/070-tact-ALAQ-immediate,20,0.5885621813802473,2031
004/070-tact-ALAQ-immediate,21,0.6297638427745099,2031
004/070-tact-ALAQ-immediate,22,0.6059787991772029,2031
004/070-tact-ALAQ-immediate,23,0.6224676328418414,2031
004/070-tact-ALAQ-immediate,24,0.6319337557598939,2031
004/070-tact-ALAQ-immediate,25,0.5793782105228599,2031
004/070-tact-ALAQ-immediate,26,0.5906744999943084,2031
004/070-tact-ALAQ-immediate,27,0.6399561875330972,2031
004/070-tact-ALAQ-immediate,28,0.5719523011705036,2031
004/070-tact-ALAQ-immediate,29,0.5985522285903778,2031
004/070-tact-ALAQ-immediate,30,0.5759223966406753,2031
004/070-tact-ALAQ-immediate,31,0.5615958392608354,2031
004/070-tact-ALAQ-immediate,32,0.6033512457688869,2031
004/070-tact-ALAQ-immediate,33,0.5636915469236198,2031
004/070-tact-ALAQ-immediate,34,0.5802691225041736,2031
004/070-tact-ALAQ-immediate,35,0.5998089061343438,2031
004/070-tact-ALAQ-immediate,36,0.6178887888236636,2031
004/070-tact-ALAQ-immediate,37,0.5912536213996414,2031
004/070-tact-ALAQ-immediate,38,0.5748051174055134,2031
004/070-tact-ALAQ-immediate,39,0.5975768842351111,2031
004/070-tact-ALAQ-immediate,40,0.5752210964213792,2031
004/070-tact-ALAQ-immediate,41,0.6132924355007597,2031
004/070-tact-ALAQ-immediate,42,0.5899539184407014,2031
004/070-tact-ALAQ-immediate,43,0.5725691787222975,2031
004/070-tact-ALAQ-immediate,44,0.5913383246007858,2031
004/070-tact-ALAQ-immediate,45,0.5779562492610324,2031
004/070-tact-ALAQ-immediate,46,0.6008685839490165,2031
004/070-tact-ALAQ-immediate,47,0.6053047299385983,2031
004/070-tact-ALAQ-immediate,48,0.5700382244677901,2031
004/070-tact-ALAQ-immediate,49,0.6137225973051962,2031
004/070-tact-ALAQ-immediate,50,0.5624674995606379,2031
004/070-tact-ALAQ-immediate,51,0.5860967521540374,2031
004/070-tact-ALAQ-immediate,52,0.5989613004180966,2031
004/070-tact-ALAQ-immediate,53,0.5777059126604108,2031
004/070-tact-ALAQ-immediate,54,0.5984239673940349,2031
004/070-tact-ALAQ-immediate,55,0.5907572333873903,2031
004/070-tact-ALAQ-immediate,56,0.6077043103310711,2031
004/070-tact-ALAQ-immediate,57,0.5709825284117676,2031
004/070-tact-ALAQ-immediate,58,0.5794594192861687,2031
004/070-tact-ALAQ-immediate,59,0.6098932718145992,2031
004/070-tact-ALAQ-immediate,60,0.5900792406182226,2031
004/070-tact-ALAQ-immediate,61,0.6167917068750258,2031
004/070-tact-ALAQ-immediate,62,0.6182248360422862,2031
004/070-tact-ALAQ-immediate,63,0.588745301093773,2031
004/070-tact-ALAQ-immediate,64,0.6067801999800416,2031
004/070-tact-ALAQ-immediate,65,0.6310180242333249,2031
004/070-tact-ALAQ-immediate,66,0.5808905594933502,2031
004/070-tact-ALAQ-immediate,67,0.5873569504563486,2031
004/070-tact-ALAQ-immediate,68,0.5761558122437469,2031
004/070-tact-ALAQ-immediate,69,0.5881124274224149,2031
004/070-tact-ALAQ-immediate,70,0.614285054876332,2031
004/070-tact-ALAQ-immediate,71,0.5806593155726293,2031
004/070-tact-ALAQ-immediate,72,0.6255481800611166,2031
004/070-tact-ALAQ-immediate,73,0.5842205833499857,2031
004/070-tact-ALAQ-immediate,74,0.5852158255356771,2031
004/070-tact-ALAQ-immediate,75,0.6370088049771488,2031
004/070-tact-ALAQ-immediate,76,0.6074675683262517,2031
004/070-tact-ALAQ-immediate,77,0.5891754399119702,2031
004/070-tact-ALAQ-immediate,78,0.6288262280964605,2031
004/070-tact-ALAQ-immediate,79,0.6229641536885979,2031
004/070-tact-ALAQ-immediate,80,0.557541783907364,2031
004/070-tact-ALAQ-immediate,81,0.5648006844922167,2031
004/070-tact-ALAQ-immediate,82,0.593265295278056,2031
004/070-tact-ALAQ-immediate,83,0.5937763525433832,2031
004/070-tact-ALAQ-immediate,84,0.5808236473631264,2031
004/070-tact-ALAQ-immediate,85,0.576752949437933,2031
004/070-tact-ALAQ-immediate,86,0.5562571512551134,2031
004/070-tact-ALAQ-immediate,87,0.6306602625351402,2031
004/070-tact-ALAQ-immediate,88,0.5890955066888576,2031
004/070-tact-ALAQ-immediate,89,0.5787378604531689,2031
004/070-tact-ALAQ-immediate,90,0.5859304422979889,2031
004/070-tact-ALAQ-immediate,91,0.6027962100910654,2031
004/070-tact-ALAQ-immediate,92,0.6057713951880791,2031
004/070-tact-ALAQ-immediate,93,0.5774454306451184,2031
004/070-tact-ALAQ-immediate,94,0.5718982129786367,2031
004/070-tact-ALAQ-immediate,95,0.5885711577027921,2031
004/070-tact-ALAQ-immediate,96,0.6001681102718898,2031
004/070-tact-ALAQ-immediate,97,0.5904896859960765,2031
004/070-tact-ALAQ-immediate,98,0.592338973315813,2031
004/070-tact-ALAQ-immediate,99,0.5742736842322861,2031
004/071-mft-AL_75-ASPY85_25,0,0.8038432496930606,2031
004/071-mft-AL_75-ASPY85_25,1,0.7440231021372364,2031
004/071-mft-AL_75-ASPY85_25,2,0.7742183831103686,2031
004/071-mft-AL_75-ASPY85_25,3,0.7642212277752956,2031
004/071-mft-AL_75-ASPY85_25,4,0.7962342694506802,2031
004/071-mft-AL_75-ASPY85_25,5,0.7594767333106643,2031
004/071-mft-AL_75-ASPY85_25,6,0.7757974236452406,2031
004/071-mft-AL_75-ASPY85_25,7,0.7518002696692551,2031
004/071-mft-AL_75-ASPY85_25,8,0.7830139462017239,2031
004/071-mft-AL_75-ASPY85_25,9,0.7773423806281682,2031
004/071-mft-AL_75-ASPY85_25,10,0.7601346973531817,2031
004/071-mft-AL_75-ASPY85_25,11,0.7660654164647919,2031
004/071-mft-AL_75-ASPY85_25,12,0.7935871156889087,2031
004/071-mft-AL_75-ASPY85_25,13,0.7840726583688222,2031
004/071-mft-AL_75-ASPY85_25,14,0.7728012811713655,2031
004/071-mft-AL_75-ASPY85_25,15,0.7995230803284784,2031
004/071-mft-AL_75-ASPY85_25,16,0.7926355075740711,2031
004/071-mft-AL_75-ASPY85_25,17,0.7702898570829042,2031
004/071-mft-AL_75-ASPY85_25,18,0.7693276365427915,2031
004/071-mft-AL_75-ASPY85_25,19,0.7593366366197646,2031
004/071-mft-AL_75-ASPY85_25,20,0.7839288964372396,2031
004/071-mft-AL_75-ASPY85_25,21,0.7644089945515774,2031
004/071-mft-AL_75-ASPY85_25,22,0.8013904179276108,2031
004/071-mft-AL_75-ASPY85_25,23,0.7855216790910124,2031
004/071-mft-AL_75-ASPY85_25,24,0.7731472381465657,2031
004/071-mft-AL_75-ASPY85_25,25,0.7994303474484811,2031
004/071-mft-AL_75-ASPY85_25,26,0.7883749739244709,2031
004/071-mft-AL_75-ASPY85_25,27,0.7987565193779979,2031
004/071-mft-AL_75-ASPY85_25,28,0.797969439277499,2031
004/071-mft-AL_75-ASPY85_25,29,0.7881443870044181,2031
004/071-mft-AL_75-ASPY85_25,30,0.7519454233958803,2031
004/071-mft-AL_75-ASPY85_25,31,0.7750886632373111,2031
004/071-mft-AL_75-ASPY85_25,32,0.7871114312605414,2031
004/071-mft-AL_75-ASPY85_25,33,0.7821223166343082,2031
004/071-mft-AL_75-ASPY85_25,34,0.7695363361637467,2031
004/071-mft-AL_75-ASPY85_25,35,0.7830527495891627,2031
004/071-mft-AL_75-ASPY85_25,36,0.7981227229781451,2031
004/071-mft-AL_75-ASPY85_25,37,0.7693557638889704,2031
004/071-mft-AL_75-ASPY85_25,38,0.7625263616821623,2031
004/071-mft-AL_75-ASPY85_25,39,0.7990666697757837,2031
004/071-mft-AL_75-ASPY85_25,40,0.770847490445313,2031
004/071-mft-AL_75-ASPY85_25,41,0.7822692343223837,2031
004/071-mft-AL_75-ASPY85_25,42,0.7774937465755144,2031
004/071-mft-AL_75-ASPY85_25,43,0.8077783275144362,2031
004/071-mft-AL_75-ASPY85_25,44,0.7754083137395411,2031
004/071-mft-AL_75-ASPY85_25,45,0.7983170574707222,2031
004/071-mft-AL_75-ASPY85_25,46,0.7961056084018946,2031
004/071-mft-AL_75-ASPY85_25,47,0.802107387159983,2031
004/071-mft-AL_75-ASPY85_25,48,0.7747235295898246,2031
004/071-mft-AL_75-ASPY85_25,49,0.7786322917864436,2031
004/071-mft-AL_75-ASPY85_25,50,0.7923243170919735,2031
004/071-mft-AL_75-ASPY85_25,51,0.8054351329415371,2031
004/071-mft-AL_75-ASPY85_25,52,0.7953440748371898,2031
004/071-mft-AL_75-ASPY85_25,53,0.7736921358294051,2031
004/071-mft-AL_75-ASPY85_25,54,0.7877946395129972,2031
004/071-mft-AL_75-ASPY85_25,55,0.7516291609856683,2031
004/071-mft-AL_75-ASPY85_25,56,0.7858533094194186,2031
004/071-mft-AL_75-ASPY85_25,57,0.8026604456249578,2031
004/071-mft-AL_75-ASPY85_25,58,0.7929221764296975,2031
004/071-mft-AL_75-ASPY85_25,59,0.7593450923967536,2031
004/071-mft-AL_75-ASPY85_25,60,0.7658164307913794,2031
004/071-mft-AL_75-ASPY85_25,61,0.7757236096123111,2031
004/071-mft-AL_75-ASPY85_25,62,0.7947583672535128,2031
004/071-mft-AL_75-ASPY85_25,63,0.7722124574994726,2031
004/071-mft-AL_75-ASPY85_25,64,0.7727252935530259,2031
004/071-mft-AL_75-ASPY85_25,65,0.7767063448697534,2031
004/071-mft-AL_75-ASPY85_25,66,0.786077906246912,2031
004/071-mft-AL_75-ASPY85_25,67,0.7923521188213983,2031
004/071-mft-AL_75-ASPY85_25,68,0.8260191362836063,2031
004/071-mft-AL_75-ASPY85_25,69,0.7807724281488957,2031
004/071-mft-AL_75-ASPY85_25,70,0.7579039415324527,2031
004/071-mft-AL_75-ASPY85_25,71,0.7819527463396027,2031
004/071-mft-AL_75-ASPY85_25,72,0.7760401859977613,2031
004/071-mft-AL_75-ASPY85_25,73,0.787945383402319,2031
004/071-mft-AL_75-ASPY85_25,74,0.7767670476829406,2031
004/071-mft-AL_75-ASPY85_25,75,0.7753095399156616,2031
004/071-mft-AL_75-ASPY85_25,76,0.7738278648878455,2031
004/071-mft-AL_75-ASPY85_25,77,0.7555050868177529,2031
004/071-mft-AL_75-ASPY85_25,78,0.7854856782547679,2031
004/071-mft-AL_75-ASPY85_25,79,0.7993717285091666,2031
004/071-mft-AL_75-ASPY85_25,80,0.7691130662038486,2031
004/071-mft-AL_75-ASPY85_25,81,0.7821301874674166,2031
004/071-mft-AL_75-ASPY85_25,82,0.7594180617511835,2031
004/071-mft-AL_75-ASPY85_25,83,0.7860542783485339,2031
004/071-mft-AL_75-ASPY85_25,84,0.7891815148610378,2031
004/071-mft-AL_75-ASPY85_25,85,0.7836488695829993,2031
004/071-mft-AL_75-ASPY85_25,86,0.7918014415606976,2031
004/071-mft-AL_75-ASPY85_25,87,0.7716050341158311,2031
004/071-mft-AL_75-ASPY85_25,88,0.7574565504583978,2031
004/071-mft-AL_75-ASPY85_25,89,0.7697868482118326,2031
004/071-mft-AL_75-ASPY85_25,90,0.7785955653549318,2031
004/071-mft-AL_75-ASPY85_25,91,0.7671511658187855,2031
004/071-mft-AL_75-ASPY85_25,92,0.7965887455554369,2031
004/071-mft-AL_75-ASPY85_25,93,0.7834639984428186,2031
004/071-mft-AL_75-ASPY85_25,94,0.7820958711766429,2031
004/071-mft-AL_75-ASPY85_25,95,0.7697539337371748,2031
004/071-mft-AL_75-ASPY85_25,96,0.7831518499962716,2031
004/071-mft-AL_75-ASPY85_25,97,0.7746444699154869,2031
004/071-mft-AL_75-ASPY85_25,98,0.770489774771561,2031
004/071-mft-AL_75-ASPY85_25,99,0.7730856409356074,2031
004/072-mft-AL_75-ASPY75_25,0,0.7715651082924825,2031
004/072-mft-AL_75-ASPY75_25,1,0.759958898166767,2031
004/072-mft-AL_75-ASPY75_25,2,0.7804577425485598,2031
004/072-mft-AL_75-ASPY75_25,3,0.782857049958739,2031
004/072-mft-AL_75-ASPY75_25,4,0.7728252549190286,2031
004/072-mft-AL_75-ASPY75_25,5,0.796841791624272,2031
004/072-mft-AL_75-ASPY75_25,6,0.7773610205962199,2031
004/072-mft-AL_75-ASPY75_25,7,0.790659104841417,2031
004/072-mft-AL_75-ASPY75_25,8,0.8016621663949633,2031
004/072-mft-AL_75-ASPY75_25,9,0.7778289690714933,2031
004/072-mft-AL_75-ASPY75_25,10,0.778529553934776,2031
004/072-mft-AL_75-ASPY75_25,11,0.7626804608680399,2031
004/072-mft-AL_75-ASPY75_25,12,0.7911495563769998,2031
004/072-mft-AL_75-ASPY75_25,13,0.7526037637348016,2031
004/072-mft-AL_75-ASPY75_25,14,0.7850835349336447,2031
004/072-mft-AL_75-ASPY75_25,15,0.7516248478344227,2031
004/072-mft-AL_75-ASPY75_25,16,0.7667498500032951,2031
004/072-mft-AL_75-ASPY75_25,17,0.7810815018858394,2031
004/072-mft-AL_75-ASPY75_25,18,0.7617116481197918,2031
004/072-mft-AL_75-ASPY75_25,19,0.7833826570275694,2031
004/072-mft-AL_75-ASPY75_25,20,0.7800702430186623,2031
004/072-mft-AL_75-ASPY75_25,21,0.7528650091858832,2031
004/072-mft-AL_75-ASPY75_25,22,0.7873182198726479,2031
004/072-mft-AL_75-ASPY75_25,23,0.7646061610761624,2031
004/072-mft-AL_75-ASPY75_25,24,0.7957784909533044,2031
004/072-mft-AL_75-ASPY75_25,25,0.7917597973992997,2031
004/072-mft-AL_75-ASPY75_25,26,0.7680413018875156,2031
004/072-mft-AL_75-ASPY75_25,27,0.7757452423226331,2031
004/072-mft-AL_75-ASPY75_25,28,0.7740626626788852,2031
004/072-mft-AL_75-ASPY75_25,29,0.799336396567008,2031
004/072-mft-AL_75-ASPY75_25,30,0.7555979555760733,2031
004/072-mft-AL_75-ASPY75_25,31,0.763697463452872,2031
004/072-mft-AL_75-ASPY75_25,32,0.7786846543934507,2031
004/072-mft-AL_75-ASPY75_25,33,0.7302792590252789,2031
004/072-mft-AL_75-ASPY75_25,34,0.8131508763225352,2031
004/072-mft-AL_75-ASPY75_25,35,0.8005217327945408,2031
004/072-mft-AL_75-ASPY75_25,36,0.7972401705972235,2031
004/072-mft-AL_75-ASPY75_25,37,0.8130650897596943,2031
004/072-mft-AL_75-ASPY75_25,38,0.8015646901118822,2031
004/072-mft-AL_75-ASPY75_25,39,0.795479079657448,2031
004/072-mft-AL_75-ASPY75_25,40,0.7831305820490074,2031
004/072-mft-AL_75-ASPY75_25,41,0.7832440220958651,2031
004/072-mft-AL_75-ASPY75_25,42,0.7896612755107798,2031
004/072-mft-AL_75-ASPY75_25,43,0.7727028253949526,2031
004/072-mft-AL_75-ASPY75_25,44,0.7631853738237971,2031
004/072-mft-AL_75-ASPY75_25,45,0.788563687943843,2031
004/072-mft-AL_75-ASPY75_25,46,0.7594733945556912,2031
004/072-mft-AL_75-ASPY75_25,47,0.7869033512403809,2031
004/072-mft-AL_75-ASPY75_25,48,0.7868694136016218,2031
004/072-mft-AL_75-ASPY75_25,49,0.8081143708603672,2031
004/072-mft-AL_75-ASPY75_25,50,0.7628370018084417,2031
004/072-mft-AL_75-ASPY75_25,51,0.7430426123468128,2031
004/072-mft-AL_75-ASPY75_25,52,0.7530183654494889,2031
004/072-mft-AL_75-ASPY75_25,53,0.8025042103046299,2031
004/072-mft-AL_75-ASPY75_25,54,0.7792771868642673,2031
004/072-mft-AL_75-ASPY75_25,55,0.7649087980363062,2031
004/072-mft-AL_75-ASPY75_25,56,0.7750472050153775,2031
004/072-mft-AL_75-ASPY75_25,57,0.7734261304585569,2031
004/072-mft-AL_75-ASPY75_25,58,0.759763901234015,2031
004/072-mft-AL_75-ASPY75_25,59,0.7251389923310333,2031
004/072-mft-AL_75-ASPY75_25,60,0.7962480762868352,2031
004/072-mft-AL_75-ASPY75_25,61,0.8021287023600555,2031
004/072-mft-AL_75-ASPY75_25,62,0.7682251232953936,2031
004/072-mft-AL_75-ASPY75_25,63,0.7679475636691596,2031
004/072-mft-AL_75-ASPY75_25,64,0.7963417479794845,2031
004/072-mft-AL_75-ASPY75_25,65,0.8075534939280226,2031
004/072-mft-AL_75-ASPY75_25,66,0.7797263532074439,2031
004/072-mft-AL_75-ASPY75_25,67,0.7736562097091794,2031
004/072-mft-AL_75-ASPY75_25,68,0.7998151175066784,2031
004/072-mft-AL_75-ASPY75_25,69,0.7860122798135278,2031
004/072-mft-AL_75-ASPY75_25,70,0.7820215515933232,2031
004/072-mft-AL_75-ASPY75_25,71,0.7885035448790932,2031
004/072-mft-AL_75-ASPY75_25,72,0.7929497168633616,2031
004/072-mft-AL_75-ASPY75_25,73,0.7694749747937782,2031
004/072-mft-AL_75-ASPY75_25,74,0.7682630818788252,2031
004/072-mft-AL_75-ASPY75_25,75,0.7903898271390464,2031
004/072-mft-AL_75-ASPY75_25,76,0.7941566275550965,2031
004/072-mft-AL_75-ASPY75_25,77,0.7851147455311716,2031
004/072-mft-AL_75-ASPY75_25,78,0.777203904402077,2031
004/072-mft-AL_75-ASPY75_25,79,0.7810219949587296,2031
004/072-mft-AL_75-ASPY75_25,80,0.8107197872072648,2031
004/072-mft-AL_75-ASPY75_25,81,0.7431133137296655,2031
004/072-mft-AL_75-ASPY75_25,82,0.7796830839785344,2031
004/072-mft-AL_75-ASPY75_25,83,0.7920817846575817,2031
004/072-mft-AL_75-ASPY75_25,84,0.7726512711810947,2031
004/072-mft-AL_75-ASPY75_25,85,0.801414972265783,2031
004/072-mft-AL_75-ASPY75_25,86,0.7848813367594273,2031
004/072-mft-AL_75-ASPY75_25,87,0.7932315300336835,2031
004/072-mft-AL_75-ASPY75_25,88,0.7892110245516474,2031
004/072-mft-AL_75-ASPY75_25,89,0.7803643370612957,2031
004/072-mft-AL_75-ASPY75_25,90,0.7568363629530866,2031
004/072-mft-AL_75-ASPY75_25,91,0.8094293588465065,2031
004/072-mft-AL_75-ASPY75_25,92,0.7959163338438237,2031
004/072-mft-AL_75-ASPY75_25,93,0.7783227995019822,2031
004/072-mft-AL_75-ASPY75_25,94,0.7784242746663078,2031
004/072-mft-AL_75-ASPY75_25,95,0.801072072372555,2031
004/072-mft-AL_75-ASPY75_25,96,0.7696639870409391,2031
004/072-mft-AL_75-ASPY75_25,97,0.7920076797849172,2031
004/072-mft-AL_75-ASPY75_25,98,0.7825636390612019,2031
004/072-mft-AL_75-ASPY75_25,99,0.7830372269665963,2031
004/073-mft-AL_75-ASPY65_25,0,0.7633500840205064,2031
004/073-mft-AL_75-ASPY65_25,1,0.7730406924204661,2031
004/073-mft-AL_75-ASPY65_25,2,0.7886014978373986,2031
004/073-mft-AL_75-ASPY65_25,3,0.7935656623737831,2031
004/073-mft-AL_75-ASPY65_25,4,0.8085401599811562,2031
004/073-mft-AL_75-ASPY65_25,5,0.782785399238909,2031
004/073-mft-AL_75-ASPY65_25,6,0.7951966528464126,2031
004/073-mft-AL_75-ASPY65_25,7,0.7859403702385612,2031
004/073-mft-AL_75-ASPY65_25,8,0.734181756974341,2031
004/073-mft-AL_75-ASPY65_25,9,0.7647168563974289,2031
004/073-mft-AL_75-ASPY65_25,10,0.7989964882747856,2031
004/073-mft-AL_75-ASPY65_25,11,0.8093933676000833,2031
004/073-mft-AL_75-ASPY65_25,12,0.783053015277359,2031
004/073-mft-AL_75-ASPY65_25,13,0.7885878413784174,2031
004/073-mft-AL_75-ASPY65_25,14,0.7644063868452972,2031
004/073-mft-AL_75-ASPY65_25,15,0.7931387016945236,2031
004/073-mft-AL_75-ASPY65_25,16,0.7837187612147688,2031
004/073-mft-AL_75-ASPY65_25,17,0.8178322058191384,2031
004/073-mft-AL_75-ASPY65_25,18,0.7772438965407562,2031
004/073-mft-AL_75-ASPY65_25,19,0.7650333214409523,2031
004/073-mft-AL_75-ASPY65_25,20,0.7943677732833484,2031
004/073-mft-AL_75-ASPY65_25,21,0.7729057414980912,2031
004/073-mft-AL_75-ASPY65_25,22,0.7794524393900121,2031
004/073-mft-AL_75-ASPY65_25,23,0.7815611575857008,2031
004/073-mft-AL_75-ASPY65_25,24,0.771109764093041,2031
004/073-mft-AL_75-ASPY65_25,25,0.764346460220395,2031
004/073-mft-AL_75-ASPY65_25,26,0.8176499724279603,2031
004/073-mft-AL_75-ASPY65_25,27,0.8011011449814468,2031
004/073-mft-AL_75-ASPY65_25,28,0.8125184124561473,2031
004/073-mft-AL_75-ASPY65_25,29,0.7984736431797517,2031
004/073-mft-AL_75-ASPY65_25,30,0.784615760934208,2031
004/073-mft-AL_75-ASPY65_25,31,0.8014071655407999,2031
004/073-mft-AL_75-ASPY65_25,32,0.8084366738211849,2031
004/073-mft-AL_75-ASPY65_25,33,0.7971834969771621,2031
004/073-mft-AL_75-ASPY65_25,34,0.7806788506806847,2031
004/073-mft-AL_75-ASPY65_25,35,0.8027687058227323,2031
004/073-mft-AL_75-ASPY65_25,36,0.77897246585114,2031
004/073-mft-AL_75-ASPY65_25,37,0.785874047317168,2031
004/073-mft-AL_75-ASPY65_25,38,0.7679637742101181,2031
004/073-mft-AL_75-ASPY65_25,39,0.7788493138430779,2031
004/073-mft-AL_75-ASPY65_25,40,0.7689586230019968,2031
004/073-mft-AL_75-ASPY65_25,41,0.7937036994409543,2031
004/073-mft-AL_75-ASPY65_25,42,0.7646851025997762,2031
004/073-mft-AL_75-ASPY65_25,43,0.7810622604204921,2031
004/073-mft-AL_75-ASPY65_25,44,0.7529078357690641,2031
004/073-mft-AL_75-ASPY65_25,45,0.7678953613942535,2031
004/073-mft-AL_75-ASPY65_25,46,0.7881729125162168,2031
004/073-mft-AL_75-ASPY65_25,47,0.7701776951217281,2031
004/073-mft-AL_75-ASPY65_25,48,0.7970675528332841,2031
004/073-mft-AL_75-ASPY65_25,49,0.7663976975112293,2031
004/073-mft-AL_75-ASPY65_25,50,0.7945058456652578,2031
004/073-mft-AL_75-ASPY65_25,51,0.8045832337717095,2031
004/073-mft-AL_75-ASPY65_25,52,0.7736850474342257,2031
004/073-mft-AL_75-ASPY65_25,53,0.775996540277637,2031
004/073-mft-AL_75-ASPY65_25,54,0.7418211689886065,2031
004/073-mft-AL_75-ASPY65_25,55,0.7836034175740553,2031
004/073-mft-AL_75-ASPY65_25,56,0.7656126831087566,2031
004/073-mft-AL_75-ASPY65_25,57,0.773347205059566,2031
004/073-mft-AL_75-ASPY65_25,58,0.782188298110948,2031
004/073-mft-AL_75-ASPY65_25,59,0.8075710659486747,2031
004/073-mft-AL_75-ASPY65_25,60,0.7798877410307504,2031
004/073-mft-AL_75-ASPY65_25,61,0.7600900927698202,2031
004/073-mft-AL_75-ASPY65_25,62,0.7413216032204745,2031
004/073-mft-AL_75-ASPY65_25,63,0.776957397031456,2031
004/073-mft-AL_75-ASPY65_25,64,0.764988068409293,2031
004/073-mft-AL_75-ASPY65_25,65,0.7595981115789692,2031
004/073-mft-AL_75-ASPY65_25,66,0.8009003702345042,2031
004/073-mft-AL_75-ASPY65_25,67,0.7957804325221448,2031
004/073-mft-AL_75-ASPY65_25,68,0.786198358512121,2031
004/073-mft-AL_75-ASPY65_25,69,0.805109674043312,2031
004/073-mft-AL_75-ASPY65_25,70,0.7919397118621802,2031
004/073-mft-AL_75-ASPY65_25,71,0.7904417279985614,2031
004/073-mft-AL_75-ASPY65_25,72,0.774054747351896,2031
004/073-mft-AL_75-ASPY65_25,73,0.7713431462092492,2031
004/073-mft-AL_75-ASPY65_25,74,0.7885381971194422,2031
004/073-mft-AL_75-ASPY65_25,75,0.7959376185055279,2031
004/073-mft-AL_75-ASPY65_25,76,0.7828816311085106,2031
004/073-mft-AL_75-ASPY65_25,77,0.7785769202145422,2031
004/073-mft-AL_75-ASPY65_25,78,0.7438333737874446,2031
004/073-mft-AL_75-ASPY65_25,79,0.7601580280263627,2031
004/073-mft-AL_75-ASPY65_25,80,0.8083997951684839,2031
004/073-mft-AL_75-ASPY65_25,81,0.7686510957920906,2031
004/073-mft-AL_75-ASPY65_25,82,0.7483818523633184,2031
004/073-mft-AL_75-ASPY65_25,83,0.7816221664849111,2031
004/073-mft-AL_75-ASPY65_25,84,0.8322088264883979,2031
004/073-mft-AL_75-ASPY65_25,85,0.7856921553396211,2031
004/073-mft-AL_75-ASPY65_25,86,0.7777457920868543,2031
004/073-mft-AL_75-ASPY65_25,87,0.7661000877850116,2031
004/073-mft-AL_75-ASPY65_25,88,0.7797659369294064,2031
004/073-mft-AL_75-ASPY65_25,89,0.7781250749754318,2031
004/073-mft-AL_75-ASPY65_25,90,0.7788984025646651,2031
004/073-mft-AL_75-ASPY65_25,91,0.7846822541162651,2031
004/073-mft-AL_75-ASPY65_25,92,0.7907794585150628,2031
004/073-mft-AL_75-ASPY65_25,93,0.7773855275419086,2031
004/073-mft-AL_75-ASPY65_25,94,0.7742176191522027,2031
004/073-mft-AL_75-ASPY65_25,95,0.7846682501349784,2031
004/073-mft-AL_75-ASPY65_25,96,0.8011149478426144,2031
004/073-mft-AL_75-ASPY65_25,97,0.8063215125302055,2031
004/073-mft-AL_75-ASPY65_25,98,0.768819041730782,2031
004/073-mft-AL_75-ASPY65_25,99,0.7570050920916295,2031
004/074-mft-AL_50-ASPY85_50,0,0.7455147329763707,2031
004/074-mft-AL_50-ASPY85_50,1,0.7605341144304639,2031
004/074-mft-AL_50-ASPY85_50,2,0.7331983777441565,2031
004/074-mft-AL_50-ASPY85_50,3,0.7769989899145499,2031
004/074-mft-AL_50-ASPY85_50,4,0.7365975246299895,2031
004/074-mft-AL_50-ASPY85_50,5,0.7545164338217911,2031
004/074-mft-AL_50-ASPY85_50,6,0.7330554829889572,2031
004/074-mft-AL_50-ASPY85_50,7,0.7505645172080281,2031
004/074-mft-AL_50-ASPY85_50,8,0.7776177625011774,2031
004/074-mft-AL_50-ASPY85_50,9,0.745929779848399,2031
004/074-mft-AL_50-ASPY85_50,10,0.715094297829709,2031
004/074-mft-AL_50-ASPY85_50,11,0.7159144839335564,2031
004/074-mft-AL_50-ASPY85_50,12,0.7445654252827515,2031
004/074-mft-AL_50-ASPY85_50,13,0.7809200336943349,2031
004/074-mft-AL_50-ASPY85_50,14,0.7565075797131957,2031
004/074-mft-AL_50-ASPY85_50,15,0.7697674038919011,2031
004/074-mft-AL_50-ASPY85_50,16,0.7641863382769513,2031
004/074-mft-AL_50-ASPY85_50,17,0.7465195937049051,2031
004/074-mft-AL_50-ASPY85_50,18,0.7117582876637055,2031
004/074-mft-AL_50-ASPY85_50,19,0.738146806895664,2031
004/074-mft-AL_50-ASPY85_50,20,0.7644648056084695,2031
004/074-mft-AL_50-ASPY85_50,21,0.7403955352651805,2031
004/074-mft-AL_50-ASPY85_50,22,0.7495626697070591,2031
004/074-mft-AL_50-ASPY85_50,23,0.7316086067334077,2031
004/074-mft-AL_50-ASPY85_50,24,0.7793268840807502,2031
004/074-mft-AL_50-ASPY85_50,25,0.7746589796321667,2031
004/074-mft-AL_50-ASPY85_50,26,0.7444572335548494,2031
004/074-mft-AL_50-ASPY85_50,27,0.7528942830024846,2031
004/074-mft-AL_50-ASPY85_50,28,0.7455033349498438,2031
004/074-mft-AL_50-ASPY85_50,29,0.7626961806342679,2031
004/074-mft-AL_50-ASPY85_50,30,0.7649217709202231,2031
004/074-mft-AL_50-ASPY85_50,31,0.761430695635224,2031
004/074-mft-AL_50-ASPY85_50,32,0.7397727236233309,2031
004/074-mft-AL_50-ASPY85_50,33,0.7577918969590098,2031
004/074-mft-AL_50-ASPY85_50,34,0.7619413727464438,2031
004/074-mft-AL_50-ASPY85_50,35,0.7563773479422995,2031
004/074-mft-AL_50-ASPY85_50,36,0.7343971407273714,2031
004/074-mft-AL_50-ASPY85_50,37,0.7162308070214287,2031
004/074-mft-AL_50-ASPY85_50,38,0.7503663242092585,2031
004/074-mft-AL_50-ASPY85_50,39,0.7370597687931091,2031
004/074-mft-AL_50-ASPY85_50,40,0.7466336557631844,2031
004/074-mft-AL_50-ASPY85_50,41,0.7917514051271182,2031
004/074-mft-AL_50-ASPY85_50,42,0.755095926052197,2031
004/074-mft-AL_50-ASPY85_50,43,0.7098341571326232,2031
004/074-mft-AL_50-ASPY85_50,44,0.7355970094220234,2031
004/074-mft-AL_50-ASPY85_50,45,0.7886896649648474,2031
004/074-mft-AL_50-ASPY85_50,46,0.77159150494375,2031
004/074-mft-AL_50-ASPY85_50,47,0.743866298353531,2031
004/074-mft-AL_50-ASPY85_50,48,0.7373984207122485,2031
004/074-mft-AL_50-ASPY85_50,49,0.7437179023686437,2031
004/074-mft-AL_50-ASPY85_50,50,0.7638086903067522,2031
004/074-mft-AL_50-ASPY85_50,51,0.7494341069584017,2031
004/074-mft-AL_50-ASPY85_50,52,0.7527087711831193,2031
004/074-mft-AL_50-ASPY85_50,53,0.7670211238367491,2031
004/074-mft-AL_50-ASPY85_50,54,0.7430248822617948,2031
004/074-mft-AL_50-ASPY85_50,55,0.7366829683934634,2031
004/074-mft-AL_50-ASPY85_50,56,0.7862708454394244,2031
004/074-mft-AL_50-ASPY85_50,57,0.7341413643153514,2031
004/074-mft-AL_50-ASPY85_50,58,0.7415718325491126,2031
004/074-mft-AL_50-ASPY85_50,59,0.744064125554524,2031
004/074-mft-AL_50-ASPY85_50,60,0.7730496107402102,2031
004/074-mft-AL_50-ASPY85_50,61,0.7380836417207819,2031
004/074-mft-AL_50-ASPY85_50,62,0.7161969203810544,2031
004/074-mft-AL_50-ASPY85_50,63,0.7595034256702676,2031
004/074-mft-AL_50-ASPY85_50,64,0.7470898324205648,2031
004/074-mft-AL_50-ASPY85_50,65,0.7548188662897539,2031
004/074-mft-AL_50-ASPY85_50,66,0.7592071268373504,2031
004/074-mft-AL_50-ASPY85_50,67,0.7250319320304007,2031
004/074-mft-AL_50-ASPY85_50,68,0.7353672976954616,2031
004/074-mft-AL_50-ASPY85_50,69,0.7489132916384035,2031
004/074-mft-AL_50-ASPY85_50,70,0.7129138071760227,2031
004/074-mft-AL_50-ASPY85_50,71,0.7379914637003493,2031
004/074-mft-AL_50-ASPY85_50,72,0.7809099078526426,2031
004/074-mft-AL_50-ASPY85_50,73,0.7250040362699753,2031
004/074-mft-AL_50-ASPY85_50,74,0.744215969365167,2031
004/074-mft-AL_50-ASPY85_50,75,0.7685704797455385,2031
004/074-mft-AL_50-ASPY85_50,76,0.748534772135132,2031
004/074-mft-AL_50-ASPY85_50,77,0.7409176329818314,2031
004/074-mft-AL_50-ASPY85_50,78,0.7349831283152833,2031
004/074-mft-AL_50-ASPY85_50,79,0.7388537243347378,2031
004/074-mft-AL_50-ASPY85_50,80,0.7449884530801726,2031
004/074-mft-AL_50-ASPY85_50,81,0.7506434672412582,2031
004/074-mft-AL_50-ASPY85_50,82,0.7492501454263668,2031
004/074-mft-AL_50-ASPY85_50,83,0.7278553411182639,2031
004/074-mft-AL_50-ASPY85_50,84,0.7271450786890177,2031
004/074-mft-AL_50-ASPY85_50,85,0.7658423564616164,2031
004/074-mft-AL_50-ASPY85_50,86,0.7490116649971119,2031
004/074-mft-AL_50-ASPY85_50,87,0.7501568619801455,2031
004/074-mft-AL_50-ASPY85_50,88,0.7412384734235437,2031
004/074-mft-AL_50-ASPY85_50,89,0.7450278878951613,2031
004/074-mft-AL_50-ASPY85_50,90,0.7639003663959304,2031
004/074-mft-AL_50-ASPY85_50,91,0.7444958770087121,2031
004/074-mft-AL_50-ASPY85_50,92,0.7443409491315739,2031
004/074-mft-AL_50-ASPY85_50,93,0.753339963048626,2031
004/074-mft-AL_50-ASPY85_50,94,0.7677645494599218,2031
004/074-mft-AL_50-ASPY85_50,95,0.7531684584484766,2031
004/074-mft-AL_50-ASPY85_50,96,0.7527725574710011,2031
004/074-mft-AL_50-ASPY85_50,97,0.7414229853140873,2031
004/074-mft-AL_50-ASPY85_50,98,0.753376201085394,2031
004/074-mft-AL_50-ASPY85_50,99,0.737961616270577,2031
004/075-mft-AL_50-ASPY75_50,0,0.7534249320007621,2031
004/075-mft-AL_50-ASPY75_50,1,0.738197137615978,2031
004/075-mft-AL_50-ASPY75_50,2,0.7698259816679726,2031
004/075-mft-AL_50-ASPY75_50,3,0.7643323464629453,2031
004/075-mft-AL_50-ASPY75_50,4,0.7678968805148059,2031
004/075-mft-AL_50-ASPY75_50,5,0.7469361696339285,2031
004/075-mft-AL_50-ASPY75_50,6,0.7417510903739742,2031
004/075-mft-AL_50-ASPY75_50,7,0.7490750736730813,2031
004/075-mft-AL_50-ASPY75_50,8,0.768549474054062,2031
004/075-mft-AL_50-ASPY75_50,9,0.7838120232570938,2031
004/075-mft-AL_50-ASPY75_50,10,0.7639675919100354,2031
004/075-mft-AL_50-ASPY75_50,11,0.7346437864162225,2031
004/075-mft-AL_50-ASPY75_50,12,0.7659643588209222,2031
004/075-mft-AL_50-ASPY75_50,13,0.7662977451568641,2031
004/075-mft-AL_50-ASPY75_50,14,0.7476649847138721,2031
004/075-mft-AL_50-ASPY75_50,15,0.7592183621586668,2031
004/075-mft-AL_50-ASPY75_50,16,0.7600292492499677,2031
004/075-mft-AL_50-ASPY75_50,17,0.730280715991173,2031
004/075-mft-AL_50-ASPY75_50,18,0.7624421730575334,2031
004/075-mft-AL_50-ASPY75_50,19,0.735580287980822,2031
004/075-mft-AL_50-ASPY75_50,20,0.7244329232259639,2031
004/075-mft-AL_50-ASPY75_50,21,0.7488130605568336,2031
004/075-mft-AL_50-ASPY75_50,22,0.7798768435311242,2031
004/075-mft-AL_50-ASPY75_50,23,0.754192449808989,2031
004/075-mft-AL_50-ASPY75_50,24,0.7373850560417828,2031
004/075-mft-AL_50-ASPY75_50,25,0.7486405627563552,2031
004/075-mft-AL_50-ASPY75_50,26,0.7543374267626791,2031
004/075-mft-AL_50-ASPY75_50,27,0.738146946568421,2031
004/075-mft-AL_50-ASPY75_50,28,0.7769376409391581,2031
004/075-mft-AL_50-ASPY75_50,29,0.7394872276420008,2031
004/075-mft-AL_50-ASPY75_50,30,0.72222730020095,2031
004/075-mft-AL_50-ASPY75_50,31,0.7355855737310533,2031
004/075-mft-AL_50-ASPY75_50,32,0.775307085588453,2031
004/075-mft-AL_50-ASPY75_50,33,0.7425500602417919,2031
004/075-mft-AL_50-ASPY75_50,34,0.7495435582235287,2031
004/075-mft-AL_50-ASPY75_50,35,0.7684510521798483,2031
004/075-mft-AL_50-ASPY75_50,36,0.7418182723376628,2031
004/075-mft-AL_50-ASPY75_50,37,0.7689535152498759,2031
004/075-mft-AL_50-ASPY75_50,38,0.7127660799144014,2031
004/075-mft-AL_50-ASPY75_50,39,0.7258001205436391,2031
004/075-mft-AL_50-ASPY75_50,40,0.7437478506360256,2031
004/075-mft-AL_50-ASPY75_50,41,0.7279510071584959,2031
004/075-mft-AL_50-ASPY75_50,42,0.7673567544303649,2031
004/075-mft-AL_50-ASPY75_50,43,0.7915977752850635,2031
004/075-mft-AL_50-ASPY75_50,44,0.7529265266450137,2031
004/075-mft-AL_50-ASPY75_50,45,0.7444269790395617,2031
004/075-mft-AL_50-ASPY75_50,46,0.7447820358850357,2031
004/075-mft-AL_50-ASPY75_50,47,0.7383753217197535,2031
004/075-mft-AL_50-ASPY75_50,48,0.7544960664453217,2031
004/075-mft-AL_50-ASPY75_50,49,0.7686269721821543,2031
004/075-mft-AL_50-ASPY75_50,50,0.7154270351054635,2031
004/075-mft-AL_50-ASPY75_50,51,0.756796138957161,2031
004/075-mft-AL_50-ASPY75_50,52,0.7399168481903725,2031
004/075-mft-AL_50-ASPY75_50,53,0.7414208348031663,2031
004/075-mft-AL_50-ASPY75_50,54,0.7393398756907111,2031
004/075-mft-AL_50-ASPY75_50,55,0.7406846141948562,2031
004/075-mft-AL_50-ASPY75_50,56,0.7541112853498961,2031
004/075-mft-AL_50-ASPY75_50,57,0.7506908750455822,2031
004/075-mft-AL_50-ASPY75_50,58,0.7533876815433046,2031
004/075-mft-AL_50-ASPY75_50,59,0.7778355978380401,2031
004/075-mft-AL_50-ASPY75_50,60,0.7682190300281057,2031
004/075-mft-AL_50-ASPY75_50,61,0.7802222653651683,2031
004/075-mft-AL_50-ASPY75_50,62,0.770781990529859,2031
004/075-mft-AL_50-ASPY75_50,63,0.7438555800271404,2031
004/075-mft-AL_50-ASPY75_50,64,0.6953708775187059,2031
004/075-mft-AL_50-ASPY75_50,65,0.7348197667238345,2031
004/075-mft-AL_50-ASPY75_50,66,0.7558109653524553,2031
004/075-mft-AL_50-ASPY75_50,67,0.7578125183924236,2031
004/075-mft-AL_50-ASPY75_50,68,0.7282979290439798,2031
004/075-mft-AL_50-ASPY75_50,69,0.7516474641295482,2031
004/075-mft-AL_50-ASPY75_50,70,0.7310765282624402,2031
004/075-mft-AL_50-ASPY75_50,71,0.7569500523731293,2031
004/075-mft-AL_50-ASPY75_50,72,0.7389486893474652,2031
004/075-mft-AL_50-ASPY75_50,73,0.7435277664013213,2031
004/075-mft-AL_50-ASPY75_50,74,0.7541158005016938,2031
004/075-mft-AL_50-ASPY75_50,75,0.7373883004119038,2031
004/075-mft-AL_50-ASPY75_50,76,0.7418040635290218,2031
004/075-mft-AL_50-ASPY75_50,77,0.7367453824273164,2031
004/075-mft-AL_50-ASPY75_50,78,0.7616640273980164,2031
004/075-mft-AL_50-ASPY75_50,79,0.7713559614305517,2031
004/075-mft-AL_50-ASPY75_50,80,0.7570885838155963,2031
004/075-mft-AL_50-ASPY75_50,81,0.7257602950040223,2031
004/075-mft-AL_50-ASPY75_50,82,0.772554079187047,2031
004/075-mft-AL_50-ASPY75_50,83,0.7580816944113563,2031
004/075-mft-AL_50-ASPY75_50,84,0.7300774206957329,2031
004/075-mft-AL_50-ASPY75_50,85,0.759700379101754,2031
004/075-mft-AL_50-ASPY75_50,86,0.7605901206581095,2031
004/075-mft-AL_50-ASPY75_50,87,0.7411692047248425,2031
004/075-mft-AL_50-ASPY75_50,88,0.7371649690423668,2031
004/075-mft-AL_50-ASPY75_50,89,0.7630070384018635,2031
004/075-mft-AL_50-ASPY75_50,90,0.7323213488076195,2031
004/075-mft-AL_50-ASPY75_50,91,0.7655366552458333,2031
004/075-mft-AL_50-ASPY75_50,92,0.793887225309652,2031
004/075-mft-AL_50-ASPY75_50,93,0.7233302104558152,2031
004/075-mft-AL_50-ASPY75_50,94,0.7359593398184069,2031
004/075-mft-AL_50-ASPY75_50,95,0.7671483047304998,2031
004/075-mft-AL_50-ASPY75_50,96,0.7333258683000476,2031
004/075-mft-AL_50-ASPY75_50,97,0.7439704079120442,2031
004/075-mft-AL_50-ASPY75_50,98,0.7617994468326614,2031
004/075-mft-AL_50-ASPY75_50,99,0.7381774204965218,2031
004/076-mft-AL_50-ASPY65_50,0,0.7483039063441929,2031
004/076-mft-AL_50-ASPY65_50,1,0.7389156043395378,2031
004/076-mft-AL_50-ASPY65_50,2,0.7802705282509579,2031
004/076-mft-AL_50-ASPY65_50,3,0.7491619181526438,2031
004/076-mft-AL_50-ASPY65_50,4,0.7977182674013849,2031
004/076-mft-AL_50-ASPY65_50,5,0.7473075970084769,2031
004/076-mft-AL_50-ASPY65_50,6,0.7351402634279078,2031
004/076-mft-AL_50-ASPY65_50,7,0.7538336044408255,2031
004/076-mft-AL_50-ASPY65_50,8,0.7438687351344341,2031
004/076-mft-AL_50-ASPY65_50,9,0.7667357568983936,2031
004/076-mft-AL_50-ASPY65_50,10,0.7439076841144687,2031
004/076-mft-AL_50-ASPY65_50,11,0.7596416582683664,2031
004/076-mft-AL_50-ASPY65_50,12,0.7583804369561925,2031
004/076-mft-AL_50-ASPY65_50,13,0.7808589315957389,2031
004/076-mft-AL_50-ASPY65_50,14,0.7443864128123535,2031
004/076-mft-AL_50-ASPY65_50,15,0.7445901852614417,2031
004/076-mft-AL_50-ASPY65_50,16,0.769587369581841,2031
004/076-mft-AL_50-ASPY65_50,17,0.7459722595312014,2031
004/076-mft-AL_50-ASPY65_50,18,0.743798581252861,2031
004/076-mft-AL_50-ASPY65_50,19,0.7243938164547762,2031
004/076-mft-AL_50-ASPY65_50,20,0.7638760500001985,2031
004/076-mft-AL_50-ASPY65_50,21,0.7495765470517252,2031
004/076-mft-AL_50-ASPY65_50,22,0.7567400592256677,2031
004/076-mft-AL_50-ASPY65_50,23,0.7540897857465517,2031
004/076-mft-AL_50-ASPY65_50,24,0.7274948781169267,2031
004/076-mft-AL_50-ASPY65_50,25,0.7582375256838509,2031
004/076-mft-AL_50-ASPY65_50,26,0.7510068957055953,2031
004/076-mft-AL_50-ASPY65_50,27,0.7523398465240317,2031
004/076-mft-AL_50-ASPY65_50,28,0.747481432769972,2031
004/076-mft-AL_50-ASPY65_50,29,0.741014146221226,2031
004/076-mft-AL_50-ASPY65_50,30,0.7374567464234295,2031
004/076-mft-AL_50-ASPY65_50,31,0.7360572234119215,2031
004/076-mft-AL_50-ASPY65_50,32,0.7563375364135619,2031
004/076-mft-AL_50-ASPY65_50,33,0.725198028776633,2031
004/076-mft-AL_50-ASPY65_50,34,0.7552681613657949,2031
004/076-mft-AL_50-ASPY65_50,35,0.7573982535097935,2031
004/076-mft-AL_50-ASPY65_50,36,0.7599476989966208,2031
004/076-mft-AL_50-ASPY65_50,37,0.7602551957069149,2031
004/076-mft-AL_50-ASPY65_50,38,0.7567829980737363,2031
004/076-mft-AL_50-ASPY65_50,39,0.7447008723529128,2031
004/076-mft-AL_50-ASPY65_50,40,0.7472488505786895,2031
004/076-mft-AL_50-ASPY65_50,41,0.7774368194363795,2031
004/076-mft-AL_50-ASPY65_50,42,0.7317102152949432,2031
004/076-mft-AL_50-ASPY65_50,43,0.7202266402779415,2031
004/076-mft-AL_50-ASPY65_50,44,0.7489159374681851,2031
004/076-mft-AL_50-ASPY65_50,45,0.7599213785443073,2031
004/076-mft-AL_50-ASPY65_50,46,0.763185069654218,2031
004/076-mft-AL_50-ASPY65_50,47,0.74269824145989,2031
004/076-mft-AL_50-ASPY65_50,48,0.7372887774905456,2031
004/076-mft-AL_50-ASPY65_50,49,0.7487769490003324,2031
004/076-mft-AL_50-ASPY65_50,50,0.7450989485289394,2031
004/076-mft-AL_50-ASPY65_50,51,0.7545761863442956,2031
004/076-mft-AL_50-ASPY65_50,52,0.7224130684163673,2031
004/076-mft-AL_50-ASPY65_50,53,0.7489308988952837,2031
004/076-mft-AL_50-ASPY65_50,54,0.7538520878642295,2031
004/076-mft-AL_50-ASPY65_50,55,0.7650997466997032,2031
004/076-mft-AL_50-ASPY65_50,56,0.7471134191480419,2031
004/076-mft-AL_50-ASPY65_50,57,0.8044883859260947,2031
004/076-mft-AL_50-ASPY65_50,58,0.7585129220727406,2031
004/076-mft-AL_50-ASPY65_50,59,0.7403890595038339,2031
004/076-mft-AL_50-ASPY65_50,60,0.7320570487083438,2031
004/076-mft-AL_50-ASPY65_50,61,0.7380540906937777,2031
004/076-mft-AL_50-ASPY65_50,62,0.7667759185080092,2031
004/076-mft-AL_50-ASPY65_50,63,0.7450516494345877,2031
004/076-mft-AL_50-ASPY65_50,64,0.7267113885198491,2031
004/076-mft-AL_50-ASPY65_50,65,0.7440322817533683,2031
004/076-mft-AL_50-ASPY65_50,66,0.7705843643064717,2031
004/076-mft-AL_50-ASPY65_50,67,0.7706193939734081,2031
004/076-mft-AL_50-ASPY65_50,68,0.7326841864041721,2031
004/076-mft-AL_50-ASPY65_50,69,0.7343707314519455,2031
004/076-mft-AL_50-ASPY65_50,70,0.7446467819877006,2031
004/076-mft-AL_50-ASPY65_50,71,0.7390876668306356,2031
004/076-mft-AL_50-ASPY65_50,72,0.7495895137296357,2031
004/076-mft-AL_50-ASPY65_50,73,0.7128553707566473,2031
004/076-mft-AL_50-ASPY65_50,74,0.754731091049627,2031
004/076-mft-AL_50-ASPY65_50,75,0.7585762994833879,2031
004/076-mft-AL_50-ASPY65_50,76,0.7379386621138696,2031
004/076-mft-AL_50-ASPY65_50,77,0.767693740902791,2031
004/076-mft-AL_50-ASPY65_50,78,0.7638530412562403,2031
004/076-mft-AL_50-ASPY65_50,79,0.7761160143383772,2031
004/076-mft-AL_50-ASPY65_50,80,0.7382128168018404,2031
004/076-mft-AL_50-ASPY65_50,81,0.7225077880003034,2031
004/076-mft-AL_50-ASPY65_50,82,0.7695588569169475,2031
004/076-mft-AL_50-ASPY65_50,83,0.7234853116469863,2031
004/076-mft-AL_50-ASPY65_50,84,0.7789546185703671,2031
004/076-mft-AL_50-ASPY65_50,85,0.7372802619443733,2031
004/076-mft-AL_50-ASPY65_50,86,0.7397835761184663,2031
004/076-mft-AL_50-ASPY65_50,87,0.7538057205634789,2031
004/076-mft-AL_50-ASPY65_50,88,0.7747928370104501,2031
004/076-mft-AL_50-ASPY65_50,89,0.779751645777422,2031
004/076-mft-AL_50-ASPY65_50,90,0.7796978681130572,2031
004/076-mft-AL_50-ASPY65_50,91,0.7289606169690331,2031
004/076-mft-AL_50-ASPY65_50,92,0.7439650081856026,2031
004/076-mft-AL_50-ASPY65_50,93,0.7622664510754729,2031
004/076-mft-AL_50-ASPY65_50,94,0.749471359617388,2031
004/076-mft-AL_50-ASPY65_50,95,0.7590855847818072,2031
004/076-mft-AL_50-ASPY65_50,96,0.7296315208990457,2031
004/076-mft-AL_50-ASPY65_50,97,0.7340646564551957,2031
004/076-mft-AL_50-ASPY65_50,98,0.7515378079585342,2031
004/076-mft-AL_50-ASPY65_50,99,0.7441434676699878,2031
004/077-mft-ASAQ_75-ASPY85_25,0,0.6770903489175274,2031
004/077-mft-ASAQ_75-ASPY85_25,1,0.6438781788808462,2031
004/077-mft-ASAQ_75-ASPY85_25,2,0.6370810587723753,2031
004/077-mft-ASAQ_75-ASPY85_25,3,0.6411712984573582,2031
004/077-mft-ASAQ_75-ASPY85_25,4,0.6373514200141864,2031
004/077-mft-ASAQ_75-ASPY85_25,5,0.6697390068118502,2031
004/077-mft-ASAQ_75-ASPY85_25,6,0.6741319636247446,2031
004/077-mft-ASAQ_75-ASPY85_25,7,0.6763552724024854,2031
004/077-mft-ASAQ_75-ASPY85_25,8,0.6415840003995935,2031
004/077-mft-ASAQ_75-ASPY85_25,9,0.6686168243850782,2031
004/077-mft-ASAQ_75-ASPY85_25,10,0.6664123400399192,2031
004/077-mft-ASAQ_75-ASPY85_25,11,0.6426830701759491,2031
004/077-mft-ASAQ_75-ASPY85_25,12,0.6550078835804073,2031
004/077-mft-ASAQ_75-ASPY85_25,13,0.6828073309222039,2031
004/077-mft-ASAQ_75-ASPY85_25,14,0.7104677317612219,2031
004/077-mft-ASAQ_75-ASPY85_25,15,0.674761976372022,2031
004/077-mft-ASAQ_75-ASPY85_25,16,0.6637256633026587,2031
004/077-mft-ASAQ_75-ASPY85_25,17,0.6731006644466614,2031
004/077-mft-ASAQ_75-ASPY85_25,18,0.6232590990922778,2031
004/077-mft-ASAQ_75-ASPY85_25,19,0.6697572508233572,2031
004/077-mft-ASAQ_75-ASPY85_25,20,0.6476115258674772,2031
004/077-mft-ASAQ_75-ASPY85_25,21,0.6816980775082877,2031
004/077-mft-ASAQ_75-ASPY85_25,22,0.6665834224193089,2031
004/077-mft-ASAQ_75-ASPY85_25,23,0.6449373395017028,2031
004/077-mft-ASAQ_75-ASPY85_25,24,0.6705034382102263,2031
004/077-mft-ASAQ_75-ASPY85_25,25,0.6342112207209093,2031
004/077-mft-ASAQ_75-ASPY85_25,26,0.6550608266062768,2031
004/077-mft-ASAQ_75-ASPY85_25,27,0.6521519677007915,2031
004/077-mft-ASAQ_75-ASPY85_25,28,0.6704378364163431,2031
004/077-mft-ASAQ_75-ASPY85_25,29,0.6331105740059231,2031
004/077-mft-ASAQ_75-ASPY85_25,30,0.6518810259052311,2031
004/077-mft-ASAQ_75-ASPY85_25,31,0.660179763981989,2031
004/077-mft-ASAQ_75-ASPY85_25,32,0.6553703629290323,2031
004/077-mft-ASAQ_75-ASPY85_25,33,0.6781951623724208,2031
004/077-mft-ASAQ_75-ASPY85_25,34,0.6562752506467767,2031
004/077-mft-ASAQ_75-ASPY85_25,35,0.6731677688269255,2031
004/077-mft-ASAQ_75-ASPY85_25,36,0.6772645492482008,2031
004/077-mft-ASAQ_75-ASPY85_25,37,0.6460290783079791,2031
004/077-mft-ASAQ_75-ASPY85_25,38,0.6441803593385574,2031
004/077-mft-ASAQ_75-ASPY85_25,39,0.6647149802879849,2031
004/077-mft-ASAQ_75-ASPY85_25,40,0.6200264248099491,2031
004/077-mft-ASAQ_75-ASPY85_25,41,0.6340956351871346,2031
004/077-mft-ASAQ_75-ASPY85_25,42,0.6748353925817159,2031
004/077-mft-ASAQ_75-ASPY85_25,43,0.6487875655134777,2031
004/077-mft-ASAQ_75-ASPY85_25,44,0.677976622001371,2031
004/077-mft-ASAQ_75-ASPY85_25,45,0.6819855155787587,2031
004/077-mft-ASAQ_75-ASPY85_25,46,0.6356692610916098,2031
004/077-mft-ASAQ_75-ASPY85_25,47,0.6386786019591291,2031
004/077-mft-ASAQ_75-ASPY85_25,48,0.6682202155706909,2031
004/077-mft-ASAQ_75-ASPY85_25,49,0.693019616326421,2031
004/077-mft-ASAQ_75-ASPY85_25,50,0.6663464334044015,2031
004/077-mft-ASAQ_75-ASPY85_25,51,0.6551784412329915,2031
004/077-mft-ASAQ_75-ASPY85_25,52,0.6438755724649373,2031
004/077-mft-ASAQ_75-ASPY85_25,53,0.6403408802933764,2031
004/077-mft-ASAQ_75-ASPY85_25,54,0.6931614683802422,2031
004/077-mft-ASAQ_75-ASPY85_25,55,0.6631350425252107,2031
004/077-mft-ASAQ_75-ASPY85_25,56,0.6478986136017437,2031
004/077-mft-ASAQ_75-ASPY85_25,57,0.6776875616580087,2031
004/077-mft-ASAQ_75-ASPY85_25,58,0.6541171756503579,2031
004/077-mft-ASAQ_75-ASPY85_25,59,0.6638846432451665,2031
004/077-mft-ASAQ_75-ASPY85_25,60,0.6775118147750964,2031
004/077-mft-ASAQ_75-ASPY85_25,61,0.6696010976779071,2031
004/077-mft-ASAQ_75-ASPY85_25,62,0.6679647689613654,2031
004/077-mft-ASAQ_75-ASPY85_25,63,0.6502592721902297,2031
004/077-mft-ASAQ_75-ASPY85_25,64,0.6695527708517717,2031
004/077-mft-ASAQ_75-ASPY85_25,65,0.6702925755129119,2031
004/077-mft-ASAQ_75-ASPY85_25,66,0.6643702580289076,2031
004/077-mft-ASAQ_75-ASPY85_25,67,0.6508163703959154,2031
004/077-mft-ASAQ_75-ASPY85_25,68,0.6647747710754118,2031
004/077-mft-ASAQ_75-ASPY85_25,69,0.655312391213501,2031
004/077-mft-ASAQ_75-ASPY85_25,70,0.6749140065210576,2031
004/077-mft-ASAQ_75-ASPY85_25,71,0.6865626551139797,2031
004/077-mft-ASAQ_75-ASPY85_25,72,0.6659947685896266,2031
004/077-mft-ASAQ_75-ASPY85_25,73,0.6493868837912639,2031
004/077-mft-ASAQ_75-ASPY85_25,74,0.6805581589591666,2031
004/077-mft-ASAQ_75-ASPY85_25,75,0.6770027906694644,2031
004/077-mft-ASAQ_75-ASPY85_25,76,0.6445572940384711,2031
004/077-mft-ASAQ_75-ASPY85_25,77,0.65067811435339,2031
004/077-mft-ASAQ_75-ASPY85_25,78,0.6808389978103859,2031
004/077-mft-ASAQ_75-ASPY85_25,79,0.6807751203623803,2031
004/077-mft-ASAQ_75-ASPY85_25,80,0.659922149267263,2031
004/077-mft-ASAQ_75-ASPY85_25,81,0.6440519793583322,2031
004/077-mft-ASAQ_75-ASPY85_25,82,0.6536436708638156,2031
004/077-mft-ASAQ_75-ASPY85_25,83,0.6404056828178588,2031
004/077-mft-ASAQ_75-ASPY85_25,84,0.6722196889408689,2031
004/077-mft-ASAQ_75-ASPY85_25,85,0.6869275964878069,2031
004/077-mft-ASAQ_75-ASPY85_25,86,0.6634444168655794,2031
004/077-mft-ASAQ_75-ASPY85_25,87,0.675796340361034,2031
004/077-mft-ASAQ_75-ASPY85_25,88,0.6739336934226099,2031
004/077-mft-ASAQ_75-ASPY85_25,89,0.659521476800973,2031
004/077-mft-ASAQ_75-ASPY85_25,90,0.6497623840304344,2031
004/077-mft-ASAQ_75-ASPY85_25,91,0.6792335000216577,2031
004/077-mft-ASAQ_75-ASPY85_25,92,0.6782154173119165,2031
004/077-mft-ASAQ_75-ASPY85_25,93,0.6616290782804432,2031
004/077-mft-ASAQ_75-ASPY85_25,94,0.6508943296779925,2031
004/077-mft-ASAQ_75-ASPY85_25,95,0.6529589640909749,2031
004/077-mft-ASAQ_75-ASPY85_25,96,0.69888996142063,2031
004/077-mft-ASAQ_75-ASPY85_25,97,0.6566455826301975,2031
004/077-mft-ASAQ_75-ASPY85_25,98,0.6623631596300056,2031
004/077-mft-ASAQ_75-ASPY85_25,99,0.6165187424896685,2031
004/078-mft-ASAQ_75-ASPY75_25,0,0.672611872941696,2031
004/078-mft-ASAQ_75-ASPY75_25,1,0.6534810611709813,2031
004/078-mft-ASAQ_75-ASPY75_25,2,0.6588826124309307,2031
004/078-mft-ASAQ_75-ASPY75_25,3,0.6809810813332081,2031
004/078-mft-ASAQ_75-ASPY75_25,4,0.6626179274478111,2031
004/078-mft-ASAQ_75-ASPY75_25,5,0.6644341711669101,2031
004/078-mft-ASAQ_75-ASPY75_25,6,0.6478160994887546,2031
004/078-mft-ASAQ_75-ASPY75_25,7,0.674122570257413,2031
004/078-mft-ASAQ_75-ASPY75_25,8,0.6611664921904182,2031
004/078-mft-ASAQ_75-ASPY75_25,9,0.6655802954772839,2031
004/078-mft-ASAQ_75-ASPY75_25,10,0.6747785832349278,2031
004/078-mft-ASAQ_75-ASPY75_25,11,0.6336936787946933,2031
004/078-mft-ASAQ_75-ASPY75_25,12,0.6892815857577701,2031
004/078-mft-ASAQ_75-ASPY75_25,13,0.6875107196378855,2031
004/078-mft-ASAQ_75-ASPY75_25,14,0.6485598936239552,2031
004/078-mft-ASAQ_75-ASPY75_25,15,0.6647421188233299,2031
004/078-mft-ASAQ_75-ASPY75_25,16,0.6625320757071077,2031
004/078-mft-ASAQ_75-ASPY75_25,17,0.6722812904235619,2031
004/078-mft-ASAQ_75-ASPY75_25,18,0.6740491854498623,2031
004/078-mft-ASAQ_75-ASPY75_25,19,0.6597379274199276,2031
004/078-mft-ASAQ_75-ASPY75_25,20,0.6762658101791644,2031
004/078-mft-ASAQ_75-ASPY75_25,21,0.5985127293808316,2031
004/078-mft-ASAQ_75-ASPY75_25,22,0.692192172012133,2031
004/078-mft-ASAQ_75-ASPY75_25,23,0.6432366507074851,2031
004/078-mft-ASAQ_75-ASPY75_25,24,0.6623270830399623,2031
004/078-mft-ASAQ_75-ASPY75_25,25,0.6658505712419064,2031
004/078-mft-ASAQ_75-ASPY75_25,26,0.649225334411731,2031
004/078-mft-ASAQ_75-ASPY75_25,27,0.6742471512069766,2031
004/078-mft-ASAQ_75-ASPY75_25,28,0.6579390088382912,2031
004/078-mft-ASAQ_75-ASPY75_25,29,0.6861534268189163,2031
004/078-mft-ASAQ_75-ASPY75_25,30,0.6561297128019581,2031
004/078-mft-ASAQ_75-ASPY75_25,31,0.6618504499500845,2031
004/078-mft-ASAQ_75-ASPY75_25,32,0.6773166183150101,2031
004/078-mft-ASAQ_75-ASPY75_25,33,0.6806533938578775,2031
004/078-mft-ASAQ_75-ASPY75_25,34,0.6449114037835284,2031
004/078-mft-ASAQ_75-ASPY75_25,35,0.6679139628872331,2031
004/078-mft-ASAQ_75-ASPY75_25,36,0.6637609657181842,2031
004/078-mft-ASAQ_75-ASPY75_25,37,0.6721663556738711,2031
004/078-mft-ASAQ_75-ASPY75_25,38,0.6492869106533848,2031
004/078-mft-ASAQ_75-ASPY75_25,39,0.6570410845164533,2031
004/078-mft-ASAQ_75-ASPY75_25,40,0.6954815854251044,2031
004/078-mft-ASAQ_75-ASPY75_25,41,0.639264016679161,2031
004/078-mft-ASAQ_75-ASPY75_25,42,0.6714769719738141,2031
004/078-mft-ASAQ_75-ASPY75_25,43,0.6661404955573744,2031
004/078-mft-ASAQ_75-ASPY75_25,44,0.685918656765436,2031
004/078-mft-ASAQ_75-ASPY75_25,45,0.6712518805204085,2031
004/078-mft-ASAQ_75-ASPY75_25,46,0.6635094701357548,2031
004/078-mft-ASAQ_75-ASPY75_25,47,0.6587957100906942,2031
004/078-mft-ASAQ_75-ASPY75_25,48,0.7040997073426967,2031
004/078-mft-ASAQ_75-ASPY75_25,49,0.671648800480327,2031
004/078-mft-ASAQ_75-ASPY75_25,50,0.6788888565380368,2031
004/078-mft-ASAQ_75-ASPY75_25,51,0.6620966747093727,2031
004/078-mft-ASAQ_75-ASPY75_25,52,0.6852643594956734,2031
004/078-mft-ASAQ_75-ASPY75_25,53,0.6417564466113944,2031
004/078-mft-ASAQ_75-ASPY75_25,54,0.6303373622608436,2031
004/078-mft-ASAQ_75-ASPY75_25,55,0.6461014154028822,2031
004/078-mft-ASAQ_75-ASPY75_25,56,0.6601571742116429,2031
004/078-mft-ASAQ_75-ASPY75_25,57,0.6587619365028031,2031
004/078-mft-ASAQ_75-ASPY75_25,58,0.6435156990525775,2031
004/078-mft-ASAQ_75-ASPY75_25,59,0.6938696718168327,2031
004/078-mft-ASAQ_75-ASPY75_25,60,0.6634264026004623,2031
004/078-mft-ASAQ_75-ASPY75_25,61,0.6653072623591072,2031
004/078-mft-ASAQ_75-ASPY75_25,62,0.6512490688092746,2031
004/078-mft-ASAQ_75-ASPY75_25,63,0.6839221106340915,2031
004/078-mft-ASAQ_75-ASPY75_25,64,0.6746812751501418,2031
004/078-mft-ASAQ_75-ASPY75_25,65,0.6783339052108416,2031
004/078-mft-ASAQ_75-ASPY75_25,66,0.6795892532817859,2031
004/078-mft-ASAQ_75-ASPY75_25,67,0.6537900520695658,2031
004/078-mft-ASAQ_75-ASPY75_25,68,0.6558185351187104,2031
004/078-mft-ASAQ_75-ASPY75_25,69,0.6606359174799655,2031
004/078-mft-ASAQ_75-ASPY75_25,70,0.6639368376478919,2031
004/078-mft-ASAQ_75-ASPY75_25,71,0.6452897166121788,2031
004/078-mft-ASAQ_75-ASPY75_25,72,0.6478406673391991,2031
004/078-mft-ASAQ_75-ASPY75_25,73,0.6662339252259989,2031
004/078-mft-ASAQ_75-ASPY75_25,74,0.6607716002501247,2031
004/078-mft-ASAQ_75-ASPY75_25,75,0.6445656743527169,2031
004/078-mft-ASAQ_75-ASPY75_25,76,0.6870542434626067,2031
004/078-mft-ASAQ_75-ASPY75_25,77,0.6470381059860018,2031
004/078-mft-ASAQ_75-ASPY75_25,78,0.6694985468440852,2031
004/078-mft-ASAQ_75-ASPY75_25,79,0.6798978383813098,2031
004/078-mft-ASAQ_75-ASPY75_25,80,0.6526904092414882,2031
004/078-mft-ASAQ_75-ASPY75_25,81,0.6614775346749937,2031
004/078-mft-ASAQ_75-ASPY75_25,82,0.6755608327551581,2031
004/078-mft-ASAQ_75-ASPY75_25,83,0.6655606733461915,2031
004/078-mft-ASAQ_75-ASPY75_25,84,0.6747544783372366,2031
004/078-mft-ASAQ_75-ASPY75_25,85,0.6641588175338969,2031
004/078-mft-ASAQ_75-ASPY75_25,86,0.6762970615177893,2031
004/078-mft-ASAQ_75-ASPY75_25,87,0.6503328853807215,2031
004/078-mft-ASAQ_75-ASPY75_25,88,0.6776315650031522,2031
004/078-mft-ASAQ_75-ASPY75_25,89,0.6229347630318415,2031
004/078-mft-ASAQ_75-ASPY75_25,90,0.6740985397338815,2031
004/078-mft-ASAQ_75-ASPY75_25,91,0.7070108979164269,2031
004/078-mft-ASAQ_75-ASPY75_25,92,0.6773003520924686,2031
004/078-mft-ASAQ_75-ASPY75_25,93,0.6539924531737239,2031
004/078-mft-ASAQ_75-ASPY75_25,94,0.6323537594350596,2031
004/078-mft-ASAQ_75-ASPY75_25,95,0.6214466843333804,2031
004/078-mft-ASAQ_75-ASPY75_25,96,0.6667972340906925,2031
004/078-mft-ASAQ_75-ASPY75_25,97,0.669829532200707,2031
004/078-mft-ASAQ_75-ASPY75_25,98,0.6579162022289872,2031
004/078-mft-ASAQ_75-ASPY75_25,99,0.6590335515655306,2031
004/079-mft-ASAQ_75-ASPY65_25,0,0.6417508488889822,2031
004/079-mft-ASAQ_75-ASPY65_25,1,0.701228002407837,2031
004/079-mft-ASAQ_75-ASPY65_25,2,0.6845197555857719,2031
004/079-mft-ASAQ_75-ASPY65_25,3,0.6566509923368568,2031
004/079-mft-ASAQ_75-ASPY65_25,4,0.666236928173853,2031
004/079-mft-ASAQ_75-ASPY65_25,5,0.6804161497654336,2031
004/079-mft-ASAQ_75-ASPY65_25,6,0.6874436003007628,2031
004/079-mft-ASAQ_75-ASPY65_25,7,0.6978522871798969,2031
004/079-mft-ASAQ_75-ASPY65_25,8,0.6680704238066814,2031
004/079-mft-ASAQ_75-ASPY65_25,9,0.6736864157475214,2031
004/079-mft-ASAQ_75-ASPY65_25,10,0.6664004053369549,2031
004/079-mft-ASAQ_75-ASPY65_25,11,0.6596258239658234,2031
004/079-mft-ASAQ_75-ASPY65_25,12,0.6634019775937164,2031
004/079-mft-ASAQ_75-ASPY65_25,13,0.6458369474640939,2031
004/079-mft-ASAQ_75-ASPY65_25,14,0.6819189660803732,2031
004/079-mft-ASAQ_75-ASPY65_25,15,0.6826280496087042,2031
004/079-mft-ASAQ_75-ASPY65_25,16,0.6401120441841501,2031
004/079-mft-ASAQ_75-ASPY65_25,17,0.641264847662857,2031
004/079-mft-ASAQ_75-ASPY65_25,18,0.6761044860393759,2031
004/079-mft-ASAQ_75-ASPY65_25,19,0.6647619976681004,2031
004/079-mft-ASAQ_75-ASPY65_25,20,0.6646013408093722,2031
004/079-mft-ASAQ_75-ASPY65_25,21,0.656336234880282,2031
004/079-mft-ASAQ_75-ASPY65_25,22,0.6675964637342598,2031
004/079-mft-ASAQ_75-ASPY65_25,23,0.659098005254152,2031
004/079-mft-ASAQ_75-ASPY65_25,24,0.6838772527475622,2031
004/079-mft-ASAQ_75-ASPY65_25,25,0.642136672223453,2031
004/079-mft-ASAQ_75-ASPY65_25,26,0.6599884451645511,2031
004/079-mft-ASAQ_75-ASPY65_25,27,0.6490473860068103,2031
004/079-mft-ASAQ_75-ASPY65_25,28,0.674892011903967,2031
004/079-mft-ASAQ_75-ASPY65_25,29,0.6279275062114376,2031
004/079-mft-ASAQ_75-ASPY65_25,30,0.6442219733547195,2031
004/079-mft-ASAQ_75-ASPY65_25,31,0.6281547501956788,2031
004/079-mft-ASAQ_75-ASPY65_25,32,0.6920374338943641,2031
004/079-mft-ASAQ_75-ASPY65_25,33,0.6756080922395579,2031
004/079-mft-ASAQ_75-ASPY65_25,34,0.6733442962368298,2031
004/079-mft-ASAQ_75-ASPY65_25,35,0.63687921165936,2031
004/079-mft-ASAQ_75-ASPY65_25,36,0.6905583939690964,2031
004/079-mft-ASAQ_75-ASPY65_25,37,0.7177310772686639,2031
004/079-mft-ASAQ_75-ASPY65_25,38,0.7057773463308941,2031
004/079-mft-ASAQ_75-ASPY65_25,39,0.6744165656159501,2031
004/079-mft-ASAQ_75-ASPY65_25,40,0.6349214121153282,2031
004/079-mft-ASAQ_75-ASPY65_25,41,0.6321094250880868,2031
004/079-mft-ASAQ_75-ASPY65_25,42,0.659266022120227,2031
004/079-mft-ASAQ_75-ASPY65_25,43,0.6484632497785171,2031
004/079-mft-ASAQ_75-ASPY65_25,44,0.6890795406184173,2031
004/079-mft-ASAQ_75-ASPY65_25,45,0.6567950815452723,2031
004/079-mft-ASAQ_75-ASPY65_25,46,0.650894338356952,2031
004/079-mft-ASAQ_75-ASPY65_25,47,0.6677948109690113,2031
004/079-mft-ASAQ_75-ASPY65_25,48,0.6678199829192158,2031
004/079-mft-ASAQ_75-ASPY65_25,49,0.6570935016031895,2031
004/079-mft-ASAQ_75-ASPY65_25,50,0.6532084708676261,2031
004/079-mft-ASAQ_75-ASPY65_25,51,0.6765636629117199,2031
004/079-mft-ASAQ_75-ASPY65_25,52,0.6644133451391713,2031
004/079-mft-ASAQ_75-ASPY65_25,53,0.6929495277833277,2031
004/079-mft-ASAQ_75-ASPY65_25,54,0.6552370804105122,2031
004/079-mft-ASAQ_75-ASPY65_25,55,0.6641608045122248,2031
004/079-mft-ASAQ_75-ASPY65_25,56,0.673079871172172,2031
004/079-mft-ASAQ_75-ASPY65_25,57,0.6836360533485748,2031
004/079-mft-ASAQ_75-ASPY65_25,58,0.644191441296169,2031
004/079-mft-ASAQ_75-ASPY65_25,59,0.6454168093819587,2031
004/079-mft-ASAQ_75-ASPY65_25,60,0.6572913716517353,2031
004/079-mft-ASAQ_75-ASPY65_25,61,0.6624801306221036,2031
004/079-mft-ASAQ_75-ASPY65_25,62,0.6517488562385653,2031
004/079-mft-ASAQ_75-ASPY65_25,63,0.6283570186896923,2031
004/079-mft-ASAQ_75-ASPY65_25,64,0.7027061708713437,2031
004/079-mft-ASAQ_75-ASPY65_25,65,0.6602696270923085,2031
004/079-mft-ASAQ_75-ASPY65_25,66,0.6615386217714344,2031
004/079-mft-ASAQ_75-ASPY65_25,67,0.6497468228399358,2031
004/079-mft-ASAQ_75-ASPY65_25,68,0.6453602887833426,2031
004/079-mft-ASAQ_75-ASPY65_25,69,0.6612703342012839,2031
004/079-mft-ASAQ_75-ASPY65_25,70,0.6712916666735924,2031
004/079-mft-ASAQ_75-ASPY65_25,71,0.643237812432821,2031
004/079-mft-ASAQ_75-ASPY65_25,72,0.6683397076212768,2031
004/079-mft-ASAQ_75-ASPY65_25,73,0.6694670861547398,2031
004/079-mft-ASAQ_75-ASPY65_25,74,0.6412362072007937,2031
004/079-mft-ASAQ_75-ASPY65_25,75,0.6812368528849159,2031
004/079-mft-ASAQ_75-ASPY65_25,76,0.6407043906782129,2031
004/079-mft-ASAQ_75-ASPY65_25,77,0.6934912877709265,2031
004/079-mft-ASAQ_75-ASPY65_25,78,0.7195077762579442,2031
004/079-mft-ASAQ_75-ASPY65_25,79,0.6694910978824526,2031
004/079-mft-ASAQ_75-ASPY65_25,80,0.6600457518901239,2031
004/079-mft-ASAQ_75-ASPY65_25,81,0.6701724865499702,2031
004/079-mft-ASAQ_75-ASPY65_25,82,0.6600228477602698,2031
004/079-mft-ASAQ_75-ASPY65_25,83,0.6717431510497529,2031
004/079-mft-ASAQ_75-ASPY65_25,84,0.6629509325202833,2031
004/079-mft-ASAQ_75-ASPY65_25,85,0.6548640500071463,2031
004/079-mft-ASAQ_75-ASPY65_25,86,0.6525298469212727,2031
004/079-mft-ASAQ_75-ASPY65_25,87,0.6763945631921598,2031
004/079-mft-ASAQ_75-ASPY65_25,88,0.6339993075385449,2031
004/079-mft-ASAQ_75-ASPY65_25,89,0.6593503659018292,2031
004/079-mft-ASAQ_75-ASPY65_25,90,0.6766651909649543,2031
004/079-mft-ASAQ_75-ASPY65_25,91,0.6766279132779672,2031
004/079-mft-ASAQ_75-ASPY65_25,92,0.6624273656174176,2031
004/079-mft-ASAQ_75-ASPY65_25,93,0.6648114420224011,2031
004/079-mft-ASAQ_75-ASPY65_25,94,0.6754527193945048,2031
004/079-mft-ASAQ_75-ASPY65_25,95,0.6671143484383784,2031
004/079-mft-ASAQ_75-ASPY65_25,96,0.6645410552056903,2031
004/079-mft-ASAQ_75-ASPY65_25,97,0.6298645749712736,2031
004/079-mft-ASAQ_75-ASPY65_25,98,0.6712418377811874,2031
004/079-mft-ASAQ_75-ASPY65_25,99,0.6714756244197034,2031
004/080-mft-ASAQ_50-ASPY85_50,0,0.6590071465789158,2031
004/080-mft-ASAQ_50-ASPY85_50,1,0.648695469348769,2031
004/080-mft-ASAQ_50-ASPY85_50,2,0.6601291896847675,2031
004/080-mft-ASAQ_50-ASPY85_50,3,0.6648074028434698,2031
004/080-mft-ASAQ_50-ASPY85_50,4,0.6627504119217967,2031
004/080-mft-ASAQ_50-ASPY85_50,5,0.6443873857096433,2031
004/080-mft-ASAQ_50-ASPY85_50,6,0.669811296240563,2031
004/080-mft-ASAQ_50-ASPY85_50,7,0.7103042435929395,2031
004/080-mft-ASAQ_50-ASPY85_50,8,0.6524214570593624,2031
004/080-mft-ASAQ_50-ASPY85_50,9,0.6586360812006139,2031
004/080-mft-ASAQ_50-ASPY85_50,10,0.6836026107795677,2031
004/080-mft-ASAQ_50-ASPY85_50,11,0.6637197362255529,2031
004/080-mft-ASAQ_50-ASPY85_50,12,0.640249948960331,2031
004/080-mft-ASAQ_50-ASPY85_50,13,0.6445679788568962,2031
004/080-mft-ASAQ_50-ASPY85_50,14,0.677321342620918,2031
004/080-mft-ASAQ_50-ASPY85_50,15,0.6593708641384777,2031
004/080-mft-ASAQ_50-ASPY85_50,16,0.6593735133330102,2031
004/080-mft-ASAQ_50-ASPY85_50,17,0.6682849371363145,2031
004/080-mft-ASAQ_50-ASPY85_50,18,0.6649834968702696,2031
004/080-mft-ASAQ_50-ASPY85_50,19,0.67993931251455,2031
004/080-mft-ASAQ_50-ASPY85_50,20,0.6660550796585336,2031
004/080-mft-ASAQ_50-ASPY85_50,21,0.6663565465431412,2031
004/080-mft-ASAQ_50-ASPY85_50,22,0.6733818763109113,2031
004/080-mft-ASAQ_50-ASPY85_50,23,0.6791494066967648,2031
004/080-mft-ASAQ_50-ASPY85_50,24,0.6637778566350628,2031
004/080-mft-ASAQ_50-ASPY85_50,25,0.6803144055553988,2031
004/080-mft-ASAQ_50-ASPY85_50,26,0.6466958336133328,2031
004/080-mft-ASAQ_50-ASPY85_50,27,0.6869084649600957,2031
004/080-mft-ASAQ_50-ASPY85_50,28,0.7000569785606507,2031
004/080-mft-ASAQ_50-ASPY85_50,29,0.6907885566973048,2031
004/080-mft-ASAQ_50-ASPY85_50,30,0.6789559781550718,2031
004/080-mft-ASAQ_50-ASPY85_50,31,0.6355031449797903,2031
004/080-mft-ASAQ_50-ASPY85_50,32,0.6711281581177797,2031
004/080-mft-ASAQ_50-ASPY85_50,33,0.6510542347246578,2031
004/080-mft-ASAQ_50-ASPY85_50,34,0.6611153946438444,2031
004/080-mft-ASAQ_50-ASPY85_50,35,0.6656249683035756,2031
004/080-mft-ASAQ_50-ASPY85_50,36,0.6613658646530056,2031
004/080-mft-ASAQ_50-ASPY85_50,37,0.6751074733629125,2031
004/080-mft-ASAQ_50-ASPY85_50,38,0.69278925423136,2031
004/080-mft-ASAQ_50-ASPY85_50,39,0.6811731336170735,2031
004/080-mft-ASAQ_50-ASPY85_50,40,0.6802562365773975,2031
004/080-mft-ASAQ_50-ASPY85_50,41,0.6587919608803456,2031
004/080-mft-ASAQ_50-ASPY85_50,42,0.6694516338629324,2031
004/080-mft-ASAQ_50-ASPY85_50,43,0.6463365061026252,2031
004/080-mft-ASAQ_50-ASPY85_50,44,0.6524331669062703,2031
004/080-mft-ASAQ_50-ASPY85_50,45,0.6680313635931227,2031
004/080-mft-ASAQ_50-ASPY85_50,46,0.645337082636276,2031
004/080-mft-ASAQ_50-ASPY85_50,47,0.6533806993081809,2031
004/080-mft-ASAQ_50-ASPY85_50,48,0.6535385081115616,2031
004/080-mft-ASAQ_50-ASPY85_50,49,0.6725780504939932,2031
004/080-mft-ASAQ_50-ASPY85_50,50,0.6816220341515153,2031
004/080-mft-ASAQ_50-ASPY85_50,51,0.7028911926330507,2031
004/080-mft-ASAQ_50-ASPY85_50,52,0.6787365137285916,2031
004/080-mft-ASAQ_50-ASPY85_50,53,0.6802488721948928,2031
004/080-mft-ASAQ_50-ASPY85_50,54,0.6582026453363345,2031
004/080-mft-ASAQ_50-ASPY85_50,55,0.653823150006494,2031
004/080-mft-ASAQ_50-ASPY85_50,56,0.666607312638911,2031
004/080-mft-ASAQ_50-ASPY85_50,57,0.687117643457913,2031
004/080-mft-ASAQ_50-ASPY85_50,58,0.6726248827082403,2031
004/080-mft-ASAQ_50-ASPY85_50,59,0.6660049295179553,2031
004/080-mft-ASAQ_50-ASPY85_50,60,0.6886142495560522,2031
004/080-mft-ASAQ_50-ASPY85_50,61,0.6571560266781394,2031
004/080-mft-ASAQ_50-ASPY85_50,62,0.6517135104055041,2031
004/080-mft-ASAQ_50-ASPY85_50,63,0.6636918644933577,2031
004/080-mft-ASAQ_50-ASPY85_50,64,0.6729957320591927,2031
004/080-mft-ASAQ_50-ASPY85_50,65,0.6847106158324424,2031
004/080-mft-ASAQ_50-ASPY85_50,66,0.6802997397361193,2031
004/080-mft-ASAQ_50-ASPY85_50,67,0.6840827916610897,2031
004/080-mft-ASAQ_50-ASPY85_50,68,0.6475826803384882,2031
004/080-mft-ASAQ_50-ASPY85_50,69,0.6743665885900395,2031
004/080-mft-ASAQ_50-ASPY85_50,70,0.7120905555346604,2031
004/080-mft-ASAQ_50-ASPY85_50,71,0.6651459773855921,2031
004/080-mft-ASAQ_50-ASPY85_50,72,0.6570617877513802,2031
004/080-mft-ASAQ_50-ASPY85_50,73,0.6564189296538351,2031
004/080-mft-ASAQ_50-ASPY85_50,74,0.6874258049464532,2031
004/080-mft-ASAQ_50-ASPY85_50,75,0.6728377400807733,2031
004/080-mft-ASAQ_50-ASPY85_50,76,0.6772829234923413,2031
004/080-mft-ASAQ_50-ASPY85_50,77,0.6799870476988388,2031
004/080-mft-ASAQ_50-ASPY85_50,78,0.6604880564996963,2031
004/080-mft-ASAQ_50-ASPY85_50,79,0.6652047983943553,2031
004/080-mft-ASAQ_50-ASPY85_50,80,0.663455110783458,2031
004/080-mft-ASAQ_50-ASPY85_50,81,0.6698853125869699,2031
004/080-mft-ASAQ_50-ASPY85_50,82,0.7042427209241646,2031
004/080-mft-ASAQ_50-ASPY85_50,83,0.6569824544492214,2031
004/080-mft-ASAQ_50-ASPY85_50,84,0.6313368681875342,2031
004/080-mft-ASAQ_50-ASPY85_50,85,0.6675769788846707,2031
004/080-mft-ASAQ_50-ASPY85_50,86,0.6666823248885043,2031
004/080-mft-ASAQ_50-ASPY85_50,87,0.6589978763259058,2031
004/080-mft-ASAQ_50-ASPY85_50,88,0.6906960413993134,2031
004/080-mft-ASAQ_50-ASPY85_50,89,0.6489680716168392,2031
004/080-mft-ASAQ_50-ASPY85_50,90,0.6932068737043954,2031
004/080-mft-ASAQ_50-ASPY85_50,91,0.6475344458849361,2031
004/080-mft-ASAQ_50-ASPY85_50,92,0.6508979390395,2031
004/080-mft-ASAQ_50-ASPY85_50,93,0.6442228521177479,2031
004/080-mft-ASAQ_50-ASPY85_50,94,0.6855325246673093,2031
004/080-mft-ASAQ_50-ASPY85_50,95,0.6931026841792304,2031
004/080-mft-ASAQ_50-ASPY85_50,96,0.6672254654673787,2031
004/080-mft-ASAQ_50-ASPY85_50,97,0.694186641338586,2031
004/080-mft-ASAQ_50-ASPY85_50,98,0.6637097561902715,2031
004/080-mft-ASAQ_50-ASPY85_50,99,0.6355343050252124,2031
004/081-mft-ASAQ_50-ASPY75_50,0,0.6511215780231009,2031
004/081-mft-ASAQ_50-ASPY75_50,1,0.6926731121259028,2031
004/081-mft-ASAQ_50-ASPY75_50,2,0.6503594880334308,2031
004/081-mft-ASAQ_50-ASPY75_50,3,0.6790031531795622,2031
004/081-mft-ASAQ_50-ASPY75_50,4,0.6562349850866587,2031
004/081-mft-ASAQ_50-ASPY75_50,5,0.6405374852749515,2031
004/081-mft-ASAQ_50-ASPY75_50,6,0.6834033806811087,2031
004/081-mft-ASAQ_50-ASPY75_50,7,0.6649967586905136,2031
004/081-mft-ASAQ_50-ASPY75_50,8,0.672812829628881,2031
004/081-mft-ASAQ_50-ASPY75_50,9,0.6654978764739338,2031
004/081-mft-ASAQ_50-ASPY75_50,10,0.6583990550356572,2031
004/081-mft-ASAQ_50-ASPY75_50,11,0.6610578872987186,2031
004/081-mft-ASAQ_50-ASPY75_50,12,0.6842178881930715,2031
004/081-mft-ASAQ_50-ASPY75_50,13,0.6812777044538025,2031
004/081-mft-ASAQ_50-ASPY75_50,14,0.6548810913408524,2031
004/081-mft-ASAQ_50-ASPY75_50,15,0.6863167767446559,2031
004/081-mft-ASAQ_50-ASPY75_50,16,0.6508159391089997,2031
004/081-mft-ASAQ_50-ASPY75_50,17,0.6778801227717476,2031
004/081-mft-ASAQ_50-ASPY75_50,18,0.6582326568893406,2031
004/081-mft-ASAQ_50-ASPY75_50,19,0.6811197115848834,2031
004/081-mft-ASAQ_50-ASPY75_50,20,0.6389132318490622,2031
004/081-mft-ASAQ_50-ASPY75_50,21,0.6680915835773996,2031
004/081-mft-ASAQ_50-ASPY75_50,22,0.7091148408549381,2031
004/081-mft-ASAQ_50-ASPY75_50,23,0.6649713466328228,2031
004/081-mft-ASAQ_50-ASPY75_50,24,0.6581077342436642,2031
004/081-mft-ASAQ_50-ASPY75_50,25,0.6912515877249471,2031
004/081-mft-ASAQ_50-ASPY75_50,26,0.6735863874049021,2031
004/081-mft-ASAQ_50-ASPY75_50,27,0.6620067348507349,2031
004/081-mft-ASAQ_50-ASPY75_50,28,0.6479489373229023,2031
004/081-mft-ASAQ_50-ASPY75_50,29,0.64990811975354,2031
004/081-mft-ASAQ_50-ASPY75_50,30,0.6543013769329943,2031
004/081-mft-ASAQ_50-ASPY75_50,31,0.6550489849212545,2031
004/081-mft-ASAQ_50-ASPY75_50,32,0.6944048459174431,2031
004/081-mft-ASAQ_50-ASPY75_50,33,0.6901817280657144,2031
004/081-mft-ASAQ_50-ASPY75_50,34,0.6631666486226652,2031
004/081-mft-ASAQ_50-ASPY75_50,35,0.6831288487524566,2031
004/081-mft-ASAQ_50-ASPY75_50,36,0.6540294300622863,2031
004/081-mft-ASAQ_50-ASPY75_50,37,0.659756330344114,2031
004/081-mft-ASAQ_50-ASPY75_50,38,0.6852577239763148,2031
004/081-mft-ASAQ_50-ASPY75_50,39,0.6756366854016885,2031
004/081-mft-ASAQ_50-ASPY75_50,40,0.6899454181530755,2031
004/081-mft-ASAQ_50-ASPY75_50,41,0.6536626065127579,2031
004/081-mft-ASAQ_50-ASPY75_50,42,0.6907401777237988,2031
004/081-mft-ASAQ_50-ASPY75_50,43,0.691651054346298,2031
004/081-mft-ASAQ_50-ASPY75_50,44,0.689844833887581,2031
004/081-mft-ASAQ_50-ASPY75_50,45,0.6851395106376436,2031
004/081-mft-ASAQ_50-ASPY75_50,46,0.6241042777023619,2031
004/081-mft-ASAQ_50-ASPY75_50,47,0.6517921733005072,2031
004/081-mft-ASAQ_50-ASPY75_50,48,0.6668326247055316,2031
004/081-mft-ASAQ_50-ASPY75_50,49,0.6659301534884597,2031
004/081-mft-ASAQ_50-ASPY75_50,50,0.6611773497037593,2031
004/081-mft-ASAQ_50-ASPY75_50,51,0.6747178136346962,2031
004/081-mft-ASAQ_50-ASPY75_50,52,0.6770098750812635,2031
004/081-mft-ASAQ_50-ASPY75_50,53,0.6813466172983746,2031
004/081-mft-ASAQ_50-ASPY75_50,54,0.6570326924901551,2031
004/081-mft-ASAQ_50-ASPY75_50,55,0.6581391604183023,2031
004/081-mft-ASAQ_50-ASPY75_50,56,0.6508224318135124,2031
004/081-mft-ASAQ_50-ASPY75_50,57,0.6807862774698612,2031
004/081-mft-ASAQ_50-ASPY75_50,58,0.6822113741932462,2031
004/081-mft-ASAQ_50-ASPY75_50,59,0.7033213177577097,2031
004/081-mft-ASAQ_50-ASPY75_50,60,0.6735146272156873,2031
004/081-mft-ASAQ_50-ASPY75_50,61,0.6780980808800158,2031
004/081-mft-ASAQ_50-ASPY75_50,62,0.6857944073924931,2031
004/081-mft-ASAQ_50-ASPY75_50,63,0.6438461098175493,2031
004/081-mft-ASAQ_50-ASPY75_50,64,0.6912598973415617,2031
004/081-mft-ASAQ_50-ASPY75_50,65,0.680469193117402,2031
004/081-mft-ASAQ_50-ASPY75_50,66,0.6762076105482843,2031
004/081-mft-ASAQ_50-ASPY75_50,67,0.6610637173006965,2031
004/081-mft-ASAQ_50-ASPY75_50,68,0.6665476735458863,2031
004/081-mft-ASAQ_50-ASPY75_50,69,0.6686494916163775,2031
004/081-mft-ASAQ_50-ASPY75_50,70,0.6606656176061739,2031
004/081-mft-ASAQ_50-ASPY75_50,71,0.643321653861442,2031
004/081-mft-ASAQ_50-ASPY75_50,72,0.6660250775111615,2031
004/081-mft-ASAQ_50-ASPY75_50,73,0.659429123510912,2031
004/081-mft-ASAQ_50-ASPY75_50,74,0.6642790172542642,2031
004/081-mft-ASAQ_50-ASPY75_50,75,0.6914873059297082,2031
004/081-mft-ASAQ_50-ASPY75_50,76,0.7049542175871818,2031
004/081-mft-ASAQ_50-ASPY75_50,77,0.6583438967047364,2031
004/081-mft-ASAQ_50-ASPY75_50,78,0.6728335203716073,2031
004/081-mft-ASAQ_50-ASPY75_50,79,0.6566683722415321,2031
004/081-mft-ASAQ_50-ASPY75_50,80,0.7020559999308987,2031
004/081-mft-ASAQ_50-ASPY75_50,81,0.6954219751435353,2031
004/081-mft-ASAQ_50-ASPY75_50,82,0.6586206699771093,2031
004/081-mft-ASAQ_50-ASPY75_50,83,0.6867137901275071,2031
004/081-mft-ASAQ_50-ASPY75_50,84,0.6841489381717177,2031
004/081-mft-ASAQ_50-ASPY75_50,85,0.6765814996252333,2031
004/081-mft-ASAQ_50-ASPY75_50,86,0.6485459328057668,2031
004/081-mft-ASAQ_50-ASPY75_50,87,0.6593256714989421,2031
004/081-mft-ASAQ_50-ASPY75_50,88,0.6572780121192886,2031
004/081-mft-ASAQ_50-ASPY75_50,89,0.6941284996848506,2031
004/081-mft-ASAQ_50-ASPY75_50,90,0.6986806100176827,2031
004/081-mft-ASAQ_50-ASPY75_50,91,0.6615019987631753,2031
004/081-mft-ASAQ_50-ASPY75_50,92,0.6855084915980579,2031
004/081-mft-ASAQ_50-ASPY75_50,93,0.6214990569179392,2031
004/081-mft-ASAQ_50-ASPY75_50,94,0.6802693408773818,2031
004/081-mft-ASAQ_50-ASPY75_50,95,0.6607349398681416,2031
004/081-mft-ASAQ_50-ASPY75_50,96,0.6781259371414426,2031
004/081-mft-ASAQ_50-ASPY75_50,97,0.6508518606765812,2031
004/081-mft-ASAQ_50-ASPY75_50,98,0.6513987860488036,2031
004/081-mft-ASAQ_50-ASPY75_50,99,0.6793475304825315,2031
004/082-mft-ASAQ_50-ASPY65_50,0,0.6619292258144286,2031
004/082-mft-ASAQ_50-ASPY65_50,1,0.6811504238170628,2031
004/082-mft-ASAQ_50-ASPY65_50,2,0.6784786597026707,2031
004/082-mft-ASAQ_50-ASPY65_50,3,0.651387190488761,2031
004/082-mft-ASAQ_50-ASPY65_50,4,0.6783161093564601,2031
004/082-mft-ASAQ_50-ASPY65_50,5,0.6781842483670261,2031
004/082-mft-ASAQ_50-ASPY65_50,6,0.64406233366207,2031
004/082-mft-ASAQ_50-ASPY65_50,7,0.6692073242251523,2031
004/082-mft-ASAQ_50-ASPY65_50,8,0.7117715568501081,2031
004/082-mft-ASAQ_50-ASPY65_50,9,0.6738073401988306,2031
004/082-mft-ASAQ_50-ASPY65_50,10,0.6907661688344756,2031
004/082-mft-ASAQ_50-ASPY65_50,11,0.6743107896100838,2031
004/082-mft-ASAQ_50-ASPY65_50,12,0.6630096999618303,2031
004/082-mft-ASAQ_50-ASPY65_50,13,0.6726471312865024,2031
004/082-mft-ASAQ_50-ASPY65_50,14,0.6769856907198332,2031
004/082-mft-ASAQ_50-ASPY65_50,15,0.664714914873068,2031
004/082-mft-ASAQ_50-ASPY65_50,16,0.6691958024559912,2031
004/082-mft-ASAQ_50-ASPY65_50,17,0.6478089501336881,2031
004/082-mft-ASAQ_50-ASPY65_50,18,0.6825077774896724,2031
004/082-mft-ASAQ_50-ASPY65_50,19,0.684371659333129,2031
004/082-mft-ASAQ_50-ASPY65_50,20,0.6819909567268455,2031
004/082-mft-ASAQ_50-ASPY65_50,21,0.6865468689283593,2031
004/082-mft-ASAQ_50-ASPY65_50,22,0.702734690617954,2031
004/082-mft-ASAQ_50-ASPY65_50,23,0.659632445953552,2031
004/082-mft-ASAQ_50-ASPY65_50,24,0.6754161419170752,2031
004/082-mft-ASAQ_50-ASPY65_50,25,0.6660541268730037,2031
004/082-mft-ASAQ_50-ASPY65_50,26,0.690926322298651,2031
004/082-mft-ASAQ_50-ASPY65_50,27,0.6723374688756408,2031
004/082-mft-ASAQ_50-ASPY65_50,28,0.6874021364562012,2031
004/082-mft-ASAQ_50-ASPY65_50,29,0.6805143736497236,2031
004/082-mft-ASAQ_50-ASPY65_50,30,0.6670694564303203,2031
004/082-mft-ASAQ_50-ASPY65_50,31,0.6364509270393661,2031
004/082-mft-ASAQ_50-ASPY65_50,32,0.6827542898217832,2031
004/082-mft-ASAQ_50-ASPY65_50,33,0.7048304723105298,2031
004/082-mft-ASAQ_50-ASPY65_50,34,0.6955989986313084,2031
004/082-mft-ASAQ_50-ASPY65_50,35,0.6840496841267361,2031
004/082-mft-ASAQ_50-ASPY65_50,36,0.6790812981333278,2031
004/082-mft-ASAQ_50-ASPY65_50,37,0.6847900286613132,2031
004/082-mft-ASAQ_50-ASPY65_50,38,0.6497436157033593,2031
004/082-mft-ASAQ_50-ASPY65_50,39,0.6960184368560687,2031
004/082-mft-ASAQ_50-ASPY65_50,40,0.6993998325730924,2031
004/082-mft-ASAQ_50-ASPY65_50,41,0.6821114136020788,2031
004/082-mft-ASAQ_50-ASPY65_50,42,0.6783595791477907,2031
004/082-mft-ASAQ_50-ASPY65_50,43,0.6520619001023794,2031
004/082-mft-ASAQ_50-ASPY65_50,44,0.6972495371776927,2031
004/082-mft-ASAQ_50-ASPY65_50,45,0.644278436914247,2031
004/082-mft-ASAQ_50-ASPY65_50,46,0.6736464122134388,2031
004/082-mft-ASAQ_50-ASPY65_50,47,0.6960080403075127,2031
004/082-mft-ASAQ_50-ASPY65_50,48,0.6940569348128558,2031
004/082-mft-ASAQ_50-ASPY65_50,49,0.6500507958834497,2031
004/082-mft-ASAQ_50-ASPY65_50,50,0.6767325658146025,2031
004/082-mft-ASAQ_50-ASPY65_50,51,0.6930048495971411,2031
004/082-mft-ASAQ_50-ASPY65_50,52,0.6683576867614982,2031
004/082-mft-ASAQ_50-ASPY65_50,53,0.6836572597084533,2031
004/082-mft-ASAQ_50-ASPY65_50,54,0.6551049663793855,2031
004/082-mft-ASAQ_50-ASPY65_50,55,0.6561043878784195,2031
004/082-mft-ASAQ_50-ASPY65_50,56,0.6861496872731127,2031
004/082-mft-ASAQ_50-ASPY65_50,57,0.6771700487020075,2031
004/082-mft-ASAQ_50-ASPY65_50,58,0.6904547311983964,2031
004/082-mft-ASAQ_50-ASPY65_50,59,0.6491910057681017,2031
004/082-mft-ASAQ_50-ASPY65_50,60,0.628862770617069,2031
004/082-mft-ASAQ_50-ASPY65_50,61,0.6524204973777369,2031
004/082-mft-ASAQ_50-ASPY65_50,62,0.6952584221734837,2031
004/082-mft-ASAQ_50-ASPY65_50,63,0.6695132236625866,2031
004/082-mft-ASAQ_50-ASPY65_50,64,0.6778612867600442,2031
004/082-mft-ASAQ_50-ASPY65_50,65,0.6738217748971689,2031
004/082-mft-ASAQ_50-ASPY65_50,66,0.6909368512946857,2031
004/082-mft-ASAQ_50-ASPY65_50,67,0.6812853903862502,2031
004/082-mft-ASAQ_50-ASPY65_50,68,0.6864682019174468,2031
004/082-mft-ASAQ_50-ASPY65_50,69,0.7017653989744624,2031
004/082-mft-ASAQ_50-ASPY65_50,70,0.6926895743049483,2031
004/082-mft-ASAQ_50-ASPY65_50,71,0.6727143942321687,2031
004/082-mft-ASAQ_50-ASPY65_50,72,0.6856236691837889,2031
004/082-mft-ASAQ_50-ASPY65_50,73,0.649431802561658,2031
004/082-mft-ASAQ_50-ASPY65_50,74,0.6735854118606747,2031
004/082-mft-ASAQ_50-ASPY65_50,75,0.6559280265960185,2031
004/082-mft-ASAQ_50-ASPY65_50,76,0.6622599135767948,2031
004/082-mft-ASAQ_50-ASPY65_50,77,0.6759044477475012,2031
004/082-mft-ASAQ_50-ASPY65_50,78,0.6727254626800994,2031
004/082-mft-ASAQ_50-ASPY65_50,79,0.6618486646977454,2031
004/082-mft-ASAQ_50-ASPY65_50,80,0.6812561911223592,2031
004/082-mft-ASAQ_50-ASPY65_50,81,0.6739242502224271,2031
004/082-mft-ASAQ_50-ASPY65_50,82,0.6653190833737509,2031
004/082-mft-ASAQ_50-ASPY65_50,83,0.6790432762703814,2031
004/082-mft-ASAQ_50-ASPY65_50,84,0.6595316711020199,2031
004/082-mft-ASAQ_50-ASPY65_50,85,0.6591835824430975,2031
004/082-mft-ASAQ_50-ASPY65_50,86,0.667577041772894,2031
004/082-mft-ASAQ_50-ASPY65_50,87,0.6881878839886975,2031
004/082-mft-ASAQ_50-ASPY65_50,88,0.7043159264453749,2031
004/082-mft-ASAQ_50-ASPY65_50,89,0.663547476524388,2031
004/082-mft-ASAQ_50-ASPY65_50,90,0.6525288301967763,2031
004/082-mft-ASAQ_50-ASPY65_50,91,0.7327699740036114,2031
004/082-mft-ASAQ_50-ASPY65_50,92,0.6685853064175621,2031
004/082-mft-ASAQ_50-ASPY65_50,93,0.6319430666517327,2031
004/082-mft-ASAQ_50-ASPY65_50,94,0.6767115632459751,2031
004/082-mft-ASAQ_50-ASPY65_50,95,0.6581139345427228,2031
004/082-mft-ASAQ_50-ASPY65_50,96,0.6518610545833108,2031
004/082-mft-ASAQ_50-ASPY65_50,97,0.6742950532215443,2031
004/082-mft-ASAQ_50-ASPY65_50,98,0.6998313276476934,2031
004/082-mft-ASAQ_50-ASPY65_50,99,0.6937712089882645,2031
004/083-mft-AL-DHAPPQ-ASPY85,0,0.7573990334271358,2031
004/083-mft-AL-DHAPPQ-ASPY85,1,0.727820279858595,2031
004/083-mft-AL-DHAPPQ-ASPY85,2,0.7239381657894851,2031
004/083-mft-AL-DHAPPQ-ASPY85,3,0.7123300286883826,2031
004/083-mft-AL-DHAPPQ-ASPY85,4,0.7477124695482593,2031
004/083-mft-AL-DHAPPQ-ASPY85,5,0.7513908749168761,2031
004/083-mft-AL-DHAPPQ-ASPY85,6,0.7665517882499885,2031
004/083-mft-AL-DHAPPQ-ASPY85,7,0.742386971269271,2031
004/083-mft-AL-DHAPPQ-ASPY85,8,0.7602392811427606,2031
004/083-mft-AL-DHAPPQ-ASPY85,9,0.7227528803080685,2031
004/083-mft-AL-DHAPPQ-ASPY85,10,0.729471298870117,2031
004/083-mft-AL-DHAPPQ-ASPY85,11,0.7298798574180899,2031
004/083-mft-AL-DHAPPQ-ASPY85,12,0.7206646817319843,2031
004/083-mft-AL-DHAPPQ-ASPY85,13,0.7657729063993913,2031
004/083-mft-AL-DHAPPQ-ASPY85,14,0.7248154371676732,2031
004/083-mft-AL-DHAPPQ-ASPY85,15,0.7239310133500414,2031
004/083-mft-AL-DHAPPQ-ASPY85,16,0.7080085637024593,2031
004/083-mft-AL-DHAPPQ-ASPY85,17,0.7299252360934697,2031
004/083-mft-AL-DHAPPQ-ASPY85,18,0.7283740536007125,2031
004/083-mft-AL-DHAPPQ-ASPY85,19,0.7631277756567957,2031
004/083-mft-AL-DHAPPQ-ASPY85,20,0.7260183298908568,2031
004/083-mft-AL-DHAPPQ-ASPY85,21,0.7367322560788016,2031
004/083-mft-AL-DHAPPQ-ASPY85,22,0.7363027259726667,2031
004/083-mft-AL-DHAPPQ-ASPY85,23,0.701150047691567,2031
004/083-mft-AL-DHAPPQ-ASPY85,24,0.7328446887718844,2031
004/083-mft-AL-DHAPPQ-ASPY85,25,0.7483306542164785,2031
004/083-mft-AL-DHAPPQ-ASPY85,26,0.7252181321972277,2031
004/083-mft-AL-DHAPPQ-ASPY85,27,0.7209065798641333,2031
004/083-mft-AL-DHAPPQ-ASPY85,28,0.7374228927592831,2031
004/083-mft-AL-DHAPPQ-ASPY85,29,0.7797333790800373,2031
004/083-mft-AL-DHAPPQ-ASPY85,30,0.7149207953534605,2031
004/083-mft-AL-DHAPPQ-ASPY85,31,0.7328229824213902,2031
004/083-mft-AL-DHAPPQ-ASPY85,32,0.7402893718164404,2031
004/083-mft-AL-DHAPPQ-ASPY85,33,0.7388264768871503,2031
004/083-mft-AL-DHAPPQ-ASPY85,34,0.7387727283454892,2031
004/083-mft-AL-DHAPPQ-ASPY85,35,0.7301932035775404,2031
004/083-mft-AL-DHAPPQ-ASPY85,36,0.7362352538084016,2031
004/083-mft-AL-DHAPPQ-ASPY85,37,0.7456320516707843,2031
004/083-mft-AL-DHAPPQ-ASPY85,38,0.737416087689437,2031
004/083-mft-AL-DHAPPQ-ASPY85,39,0.7384983706257048,2031
004/083-mft-AL-DHAPPQ-ASPY85,40,0.7023722358065227,2031
004/083-mft-AL-DHAPPQ-ASPY85,41,0.7515295847682836,2031
004/083-mft-AL-DHAPPQ-ASPY85,42,0.7296618595259559,2031
004/083-mft-AL-DHAPPQ-ASPY85,43,0.7591095776726183,2031
004/083-mft-AL-DHAPPQ-ASPY85,44,0.7387962533428581,2031
004/083-mft-AL-DHAPPQ-ASPY85,45,0.7132389092490183,2031
004/083-mft-AL-DHAPPQ-ASPY85,46,0.7252155418182623,2031
004/083-mft-AL-DHAPPQ-ASPY85,47,0.7491079788711962,2031
004/083-mft-AL-DHAPPQ-ASPY85,48,0.745444143663024,2031
004/083-mft-AL-DHAPPQ-ASPY85,49,0.7348809511888601,2031
004/083-mft-AL-DHAPPQ-ASPY85,50,0.7037847425364719,2031
004/083-mft-AL-DHAPPQ-ASPY85,51,0.7426869354484159,2031
004/083-mft-AL-DHAPPQ-ASPY85,52,0.7466274127275488,2031
004/083-mft-AL-DHAPPQ-ASPY85,53,0.7472499184508076,2031
004/083-mft-AL-DHAPPQ-ASPY85,54,0.7411346039975345,2031
004/083-mft-AL-DHAPPQ-ASPY85,55,0.7646221193117805,2031
004/083-mft-AL-DHAPPQ-ASPY85,56,0.7352802958304364,2031
004/083-mft-AL-DHAPPQ-ASPY85,57,0.7512141575243539,2031
004/083-mft-AL-DHAPPQ-ASPY85,58,0.7249068996967009,2031
004/083-mft-AL-DHAPPQ-ASPY85,59,0.7343299838625018,2031
004/083-mft-AL-DHAPPQ-ASPY85,60,0.728897475990035,2031
004/083-mft-AL-DHAPPQ-ASPY85,61,0.7262352676082519,2031
004/083-mft-AL-DHAPPQ-ASPY85,62,0.7676350786810847,2031
004/083-mft-AL-DHAPPQ-ASPY85,63,0.7580974974390058,2031
004/083-mft-AL-DHAPPQ-ASPY85,64,0.7379667713568017,2031
004/083-mft-AL-DHAPPQ-ASPY85,65,0.7125159057855818,2031
004/083-mft-AL-DHAPPQ-ASPY85,66,0.7380857384672548,2031
004/083-mft-AL-DHAPPQ-ASPY85,67,0.7481301008579977,2031
004/083-mft-AL-DHAPPQ-ASPY85,68,0.7120889792253173,2031
004/083-mft-AL-DHAPPQ-ASPY85,69,0.7293837781666169,2031
004/083-mft-AL-DHAPPQ-ASPY85,70,0.7403067138017603,2031
004/083-mft-AL-DHAPPQ-ASPY85,71,0.7404289234823006,2031
004/083-mft-AL-DHAPPQ-ASPY85,72,0.776663851138577,2031
004/083-mft-AL-DHAPPQ-ASPY85,73,0.7110300842325107,2031
004/083-mft-AL-DHAPPQ-ASPY85,74,0.7740897822998111,2031
004/083-mft-AL-DHAPPQ-ASPY85,75,0.7130769132142097,2031
004/083-mft-AL-DHAPPQ-ASPY85,76,0.7088126746700154,2031
004/083-mft-AL-DHAPPQ-ASPY85,77,0.7278246338006668,2031
004/083-mft-AL-DHAPPQ-ASPY85,78,0.713494587462574,2031
004/083-mft-AL-DHAPPQ-ASPY85,79,0.7408846917180986,2031
004/083-mft-AL-DHAPPQ-ASPY85,80,0.7444133478377025,2031
004/083-mft-AL-DHAPPQ-ASPY85,81,0.7237897731063151,2031
004/083-mft-AL-DHAPPQ-ASPY85,82,0.7434731724010227,2031
004/083-mft-AL-DHAPPQ-ASPY85,83,0.7091132282550516,2031
004/083-mft-AL-DHAPPQ-ASPY85,84,0.7207100578830047,2031
004/083-mft-AL-DHAPPQ-ASPY85,85,0.7134008328542519,2031
004/083-mft-AL-DHAPPQ-ASPY85,86,0.7400819522119849,2031
004/083-mft-AL-DHAPPQ-ASPY85,87,0.7335855034358909,2031
004/083-mft-AL-DHAPPQ-ASPY85,88,0.7214356943690067,2031
004/083-mft-AL-DHAPPQ-ASPY85,89,0.7692184292025654,2031
004/083-mft-AL-DHAPPQ-ASPY85,90,0.7267875767524848,2031
004/083-mft-AL-DHAPPQ-ASPY85,91,0.7127725388945363,2031
004/083-mft-AL-DHAPPQ-ASPY85,92,0.7409408032997936,2031
004/083-mft-AL-DHAPPQ-ASPY85,93,0.7281669074643609,2031
004/083-mft-AL-DHAPPQ-ASPY85,94,0.7536742139984561,2031
004/083-mft-AL-DHAPPQ-ASPY85,95,0.7242002972445719,2031
004/083-mft-AL-DHAPPQ-ASPY85,96,0.7464254194363824,2031
004/083-mft-AL-DHAPPQ-ASPY85,97,0.7298157362581219,2031
004/083-mft-AL-DHAPPQ-ASPY85,98,0.7272905550378129,2031
004/083-mft-AL-DHAPPQ-ASPY85,99,0.7521341554877613,2031
004/084-mft-AL-DHAPPQ-ASPY75,0,0.7383790688267123,2031
004/084-mft-AL-DHAPPQ-ASPY75,1,0.7219949125842252,2031
004/084-mft-AL-DHAPPQ-ASPY75,2,0.7285827695757127,2031
004/084-mft-AL-DHAPPQ-ASPY75,3,0.7388804554379979,2031
004/084-mft-AL-DHAPPQ-ASPY75,4,0.7247890728622256,2031
004/084-mft-AL-DHAPPQ-ASPY75,5,0.7246344834263843,2031
004/084-mft-AL-DHAPPQ-ASPY75,6,0.7217139190771197,2031
004/084-mft-AL-DHAPPQ-ASPY75,7,0.7348881283511163,2031
004/084-mft-AL-DHAPPQ-ASPY75,8,0.7523424046187973,2031
004/084-mft-AL-DHAPPQ-ASPY75,9,0.7566779734280299,2031
004/084-mft-AL-DHAPPQ-ASPY75,10,0.7429627150138164,2031
004/084-mft-AL-DHAPPQ-ASPY75,11,0.7136283946185445,2031
004/084-mft-AL-DHAPPQ-ASPY75,12,0.7231003695543116,2031
004/084-mft-AL-DHAPPQ-ASPY75,13,0.723820495875109,2031
004/084-mft-AL-DHAPPQ-ASPY75,14,0.7150173099199876,2031
004/084-mft-AL-DHAPPQ-ASPY75,15,0.7289886278967672,2031
004/084-mft-AL-DHAPPQ-ASPY75,16,0.7362024228304217,2031
004/084-mft-AL-DHAPPQ-ASPY75,17,0.7554332959300042,2031
004/084-mft-AL-DHAPPQ-ASPY75,18,0.7474372839347175,2031
004/084-mft-AL-DHAPPQ-ASPY75,19,0.7314114323724851,2031
004/084-mft-AL-DHAPPQ-ASPY75,20,0.6877892759773553,2031
004/084-mft-AL-DHAPPQ-ASPY75,21,0.7260120012617718,2031
004/084-mft-AL-DHAPPQ-ASPY75,22,0.7390238503419506,2031
004/084-mft-AL-DHAPPQ-ASPY75,23,0.702316367732101,2031
004/084-mft-AL-DHAPPQ-ASPY75,24,0.7298962464885713,2031
004/084-mft-AL-DHAPPQ-ASPY75,25,0.7477471521396969,2031
004/084-mft-AL-DHAPPQ-ASPY75,26,0.7135535427514427,2031
004/084-mft-AL-DHAPPQ-ASPY75,27,0.7270959887882907,2031
004/084-mft-AL-DHAPPQ-ASPY75,28,0.7301027603996797,2031
004/084-mft-AL-DHAPPQ-ASPY75,29,0.7398366918692677,2031
004/084-mft-AL-DHAPPQ-ASPY75,30,0.7463520947643976,2031
004/084-mft-AL-DHAPPQ-ASPY75,31,0.7257000818262976,2031
004/084-mft-AL-DHAPPQ-ASPY75,32,0.727418865775658,2031
004/084-mft-AL-DHAPPQ-ASPY75,33,0.7263815096323829,2031
004/084-mft-AL-DHAPPQ-ASPY75,34,0.7298916196190784,2031
004/084-mft-AL-DHAPPQ-ASPY75,35,0.7462189018224376,2031
004/084-mft-AL-DHAPPQ-ASPY75,36,0.7229520268667811,2031
004/084-mft-AL-DHAPPQ-ASPY75,37,0.7119003661764239,2031
004/084-mft-AL-DHAPPQ-ASPY75,38,0.7385036135463322,2031
004/084-mft-AL-DHAPPQ-ASPY75,39,0.7320959781821254,2031
004/084-mft-AL-DHAPPQ-ASPY75,40,0.7381173841985994,2031
004/084-mft-AL-DHAPPQ-ASPY75,41,0.7411572500269941,2031
004/084-mft-AL-DHAPPQ-ASPY75,42,0.746765805078689,2031
004/084-mft-AL-DHAPPQ-ASPY75,43,0.7090099251364185,2031
004/084-mft-AL-DHAPPQ-ASPY75,44,0.733674526467618,2031
004/084-mft-AL-DHAPPQ-ASPY75,45,0.7259288673038723,2031
004/084-mft-AL-DHAPPQ-ASPY75,46,0.7322420966825888,2031
004/084-mft-AL-DHAPPQ-ASPY75,47,0.6831615493690318,2031
004/084-mft-AL-DHAPPQ-ASPY75,48,0.7047800607329652,2031
004/084-mft-AL-DHAPPQ-ASPY75,49,0.7003213099153044,2031
004/084-mft-AL-DHAPPQ-ASPY75,50,0.7165645558864027,2031
004/084-mft-AL-DHAPPQ-ASPY75,51,0.7589942344049766,2031
004/084-mft-AL-DHAPPQ-ASPY75,52,0.7040634228343224,2031
004/084-mft-AL-DHAPPQ-ASPY75,53,0.7283725182057287,2031
004/084-mft-AL-DHAPPQ-ASPY75,54,0.7021684524531643,2031
004/084-mft-AL-DHAPPQ-ASPY75,55,0.7669050570139012,2031
004/084-mft-AL-DHAPPQ-ASPY75,56,0.7443811801139372,2031
004/084-mft-AL-DHAPPQ-ASPY75,57,0.738999979682994,2031
004/084-mft-AL-DHAPPQ-ASPY75,58,0.7527061887169354,2031
004/084-mft-AL-DHAPPQ-ASPY75,59,0.7406997235252302,2031
004/084-mft-AL-DHAPPQ-ASPY75,60,0.741171796233813,2031
004/084-mft-AL-DHAPPQ-ASPY75,61,0.7582886144725968,2031
004/084-mft-AL-DHAPPQ-ASPY75,62,0.7626608776098692,2031
004/084-mft-AL-DHAPPQ-ASPY75,63,0.7121780484976236,2031
004/084-mft-AL-DHAPPQ-ASPY75,64,0.7338742995014546,2031
004/084-mft-AL-DHAPPQ-ASPY75,65,0.7122123808126085,2031
004/084-mft-AL-DHAPPQ-ASPY75,66,0.7001372080213751,2031
004/084-mft-AL-DHAPPQ-ASPY75,67,0.7152753994502841,2031
004/084-mft-AL-DHAPPQ-ASPY75,68,0.7211079875545433,2031
004/084-mft-AL-DHAPPQ-ASPY75,69,0.7010780403244028,2031
004/084-mft-AL-DHAPPQ-ASPY75,70,0.7336173224017012,2031
004/084-mft-AL-DHAPPQ-ASPY75,71,0.7249824826312258,2031
004/084-mft-AL-DHAPPQ-ASPY75,72,0.7177951678932174,2031
004/084-mft-AL-DHAPPQ-ASPY75,73,0.7463449255593599,2031
004/084-mft-AL-DHAPPQ-ASPY75,74,0.7410553353852164,2031
004/084-mft-AL-DHAPPQ-ASPY75,75,0.736464071508152,2031
004/084-mft-AL-DHAPPQ-ASPY75,76,0.7278041153035537,2031
004/084-mft-AL-DHAPPQ-ASPY75,77,0.7079881192457737,2031
004/084-mft-AL-DHAPPQ-ASPY75,78,0.7380027163546603,2031
004/084-mft-AL-DHAPPQ-ASPY75,79,0.6874117582544952,2031
004/084-mft-AL-DHAPPQ-ASPY75,80,0.7237489036147619,2031
004/084-mft-AL-DHAPPQ-ASPY75,81,0.7284909145270541,2031
004/084-mft-AL-DHAPPQ-ASPY75,82,0.7556233757435028,2031
004/084-mft-AL-DHAPPQ-ASPY75,83,0.7533557086432562,2031
004/084-mft-AL-DHAPPQ-ASPY75,84,0.7345469434970321,2031
004/084-mft-AL-DHAPPQ-ASPY75,85,0.694438959644449,2031
004/084-mft-AL-DHAPPQ-ASPY75,86,0.71169034564884,2031
004/084-mft-AL-DHAPPQ-ASPY75,87,0.7216661911415225,2031
004/084-mft-AL-DHAPPQ-ASPY75,88,0.7358768755013565,2031
004/084-mft-AL-DHAPPQ-ASPY75,89,0.7393790540360191,2031
004/084-mft-AL-DHAPPQ-ASPY75,90,0.7078465586881001,2031
004/084-mft-AL-DHAPPQ-ASPY75,91,0.7138603288323623,2031
004/084-mft-AL-DHAPPQ-ASPY75,92,0.7511160362182036,2031
004/084-mft-AL-DHAPPQ-ASPY75,93,0.7139650673675143,2031
004/084-mft-AL-DHAPPQ-ASPY75,94,0.7415235442366283,2031
004/084-mft-AL-DHAPPQ-ASPY75,95,0.7520872081985296,2031
004/084-mft-AL-DHAPPQ-ASPY75,96,0.7772658398128018,2031
004/084-mft-AL-DHAPPQ-ASPY75,97,0.7454026598855713,2031
004/084-mft-AL-DHAPPQ-ASPY75,98,0.7304351199513461,2031
004/084-mft-AL-DHAPPQ-ASPY75,99,0.7309485641347812,2031
004/085-mft-AL-DHAPPQ-ASPY65,0,0.721616291102451,2031
004/085-mft-AL-DHAPPQ-ASPY65,1,0.7598649931150357,2031
004/085-mft-AL-DHAPPQ-ASPY65,2,0.7478920527336167,2031
004/085-mft-AL-DHAPPQ-ASPY65,3,0.766036779728677,2031
004/085-mft-AL-DHAPPQ-ASPY65,4,0.746628337589117,2031
004/085-mft-AL-DHAPPQ-ASPY65,5,0.7506769679585839,2031
004/085-mft-AL-DHAPPQ-ASPY65,6,0.7559715479071345,2031
004/085-mft-AL-DHAPPQ-ASPY65,7,0.7350789196283319,2031
004/085-mft-AL-DHAPPQ-ASPY65,8,0.747045571355687,2031
004/085-mft-AL-DHAPPQ-ASPY65,9,0.7346647027496148,2031
004/085-mft-AL-DHAPPQ-ASPY65,10,0.7150375027531092,2031
004/085-mft-AL-DHAPPQ-ASPY65,11,0.7275390298766853,2031
004/085-mft-AL-DHAPPQ-ASPY65,12,0.7293224665536396,2031
004/085-mft-AL-DHAPPQ-ASPY65,13,0.748737696571497,2031
004/085-mft-AL-DHAPPQ-ASPY65,14,0.7318875351687333,2031
004/085-mft-AL-DHAPPQ-ASPY65,15,0.7346022065834791,2031
004/085-mft-AL-DHAPPQ-ASPY65,16,0.753420045094932,2031
004/085-mft-AL-DHAPPQ-ASPY65,17,0.7398423021229875,2031
004/085-mft-AL-DHAPPQ-ASPY65,18,0.7164351331390563,2031
004/085-mft-AL-DHAPPQ-ASPY65,19,0.7523892670664992,2031
004/085-mft-AL-DHAPPQ-ASPY65,20,0.7216878525481673,2031
004/085-mft-AL-DHAPPQ-ASPY65,21,0.7317245518776315,2031
004/085-mft-AL-DHAPPQ-ASPY65,22,0.7739192422267763,2031
004/085-mft-AL-DHAPPQ-ASPY65,23,0.7262963413044122,2031
004/085-mft-AL-DHAPPQ-ASPY65,24,0.7306762320540994,2031
004/085-mft-AL-DHAPPQ-ASPY65,25,0.7517593534513042,2031
004/085-mft-AL-DHAPPQ-ASPY65,26,0.7506947461001463,2031
004/085-mft-AL-DHAPPQ-ASPY65,27,0.7492496361778326,2031
004/085-mft-AL-DHAPPQ-ASPY65,28,0.7047156586148384,2031
004/085-mft-AL-DHAPPQ-ASPY65,29,0.7469601151517997,2031
004/085-mft-AL-DHAPPQ-ASPY65,30,0.7547324351768568,2031
004/085-mft-AL-DHAPPQ-ASPY65,31,0.730200842725688,2031
004/085-mft-AL-DHAPPQ-ASPY65,32,0.7658935280239828,2031
004/085-mft-AL-DHAPPQ-ASPY65,33,0.7442019952911885,2031
004/085-mft-AL-DHAPPQ-ASPY65,34,0.7048040144556532,2031
004/085-mft-AL-DHAPPQ-ASPY65,35,0.7541770983356413,2031
004/085-mft-AL-DHAPPQ-ASPY65,36,0.7264939385526192,2031
004/085-mft-AL-DHAPPQ-ASPY65,37,0.7187925302118968,2031
004/085-mft-AL-DHAPPQ-ASPY65,38,0.7388588397240762,2031
004/085-mft-AL-DHAPPQ-ASPY65,39,0.7549852468574655,2031
004/085-mft-AL-DHAPPQ-ASPY65,40,0.7404279163822647,2031
004/085-mft-AL-DHAPPQ-ASPY65,41,0.7352196516539519,2031
004/085-mft-AL-DHAPPQ-ASPY65,42,0.7352030564715798,2031
004/085-mft-AL-DHAPPQ-ASPY65,43,0.7317884419903349,2031
004/085-mft-AL-DHAPPQ-ASPY65,44,0.7336130250050599,2031
004/085-mft-AL-DHAPPQ-ASPY65,45,0.7441155460683665,2031
004/085-mft-AL-DHAPPQ-ASPY65,46,0.7205414041017181,2031
004/085-mft-AL-DHAPPQ-ASPY65,47,0.7296567535690183,2031
004/085-mft-AL-DHAPPQ-ASPY65,48,0.7232893637348097,2031
004/085-mft-AL-DHAPPQ-ASPY65,49,0.7779303788626152,2031
004/085-mft-AL-DHAPPQ-ASPY65,50,0.7264920962626961,2031
004/085-mft-AL-DHAPPQ-ASPY65,51,0.704470453724948,2031
004/085-mft-AL-DHAPPQ-ASPY65,52,0.7181944180214246,2031
004/085-mft-AL-DHAPPQ-ASPY65,53,0.7484240442700155,2031
004/085-mft-AL-DHAPPQ-ASPY65,54,0.767075812895961,2031
004/085-mft-AL-DHAPPQ-ASPY65,55,0.7068185776050915,2031
004/085-mft-AL-DHAPPQ-ASPY65,56,0.724643871115542,2031
004/085-mft-AL-DHAPPQ-ASPY65,57,0.7393813007550126,2031
004/085-mft-AL-DHAPPQ-ASPY65,58,0.7493121455377422,2031
004/085-mft-AL-DHAPPQ-ASPY65,59,0.7309574850872055,2031
004/085-mft-AL-DHAPPQ-ASPY65,60,0.7354552637955093,2031
004/085-mft-AL-DHAPPQ-ASPY65,61,0.7377419107268426,2031
004/085-mft-AL-DHAPPQ-ASPY65,62,0.7399381112958738,2031
004/085-mft-AL-DHAPPQ-ASPY65,63,0.7483824192293609,2031
004/085-mft-AL-DHAPPQ-ASPY65,64,0.7335037089985854,2031
004/085-mft-AL-DHAPPQ-ASPY65,65,0.7512117399612039,2031
004/085-mft-AL-DHAPPQ-ASPY65,66,0.7722405532876397,2031
004/085-mft-AL-DHAPPQ-ASPY65,67,0.736282758408371,2031
004/085-mft-AL-DHAPPQ-ASPY65,68,0.728050130880316,2031
004/085-mft-AL-DHAPPQ-ASPY65,69,0.7416275859850794,2031
004/085-mft-AL-DHAPPQ-ASPY65,70,0.7292864830098157,2031
004/085-mft-AL-DHAPPQ-ASPY65,71,0.7218011348818779,2031
004/085-mft-AL-DHAPPQ-ASPY65,72,0.757041829815963,2031
004/085-mft-AL-DHAPPQ-ASPY65,73,0.7282004477325814,2031
004/085-mft-AL-DHAPPQ-ASPY65,74,0.7458047769749646,2031
004/085-mft-AL-DHAPPQ-ASPY65,75,0.7449572484939665,2031
004/085-mft-AL-DHAPPQ-ASPY65,76,0.7273381377736631,2031
004/085-mft-AL-DHAPPQ-ASPY65,77,0.7148221569588157,2031
004/085-mft-AL-DHAPPQ-ASPY65,78,0.7100073917193508,2031
004/085-mft-AL-DHAPPQ-ASPY65,79,0.751753621778256,2031
004/085-mft-AL-DHAPPQ-ASPY65,80,0.715318130848773,2031
004/085-mft-AL-DHAPPQ-ASPY65,81,0.7304241538192273,2031
004/085-mft-AL-DHAPPQ-ASPY65,82,0.7204179136837864,2031
004/085-mft-AL-DHAPPQ-ASPY65,83,0.7516829841824845,2031
004/085-mft-AL-DHAPPQ-ASPY65,84,0.7456677217143155,2031
004/085-mft-AL-DHAPPQ-ASPY65,85,0.7288142276707656,2031
004/085-mft-AL-DHAPPQ-ASPY65,86,0.7302598017258145,2031
004/085-mft-AL-DHAPPQ-ASPY65,87,0.7489496544084294,2031
004/085-mft-AL-DHAPPQ-ASPY65,88,0.7462885372891623,2031
004/085-mft-AL-DHAPPQ-ASPY65,89,0.7518997811235519,2031
004/085-mft-AL-DHAPPQ-ASPY65,90,0.7098436572088506,2031
004/085-mft-AL-DHAPPQ-ASPY65,91,0.7495670625829197,2031
004/085-mft-AL-DHAPPQ-ASPY65,92,0.7066400766632204,2031
004/085-mft-AL-DHAPPQ-ASPY65,93,0.7485399473102934,2031
004/085-mft-AL-DHAPPQ-ASPY65,94,0.7318610575260509,2031
004/085-mft-AL-DHAPPQ-ASPY65,95,0.7618677317304611,2031
004/085-mft-AL-DHAPPQ-ASPY65,96,0.7364894338134326,2031
004/085-mft-AL-DHAPPQ-ASPY65,97,0.7292303985257355,2031
004/085-mft-AL-DHAPPQ-ASPY65,98,0.712129535251092,2031
004/085-mft-AL-DHAPPQ-ASPY65,99,0.7430753561573789,2031
004/086-mft-ASAQ-DHAPPQ-ASPY85,0,0.6714691663119,2031
004/086-mft-ASAQ-DHAPPQ-ASPY85,1,0.6716682151966111,2031
004/086-mft-ASAQ-DHAPPQ-ASPY85,2,0.6743964478420909,2031
004/086-mft-ASAQ-DHAPPQ-ASPY85,3,0.6558001535703891,2031
004/086-mft-ASAQ-DHAPPQ-ASPY85,4,0.6654365753599264,2031
004/086-mft-ASAQ-DHAPPQ-ASPY85,5,0.6683078194376235,2031
004/086-mft-ASAQ-DHAPPQ-ASPY85,6,0.6550438388038103,2031
004/086-mft-ASAQ-DHAPPQ-ASPY85,7,0.6807121280102325,2031
004/086-mft-ASAQ-DHAPPQ-ASPY85,8,0.6828685322876004,2031
004/086-mft-ASAQ-DHAPPQ-ASPY85,9,0.7228213245344538,2031
004/086-mft-ASAQ-DHAPPQ-ASPY85,10,0.6823582308906392,2031
004/086-mft-ASAQ-DHAPPQ-ASPY85,11,0.6878896025785851,2031
004/086-mft-ASAQ-DHAPPQ-ASPY85,12,0.6895881828266429,2031
004/086-mft-ASAQ-DHAPPQ-ASPY85,13,0.659817064837887,2031
004/086-mft-ASAQ-DHAPPQ-ASPY85,14,0.6709162641988754,2031
004/086-mft-ASAQ-DHAPPQ-ASPY85,15,0.648718866868239,2031
004/086-mft-ASAQ-DHAPPQ-ASPY85,16,0.656988386601454,2031
004/086-mft-ASAQ-DHAPPQ-ASPY85,17,0.6859999585796377,2031
004/086-mft-ASAQ-DHAPPQ-ASPY85,18,0.6625218552889008,2031
004/086-mft-ASAQ-DHAPPQ-ASPY85,19,0.695403158202307,2031
004/086-mft-ASAQ-DHAPPQ-ASPY85,20,0.6923679513180131,2031
004/086-mft-ASAQ-DHAPPQ-ASPY85,21,0.6763272853235301,2031
004/086-mft-ASAQ-DHAPPQ-ASPY85,22,0.6911014130593661,2031
004/086-mft-ASAQ-DHAPPQ-ASPY85,23,0.7053505866915621,2031
004/086-mft-ASAQ-DHAPPQ-ASPY85,24,0.6789910089159275,2031
004/086-mft-ASAQ-DHAPPQ-ASPY85,25,0.6616219751571526,2031
004/086-mft-ASAQ-DHAPPQ-ASPY85,26,0.6962134628120764,2031
004/086-mft-ASAQ-DHAPPQ-ASPY85,27,0.6759152186020795,2031
004/086-mft-ASAQ-DHAPPQ-ASPY85,28,0.6488440060567164,2031
004/086-mft-ASAQ-DHAPPQ-ASPY85,29,0.6526952334558463,2031
004/086-mft-ASAQ-DHAPPQ-ASPY85,30,0.6764610195626733,2031
004/086-mft-ASAQ-DHAPPQ-ASPY85,31,0.6794418327817237,2031
004/086-mft-ASAQ-DHAPPQ-ASPY85,32,0.673424260476307,2031
004/086-mft-ASAQ-DHAPPQ-ASPY85,33,0.6824184421009295,2031
004/086-mft-ASAQ-DHAPPQ-ASPY85,34,0.7246060342861881,2031
004/086-mft-ASAQ-DHAPPQ-ASPY85,35,0.6832968924023387,2031
004/086-mft-ASAQ-DHAPPQ-ASPY85,36,0.6605040680732371,2031
004/086-mft-ASAQ-DHAPPQ-ASPY85,37,0.6671841228817138,2031
004/086-mft-ASAQ-DHAPPQ-ASPY85,38,0.6599897966991725,2031
004/086-mft-ASAQ-DHAPPQ-ASPY85,39,0.6617488497763354,2031
004/086-mft-ASAQ-DHAPPQ-ASPY85,40,0.6693440787247241,2031
004/086-mft-ASAQ-DHAPPQ-ASPY85,41,0.6917547722645803,2031
004/086-mft-ASAQ-DHAPPQ-ASPY85,42,0.7127322232629729,2031
004/086-mft-ASAQ-DHAPPQ-ASPY85,43,0.7247115293327022,2031
004/086-mft-ASAQ-DHAPPQ-ASPY85,44,0.6497460880838305,2031
004/086-mft-ASAQ-DHAPPQ-ASPY85,45,0.691926137019267,2031
004/086-mft-ASAQ-DHAPPQ-ASPY85,46,0.670969218402442,2031
004/086-mft-ASAQ-DHAPPQ-ASPY85,47,0.650562132862576,2031
004/086-mft-ASAQ-DHAPPQ-ASPY85,48,0.6415326399663123,2031
004/086-mft-ASAQ-DHAPPQ-ASPY85,49,0.7114881496463799,2031
004/086-mft-ASAQ-DHAPPQ-ASPY85,50,0.694187244377814,2031
004/086-mft-ASAQ-DHAPPQ-ASPY85,51,0.6614193197671075,2031
004/086-mft-ASAQ-DHAPPQ-ASPY85,52,0.6709971038188908,2031
004/086-mft-ASAQ-DHAPPQ-ASPY85,53,0.6720881953401899,2031
004/086-mft-ASAQ-DHAPPQ-ASPY85,54,0.671483487967151,2031
004/086-mft-ASAQ-DHAPPQ-ASPY85,55,0.6776556138338742,2031
004/086-mft-ASAQ-DHAPPQ-ASPY85,56,0.6710227017114524,2031
004/086-mft-ASAQ-DHAPPQ-ASPY85,57,0.649862355132356,2031
004/086-mft-ASAQ-DHAPPQ-ASPY85,58,0.7041986644367443,2031
004/086-mft-ASAQ-DHAPPQ-ASPY85,59,0.7077916313050987,2031
004/086-mft-ASAQ-DHAPPQ-ASPY85,60,0.6844432939668618,2031
004/086-mft-ASAQ-DHAPPQ-ASPY85,61,0.6637963362785162,2031
004/086-mft-ASAQ-DHAPPQ-ASPY85,62,0.6722078023435327,2031
004/086-mft-ASAQ-DHAPPQ-ASPY85,63,0.653242527363836,2031
004/086-mft-ASAQ-DHAPPQ-ASPY85,64,0.6665748063161719,2031
004/086-mft-ASAQ-DHAPPQ-ASPY85,65,0.6570026954835297,2031
004/086-mft-ASAQ-DHAPPQ-ASPY85,66,0.6465653706830518,2031
004/086-mft-ASAQ-DHAPPQ-ASPY85,67,0.6777291615022366,2031
004/086-mft-ASAQ-DHAPPQ-ASPY85,68,0.6819826626929063,2031
004/086-mft-ASAQ-DHAPPQ-ASPY85,69,0.6951200903193736,2031
004/086-mft-ASAQ-DHAPPQ-ASPY85,70,0.6931024521271706,2031
004/086-mft-ASAQ-DHAPPQ-ASPY85,71,0.7027962594119846,2031
004/086-mft-ASAQ-DHAPPQ-ASPY85,72,0.7030809029471979,2031
004/086-mft-ASAQ-DHAPPQ-ASPY85,73,0.706948272169256,2031
004/086-mft-ASAQ-DHAPPQ-ASPY85,74,0.6814665249544104,2031
004/086-mft-ASAQ-DHAPPQ-ASPY85,75,0.6769459575155691,2031
004/086-mft-ASAQ-DHAPPQ-ASPY85,76,0.7082235594058127,2031
004/086-mft-ASAQ-DHAPPQ-ASPY85,77,0.6856909425414278,2031
004/086-mft-ASAQ-DHAPPQ-ASPY85,78,0.683398678125302,2031
004/086-mft-ASAQ-DHAPPQ-ASPY85,79,0.70271192281322,2031
004/086-mft-ASAQ-DHAPPQ-ASPY85,80,0.7018290077245565,2031
004/086-mft-ASAQ-DHAPPQ-ASPY85,81,0.6512879704524307,2031
004/086-mft-ASAQ-DHAPPQ-ASPY85,82,0.6906206512480471,2031
004/086-mft-ASAQ-DHAPPQ-ASPY85,83,0.7072134946602526,2031
004/086-mft-ASAQ-DHAPPQ-ASPY85,84,0.6765494940066784,2031
004/086-mft-ASAQ-DHAPPQ-ASPY85,85,0.6635950792426343,2031
004/086-mft-ASAQ-DHAPPQ-ASPY85,86,0.6671368773628773,2031
004/086-mft-ASAQ-DHAPPQ-ASPY85,87,0.6764019213151876,2031
004/086-mft-ASAQ-DHAPPQ-ASPY85,88,0.6785322496353485,2031
004/086-mft-ASAQ-DHAPPQ-ASPY85,89,0.6731243068477095,2031
004/086-mft-ASAQ-DHAPPQ-ASPY85,90,0.67733808278568,2031
004/086-mft-ASAQ-DHAPPQ-ASPY85,91,0.6826032915861289,2031
004/086-mft-ASAQ-DHAPPQ-ASPY85,92,0.677551203128162,2031
004/086-mft-ASAQ-DHAPPQ-ASPY85,93,0.6701015605450845,2031
004/086-mft-ASAQ-DHAPPQ-ASPY85,94,0.6728136444759102,2031
004/086-mft-ASAQ-DHAPPQ-ASPY85,95,0.6904119078335736,2031
004/086-mft-ASAQ-DHAPPQ-ASPY85,96,0.6608424625643391,2031
004/086-mft-ASAQ-DHAPPQ-ASPY85,97,0.671510833345419,2031
004/086-mft-ASAQ-DHAPPQ-ASPY85,98,0.6455226377994608,2031
004/086-mft-ASAQ-DHAPPQ-ASPY85,99,0.6654262597908495,2031
004/087-mft-ASAQ-DHAPPQ-ASPY75,0,0.6680060098730118,2031
004/087-mft-ASAQ-DHAPPQ-ASPY75,1,0.6557661928952695,2031
004/087-mft-ASAQ-DHAPPQ-ASPY75,2,0.6618208907774935,2031
004/087-mft-ASAQ-DHAPPQ-ASPY75,3,0.687286588748349,2031
004/087-mft-ASAQ-DHAPPQ-ASPY75,4,0.6687293580953374,2031
004/087-mft-ASAQ-DHAPPQ-ASPY75,5,0.6690246649122388,2031
004/087-mft-ASAQ-DHAPPQ-ASPY75,6,0.6652916000891188,2031
004/087-mft-ASAQ-DHAPPQ-ASPY75,7,0.6534986608236171,2031
004/087-mft-ASAQ-DHAPPQ-ASPY75,8,0.682941510976915,2031
004/087-mft-ASAQ-DHAPPQ-ASPY75,9,0.6701232813724528,2031
004/087-mft-ASAQ-DHAPPQ-ASPY75,10,0.7069336507111874,2031
004/087-mft-ASAQ-DHAPPQ-ASPY75,11,0.6905968686448091,2031
004/087-mft-ASAQ-DHAPPQ-ASPY75,12,0.6650083060749309,2031
004/087-mft-ASAQ-DHAPPQ-ASPY75,13,0.6525653991626588,2031
004/087-mft-ASAQ-DHAPPQ-ASPY75,14,0.7376770783422714,2031
004/087-mft-ASAQ-DHAPPQ-ASPY75,15,0.6757410053828119,2031
004/087-mft-ASAQ-DHAPPQ-ASPY75,16,0.6650049964806847,2031
004/087-mft-ASAQ-DHAPPQ-ASPY75,17,0.6613543198005326,2031
004/087-mft-ASAQ-DHAPPQ-ASPY75,18,0.6678042998018457,2031
004/087-mft-ASAQ-DHAPPQ-ASPY75,19,0.7003192705297027,2031
004/087-mft-ASAQ-DHAPPQ-ASPY75,20,0.6734555511149177,2031
004/087-mft-ASAQ-DHAPPQ-ASPY75,21,0.6898043344737598,2031
004/087-mft-ASAQ-DHAPPQ-ASPY75,22,0.6688299228807016,2031
004/087-mft-ASAQ-DHAPPQ-ASPY75,23,0.6460345734893077,2031
004/087-mft-ASAQ-DHAPPQ-ASPY75,24,0.6865088695517095,2031
004/087-mft-ASAQ-DHAPPQ-ASPY75,25,0.6945711365392334,2031
004/087-mft-ASAQ-DHAPPQ-ASPY75,26,0.6586126684490375,2031
004/087-mft-ASAQ-DHAPPQ-ASPY75,27,0.6736044364686813,2031
004/087-mft-ASAQ-DHAPPQ-ASPY75,28,0.6853442793540592,2031
004/087-mft-ASAQ-DHAPPQ-ASPY75,29,0.7136976631445577,2031
004/087-mft-ASAQ-DHAPPQ-ASPY75,30,0.6924993160864599,2031
004/087-mft-ASAQ-DHAPPQ-ASPY75,31,0.6675582301097372,2031
004/087-mft-ASAQ-DHAPPQ-ASPY75,32,0.6858447008790584,2031
004/087-mft-ASAQ-DHAPPQ-ASPY75,33,0.6931383145896813,2031
004/087-mft-ASAQ-DHAPPQ-ASPY75,34,0.6823449970568168,2031
004/087-mft-ASAQ-DHAPPQ-ASPY75,35,0.6586035133974261,2031
004/087-mft-ASAQ-DHAPPQ-ASPY75,36,0.6611372420841981,2031
004/087-mft-ASAQ-DHAPPQ-ASPY75,37,0.6559555460546922,2031
004/087-mft-ASAQ-DHAPPQ-ASPY75,38,0.6644928546527877,2031
004/087-mft-ASAQ-DHAPPQ-ASPY75,39,0.6880503198856928,2031
004/087-mft-ASAQ-DHAPPQ-ASPY75,40,0.7123512932735142,2031
004/087-mft-ASAQ-DHAPPQ-ASPY75,41,0.7014309724191601,2031
004/087-mft-ASAQ-DHAPPQ-ASPY75,42,0.6915039814579078,2031
004/087-mft-ASAQ-DHAPPQ-ASPY75,43,0.6768794891133273,2031
004/087-mft-ASAQ-DHAPPQ-ASPY75,44,0.6877411831903721,2031
004/087-mft-ASAQ-DHAPPQ-ASPY75,45,0.6919742141860928,2031
004/087-mft-ASAQ-DHAPPQ-ASPY75,46,0.6790267048865961,2031
004/087-mft-ASAQ-DHAPPQ-ASPY75,47,0.6932630409711541,2031
004/087-mft-ASAQ-DHAPPQ-ASPY75,48,0.6369692473990273,2031
004/087-mft-ASAQ-DHAPPQ-ASPY75,49,0.677350076866519,2031
004/087-mft-ASAQ-DHAPPQ-ASPY75,50,0.7005278232222826,2031
004/087-mft-ASAQ-DHAPPQ-ASPY75,51,0.688621998323747,2031
004/087-mft-ASAQ-DHAPPQ-ASPY75,52,0.6904989404936962,2031
004/087-mft-ASAQ-DHAPPQ-ASPY75,53,0.6648490934612724,2031
004/087-mft-ASAQ-DHAPPQ-ASPY75,54,0.6588803647059813,2031
004/087-mft-ASAQ-DHAPPQ-ASPY75,55,0.6924922188575212,2031
004/087-mft-ASAQ-DHAPPQ-ASPY75,56,0.6895383992913665,2031
004/087-mft-ASAQ-DHAPPQ-ASPY75,57,0.6778159873807318,2031
004/087-mft-ASAQ-DHAPPQ-ASPY75,58,0.6318056543850274,2031
004/087-mft-ASAQ-DHAPPQ-ASPY75,59,0.6650124102075604,2031
004/087-mft-ASAQ-DHAPPQ-ASPY75,60,0.6757290821934075,2031
004/087-mft-ASAQ-DHAPPQ-ASPY75,61,0.6855774287768172,2031
004/087-mft-ASAQ-DHAPPQ-ASPY75,62,0.6595125786014393,2031
004/087-mft-ASAQ-DHAPPQ-ASPY75,63,0.6771154042302303,2031
004/087-mft-ASAQ-DHAPPQ-ASPY75,64,0.6810030179858692,2031
004/087-mft-ASAQ-DHAPPQ-ASPY75,65,0.6933913791865628,2031
004/087-mft-ASAQ-DHAPPQ-ASPY75,66,0.6888164814457096,2031
004/087-mft-ASAQ-DHAPPQ-ASPY75,67,0.6752427992376066,2031
004/087-mft-ASAQ-DHAPPQ-ASPY75,68,0.6862927858979583,2031
004/087-mft-ASAQ-DHAPPQ-ASPY75,69,0.6953019569059671,2031
004/087-mft-ASAQ-DHAPPQ-ASPY75,70,0.6647553664140095,2031
004/087-mft-ASAQ-DHAPPQ-ASPY75,71,0.6842408299941033,2031
004/087-mft-ASAQ-DHAPPQ-ASPY75,72,0.674760653548156,2031
004/087-mft-ASAQ-DHAPPQ-ASPY75,73,0.6936523791365153,2031
004/087-mft-ASAQ-DHAPPQ-ASPY75,74,0.6885790218336503,2031
004/087-mft-ASAQ-DHAPPQ-ASPY75,75,0.6899019517352677,2031
004/087-mft-ASAQ-DHAPPQ-ASPY75,76,0.6650258550930518,2031
004/087-mft-ASAQ-DHAPPQ-ASPY75,77,0.669273890537192,2031
004/087-mft-ASAQ-DHAPPQ-ASPY75,78,0.6718470661242021,2031
004/087-mft-ASAQ-DHAPPQ-ASPY75,79,0.6767576234123936,2031
004/087-mft-ASAQ-DHAPPQ-ASPY75,80,0.684136210248147,2031
004/087-mft-ASAQ-DHAPPQ-ASPY75,81,0.6666248395844033,2031
004/087-mft-ASAQ-DHAPPQ-ASPY75,82,0.6595762625664986,2031
004/087-mft-ASAQ-DHAPPQ-ASPY75,83,0.6617157498590709,2031
004/087-mft-ASAQ-DHAPPQ-ASPY75,84,0.672634193679342,2031
004/087-mft-ASAQ-DHAPPQ-ASPY75,85,0.6594437752276117,2031
004/087-mft-ASAQ-DHAPPQ-ASPY75,86,0.6772868474075491,2031
004/087-mft-ASAQ-DHAPPQ-ASPY75,87,0.6783249179677906,2031
004/087-mft-ASAQ-DHAPPQ-ASPY75,88,0.6823548592966132,2031
004/087-mft-ASAQ-DHAPPQ-ASPY75,89,0.6687857631458515,2031
004/087-mft-ASAQ-DHAPPQ-ASPY75,90,0.690664479050611,2031
004/087-mft-ASAQ-DHAPPQ-ASPY75,91,0.6585827009447549,2031
004/087-mft-ASAQ-DHAPPQ-ASPY75,92,0.6895952005642408,2031
004/087-mft-ASAQ-DHAPPQ-ASPY75,93,0.6704662186328747,2031
004/087-mft-ASAQ-DHAPPQ-ASPY75,94,0.69573412536567,2031
004/087-mft-ASAQ-DHAPPQ-ASPY75,95,0.6505125602852531,2031
004/087-mft-ASAQ-DHAPPQ-ASPY75,96,0.6790352896081281,2031
004/087-mft-ASAQ-DHAPPQ-ASPY75,97,0.662860733267247,2031
004/087-mft-ASAQ-DHAPPQ-ASPY75,98,0.6685836773699072,2031
004/087-mft-ASAQ-DHAPPQ-ASPY75,99,0.6822041393531761,2031
004/088-mft-ASAQ-DHAPPQ-ASPY65,0,0.6703803197068078,2031
004/088-mft-ASAQ-DHAPPQ-ASPY65,1,0.681224798740571,2031
004/088-mft-ASAQ-DHAPPQ-ASPY65,2,0.6578935792990303,2031
004/088-mft-ASAQ-DHAPPQ-ASPY65,3,0.706313508725536,2031
004/088-mft-ASAQ-DHAPPQ-ASPY65,4,0.714761223505433,2031
004/088-mft-ASAQ-DHAPPQ-ASPY65,5,0.6765041252690271,2031
004/088-mft-ASAQ-DHAPPQ-ASPY65,6,0.674433506008782,2031
004/088-mft-ASAQ-DHAPPQ-ASPY65,7,0.6734907507921278,2031
004/088-mft-ASAQ-DHAPPQ-ASPY65,8,0.6473249776971032,2031
004/088-mft-ASAQ-DHAPPQ-ASPY65,9,0.673104500524031,2031
004/088-mft-ASAQ-DHAPPQ-ASPY65,10,0.6840269387580965,2031
004/088-mft-ASAQ-DHAPPQ-ASPY65,11,0.6500612122839872,2031
004/088-mft-ASAQ-DHAPPQ-ASPY65,12,0.6512271452840914,2031
004/088-mft-ASAQ-DHAPPQ-ASPY65,13,0.6342602623103124,2031
004/088-mft-ASAQ-DHAPPQ-ASPY65,14,0.6932173040272168,2031
004/088-mft-ASAQ-DHAPPQ-ASPY65,15,0.6767577327135275,2031
004/088-mft-ASAQ-DHAPPQ-ASPY65,16,0.6609372506686702,2031
004/088-mft-ASAQ-DHAPPQ-ASPY65,17,0.6942428701359352,2031
004/088-mft-ASAQ-DHAPPQ-ASPY65,18,0.6954106216441566,2031
004/088-mft-ASAQ-DHAPPQ-ASPY65,19,0.6954091659638156,2031
004/088-mft-ASAQ-DHAPPQ-ASPY65,20,0.6951866093928404,2031
004/088-mft-ASAQ-DHAPPQ-ASPY65,21,0.6786790304271239,2031
004/088-mft-ASAQ-DHAPPQ-ASPY65,22,0.7148212991537698,2031
004/088-mft-ASAQ-DHAPPQ-ASPY65,23,0.6786906771638122,2031
004/088-mft-ASAQ-DHAPPQ-ASPY65,24,0.6952786380091709,2031
004/088-mft-ASAQ-DHAPPQ-ASPY65,25,0.6853221326102256,2031
004/088-mft-ASAQ-DHAPPQ-ASPY65,26,0.6570330467716361,2031
004/088-mft-ASAQ-DHAPPQ-ASPY65,27,0.6634312304437718,2031
004/088-mft-ASAQ-DHAPPQ-ASPY65,28,0.6631930942596628,2031
004/088-mft-ASAQ-DHAPPQ-ASPY65,29,0.6749528578134338,2031
004/088-mft-ASAQ-DHAPPQ-ASPY65,30,0.6986465201096105,2031
004/088-mft-ASAQ-DHAPPQ-ASPY65,31,0.6716721102387888,2031
004/088-mft-ASAQ-DHAPPQ-ASPY65,32,0.6748678050297584,2031
004/088-mft-ASAQ-DHAPPQ-ASPY65,33,0.6863160985920143,2031
004/088-mft-ASAQ-DHAPPQ-ASPY65,34,0.6509492039191195,2031
004/088-mft-ASAQ-DHAPPQ-ASPY65,35,0.6717770961555042,2031
004/088-mft-ASAQ-DHAPPQ-ASPY65,36,0.696692253287682,2031
004/088-mft-ASAQ-DHAPPQ-ASPY65,37,0.7046880867359415,2031
004/088-mft-ASAQ-DHAPPQ-ASPY65,38,0.7022869201502379,2031
004/088-mft-ASAQ-DHAPPQ-ASPY65,39,0.6496464402702378,2031
004/088-mft-ASAQ-DHAPPQ-ASPY65,40,0.6863781309618121,2031
004/088-mft-ASAQ-DHAPPQ-ASPY65,41,0.6454188035156764,2031
004/088-mft-ASAQ-DHAPPQ-ASPY65,42,0.6993684972792472,2031
004/088-mft-ASAQ-DHAPPQ-ASPY65,43,0.673810023265212,2031
004/088-mft-ASAQ-DHAPPQ-ASPY65,44,0.7143477442455196,2031
004/088-mft-ASAQ-DHAPPQ-ASPY65,45,0.72287044476505,2031
004/088-mft-ASAQ-DHAPPQ-ASPY65,46,0.7148596049006121,2031
004/088-mft-ASAQ-DHAPPQ-ASPY65,47,0.658975214535497,2031
004/088-mft-ASAQ-DHAPPQ-ASPY65,48,0.6772509078298087,2031
004/088-mft-ASAQ-DHAPPQ-ASPY65,49,0.6834226703607621,2031
004/088-mft-ASAQ-DHAPPQ-ASPY65,50,0.6984206204656326,2031
004/088-mft-ASAQ-DHAPPQ-ASPY65,51,0.6630396541522225,2031
004/088-mft-ASAQ-DHAPPQ-ASPY65,52,0.6803726827240147,2031
004/088-mft-ASAQ-DHAPPQ-ASPY65,53,0.7046528101798444,2031
004/088-mft-ASAQ-DHAPPQ-ASPY65,54,0.6869602847766624,2031
004/088-mft-ASAQ-DHAPPQ-ASPY65,55,0.6840705228165281,2031
004/088-mft-ASAQ-DHAPPQ-ASPY65,56,0.6782135738996913,2031
004/088-mft-ASAQ-DHAPPQ-ASPY65,57,0.6570209246139991,2031
004/088-mft-ASAQ-DHAPPQ-ASPY65,58,0.7033218056383895,2031
004/088-mft-ASAQ-DHAPPQ-ASPY65,59,0.6777004548774186,2031
004/088-mft-ASAQ-DHAPPQ-ASPY65,60,0.6630799203937392,2031
004/088-mft-ASAQ-DHAPPQ-ASPY65,61,0.6650522667999792,2031
004/088-mft-ASAQ-DHAPPQ-ASPY65,62,0.6772952286126466,2031
004/088-mft-ASAQ-DHAPPQ-ASPY65,63,0.6834812115070376,2031
004/088-mft-ASAQ-DHAPPQ-ASPY65,64,0.70062825948643,2031
004/088-mft-ASAQ-DHAPPQ-ASPY65,65,0.6668099848909897,2031
004/088-mft-ASAQ-DHAPPQ-ASPY65,66,0.6535627828365476,2031
004/088-mft-ASAQ-DHAPPQ-ASPY65,67,0.6366950417385233,2031
004/088-mft-ASAQ-DHAPPQ-ASPY65,68,0.6730603028937101,2031
004/088-mft-ASAQ-DHAPPQ-ASPY65,69,0.6721022111222665,2031
004/088-mft-ASAQ-DHAPPQ-ASPY65,70,0.6713583145417287,2031
004/088-mft-ASAQ-DHAPPQ-ASPY65,71,0.6916125771459453,2031
004/088-mft-ASAQ-DHAPPQ-ASPY65,72,0.6737448133302467,2031
004/088-mft-ASAQ-DHAPPQ-ASPY65,73,0.7173627780568355,2031
004/088-mft-ASAQ-DHAPPQ-ASPY65,74,0.6806937031961825,2031
004/088-mft-ASAQ-DHAPPQ-ASPY65,75,0.6561942239727673,2031
004/088-mft-ASAQ-DHAPPQ-ASPY65,76,0.660123559994188,2031
004/088-mft-ASAQ-DHAPPQ-ASPY65,77,0.6552543321398648,2031
004/088-mft-ASAQ-DHAPPQ-ASPY65,78,0.676356513679156,2031
004/088-mft-ASAQ-DHAPPQ-ASPY65,79,0.684381923442948,2031
004/088-mft-ASAQ-DHAPPQ-ASPY65,80,0.6795514888053654,2031
004/088-mft-ASAQ-DHAPPQ-ASPY65,81,0.6904016133289851,2031
004/088-mft-ASAQ-DHAPPQ-ASPY65,82,0.6906174995757736,2031
004/088-mft-ASAQ-DHAPPQ-ASPY65,83,0.6677745895505107,2031
004/088-mft-ASAQ-DHAPPQ-ASPY65,84,0.6948962478791102,2031
004/088-mft-ASAQ-DHAPPQ-ASPY65,85,0.662289508603347,2031
004/088-mft-ASAQ-DHAPPQ-ASPY65,86,0.7083594765254926,2031
004/088-mft-ASAQ-DHAPPQ-ASPY65,87,0.6549674254944139,2031
004/088-mft-ASAQ-DHAPPQ-ASPY65,88,0.7097394196005284,2031
004/088-mft-ASAQ-DHAPPQ-ASPY65,89,0.6549536522126936,2031
004/088-mft-ASAQ-DHAPPQ-ASPY65,90,0.6881492724697571,2031
004/088-mft-ASAQ-DHAPPQ-ASPY65,91,0.660702137450382,2031
004/088-mft-ASAQ-DHAPPQ-ASPY65,92,0.6721610117293029,2031
004/088-mft-ASAQ-DHAPPQ-ASPY65,93,0.6815377839364384,2031
004/088-mft-ASAQ-DHAPPQ-ASPY65,94,0.6723749248905918,2031
004/088-mft-ASAQ-DHAPPQ-ASPY65,95,0.6980135098434718,2031
004/088-mft-ASAQ-DHAPPQ-ASPY65,96,0.6894234139353105,2031
004/088-mft-ASAQ-DHAPPQ-ASPY65,97,0.6777815016340566,2031
004/088-mft-ASAQ-DHAPPQ-ASPY65,98,0.6817605558149223,2031
004/088-mft-ASAQ-DHAPPQ-ASPY65,99,0.702298563488697,2031
004/089-mft-AL-ASAQ-DHAPPQ-ASPY85,0,0.7346406354815603,2031
004/089-mft-AL-ASAQ-DHAPPQ-ASPY85,1,0.7273316957631842,2031
004/089-mft-AL-ASAQ-DHAPPQ-ASPY85,2,0.7208094054938511,2031
004/089-mft-AL-ASAQ-DHAPPQ-ASPY85,3,0.7454087441291511,2031
004/089-mft-AL-ASAQ-DHAPPQ-ASPY85,4,0.7215056705738171,2031
004/089-mft-AL-ASAQ-DHAPPQ-ASPY85,5,0.6934186957732996,2031
004/089-mft-AL-ASAQ-DHAPPQ-ASPY85,6,0.7032536060705622,2031
004/089-mft-AL-ASAQ-DHAPPQ-ASPY85,7,0.7281734346405294,2031
004/089-mft-AL-ASAQ-DHAPPQ-ASPY85,8,0.6908174623090456,2031
004/089-mft-AL-ASAQ-DHAPPQ-ASPY85,9,0.7048425077706937,2031
004/089-mft-AL-ASAQ-DHAPPQ-ASPY85,10,0.7345340948432953,2031
004/089-mft-AL-ASAQ-DHAPPQ-ASPY85,11,0.7092541889695764,2031
004/089-mft-AL-ASAQ-DHAPPQ-ASPY85,12,0.7272287888780928,2031
004/089-mft-AL-ASAQ-DHAPPQ-ASPY85,13,0.6957809447493215,2031
004/089-mft-AL-ASAQ-DHAPPQ-ASPY85,14,0.7268070470415565,2031
004/089-mft-AL-ASAQ-DHAPPQ-ASPY85,15,0.7129330994449924,2031
004/089-mft-AL-ASAQ-DHAPPQ-ASPY85,16,0.7135661689718581,2031
004/089-mft-AL-ASAQ-DHAPPQ-ASPY85,17,0.6799528932040387,2031
004/089-mft-AL-ASAQ-DHAPPQ-ASPY85,18,0.6728221684555867,2031
004/089-mft-AL-ASAQ-DHAPPQ-ASPY85,19,0.7122046929802842,2031
004/089-mft-AL-ASAQ-DHAPPQ-ASPY85,20,0.7430695437029405,2031
004/089-mft-AL-ASAQ-DHAPPQ-ASPY85,21,0.7065058940683097,2031
004/089-mft-AL-ASAQ-DHAPPQ-ASPY85,22,0.716408588684419,2031
004/089-mft-AL-ASAQ-DHAPPQ-ASPY85,23,0.7276057772533066,2031
004/089-mft-AL-ASAQ-DHAPPQ-ASPY85,24,0.7056293689727036,2031
004/089-mft-AL-ASAQ-DHAPPQ-ASPY85,25,0.7262353305750563,2031
004/089-mft-AL-ASAQ-DHAPPQ-ASPY85,26,0.6947374992722826,2031
004/089-mft-AL-ASAQ-DHAPPQ-ASPY85,27,0.6843242087225262,2031
004/089-mft-AL-ASAQ-DHAPPQ-ASPY85,28,0.7026848952640271,2031
004/089-mft-AL-ASAQ-DHAPPQ-ASPY85,29,0.7024476700465191,2031
004/089-mft-AL-ASAQ-DHAPPQ-ASPY85,30,0.7274046776937558,2031
004/089-mft-AL-ASAQ-DHAPPQ-ASPY85,31,0.7025138845836291,2031
004/089-mft-AL-ASAQ-DHAPPQ-ASPY85,32,0.7007222989806635,2031
004/089-mft-AL-ASAQ-DHAPPQ-ASPY85,33,0.6949135628632425,2031
004/089-mft-AL-ASAQ-DHAPPQ-ASPY85,34,0.7124927720097288,2031
004/089-mft-AL-ASAQ-DHAPPQ-ASPY85,35,0.7034602826483297,2031
004/089-mft-AL-ASAQ-DHAPPQ-ASPY85,36,0.7050116140322493,2031
004/089-mft-AL-ASAQ-DHAPPQ-ASPY85,37,0.7091459879031317,2031
004/089-mft-AL-ASAQ-DHAPPQ-ASPY85,38,0.7331747217684078,2031
004/089-mft-AL-ASAQ-DHAPPQ-ASPY85,39,0.7074593611530609,2031
004/089-mft-AL-ASAQ-DHAPPQ-ASPY85,40,0.6992367092264039,2031
004/089-mft-AL-ASAQ-DHAPPQ-ASPY85,41,0.7004248199166702,2031
004/089-mft-AL-ASAQ-DHAPPQ-ASPY85,42,0.7314988954884173,2031
004/089-mft-AL-ASAQ-DHAPPQ-ASPY85,43,0.7181270662088785,2031
004/089-mft-AL-ASAQ-DHAPPQ-ASPY85,44,0.6849108844077961,2031
004/089-mft-AL-ASAQ-DHAPPQ-ASPY85,45,0.6681963294447227,2031
004/089-mft-AL-ASAQ-DHAPPQ-ASPY85,46,0.7014296090775284,2031
004/089-mft-AL-ASAQ-DHAPPQ-ASPY85,47,0.7344578016284012,2031
004/089-mft-AL-ASAQ-DHAPPQ-ASPY85,48,0.7313568112765472,2031
004/089-mft-AL-ASAQ-DHAPPQ-ASPY85,49,0.7063644082278618,2031
004/089-mft-AL-ASAQ-DHAPPQ-ASPY85,50,0.7109172114156374,2031
004/089-mft-AL-ASAQ-DHAPPQ-ASPY85,51,0.7062803611308451,2031
004/089-mft-AL-ASAQ-DHAPPQ-ASPY85,52,0.7247107115468796,2031
004/089-mft-AL-ASAQ-DHAPPQ-ASPY85,53,0.730695528723718,2031
004/089-mft-AL-ASAQ-DHAPPQ-ASPY85,54,0.7245112822955203,2031
004/089-mft-AL-ASAQ-DHAPPQ-ASPY85,55,0.7227649037750715,2031
004/089-mft-AL-ASAQ-DHAPPQ-ASPY85,56,0.694311286126667,2031
004/089-mft-AL-ASAQ-DHAPPQ-ASPY85,57,0.6952779766982747,2031
004/089-mft-AL-ASAQ-DHAPPQ-ASPY85,58,0.6956877383204252,2031
004/089-mft-AL-ASAQ-DHAPPQ-ASPY85,59,0.7129791520103964,2031
004/089-mft-AL-ASAQ-DHAPPQ-ASPY85,60,0.7446099337963514,2031
004/089-mft-AL-ASAQ-DHAPPQ-ASPY85,61,0.729988029731312,2031
004/089-mft-AL-ASAQ-DHAPPQ-ASPY85,62,0.7192139737964521,2031
004/089-mft-AL-ASAQ-DHAPPQ-ASPY85,63,0.7178859551258662,2031
004/089-mft-AL-ASAQ-DHAPPQ-ASPY85,64,0.7002876403144369,2031
004/089-mft-AL-ASAQ-DHAPPQ-ASPY85,65,0.6950722662737162,2031
004/089-mft-AL-ASAQ-DHAPPQ-ASPY85,66,0.7239753087011215,2031
004/089-mft-AL-ASAQ-DHAPPQ-ASPY85,67,0.7037788713572954,2031
004/089-mft-AL-ASAQ-DHAPPQ-ASPY85,68,0.7134023751860529,2031
004/089-mft-AL-ASAQ-DHAPPQ-ASPY85,69,0.7122165515381643,2031
004/089-mft-AL-ASAQ-DHAPPQ-ASPY85,70,0.7125177770560942,2031
004/089-mft-AL-ASAQ-DHAPPQ-ASPY85,71,0.7202056722658741,2031
004/089-mft-AL-ASAQ-DHAPPQ-ASPY85,72,0.7256081638785701,2031
004/089-mft-AL-ASAQ-DHAPPQ-ASPY85,73,0.6921810982843383,2031
004/089-mft-AL-ASAQ-DHAPPQ-ASPY85,74,0.7434461763482877,2031
004/089-mft-AL-ASAQ-DHAPPQ-ASPY85,75,0.700147238407833,2031
004/089-mft-AL-ASAQ-DHAPPQ-ASPY85,76,0.7217000053345449,2031
004/089-mft-AL-ASAQ-DHAPPQ-ASPY85,77,0.7198949210299409,2031
004/089-mft-AL-ASAQ-DHAPPQ-ASPY85,78,0.7197728496253518,2031
004/089-mft-AL-ASAQ-DHAPPQ-ASPY85,79,0.6925387708743781,2031
004/089-mft-AL-ASAQ-DHAPPQ-ASPY85,80,0.6777856599102949,2031
004/089-mft-AL-ASAQ-DHAPPQ-ASPY85,81,0.7038857104195185,2031
004/089-mft-AL-ASAQ-DHAPPQ-ASPY85,82,0.7201692130785613,2031
004/089-mft-AL-ASAQ-DHAPPQ-ASPY85,83,0.7231152394675874,2031
004/089-mft-AL-ASAQ-DHAPPQ-ASPY85,84,0.7163306217625123,2031
004/089-mft-AL-ASAQ-DHAPPQ-ASPY85,85,0.7074755556664339,2031
004/089-mft-AL-ASAQ-DHAPPQ-ASPY85,86,0.6931512113171231,2031
004/089-mft-AL-ASAQ-DHAPPQ-ASPY85,87,0.7003946890002606,2031
004/089-mft-AL-ASAQ-DHAPPQ-ASPY85,88,0.7197171354497339,2031
004/089-mft-AL-ASAQ-DHAPPQ-ASPY85,89,0.717035562096072,2031
004/089-mft-AL-ASAQ-DHAPPQ-ASPY85,90,0.684072546195812,2031
004/089-mft-AL-ASAQ-DHAPPQ-ASPY85,91,0.7105797308911943,2031
004/089-mft-AL-ASAQ-DHAPPQ-ASPY85,92,0.7036862599246619,2031
004/089-mft-AL-ASAQ-DHAPPQ-ASPY85,93,0.7020893902212987,2031
004/089-mft-AL-ASAQ-DHAPPQ-ASPY85,94,0.7216614222359201,2031
004/089-mft-AL-ASAQ-DHAPPQ-ASPY85,95,0.7154463174569657,2031
004/089-mft-AL-ASAQ-DHAPPQ-ASPY85,96,0.6826232651668321,2031
004/089-mft-AL-ASAQ-DHAPPQ-ASPY85,97,0.6985132741155708,2031
004/089-mft-AL-ASAQ-DHAPPQ-ASPY85,98,0.735214716298742,2031
004/089-mft-AL-ASAQ-DHAPPQ-ASPY85,99,0.7281887286218827,2031
004/090-mft-AL-ASAQ-DHAPPQ-ASPY75,0,0.7465773827081664,2031
004/090-mft-AL-ASAQ-DHAPPQ-ASPY75,1,0.6748369210263255,2031
004/090-mft-AL-ASAQ-DHAPPQ-ASPY75,2,0.7127378202397822,2031
004/090-mft-AL-ASAQ-DHAPPQ-ASPY75,3,0.7332477219788699,2031
004/090-mft-AL-ASAQ-DHAPPQ-ASPY75,4,0.7034419117886168,2031
004/090-mft-AL-ASAQ-DHAPPQ-ASPY75,5,0.7136451259672648,2031
004/090-mft-AL-ASAQ-DHAPPQ-ASPY75,6,0.7219069842332275,2031
004/090-mft-AL-ASAQ-DHAPPQ-ASPY75,7,0.6918628412466209,2031
004/090-mft-AL-ASAQ-DHAPPQ-ASPY75,8,0.7297247674512688,2031
004/090-mft-AL-ASAQ-DHAPPQ-ASPY75,9,0.729230325513079,2031
004/090-mft-AL-ASAQ-DHAPPQ-ASPY75,10,0.7160379427387986,2031
004/090-mft-AL-ASAQ-DHAPPQ-ASPY75,11,0.7133369806080907,2031
004/090-mft-AL-ASAQ-DHAPPQ-ASPY75,12,0.7127860229179839,2031
004/090-mft-AL-ASAQ-DHAPPQ-ASPY75,13,0.6755456971271169,2031
004/090-mft-AL-ASAQ-DHAPPQ-ASPY75,14,0.6934222134567719,2031
004/090-mft-AL-ASAQ-DHAPPQ-ASPY75,15,0.7271464322361713,2031
004/090-mft-AL-ASAQ-DHAPPQ-ASPY75,16,0.7113366157080043,2031
004/090-mft-AL-ASAQ-DHAPPQ-ASPY75,17,0.6956846784592154,2031
004/090-mft-AL-ASAQ-DHAPPQ-ASPY75,18,0.6882929681905329,2031
004/090-mft-AL-ASAQ-DHAPPQ-ASPY75,19,0.7216626708884081,2031
004/090-mft-AL-ASAQ-DHAPPQ-ASPY75,20,0.7173667009924863,2031
004/090-mft-AL-ASAQ-DHAPPQ-ASPY75,21,0.6927393524487856,2031
004/090-mft-AL-ASAQ-DHAPPQ-ASPY75,22,0.7007214910983555,2031
004/090-mft-AL-ASAQ-DHAPPQ-ASPY75,23,0.7136773038670334,2031
004/090-mft-AL-ASAQ-DHAPPQ-ASPY75,24,0.6904744087395552,2031
004/090-mft-AL-ASAQ-DHAPPQ-ASPY75,25,0.6791041255915671,2031
004/090-mft-AL-ASAQ-DHAPPQ-ASPY75,26,0.728551019036356,2031
004/090-mft-AL-ASAQ-DHAPPQ-ASPY75,27,0.7134349496968276,2031
004/090-mft-AL-ASAQ-DHAPPQ-ASPY75,28,0.7432812116225147,2031
004/090-mft-AL-ASAQ-DHAPPQ-ASPY75,29,0.7201865272881114,2031
004/090-mft-AL-ASAQ-DHAPPQ-ASPY75,30,0.726681619250679,2031
004/090-mft-AL-ASAQ-DHAPPQ-ASPY75,31,0.6950853650026113,2031
004/090-mft-AL-ASAQ-DHAPPQ-ASPY75,32,0.7043437124666512,2031
004/090-mft-AL-ASAQ-DHAPPQ-ASPY75,33,0.6863789764939684,2031
004/090-mft-AL-ASAQ-DHAPPQ-ASPY75,34,0.7358311680459787,2031
004/090-mft-AL-ASAQ-DHAPPQ-ASPY75,35,0.7399891538169724,2031
004/090-mft-AL-ASAQ-DHAPPQ-ASPY75,36,0.7129101540695612,2031
004/090-mft-AL-ASAQ-DHAPPQ-ASPY75,37,0.7149435247454358,2031
004/090-mft-AL-ASAQ-DHAPPQ-ASPY75,38,0.7196874317445164,2031
004/090-mft-AL-ASAQ-DHAPPQ-ASPY75,39,0.7288769207978681,2031
004/090-mft-AL-ASAQ-DHAPPQ-ASPY75,40,0.7006451934041248,2031
004/090-mft-AL-ASAQ-DHAPPQ-ASPY75,41,0.7352640166315377,2031
004/090-mft-AL-ASAQ-DHAPPQ-ASPY75,42,0.7067604556749796,2031
004/090-mft-AL-ASAQ-DHAPPQ-ASPY75,43,0.6980242141985964,2031
004/090-mft-AL-ASAQ-DHAPPQ-ASPY75,44,0.698249694072055,2031
004/090-mft-AL-ASAQ-DHAPPQ-ASPY75,45,0.7177864009989262,2031
004/090-mft-AL-ASAQ-DHAPPQ-ASPY75,46,0.7474000532108819,2031
004/090-mft-AL-ASAQ-DHAPPQ-ASPY75,47,0.723786132862067,2031
004/090-mft-AL-ASAQ-DHAPPQ-ASPY75,48,0.7098400318044779,2031
004/090-mft-AL-ASAQ-DHAPPQ-ASPY75,49,0.7071904171024471,2031
004/090-mft-AL-ASAQ-DHAPPQ-ASPY75,50,0.7022653436068866,2031
004/090-mft-AL-ASAQ-DHAPPQ-ASPY75,51,0.6908575614417587,2031
004/090-mft-AL-ASAQ-DHAPPQ-ASPY75,52,0.7103986011957947,2031
004/090-mft-AL-ASAQ-DHAPPQ-ASPY75,53,0.6968518548600137,2031
004/090-mft-AL-ASAQ-DHAPPQ-ASPY75,54,0.7153315515154213,2031
004/090-mft-AL-ASAQ-DHAPPQ-ASPY75,55,0.7003202676644141,2031
004/090-mft-AL-ASAQ-DHAPPQ-ASPY75,56,0.7312840966310205,2031
004/090-mft-AL-ASAQ-DHAPPQ-ASPY75,57,0.7175189747807514,2031
004/090-mft-AL-ASAQ-DHAPPQ-ASPY75,58,0.7401933028123807,2031
004/090-mft-AL-ASAQ-DHAPPQ-ASPY75,59,0.681991289399528,2031
004/090-mft-AL-ASAQ-DHAPPQ-ASPY75,60,0.7311767388357056,2031
004/090-mft-AL-ASAQ-DHAPPQ-ASPY75,61,0.7138133002052776,2031
004/090-mft-AL-ASAQ-DHAPPQ-ASPY75,62,0.7182109465655522,2031
004/090-mft-AL-ASAQ-DHAPPQ-ASPY75,63,0.7419846327420451,2031
004/090-mft-AL-ASAQ-DHAPPQ-ASPY75,64,0.717653624995566,2031
004/090-mft-AL-ASAQ-DHAPPQ-ASPY75,65,0.6811199834486241,2031
004/090-mft-AL-ASAQ-DHAPPQ-ASPY75,66,0.6975565005661308,2031
004/090-mft-AL-ASAQ-DHAPPQ-ASPY75,67,0.7298914811476594,2031
004/090-mft-AL-ASAQ-DHAPPQ-ASPY75,68,0.7172792534131996,2031
004/090-mft-AL-ASAQ-DHAPPQ-ASPY75,69,0.7138929526501991,2031
004/090-mft-AL-ASAQ-DHAPPQ-ASPY75,70,0.7512699986080528,2031
004/090-mft-AL-ASAQ-DHAPPQ-ASPY75,71,0.6809268346727099,2031
004/090-mft-AL-ASAQ-DHAPPQ-ASPY75,72,0.7193807769301128,2031
004/090-mft-AL-ASAQ-DHAPPQ-ASPY75,73,0.7031196240127201,2031
004/090-mft-AL-ASAQ-DHAPPQ-ASPY75,74,0.7134409647915386,2031
004/090-mft-AL-ASAQ-DHAPPQ-ASPY75,75,0.6931409297520629,2031
004/090-mft-AL-ASAQ-DHAPPQ-ASPY75,76,0.7262797810401568,2031
004/090-mft-AL-ASAQ-DHAPPQ-ASPY75,77,0.6937145486347734,2031
004/090-mft-AL-ASAQ-DHAPPQ-ASPY75,78,0.7071327674874412,2031
004/090-mft-AL-ASAQ-DHAPPQ-ASPY75,79,0.7113034418975827,2031
004/090-mft-AL-ASAQ-DHAPPQ-ASPY75,80,0.7139026183104454,2031
004/090-mft-AL-ASAQ-DHAPPQ-ASPY75,81,0.6974716593511547,2031
004/090-mft-AL-ASAQ-DHAPPQ-ASPY75,82,0.7416255016956487,2031
004/090-mft-AL-ASAQ-DHAPPQ-ASPY75,83,0.7115187960606123,2031
004/090-mft-AL-ASAQ-DHAPPQ-ASPY75,84,0.7108790112748506,2031
004/090-mft-AL-ASAQ-DHAPPQ-ASPY75,85,0.7423970236228877,2031
004/090-mft-AL-ASAQ-DHAPPQ-ASPY75,86,0.7165382946331768,2031
004/090-mft-AL-ASAQ-DHAPPQ-ASPY75,87,0.7235026182213261,2031
004/090-mft-AL-ASAQ-DHAPPQ-ASPY75,88,0.7071379630534601,2031
004/090-mft-AL-ASAQ-DHAPPQ-ASPY75,89,0.7131413686070464,2031
004/090-mft-AL-ASAQ-DHAPPQ-ASPY75,90,0.7286875827622512,2031
004/090-mft-AL-ASAQ-DHAPPQ-ASPY75,91,0.6625023063654129,2031
004/090-mft-AL-ASAQ-DHAPPQ-ASPY75,92,0.7153532313683734,2031
004/090-mft-AL-ASAQ-DHAPPQ-ASPY75,93,0.7089180106901724,2031
004/090-mft-AL-ASAQ-DHAPPQ-ASPY75,94,0.7339820997431837,2031
004/090-mft-AL-ASAQ-DHAPPQ-ASPY75,95,0.7155091476537795,2031
004/090-mft-AL-ASAQ-DHAPPQ-ASPY75,96,0.7179856962517553,2031
004/090-mft-AL-ASAQ-DHAPPQ-ASPY75,97,0.7037621399410368,2031
004/090-mft-AL-ASAQ-DHAPPQ-ASPY75,98,0.7263347818011519,2031
004/090-mft-AL-ASAQ-DHAPPQ-ASPY75,99,0.7097089316582229,2031
004/091-mft-AL-ASAQ-DHAPPQ-ASPY65,0,0.7039744604730563,2031
004/091-mft-AL-ASAQ-DHAPPQ-ASPY65,1,0.7194949787821333,2031
004/091-mft-AL-ASAQ-DHAPPQ-ASPY65,2,0.7183536782545926,2031
004/091-mft-AL-ASAQ-DHAPPQ-ASPY65,3,0.7294695433657815,2031
004/091-mft-AL-ASAQ-DHAPPQ-ASPY65,4,0.7049826430283247,2031
004/091-mft-AL-ASAQ-DHAPPQ-ASPY65,5,0.7210039747298254,2031
004/091-mft-AL-ASAQ-DHAPPQ-ASPY65,6,0.6624193771902993,2031
004/091-mft-AL-ASAQ-DHAPPQ-ASPY65,7,0.7141431587549752,2031
004/091-mft-AL-ASAQ-DHAPPQ-ASPY65,8,0.7261896908486105,2031
004/091-mft-AL-ASAQ-DHAPPQ-ASPY65,9,0.7281188234285144,2031
004/091-mft-AL-ASAQ-DHAPPQ-ASPY65,10,0.7217827780341125,2031
004/091-mft-AL-ASAQ-DHAPPQ-ASPY65,11,0.699020636616836,2031
004/091-mft-AL-ASAQ-DHAPPQ-ASPY65,12,0.710161269319339,2031
004/091-mft-AL-ASAQ-DHAPPQ-ASPY65,13,0.7295789904265986,2031
004/091-mft-AL-ASAQ-DHAPPQ-ASPY65,14,0.6952895211176674,2031
004/091-mft-AL-ASAQ-DHAPPQ-ASPY65,15,0.7028929506367699,2031
004/091-mft-AL-ASAQ-DHAPPQ-ASPY65,16,0.6823827806124211,2031
004/091-mft-AL-ASAQ-DHAPPQ-ASPY65,17,0.717437318154215,2031
004/091-mft-AL-ASAQ-DHAPPQ-ASPY65,18,0.7216776684388929,2031
004/091-mft-AL-ASAQ-DHAPPQ-ASPY65,19,0.7075637934328706,2031
004/091-mft-AL-ASAQ-DHAPPQ-ASPY65,20,0.7108162683820057,2031
004/091-mft-AL-ASAQ-DHAPPQ-ASPY65,21,0.7549664138731456,2031
004/091-mft-AL-ASAQ-DHAPPQ-ASPY65,22,0.686924673494871,2031
004/091-mft-AL-ASAQ-DHAPPQ-ASPY65,23,0.7105646268983752,2031
004/091-mft-AL-ASAQ-DHAPPQ-ASPY65,24,0.6835956392197645,2031
004/091-mft-AL-ASAQ-DHAPPQ-ASPY65,25,0.7160805206094197,2031
004/091-mft-AL-ASAQ-DHAPPQ-ASPY65,26,0.7325289898320135,2031
004/091-mft-AL-ASAQ-DHAPPQ-ASPY65,27,0.7058058028152024,2031
004/091-mft-AL-ASAQ-DHAPPQ-ASPY65,28,0.7248004422225095,2031
004/091-mft-AL-ASAQ-DHAPPQ-ASPY65,29,0.737632232624123,2031
004/091-mft-AL-ASAQ-DHAPPQ-ASPY65,30,0.6959958358962318,2031
004/091-mft-AL-ASAQ-DHAPPQ-ASPY65,31,0.6820284789019625,2031
004/091-mft-AL-ASAQ-DHAPPQ-ASPY65,32,0.6661995411667885,2031
004/091-mft-AL-ASAQ-DHAPPQ-ASPY65,33,0.6967311466384328,2031
004/091-mft-AL-ASAQ-DHAPPQ-ASPY65,34,0.7088281331406412,2031
004/091-mft-AL-ASAQ-DHAPPQ-ASPY65,35,0.7228054111174277,2031
004/091-mft-AL-ASAQ-DHAPPQ-ASPY65,36,0.6996924491109716,2031
004/091-mft-AL-ASAQ-DHAPPQ-ASPY65,37,0.7307155952775847,2031
004/091-mft-AL-ASAQ-DHAPPQ-ASPY65,38,0.7333663763417775,2031
004/091-mft-AL-ASAQ-DHAPPQ-ASPY65,39,0.701023408617766,2031
004/091-mft-AL-ASAQ-DHAPPQ-ASPY65,40,0.7093522202288086,2031
004/091-mft-AL-ASAQ-DHAPPQ-ASPY65,41,0.7219658779703241,2031
004/091-mft-AL-ASAQ-DHAPPQ-ASPY65,42,0.698625985517373,2031
004/091-mft-AL-ASAQ-DHAPPQ-ASPY65,43,0.7113114943909098,2031
004/091-mft-AL-ASAQ-DHAPPQ-ASPY65,44,0.7256024813072671,2031
004/091-mft-AL-ASAQ-DHAPPQ-ASPY65,45,0.734718046358958,2031
004/091-mft-AL-ASAQ-DHAPPQ-ASPY65,46,0.7237963298508578,2031
004/091-mft-AL-ASAQ-DHAPPQ-ASPY65,47,0.6955925919332754,2031
004/091-mft-AL-ASAQ-DHAPPQ-ASPY65,48,0.714614355852439,2031
004/091-mft-AL-ASAQ-DHAPPQ-ASPY65,49,0.7171344826076474,2031
004/091-mft-AL-ASAQ-DHAPPQ-ASPY65,50,0.7300587193000173,2031
004/091-mft-AL-ASAQ-DHAPPQ-ASPY65,51,0.7192883435459264,2031
004/091-mft-AL-ASAQ-DHAPPQ-ASPY65,52,0.7181554366752111,2031
004/091-mft-AL-ASAQ-DHAPPQ-ASPY65,53,0.7248883057886442,2031
004/091-mft-AL-ASAQ-DHAPPQ-ASPY65,54,0.7211078264910326,2031
004/091-mft-AL-ASAQ-DHAPPQ-ASPY65,55,0.7004859779563836,2031
004/091-mft-AL-ASAQ-DHAPPQ-ASPY65,56,0.7619424265183531,2031
004/091-mft-AL-ASAQ-DHAPPQ-ASPY65,57,0.7034857665682995,2031
004/091-mft-AL-ASAQ-DHAPPQ-ASPY65,58,0.7066648001519086,2031
004/091-mft-AL-ASAQ-DHAPPQ-ASPY65,59,0.7301247636817502,2031
004/091-mft-AL-ASAQ-DHAPPQ-ASPY65,60,0.7244256907281019,2031
004/091-mft-AL-ASAQ-DHAPPQ-ASPY65,61,0.7359410456580159,2031
004/091-mft-AL-ASAQ-DHAPPQ-ASPY65,62,0.7018064238491643,2031
004/091-mft-AL-ASAQ-DHAPPQ-ASPY65,63,0.7382522746260088,2031
004/091-mft-AL-ASAQ-DHAPPQ-ASPY65,64,0.7037684311337817,2031
004/091-mft-AL-ASAQ-DHAPPQ-ASPY65,65,0.7157087276262356,2031
004/091-mft-AL-ASAQ-DHAPPQ-ASPY65,66,0.7032919639534961,2031
004/091-mft-AL-ASAQ-DHAPPQ-ASPY65,67,0.7187123903531035,2031
004/091-mft-AL-ASAQ-DHAPPQ-ASPY65,68,0.7203684286928871,2031
004/091-mft-AL-ASAQ-DHAPPQ-ASPY65,69,0.7158661426198655,2031
004/091-mft-AL-ASAQ-DHAPPQ-ASPY65,70,0.7084343792517577,2031
004/091-mft-AL-ASAQ-DHAPPQ-ASPY65,71,0.705793112370165,2031
004/091-mft-AL-ASAQ-DHAPPQ-ASPY65,72,0.730884369283301,2031
004/091-mft-AL-ASAQ-DHAPPQ-ASPY65,73,0.7407834357566171,2031
004/091-mft-AL-ASAQ-DHAPPQ-ASPY65,74,0.717764100609941,2031
004/091-mft-AL-ASAQ-DHAPPQ-ASPY65,75,0.7364324430898356,2031
004/091-mft-AL-ASAQ-DHAPPQ-ASPY65,76,0.7002343415592134,2031
004/091-mft-AL-ASAQ-DHAPPQ-ASPY65,77,0.70947713040019,2031
004/091-mft-AL-ASAQ-DHAPPQ-ASPY65,78,0.715365316061927,2031
004/091-mft-AL-ASAQ-DHAPPQ-ASPY65,79,0.7206840280799973,2031
004/091-mft-AL-ASAQ-DHAPPQ-ASPY65,80,0.7244037905810599,2031
004/091-mft-AL-ASAQ-DHAPPQ-ASPY65,81,0.7126588813464595,2031
004/091-mft-AL-ASAQ-DHAPPQ-ASPY65,82,0.7386391803284537,2031
004/091-mft-AL-ASAQ-DHAPPQ-ASPY65,83,0.733855972199716,2031
004/091-mft-AL-ASAQ-DHAPPQ-ASPY65,84,0.6969621126089317,2031
004/091-mft-AL-ASAQ-DHAPPQ-ASPY65,85,0.7077358556252958,2031
004/091-mft-AL-ASAQ-DHAPPQ-ASPY65,86,0.7146508775645245,2031
004/091-mft-AL-ASAQ-DHAPPQ-ASPY65,87,0.7381227810060511,2031
004/091-mft-AL-ASAQ-DHAPPQ-ASPY65,88,0.7272409650853495,2031
004/091-mft-AL-ASAQ-DHAPPQ-ASPY65,89,0.7154421206323199,2031
004/091-mft-AL-ASAQ-DHAPPQ-ASPY65,90,0.7098431417048899,2031
004/091-mft-AL-ASAQ-DHAPPQ-ASPY65,91,0.717782366581654,2031
004/091-mft-AL-ASAQ-DHAPPQ-ASPY65,92,0.7048907364480851,2031
004/091-mft-AL-ASAQ-DHAPPQ-ASPY65,93,0.7162404981609196,2031
004/091-mft-AL-ASAQ-DHAPPQ-ASPY65,94,0.7277789564189309,2031
004/091-mft-AL-ASAQ-DHAPPQ-ASPY65,95,0.7125646927034447,2031
004/091-mft-AL-ASAQ-DHAPPQ-ASPY65,96,0.7069147866108391,2031
004/091-mft-AL-ASAQ-DHAPPQ-ASPY65,97,0.7139783536340335,2031
004/091-mft-AL-ASAQ-DHAPPQ-ASPY65,98,0.7319808658375185,2031
004/091-mft-AL-ASAQ-DHAPPQ-ASPY65,99,0.6980693528160912,2031
004/092-region-specific-Kagera-ASAQ-Others-ASAQ-Delay-0y,0,0.6830475852058426,2031
004/092-region-specific-Kagera-ASAQ-Others-ASAQ-Delay-0y,1,0.6576058801622595,2031
004/092-region-specific-Kagera-ASAQ-Others-ASAQ-Delay-0y,2,0.6630836646530687,2031
004/092-region-specific-Kagera-ASAQ-Others-ASAQ-Delay-0y,3,0.657959175437281,2031
004/092-region-specific-Kagera-ASAQ-Others-ASAQ-Delay-0y,4,0.6426062501748226,2031
004/092-region-specific-Kagera-ASAQ-Others-ASAQ-Delay-0y,5,0.678217486119057,2031
004/092-region-specific-Kagera-ASAQ-Others-ASAQ-Delay-0y,6,0.6688861449267884,2031
004/092-region-specific-Kagera-ASAQ-Others-ASAQ-Delay-0y,7,0.6583641331405208,2031
004/092-region-specific-Kagera-ASAQ-Others-ASAQ-Delay-0y,8,0.6503050433641553,2031
004/092-region-specific-Kagera-ASAQ-Others-ASAQ-Delay-0y,9,0.663119731212402,2031
004/092-region-specific-Kagera-ASAQ-Others-ASAQ-Delay-0y,10,0.6702049091622251,2031
004/092-region-specific-Kagera-ASAQ-Others-ASAQ-Delay-0y,11,0.6332938382686609,2031
004/092-region-specific-Kagera-ASAQ-Others-ASAQ-Delay-0y,12,0.6514523329245444,2031
004/092-region-specific-Kagera-ASAQ-Others-ASAQ-Delay-0y,13,0.6598932363824016,2031
004/092-region-specific-Kagera-ASAQ-Others-ASAQ-Delay-0y,14,0.6554471240704096,2031
004/092-region-specific-Kagera-ASAQ-Others-ASAQ-Delay-0y,15,0.6237972358580307,2031
004/092-region-specific-Kagera-ASAQ-Others-ASAQ-Delay-0y,16,0.6483507355282324,2031
004/092-region-specific-Kagera-ASAQ-Others-ASAQ-Delay-0y,17,0.6719691035099925,2031
004/092-region-specific-Kagera-ASAQ-Others-ASAQ-Delay-0y,18,0.6752576635547682,2031
004/092-region-specific-Kagera-ASAQ-Others-ASAQ-Delay-0y,19,0.6832326517132462,2031
004/092-region-specific-Kagera-ASAQ-Others-ASAQ-Delay-0y,20,0.6704659259006028,2031
004/092-region-specific-Kagera-ASAQ-Others-ASAQ-Delay-0y,21,0.65595157085558,2031
004/092-region-specific-Kagera-ASAQ-Others-ASAQ-Delay-0y,22,0.666465617154502,2031
004/092-region-specific-Kagera-ASAQ-Others-ASAQ-Delay-0y,23,0.6484978628505482,2031
004/092-region-specific-Kagera-ASAQ-Others-ASAQ-Delay-0y,24,0.6258706074734657,2031
004/092-region-specific-Kagera-ASAQ-Others-ASAQ-Delay-0y,25,0.6699166885797364,2031
004/092-region-specific-Kagera-ASAQ-Others-ASAQ-Delay-0y,26,0.6501030666905385,2031
004/092-region-specific-Kagera-ASAQ-Others-ASAQ-Delay-0y,27,0.6994043707786534,2031
004/092-region-specific-Kagera-ASAQ-Others-ASAQ-Delay-0y,28,0.6196355574842599,2031
004/092-region-specific-Kagera-ASAQ-Others-ASAQ-Delay-0y,29,0.6819562167200401,2031
004/092-region-specific-Kagera-ASAQ-Others-ASAQ-Delay-0y,30,0.6209789747529328,2031
004/092-region-specific-Kagera-ASAQ-Others-ASAQ-Delay-0y,31,0.6477988963266091,2031
004/092-region-specific-Kagera-ASAQ-Others-ASAQ-Delay-0y,32,0.650808647640544,2031
004/092-region-specific-Kagera-ASAQ-Others-ASAQ-Delay-0y,33,0.6691700025015236,2031
004/092-region-specific-Kagera-ASAQ-Others-ASAQ-Delay-0y,34,0.6752414456949256,2031
004/092-region-specific-Kagera-ASAQ-Others-ASAQ-Delay-0y,35,0.6577958387800776,2031
004/092-region-specific-Kagera-ASAQ-Others-ASAQ-Delay-0y,36,0.6559988737675598,2031
004/092-region-specific-Kagera-ASAQ-Others-ASAQ-Delay-0y,37,0.6811534062171378,2031
004/092-region-specific-Kagera-ASAQ-Others-ASAQ-Delay-0y,38,0.6849229187742992,2031
004/092-region-specific-Kagera-ASAQ-Others-ASAQ-Delay-0y,39,0.6374933843516096,2031
004/092-region-specific-Kagera-ASAQ-Others-ASAQ-Delay-0y,40,0.6750550778177066,2031
004/092-region-specific-Kagera-ASAQ-Others-ASAQ-Delay-0y,41,0.6542329897180368,2031
004/092-region-specific-Kagera-ASAQ-Others-ASAQ-Delay-0y,42,0.6641895915966917,2031
004/092-region-specific-Kagera-ASAQ-Others-ASAQ-Delay-0y,43,0.6776177263933824,2031
004/092-region-specific-Kagera-ASAQ-Others-ASAQ-Delay-0y,44,0.660717822736503,2031
004/092-region-specific-Kagera-ASAQ-Others-ASAQ-Delay-0y,45,0.6425635768623382,2031
004/092-region-specific-Kagera-ASAQ-Others-ASAQ-Delay-0y,46,0.629996067543302,2031
004/092-region-specific-Kagera-ASAQ-Others-ASAQ-Delay-0y,47,0.6560271206793784,2031
004/092-region-specific-Kagera-ASAQ-Others-ASAQ-Delay-0y,48,0.6771534892117902,2031
004/092-region-specific-Kagera-ASAQ-Others-ASAQ-Delay-0y,49,0.6432995514210352,2031
004/092-region-specific-Kagera-ASAQ-Others-ASAQ-Delay-0y,50,0.6513822040783988,2031
004/092-region-specific-Kagera-ASAQ-Others-ASAQ-Delay-0y,51,0.6648312335318635,2031
004/092-region-specific-Kagera-ASAQ-Others-ASAQ-Delay-0y,52,0.6599865816075242,2031
004/092-region-specific-Kagera-ASAQ-Others-ASAQ-Delay-0y,53,0.6807689143364529,2031
004/092-region-specific-Kagera-ASAQ-Others-ASAQ-Delay-0y,54,0.6529659048969718,2031
004/092-region-specific-Kagera-ASAQ-Others-ASAQ-Delay-0y,55,0.6575209710620081,2031
004/092-region-specific-Kagera-ASAQ-Others-ASAQ-Delay-0y,56,0.6511669250639184,2031
004/092-region-specific-Kagera-ASAQ-Others-ASAQ-Delay-0y,57,0.6487401726795746,2031
004/092-region-specific-Kagera-ASAQ-Others-ASAQ-Delay-0y,58,0.6243482263163095,2031
004/092-region-specific-Kagera-ASAQ-Others-ASAQ-Delay-0y,59,0.6574279845612877,2031
004/092-region-specific-Kagera-ASAQ-Others-ASAQ-Delay-0y,60,0.6665016034103415,2031
004/092-region-specific-Kagera-ASAQ-Others-ASAQ-Delay-0y,61,0.6437506236538492,2031
004/092-region-specific-Kagera-ASAQ-Others-ASAQ-Delay-0y,62,0.6497167503666116,2031
004/092-region-specific-Kagera-ASAQ-Others-ASAQ-Delay-0y,63,0.6756426163996861,2031
004/092-region-specific-Kagera-ASAQ-Others-ASAQ-Delay-0y,64,0.6827708744642527,2031
004/092-region-specific-Kagera-ASAQ-Others-ASAQ-Delay-0y,65,0.6790646546109067,2031
004/092-region-specific-Kagera-ASAQ-Others-ASAQ-Delay-0y,66,0.6667575792508676,2031
004/092-region-specific-Kagera-ASAQ-Others-ASAQ-Delay-0y,67,0.6362526052429004,2031
004/092-region-specific-Kagera-ASAQ-Others-ASAQ-Delay-0y,68,0.6427554923480207,2031
004/092-region-specific-Kagera-ASAQ-Others-ASAQ-Delay-0y,69,0.6831114892438849,2031
004/092-region-specific-Kagera-ASAQ-Others-ASAQ-Delay-0y,70,0.6663968076859924,2031
004/092-region-specific-Kagera-ASAQ-Others-ASAQ-Delay-0y,71,0.6633553011620182,2031
004/092-region-specific-Kagera-ASAQ-Others-ASAQ-Delay-0y,72,0.6569231860127706,2031
004/092-region-specific-Kagera-ASAQ-Others-ASAQ-Delay-0y,73,0.6416924275428652,2031
004/092-region-specific-Kagera-ASAQ-Others-ASAQ-Delay-0y,74,0.6633710494526396,2031
004/092-region-specific-Kagera-ASAQ-Others-ASAQ-Delay-0y,75,0.6593321783060607,2031
004/092-region-specific-Kagera-ASAQ-Others-ASAQ-Delay-0y,76,0.5958013762663579,2031
004/092-region-specific-Kagera-ASAQ-Others-ASAQ-Delay-0y,77,0.638699377294036,2031
004/092-region-specific-Kagera-ASAQ-Others-ASAQ-Delay-0y,78,0.6578642665978931,2031
004/092-region-specific-Kagera-ASAQ-Others-ASAQ-Delay-0y,79,0.6494204736426236,2031
004/092-region-specific-Kagera-ASAQ-Others-ASAQ-Delay-0y,80,0.6668108410149814,2031
004/092-region-specific-Kagera-ASAQ-Others-ASAQ-Delay-0y,81,0.6314248868049699,2031
004/092-region-specific-Kagera-ASAQ-Others-ASAQ-Delay-0y,82,0.6460345061029692,2031
004/092-region-specific-Kagera-ASAQ-Others-ASAQ-Delay-0y,83,0.6329894829337411,2031
004/092-region-specific-Kagera-ASAQ-Others-ASAQ-Delay-0y,84,0.6264152803946981,2031
004/092-region-specific-Kagera-ASAQ-Others-ASAQ-Delay-0y,85,0.6258863610721552,2031
004/092-region-specific-Kagera-ASAQ-Others-ASAQ-Delay-0y,86,0.676433760607326,2031
004/092-region-specific-Kagera-ASAQ-Others-ASAQ-Delay-0y,87,0.6316396962457892,2031
004/092-region-specific-Kagera-ASAQ-Others-ASAQ-Delay-0y,88,0.6252554077006568,2031
004/092-region-specific-Kagera-ASAQ-Others-ASAQ-Delay-0y,89,0.6615010684827526,2031
004/092-region-specific-Kagera-ASAQ-Others-ASAQ-Delay-0y,90,0.6221841434174875,2031
004/092-region-specific-Kagera-ASAQ-Others-ASAQ-Delay-0y,91,0.661742104040853,2031
004/092-region-specific-Kagera-ASAQ-Others-ASAQ-Delay-0y,92,0.655601002799831,2031
004/092-region-specific-Kagera-ASAQ-Others-ASAQ-Delay-0y,93,0.6608666315812919,2031
004/092-region-specific-Kagera-ASAQ-Others-ASAQ-Delay-0y,94,0.6702558395054964,2031
004/092-region-specific-Kagera-ASAQ-Others-ASAQ-Delay-0y,95,0.6624411953251861,2031
004/092-region-specific-Kagera-ASAQ-Others-ASAQ-Delay-0y,96,0.6133376561183923,2031
004/092-region-specific-Kagera-ASAQ-Others-ASAQ-Delay-0y,97,0.6937466000156919,2031
004/092-region-specific-Kagera-ASAQ-Others-ASAQ-Delay-0y,98,0.6832145613604065,2031
004/092-region-specific-Kagera-ASAQ-Others-ASAQ-Delay-0y,99,0.6425859618426489,2031
004/093-region-specific-Kagera-ASAQ-Others-ASAQ-Delay-1y,0,0.6682479493905867,2031
004/093-region-specific-Kagera-ASAQ-Others-ASAQ-Delay-1y,1,0.6652037622011195,2031
004/093-region-specific-Kagera-ASAQ-Others-ASAQ-Delay-1y,2,0.6416018750061575,2031
004/093-region-specific-Kagera-ASAQ-Others-ASAQ-Delay-1y,3,0.7325492873899179,2031
004/093-region-specific-Kagera-ASAQ-Others-ASAQ-Delay-1y,4,0.6722707987974362,2031
004/093-region-specific-Kagera-ASAQ-Others-ASAQ-Delay-1y,5,0.6810301178583842,2031
004/093-region-specific-Kagera-ASAQ-Others-ASAQ-Delay-1y,6,0.6924065590534946,2031
004/093-region-specific-Kagera-ASAQ-Others-ASAQ-Delay-1y,7,0.6440823145330232,2031
004/093-region-specific-Kagera-ASAQ-Others-ASAQ-Delay-1y,8,0.6858158919034115,2031
004/093-region-specific-Kagera-ASAQ-Others-ASAQ-Delay-1y,9,0.676264220980059,2031
004/093-region-specific-Kagera-ASAQ-Others-ASAQ-Delay-1y,10,0.6931667308272136,2031
004/093-region-specific-Kagera-ASAQ-Others-ASAQ-Delay-1y,11,0.6662218155569931,2031
004/093-region-specific-Kagera-ASAQ-Others-ASAQ-Delay-1y,12,0.6516175209207585,2031
004/093-region-specific-Kagera-ASAQ-Others-ASAQ-Delay-1y,13,0.663656558554441,2031
004/093-region-specific-Kagera-ASAQ-Others-ASAQ-Delay-1y,14,0.65671395960125,2031
004/093-region-specific-Kagera-ASAQ-Others-ASAQ-Delay-1y,15,0.6862795199120497,2031
004/093-region-specific-Kagera-ASAQ-Others-ASAQ-Delay-1y,16,0.6783008506191751,2031
004/093-region-specific-Kagera-ASAQ-Others-ASAQ-Delay-1y,17,0.649972971192686,2031
004/093-region-specific-Kagera-ASAQ-Others-ASAQ-Delay-1y,18,0.6717472155087103,2031
004/093-region-specific-Kagera-ASAQ-Others-ASAQ-Delay-1y,19,0.6489013902423464,2031
004/093-region-specific-Kagera-ASAQ-Others-ASAQ-Delay-1y,20,0.6625419952093569,2031
004/093-region-specific-Kagera-ASAQ-Others-ASAQ-Delay-1y,21,0.6784566666466265,2031
004/093-region-specific-Kagera-ASAQ-Others-ASAQ-Delay-1y,22,0.6863170979119778,2031
004/093-region-specific-Kagera-ASAQ-Others-ASAQ-Delay-1y,23,0.6791928799523955,2031
004/093-region-specific-Kagera-ASAQ-Others-ASAQ-Delay-1y,24,0.6694862757771252,2031
004/093-region-specific-Kagera-ASAQ-Others-ASAQ-Delay-1y,25,0.6903614136650534,2031
004/093-region-specific-Kagera-ASAQ-Others-ASAQ-Delay-1y,26,0.6905715241590867,2031
004/093-region-specific-Kagera-ASAQ-Others-ASAQ-Delay-1y,27,0.6637798825777103,2031
004/093-region-specific-Kagera-ASAQ-Others-ASAQ-Delay-1y,28,0.6780663019023437,2031
004/093-region-specific-Kagera-ASAQ-Others-ASAQ-Delay-1y,29,0.67474363147873,2031
004/093-region-specific-Kagera-ASAQ-Others-ASAQ-Delay-1y,30,0.6587786020318344,2031
004/093-region-specific-Kagera-ASAQ-Others-ASAQ-Delay-1y,31,0.6920802079245109,2031
004/093-region-specific-Kagera-ASAQ-Others-ASAQ-Delay-1y,32,0.669872178521874,2031
004/093-region-specific-Kagera-ASAQ-Others-ASAQ-Delay-1y,33,0.6697498576721427,2031
004/093-region-specific-Kagera-ASAQ-Others-ASAQ-Delay-1y,34,0.6560981051708102,2031
004/093-region-specific-Kagera-ASAQ-Others-ASAQ-Delay-1y,35,0.6735219876842428,2031
004/093-region-specific-Kagera-ASAQ-Others-ASAQ-Delay-1y,36,0.678976411635281,2031
004/093-region-specific-Kagera-ASAQ-Others-ASAQ-Delay-1y,37,0.6652918398140547,2031
004/093-region-specific-Kagera-ASAQ-Others-ASAQ-Delay-1y,38,0.7091551064605466,2031
004/093-region-specific-Kagera-ASAQ-Others-ASAQ-Delay-1y,39,0.6878114397715329,2031
004/093-region-specific-Kagera-ASAQ-Others-ASAQ-Delay-1y,40,0.7112063807234738,2031
004/093-region-specific-Kagera-ASAQ-Others-ASAQ-Delay-1y,41,0.6827946844900185,2031
004/093-region-specific-Kagera-ASAQ-Others-ASAQ-Delay-1y,42,0.6439219295247788,2031
004/093-region-specific-Kagera-ASAQ-Others-ASAQ-Delay-1y,43,0.7019259910447023,2031
004/093-region-specific-Kagera-ASAQ-Others-ASAQ-Delay-1y,44,0.6560532428766498,2031
004/093-region-specific-Kagera-ASAQ-Others-ASAQ-Delay-1y,45,0.6622899276963549,2031
004/093-region-specific-Kagera-ASAQ-Others-ASAQ-Delay-1y,46,0.6567596748784615,2031
004/093-region-specific-Kagera-ASAQ-Others-ASAQ-Delay-1y,47,0.6769964611120766,2031
004/093-region-specific-Kagera-ASAQ-Others-ASAQ-Delay-1y,48,0.6773856915876544,2031
004/093-region-specific-Kagera-ASAQ-Others-ASAQ-Delay-1y,49,0.6998330342186545,2031
004/093-region-specific-Kagera-ASAQ-Others-ASAQ-Delay-1y,50,0.6613757669797303,2031
004/093-region-specific-Kagera-ASAQ-Others-ASAQ-Delay-1y,51,0.6785341547303093,2031
004/093-region-specific-Kagera-ASAQ-Others-ASAQ-Delay-1y,52,0.6600758295127204,2031
004/093-region-specific-Kagera-ASAQ-Others-ASAQ-Delay-1y,53,0.6727251531991034,2031
004/093-region-specific-Kagera-ASAQ-Others-ASAQ-Delay-1y,54,0.6672241495168713,2031
004/093-region-specific-Kagera-ASAQ-Others-ASAQ-Delay-1y,55,0.6429824695665518,2031
004/093-region-specific-Kagera-ASAQ-Others-ASAQ-Delay-1y,56,0.6829142074197606,2031
004/093-region-specific-Kagera-ASAQ-Others-ASAQ-Delay-1y,57,0.6864831476113666,2031
004/093-region-specific-Kagera-ASAQ-Others-ASAQ-Delay-1y,58,0.6815393825790229,2031
004/093-region-specific-Kagera-ASAQ-Others-ASAQ-Delay-1y,59,0.6510175989309487,2031
004/093-region-specific-Kagera-ASAQ-Others-ASAQ-Delay-1y,60,0.6931852760048511,2031
004/093-region-specific-Kagera-ASAQ-Others-ASAQ-Delay-1y,61,0.6651920521078161,2031
004/093-region-specific-Kagera-ASAQ-Others-ASAQ-Delay-1y,62,0.6636965828419702,2031
004/093-region-specific-Kagera-ASAQ-Others-ASAQ-Delay-1y,63,0.6619231641763955,2031
004/093-region-specific-Kagera-ASAQ-Others-ASAQ-Delay-1y,64,0.6847423426933589,2031
004/093-region-specific-Kagera-ASAQ-Others-ASAQ-Delay-1y,65,0.6799726996761756,2031
004/093-region-specific-Kagera-ASAQ-Others-ASAQ-Delay-1y,66,0.6829983563010905,2031
004/093-region-specific-Kagera-ASAQ-Others-ASAQ-Delay-1y,67,0.6910075324905862,2031
004/093-region-specific-Kagera-ASAQ-Others-ASAQ-Delay-1y,68,0.6698786445793811,2031
004/093-region-specific-Kagera-ASAQ-Others-ASAQ-Delay-1y,69,0.6542369205906234,2031
004/093-region-specific-Kagera-ASAQ-Others-ASAQ-Delay-1y,70,0.6714536122786187,2031
004/093-region-specific-Kagera-ASAQ-Others-ASAQ-Delay-1y,71,0.6704341333439331,2031
004/093-region-specific-Kagera-ASAQ-Others-ASAQ-Delay-1y,72,0.6747175932647914,2031
004/093-region-specific-Kagera-ASAQ-Others-ASAQ-Delay-1y,73,0.6992897947833696,2031
004/093-region-specific-Kagera-ASAQ-Others-ASAQ-Delay-1y,74,0.7005721191826679,2031
004/093-region-specific-Kagera-ASAQ-Others-ASAQ-Delay-1y,75,0.6946511842504677,2031
004/093-region-specific-Kagera-ASAQ-Others-ASAQ-Delay-1y,76,0.6700567530432758,2031
004/093-region-specific-Kagera-ASAQ-Others-ASAQ-Delay-1y,77,0.6701457961324665,2031
004/093-region-specific-Kagera-ASAQ-Others-ASAQ-Delay-1y,78,0.6568316715110295,2031
004/093-region-specific-Kagera-ASAQ-Others-ASAQ-Delay-1y,79,0.6660457204166453,2031
004/093-region-specific-Kagera-ASAQ-Others-ASAQ-Delay-1y,80,0.6889873174316546,2031
004/093-region-specific-Kagera-ASAQ-Others-ASAQ-Delay-1y,81,0.6753000346151884,2031
004/093-region-specific-Kagera-ASAQ-Others-ASAQ-Delay-1y,82,0.7013276273391903,2031
004/093-region-specific-Kagera-ASAQ-Others-ASAQ-Delay-1y,83,0.6764261693173981,2031
004/093-region-specific-Kagera-ASAQ-Others-ASAQ-Delay-1y,84,0.679971733250511,2031
004/093-region-specific-Kagera-ASAQ-Others-ASAQ-Delay-1y,85,0.7026951237405399,2031
004/093-region-specific-Kagera-ASAQ-Others-ASAQ-Delay-1y,86,0.692092298009941,2031
004/093-region-specific-Kagera-ASAQ-Others-ASAQ-Delay-1y,87,0.6737739249915133,2031
004/093-region-specific-Kagera-ASAQ-Others-ASAQ-Delay-1y,88,0.6684381364700233,2031
004/093-region-specific-Kagera-ASAQ-Others-ASAQ-Delay-1y,89,0.6653316024774689,2031
004/093-region-specific-Kagera-ASAQ-Others-ASAQ-Delay-1y,90,0.6680206512568335,2031
004/093-region-specific-Kagera-ASAQ-Others-ASAQ-Delay-1y,91,0.6463373949904558,2031
004/093-region-specific-Kagera-ASAQ-Others-ASAQ-Delay-1y,92,0.667884921877442,2031
004/093-region-specific-Kagera-ASAQ-Others-ASAQ-Delay-1y,93,0.7012734858472734,2031
004/093-region-specific-Kagera-ASAQ-Others-ASAQ-Delay-1y,94,0.686706185942382,2031
004/093-region-specific-Kagera-ASAQ-Others-ASAQ-Delay-1y,95,0.6858285304764143,2031
004/093-region-specific-Kagera-ASAQ-Others-ASAQ-Delay-1y,96,0.65162717928921,2031
004/093-region-specific-Kagera-ASAQ-Others-ASAQ-Delay-1y,97,0.688360149665022,2031
004/093-region-specific-Kagera-ASAQ-Others-ASAQ-Delay-1y,98,0.6791268881405443,2031
004/093-region-specific-Kagera-ASAQ-Others-ASAQ-Delay-1y,99,0.650270421297389,2031
004/094-region-specific-Kagera-ASAQ-Others-ASAQ-Delay-2y,0,0.7214696073209382,2031
004/094-region-specific-Kagera-ASAQ-Others-ASAQ-Delay-2y,1,0.7138525460923898,2031
004/094-region-specific-Kagera-ASAQ-Others-ASAQ-Delay-2y,2,0.7098333262935305,2031
004/094-region-specific-Kagera-ASAQ-Others-ASAQ-Delay-2y,3,0.7060930737655634,2031
004/094-region-specific-Kagera-ASAQ-Others-ASAQ-Delay-2y,4,0.6719408746291172,2031
004/094-region-specific-Kagera-ASAQ-Others-ASAQ-Delay-2y,5,0.7040636643074639,2031
004/094-region-specific-Kagera-ASAQ-Others-ASAQ-Delay-2y,6,0.717143087267614,2031
004/094-region-specific-Kagera-ASAQ-Others-ASAQ-Delay-2y,7,0.6738268735953246,2031
004/094-region-specific-Kagera-ASAQ-Others-ASAQ-Delay-2y,8,0.6669763586266816,2031
004/094-region-specific-Kagera-ASAQ-Others-ASAQ-Delay-2y,9,0.699280826518149,2031
004/094-region-specific-Kagera-ASAQ-Others-ASAQ-Delay-2y,10,0.6968032201560769,2031
004/094-region-specific-Kagera-ASAQ-Others-ASAQ-Delay-2y,11,0.6857568922478542,2031
004/094-region-specific-Kagera-ASAQ-Others-ASAQ-Delay-2y,12,0.7112965714767014,2031
004/094-region-specific-Kagera-ASAQ-Others-ASAQ-Delay-2y,13,0.7087193816084033,2031
004/094-region-specific-Kagera-ASAQ-Others-ASAQ-Delay-2y,14,0.7160826750658402,2031
004/094-region-specific-Kagera-ASAQ-Others-ASAQ-Delay-2y,15,0.7091984434891073,2031
004/094-region-specific-Kagera-ASAQ-Others-ASAQ-Delay-2y,16,0.6951408092307011,2031
004/094-region-specific-Kagera-ASAQ-Others-ASAQ-Delay-2y,17,0.6991254032978175,2031
004/094-region-specific-Kagera-ASAQ-Others-ASAQ-Delay-2y,18,0.6927627956676431,2031
004/094-region-specific-Kagera-ASAQ-Others-ASAQ-Delay-2y,19,0.6996120524947241,2031
004/094-region-specific-Kagera-ASAQ-Others-ASAQ-Delay-2y,20,0.6847196570632111,2031
004/094-region-specific-Kagera-ASAQ-Others-ASAQ-Delay-2y,21,0.72485290298924,2031
004/094-region-specific-Kagera-ASAQ-Others-ASAQ-Delay-2y,22,0.705967267438441,2031
004/094-region-specific-Kagera-ASAQ-Others-ASAQ-Delay-2y,23,0.6733692613917843,2031
004/094-region-specific-Kagera-ASAQ-Others-ASAQ-Delay-2y,24,0.7119423860979723,2031
004/094-region-specific-Kagera-ASAQ-Others-ASAQ-Delay-2y,25,0.7141109727227052,2031
004/094-region-specific-Kagera-ASAQ-Others-ASAQ-Delay-2y,26,0.6853820445301926,2031
004/094-region-specific-Kagera-ASAQ-Others-ASAQ-Delay-2y,27,0.7042682712062623,2031
004/094-region-specific-Kagera-ASAQ-Others-ASAQ-Delay-2y,28,0.6977083177993894,2031
004/094-region-specific-Kagera-ASAQ-Others-ASAQ-Delay-2y,29,0.6684577415949962,2031
004/094-region-specific-Kagera-ASAQ-Others-ASAQ-Delay-2y,30,0.7060593164430656,2031
004/094-region-specific-Kagera-ASAQ-Others-ASAQ-Delay-2y,31,0.6914978300985597,2031
004/094-region-specific-Kagera-ASAQ-Others-ASAQ-Delay-2y,32,0.6935240686286765,2031
004/094-region-specific-Kagera-ASAQ-Others-ASAQ-Delay-2y,33,0.6798996158301122,2031
004/094-region-specific-Kagera-ASAQ-Others-ASAQ-Delay-2y,34,0.6920493698748001,2031
004/094-region-specific-Kagera-ASAQ-Others-ASAQ-Delay-2y,35,0.6839436903905427,2031
004/094-region-specific-Kagera-ASAQ-Others-ASAQ-Delay-2y,36,0.6880940638888391,2031
004/094-region-specific-Kagera-ASAQ-Others-ASAQ-Delay-2y,37,0.6736247305521356,2031
004/094-region-specific-Kagera-ASAQ-Others-ASAQ-Delay-2y,38,0.6929691954049145,2031
004/094-region-specific-Kagera-ASAQ-Others-ASAQ-Delay-2y,39,0.6813697145512223,2031
004/094-region-specific-Kagera-ASAQ-Others-ASAQ-Delay-2y,40,0.7153204611407792,2031
004/094-region-specific-Kagera-ASAQ-Others-ASAQ-Delay-2y,41,0.7319869696177608,2031
004/094-region-specific-Kagera-ASAQ-Others-ASAQ-Delay-2y,42,0.6900145023076841,2031
004/094-region-specific-Kagera-ASAQ-Others-ASAQ-Delay-2y,43,0.7050118104118274,2031
004/094-region-specific-Kagera-ASAQ-Others-ASAQ-Delay-2y,44,0.7065823898343232,2031
004/094-region-specific-Kagera-ASAQ-Others-ASAQ-Delay-2y,45,0.6936139092205539,2031
004/094-region-specific-Kagera-ASAQ-Others-ASAQ-Delay-2y,46,0.6944511760753986,2031
004/094-region-specific-Kagera-ASAQ-Others-ASAQ-Delay-2y,47,0.694320945169235,2031
004/094-region-specific-Kagera-ASAQ-Others-ASAQ-Delay-2y,48,0.6823476831747611,2031
004/094-region-specific-Kagera-ASAQ-Others-ASAQ-Delay-2y,49,0.7227887137445439,2031
004/094-region-specific-Kagera-ASAQ-Others-ASAQ-Delay-2y,50,0.6919561038930627,2031
004/094-region-specific-Kagera-ASAQ-Others-ASAQ-Delay-2y,51,0.7023054434777749,2031
004/094-region-specific-Kagera-ASAQ-Others-ASAQ-Delay-2y,52,0.708820360936362,2031
004/094-region-specific-Kagera-ASAQ-Others-ASAQ-Delay-2y,53,0.7273949310315283,2031
004/094-region-specific-Kagera-ASAQ-Others-ASAQ-Delay-2y,54,0.6759095345225942,2031
004/094-region-specific-Kagera-ASAQ-Others-ASAQ-Delay-2y,55,0.7020694492837807,2031
004/094-region-specific-Kagera-ASAQ-Others-ASAQ-Delay-2y,56,0.6970784338613143,2031
004/094-region-specific-Kagera-ASAQ-Others-ASAQ-Delay-2y,57,0.7152887708410244,2031
004/094-region-specific-Kagera-ASAQ-Others-ASAQ-Delay-2y,58,0.6813527956622744,2031
004/094-region-specific-Kagera-ASAQ-Others-ASAQ-Delay-2y,59,0.6843020610582031,2031
004/094-region-specific-Kagera-ASAQ-Others-ASAQ-Delay-2y,60,0.6969440036686471,2031
004/094-region-specific-Kagera-ASAQ-Others-ASAQ-Delay-2y,61,0.7125142964056271,2031
004/094-region-specific-Kagera-ASAQ-Others-ASAQ-Delay-2y,62,0.6921212352521735,2031
004/094-region-specific-Kagera-ASAQ-Others-ASAQ-Delay-2y,63,0.709397288482283,2031
004/094-region-specific-Kagera-ASAQ-Others-ASAQ-Delay-2y,64,0.7033345539020531,2031
004/094-region-specific-Kagera-ASAQ-Others-ASAQ-Delay-2y,65,0.6765923602952703,2031
004/094-region-specific-Kagera-ASAQ-Others-ASAQ-Delay-2y,66,0.7156397686884421,2031
004/094-region-specific-Kagera-ASAQ-Others-ASAQ-Delay-2y,67,0.7240467347920067,2031
004/094-region-specific-Kagera-ASAQ-Others-ASAQ-Delay-2y,68,0.6836865727514706,2031
004/094-region-specific-Kagera-ASAQ-Others-ASAQ-Delay-2y,69,0.6694338127986006,2031
004/094-region-specific-Kagera-ASAQ-Others-ASAQ-Delay-2y,70,0.6760196685081096,2031
004/094-region-specific-Kagera-ASAQ-Others-ASAQ-Delay-2y,71,0.6965735049847663,2031
004/094-region-specific-Kagera-ASAQ-Others-ASAQ-Delay-2y,72,0.6947429707414798,2031
004/094-region-specific-Kagera-ASAQ-Others-ASAQ-Delay-2y,73,0.6830068229238679,2031
004/094-region-specific-Kagera-ASAQ-Others-ASAQ-Delay-2y,74,0.6909740360468929,2031
004/094-region-specific-Kagera-ASAQ-Others-ASAQ-Delay-2y,75,0.7154922522003222,2031
004/094-region-specific-Kagera-ASAQ-Others-ASAQ-Delay-2y,76,0.7014425471174119,2031
004/094-region-specific-Kagera-ASAQ-Others-ASAQ-Delay-2y,77,0.6708450472762748,2031
004/094-region-specific-Kagera-ASAQ-Others-ASAQ-Delay-2y,78,0.6819343310409686,2031
004/094-region-specific-Kagera-ASAQ-Others-ASAQ-Delay-2y,79,0.7019256218499015,2031
004/094-region-specific-Kagera-ASAQ-Others-ASAQ-Delay-2y,80,0.6561411948462762,2031
004/094-region-specific-Kagera-ASAQ-Others-ASAQ-Delay-2y,81,0.6520788887859075,2031
004/094-region-specific-Kagera-ASAQ-Others-ASAQ-Delay-2y,82,0.695359750045105,2031
004/094-region-specific-Kagera-ASAQ-Others-ASAQ-Delay-2y,83,0.7009535630934143,2031
004/094-region-specific-Kagera-ASAQ-Others-ASAQ-Delay-2y,84,0.7186082295867694,2031
004/094-region-specific-Kagera-ASAQ-Others-ASAQ-Delay-2y,85,0.6894958975238074,2031
004/094-region-specific-Kagera-ASAQ-Others-ASAQ-Delay-2y,86,0.6923026193420797,2031
004/094-region-specific-Kagera-ASAQ-Others-ASAQ-Delay-2y,87,0.7070581417173512,2031
004/094-region-specific-Kagera-ASAQ-Others-ASAQ-Delay-2y,88,0.7070240389655206,2031
004/094-region-specific-Kagera-ASAQ-Others-ASAQ-Delay-2y,89,0.687504317938747,2031
004/094-region-specific-Kagera-ASAQ-Others-ASAQ-Delay-2y,90,0.7363872626376923,2031
004/094-region-specific-Kagera-ASAQ-Others-ASAQ-Delay-2y,91,0.6952938908286396,2031
004/094-region-specific-Kagera-ASAQ-Others-ASAQ-Delay-2y,92,0.7061910696981734,2031
004/094-region-specific-Kagera-ASAQ-Others-ASAQ-Delay-2y,93,0.6782958552842512,2031
004/094-region-specific-Kagera-ASAQ-Others-ASAQ-Delay-2y,94,0.6897978951310774,2031
004/094-region-specific-Kagera-ASAQ-Others-ASAQ-Delay-2y,95,0.7131165624480881,2031
004/094-region-specific-Kagera-ASAQ-Others-ASAQ-Delay-2y,96,0.6858882987437246,2031
004/094-region-specific-Kagera-ASAQ-Others-ASAQ-Delay-2y,97,0.6954587766482921,2031
004/094-region-specific-Kagera-ASAQ-Others-ASAQ-Delay-2y,98,0.6975122028915709,2031
004/094-region-specific-Kagera-ASAQ-Others-ASAQ-Delay-2y,99,0.6939896035714779,2031
004/095-region-specific-Kagera-DHAPPQ-Others-ASAQ-Delay-0y,0,0.711692636999509,2031
004/095-region-specific-Kagera-DHAPPQ-Others-ASAQ-Delay-0y,1,0.7044325369306906,2031
004/095-region-specific-Kagera-DHAPPQ-Others-ASAQ-Delay-0y,2,0.6867311442403482,2031
004/095-region-specific-Kagera-DHAPPQ-Others-ASAQ-Delay-0y,3,0.6820892266017918,2031
004/095-region-specific-Kagera-DHAPPQ-Others-ASAQ-Delay-0y,4,0.7084223708319083,2031
004/095-region-specific-Kagera-DHAPPQ-Others-ASAQ-Delay-0y,5,0.6764072156183015,2031
004/095-region-specific-Kagera-DHAPPQ-Others-ASAQ-Delay-0y,6,0.6785427183108877,2031
004/095-region-specific-Kagera-DHAPPQ-Others-ASAQ-Delay-0y,7,0.6748768582113117,2031
004/095-region-specific-Kagera-DHAPPQ-Others-ASAQ-Delay-0y,8,0.6934016504430421,2031
004/095-region-specific-Kagera-DHAPPQ-Others-ASAQ-Delay-0y,9,0.7080675802871018,2031
004/095-region-specific-Kagera-DHAPPQ-Others-ASAQ-Delay-0y,10,0.6795065118410419,2031
004/095-region-specific-Kagera-DHAPPQ-Others-ASAQ-Delay-0y,11,0.69076490136952,2031
004/095-region-specific-Kagera-DHAPPQ-Others-ASAQ-Delay-0y,12,0.7058872048317079,2031
004/095-region-specific-Kagera-DHAPPQ-Others-ASAQ-Delay-0y,13,0.6737950653478922,2031
004/095-region-specific-Kagera-DHAPPQ-Others-ASAQ-Delay-0y,14,0.6678704215924179,2031
004/095-region-specific-Kagera-DHAPPQ-Others-ASAQ-Delay-0y,15,0.6799476257208518,2031
004/095-region-specific-Kagera-DHAPPQ-Others-ASAQ-Delay-0y,16,0.6677828727553998,2031
004/095-region-specific-Kagera-DHAPPQ-Others-ASAQ-Delay-0y,17,0.7004954694126965,2031
004/095-region-specific-Kagera-DHAPPQ-Others-ASAQ-Delay-0y,18,0.7151795929723129,2031
004/095-region-specific-Kagera-DHAPPQ-Others-ASAQ-Delay-0y,19,0.6918794850396465,2031
004/095-region-specific-Kagera-DHAPPQ-Others-ASAQ-Delay-0y,20,0.694092005119849,2031
004/095-region-specific-Kagera-DHAPPQ-Others-ASAQ-Delay-0y,21,0.6904558735565143,2031
004/095-region-specific-Kagera-DHAPPQ-Others-ASAQ-Delay-0y,22,0.6874596365553526,2031
004/095-region-specific-Kagera-DHAPPQ-Others-ASAQ-Delay-0y,23,0.6865986499163409,2031
004/095-region-specific-Kagera-DHAPPQ-Others-ASAQ-Delay-0y,24,0.7062168002062621,2031
004/095-region-specific-Kagera-DHAPPQ-Others-ASAQ-Delay-0y,25,0.6968059815858999,2031
004/095-region-specific-Kagera-DHAPPQ-Others-ASAQ-Delay-0y,26,0.6693360065860904,2031
004/095-region-specific-Kagera-DHAPPQ-Others-ASAQ-Delay-0y,27,0.6722463752951263,2031
004/095-region-specific-Kagera-DHAPPQ-Others-ASAQ-Delay-0y,28,0.7148746254120631,2031
004/095-region-specific-Kagera-DHAPPQ-Others-ASAQ-Delay-0y,29,0.7011178061982122,2031
004/095-region-specific-Kagera-DHAPPQ-Others-ASAQ-Delay-0y,30,0.710982513971333,2031
004/095-region-specific-Kagera-DHAPPQ-Others-ASAQ-Delay-0y,31,0.6687559297045667,2031
004/095-region-specific-Kagera-DHAPPQ-Others-ASAQ-Delay-0y,32,0.6889754991859659,2031
004/095-region-specific-Kagera-DHAPPQ-Others-ASAQ-Delay-0y,33,0.6873254637328935,2031
004/095-region-specific-Kagera-DHAPPQ-Others-ASAQ-Delay-0y,34,0.6983237994867451,2031
004/095-region-specific-Kagera-DHAPPQ-Others-ASAQ-Delay-0y,35,0.6811985065613477,2031
004/095-region-specific-Kagera-DHAPPQ-Others-ASAQ-Delay-0y,36,0.7040706944703125,2031
004/095-region-specific-Kagera-DHAPPQ-Others-ASAQ-Delay-0y,37,0.6790624841928051,2031
004/095-region-specific-Kagera-DHAPPQ-Others-ASAQ-Delay-0y,38,0.6926255958711134,2031
004/095-region-specific-Kagera-DHAPPQ-Others-ASAQ-Delay-0y,39,0.6924138683223119,2031
004/095-region-specific-Kagera-DHAPPQ-Others-ASAQ-Delay-0y,40,0.6848105500514929,2031
004/095-region-specific-Kagera-DHAPPQ-Others-ASAQ-Delay-0y,41,0.6756232953656715,2031
004/095-region-specific-Kagera-DHAPPQ-Others-ASAQ-Delay-0y,42,0.6802030747132002,2031
004/095-region-specific-Kagera-DHAPPQ-Others-ASAQ-Delay-0y,43,0.6784948570512573,2031
004/095-region-specific-Kagera-DHAPPQ-Others-ASAQ-Delay-0y,44,0.6924753015463428,2031
004/095-region-specific-Kagera-DHAPPQ-Others-ASAQ-Delay-0y,45,0.6765139439774349,2031
004/095-region-specific-Kagera-DHAPPQ-Others-ASAQ-Delay-0y,46,0.6713964245505105,2031
004/095-region-specific-Kagera-DHAPPQ-Others-ASAQ-Delay-0y,47,0.7019272708081757,2031
004/095-region-specific-Kagera-DHAPPQ-Others-ASAQ-Delay-0y,48,0.6846072207733215,2031
004/095-region-specific-Kagera-DHAPPQ-Others-ASAQ-Delay-0y,49,0.6852511617597153,2031
004/095-region-specific-Kagera-DHAPPQ-Others-ASAQ-Delay-0y,50,0.6814815932080652,2031
004/095-region-specific-Kagera-DHAPPQ-Others-ASAQ-Delay-0y,51,0.6964196780252117,2031
004/095-region-specific-Kagera-DHAPPQ-Others-ASAQ-Delay-0y,52,0.7022852231609066,2031
004/095-region-specific-Kagera-DHAPPQ-Others-ASAQ-Delay-0y,53,0.6918342116301107,2031
004/095-region-specific-Kagera-DHAPPQ-Others-ASAQ-Delay-0y,54,0.6791355962585356,2031
004/095-region-specific-Kagera-DHAPPQ-Others-ASAQ-Delay-0y,55,0.6920195239702331,2031
004/095-region-specific-Kagera-DHAPPQ-Others-ASAQ-Delay-0y,56,0.6709752433667916,2031
004/095-region-specific-Kagera-DHAPPQ-Others-ASAQ-Delay-0y,57,0.6764609297137033,2031
004/095-region-specific-Kagera-DHAPPQ-Others-ASAQ-Delay-0y,58,0.6913713624689007,2031
004/095-region-specific-Kagera-DHAPPQ-Others-ASAQ-Delay-0y,59,0.6882669866350954,2031
004/095-region-specific-Kagera-DHAPPQ-Others-ASAQ-Delay-0y,60,0.6925017669713583,2031
004/095-region-specific-Kagera-DHAPPQ-Others-ASAQ-Delay-0y,61,0.6753491089711532,2031
004/095-region-specific-Kagera-DHAPPQ-Others-ASAQ-Delay-0y,62,0.6846981370557947,2031
004/095-region-specific-Kagera-DHAPPQ-Others-ASAQ-Delay-0y,63,0.6666096833690367,2031
004/095-region-specific-Kagera-DHAPPQ-Others-ASAQ-Delay-0y,64,0.6576332692463808,2031
004/095-region-specific-Kagera-DHAPPQ-Others-ASAQ-Delay-0y,65,0.6933236460241164,2031
004/095-region-specific-Kagera-DHAPPQ-Others-ASAQ-Delay-0y,66,0.6810085547648529,2031
004/095-region-specific-Kagera-DHAPPQ-Others-ASAQ-Delay-0y,67,0.6933295239937131,2031
004/095-region-specific-Kagera-DHAPPQ-Others-ASAQ-Delay-0y,68,0.6972427948137317,2031
004/095-region-specific-Kagera-DHAPPQ-Others-ASAQ-Delay-0y,69,0.6544952920449942,2031
004/095-region-specific-Kagera-DHAPPQ-Others-ASAQ-Delay-0y,70,0.677672415186192,2031
004/095-region-specific-Kagera-DHAPPQ-Others-ASAQ-Delay-0y,71,0.6815940039054228,2031
004/095-region-specific-Kagera-DHAPPQ-Others-ASAQ-Delay-0y,72,0.683131145044454,2031
004/095-region-specific-Kagera-DHAPPQ-Others-ASAQ-Delay-0y,73,0.701486853577611,2031
004/095-region-specific-Kagera-DHAPPQ-Others-ASAQ-Delay-0y,74,0.6745724269322136,2031
004/095-region-specific-Kagera-DHAPPQ-Others-ASAQ-Delay-0y,75,0.678458803191837,2031
004/095-region-specific-Kagera-DHAPPQ-Others-ASAQ-Delay-0y,76,0.6831901997126124,2031
004/095-region-specific-Kagera-DHAPPQ-Others-ASAQ-Delay-0y,77,0.6985389041973011,2031
004/095-region-specific-Kagera-DHAPPQ-Others-ASAQ-Delay-0y,78,0.6921829915596129,2031
004/095-region-specific-Kagera-DHAPPQ-Others-ASAQ-Delay-0y,79,0.685176021450303,2031
004/095-region-specific-Kagera-DHAPPQ-Others-ASAQ-Delay-0y,80,0.677687657597137,2031
004/095-region-specific-Kagera-DHAPPQ-Others-ASAQ-Delay-0y,81,0.6696782187026714,2031
004/095-region-specific-Kagera-DHAPPQ-Others-ASAQ-Delay-0y,82,0.6794540753416322,2031
004/095-region-specific-Kagera-DHAPPQ-Others-ASAQ-Delay-0y,83,0.6724871654806927,2031
004/095-region-specific-Kagera-DHAPPQ-Others-ASAQ-Delay-0y,84,0.6963089169485822,2031
004/095-region-specific-Kagera-DHAPPQ-Others-ASAQ-Delay-0y,85,0.6950176104772522,2031
004/095-region-specific-Kagera-DHAPPQ-Others-ASAQ-Delay-0y,86,0.6859600827068534,2031
004/095-region-specific-Kagera-DHAPPQ-Others-ASAQ-Delay-0y,87,0.6863560260079266,2031
004/095-region-specific-Kagera-DHAPPQ-Others-ASAQ-Delay-0y,88,0.6966905011753153,2031
004/095-region-specific-Kagera-DHAPPQ-Others-ASAQ-Delay-0y,89,0.6801113503969053,2031
004/095-region-specific-Kagera-DHAPPQ-Others-ASAQ-Delay-0y,90,0.7067058736349662,2031
004/095-region-specific-Kagera-DHAPPQ-Others-ASAQ-Delay-0y,91,0.6861005784412214,2031
004/095-region-specific-Kagera-DHAPPQ-Others-ASAQ-Delay-0y,92,0.684664382975798,2031
004/095-region-specific-Kagera-DHAPPQ-Others-ASAQ-Delay-0y,93,0.6942572838477082,2031
004/095-region-specific-Kagera-DHAPPQ-Others-ASAQ-Delay-0y,94,0.707659232580986,2031
004/095-region-specific-Kagera-DHAPPQ-Others-ASAQ-Delay-0y,95,0.6851362152511253,2031
004/095-region-specific-Kagera-DHAPPQ-Others-ASAQ-Delay-0y,96,0.6854612457685169,2031
004/095-region-specific-Kagera-DHAPPQ-Others-ASAQ-Delay-0y,97,0.6585214605879846,2031
004/095-region-specific-Kagera-DHAPPQ-Others-ASAQ-Delay-0y,98,0.677906814891781,2031
004/095-region-specific-Kagera-DHAPPQ-Others-ASAQ-Delay-0y,99,0.7017343573286143,2031
004/096-region-specific-Kagera-DHAPPQ-Others-ASAQ-Delay-1y,0,0.696165926841586,2031
004/096-region-specific-Kagera-DHAPPQ-Others-ASAQ-Delay-1y,1,0.7271347393643431,2031
004/096-region-specific-Kagera-DHAPPQ-Others-ASAQ-Delay-1y,2,0.7140176297287605,2031
004/096-region-specific-Kagera-DHAPPQ-Others-ASAQ-Delay-1y,3,0.6981763623333692,2031
004/096-region-specific-Kagera-DHAPPQ-Others-ASAQ-Delay-1y,4,0.7045737038044962,2031
004/096-region-specific-Kagera-DHAPPQ-Others-ASAQ-Delay-1y,5,0.6946214830432562,2031
004/096-region-specific-Kagera-DHAPPQ-Others-ASAQ-Delay-1y,6,0.7034683494461014,2031
004/096-region-specific-Kagera-DHAPPQ-Others-ASAQ-Delay-1y,7,0.68876669317588,2031
004/096-region-specific-Kagera-DHAPPQ-Others-ASAQ-Delay-1y,8,0.6822499543044079,2031
004/096-region-specific-Kagera-DHAPPQ-Others-ASAQ-Delay-1y,9,0.7057775370933227,2031
004/096-region-specific-Kagera-DHAPPQ-Others-ASAQ-Delay-1y,10,0.7234826890054503,2031
004/096-region-specific-Kagera-DHAPPQ-Others-ASAQ-Delay-1y,11,0.712192561318497,2031
004/096-region-specific-Kagera-DHAPPQ-Others-ASAQ-Delay-1y,12,0.6799175477276327,2031
004/096-region-specific-Kagera-DHAPPQ-Others-ASAQ-Delay-1y,13,0.6705826029294485,2031
004/096-region-specific-Kagera-DHAPPQ-Others-ASAQ-Delay-1y,14,0.6981935152236258,2031
004/096-region-specific-Kagera-DHAPPQ-Others-ASAQ-Delay-1y,15,0.6815468826493715,2031
004/096-region-specific-Kagera-DHAPPQ-Others-ASAQ-Delay-1y,16,0.7055809866415806,2031
004/096-region-specific-Kagera-DHAPPQ-Others-ASAQ-Delay-1y,17,0.7169338715242816,2031
004/096-region-specific-Kagera-DHAPPQ-Others-ASAQ-Delay-1y,18,0.7028601181169373,2031
004/096-region-specific-Kagera-DHAPPQ-Others-ASAQ-Delay-1y,19,0.7377551127031445,2031
004/096-region-specific-Kagera-DHAPPQ-Others-ASAQ-Delay-1y,20,0.6861745734849279,2031
004/096-region-specific-Kagera-DHAPPQ-Others-ASAQ-Delay-1y,21,0.6841336614421883,2031
004/096-region-specific-Kagera-DHAPPQ-Others-ASAQ-Delay-1y,22,0.6915468918374709,2031
004/096-region-specific-Kagera-DHAPPQ-Others-ASAQ-Delay-1y,23,0.7023535069976438,2031
004/096-region-specific-Kagera-DHAPPQ-Others-ASAQ-Delay-1y,24,0.701981272473346,2031
004/096-region-specific-Kagera-DHAPPQ-Others-ASAQ-Delay-1y,25,0.6987107753405839,2031
004/096-region-specific-Kagera-DHAPPQ-Others-ASAQ-Delay-1y,26,0.6993402971201125,2031
004/096-region-specific-Kagera-DHAPPQ-Others-ASAQ-Delay-1y,27,0.6916406550780206,2031
004/096-region-specific-Kagera-DHAPPQ-Others-ASAQ-Delay-1y,28,0.7108117055806775,2031
004/096-region-specific-Kagera-DHAPPQ-Others-ASAQ-Delay-1y,29,0.657032933963268,2031
004/096-region-specific-Kagera-DHAPPQ-Others-ASAQ-Delay-1y,30,0.6789367061939435,2031
004/096-region-specific-Kagera-DHAPPQ-Others-ASAQ-Delay-1y,31,0.7078194100400764,2031
004/096-region-specific-Kagera-DHAPPQ-Others-ASAQ-Delay-1y,32,0.7055889177663227,2031
004/096-region-specific-Kagera-DHAPPQ-Others-ASAQ-Delay-1y,33,0.7273866188755584,2031
004/096-region-specific-Kagera-DHAPPQ-Others-ASAQ-Delay-1y,34,0.691424879893194,2031
004/096-region-specific-Kagera-DHAPPQ-Others-ASAQ-Delay-1y,35,0.691753024448658,2031
004/096-region-specific-Kagera-DHAPPQ-Others-ASAQ-Delay-1y,36,0.7054158568172856,2031
004/096-region-specific-Kagera-DHAPPQ-Others-ASAQ-Delay-1y,37,0.7124669714052428,2031
004/096-region-specific-Kagera-DHAPPQ-Others-ASAQ-Delay-1y,38,0.6984727398420745,2031
004/096-region-specific-Kagera-DHAPPQ-Others-ASAQ-Delay-1y,39,0.7001384358752075,2031
004/096-region-specific-Kagera-DHAPPQ-Others-ASAQ-Delay-1y,40,0.6849940368875953,2031
004/096-region-specific-Kagera-DHAPPQ-Others-ASAQ-Delay-1y,41,0.7193789337964155,2031
004/096-region-specific-Kagera-DHAPPQ-Others-ASAQ-Delay-1y,42,0.7098640363845118,2031
004/096-region-specific-Kagera-DHAPPQ-Others-ASAQ-Delay-1y,43,0.6994946849369005,2031
004/096-region-specific-Kagera-DHAPPQ-Others-ASAQ-Delay-1y,44,0.690458866553563,2031
004/096-region-specific-Kagera-DHAPPQ-Others-ASAQ-Delay-1y,45,0.6780236736452135,2031
004/096-region-specific-Kagera-DHAPPQ-Others-ASAQ-Delay-1y,46,0.7073164769450861,2031
004/096-region-specific-Kagera-DHAPPQ-Others-ASAQ-Delay-1y,47,0.7133479065169217,2031
004/096-region-specific-Kagera-DHAPPQ-Others-ASAQ-Delay-1y,48,0.6768537697354081,2031
004/096-region-specific-Kagera-DHAPPQ-Others-ASAQ-Delay-1y,49,0.7289522581794791,2031
004/096-region-specific-Kagera-DHAPPQ-Others-ASAQ-Delay-1y,50,0.6653167010672899,2031
004/096-region-specific-Kagera-DHAPPQ-Others-ASAQ-Delay-1y,51,0.6991199595965516,2031
004/096-region-specific-Kagera-DHAPPQ-Others-ASAQ-Delay-1y,52,0.6916909524846369,2031
004/096-region-specific-Kagera-DHAPPQ-Others-ASAQ-Delay-1y,53,0.6777118401777349,2031
004/096-region-specific-Kagera-DHAPPQ-Others-ASAQ-Delay-1y,54,0.6993689206442667,2031
004/096-region-specific-Kagera-DHAPPQ-Others-ASAQ-Delay-1y,55,0.7025438685737574,2031
004/096-region-specific-Kagera-DHAPPQ-Others-ASAQ-Delay-1y,56,0.6938454179118206,2031
004/096-region-specific-Kagera-DHAPPQ-Others-ASAQ-Delay-1y,57,0.7117104007787437,2031
004/096-region-specific-Kagera-DHAPPQ-Others-ASAQ-Delay-1y,58,0.7059407712136833,2031
004/096-region-specific-Kagera-DHAPPQ-Others-ASAQ-Delay-1y,59,0.6800451219996048,2031
004/096-region-specific-Kagera-DHAPPQ-Others-ASAQ-Delay-1y,60,0.7076461766567204,2031
004/096-region-specific-Kagera-DHAPPQ-Others-ASAQ-Delay-1y,61,0.7188956184316838,2031
004/096-region-specific-Kagera-DHAPPQ-Others-ASAQ-Delay-1y,62,0.719140596713865,2031
004/096-region-specific-Kagera-DHAPPQ-Others-ASAQ-Delay-1y,63,0.6979882192909637,2031
004/096-region-specific-Kagera-DHAPPQ-Others-ASAQ-Delay-1y,64,0.6982396768168697,2031
004/096-region-specific-Kagera-DHAPPQ-Others-ASAQ-Delay-1y,65,0.7159305020053589,2031
004/096-region-specific-Kagera-DHAPPQ-Others-ASAQ-Delay-1y,66,0.7178132164932793,2031
004/096-region-specific-Kagera-DHAPPQ-Others-ASAQ-Delay-1y,67,0.7089133623524421,2031
004/096-region-specific-Kagera-DHAPPQ-Others-ASAQ-Delay-1y,68,0.6721040566526614,2031
004/096-region-specific-Kagera-DHAPPQ-Others-ASAQ-Delay-1y,69,0.7236226513802508,2031
004/096-region-specific-Kagera-DHAPPQ-Others-ASAQ-Delay-1y,70,0.7017254276264918,2031
004/096-region-specific-Kagera-DHAPPQ-Others-ASAQ-Delay-1y,71,0.6928603739395373,2031
004/096-region-specific-Kagera-DHAPPQ-Others-ASAQ-Delay-1y,72,0.7393883183753344,2031
004/096-region-specific-Kagera-DHAPPQ-Others-ASAQ-Delay-1y,73,0.6863967649434027,2031
004/096-region-specific-Kagera-DHAPPQ-Others-ASAQ-Delay-1y,74,0.7211209677564142,2031
004/096-region-specific-Kagera-DHAPPQ-Others-ASAQ-Delay-1y,75,0.7069364131950868,2031
004/096-region-specific-Kagera-DHAPPQ-Others-ASAQ-Delay-1y,76,0.6791417547602702,2031
004/096-region-specific-Kagera-DHAPPQ-Others-ASAQ-Delay-1y,77,0.7091808075649199,2031
004/096-region-specific-Kagera-DHAPPQ-Others-ASAQ-Delay-1y,78,0.6903463163333977,2031
004/096-region-specific-Kagera-DHAPPQ-Others-ASAQ-Delay-1y,79,0.7002287972793662,2031
004/096-region-specific-Kagera-DHAPPQ-Others-ASAQ-Delay-1y,80,0.6842002534461207,2031
004/096-region-specific-Kagera-DHAPPQ-Others-ASAQ-Delay-1y,81,0.6980018085714988,2031
004/096-region-specific-Kagera-DHAPPQ-Others-ASAQ-Delay-1y,82,0.7039049020339503,2031
004/096-region-specific-Kagera-DHAPPQ-Others-ASAQ-Delay-1y,83,0.7099745371955697,2031
004/096-region-specific-Kagera-DHAPPQ-Others-ASAQ-Delay-1y,84,0.6995840652031768,2031
004/096-region-specific-Kagera-DHAPPQ-Others-ASAQ-Delay-1y,85,0.7073962208005081,2031
004/096-region-specific-Kagera-DHAPPQ-Others-ASAQ-Delay-1y,86,0.7204611599167755,2031
004/096-region-specific-Kagera-DHAPPQ-Others-ASAQ-Delay-1y,87,0.7123047114238487,2031
004/096-region-specific-Kagera-DHAPPQ-Others-ASAQ-Delay-1y,88,0.7234206548848324,2031
004/096-region-specific-Kagera-DHAPPQ-Others-ASAQ-Delay-1y,89,0.6946410600492778,2031
004/096-region-specific-Kagera-DHAPPQ-Others-ASAQ-Delay-1y,90,0.7110361025887638,2031
004/096-region-specific-Kagera-DHAPPQ-Others-ASAQ-Delay-1y,91,0.7165173782296375,2031
004/096-region-specific-Kagera-DHAPPQ-Others-ASAQ-Delay-1y,92,0.7130096088973388,2031
004/096-region-specific-Kagera-DHAPPQ-Others-ASAQ-Delay-1y,93,0.7069378069362081,2031
004/096-region-specific-Kagera-DHAPPQ-Others-ASAQ-Delay-1y,94,0.6973839971629223,2031
004/096-region-specific-Kagera-DHAPPQ-Others-ASAQ-Delay-1y,95,0.709352598891023,2031
004/096-region-specific-Kagera-DHAPPQ-Others-ASAQ-Delay-1y,96,0.694337832374026,2031
004/096-region-specific-Kagera-DHAPPQ-Others-ASAQ-Delay-1y,97,0.7158391553482527,2031
004/096-region-specific-Kagera-DHAPPQ-Others-ASAQ-Delay-1y,98,0.6621114476349373,2031
004/096-region-specific-Kagera-DHAPPQ-Others-ASAQ-Delay-1y,99,0.7351381419352317,2031
004/097-region-specific-Kagera-DHAPPQ-Others-ASAQ-Delay-2y,0,0.733727948805594,2031
004/097-region-specific-Kagera-DHAPPQ-Others-ASAQ-Delay-2y,1,0.7097688339955867,2031
004/097-region-specific-Kagera-DHAPPQ-Others-ASAQ-Delay-2y,2,0.7245136546305869,2031
004/097-region-specific-Kagera-DHAPPQ-Others-ASAQ-Delay-2y,3,0.7006205077572146,2031
004/097-region-specific-Kagera-DHAPPQ-Others-ASAQ-Delay-2y,4,0.7466701235527394,2031
004/097-region-specific-Kagera-DHAPPQ-Others-ASAQ-Delay-2y,5,0.7197825564306934,2031
004/097-region-specific-Kagera-DHAPPQ-Others-ASAQ-Delay-2y,6,0.7449775744251937,2031
004/097-region-specific-Kagera-DHAPPQ-Others-ASAQ-Delay-2y,7,0.7295858475062674,2031
004/097-region-specific-Kagera-DHAPPQ-Others-ASAQ-Delay-2y,8,0.7264584157794692,2031
004/097-region-specific-Kagera-DHAPPQ-Others-ASAQ-Delay-2y,9,0.7119392903364155,2031
004/097-region-specific-Kagera-DHAPPQ-Others-ASAQ-Delay-2y,10,0.7121850909618495,2031
004/097-region-specific-Kagera-DHAPPQ-Others-ASAQ-Delay-2y,11,0.7179947626056488,2031
004/097-region-specific-Kagera-DHAPPQ-Others-ASAQ-Delay-2y,12,0.7140307958625146,2031
004/097-region-specific-Kagera-DHAPPQ-Others-ASAQ-Delay-2y,13,0.7383589024374411,2031
004/097-region-specific-Kagera-DHAPPQ-Others-ASAQ-Delay-2y,14,0.6958835522119543,2031
004/097-region-specific-Kagera-DHAPPQ-Others-ASAQ-Delay-2y,15,0.7381544043290594,2031
004/097-region-specific-Kagera-DHAPPQ-Others-ASAQ-Delay-2y,16,0.7125419206885099,2031
004/097-region-specific-Kagera-DHAPPQ-Others-ASAQ-Delay-2y,17,0.7454219872566982,2031
004/097-region-specific-Kagera-DHAPPQ-Others-ASAQ-Delay-2y,18,0.7286387369734304,2031
004/097-region-specific-Kagera-DHAPPQ-Others-ASAQ-Delay-2y,19,0.7451556691832685,2031
004/097-region-specific-Kagera-DHAPPQ-Others-ASAQ-Delay-2y,20,0.7665466898205392,2031
004/097-region-specific-Kagera-DHAPPQ-Others-ASAQ-Delay-2y,21,0.7321604846764709,2031
004/097-region-specific-Kagera-DHAPPQ-Others-ASAQ-Delay-2y,22,0.7228776132160899,2031
004/097-region-specific-Kagera-DHAPPQ-Others-ASAQ-Delay-2y,23,0.7107652435732356,2031
004/097-region-specific-Kagera-DHAPPQ-Others-ASAQ-Delay-2y,24,0.7451450752787605,2031
004/097-region-specific-Kagera-DHAPPQ-Others-ASAQ-Delay-2y,25,0.7373727714584905,2031
004/097-region-specific-Kagera-DHAPPQ-Others-ASAQ-Delay-2y,26,0.7274157486918126,2031
004/097-region-specific-Kagera-DHAPPQ-Others-ASAQ-Delay-2y,27,0.7297840977841222,2031
004/097-region-specific-Kagera-DHAPPQ-Others-ASAQ-Delay-2y,28,0.6894103416327302,2031
004/097-region-specific-Kagera-DHAPPQ-Others-ASAQ-Delay-2y,29,0.7171452915184836,2031
004/097-region-specific-Kagera-DHAPPQ-Others-ASAQ-Delay-2y,30,0.7173623096005168,2031
004/097-region-specific-Kagera-DHAPPQ-Others-ASAQ-Delay-2y,31,0.7272540309155177,2031
004/097-region-specific-Kagera-DHAPPQ-Others-ASAQ-Delay-2y,32,0.7339610667295794,2031
004/097-region-specific-Kagera-DHAPPQ-Others-ASAQ-Delay-2y,33,0.7308047248364294,2031
004/097-region-specific-Kagera-DHAPPQ-Others-ASAQ-Delay-2y,34,0.7111796259291411,2031
004/097-region-specific-Kagera-DHAPPQ-Others-ASAQ-Delay-2y,35,0.7244172950257458,2031
004/097-region-specific-Kagera-DHAPPQ-Others-ASAQ-Delay-2y,36,0.7249593501841524,2031
004/097-region-specific-Kagera-DHAPPQ-Others-ASAQ-Delay-2y,37,0.744913284637743,2031
004/097-region-specific-Kagera-DHAPPQ-Others-ASAQ-Delay-2y,38,0.7280903742655775,2031
004/097-region-specific-Kagera-DHAPPQ-Others-ASAQ-Delay-2y,39,0.7304949678521863,2031
004/097-region-specific-Kagera-DHAPPQ-Others-ASAQ-Delay-2y,40,0.7130963574232604,2031
004/097-region-specific-Kagera-DHAPPQ-Others-ASAQ-Delay-2y,41,0.7248680830986624,2031
004/097-region-specific-Kagera-DHAPPQ-Others-ASAQ-Delay-2y,42,0.7117173606605701,2031
004/097-region-specific-Kagera-DHAPPQ-Others-ASAQ-Delay-2y,43,0.7130328312281856,2031
004/097-region-specific-Kagera-DHAPPQ-Others-ASAQ-Delay-2y,44,0.7186759676832875,2031
004/097-region-specific-Kagera-DHAPPQ-Others-ASAQ-Delay-2y,45,0.7409726099805737,2031
004/097-region-specific-Kagera-DHAPPQ-Others-ASAQ-Delay-2y,46,0.7238482514428884,2031
004/097-region-specific-Kagera-DHAPPQ-Others-ASAQ-Delay-2y,47,0.7275236786953672,2031
004/097-region-specific-Kagera-DHAPPQ-Others-ASAQ-Delay-2y,48,0.7275721371651906,2031
004/097-region-specific-Kagera-DHAPPQ-Others-ASAQ-Delay-2y,49,0.6813938903366515,2031
004/097-region-specific-Kagera-DHAPPQ-Others-ASAQ-Delay-2y,50,0.7109854252382853,2031
004/097-region-specific-Kagera-DHAPPQ-Others-ASAQ-Delay-2y,51,0.7514129000849384,2031
004/097-region-specific-Kagera-DHAPPQ-Others-ASAQ-Delay-2y,52,0.7267528403522528,2031
004/097-region-specific-Kagera-DHAPPQ-Others-ASAQ-Delay-2y,53,0.730063017160424,2031
004/097-region-specific-Kagera-DHAPPQ-Others-ASAQ-Delay-2y,54,0.7293391799088157,2031
004/097-region-specific-Kagera-DHAPPQ-Others-ASAQ-Delay-2y,55,0.7069166916704864,2031
004/097-region-specific-Kagera-DHAPPQ-Others-ASAQ-Delay-2y,56,0.701699036009959,2031
004/097-region-specific-Kagera-DHAPPQ-Others-ASAQ-Delay-2y,57,0.6999453229295926,2031
004/097-region-specific-Kagera-DHAPPQ-Others-ASAQ-Delay-2y,58,0.7223567117725992,2031
004/097-region-specific-Kagera-DHAPPQ-Others-ASAQ-Delay-2y,59,0.7254476729449806,2031
004/097-region-specific-Kagera-DHAPPQ-Others-ASAQ-Delay-2y,60,0.7320908386676144,2031
004/097-region-specific-Kagera-DHAPPQ-Others-ASAQ-Delay-2y,61,0.7294983349001852,2031
004/097-region-specific-Kagera-DHAPPQ-Others-ASAQ-Delay-2y,62,0.7149183256863106,2031
004/097-region-specific-Kagera-DHAPPQ-Others-ASAQ-Delay-2y,63,0.74346716153253,2031
004/097-region-specific-Kagera-DHAPPQ-Others-ASAQ-Delay-2y,64,0.7420277193271212,2031
004/097-region-specific-Kagera-DHAPPQ-Others-ASAQ-Delay-2y,65,0.7184916379317597,2031
004/097-region-specific-Kagera-DHAPPQ-Others-ASAQ-Delay-2y,66,0.7271681363477968,2031
004/097-region-specific-Kagera-DHAPPQ-Others-ASAQ-Delay-2y,67,0.7310241045258309,2031
004/097-region-specific-Kagera-DHAPPQ-Others-ASAQ-Delay-2y,68,0.7133369108342026,2031
004/097-region-specific-Kagera-DHAPPQ-Others-ASAQ-Delay-2y,69,0.7378325359770557,2031
004/097-region-specific-Kagera-DHAPPQ-Others-ASAQ-Delay-2y,70,0.7183847320047466,2031
004/097-region-specific-Kagera-DHAPPQ-Others-ASAQ-Delay-2y,71,0.7745455605045816,2031
004/097-region-specific-Kagera-DHAPPQ-Others-ASAQ-Delay-2y,72,0.7171892227479431,2031
004/097-region-specific-Kagera-DHAPPQ-Others-ASAQ-Delay-2y,73,0.7336798093152543,2031
004/097-region-specific-Kagera-DHAPPQ-Others-ASAQ-Delay-2y,74,0.7300659149063177,2031
004/097-region-specific-Kagera-DHAPPQ-Others-ASAQ-Delay-2y,75,0.7282099914922666,2031
004/097-region-specific-Kagera-DHAPPQ-Others-ASAQ-Delay-2y,76,0.728017837779657,2031
004/097-region-specific-Kagera-DHAPPQ-Others-ASAQ-Delay-2y,77,0.7474401358820341,2031
004/097-region-specific-Kagera-DHAPPQ-Others-ASAQ-Delay-2y,78,0.7192594565007493,2031
004/097-region-specific-Kagera-DHAPPQ-Others-ASAQ-Delay-2y,79,0.7484484529302929,2031
004/097-region-specific-Kagera-DHAPPQ-Others-ASAQ-Delay-2y,80,0.727471086043043,2031
004/097-region-specific-Kagera-DHAPPQ-Others-ASAQ-Delay-2y,81,0.7405253888910851,2031
004/097-region-specific-Kagera-DHAPPQ-Others-ASAQ-Delay-2y,82,0.7023772731120999,2031
004/097-region-specific-Kagera-DHAPPQ-Others-ASAQ-Delay-2y,83,0.7376361089191681,2031
004/097-region-specific-Kagera-DHAPPQ-Others-ASAQ-Delay-2y,84,0.7316644759427237,2031
004/097-region-specific-Kagera-DHAPPQ-Others-ASAQ-Delay-2y,85,0.7369043609841595,2031
004/097-region-specific-Kagera-DHAPPQ-Others-ASAQ-Delay-2y,86,0.7081057127153146,2031
004/097-region-specific-Kagera-DHAPPQ-Others-ASAQ-Delay-2y,87,0.7007585903830219,2031
004/097-region-specific-Kagera-DHAPPQ-Others-ASAQ-Delay-2y,88,0.7190840188700838,2031
004/097-region-specific-Kagera-DHAPPQ-Others-ASAQ-Delay-2y,89,0.7095521886272977,2031
004/097-region-specific-Kagera-DHAPPQ-Others-ASAQ-Delay-2y,90,0.7153960617238218,2031
004/097-region-specific-Kagera-DHAPPQ-Others-ASAQ-Delay-2y,91,0.7439040226853574,2031
004/097-region-specific-Kagera-DHAPPQ-Others-ASAQ-Delay-2y,92,0.7312892810460546,2031
004/097-region-specific-Kagera-DHAPPQ-Others-ASAQ-Delay-2y,93,0.7230779179272181,2031
004/097-region-specific-Kagera-DHAPPQ-Others-ASAQ-Delay-2y,94,0.7580112576578649,2031
004/097-region-specific-Kagera-DHAPPQ-Others-ASAQ-Delay-2y,95,0.6989184010296206,2031
004/097-region-specific-Kagera-DHAPPQ-Others-ASAQ-Delay-2y,96,0.6947680815992415,2031
004/097-region-specific-Kagera-DHAPPQ-Others-ASAQ-Delay-2y,97,0.728389647175811,2031
004/097-region-specific-Kagera-DHAPPQ-Others-ASAQ-Delay-2y,98,0.7554224540930506,2031
004/097-region-specific-Kagera-DHAPPQ-Others-ASAQ-Delay-2y,99,0.7335605068285891,2031
004/098-Delay-ASAQ-1y,0,0.6923837163074911,2031
004/098-Delay-ASAQ-1y,1,0.6350942906452618,2031
004/098-Delay-ASAQ-1y,2,0.679697070946962,2031
004/098-Delay-ASAQ-1y,3,0.6875396806966906,2031
004/098-Delay-ASAQ-1y,4,0.6701458988959517,2031
004/098-Delay-ASAQ-1y,5,0.6799083029691818,2031
004/098-Delay-ASAQ-1y,6,0.6993291810581609,2031
004/098-Delay-ASAQ-1y,7,0.6579632331432881,2031
004/098-Delay-ASAQ-1y,8,0.6754019639646223,2031
004/098-Delay-ASAQ-1y,9,0.7159644245184994,2031
004/098-Delay-ASAQ-1y,10,0.6759985253693642,2031
004/098-Delay-ASAQ-1y,11,0.6888457860149612,2031
004/098-Delay-ASAQ-1y,12,0.7133555618044333,2031
004/098-Delay-ASAQ-1y,13,0.6885122357644361,2031
004/098-Delay-ASAQ-1y,14,0.708662928197563,2031
004/098-Delay-ASAQ-1y,15,0.6809990884130185,2031
004/098-Delay-ASAQ-1y,16,0.7065747916800657,2031
004/098-Delay-ASAQ-1y,17,0.6794718219086748,2031
004/098-Delay-ASAQ-1y,18,0.718390346167377,2031
004/098-Delay-ASAQ-1y,19,0.7044421997689284,2031
004/098-Delay-ASAQ-1y,20,0.6798893033430398,2031
004/098-Delay-ASAQ-1y,21,0.6647677363109233,2031
004/098-Delay-ASAQ-1y,22,0.7042281866739563,2031
004/098-Delay-ASAQ-1y,23,0.687480211781062,2031
004/098-Delay-ASAQ-1y,24,0.6994504082026212,2031
004/098-Delay-ASAQ-1y,25,0.6594604539682453,2031
004/098-Delay-ASAQ-1y,26,0.6643880515045307,2031
004/098-Delay-ASAQ-1y,27,0.6575001264740664,2031
004/098-Delay-ASAQ-1y,28,0.6804058488343842,2031
004/098-Delay-ASAQ-1y,29,0.6873340717302394,2031
004/098-Delay-ASAQ-1y,30,0.676339134860533,2031
004/098-Delay-ASAQ-1y,31,0.6842493402084601,2031
004/098-Delay-ASAQ-1y,32,0.6830260800242968,2031
004/098-Delay-ASAQ-1y,33,0.6782238730931086,2031
004/098-Delay-ASAQ-1y,34,0.7069733695968076,2031
004/098-Delay-ASAQ-1y,35,0.6620451856657833,2031
004/098-Delay-ASAQ-1y,36,0.6835805261374656,2031
004/098-Delay-ASAQ-1y,37,0.6567200392978415,2031
004/098-Delay-ASAQ-1y,38,0.6536658984224141,2031
004/098-Delay-ASAQ-1y,39,0.6706005648945546,2031
004/098-Delay-ASAQ-1y,40,0.6667453988655918,2031
004/098-Delay-ASAQ-1y,41,0.6923982341508097,2031
004/098-Delay-ASAQ-1y,42,0.6855705536877461,2031
004/098-Delay-ASAQ-1y,43,0.6659872905832268,2031
004/098-Delay-ASAQ-1y,44,0.6886192660629419,2031
004/098-Delay-ASAQ-1y,45,0.666151863724826,2031
004/098-Delay-ASAQ-1y,46,0.6684605366763714,2031
004/098-Delay-ASAQ-1y,47,0.7035522630617047,2031
004/098-Delay-ASAQ-1y,48,0.6764308015906245,2031
004/098-Delay-ASAQ-1y,49,0.6573287554385067,2031
004/098-Delay-ASAQ-1y,50,0.6889105894758552,2031
004/098-Delay-ASAQ-1y,51,0.6841080343874167,2031
004/098-Delay-ASAQ-1y,52,0.6872402757960603,2031
004/098-Delay-ASAQ-1y,53,0.675436275268707,2031
004/098-Delay-ASAQ-1y,54,0.6661499194977841,2031
004/098-Delay-ASAQ-1y,55,0.7195229554561707,2031
004/098-Delay-ASAQ-1y,56,0.6882390806305919,2031
004/098-Delay-ASAQ-1y,57,0.643729810314357,2031
004/098-Delay-ASAQ-1y,58,0.6673930136281828,2031
004/098-Delay-ASAQ-1y,59,0.6785896908501666,2031
004/098-Delay-ASAQ-1y,60,0.6925467372541686,2031
004/098-Delay-ASAQ-1y,61,0.6802689674002269,2031
004/098-Delay-ASAQ-1y,62,0.6859472260006864,2031
004/098-Delay-ASAQ-1y,63,0.7055861773325919,2031
004/098-Delay-ASAQ-1y,64,0.6829139021850521,2031
004/098-Delay-ASAQ-1y,65,0.723710881733674,2031
004/098-Delay-ASAQ-1y,66,0.7016122938239563,2031
004/098-Delay-ASAQ-1y,67,0.6705038378909434,2031
004/098-Delay-ASAQ-1y,68,0.6836765422381689,2031
004/098-Delay-ASAQ-1y,69,0.6563331960343735,2031
004/098-Delay-ASAQ-1y,70,0.6839664814465346,2031
004/098-Delay-ASAQ-1y,71,0.6523209464849561,2031
004/098-Delay-ASAQ-1y,72,0.6911621633087112,2031
004/098-Delay-ASAQ-1y,73,0.6820334084556411,2031
004/098-Delay-ASAQ-1y,74,0.7106995394857972,2031
004/098-Delay-ASAQ-1y,75,0.66846105101085,2031
004/098-Delay-ASAQ-1y,76,0.6946090602873266,2031
004/098-Delay-ASAQ-1y,77,0.6797778701945866,2031
004/098-Delay-ASAQ-1y,78,0.6591466849112616,2031
004/098-Delay-ASAQ-1y,79,0.7044271845318703,2031
004/098-Delay-ASAQ-1y,80,0.6834898880372999,2031
004/098-Delay-ASAQ-1y,81,0.678952769941268,2031
004/098-Delay-ASAQ-1y,82,0.6615878508565465,2031
004/098-Delay-ASAQ-1y,83,0.6852123084829872,2031
004/098-Delay-ASAQ-1y,84,0.7101453335994813,2031
004/098-Delay-ASAQ-1y,85,0.6982472587573473,2031
004/098-Delay-ASAQ-1y,86,0.6617743119756918,2031
004/098-Delay-ASAQ-1y,87,0.6590576364795723,2031
004/098-Delay-ASAQ-1y,88,0.6862581388157009,2031
004/098-Delay-ASAQ-1y,89,0.682871169929823,2031
004/098-Delay-ASAQ-1y,90,0.6986822335546271,2031
004/098-Delay-ASAQ-1y,91,0.6487796842574403,2031
004/098-Delay-ASAQ-1y,92,0.67435618827778,2031
004/098-Delay-ASAQ-1y,93,0.6701732413396462,2031
004/098-Delay-ASAQ-1y,94,0.6760356680835004,2031
004/098-Delay-ASAQ-1y,95,0.6658579143389861,2031
004/098-Delay-ASAQ-1y,96,0.657772984098927,2031
004/098-Delay-ASAQ-1y,97,0.6788380541526519,2031
004/098-Delay-ASAQ-1y,98,0.6913349616420784,2031
004/098-Delay-ASAQ-1y,99,0.6779325322943327,2031
004/099-Delay-ASAQ-2y,0,0.6701053000340864,2031
004/099-Delay-ASAQ-2y,1,0.6778946841920025,2031
004/099-Delay-ASAQ-2y,2,0.7160520707141765,2031
004/099-Delay-ASAQ-2y,3,0.7330697657352939,2031
004/099-Delay-ASAQ-2y,4,0.6958026322973279,2031
004/099-Delay-ASAQ-2y,5,0.6887438938964467,2031
004/099-Delay-ASAQ-2y,6,0.6968481815474844,2031
004/099-Delay-ASAQ-2y,7,0.7023203831905444,2031
004/099-Delay-ASAQ-2y,8,0.7190238078257707,2031
004/099-Delay-ASAQ-2y,9,0.7035941331002129,2031
004/099-Delay-ASAQ-2y,10,0.7270615435019511,2031
004/099-Delay-ASAQ-2y,11,0.6922163166573858,2031
004/099-Delay-ASAQ-2y,12,0.6971610866896528,2031
004/099-Delay-ASAQ-2y,13,0.7106095022518528,2031
004/099-Delay-ASAQ-2y,14,0.7040030066759143,2031
004/099-Delay-ASAQ-2y,15,0.6688772738243935,2031
004/099-Delay-ASAQ-2y,16,0.7082818586011218,2031
004/099-Delay-ASAQ-2y,17,0.7220028500312269,2031
004/099-Delay-ASAQ-2y,18,0.7298582661924747,2031
004/099-Delay-ASAQ-2y,19,0.7149323560789628,2031
004/099-Delay-ASAQ-2y,20,0.7223114858683654,2031
004/099-Delay-ASAQ-2y,21,0.7447595846123761,2031
004/099-Delay-ASAQ-2y,22,0.7327715898061441,2031
004/099-Delay-ASAQ-2y,23,0.7049490826843727,2031
004/099-Delay-ASAQ-2y,24,0.7244324967456227,2031
004/099-Delay-ASAQ-2y,25,0.7297472939229904,2031
004/099-Delay-ASAQ-2y,26,0.705561575666219,2031
004/099-Delay-ASAQ-2y,27,0.6977635368405161,2031
004/099-Delay-ASAQ-2y,28,0.6941269324028512,2031
004/099-Delay-ASAQ-2y,29,0.7182926208747477,2031
004/099-Delay-ASAQ-2y,30,0.6853594598814619,2031
004/099-Delay-ASAQ-2y,31,0.7182059438276313,2031
004/099-Delay-ASAQ-2y,32,0.6874754983399721,2031
004/099-Delay-ASAQ-2y,33,0.7198045698731096,2031
004/099-Delay-ASAQ-2y,34,0.6878711774106946,2031
004/099-Delay-ASAQ-2y,35,0.7011787127968262,2031
004/099-Delay-ASAQ-2y,36,0.6921121035224492,2031
004/099-Delay-ASAQ-2y,37,0.7150124888933035,2031
004/099-Delay-ASAQ-2y,38,0.7018858674461698,2031
004/099-Delay-ASAQ-2y,39,0.667088493915916,2031
004/099-Delay-ASAQ-2y,40,0.695675435922544,2031
004/099-Delay-ASAQ-2y,41,0.7079562105155367,2031
004/099-Delay-ASAQ-2y,42,0.7181058803244906,2031
004/099-Delay-ASAQ-2y,43,0.6987007262524253,2031
004/099-Delay-ASAQ-2y,44,0.6913284751128866,2031
004/099-Delay-ASAQ-2y,45,0.7021227579605583,2031
004/099-Delay-ASAQ-2y,46,0.7263625628641832,2031
004/099-Delay-ASAQ-2y,47,0.6958144014906362,2031
004/099-Delay-ASAQ-2y,48,0.7137900273086055,2031
004/099-Delay-ASAQ-2y,49,0.7118235344944489,2031
004/099-Delay-ASAQ-2y,50,0.7063052574163203,2031
004/099-Delay-ASAQ-2y,51,0.7103412343440825,2031
004/099-Delay-ASAQ-2y,52,0.7037436789658303,2031
004/099-Delay-ASAQ-2y,53,0.7228516252507214,2031
004/099-Delay-ASAQ-2y,54,0.6850595846144074,2031
004/099-Delay-ASAQ-2y,55,0.6938637244247441,2031
004/099-Delay-ASAQ-2y,56,0.6831875792302199,2031
004/099-Delay-ASAQ-2y,57,0.7014210700084366,2031
004/099-Delay-ASAQ-2y,58,0.7193964772430687,2031
004/099-Delay-ASAQ-2y,59,0.7206226916321065,2031
004/099-Delay-ASAQ-2y,60,0.6829983634836424,2031
004/099-Delay-ASAQ-2y,61,0.6824317021928087,2031
004/099-Delay-ASAQ-2y,62,0.67478488646372,2031
004/099-Delay-ASAQ-2y,63,0.7142858565054718,2031
004/099-Delay-ASAQ-2y,64,0.6931423519420651,2031
004/099-Delay-ASAQ-2y,65,0.6866788287694346,2031
004/099-Delay-ASAQ-2y,66,0.7116453976887033,2031
004/099-Delay-ASAQ-2y,67,0.6873513325151278,2031
004/099-Delay-ASAQ-2y,68,0.6839388845970024,2031
004/099-Delay-ASAQ-2y,69,0.6904279709206261,2031
004/099-Delay-ASAQ-2y,70,0.7183333242009091,2031
004/099-Delay-ASAQ-2y,71,0.6761588899364411,2031
004/099-Delay-ASAQ-2y,72,0.7540581315685664,2031
004/099-Delay-ASAQ-2y,73,0.7132166417302125,2031
004/099-Delay-ASAQ-2y,74,0.6695032707436853,2031
004/099-Delay-ASAQ-2y,75,0.6857974668512066,2031
004/099-Delay-ASAQ-2y,76,0.6930189924474837,2031
004/099-Delay-ASAQ-2y,77,0.7189909466364882,2031
004/099-Delay-ASAQ-2y,78,0.6808679307546356,2031
004/099-Delay-ASAQ-2y,79,0.6943653686871228,2031
004/099-Delay-ASAQ-2y,80,0.6928609881245517,2031
004/099-Delay-ASAQ-2y,81,0.71661564192153,2031
004/099-Delay-ASAQ-2y,82,0.7068143066129706,2031
004/099-Delay-ASAQ-2y,83,0.6815070411271965,2031
004/099-Delay-ASAQ-2y,84,0.7111579796854133,2031
004/099-Delay-ASAQ-2y,85,0.7052766921045719,2031
004/099-Delay-ASAQ-2y,86,0.6748869851264372,2031
004/099-Delay-ASAQ-2y,87,0.6931710988779379,2031
004/099-Delay-ASAQ-2y,88,0.6974021116130267,2031
004/099-Delay-ASAQ-2y,89,0.703328258221628,2031
004/099-Delay-ASAQ-2y,90,0.6777100574894308,2031
004/099-Delay-ASAQ-2y,91,0.722184720589159,2031
004/099-Delay-ASAQ-2y,92,0.6985704866586108,2031
004/099-Delay-ASAQ-2y,93,0.7248997711467339,2031
004/099-Delay-ASAQ-2y,94,0.7065998184574916,2031
004/099-Delay-ASAQ-2y,95,0.710737009066166,2031
004/099-Delay-ASAQ-2y,96,0.6822029975720847,2031
004/099-Delay-ASAQ-2y,97,0.6999553546171015,2031
004/099-Delay-ASAQ-2y,98,0.7089776947125025,2031
004/099-Delay-ASAQ-2y,99,0.7003880822708345,2031
004/100-Delay-ASAQ-3y,0,0.7063505064762917,2031
004/100-Delay-ASAQ-3y,1,0.7462411897809326,2031
004/100-Delay-ASAQ-3y,2,0.7369822595364696,2031
004/100-Delay-ASAQ-3y,3,0.7241452693893745,2031
004/100-Delay-ASAQ-3y,4,0.6908860028751764,2031
004/100-Delay-ASAQ-3y,5,0.6969557555101886,2031
004/100-Delay-ASAQ-3y,6,0.7167526733473301,2031
004/100-Delay-ASAQ-3y,7,0.7280988944662319,2031
004/100-Delay-ASAQ-3y,8,0.7271801923040662,2031
004/100-Delay-ASAQ-3y,9,0.6945573180962744,2031
004/100-Delay-ASAQ-3y,10,0.7590306713236346,2031
004/100-Delay-ASAQ-3y,11,0.7154419696651098,2031
004/100-Delay-ASAQ-3y,12,0.707387724597443,2031
004/100-Delay-ASAQ-3y,13,0.7183886616795111,2031
004/100-Delay-ASAQ-3y,14,0.7294319868176902,2031
004/100-Delay-ASAQ-3y,15,0.7358947975685138,2031
004/100-Delay-ASAQ-3y,16,0.7271269281519753,2031
004/100-Delay-ASAQ-3y,17,0.7106096739101225,2031
004/100-Delay-ASAQ-3y,18,0.724359578861632,2031
004/100-Delay-ASAQ-3y,19,0.7506973028962646,2031
004/100-Delay-ASAQ-3y,20,0.747877286234152,2031
004/100-Delay-ASAQ-3y,21,0.7193104451309814,2031
004/100-Delay-ASAQ-3y,22,0.7300140132356532,2031
004/100-Delay-ASAQ-3y,23,0.7401338406424398,2031
004/100-Delay-ASAQ-3y,24,0.7565123055759986,2031
004/100-Delay-ASAQ-3y,25,0.7268261526043878,2031
004/100-Delay-ASAQ-3y,26,0.7265779346056641,2031
004/100-Delay-ASAQ-3y,27,0.7057618854751048,2031
004/100-Delay-ASAQ-3y,28,0.7526021993754478,2031
004/100-Delay-ASAQ-3y,29,0.7176992162312149,2031
004/100-Delay-ASAQ-3y,30,0.7282778041536782,2031
004/100-Delay-ASAQ-3y,31,0.7239024314443275,2031
004/100-Delay-ASAQ-3y,32,0.714957798693067,2031
004/100-Delay-ASAQ-3y,33,0.7634604815847227,2031
004/100-Delay-ASAQ-3y,34,0.7356380231367711,2031
004/100-Delay-ASAQ-3y,35,0.7777426049236525,2031
004/100-Delay-ASAQ-3y,36,0.7315454101204932,2031
004/100-Delay-ASAQ-3y,37,0.7220423514684265,2031
004/100-Delay-ASAQ-3y,38,0.7625414960178064,2031
004/100-Delay-ASAQ-3y,39,0.7128027700066099,2031
004/100-Delay-ASAQ-3y,40,0.7370308742171314,2031
004/100-Delay-ASAQ-3y,41,0.759003598827567,2031
004/100-Delay-ASAQ-3y,42,0.7235153317416206,2031
004/100-Delay-ASAQ-3y,43,0.7158668083575069,2031
004/100-Delay-ASAQ-3y,44,0.736654148571808,2031
004/100-Delay-ASAQ-3y,45,0.7252525660095569,2031
004/100-Delay-ASAQ-3y,46,0.7395457007576925,2031
004/100-Delay-ASAQ-3y,47,0.7300033369780055,2031
004/100-Delay-ASAQ-3y,48,0.7519159833393383,2031
004/100-Delay-ASAQ-3y,49,0.7319484447347203,2031
004/100-Delay-ASAQ-3y,50,0.7136215753673119,2031
004/100-Delay-ASAQ-3y,51,0.7294731804243112,2031
004/100-Delay-ASAQ-3y,52,0.7219504375662238,2031
004/100-Delay-ASAQ-3y,53,0.7136282494932811,2031
004/100-Delay-ASAQ-3y,54,0.7043021256796561,2031
004/100-Delay-ASAQ-3y,55,0.7195498684031554,2031
004/100-Delay-ASAQ-3y,56,0.7108693918765927,2031
004/100-Delay-ASAQ-3y,57,0.7144500505076351,2031
004/100-Delay-ASAQ-3y,58,0.7076876382888863,2031
004/100-Delay-ASAQ-3y,59,0.7369935525087218,2031
004/100-Delay-ASAQ-3y,60,0.7187876255388871,2031
004/100-Delay-ASAQ-3y,61,0.7361903989483389,2031
004/100-Delay-ASAQ-3y,62,0.7534790142649789,2031
004/100-Delay-ASAQ-3y,63,0.7081825979113224,2031
004/100-Delay-ASAQ-3y,64,0.760876182694016,2031
004/100-Delay-ASAQ-3y,65,0.7203029142181477,2031
004/100-Delay-ASAQ-3y,66,0.7100023071286111,2031
004/100-Delay-ASAQ-3y,67,0.7485928772891768,2031
004/100-Delay-ASAQ-3y,68,0.7642263992857249,2031
004/100-Delay-ASAQ-3y,69,0.7251197544290818,2031
004/100-Delay-ASAQ-3y,70,0.6925164518949479,2031
004/100-Delay-ASAQ-3y,71,0.7605141092394933,2031
004/100-Delay-ASAQ-3y,72,0.7208196056867472,2031
004/100-Delay-ASAQ-3y,73,0.7386285250457315,2031
004/100-Delay-ASAQ-3y,74,0.756725940224908,2031
004/100-Delay-ASAQ-3y,75,0.7510223365971908,2031
004/100-Delay-ASAQ-3y,76,0.7337999544522805,2031
004/100-Delay-ASAQ-3y,77,0.7285307423478403,2031
004/100-Delay-ASAQ-3y,78,0.7013303931517506,2031
004/100-Delay-ASAQ-3y,79,0.7215097380781184,2031
004/100-Delay-ASAQ-3y,80,0.7347293689684733,2031
004/100-Delay-ASAQ-3y,81,0.7069721004429844,2031
004/100-Delay-ASAQ-3y,82,0.7399439763267949,2031
004/100-Delay-ASAQ-3y,83,0.7379338452108618,2031
004/100-Delay-ASAQ-3y,84,0.7180724500404411,2031
004/100-Delay-ASAQ-3y,85,0.7253550827880608,2031
004/100-Delay-ASAQ-3y,86,0.7323536773560545,2031
004/100-Delay-ASAQ-3y,87,0.7265163552256393,2031
004/100-Delay-ASAQ-3y,88,0.7139490670466512,2031
004/100-Delay-ASAQ-3y,89,0.7169327058725724,2031
004/100-Delay-ASAQ-3y,90,0.7035030617781004,2031
004/100-Delay-ASAQ-3y,91,0.6996485066630181,2031
004/100-Delay-ASAQ-3y,92,0.7235438197151488,2031
004/100-Delay-ASAQ-3y,93,0.7413164948872443,2031
004/100-Delay-ASAQ-3y,94,0.7160127705653454,2031
004/100-Delay-ASAQ-3y,95,0.7358754302363125,2031
004/100-Delay-ASAQ-3y,96,0.7068869023721565,2031
004/100-Delay-ASAQ-3y,97,0.7669580852635102,2031
004/100-Delay-ASAQ-3y,98,0.735377143849464,2031
004/100-Delay-ASAQ-3y,99,0.7500363979360062,2031
004/101-Delay-ASAQ-4y,0,0.7614554485149552,2031
004/101-Delay-ASAQ-4y,1,0.7542499417984306,2031
004/101-Delay-ASAQ-4y,2,0.7449432053904212,2031
004/101-Delay-ASAQ-4y,3,0.7714065463972347,2031
004/101-Delay-ASAQ-4y,4,0.7622080051073657,2031
004/101-Delay-ASAQ-4y,5,0.7850907042921594,2031
004/101-Delay-ASAQ-4y,6,0.7672225962906792,2031
004/101-Delay-ASAQ-4y,7,0.7655606122295274,2031
004/101-Delay-ASAQ-4y,8,0.7777678925699986,2031
004/101-Delay-ASAQ-4y,9,0.7701803337335521,2031
004/101-Delay-ASAQ-4y,10,0.7457715706694578,2031
004/101-Delay-ASAQ-4y,11,0.7643207260599422,2031
004/101-Delay-ASAQ-4y,12,0.77215033007861,2031
004/101-Delay-ASAQ-4y,13,0.7445291427312412,2031
004/101-Delay-ASAQ-4y,14,0.7691284528985088,2031
004/101-Delay-ASAQ-4y,15,0.7610407240475273,2031
004/101-Delay-ASAQ-4y,16,0.7419645900122896,2031
004/101-Delay-ASAQ-4y,17,0.74874910342546,2031
004/101-Delay-ASAQ-4y,18,0.7648894350621545,2031
004/101-Delay-ASAQ-4y,19,0.7603054905610013,2031
004/101-Delay-ASAQ-4y,20,0.7252615605110538,2031
004/101-Delay-ASAQ-4y,21,0.7459430650455587,2031
004/101-Delay-ASAQ-4y,22,0.7479412506964903,2031
004/101-Delay-ASAQ-4y,23,0.7560724970780629,2031
004/101-Delay-ASAQ-4y,24,0.7630740918851092,2031
004/101-Delay-ASAQ-4y,25,0.7296444499922967,2031
004/101-Delay-ASAQ-4y,26,0.772214777248696,2031
004/101-Delay-ASAQ-4y,27,0.7453366182272269,2031
004/101-Delay-ASAQ-4y,28,0.7350136679150409,2031
004/101-Delay-ASAQ-4y,29,0.7245121956983386,2031
004/101-Delay-ASAQ-4y,30,0.7494587497584827,2031
004/101-Delay-ASAQ-4y,31,0.7343297198252582,2031
004/101-Delay-ASAQ-4y,32,0.7765775443253876,2031
004/101-Delay-ASAQ-4y,33,0.7545465880289964,2031
004/101-Delay-ASAQ-4y,34,0.7727145135225784,2031
004/101-Delay-ASAQ-4y,35,0.7788096462420864,2031
004/101-Delay-ASAQ-4y,36,0.7261005116573064,2031
004/101-Delay-ASAQ-4y,37,0.7307235308543362,2031
004/101-Delay-ASAQ-4y,38,0.7098113255404511,2031
004/101-Delay-ASAQ-4y,39,0.7539491611806888,2031
004/101-Delay-ASAQ-4y,40,0.7431506559868586,2031
004/101-Delay-ASAQ-4y,41,0.7473464378875505,2031
004/101-Delay-ASAQ-4y,42,0.7395597945579865,2031
004/101-Delay-ASAQ-4y,43,0.7588405289048951,2031
004/101-Delay-ASAQ-4y,44,0.8023628901796097,2031
004/101-Delay-ASAQ-4y,45,0.7719333160649257,2031
004/101-Delay-ASAQ-4y,46,0.7354189216296567,2031
004/101-Delay-ASAQ-4y,47,0.7440457357492397,2031
004/101-Delay-ASAQ-4y,48,0.783013546633856,2031
004/101-Delay-ASAQ-4y,49,0.7197254543186635,2031
004/101-Delay-ASAQ-4y,50,0.7437893803554051,2031
004/101-Delay-ASAQ-4y,51,0.7695898727014577,2031
004/101-Delay-ASAQ-4y,52,0.742762815777929,2031
004/101-Delay-ASAQ-4y,53,0.7219622513487601,2031
004/101-Delay-ASAQ-4y,54,0.7669620739656521,2031
004/101-Delay-ASAQ-4y,55,0.7282904755405917,2031
004/101-Delay-ASAQ-4y,56,0.7661668266589484,2031
004/101-Delay-ASAQ-4y,57,0.7541439578628059,2031
004/101-Delay-ASAQ-4y,58,0.7411045059482205,2031
004/101-Delay-ASAQ-4y,59,0.7560481156097355,2031
004/101-Delay-ASAQ-4y,60,0.7452994438513584,2031
004/101-Delay-ASAQ-4y,61,0.7526525540884644,2031
004/101-Delay-ASAQ-4y,62,0.7336940255441937,2031
004/101-Delay-ASAQ-4y,63,0.7461537574865437,2031
004/101-Delay-ASAQ-4y,64,0.7874957496316216,2031
004/101-Delay-ASAQ-4y,65,0.7912058937904614,2031
004/101-Delay-ASAQ-4y,66,0.7714113870013349,2031
004/101-Delay-ASAQ-4y,67,0.7476378799794242,2031
004/101-Delay-ASAQ-4y,68,0.7248254224472473,2031
004/101-Delay-ASAQ-4y,69,0.7353704613400024,2031
004/101-Delay-ASAQ-4y,70,0.7323614873845711,2031
004/101-Delay-ASAQ-4y,71,0.8020213560643819,2031
004/101-Delay-ASAQ-4y,72,0.7353163808759815,2031
004/101-Delay-ASAQ-4y,73,0.7489116249688742,2031
004/101-Delay-ASAQ-4y,74,0.7421241352292783,2031
004/101-Delay-ASAQ-4y,75,0.7634194431341136,2031
004/101-Delay-ASAQ-4y,76,0.7509687790546944,2031
004/101-Delay-ASAQ-4y,77,0.7383650449640743,2031
004/101-Delay-ASAQ-4y,78,0.7416548801218962,2031
004/101-Delay-ASAQ-4y,79,0.7663453465572396,2031
004/101-Delay-ASAQ-4y,80,0.7352825920617801,2031
004/101-Delay-ASAQ-4y,81,0.7675709963478669,2031
004/101-Delay-ASAQ-4y,82,0.7728804576988976,2031
004/101-Delay-ASAQ-4y,83,0.7467719959233414,2031
004/101-Delay-ASAQ-4y,84,0.7258986317482959,2031
004/101-Delay-ASAQ-4y,85,0.7539049323695256,2031
004/101-Delay-ASAQ-4y,86,0.7795518267943776,2031
004/101-Delay-ASAQ-4y,87,0.7244384304094124,2031
004/101-Delay-ASAQ-4y,88,0.7548481415452221,2031
004/101-Delay-ASAQ-4y,89,0.7712147373777841,2031
004/101-Delay-ASAQ-4y,90,0.7270501159061507,2031
004/101-Delay-ASAQ-4y,91,0.7385051947368008,2031
004/101-Delay-ASAQ-4y,92,0.7550842488073535,2031
004/101-Delay-ASAQ-4y,93,0.7581806006874561,2031
004/101-Delay-ASAQ-4y,94,0.754018182119538,2031
004/101-Delay-ASAQ-4y,95,0.7536982064692307,2031
004/101-Delay-ASAQ-4y,96,0.7476101260113585,2031
004/101-Delay-ASAQ-4y,97,0.7792536814937622,2031
004/101-Delay-ASAQ-4y,98,0.7376402880211225,2031
004/101-Delay-ASAQ-4y,99,0.7301025046554185,2031
