Month,group,incidence,type
10,combined_incidence,0.9782198584137081,Prediction
11,combined_incidence,1.0273530406396816,Prediction
12,combined_incidence,0.9535694222798579,Prediction
1,combined_incidence,1.0359387707760974,Prediction
2,combined_incidence,0.9535191152673398,Prediction
3,combined_incidence,0.9206518670888729,Prediction
4,combined_incidence,0.9097520143766262,Prediction
5,combined_incidence,1.096961176960506,Prediction
6,combined_incidence,1.1503872242546875,Prediction
7,combined_incidence,1.0556591196831775,Prediction
8,combined_incidence,1.0020486133430966,Prediction
9,combined_incidence,0.9159397769163478,Prediction
10,combined_incidence,0.9670862740893693,Prediction
11,combined_incidence,1.0260661560460644,Prediction
12,combined_incidence,0.9496429322302221,Prediction
1,combined_incidence,1.0338855851553375,Prediction
2,combined_incidence,0.9504783413230932,Prediction
3,combined_incidence,0.9309966012773405,Prediction
4,combined_incidence,0.9138205903279121,Prediction
5,combined_incidence,1.1098911044247444,Prediction
6,combined_incidence,1.143558090867447,Prediction
7,combined_incidence,1.0546705633859688,Prediction
8,combined_incidence,0.9947216068815432,Prediction
9,combined_incidence,0.9251821539909582,Prediction
10,combined_incidence,0.977696576635055,Prediction
11,combined_incidence,1.033497802952619,Prediction
12,combined_incidence,0.9566452114719308,Prediction
1,combined_incidence,1.041203206947734,Prediction
2,combined_incidence,0.960220921822605,Prediction
3,combined_incidence,0.9261593429422388,Prediction
4,combined_incidence,0.9166241153404409,Prediction
5,combined_incidence,1.0957285929523812,Prediction
6,combined_incidence,1.1481555573897313,Prediction
7,combined_incidence,1.0427476452212645,Prediction
8,combined_incidence,0.9883733455694627,Prediction
9,combined_incidence,0.9129476807545364,Prediction
10,combined_incidence,0.9875478658690423,Prediction
11,combined_incidence,1.0244669578331829,Prediction
12,combined_incidence,0.9485767788162343,Prediction
1,combined_incidence,1.032422643709738,Prediction
2,combined_incidence,0.9461883910900803,Prediction
3,combined_incidence,0.923885559224727,Prediction
4,combined_incidence,0.914685220589472,Prediction
5,combined_incidence,1.0974473405358733,Prediction
6,combined_incidence,1.1552732349197983,Prediction
7,combined_incidence,1.0551964252675723,Prediction
8,combined_incidence,0.9952344376356083,Prediction
9,combined_incidence,0.9190751445086704,Prediction
10,combined_incidence,0.9742725718222874,Prediction
11,combined_incidence,1.033571462443757,Prediction
12,combined_incidence,0.9463219234062971,Prediction
1,combined_incidence,1.0380736926377099,Prediction
2,combined_incidence,0.9525313189526039,Prediction
3,combined_incidence,0.9235095079625875,Prediction
4,combined_incidence,0.9121786163592188,Prediction
5,combined_incidence,1.0989123794593418,Prediction
6,combined_incidence,1.1567049477110873,Prediction
7,combined_incidence,1.053003021013197,Prediction
8,combined_incidence,0.9977042531291058,Prediction
9,combined_incidence,0.9132163051028065,Prediction
10,combined_incidence,0.9832552771926679,Prediction
11,combined_incidence,1.0297584367857302,Prediction
12,combined_incidence,0.9621297001747859,Prediction
1,combined_incidence,1.0406993680813874,Prediction
2,combined_incidence,0.9572558598126653,Prediction
3,combined_incidence,0.9293741316721194,Prediction
4,combined_incidence,0.9147862232779097,Prediction
5,combined_incidence,1.0921940124591045,Prediction
6,combined_incidence,1.1454869358669832,Prediction
7,combined_incidence,1.0483630618921704,Prediction
8,combined_incidence,0.9860787433334827,Prediction
9,combined_incidence,0.9106182494509927,Prediction
10,combined_incidence,0.9825734625553614,Prediction
11,combined_incidence,1.0351505704792192,Prediction
12,combined_incidence,0.9471924377459052,Prediction
1,combined_incidence,1.0302397982058082,Prediction
2,combined_incidence,0.9456840094025367,Prediction
3,combined_incidence,0.9247336157446399,Prediction
4,combined_incidence,0.9166886645800074,Prediction
5,combined_incidence,1.1008845256202364,Prediction
6,combined_incidence,1.1516012385872731,Prediction
7,combined_incidence,1.0525645376876631,Prediction
8,combined_incidence,0.997909150712942,Prediction
9,combined_incidence,0.9147779886784073,Prediction
10,combined_incidence,0.9738959698599562,Prediction
11,combined_incidence,1.0311889038992423,Prediction
12,combined_incidence,0.9539592371011185,Prediction
1,combined_incidence,1.0412411790865688,Prediction
2,combined_incidence,0.957802260503285,Prediction
3,combined_incidence,0.9197915705211576,Prediction
4,combined_incidence,0.9209662938318636,Prediction
5,combined_incidence,1.1034008239844937,Prediction
6,combined_incidence,1.1518329879087408,Prediction
7,combined_incidence,1.0456547823825066,Prediction
8,combined_incidence,0.9932117774402779,Prediction
9,combined_incidence,0.9070542134807891,Prediction
10,combined_incidence,0.9734369807836959,Prediction
11,combined_incidence,1.019803040183084,Prediction
12,combined_incidence,0.9485104270799587,Prediction
1,combined_incidence,1.0401914261442398,Prediction
2,combined_incidence,0.9651948673100372,Prediction
3,combined_incidence,0.9266037570578658,Prediction
4,combined_incidence,0.9199633498462946,Prediction
5,combined_incidence,1.100455624255283,Prediction
6,combined_incidence,1.1528614510179593,Prediction
7,combined_incidence,1.0469486244374215,Prediction
8,combined_incidence,0.9966116682632749,Prediction
9,combined_incidence,0.909418783620885,Prediction
10,combined_incidence,0.9848642655557048,Prediction
11,combined_incidence,1.0337824217175111,Prediction
12,combined_incidence,0.9444967074317968,Prediction
1,combined_incidence,1.0387044752049455,Prediction
2,combined_incidence,0.9576669802445907,Prediction
3,combined_incidence,0.9207767773148771,Prediction
4,combined_incidence,0.91346929176186,Prediction
5,combined_incidence,1.0955684719795726,Prediction
6,combined_incidence,1.150231823679613,Prediction
7,combined_incidence,1.0520763338260986,Prediction
8,combined_incidence,0.9942548044617658,Prediction
9,combined_incidence,0.9141076468216638,Prediction
10,combined_incidence,0.977416245656026,Prediction
11,combined_incidence,1.0310381063149492,Prediction
12,combined_incidence,0.9559338298943978,Prediction
1,combined_incidence,1.040634483261758,Prediction
2,combined_incidence,0.9611697478425689,Prediction
3,combined_incidence,0.9224306893257143,Prediction
4,combined_incidence,0.9115379597036347,Prediction
5,combined_incidence,1.0894413196982473,Prediction
6,combined_incidence,1.149730136972848,Prediction
7,combined_incidence,1.0504665606949797,Prediction
8,combined_incidence,0.992383226543242,Prediction
9,combined_incidence,0.9178176940916342,Prediction
10,combined_incidence,0.976758173064875,Prediction
11,combined_incidence,1.0287327677181688,Prediction
12,combined_incidence,0.9457338007501316,Prediction
1,combined_incidence,1.0365682176996522,Prediction
2,combined_incidence,0.9592829477330378,Prediction
3,combined_incidence,0.922795479162548,Prediction
4,combined_incidence,0.9178837045472897,Prediction
5,combined_incidence,1.0938054280121514,Prediction
6,combined_incidence,1.153314751752117,Prediction
7,combined_incidence,1.0531245736306758,Prediction
8,combined_incidence,0.9976582752542902,Prediction
9,combined_incidence,0.9143418806750627,Prediction
10,combined_incidence,0.9738225615982988,Prediction
11,combined_incidence,1.035868427798767,Prediction
12,combined_incidence,0.9518854563716365,Prediction
1,combined_incidence,1.0418191827797927,Prediction
2,combined_incidence,0.9546927334389564,Prediction
3,combined_incidence,0.92887250843654,Prediction
4,combined_incidence,0.9114236845091257,Prediction
5,combined_incidence,1.094501855408421,Prediction
6,combined_incidence,1.1466634167251517,Prediction
7,combined_incidence,1.0530987211760305,Prediction
8,combined_incidence,0.9933054006463461,Prediction
9,combined_incidence,0.9140460511109336,Prediction
10,combined_incidence,0.9827800630062378,Prediction
11,combined_incidence,1.0335814593606973,Prediction
12,combined_incidence,0.9526308663567068,Prediction
1,combined_incidence,1.0278698615509807,Prediction
2,combined_incidence,0.9560645248640145,Prediction
3,combined_incidence,0.9281262693021158,Prediction
4,combined_incidence,0.9174065549378382,Prediction
5,combined_incidence,1.1031926045137255,Prediction
6,combined_incidence,1.149789862890945,Prediction
7,combined_incidence,1.0485220612559094,Prediction
8,combined_incidence,0.9912553371754949,Prediction
9,combined_incidence,0.9087805347853335,Prediction
10,combined_incidence,0.9829030445828896,Prediction
11,combined_incidence,1.0341519859803288,Prediction
12,combined_incidence,0.949447011177166,Prediction
1,combined_incidence,1.0377910632981444,Prediction
2,combined_incidence,0.952381750949598,Prediction
3,combined_incidence,0.9246274976731707,Prediction
4,combined_incidence,0.9117649524991406,Prediction
5,combined_incidence,1.0933163397925558,Prediction
6,combined_incidence,1.1550129547798527,Prediction
7,combined_incidence,1.0539237470757414,Prediction
8,combined_incidence,0.9898458003873857,Prediction
9,combined_incidence,0.9148338518040264,Prediction
10,combined_incidence,0.9701034653756608,Prediction
11,combined_incidence,1.034216697344865,Prediction
12,combined_incidence,0.9467544147188112,Prediction
1,combined_incidence,1.0369735326995975,Prediction
2,combined_incidence,0.9498978794220732,Prediction
3,combined_incidence,0.9244139623624734,Prediction
4,combined_incidence,0.9185304722761543,Prediction
5,combined_incidence,1.099338527614581,Prediction
6,combined_incidence,1.152811047513385,Prediction
7,combined_incidence,1.0516654479437202,Prediction
8,combined_incidence,1.0042613278196626,Prediction
9,combined_incidence,0.9110332249090161,Prediction
10,combined_incidence,0.9792374576306869,Prediction
11,combined_incidence,1.0395166214025557,Prediction
12,combined_incidence,0.9457714899261037,Prediction
1,combined_incidence,1.0446198867344576,Prediction
2,combined_incidence,0.9532832270153055,Prediction
3,combined_incidence,0.919665677172151,Prediction
4,combined_incidence,0.9018968820396219,Prediction
5,combined_incidence,1.0877702688477653,Prediction
6,combined_incidence,1.152512684477568,Prediction
7,combined_incidence,1.0561738141855619,Prediction
8,combined_incidence,1.0035411271816248,Prediction
9,combined_incidence,0.9160108633865977,Prediction
10,combined_incidence,0.9706076572221464,Prediction
11,combined_incidence,1.034468923358122,Prediction
12,combined_incidence,0.9560131846209143,Prediction
1,combined_incidence,1.0413231430219307,Prediction
2,combined_incidence,0.9632853445081262,Prediction
3,combined_incidence,0.929616080110782,Prediction
4,combined_incidence,0.918816504738049,Prediction
5,combined_incidence,1.1005201962647289,Prediction
6,combined_incidence,1.1513918802573397,Prediction
7,combined_incidence,1.042627116518948,Prediction
8,combined_incidence,0.9834634984940221,Prediction
9,combined_incidence,0.9078664708848909,Prediction
10,combined_incidence,0.9803311575167512,Prediction
11,combined_incidence,1.035809597680865,Prediction
12,combined_incidence,0.9539981501606403,Prediction
1,combined_incidence,1.0272049150482898,Prediction
2,combined_incidence,0.9545840721297846,Prediction
3,combined_incidence,0.9238985015743165,Prediction
4,combined_incidence,0.9190939414273338,Prediction
5,combined_incidence,1.1081458499286432,Prediction
6,combined_incidence,1.152541994562086,Prediction
7,combined_incidence,1.0497712811741877,Prediction
8,combined_incidence,0.9907438279398286,Prediction
9,combined_incidence,0.9038767108572736,Prediction
10,combined_incidence,0.9654171033544563,Prediction
11,combined_incidence,1.0333474461572631,Prediction
12,combined_incidence,0.9629017816861817,Prediction
1,combined_incidence,1.035779479028575,Prediction
2,combined_incidence,0.954506270952338,Prediction
3,combined_incidence,0.9224567418810774,Prediction
4,combined_incidence,0.9180424356420525,Prediction
5,combined_incidence,1.097379873262214,Prediction
6,combined_incidence,1.1481194083719122,Prediction
7,combined_incidence,1.0477397502724237,Prediction
8,combined_incidence,0.9999486385752063,Prediction
9,combined_incidence,0.9143610708162996,Prediction
10,combined_incidence,0.9843610696810685,Prediction
11,combined_incidence,1.0323954253791836,Prediction
12,combined_incidence,0.9494026400199794,Prediction
1,combined_incidence,1.0426920892879814,Prediction
2,combined_incidence,0.9531529696387936,Prediction
3,combined_incidence,0.9205719810753455,Prediction
4,combined_incidence,0.913037836751835,Prediction
5,combined_incidence,1.0995497651160746,Prediction
6,combined_incidence,1.1536449213588806,Prediction
7,combined_incidence,1.0477818223420863,Prediction
8,combined_incidence,0.9929165091239882,Prediction
9,combined_incidence,0.9104929702247826,Prediction
10,combined_incidence,0.9741710418691145,Prediction
11,combined_incidence,1.0298921288301957,Prediction
12,combined_incidence,0.9478457225550717,Prediction
1,combined_incidence,1.0442712229360813,Prediction
2,combined_incidence,0.9554966757782734,Prediction
3,combined_incidence,0.916251983696982,Prediction
4,combined_incidence,0.9141882397354605,Prediction
5,combined_incidence,1.1020224970463015,Prediction
6,combined_incidence,1.1451765577701498,Prediction
7,combined_incidence,1.051402045567355,Prediction
8,combined_incidence,0.9960500835424808,Prediction
9,combined_incidence,0.9232318006725345,Prediction
10,combined_incidence,0.9732765140619277,Prediction
11,combined_incidence,1.0334054098045515,Prediction
12,combined_incidence,0.9452242205006812,Prediction
1,combined_incidence,1.0345672394898613,Prediction
2,combined_incidence,0.9548051058766411,Prediction
3,combined_incidence,0.9252710585138402,Prediction
4,combined_incidence,0.9139895238883688,Prediction
5,combined_incidence,1.1007746934411347,Prediction
6,combined_incidence,1.1474499381900993,Prediction
7,combined_incidence,1.0568608989587032,Prediction
8,combined_incidence,1.0002680066061522,Prediction
9,combined_incidence,0.914107390668038,Prediction
10,combined_incidence,0.9785773783520694,Prediction
11,combined_incidence,1.0320953040478376,Prediction
12,combined_incidence,0.9513885864946602,Prediction
1,combined_incidence,1.0419897992867087,Prediction
2,combined_incidence,0.9542541132248273,Prediction
3,combined_incidence,0.9226827510742214,Prediction
4,combined_incidence,0.9068886419791238,Prediction
5,combined_incidence,1.0929961750836832,Prediction
6,combined_incidence,1.1483008409759086,Prediction
7,combined_incidence,1.0475354363115614,Prediction
8,combined_incidence,0.9989226181362558,Prediction
9,combined_incidence,0.9243683550331432,Prediction
10,combined_incidence,0.9762763555320958,Prediction
11,combined_incidence,1.0306861549933601,Prediction
12,combined_incidence,0.9527328482197841,Prediction
1,combined_incidence,1.0321942800169246,Prediction
2,combined_incidence,0.9502863342926684,Prediction
3,combined_incidence,0.925653625574449,Prediction
4,combined_incidence,0.9153816184695045,Prediction
5,combined_incidence,1.1001939616349752,Prediction
6,combined_incidence,1.1506658790902655,Prediction
7,combined_incidence,1.0512971969820744,Prediction
8,combined_incidence,0.9957311683360773,Prediction
9,combined_incidence,0.9189005768578216,Prediction
10,combined_incidence,0.9796715789473684,Prediction
11,combined_incidence,1.0285305263157896,Prediction
12,combined_incidence,0.9479578947368421,Prediction
1,combined_incidence,1.0354357894736843,Prediction
2,combined_incidence,0.9572884210526316,Prediction
3,combined_incidence,0.9193936842105264,Prediction
4,combined_incidence,0.9186863157894737,Prediction
5,combined_incidence,1.0967747368421052,Prediction
6,combined_incidence,1.1543242105263158,Prediction
7,combined_incidence,1.0501894736842106,Prediction
8,combined_incidence,0.9924042105263158,Prediction
9,combined_incidence,0.9193431578947369,Prediction
10,combined_incidence,0.9780836865740546,Prediction
11,combined_incidence,1.028513870818819,Prediction
12,combined_incidence,0.9468250304276661,Prediction
1,combined_incidence,1.0348596130440257,Prediction
2,combined_incidence,0.9499643261845805,Prediction
3,combined_incidence,0.9227850757543963,Prediction
4,combined_incidence,0.918017375246569,Prediction
5,combined_incidence,1.0949930750828891,Prediction
6,combined_incidence,1.151147857472615,Prediction
7,combined_incidence,1.0579090947244723,Prediction
8,combined_incidence,0.9999412431275444,Prediction
9,combined_incidence,0.9169597515423679,Prediction
10,combined_incidence,0.9807448309746507,Prediction
11,combined_incidence,1.0314461546192166,Prediction
12,combined_incidence,0.9543975623612043,Prediction
1,combined_incidence,1.0425009526388445,Prediction
2,combined_incidence,0.9729394735850346,Prediction
3,combined_incidence,0.9263585746568755,Prediction
4,combined_incidence,0.9195079498235,Prediction
5,combined_incidence,1.0899360859594294,Prediction
6,combined_incidence,1.1467175485147907,Prediction
7,combined_incidence,1.0353488333140246,Prediction
8,combined_incidence,0.9943623321715559,Prediction
9,combined_incidence,0.9057397013808727,Prediction
10,combined_incidence,0.9723403249532145,Prediction
11,combined_incidence,1.0267309194958025,Prediction
12,combined_incidence,0.9396725997647523,Prediction
1,combined_incidence,1.0351898248433766,Prediction
2,combined_incidence,0.9568573581631773,Prediction
3,combined_incidence,0.927326268488214,Prediction
4,combined_incidence,0.9144460418051226,Prediction
5,combined_incidence,1.1027109095408778,Prediction
6,combined_incidence,1.1564007663623648,Prediction
7,combined_incidence,1.0526081624821686,Prediction
8,combined_incidence,0.9947138793340766,Prediction
9,combined_incidence,0.9210029447668517,Prediction
10,combined_incidence,0.9773239838604071,Prediction
11,combined_incidence,1.0241310418543743,Prediction
12,combined_incidence,0.9485312634659833,Prediction
1,combined_incidence,1.036353257858538,Prediction
2,combined_incidence,0.9484808971912407,Prediction
3,combined_incidence,0.9156252973009273,Prediction
4,combined_incidence,0.9226933645231153,Prediction
5,combined_incidence,1.0978001130443056,Prediction
6,combined_incidence,1.1572323172403758,Prediction
7,combined_incidence,1.054636215590041,Prediction
8,combined_incidence,0.996412801987789,Prediction
9,combined_incidence,0.920779446082903,Prediction
10,combined_incidence,0.9803703409361837,Prediction
11,combined_incidence,1.0368040422123417,Prediction
12,combined_incidence,0.9477783308306529,Prediction
1,combined_incidence,1.036251918837864,Prediction
2,combined_incidence,0.953701108847777,Prediction
3,combined_incidence,0.9241541428075474,Prediction
4,combined_incidence,0.9205067823337251,Prediction
5,combined_incidence,1.1083458467355705,Prediction
6,combined_incidence,1.148299501834137,Prediction
7,combined_incidence,1.0485324811671553,Prediction
8,combined_incidence,0.9850048310795266,Prediction
9,combined_incidence,0.9102506723775186,Prediction
10,combined_incidence,0.9750504714860537,Prediction
11,combined_incidence,1.034158654987253,Prediction
12,combined_incidence,0.9497519008832161,Prediction
1,combined_incidence,1.0416979641073039,Prediction
2,combined_incidence,0.9549959092267183,Prediction
3,combined_incidence,0.925257523253184,Prediction
4,combined_incidence,0.9099946107901475,Prediction
5,combined_incidence,1.0984270767306206,Prediction
6,combined_incidence,1.1573509660088852,Prediction
7,combined_incidence,1.0444121153905224,Prediction
8,combined_incidence,0.9922065882392362,Prediction
9,combined_incidence,0.9166962188968595,Prediction
10,combined_incidence,0.9748098992284063,Prediction
11,combined_incidence,1.0313785173538645,Prediction
12,combined_incidence,0.9375451122140096,Prediction
1,combined_incidence,1.0402247077847595,Prediction
2,combined_incidence,0.9612132877501804,Prediction
3,combined_incidence,0.9293871453270741,Prediction
4,combined_incidence,0.912953709972527,Prediction
5,combined_incidence,1.094325792716021,Prediction
6,combined_incidence,1.1539326659989593,Prediction
7,combined_incidence,1.0484833903122746,Prediction
8,combined_incidence,1.0005931032167457,Prediction
9,combined_incidence,0.9151526681251784,Prediction
10,combined_incidence,0.9793283432194522,Prediction
11,combined_incidence,1.0314281660980333,Prediction
12,combined_incidence,0.9502360448407944,Prediction
1,combined_incidence,1.0385411150643102,Prediction
2,combined_incidence,0.9464604510767044,Prediction
3,combined_incidence,0.9257789620207293,Prediction
4,combined_incidence,0.9177389699427341,Prediction
5,combined_incidence,1.0922927602146808,Prediction
6,combined_incidence,1.1540843974430466,Prediction
7,combined_incidence,1.0527670129968636,Prediction
8,combined_incidence,0.9980546140761665,Prediction
9,combined_incidence,0.9132891630064851,Prediction
10,combined_incidence,0.9731272255084236,Prediction
11,combined_incidence,1.0262674501479139,Prediction
12,combined_incidence,0.9488417244212108,Prediction
1,combined_incidence,1.0377156119285158,Prediction
2,combined_incidence,0.96618133787838,Prediction
3,combined_incidence,0.9314518997281619,Prediction
4,combined_incidence,0.9197192076109075,Prediction
5,combined_incidence,1.1012160882378785,Prediction
6,combined_incidence,1.1452513421044923,Prediction
7,combined_incidence,1.0418161961920356,Prediction
8,combined_incidence,0.9956888074970954,Prediction
9,combined_incidence,0.9127231087449841,Prediction
10,combined_incidence,0.9771453755587736,Prediction
11,combined_incidence,1.0326680517954208,Prediction
12,combined_incidence,0.9556213141933724,Prediction
1,combined_incidence,1.032785577871519,Prediction
2,combined_incidence,0.9548657894184558,Prediction
3,combined_incidence,0.9349870931184285,Prediction
4,combined_incidence,0.9180801275997398,Prediction
5,combined_incidence,1.10343553904594,Prediction
6,combined_incidence,1.1518898612772566,Prediction
7,combined_incidence,1.039585300845768,Prediction
8,combined_incidence,0.9945056559424122,Prediction
9,combined_incidence,0.9044303133329136,Prediction
10,combined_incidence,0.9735249016881715,Prediction
11,combined_incidence,1.0321121575570684,Prediction
12,combined_incidence,0.9517567057575728,Prediction
1,combined_incidence,1.0424659398442442,Prediction
2,combined_incidence,0.9529351850422919,Prediction
3,combined_incidence,0.9226651028433618,Prediction
4,combined_incidence,0.9172272627153004,Prediction
5,combined_incidence,1.1066088837696746,Prediction
6,combined_incidence,1.1490509734379186,Prediction
7,combined_incidence,1.0515065594998758,Prediction
8,combined_incidence,0.9890808282464649,Prediction
9,combined_incidence,0.9110654995980544,Prediction
10,combined_incidence,0.9727316504069263,Prediction
11,combined_incidence,1.0327745261417032,Prediction
12,combined_incidence,0.9525320409776341,Prediction
1,combined_incidence,1.0311740566706584,Prediction
2,combined_incidence,0.9510663478830983,Prediction
3,combined_incidence,0.9159065606613027,Prediction
4,combined_incidence,0.9123181396367496,Prediction
5,combined_incidence,1.100162714396223,Prediction
6,combined_incidence,1.152961359893639,Prediction
7,combined_incidence,1.060875400643838,Prediction
8,combined_incidence,0.9974125743551442,Prediction
9,combined_incidence,0.9200846283330829,Prediction
10,combined_incidence,0.9778446815041565,Prediction
11,combined_incidence,1.0322048935964443,Prediction
12,combined_incidence,0.9487976251045954,Prediction
1,combined_incidence,1.0383103258332949,Prediction
2,combined_incidence,0.9634472985985257,Prediction
3,combined_incidence,0.924493631765067,Prediction
4,combined_incidence,0.9069342068194146,Prediction
5,combined_incidence,1.0958998574558176,Prediction
6,combined_incidence,1.1532034597449343,Prediction
7,combined_incidence,1.0518667401112602,Prediction
8,combined_incidence,0.9922588837823405,Prediction
9,combined_incidence,0.914738395684149,Prediction
10,combined_incidence,0.9802675134934973,Prediction
11,combined_incidence,1.035862966661804,Prediction
12,combined_incidence,0.9570732856806221,Prediction
1,combined_incidence,1.0440432240762143,Prediction
2,combined_incidence,0.9590257751046377,Prediction
3,combined_incidence,0.9265908861384472,Prediction
4,combined_incidence,0.9138660412715868,Prediction
5,combined_incidence,1.0849781747590246,Prediction
6,combined_incidence,1.147474668132904,Prediction
7,combined_incidence,1.0430669793642067,Prediction
8,combined_incidence,0.9929755265549782,Prediction
9,combined_incidence,0.9147749587620768,Prediction
10,combined_incidence,0.9780176858858538,Prediction
11,combined_incidence,1.0374651916251962,Prediction
12,combined_incidence,0.9494235367837763,Prediction
1,combined_incidence,1.0306032702310068,Prediction
2,combined_incidence,0.9560831410852626,Prediction
3,combined_incidence,0.9244710953503598,Prediction
4,combined_incidence,0.9120454539068273,Prediction
5,combined_incidence,1.1010939172804086,Prediction
6,combined_incidence,1.1517574892448794,Prediction
7,combined_incidence,1.0509529978054215,Prediction
8,combined_incidence,0.9946582667607066,Prediction
9,combined_incidence,0.9134279540403004,Prediction
10,combined_incidence,0.9779705436611935,Prediction
11,combined_incidence,1.031909638201137,Prediction
12,combined_incidence,0.9510930997814637,Prediction
1,combined_incidence,1.0332325778064322,Prediction
2,combined_incidence,0.954894457887818,Prediction
3,combined_incidence,0.919962153879646,Prediction
4,combined_incidence,0.9140172986912946,Prediction
5,combined_incidence,1.0943054985723975,Prediction
6,combined_incidence,1.1511249173162748,Prediction
7,combined_incidence,1.0574641424755717,Prediction
8,combined_incidence,0.9952524888847954,Prediction
9,combined_incidence,0.9187731828419757,Prediction
10,combined_incidence,0.9696101343479645,Prediction
11,combined_incidence,1.0279364696613051,Prediction
12,combined_incidence,0.9417507714177965,Prediction
1,combined_incidence,1.0334545077295993,Prediction
2,combined_incidence,0.9562860912074493,Prediction
3,combined_incidence,0.9255667695223729,Prediction
4,combined_incidence,0.9167008973821564,Prediction
5,combined_incidence,1.0954819661375277,Prediction
6,combined_incidence,1.1535895987225517,Prediction
7,combined_incidence,1.0578650968670835,Prediction
8,combined_incidence,1.000127576591518,Prediction
9,combined_incidence,0.9216301204126752,Prediction
10,combined_incidence,0.975191755892237,Prediction
11,combined_incidence,1.029050878113591,Prediction
12,combined_incidence,0.9436064622014804,Prediction
1,combined_incidence,1.038981991135128,Prediction
2,combined_incidence,0.9599852624292429,Prediction
3,combined_incidence,0.927713331919122,Prediction
4,combined_incidence,0.923124588297029,Prediction
5,combined_incidence,1.0997074815501244,Prediction
6,combined_incidence,1.156447128964909,Prediction
7,combined_incidence,1.046099567921221,Prediction
8,combined_incidence,0.9914868199225161,Prediction
9,combined_incidence,0.9086047316533991,Prediction
10,combined_incidence,0.9797311245834369,Prediction
11,combined_incidence,1.0257036809221474,Prediction
12,combined_incidence,0.946583024026896,Prediction
1,combined_incidence,1.0331017572537802,Prediction
2,combined_incidence,0.9558516845790553,Prediction
3,combined_incidence,0.9180186974161502,Prediction
4,combined_incidence,0.9114632265892593,Prediction
5,combined_incidence,1.1002911202018884,Prediction
6,combined_incidence,1.1523304361747395,Prediction
7,combined_incidence,1.0520098247801852,Prediction
8,combined_incidence,1.0030038886244044,Prediction
9,combined_incidence,0.9219115348480572,Prediction
10,combined_incidence,0.9738048277562363,Prediction
11,combined_incidence,1.034790550686958,Prediction
12,combined_incidence,0.9459510948741511,Prediction
1,combined_incidence,1.0355974180245198,Prediction
2,combined_incidence,0.9511284936235067,Prediction
3,combined_incidence,0.9214088800233095,Prediction
4,combined_incidence,0.9106674585920165,Prediction
5,combined_incidence,1.0995416545263015,Prediction
6,combined_incidence,1.1508113499338817,Prediction
7,combined_incidence,1.0550126633346033,Prediction
8,combined_incidence,0.9989690028464486,Prediction
9,combined_incidence,0.9223166057780666,Prediction
10,combined_incidence,0.972334557927869,Prediction
11,combined_incidence,1.0313712442557978,Prediction
12,combined_incidence,0.9442528743632828,Prediction
1,combined_incidence,1.033943867259335,Prediction
2,combined_incidence,0.9501331555142253,Prediction
3,combined_incidence,0.9249414964925737,Prediction
4,combined_incidence,0.9178918412491143,Prediction
5,combined_incidence,1.1016005111835319,Prediction
6,combined_incidence,1.1574297714291282,Prediction
7,combined_incidence,1.0540069856180907,Prediction
8,combined_incidence,0.9970417619683349,Prediction
9,combined_incidence,0.9150519327387159,Prediction
10,combined_incidence,0.973456461289162,Prediction
11,combined_incidence,1.0290815885402866,Prediction
12,combined_incidence,0.946714898910312,Prediction
1,combined_incidence,1.0444102938838578,Prediction
2,combined_incidence,0.9574249113774359,Prediction
3,combined_incidence,0.9268679070571731,Prediction
4,combined_incidence,0.9195382422749852,Prediction
5,combined_incidence,1.1010562191982551,Prediction
6,combined_incidence,1.1519789816005332,Prediction
7,combined_incidence,1.0509032389420516,Prediction
8,combined_incidence,0.9839823954170072,Prediction
9,combined_incidence,0.9145848615089404,Prediction
10,combined_incidence,0.9722934852701839,Prediction
11,combined_incidence,1.0330607812539256,Prediction
12,combined_incidence,0.950803837875713,Prediction
1,combined_incidence,1.0417705370178578,Prediction
2,combined_incidence,0.9510885798910722,Prediction
3,combined_incidence,0.9282254710107505,Prediction
4,combined_incidence,0.915077089713276,Prediction
5,combined_incidence,1.0972617309522945,Prediction
6,combined_incidence,1.152401184750111,Prediction
7,combined_incidence,1.0415862921843901,Prediction
8,combined_incidence,0.9936323868918177,Prediction
9,combined_incidence,0.9227986231886082,Prediction
10,combined_incidence,0.9773201061897443,Prediction
11,combined_incidence,1.0265809696800337,Prediction
12,combined_incidence,0.945396115690932,Prediction
1,combined_incidence,1.0363224814866565,Prediction
2,combined_incidence,0.9530417772809837,Prediction
3,combined_incidence,0.924286712309627,Prediction
4,combined_incidence,0.9096828280005589,Prediction
5,combined_incidence,1.0967835685343021,Prediction
6,combined_incidence,1.1602626798938103,Prediction
7,combined_incidence,1.0578510549112756,Prediction
8,combined_incidence,0.9984965767779796,Prediction
9,combined_incidence,0.9139751292440967,Prediction
10,combined_incidence,0.9744794366834867,Prediction
11,combined_incidence,1.0308390358556718,Prediction
12,combined_incidence,0.9478507418053462,Prediction
1,combined_incidence,1.034997673342938,Prediction
2,combined_incidence,0.9616010754325975,Prediction
3,combined_incidence,0.9338656463844588,Prediction
4,combined_incidence,0.9244751746390188,Prediction
5,combined_incidence,1.0989870308082932,Prediction
6,combined_incidence,1.1431390167114066,Prediction
7,combined_incidence,1.039961208408385,Prediction
8,combined_incidence,0.9929585435825489,Prediction
9,combined_incidence,0.9168454163458489,Prediction
10,combined_incidence,0.9790740457919006,Prediction
11,combined_incidence,1.0302715259903574,Prediction
12,combined_incidence,0.95005373353491,Prediction
1,combined_incidence,1.0367952114803414,Prediction
2,combined_incidence,0.9587463763140897,Prediction
3,combined_incidence,0.9256067265698669,Prediction
4,combined_incidence,0.9115000973788964,Prediction
5,combined_incidence,1.0961977394084688,Prediction
6,combined_incidence,1.1559365397845334,Prediction
7,combined_incidence,1.0409145489675735,Prediction
8,combined_incidence,0.9967283493086098,Prediction
9,combined_incidence,0.9181751054704521,Prediction
10,combined_incidence,0.9695046133903761,Prediction
11,combined_incidence,1.0323257217723654,Prediction
12,combined_incidence,0.9429174652361494,Prediction
1,combined_incidence,1.0412214844630137,Prediction
2,combined_incidence,0.9485086106420916,Prediction
3,combined_incidence,0.9202524638592255,Prediction
4,combined_incidence,0.9137767491801044,Prediction
5,combined_incidence,1.1000870660951274,Prediction
6,combined_incidence,1.1524936230344065,Prediction
7,combined_incidence,1.0601312389254987,Prediction
8,combined_incidence,0.9967593609960584,Prediction
9,combined_incidence,0.9220216024055834,Prediction
10,combined_incidence,0.9822790910084248,Prediction
11,combined_incidence,1.0353493610666726,Prediction
12,combined_incidence,0.9522053776304693,Prediction
1,combined_incidence,1.0343743608565434,Prediction
2,combined_incidence,0.9567946027574575,Prediction
3,combined_incidence,0.9235437335223564,Prediction
4,combined_incidence,0.9118269206523536,Prediction
5,combined_incidence,1.0987916161188829,Prediction
6,combined_incidence,1.1487183510168861,Prediction
7,combined_incidence,1.0475536740417402,Prediction
8,combined_incidence,0.9940463349237791,Prediction
9,combined_incidence,0.9145165764044346,Prediction
10,combined_incidence,0.9790067451857548,Prediction
11,combined_incidence,1.0354062838569882,Prediction
12,combined_incidence,0.9517464089749414,Prediction
1,combined_incidence,1.0351378743927586,Prediction
2,combined_incidence,0.9543130744766365,Prediction
3,combined_incidence,0.9280424981651697,Prediction
4,combined_incidence,0.918765596057736,Prediction
5,combined_incidence,1.0994219410757349,Prediction
6,combined_incidence,1.150537168419949,Prediction
7,combined_incidence,1.050403662670814,Prediction
8,combined_incidence,0.9863376786775242,Prediction
9,combined_incidence,0.9108810680459931,Prediction
10,combined_incidence,0.9653643251293765,Prediction
11,combined_incidence,1.0255238860231517,Prediction
12,combined_incidence,0.9414845773142396,Prediction
1,combined_incidence,1.0308955742142232,Prediction
2,combined_incidence,0.9562274349352176,Prediction
3,combined_incidence,0.9249176885006547,Prediction
4,combined_incidence,0.9226250988365525,Prediction
5,combined_incidence,1.1063836908183458,Prediction
6,combined_incidence,1.1498592232806624,Prediction
7,combined_incidence,1.0504578903991533,Prediction
8,combined_incidence,0.9975944542758052,Prediction
9,combined_incidence,0.9286661562726174,Prediction
10,combined_incidence,0.976546158857359,Prediction
11,combined_incidence,1.0342610169728979,Prediction
12,combined_incidence,0.9469910407195443,Prediction
1,combined_incidence,1.0279734093599613,Prediction
2,combined_incidence,0.9548085207730619,Prediction
3,combined_incidence,0.9293050428350274,Prediction
4,combined_incidence,0.9169147572448286,Prediction
5,combined_incidence,1.0994571194407279,Prediction
6,combined_incidence,1.1542635387406572,Prediction
7,combined_incidence,1.0526026744748067,Prediction
8,combined_incidence,0.9902309518972799,Prediction
9,combined_incidence,0.9166457686838474,Prediction
10,combined_incidence,0.9841428987520445,Prediction
11,combined_incidence,1.0378139493200098,Prediction
12,combined_incidence,0.9491575739923376,Prediction
1,combined_incidence,1.0472576344856945,Prediction
2,combined_incidence,0.9593238186991688,Prediction
3,combined_incidence,0.9262373131987544,Prediction
4,combined_incidence,0.9073163354468667,Prediction
5,combined_incidence,1.1037853157977282,Prediction
6,combined_incidence,1.1467692066408264,Prediction
7,combined_incidence,1.0433927811260726,Prediction
8,combined_incidence,0.9852855510496719,Prediction
9,combined_incidence,0.9095176214908252,Prediction
10,combined_incidence,0.9735604794648145,Prediction
11,combined_incidence,1.0226580768578426,Prediction
12,combined_incidence,0.9460671595518989,Prediction
1,combined_incidence,1.0269288838346062,Prediction
2,combined_incidence,0.9579453414560226,Prediction
3,combined_incidence,0.9268318453167098,Prediction
4,combined_incidence,0.9253137068991883,Prediction
5,combined_incidence,1.0999997219526707,Prediction
6,combined_incidence,1.148213128838791,Prediction
7,combined_incidence,1.0589599361603332,Prediction
8,combined_incidence,0.9997024893577384,Prediction
9,combined_incidence,0.9138192303093833,Prediction
10,combined_incidence,0.9661506517862376,Prediction
11,combined_incidence,1.0199177836756224,Prediction
12,combined_incidence,0.9424402006011336,Prediction
1,combined_incidence,1.0380522601116868,Prediction
2,combined_incidence,0.9668036938739629,Prediction
3,combined_incidence,0.9355748863455597,Prediction
4,combined_incidence,0.9185790473957853,Prediction
5,combined_incidence,1.1029713414991502,Prediction
6,combined_incidence,1.1486173089642584,Prediction
7,combined_incidence,1.0436617241985582,Prediction
8,combined_incidence,1.0015656265436492,Prediction
9,combined_incidence,0.9156654750043954,Prediction
10,combined_incidence,0.9741412409579511,Prediction
11,combined_incidence,1.0327978029618687,Prediction
12,combined_incidence,0.9555607990092665,Prediction
1,combined_incidence,1.0483959918295203,Prediction
2,combined_incidence,0.9558121124711514,Prediction
3,combined_incidence,0.9250848531980337,Prediction
4,combined_incidence,0.9204271770377682,Prediction
5,combined_incidence,1.0914041022734096,Prediction
6,combined_incidence,1.1443977342695226,Prediction
7,combined_incidence,1.0455980352872025,Prediction
8,combined_incidence,0.9969605032970931,Prediction
9,combined_incidence,0.909419647407213,Prediction
10,combined_incidence,0.9791076497154603,Prediction
11,combined_incidence,1.0295613752988717,Prediction
12,combined_incidence,0.9465400802583929,Prediction
1,combined_incidence,1.0367594625204493,Prediction
2,combined_incidence,0.9597449628769977,Prediction
3,combined_incidence,0.923402172849173,Prediction
4,combined_incidence,0.9113214670227492,Prediction
5,combined_incidence,1.0996294690921293,Prediction
6,combined_incidence,1.1504523273535705,Prediction
7,combined_incidence,1.056541618311218,Prediction
8,combined_incidence,0.9934031516100617,Prediction
9,combined_incidence,0.913536263090927,Prediction
10,combined_incidence,0.9652667664202604,Prediction
11,combined_incidence,1.0187317149429396,Prediction
12,combined_incidence,0.9449159166536392,Prediction
1,combined_incidence,1.033186680661947,Prediction
2,combined_incidence,0.9608951023963196,Prediction
3,combined_incidence,0.9373618152176341,Prediction
4,combined_incidence,0.9210141367219778,Prediction
5,combined_incidence,1.10944793085736,Prediction
6,combined_incidence,1.1564642562029614,Prediction
7,combined_incidence,1.0490151193693191,Prediction
8,combined_incidence,0.9939589521406079,Prediction
9,combined_incidence,0.9097416084150345,Prediction
10,combined_incidence,0.9805944389576633,Prediction
11,combined_incidence,1.0319451389981988,Prediction
12,combined_incidence,0.9485838300456757,Prediction
1,combined_incidence,1.0320955805022238,Prediction
2,combined_incidence,0.9560056109109094,Prediction
3,combined_incidence,0.9211031819771078,Prediction
4,combined_incidence,0.913296939490477,Prediction
5,combined_incidence,1.1065641249946023,Prediction
6,combined_incidence,1.149657258036432,Prediction
7,combined_incidence,1.0488614503396774,Prediction
8,combined_incidence,0.9988647238353668,Prediction
9,combined_incidence,0.9124277219116658,Prediction
10,combined_incidence,0.9804388254645447,Prediction
11,combined_incidence,1.0279180275036728,Prediction
12,combined_incidence,0.9471732491416438,Prediction
1,combined_incidence,1.0308980338375813,Prediction
2,combined_incidence,0.9552929293211139,Prediction
3,combined_incidence,0.9315700699101673,Prediction
4,combined_incidence,0.9185618400143978,Prediction
5,combined_incidence,1.1048792023181548,Prediction
6,combined_incidence,1.1483069350718564,Prediction
7,combined_incidence,1.049397511359879,Prediction
8,combined_incidence,0.9945854847463019,Prediction
9,combined_incidence,0.9109778913106866,Prediction
10,combined_incidence,0.9770797004177592,Prediction
11,combined_incidence,1.028799872874091,Prediction
12,combined_incidence,0.9513199767493403,Prediction
1,combined_incidence,1.0347881722723338,Prediction
2,combined_incidence,0.9547155766874501,Prediction
3,combined_incidence,0.9235530018859798,Prediction
4,combined_incidence,0.9165443497969749,Prediction
5,combined_incidence,1.0953569770797005,Prediction
6,combined_incidence,1.1564945030589673,Prediction
7,combined_incidence,1.0523850744146563,Prediction
8,combined_incidence,0.9971020310873029,Prediction
9,combined_incidence,0.9118607636754442,Prediction
10,combined_incidence,0.9751240146611951,Prediction
11,combined_incidence,1.0348196361112711,Prediction
12,combined_incidence,0.9530395006539657,Prediction
1,combined_incidence,1.0358648573848956,Prediction
2,combined_incidence,0.9574058282324943,Prediction
3,combined_incidence,0.9264369333994558,Prediction
4,combined_incidence,0.9105057381805001,Prediction
5,combined_incidence,1.0847542395383043,Prediction
6,combined_incidence,1.1533679586294676,Prediction
7,combined_incidence,1.0450189727329304,Prediction
8,combined_incidence,1.0006476438268024,Prediction
9,combined_incidence,0.9230146766487171,Prediction
10,combined_incidence,0.9664666135056869,Prediction
11,combined_incidence,1.0219498887816343,Prediction
12,combined_incidence,0.9467075166827549,Prediction
1,combined_incidence,1.0451840349183699,Prediction
2,combined_incidence,0.9530868342636505,Prediction
3,combined_incidence,0.9269316321819784,Prediction
4,combined_incidence,0.9187056700381919,Prediction
5,combined_incidence,1.101456331053007,Prediction
6,combined_incidence,1.1470348764007219,Prediction
7,combined_incidence,1.0534603600956898,Prediction
8,combined_incidence,0.9968523104041633,Prediction
9,combined_incidence,0.9221639316741512,Prediction
10,combined_incidence,0.9849830789322175,Prediction
11,combined_incidence,1.0303961355370508,Prediction
12,combined_incidence,0.9521913133837924,Prediction
1,combined_incidence,1.0391248788844734,Prediction
2,combined_incidence,0.9523261202308567,Prediction
3,combined_incidence,0.9203431957648183,Prediction
4,combined_incidence,0.9118672152556415,Prediction
5,combined_incidence,1.1012034319576482,Prediction
6,combined_incidence,1.1536938480333647,Prediction
7,combined_incidence,1.0488815244407623,Prediction
8,combined_incidence,0.9899709322736018,Prediction
9,combined_incidence,0.9150183253057729,Prediction
10,combined_incidence,0.9743394685543123,Prediction
11,combined_incidence,1.0351360497604551,Prediction
12,combined_incidence,0.9462988703772588,Prediction
1,combined_incidence,1.0396668465933723,Prediction
2,combined_incidence,0.9526419859433427,Prediction
3,combined_incidence,0.92273872684609,Prediction
4,combined_incidence,0.9154894519134227,Prediction
5,combined_incidence,1.0964696142949437,Prediction
6,combined_incidence,1.1563600361345032,Prediction
7,combined_incidence,1.049953433476995,Prediction
8,combined_incidence,0.9931506657754235,Prediction
9,combined_incidence,0.9177548503298812,Prediction
10,combined_incidence,0.9718638557475414,Prediction
11,combined_incidence,1.035000794648807,Prediction
12,combined_incidence,0.9526417193411942,Prediction
1,combined_incidence,1.0457076417332825,Prediction
2,combined_incidence,0.9548165476552284,Prediction
3,combined_incidence,0.925640389350033,Prediction
4,combined_incidence,0.9180786785966223,Prediction
5,combined_incidence,1.0954610217789538,Prediction
6,combined_incidence,1.1457832030759878,Prediction
7,combined_incidence,1.0458582067704079,Prediction
8,combined_incidence,0.9905339203510953,Prediction
9,combined_incidence,0.9186140209508461,Prediction
10,combined_incidence,0.9755024463839453,Prediction
11,combined_incidence,1.0351933717955741,Prediction
12,combined_incidence,0.9526948151831732,Prediction
1,combined_incidence,1.0430319146694538,Prediction
2,combined_incidence,0.9514811053188307,Prediction
3,combined_incidence,0.9201269338233125,Prediction
4,combined_incidence,0.9178849419905685,Prediction
5,combined_incidence,1.097868000623712,Prediction
6,combined_incidence,1.1437698334098927,Prediction
7,combined_incidence,1.0443973382668392,Prediction
8,combined_incidence,0.9980066501186317,Prediction
9,combined_incidence,0.9200426484160665,Prediction
10,combined_incidence,0.9856319696063602,Prediction
11,combined_incidence,1.0375037816160693,Prediction
12,combined_incidence,0.9473359833960672,Prediction
1,combined_incidence,1.0403236359798784,Prediction
2,combined_incidence,0.9551201322686179,Prediction
3,combined_incidence,0.9236796003799206,Prediction
4,combined_incidence,0.9137172406514933,Prediction
5,combined_incidence,1.0900510078446548,Prediction
6,combined_incidence,1.1503486122348472,Prediction
7,combined_incidence,1.0505392760403842,Prediction
8,combined_incidence,0.9925380799943716,Prediction
9,combined_incidence,0.9132106799873361,Prediction
10,combined_incidence,0.9741639806607575,Prediction
11,combined_incidence,1.02790088638195,Prediction
12,combined_incidence,0.9517526188557615,Prediction
1,combined_incidence,1.042371743217835,Prediction
2,combined_incidence,0.9620769540692989,Prediction
3,combined_incidence,0.923986032769272,Prediction
4,combined_incidence,0.9145010744023637,Prediction
5,combined_incidence,1.089242546333602,Prediction
6,combined_incidence,1.147612812248187,Prediction
7,combined_incidence,1.0549288208434058,Prediction
8,combined_incidence,0.9944936878861134,Prediction
9,combined_incidence,0.9169688423314531,Prediction
10,combined_incidence,0.9687330320521924,Prediction
11,combined_incidence,1.0264386731378068,Prediction
12,combined_incidence,0.9481835420303899,Prediction
1,combined_incidence,1.0484416636733467,Prediction
2,combined_incidence,0.9615490639957899,Prediction
3,combined_incidence,0.9282020866921169,Prediction
4,combined_incidence,0.9143019438481008,Prediction
5,combined_incidence,1.0935837141114852,Prediction
6,combined_incidence,1.1503036479521513,Prediction
7,combined_incidence,1.0493271295035544,Prediction
8,combined_incidence,0.9943948342257604,Prediction
9,combined_incidence,0.9165406687773053,Prediction
10,combined_incidence,0.9756822695988477,Prediction
11,combined_incidence,1.0211179185265749,Prediction
12,combined_incidence,0.9498318209113165,Prediction
1,combined_incidence,1.037478111523102,Prediction
2,combined_incidence,0.9592716858641381,Prediction
3,combined_incidence,0.9270048165147246,Prediction
4,combined_incidence,0.918102452769181,Prediction
5,combined_incidence,1.090069245272719,Prediction
6,combined_incidence,1.1548381407497301,Prediction
7,combined_incidence,1.048379307883211,Prediction
8,combined_incidence,0.9983581017808927,Prediction
9,combined_incidence,0.9198661286055623,Prediction
10,combined_incidence,0.977365279208332,Prediction
11,combined_incidence,1.0340292609546156,Prediction
12,combined_incidence,0.9453370791246973,Prediction
1,combined_incidence,1.0381717095458742,Prediction
2,combined_incidence,0.9572424090190873,Prediction
3,combined_incidence,0.9230924669740761,Prediction
4,combined_incidence,0.9132920398191468,Prediction
5,combined_incidence,1.0956776523879421,Prediction
6,combined_incidence,1.1461953181350002,Prediction
7,combined_incidence,1.052939707165931,Prediction
8,combined_incidence,0.9968145805209494,Prediction
9,combined_incidence,0.9198424971443486,Prediction
10,combined_incidence,0.9800588161944885,Prediction
11,combined_incidence,1.031959414303908,Prediction
12,combined_incidence,0.9472069312881699,Prediction
1,combined_incidence,1.0321275406340324,Prediction
2,combined_incidence,0.9481820640028917,Prediction
3,combined_incidence,0.9186927056990623,Prediction
4,combined_incidence,0.9162212486462328,Prediction
5,combined_incidence,1.096603988236761,Prediction
6,combined_incidence,1.1505725402067113,Prediction
7,combined_incidence,1.0599524482696299,Prediction
8,combined_incidence,1.0000322242132738,Prediction
9,combined_incidence,0.9183900783048382,Prediction
10,combined_incidence,0.9676774577150303,Prediction
11,combined_incidence,1.0387406648365318,Prediction
12,combined_incidence,0.9454122231077713,Prediction
1,combined_incidence,1.0462973505214197,Prediction
2,combined_incidence,0.9508435909437845,Prediction
3,combined_incidence,0.9305518657676235,Prediction
4,combined_incidence,0.9107999038546687,Prediction
5,combined_incidence,1.0924639771275317,Prediction
6,combined_incidence,1.1459005401849534,Prediction
7,combined_incidence,1.0504973834132436,Prediction
8,combined_incidence,0.9989668593790192,Prediction
9,combined_incidence,0.9218481831484222,Prediction
10,combined_incidence,0.9758039945242023,Prediction
11,combined_incidence,1.0339485415423497,Prediction
12,combined_incidence,0.9500087753167888,Prediction
1,combined_incidence,1.033021868089438,Prediction
2,combined_incidence,0.9520306083049598,Prediction
3,combined_incidence,0.9243651935834883,Prediction
4,combined_incidence,0.9170360490013689,Prediction
5,combined_incidence,1.0890266418617711,Prediction
6,combined_incidence,1.153792691916178,Prediction
7,combined_incidence,1.0507634525606373,Prediction
8,combined_incidence,1.0014138790410334,Prediction
9,combined_incidence,0.9187883042577837,Prediction
10,combined_incidence,0.972869454197255,Prediction
11,combined_incidence,1.0317838963831538,Prediction
12,combined_incidence,0.9525089455205201,Prediction
1,combined_incidence,1.0353621045911938,Prediction
2,combined_incidence,0.9594133754430763,Prediction
3,combined_incidence,0.9287718178305643,Prediction
4,combined_incidence,0.9266887294840996,Prediction
5,combined_incidence,1.0997026559376417,Prediction
6,combined_incidence,1.146908125724461,Prediction
7,combined_incidence,1.0420985435180674,Prediction
8,combined_incidence,0.9924740033934181,Prediction
9,combined_incidence,0.9114183479765484,Prediction
10,combined_incidence,0.9814235064680162,Prediction
11,combined_incidence,1.0342422753385738,Prediction
12,combined_incidence,0.9493680929757329,Prediction
1,combined_incidence,1.0380174308618964,Prediction
2,combined_incidence,0.9562669391311852,Prediction
3,combined_incidence,0.9187659473176489,Prediction
4,combined_incidence,0.9119172138461346,Prediction
5,combined_incidence,1.099706144789464,Prediction
6,combined_incidence,1.145993560520114,Prediction
7,combined_incidence,1.051714897804925,Prediction
8,combined_incidence,0.9995977065094984,Prediction
9,combined_incidence,0.91298628443681,Prediction
10,combined_incidence,0.968408835370498,Prediction
11,combined_incidence,1.024772405788691,Prediction
12,combined_incidence,0.9454248192777808,Prediction
1,combined_incidence,1.037210223674262,Prediction
2,combined_incidence,0.952790418025629,Prediction
3,combined_incidence,0.9280654422288749,Prediction
4,combined_incidence,0.9176196840046538,Prediction
5,combined_incidence,1.1068988318271986,Prediction
6,combined_incidence,1.153101223972792,Prediction
7,combined_incidence,1.0557079205296536,Prediction
8,combined_incidence,0.9960967906635456,Prediction
9,combined_incidence,0.9139034046364213,Prediction
10,combined_incidence,0.9745711566909661,Prediction
11,combined_incidence,1.0296955219523423,Prediction
12,combined_incidence,0.9465289727129058,Prediction
1,combined_incidence,1.0280113066984047,Prediction
2,combined_incidence,0.9543437314911761,Prediction
3,combined_incidence,0.9238257510898276,Prediction
4,combined_incidence,0.9153036219049036,Prediction
5,combined_incidence,1.0988494002790183,Prediction
6,combined_incidence,1.1575274597262026,Prediction
7,combined_incidence,1.0543692754225276,Prediction
8,combined_incidence,0.9938048948909329,Prediction
9,combined_incidence,0.9231689071407919,Prediction
10,combined_incidence,0.9764258046351109,Prediction
11,combined_incidence,1.0389316413845398,Prediction
12,combined_incidence,0.9514368509011941,Prediction
1,combined_incidence,1.036606698567261,Prediction
2,combined_incidence,0.9469876797544593,Prediction
3,combined_incidence,0.9253272412769344,Prediction
4,combined_incidence,0.90955442777554,Prediction
5,combined_incidence,1.100868787085138,Prediction
6,combined_incidence,1.1499434793577694,Prediction
7,combined_incidence,1.0492517113000863,Prediction
8,combined_incidence,0.9967481465271516,Prediction
9,combined_incidence,0.9179175314348159,Prediction
10,combined_incidence,0.9736215917480423,Prediction
11,combined_incidence,1.0325721215910502,Prediction
12,combined_incidence,0.9480651972763292,Prediction
1,combined_incidence,1.0401084109175711,Prediction
2,combined_incidence,0.9592189054795801,Prediction
3,combined_incidence,0.9303297963945834,Prediction
4,combined_incidence,0.9129293417051273,Prediction
5,combined_incidence,1.0901326247360554,Prediction
6,combined_incidence,1.1527508153846369,Prediction
7,combined_incidence,1.0479126571979238,Prediction
8,combined_incidence,0.9966826370871962,Prediction
9,combined_incidence,0.9156759004819038,Prediction
10,combined_incidence,0.9685836871583139,Prediction
11,combined_incidence,1.0311263761538225,Prediction
12,combined_incidence,0.946135896671025,Prediction
1,combined_incidence,1.0389713938427485,Prediction
2,combined_incidence,0.954081277059596,Prediction
3,combined_incidence,0.9214466725583289,Prediction
4,combined_incidence,0.9155921817456977,Prediction
5,combined_incidence,1.0992224678630274,Prediction
6,combined_incidence,1.1519296122933156,Prediction
7,combined_incidence,1.0522527244291175,Prediction
8,combined_incidence,0.997086693857524,Prediction
9,combined_incidence,0.9235710163674836,Prediction
10,combined_incidence,0.9798128780012707,Prediction
11,combined_incidence,1.027586921051085,Prediction
12,combined_incidence,0.9520888199783379,Prediction
1,combined_incidence,1.0409703700179398,Prediction
2,combined_incidence,0.9610391064266863,Prediction
3,combined_incidence,0.9233068481725799,Prediction
4,combined_incidence,0.9146420305227718,Prediction
5,combined_incidence,1.1041597281889244,Prediction
6,combined_incidence,1.1473998550266298,Prediction
7,combined_incidence,1.0420114915184981,Prediction
8,combined_incidence,0.9962861069052664,Prediction
9,combined_incidence,0.9106958441900103,Prediction
10,combined_incidence,0.9774243953935545,Prediction
11,combined_incidence,1.026991022542091,Prediction
12,combined_incidence,0.9553389273131722,Prediction
1,combined_incidence,1.0412510630097733,Prediction
2,combined_incidence,0.9493232345659359,Prediction
3,combined_incidence,0.9290977717639469,Prediction
4,combined_incidence,0.9166307093574184,Prediction
5,combined_incidence,1.096850139709856,Prediction
6,combined_incidence,1.1514605649556573,Prediction
7,combined_incidence,1.0524446082887533,Prediction
8,combined_incidence,0.9916844358612369,Prediction
9,combined_incidence,0.9115031272386043,Prediction
10,combined_incidence,0.9818186389330026,Prediction
11,combined_incidence,1.039962120418519,Prediction
12,combined_incidence,0.9522189305722583,Prediction
1,combined_incidence,1.0330398783160346,Prediction
2,combined_incidence,0.9563923888858626,Prediction
3,combined_incidence,0.921395678207927,Prediction
4,combined_incidence,0.9173227851548914,Prediction
5,combined_incidence,1.099245341523815,Prediction
6,combined_incidence,1.1458070571671604,Prediction
7,combined_incidence,1.0537563219932036,Prediction
8,combined_incidence,0.989863859778505,Prediction
9,combined_incidence,0.9091769990488202,Prediction
10,combined_incidence,0.9783869355807225,Prediction
11,combined_incidence,1.0203953087010746,Prediction
12,combined_incidence,0.950571715313908,Prediction
1,combined_incidence,1.042718030763029,Prediction
2,combined_incidence,0.9556778910150624,Prediction
3,combined_incidence,0.925427159311842,Prediction
4,combined_incidence,0.9152316045401292,Prediction
5,combined_incidence,1.0950899249610528,Prediction
6,combined_incidence,1.1552218624943835,Prediction
7,combined_incidence,1.0534174844526187,Prediction
8,combined_incidence,0.9937222593147814,Prediction
9,combined_incidence,0.9141398235513956,Prediction
10,combined_incidence,0.9750898646151779,Prediction
11,combined_incidence,1.034148553767595,Prediction
12,combined_incidence,0.9513555279336178,Prediction
1,combined_incidence,1.0418920280847919,Prediction
2,combined_incidence,0.9585614942721806,Prediction
3,combined_incidence,0.9288305842039842,Prediction
4,combined_incidence,0.921171095508449,Prediction
5,combined_incidence,1.0940806933852925,Prediction
6,combined_incidence,1.143867369906272,Prediction
7,combined_incidence,1.0428998555447306,Prediction
8,combined_incidence,0.9930963818994188,Prediction
9,combined_incidence,0.9150065508784896,Prediction
10,combined_incidence,0.9802498834316056,Prediction
11,combined_incidence,1.036202712788078,Prediction
12,combined_incidence,0.9519374157242013,Prediction
1,combined_incidence,1.0426213256451868,Prediction
2,combined_incidence,0.9592465691086054,Prediction
3,combined_incidence,0.9223311438545003,Prediction
4,combined_incidence,0.9138962128223834,Prediction
5,combined_incidence,1.0916514626007985,Prediction
6,combined_incidence,1.1505447559624908,Prediction
7,combined_incidence,1.0439991430647757,Prediction
8,combined_incidence,0.992868674676864,Prediction
9,combined_incidence,0.9144507003205106,Prediction
10,combined_incidence,0.9809224356930906,Prediction
11,combined_incidence,1.037679067200492,Prediction
12,combined_incidence,0.9457697238984233,Prediction
1,combined_incidence,1.0415381137014406,Prediction
2,combined_incidence,0.9556111350624146,Prediction
3,combined_incidence,0.9233737728077652,Prediction
4,combined_incidence,0.910347384400633,Prediction
5,combined_incidence,1.0945536608280098,Prediction
6,combined_incidence,1.1526921343139167,Prediction
7,combined_incidence,1.0452117911564922,Prediction
8,combined_incidence,0.9961058457252072,Prediction
9,combined_incidence,0.9161949352121141,Prediction
10,combined_incidence,0.9777585482722243,Prediction
11,combined_incidence,1.033740758482249,Prediction
12,combined_incidence,0.952776423752123,Prediction
1,combined_incidence,1.0382247295499594,Prediction
2,combined_incidence,0.9563164009108418,Prediction
3,combined_incidence,0.923040615618885,Prediction
4,combined_incidence,0.9180846475966786,Prediction
5,combined_incidence,1.091492957271633,Prediction
6,combined_incidence,1.1462446039931504,Prediction
7,combined_incidence,1.0504292222304947,Prediction
8,combined_incidence,0.9911261763049101,Prediction
9,combined_incidence,0.9207649160168514,Prediction
10,combined_incidence,0.9795544012240153,Prediction
11,combined_incidence,1.0263048286056071,Prediction
12,combined_incidence,0.9503227625048558,Prediction
1,combined_incidence,1.0406766302556718,Prediction
2,combined_incidence,0.95904008481719,Prediction
3,combined_incidence,0.92147818635941,Prediction
4,combined_incidence,0.9132993858887645,Prediction
5,combined_incidence,1.092862762476808,Prediction
6,combined_incidence,1.1539345050858059,Prediction
7,combined_incidence,1.0475259549296485,Prediction
8,combined_incidence,1.0033335062960778,Prediction
9,combined_incidence,0.9116669915561458,Prediction
10,combined_incidence,0.9763630896699185,Prediction
11,combined_incidence,1.0324234932513698,Prediction
12,combined_incidence,0.9471802752906588,Prediction
1,combined_incidence,1.0428304156087131,Prediction
2,combined_incidence,0.9562341306962449,Prediction
3,combined_incidence,0.9211546171321663,Prediction
4,combined_incidence,0.914289055191768,Prediction
5,combined_incidence,1.0995255913403714,Prediction
6,combined_incidence,1.148486569557664,Prediction
7,combined_incidence,1.0472404115996259,Prediction
8,combined_incidence,0.9994654550314045,Prediction
9,combined_incidence,0.9148068956300949,Prediction
10,combined_incidence,0.9780780058093005,Prediction
11,combined_incidence,1.0341562242904874,Prediction
12,combined_incidence,0.9487628652499734,Prediction
1,combined_incidence,1.0321078582262047,Prediction
2,combined_incidence,0.9563854733908294,Prediction
3,combined_incidence,0.923561246704985,Prediction
4,combined_incidence,0.9180373742857303,Prediction
5,combined_incidence,1.099032342916627,Prediction
6,combined_incidence,1.1465812994252262,Prediction
7,combined_incidence,1.0566546712260534,Prediction
8,combined_incidence,0.9973695845622598,Prediction
9,combined_incidence,0.9092730539123233,Prediction
10,combined_incidence,0.9674682462581663,Prediction
11,combined_incidence,1.030082199254556,Prediction
12,combined_incidence,0.9452051362703863,Prediction
1,combined_incidence,1.0312179017895666,Prediction
2,combined_incidence,0.9476602579269532,Prediction
3,combined_incidence,0.9177645588435875,Prediction
4,combined_incidence,0.9155933628207733,Prediction
5,combined_incidence,1.0993099493665952,Prediction
6,combined_incidence,1.15557732937322,Prediction
7,combined_incidence,1.0617315566640408,Prediction
8,combined_incidence,1.0035435032526185,Prediction
9,combined_incidence,0.9248459981795356,Prediction
10,combined_incidence,0.9776431482627717,Prediction
11,combined_incidence,1.0404172645586405,Prediction
12,combined_incidence,0.9496261748839263,Prediction
1,combined_incidence,1.0343142254743198,Prediction
2,combined_incidence,0.9496261748839263,Prediction
3,combined_incidence,0.9233361603668531,Prediction
4,combined_incidence,0.9110462492437569,Prediction
5,combined_incidence,1.0973901404062265,Prediction
6,combined_incidence,1.1494336385318615,Prediction
7,combined_incidence,1.0550377318155844,Prediction
8,combined_incidence,0.9937055423363407,Prediction
9,combined_incidence,0.9184235492357928,Prediction
10,under_5_incidence,0.9919795232444722,Prediction
11,under_5_incidence,1.0312680553916116,Prediction
12,under_5_incidence,0.9506035548542211,Prediction
1,under_5_incidence,1.0264222212558165,Prediction
2,under_5_incidence,0.9514981703869833,Prediction
3,under_5_incidence,0.934351372675708,Prediction
4,under_5_incidence,0.9318166286662152,Prediction
5,under_5_incidence,1.0976187074048072,Prediction
6,under_5_incidence,1.1063412088492386,Prediction
7,under_5_incidence,1.040959723663202,Prediction
8,under_5_incidence,1.0058460640022862,Prediction
9,under_5_incidence,0.9312947696054372,Prediction
10,under_5_incidence,0.983492680011951,Prediction
11,under_5_incidence,1.0181505826112938,Prediction
12,under_5_incidence,0.9420376456528234,Prediction
1,under_5_incidence,1.02793546459516,Prediction
2,under_5_incidence,0.9468180460113534,Prediction
3,under_5_incidence,0.9536151777711384,Prediction
4,under_5_incidence,0.938676426650732,Prediction
5,under_5_incidence,1.094412907080968,Prediction
6,under_5_incidence,1.1121153271586495,Prediction
7,under_5_incidence,1.0417538093815357,Prediction
8,under_5_incidence,0.9953689871526741,Prediction
9,under_5_incidence,0.9456229459217209,Prediction
10,under_5_incidence,0.9920252605931018,Prediction
11,under_5_incidence,1.0361815729443136,Prediction
12,under_5_incidence,0.9529409570930428,Prediction
1,under_5_incidence,1.0320792128441165,Prediction
2,under_5_incidence,0.9583859077714861,Prediction
3,under_5_incidence,0.9323545682265995,Prediction
4,under_5_incidence,0.9360093981340478,Prediction
5,under_5_incidence,1.102192276374757,Prediction
6,under_5_incidence,1.1050266342621657,Prediction
7,under_5_incidence,1.0362561613097718,Prediction
8,under_5_incidence,0.9919506722276438,Prediction
9,under_5_incidence,0.9245973782189542,Prediction
10,under_5_incidence,0.9951135383730958,Prediction
11,under_5_incidence,1.0193333916542735,Prediction
12,under_5_incidence,0.9423247559893523,Prediction
1,under_5_incidence,1.0350050614244473,Prediction
2,under_5_incidence,0.9516227801592162,Prediction
3,under_5_incidence,0.9346013972030944,Prediction
4,under_5_incidence,0.9296524488546184,Prediction
5,under_5_incidence,1.0865191146881288,Prediction
6,under_5_incidence,1.1402826899283902,Prediction
7,under_5_incidence,1.0388292487846333,Prediction
8,under_5_incidence,0.9999125185897997,Prediction
9,under_5_incidence,0.9268030543509505,Prediction
10,under_5_incidence,0.9944298515248049,Prediction
11,under_5_incidence,1.0413755844930046,Prediction
12,under_5_incidence,0.939212727509827,Prediction
1,under_5_incidence,1.037053596378472,Prediction
2,under_5_incidence,0.9459192607909983,Prediction
3,under_5_incidence,0.9315374727547086,Prediction
4,under_5_incidence,0.9372007675254755,Prediction
5,under_5_incidence,1.0818383352894057,Prediction
6,under_5_incidence,1.1321373348981911,Prediction
7,under_5_incidence,1.0339238808472586,Prediction
8,under_5_incidence,0.9933866130144005,Prediction
9,under_5_incidence,0.9319845749734533,Prediction
10,under_5_incidence,0.9941793514853665,Prediction
11,under_5_incidence,1.0424309545234305,Prediction
12,under_5_incidence,0.9590666826079022,Prediction
1,under_5_incidence,1.0374472208763064,Prediction
2,under_5_incidence,0.9477400152280749,Prediction
3,under_5_incidence,0.9435113927396062,Prediction
4,under_5_incidence,0.9406419703367166,Prediction
5,under_5_incidence,1.0835090015542703,Prediction
6,under_5_incidence,1.1046521139966146,Prediction
7,under_5_incidence,1.021363353196952,Prediction
8,under_5_incidence,0.9915364624300735,Prediction
9,under_5_incidence,0.9339214810246858,Prediction
10,under_5_incidence,0.9827376459065075,Prediction
11,under_5_incidence,1.0354417902439936,Prediction
12,under_5_incidence,0.9405144393634077,Prediction
1,under_5_incidence,1.0260089462290458,Prediction
2,under_5_incidence,0.9423860353981196,Prediction
3,under_5_incidence,0.9497226918541901,Prediction
4,under_5_incidence,0.9354236981489915,Prediction
5,under_5_incidence,1.1011722429830746,Prediction
6,under_5_incidence,1.1270751321034866,Prediction
7,under_5_incidence,1.0349926071956628,Prediction
8,under_5_incidence,0.9965874565633753,Prediction
9,under_5_incidence,0.927937314010144,Prediction
10,under_5_incidence,0.9862393113992864,Prediction
11,under_5_incidence,1.0473979274024576,Prediction
12,under_5_incidence,0.9384449855597712,Prediction
1,under_5_incidence,1.0337316193819959,Prediction
2,under_5_incidence,0.9581516507163486,Prediction
3,under_5_incidence,0.9377654453819582,Prediction
4,under_5_incidence,0.9460709364441172,Prediction
5,under_5_incidence,1.104328293410348,Prediction
6,under_5_incidence,1.1055363648375711,Prediction
7,under_5_incidence,1.0260301640334484,Prediction
8,under_5_incidence,0.9984710345999207,Prediction
9,under_5_incidence,0.9178322668327765,Prediction
10,under_5_incidence,0.9977981355480161,Prediction
11,under_5_incidence,1.0231784998790525,Prediction
12,under_5_incidence,0.9302908321807141,Prediction
1,under_5_incidence,1.0374689102941814,Prediction
2,under_5_incidence,0.9626675432774907,Prediction
3,under_5_incidence,0.9405620646665881,Prediction
4,under_5_incidence,0.9367661744000694,Prediction
5,under_5_incidence,1.0918766707809486,Prediction
6,under_5_incidence,1.12477438642411,Prediction
7,under_5_incidence,1.020573477147128,Prediction
8,under_5_incidence,1.002338318023656,Prediction
9,under_5_incidence,0.9317049873780445,Prediction
10,under_5_incidence,0.9918099406064396,Prediction
11,under_5_incidence,1.0276711472335105,Prediction
12,under_5_incidence,0.9466458268208816,Prediction
1,under_5_incidence,1.0276711472335105,Prediction
2,under_5_incidence,0.9618755861206627,Prediction
3,under_5_incidence,0.9341919349796812,Prediction
4,under_5_incidence,0.927514848390122,Prediction
5,under_5_incidence,1.0927914973429198,Prediction
6,under_5_incidence,1.1174742106908409,Prediction
7,under_5_incidence,1.0343482338230698,Prediction
8,under_5_incidence,1.004113785557987,Prediction
9,under_5_incidence,0.9338918412003752,Prediction
10,under_5_incidence,0.9899753615828772,Prediction
11,under_5_incidence,1.035866764468017,Prediction
12,under_5_incidence,0.9394195866012149,Prediction
1,under_5_incidence,1.034963982771916,Prediction
2,under_5_incidence,0.9580770749873047,Prediction
3,under_5_incidence,0.9373883277849875,Prediction
4,under_5_incidence,0.9398709774492655,Prediction
5,under_5_incidence,1.069043991799733,Prediction
6,under_5_incidence,1.1223081118696985,Prediction
7,under_5_incidence,1.0366943143561098,Prediction
8,under_5_incidence,1.0011849009761327,Prediction
9,under_5_incidence,0.9352066053527431,Prediction
10,under_5_incidence,0.9871096245631178,Prediction
11,under_5_incidence,1.0218347175767597,Prediction
12,under_5_incidence,0.9309632079371641,Prediction
1,under_5_incidence,1.0340110488932317,Prediction
2,under_5_incidence,0.9605772482994476,Prediction
3,under_5_incidence,0.945394415423353,Prediction
4,under_5_incidence,0.9415611259348341,Prediction
5,under_5_incidence,1.0873764515765343,Prediction
6,under_5_incidence,1.1159382163929497,Prediction
7,under_5_incidence,1.0422037656432035,Prediction
8,under_5_incidence,0.9949265286181367,Prediction
9,under_5_incidence,0.938103649141268,Prediction
10,under_5_incidence,0.9857247186452527,Prediction
11,under_5_incidence,1.0302920596478307,Prediction
12,under_5_incidence,0.9441535014075539,Prediction
1,under_5_incidence,1.0275955482594392,Prediction
2,under_5_incidence,0.962654565655683,Prediction
3,under_5_incidence,0.9569619305024124,Prediction
4,under_5_incidence,0.9209335422297402,Prediction
5,under_5_incidence,1.1009256774048575,Prediction
6,under_5_incidence,1.1108128858289588,Prediction
7,under_5_incidence,1.0290936101418788,Prediction
8,under_5_incidence,0.9863239433982285,Prediction
9,under_5_incidence,0.9445280168781638,Prediction
10,under_5_incidence,1.0036222894854363,Prediction
11,under_5_incidence,1.025951471244976,Prediction
12,under_5_incidence,0.950850989927058,Prediction
1,under_5_incidence,1.027142360938818,Prediction
2,under_5_incidence,0.9662581253411402,Prediction
3,under_5_incidence,0.9355182851188408,Prediction
4,under_5_incidence,0.9356671463305711,Prediction
5,under_5_incidence,1.0980002977224235,Prediction
6,under_5_incidence,1.118096561306009,Prediction
7,under_5_incidence,1.0432193718056864,Prediction
8,under_5_incidence,0.9759341041036074,Prediction
9,under_5_incidence,0.9197389966754329,Prediction
10,under_5_incidence,0.9933668216280302,Prediction
11,under_5_incidence,1.0298337025365822,Prediction
12,under_5_incidence,0.9422233315653177,Prediction
1,under_5_incidence,1.0205485008268071,Prediction
2,under_5_incidence,0.9530061464540888,Prediction
3,under_5_incidence,0.9363826401672334,Prediction
4,under_5_incidence,0.9324888459018439,Prediction
5,under_5_incidence,1.092433933418614,Prediction
6,under_5_incidence,1.1345168637484009,Prediction
7,under_5_incidence,1.0301332251723814,Prediction
8,under_5_incidence,0.9983838257776668,Prediction
9,under_5_incidence,0.9366821628030326,Prediction
10,under_5_incidence,0.9778703854795586,Prediction
11,under_5_incidence,1.0309663976301353,Prediction
12,under_5_incidence,0.9502303337642938,Prediction
1,under_5_incidence,1.0333011158949126,Prediction
2,under_5_incidence,0.9637867623984836,Prediction
3,under_5_incidence,0.9484228099464018,Prediction
4,under_5_incidence,0.9303475717674821,Prediction
5,under_5_incidence,1.1000288701720913,Prediction
6,under_5_incidence,1.1198363186764908,Prediction
7,under_5_incidence,1.0152258777159928,Prediction
8,under_5_incidence,0.998958163354965,Prediction
9,under_5_incidence,0.9310253931991916,Prediction
10,under_5_incidence,0.9831660812844958,Prediction
11,under_5_incidence,1.055644756648269,Prediction
12,under_5_incidence,0.9395885599598596,Prediction
1,under_5_incidence,1.0432262920220774,Prediction
2,under_5_incidence,0.9404917210235826,Prediction
3,under_5_incidence,0.9341695935775214,Prediction
4,under_5_incidence,0.9259658805820372,Prediction
5,under_5_incidence,1.0834169593577523,Prediction
6,under_5_incidence,1.1168339187155043,Prediction
7,under_5_incidence,1.039764174611139,Prediction
8,under_5_incidence,1.0112393376818867,Prediction
9,under_5_incidence,0.9264927245358756,Prediction
10,under_5_incidence,0.9899914212181871,Prediction
11,under_5_incidence,1.0195322698959357,Prediction
12,under_5_incidence,0.9465753254342232,Prediction
1,under_5_incidence,1.0378834031654462,Prediction
2,under_5_incidence,0.9715656898459549,Prediction
3,under_5_incidence,0.9368029739776952,Prediction
4,under_5_incidence,0.9453071576879561,Prediction
5,under_5_incidence,1.0924892143576481,Prediction
6,under_5_incidence,1.109348385572727,Prediction
7,under_5_incidence,1.036316843008293,Prediction
8,under_5_incidence,0.9900660193209087,Prediction
9,under_5_incidence,0.9241212965150254,Prediction
10,under_5_incidence,0.9997304869411521,Prediction
11,under_5_incidence,1.0332002482027238,Prediction
12,under_5_incidence,0.9515189881351577,Prediction
1,under_5_incidence,1.0251524629106157,Prediction
2,under_5_incidence,0.9567086814543676,Prediction
3,under_5_incidence,0.9347465010310441,Prediction
4,under_5_incidence,0.9372285282706663,Prediction
5,under_5_incidence,1.104126056898594,Prediction
6,under_5_incidence,1.1266899408951594,Prediction
7,under_5_incidence,1.0257541664838574,Prediction
8,under_5_incidence,0.9953681360351495,Prediction
9,under_5_incidence,0.9097758027415118,Prediction
10,under_5_incidence,0.983041656396352,Prediction
11,under_5_incidence,1.0300714813901897,Prediction
12,under_5_incidence,0.9556815380823268,Prediction
1,under_5_incidence,1.033399063347301,Prediction
2,under_5_incidence,0.968178456987922,Prediction
3,under_5_incidence,0.9467340399309835,Prediction
4,under_5_incidence,0.9312053241311313,Prediction
5,under_5_incidence,1.0864185358639389,Prediction
6,under_5_incidence,1.121912743406458,Prediction
7,under_5_incidence,1.0138772491989154,Prediction
8,under_5_incidence,0.9964998767562238,Prediction
9,under_5_incidence,0.9329800345082573,Prediction
10,under_5_incidence,0.990536238294903,Prediction
11,under_5_incidence,1.0305344938226992,Prediction
12,under_5_incidence,0.9388001769393235,Prediction
1,under_5_incidence,1.0313568878615886,Prediction
2,under_5_incidence,0.9614533945560007,Prediction
3,under_5_incidence,0.9402206757337686,Prediction
4,under_5_incidence,0.929679079417097,Prediction
5,under_5_incidence,1.089821627717171,Prediction
6,under_5_incidence,1.1252593344838542,Prediction
7,under_5_incidence,1.0394313020615922,Prediction
8,under_5_incidence,0.9995078096282405,Prediction
9,under_5_incidence,0.9233989794837608,Prediction
10,under_5_incidence,0.988386033268395,Prediction
11,under_5_incidence,1.0296718117788102,Prediction
12,under_5_incidence,0.9402068035366402,Prediction
1,under_5_incidence,1.0397122733403268,Prediction
2,under_5_incidence,0.9602877266596733,Prediction
3,under_5_incidence,0.9222238873070583,Prediction
4,under_5_incidence,0.928817623257905,Prediction
5,under_5_incidence,1.1111943653529148,Prediction
6,under_5_incidence,1.1096208601828264,Prediction
7,under_5_incidence,1.0320695339427544,Prediction
8,under_5_incidence,0.9998501423647534,Prediction
9,under_5_incidence,0.9379589390079425,Prediction
10,under_5_incidence,0.9785139718744318,Prediction
11,under_5_incidence,1.0347149511909166,Prediction
12,under_5_incidence,0.9439808400052665,Prediction
1,under_5_incidence,1.027417099793729,Prediction
2,under_5_incidence,0.9528586386121543,Prediction
3,under_5_incidence,0.9394667051204082,Prediction
4,under_5_incidence,0.9358553972125216,Prediction
5,under_5_incidence,1.0942262960896305,Prediction
6,under_5_incidence,1.1158189079555356,Prediction
7,under_5_incidence,1.0459250528216477,Prediction
8,under_5_incidence,1.002363651182766,Prediction
9,under_5_incidence,0.9288584881409915,Prediction
10,under_5_incidence,0.9780307859311197,Prediction
11,under_5_incidence,1.0344527261137653,Prediction
12,under_5_incidence,0.9411482559056857,Prediction
1,under_5_incidence,1.046948860516633,Prediction
2,under_5_incidence,0.9495547463221604,Prediction
3,under_5_incidence,0.9413754583493742,Prediction
4,under_5_incidence,0.932287360601834,Prediction
5,under_5_incidence,1.0894357174863836,Prediction
6,under_5_incidence,1.123288881595971,Prediction
7,under_5_incidence,1.020896313640351,Prediction
8,under_5_incidence,0.9964341838698887,Prediction
9,under_5_incidence,0.9461467096668328,Prediction
10,under_5_incidence,0.9789651082953623,Prediction
11,under_5_incidence,1.043904874851757,Prediction
12,under_5_incidence,0.9495287435241245,Prediction
1,under_5_incidence,1.0274265027151863,Prediction
2,under_5_incidence,0.9529742213344984,Prediction
3,under_5_incidence,0.9382185881031146,Prediction
4,under_5_incidence,0.9389676050184133,Prediction
5,under_5_incidence,1.1010548654890455,Prediction
6,under_5_incidence,1.1168591224018476,Prediction
7,under_5_incidence,1.0243555333624617,Prediction
8,under_5_incidence,0.9893764434180138,Prediction
9,under_5_incidence,0.9383683914861743,Prediction
10,under_5_incidence,0.996695806506429,Prediction
11,under_5_incidence,1.0267545267450862,Prediction
12,under_5_incidence,0.9403545871646244,Prediction
1,under_5_incidence,1.0339293469025546,Prediction
2,under_5_incidence,0.9496440911579782,Prediction
3,under_5_incidence,0.9427713686913506,Prediction
4,under_5_incidence,0.9334818646979968,Prediction
5,under_5_incidence,1.0970677642882767,Prediction
6,under_5_incidence,1.1272020089496442,Prediction
7,under_5_incidence,1.0221475369597643,Prediction
8,under_5_incidence,0.9952608424749353,Prediction
9,under_5_incidence,0.9346902554613599,Prediction
10,under_5_incidence,0.9854935782093441,Prediction
11,under_5_incidence,1.0175094620586957,Prediction
12,under_5_incidence,0.9525842278339641,Prediction
1,under_5_incidence,1.0160203511819816,Prediction
2,under_5_incidence,0.9629335484271266,Prediction
3,under_5_incidence,0.9359061860147669,Prediction
4,under_5_incidence,0.9398523298380591,Prediction
5,under_5_incidence,1.084519451510827,Prediction
6,under_5_incidence,1.125916733883477,Prediction
7,under_5_incidence,1.0409629583669417,Prediction
8,under_5_incidence,1.0081280635353973,Prediction
9,under_5_incidence,0.930173109139418,Prediction
10,under_5_incidence,1.007224866984038,Prediction
11,under_5_incidence,1.0392607112853542,Prediction
12,under_5_incidence,0.9465135816297956,Prediction
1,under_5_incidence,1.0287314477737328,Prediction
2,under_5_incidence,0.9746662932885279,Prediction
3,under_5_incidence,0.9439746102865677,Prediction
4,under_5_incidence,0.9310557266872025,Prediction
5,under_5_incidence,1.0848128442079716,Prediction
6,under_5_incidence,1.1122934752170262,Prediction
7,under_5_incidence,1.0214879118827593,Prediction
8,under_5_incidence,0.9881825819098292,Prediction
9,under_5_incidence,0.921795948847195,Prediction
10,under_5_incidence,0.9858588838289791,Prediction
11,under_5_incidence,1.021110271207065,Prediction
12,under_5_incidence,0.9239845867364811,Prediction
1,under_5_incidence,1.0345323475727797,Prediction
2,under_5_incidence,0.9641033204889471,Prediction
3,under_5_incidence,0.9401353269787422,Prediction
4,under_5_incidence,0.9382178874979259,Prediction
5,under_5_incidence,1.0943417098397832,Prediction
6,under_5_incidence,1.126421947307288,Prediction
7,under_5_incidence,1.0329098987813197,Prediction
8,under_5_incidence,0.9918324452884456,Prediction
9,under_5_incidence,0.9465513744722432,Prediction
10,under_5_incidence,0.994576106156026,Prediction
11,under_5_incidence,1.0327742998558207,Prediction
12,under_5_incidence,0.9315865357608744,Prediction
1,under_5_incidence,1.0293289725809371,Prediction
2,under_5_incidence,0.952258499410175,Prediction
3,under_5_incidence,0.9304630594755863,Prediction
4,under_5_incidence,0.9392261745008332,Prediction
5,under_5_incidence,1.0861019741974947,Prediction
6,under_5_incidence,1.139504546958188,Prediction
7,under_5_incidence,1.0374929002540305,Prediction
8,under_5_incidence,0.9911307788811425,Prediction
9,under_5_incidence,0.9355561519688922,Prediction
10,under_5_incidence,0.9938869837483226,Prediction
11,under_5_incidence,1.0409273892947666,Prediction
12,under_5_incidence,0.9422990905024601,Prediction
1,under_5_incidence,1.0354107648725213,Prediction
2,under_5_incidence,0.9547487699418518,Prediction
3,under_5_incidence,0.9285820784255255,Prediction
4,under_5_incidence,0.9227672580885642,Prediction
5,under_5_incidence,1.1074996272551065,Prediction
6,under_5_incidence,1.1353063963023706,Prediction
7,under_5_incidence,1.037199940360817,Prediction
8,under_5_incidence,0.9844192634560907,Prediction
9,under_5_incidence,0.9169524377516028,Prediction
10,under_5_incidence,0.9974142496650985,Prediction
11,under_5_incidence,1.0268731113118788,Prediction
12,under_5_incidence,0.9482164553412878,Prediction
1,under_5_incidence,1.0335275242219384,Prediction
2,under_5_incidence,0.943580796909561,Prediction
3,under_5_incidence,0.9459733948098071,Prediction
4,under_5_incidence,0.9224960279136422,Prediction
5,under_5_incidence,1.0972304433159912,Prediction
6,under_5_incidence,1.130652045235054,Prediction
7,under_5_incidence,1.0176765631328077,Prediction
8,under_5_incidence,1.0075827907411445,Prediction
9,under_5_incidence,0.9287765974017882,Prediction
10,under_5_incidence,0.9821981133257331,Prediction
11,under_5_incidence,1.0363178532503163,Prediction
12,under_5_incidence,0.9310850256191824,Prediction
1,under_5_incidence,1.034513861919497,Prediction
2,under_5_incidence,0.9617528782431128,Prediction
3,under_5_incidence,0.9304085288701252,Prediction
4,under_5_incidence,0.9352943387244278,Prediction
5,under_5_incidence,1.0920160855893664,Prediction
6,under_5_incidence,1.1268180850130913,Prediction
7,under_5_incidence,1.0284253911779813,Prediction
8,under_5_incidence,1.0106109767861393,Prediction
9,under_5_incidence,0.9305588614810267,Prediction
10,under_5_incidence,0.9962052570764693,Prediction
11,under_5_incidence,1.0440909980615871,Prediction
12,under_5_incidence,0.9228612740486307,Prediction
1,under_5_incidence,1.0358322231132044,Prediction
2,under_5_incidence,0.9503652676840703,Prediction
3,under_5_incidence,0.9397576668329366,Prediction
4,under_5_incidence,0.9364238494225803,Prediction
5,under_5_incidence,1.0931132677093265,Prediction
6,under_5_incidence,1.1249360702627276,Prediction
7,under_5_incidence,1.0248457793745303,Prediction
8,under_5_incidence,0.9980994715141719,Prediction
9,under_5_incidence,0.9334688748997645,Prediction
10,under_5_incidence,0.9758354628228348,Prediction
11,under_5_incidence,1.022204579849654,Prediction
12,under_5_incidence,0.9503063983923389,Prediction
1,under_5_incidence,1.016696851663483,Prediction
2,under_5_incidence,0.9579725605974149,Prediction
3,under_5_incidence,0.9442776688912596,Prediction
4,under_5_incidence,0.941895948594537,Prediction
5,under_5_incidence,1.0988662019004143,Prediction
6,under_5_incidence,1.1232788349418217,Prediction
7,under_5_incidence,1.028456595628551,Prediction
8,under_5_incidence,1.0067233979209567,Prediction
9,under_5_incidence,0.9334854987967351,Prediction
10,under_5_incidence,0.9914827525739622,Prediction
11,under_5_incidence,1.040181367268719,Prediction
12,under_5_incidence,0.951652095493374,Prediction
1,under_5_incidence,1.0362734537438312,Prediction
2,under_5_incidence,0.9599939878253463,Prediction
3,under_5_incidence,0.946992660136777,Prediction
4,under_5_incidence,0.934592549913575,Prediction
5,under_5_incidence,1.0933891129537312,Prediction
6,under_5_incidence,1.1209699641774593,Prediction
7,under_5_incidence,1.0244745609859967,Prediction
8,under_5_incidence,0.9798341641824695,Prediction
9,under_5_incidence,0.9201633307447581,Prediction
10,under_5_incidence,0.989664358018114,Prediction
11,under_5_incidence,1.0480303362687644,Prediction
12,under_5_incidence,0.9327274436679307,Prediction
1,under_5_incidence,1.032912344479614,Prediction
2,under_5_incidence,0.9561189633018898,Prediction
3,under_5_incidence,0.9391206242752829,Prediction
4,under_5_incidence,0.9227239963646621,Prediction
5,under_5_incidence,1.0950390172051774,Prediction
6,under_5_incidence,1.1173775423861607,Prediction
7,under_5_incidence,1.031483280579147,Prediction
8,under_5_incidence,0.9973361747469367,Prediction
9,under_5_incidence,0.9374659187063211,Prediction
10,under_5_incidence,0.999128688866159,Prediction
11,under_5_incidence,1.0251164905102852,Prediction
12,under_5_incidence,0.9516990567109899,Prediction
1,under_5_incidence,1.0302685911277796,Prediction
2,under_5_incidence,0.9448043338258135,Prediction
3,under_5_incidence,0.9316967837254233,Prediction
4,under_5_incidence,0.9288176686744706,Prediction
5,under_5_incidence,1.0969428344130014,Prediction
6,under_5_incidence,1.115354017501989,Prediction
7,under_5_incidence,1.0415577527749365,Prediction
8,under_5_incidence,1.0027654657726257,Prediction
9,under_5_incidence,0.9318483160965261,Prediction
10,under_5_incidence,1.0055975055411548,Prediction
11,under_5_incidence,1.021601111987678,Prediction
12,under_5_incidence,0.9365490814831511,Prediction
1,under_5_incidence,1.0499267440549984,Prediction
2,under_5_incidence,0.953604568165596,Prediction
3,under_5_incidence,0.9357977384574928,Prediction
4,under_5_incidence,0.926931890754724,Prediction
5,under_5_incidence,1.086817686614824,Prediction
6,under_5_incidence,1.1167962733385928,Prediction
7,under_5_incidence,1.0397836132086105,Prediction
8,under_5_incidence,1.0006386415718096,Prediction
9,under_5_incidence,0.9259551448213682,Prediction
10,under_5_incidence,0.983512760671535,Prediction
11,under_5_incidence,1.033501468041858,Prediction
12,under_5_incidence,0.949484303244749,Prediction
1,under_5_incidence,1.0355341413837236,Prediction
2,under_5_incidence,0.9724459835880449,Prediction
3,under_5_incidence,0.9460212301437928,Prediction
4,under_5_incidence,0.9265979070992999,Prediction
5,under_5_incidence,1.0895129112399307,Prediction
6,under_5_incidence,1.1267785891741324,Prediction
7,under_5_incidence,1.0213807121885117,Prediction
8,under_5_incidence,0.988782654520816,Prediction
9,under_5_incidence,0.9264473387036061,Prediction
10,under_5_incidence,0.9830609137376559,Prediction
11,under_5_incidence,1.0232446469075585,Prediction
12,under_5_incidence,0.9481086477162878,Prediction
1,under_5_incidence,1.0205910041510555,Prediction
2,under_5_incidence,0.9557663025279107,Prediction
3,under_5_incidence,0.9398444459888926,Prediction
4,under_5_incidence,0.930897878981254,Prediction
5,under_5_incidence,1.0992904664724874,Prediction
6,under_5_incidence,1.1234007063744291,Prediction
7,under_5_incidence,1.0399246870912917,Prediction
8,under_5_incidence,0.9939787582215539,Prediction
9,under_5_incidence,0.9418915418296235,Prediction
10,under_5_incidence,0.9858104738154614,Prediction
11,under_5_incidence,1.0300249376558603,Prediction
12,under_5_incidence,0.9399501246882793,Prediction
1,under_5_incidence,1.0250872817955112,Prediction
2,under_5_incidence,0.9562593516209477,Prediction
3,under_5_incidence,0.942568578553616,Prediction
4,under_5_incidence,0.9403990024937656,Prediction
5,under_5_incidence,1.0960847880299251,Prediction
6,under_5_incidence,1.1128428927680798,Prediction
7,under_5_incidence,1.0411720698254365,Prediction
8,under_5_incidence,0.9831172069825437,Prediction
9,under_5_incidence,0.9466832917705736,Prediction
10,under_5_incidence,0.9732805013595233,Prediction
11,under_5_incidence,1.0220349519928162,Prediction
12,under_5_incidence,0.9427618730651126,Prediction
1,under_5_incidence,1.0328106651930649,Prediction
2,under_5_incidence,0.9616758871438708,Prediction
3,under_5_incidence,0.9235464404352985,Prediction
4,under_5_incidence,0.9430632916161685,Prediction
5,under_5_incidence,1.0928683114909543,Prediction
6,under_5_incidence,1.129716729357539,Prediction
7,under_5_incidence,1.0394418733162947,Prediction
8,under_5_incidence,1.0075668615421327,Prediction
9,under_5_incidence,0.9312326134872242,Prediction
10,under_5_incidence,0.9802130898021308,Prediction
11,under_5_incidence,1.0208767874927185,Prediction
12,under_5_incidence,0.939925211868388,Prediction
1,under_5_incidence,1.0401939229945318,Prediction
2,under_5_incidence,0.9646541518687637,Prediction
3,under_5_incidence,0.9451115245128436,Prediction
4,under_5_incidence,0.9357160305917283,Prediction
5,under_5_incidence,1.0975440178890203,Prediction
6,under_5_incidence,1.1250540240900464,Prediction
7,under_5_incidence,1.0344062987391247,Prediction
8,under_5_incidence,0.9911870267019938,Prediction
9,under_5_incidence,0.92511791344871,Prediction
10,under_5_incidence,0.994960718645341,Prediction
11,under_5_incidence,1.021628219975586,Prediction
12,under_5_incidence,0.9472596951391279,Prediction
1,under_5_incidence,1.0346239318914519,Prediction
2,under_5_incidence,0.9574759773388838,Prediction
3,under_5_incidence,0.9453065823656452,Prediction
4,under_5_incidence,0.9333625465585776,Prediction
5,under_5_incidence,1.095470906757645,Prediction
6,under_5_incidence,1.117180506432126,Prediction
7,under_5_incidence,1.0234310933049546,Prediction
8,under_5_incidence,0.9945100003129987,Prediction
9,under_5_incidence,0.9347898212776612,Prediction
10,under_5_incidence,1.0031860834866104,Prediction
11,under_5_incidence,1.04366368425975,Prediction
12,under_5_incidence,0.9327056769648034,Prediction
1,under_5_incidence,1.032365869626212,Prediction
2,under_5_incidence,0.9523085076534589,Prediction
3,under_5_incidence,0.9200611029709761,Prediction
4,under_5_incidence,0.9305358979954484,Prediction
5,under_5_incidence,1.1086074134114787,Prediction
6,under_5_incidence,1.1163138697509118,Prediction
7,under_5_incidence,1.0205443152414504,Prediction
8,under_5_incidence,1.0002681048726503,Prediction
9,under_5_incidence,0.93943947376625,Prediction
10,under_5_incidence,0.9890003235198964,Prediction
11,under_5_incidence,1.027001468282607,Prediction
12,under_5_incidence,0.9453997959336037,Prediction
1,under_5_incidence,1.0275240773461414,Prediction
2,under_5_incidence,0.9593609237737352,Prediction
3,under_5_incidence,0.9403230221735559,Prediction
4,under_5_incidence,0.9378592937311798,Prediction
5,under_5_incidence,1.1004653709280043,Prediction
6,under_5_incidence,1.122489610034094,Prediction
7,under_5_incidence,1.0315556329791205,Prediction
8,under_5_incidence,0.9909414428987382,Prediction
9,under_5_incidence,0.928079038399323,Prediction
10,under_5_incidence,0.9918780457328501,Prediction
11,under_5_incidence,1.0316131450705985,Prediction
12,under_5_incidence,0.935724103461202,Prediction
1,under_5_incidence,1.0377608396851181,Prediction
2,under_5_incidence,0.9646632512807697,Prediction
3,under_5_incidence,0.9426215169311508,Prediction
4,under_5_incidence,0.9427714607022366,Prediction
5,under_5_incidence,1.1014869423966012,Prediction
6,under_5_incidence,1.1147569661376984,Prediction
7,under_5_incidence,1.0298138198175684,Prediction
8,under_5_incidence,0.9902286642509058,Prediction
9,under_5_incidence,0.9166812445333,Prediction
10,under_5_incidence,0.9799836269443004,Prediction
11,under_5_incidence,1.0314275179822396,Prediction
12,under_5_incidence,0.9508120910641862,Prediction
1,under_5_incidence,1.0259531680612928,Prediction
2,under_5_incidence,0.9510370643486087,Prediction
3,under_5_incidence,0.947887438366694,Prediction
4,under_5_incidence,0.9401633556015223,Prediction
5,under_5_incidence,1.0914953849230404,Prediction
6,under_5_incidence,1.1205169386135396,Prediction
7,under_5_incidence,1.0309025803185872,Prediction
8,under_5_incidence,0.9955067835694512,Prediction
9,under_5_incidence,0.934314050206538,Prediction
10,under_5_incidence,0.9892377181732003,Prediction
11,under_5_incidence,1.0214316251231434,Prediction
12,under_5_incidence,0.9394226658488076,Prediction
1,under_5_incidence,1.0334021078458708,Prediction
2,under_5_incidence,0.9507239911522519,Prediction
3,under_5_incidence,0.9506496403278871,Prediction
4,under_5_incidence,0.9324336883585197,Prediction
5,under_5_incidence,1.0908009442554694,Prediction
6,under_5_incidence,1.1323630550753732,Prediction
7,under_5_incidence,1.0300563207494564,Prediction
8,under_5_incidence,0.9934757151619918,Prediction
9,under_5_incidence,0.9360025279280284,Prediction
10,under_5_incidence,0.9870308705340377,Prediction
11,under_5_incidence,1.0254124834130343,Prediction
12,under_5_incidence,0.9436919456197892,Prediction
1,under_5_incidence,1.0277409178538344,Prediction
2,under_5_incidence,0.9590896572444356,Prediction
3,under_5_incidence,0.9445181642923313,Prediction
4,under_5_incidence,0.9412132896021632,Prediction
5,under_5_incidence,1.0932375253498912,Prediction
6,under_5_incidence,1.1237325054455323,Prediction
7,under_5_incidence,1.0176009614180916,Prediction
8,under_5_incidence,1.0026539145239228,Prediction
9,under_5_incidence,0.9340777647029369,Prediction
10,under_5_incidence,0.9915463257582889,Prediction
11,under_5_incidence,1.035377402895713,Prediction
12,under_5_incidence,0.9328789561877506,Prediction
1,under_5_incidence,1.0301809349876678,Prediction
2,under_5_incidence,0.9651121194434508,Prediction
3,under_5_incidence,0.9437237587784535,Prediction
4,under_5_incidence,0.9248959765029278,Prediction
5,under_5_incidence,1.097433773275846,Prediction
6,under_5_incidence,1.1280100916912996,Prediction
7,under_5_incidence,1.022423888690151,Prediction
8,under_5_incidence,0.9929019260821268,Prediction
9,under_5_incidence,0.9355148457063243,Prediction
10,under_5_incidence,0.9830556777419135,Prediction
11,under_5_incidence,1.0378474825135833,Prediction
12,under_5_incidence,0.9426866818246589,Prediction
1,under_5_incidence,1.034725018740978,Prediction
2,under_5_incidence,0.9362187211528334,Prediction
3,under_5_incidence,0.9366647874060628,Prediction
4,under_5_incidence,0.9290816611011642,Prediction
5,under_5_incidence,1.0926392872852533,Prediction
6,under_5_incidence,1.130331885683132,Prediction
7,under_5_incidence,1.033684197483443,Prediction
8,under_5_incidence,1.0005266059933957,Prediction
9,under_5_incidence,0.9425379930735824,Prediction
10,under_5_incidence,1.002714682482461,Prediction
11,under_5_incidence,1.026338062606973,Prediction
12,under_5_incidence,0.939443145269995,Prediction
1,under_5_incidence,1.032507225569425,Prediction
2,under_5_incidence,0.9606590471652571,Prediction
3,under_5_incidence,0.9223650965812555,Prediction
4,under_5_incidence,0.9353805257581362,Prediction
5,under_5_incidence,1.095402594308571,Prediction
6,under_5_incidence,1.1172955994558096,Prediction
7,under_5_incidence,1.0304759158134957,Prediction
8,under_5_incidence,0.9967712206040013,Prediction
9,under_5_incidence,0.9406468843846197,Prediction
10,under_5_incidence,0.9996116796733099,Prediction
11,under_5_incidence,1.0409490047725822,Prediction
12,under_5_incidence,0.9512845886936153,Prediction
1,under_5_incidence,1.028096854605354,Prediction
2,under_5_incidence,0.9654144380002756,Prediction
3,under_5_incidence,0.9345241823351831,Prediction
4,under_5_incidence,0.9349751349726297,Prediction
5,under_5_incidence,1.093109193170573,Prediction
6,under_5_incidence,1.12181984442134,Prediction
7,under_5_incidence,1.029299394971878,Prediction
8,under_5_incidence,0.9906677856972855,Prediction
9,under_5_incidence,0.9102478986859741,Prediction
10,under_5_incidence,0.9796801821133357,Prediction
11,under_5_incidence,1.0229694176478272,Prediction
12,under_5_incidence,0.9368387662567873,Prediction
1,under_5_incidence,1.021775231839979,Prediction
2,under_5_incidence,0.958632657250014,Prediction
3,under_5_incidence,0.9422872390050939,Prediction
4,under_5_incidence,0.9458697964286381,Prediction
5,under_5_incidence,1.096785027895434,Prediction
6,under_5_incidence,1.1329837851958278,Prediction
7,under_5_incidence,1.0226708711958652,Prediction
8,under_5_incidence,0.9953538708413412,Prediction
9,under_5_incidence,0.9441531543298565,Prediction
10,under_5_incidence,0.9871451794422909,Prediction
11,under_5_incidence,1.0352382143303738,Prediction
12,under_5_incidence,0.9393522570964111,Prediction
1,under_5_incidence,1.0169313492559708,Prediction
2,under_5_incidence,0.9641865699637363,Prediction
3,under_5_incidence,0.9484306614980618,Prediction
4,under_5_incidence,0.9332749781167937,Prediction
5,under_5_incidence,1.09803676378642,Prediction
6,under_5_incidence,1.12332124546705,Prediction
7,under_5_incidence,1.0363636363636364,Prediction
8,under_5_incidence,0.98526947605352,Prediction
9,under_5_incidence,0.9324496686257346,Prediction
10,under_5_incidence,0.9940602698744119,Prediction
11,under_5_incidence,1.033475645859952,Prediction
12,under_5_incidence,0.9429773442612733,Prediction
1,under_5_incidence,1.0391598367041666,Prediction
2,under_5_incidence,0.9586836610676557,Prediction
3,under_5_incidence,0.9466421515160959,Prediction
4,under_5_incidence,0.9179220293558541,Prediction
5,under_5_incidence,1.095029449344012,Prediction
6,under_5_incidence,1.120757892112562,Prediction
7,under_5_incidence,1.030184798529091,Prediction
8,under_5_incidence,0.9954813175854654,Prediction
9,under_5_incidence,0.9256256037894606,Prediction
10,under_5_incidence,0.9893286538974286,Prediction
11,under_5_incidence,1.0328573288771215,Prediction
12,under_5_incidence,0.9352340441363403,Prediction
1,under_5_incidence,1.0187942184990668,Prediction
2,under_5_incidence,0.963211448909613,Prediction
3,under_5_incidence,0.9462464268662455,Prediction
4,under_5_incidence,0.9389544437072542,Prediction
5,under_5_incidence,1.0851661468441711,Prediction
6,under_5_incidence,1.1077861762353278,Prediction
7,under_5_incidence,1.0446881995126278,Prediction
8,under_5_incidence,1.0034661722669016,Prediction
9,under_5_incidence,0.9342667402479027,Prediction
10,under_5_incidence,0.9815580167064142,Prediction
11,under_5_incidence,1.0188665110065054,Prediction
12,under_5_incidence,0.9443244390615441,Prediction
1,under_5_incidence,1.0331755921537291,Prediction
2,under_5_incidence,0.9719686848381176,Prediction
3,under_5_incidence,0.9384809399543009,Prediction
4,under_5_incidence,0.9292661913621098,Prediction
5,under_5_incidence,1.10067549850791,Prediction
6,under_5_incidence,1.1127370799985017,Prediction
7,under_5_incidence,1.033100675498508,Prediction
8,under_5_incidence,1.0089775125173246,Prediction
9,under_5_incidence,0.9268688583950355,Prediction
10,under_5_incidence,0.9821295279912184,Prediction
11,under_5_incidence,1.030904814175945,Prediction
12,under_5_incidence,0.9503653755684491,Prediction
1,under_5_incidence,1.046862160890701,Prediction
2,under_5_incidence,0.9490105065077623,Prediction
3,under_5_incidence,0.9483330719774189,Prediction
4,under_5_incidence,0.9417092676807277,Prediction
5,under_5_incidence,1.0686906068684334,Prediction
6,under_5_incidence,1.119197114630704,Prediction
7,under_5_incidence,1.0321091422298887,Prediction
8,under_5_incidence,0.9984632272228321,Prediction
9,under_5_incidence,0.9322251842559197,Prediction
10,under_5_incidence,0.9915914825412131,Prediction
11,under_5_incidence,1.028556402181331,Prediction
12,under_5_incidence,0.9337398806654187,Prediction
1,under_5_incidence,1.028556402181331,Prediction
2,under_5_incidence,0.9724328351667617,Prediction
3,under_5_incidence,0.9350922557742035,Prediction
4,under_5_incidence,0.9241229910029489,Prediction
5,under_5_incidence,1.0967010812739875,Prediction
6,under_5_incidence,1.1173623676581999,Prediction
7,under_5_incidence,1.0372717084379441,Prediction
8,under_5_incidence,1.0054908933815012,Prediction
9,under_5_incidence,0.92908169973516,Prediction
10,under_5_incidence,0.9834534211001577,Prediction
11,under_5_incidence,1.016932686499312,Prediction
12,under_5_incidence,0.944444098469893,Prediction
1,under_5_incidence,1.0312062125958263,Prediction
2,under_5_incidence,0.9647707953193795,Prediction
3,under_5_incidence,0.9447430204823855,Prediction
4,under_5_incidence,0.9359995516169813,Prediction
5,under_5_incidence,1.1027233040846447,Prediction
6,under_5_incidence,1.1260392210590557,Prediction
7,under_5_incidence,1.031654595614565,Prediction
8,under_5_incidence,0.9940651525436396,Prediction
9,under_5_incidence,0.9239679406141602,Prediction
10,under_5_incidence,1.002304490038656,Prediction
11,under_5_incidence,1.0252750520368719,Prediction
12,under_5_incidence,0.9353999405292893,Prediction
1,under_5_incidence,1.0359797799583705,Prediction
2,under_5_incidence,0.9567350579839429,Prediction
3,under_5_incidence,0.9359946476360392,Prediction
4,under_5_incidence,0.93004757656854,Prediction
5,under_5_incidence,1.1001338090990187,Prediction
6,under_5_incidence,1.122137972048766,Prediction
7,under_5_incidence,1.0373922093369017,Prediction
8,under_5_incidence,1.001709782931906,Prediction
9,under_5_incidence,0.9168896818316978,Prediction
10,under_5_incidence,0.9919594792686807,Prediction
11,under_5_incidence,1.031557016586303,Prediction
12,under_5_incidence,0.941732735336498,Prediction
1,under_5_incidence,1.0174845458571669,Prediction
2,under_5_incidence,0.958799348773961,Prediction
3,under_5_incidence,0.9424064174458715,Prediction
4,under_5_incidence,0.9422567103104552,Prediction
5,under_5_incidence,1.1034164415861472,Prediction
6,under_5_incidence,1.1136713803621665,Prediction
7,under_5_incidence,1.0335032093467156,Prediction
8,under_5_incidence,0.9904624079145172,Prediction
9,under_5_incidence,0.9327503072115175,Prediction
10,under_5_incidence,0.9935473493401964,Prediction
11,under_5_incidence,1.0396500844474417,Prediction
12,under_5_incidence,0.9458855845433343,Prediction
1,under_5_incidence,1.0357153904688845,Prediction
2,under_5_incidence,0.9529383379011254,Prediction
3,under_5_incidence,0.9288104974665768,Prediction
4,under_5_incidence,0.9384616336403963,Prediction
5,under_5_incidence,1.0975569014903581,Prediction
6,under_5_incidence,1.1241346457228762,Prediction
7,under_5_incidence,1.0300731877826514,Prediction
8,under_5_incidence,0.9926564752318439,Prediction
9,under_5_incidence,0.9205699119643156,Prediction
10,under_5_incidence,0.9917161849128815,Prediction
11,under_5_incidence,1.0334122268103536,Prediction
12,under_5_incidence,0.941937758082385,Prediction
1,under_5_incidence,1.0257075234162554,Prediction
2,under_5_incidence,0.9611239802598449,Prediction
3,under_5_incidence,0.9366502165374156,Prediction
4,under_5_incidence,0.9354416356128513,Prediction
5,under_5_incidence,1.0764679222479605,Prediction
6,under_5_incidence,1.1310051364689295,Prediction
7,under_5_incidence,1.0243478698761206,Prediction
8,under_5_incidence,0.9934535199919429,Prediction
9,under_5_incidence,0.9487360257830598,Prediction
10,under_5_incidence,0.9803266264543823,Prediction
11,under_5_incidence,1.021400306872325,Prediction
12,under_5_incidence,0.9436510352281975,Prediction
1,under_5_incidence,1.0416762434851752,Prediction
2,under_5_incidence,0.9433528596897732,Prediction
3,under_5_incidence,0.9325439964218936,Prediction
4,under_5_incidence,0.9292640654992267,Prediction
5,under_5_incidence,1.1062312475540288,Prediction
6,under_5_incidence,1.1395523639729406,Prediction
7,under_5_incidence,1.0313146435249319,Prediction
8,under_5_incidence,0.9919554724529287,Prediction
9,under_5_incidence,0.9387311388441971,Prediction
10,under_5_incidence,0.9844512882145272,Prediction
11,under_5_incidence,1.0330504018628408,Prediction
12,under_5_incidence,0.9447156914294299,Prediction
1,under_5_incidence,1.0262900923908962,Prediction
2,under_5_incidence,0.9620671524074214,Prediction
3,under_5_incidence,0.9381056110568617,Prediction
4,under_5_incidence,0.9329227071283708,Prediction
5,under_5_incidence,1.097423570945692,Prediction
6,under_5_incidence,1.1278449635694434,Prediction
7,under_5_incidence,1.0321490272665816,Prediction
8,under_5_incidence,0.997521219860287,Prediction
9,under_5_incidence,0.9234582738676481,Prediction
10,under_5_incidence,0.9949591517469147,Prediction
11,under_5_incidence,1.033696704824812,Prediction
12,under_5_incidence,0.941695016264806,Prediction
1,under_5_incidence,1.037868441310124,Prediction
2,under_5_incidence,0.9491445457028631,Prediction
3,under_5_incidence,0.9390131856671055,Prediction
4,under_5_incidence,0.9338730103548459,Prediction
5,under_5_incidence,1.0944848650393584,Prediction
6,under_5_incidence,1.1248789451466317,Prediction
7,under_5_incidence,1.0336222095304313,Prediction
8,under_5_incidence,0.9849022870055375,Prediction
9,under_5_incidence,0.9318616374065706,Prediction
10,under_5_incidence,0.9948720483386673,Prediction
11,under_5_incidence,1.0393554844369757,Prediction
12,under_5_incidence,0.9425298718629911,Prediction
1,under_5_incidence,1.0382433985345179,Prediction
2,under_5_incidence,0.9483127185557712,Prediction
3,under_5_incidence,0.9358573564482447,Prediction
4,under_5_incidence,0.9359314955084086,Prediction
5,under_5_incidence,1.0933287202362565,Prediction
6,under_5_incidence,1.1143842133227893,Prediction
7,under_5_incidence,1.031941578420591,Prediction
8,under_5_incidence,0.9924995984134242,Prediction
9,under_5_incidence,0.9327435159213632,Prediction
10,under_5_incidence,0.9875202654300042,Prediction
11,under_5_incidence,1.03562945368171,Prediction
12,under_5_incidence,0.9516268898691701,Prediction
1,under_5_incidence,1.0351016099234627,Prediction
2,under_5_incidence,0.9626362025411906,Prediction
3,under_5_incidence,0.9288542020133469,Prediction
4,under_5_incidence,0.9281755457527429,Prediction
5,under_5_incidence,1.0943709233495458,Prediction
6,under_5_incidence,1.124231798816122,Prediction
7,under_5_incidence,1.035554047430532,Prediction
8,under_5_incidence,0.9901594842212419,Prediction
9,under_5_incidence,0.9261395769709309,Prediction
10,under_5_incidence,0.9955033426201362,Prediction
11,under_5_incidence,1.0372373543303124,Prediction
12,under_5_incidence,0.9457696830957127,Prediction
1,under_5_incidence,1.0285584911356103,Prediction
2,under_5_incidence,0.9633538146119353,Prediction
3,under_5_incidence,0.9313552233549466,Prediction
4,under_5_incidence,0.945996088222531,Prediction
5,under_5_incidence,1.079952454923368,Prediction
6,under_5_incidence,1.123573176023697,Prediction
7,under_5_incidence,1.0329356569207644,Prediction
8,under_5_incidence,0.9947486588640752,Prediction
9,under_5_incidence,0.9210160558969102,Prediction
10,under_5_incidence,0.9813448533520868,Prediction
11,under_5_incidence,1.0365756409370899,Prediction
12,under_5_incidence,0.9353819878311429,Prediction
1,under_5_incidence,1.0408705316497027,Prediction
2,under_5_incidence,0.9645420353009877,Prediction
3,under_5_incidence,0.9303336075198262,Prediction
4,under_5_incidence,0.9311624460784006,Prediction
5,under_5_incidence,1.0887924701272769,Prediction
6,under_5_incidence,1.1231515958281792,Prediction
7,under_5_incidence,1.0327328439836994,Prediction
8,under_5_incidence,0.999277905801242,Prediction
9,under_5_incidence,0.9358340815903653,Prediction
10,under_5_incidence,0.9829686715315796,Prediction
11,under_5_incidence,1.031626067170518,Prediction
12,under_5_incidence,0.9377336615186217,Prediction
1,under_5_incidence,1.0394380343602558,Prediction
2,under_5_incidence,0.9543991915233957,Prediction
3,under_5_incidence,0.9386264577688774,Prediction
4,under_5_incidence,0.9357992696430676,Prediction
5,under_5_incidence,1.0848962434357776,Prediction
6,under_5_incidence,1.1156233143820797,Prediction
7,under_5_incidence,1.0420420234235017,Prediction
8,under_5_incidence,0.9996342015363536,Prediction
9,under_5_incidence,0.9372128637059725,Prediction
10,under_5_incidence,0.991531602265717,Prediction
11,under_5_incidence,1.0177780270315742,Prediction
12,under_5_incidence,0.9483109939618268,Prediction
1,under_5_incidence,1.034453106013871,Prediction
2,under_5_incidence,0.9635653263043763,Prediction
3,under_5_incidence,0.9303647206176509,Prediction
4,under_5_incidence,0.9335053184528816,Prediction
5,under_5_incidence,1.0840296861271568,Prediction
6,under_5_incidence,1.13061522068308,Prediction
7,under_5_incidence,1.029966537677827,Prediction
8,under_5_incidence,1.0013272764660797,Prediction
9,under_5_incidence,0.9345521843979586,Prediction
10,under_5_incidence,0.9914821124361158,Prediction
11,under_5_incidence,1.0418378595049604,Prediction
12,under_5_incidence,0.9368423689748472,Prediction
1,under_5_incidence,1.0228980859805592,Prediction
2,under_5_incidence,0.9621705581721615,Prediction
3,under_5_incidence,0.9339863713798977,Prediction
4,under_5_incidence,0.9361659484918328,Prediction
5,under_5_incidence,1.0908407656077763,Prediction
6,under_5_incidence,1.1215051608377593,Prediction
7,under_5_incidence,1.0372532317867522,Prediction
8,under_5_incidence,0.9926094799078063,Prediction
9,under_5_incidence,0.932408056919531,Prediction
10,under_5_incidence,0.9933426769446392,Prediction
11,under_5_incidence,1.0359145059565522,Prediction
12,under_5_incidence,0.9332015216738413,Prediction
1,under_5_incidence,1.0309590549604566,Prediction
2,under_5_incidence,0.9586545199719692,Prediction
3,under_5_incidence,0.9267444188607469,Prediction
4,under_5_incidence,0.9285464010411453,Prediction
5,under_5_incidence,1.0780358394233658,Prediction
6,under_5_incidence,1.1272149364300732,Prediction
7,under_5_incidence,1.0446240864951446,Prediction
8,under_5_incidence,0.9994994493943338,Prediction
9,under_5_incidence,0.9432625888477325,Prediction
10,under_5_incidence,0.9807765463721438,Prediction
11,under_5_incidence,1.0491745073672998,Prediction
12,under_5_incidence,0.9267581344627324,Prediction
1,under_5_incidence,1.025284674494687,Prediction
2,under_5_incidence,0.9682229717734777,Prediction
3,under_5_incidence,0.945398290684994,Prediction
4,under_5_incidence,0.9308665770586595,Prediction
5,under_5_incidence,1.068651568562806,Prediction
6,under_5_incidence,1.1186376201465853,Prediction
7,under_5_incidence,1.0445334888793083,Prediction
8,under_5_incidence,1.0009383480003045,Prediction
9,under_5_incidence,0.9407572721970024,Prediction
10,under_5_incidence,0.9919764945191547,Prediction
11,under_5_incidence,1.0162353561607715,Prediction
12,under_5_incidence,0.9289185218668776,Prediction
1,under_5_incidence,1.0289674916186387,Prediction
2,under_5_incidence,0.9622179530643764,Prediction
3,under_5_incidence,0.9463969563415828,Prediction
4,under_5_incidence,0.945794251704524,Prediction
5,under_5_incidence,1.0807247523260632,Prediction
6,under_5_incidence,1.1335367461483408,Prediction
7,under_5_incidence,1.0291935058575357,Prediction
8,under_5_incidence,1.008626210117904,Prediction
9,under_5_incidence,0.9274117602742306,Prediction
10,under_5_incidence,0.980969182838482,Prediction
11,under_5_incidence,1.0245110919259788,Prediction
12,under_5_incidence,0.9537930257873203,Prediction
1,under_5_incidence,1.0339701963139523,Prediction
2,under_5_incidence,0.9656544424008108,Prediction
3,under_5_incidence,0.9354753950677527,Prediction
4,under_5_incidence,0.9362261176382268,Prediction
5,under_5_incidence,1.0880222213880861,Prediction
6,under_5_incidence,1.121654592545325,Prediction
7,under_5_incidence,1.0345707743703314,Prediction
8,under_5_incidence,0.9947824781352052,Prediction
9,under_5_incidence,0.930370481588529,Prediction
10,under_5_incidence,0.9816564413372126,Prediction
11,under_5_incidence,1.0326486808394488,Prediction
12,under_5_incidence,0.9503166853803637,Prediction
1,under_5_incidence,1.02542788196103,Prediction
2,under_5_incidence,0.9532943344023921,Prediction
3,under_5_incidence,0.9461479767495239,Prediction
4,under_5_incidence,0.9375127945856415,Prediction
5,under_5_incidence,1.0889262473557857,Prediction
6,under_5_incidence,1.1253280066500828,Prediction
7,under_5_incidence,1.0355518886359267,Prediction
8,under_5_incidence,0.9817308825627633,Prediction
9,under_5_incidence,0.9414581795398292,Prediction
10,under_5_incidence,0.9763259405126159,Prediction
11,under_5_incidence,1.0406366259324114,Prediction
12,under_5_incidence,0.9410298433984956,Prediction
1,under_5_incidence,1.0337568781898288,Prediction
2,under_5_incidence,0.9509007858117665,Prediction
3,under_5_incidence,0.9498538676770257,Prediction
4,under_5_incidence,0.9384873279284107,Prediction
5,under_5_incidence,1.089991337998766,Prediction
6,under_5_incidence,1.118557247103838,Prediction
7,under_5_incidence,1.0465442354070205,Prediction
8,under_5_incidence,0.9997320388107508,Prediction
9,under_5_incidence,0.9141838712290694,Prediction
10,under_5_incidence,0.9883154574132492,Prediction
11,under_5_incidence,1.0334384858044163,Prediction
12,under_5_incidence,0.9390283911671924,Prediction
1,under_5_incidence,1.0252618296529967,Prediction
2,under_5_incidence,0.9561388012618296,Prediction
3,under_5_incidence,0.9362271293375394,Prediction
4,under_5_incidence,0.9228264984227129,Prediction
5,under_5_incidence,1.093930599369085,Prediction
6,under_5_incidence,1.122776025236593,Prediction
7,under_5_incidence,1.0332870662460567,Prediction
8,under_5_incidence,1.0042145110410094,Prediction
9,under_5_incidence,0.9445552050473186,Prediction
10,under_5_incidence,0.9856493780569556,Prediction
11,under_5_incidence,1.0305633488094943,Prediction
12,under_5_incidence,0.9387988181840753,Prediction
1,under_5_incidence,1.0300419594309407,Prediction
2,under_5_incidence,0.9474389850286764,Prediction
3,under_5_incidence,0.9412567966829705,Prediction
4,under_5_incidence,0.927700672840579,Prediction
5,under_5_incidence,1.1123469970454603,Prediction
6,under_5_incidence,1.1280631625990019,Prediction
7,under_5_incidence,1.0298185068401322,Prediction
8,under_5_incidence,0.9901929140700648,Prediction
9,under_5_incidence,0.9381284604116493,Prediction
10,under_5_incidence,0.9881680179078648,Prediction
11,under_5_incidence,1.0241342337427815,Prediction
12,under_5_incidence,0.9491168337691165,Prediction
1,under_5_incidence,1.0290250371512952,Prediction
2,under_5_incidence,0.9632625420891255,Prediction
3,under_5_incidence,0.9424201952559207,Prediction
4,under_5_incidence,0.9406896032806005,Prediction
5,under_5_incidence,1.0879404074415455,Prediction
6,under_5_incidence,1.1145012321062433,Prediction
7,under_5_incidence,1.0333138955249148,Prediction
8,under_5_incidence,1.0014860518048945,Prediction
9,under_5_incidence,0.9259419499256974,Prediction
10,under_5_incidence,0.9696667020419885,Prediction
11,under_5_incidence,1.0418823000618027,Prediction
12,under_5_incidence,0.9448706823899568,Prediction
1,under_5_incidence,1.040983350708859,Prediction
2,under_5_incidence,0.9509385905223271,Prediction
3,under_5_incidence,0.9262923957624527,Prediction
4,under_5_incidence,0.9370797879977777,Prediction
5,under_5_incidence,1.1068313908119884,Prediction
6,under_5_incidence,1.1127494740522015,Prediction
7,under_5_incidence,1.028547884659804,Prediction
8,under_5_incidence,1.0024783534244353,Prediction
9,under_5_incidence,0.9376790875664068,Prediction
10,under_5_incidence,0.9898633428442709,Prediction
11,under_5_incidence,1.0283075536867397,Prediction
12,under_5_incidence,0.9489412824748461,Prediction
1,under_5_incidence,1.0337888571857636,Prediction
2,under_5_incidence,0.9626820843970566,Prediction
3,under_5_incidence,0.9352004805526355,Prediction
4,under_5_incidence,0.9285928818140862,Prediction
5,under_5_incidence,1.0889022375732091,Prediction
6,under_5_incidence,1.1283225709566,Prediction
7,under_5_incidence,1.02522901336537,Prediction
8,under_5_incidence,1.0023276768283527,Prediction
9,under_5_incidence,0.9278420183210693,Prediction
10,under_5_incidence,0.9863157894736843,Prediction
11,under_5_incidence,1.0252631578947369,Prediction
12,under_5_incidence,0.9469924812030075,Prediction
1,under_5_incidence,1.0378195488721804,Prediction
2,under_5_incidence,0.953609022556391,Prediction
3,under_5_incidence,0.9494736842105264,Prediction
4,under_5_incidence,0.9390977443609022,Prediction
5,under_5_incidence,1.0966165413533835,Prediction
6,under_5_incidence,1.1254135338345865,Prediction
7,under_5_incidence,1.0324812030075188,Prediction
8,under_5_incidence,0.9872932330827068,Prediction
9,under_5_incidence,0.9196240601503759,Prediction
10,under_5_incidence,0.987465614458731,Prediction
11,under_5_incidence,1.0522162337096552,Prediction
12,under_5_incidence,0.952364356041275,Prediction
1,under_5_incidence,1.0247326952040727,Prediction
2,under_5_incidence,0.9552023301260907,Prediction
3,under_5_incidence,0.9299592974769414,Prediction
4,under_5_incidence,0.936830182103337,Prediction
5,under_5_incidence,1.0949352120389848,Prediction
6,under_5_incidence,1.1094985001058015,Prediction
7,under_5_incidence,1.0328731998157805,Prediction
8,under_5_incidence,1.0076301671666315,Prediction
9,under_5_incidence,0.9162922117526979,Prediction
10,under_5_incidence,0.9955646150652095,Prediction
11,under_5_incidence,1.012928675235453,Prediction
12,under_5_incidence,0.9476247098125814,Prediction
1,under_5_incidence,1.0326331087329899,Prediction
2,under_5_incidence,0.9605345110695883,Prediction
3,under_5_incidence,0.9353943717796275,Prediction
4,under_5_incidence,0.9366778023139497,Prediction
5,under_5_incidence,1.0890285563293887,Prediction
6,under_5_incidence,1.1267010173074383,Prediction
7,under_5_incidence,1.0417681143008135,Prediction
8,under_5_incidence,0.9877130400317082,Prediction
9,under_5_incidence,0.9334314780212521,Prediction
10,under_5_incidence,0.9810520538376141,Prediction
11,under_5_incidence,1.039879252061322,Prediction
12,under_5_incidence,0.950291266980179,Prediction
1,under_5_incidence,1.028278468696596,Prediction
2,under_5_incidence,0.9755136153280028,Prediction
3,under_5_incidence,0.9312809510147567,Prediction
4,under_5_incidence,0.9407861089974678,Prediction
5,under_5_incidence,1.0899497299387528,Prediction
6,under_5_incidence,1.1067895767585167,Prediction
7,under_5_incidence,1.0297005002058204,Prediction
8,under_5_incidence,0.985392992128931,Prediction
9,under_5_incidence,0.9410854840520414,Prediction
10,under_5_incidence,0.9930531173195566,Prediction
11,under_5_incidence,1.0289411646687063,Prediction
12,under_5_incidence,0.9409891157145006,Prediction
1,under_5_incidence,1.0297687716306365,Prediction
2,under_5_incidence,0.9686763304408887,Prediction
3,under_5_incidence,0.9352711039775292,Prediction
4,under_5_incidence,0.9406881677283443,Prediction
5,under_5_incidence,1.0972563575262075,Prediction
6,under_5_incidence,1.1170436876159904,Prediction
7,under_5_incidence,1.0219441239905702,Prediction
8,under_5_incidence,0.9943321462607212,Prediction
9,under_5_incidence,0.9320359131263479,Prediction
10,under_5_incidence,0.9927560710130241,Prediction
11,under_5_incidence,1.043501107232669,Prediction
12,under_5_incidence,0.9365311714146305,Prediction
1,under_5_incidence,1.0356941785834928,Prediction
2,under_5_incidence,0.9492924970911684,Prediction
3,under_5_incidence,0.9364561047930038,Prediction
4,under_5_incidence,0.9333033066846826,Prediction
5,under_5_incidence,1.0775062868295613,Prediction
6,under_5_incidence,1.1121870660210937,Prediction
7,under_5_incidence,1.0316405810156515,Prediction
8,under_5_incidence,1.0109221934466839,Prediction
9,under_5_incidence,0.9402094358743385,Prediction
10,under_5_incidence,0.9931472336994861,Prediction
11,under_5_incidence,1.0367580368840068,Prediction
12,under_5_incidence,0.9501410863650106,Prediction
1,under_5_incidence,1.029653330645974,Prediction
2,under_5_incidence,0.9656353925224227,Prediction
3,under_5_incidence,0.9241408848130606,Prediction
4,under_5_incidence,0.9460596593772045,Prediction
5,under_5_incidence,1.0799909301622495,Prediction
6,under_5_incidence,1.1196714703214754,Prediction
7,under_5_incidence,1.0256474856394235,Prediction
8,under_5_incidence,0.9979844804998489,Prediction
9,under_5_incidence,0.9311700090698378,Prediction
10,under_5_incidence,0.9959295631987216,Prediction
11,under_5_incidence,1.0347339746211097,Prediction
12,under_5_incidence,0.9371944813181421,Prediction
1,under_5_incidence,1.0348849645488232,Prediction
2,under_5_incidence,0.955917232354625,Prediction
3,under_5_incidence,0.9272291460890464,Prediction
4,under_5_incidence,0.9307774093903153,Prediction
5,under_5_incidence,1.1066806751766267,Prediction
6,under_5_incidence,1.1224591226226952,Prediction
7,under_5_incidence,1.0215223559461721,Prediction
8,under_5_incidence,1.0070273228856692,Prediction
9,under_5_incidence,0.9256437518480538,Prediction
10,under_5_incidence,0.9817805025472758,Prediction
11,under_5_incidence,1.0371421170143216,Prediction
12,under_5_incidence,0.9443299986430977,Prediction
1,under_5_incidence,1.0284086002935844,Prediction
2,under_5_incidence,0.970234497391047,Prediction
3,under_5_incidence,0.9310816978548608,Prediction
4,under_5_incidence,0.9332280706082623,Prediction
5,under_5_incidence,1.0933178728705886,Prediction
6,under_5_incidence,1.1250693870502178,Prediction
7,under_5_incidence,1.0171586465516178,Prediction
8,under_5_incidence,1.0083511169773152,Prediction
9,under_5_incidence,0.9298974921978117,Prediction
10,under_5_incidence,0.9900791913227328,Prediction
11,under_5_incidence,1.0233320405839892,Prediction
12,under_5_incidence,0.9471432324571829,Prediction
1,under_5_incidence,1.0321894586716376,Prediction
2,under_5_incidence,0.9590031651508139,Prediction
3,under_5_incidence,0.9380606257740859,Prediction
4,under_5_incidence,0.9355084883590007,Prediction
5,under_5_incidence,1.1010221060137866,Prediction
6,under_5_incidence,1.1180613764027374,Prediction
7,under_5_incidence,1.032789961592834,Prediction
8,under_5_incidence,1.0016388725557654,Prediction
9,under_5_incidence,0.9211714811154342,Prediction
10,under_5_incidence,0.9761003181270655,Prediction
11,under_5_incidence,1.0250980634400964,Prediction
12,under_5_incidence,0.9359977761991538,Prediction
1,under_5_incidence,1.0154615931062174,Prediction
2,under_5_incidence,0.9477839206844365,Prediction
3,under_5_incidence,0.9455601198381568,Prediction
4,under_5_incidence,0.9361460295889057,Prediction
5,under_5_incidence,1.1119745498347593,Prediction
6,under_5_incidence,1.114494857460543,Prediction
7,under_5_incidence,1.0520060536800815,Prediction
8,under_5_incidence,1.0020446613336629,Prediction
9,under_5_incidence,0.9373320567069217,Prediction
10,under_5_incidence,0.9958111290122691,Prediction
11,under_5_incidence,1.0433263105713222,Prediction
12,under_5_incidence,0.9471805676044119,Prediction
1,under_5_incidence,1.0248110050811747,Prediction
2,under_5_incidence,0.9549138678894534,Prediction
3,under_5_incidence,0.9477010782005205,Prediction
4,under_5_incidence,0.9247986119717436,Prediction
5,under_5_incidence,1.094931218242657,Prediction
6,under_5_incidence,1.1131490891064568,Prediction
7,under_5_incidence,1.0431032346015614,Prediction
8,under_5_incidence,0.9881521873838146,Prediction
9,under_5_incidence,0.9221217003346139,Prediction
10,over_5_incidence,0.9742266647194682,Prediction
11,over_5_incidence,1.0262168638205116,Prediction
12,over_5_incidence,0.9544301469593955,Prediction
1,over_5_incidence,1.038700569555552,Prediction
2,over_5_incidence,0.9541056138813615,Prediction
3,over_5_incidence,0.916676132214776,Prediction
4,over_5_incidence,0.9033486404768473,Prediction
5,over_5_incidence,1.0967703549850985,Prediction
6,over_5_incidence,1.1631698227508505,Prediction
7,over_5_incidence,1.0599250328589742,Prediction
8,over_5_incidence,1.0009465548109324,Prediction
9,over_5_incidence,0.9114836029662323,Prediction
10,over_5_incidence,0.9623588704253393,Prediction
11,over_5_incidence,1.0283469792217808,Prediction
12,over_5_incidence,0.951834348180897,Prediction
1,over_5_incidence,1.0356000753288914,Prediction
2,over_5_incidence,0.9515330326156164,Prediction
3,over_5_incidence,0.924479199361498,Prediction
4,over_5_incidence,0.9066585359291909,Prediction
5,over_5_incidence,1.1143510505690022,Prediction
6,over_5_incidence,1.1526181273596328,Prediction
7,over_5_incidence,1.0583924455883276,Prediction
8,over_5_incidence,0.9945350682892271,Prediction
9,over_5_incidence,0.919292267130597,Prediction
10,over_5_incidence,0.9735350398960176,Prediction
11,over_5_incidence,1.0327183449471062,Prediction
12,over_5_incidence,0.9577210528216052,Prediction
1,over_5_incidence,1.0438531248871719,Prediction
2,over_5_incidence,0.9607538722605337,Prediction
3,over_5_incidence,0.9243600389933928,Prediction
4,over_5_incidence,0.9109939704661155,Prediction
5,over_5_incidence,1.093851319637506,Prediction
6,over_5_incidence,1.1606816622738925,Prediction
7,over_5_incidence,1.0446329927428963,Prediction
8,over_5_incidence,0.9873343683431419,Prediction
9,over_5_incidence,0.9095642127306207,Prediction
10,over_5_incidence,0.9853600714107601,Prediction
11,over_5_incidence,1.0259514508021061,Prediction
12,over_5_incidence,0.9503847001723833,Prediction
1,over_5_incidence,1.0316758761008857,Prediction
2,over_5_incidence,0.9446169080152796,Prediction
3,over_5_incidence,0.9207868193661934,Prediction
4,over_5_incidence,0.9103570899392504,Prediction
5,over_5_incidence,1.1006074974070232,Prediction
6,over_5_incidence,1.1596081081569447,Prediction
7,over_5_incidence,1.059929384299029,Prediction
8,over_5_incidence,0.9938816590714433,Prediction
9,over_5_incidence,0.9168404352587014,Prediction
10,over_5_incidence,0.9684337006984555,Prediction
11,over_5_incidence,1.0313108765138748,Prediction
12,over_5_incidence,0.9483812131143413,Prediction
1,over_5_incidence,1.0383691794632883,Prediction
2,over_5_incidence,0.9544466049454888,Prediction
3,over_5_incidence,0.921184082483573,Prediction
4,over_5_incidence,0.9049305591780423,Prediction
5,over_5_incidence,1.103858143220234,Prediction
6,over_5_incidence,1.1638213407537852,Prediction
7,over_5_incidence,1.0585295921689533,Prediction
8,over_5_incidence,0.9989549250729844,Prediction
9,over_5_incidence,0.90777978238698,Prediction
10,over_5_incidence,0.9801278690828122,Prediction
11,over_5_incidence,1.0261304740235526,Prediction
12,over_5_incidence,0.9630065988229126,Prediction
1,over_5_incidence,1.0416304118724768,Prediction
2,over_5_incidence,0.9599801116557587,Prediction
3,over_5_incidence,0.9253268335918458,Prediction
4,over_5_incidence,0.9073840882437186,Prediction
5,over_5_incidence,1.09468040835959,Prediction
6,over_5_incidence,1.1571773683613193,Prediction
7,over_5_incidence,1.0560926969783768,Prediction
8,over_5_incidence,0.9845162754751855,Prediction
9,over_5_incidence,0.903946863532451,Prediction
10,over_5_incidence,0.9825261028710459,Prediction
11,over_5_incidence,1.0350665663702163,Prediction
12,over_5_incidence,0.9491187469182236,Prediction
1,over_5_incidence,1.0314602131419544,Prediction
2,over_5_incidence,0.9466353300245103,Prediction
3,over_5_incidence,0.9175253650442876,Prediction
4,over_5_incidence,0.9112844304157385,Prediction
5,over_5_incidence,1.1008015318003332,Prediction
6,over_5_incidence,1.1586759428886098,Prediction
7,over_5_incidence,1.057633267708742,Prediction
8,over_5_incidence,0.9982904014137481,Prediction
9,over_5_incidence,0.9109821014025907,Prediction
10,over_5_incidence,0.9703684923156595,Prediction
11,over_5_incidence,1.0265566925778278,Prediction
12,over_5_incidence,0.9583928966376627,Prediction
1,over_5_incidence,1.043387259476634,Prediction
2,over_5_incidence,0.9577024118418143,Prediction
3,over_5_incidence,0.9146550003506368,Prediction
4,over_5_incidence,0.9137918943558262,Prediction
5,over_5_incidence,1.1031357719673962,Prediction
6,over_5_incidence,1.165063627095055,Prediction
7,over_5_incidence,1.0512631016792806,Prediction
8,over_5_incidence,0.991708788037351,Prediction
9,over_5_incidence,0.9039740636648559,Prediction
10,over_5_incidence,0.9663982107719272,Prediction
11,over_5_incidence,1.0188277545402737,Prediction
12,over_5_incidence,0.9537746905947247,Prediction
1,over_5_incidence,1.0409780539994193,Prediction
2,over_5_incidence,0.9659250975795959,Prediction
3,over_5_incidence,0.9225707250459673,Prediction
4,over_5_incidence,0.9151084396941969,Prediction
5,over_5_incidence,1.102934377049709,Prediction
6,over_5_incidence,1.160976763690713,Prediction
7,over_5_incidence,1.0545693057063903,Prediction
8,over_5_incidence,0.9949570434726508,Prediction
9,over_5_incidence,0.9029795378544316,Prediction
10,over_5_incidence,0.9828603175404862,Prediction
11,over_5_incidence,1.0355456306616688,Prediction
12,over_5_incidence,0.943876649121731,Prediction
1,over_5_incidence,1.0418877821590011,Prediction
2,over_5_incidence,0.9564527242751439,Prediction
3,over_5_incidence,0.9169062710818815,Prediction
4,over_5_incidence,0.9094169044672845,Prediction
5,over_5_incidence,1.0963696774449572,Prediction
6,over_5_incidence,1.1596829645770275,Prediction
7,over_5_incidence,1.0571911989119493,Prediction
8,over_5_incidence,0.991410316999347,Prediction
9,over_5_incidence,0.9083995627595213,Prediction
10,over_5_incidence,0.973795416999541,Prediction
11,over_5_incidence,1.02964599050721,Prediction
12,over_5_incidence,0.9606949329612372,Prediction
1,over_5_incidence,1.0422693045970988,Prediction
2,over_5_incidence,0.962061374177153,Prediction
3,over_5_incidence,0.91811835983675,Prediction
4,over_5_incidence,0.9033694705221035,Prediction
5,over_5_incidence,1.095321927043607,Prediction
6,over_5_incidence,1.1576359843979886,Prediction
7,over_5_incidence,1.0544371382816822,Prediction
8,over_5_incidence,0.989845678900774,Prediction
9,over_5_incidence,0.9128044217748553,Prediction
10,over_5_incidence,0.973799720740396,Prediction
11,over_5_incidence,1.0307042354373277,Prediction
12,over_5_incidence,0.9499552468583295,Prediction
1,over_5_incidence,1.0372990583938992,Prediction
2,over_5_incidence,0.9589130356951059,Prediction
3,over_5_incidence,0.9163366868354159,Prediction
4,over_5_incidence,0.9111166803909635,Prediction
5,over_5_incidence,1.0956428341269557,Prediction
6,over_5_incidence,1.1639969925888798,Prediction
7,over_5_incidence,1.0562457484515413,Prediction
8,over_5_incidence,0.9984390104185314,Prediction
9,over_5_incidence,0.9075507500626544,Prediction
10,over_5_incidence,0.970378504909221,Prediction
11,over_5_incidence,1.0374820284221857,Prediction
12,over_5_incidence,0.9541228063837934,Prediction
1,over_5_incidence,1.0459349916554082,Prediction
2,over_5_incidence,0.9523888652077479,Prediction
3,over_5_incidence,0.9207444387449156,Prediction
4,over_5_incidence,0.9086718733066981,Prediction
5,over_5_incidence,1.0926430320851366,Prediction
6,over_5_incidence,1.1570372725105302,Prediction
7,over_5_incidence,1.0600449379754793,Prediction
8,over_5_incidence,0.9953255835795771,Prediction
9,over_5_incidence,0.9052256652193075,Prediction
10,over_5_incidence,0.976727850392552,Prediction
11,over_5_incidence,1.035797072474888,Prediction
12,over_5_incidence,0.9531477108785277,Prediction
1,over_5_incidence,1.0280811148153952,Prediction
2,over_5_incidence,0.9531044842249731,Prediction
3,over_5_incidence,0.9259797591194731,Prediction
4,over_5_incidence,0.9121040033284523,Prediction
5,over_5_incidence,1.1047003582408914,Prediction
6,over_5_incidence,1.158993035105446,Prediction
7,over_5_incidence,1.0500618681479,Prediction
8,over_5_incidence,0.9957043513030135,Prediction
9,over_5_incidence,0.9055983919684878,Prediction
10,over_5_incidence,0.9798833446483143,Prediction
11,over_5_incidence,1.0353981822798397,Prediction
12,over_5_incidence,0.9515316642385979,Prediction
1,over_5_incidence,1.042767026044865,Prediction
2,over_5_incidence,0.9522015591263274,Prediction
3,over_5_incidence,0.921235127703215,Prediction
4,over_5_incidence,0.9057843262604199,Prediction
5,over_5_incidence,1.0935709899497759,Prediction
6,over_5_incidence,1.1609278404353598,Prediction
7,over_5_incidence,1.0607893594760414,Prediction
8,over_5_incidence,0.987381845488384,Prediction
9,over_5_incidence,0.9085287343488604,Prediction
10,over_5_incidence,0.9678717756362168,Prediction
11,over_5_incidence,1.035150614576721,Prediction
12,over_5_incidence,0.9457556696866525,Prediction
1,over_5_incidence,1.0380287379537192,Prediction
2,over_5_incidence,0.9459071498643892,Prediction
3,over_5_incidence,0.9175154365514456,Prediction
4,over_5_incidence,0.9151350337584396,Prediction
5,over_5_incidence,1.0991401696577991,Prediction
6,over_5_incidence,1.1622857637486295,Prediction
7,over_5_incidence,1.0621357262392521,Prediction
8,over_5_incidence,1.0057851001211842,Prediction
9,over_5_incidence,0.9052888222055514,Prediction
10,over_5_incidence,0.978104855843557,Prediction
11,over_5_incidence,1.034866963809455,Prediction
12,over_5_incidence,0.9475539965102296,Prediction
1,over_5_incidence,1.0450216528492255,Prediction
2,over_5_incidence,0.9569709517308718,Prediction
3,over_5_incidence,0.9154842734316375,Prediction
4,over_5_incidence,0.8949579148170582,Prediction
5,over_5_incidence,1.0890253053548988,Prediction
6,over_5_incidence,1.162798687267763,Prediction
7,over_5_incidence,1.060904628013995,Prediction
8,over_5_incidence,1.0013217730926054,Prediction
9,over_5_incidence,0.9129889972787024,Prediction
10,over_5_incidence,0.9650090493837801,Prediction
11,over_5_incidence,1.038783073343101,Prediction
12,over_5_incidence,0.9587391191933121,Prediction
1,over_5_incidence,1.0423166422476946,Prediction
2,over_5_incidence,0.9608937343790399,Prediction
3,over_5_incidence,0.9275402913039731,Prediction
4,over_5_incidence,0.9111652158924416,Prediction
5,over_5_incidence,1.1028397828147893,Prediction
6,over_5_incidence,1.1635352925967422,Prediction
7,over_5_incidence,1.0444497112815652,Prediction
8,over_5_incidence,0.9815564940101698,Prediction
9,over_5_incidence,0.9031715935533914,Prediction
10,over_5_incidence,0.9747771285835283,Prediction
11,over_5_incidence,1.036556654560071,Prediction
12,over_5_incidence,0.9547079343659828,Prediction
1,over_5_incidence,1.0277925321925379,Prediction
2,over_5_incidence,0.9539757963795058,Prediction
3,over_5_incidence,0.9207927188159462,Prediction
4,over_5_incidence,0.9139020083549864,Prediction
5,over_5_incidence,1.1092967168635783,Prediction
6,over_5_incidence,1.159943438751633,Prediction
7,over_5_incidence,1.056647382247807,Prediction
8,over_5_incidence,0.9894198883130679,Prediction
9,over_5_incidence,0.9021878005713547,Prediction
10,over_5_incidence,0.9602924180933695,Prediction
11,over_5_incidence,1.0342999973123337,Prediction
12,over_5_incidence,0.9650012094498347,Prediction
1,over_5_incidence,1.0364716316822102,Prediction
2,over_5_incidence,0.9505308140941221,Prediction
3,over_5_incidence,0.9153976402289892,Prediction
4,over_5_incidence,0.9142150670572742,Prediction
5,over_5_incidence,1.1005670975891633,Prediction
6,over_5_incidence,1.1557395113822668,Prediction
7,over_5_incidence,1.0575859381299217,Prediction
8,over_5_incidence,1.0009514338699708,Prediction
9,over_5_incidence,0.9089472411105437,Prediction
10,over_5_incidence,0.9825791489132194,Prediction
11,over_5_incidence,1.0329324200420689,Prediction
12,over_5_incidence,0.9524621109972493,Prediction
1,over_5_incidence,1.045963000916887,Prediction
2,over_5_incidence,0.9507577800550132,Prediction
3,over_5_incidence,0.9149021088398684,Prediction
4,over_5_incidence,0.9082358017366916,Prediction
5,over_5_incidence,1.1023569386764467,Prediction
6,over_5_incidence,1.161835931179548,Prediction
7,over_5_incidence,1.050191467558384,Prediction
8,over_5_incidence,0.9910145083868184,Prediction
9,over_5_incidence,0.9067687826978049,Prediction
10,over_5_incidence,0.9700695248922175,Prediction
11,over_5_incidence,1.0299556979243425,Prediction
12,over_5_incidence,0.9500498150627058,Prediction
1,over_5_incidence,1.0455866376724385,Prediction
2,over_5_incidence,0.9541142917883518,Prediction
3,over_5_incidence,0.9145288828274057,Prediction
4,over_5_incidence,0.9099671562895796,Prediction
5,over_5_incidence,1.0993760956160943,Prediction
6,over_5_incidence,1.1554356070501377,Prediction
7,over_5_incidence,1.056980144238478,Prediction
8,over_5_incidence,0.9949536350582737,Prediction
9,over_5_incidence,0.9189825115799753,Prediction
10,over_5_incidence,0.9717663647703237,Prediction
11,over_5_incidence,1.0330278214653723,Prediction
12,over_5_incidence,0.9455827322522914,Prediction
1,over_5_incidence,1.0366288844297413,Prediction
2,over_5_incidence,0.9553663430771734,Prediction
3,over_5_incidence,0.9211779380660556,Prediction
4,over_5_incidence,0.9076847985248657,Prediction
5,over_5_incidence,1.1026628342100981,Prediction
6,over_5_incidence,1.1565703129236944,Prediction
7,over_5_incidence,1.0600141005477521,Prediction
8,over_5_incidence,0.9996637561689896,Prediction
9,over_5_incidence,0.9098541135636423,Prediction
10,over_5_incidence,0.9787338606805887,Prediction
11,over_5_incidence,1.0314204046528939,Prediction
12,over_5_incidence,0.9543202604695534,Prediction
1,over_5_incidence,1.0405700843056975,Prediction
2,over_5_incidence,0.9555994810845189,Prediction
3,over_5_incidence,0.9173312711622478,Prediction
4,over_5_incidence,0.8996173179007773,Prediction
5,over_5_incidence,1.0940154879648467,Prediction
6,over_5_incidence,1.1554614408938644,Prediction
7,over_5_incidence,1.0551618719984388,Prediction
8,over_5_incidence,0.9996350246268036,Prediction
9,over_5_incidence,0.9181334942597684,Prediction
10,over_5_incidence,0.9755014741568345,Prediction
11,over_5_incidence,1.0268766043485378,Prediction
12,over_5_incidence,0.9536562507307825,Prediction
1,over_5_incidence,1.033568322986953,Prediction
2,over_5_incidence,0.9495117024127964,Prediction
3,over_5_incidence,0.9220324836169819,Prediction
4,over_5_incidence,0.9085842877726831,Prediction
5,over_5_incidence,1.0999458546422,Prediction
6,over_5_incidence,1.1604087704686543,Prediction
7,over_5_incidence,1.059061612380399,Prediction
8,over_5_incidence,0.9975625594744483,Prediction
9,over_5_incidence,0.9132900770087299,Prediction
10,over_5_incidence,0.9747855443623772,Prediction
11,over_5_incidence,1.0290402466713993,Prediction
12,over_5_incidence,0.9501400803090979,Prediction
1,over_5_incidence,1.0358681456835215,Prediction
2,over_5_incidence,0.9594823802272715,Prediction
3,over_5_incidence,0.9126841771568845,Prediction
4,over_5_incidence,0.9144399226171446,Prediction
5,over_5_incidence,1.0966906365661087,Prediction
6,over_5_incidence,1.1621084118632037,Prediction
7,over_5_incidence,1.0582376433994267,Prediction
8,over_5_incidence,0.9915843435191859,Prediction
9,over_5_incidence,0.9149384676243788,Prediction
10,over_5_incidence,0.9759265948992125,Prediction
11,over_5_incidence,1.031717361462322,Prediction
12,over_5_incidence,0.9451484719312189,Prediction
1,over_5_incidence,1.0403439057871542,Prediction
2,over_5_incidence,0.946188859186475,Prediction
3,over_5_incidence,0.9189653926739398,Prediction
4,over_5_incidence,0.9116610071526624,Prediction
5,over_5_incidence,1.0980420489849,Prediction
6,over_5_incidence,1.1584928834621777,Prediction
7,over_5_incidence,1.0628422801820678,Prediction
8,over_5_incidence,0.9975579799147462,Prediction
9,over_5_incidence,0.9131132143631241,Prediction
10,over_5_incidence,0.9730879410367512,Prediction
11,over_5_incidence,1.029186520218233,Prediction
12,over_5_incidence,0.956677271222307,Prediction
1,over_5_incidence,1.0464825024831934,Prediction
2,over_5_incidence,0.9724401514388126,Prediction
3,over_5_incidence,0.921264773201664,Prediction
4,over_5_incidence,0.9161688283645472,Prediction
5,over_5_incidence,1.0914175075935335,Prediction
6,over_5_incidence,1.1566715130925476,Prediction
7,over_5_incidence,1.039356816905869,Prediction
8,over_5_incidence,0.996149250723365,Prediction
9,over_5_incidence,0.9010969237191759,Prediction
10,over_5_incidence,0.9683877633529491,Prediction
11,over_5_incidence,1.0283742868694128,Prediction
12,over_5_incidence,0.9442594672296841,Prediction
1,over_5_incidence,1.035382058308252,Prediction
2,over_5_incidence,0.954738780827456,Prediction
3,over_5_incidence,0.9235811508916939,Prediction
4,over_5_incidence,0.9074956201428507,Prediction
5,over_5_incidence,1.1051578994654327,Prediction
6,over_5_incidence,1.1651659853555545,Prediction
7,over_5_incidence,1.0583675486276447,Prediction
8,over_5_incidence,0.9955563541619873,Prediction
9,over_5_incidence,0.9135330847670814,Prediction
10,over_5_incidence,0.972339585283123,Prediction
11,over_5_incidence,1.021633874135105,Prediction
12,over_5_incidence,0.953426851105497,Prediction
1,over_5_incidence,1.0383826799171216,Prediction
2,over_5_incidence,0.9473894908817467,Prediction
3,over_5_incidence,0.9113384438108943,Prediction
4,over_5_incidence,0.9179167861335469,Prediction
5,over_5_incidence,1.101179881957706,Prediction
6,over_5_incidence,1.1623541377015834,Prediction
7,over_5_incidence,1.0595891781940936,Prediction
8,over_5_incidence,0.9979388582031821,Prediction
9,over_5_incidence,0.9165102326764007,Prediction
10,over_5_incidence,0.9764589771385118,Prediction
11,over_5_incidence,1.035610853139612,Prediction
12,over_5_incidence,0.9493638800351633,Prediction
1,over_5_incidence,1.0364953268507882,Prediction
2,over_5_incidence,0.9533979430593083,Prediction
3,over_5_incidence,0.9228728137589594,Prediction
4,over_5_incidence,0.9198526596232358,Prediction
5,over_5_incidence,1.108590720576418,Prediction
6,over_5_incidence,1.1520593676012965,Prediction
7,over_5_incidence,1.0518118228248148,Prediction
8,over_5_incidence,0.9851742790730285,Prediction
9,over_5_incidence,0.9083113563188635,Prediction
10,over_5_incidence,0.9685920493170502,Prediction
11,over_5_incidence,1.036262642802262,Prediction
12,over_5_incidence,0.9501953212859715,Prediction
1,over_5_incidence,1.0440575005712989,Prediction
2,over_5_incidence,0.9582924727081013,Prediction
3,over_5_incidence,0.9192749990553323,Prediction
4,over_5_incidence,0.9063843339913018,Prediction
5,over_5_incidence,1.0987726517811034,Prediction
6,over_5_incidence,1.1650613314236051,Prediction
7,over_5_incidence,1.0521330595896363,Prediction
8,over_5_incidence,0.9877661038846534,Prediction
9,over_5_incidence,0.9132075335896831,Prediction
10,over_5_incidence,0.9726855870815758,Prediction
11,over_5_incidence,1.0299583241781,Prediction
12,over_5_incidence,0.9394025625047276,Prediction
1,over_5_incidence,1.0418667310234528,Prediction
2,over_5_incidence,0.9610581408333002,Prediction
3,over_5_incidence,0.9290934698273533,Prediction
4,over_5_incidence,0.9065301726466848,Prediction
5,over_5_incidence,1.094989896224682,Prediction
6,over_5_incidence,1.1617288442073488,Prediction
7,over_5_incidence,1.054250609648475,Prediction
8,over_5_incidence,0.9977126925750759,Prediction
9,over_5_incidence,0.9107229692492228,Prediction
10,over_5_incidence,0.9744997868358491,Prediction
11,over_5_incidence,1.0278052763546761,Prediction
12,over_5_incidence,0.9580680824620098,Prediction
1,over_5_incidence,1.039316140500466,Prediction
2,over_5_incidence,0.9453432665418994,Prediction
3,over_5_incidence,0.9217795954939266,Prediction
4,over_5_incidence,0.9123931469531977,Prediction
5,over_5_incidence,1.0920580095526442,Prediction
6,over_5_incidence,1.1624238570427268,Prediction
7,over_5_incidence,1.0607553959433778,Prediction
8,over_5_incidence,0.9980417801735662,Prediction
9,over_5_incidence,0.9075156621456597,Prediction
10,over_5_incidence,0.9723415319671144,Prediction
11,over_5_incidence,1.0274461396724746,Prediction
12,over_5_incidence,0.948416804170273,Prediction
1,over_5_incidence,1.0438134173529852,Prediction
2,over_5_incidence,0.968562806908949,Prediction
3,over_5_incidence,0.9277309835661448,Prediction
4,over_5_incidence,0.913285457486644,Prediction
5,over_5_incidence,1.1018978196756415,Prediction
6,over_5_incidence,1.1516258414410978,Prediction
7,over_5_incidence,1.045691983524759,Prediction
8,over_5_incidence,0.9924875347057903,Prediction
9,over_5_incidence,0.9066996795281272,Prediction
10,over_5_incidence,0.9730208860679675,Prediction
11,over_5_incidence,1.0305066668588385,Prediction
12,over_5_incidence,0.9567631549078567,Prediction
1,over_5_incidence,1.0317822069365599,Prediction
2,over_5_incidence,0.9533905404650678,Prediction
3,over_5_incidence,0.9315334045569931,Prediction
4,over_5_incidence,0.9133299342952732,Prediction
5,over_5_incidence,1.1063256338515366,Prediction
6,over_5_incidence,1.160784709373238,Prediction
7,over_5_incidence,1.0439322666599407,Prediction
8,over_5_incidence,0.9987262615325578,Prediction
9,over_5_incidence,0.899904334494171,Prediction
10,over_5_incidence,0.9688705403461079,Prediction
11,over_5_incidence,1.0275216091447081,Prediction
12,over_5_incidence,0.957244440909699,Prediction
1,over_5_incidence,1.0452210441075993,Prediction
2,over_5_incidence,0.9520170342601195,Prediction
3,over_5_incidence,0.9179195933757263,Prediction
4,over_5_incidence,0.9156420925532954,Prediction
5,over_5_incidence,1.1099454484326818,Prediction
6,over_5_incidence,1.1581850849001696,Prediction
7,over_5_incidence,1.0572809532244714,Prediction
8,over_5_incidence,0.986700118213138,Prediction
9,over_5_incidence,0.9034520405322846,Prediction
10,over_5_incidence,0.9651838117813576,Prediction
11,over_5_incidence,1.0349642269759112,Prediction
12,over_5_incidence,0.9527702203791597,Prediction
1,over_5_incidence,1.031432961009841,Prediction
2,over_5_incidence,0.9528568772126829,Prediction
3,over_5_incidence,0.9113915823718336,Prediction
4,over_5_incidence,0.9076003459051938,Prediction
5,over_5_incidence,1.1010833909541098,Prediction
6,over_5_incidence,1.1637146173829997,Prediction
7,over_5_incidence,1.0663989933364506,Prediction
8,over_5_incidence,0.9958819950569497,Prediction
9,over_5_incidence,0.9167209776335101,Prediction
10,over_5_incidence,0.9698401261221239,Prediction
11,over_5_incidence,1.0352632690984545,Prediction
12,over_5_incidence,0.9523303879555539,Prediction
1,over_5_incidence,1.0349598825460633,Prediction
2,over_5_incidence,0.9662861693655429,Prediction
3,over_5_incidence,0.9212332663354696,Prediction
4,over_5_incidence,0.9011664129416035,Prediction
5,over_5_incidence,1.0985193652719916,Prediction
6,over_5_incidence,1.1637041331000146,Prediction
7,over_5_incidence,1.0553517929603484,Prediction
8,over_5_incidence,0.9898419681119063,Prediction
9,over_5_incidence,0.9115032261909276,Prediction
10,over_5_incidence,0.9793330201972756,Prediction
11,over_5_incidence,1.036542977923908,Prediction
12,over_5_incidence,0.959258590165119,Prediction
1,over_5_incidence,1.0464934783394153,Prediction
2,over_5_incidence,0.9551613252881453,Prediction
3,over_5_incidence,0.9209957726632221,Prediction
4,over_5_incidence,0.9101998048921487,Prediction
5,over_5_incidence,1.0836723633341763,Prediction
6,over_5_incidence,1.1534342594934421,Prediction
7,over_5_incidence,1.0493117028579686,Prediction
8,over_5_incidence,0.9941828955450374,Prediction
9,over_5_incidence,0.9114138093001408,Prediction
10,over_5_incidence,0.9765755283379195,Prediction
11,over_5_incidence,1.0415316876279404,Prediction
12,over_5_incidence,0.949799541447674,Prediction
1,over_5_incidence,1.0334663701192996,Prediction
2,over_5_incidence,0.9561737439948256,Prediction
3,over_5_incidence,0.9200749438553447,Prediction
4,over_5_incidence,0.9066544289686548,Prediction
5,over_5_incidence,1.1016096306828962,Prediction
6,over_5_incidence,1.1598663730100944,Prediction
7,over_5_incidence,1.0541066450338856,Prediction
8,over_5_incidence,0.9948525784986296,Prediction
9,over_5_incidence,0.9052885284228366,Prediction
10,over_5_incidence,0.9757095647858809,Prediction
11,over_5_incidence,1.0324531721402552,Prediction
12,over_5_incidence,0.9543066528103907,Prediction
1,over_5_incidence,1.0355816219753822,Prediction
2,over_5_incidence,0.9545008324553297,Prediction
3,over_5_incidence,0.9134426253087995,Prediction
4,over_5_incidence,0.9064090070587897,Prediction
5,over_5_incidence,1.0937923644248506,Prediction
6,over_5_incidence,1.162165174959456,Prediction
7,over_5_incidence,1.0621626578159105,Prediction
8,over_5_incidence,0.9987522159852998,Prediction
9,over_5_incidence,0.9107241102796546,Prediction
10,over_5_incidence,0.9685551845501308,Prediction
11,over_5_incidence,1.029632704629546,Prediction
12,over_5_incidence,0.9414601570255392,Prediction
1,over_5_incidence,1.0336395632163162,Prediction
2,over_5_incidence,0.9547369370995397,Prediction
3,over_5_incidence,0.9261474596155581,Prediction
4,over_5_incidence,0.9091237252955509,Prediction
5,over_5_incidence,1.0962331919501849,Prediction
6,over_5_incidence,1.1604512228138255,Prediction
7,over_5_incidence,1.0631603645880334,Prediction
8,over_5_incidence,0.9979893511415937,Prediction
9,over_5_incidence,0.9188701380741809,Prediction
10,over_5_incidence,0.9737522109591746,Prediction
11,over_5_incidence,1.031394273503506,Prediction
12,over_5_incidence,0.9446618242545588,Prediction
1,over_5_incidence,1.038634547527766,Prediction
2,over_5_incidence,0.9586467583073705,Prediction
3,over_5_incidence,0.9227255178358188,Prediction
4,over_5_incidence,0.9195148010810131,Prediction
5,over_5_incidence,1.1003277157761475,Prediction
6,over_5_incidence,1.1654470851252952,Prediction
7,over_5_incidence,1.049451861694964,Prediction
8,over_5_incidence,0.9915727663700764,Prediction
9,over_5_incidence,0.9038706375643085,Prediction
10,over_5_incidence,0.975326434101229,Prediction
11,over_5_incidence,1.0268823823352622,Prediction
12,over_5_incidence,0.9463873177726441,Prediction
1,over_5_incidence,1.0326615151756553,Prediction
2,over_5_incidence,0.9553819079828799,Prediction
3,over_5_incidence,0.9101265181086738,Prediction
4,over_5_incidence,0.9051295235474317,Prediction
5,over_5_incidence,1.1016852183107262,Prediction
6,over_5_incidence,1.1624964695147122,Prediction
7,over_5_incidence,1.0602753416423456,Prediction
8,over_5_incidence,1.0054604839118502,Prediction
9,over_5_incidence,0.9181868875965905,Prediction
10,over_5_incidence,0.9652909643767604,Prediction
11,over_5_incidence,1.0322193655858223,Prediction
12,over_5_incidence,0.9497892452758602,Prediction
1,over_5_incidence,1.0365338300628562,Prediction
2,over_5_incidence,0.9507865586725615,Prediction
3,over_5_incidence,0.9217994279901787,Prediction
4,over_5_incidence,0.9049101424243027,Prediction
5,over_5_incidence,1.096914652015314,Prediction
6,over_5_incidence,1.1608077515822415,Prediction
7,over_5_incidence,1.065000623320873,Prediction
8,over_5_incidence,0.9985925595361771,Prediction
9,over_5_incidence,0.9173548791570534,Prediction
10,over_5_incidence,0.9675305460356061,Prediction
11,over_5_incidence,1.0326308597007539,Prediction
12,over_5_incidence,0.9439222669973691,Prediction
1,over_5_incidence,1.0357944121334073,Prediction
2,over_5_incidence,0.9474731931972862,Prediction
3,over_5_incidence,0.9205076748427639,Prediction
4,over_5_incidence,0.9121360973168986,Prediction
5,over_5_incidence,1.101927722511258,Prediction
6,over_5_incidence,1.1675014930030614,Prediction
7,over_5_incidence,1.0604787294140434,Prediction
8,over_5_incidence,0.998800217359725,Prediction
9,over_5_incidence,0.9112967874878273,Prediction
10,over_5_incidence,0.9681630659969193,Prediction
11,over_5_incidence,1.0283541522298778,Prediction
12,over_5_incidence,0.9498730759425951,Prediction
1,over_5_incidence,1.0463209975835956,Prediction
2,over_5_incidence,0.955344992872864,Prediction
3,over_5_incidence,0.9223411474509269,Prediction
4,over_5_incidence,0.9128622362331381,Prediction
5,over_5_incidence,1.1009324519860832,Prediction
6,over_5_incidence,1.1626746327819526,Prediction
7,over_5_incidence,1.0569632297235676,Prediction
8,over_5_incidence,0.9821875460032385,Prediction
9,over_5_incidence,0.9139824711952403,Prediction
10,over_5_incidence,0.9700818987130202,Prediction
11,over_5_incidence,1.0335304869172333,Prediction
12,over_5_incidence,0.9508014643640853,Prediction
1,over_5_incidence,1.0463194103723992,Prediction
2,over_5_incidence,0.9511033951033304,Prediction
3,over_5_incidence,0.9225709402446717,Prediction
4,over_5_incidence,0.9078625999471621,Prediction
5,over_5_incidence,1.0989200584451646,Prediction
6,over_5_incidence,1.1615706868385156,Prediction
7,over_5_incidence,1.0446587913065513,Prediction
8,over_5_incidence,0.9930933343397691,Prediction
9,over_5_incidence,0.9194869334080972,Prediction
10,over_5_incidence,0.9738500423053817,Prediction
11,over_5_incidence,1.0280803098666254,Prediction
12,over_5_incidence,0.9471354114987651,Prediction
1,over_5_incidence,1.0371728098170134,Prediction
2,over_5_incidence,0.9537166495580938,Prediction
3,over_5_incidence,0.9166105902367478,Prediction
4,over_5_incidence,0.9030584355487884,Prediction
5,over_5_incidence,1.0985255356727277,Prediction
6,over_5_incidence,1.1683862436248766,Prediction
7,over_5_incidence,1.0659440775171702,Prediction
8,over_5_incidence,0.9999585064486392,Prediction
9,over_5_incidence,0.907561387905171,Prediction
10,over_5_incidence,0.9708719000458753,Prediction
11,over_5_incidence,1.0323987370807135,Prediction
12,over_5_incidence,0.9490460641714116,Prediction
1,over_5_incidence,1.03708341204091,Prediction
2,over_5_incidence,0.9623229079526135,Prediction
3,over_5_incidence,0.9308038966996789,Prediction
4,over_5_incidence,0.9196643009417924,Prediction
5,over_5_incidence,1.1006395552797041,Prediction
6,over_5_incidence,1.1487168416223656,Prediction
7,over_5_incidence,1.0463879968696872,Prediction
8,over_5_incidence,0.9901718973473298,Prediction
9,over_5_incidence,0.911892489947918,Prediction
10,over_5_incidence,0.9754892057261602,Prediction
11,over_5_incidence,1.0288039713691988,Prediction
12,over_5_incidence,0.954990187023782,Prediction
1,over_5_incidence,1.0386963172477488,Prediction
2,over_5_incidence,0.9569167051489263,Prediction
3,over_5_incidence,0.9203994458554606,Prediction
4,over_5_incidence,0.9076497921957977,Prediction
5,over_5_incidence,1.095842472870007,Prediction
6,over_5_incidence,1.163963287924267,Prediction
7,over_5_incidence,1.0462292195797738,Prediction
8,over_5_incidence,0.9978281574694066,Prediction
9,over_5_incidence,0.9131912375894712,Prediction
10,over_5_incidence,0.9655818057580665,Prediction
11,over_5_incidence,1.0307272639230391,Prediction
12,over_5_incidence,0.9429842731934079,Prediction
1,over_5_incidence,1.043102103184638,Prediction
2,over_5_incidence,0.9520663291384421,Prediction
3,over_5_incidence,0.9155013693028661,Prediction
4,over_5_incidence,0.9093462318614448,Prediction
5,over_5_incidence,1.102243074125287,Prediction
6,over_5_incidence,1.1589090772136166,Prediction
7,over_5_incidence,1.0677872173290792,Prediction
8,over_5_incidence,0.9956688062584405,Prediction
9,over_5_incidence,0.9160824487116717,Prediction
10,over_5_incidence,0.9763990886508894,Prediction
11,over_5_incidence,1.0379422126733808,Prediction
12,over_5_incidence,0.9558774982276317,Prediction
1,over_5_incidence,1.0349115980539125,Prediction
2,over_5_incidence,0.9556826730020944,Prediction
3,over_5_incidence,0.9238828667449576,Prediction
4,over_5_incidence,0.9050497616096893,Prediction
5,over_5_incidence,1.0997667509105373,Prediction
6,over_5_incidence,1.1577597263787944,Prediction
7,over_5_incidence,1.0524675155995475,Prediction
8,over_5_incidence,0.9932622942835032,Prediction
9,over_5_incidence,0.9069980138650618,Prediction
10,over_5_incidence,0.9730862051279282,Prediction
11,over_5_incidence,1.0338136604380712,Prediction
12,over_5_incidence,0.9518791065807872,Prediction
1,over_5_incidence,1.0371610130600741,Prediction
2,over_5_incidence,0.9511232527629156,Prediction
3,over_5_incidence,0.9261800767731521,Prediction
4,over_5_incidence,0.9141080115105739,Prediction
5,over_5_incidence,1.1012358209922202,Prediction
6,over_5_incidence,1.1587886902673024,Prediction
7,over_5_incidence,1.0564676791508523,Prediction
8,over_5_incidence,0.9850934829204032,Prediction
9,over_5_incidence,0.9110630004157196,Prediction
10,over_5_incidence,0.9612269329910805,Prediction
11,over_5_incidence,1.0262621469170288,Prediction
12,over_5_incidence,0.9428272522352484,Prediction
1,over_5_incidence,1.033531422901455,Prediction
2,over_5_incidence,0.9555323072940821,Prediction
3,over_5_incidence,0.9198977555840766,Prediction
4,over_5_incidence,0.9159072034858012,Prediction
5,over_5_incidence,1.109157777801745,Prediction
6,over_5_incidence,1.1547363539296154,Prediction
7,over_5_incidence,1.0584885514295883,Prediction
8,over_5_incidence,0.9982420000215706,Prediction
9,over_5_incidence,0.924190295408708,Prediction
10,over_5_incidence,0.9734853614278363,Prediction
11,over_5_incidence,1.03397882078921,Prediction
12,over_5_incidence,0.9491969774937031,Prediction
1,over_5_incidence,1.0311621482544755,Prediction
2,over_5_incidence,0.9521003168756602,Prediction
3,over_5_incidence,0.9237819245456761,Prediction
4,over_5_incidence,0.9121902337296536,Prediction
5,over_5_incidence,1.0998672913901903,Prediction
6,over_5_incidence,1.1631990899981042,Prediction
7,over_5_incidence,1.057292202692089,Prediction
8,over_5_incidence,0.9916637326327763,Prediction
9,over_5_incidence,0.9120819001706254,Prediction
10,over_5_incidence,0.9812690655122155,Prediction
11,over_5_incidence,1.039071093026154,Prediction
12,over_5_incidence,0.9509484669025418,Prediction
1,over_5_incidence,1.0496041959027096,Prediction
2,over_5_incidence,0.9595093221211415,Prediction
3,over_5_incidence,0.9203244455762594,Prediction
4,over_5_incidence,0.9042430415960034,Prediction
5,over_5_incidence,1.1063225708573317,Prediction
6,over_5_incidence,1.1543067061838634,Prediction
7,over_5_incidence,1.0472201602722135,Prediction
8,over_5_incidence,0.9823310450203456,Prediction
9,over_5_incidence,0.9048498870292206,Prediction
10,over_5_incidence,0.9690034030489455,Prediction
11,over_5_incidence,1.0197104451560761,Prediction
12,over_5_incidence,0.9491979807501044,Prediction
1,over_5_incidence,1.0292798402950385,Prediction
2,over_5_incidence,0.9564234116864895,Prediction
3,over_5_incidence,0.9212209401303517,Prediction
4,over_5_incidence,0.9213714699415264,Prediction
5,over_5_incidence,1.1042866947775116,Prediction
6,over_5_incidence,1.1598967078771893,Prediction
7,over_5_incidence,1.0630845350331255,Prediction
8,over_5_incidence,0.9986147673328806,Prediction
9,over_5_incidence,0.9079098039707614,Prediction
10,over_5_incidence,0.9617156781701732,Prediction
11,over_5_incidence,1.0202203900314124,Prediction
12,over_5_incidence,0.9418978270089206,Prediction
1,over_5_incidence,1.0394559974697557,Prediction
2,over_5_incidence,0.9653169634192801,Prediction
3,over_5_incidence,0.9347383856753667,Prediction
4,over_5_incidence,0.9155027782370234,Prediction
5,over_5_incidence,1.1036321944837797,Prediction
6,over_5_incidence,1.1589453481601817,Prediction
7,over_5_incidence,1.0467016971326293,Prediction
8,over_5_incidence,0.9994321326653104,Prediction
9,over_5_incidence,0.9124406075461662,Prediction
10,over_5_incidence,0.9718540548695072,Prediction
11,over_5_incidence,1.0333397987112347,Prediction
12,over_5_incidence,0.9570483394754423,Prediction
1,over_5_incidence,1.0488351544147756,Prediction
2,over_5_incidence,0.9577595310445896,Prediction
3,over_5_incidence,0.9184284821447813,Prediction
4,over_5_incidence,0.9143337428072671,Prediction
5,over_5_incidence,1.0979073726859334,Prediction
6,over_5_incidence,1.151613111786384,Prediction
7,over_5_incidence,1.0494601409452382,Prediction
8,over_5_incidence,0.9965302471929485,Prediction
9,over_5_incidence,0.9028900239218982,Prediction
10,over_5_incidence,0.9755180738508401,Prediction
11,over_5_incidence,1.0298503432222383,Prediction
12,over_5_incidence,0.9502206235789087,Prediction
1,over_5_incidence,1.0391181537830059,Prediction
2,over_5_incidence,0.9560967179204675,Prediction
3,over_5_incidence,0.9200408302143587,Prediction
4,over_5_incidence,0.9076405428906279,Prediction
5,over_5_incidence,1.100471491761046,Prediction
6,over_5_incidence,1.1599669469693288,Prediction
7,over_5_incidence,1.06208244894873,Prediction
8,over_5_incidence,0.9899274669604714,Prediction
9,over_5_incidence,0.9090663598999768,Prediction
10,over_5_incidence,0.9600129530183231,Prediction
11,over_5_incidence,1.0192514234827428,Prediction
12,over_5_incidence,0.9450522168551151,Prediction
1,over_5_incidence,1.0337588040046415,Prediction
2,over_5_incidence,0.9597754810157325,Prediction
3,over_5_incidence,0.9352295112934128,Prediction
4,over_5_incidence,0.9166851067274739,Prediction
5,over_5_incidence,1.111390560487897,Prediction
6,over_5_incidence,1.1652535283482204,Prediction
7,over_5_incidence,1.0540302776803303,Prediction
8,over_5_incidence,0.9939282726610357,Prediction
9,over_5_incidence,0.9056318644250749,Prediction
10,over_5_incidence,0.9742965839597602,Prediction
11,over_5_incidence,1.0338800603094904,Prediction
12,over_5_incidence,0.9524083362236124,Prediction
1,over_5_incidence,1.0309688155367025,Prediction
2,over_5_incidence,0.9557940060704845,Prediction
3,over_5_incidence,0.9167833261151236,Prediction
4,over_5_incidence,0.9084377577664643,Prediction
5,over_5_incidence,1.1084294912689614,Prediction
6,over_5_incidence,1.157640310317128,Prediction
7,over_5_incidence,1.0521885552139136,Prediction
8,over_5_incidence,0.9980394024400545,Prediction
9,over_5_incidence,0.9111333547783051,Prediction
10,over_5_incidence,0.9771198136806694,Prediction
11,over_5_incidence,1.026869662727508,Prediction
12,over_5_incidence,0.9487406193392565,Prediction
1,over_5_incidence,1.0347623565944968,Prediction
2,over_5_incidence,0.9542827568360217,Prediction
3,over_5_incidence,0.9284482015009057,Prediction
4,over_5_incidence,0.9117355300612439,Prediction
5,over_5_incidence,1.1053006124385405,Prediction
6,over_5_incidence,1.158285172086604,Prediction
7,over_5_incidence,1.0539765375657724,Prediction
8,over_5_incidence,0.9957733114810662,Prediction
9,over_5_incidence,0.9047054256879151,Prediction
10,over_5_incidence,0.9722901972074276,Prediction
11,over_5_incidence,1.025644162948035,Prediction
12,over_5_incidence,0.9529005326040016,Prediction
1,over_5_incidence,1.034518497193033,Prediction
2,over_5_incidence,0.9552324744494026,Prediction
3,over_5_incidence,0.9220238952065639,Prediction
4,over_5_incidence,0.9101698574924427,Prediction
5,over_5_incidence,1.0947171440909744,Prediction
6,over_5_incidence,1.165906146538074,Prediction
7,over_5_incidence,1.0588743342449978,Prediction
8,over_5_incidence,0.9983949906434432,Prediction
9,over_5_incidence,0.9093277673816035,Prediction
10,over_5_incidence,0.9703570143250619,Prediction
11,over_5_incidence,1.0352239907260552,Prediction
12,over_5_incidence,0.9562290780129018,Prediction
1,over_5_incidence,1.0387831021779665,Prediction
2,over_5_incidence,0.9563375875083869,Prediction
3,over_5_incidence,0.9235026141745954,Prediction
4,over_5_incidence,0.9033415499134637,Prediction
5,over_5_incidence,1.0871349333661273,Prediction
6,over_5_incidence,1.1597928915429507,Prediction
7,over_5_incidence,1.0509578675713949,Prediction
8,over_5_incidence,1.002714545878719,Prediction
9,over_5_incidence,0.9156248248023772,Prediction
10,over_5_incidence,0.9624380000397232,Prediction
11,over_5_incidence,1.0221096327218953,Prediction
12,over_5_incidence,0.9475959272774547,Prediction
1,over_5_incidence,1.0462036252936364,Prediction
2,over_5_incidence,0.9559161549281279,Prediction
3,over_5_incidence,0.9253003172447912,Prediction
4,over_5_incidence,0.9156367195046864,Prediction
5,over_5_incidence,1.1000684324279428,Prediction
6,over_5_incidence,1.1492097769897314,Prediction
7,over_5_incidence,1.059897333302036,Prediction
8,over_5_incidence,0.9982756472642376,Prediction
9,over_5_incidence,0.9173484330057363,Prediction
10,over_5_incidence,0.9851368818952377,Prediction
11,over_5_incidence,1.0296284763584094,Prediction
12,over_5_incidence,0.9543533909995764,Prediction
1,over_5_incidence,1.0428369184646635,Prediction
2,over_5_incidence,0.949508847266526,Prediction
3,over_5_incidence,0.9152060017307115,Prediction
4,over_5_incidence,0.9057776072009183,Prediction
5,over_5_incidence,1.1022966323541659,Prediction
6,over_5_incidence,1.1611697871369762,Prediction
7,over_5_incidence,1.0537208485555076,Prediction
8,over_5_incidence,0.9877872600810321,Prediction
9,over_5_incidence,0.9125773479562761,Prediction
10,over_5_incidence,0.9683442173776493,Prediction
11,over_5_incidence,1.0355545447653702,Prediction
12,over_5_incidence,0.9476374584402786,Prediction
1,over_5_incidence,1.040189739757627,Prediction
2,over_5_incidence,0.9536588799722755,Prediction
3,over_5_incidence,0.9180068661533296,Prediction
4,over_5_incidence,0.9101443624982402,Prediction
5,over_5_incidence,1.0970466876766627,Prediction
6,over_5_incidence,1.1655132828660233,Prediction
7,over_5_incidence,1.0547017988455332,Prediction
8,over_5_incidence,0.9955489132200527,Prediction
9,over_5_incidence,0.9136532484269577,Prediction
10,over_5_incidence,0.9651591531038457,Prediction
11,over_5_incidence,1.0337318162177733,Prediction
12,over_5_incidence,0.955588362379375,Prediction
1,over_5_incidence,1.0478827596139997,Prediction
2,over_5_incidence,0.9567117960535791,Prediction
3,over_5_incidence,0.922663113927697,Prediction
4,over_5_incidence,0.9128762782658794,Prediction
5,over_5_incidence,1.0960823851361083,Prediction
6,over_5_incidence,1.1549330260694226,Prediction
7,over_5_incidence,1.0499135820250614,Prediction
8,over_5_incidence,0.9899611119112776,Prediction
9,over_5_incidence,0.9144966152959816,Prediction
10,over_5_incidence,0.9720423571044762,Prediction
11,over_5_incidence,1.0350678180446475,Prediction
12,over_5_incidence,0.953002285025754,Prediction
1,over_5_incidence,1.045315154442774,Prediction
2,over_5_incidence,0.9482694050791618,Prediction
3,over_5_incidence,0.917614237718665,Prediction
4,over_5_incidence,0.9149221408683098,Prediction
5,over_5_incidence,1.0988748554897607,Prediction
6,over_5_incidence,1.1493950923508627,Prediction
7,over_5_incidence,1.0469434388280694,Prediction
8,over_5_incidence,1.000265953116265,Prediction
9,over_5_incidence,0.9182872619312539,Prediction
10,over_5_incidence,0.982786748551665,Prediction
11,over_5_incidence,1.0375805738233865,Prediction
12,over_5_incidence,0.9477874373717525,Prediction
1,over_5_incidence,1.0437146979705185,Prediction
2,over_5_incidence,0.9527469420013486,Prediction
3,over_5_incidence,0.921467259293633,Prediction
4,over_5_incidence,0.9044135240760747,Prediction
5,over_5_incidence,1.092961708853876,Prediction
6,over_5_incidence,1.158066083223968,Prediction
7,over_5_incidence,1.0556131586388915,Prediction
8,over_5_incidence,0.9919009259192122,Prediction
9,over_5_incidence,0.910960940275673,Prediction
10,over_5_incidence,0.9721054725257715,Prediction
11,over_5_incidence,1.0254141339232519,Prediction
12,over_5_incidence,0.9564455132416656,Prediction
1,over_5_incidence,1.0428020887145695,Prediction
2,over_5_incidence,0.9613703004372189,Prediction
3,over_5_incidence,0.9221664023673539,Prediction
4,over_5_incidence,0.9097248347154298,Prediction
5,over_5_incidence,1.0893715676339242,Prediction
6,over_5_incidence,1.1546249979750054,Prediction
7,over_5_incidence,1.0612916406417343,Prediction
8,over_5_incidence,0.9931222178822335,Prediction
9,over_5_incidence,0.9115608299418422,Prediction
10,over_5_incidence,0.9646106198662417,Prediction
11,over_5_incidence,1.0249364872750122,Prediction
12,over_5_incidence,0.9512096593204362,Prediction
1,over_5_incidence,1.0510489698819516,Prediction
2,over_5_incidence,0.9636195520445262,Prediction
3,over_5_incidence,0.9251833565240809,Prediction
4,over_5_incidence,0.9080766641231652,Prediction
5,over_5_incidence,1.0960994658647156,Prediction
6,over_5_incidence,1.1603465146550562,Prediction
7,over_5_incidence,1.0514367790295793,Prediction
8,over_5_incidence,0.99287759773778,Prediction
9,over_5_incidence,0.9105543336774541,Prediction
10,over_5_incidence,0.9710906274709444,Prediction
11,over_5_incidence,1.0220855041538945,Prediction
12,over_5_incidence,0.9502724131581513,Prediction
1,over_5_incidence,1.0383544728832468,Prediction
2,over_5_incidence,0.9580277937242074,Prediction
3,over_5_incidence,0.9260314331206742,Prediction
4,over_5_incidence,0.9136401546743499,Prediction
5,over_5_incidence,1.091818940025779,Prediction
6,over_5_incidence,1.1618556589365596,Prediction
7,over_5_incidence,1.0537135924959111,Prediction
8,over_5_incidence,0.9974979149291076,Prediction
9,over_5_incidence,0.9156114944271742,Prediction
10,over_5_incidence,0.9732891105653594,Prediction
11,over_5_incidence,1.0317745651568473,Prediction
12,over_5_incidence,0.9477898863928182,Prediction
1,over_5_incidence,1.0425818959125286,Prediction
2,over_5_incidence,0.9558194293237461,Prediction
3,over_5_incidence,0.9199469037431414,Prediction
4,over_5_incidence,0.9066873071734199,Prediction
5,over_5_incidence,1.0970742805059335,Prediction
6,over_5_incidence,1.1533244839571901,Prediction
7,over_5_incidence,1.0574691025358165,Prediction
8,over_5_incidence,0.9980287833795695,Prediction
9,over_5_incidence,0.916214251353629,Prediction
10,over_5_incidence,0.9762260233786163,Prediction
11,over_5_incidence,1.0308182515683533,Prediction
12,over_5_incidence,0.9512479126235501,Prediction
1,over_5_incidence,1.0324646838470912,Prediction
2,over_5_incidence,0.9451604459087422,Prediction
3,over_5_incidence,0.9163695446134404,Prediction
4,over_5_incidence,0.9126650719862798,Prediction
5,over_5_incidence,1.1019614568759308,Prediction
6,over_5_incidence,1.1573119104571918,Prediction
7,over_5_incidence,1.0643751410389495,Prediction
8,over_5_incidence,1.0001859457507787,Prediction
9,over_5_incidence,0.9112136119510764,Prediction
10,over_5_incidence,0.9639461151275331,Prediction
11,over_5_incidence,1.0357685312778242,Prediction
12,over_5_incidence,0.9507259359326998,Prediction
1,over_5_incidence,1.052282919058911,Prediction
2,over_5_incidence,0.9458929851778674,Prediction
3,over_5_incidence,0.9263227854845322,Prediction
4,over_5_incidence,0.9050838090731607,Prediction
5,over_5_incidence,1.0992470638379335,Prediction
6,over_5_incidence,1.1536665227858456,Prediction
7,over_5_incidence,1.0521962293592728,Prediction
8,over_5_incidence,0.998405270733738,Prediction
9,over_5_incidence,0.9164618321506811,Prediction
10,over_5_incidence,0.9711453079250483,Prediction
11,over_5_incidence,1.0390510414274166,Prediction
12,over_5_incidence,0.9560840809993073,Prediction
1,over_5_incidence,1.0341897808634886,Prediction
2,over_5_incidence,0.9490960189386609,Prediction
3,over_5_incidence,0.9180186746192645,Prediction
4,over_5_incidence,0.9087518966692769,Prediction
5,over_5_incidence,1.0914181027700867,Prediction
6,over_5_incidence,1.1596276650577002,Prediction
7,over_5_incidence,1.0569769397569007,Prediction
8,over_5_incidence,0.9993362787846125,Prediction
9,over_5_incidence,0.9163042121882363,Prediction
10,over_5_incidence,0.9705344486165366,Prediction
11,over_5_incidence,1.0338805146462078,Prediction
12,over_5_incidence,0.9521387683551016,Prediction
1,over_5_incidence,1.0357633666259076,Prediction
2,over_5_incidence,0.9576141884799758,Prediction
3,over_5_incidence,0.9268392975014338,Prediction
4,over_5_incidence,0.9239392726131604,Prediction
5,over_5_incidence,1.103069914405982,Prediction
6,over_5_incidence,1.1541882635559932,Prediction
7,over_5_incidence,1.044268663499724,Prediction
8,over_5_incidence,0.9918085117894668,Prediction
9,over_5_incidence,0.9059547899105104,Prediction
10,over_5_incidence,0.9813561147205572,Prediction
11,over_5_incidence,1.0347033274704764,Prediction
12,over_5_incidence,0.949093650166912,Prediction
1,over_5_incidence,1.0416597867834452,Prediction
2,over_5_incidence,0.9571269607667182,Prediction
3,over_5_incidence,0.9108438924584515,Prediction
4,over_5_incidence,0.9045120068918483,Prediction
5,over_5_incidence,1.1028249398758032,Prediction
6,over_5_incidence,1.151972432607057,Prediction
7,over_5_incidence,1.0563911123873793,Prediction
8,over_5_incidence,1.0047668616963998,Prediction
9,over_5_incidence,0.9047489141749525,Prediction
10,over_5_incidence,0.9661253650864974,Prediction
11,over_5_incidence,1.0201968097056842,Prediction
12,over_5_incidence,0.9466924286677151,Prediction
1,over_5_incidence,1.0382062457874635,Prediction
2,over_5_incidence,0.9533354302403954,Prediction
3,over_5_incidence,0.9217811727701639,Prediction
4,over_5_incidence,0.9116009885419006,Prediction
5,over_5_incidence,1.1117753313862053,Prediction
6,over_5_incidence,1.163064479892159,Prediction
7,over_5_incidence,1.058350932374747,Prediction
8,over_5_incidence,0.9950483037519658,Prediction
9,over_5_incidence,0.9138225117951022,Prediction
10,over_5_incidence,0.9706388831728634,Prediction
11,over_5_incidence,1.0286246520745563,Prediction
12,over_5_incidence,0.9486749049635558,Prediction
1,over_5_incidence,1.0287979378986927,Prediction
2,over_5_incidence,0.9538301582316182,Prediction
3,over_5_incidence,0.9202776905331789,Prediction
4,over_5_incidence,0.9131513110155632,Prediction
5,over_5_incidence,1.1002566796270024,Prediction
6,over_5_incidence,1.1674699186639663,Prediction
7,over_5_incidence,1.060400940075596,Prediction
8,over_5_incidence,0.9908266816847714,Prediction
9,over_5_incidence,0.9170502420586356,Prediction
10,over_5_incidence,0.9737547386528475,Prediction
11,over_5_incidence,1.0413550255334523,Prediction
12,over_5_incidence,0.955096714354276,Prediction
1,over_5_incidence,1.03850778945552,Prediction
2,over_5_incidence,0.9468569857045022,Prediction
3,over_5_incidence,0.9207141817162147,Prediction
4,over_5_incidence,0.9042994343275292,Prediction
5,over_5_incidence,1.0975447981320405,Prediction
6,over_5_incidence,1.156279827224538,Prediction
7,over_5_incidence,1.0548793969036308,Prediction
8,over_5_incidence,0.9986464843644678,Prediction
9,over_5_incidence,0.912064623630981,Prediction
10,over_5_incidence,0.9694569607755138,Prediction
11,over_5_incidence,1.0349878825958172,Prediction
12,over_5_incidence,0.9477641145319091,Prediction
1,over_5_incidence,1.0432815725697873,Prediction
2,over_5_incidence,0.9580612153307602,Prediction
3,over_5_incidence,0.9268683242078808,Prediction
4,over_5_incidence,0.9049815994973521,Prediction
5,over_5_incidence,1.0907602549142805,Prediction
6,over_5_incidence,1.163701642581456,Prediction
7,over_5_incidence,1.0520922717888879,Prediction
8,over_5_incidence,0.9953074230320438,Prediction
9,over_5_incidence,0.912736738174311,Prediction
10,over_5_incidence,0.9682723420750846,Prediction
11,over_5_incidence,1.028034263501618,Prediction
12,over_5_incidence,0.9464996204310396,Prediction
1,over_5_incidence,1.0383929965488836,Prediction
2,over_5_incidence,0.9549847364822303,Prediction
3,over_5_incidence,0.9200536242105773,Prediction
4,over_5_incidence,0.9094149254052774,Prediction
5,over_5_incidence,1.09703505494328,Prediction
6,over_5_incidence,1.1631931171495178,Prediction
7,over_5_incidence,1.059067390988333,Prediction
8,over_5_incidence,0.9955366997421085,Prediction
9,over_5_incidence,0.91951522852205,Prediction
10,over_5_incidence,0.9769177250098234,Prediction
11,over_5_incidence,1.0273793344604703,Prediction
12,over_5_incidence,0.9529955046701682,Prediction
1,over_5_incidence,1.043039088100534,Prediction
2,over_5_incidence,0.9605658275624642,Prediction
3,over_5_incidence,0.9198807493898681,Prediction
4,over_5_incidence,0.910623325967289,Prediction
5,over_5_incidence,1.1085548253598607,Prediction
6,over_5_incidence,1.152895288014737,Prediction
7,over_5_incidence,1.0468458790406598,Prediction
8,over_5_incidence,0.994545762601884,Prediction
9,over_5_incidence,0.9057566898222417,Prediction
10,over_5_incidence,0.9748745343891672,Prediction
11,over_5_incidence,1.0274865370413295,Prediction
12,over_5_incidence,0.9577325089348765,Prediction
1,over_5_incidence,1.0422351476208702,Prediction
2,over_5_incidence,0.9480941625473697,Prediction
3,over_5_incidence,0.923254397360775,Prediction
4,over_5_incidence,0.91018764588241,Prediction
5,over_5_incidence,1.0969171307052488,Prediction
6,over_5_incidence,1.1589302944870599,Prediction
7,over_5_incidence,1.0581696844897013,Prediction
8,over_5_incidence,0.9929437385787212,Prediction
9,over_5_incidence,0.9091742179624708,Prediction
10,over_5_incidence,0.980184593219576,Prediction
11,over_5_incidence,1.036416190176039,Prediction
12,over_5_incidence,0.952176849308901,Prediction
1,over_5_incidence,1.0354436990680294,Prediction
2,over_5_incidence,0.9567367520597903,Prediction
3,over_5_incidence,0.9189176534149746,Prediction
4,over_5_incidence,0.9116779973886814,Prediction
5,over_5_incidence,1.1004925487371122,Prediction
6,over_5_incidence,1.1563135383368601,Prediction
7,over_5_incidence,1.0597991985952906,Prediction
8,over_5_incidence,0.9847228850569538,Prediction
9,over_5_incidence,0.9071180946377921,Prediction
10,over_5_incidence,0.9734715921365306,Prediction
11,over_5_incidence,1.0225318643335493,Prediction
12,over_5_incidence,0.9514149924389717,Prediction
1,over_5_incidence,1.045603802117088,Prediction
2,over_5_incidence,0.9542881831929142,Prediction
3,over_5_incidence,0.9225750702095485,Prediction
4,over_5_incidence,0.9090948368978181,Prediction
5,over_5_incidence,1.0968243681140635,Prediction
6,over_5_incidence,1.1633830200907322,Prediction
7,over_5_incidence,1.0567509181248649,Prediction
8,over_5_incidence,0.9954417800820912,Prediction
9,over_5_incidence,0.9086195722618277,Prediction
10,over_5_incidence,0.9733645686316268,Prediction
11,over_5_incidence,1.0324902449853268,Prediction
12,over_5_incidence,0.9516634962116973,Prediction
1,over_5_incidence,1.045831423239495,Prediction
2,over_5_incidence,0.9536560098470601,Prediction
3,over_5_incidence,0.9281215144547479,Prediction
4,over_5_incidence,0.9154950421784815,Prediction
5,over_5_incidence,1.0952760822561607,Prediction
6,over_5_incidence,1.1545966784220159,Prediction
7,over_5_incidence,1.0467193912726458,Prediction
8,over_5_incidence,0.9953255341344296,Prediction
9,over_5_incidence,0.9074600143663121,Prediction
10,over_5_incidence,0.9765683451810693,Prediction
11,over_5_incidence,1.038290752996789,Prediction
12,over_5_incidence,0.9550855723240732,Prediction
1,over_5_incidence,1.0463170457761903,Prediction
2,over_5_incidence,0.9565350645510811,Prediction
3,over_5_incidence,0.918610290313101,Prediction
4,over_5_incidence,0.9061922524279896,Prediction
5,over_5_incidence,1.0900397889222015,Prediction
6,over_5_incidence,1.1601779053395038,Prediction
7,over_5_incidence,1.0503410092720629,Prediction
8,over_5_incidence,0.9924478570411248,Prediction
9,over_5_incidence,0.9093941158548128,Prediction
10,over_5_incidence,0.9774968989651145,Prediction
11,over_5_incidence,1.0359937345514136,Prediction
12,over_5_incidence,0.9484440500873722,Prediction
1,over_5_incidence,1.0432297844214873,Prediction
2,over_5_incidence,0.9574402201961121,Prediction
3,over_5_incidence,0.9195867701250373,Prediction
4,over_5_incidence,0.9037022282180593,Prediction
5,over_5_incidence,1.0994884424203464,Prediction
6,over_5_incidence,1.1644173223355998,Prediction
7,over_5_incidence,1.0491403116426883,Prediction
8,over_5_incidence,0.9918168895488333,Prediction
9,over_5_incidence,0.9092433474879353,Prediction
10,over_5_incidence,0.9733412161612436,Prediction
11,over_5_incidence,1.0328746467643342,Prediction
12,over_5_incidence,0.953532899054603,Prediction
1,over_5_incidence,1.0406851551524947,Prediction
2,over_5_incidence,0.953641378337772,Prediction
3,over_5_incidence,0.9227247826346363,Prediction
4,over_5_incidence,0.9100544023605092,Prediction
5,over_5_incidence,1.0947946215971405,Prediction
6,over_5_incidence,1.1538724392109216,Prediction
7,over_5_incidence,1.0575428357569414,Prediction
8,over_5_incidence,0.9891574956472687,Prediction
9,over_5_incidence,0.9177781273221347,Prediction
10,over_5_incidence,0.9748570686070686,Prediction
11,over_5_incidence,1.0238868676368675,Prediction
12,over_5_incidence,0.954088704088704,Prediction
1,over_5_incidence,1.0423380110880112,Prediction
2,over_5_incidence,0.9599358974358975,Prediction
3,over_5_incidence,0.9198284823284824,Prediction
4,over_5_incidence,0.9082856895356896,Prediction
5,over_5_incidence,1.0888989951489951,Prediction
6,over_5_incidence,1.1629634442134442,Prediction
7,over_5_incidence,1.0549852737352738,Prediction
8,over_5_incidence,1.0022739085239085,Prediction
9,over_5_incidence,0.9076576576576577,Prediction
10,over_5_incidence,0.9747839937867875,Prediction
11,over_5_incidence,1.0310480840797218,Prediction
12,over_5_incidence,0.9480110888582862,Prediction
1,over_5_incidence,1.0470341618815102,Prediction
2,over_5_incidence,0.9521532304749439,Prediction
3,over_5_incidence,0.9182610196428121,Prediction
4,over_5_incidence,0.9087686117713049,Prediction
5,over_5_incidence,1.1013350496373828,Prediction
6,over_5_incidence,1.1553123325794539,Prediction
7,over_5_incidence,1.0560088020509353,Prediction
8,over_5_incidence,0.9968754157422954,Prediction
9,over_5_incidence,0.9104082094945651,Prediction
10,over_5_incidence,0.9746201676128683,Prediction
11,over_5_incidence,1.0372749391727494,Prediction
12,over_5_incidence,0.9492295214922952,Prediction
1,over_5_incidence,1.0320843471208434,Prediction
2,over_5_incidence,0.9556312516896458,Prediction
3,over_5_incidence,0.9193836171938362,Prediction
4,over_5_incidence,0.9130035144633685,Prediction
5,over_5_incidence,1.0984590429845904,Prediction
6,over_5_incidence,1.1547985942146526,Prediction
7,over_5_incidence,1.0635306839686403,Prediction
8,over_5_incidence,0.9961394971613949,Prediction
9,over_5_incidence,0.9058448229251149,Prediction
10,over_5_incidence,0.9649576995147436,Prediction
11,over_5_incidence,1.0315317824053696,Prediction
12,over_5_incidence,0.9478829994987541,Prediction
1,over_5_incidence,1.035800457409367,Prediction
2,over_5_incidence,0.9476242919227543,Prediction
3,over_5_incidence,0.9096805141094442,Prediction
4,over_5_incidence,0.9096158372154441,Prediction
5,over_5_incidence,1.0956265843593305,Prediction
6,over_5_incidence,1.16752573152262,Prediction
7,over_5_incidence,1.0645601162746827,Prediction
8,over_5_incidence,1.0039794255613865,Prediction
9,over_5_incidence,0.9212145602061037,Prediction
10,over_5_incidence,0.9723539630796872,Prediction
11,over_5_incidence,1.0395703634484215,Prediction
12,over_5_incidence,0.950338156582102,Prediction
1,over_5_incidence,1.0370808671384684,Prediction
2,over_5_incidence,0.9480867860061443,Prediction
3,over_5_incidence,0.9162428810327441,Prediction
4,over_5_incidence,0.9070425685829173,Prediction
5,over_5_incidence,1.098105998423319,Prediction
6,over_5_incidence,1.1599970414681533,Prediction
7,over_5_incidence,1.0585121831980646,Prediction
8,over_5_incidence,0.9953222725132547,Prediction
9,over_5_incidence,0.9173469185267232,Prediction
