scenario,run,k13_frequency,year
005/000-status-quo,0,0.7565406410194142,2031
005/000-status-quo,1,0.8283924999299569,2031
005/000-status-quo,2,0.7585380469384647,2031
005/000-status-quo,3,0.6849736267001787,2031
005/000-status-quo,4,0.7545674486461147,2031
005/000-status-quo,5,0.6379348431031785,2031
005/000-status-quo,6,0.793708735444703,2031
005/000-status-quo,7,0.6521835349388782,2031
005/000-status-quo,8,0.7307444933221735,2031
005/000-status-quo,9,0.7028454732766622,2031
005/000-status-quo,10,0.7256961050382641,2031
005/000-status-quo,11,0.7849811687630032,2031
005/000-status-quo,12,0.8524881478526392,2031
005/000-status-quo,13,0.8103959640019047,2031
005/000-status-quo,14,0.6747016097862212,2031
005/000-status-quo,15,0.7818592781056388,2031
005/000-status-quo,16,0.6936066499743238,2031
005/000-status-quo,17,0.8703174110798034,2031
005/000-status-quo,18,0.7341328520480778,2031
005/000-status-quo,19,0.7830483698143511,2031
005/000-status-quo,20,0.734547702250456,2031
005/000-status-quo,21,0.7363529325320513,2031
005/000-status-quo,22,0.7007308608463433,2031
005/000-status-quo,23,0.8049849876132312,2031
005/000-status-quo,24,0.8414294804414525,2031
005/000-status-quo,25,0.7035945488555893,2031
005/000-status-quo,26,0.7447338756047608,2031
005/000-status-quo,27,0.8425679163151418,2031
005/000-status-quo,28,0.8668529692297021,2031
005/000-status-quo,29,0.8051627247512719,2031
005/000-status-quo,30,0.6999459963428195,2031
005/000-status-quo,31,0.7362703133346554,2031
005/000-status-quo,32,0.6913434032432814,2031
005/000-status-quo,33,0.8042515056198175,2031
005/000-status-quo,34,0.7748727411289841,2031
005/000-status-quo,35,0.672999746015431,2031
005/000-status-quo,36,0.7590928284074104,2031
005/000-status-quo,37,0.7605769922696491,2031
005/000-status-quo,38,0.747745218051497,2031
005/000-status-quo,39,0.6736147876299098,2031
005/000-status-quo,40,0.8031325801573708,2031
005/000-status-quo,41,0.8050215435731891,2031
005/000-status-quo,42,0.7848358691933336,2031
005/000-status-quo,43,0.7943557258207942,2031
005/000-status-quo,44,0.7753929933458367,2031
005/000-status-quo,45,0.7991980683916172,2031
005/000-status-quo,46,0.7820673043666657,2031
005/000-status-quo,47,0.7904439409199346,2031
005/000-status-quo,48,0.8640331674545053,2031
005/000-status-quo,49,0.7942553154354837,2031
005/000-status-quo,50,0.7489275878635429,2031
005/000-status-quo,51,0.771614988919942,2031
005/000-status-quo,52,0.7731535490561577,2031
005/000-status-quo,53,0.6917407439403599,2031
005/000-status-quo,54,0.6512861269791547,2031
005/000-status-quo,55,0.6826844159605162,2031
005/000-status-quo,56,0.7623968706633656,2031
005/000-status-quo,57,0.7857861940895227,2031
005/000-status-quo,58,0.7215764123666921,2031
005/000-status-quo,59,0.7859482333961858,2031
005/000-status-quo,60,0.7278417531937666,2031
005/000-status-quo,61,0.7262854353863714,2031
005/000-status-quo,62,0.6416886380665806,2031
005/000-status-quo,63,0.7984713425457654,2031
005/000-status-quo,64,0.7701036090179388,2031
005/000-status-quo,65,0.8988241964083858,2031
005/000-status-quo,66,0.7117634846430234,2031
005/000-status-quo,67,0.7736344740380683,2031
005/000-status-quo,68,0.6134148612797642,2031
005/000-status-quo,69,0.7047134877893036,2031
005/000-status-quo,70,0.762709696090616,2031
005/000-status-quo,71,0.7766784249537455,2031
005/000-status-quo,72,0.7336844384602411,2031
005/000-status-quo,73,0.8365259951261916,2031
005/000-status-quo,74,0.8658090120625817,2031
005/000-status-quo,75,0.8205860156085465,2031
005/000-status-quo,76,0.7565657222139409,2031
005/000-status-quo,77,0.7701651482694349,2031
005/000-status-quo,78,0.710349275497606,2031
005/000-status-quo,79,0.8562003944643056,2031
005/000-status-quo,80,0.831773806476467,2031
005/000-status-quo,81,0.7477649049529559,2031
005/000-status-quo,82,0.6744184301402955,2031
005/000-status-quo,83,0.6639710899113994,2031
005/000-status-quo,84,0.740941906112067,2031
005/000-status-quo,85,0.7126078872603291,2031
005/000-status-quo,86,0.8070446195756968,2031
005/000-status-quo,87,0.7376218465240703,2031
005/000-status-quo,88,0.7116885164837616,2031
005/000-status-quo,89,0.8052541004667636,2031
005/000-status-quo,90,0.7719724129571586,2031
005/000-status-quo,91,0.7144727317712453,2031
005/000-status-quo,92,0.7142137073374863,2031
005/000-status-quo,93,0.8266063103253453,2031
005/000-status-quo,94,0.8392737865276657,2031
005/000-status-quo,95,0.644663899319538,2031
005/000-status-quo,96,0.7339968845063575,2031
005/000-status-quo,97,0.7002144335440303,2031
005/000-status-quo,98,0.7638224964391599,2031
005/000-status-quo,99,0.7225252669967768,2031
005/001-basic-ASAQ,0,0.4156192230648283,2031
005/001-basic-ASAQ,1,0.3710084260815356,2031
005/001-basic-ASAQ,2,0.4408351901753269,2031
005/001-basic-ASAQ,3,0.4240368980338322,2031
005/001-basic-ASAQ,4,0.3463344036926274,2031
005/001-basic-ASAQ,5,0.32140855233533655,2031
005/001-basic-ASAQ,6,0.30157100005884957,2031
005/001-basic-ASAQ,7,0.37705531248679175,2031
005/001-basic-ASAQ,8,0.3938954345216619,2031
005/001-basic-ASAQ,9,0.4848713121118884,2031
005/001-basic-ASAQ,10,0.31945078024267615,2031
005/001-basic-ASAQ,11,0.3391518317826229,2031
005/001-basic-ASAQ,12,0.4277362237253592,2031
005/001-basic-ASAQ,13,0.45991680317520234,2031
005/001-basic-ASAQ,14,0.3335930491077675,2031
005/001-basic-ASAQ,15,0.3776804399850229,2031
005/001-basic-ASAQ,16,0.4389951830459759,2031
005/001-basic-ASAQ,17,0.4732157074481555,2031
005/001-basic-ASAQ,18,0.32711354680840027,2031
005/001-basic-ASAQ,19,0.36953094574213713,2031
005/001-basic-ASAQ,20,0.4500745078121988,2031
005/001-basic-ASAQ,21,0.4293309144179002,2031
005/001-basic-ASAQ,22,0.364245072184058,2031
005/001-basic-ASAQ,23,0.3737252221191758,2031
005/001-basic-ASAQ,24,0.4749928016890393,2031
005/001-basic-ASAQ,25,0.4420074843710509,2031
005/001-basic-ASAQ,26,0.4963293603427994,2031
005/001-basic-ASAQ,27,0.41988333043655485,2031
005/001-basic-ASAQ,28,0.30869719321809674,2031
005/001-basic-ASAQ,29,0.40937391031415676,2031
005/001-basic-ASAQ,30,0.351264920886206,2031
005/001-basic-ASAQ,31,0.3202106280650735,2031
005/001-basic-ASAQ,32,0.3285482886300164,2031
005/001-basic-ASAQ,33,0.36245818288311943,2031
005/001-basic-ASAQ,34,0.35238138629193605,2031
005/001-basic-ASAQ,35,0.38579002065223356,2031
005/001-basic-ASAQ,36,0.3704970842395741,2031
005/001-basic-ASAQ,37,0.358254112982282,2031
005/001-basic-ASAQ,38,0.4367128048482762,2031
005/001-basic-ASAQ,39,0.43195724792822204,2031
005/001-basic-ASAQ,40,0.43328839171871253,2031
005/001-basic-ASAQ,41,0.3943388089817755,2031
005/001-basic-ASAQ,42,0.4080301938326623,2031
005/001-basic-ASAQ,43,0.4020094041501123,2031
005/001-basic-ASAQ,44,0.3874251030642785,2031
005/001-basic-ASAQ,45,0.5189249094128278,2031
005/001-basic-ASAQ,46,0.413637641884297,2031
005/001-basic-ASAQ,47,0.4149433518560562,2031
005/001-basic-ASAQ,48,0.3995165955577395,2031
005/001-basic-ASAQ,49,0.2868740467114262,2031
005/001-basic-ASAQ,50,0.337089940439047,2031
005/001-basic-ASAQ,51,0.3587815480343492,2031
005/001-basic-ASAQ,52,0.43310311253771827,2031
005/001-basic-ASAQ,53,0.399084491148741,2031
005/001-basic-ASAQ,54,0.4239441298386204,2031
005/001-basic-ASAQ,55,0.37629245443485404,2031
005/001-basic-ASAQ,56,0.38300262714104755,2031
005/001-basic-ASAQ,57,0.3224683535769264,2031
005/001-basic-ASAQ,58,0.25904585921978085,2031
005/001-basic-ASAQ,59,0.33152197802433175,2031
005/001-basic-ASAQ,60,0.3985518492123339,2031
005/001-basic-ASAQ,61,0.41223097106538126,2031
005/001-basic-ASAQ,62,0.39836622548975553,2031
005/001-basic-ASAQ,63,0.34394587547186134,2031
005/001-basic-ASAQ,64,0.439296157326575,2031
005/001-basic-ASAQ,65,0.3712394807853458,2031
005/001-basic-ASAQ,66,0.4887815935532707,2031
005/001-basic-ASAQ,67,0.3703936810112607,2031
005/001-basic-ASAQ,68,0.38639421766579346,2031
005/001-basic-ASAQ,69,0.31706220583065947,2031
005/001-basic-ASAQ,70,0.31073275792674154,2031
005/001-basic-ASAQ,71,0.3724991940939904,2031
005/001-basic-ASAQ,72,0.4499507916697594,2031
005/001-basic-ASAQ,73,0.3182000163765216,2031
005/001-basic-ASAQ,74,0.32848992915224834,2031
005/001-basic-ASAQ,75,0.34748759978373506,2031
005/001-basic-ASAQ,76,0.4433191743696399,2031
005/001-basic-ASAQ,77,0.38591589441777757,2031
005/001-basic-ASAQ,78,0.42021210920232427,2031
005/001-basic-ASAQ,79,0.3188935789489598,2031
005/001-basic-ASAQ,80,0.40671110753878303,2031
005/001-basic-ASAQ,81,0.41876491565913193,2031
005/001-basic-ASAQ,82,0.41852089968568,2031
005/001-basic-ASAQ,83,0.457171086481632,2031
005/001-basic-ASAQ,84,0.3934453549501627,2031
005/001-basic-ASAQ,85,0.33773659672720263,2031
005/001-basic-ASAQ,86,0.3609205585777915,2031
005/001-basic-ASAQ,87,0.4152227802613649,2031
005/001-basic-ASAQ,88,0.40691280116021167,2031
005/001-basic-ASAQ,89,0.3252863710761645,2031
005/001-basic-ASAQ,90,0.3397824672473871,2031
005/001-basic-ASAQ,91,0.38478321588624004,2031
005/001-basic-ASAQ,92,0.3876709510722523,2031
005/001-basic-ASAQ,93,0.4370885774392681,2031
005/001-basic-ASAQ,94,0.40370356363615945,2031
005/001-basic-ASAQ,95,0.3767513817927443,2031
005/001-basic-ASAQ,96,0.360297947962359,2031
005/001-basic-ASAQ,97,0.47892857417659357,2031
005/001-basic-ASAQ,98,0.4932750070971905,2031
005/001-basic-ASAQ,99,0.4366669041926361,2031
005/002-basic-DHAPPQ,0,0.778442852202982,2031
005/002-basic-DHAPPQ,1,0.7564065773669052,2031
005/002-basic-DHAPPQ,2,0.7207909774352288,2031
005/002-basic-DHAPPQ,3,0.795560535183006,2031
005/002-basic-DHAPPQ,4,0.8228202036613608,2031
005/002-basic-DHAPPQ,5,0.7566642427963483,2031
005/002-basic-DHAPPQ,6,0.819679660902605,2031
005/002-basic-DHAPPQ,7,0.7913759312451855,2031
005/002-basic-DHAPPQ,8,0.8357308703440829,2031
005/002-basic-DHAPPQ,9,0.7687931473463637,2031
005/002-basic-DHAPPQ,10,0.7791806109904192,2031
005/002-basic-DHAPPQ,11,0.8100652653098032,2031
005/002-basic-DHAPPQ,12,0.8204672073718632,2031
005/002-basic-DHAPPQ,13,0.7868888180055736,2031
005/002-basic-DHAPPQ,14,0.7933713983311733,2031
005/002-basic-DHAPPQ,15,0.8010115018563394,2031
005/002-basic-DHAPPQ,16,0.7777202079673803,2031
005/002-basic-DHAPPQ,17,0.8023606574670952,2031
005/002-basic-DHAPPQ,18,0.7904673194858952,2031
005/002-basic-DHAPPQ,19,0.8075221380705168,2031
005/002-basic-DHAPPQ,20,0.7641121839728441,2031
005/002-basic-DHAPPQ,21,0.8333698933201749,2031
005/002-basic-DHAPPQ,22,0.79343364889217,2031
005/002-basic-DHAPPQ,23,0.78423002211807,2031
005/002-basic-DHAPPQ,24,0.8229704737908826,2031
005/002-basic-DHAPPQ,25,0.8373782861426097,2031
005/002-basic-DHAPPQ,26,0.8118488780520073,2031
005/002-basic-DHAPPQ,27,0.8153299901022105,2031
005/002-basic-DHAPPQ,28,0.8394930237851747,2031
005/002-basic-DHAPPQ,29,0.7985602651252681,2031
005/002-basic-DHAPPQ,30,0.7791630758008031,2031
005/002-basic-DHAPPQ,31,0.7992073555734279,2031
005/002-basic-DHAPPQ,32,0.8895178252012571,2031
005/002-basic-DHAPPQ,33,0.7408727536699115,2031
005/002-basic-DHAPPQ,34,0.8788777178180435,2031
005/002-basic-DHAPPQ,35,0.8403286709588965,2031
005/002-basic-DHAPPQ,36,0.7366928080213154,2031
005/002-basic-DHAPPQ,37,0.8661216189823803,2031
005/002-basic-DHAPPQ,38,0.7983745960720455,2031
005/002-basic-DHAPPQ,39,0.7617824348611251,2031
005/002-basic-DHAPPQ,40,0.791168120359489,2031
005/002-basic-DHAPPQ,41,0.7631055063559132,2031
005/002-basic-DHAPPQ,42,0.7501056878319575,2031
005/002-basic-DHAPPQ,43,0.8658230242209236,2031
005/002-basic-DHAPPQ,44,0.8348725568727078,2031
005/002-basic-DHAPPQ,45,0.7652496608553769,2031
005/002-basic-DHAPPQ,46,0.8427577547233293,2031
005/002-basic-DHAPPQ,47,0.7589031895428544,2031
005/002-basic-DHAPPQ,48,0.8245625526902421,2031
005/002-basic-DHAPPQ,49,0.7853196758655466,2031
005/002-basic-DHAPPQ,50,0.8058308526206873,2031
005/002-basic-DHAPPQ,51,0.8096543863382345,2031
005/002-basic-DHAPPQ,52,0.8299741763458908,2031
005/002-basic-DHAPPQ,53,0.8195860940958295,2031
005/002-basic-DHAPPQ,54,0.6782876680296189,2031
005/002-basic-DHAPPQ,55,0.7971473709382325,2031
005/002-basic-DHAPPQ,56,0.8475838141174786,2031
005/002-basic-DHAPPQ,57,0.8112274406172745,2031
005/002-basic-DHAPPQ,58,0.8344869022988289,2031
005/002-basic-DHAPPQ,59,0.8094167551913366,2031
005/002-basic-DHAPPQ,60,0.8046030342605696,2031
005/002-basic-DHAPPQ,61,0.8556004839588399,2031
005/002-basic-DHAPPQ,62,0.8546878382543622,2031
005/002-basic-DHAPPQ,63,0.7864362728904513,2031
005/002-basic-DHAPPQ,64,0.837709901473544,2031
005/002-basic-DHAPPQ,65,0.7576809243426,2031
005/002-basic-DHAPPQ,66,0.7610103152120273,2031
005/002-basic-DHAPPQ,67,0.7774392240311278,2031
005/002-basic-DHAPPQ,68,0.821911425279977,2031
005/002-basic-DHAPPQ,69,0.8289520112909882,2031
005/002-basic-DHAPPQ,70,0.8577545579044186,2031
005/002-basic-DHAPPQ,71,0.8100113051888483,2031
005/002-basic-DHAPPQ,72,0.7014583321968875,2031
005/002-basic-DHAPPQ,73,0.8199848764982504,2031
005/002-basic-DHAPPQ,74,0.8504327996687183,2031
005/002-basic-DHAPPQ,75,0.7803530482345908,2031
005/002-basic-DHAPPQ,76,0.7196057805413888,2031
005/002-basic-DHAPPQ,77,0.8220731199288297,2031
005/002-basic-DHAPPQ,78,0.8218841252681641,2031
005/002-basic-DHAPPQ,79,0.8303045016378475,2031
005/002-basic-DHAPPQ,80,0.780157731878866,2031
005/002-basic-DHAPPQ,81,0.8702304846021298,2031
005/002-basic-DHAPPQ,82,0.8250009256639309,2031
005/002-basic-DHAPPQ,83,0.8523938524587952,2031
005/002-basic-DHAPPQ,84,0.719656965932283,2031
005/002-basic-DHAPPQ,85,0.8417751303603088,2031
005/002-basic-DHAPPQ,86,0.8930875009160988,2031
005/002-basic-DHAPPQ,87,0.8115539672431832,2031
005/002-basic-DHAPPQ,88,0.8536938838595872,2031
005/002-basic-DHAPPQ,89,0.8161641494111153,2031
005/002-basic-DHAPPQ,90,0.7301244426734383,2031
005/002-basic-DHAPPQ,91,0.8555012063242858,2031
005/002-basic-DHAPPQ,92,0.8380783267440832,2031
005/002-basic-DHAPPQ,93,0.750258733222131,2031
005/002-basic-DHAPPQ,94,0.8303488391153535,2031
005/002-basic-DHAPPQ,95,0.8190721115364438,2031
005/002-basic-DHAPPQ,96,0.8470101282160646,2031
005/002-basic-DHAPPQ,97,0.812446766999991,2031
005/002-basic-DHAPPQ,98,0.7850453749556198,2031
005/002-basic-DHAPPQ,99,0.7812664885674222,2031
005/003-Cycling-1y-AL-ASAQ,0,0.6114743900670253,2031
005/003-Cycling-1y-AL-ASAQ,1,0.48403537018717585,2031
005/003-Cycling-1y-AL-ASAQ,2,0.5347964676777094,2031
005/003-Cycling-1y-AL-ASAQ,3,0.7196619124682514,2031
005/003-Cycling-1y-AL-ASAQ,4,0.4614959557653595,2031
005/003-Cycling-1y-AL-ASAQ,5,0.4424412073258255,2031
005/003-Cycling-1y-AL-ASAQ,6,0.5090889978061265,2031
005/003-Cycling-1y-AL-ASAQ,7,0.5855778319297688,2031
005/003-Cycling-1y-AL-ASAQ,8,0.5475594938704733,2031
005/003-Cycling-1y-AL-ASAQ,9,0.5915427852225581,2031
005/003-Cycling-1y-AL-ASAQ,10,0.5353085286891113,2031
005/003-Cycling-1y-AL-ASAQ,11,0.44544870103046974,2031
005/003-Cycling-1y-AL-ASAQ,12,0.6612595320132314,2031
005/003-Cycling-1y-AL-ASAQ,13,0.4815268480820131,2031
005/003-Cycling-1y-AL-ASAQ,14,0.49264949288925336,2031
005/003-Cycling-1y-AL-ASAQ,15,0.561027485479128,2031
005/003-Cycling-1y-AL-ASAQ,16,0.4143689037485296,2031
005/003-Cycling-1y-AL-ASAQ,17,0.5082056992922607,2031
005/003-Cycling-1y-AL-ASAQ,18,0.5659254223492337,2031
005/003-Cycling-1y-AL-ASAQ,19,0.5203753345094978,2031
005/003-Cycling-1y-AL-ASAQ,20,0.5113826786488599,2031
005/003-Cycling-1y-AL-ASAQ,21,0.6461189333171452,2031
005/003-Cycling-1y-AL-ASAQ,22,0.522027717935289,2031
005/003-Cycling-1y-AL-ASAQ,23,0.5641035194271397,2031
005/003-Cycling-1y-AL-ASAQ,24,0.5110376289439754,2031
005/003-Cycling-1y-AL-ASAQ,25,0.5340139421231089,2031
005/003-Cycling-1y-AL-ASAQ,26,0.4974502100914449,2031
005/003-Cycling-1y-AL-ASAQ,27,0.575960652114064,2031
005/003-Cycling-1y-AL-ASAQ,28,0.5865514619086222,2031
005/003-Cycling-1y-AL-ASAQ,29,0.5745470248942475,2031
005/003-Cycling-1y-AL-ASAQ,30,0.47939681388984184,2031
005/003-Cycling-1y-AL-ASAQ,31,0.5193115596338259,2031
005/003-Cycling-1y-AL-ASAQ,32,0.5836885539115949,2031
005/003-Cycling-1y-AL-ASAQ,33,0.6191194298374226,2031
005/003-Cycling-1y-AL-ASAQ,34,0.568187049148243,2031
005/003-Cycling-1y-AL-ASAQ,35,0.5412793595272637,2031
005/003-Cycling-1y-AL-ASAQ,36,0.6749665070442736,2031
005/003-Cycling-1y-AL-ASAQ,37,0.554138726172408,2031
005/003-Cycling-1y-AL-ASAQ,38,0.5746039489406848,2031
005/003-Cycling-1y-AL-ASAQ,39,0.5123116847902853,2031
005/003-Cycling-1y-AL-ASAQ,40,0.6438928699380285,2031
005/003-Cycling-1y-AL-ASAQ,41,0.6330997640088097,2031
005/003-Cycling-1y-AL-ASAQ,42,0.5549533070965069,2031
005/003-Cycling-1y-AL-ASAQ,43,0.5851487979126784,2031
005/003-Cycling-1y-AL-ASAQ,44,0.6820207186519752,2031
005/003-Cycling-1y-AL-ASAQ,45,0.5813774968382495,2031
005/003-Cycling-1y-AL-ASAQ,46,0.5957710602087135,2031
005/003-Cycling-1y-AL-ASAQ,47,0.6314323603752696,2031
005/003-Cycling-1y-AL-ASAQ,48,0.5646563348274728,2031
005/003-Cycling-1y-AL-ASAQ,49,0.5241112236289519,2031
005/003-Cycling-1y-AL-ASAQ,50,0.6676493877133246,2031
005/003-Cycling-1y-AL-ASAQ,51,0.5844826511769696,2031
005/003-Cycling-1y-AL-ASAQ,52,0.5550191616507117,2031
005/003-Cycling-1y-AL-ASAQ,53,0.5816086264489575,2031
005/003-Cycling-1y-AL-ASAQ,54,0.5881529514306825,2031
005/003-Cycling-1y-AL-ASAQ,55,0.6309191288953314,2031
005/003-Cycling-1y-AL-ASAQ,56,0.5879136858417093,2031
005/003-Cycling-1y-AL-ASAQ,57,0.5001987618467508,2031
005/003-Cycling-1y-AL-ASAQ,58,0.5152115407322347,2031
005/003-Cycling-1y-AL-ASAQ,59,0.5428648002386811,2031
005/003-Cycling-1y-AL-ASAQ,60,0.5317660198818729,2031
005/003-Cycling-1y-AL-ASAQ,61,0.5948708811292067,2031
005/003-Cycling-1y-AL-ASAQ,62,0.603973801558394,2031
005/003-Cycling-1y-AL-ASAQ,63,0.5231828951866148,2031
005/003-Cycling-1y-AL-ASAQ,64,0.48926004902756426,2031
005/003-Cycling-1y-AL-ASAQ,65,0.6058772751441749,2031
005/003-Cycling-1y-AL-ASAQ,66,0.48114810491486887,2031
005/003-Cycling-1y-AL-ASAQ,67,0.44137596238292476,2031
005/003-Cycling-1y-AL-ASAQ,68,0.6198536599335006,2031
005/003-Cycling-1y-AL-ASAQ,69,0.5433987534726076,2031
005/003-Cycling-1y-AL-ASAQ,70,0.6156582991746405,2031
005/003-Cycling-1y-AL-ASAQ,71,0.5077039591013924,2031
005/003-Cycling-1y-AL-ASAQ,72,0.5230334070507681,2031
005/003-Cycling-1y-AL-ASAQ,73,0.5771359017895908,2031
005/003-Cycling-1y-AL-ASAQ,74,0.5943988533045225,2031
005/003-Cycling-1y-AL-ASAQ,75,0.5633679605976719,2031
005/003-Cycling-1y-AL-ASAQ,76,0.4933347886381112,2031
005/003-Cycling-1y-AL-ASAQ,77,0.6173621483057667,2031
005/003-Cycling-1y-AL-ASAQ,78,0.5734310468575041,2031
005/003-Cycling-1y-AL-ASAQ,79,0.4211950729117004,2031
005/003-Cycling-1y-AL-ASAQ,80,0.5877531643901815,2031
005/003-Cycling-1y-AL-ASAQ,81,0.5334685677735905,2031
005/003-Cycling-1y-AL-ASAQ,82,0.5829772883015917,2031
005/003-Cycling-1y-AL-ASAQ,83,0.5637866669925908,2031
005/003-Cycling-1y-AL-ASAQ,84,0.6177735673290959,2031
005/003-Cycling-1y-AL-ASAQ,85,0.6251356928214318,2031
005/003-Cycling-1y-AL-ASAQ,86,0.5634838228948331,2031
005/003-Cycling-1y-AL-ASAQ,87,0.6920778569489624,2031
005/003-Cycling-1y-AL-ASAQ,88,0.6156543722025166,2031
005/003-Cycling-1y-AL-ASAQ,89,0.5544734239918087,2031
005/003-Cycling-1y-AL-ASAQ,90,0.5400953980166228,2031
005/003-Cycling-1y-AL-ASAQ,91,0.6476365538449488,2031
005/003-Cycling-1y-AL-ASAQ,92,0.5637363653938884,2031
005/003-Cycling-1y-AL-ASAQ,93,0.6249502991911806,2031
005/003-Cycling-1y-AL-ASAQ,94,0.6497378346092367,2031
005/003-Cycling-1y-AL-ASAQ,95,0.4903735326639355,2031
005/003-Cycling-1y-AL-ASAQ,96,0.48784499681000965,2031
005/003-Cycling-1y-AL-ASAQ,97,0.46505942059137717,2031
005/003-Cycling-1y-AL-ASAQ,98,0.42664292041972846,2031
005/003-Cycling-1y-AL-ASAQ,99,0.6499787115094194,2031
005/004-Cycling-1y-AL-DHAPPQ,0,0.5608281737866267,2031
005/004-Cycling-1y-AL-DHAPPQ,1,0.6662913798208719,2031
005/004-Cycling-1y-AL-DHAPPQ,2,0.6737009341973018,2031
005/004-Cycling-1y-AL-DHAPPQ,3,0.5958915095286345,2031
005/004-Cycling-1y-AL-DHAPPQ,4,0.6272591372034508,2031
005/004-Cycling-1y-AL-DHAPPQ,5,0.6013849845146443,2031
005/004-Cycling-1y-AL-DHAPPQ,6,0.5978216987889614,2031
005/004-Cycling-1y-AL-DHAPPQ,7,0.6501283825659608,2031
005/004-Cycling-1y-AL-DHAPPQ,8,0.6005809134675499,2031
005/004-Cycling-1y-AL-DHAPPQ,9,0.6836046059109296,2031
005/004-Cycling-1y-AL-DHAPPQ,10,0.6532746760862624,2031
005/004-Cycling-1y-AL-DHAPPQ,11,0.5090419547493232,2031
005/004-Cycling-1y-AL-DHAPPQ,12,0.6846363761932497,2031
005/004-Cycling-1y-AL-DHAPPQ,13,0.7194167253783351,2031
005/004-Cycling-1y-AL-DHAPPQ,14,0.5160797638773996,2031
005/004-Cycling-1y-AL-DHAPPQ,15,0.5885605712611195,2031
005/004-Cycling-1y-AL-DHAPPQ,16,0.712184218803051,2031
005/004-Cycling-1y-AL-DHAPPQ,17,0.7964251596210065,2031
005/004-Cycling-1y-AL-DHAPPQ,18,0.6481185945268232,2031
005/004-Cycling-1y-AL-DHAPPQ,19,0.6188348442304362,2031
005/004-Cycling-1y-AL-DHAPPQ,20,0.4936039450378609,2031
005/004-Cycling-1y-AL-DHAPPQ,21,0.7329482404180422,2031
005/004-Cycling-1y-AL-DHAPPQ,22,0.6169505418461332,2031
005/004-Cycling-1y-AL-DHAPPQ,23,0.6978039327699578,2031
005/004-Cycling-1y-AL-DHAPPQ,24,0.7062681169744535,2031
005/004-Cycling-1y-AL-DHAPPQ,25,0.706173652930921,2031
005/004-Cycling-1y-AL-DHAPPQ,26,0.5949644037828711,2031
005/004-Cycling-1y-AL-DHAPPQ,27,0.5903814131953089,2031
005/004-Cycling-1y-AL-DHAPPQ,28,0.6922939027996039,2031
005/004-Cycling-1y-AL-DHAPPQ,29,0.7438120820535165,2031
005/004-Cycling-1y-AL-DHAPPQ,30,0.7815419659481995,2031
005/004-Cycling-1y-AL-DHAPPQ,31,0.6721846972894764,2031
005/004-Cycling-1y-AL-DHAPPQ,32,0.6218557127146713,2031
005/004-Cycling-1y-AL-DHAPPQ,33,0.5949135421877139,2031
005/004-Cycling-1y-AL-DHAPPQ,34,0.6773146780311526,2031
005/004-Cycling-1y-AL-DHAPPQ,35,0.583639256205872,2031
005/004-Cycling-1y-AL-DHAPPQ,36,0.6811628793709467,2031
005/004-Cycling-1y-AL-DHAPPQ,37,0.6777569595946238,2031
005/004-Cycling-1y-AL-DHAPPQ,38,0.6394580957630416,2031
005/004-Cycling-1y-AL-DHAPPQ,39,0.6200698046321135,2031
005/004-Cycling-1y-AL-DHAPPQ,40,0.644727303189168,2031
005/004-Cycling-1y-AL-DHAPPQ,41,0.710807327410469,2031
005/004-Cycling-1y-AL-DHAPPQ,42,0.6396467596999293,2031
005/004-Cycling-1y-AL-DHAPPQ,43,0.7124030274584813,2031
005/004-Cycling-1y-AL-DHAPPQ,44,0.5972770498823218,2031
005/004-Cycling-1y-AL-DHAPPQ,45,0.6109380276999721,2031
005/004-Cycling-1y-AL-DHAPPQ,46,0.6228113316331788,2031
005/004-Cycling-1y-AL-DHAPPQ,47,0.8119342475225245,2031
005/004-Cycling-1y-AL-DHAPPQ,48,0.7390765777965113,2031
005/004-Cycling-1y-AL-DHAPPQ,49,0.5691116194194303,2031
005/004-Cycling-1y-AL-DHAPPQ,50,0.63082027278361,2031
005/004-Cycling-1y-AL-DHAPPQ,51,0.6522738175293588,2031
005/004-Cycling-1y-AL-DHAPPQ,52,0.7222745048430735,2031
005/004-Cycling-1y-AL-DHAPPQ,53,0.702605291216623,2031
005/004-Cycling-1y-AL-DHAPPQ,54,0.752713345641303,2031
005/004-Cycling-1y-AL-DHAPPQ,55,0.6616071167086944,2031
005/004-Cycling-1y-AL-DHAPPQ,56,0.710744928671188,2031
005/004-Cycling-1y-AL-DHAPPQ,57,0.6474121696387226,2031
005/004-Cycling-1y-AL-DHAPPQ,58,0.584848843213967,2031
005/004-Cycling-1y-AL-DHAPPQ,59,0.667211464515685,2031
005/004-Cycling-1y-AL-DHAPPQ,60,0.72961511216946,2031
005/004-Cycling-1y-AL-DHAPPQ,61,0.6168288737298379,2031
005/004-Cycling-1y-AL-DHAPPQ,62,0.6446136336075032,2031
005/004-Cycling-1y-AL-DHAPPQ,63,0.5451136179829691,2031
005/004-Cycling-1y-AL-DHAPPQ,64,0.73164635970069,2031
005/004-Cycling-1y-AL-DHAPPQ,65,0.5900738417813581,2031
005/004-Cycling-1y-AL-DHAPPQ,66,0.587355545710792,2031
005/004-Cycling-1y-AL-DHAPPQ,67,0.6155628223373951,2031
005/004-Cycling-1y-AL-DHAPPQ,68,0.6935239306856399,2031
005/004-Cycling-1y-AL-DHAPPQ,69,0.6892123167607256,2031
005/004-Cycling-1y-AL-DHAPPQ,70,0.49990684912655675,2031
005/004-Cycling-1y-AL-DHAPPQ,71,0.5101956424380442,2031
005/004-Cycling-1y-AL-DHAPPQ,72,0.696898604936222,2031
005/004-Cycling-1y-AL-DHAPPQ,73,0.6277798636816514,2031
005/004-Cycling-1y-AL-DHAPPQ,74,0.6196559902056522,2031
005/004-Cycling-1y-AL-DHAPPQ,75,0.5510984499047558,2031
005/004-Cycling-1y-AL-DHAPPQ,76,0.6763573486104993,2031
005/004-Cycling-1y-AL-DHAPPQ,77,0.6884361974842693,2031
005/004-Cycling-1y-AL-DHAPPQ,78,0.7041458064779743,2031
005/004-Cycling-1y-AL-DHAPPQ,79,0.6216803925379132,2031
005/004-Cycling-1y-AL-DHAPPQ,80,0.6932633668033437,2031
005/004-Cycling-1y-AL-DHAPPQ,81,0.7044546441993941,2031
005/004-Cycling-1y-AL-DHAPPQ,82,0.6472749783414933,2031
005/004-Cycling-1y-AL-DHAPPQ,83,0.656611311688082,2031
005/004-Cycling-1y-AL-DHAPPQ,84,0.44905777471019465,2031
005/004-Cycling-1y-AL-DHAPPQ,85,0.6125665629594682,2031
005/004-Cycling-1y-AL-DHAPPQ,86,0.6265530638222244,2031
005/004-Cycling-1y-AL-DHAPPQ,87,0.5769941554912561,2031
005/004-Cycling-1y-AL-DHAPPQ,88,0.6814884922334984,2031
005/004-Cycling-1y-AL-DHAPPQ,89,0.6093725314276648,2031
005/004-Cycling-1y-AL-DHAPPQ,90,0.6849123508012792,2031
005/004-Cycling-1y-AL-DHAPPQ,91,0.7136209816032899,2031
005/004-Cycling-1y-AL-DHAPPQ,92,0.6366205748399779,2031
005/004-Cycling-1y-AL-DHAPPQ,93,0.6689233515741438,2031
005/004-Cycling-1y-AL-DHAPPQ,94,0.6343047345048056,2031
005/004-Cycling-1y-AL-DHAPPQ,95,0.6812347021757841,2031
005/004-Cycling-1y-AL-DHAPPQ,96,0.5678876993878381,2031
005/004-Cycling-1y-AL-DHAPPQ,97,0.6400887098287884,2031
005/004-Cycling-1y-AL-DHAPPQ,98,0.6308409009971628,2031
005/004-Cycling-1y-AL-DHAPPQ,99,0.6137783150554519,2031
005/005-Cycling-1y-ASAQ-AL,0,0.46258361669930953,2031
005/005-Cycling-1y-ASAQ-AL,1,0.6390209210744181,2031
005/005-Cycling-1y-ASAQ-AL,2,0.6237921326487132,2031
005/005-Cycling-1y-ASAQ-AL,3,0.6114771203844059,2031
005/005-Cycling-1y-ASAQ-AL,4,0.4800120943230118,2031
005/005-Cycling-1y-ASAQ-AL,5,0.5694310876662347,2031
005/005-Cycling-1y-ASAQ-AL,6,0.4789917406681887,2031
005/005-Cycling-1y-ASAQ-AL,7,0.6413116502273098,2031
005/005-Cycling-1y-ASAQ-AL,8,0.535655621207438,2031
005/005-Cycling-1y-ASAQ-AL,9,0.5764214312159232,2031
005/005-Cycling-1y-ASAQ-AL,10,0.5754606668630141,2031
005/005-Cycling-1y-ASAQ-AL,11,0.5945728148287865,2031
005/005-Cycling-1y-ASAQ-AL,12,0.46256864281130644,2031
005/005-Cycling-1y-ASAQ-AL,13,0.5724980891677108,2031
005/005-Cycling-1y-ASAQ-AL,14,0.4531273696159017,2031
005/005-Cycling-1y-ASAQ-AL,15,0.4840283172165907,2031
005/005-Cycling-1y-ASAQ-AL,16,0.5392512018084411,2031
005/005-Cycling-1y-ASAQ-AL,17,0.43139634880820704,2031
005/005-Cycling-1y-ASAQ-AL,18,0.6005871512691833,2031
005/005-Cycling-1y-ASAQ-AL,19,0.583855089453654,2031
005/005-Cycling-1y-ASAQ-AL,20,0.563415835248689,2031
005/005-Cycling-1y-ASAQ-AL,21,0.627519980437239,2031
005/005-Cycling-1y-ASAQ-AL,22,0.5578241506919915,2031
005/005-Cycling-1y-ASAQ-AL,23,0.6086343445441852,2031
005/005-Cycling-1y-ASAQ-AL,24,0.5167783640250899,2031
005/005-Cycling-1y-ASAQ-AL,25,0.40015206964109745,2031
005/005-Cycling-1y-ASAQ-AL,26,0.5146052002463057,2031
005/005-Cycling-1y-ASAQ-AL,27,0.49381900163842296,2031
005/005-Cycling-1y-ASAQ-AL,28,0.5153715599273224,2031
005/005-Cycling-1y-ASAQ-AL,29,0.5103803831327175,2031
005/005-Cycling-1y-ASAQ-AL,30,0.5307277667429786,2031
005/005-Cycling-1y-ASAQ-AL,31,0.4689852216928209,2031
005/005-Cycling-1y-ASAQ-AL,32,0.4611469276295062,2031
005/005-Cycling-1y-ASAQ-AL,33,0.4464600187709273,2031
005/005-Cycling-1y-ASAQ-AL,34,0.48869530952785706,2031
005/005-Cycling-1y-ASAQ-AL,35,0.4561437796565834,2031
005/005-Cycling-1y-ASAQ-AL,36,0.44702428417081314,2031
005/005-Cycling-1y-ASAQ-AL,37,0.4342432597579053,2031
005/005-Cycling-1y-ASAQ-AL,38,0.5583378781363582,2031
005/005-Cycling-1y-ASAQ-AL,39,0.6304922939177235,2031
005/005-Cycling-1y-ASAQ-AL,40,0.487031277348876,2031
005/005-Cycling-1y-ASAQ-AL,41,0.5803870345467863,2031
005/005-Cycling-1y-ASAQ-AL,42,0.6427644436969796,2031
005/005-Cycling-1y-ASAQ-AL,43,0.49675845113225897,2031
005/005-Cycling-1y-ASAQ-AL,44,0.5048793051228834,2031
005/005-Cycling-1y-ASAQ-AL,45,0.6518206889833722,2031
005/005-Cycling-1y-ASAQ-AL,46,0.5921526519818879,2031
005/005-Cycling-1y-ASAQ-AL,47,0.4155659032286772,2031
005/005-Cycling-1y-ASAQ-AL,48,0.490550896671091,2031
005/005-Cycling-1y-ASAQ-AL,49,0.4498873041968882,2031
005/005-Cycling-1y-ASAQ-AL,50,0.5136695539708813,2031
005/005-Cycling-1y-ASAQ-AL,51,0.6176891734472184,2031
005/005-Cycling-1y-ASAQ-AL,52,0.5537098693118425,2031
005/005-Cycling-1y-ASAQ-AL,53,0.599501970603982,2031
005/005-Cycling-1y-ASAQ-AL,54,0.6479529441111652,2031
005/005-Cycling-1y-ASAQ-AL,55,0.490400520557344,2031
005/005-Cycling-1y-ASAQ-AL,56,0.576231425228486,2031
005/005-Cycling-1y-ASAQ-AL,57,0.4551761398228278,2031
005/005-Cycling-1y-ASAQ-AL,58,0.5278392063207805,2031
005/005-Cycling-1y-ASAQ-AL,59,0.5584340328128575,2031
005/005-Cycling-1y-ASAQ-AL,60,0.5755019795224424,2031
005/005-Cycling-1y-ASAQ-AL,61,0.5910340060894549,2031
005/005-Cycling-1y-ASAQ-AL,62,0.5597924960173778,2031
005/005-Cycling-1y-ASAQ-AL,63,0.49799923156733544,2031
005/005-Cycling-1y-ASAQ-AL,64,0.4859458661039404,2031
005/005-Cycling-1y-ASAQ-AL,65,0.4897510746868055,2031
005/005-Cycling-1y-ASAQ-AL,66,0.5544727069468484,2031
005/005-Cycling-1y-ASAQ-AL,67,0.5111146517539861,2031
005/005-Cycling-1y-ASAQ-AL,68,0.5481397345659662,2031
005/005-Cycling-1y-ASAQ-AL,69,0.574037377466758,2031
005/005-Cycling-1y-ASAQ-AL,70,0.4636580558492924,2031
005/005-Cycling-1y-ASAQ-AL,71,0.5354329373382776,2031
005/005-Cycling-1y-ASAQ-AL,72,0.4688258577579439,2031
005/005-Cycling-1y-ASAQ-AL,73,0.5693299520085634,2031
005/005-Cycling-1y-ASAQ-AL,74,0.5237609107294396,2031
005/005-Cycling-1y-ASAQ-AL,75,0.5901588479567962,2031
005/005-Cycling-1y-ASAQ-AL,76,0.5636339563857751,2031
005/005-Cycling-1y-ASAQ-AL,77,0.5068132320297855,2031
005/005-Cycling-1y-ASAQ-AL,78,0.5872202746475722,2031
005/005-Cycling-1y-ASAQ-AL,79,0.49134794256770475,2031
005/005-Cycling-1y-ASAQ-AL,80,0.5493874733725087,2031
005/005-Cycling-1y-ASAQ-AL,81,0.5592832078248947,2031
005/005-Cycling-1y-ASAQ-AL,82,0.5574180629531504,2031
005/005-Cycling-1y-ASAQ-AL,83,0.60201433728924,2031
005/005-Cycling-1y-ASAQ-AL,84,0.5832959780529298,2031
005/005-Cycling-1y-ASAQ-AL,85,0.5082056466630434,2031
005/005-Cycling-1y-ASAQ-AL,86,0.41297594340798044,2031
005/005-Cycling-1y-ASAQ-AL,87,0.5969143395311564,2031
005/005-Cycling-1y-ASAQ-AL,88,0.548536968109124,2031
005/005-Cycling-1y-ASAQ-AL,89,0.48739718091758216,2031
005/005-Cycling-1y-ASAQ-AL,90,0.4380191647019838,2031
005/005-Cycling-1y-ASAQ-AL,91,0.4901897162588875,2031
005/005-Cycling-1y-ASAQ-AL,92,0.5937335879349076,2031
005/005-Cycling-1y-ASAQ-AL,93,0.4987393687563699,2031
005/005-Cycling-1y-ASAQ-AL,94,0.43781738513814966,2031
005/005-Cycling-1y-ASAQ-AL,95,0.4735682561578635,2031
005/005-Cycling-1y-ASAQ-AL,96,0.5698229892387937,2031
005/005-Cycling-1y-ASAQ-AL,97,0.7300548367439856,2031
005/005-Cycling-1y-ASAQ-AL,98,0.6029334663264637,2031
005/005-Cycling-1y-ASAQ-AL,99,0.42185229696890175,2031
005/006-Cycling-1y-ASAQ-DHAPPQ,0,0.5578625069178104,2031
005/006-Cycling-1y-ASAQ-DHAPPQ,1,0.43324696008092434,2031
005/006-Cycling-1y-ASAQ-DHAPPQ,2,0.5247443632373913,2031
005/006-Cycling-1y-ASAQ-DHAPPQ,3,0.5162355529346465,2031
005/006-Cycling-1y-ASAQ-DHAPPQ,4,0.3976136226573825,2031
005/006-Cycling-1y-ASAQ-DHAPPQ,5,0.4329447220624317,2031
005/006-Cycling-1y-ASAQ-DHAPPQ,6,0.5181361380729042,2031
005/006-Cycling-1y-ASAQ-DHAPPQ,7,0.3600221948485842,2031
005/006-Cycling-1y-ASAQ-DHAPPQ,8,0.3940950010205113,2031
005/006-Cycling-1y-ASAQ-DHAPPQ,9,0.5173975643438916,2031
005/006-Cycling-1y-ASAQ-DHAPPQ,10,0.3619699291160572,2031
005/006-Cycling-1y-ASAQ-DHAPPQ,11,0.41404021701576615,2031
005/006-Cycling-1y-ASAQ-DHAPPQ,12,0.4084918028443007,2031
005/006-Cycling-1y-ASAQ-DHAPPQ,13,0.46042145272702495,2031
005/006-Cycling-1y-ASAQ-DHAPPQ,14,0.5312053650439829,2031
005/006-Cycling-1y-ASAQ-DHAPPQ,15,0.5058313012575909,2031
005/006-Cycling-1y-ASAQ-DHAPPQ,16,0.5273083974375242,2031
005/006-Cycling-1y-ASAQ-DHAPPQ,17,0.492550619233596,2031
005/006-Cycling-1y-ASAQ-DHAPPQ,18,0.4696515894074608,2031
005/006-Cycling-1y-ASAQ-DHAPPQ,19,0.43933226928447383,2031
005/006-Cycling-1y-ASAQ-DHAPPQ,20,0.35854232728498486,2031
005/006-Cycling-1y-ASAQ-DHAPPQ,21,0.5548568151508979,2031
005/006-Cycling-1y-ASAQ-DHAPPQ,22,0.4704800388950554,2031
005/006-Cycling-1y-ASAQ-DHAPPQ,23,0.4425416115552467,2031
005/006-Cycling-1y-ASAQ-DHAPPQ,24,0.362037235978069,2031
005/006-Cycling-1y-ASAQ-DHAPPQ,25,0.39754017454498997,2031
005/006-Cycling-1y-ASAQ-DHAPPQ,26,0.5180835050170959,2031
005/006-Cycling-1y-ASAQ-DHAPPQ,27,0.4238499325054053,2031
005/006-Cycling-1y-ASAQ-DHAPPQ,28,0.5358063484593683,2031
005/006-Cycling-1y-ASAQ-DHAPPQ,29,0.5360361397701501,2031
005/006-Cycling-1y-ASAQ-DHAPPQ,30,0.44735210365387573,2031
005/006-Cycling-1y-ASAQ-DHAPPQ,31,0.4563769560699285,2031
005/006-Cycling-1y-ASAQ-DHAPPQ,32,0.4280257760186745,2031
005/006-Cycling-1y-ASAQ-DHAPPQ,33,0.38927535385194073,2031
005/006-Cycling-1y-ASAQ-DHAPPQ,34,0.35543136367203926,2031
005/006-Cycling-1y-ASAQ-DHAPPQ,35,0.47485872835648296,2031
005/006-Cycling-1y-ASAQ-DHAPPQ,36,0.5094275069602772,2031
005/006-Cycling-1y-ASAQ-DHAPPQ,37,0.3745504926401801,2031
005/006-Cycling-1y-ASAQ-DHAPPQ,38,0.591688241133788,2031
005/006-Cycling-1y-ASAQ-DHAPPQ,39,0.5037242587122391,2031
005/006-Cycling-1y-ASAQ-DHAPPQ,40,0.5012881100945796,2031
005/006-Cycling-1y-ASAQ-DHAPPQ,41,0.42471422449364166,2031
005/006-Cycling-1y-ASAQ-DHAPPQ,42,0.5223266218443041,2031
005/006-Cycling-1y-ASAQ-DHAPPQ,43,0.26354982468852045,2031
005/006-Cycling-1y-ASAQ-DHAPPQ,44,0.4372588499210745,2031
005/006-Cycling-1y-ASAQ-DHAPPQ,45,0.40450831797390285,2031
005/006-Cycling-1y-ASAQ-DHAPPQ,46,0.4245693092414202,2031
005/006-Cycling-1y-ASAQ-DHAPPQ,47,0.426909677459796,2031
005/006-Cycling-1y-ASAQ-DHAPPQ,48,0.3839416627258081,2031
005/006-Cycling-1y-ASAQ-DHAPPQ,49,0.48481430049783664,2031
005/006-Cycling-1y-ASAQ-DHAPPQ,50,0.48600869917769796,2031
005/006-Cycling-1y-ASAQ-DHAPPQ,51,0.47898307393505574,2031
005/006-Cycling-1y-ASAQ-DHAPPQ,52,0.5001839408054263,2031
005/006-Cycling-1y-ASAQ-DHAPPQ,53,0.41670132653654096,2031
005/006-Cycling-1y-ASAQ-DHAPPQ,54,0.4955210442911526,2031
005/006-Cycling-1y-ASAQ-DHAPPQ,55,0.42761914635550374,2031
005/006-Cycling-1y-ASAQ-DHAPPQ,56,0.4349417957900384,2031
005/006-Cycling-1y-ASAQ-DHAPPQ,57,0.5461076277389646,2031
005/006-Cycling-1y-ASAQ-DHAPPQ,58,0.45333580655726496,2031
005/006-Cycling-1y-ASAQ-DHAPPQ,59,0.5289731347769769,2031
005/006-Cycling-1y-ASAQ-DHAPPQ,60,0.32742628905627613,2031
005/006-Cycling-1y-ASAQ-DHAPPQ,61,0.33055720343487754,2031
005/006-Cycling-1y-ASAQ-DHAPPQ,62,0.5028750107967527,2031
005/006-Cycling-1y-ASAQ-DHAPPQ,63,0.44466183763022643,2031
005/006-Cycling-1y-ASAQ-DHAPPQ,64,0.3741044871789907,2031
005/006-Cycling-1y-ASAQ-DHAPPQ,65,0.5463311762275561,2031
005/006-Cycling-1y-ASAQ-DHAPPQ,66,0.44679787342570254,2031
005/006-Cycling-1y-ASAQ-DHAPPQ,67,0.398677735027625,2031
005/006-Cycling-1y-ASAQ-DHAPPQ,68,0.46667544733105176,2031
005/006-Cycling-1y-ASAQ-DHAPPQ,69,0.40054917062365547,2031
005/006-Cycling-1y-ASAQ-DHAPPQ,70,0.4693750980880829,2031
005/006-Cycling-1y-ASAQ-DHAPPQ,71,0.49164029123318614,2031
005/006-Cycling-1y-ASAQ-DHAPPQ,72,0.3887409823567472,2031
005/006-Cycling-1y-ASAQ-DHAPPQ,73,0.4480642910825281,2031
005/006-Cycling-1y-ASAQ-DHAPPQ,74,0.5300510577931985,2031
005/006-Cycling-1y-ASAQ-DHAPPQ,75,0.4690959729711072,2031
005/006-Cycling-1y-ASAQ-DHAPPQ,76,0.4644719678998803,2031
005/006-Cycling-1y-ASAQ-DHAPPQ,77,0.4149051905090535,2031
005/006-Cycling-1y-ASAQ-DHAPPQ,78,0.5143682250313562,2031
005/006-Cycling-1y-ASAQ-DHAPPQ,79,0.3578708481569551,2031
005/006-Cycling-1y-ASAQ-DHAPPQ,80,0.38689860320186337,2031
005/006-Cycling-1y-ASAQ-DHAPPQ,81,0.5096376893768194,2031
005/006-Cycling-1y-ASAQ-DHAPPQ,82,0.4389958690493718,2031
005/006-Cycling-1y-ASAQ-DHAPPQ,83,0.3774667103133114,2031
005/006-Cycling-1y-ASAQ-DHAPPQ,84,0.38249009202371353,2031
005/006-Cycling-1y-ASAQ-DHAPPQ,85,0.40081185329870456,2031
005/006-Cycling-1y-ASAQ-DHAPPQ,86,0.4005539282445409,2031
005/006-Cycling-1y-ASAQ-DHAPPQ,87,0.2729498883880222,2031
005/006-Cycling-1y-ASAQ-DHAPPQ,88,0.46635982307063567,2031
005/006-Cycling-1y-ASAQ-DHAPPQ,89,0.4860442241248352,2031
005/006-Cycling-1y-ASAQ-DHAPPQ,90,0.4032648486946138,2031
005/006-Cycling-1y-ASAQ-DHAPPQ,91,0.33794043910990984,2031
005/006-Cycling-1y-ASAQ-DHAPPQ,92,0.4721340466694693,2031
005/006-Cycling-1y-ASAQ-DHAPPQ,93,0.450695450578339,2031
005/006-Cycling-1y-ASAQ-DHAPPQ,94,0.5087307683692083,2031
005/006-Cycling-1y-ASAQ-DHAPPQ,95,0.4355328745232295,2031
005/006-Cycling-1y-ASAQ-DHAPPQ,96,0.33893587646364737,2031
005/006-Cycling-1y-ASAQ-DHAPPQ,97,0.45943955021520333,2031
005/006-Cycling-1y-ASAQ-DHAPPQ,98,0.44590805031659236,2031
005/006-Cycling-1y-ASAQ-DHAPPQ,99,0.3889216957195681,2031
005/007-Cycling-1y-DHAPPQ-AL,0,0.5879628692277766,2031
005/007-Cycling-1y-DHAPPQ-AL,1,0.5317707604275169,2031
005/007-Cycling-1y-DHAPPQ-AL,2,0.6356305965090946,2031
005/007-Cycling-1y-DHAPPQ-AL,3,0.6356538286649142,2031
005/007-Cycling-1y-DHAPPQ-AL,4,0.5493062622605297,2031
005/007-Cycling-1y-DHAPPQ-AL,5,0.7629091917232348,2031
005/007-Cycling-1y-DHAPPQ-AL,6,0.6689412652926948,2031
005/007-Cycling-1y-DHAPPQ-AL,7,0.5910772770818482,2031
005/007-Cycling-1y-DHAPPQ-AL,8,0.6674515237302004,2031
005/007-Cycling-1y-DHAPPQ-AL,9,0.6934634465470979,2031
005/007-Cycling-1y-DHAPPQ-AL,10,0.5100322744886926,2031
005/007-Cycling-1y-DHAPPQ-AL,11,0.6883548320193905,2031
005/007-Cycling-1y-DHAPPQ-AL,12,0.6261715048517362,2031
005/007-Cycling-1y-DHAPPQ-AL,13,0.6789941358081442,2031
005/007-Cycling-1y-DHAPPQ-AL,14,0.7055530100800383,2031
005/007-Cycling-1y-DHAPPQ-AL,15,0.6282255698071653,2031
005/007-Cycling-1y-DHAPPQ-AL,16,0.6094502750262958,2031
005/007-Cycling-1y-DHAPPQ-AL,17,0.6243880120818089,2031
005/007-Cycling-1y-DHAPPQ-AL,18,0.8411751870426122,2031
005/007-Cycling-1y-DHAPPQ-AL,19,0.5857278138475092,2031
005/007-Cycling-1y-DHAPPQ-AL,20,0.5383043435916417,2031
005/007-Cycling-1y-DHAPPQ-AL,21,0.7312443851068888,2031
005/007-Cycling-1y-DHAPPQ-AL,22,0.6706401018360948,2031
005/007-Cycling-1y-DHAPPQ-AL,23,0.6548803439759556,2031
005/007-Cycling-1y-DHAPPQ-AL,24,0.6348982296557297,2031
005/007-Cycling-1y-DHAPPQ-AL,25,0.6439939861156806,2031
005/007-Cycling-1y-DHAPPQ-AL,26,0.6059995986473246,2031
005/007-Cycling-1y-DHAPPQ-AL,27,0.6689176318268508,2031
005/007-Cycling-1y-DHAPPQ-AL,28,0.6972967829178652,2031
005/007-Cycling-1y-DHAPPQ-AL,29,0.6968935755820324,2031
005/007-Cycling-1y-DHAPPQ-AL,30,0.6912712981466713,2031
005/007-Cycling-1y-DHAPPQ-AL,31,0.6583987985636405,2031
005/007-Cycling-1y-DHAPPQ-AL,32,0.6184358540331476,2031
005/007-Cycling-1y-DHAPPQ-AL,33,0.6497640463444158,2031
005/007-Cycling-1y-DHAPPQ-AL,34,0.6174656995226191,2031
005/007-Cycling-1y-DHAPPQ-AL,35,0.6625803499678885,2031
005/007-Cycling-1y-DHAPPQ-AL,36,0.6081134087715192,2031
005/007-Cycling-1y-DHAPPQ-AL,37,0.6607482950617589,2031
005/007-Cycling-1y-DHAPPQ-AL,38,0.6168782587960331,2031
005/007-Cycling-1y-DHAPPQ-AL,39,0.5754423512695073,2031
005/007-Cycling-1y-DHAPPQ-AL,40,0.6228794379047422,2031
005/007-Cycling-1y-DHAPPQ-AL,41,0.6605641918133124,2031
005/007-Cycling-1y-DHAPPQ-AL,42,0.5912914295140498,2031
005/007-Cycling-1y-DHAPPQ-AL,43,0.6365443721980787,2031
005/007-Cycling-1y-DHAPPQ-AL,44,0.6889976574446298,2031
005/007-Cycling-1y-DHAPPQ-AL,45,0.692446464541625,2031
005/007-Cycling-1y-DHAPPQ-AL,46,0.6426581813771746,2031
005/007-Cycling-1y-DHAPPQ-AL,47,0.6353979150241705,2031
005/007-Cycling-1y-DHAPPQ-AL,48,0.6423737488825662,2031
005/007-Cycling-1y-DHAPPQ-AL,49,0.7363304833743974,2031
005/007-Cycling-1y-DHAPPQ-AL,50,0.6268560281146772,2031
005/007-Cycling-1y-DHAPPQ-AL,51,0.6326348286793354,2031
005/007-Cycling-1y-DHAPPQ-AL,52,0.6912352654317009,2031
005/007-Cycling-1y-DHAPPQ-AL,53,0.641323606706719,2031
005/007-Cycling-1y-DHAPPQ-AL,54,0.552986436997699,2031
005/007-Cycling-1y-DHAPPQ-AL,55,0.6520349662231307,2031
005/007-Cycling-1y-DHAPPQ-AL,56,0.7653336370909408,2031
005/007-Cycling-1y-DHAPPQ-AL,57,0.6321095449660313,2031
005/007-Cycling-1y-DHAPPQ-AL,58,0.7715754032926908,2031
005/007-Cycling-1y-DHAPPQ-AL,59,0.6393056400408619,2031
005/007-Cycling-1y-DHAPPQ-AL,60,0.6502684871092349,2031
005/007-Cycling-1y-DHAPPQ-AL,61,0.6450843165684134,2031
005/007-Cycling-1y-DHAPPQ-AL,62,0.7145725832833077,2031
005/007-Cycling-1y-DHAPPQ-AL,63,0.6284654297061161,2031
005/007-Cycling-1y-DHAPPQ-AL,64,0.5792712205882641,2031
005/007-Cycling-1y-DHAPPQ-AL,65,0.6843735037992108,2031
005/007-Cycling-1y-DHAPPQ-AL,66,0.6405644715407657,2031
005/007-Cycling-1y-DHAPPQ-AL,67,0.5914355998021922,2031
005/007-Cycling-1y-DHAPPQ-AL,68,0.6410922949288728,2031
005/007-Cycling-1y-DHAPPQ-AL,69,0.6468456404595105,2031
005/007-Cycling-1y-DHAPPQ-AL,70,0.6370654234593943,2031
005/007-Cycling-1y-DHAPPQ-AL,71,0.6109501584024989,2031
005/007-Cycling-1y-DHAPPQ-AL,72,0.5247673911322838,2031
005/007-Cycling-1y-DHAPPQ-AL,73,0.6847679941943404,2031
005/007-Cycling-1y-DHAPPQ-AL,74,0.5999390664166737,2031
005/007-Cycling-1y-DHAPPQ-AL,75,0.6196379706058314,2031
005/007-Cycling-1y-DHAPPQ-AL,76,0.6206219611257615,2031
005/007-Cycling-1y-DHAPPQ-AL,77,0.5904824888440121,2031
005/007-Cycling-1y-DHAPPQ-AL,78,0.5819085880423686,2031
005/007-Cycling-1y-DHAPPQ-AL,79,0.6272140241505167,2031
005/007-Cycling-1y-DHAPPQ-AL,80,0.6447428242344113,2031
005/007-Cycling-1y-DHAPPQ-AL,81,0.6479808529222123,2031
005/007-Cycling-1y-DHAPPQ-AL,82,0.6337872455313122,2031
005/007-Cycling-1y-DHAPPQ-AL,83,0.7204703295866225,2031
005/007-Cycling-1y-DHAPPQ-AL,84,0.6259570736209872,2031
005/007-Cycling-1y-DHAPPQ-AL,85,0.62539029590632,2031
005/007-Cycling-1y-DHAPPQ-AL,86,0.6167081768037715,2031
005/007-Cycling-1y-DHAPPQ-AL,87,0.6991786254736302,2031
005/007-Cycling-1y-DHAPPQ-AL,88,0.5556227694689123,2031
005/007-Cycling-1y-DHAPPQ-AL,89,0.5110301400307705,2031
005/007-Cycling-1y-DHAPPQ-AL,90,0.6736077774118,2031
005/007-Cycling-1y-DHAPPQ-AL,91,0.569735017726063,2031
005/007-Cycling-1y-DHAPPQ-AL,92,0.6571751209455418,2031
005/007-Cycling-1y-DHAPPQ-AL,93,0.6567436000254753,2031
005/007-Cycling-1y-DHAPPQ-AL,94,0.7035637163587095,2031
005/007-Cycling-1y-DHAPPQ-AL,95,0.663082955003612,2031
005/007-Cycling-1y-DHAPPQ-AL,96,0.7036726557443264,2031
005/007-Cycling-1y-DHAPPQ-AL,97,0.6536850985929142,2031
005/007-Cycling-1y-DHAPPQ-AL,98,0.650698126555196,2031
005/007-Cycling-1y-DHAPPQ-AL,99,0.6451849509250934,2031
005/008-Cycling-1y-DHAPPQ-ASAQ,0,0.4703378652032142,2031
005/008-Cycling-1y-DHAPPQ-ASAQ,1,0.49153775736253197,2031
005/008-Cycling-1y-DHAPPQ-ASAQ,2,0.4944950048784819,2031
005/008-Cycling-1y-DHAPPQ-ASAQ,3,0.45086889935499525,2031
005/008-Cycling-1y-DHAPPQ-ASAQ,4,0.4478402960415178,2031
005/008-Cycling-1y-DHAPPQ-ASAQ,5,0.4007484566097393,2031
005/008-Cycling-1y-DHAPPQ-ASAQ,6,0.4831316907306326,2031
005/008-Cycling-1y-DHAPPQ-ASAQ,7,0.41457087503629925,2031
005/008-Cycling-1y-DHAPPQ-ASAQ,8,0.5128846236212667,2031
005/008-Cycling-1y-DHAPPQ-ASAQ,9,0.5641101144223931,2031
005/008-Cycling-1y-DHAPPQ-ASAQ,10,0.5588791547747819,2031
005/008-Cycling-1y-DHAPPQ-ASAQ,11,0.5072616208782,2031
005/008-Cycling-1y-DHAPPQ-ASAQ,12,0.5055894316649213,2031
005/008-Cycling-1y-DHAPPQ-ASAQ,13,0.5039877268674562,2031
005/008-Cycling-1y-DHAPPQ-ASAQ,14,0.5796731412656703,2031
005/008-Cycling-1y-DHAPPQ-ASAQ,15,0.4808187572537987,2031
005/008-Cycling-1y-DHAPPQ-ASAQ,16,0.5428542004777502,2031
005/008-Cycling-1y-DHAPPQ-ASAQ,17,0.5036447529717152,2031
005/008-Cycling-1y-DHAPPQ-ASAQ,18,0.48607039339776836,2031
005/008-Cycling-1y-DHAPPQ-ASAQ,19,0.5095038187164268,2031
005/008-Cycling-1y-DHAPPQ-ASAQ,20,0.3986189035938894,2031
005/008-Cycling-1y-DHAPPQ-ASAQ,21,0.5230727259049756,2031
005/008-Cycling-1y-DHAPPQ-ASAQ,22,0.5091518720045857,2031
005/008-Cycling-1y-DHAPPQ-ASAQ,23,0.4827359924769484,2031
005/008-Cycling-1y-DHAPPQ-ASAQ,24,0.4616239594889591,2031
005/008-Cycling-1y-DHAPPQ-ASAQ,25,0.528885156221242,2031
005/008-Cycling-1y-DHAPPQ-ASAQ,26,0.478944048142287,2031
005/008-Cycling-1y-DHAPPQ-ASAQ,27,0.4917865160284047,2031
005/008-Cycling-1y-DHAPPQ-ASAQ,28,0.46905696827755894,2031
005/008-Cycling-1y-DHAPPQ-ASAQ,29,0.48608968122789475,2031
005/008-Cycling-1y-DHAPPQ-ASAQ,30,0.5103191490355478,2031
005/008-Cycling-1y-DHAPPQ-ASAQ,31,0.46634943830719316,2031
005/008-Cycling-1y-DHAPPQ-ASAQ,32,0.48454539036987065,2031
005/008-Cycling-1y-DHAPPQ-ASAQ,33,0.41657013504632623,2031
005/008-Cycling-1y-DHAPPQ-ASAQ,34,0.47982146473258463,2031
005/008-Cycling-1y-DHAPPQ-ASAQ,35,0.40951581815867066,2031
005/008-Cycling-1y-DHAPPQ-ASAQ,36,0.5279210470292571,2031
005/008-Cycling-1y-DHAPPQ-ASAQ,37,0.5372019003178131,2031
005/008-Cycling-1y-DHAPPQ-ASAQ,38,0.49280507977095467,2031
005/008-Cycling-1y-DHAPPQ-ASAQ,39,0.5046723411273614,2031
005/008-Cycling-1y-DHAPPQ-ASAQ,40,0.46335248579531796,2031
005/008-Cycling-1y-DHAPPQ-ASAQ,41,0.49914778119653286,2031
005/008-Cycling-1y-DHAPPQ-ASAQ,42,0.3862278345476349,2031
005/008-Cycling-1y-DHAPPQ-ASAQ,43,0.45138877212163425,2031
005/008-Cycling-1y-DHAPPQ-ASAQ,44,0.5400830571717288,2031
005/008-Cycling-1y-DHAPPQ-ASAQ,45,0.4314367004966207,2031
005/008-Cycling-1y-DHAPPQ-ASAQ,46,0.3588689631600128,2031
005/008-Cycling-1y-DHAPPQ-ASAQ,47,0.5236013173876203,2031
005/008-Cycling-1y-DHAPPQ-ASAQ,48,0.42485062654243144,2031
005/008-Cycling-1y-DHAPPQ-ASAQ,49,0.4858518366184486,2031
005/008-Cycling-1y-DHAPPQ-ASAQ,50,0.5372573378297665,2031
005/008-Cycling-1y-DHAPPQ-ASAQ,51,0.41649049961269485,2031
005/008-Cycling-1y-DHAPPQ-ASAQ,52,0.5301534891271367,2031
005/008-Cycling-1y-DHAPPQ-ASAQ,53,0.4509616653030673,2031
005/008-Cycling-1y-DHAPPQ-ASAQ,54,0.5728137695212381,2031
005/008-Cycling-1y-DHAPPQ-ASAQ,55,0.49198847134338597,2031
005/008-Cycling-1y-DHAPPQ-ASAQ,56,0.5125862044085617,2031
005/008-Cycling-1y-DHAPPQ-ASAQ,57,0.5102002961514116,2031
005/008-Cycling-1y-DHAPPQ-ASAQ,58,0.44680229023330376,2031
005/008-Cycling-1y-DHAPPQ-ASAQ,59,0.47976266388289646,2031
005/008-Cycling-1y-DHAPPQ-ASAQ,60,0.4247079902572128,2031
005/008-Cycling-1y-DHAPPQ-ASAQ,61,0.48306289757850057,2031
005/008-Cycling-1y-DHAPPQ-ASAQ,62,0.5229880119029796,2031
005/008-Cycling-1y-DHAPPQ-ASAQ,63,0.4843235218901503,2031
005/008-Cycling-1y-DHAPPQ-ASAQ,64,0.4957116867746205,2031
005/008-Cycling-1y-DHAPPQ-ASAQ,65,0.5115277007728982,2031
005/008-Cycling-1y-DHAPPQ-ASAQ,66,0.5570076434852275,2031
005/008-Cycling-1y-DHAPPQ-ASAQ,67,0.4246141661796301,2031
005/008-Cycling-1y-DHAPPQ-ASAQ,68,0.597348913397942,2031
005/008-Cycling-1y-DHAPPQ-ASAQ,69,0.4673357962335663,2031
005/008-Cycling-1y-DHAPPQ-ASAQ,70,0.47434869377244643,2031
005/008-Cycling-1y-DHAPPQ-ASAQ,71,0.44242349434391287,2031
005/008-Cycling-1y-DHAPPQ-ASAQ,72,0.49281022889195075,2031
005/008-Cycling-1y-DHAPPQ-ASAQ,73,0.5153947641504196,2031
005/008-Cycling-1y-DHAPPQ-ASAQ,74,0.4557003203080034,2031
005/008-Cycling-1y-DHAPPQ-ASAQ,75,0.4959593802859472,2031
005/008-Cycling-1y-DHAPPQ-ASAQ,76,0.5646593362264918,2031
005/008-Cycling-1y-DHAPPQ-ASAQ,77,0.45482586749839454,2031
005/008-Cycling-1y-DHAPPQ-ASAQ,78,0.5001812624127541,2031
005/008-Cycling-1y-DHAPPQ-ASAQ,79,0.49512742865872855,2031
005/008-Cycling-1y-DHAPPQ-ASAQ,80,0.498293469036831,2031
005/008-Cycling-1y-DHAPPQ-ASAQ,81,0.47835431676095336,2031
005/008-Cycling-1y-DHAPPQ-ASAQ,82,0.43066765221715003,2031
005/008-Cycling-1y-DHAPPQ-ASAQ,83,0.4756065811920769,2031
005/008-Cycling-1y-DHAPPQ-ASAQ,84,0.4271284041549393,2031
005/008-Cycling-1y-DHAPPQ-ASAQ,85,0.5617221207598265,2031
005/008-Cycling-1y-DHAPPQ-ASAQ,86,0.4802660665435237,2031
005/008-Cycling-1y-DHAPPQ-ASAQ,87,0.49144084822386125,2031
005/008-Cycling-1y-DHAPPQ-ASAQ,88,0.5513644953024788,2031
005/008-Cycling-1y-DHAPPQ-ASAQ,89,0.5506207934349033,2031
005/008-Cycling-1y-DHAPPQ-ASAQ,90,0.467510760063296,2031
005/008-Cycling-1y-DHAPPQ-ASAQ,91,0.5365645941605791,2031
005/008-Cycling-1y-DHAPPQ-ASAQ,92,0.3537156378381387,2031
005/008-Cycling-1y-DHAPPQ-ASAQ,93,0.4830269686258227,2031
005/008-Cycling-1y-DHAPPQ-ASAQ,94,0.45474016669870815,2031
005/008-Cycling-1y-DHAPPQ-ASAQ,95,0.43364326641804474,2031
005/008-Cycling-1y-DHAPPQ-ASAQ,96,0.5363712707626893,2031
005/008-Cycling-1y-DHAPPQ-ASAQ,97,0.5298995406598083,2031
005/008-Cycling-1y-DHAPPQ-ASAQ,98,0.45696546863862947,2031
005/008-Cycling-1y-DHAPPQ-ASAQ,99,0.3629313419176911,2031
005/009-Cycling-1y-AL-ASAQ-DHAPPQ,0,0.45072448531147463,2031
005/009-Cycling-1y-AL-ASAQ-DHAPPQ,1,0.45312197870180687,2031
005/009-Cycling-1y-AL-ASAQ-DHAPPQ,2,0.5285369429024123,2031
005/009-Cycling-1y-AL-ASAQ-DHAPPQ,3,0.4833932089534869,2031
005/009-Cycling-1y-AL-ASAQ-DHAPPQ,4,0.4981143336946398,2031
005/009-Cycling-1y-AL-ASAQ-DHAPPQ,5,0.46423674607211135,2031
005/009-Cycling-1y-AL-ASAQ-DHAPPQ,6,0.48189108732665065,2031
005/009-Cycling-1y-AL-ASAQ-DHAPPQ,7,0.42668997814882154,2031
005/009-Cycling-1y-AL-ASAQ-DHAPPQ,8,0.589159885885708,2031
005/009-Cycling-1y-AL-ASAQ-DHAPPQ,9,0.5531818862713817,2031
005/009-Cycling-1y-AL-ASAQ-DHAPPQ,10,0.4581926903338302,2031
005/009-Cycling-1y-AL-ASAQ-DHAPPQ,11,0.558145822951988,2031
005/009-Cycling-1y-AL-ASAQ-DHAPPQ,12,0.5450104530716257,2031
005/009-Cycling-1y-AL-ASAQ-DHAPPQ,13,0.5485152518440316,2031
005/009-Cycling-1y-AL-ASAQ-DHAPPQ,14,0.4728135997974566,2031
005/009-Cycling-1y-AL-ASAQ-DHAPPQ,15,0.3898337972342563,2031
005/009-Cycling-1y-AL-ASAQ-DHAPPQ,16,0.4838875955996105,2031
005/009-Cycling-1y-AL-ASAQ-DHAPPQ,17,0.5799764626293489,2031
005/009-Cycling-1y-AL-ASAQ-DHAPPQ,18,0.5580781901262756,2031
005/009-Cycling-1y-AL-ASAQ-DHAPPQ,19,0.4451008860974231,2031
005/009-Cycling-1y-AL-ASAQ-DHAPPQ,20,0.5341099755286822,2031
005/009-Cycling-1y-AL-ASAQ-DHAPPQ,21,0.4165034729100196,2031
005/009-Cycling-1y-AL-ASAQ-DHAPPQ,22,0.5181825930548437,2031
005/009-Cycling-1y-AL-ASAQ-DHAPPQ,23,0.5464358892133889,2031
005/009-Cycling-1y-AL-ASAQ-DHAPPQ,24,0.45298857095341744,2031
005/009-Cycling-1y-AL-ASAQ-DHAPPQ,25,0.5245512225146532,2031
005/009-Cycling-1y-AL-ASAQ-DHAPPQ,26,0.4870765487507023,2031
005/009-Cycling-1y-AL-ASAQ-DHAPPQ,27,0.548979673481786,2031
005/009-Cycling-1y-AL-ASAQ-DHAPPQ,28,0.4568524145839588,2031
005/009-Cycling-1y-AL-ASAQ-DHAPPQ,29,0.5167380953057735,2031
005/009-Cycling-1y-AL-ASAQ-DHAPPQ,30,0.5890792352953673,2031
005/009-Cycling-1y-AL-ASAQ-DHAPPQ,31,0.5499561963273875,2031
005/009-Cycling-1y-AL-ASAQ-DHAPPQ,32,0.6062395348316862,2031
005/009-Cycling-1y-AL-ASAQ-DHAPPQ,33,0.41660633138573017,2031
005/009-Cycling-1y-AL-ASAQ-DHAPPQ,34,0.5320946694228716,2031
005/009-Cycling-1y-AL-ASAQ-DHAPPQ,35,0.5214791759013953,2031
005/009-Cycling-1y-AL-ASAQ-DHAPPQ,36,0.5031501857572686,2031
005/009-Cycling-1y-AL-ASAQ-DHAPPQ,37,0.5011039961737601,2031
005/009-Cycling-1y-AL-ASAQ-DHAPPQ,38,0.515597708661183,2031
005/009-Cycling-1y-AL-ASAQ-DHAPPQ,39,0.43138656746552545,2031
005/009-Cycling-1y-AL-ASAQ-DHAPPQ,40,0.5327084346591217,2031
005/009-Cycling-1y-AL-ASAQ-DHAPPQ,41,0.5515235993896653,2031
005/009-Cycling-1y-AL-ASAQ-DHAPPQ,42,0.5305979752907637,2031
005/009-Cycling-1y-AL-ASAQ-DHAPPQ,43,0.5374763966188647,2031
005/009-Cycling-1y-AL-ASAQ-DHAPPQ,44,0.5339129542136428,2031
005/009-Cycling-1y-AL-ASAQ-DHAPPQ,45,0.5113455217128423,2031
005/009-Cycling-1y-AL-ASAQ-DHAPPQ,46,0.431785873349247,2031
005/009-Cycling-1y-AL-ASAQ-DHAPPQ,47,0.4852229906399299,2031
005/009-Cycling-1y-AL-ASAQ-DHAPPQ,48,0.4627739870376553,2031
005/009-Cycling-1y-AL-ASAQ-DHAPPQ,49,0.5606950163321911,2031
005/009-Cycling-1y-AL-ASAQ-DHAPPQ,50,0.5176715446799427,2031
005/009-Cycling-1y-AL-ASAQ-DHAPPQ,51,0.49901278253978526,2031
005/009-Cycling-1y-AL-ASAQ-DHAPPQ,52,0.505179298934577,2031
005/009-Cycling-1y-AL-ASAQ-DHAPPQ,53,0.5040822402596973,2031
005/009-Cycling-1y-AL-ASAQ-DHAPPQ,54,0.4978990869964958,2031
005/009-Cycling-1y-AL-ASAQ-DHAPPQ,55,0.5637351398621626,2031
005/009-Cycling-1y-AL-ASAQ-DHAPPQ,56,0.5660364385787419,2031
005/009-Cycling-1y-AL-ASAQ-DHAPPQ,57,0.45553265988255304,2031
005/009-Cycling-1y-AL-ASAQ-DHAPPQ,58,0.3706757274074199,2031
005/009-Cycling-1y-AL-ASAQ-DHAPPQ,59,0.5657243046968622,2031
005/009-Cycling-1y-AL-ASAQ-DHAPPQ,60,0.5222170990003746,2031
005/009-Cycling-1y-AL-ASAQ-DHAPPQ,61,0.4523631512175408,2031
005/009-Cycling-1y-AL-ASAQ-DHAPPQ,62,0.3847733510272553,2031
005/009-Cycling-1y-AL-ASAQ-DHAPPQ,63,0.4435535043520618,2031
005/009-Cycling-1y-AL-ASAQ-DHAPPQ,64,0.434865844491517,2031
005/009-Cycling-1y-AL-ASAQ-DHAPPQ,65,0.5622083999322275,2031
005/009-Cycling-1y-AL-ASAQ-DHAPPQ,66,0.6130900116551704,2031
005/009-Cycling-1y-AL-ASAQ-DHAPPQ,67,0.42349404937604035,2031
005/009-Cycling-1y-AL-ASAQ-DHAPPQ,68,0.43176290270522616,2031
005/009-Cycling-1y-AL-ASAQ-DHAPPQ,69,0.5399038366719514,2031
005/009-Cycling-1y-AL-ASAQ-DHAPPQ,70,0.4330791617384319,2031
005/009-Cycling-1y-AL-ASAQ-DHAPPQ,71,0.5371083605785614,2031
005/009-Cycling-1y-AL-ASAQ-DHAPPQ,72,0.4359379137538681,2031
005/009-Cycling-1y-AL-ASAQ-DHAPPQ,73,0.5894336102851916,2031
005/009-Cycling-1y-AL-ASAQ-DHAPPQ,74,0.546595138468983,2031
005/009-Cycling-1y-AL-ASAQ-DHAPPQ,75,0.44941532239513404,2031
005/009-Cycling-1y-AL-ASAQ-DHAPPQ,76,0.43047958365511946,2031
005/009-Cycling-1y-AL-ASAQ-DHAPPQ,77,0.44993633365601915,2031
005/009-Cycling-1y-AL-ASAQ-DHAPPQ,78,0.5744640704453221,2031
005/009-Cycling-1y-AL-ASAQ-DHAPPQ,79,0.5346344659177534,2031
005/009-Cycling-1y-AL-ASAQ-DHAPPQ,80,0.4620773182709095,2031
005/009-Cycling-1y-AL-ASAQ-DHAPPQ,81,0.5086199235766461,2031
005/009-Cycling-1y-AL-ASAQ-DHAPPQ,82,0.4317399729738913,2031
005/009-Cycling-1y-AL-ASAQ-DHAPPQ,83,0.44506063602438495,2031
005/009-Cycling-1y-AL-ASAQ-DHAPPQ,84,0.4230781581084624,2031
005/009-Cycling-1y-AL-ASAQ-DHAPPQ,85,0.5584677249787079,2031
005/009-Cycling-1y-AL-ASAQ-DHAPPQ,86,0.43661425958517047,2031
005/009-Cycling-1y-AL-ASAQ-DHAPPQ,87,0.562564253597151,2031
005/009-Cycling-1y-AL-ASAQ-DHAPPQ,88,0.590087275201089,2031
005/009-Cycling-1y-AL-ASAQ-DHAPPQ,89,0.48235288696584006,2031
005/009-Cycling-1y-AL-ASAQ-DHAPPQ,90,0.5276837029107965,2031
005/009-Cycling-1y-AL-ASAQ-DHAPPQ,91,0.512217891526716,2031
005/009-Cycling-1y-AL-ASAQ-DHAPPQ,92,0.5500108561390449,2031
005/009-Cycling-1y-AL-ASAQ-DHAPPQ,93,0.45361550735111117,2031
005/009-Cycling-1y-AL-ASAQ-DHAPPQ,94,0.4855590553500106,2031
005/009-Cycling-1y-AL-ASAQ-DHAPPQ,95,0.5356302446493992,2031
005/009-Cycling-1y-AL-ASAQ-DHAPPQ,96,0.3996326531025272,2031
005/009-Cycling-1y-AL-ASAQ-DHAPPQ,97,0.5246391600275926,2031
005/009-Cycling-1y-AL-ASAQ-DHAPPQ,98,0.5041206169802428,2031
005/009-Cycling-1y-AL-ASAQ-DHAPPQ,99,0.5327869731889775,2031
005/010-Cycling-1y-AL-DHAPPQ-ASAQ,0,0.5380141920031691,2031
005/010-Cycling-1y-AL-DHAPPQ-ASAQ,1,0.523973111219819,2031
005/010-Cycling-1y-AL-DHAPPQ-ASAQ,2,0.5567034368644758,2031
005/010-Cycling-1y-AL-DHAPPQ-ASAQ,3,0.6054099182588812,2031
005/010-Cycling-1y-AL-DHAPPQ-ASAQ,4,0.5583888558644711,2031
005/010-Cycling-1y-AL-DHAPPQ-ASAQ,5,0.5112514025652123,2031
005/010-Cycling-1y-AL-DHAPPQ-ASAQ,6,0.5633787037462478,2031
005/010-Cycling-1y-AL-DHAPPQ-ASAQ,7,0.5867522823861994,2031
005/010-Cycling-1y-AL-DHAPPQ-ASAQ,8,0.7249404619388438,2031
005/010-Cycling-1y-AL-DHAPPQ-ASAQ,9,0.4626025622905759,2031
005/010-Cycling-1y-AL-DHAPPQ-ASAQ,10,0.5318237055872547,2031
005/010-Cycling-1y-AL-DHAPPQ-ASAQ,11,0.47225216320920754,2031
005/010-Cycling-1y-AL-DHAPPQ-ASAQ,12,0.5013416780451388,2031
005/010-Cycling-1y-AL-DHAPPQ-ASAQ,13,0.48771197965994345,2031
005/010-Cycling-1y-AL-DHAPPQ-ASAQ,14,0.39204963721078484,2031
005/010-Cycling-1y-AL-DHAPPQ-ASAQ,15,0.5411013868086685,2031
005/010-Cycling-1y-AL-DHAPPQ-ASAQ,16,0.5111395043384682,2031
005/010-Cycling-1y-AL-DHAPPQ-ASAQ,17,0.6054177677899669,2031
005/010-Cycling-1y-AL-DHAPPQ-ASAQ,18,0.5556625388023837,2031
005/010-Cycling-1y-AL-DHAPPQ-ASAQ,19,0.4928698326826369,2031
005/010-Cycling-1y-AL-DHAPPQ-ASAQ,20,0.532653135529344,2031
005/010-Cycling-1y-AL-DHAPPQ-ASAQ,21,0.4750138159685393,2031
005/010-Cycling-1y-AL-DHAPPQ-ASAQ,22,0.4815589526524797,2031
005/010-Cycling-1y-AL-DHAPPQ-ASAQ,23,0.5408559000904861,2031
005/010-Cycling-1y-AL-DHAPPQ-ASAQ,24,0.5072520997894844,2031
005/010-Cycling-1y-AL-DHAPPQ-ASAQ,25,0.4480487630272296,2031
005/010-Cycling-1y-AL-DHAPPQ-ASAQ,26,0.43540056023604506,2031
005/010-Cycling-1y-AL-DHAPPQ-ASAQ,27,0.5461838990740462,2031
005/010-Cycling-1y-AL-DHAPPQ-ASAQ,28,0.6010238708791061,2031
005/010-Cycling-1y-AL-DHAPPQ-ASAQ,29,0.5903917509616526,2031
005/010-Cycling-1y-AL-DHAPPQ-ASAQ,30,0.47766761505413785,2031
005/010-Cycling-1y-AL-DHAPPQ-ASAQ,31,0.4756347910324042,2031
005/010-Cycling-1y-AL-DHAPPQ-ASAQ,32,0.5835461355296139,2031
005/010-Cycling-1y-AL-DHAPPQ-ASAQ,33,0.4667159509541523,2031
005/010-Cycling-1y-AL-DHAPPQ-ASAQ,34,0.43595377150686815,2031
005/010-Cycling-1y-AL-DHAPPQ-ASAQ,35,0.5724936867307392,2031
005/010-Cycling-1y-AL-DHAPPQ-ASAQ,36,0.5326817531349114,2031
005/010-Cycling-1y-AL-DHAPPQ-ASAQ,37,0.5522359947813038,2031
005/010-Cycling-1y-AL-DHAPPQ-ASAQ,38,0.5059266644549675,2031
005/010-Cycling-1y-AL-DHAPPQ-ASAQ,39,0.582344693175363,2031
005/010-Cycling-1y-AL-DHAPPQ-ASAQ,40,0.5293272380288826,2031
005/010-Cycling-1y-AL-DHAPPQ-ASAQ,41,0.4825429874394617,2031
005/010-Cycling-1y-AL-DHAPPQ-ASAQ,42,0.49020693002083554,2031
005/010-Cycling-1y-AL-DHAPPQ-ASAQ,43,0.4718218771127078,2031
005/010-Cycling-1y-AL-DHAPPQ-ASAQ,44,0.5323410474102538,2031
005/010-Cycling-1y-AL-DHAPPQ-ASAQ,45,0.5440581840253268,2031
005/010-Cycling-1y-AL-DHAPPQ-ASAQ,46,0.624374122989588,2031
005/010-Cycling-1y-AL-DHAPPQ-ASAQ,47,0.44257422427195553,2031
005/010-Cycling-1y-AL-DHAPPQ-ASAQ,48,0.45500946419720484,2031
005/010-Cycling-1y-AL-DHAPPQ-ASAQ,49,0.5891282312407389,2031
005/010-Cycling-1y-AL-DHAPPQ-ASAQ,50,0.4950306778248621,2031
005/010-Cycling-1y-AL-DHAPPQ-ASAQ,51,0.5774626708690493,2031
005/010-Cycling-1y-AL-DHAPPQ-ASAQ,52,0.5965545738505064,2031
005/010-Cycling-1y-AL-DHAPPQ-ASAQ,53,0.5458538129264654,2031
005/010-Cycling-1y-AL-DHAPPQ-ASAQ,54,0.5224344599497195,2031
005/010-Cycling-1y-AL-DHAPPQ-ASAQ,55,0.5265398907876763,2031
005/010-Cycling-1y-AL-DHAPPQ-ASAQ,56,0.3567597596917355,2031
005/010-Cycling-1y-AL-DHAPPQ-ASAQ,57,0.47463199878896245,2031
005/010-Cycling-1y-AL-DHAPPQ-ASAQ,58,0.5237475007197363,2031
005/010-Cycling-1y-AL-DHAPPQ-ASAQ,59,0.5386855212042018,2031
005/010-Cycling-1y-AL-DHAPPQ-ASAQ,60,0.5623254170832492,2031
005/010-Cycling-1y-AL-DHAPPQ-ASAQ,61,0.4757539129449349,2031
005/010-Cycling-1y-AL-DHAPPQ-ASAQ,62,0.3622984282563881,2031
005/010-Cycling-1y-AL-DHAPPQ-ASAQ,63,0.7548212271739582,2031
005/010-Cycling-1y-AL-DHAPPQ-ASAQ,64,0.5597678310919203,2031
005/010-Cycling-1y-AL-DHAPPQ-ASAQ,65,0.6364336050079483,2031
005/010-Cycling-1y-AL-DHAPPQ-ASAQ,66,0.4304927489143004,2031
005/010-Cycling-1y-AL-DHAPPQ-ASAQ,67,0.4580407064839694,2031
005/010-Cycling-1y-AL-DHAPPQ-ASAQ,68,0.45482538326070854,2031
005/010-Cycling-1y-AL-DHAPPQ-ASAQ,69,0.6221049415481462,2031
005/010-Cycling-1y-AL-DHAPPQ-ASAQ,70,0.5777798943414366,2031
005/010-Cycling-1y-AL-DHAPPQ-ASAQ,71,0.4382769602684613,2031
005/010-Cycling-1y-AL-DHAPPQ-ASAQ,72,0.5183672305203202,2031
005/010-Cycling-1y-AL-DHAPPQ-ASAQ,73,0.4863431258807042,2031
005/010-Cycling-1y-AL-DHAPPQ-ASAQ,74,0.4415567099902738,2031
005/010-Cycling-1y-AL-DHAPPQ-ASAQ,75,0.46193515105866484,2031
005/010-Cycling-1y-AL-DHAPPQ-ASAQ,76,0.5781343397691581,2031
005/010-Cycling-1y-AL-DHAPPQ-ASAQ,77,0.6320607497982039,2031
005/010-Cycling-1y-AL-DHAPPQ-ASAQ,78,0.44795736501493016,2031
005/010-Cycling-1y-AL-DHAPPQ-ASAQ,79,0.5096450742390017,2031
005/010-Cycling-1y-AL-DHAPPQ-ASAQ,80,0.4941864739633525,2031
005/010-Cycling-1y-AL-DHAPPQ-ASAQ,81,0.5929738734574589,2031
005/010-Cycling-1y-AL-DHAPPQ-ASAQ,82,0.6220334393497352,2031
005/010-Cycling-1y-AL-DHAPPQ-ASAQ,83,0.5078977112635008,2031
005/010-Cycling-1y-AL-DHAPPQ-ASAQ,84,0.5118350782280964,2031
005/010-Cycling-1y-AL-DHAPPQ-ASAQ,85,0.5364399069702965,2031
005/010-Cycling-1y-AL-DHAPPQ-ASAQ,86,0.5076349770425125,2031
005/010-Cycling-1y-AL-DHAPPQ-ASAQ,87,0.5490196301544189,2031
005/010-Cycling-1y-AL-DHAPPQ-ASAQ,88,0.5066009071996008,2031
005/010-Cycling-1y-AL-DHAPPQ-ASAQ,89,0.4352050955194955,2031
005/010-Cycling-1y-AL-DHAPPQ-ASAQ,90,0.5909340648006115,2031
005/010-Cycling-1y-AL-DHAPPQ-ASAQ,91,0.4139715533339629,2031
005/010-Cycling-1y-AL-DHAPPQ-ASAQ,92,0.5547742469980897,2031
005/010-Cycling-1y-AL-DHAPPQ-ASAQ,93,0.6020816540065458,2031
005/010-Cycling-1y-AL-DHAPPQ-ASAQ,94,0.4750880943075148,2031
005/010-Cycling-1y-AL-DHAPPQ-ASAQ,95,0.5406956930943964,2031
005/010-Cycling-1y-AL-DHAPPQ-ASAQ,96,0.6056417926559122,2031
005/010-Cycling-1y-AL-DHAPPQ-ASAQ,97,0.5429294032930091,2031
005/010-Cycling-1y-AL-DHAPPQ-ASAQ,98,0.5467322968207146,2031
005/010-Cycling-1y-AL-DHAPPQ-ASAQ,99,0.42829981459275873,2031
005/011-Cycling-1y-ASAQ-AL-DHAPPQ,0,0.6260266574291227,2031
005/011-Cycling-1y-ASAQ-AL-DHAPPQ,1,0.5172752019695427,2031
005/011-Cycling-1y-ASAQ-AL-DHAPPQ,2,0.5072328152685966,2031
005/011-Cycling-1y-ASAQ-AL-DHAPPQ,3,0.548836046831794,2031
005/011-Cycling-1y-ASAQ-AL-DHAPPQ,4,0.46915629939290954,2031
005/011-Cycling-1y-ASAQ-AL-DHAPPQ,5,0.5607829009812421,2031
005/011-Cycling-1y-ASAQ-AL-DHAPPQ,6,0.48522940695038597,2031
005/011-Cycling-1y-ASAQ-AL-DHAPPQ,7,0.48733469260303885,2031
005/011-Cycling-1y-ASAQ-AL-DHAPPQ,8,0.5722567078683165,2031
005/011-Cycling-1y-ASAQ-AL-DHAPPQ,9,0.5003558438759802,2031
005/011-Cycling-1y-ASAQ-AL-DHAPPQ,10,0.6265827501642026,2031
005/011-Cycling-1y-ASAQ-AL-DHAPPQ,11,0.4346888090443846,2031
005/011-Cycling-1y-ASAQ-AL-DHAPPQ,12,0.45629212822067294,2031
005/011-Cycling-1y-ASAQ-AL-DHAPPQ,13,0.634868625305781,2031
005/011-Cycling-1y-ASAQ-AL-DHAPPQ,14,0.4581523856695762,2031
005/011-Cycling-1y-ASAQ-AL-DHAPPQ,15,0.5490858709662781,2031
005/011-Cycling-1y-ASAQ-AL-DHAPPQ,16,0.6271415197859361,2031
005/011-Cycling-1y-ASAQ-AL-DHAPPQ,17,0.583234569436356,2031
005/011-Cycling-1y-ASAQ-AL-DHAPPQ,18,0.5695432859322485,2031
005/011-Cycling-1y-ASAQ-AL-DHAPPQ,19,0.5556446053238303,2031
005/011-Cycling-1y-ASAQ-AL-DHAPPQ,20,0.44642381140443127,2031
005/011-Cycling-1y-ASAQ-AL-DHAPPQ,21,0.5206258781226727,2031
005/011-Cycling-1y-ASAQ-AL-DHAPPQ,22,0.5010324718105553,2031
005/011-Cycling-1y-ASAQ-AL-DHAPPQ,23,0.47718184814322245,2031
005/011-Cycling-1y-ASAQ-AL-DHAPPQ,24,0.5373970463873052,2031
005/011-Cycling-1y-ASAQ-AL-DHAPPQ,25,0.5865105918711484,2031
005/011-Cycling-1y-ASAQ-AL-DHAPPQ,26,0.5469357480543432,2031
005/011-Cycling-1y-ASAQ-AL-DHAPPQ,27,0.47566041725575725,2031
005/011-Cycling-1y-ASAQ-AL-DHAPPQ,28,0.6067004674548249,2031
005/011-Cycling-1y-ASAQ-AL-DHAPPQ,29,0.5267982158070409,2031
005/011-Cycling-1y-ASAQ-AL-DHAPPQ,30,0.48603053227022913,2031
005/011-Cycling-1y-ASAQ-AL-DHAPPQ,31,0.5832984080406489,2031
005/011-Cycling-1y-ASAQ-AL-DHAPPQ,32,0.5194347653640068,2031
005/011-Cycling-1y-ASAQ-AL-DHAPPQ,33,0.4140212966394056,2031
005/011-Cycling-1y-ASAQ-AL-DHAPPQ,34,0.4844370305604199,2031
005/011-Cycling-1y-ASAQ-AL-DHAPPQ,35,0.45606917972532046,2031
005/011-Cycling-1y-ASAQ-AL-DHAPPQ,36,0.6253224835122929,2031
005/011-Cycling-1y-ASAQ-AL-DHAPPQ,37,0.5812057290048095,2031
005/011-Cycling-1y-ASAQ-AL-DHAPPQ,38,0.5482362150336829,2031
005/011-Cycling-1y-ASAQ-AL-DHAPPQ,39,0.5656451402885725,2031
005/011-Cycling-1y-ASAQ-AL-DHAPPQ,40,0.43143075070237763,2031
005/011-Cycling-1y-ASAQ-AL-DHAPPQ,41,0.4365126068716317,2031
005/011-Cycling-1y-ASAQ-AL-DHAPPQ,42,0.4605144739417737,2031
005/011-Cycling-1y-ASAQ-AL-DHAPPQ,43,0.5707205337107547,2031
005/011-Cycling-1y-ASAQ-AL-DHAPPQ,44,0.5859282667479139,2031
005/011-Cycling-1y-ASAQ-AL-DHAPPQ,45,0.5167181879644893,2031
005/011-Cycling-1y-ASAQ-AL-DHAPPQ,46,0.536262577854189,2031
005/011-Cycling-1y-ASAQ-AL-DHAPPQ,47,0.6063515491070269,2031
005/011-Cycling-1y-ASAQ-AL-DHAPPQ,48,0.47612118844757695,2031
005/011-Cycling-1y-ASAQ-AL-DHAPPQ,49,0.5752905032028939,2031
005/011-Cycling-1y-ASAQ-AL-DHAPPQ,50,0.6270245855850255,2031
005/011-Cycling-1y-ASAQ-AL-DHAPPQ,51,0.5633999460783155,2031
005/011-Cycling-1y-ASAQ-AL-DHAPPQ,52,0.5176847658983775,2031
005/011-Cycling-1y-ASAQ-AL-DHAPPQ,53,0.5036444604181094,2031
005/011-Cycling-1y-ASAQ-AL-DHAPPQ,54,0.4863510085164804,2031
005/011-Cycling-1y-ASAQ-AL-DHAPPQ,55,0.5725310299129599,2031
005/011-Cycling-1y-ASAQ-AL-DHAPPQ,56,0.5173994478507729,2031
005/011-Cycling-1y-ASAQ-AL-DHAPPQ,57,0.6170522375238631,2031
005/011-Cycling-1y-ASAQ-AL-DHAPPQ,58,0.5270472478485978,2031
005/011-Cycling-1y-ASAQ-AL-DHAPPQ,59,0.44322147020725394,2031
005/011-Cycling-1y-ASAQ-AL-DHAPPQ,60,0.4562981580852505,2031
005/011-Cycling-1y-ASAQ-AL-DHAPPQ,61,0.4986792885881301,2031
005/011-Cycling-1y-ASAQ-AL-DHAPPQ,62,0.5361263169839477,2031
005/011-Cycling-1y-ASAQ-AL-DHAPPQ,63,0.5171979936158076,2031
005/011-Cycling-1y-ASAQ-AL-DHAPPQ,64,0.6185782163144425,2031
005/011-Cycling-1y-ASAQ-AL-DHAPPQ,65,0.4862568332965194,2031
005/011-Cycling-1y-ASAQ-AL-DHAPPQ,66,0.6225317619481237,2031
005/011-Cycling-1y-ASAQ-AL-DHAPPQ,67,0.5710138021600669,2031
005/011-Cycling-1y-ASAQ-AL-DHAPPQ,68,0.5863496435620267,2031
005/011-Cycling-1y-ASAQ-AL-DHAPPQ,69,0.5981860026025339,2031
005/011-Cycling-1y-ASAQ-AL-DHAPPQ,70,0.6032389373624568,2031
005/011-Cycling-1y-ASAQ-AL-DHAPPQ,71,0.5510171598019008,2031
005/011-Cycling-1y-ASAQ-AL-DHAPPQ,72,0.48942520971571013,2031
005/011-Cycling-1y-ASAQ-AL-DHAPPQ,73,0.5118180116076009,2031
005/011-Cycling-1y-ASAQ-AL-DHAPPQ,74,0.44357424224295866,2031
005/011-Cycling-1y-ASAQ-AL-DHAPPQ,75,0.594668598187605,2031
005/011-Cycling-1y-ASAQ-AL-DHAPPQ,76,0.4261975669864242,2031
005/011-Cycling-1y-ASAQ-AL-DHAPPQ,77,0.5597367509428128,2031
005/011-Cycling-1y-ASAQ-AL-DHAPPQ,78,0.4423945586539797,2031
005/011-Cycling-1y-ASAQ-AL-DHAPPQ,79,0.5289338204695385,2031
005/011-Cycling-1y-ASAQ-AL-DHAPPQ,80,0.538794212082474,2031
005/011-Cycling-1y-ASAQ-AL-DHAPPQ,81,0.6330863487972244,2031
005/011-Cycling-1y-ASAQ-AL-DHAPPQ,82,0.5275920096967445,2031
005/011-Cycling-1y-ASAQ-AL-DHAPPQ,83,0.6427563944028901,2031
005/011-Cycling-1y-ASAQ-AL-DHAPPQ,84,0.5492377191134321,2031
005/011-Cycling-1y-ASAQ-AL-DHAPPQ,85,0.5783923044289153,2031
005/011-Cycling-1y-ASAQ-AL-DHAPPQ,86,0.4427444989831169,2031
005/011-Cycling-1y-ASAQ-AL-DHAPPQ,87,0.534343038417395,2031
005/011-Cycling-1y-ASAQ-AL-DHAPPQ,88,0.4615817794789944,2031
005/011-Cycling-1y-ASAQ-AL-DHAPPQ,89,0.5362911571072254,2031
005/011-Cycling-1y-ASAQ-AL-DHAPPQ,90,0.4871290600863028,2031
005/011-Cycling-1y-ASAQ-AL-DHAPPQ,91,0.5679362515703893,2031
005/011-Cycling-1y-ASAQ-AL-DHAPPQ,92,0.496104553872953,2031
005/011-Cycling-1y-ASAQ-AL-DHAPPQ,93,0.4281013836719456,2031
005/011-Cycling-1y-ASAQ-AL-DHAPPQ,94,0.4996271684910196,2031
005/011-Cycling-1y-ASAQ-AL-DHAPPQ,95,0.493183218354946,2031
005/011-Cycling-1y-ASAQ-AL-DHAPPQ,96,0.568758533234153,2031
005/011-Cycling-1y-ASAQ-AL-DHAPPQ,97,0.6051974126590584,2031
005/011-Cycling-1y-ASAQ-AL-DHAPPQ,98,0.5260530504932609,2031
005/011-Cycling-1y-ASAQ-AL-DHAPPQ,99,0.5819305484255813,2031
005/012-Cycling-1y-ASAQ-DHAPPQ-AL,0,0.5382827671118094,2031
005/012-Cycling-1y-ASAQ-DHAPPQ-AL,1,0.5140433693357913,2031
005/012-Cycling-1y-ASAQ-DHAPPQ-AL,2,0.45483716412533887,2031
005/012-Cycling-1y-ASAQ-DHAPPQ-AL,3,0.4510850302844121,2031
005/012-Cycling-1y-ASAQ-DHAPPQ-AL,4,0.41487474543505787,2031
005/012-Cycling-1y-ASAQ-DHAPPQ-AL,5,0.42521488882040104,2031
005/012-Cycling-1y-ASAQ-DHAPPQ-AL,6,0.4553353990610165,2031
005/012-Cycling-1y-ASAQ-DHAPPQ-AL,7,0.5075585437983159,2031
005/012-Cycling-1y-ASAQ-DHAPPQ-AL,8,0.48542647480072637,2031
005/012-Cycling-1y-ASAQ-DHAPPQ-AL,9,0.5770895661951468,2031
005/012-Cycling-1y-ASAQ-DHAPPQ-AL,10,0.4745770552613797,2031
005/012-Cycling-1y-ASAQ-DHAPPQ-AL,11,0.5212426202093486,2031
005/012-Cycling-1y-ASAQ-DHAPPQ-AL,12,0.5603994286580108,2031
005/012-Cycling-1y-ASAQ-DHAPPQ-AL,13,0.5091834333262671,2031
005/012-Cycling-1y-ASAQ-DHAPPQ-AL,14,0.5048661104744818,2031
005/012-Cycling-1y-ASAQ-DHAPPQ-AL,15,0.4918856368013307,2031
005/012-Cycling-1y-ASAQ-DHAPPQ-AL,16,0.5330246489825634,2031
005/012-Cycling-1y-ASAQ-DHAPPQ-AL,17,0.5935209063329849,2031
005/012-Cycling-1y-ASAQ-DHAPPQ-AL,18,0.5831267080897894,2031
005/012-Cycling-1y-ASAQ-DHAPPQ-AL,19,0.562280053948238,2031
005/012-Cycling-1y-ASAQ-DHAPPQ-AL,20,0.5183973492112676,2031
005/012-Cycling-1y-ASAQ-DHAPPQ-AL,21,0.5940717058449448,2031
005/012-Cycling-1y-ASAQ-DHAPPQ-AL,22,0.49654533165013626,2031
005/012-Cycling-1y-ASAQ-DHAPPQ-AL,23,0.5578500261753181,2031
005/012-Cycling-1y-ASAQ-DHAPPQ-AL,24,0.46911603682798425,2031
005/012-Cycling-1y-ASAQ-DHAPPQ-AL,25,0.5620938564005529,2031
005/012-Cycling-1y-ASAQ-DHAPPQ-AL,26,0.5141987353976115,2031
005/012-Cycling-1y-ASAQ-DHAPPQ-AL,27,0.47052627910752903,2031
005/012-Cycling-1y-ASAQ-DHAPPQ-AL,28,0.5204888517545796,2031
005/012-Cycling-1y-ASAQ-DHAPPQ-AL,29,0.5606815208471894,2031
005/012-Cycling-1y-ASAQ-DHAPPQ-AL,30,0.506766683847009,2031
005/012-Cycling-1y-ASAQ-DHAPPQ-AL,31,0.5781440307731721,2031
005/012-Cycling-1y-ASAQ-DHAPPQ-AL,32,0.44601469572127855,2031
005/012-Cycling-1y-ASAQ-DHAPPQ-AL,33,0.43711564320984153,2031
005/012-Cycling-1y-ASAQ-DHAPPQ-AL,34,0.4617781385554733,2031
005/012-Cycling-1y-ASAQ-DHAPPQ-AL,35,0.5144265310564539,2031
005/012-Cycling-1y-ASAQ-DHAPPQ-AL,36,0.5650075844090409,2031
005/012-Cycling-1y-ASAQ-DHAPPQ-AL,37,0.4078564874772286,2031
005/012-Cycling-1y-ASAQ-DHAPPQ-AL,38,0.4640616897709064,2031
005/012-Cycling-1y-ASAQ-DHAPPQ-AL,39,0.5486143868606377,2031
005/012-Cycling-1y-ASAQ-DHAPPQ-AL,40,0.5339359750854439,2031
005/012-Cycling-1y-ASAQ-DHAPPQ-AL,41,0.47017741347368674,2031
005/012-Cycling-1y-ASAQ-DHAPPQ-AL,42,0.541091756754411,2031
005/012-Cycling-1y-ASAQ-DHAPPQ-AL,43,0.6352004319120227,2031
005/012-Cycling-1y-ASAQ-DHAPPQ-AL,44,0.4915865982086503,2031
005/012-Cycling-1y-ASAQ-DHAPPQ-AL,45,0.554241205776959,2031
005/012-Cycling-1y-ASAQ-DHAPPQ-AL,46,0.5884110264557071,2031
005/012-Cycling-1y-ASAQ-DHAPPQ-AL,47,0.5063337686153999,2031
005/012-Cycling-1y-ASAQ-DHAPPQ-AL,48,0.5149282188788756,2031
005/012-Cycling-1y-ASAQ-DHAPPQ-AL,49,0.4616376540080918,2031
005/012-Cycling-1y-ASAQ-DHAPPQ-AL,50,0.45941466026109606,2031
005/012-Cycling-1y-ASAQ-DHAPPQ-AL,51,0.523452392398674,2031
005/012-Cycling-1y-ASAQ-DHAPPQ-AL,52,0.396890657857002,2031
005/012-Cycling-1y-ASAQ-DHAPPQ-AL,53,0.5065368315423951,2031
005/012-Cycling-1y-ASAQ-DHAPPQ-AL,54,0.5650590923530644,2031
005/012-Cycling-1y-ASAQ-DHAPPQ-AL,55,0.5597115014337559,2031
005/012-Cycling-1y-ASAQ-DHAPPQ-AL,56,0.42607747130867984,2031
005/012-Cycling-1y-ASAQ-DHAPPQ-AL,57,0.5884439537611613,2031
005/012-Cycling-1y-ASAQ-DHAPPQ-AL,58,0.43359866112167517,2031
005/012-Cycling-1y-ASAQ-DHAPPQ-AL,59,0.41927632355413835,2031
005/012-Cycling-1y-ASAQ-DHAPPQ-AL,60,0.4139558113694699,2031
005/012-Cycling-1y-ASAQ-DHAPPQ-AL,61,0.5268091089090282,2031
005/012-Cycling-1y-ASAQ-DHAPPQ-AL,62,0.6002382043607439,2031
005/012-Cycling-1y-ASAQ-DHAPPQ-AL,63,0.5142135687458618,2031
005/012-Cycling-1y-ASAQ-DHAPPQ-AL,64,0.48156138897729406,2031
005/012-Cycling-1y-ASAQ-DHAPPQ-AL,65,0.5797289727251996,2031
005/012-Cycling-1y-ASAQ-DHAPPQ-AL,66,0.4772291182654838,2031
005/012-Cycling-1y-ASAQ-DHAPPQ-AL,67,0.5186103853763333,2031
005/012-Cycling-1y-ASAQ-DHAPPQ-AL,68,0.5407745415387131,2031
005/012-Cycling-1y-ASAQ-DHAPPQ-AL,69,0.42305328549329096,2031
005/012-Cycling-1y-ASAQ-DHAPPQ-AL,70,0.5100540727308666,2031
005/012-Cycling-1y-ASAQ-DHAPPQ-AL,71,0.48735240826426107,2031
005/012-Cycling-1y-ASAQ-DHAPPQ-AL,72,0.47611479391550465,2031
005/012-Cycling-1y-ASAQ-DHAPPQ-AL,73,0.5394559612469271,2031
005/012-Cycling-1y-ASAQ-DHAPPQ-AL,74,0.44163490546250417,2031
005/012-Cycling-1y-ASAQ-DHAPPQ-AL,75,0.6088995324744484,2031
005/012-Cycling-1y-ASAQ-DHAPPQ-AL,76,0.6055877507039958,2031
005/012-Cycling-1y-ASAQ-DHAPPQ-AL,77,0.5424842860090279,2031
005/012-Cycling-1y-ASAQ-DHAPPQ-AL,78,0.49579070621238497,2031
005/012-Cycling-1y-ASAQ-DHAPPQ-AL,79,0.5419246549726527,2031
005/012-Cycling-1y-ASAQ-DHAPPQ-AL,80,0.4405995191794357,2031
005/012-Cycling-1y-ASAQ-DHAPPQ-AL,81,0.5414736223094142,2031
005/012-Cycling-1y-ASAQ-DHAPPQ-AL,82,0.49095343957570564,2031
005/012-Cycling-1y-ASAQ-DHAPPQ-AL,83,0.5094800488807717,2031
005/012-Cycling-1y-ASAQ-DHAPPQ-AL,84,0.5277502416395993,2031
005/012-Cycling-1y-ASAQ-DHAPPQ-AL,85,0.482271628002465,2031
005/012-Cycling-1y-ASAQ-DHAPPQ-AL,86,0.4368850526879804,2031
005/012-Cycling-1y-ASAQ-DHAPPQ-AL,87,0.5489944338941005,2031
005/012-Cycling-1y-ASAQ-DHAPPQ-AL,88,0.6261348985391278,2031
005/012-Cycling-1y-ASAQ-DHAPPQ-AL,89,0.5934020699851003,2031
005/012-Cycling-1y-ASAQ-DHAPPQ-AL,90,0.4470397303730975,2031
005/012-Cycling-1y-ASAQ-DHAPPQ-AL,91,0.4580429653276857,2031
005/012-Cycling-1y-ASAQ-DHAPPQ-AL,92,0.45646760312074935,2031
005/012-Cycling-1y-ASAQ-DHAPPQ-AL,93,0.4229392308384347,2031
005/012-Cycling-1y-ASAQ-DHAPPQ-AL,94,0.5721678108052357,2031
005/012-Cycling-1y-ASAQ-DHAPPQ-AL,95,0.5913933426766179,2031
005/012-Cycling-1y-ASAQ-DHAPPQ-AL,96,0.6084374001384615,2031
005/012-Cycling-1y-ASAQ-DHAPPQ-AL,97,0.4662382633848119,2031
005/012-Cycling-1y-ASAQ-DHAPPQ-AL,98,0.5486494649533941,2031
005/012-Cycling-1y-ASAQ-DHAPPQ-AL,99,0.5995777486922109,2031
005/013-Cycling-1y-DHAPPQ-AL-ASAQ,0,0.5251854580164759,2031
005/013-Cycling-1y-DHAPPQ-AL-ASAQ,1,0.5202302245975375,2031
005/013-Cycling-1y-DHAPPQ-AL-ASAQ,2,0.518326818471883,2031
005/013-Cycling-1y-DHAPPQ-AL-ASAQ,3,0.48712745674644103,2031
005/013-Cycling-1y-DHAPPQ-AL-ASAQ,4,0.6008831726383326,2031
005/013-Cycling-1y-DHAPPQ-AL-ASAQ,5,0.5087272950955498,2031
005/013-Cycling-1y-DHAPPQ-AL-ASAQ,6,0.40140267925612694,2031
005/013-Cycling-1y-DHAPPQ-AL-ASAQ,7,0.5164745067044821,2031
005/013-Cycling-1y-DHAPPQ-AL-ASAQ,8,0.5904629325242069,2031
005/013-Cycling-1y-DHAPPQ-AL-ASAQ,9,0.49221829301224956,2031
005/013-Cycling-1y-DHAPPQ-AL-ASAQ,10,0.5309981596776748,2031
005/013-Cycling-1y-DHAPPQ-AL-ASAQ,11,0.5009805313676179,2031
005/013-Cycling-1y-DHAPPQ-AL-ASAQ,12,0.507538913610588,2031
005/013-Cycling-1y-DHAPPQ-AL-ASAQ,13,0.5309409151568377,2031
005/013-Cycling-1y-DHAPPQ-AL-ASAQ,14,0.4905880785160353,2031
005/013-Cycling-1y-DHAPPQ-AL-ASAQ,15,0.42985614646439857,2031
005/013-Cycling-1y-DHAPPQ-AL-ASAQ,16,0.48182460852120856,2031
005/013-Cycling-1y-DHAPPQ-AL-ASAQ,17,0.5474555870893512,2031
005/013-Cycling-1y-DHAPPQ-AL-ASAQ,18,0.7027944875658992,2031
005/013-Cycling-1y-DHAPPQ-AL-ASAQ,19,0.5636375989984518,2031
005/013-Cycling-1y-DHAPPQ-AL-ASAQ,20,0.5940628281047287,2031
005/013-Cycling-1y-DHAPPQ-AL-ASAQ,21,0.5273990269219281,2031
005/013-Cycling-1y-DHAPPQ-AL-ASAQ,22,0.46625276089013995,2031
005/013-Cycling-1y-DHAPPQ-AL-ASAQ,23,0.5389494865499214,2031
005/013-Cycling-1y-DHAPPQ-AL-ASAQ,24,0.5374945488712307,2031
005/013-Cycling-1y-DHAPPQ-AL-ASAQ,25,0.6609306962565015,2031
005/013-Cycling-1y-DHAPPQ-AL-ASAQ,26,0.4668867540624002,2031
005/013-Cycling-1y-DHAPPQ-AL-ASAQ,27,0.44031875707026785,2031
005/013-Cycling-1y-DHAPPQ-AL-ASAQ,28,0.625600819897232,2031
005/013-Cycling-1y-DHAPPQ-AL-ASAQ,29,0.5585171643229555,2031
005/013-Cycling-1y-DHAPPQ-AL-ASAQ,30,0.527772239232798,2031
005/013-Cycling-1y-DHAPPQ-AL-ASAQ,31,0.49313817731772347,2031
005/013-Cycling-1y-DHAPPQ-AL-ASAQ,32,0.5198646519851623,2031
005/013-Cycling-1y-DHAPPQ-AL-ASAQ,33,0.465356316858008,2031
005/013-Cycling-1y-DHAPPQ-AL-ASAQ,34,0.5083046443584972,2031
005/013-Cycling-1y-DHAPPQ-AL-ASAQ,35,0.560567632674904,2031
005/013-Cycling-1y-DHAPPQ-AL-ASAQ,36,0.47424448806123626,2031
005/013-Cycling-1y-DHAPPQ-AL-ASAQ,37,0.5837302119186661,2031
005/013-Cycling-1y-DHAPPQ-AL-ASAQ,38,0.5104173650893439,2031
005/013-Cycling-1y-DHAPPQ-AL-ASAQ,39,0.48332034965030024,2031
005/013-Cycling-1y-DHAPPQ-AL-ASAQ,40,0.5374677635776083,2031
005/013-Cycling-1y-DHAPPQ-AL-ASAQ,41,0.6023905353954707,2031
005/013-Cycling-1y-DHAPPQ-AL-ASAQ,42,0.5129195886568884,2031
005/013-Cycling-1y-DHAPPQ-AL-ASAQ,43,0.5319559801611164,2031
005/013-Cycling-1y-DHAPPQ-AL-ASAQ,44,0.5095018694211418,2031
005/013-Cycling-1y-DHAPPQ-AL-ASAQ,45,0.6769703480077398,2031
005/013-Cycling-1y-DHAPPQ-AL-ASAQ,46,0.5640395336851164,2031
005/013-Cycling-1y-DHAPPQ-AL-ASAQ,47,0.524015937945597,2031
005/013-Cycling-1y-DHAPPQ-AL-ASAQ,48,0.5386944035047964,2031
005/013-Cycling-1y-DHAPPQ-AL-ASAQ,49,0.6281889954440527,2031
005/013-Cycling-1y-DHAPPQ-AL-ASAQ,50,0.5792245536735083,2031
005/013-Cycling-1y-DHAPPQ-AL-ASAQ,51,0.4739475587391449,2031
005/013-Cycling-1y-DHAPPQ-AL-ASAQ,52,0.47788484558868,2031
005/013-Cycling-1y-DHAPPQ-AL-ASAQ,53,0.4608874224509529,2031
005/013-Cycling-1y-DHAPPQ-AL-ASAQ,54,0.5913543161267129,2031
005/013-Cycling-1y-DHAPPQ-AL-ASAQ,55,0.4759300244810348,2031
005/013-Cycling-1y-DHAPPQ-AL-ASAQ,56,0.5630611111272731,2031
005/013-Cycling-1y-DHAPPQ-AL-ASAQ,57,0.6192315816735626,2031
005/013-Cycling-1y-DHAPPQ-AL-ASAQ,58,0.518306315340384,2031
005/013-Cycling-1y-DHAPPQ-AL-ASAQ,59,0.6392769202809867,2031
005/013-Cycling-1y-DHAPPQ-AL-ASAQ,60,0.5893940258585406,2031
005/013-Cycling-1y-DHAPPQ-AL-ASAQ,61,0.48721857884487113,2031
005/013-Cycling-1y-DHAPPQ-AL-ASAQ,62,0.6003159671649518,2031
005/013-Cycling-1y-DHAPPQ-AL-ASAQ,63,0.4773884681563683,2031
005/013-Cycling-1y-DHAPPQ-AL-ASAQ,64,0.4984048693543346,2031
005/013-Cycling-1y-DHAPPQ-AL-ASAQ,65,0.543776694110171,2031
005/013-Cycling-1y-DHAPPQ-AL-ASAQ,66,0.47231350610980066,2031
005/013-Cycling-1y-DHAPPQ-AL-ASAQ,67,0.5219845306807313,2031
005/013-Cycling-1y-DHAPPQ-AL-ASAQ,68,0.459875346182796,2031
005/013-Cycling-1y-DHAPPQ-AL-ASAQ,69,0.43800336430521,2031
005/013-Cycling-1y-DHAPPQ-AL-ASAQ,70,0.5197837113222061,2031
005/013-Cycling-1y-DHAPPQ-AL-ASAQ,71,0.6291730801709131,2031
005/013-Cycling-1y-DHAPPQ-AL-ASAQ,72,0.5820045953152709,2031
005/013-Cycling-1y-DHAPPQ-AL-ASAQ,73,0.4636773253575039,2031
005/013-Cycling-1y-DHAPPQ-AL-ASAQ,74,0.5291222245203976,2031
005/013-Cycling-1y-DHAPPQ-AL-ASAQ,75,0.49653841534887455,2031
005/013-Cycling-1y-DHAPPQ-AL-ASAQ,76,0.4745515343275555,2031
005/013-Cycling-1y-DHAPPQ-AL-ASAQ,77,0.6254494328165677,2031
005/013-Cycling-1y-DHAPPQ-AL-ASAQ,78,0.5649020348447227,2031
005/013-Cycling-1y-DHAPPQ-AL-ASAQ,79,0.5304463312481694,2031
005/013-Cycling-1y-DHAPPQ-AL-ASAQ,80,0.5985753991549903,2031
005/013-Cycling-1y-DHAPPQ-AL-ASAQ,81,0.5214448467879467,2031
005/013-Cycling-1y-DHAPPQ-AL-ASAQ,82,0.5364080393123746,2031
005/013-Cycling-1y-DHAPPQ-AL-ASAQ,83,0.49500776117472456,2031
005/013-Cycling-1y-DHAPPQ-AL-ASAQ,84,0.513940223280361,2031
005/013-Cycling-1y-DHAPPQ-AL-ASAQ,85,0.5488714969611498,2031
005/013-Cycling-1y-DHAPPQ-AL-ASAQ,86,0.4675521062922811,2031
005/013-Cycling-1y-DHAPPQ-AL-ASAQ,87,0.5769399063670391,2031
005/013-Cycling-1y-DHAPPQ-AL-ASAQ,88,0.5025480025934608,2031
005/013-Cycling-1y-DHAPPQ-AL-ASAQ,89,0.4821012070517257,2031
005/013-Cycling-1y-DHAPPQ-AL-ASAQ,90,0.495825904928986,2031
005/013-Cycling-1y-DHAPPQ-AL-ASAQ,91,0.5288053217155293,2031
005/013-Cycling-1y-DHAPPQ-AL-ASAQ,92,0.560014480745939,2031
005/013-Cycling-1y-DHAPPQ-AL-ASAQ,93,0.42894180518486563,2031
005/013-Cycling-1y-DHAPPQ-AL-ASAQ,94,0.526453588376502,2031
005/013-Cycling-1y-DHAPPQ-AL-ASAQ,95,0.43669647117254273,2031
005/013-Cycling-1y-DHAPPQ-AL-ASAQ,96,0.5456729575813698,2031
005/013-Cycling-1y-DHAPPQ-AL-ASAQ,97,0.6271811700852531,2031
005/013-Cycling-1y-DHAPPQ-AL-ASAQ,98,0.42835796951843147,2031
005/013-Cycling-1y-DHAPPQ-AL-ASAQ,99,0.5016303483690129,2031
005/014-Cycling-1y-DHAPPQ-ASAQ-AL,0,0.5046959532928521,2031
005/014-Cycling-1y-DHAPPQ-ASAQ-AL,1,0.4958229786455897,2031
005/014-Cycling-1y-DHAPPQ-ASAQ-AL,2,0.5410373070966644,2031
005/014-Cycling-1y-DHAPPQ-ASAQ-AL,3,0.45340095380025075,2031
005/014-Cycling-1y-DHAPPQ-ASAQ-AL,4,0.46158661620991986,2031
005/014-Cycling-1y-DHAPPQ-ASAQ-AL,5,0.48210234203117475,2031
005/014-Cycling-1y-DHAPPQ-ASAQ-AL,6,0.49233913249721817,2031
005/014-Cycling-1y-DHAPPQ-ASAQ-AL,7,0.4462627311396546,2031
005/014-Cycling-1y-DHAPPQ-ASAQ-AL,8,0.482451916274669,2031
005/014-Cycling-1y-DHAPPQ-ASAQ-AL,9,0.5307823434193346,2031
005/014-Cycling-1y-DHAPPQ-ASAQ-AL,10,0.4730285328564913,2031
005/014-Cycling-1y-DHAPPQ-ASAQ-AL,11,0.4484550157588549,2031
005/014-Cycling-1y-DHAPPQ-ASAQ-AL,12,0.5589432812470827,2031
005/014-Cycling-1y-DHAPPQ-ASAQ-AL,13,0.5312000399725025,2031
005/014-Cycling-1y-DHAPPQ-ASAQ-AL,14,0.4484427957998987,2031
005/014-Cycling-1y-DHAPPQ-ASAQ-AL,15,0.4221311350596544,2031
005/014-Cycling-1y-DHAPPQ-ASAQ-AL,16,0.5442897567436866,2031
005/014-Cycling-1y-DHAPPQ-ASAQ-AL,17,0.549410851797337,2031
005/014-Cycling-1y-DHAPPQ-ASAQ-AL,18,0.44386000379746343,2031
005/014-Cycling-1y-DHAPPQ-ASAQ-AL,19,0.5404000697791894,2031
005/014-Cycling-1y-DHAPPQ-ASAQ-AL,20,0.41230272530195683,2031
005/014-Cycling-1y-DHAPPQ-ASAQ-AL,21,0.5319847191016777,2031
005/014-Cycling-1y-DHAPPQ-ASAQ-AL,22,0.4513023593052738,2031
005/014-Cycling-1y-DHAPPQ-ASAQ-AL,23,0.36950939450105874,2031
005/014-Cycling-1y-DHAPPQ-ASAQ-AL,24,0.40777517702705474,2031
005/014-Cycling-1y-DHAPPQ-ASAQ-AL,25,0.47932473908630097,2031
005/014-Cycling-1y-DHAPPQ-ASAQ-AL,26,0.41682958582944013,2031
005/014-Cycling-1y-DHAPPQ-ASAQ-AL,27,0.5170086106241084,2031
005/014-Cycling-1y-DHAPPQ-ASAQ-AL,28,0.5591590343664327,2031
005/014-Cycling-1y-DHAPPQ-ASAQ-AL,29,0.37730909977116284,2031
005/014-Cycling-1y-DHAPPQ-ASAQ-AL,30,0.43294660926506684,2031
005/014-Cycling-1y-DHAPPQ-ASAQ-AL,31,0.3784386641816573,2031
005/014-Cycling-1y-DHAPPQ-ASAQ-AL,32,0.44813519226534665,2031
005/014-Cycling-1y-DHAPPQ-ASAQ-AL,33,0.5597984256470694,2031
005/014-Cycling-1y-DHAPPQ-ASAQ-AL,34,0.44323010315144606,2031
005/014-Cycling-1y-DHAPPQ-ASAQ-AL,35,0.5321077532295989,2031
005/014-Cycling-1y-DHAPPQ-ASAQ-AL,36,0.4941772038307226,2031
005/014-Cycling-1y-DHAPPQ-ASAQ-AL,37,0.6234749058482322,2031
005/014-Cycling-1y-DHAPPQ-ASAQ-AL,38,0.44612397556416167,2031
005/014-Cycling-1y-DHAPPQ-ASAQ-AL,39,0.5336524013773334,2031
005/014-Cycling-1y-DHAPPQ-ASAQ-AL,40,0.535770774493694,2031
005/014-Cycling-1y-DHAPPQ-ASAQ-AL,41,0.5376904398794865,2031
005/014-Cycling-1y-DHAPPQ-ASAQ-AL,42,0.4432623999927841,2031
005/014-Cycling-1y-DHAPPQ-ASAQ-AL,43,0.5692796998240087,2031
005/014-Cycling-1y-DHAPPQ-ASAQ-AL,44,0.3965441509706653,2031
005/014-Cycling-1y-DHAPPQ-ASAQ-AL,45,0.5639623150310974,2031
005/014-Cycling-1y-DHAPPQ-ASAQ-AL,46,0.5017032432016922,2031
005/014-Cycling-1y-DHAPPQ-ASAQ-AL,47,0.5195098572734124,2031
005/014-Cycling-1y-DHAPPQ-ASAQ-AL,48,0.4792023449830549,2031
005/014-Cycling-1y-DHAPPQ-ASAQ-AL,49,0.540451777575442,2031
005/014-Cycling-1y-DHAPPQ-ASAQ-AL,50,0.5287520640527678,2031
005/014-Cycling-1y-DHAPPQ-ASAQ-AL,51,0.44450658841602536,2031
005/014-Cycling-1y-DHAPPQ-ASAQ-AL,52,0.465814809241796,2031
005/014-Cycling-1y-DHAPPQ-ASAQ-AL,53,0.55106079483972,2031
005/014-Cycling-1y-DHAPPQ-ASAQ-AL,54,0.40242176146738134,2031
005/014-Cycling-1y-DHAPPQ-ASAQ-AL,55,0.45491578750281175,2031
005/014-Cycling-1y-DHAPPQ-ASAQ-AL,56,0.5391494712136914,2031
005/014-Cycling-1y-DHAPPQ-ASAQ-AL,57,0.5384176780353706,2031
005/014-Cycling-1y-DHAPPQ-ASAQ-AL,58,0.4576743838666437,2031
005/014-Cycling-1y-DHAPPQ-ASAQ-AL,59,0.4161551064487968,2031
005/014-Cycling-1y-DHAPPQ-ASAQ-AL,60,0.49924618514631125,2031
005/014-Cycling-1y-DHAPPQ-ASAQ-AL,61,0.4774651337825329,2031
005/014-Cycling-1y-DHAPPQ-ASAQ-AL,62,0.5489894769755785,2031
005/014-Cycling-1y-DHAPPQ-ASAQ-AL,63,0.49253346654511754,2031
005/014-Cycling-1y-DHAPPQ-ASAQ-AL,64,0.5220819809055036,2031
005/014-Cycling-1y-DHAPPQ-ASAQ-AL,65,0.41570942920237935,2031
005/014-Cycling-1y-DHAPPQ-ASAQ-AL,66,0.5281082255850338,2031
005/014-Cycling-1y-DHAPPQ-ASAQ-AL,67,0.5036156833326738,2031
005/014-Cycling-1y-DHAPPQ-ASAQ-AL,68,0.4350938588573527,2031
005/014-Cycling-1y-DHAPPQ-ASAQ-AL,69,0.5067701360143096,2031
005/014-Cycling-1y-DHAPPQ-ASAQ-AL,70,0.4409428398578954,2031
005/014-Cycling-1y-DHAPPQ-ASAQ-AL,71,0.5289795690775336,2031
005/014-Cycling-1y-DHAPPQ-ASAQ-AL,72,0.416191478383086,2031
005/014-Cycling-1y-DHAPPQ-ASAQ-AL,73,0.5019319751939477,2031
005/014-Cycling-1y-DHAPPQ-ASAQ-AL,74,0.5183925588699734,2031
005/014-Cycling-1y-DHAPPQ-ASAQ-AL,75,0.5301372450808824,2031
005/014-Cycling-1y-DHAPPQ-ASAQ-AL,76,0.5159950286172116,2031
005/014-Cycling-1y-DHAPPQ-ASAQ-AL,77,0.5445145004405499,2031
005/014-Cycling-1y-DHAPPQ-ASAQ-AL,78,0.4826126486626188,2031
005/014-Cycling-1y-DHAPPQ-ASAQ-AL,79,0.4707959229656162,2031
005/014-Cycling-1y-DHAPPQ-ASAQ-AL,80,0.5889949578341518,2031
005/014-Cycling-1y-DHAPPQ-ASAQ-AL,81,0.5182634125311815,2031
005/014-Cycling-1y-DHAPPQ-ASAQ-AL,82,0.4804374431036757,2031
005/014-Cycling-1y-DHAPPQ-ASAQ-AL,83,0.5613775034090864,2031
005/014-Cycling-1y-DHAPPQ-ASAQ-AL,84,0.5001960287795191,2031
005/014-Cycling-1y-DHAPPQ-ASAQ-AL,85,0.5227186609084772,2031
005/014-Cycling-1y-DHAPPQ-ASAQ-AL,86,0.4588113624841818,2031
005/014-Cycling-1y-DHAPPQ-ASAQ-AL,87,0.47893007637149343,2031
005/014-Cycling-1y-DHAPPQ-ASAQ-AL,88,0.4894913456831424,2031
005/014-Cycling-1y-DHAPPQ-ASAQ-AL,89,0.3679249596727261,2031
005/014-Cycling-1y-DHAPPQ-ASAQ-AL,90,0.42228646031358474,2031
005/014-Cycling-1y-DHAPPQ-ASAQ-AL,91,0.4807767543002565,2031
005/014-Cycling-1y-DHAPPQ-ASAQ-AL,92,0.40253807617428367,2031
005/014-Cycling-1y-DHAPPQ-ASAQ-AL,93,0.5949086092143606,2031
005/014-Cycling-1y-DHAPPQ-ASAQ-AL,94,0.4685518705079219,2031
005/014-Cycling-1y-DHAPPQ-ASAQ-AL,95,0.40658305573100845,2031
005/014-Cycling-1y-DHAPPQ-ASAQ-AL,96,0.533511986680565,2031
005/014-Cycling-1y-DHAPPQ-ASAQ-AL,97,0.5670788173452571,2031
005/014-Cycling-1y-DHAPPQ-ASAQ-AL,98,0.4688717077507614,2031
005/014-Cycling-1y-DHAPPQ-ASAQ-AL,99,0.46815470723458535,2031
005/015-Cycling-2y-AL-ASAQ,0,0.5426108204553264,2031
005/015-Cycling-2y-AL-ASAQ,1,0.6336118468370745,2031
005/015-Cycling-2y-AL-ASAQ,2,0.6843230284157409,2031
005/015-Cycling-2y-AL-ASAQ,3,0.6365202877715153,2031
005/015-Cycling-2y-AL-ASAQ,4,0.5233761660541549,2031
005/015-Cycling-2y-AL-ASAQ,5,0.6446057273695002,2031
005/015-Cycling-2y-AL-ASAQ,6,0.5985043108225241,2031
005/015-Cycling-2y-AL-ASAQ,7,0.6661137416279401,2031
005/015-Cycling-2y-AL-ASAQ,8,0.5742426257557576,2031
005/015-Cycling-2y-AL-ASAQ,9,0.5424354781679293,2031
005/015-Cycling-2y-AL-ASAQ,10,0.6369437230141011,2031
005/015-Cycling-2y-AL-ASAQ,11,0.5512261601054965,2031
005/015-Cycling-2y-AL-ASAQ,12,0.6025752480124263,2031
005/015-Cycling-2y-AL-ASAQ,13,0.5076405772626451,2031
005/015-Cycling-2y-AL-ASAQ,14,0.564425773725403,2031
005/015-Cycling-2y-AL-ASAQ,15,0.6353804452554687,2031
005/015-Cycling-2y-AL-ASAQ,16,0.5299971628374688,2031
005/015-Cycling-2y-AL-ASAQ,17,0.659738732023157,2031
005/015-Cycling-2y-AL-ASAQ,18,0.5955031568806742,2031
005/015-Cycling-2y-AL-ASAQ,19,0.557418881652694,2031
005/015-Cycling-2y-AL-ASAQ,20,0.6076796870071968,2031
005/015-Cycling-2y-AL-ASAQ,21,0.6422587200226668,2031
005/015-Cycling-2y-AL-ASAQ,22,0.6382898889990037,2031
005/015-Cycling-2y-AL-ASAQ,23,0.6394755649510283,2031
005/015-Cycling-2y-AL-ASAQ,24,0.5339878927971995,2031
005/015-Cycling-2y-AL-ASAQ,25,0.5762338367706449,2031
005/015-Cycling-2y-AL-ASAQ,26,0.6267040120818747,2031
005/015-Cycling-2y-AL-ASAQ,27,0.7140709982843784,2031
005/015-Cycling-2y-AL-ASAQ,28,0.7614693783390546,2031
005/015-Cycling-2y-AL-ASAQ,29,0.6916358418409804,2031
005/015-Cycling-2y-AL-ASAQ,30,0.5741482693409842,2031
005/015-Cycling-2y-AL-ASAQ,31,0.5760662008145622,2031
005/015-Cycling-2y-AL-ASAQ,32,0.6431291324482952,2031
005/015-Cycling-2y-AL-ASAQ,33,0.5901941554745321,2031
005/015-Cycling-2y-AL-ASAQ,34,0.6181527816380554,2031
005/015-Cycling-2y-AL-ASAQ,35,0.6137633636963257,2031
005/015-Cycling-2y-AL-ASAQ,36,0.6699605176305113,2031
005/015-Cycling-2y-AL-ASAQ,37,0.5803156802655024,2031
005/015-Cycling-2y-AL-ASAQ,38,0.8033628521898194,2031
005/015-Cycling-2y-AL-ASAQ,39,0.6204417653789472,2031
005/015-Cycling-2y-AL-ASAQ,40,0.47886484610540464,2031
005/015-Cycling-2y-AL-ASAQ,41,0.5450752299622457,2031
005/015-Cycling-2y-AL-ASAQ,42,0.6405565264321422,2031
005/015-Cycling-2y-AL-ASAQ,43,0.6108165536022724,2031
005/015-Cycling-2y-AL-ASAQ,44,0.6495502725220711,2031
005/015-Cycling-2y-AL-ASAQ,45,0.6818907582856264,2031
005/015-Cycling-2y-AL-ASAQ,46,0.6342030476585455,2031
005/015-Cycling-2y-AL-ASAQ,47,0.5527587336954359,2031
005/015-Cycling-2y-AL-ASAQ,48,0.6024707278972447,2031
005/015-Cycling-2y-AL-ASAQ,49,0.4836182631546934,2031
005/015-Cycling-2y-AL-ASAQ,50,0.6986643052324366,2031
005/015-Cycling-2y-AL-ASAQ,51,0.7117115458658549,2031
005/015-Cycling-2y-AL-ASAQ,52,0.655183604681909,2031
005/015-Cycling-2y-AL-ASAQ,53,0.7565170921783491,2031
005/015-Cycling-2y-AL-ASAQ,54,0.8153955263438922,2031
005/015-Cycling-2y-AL-ASAQ,55,0.6743060365903119,2031
005/015-Cycling-2y-AL-ASAQ,56,0.6538004222720845,2031
005/015-Cycling-2y-AL-ASAQ,57,0.62725299454278,2031
005/015-Cycling-2y-AL-ASAQ,58,0.6385442676683483,2031
005/015-Cycling-2y-AL-ASAQ,59,0.6626325333780743,2031
005/015-Cycling-2y-AL-ASAQ,60,0.5685557803212528,2031
005/015-Cycling-2y-AL-ASAQ,61,0.6244309490046338,2031
005/015-Cycling-2y-AL-ASAQ,62,0.5949250962767135,2031
005/015-Cycling-2y-AL-ASAQ,63,0.5520863674002993,2031
005/015-Cycling-2y-AL-ASAQ,64,0.5982128380713253,2031
005/015-Cycling-2y-AL-ASAQ,65,0.6402397154793759,2031
005/015-Cycling-2y-AL-ASAQ,66,0.7047308417839843,2031
005/015-Cycling-2y-AL-ASAQ,67,0.6477948878251601,2031
005/015-Cycling-2y-AL-ASAQ,68,0.64660757076297,2031
005/015-Cycling-2y-AL-ASAQ,69,0.6702223863962216,2031
005/015-Cycling-2y-AL-ASAQ,70,0.5945843183663632,2031
005/015-Cycling-2y-AL-ASAQ,71,0.577447927337229,2031
005/015-Cycling-2y-AL-ASAQ,72,0.6984909336368493,2031
005/015-Cycling-2y-AL-ASAQ,73,0.6855620396002773,2031
005/015-Cycling-2y-AL-ASAQ,74,0.698675794923659,2031
005/015-Cycling-2y-AL-ASAQ,75,0.6279174722283638,2031
005/015-Cycling-2y-AL-ASAQ,76,0.6518461193484597,2031
005/015-Cycling-2y-AL-ASAQ,77,0.657566418795312,2031
005/015-Cycling-2y-AL-ASAQ,78,0.5585413709319992,2031
005/015-Cycling-2y-AL-ASAQ,79,0.6447227125061478,2031
005/015-Cycling-2y-AL-ASAQ,80,0.46586518048086667,2031
005/015-Cycling-2y-AL-ASAQ,81,0.6308900355551061,2031
005/015-Cycling-2y-AL-ASAQ,82,0.8054627097944412,2031
005/015-Cycling-2y-AL-ASAQ,83,0.6379701368345531,2031
005/015-Cycling-2y-AL-ASAQ,84,0.6125257440644508,2031
005/015-Cycling-2y-AL-ASAQ,85,0.6893156799053471,2031
005/015-Cycling-2y-AL-ASAQ,86,0.7052051260564989,2031
005/015-Cycling-2y-AL-ASAQ,87,0.5811443085764121,2031
005/015-Cycling-2y-AL-ASAQ,88,0.5752367384482026,2031
005/015-Cycling-2y-AL-ASAQ,89,0.5712365369987297,2031
005/015-Cycling-2y-AL-ASAQ,90,0.6794343414040788,2031
005/015-Cycling-2y-AL-ASAQ,91,0.5680134015418347,2031
005/015-Cycling-2y-AL-ASAQ,92,0.6231752360289095,2031
005/015-Cycling-2y-AL-ASAQ,93,0.6317878827408457,2031
005/015-Cycling-2y-AL-ASAQ,94,0.563735654254723,2031
005/015-Cycling-2y-AL-ASAQ,95,0.6228485130722826,2031
005/015-Cycling-2y-AL-ASAQ,96,0.6449054198760543,2031
005/015-Cycling-2y-AL-ASAQ,97,0.5434359833478203,2031
005/015-Cycling-2y-AL-ASAQ,98,0.6145794062644799,2031
005/015-Cycling-2y-AL-ASAQ,99,0.5246886630818177,2031
005/016-Cycling-2y-AL-DHAPPQ,0,0.6669057489441843,2031
005/016-Cycling-2y-AL-DHAPPQ,1,0.722065932749593,2031
005/016-Cycling-2y-AL-DHAPPQ,2,0.6595439850140018,2031
005/016-Cycling-2y-AL-DHAPPQ,3,0.6126254443503167,2031
005/016-Cycling-2y-AL-DHAPPQ,4,0.7967702907679016,2031
005/016-Cycling-2y-AL-DHAPPQ,5,0.6247155227595794,2031
005/016-Cycling-2y-AL-DHAPPQ,6,0.5506285530295084,2031
005/016-Cycling-2y-AL-DHAPPQ,7,0.6460970865404471,2031
005/016-Cycling-2y-AL-DHAPPQ,8,0.6057116877533583,2031
005/016-Cycling-2y-AL-DHAPPQ,9,0.5899420449028691,2031
005/016-Cycling-2y-AL-DHAPPQ,10,0.624386840380264,2031
005/016-Cycling-2y-AL-DHAPPQ,11,0.7719555707126641,2031
005/016-Cycling-2y-AL-DHAPPQ,12,0.730015515672808,2031
005/016-Cycling-2y-AL-DHAPPQ,13,0.7301221959548871,2031
005/016-Cycling-2y-AL-DHAPPQ,14,0.6858415215419579,2031
005/016-Cycling-2y-AL-DHAPPQ,15,0.594249266618787,2031
005/016-Cycling-2y-AL-DHAPPQ,16,0.6766484786753281,2031
005/016-Cycling-2y-AL-DHAPPQ,17,0.6395972304690571,2031
005/016-Cycling-2y-AL-DHAPPQ,18,0.6247160011467584,2031
005/016-Cycling-2y-AL-DHAPPQ,19,0.5861882330103442,2031
005/016-Cycling-2y-AL-DHAPPQ,20,0.6284700801697312,2031
005/016-Cycling-2y-AL-DHAPPQ,21,0.5914085777037997,2031
005/016-Cycling-2y-AL-DHAPPQ,22,0.7472948366975741,2031
005/016-Cycling-2y-AL-DHAPPQ,23,0.6375025875101212,2031
005/016-Cycling-2y-AL-DHAPPQ,24,0.8327836475771305,2031
005/016-Cycling-2y-AL-DHAPPQ,25,0.6535952908507858,2031
005/016-Cycling-2y-AL-DHAPPQ,26,0.5354166380118048,2031
005/016-Cycling-2y-AL-DHAPPQ,27,0.7066182843594581,2031
005/016-Cycling-2y-AL-DHAPPQ,28,0.6834676071924877,2031
005/016-Cycling-2y-AL-DHAPPQ,29,0.6211286231646528,2031
005/016-Cycling-2y-AL-DHAPPQ,30,0.7321632800964205,2031
005/016-Cycling-2y-AL-DHAPPQ,31,0.5900757166944434,2031
005/016-Cycling-2y-AL-DHAPPQ,32,0.5542146921714861,2031
005/016-Cycling-2y-AL-DHAPPQ,33,0.6791982612652495,2031
005/016-Cycling-2y-AL-DHAPPQ,34,0.7340893168858226,2031
005/016-Cycling-2y-AL-DHAPPQ,35,0.616264420277627,2031
005/016-Cycling-2y-AL-DHAPPQ,36,0.6556736776332617,2031
005/016-Cycling-2y-AL-DHAPPQ,37,0.6944621267913184,2031
005/016-Cycling-2y-AL-DHAPPQ,38,0.6686338248502851,2031
005/016-Cycling-2y-AL-DHAPPQ,39,0.7108285168905525,2031
005/016-Cycling-2y-AL-DHAPPQ,40,0.6979020721717452,2031
005/016-Cycling-2y-AL-DHAPPQ,41,0.6707750611025687,2031
005/016-Cycling-2y-AL-DHAPPQ,42,0.7474544622635392,2031
005/016-Cycling-2y-AL-DHAPPQ,43,0.6844849740975248,2031
005/016-Cycling-2y-AL-DHAPPQ,44,0.6389470826540561,2031
005/016-Cycling-2y-AL-DHAPPQ,45,0.5895005641768541,2031
005/016-Cycling-2y-AL-DHAPPQ,46,0.6363640827848654,2031
005/016-Cycling-2y-AL-DHAPPQ,47,0.6724287440552207,2031
005/016-Cycling-2y-AL-DHAPPQ,48,0.644178649573565,2031
005/016-Cycling-2y-AL-DHAPPQ,49,0.7756965243472154,2031
005/016-Cycling-2y-AL-DHAPPQ,50,0.674024943459217,2031
005/016-Cycling-2y-AL-DHAPPQ,51,0.6227904524366191,2031
005/016-Cycling-2y-AL-DHAPPQ,52,0.7489241614564831,2031
005/016-Cycling-2y-AL-DHAPPQ,53,0.6755371805633469,2031
005/016-Cycling-2y-AL-DHAPPQ,54,0.6094942584941355,2031
005/016-Cycling-2y-AL-DHAPPQ,55,0.6659534003309424,2031
005/016-Cycling-2y-AL-DHAPPQ,56,0.6880309452356915,2031
005/016-Cycling-2y-AL-DHAPPQ,57,0.7785108202629044,2031
005/016-Cycling-2y-AL-DHAPPQ,58,0.6719712173679641,2031
005/016-Cycling-2y-AL-DHAPPQ,59,0.6408249386393788,2031
005/016-Cycling-2y-AL-DHAPPQ,60,0.6731387316068177,2031
005/016-Cycling-2y-AL-DHAPPQ,61,0.6344990337775979,2031
005/016-Cycling-2y-AL-DHAPPQ,62,0.6542533252061855,2031
005/016-Cycling-2y-AL-DHAPPQ,63,0.5604712852215005,2031
005/016-Cycling-2y-AL-DHAPPQ,64,0.7059436300563587,2031
005/016-Cycling-2y-AL-DHAPPQ,65,0.6740855725274351,2031
005/016-Cycling-2y-AL-DHAPPQ,66,0.6276575671316974,2031
005/016-Cycling-2y-AL-DHAPPQ,67,0.5576449366658814,2031
005/016-Cycling-2y-AL-DHAPPQ,68,0.7564655821859994,2031
005/016-Cycling-2y-AL-DHAPPQ,69,0.7045941980263116,2031
005/016-Cycling-2y-AL-DHAPPQ,70,0.6666337531795733,2031
005/016-Cycling-2y-AL-DHAPPQ,71,0.5992793473546657,2031
005/016-Cycling-2y-AL-DHAPPQ,72,0.7342805888089274,2031
005/016-Cycling-2y-AL-DHAPPQ,73,0.5878565793636177,2031
005/016-Cycling-2y-AL-DHAPPQ,74,0.6158212196964427,2031
005/016-Cycling-2y-AL-DHAPPQ,75,0.7063651104774834,2031
005/016-Cycling-2y-AL-DHAPPQ,76,0.6197690587479611,2031
005/016-Cycling-2y-AL-DHAPPQ,77,0.7636155365576157,2031
005/016-Cycling-2y-AL-DHAPPQ,78,0.5180408328978994,2031
005/016-Cycling-2y-AL-DHAPPQ,79,0.7044856536412802,2031
005/016-Cycling-2y-AL-DHAPPQ,80,0.6729524398676202,2031
005/016-Cycling-2y-AL-DHAPPQ,81,0.6288619946947505,2031
005/016-Cycling-2y-AL-DHAPPQ,82,0.6355865033104243,2031
005/016-Cycling-2y-AL-DHAPPQ,83,0.7608485838741134,2031
005/016-Cycling-2y-AL-DHAPPQ,84,0.6492864547460522,2031
005/016-Cycling-2y-AL-DHAPPQ,85,0.6436183521924194,2031
005/016-Cycling-2y-AL-DHAPPQ,86,0.6265673419248696,2031
005/016-Cycling-2y-AL-DHAPPQ,87,0.6123853455352296,2031
005/016-Cycling-2y-AL-DHAPPQ,88,0.6041053277633739,2031
005/016-Cycling-2y-AL-DHAPPQ,89,0.6392619662210471,2031
005/016-Cycling-2y-AL-DHAPPQ,90,0.5895978348863086,2031
005/016-Cycling-2y-AL-DHAPPQ,91,0.7110526570274399,2031
005/016-Cycling-2y-AL-DHAPPQ,92,0.6259480985561118,2031
005/016-Cycling-2y-AL-DHAPPQ,93,0.6354141083038876,2031
005/016-Cycling-2y-AL-DHAPPQ,94,0.6605983942014343,2031
005/016-Cycling-2y-AL-DHAPPQ,95,0.5949818036364866,2031
005/016-Cycling-2y-AL-DHAPPQ,96,0.6771028452553267,2031
005/016-Cycling-2y-AL-DHAPPQ,97,0.6708433517515839,2031
005/016-Cycling-2y-AL-DHAPPQ,98,0.5853272961851875,2031
005/016-Cycling-2y-AL-DHAPPQ,99,0.5925729156029476,2031
005/017-Cycling-2y-ASAQ-AL,0,0.4839021715320131,2031
005/017-Cycling-2y-ASAQ-AL,1,0.47198945596209724,2031
005/017-Cycling-2y-ASAQ-AL,2,0.4867286967406863,2031
005/017-Cycling-2y-ASAQ-AL,3,0.5389301425112907,2031
005/017-Cycling-2y-ASAQ-AL,4,0.6509428827898139,2031
005/017-Cycling-2y-ASAQ-AL,5,0.44622647497074325,2031
005/017-Cycling-2y-ASAQ-AL,6,0.49787089922788114,2031
005/017-Cycling-2y-ASAQ-AL,7,0.4334194146713622,2031
005/017-Cycling-2y-ASAQ-AL,8,0.48744690274812047,2031
005/017-Cycling-2y-ASAQ-AL,9,0.48788457577423183,2031
005/017-Cycling-2y-ASAQ-AL,10,0.43328232551227663,2031
005/017-Cycling-2y-ASAQ-AL,11,0.5476181301149455,2031
005/017-Cycling-2y-ASAQ-AL,12,0.4254711373504549,2031
005/017-Cycling-2y-ASAQ-AL,13,0.49668779082782044,2031
005/017-Cycling-2y-ASAQ-AL,14,0.43613590207775627,2031
005/017-Cycling-2y-ASAQ-AL,15,0.4850673511585872,2031
005/017-Cycling-2y-ASAQ-AL,16,0.43046345558735305,2031
005/017-Cycling-2y-ASAQ-AL,17,0.5496102161435616,2031
005/017-Cycling-2y-ASAQ-AL,18,0.40045595992767863,2031
005/017-Cycling-2y-ASAQ-AL,19,0.4565979453150068,2031
005/017-Cycling-2y-ASAQ-AL,20,0.4690697643817246,2031
005/017-Cycling-2y-ASAQ-AL,21,0.40507411200342563,2031
005/017-Cycling-2y-ASAQ-AL,22,0.561497108688021,2031
005/017-Cycling-2y-ASAQ-AL,23,0.5140230168913662,2031
005/017-Cycling-2y-ASAQ-AL,24,0.4372940007712622,2031
005/017-Cycling-2y-ASAQ-AL,25,0.5605310834628676,2031
005/017-Cycling-2y-ASAQ-AL,26,0.428873930706738,2031
005/017-Cycling-2y-ASAQ-AL,27,0.3956075647908008,2031
005/017-Cycling-2y-ASAQ-AL,28,0.46134675111007506,2031
005/017-Cycling-2y-ASAQ-AL,29,0.4771646902027948,2031
005/017-Cycling-2y-ASAQ-AL,30,0.4755801672625753,2031
005/017-Cycling-2y-ASAQ-AL,31,0.46554243349628516,2031
005/017-Cycling-2y-ASAQ-AL,32,0.5486541934287336,2031
005/017-Cycling-2y-ASAQ-AL,33,0.422751826710624,2031
005/017-Cycling-2y-ASAQ-AL,34,0.5604610971143194,2031
005/017-Cycling-2y-ASAQ-AL,35,0.4317934368023228,2031
005/017-Cycling-2y-ASAQ-AL,36,0.5223933064191917,2031
005/017-Cycling-2y-ASAQ-AL,37,0.5649710400272988,2031
005/017-Cycling-2y-ASAQ-AL,38,0.45929660303309444,2031
005/017-Cycling-2y-ASAQ-AL,39,0.48528828321886275,2031
005/017-Cycling-2y-ASAQ-AL,40,0.49892343070547884,2031
005/017-Cycling-2y-ASAQ-AL,41,0.44199906052899157,2031
005/017-Cycling-2y-ASAQ-AL,42,0.501375631088269,2031
005/017-Cycling-2y-ASAQ-AL,43,0.5050794632035646,2031
005/017-Cycling-2y-ASAQ-AL,44,0.5913552139833061,2031
005/017-Cycling-2y-ASAQ-AL,45,0.4625415510876953,2031
005/017-Cycling-2y-ASAQ-AL,46,0.5242492164346734,2031
005/017-Cycling-2y-ASAQ-AL,47,0.43511517180323694,2031
005/017-Cycling-2y-ASAQ-AL,48,0.4170575325006791,2031
005/017-Cycling-2y-ASAQ-AL,49,0.4491759647800539,2031
005/017-Cycling-2y-ASAQ-AL,50,0.4548972006759107,2031
005/017-Cycling-2y-ASAQ-AL,51,0.49198064985088313,2031
005/017-Cycling-2y-ASAQ-AL,52,0.5271045413889016,2031
005/017-Cycling-2y-ASAQ-AL,53,0.5113750418618378,2031
005/017-Cycling-2y-ASAQ-AL,54,0.5651650691896579,2031
005/017-Cycling-2y-ASAQ-AL,55,0.37138596693695763,2031
005/017-Cycling-2y-ASAQ-AL,56,0.46488527586140993,2031
005/017-Cycling-2y-ASAQ-AL,57,0.5174493341455068,2031
005/017-Cycling-2y-ASAQ-AL,58,0.45465324122789125,2031
005/017-Cycling-2y-ASAQ-AL,59,0.5025740327108674,2031
005/017-Cycling-2y-ASAQ-AL,60,0.49837777653284315,2031
005/017-Cycling-2y-ASAQ-AL,61,0.4521580732764466,2031
005/017-Cycling-2y-ASAQ-AL,62,0.44033735198467744,2031
005/017-Cycling-2y-ASAQ-AL,63,0.46269480935660967,2031
005/017-Cycling-2y-ASAQ-AL,64,0.4757630371699737,2031
005/017-Cycling-2y-ASAQ-AL,65,0.45530045744711706,2031
005/017-Cycling-2y-ASAQ-AL,66,0.5587649059149008,2031
005/017-Cycling-2y-ASAQ-AL,67,0.42650478052572005,2031
005/017-Cycling-2y-ASAQ-AL,68,0.5946698948143289,2031
005/017-Cycling-2y-ASAQ-AL,69,0.446077038435359,2031
005/017-Cycling-2y-ASAQ-AL,70,0.45327695055874057,2031
005/017-Cycling-2y-ASAQ-AL,71,0.4843807078960248,2031
005/017-Cycling-2y-ASAQ-AL,72,0.6018274353249903,2031
005/017-Cycling-2y-ASAQ-AL,73,0.5382145890677515,2031
005/017-Cycling-2y-ASAQ-AL,74,0.5703165972962904,2031
005/017-Cycling-2y-ASAQ-AL,75,0.46590563467074303,2031
005/017-Cycling-2y-ASAQ-AL,76,0.48310962705330845,2031
005/017-Cycling-2y-ASAQ-AL,77,0.41654908271197666,2031
005/017-Cycling-2y-ASAQ-AL,78,0.5531709763057904,2031
005/017-Cycling-2y-ASAQ-AL,79,0.4930108734216765,2031
005/017-Cycling-2y-ASAQ-AL,80,0.43262787187317747,2031
005/017-Cycling-2y-ASAQ-AL,81,0.5414643459874352,2031
005/017-Cycling-2y-ASAQ-AL,82,0.48878888906820306,2031
005/017-Cycling-2y-ASAQ-AL,83,0.44229671055459363,2031
005/017-Cycling-2y-ASAQ-AL,84,0.47689104126288484,2031
005/017-Cycling-2y-ASAQ-AL,85,0.4431874852533138,2031
005/017-Cycling-2y-ASAQ-AL,86,0.46073745489669765,2031
005/017-Cycling-2y-ASAQ-AL,87,0.5423332373696803,2031
005/017-Cycling-2y-ASAQ-AL,88,0.46292968679406693,2031
005/017-Cycling-2y-ASAQ-AL,89,0.48391285367047243,2031
005/017-Cycling-2y-ASAQ-AL,90,0.43194947436502956,2031
005/017-Cycling-2y-ASAQ-AL,91,0.500374430304501,2031
005/017-Cycling-2y-ASAQ-AL,92,0.5074257577659956,2031
005/017-Cycling-2y-ASAQ-AL,93,0.46963948776029224,2031
005/017-Cycling-2y-ASAQ-AL,94,0.436585523210657,2031
005/017-Cycling-2y-ASAQ-AL,95,0.4494368947983683,2031
005/017-Cycling-2y-ASAQ-AL,96,0.516459720566028,2031
005/017-Cycling-2y-ASAQ-AL,97,0.48800562849011603,2031
005/017-Cycling-2y-ASAQ-AL,98,0.4857827561418082,2031
005/017-Cycling-2y-ASAQ-AL,99,0.454213955495695,2031
005/018-Cycling-2y-ASAQ-DHAPPQ,0,0.3874625698295951,2031
005/018-Cycling-2y-ASAQ-DHAPPQ,1,0.41690609279349206,2031
005/018-Cycling-2y-ASAQ-DHAPPQ,2,0.30517946699928117,2031
005/018-Cycling-2y-ASAQ-DHAPPQ,3,0.3348981867157696,2031
005/018-Cycling-2y-ASAQ-DHAPPQ,4,0.4710105013818425,2031
005/018-Cycling-2y-ASAQ-DHAPPQ,5,0.4098613556967084,2031
005/018-Cycling-2y-ASAQ-DHAPPQ,6,0.36164441702924816,2031
005/018-Cycling-2y-ASAQ-DHAPPQ,7,0.36123628468773245,2031
005/018-Cycling-2y-ASAQ-DHAPPQ,8,0.4178248816101086,2031
005/018-Cycling-2y-ASAQ-DHAPPQ,9,0.30672912428015225,2031
005/018-Cycling-2y-ASAQ-DHAPPQ,10,0.44446255249750416,2031
005/018-Cycling-2y-ASAQ-DHAPPQ,11,0.3742868447172772,2031
005/018-Cycling-2y-ASAQ-DHAPPQ,12,0.4425779290139549,2031
005/018-Cycling-2y-ASAQ-DHAPPQ,13,0.3348727953048766,2031
005/018-Cycling-2y-ASAQ-DHAPPQ,14,0.4206455772400877,2031
005/018-Cycling-2y-ASAQ-DHAPPQ,15,0.3228800665706778,2031
005/018-Cycling-2y-ASAQ-DHAPPQ,16,0.34829008894173913,2031
005/018-Cycling-2y-ASAQ-DHAPPQ,17,0.4314949720860021,2031
005/018-Cycling-2y-ASAQ-DHAPPQ,18,0.4915844691984678,2031
005/018-Cycling-2y-ASAQ-DHAPPQ,19,0.34841497934439863,2031
005/018-Cycling-2y-ASAQ-DHAPPQ,20,0.40137583739392196,2031
005/018-Cycling-2y-ASAQ-DHAPPQ,21,0.36659993262535867,2031
005/018-Cycling-2y-ASAQ-DHAPPQ,22,0.39825763739938375,2031
005/018-Cycling-2y-ASAQ-DHAPPQ,23,0.3538207986377259,2031
005/018-Cycling-2y-ASAQ-DHAPPQ,24,0.37268856950874607,2031
005/018-Cycling-2y-ASAQ-DHAPPQ,25,0.39679603392985147,2031
005/018-Cycling-2y-ASAQ-DHAPPQ,26,0.3735831874774689,2031
005/018-Cycling-2y-ASAQ-DHAPPQ,27,0.2758476883457292,2031
005/018-Cycling-2y-ASAQ-DHAPPQ,28,0.38202559964062716,2031
005/018-Cycling-2y-ASAQ-DHAPPQ,29,0.4380542343001467,2031
005/018-Cycling-2y-ASAQ-DHAPPQ,30,0.36904747266327725,2031
005/018-Cycling-2y-ASAQ-DHAPPQ,31,0.43911033785416625,2031
005/018-Cycling-2y-ASAQ-DHAPPQ,32,0.3979482412753093,2031
005/018-Cycling-2y-ASAQ-DHAPPQ,33,0.3935475704672675,2031
005/018-Cycling-2y-ASAQ-DHAPPQ,34,0.3782365826457476,2031
005/018-Cycling-2y-ASAQ-DHAPPQ,35,0.33193134494418447,2031
005/018-Cycling-2y-ASAQ-DHAPPQ,36,0.3663983299276368,2031
005/018-Cycling-2y-ASAQ-DHAPPQ,37,0.3931843410627483,2031
005/018-Cycling-2y-ASAQ-DHAPPQ,38,0.41629404847853363,2031
005/018-Cycling-2y-ASAQ-DHAPPQ,39,0.36162593003026994,2031
005/018-Cycling-2y-ASAQ-DHAPPQ,40,0.38861732267001964,2031
005/018-Cycling-2y-ASAQ-DHAPPQ,41,0.4635099163520618,2031
005/018-Cycling-2y-ASAQ-DHAPPQ,42,0.48298615205712725,2031
005/018-Cycling-2y-ASAQ-DHAPPQ,43,0.4368905084116776,2031
005/018-Cycling-2y-ASAQ-DHAPPQ,44,0.4079924730816873,2031
005/018-Cycling-2y-ASAQ-DHAPPQ,45,0.4191959078738839,2031
005/018-Cycling-2y-ASAQ-DHAPPQ,46,0.37110905249283127,2031
005/018-Cycling-2y-ASAQ-DHAPPQ,47,0.3515994844067043,2031
005/018-Cycling-2y-ASAQ-DHAPPQ,48,0.45054318971644136,2031
005/018-Cycling-2y-ASAQ-DHAPPQ,49,0.3676119844076491,2031
005/018-Cycling-2y-ASAQ-DHAPPQ,50,0.5051158550951552,2031
005/018-Cycling-2y-ASAQ-DHAPPQ,51,0.3338560006752888,2031
005/018-Cycling-2y-ASAQ-DHAPPQ,52,0.36917524310310434,2031
005/018-Cycling-2y-ASAQ-DHAPPQ,53,0.385080001578706,2031
005/018-Cycling-2y-ASAQ-DHAPPQ,54,0.49510536211220796,2031
005/018-Cycling-2y-ASAQ-DHAPPQ,55,0.44307147248104245,2031
005/018-Cycling-2y-ASAQ-DHAPPQ,56,0.3496388481551132,2031
005/018-Cycling-2y-ASAQ-DHAPPQ,57,0.42501159022022206,2031
005/018-Cycling-2y-ASAQ-DHAPPQ,58,0.4536010460312536,2031
005/018-Cycling-2y-ASAQ-DHAPPQ,59,0.34954774687326534,2031
005/018-Cycling-2y-ASAQ-DHAPPQ,60,0.4017028852382356,2031
005/018-Cycling-2y-ASAQ-DHAPPQ,61,0.3721178378965467,2031
005/018-Cycling-2y-ASAQ-DHAPPQ,62,0.42437560676799807,2031
005/018-Cycling-2y-ASAQ-DHAPPQ,63,0.4860382102853454,2031
005/018-Cycling-2y-ASAQ-DHAPPQ,64,0.42613341653266135,2031
005/018-Cycling-2y-ASAQ-DHAPPQ,65,0.3702479752327346,2031
005/018-Cycling-2y-ASAQ-DHAPPQ,66,0.3981675433244754,2031
005/018-Cycling-2y-ASAQ-DHAPPQ,67,0.5214845266270828,2031
005/018-Cycling-2y-ASAQ-DHAPPQ,68,0.3691756786041785,2031
005/018-Cycling-2y-ASAQ-DHAPPQ,69,0.4072048488336418,2031
005/018-Cycling-2y-ASAQ-DHAPPQ,70,0.3433185012325135,2031
005/018-Cycling-2y-ASAQ-DHAPPQ,71,0.4340336697542189,2031
005/018-Cycling-2y-ASAQ-DHAPPQ,72,0.37336985500610936,2031
005/018-Cycling-2y-ASAQ-DHAPPQ,73,0.4190620079243146,2031
005/018-Cycling-2y-ASAQ-DHAPPQ,74,0.342343550889548,2031
005/018-Cycling-2y-ASAQ-DHAPPQ,75,0.41676176427710154,2031
005/018-Cycling-2y-ASAQ-DHAPPQ,76,0.40512843484429806,2031
005/018-Cycling-2y-ASAQ-DHAPPQ,77,0.3802309952155299,2031
005/018-Cycling-2y-ASAQ-DHAPPQ,78,0.3311794947851402,2031
005/018-Cycling-2y-ASAQ-DHAPPQ,79,0.2979814028752216,2031
005/018-Cycling-2y-ASAQ-DHAPPQ,80,0.46470337387532085,2031
005/018-Cycling-2y-ASAQ-DHAPPQ,81,0.38715996433693434,2031
005/018-Cycling-2y-ASAQ-DHAPPQ,82,0.44078255555214363,2031
005/018-Cycling-2y-ASAQ-DHAPPQ,83,0.38101429358644684,2031
005/018-Cycling-2y-ASAQ-DHAPPQ,84,0.414487074532182,2031
005/018-Cycling-2y-ASAQ-DHAPPQ,85,0.47551161867540886,2031
005/018-Cycling-2y-ASAQ-DHAPPQ,86,0.4261649636869717,2031
005/018-Cycling-2y-ASAQ-DHAPPQ,87,0.49806505021316316,2031
005/018-Cycling-2y-ASAQ-DHAPPQ,88,0.43435428105569523,2031
005/018-Cycling-2y-ASAQ-DHAPPQ,89,0.45967937338949044,2031
005/018-Cycling-2y-ASAQ-DHAPPQ,90,0.3306632036583154,2031
005/018-Cycling-2y-ASAQ-DHAPPQ,91,0.43570249068490763,2031
005/018-Cycling-2y-ASAQ-DHAPPQ,92,0.45866830985314894,2031
005/018-Cycling-2y-ASAQ-DHAPPQ,93,0.37511058941403963,2031
005/018-Cycling-2y-ASAQ-DHAPPQ,94,0.38051754441408553,2031
005/018-Cycling-2y-ASAQ-DHAPPQ,95,0.5140887566930733,2031
005/018-Cycling-2y-ASAQ-DHAPPQ,96,0.3829718537759466,2031
005/018-Cycling-2y-ASAQ-DHAPPQ,97,0.42102823048384397,2031
005/018-Cycling-2y-ASAQ-DHAPPQ,98,0.3088698243257609,2031
005/018-Cycling-2y-ASAQ-DHAPPQ,99,0.33008869883468983,2031
005/019-Cycling-2y-DHAPPQ-AL,0,0.7210835863873738,2031
005/019-Cycling-2y-DHAPPQ-AL,1,0.7001951019535837,2031
005/019-Cycling-2y-DHAPPQ-AL,2,0.5968021157884292,2031
005/019-Cycling-2y-DHAPPQ-AL,3,0.7053443134676304,2031
005/019-Cycling-2y-DHAPPQ-AL,4,0.7788603204467379,2031
005/019-Cycling-2y-DHAPPQ-AL,5,0.7042479698680251,2031
005/019-Cycling-2y-DHAPPQ-AL,6,0.7358382917508438,2031
005/019-Cycling-2y-DHAPPQ-AL,7,0.6870039413814498,2031
005/019-Cycling-2y-DHAPPQ-AL,8,0.7786640093202019,2031
005/019-Cycling-2y-DHAPPQ-AL,9,0.58072005434788,2031
005/019-Cycling-2y-DHAPPQ-AL,10,0.6937969822079211,2031
005/019-Cycling-2y-DHAPPQ-AL,11,0.6695503528836736,2031
005/019-Cycling-2y-DHAPPQ-AL,12,0.6714807437005925,2031
005/019-Cycling-2y-DHAPPQ-AL,13,0.6588087031089171,2031
005/019-Cycling-2y-DHAPPQ-AL,14,0.7181747320014745,2031
005/019-Cycling-2y-DHAPPQ-AL,15,0.686936395959659,2031
005/019-Cycling-2y-DHAPPQ-AL,16,0.6771616334849374,2031
005/019-Cycling-2y-DHAPPQ-AL,17,0.7079560838091862,2031
005/019-Cycling-2y-DHAPPQ-AL,18,0.685805375439157,2031
005/019-Cycling-2y-DHAPPQ-AL,19,0.7246135878268234,2031
005/019-Cycling-2y-DHAPPQ-AL,20,0.6202530749862935,2031
005/019-Cycling-2y-DHAPPQ-AL,21,0.6444752408550471,2031
005/019-Cycling-2y-DHAPPQ-AL,22,0.705270247279106,2031
005/019-Cycling-2y-DHAPPQ-AL,23,0.7231612816643982,2031
005/019-Cycling-2y-DHAPPQ-AL,24,0.7530552099675439,2031
005/019-Cycling-2y-DHAPPQ-AL,25,0.7203462073518327,2031
005/019-Cycling-2y-DHAPPQ-AL,26,0.7371757747267756,2031
005/019-Cycling-2y-DHAPPQ-AL,27,0.6639744707593337,2031
005/019-Cycling-2y-DHAPPQ-AL,28,0.7363116742510819,2031
005/019-Cycling-2y-DHAPPQ-AL,29,0.5210115552970401,2031
005/019-Cycling-2y-DHAPPQ-AL,30,0.7310812930313064,2031
005/019-Cycling-2y-DHAPPQ-AL,31,0.6876118065383502,2031
005/019-Cycling-2y-DHAPPQ-AL,32,0.6425634882610647,2031
005/019-Cycling-2y-DHAPPQ-AL,33,0.5783823740565402,2031
005/019-Cycling-2y-DHAPPQ-AL,34,0.6420628906613834,2031
005/019-Cycling-2y-DHAPPQ-AL,35,0.7038491953269473,2031
005/019-Cycling-2y-DHAPPQ-AL,36,0.7552787725223103,2031
005/019-Cycling-2y-DHAPPQ-AL,37,0.656529559013603,2031
005/019-Cycling-2y-DHAPPQ-AL,38,0.6304406274611892,2031
005/019-Cycling-2y-DHAPPQ-AL,39,0.6683140299766972,2031
005/019-Cycling-2y-DHAPPQ-AL,40,0.5643973130068959,2031
005/019-Cycling-2y-DHAPPQ-AL,41,0.7177431527159285,2031
005/019-Cycling-2y-DHAPPQ-AL,42,0.7058756043731059,2031
005/019-Cycling-2y-DHAPPQ-AL,43,0.6840905261790359,2031
005/019-Cycling-2y-DHAPPQ-AL,44,0.6802375225590152,2031
005/019-Cycling-2y-DHAPPQ-AL,45,0.7230419429799287,2031
005/019-Cycling-2y-DHAPPQ-AL,46,0.7216242127802812,2031
005/019-Cycling-2y-DHAPPQ-AL,47,0.6564513793868781,2031
005/019-Cycling-2y-DHAPPQ-AL,48,0.6832982363098096,2031
005/019-Cycling-2y-DHAPPQ-AL,49,0.6602437212793396,2031
005/019-Cycling-2y-DHAPPQ-AL,50,0.6180200651964923,2031
005/019-Cycling-2y-DHAPPQ-AL,51,0.6952516048121326,2031
005/019-Cycling-2y-DHAPPQ-AL,52,0.7314231123985863,2031
005/019-Cycling-2y-DHAPPQ-AL,53,0.7032893850119125,2031
005/019-Cycling-2y-DHAPPQ-AL,54,0.7362972184037421,2031
005/019-Cycling-2y-DHAPPQ-AL,55,0.6463611302596717,2031
005/019-Cycling-2y-DHAPPQ-AL,56,0.7741804542420434,2031
005/019-Cycling-2y-DHAPPQ-AL,57,0.7360378151596764,2031
005/019-Cycling-2y-DHAPPQ-AL,58,0.7209633644450574,2031
005/019-Cycling-2y-DHAPPQ-AL,59,0.6490105423477219,2031
005/019-Cycling-2y-DHAPPQ-AL,60,0.6794961906419883,2031
005/019-Cycling-2y-DHAPPQ-AL,61,0.5827965984549462,2031
005/019-Cycling-2y-DHAPPQ-AL,62,0.7804428575951445,2031
005/019-Cycling-2y-DHAPPQ-AL,63,0.7354864952634608,2031
005/019-Cycling-2y-DHAPPQ-AL,64,0.770857524371832,2031
005/019-Cycling-2y-DHAPPQ-AL,65,0.6821908451995986,2031
005/019-Cycling-2y-DHAPPQ-AL,66,0.7098838007634569,2031
005/019-Cycling-2y-DHAPPQ-AL,67,0.6668312029927628,2031
005/019-Cycling-2y-DHAPPQ-AL,68,0.5694458585726142,2031
005/019-Cycling-2y-DHAPPQ-AL,69,0.7649276307813159,2031
005/019-Cycling-2y-DHAPPQ-AL,70,0.6677751891300153,2031
005/019-Cycling-2y-DHAPPQ-AL,71,0.6798425117643797,2031
005/019-Cycling-2y-DHAPPQ-AL,72,0.7004763537388882,2031
005/019-Cycling-2y-DHAPPQ-AL,73,0.7154049306358322,2031
005/019-Cycling-2y-DHAPPQ-AL,74,0.6403914496236879,2031
005/019-Cycling-2y-DHAPPQ-AL,75,0.7203042797764558,2031
005/019-Cycling-2y-DHAPPQ-AL,76,0.6248189272933343,2031
005/019-Cycling-2y-DHAPPQ-AL,77,0.5759740367638464,2031
005/019-Cycling-2y-DHAPPQ-AL,78,0.7015074749501992,2031
005/019-Cycling-2y-DHAPPQ-AL,79,0.7253204062319024,2031
005/019-Cycling-2y-DHAPPQ-AL,80,0.6587900262159277,2031
005/019-Cycling-2y-DHAPPQ-AL,81,0.598331647050299,2031
005/019-Cycling-2y-DHAPPQ-AL,82,0.667600610024007,2031
005/019-Cycling-2y-DHAPPQ-AL,83,0.7023274209649899,2031
005/019-Cycling-2y-DHAPPQ-AL,84,0.7621208738051627,2031
005/019-Cycling-2y-DHAPPQ-AL,85,0.7132873890144863,2031
005/019-Cycling-2y-DHAPPQ-AL,86,0.7112272665239145,2031
005/019-Cycling-2y-DHAPPQ-AL,87,0.7315615563548411,2031
005/019-Cycling-2y-DHAPPQ-AL,88,0.663045982244288,2031
005/019-Cycling-2y-DHAPPQ-AL,89,0.6919036741920553,2031
005/019-Cycling-2y-DHAPPQ-AL,90,0.6679623015661346,2031
005/019-Cycling-2y-DHAPPQ-AL,91,0.6712704951850252,2031
005/019-Cycling-2y-DHAPPQ-AL,92,0.7662726038020148,2031
005/019-Cycling-2y-DHAPPQ-AL,93,0.6496287715191659,2031
005/019-Cycling-2y-DHAPPQ-AL,94,0.7859152677617871,2031
005/019-Cycling-2y-DHAPPQ-AL,95,0.7157211430247402,2031
005/019-Cycling-2y-DHAPPQ-AL,96,0.7424552869817013,2031
005/019-Cycling-2y-DHAPPQ-AL,97,0.7461098524252431,2031
005/019-Cycling-2y-DHAPPQ-AL,98,0.7969475729255527,2031
005/019-Cycling-2y-DHAPPQ-AL,99,0.5927743448583472,2031
005/020-Cycling-2y-DHAPPQ-ASAQ,0,0.5385660974437015,2031
005/020-Cycling-2y-DHAPPQ-ASAQ,1,0.5630188861752137,2031
005/020-Cycling-2y-DHAPPQ-ASAQ,2,0.5327878595078305,2031
005/020-Cycling-2y-DHAPPQ-ASAQ,3,0.42943944773405157,2031
005/020-Cycling-2y-DHAPPQ-ASAQ,4,0.6042672932990976,2031
005/020-Cycling-2y-DHAPPQ-ASAQ,5,0.6005300644686086,2031
005/020-Cycling-2y-DHAPPQ-ASAQ,6,0.6579257744831218,2031
005/020-Cycling-2y-DHAPPQ-ASAQ,7,0.6071697582013215,2031
005/020-Cycling-2y-DHAPPQ-ASAQ,8,0.4365218575273538,2031
005/020-Cycling-2y-DHAPPQ-ASAQ,9,0.6040754369342743,2031
005/020-Cycling-2y-DHAPPQ-ASAQ,10,0.5140947995597039,2031
005/020-Cycling-2y-DHAPPQ-ASAQ,11,0.5854528247124177,2031
005/020-Cycling-2y-DHAPPQ-ASAQ,12,0.5810706454056062,2031
005/020-Cycling-2y-DHAPPQ-ASAQ,13,0.5452362934837838,2031
005/020-Cycling-2y-DHAPPQ-ASAQ,14,0.5494050763737961,2031
005/020-Cycling-2y-DHAPPQ-ASAQ,15,0.6180712561031376,2031
005/020-Cycling-2y-DHAPPQ-ASAQ,16,0.5207220480898833,2031
005/020-Cycling-2y-DHAPPQ-ASAQ,17,0.5177826976538974,2031
005/020-Cycling-2y-DHAPPQ-ASAQ,18,0.5155677068020791,2031
005/020-Cycling-2y-DHAPPQ-ASAQ,19,0.5119557356909343,2031
005/020-Cycling-2y-DHAPPQ-ASAQ,20,0.6001893334730769,2031
005/020-Cycling-2y-DHAPPQ-ASAQ,21,0.6261550447417878,2031
005/020-Cycling-2y-DHAPPQ-ASAQ,22,0.6290728825155266,2031
005/020-Cycling-2y-DHAPPQ-ASAQ,23,0.547625262251178,2031
005/020-Cycling-2y-DHAPPQ-ASAQ,24,0.5970566549354265,2031
005/020-Cycling-2y-DHAPPQ-ASAQ,25,0.5234196520684998,2031
005/020-Cycling-2y-DHAPPQ-ASAQ,26,0.5734011396640185,2031
005/020-Cycling-2y-DHAPPQ-ASAQ,27,0.6086891596682343,2031
005/020-Cycling-2y-DHAPPQ-ASAQ,28,0.5992323791369568,2031
005/020-Cycling-2y-DHAPPQ-ASAQ,29,0.5988638797122129,2031
005/020-Cycling-2y-DHAPPQ-ASAQ,30,0.6518596611571611,2031
005/020-Cycling-2y-DHAPPQ-ASAQ,31,0.584556780608995,2031
005/020-Cycling-2y-DHAPPQ-ASAQ,32,0.6075151763945185,2031
005/020-Cycling-2y-DHAPPQ-ASAQ,33,0.5527485624535816,2031
005/020-Cycling-2y-DHAPPQ-ASAQ,34,0.5834497758005533,2031
005/020-Cycling-2y-DHAPPQ-ASAQ,35,0.5748210458585342,2031
005/020-Cycling-2y-DHAPPQ-ASAQ,36,0.5929524030997937,2031
005/020-Cycling-2y-DHAPPQ-ASAQ,37,0.608951037963494,2031
005/020-Cycling-2y-DHAPPQ-ASAQ,38,0.4940873687115666,2031
005/020-Cycling-2y-DHAPPQ-ASAQ,39,0.46840212673341236,2031
005/020-Cycling-2y-DHAPPQ-ASAQ,40,0.5981506019565702,2031
005/020-Cycling-2y-DHAPPQ-ASAQ,41,0.5385113531966074,2031
005/020-Cycling-2y-DHAPPQ-ASAQ,42,0.6501107560346094,2031
005/020-Cycling-2y-DHAPPQ-ASAQ,43,0.6013050397399885,2031
005/020-Cycling-2y-DHAPPQ-ASAQ,44,0.5669171650692357,2031
005/020-Cycling-2y-DHAPPQ-ASAQ,45,0.5991107731962435,2031
005/020-Cycling-2y-DHAPPQ-ASAQ,46,0.5843010063430247,2031
005/020-Cycling-2y-DHAPPQ-ASAQ,47,0.5382657836150821,2031
005/020-Cycling-2y-DHAPPQ-ASAQ,48,0.5782150668258509,2031
005/020-Cycling-2y-DHAPPQ-ASAQ,49,0.5571352665453185,2031
005/020-Cycling-2y-DHAPPQ-ASAQ,50,0.5975164167223058,2031
005/020-Cycling-2y-DHAPPQ-ASAQ,51,0.5050148698052235,2031
005/020-Cycling-2y-DHAPPQ-ASAQ,52,0.5725716342030286,2031
005/020-Cycling-2y-DHAPPQ-ASAQ,53,0.6183171739772663,2031
005/020-Cycling-2y-DHAPPQ-ASAQ,54,0.627810505162477,2031
005/020-Cycling-2y-DHAPPQ-ASAQ,55,0.644872856947509,2031
005/020-Cycling-2y-DHAPPQ-ASAQ,56,0.5585682059170813,2031
005/020-Cycling-2y-DHAPPQ-ASAQ,57,0.5832228991291019,2031
005/020-Cycling-2y-DHAPPQ-ASAQ,58,0.6547370463209344,2031
005/020-Cycling-2y-DHAPPQ-ASAQ,59,0.6543465533338005,2031
005/020-Cycling-2y-DHAPPQ-ASAQ,60,0.4933242362529042,2031
005/020-Cycling-2y-DHAPPQ-ASAQ,61,0.5880156598143126,2031
005/020-Cycling-2y-DHAPPQ-ASAQ,62,0.5823089069137404,2031
005/020-Cycling-2y-DHAPPQ-ASAQ,63,0.5750980640767079,2031
005/020-Cycling-2y-DHAPPQ-ASAQ,64,0.5839208380057718,2031
005/020-Cycling-2y-DHAPPQ-ASAQ,65,0.6463327389629693,2031
005/020-Cycling-2y-DHAPPQ-ASAQ,66,0.6556957618194147,2031
005/020-Cycling-2y-DHAPPQ-ASAQ,67,0.5071210469444091,2031
005/020-Cycling-2y-DHAPPQ-ASAQ,68,0.5723138971986962,2031
005/020-Cycling-2y-DHAPPQ-ASAQ,69,0.5496910652251904,2031
005/020-Cycling-2y-DHAPPQ-ASAQ,70,0.5975602439096696,2031
005/020-Cycling-2y-DHAPPQ-ASAQ,71,0.5959042190683211,2031
005/020-Cycling-2y-DHAPPQ-ASAQ,72,0.6096015220872274,2031
005/020-Cycling-2y-DHAPPQ-ASAQ,73,0.49745153880855203,2031
005/020-Cycling-2y-DHAPPQ-ASAQ,74,0.5586828457419969,2031
005/020-Cycling-2y-DHAPPQ-ASAQ,75,0.6277918876662928,2031
005/020-Cycling-2y-DHAPPQ-ASAQ,76,0.5871770148948603,2031
005/020-Cycling-2y-DHAPPQ-ASAQ,77,0.4511298895407892,2031
005/020-Cycling-2y-DHAPPQ-ASAQ,78,0.518670239009039,2031
005/020-Cycling-2y-DHAPPQ-ASAQ,79,0.5161057246620736,2031
005/020-Cycling-2y-DHAPPQ-ASAQ,80,0.6132387235845828,2031
005/020-Cycling-2y-DHAPPQ-ASAQ,81,0.4900099394859038,2031
005/020-Cycling-2y-DHAPPQ-ASAQ,82,0.5942995361713942,2031
005/020-Cycling-2y-DHAPPQ-ASAQ,83,0.5030509255543881,2031
005/020-Cycling-2y-DHAPPQ-ASAQ,84,0.5208136022025885,2031
005/020-Cycling-2y-DHAPPQ-ASAQ,85,0.570259211406871,2031
005/020-Cycling-2y-DHAPPQ-ASAQ,86,0.7210001803871684,2031
005/020-Cycling-2y-DHAPPQ-ASAQ,87,0.5981022480313025,2031
005/020-Cycling-2y-DHAPPQ-ASAQ,88,0.527616552491022,2031
005/020-Cycling-2y-DHAPPQ-ASAQ,89,0.6331588433940024,2031
005/020-Cycling-2y-DHAPPQ-ASAQ,90,0.5499608250264781,2031
005/020-Cycling-2y-DHAPPQ-ASAQ,91,0.5706602602827593,2031
005/020-Cycling-2y-DHAPPQ-ASAQ,92,0.5954277391334993,2031
005/020-Cycling-2y-DHAPPQ-ASAQ,93,0.47402161085111433,2031
005/020-Cycling-2y-DHAPPQ-ASAQ,94,0.5518924561785906,2031
005/020-Cycling-2y-DHAPPQ-ASAQ,95,0.5862427695163526,2031
005/020-Cycling-2y-DHAPPQ-ASAQ,96,0.7476959833615533,2031
005/020-Cycling-2y-DHAPPQ-ASAQ,97,0.6661808983562483,2031
005/020-Cycling-2y-DHAPPQ-ASAQ,98,0.670008426218074,2031
005/020-Cycling-2y-DHAPPQ-ASAQ,99,0.5237238042122695,2031
005/021-Cycling-2y-AL-ASAQ-DHAPPQ,0,0.5191156175541128,2031
005/021-Cycling-2y-AL-ASAQ-DHAPPQ,1,0.4927416373193117,2031
005/021-Cycling-2y-AL-ASAQ-DHAPPQ,2,0.5470535032306174,2031
005/021-Cycling-2y-AL-ASAQ-DHAPPQ,3,0.495211652190173,2031
005/021-Cycling-2y-AL-ASAQ-DHAPPQ,4,0.6122567016380441,2031
005/021-Cycling-2y-AL-ASAQ-DHAPPQ,5,0.5380154456639966,2031
005/021-Cycling-2y-AL-ASAQ-DHAPPQ,6,0.6614138074272197,2031
005/021-Cycling-2y-AL-ASAQ-DHAPPQ,7,0.7038283403665546,2031
005/021-Cycling-2y-AL-ASAQ-DHAPPQ,8,0.381595938866882,2031
005/021-Cycling-2y-AL-ASAQ-DHAPPQ,9,0.49231460056234994,2031
005/021-Cycling-2y-AL-ASAQ-DHAPPQ,10,0.5342497636113389,2031
005/021-Cycling-2y-AL-ASAQ-DHAPPQ,11,0.4957630766906509,2031
005/021-Cycling-2y-AL-ASAQ-DHAPPQ,12,0.5930437396588716,2031
005/021-Cycling-2y-AL-ASAQ-DHAPPQ,13,0.3913499464753583,2031
005/021-Cycling-2y-AL-ASAQ-DHAPPQ,14,0.3941518586177491,2031
005/021-Cycling-2y-AL-ASAQ-DHAPPQ,15,0.4566589493763064,2031
005/021-Cycling-2y-AL-ASAQ-DHAPPQ,16,0.4872633174448864,2031
005/021-Cycling-2y-AL-ASAQ-DHAPPQ,17,0.5222096772880117,2031
005/021-Cycling-2y-AL-ASAQ-DHAPPQ,18,0.46790749756311417,2031
005/021-Cycling-2y-AL-ASAQ-DHAPPQ,19,0.5756207346875911,2031
005/021-Cycling-2y-AL-ASAQ-DHAPPQ,20,0.5066159271194163,2031
005/021-Cycling-2y-AL-ASAQ-DHAPPQ,21,0.46485056636025024,2031
005/021-Cycling-2y-AL-ASAQ-DHAPPQ,22,0.4942829716424096,2031
005/021-Cycling-2y-AL-ASAQ-DHAPPQ,23,0.4778461044870137,2031
005/021-Cycling-2y-AL-ASAQ-DHAPPQ,24,0.4895245325779129,2031
005/021-Cycling-2y-AL-ASAQ-DHAPPQ,25,0.5347582524648037,2031
005/021-Cycling-2y-AL-ASAQ-DHAPPQ,26,0.5342253914072645,2031
005/021-Cycling-2y-AL-ASAQ-DHAPPQ,27,0.6255987255529523,2031
005/021-Cycling-2y-AL-ASAQ-DHAPPQ,28,0.46959445683332657,2031
005/021-Cycling-2y-AL-ASAQ-DHAPPQ,29,0.5323821764323542,2031
005/021-Cycling-2y-AL-ASAQ-DHAPPQ,30,0.5611380154883746,2031
005/021-Cycling-2y-AL-ASAQ-DHAPPQ,31,0.44176825828512306,2031
005/021-Cycling-2y-AL-ASAQ-DHAPPQ,32,0.5750887907601329,2031
005/021-Cycling-2y-AL-ASAQ-DHAPPQ,33,0.4534704678286697,2031
005/021-Cycling-2y-AL-ASAQ-DHAPPQ,34,0.4496955211948835,2031
005/021-Cycling-2y-AL-ASAQ-DHAPPQ,35,0.40232277271229683,2031
005/021-Cycling-2y-AL-ASAQ-DHAPPQ,36,0.5198126102251902,2031
005/021-Cycling-2y-AL-ASAQ-DHAPPQ,37,0.5395321734669513,2031
005/021-Cycling-2y-AL-ASAQ-DHAPPQ,38,0.5257761432404869,2031
005/021-Cycling-2y-AL-ASAQ-DHAPPQ,39,0.5183363315547096,2031
005/021-Cycling-2y-AL-ASAQ-DHAPPQ,40,0.3601092524345159,2031
005/021-Cycling-2y-AL-ASAQ-DHAPPQ,41,0.5281968525498963,2031
005/021-Cycling-2y-AL-ASAQ-DHAPPQ,42,0.49937889560795745,2031
005/021-Cycling-2y-AL-ASAQ-DHAPPQ,43,0.5390205859149637,2031
005/021-Cycling-2y-AL-ASAQ-DHAPPQ,44,0.5305917461662842,2031
005/021-Cycling-2y-AL-ASAQ-DHAPPQ,45,0.5052658377618536,2031
005/021-Cycling-2y-AL-ASAQ-DHAPPQ,46,0.5524442200923592,2031
005/021-Cycling-2y-AL-ASAQ-DHAPPQ,47,0.5316163516180742,2031
005/021-Cycling-2y-AL-ASAQ-DHAPPQ,48,0.5666028913925999,2031
005/021-Cycling-2y-AL-ASAQ-DHAPPQ,49,0.5359375886414831,2031
005/021-Cycling-2y-AL-ASAQ-DHAPPQ,50,0.5497910107623515,2031
005/021-Cycling-2y-AL-ASAQ-DHAPPQ,51,0.4782113752814528,2031
005/021-Cycling-2y-AL-ASAQ-DHAPPQ,52,0.4864871242733533,2031
005/021-Cycling-2y-AL-ASAQ-DHAPPQ,53,0.6293888770331442,2031
005/021-Cycling-2y-AL-ASAQ-DHAPPQ,54,0.5141626057193603,2031
005/021-Cycling-2y-AL-ASAQ-DHAPPQ,55,0.5988960316580757,2031
005/021-Cycling-2y-AL-ASAQ-DHAPPQ,56,0.5428482470862571,2031
005/021-Cycling-2y-AL-ASAQ-DHAPPQ,57,0.4986812576094995,2031
005/021-Cycling-2y-AL-ASAQ-DHAPPQ,58,0.4991013893390263,2031
005/021-Cycling-2y-AL-ASAQ-DHAPPQ,59,0.4793072838537937,2031
005/021-Cycling-2y-AL-ASAQ-DHAPPQ,60,0.49546282728674534,2031
005/021-Cycling-2y-AL-ASAQ-DHAPPQ,61,0.5028199034428203,2031
005/021-Cycling-2y-AL-ASAQ-DHAPPQ,62,0.46746710901692756,2031
005/021-Cycling-2y-AL-ASAQ-DHAPPQ,63,0.5735902756815295,2031
005/021-Cycling-2y-AL-ASAQ-DHAPPQ,64,0.4441542229541022,2031
005/021-Cycling-2y-AL-ASAQ-DHAPPQ,65,0.550882555130013,2031
005/021-Cycling-2y-AL-ASAQ-DHAPPQ,66,0.34625107602533034,2031
005/021-Cycling-2y-AL-ASAQ-DHAPPQ,67,0.4927763004073318,2031
005/021-Cycling-2y-AL-ASAQ-DHAPPQ,68,0.5376060683466418,2031
005/021-Cycling-2y-AL-ASAQ-DHAPPQ,69,0.5795949280002005,2031
005/021-Cycling-2y-AL-ASAQ-DHAPPQ,70,0.6195488406028032,2031
005/021-Cycling-2y-AL-ASAQ-DHAPPQ,71,0.4743527108441428,2031
005/021-Cycling-2y-AL-ASAQ-DHAPPQ,72,0.4618807934957445,2031
005/021-Cycling-2y-AL-ASAQ-DHAPPQ,73,0.4604786497021703,2031
005/021-Cycling-2y-AL-ASAQ-DHAPPQ,74,0.4458471051008206,2031
005/021-Cycling-2y-AL-ASAQ-DHAPPQ,75,0.4747280093934763,2031
005/021-Cycling-2y-AL-ASAQ-DHAPPQ,76,0.538236927484085,2031
005/021-Cycling-2y-AL-ASAQ-DHAPPQ,77,0.47541893281840625,2031
005/021-Cycling-2y-AL-ASAQ-DHAPPQ,78,0.4944386432194217,2031
005/021-Cycling-2y-AL-ASAQ-DHAPPQ,79,0.49003836020886943,2031
005/021-Cycling-2y-AL-ASAQ-DHAPPQ,80,0.5280194837493455,2031
005/021-Cycling-2y-AL-ASAQ-DHAPPQ,81,0.5014962692962577,2031
005/021-Cycling-2y-AL-ASAQ-DHAPPQ,82,0.44971891132667224,2031
005/021-Cycling-2y-AL-ASAQ-DHAPPQ,83,0.5013315416541424,2031
005/021-Cycling-2y-AL-ASAQ-DHAPPQ,84,0.5565577737061347,2031
005/021-Cycling-2y-AL-ASAQ-DHAPPQ,85,0.5480599388652917,2031
005/021-Cycling-2y-AL-ASAQ-DHAPPQ,86,0.49034919084843964,2031
005/021-Cycling-2y-AL-ASAQ-DHAPPQ,87,0.42371369943104265,2031
005/021-Cycling-2y-AL-ASAQ-DHAPPQ,88,0.4132718394996029,2031
005/021-Cycling-2y-AL-ASAQ-DHAPPQ,89,0.4978327554098603,2031
005/021-Cycling-2y-AL-ASAQ-DHAPPQ,90,0.453226185686414,2031
005/021-Cycling-2y-AL-ASAQ-DHAPPQ,91,0.5994816353338811,2031
005/021-Cycling-2y-AL-ASAQ-DHAPPQ,92,0.5943690701658776,2031
005/021-Cycling-2y-AL-ASAQ-DHAPPQ,93,0.4650112116759874,2031
005/021-Cycling-2y-AL-ASAQ-DHAPPQ,94,0.5694101425698911,2031
005/021-Cycling-2y-AL-ASAQ-DHAPPQ,95,0.4587859237914193,2031
005/021-Cycling-2y-AL-ASAQ-DHAPPQ,96,0.5607866887917762,2031
005/021-Cycling-2y-AL-ASAQ-DHAPPQ,97,0.4796433806483196,2031
005/021-Cycling-2y-AL-ASAQ-DHAPPQ,98,0.49913426475748496,2031
005/021-Cycling-2y-AL-ASAQ-DHAPPQ,99,0.43394380344418737,2031
005/022-Cycling-2y-AL-DHAPPQ-ASAQ,0,0.4391498346991735,2031
005/022-Cycling-2y-AL-DHAPPQ-ASAQ,1,0.6314546890430709,2031
005/022-Cycling-2y-AL-DHAPPQ-ASAQ,2,0.5184237602152953,2031
005/022-Cycling-2y-AL-DHAPPQ-ASAQ,3,0.4513170578564784,2031
005/022-Cycling-2y-AL-DHAPPQ-ASAQ,4,0.5698635412982072,2031
005/022-Cycling-2y-AL-DHAPPQ-ASAQ,5,0.3805561419774894,2031
005/022-Cycling-2y-AL-DHAPPQ-ASAQ,6,0.4320736869984058,2031
005/022-Cycling-2y-AL-DHAPPQ-ASAQ,7,0.48961248696770016,2031
005/022-Cycling-2y-AL-DHAPPQ-ASAQ,8,0.5951450076496171,2031
005/022-Cycling-2y-AL-DHAPPQ-ASAQ,9,0.5653580786483369,2031
005/022-Cycling-2y-AL-DHAPPQ-ASAQ,10,0.521371398293243,2031
005/022-Cycling-2y-AL-DHAPPQ-ASAQ,11,0.4943003349562973,2031
005/022-Cycling-2y-AL-DHAPPQ-ASAQ,12,0.4297398378117115,2031
005/022-Cycling-2y-AL-DHAPPQ-ASAQ,13,0.4469311643479996,2031
005/022-Cycling-2y-AL-DHAPPQ-ASAQ,14,0.44584963162158514,2031
005/022-Cycling-2y-AL-DHAPPQ-ASAQ,15,0.49529270972012124,2031
005/022-Cycling-2y-AL-DHAPPQ-ASAQ,16,0.5354151319973067,2031
005/022-Cycling-2y-AL-DHAPPQ-ASAQ,17,0.5427783152731792,2031
005/022-Cycling-2y-AL-DHAPPQ-ASAQ,18,0.593762800433681,2031
005/022-Cycling-2y-AL-DHAPPQ-ASAQ,19,0.5231391096853464,2031
005/022-Cycling-2y-AL-DHAPPQ-ASAQ,20,0.5555353499960607,2031
005/022-Cycling-2y-AL-DHAPPQ-ASAQ,21,0.5028094526389278,2031
005/022-Cycling-2y-AL-DHAPPQ-ASAQ,22,0.40726396452954633,2031
005/022-Cycling-2y-AL-DHAPPQ-ASAQ,23,0.4472141253985377,2031
005/022-Cycling-2y-AL-DHAPPQ-ASAQ,24,0.41173715896819213,2031
005/022-Cycling-2y-AL-DHAPPQ-ASAQ,25,0.49779453926587025,2031
005/022-Cycling-2y-AL-DHAPPQ-ASAQ,26,0.5608383148060063,2031
005/022-Cycling-2y-AL-DHAPPQ-ASAQ,27,0.4742549831239375,2031
005/022-Cycling-2y-AL-DHAPPQ-ASAQ,28,0.4480055916417043,2031
005/022-Cycling-2y-AL-DHAPPQ-ASAQ,29,0.4614685610449096,2031
005/022-Cycling-2y-AL-DHAPPQ-ASAQ,30,0.46331144838513577,2031
005/022-Cycling-2y-AL-DHAPPQ-ASAQ,31,0.5606518163604406,2031
005/022-Cycling-2y-AL-DHAPPQ-ASAQ,32,0.44535273445012363,2031
005/022-Cycling-2y-AL-DHAPPQ-ASAQ,33,0.5438818536050573,2031
005/022-Cycling-2y-AL-DHAPPQ-ASAQ,34,0.44068726774461214,2031
005/022-Cycling-2y-AL-DHAPPQ-ASAQ,35,0.36517722829236493,2031
005/022-Cycling-2y-AL-DHAPPQ-ASAQ,36,0.4810383623444469,2031
005/022-Cycling-2y-AL-DHAPPQ-ASAQ,37,0.49139376978505594,2031
005/022-Cycling-2y-AL-DHAPPQ-ASAQ,38,0.6816893434461866,2031
005/022-Cycling-2y-AL-DHAPPQ-ASAQ,39,0.4754555629316027,2031
005/022-Cycling-2y-AL-DHAPPQ-ASAQ,40,0.48170248695806156,2031
005/022-Cycling-2y-AL-DHAPPQ-ASAQ,41,0.47028868612077557,2031
005/022-Cycling-2y-AL-DHAPPQ-ASAQ,42,0.5212381913081585,2031
005/022-Cycling-2y-AL-DHAPPQ-ASAQ,43,0.5735826154649674,2031
005/022-Cycling-2y-AL-DHAPPQ-ASAQ,44,0.5553266236153781,2031
005/022-Cycling-2y-AL-DHAPPQ-ASAQ,45,0.44238538186859633,2031
005/022-Cycling-2y-AL-DHAPPQ-ASAQ,46,0.48121819561711526,2031
005/022-Cycling-2y-AL-DHAPPQ-ASAQ,47,0.3895725858073467,2031
005/022-Cycling-2y-AL-DHAPPQ-ASAQ,48,0.4435418613254041,2031
005/022-Cycling-2y-AL-DHAPPQ-ASAQ,49,0.45708556926343213,2031
005/022-Cycling-2y-AL-DHAPPQ-ASAQ,50,0.4847062882764543,2031
005/022-Cycling-2y-AL-DHAPPQ-ASAQ,51,0.5002239785448606,2031
005/022-Cycling-2y-AL-DHAPPQ-ASAQ,52,0.4929341166322423,2031
005/022-Cycling-2y-AL-DHAPPQ-ASAQ,53,0.4852878187360023,2031
005/022-Cycling-2y-AL-DHAPPQ-ASAQ,54,0.469567995692493,2031
005/022-Cycling-2y-AL-DHAPPQ-ASAQ,55,0.47932801184871526,2031
005/022-Cycling-2y-AL-DHAPPQ-ASAQ,56,0.5960882297586233,2031
005/022-Cycling-2y-AL-DHAPPQ-ASAQ,57,0.42163317581646625,2031
005/022-Cycling-2y-AL-DHAPPQ-ASAQ,58,0.5202160456097413,2031
005/022-Cycling-2y-AL-DHAPPQ-ASAQ,59,0.557969801618369,2031
005/022-Cycling-2y-AL-DHAPPQ-ASAQ,60,0.41175112559778576,2031
005/022-Cycling-2y-AL-DHAPPQ-ASAQ,61,0.4015067712691575,2031
005/022-Cycling-2y-AL-DHAPPQ-ASAQ,62,0.5369948986024418,2031
005/022-Cycling-2y-AL-DHAPPQ-ASAQ,63,0.5564829587995953,2031
005/022-Cycling-2y-AL-DHAPPQ-ASAQ,64,0.5306457290394676,2031
005/022-Cycling-2y-AL-DHAPPQ-ASAQ,65,0.4015027587151336,2031
005/022-Cycling-2y-AL-DHAPPQ-ASAQ,66,0.5081344466036142,2031
005/022-Cycling-2y-AL-DHAPPQ-ASAQ,67,0.4427264411426713,2031
005/022-Cycling-2y-AL-DHAPPQ-ASAQ,68,0.43469186659651315,2031
005/022-Cycling-2y-AL-DHAPPQ-ASAQ,69,0.5439951887309108,2031
005/022-Cycling-2y-AL-DHAPPQ-ASAQ,70,0.49200766019975967,2031
005/022-Cycling-2y-AL-DHAPPQ-ASAQ,71,0.5864023152548058,2031
005/022-Cycling-2y-AL-DHAPPQ-ASAQ,72,0.5197472637923296,2031
005/022-Cycling-2y-AL-DHAPPQ-ASAQ,73,0.5254069146752086,2031
005/022-Cycling-2y-AL-DHAPPQ-ASAQ,74,0.5448194533677797,2031
005/022-Cycling-2y-AL-DHAPPQ-ASAQ,75,0.48997763837056657,2031
005/022-Cycling-2y-AL-DHAPPQ-ASAQ,76,0.464809665192919,2031
005/022-Cycling-2y-AL-DHAPPQ-ASAQ,77,0.5161314984317872,2031
005/022-Cycling-2y-AL-DHAPPQ-ASAQ,78,0.4022716678048725,2031
005/022-Cycling-2y-AL-DHAPPQ-ASAQ,79,0.5802318424602215,2031
005/022-Cycling-2y-AL-DHAPPQ-ASAQ,80,0.46539675613132453,2031
005/022-Cycling-2y-AL-DHAPPQ-ASAQ,81,0.5300067278143098,2031
005/022-Cycling-2y-AL-DHAPPQ-ASAQ,82,0.5054698335437653,2031
005/022-Cycling-2y-AL-DHAPPQ-ASAQ,83,0.6040124323367255,2031
005/022-Cycling-2y-AL-DHAPPQ-ASAQ,84,0.5344364546072137,2031
005/022-Cycling-2y-AL-DHAPPQ-ASAQ,85,0.4633291009613512,2031
005/022-Cycling-2y-AL-DHAPPQ-ASAQ,86,0.5819638010759759,2031
005/022-Cycling-2y-AL-DHAPPQ-ASAQ,87,0.4452354154865752,2031
005/022-Cycling-2y-AL-DHAPPQ-ASAQ,88,0.5163821435852887,2031
005/022-Cycling-2y-AL-DHAPPQ-ASAQ,89,0.5413878829820032,2031
005/022-Cycling-2y-AL-DHAPPQ-ASAQ,90,0.48851727995924876,2031
005/022-Cycling-2y-AL-DHAPPQ-ASAQ,91,0.6188085566225522,2031
005/022-Cycling-2y-AL-DHAPPQ-ASAQ,92,0.5017857887381921,2031
005/022-Cycling-2y-AL-DHAPPQ-ASAQ,93,0.5421948294757629,2031
005/022-Cycling-2y-AL-DHAPPQ-ASAQ,94,0.5073043228321575,2031
005/022-Cycling-2y-AL-DHAPPQ-ASAQ,95,0.49232819496651464,2031
005/022-Cycling-2y-AL-DHAPPQ-ASAQ,96,0.44118965008339556,2031
005/022-Cycling-2y-AL-DHAPPQ-ASAQ,97,0.40569210778786097,2031
005/022-Cycling-2y-AL-DHAPPQ-ASAQ,98,0.5169413139345272,2031
005/022-Cycling-2y-AL-DHAPPQ-ASAQ,99,0.4847392057534797,2031
005/023-Cycling-2y-ASAQ-AL-DHAPPQ,0,0.5676498328073737,2031
005/023-Cycling-2y-ASAQ-AL-DHAPPQ,1,0.4755689466922903,2031
005/023-Cycling-2y-ASAQ-AL-DHAPPQ,2,0.6121796432017994,2031
005/023-Cycling-2y-ASAQ-AL-DHAPPQ,3,0.4595248230062263,2031
005/023-Cycling-2y-ASAQ-AL-DHAPPQ,4,0.4412809992859655,2031
005/023-Cycling-2y-ASAQ-AL-DHAPPQ,5,0.46926200285470315,2031
005/023-Cycling-2y-ASAQ-AL-DHAPPQ,6,0.5221277019481695,2031
005/023-Cycling-2y-ASAQ-AL-DHAPPQ,7,0.601394436235409,2031
005/023-Cycling-2y-ASAQ-AL-DHAPPQ,8,0.4965715685446772,2031
005/023-Cycling-2y-ASAQ-AL-DHAPPQ,9,0.4878059422184231,2031
005/023-Cycling-2y-ASAQ-AL-DHAPPQ,10,0.494430876240413,2031
005/023-Cycling-2y-ASAQ-AL-DHAPPQ,11,0.5405113455958942,2031
005/023-Cycling-2y-ASAQ-AL-DHAPPQ,12,0.49016227849771754,2031
005/023-Cycling-2y-ASAQ-AL-DHAPPQ,13,0.48068804103600177,2031
005/023-Cycling-2y-ASAQ-AL-DHAPPQ,14,0.5364745682886485,2031
005/023-Cycling-2y-ASAQ-AL-DHAPPQ,15,0.6126952051608664,2031
005/023-Cycling-2y-ASAQ-AL-DHAPPQ,16,0.5467507033519744,2031
005/023-Cycling-2y-ASAQ-AL-DHAPPQ,17,0.5818182887292975,2031
005/023-Cycling-2y-ASAQ-AL-DHAPPQ,18,0.5127368898852894,2031
005/023-Cycling-2y-ASAQ-AL-DHAPPQ,19,0.518086736972411,2031
005/023-Cycling-2y-ASAQ-AL-DHAPPQ,20,0.5617783432087543,2031
005/023-Cycling-2y-ASAQ-AL-DHAPPQ,21,0.486810117803085,2031
005/023-Cycling-2y-ASAQ-AL-DHAPPQ,22,0.6196296020059914,2031
005/023-Cycling-2y-ASAQ-AL-DHAPPQ,23,0.447427475509576,2031
005/023-Cycling-2y-ASAQ-AL-DHAPPQ,24,0.5053901018377597,2031
005/023-Cycling-2y-ASAQ-AL-DHAPPQ,25,0.48131760422924796,2031
005/023-Cycling-2y-ASAQ-AL-DHAPPQ,26,0.48115570342025804,2031
005/023-Cycling-2y-ASAQ-AL-DHAPPQ,27,0.44369032862547275,2031
005/023-Cycling-2y-ASAQ-AL-DHAPPQ,28,0.3882606620261641,2031
005/023-Cycling-2y-ASAQ-AL-DHAPPQ,29,0.5160101780708618,2031
005/023-Cycling-2y-ASAQ-AL-DHAPPQ,30,0.5179018457425915,2031
005/023-Cycling-2y-ASAQ-AL-DHAPPQ,31,0.49943580665848314,2031
005/023-Cycling-2y-ASAQ-AL-DHAPPQ,32,0.5345194079476238,2031
005/023-Cycling-2y-ASAQ-AL-DHAPPQ,33,0.5669695104265249,2031
005/023-Cycling-2y-ASAQ-AL-DHAPPQ,34,0.49634802174519915,2031
005/023-Cycling-2y-ASAQ-AL-DHAPPQ,35,0.47273606248733097,2031
005/023-Cycling-2y-ASAQ-AL-DHAPPQ,36,0.5000085417032385,2031
005/023-Cycling-2y-ASAQ-AL-DHAPPQ,37,0.5242832781755055,2031
005/023-Cycling-2y-ASAQ-AL-DHAPPQ,38,0.4997934737756973,2031
005/023-Cycling-2y-ASAQ-AL-DHAPPQ,39,0.4995966587033099,2031
005/023-Cycling-2y-ASAQ-AL-DHAPPQ,40,0.45475867719088536,2031
005/023-Cycling-2y-ASAQ-AL-DHAPPQ,41,0.5264950952053685,2031
005/023-Cycling-2y-ASAQ-AL-DHAPPQ,42,0.48946776771047634,2031
005/023-Cycling-2y-ASAQ-AL-DHAPPQ,43,0.5456748464066828,2031
005/023-Cycling-2y-ASAQ-AL-DHAPPQ,44,0.4625236430245469,2031
005/023-Cycling-2y-ASAQ-AL-DHAPPQ,45,0.4808625892487683,2031
005/023-Cycling-2y-ASAQ-AL-DHAPPQ,46,0.5410197234857098,2031
005/023-Cycling-2y-ASAQ-AL-DHAPPQ,47,0.5038030827047814,2031
005/023-Cycling-2y-ASAQ-AL-DHAPPQ,48,0.5444595227344059,2031
005/023-Cycling-2y-ASAQ-AL-DHAPPQ,49,0.492125012897716,2031
005/023-Cycling-2y-ASAQ-AL-DHAPPQ,50,0.593519976966208,2031
005/023-Cycling-2y-ASAQ-AL-DHAPPQ,51,0.5095508650553445,2031
005/023-Cycling-2y-ASAQ-AL-DHAPPQ,52,0.5549147622523597,2031
005/023-Cycling-2y-ASAQ-AL-DHAPPQ,53,0.5230520013066241,2031
005/023-Cycling-2y-ASAQ-AL-DHAPPQ,54,0.5537701320056363,2031
005/023-Cycling-2y-ASAQ-AL-DHAPPQ,55,0.563386251935105,2031
005/023-Cycling-2y-ASAQ-AL-DHAPPQ,56,0.49235700924150666,2031
005/023-Cycling-2y-ASAQ-AL-DHAPPQ,57,0.4831447170942349,2031
005/023-Cycling-2y-ASAQ-AL-DHAPPQ,58,0.5960402981800467,2031
005/023-Cycling-2y-ASAQ-AL-DHAPPQ,59,0.5453865689688443,2031
005/023-Cycling-2y-ASAQ-AL-DHAPPQ,60,0.5002936798461356,2031
005/023-Cycling-2y-ASAQ-AL-DHAPPQ,61,0.38166085166710384,2031
005/023-Cycling-2y-ASAQ-AL-DHAPPQ,62,0.4694617119898589,2031
005/023-Cycling-2y-ASAQ-AL-DHAPPQ,63,0.4362235727690718,2031
005/023-Cycling-2y-ASAQ-AL-DHAPPQ,64,0.4894833107590757,2031
005/023-Cycling-2y-ASAQ-AL-DHAPPQ,65,0.5241334767529008,2031
005/023-Cycling-2y-ASAQ-AL-DHAPPQ,66,0.5051793034650407,2031
005/023-Cycling-2y-ASAQ-AL-DHAPPQ,67,0.5347992673415942,2031
005/023-Cycling-2y-ASAQ-AL-DHAPPQ,68,0.6064096555907909,2031
005/023-Cycling-2y-ASAQ-AL-DHAPPQ,69,0.45313139264559776,2031
005/023-Cycling-2y-ASAQ-AL-DHAPPQ,70,0.5161132489971215,2031
005/023-Cycling-2y-ASAQ-AL-DHAPPQ,71,0.5599772047183234,2031
005/023-Cycling-2y-ASAQ-AL-DHAPPQ,72,0.5560485089422149,2031
005/023-Cycling-2y-ASAQ-AL-DHAPPQ,73,0.4456276137375059,2031
005/023-Cycling-2y-ASAQ-AL-DHAPPQ,74,0.4112800915413035,2031
005/023-Cycling-2y-ASAQ-AL-DHAPPQ,75,0.4949667613085163,2031
005/023-Cycling-2y-ASAQ-AL-DHAPPQ,76,0.5662130476597896,2031
005/023-Cycling-2y-ASAQ-AL-DHAPPQ,77,0.5178446803096425,2031
005/023-Cycling-2y-ASAQ-AL-DHAPPQ,78,0.5818796883117706,2031
005/023-Cycling-2y-ASAQ-AL-DHAPPQ,79,0.48549770397172964,2031
005/023-Cycling-2y-ASAQ-AL-DHAPPQ,80,0.40574736557275193,2031
005/023-Cycling-2y-ASAQ-AL-DHAPPQ,81,0.6613118055932063,2031
005/023-Cycling-2y-ASAQ-AL-DHAPPQ,82,0.5072474860338568,2031
005/023-Cycling-2y-ASAQ-AL-DHAPPQ,83,0.4598904389035525,2031
005/023-Cycling-2y-ASAQ-AL-DHAPPQ,84,0.5842053910735192,2031
005/023-Cycling-2y-ASAQ-AL-DHAPPQ,85,0.6019705198412914,2031
005/023-Cycling-2y-ASAQ-AL-DHAPPQ,86,0.49130719794401206,2031
005/023-Cycling-2y-ASAQ-AL-DHAPPQ,87,0.46845649184813937,2031
005/023-Cycling-2y-ASAQ-AL-DHAPPQ,88,0.5498183138836246,2031
005/023-Cycling-2y-ASAQ-AL-DHAPPQ,89,0.586208004773567,2031
005/023-Cycling-2y-ASAQ-AL-DHAPPQ,90,0.4973212507315212,2031
005/023-Cycling-2y-ASAQ-AL-DHAPPQ,91,0.6167186637934855,2031
005/023-Cycling-2y-ASAQ-AL-DHAPPQ,92,0.49021088880993774,2031
005/023-Cycling-2y-ASAQ-AL-DHAPPQ,93,0.5009473384333255,2031
005/023-Cycling-2y-ASAQ-AL-DHAPPQ,94,0.4593172916336572,2031
005/023-Cycling-2y-ASAQ-AL-DHAPPQ,95,0.500530145416006,2031
005/023-Cycling-2y-ASAQ-AL-DHAPPQ,96,0.5600547452845241,2031
005/023-Cycling-2y-ASAQ-AL-DHAPPQ,97,0.4855083291431752,2031
005/023-Cycling-2y-ASAQ-AL-DHAPPQ,98,0.4808449630663423,2031
005/023-Cycling-2y-ASAQ-AL-DHAPPQ,99,0.47922314464989424,2031
005/024-Cycling-2y-ASAQ-DHAPPQ-AL,0,0.5129020623705818,2031
005/024-Cycling-2y-ASAQ-DHAPPQ-AL,1,0.5468688240396838,2031
005/024-Cycling-2y-ASAQ-DHAPPQ-AL,2,0.5535118551811558,2031
005/024-Cycling-2y-ASAQ-DHAPPQ-AL,3,0.4793206523886777,2031
005/024-Cycling-2y-ASAQ-DHAPPQ-AL,4,0.5779671720707436,2031
005/024-Cycling-2y-ASAQ-DHAPPQ-AL,5,0.48822474314414505,2031
005/024-Cycling-2y-ASAQ-DHAPPQ-AL,6,0.4907320265585911,2031
005/024-Cycling-2y-ASAQ-DHAPPQ-AL,7,0.47489880193608397,2031
005/024-Cycling-2y-ASAQ-DHAPPQ-AL,8,0.5665436485599405,2031
005/024-Cycling-2y-ASAQ-DHAPPQ-AL,9,0.4954133494331012,2031
005/024-Cycling-2y-ASAQ-DHAPPQ-AL,10,0.6064214455417791,2031
005/024-Cycling-2y-ASAQ-DHAPPQ-AL,11,0.5934524212966266,2031
005/024-Cycling-2y-ASAQ-DHAPPQ-AL,12,0.5111208048026141,2031
005/024-Cycling-2y-ASAQ-DHAPPQ-AL,13,0.540700372676056,2031
005/024-Cycling-2y-ASAQ-DHAPPQ-AL,14,0.4896441014558051,2031
005/024-Cycling-2y-ASAQ-DHAPPQ-AL,15,0.5731801098877559,2031
005/024-Cycling-2y-ASAQ-DHAPPQ-AL,16,0.5370496413518152,2031
005/024-Cycling-2y-ASAQ-DHAPPQ-AL,17,0.49375012750834446,2031
005/024-Cycling-2y-ASAQ-DHAPPQ-AL,18,0.6446567674305095,2031
005/024-Cycling-2y-ASAQ-DHAPPQ-AL,19,0.6110128602599488,2031
005/024-Cycling-2y-ASAQ-DHAPPQ-AL,20,0.5486700593653988,2031
005/024-Cycling-2y-ASAQ-DHAPPQ-AL,21,0.48099164545047884,2031
005/024-Cycling-2y-ASAQ-DHAPPQ-AL,22,0.46703120324492636,2031
005/024-Cycling-2y-ASAQ-DHAPPQ-AL,23,0.5260359572375122,2031
005/024-Cycling-2y-ASAQ-DHAPPQ-AL,24,0.41669619674183145,2031
005/024-Cycling-2y-ASAQ-DHAPPQ-AL,25,0.5239758512512759,2031
005/024-Cycling-2y-ASAQ-DHAPPQ-AL,26,0.49918867008708717,2031
005/024-Cycling-2y-ASAQ-DHAPPQ-AL,27,0.5424813395583569,2031
005/024-Cycling-2y-ASAQ-DHAPPQ-AL,28,0.6652680234478693,2031
005/024-Cycling-2y-ASAQ-DHAPPQ-AL,29,0.5738622584091755,2031
005/024-Cycling-2y-ASAQ-DHAPPQ-AL,30,0.5327191783282698,2031
005/024-Cycling-2y-ASAQ-DHAPPQ-AL,31,0.5520292275173849,2031
005/024-Cycling-2y-ASAQ-DHAPPQ-AL,32,0.47932339360524495,2031
005/024-Cycling-2y-ASAQ-DHAPPQ-AL,33,0.5612213911460247,2031
005/024-Cycling-2y-ASAQ-DHAPPQ-AL,34,0.49151488553858497,2031
005/024-Cycling-2y-ASAQ-DHAPPQ-AL,35,0.5155763427528414,2031
005/024-Cycling-2y-ASAQ-DHAPPQ-AL,36,0.49046368277247837,2031
005/024-Cycling-2y-ASAQ-DHAPPQ-AL,37,0.5348877966163533,2031
005/024-Cycling-2y-ASAQ-DHAPPQ-AL,38,0.46803622089266267,2031
005/024-Cycling-2y-ASAQ-DHAPPQ-AL,39,0.4261648551905333,2031
005/024-Cycling-2y-ASAQ-DHAPPQ-AL,40,0.49318964567925344,2031
005/024-Cycling-2y-ASAQ-DHAPPQ-AL,41,0.5882438108033811,2031
005/024-Cycling-2y-ASAQ-DHAPPQ-AL,42,0.6061017972780488,2031
005/024-Cycling-2y-ASAQ-DHAPPQ-AL,43,0.5422583728011018,2031
005/024-Cycling-2y-ASAQ-DHAPPQ-AL,44,0.5696208818549732,2031
005/024-Cycling-2y-ASAQ-DHAPPQ-AL,45,0.4961585218749945,2031
005/024-Cycling-2y-ASAQ-DHAPPQ-AL,46,0.6993022035088909,2031
005/024-Cycling-2y-ASAQ-DHAPPQ-AL,47,0.490010525542152,2031
005/024-Cycling-2y-ASAQ-DHAPPQ-AL,48,0.4668236333899752,2031
005/024-Cycling-2y-ASAQ-DHAPPQ-AL,49,0.5658303116423035,2031
005/024-Cycling-2y-ASAQ-DHAPPQ-AL,50,0.49827537133374794,2031
005/024-Cycling-2y-ASAQ-DHAPPQ-AL,51,0.592118966618176,2031
005/024-Cycling-2y-ASAQ-DHAPPQ-AL,52,0.5109449289682114,2031
005/024-Cycling-2y-ASAQ-DHAPPQ-AL,53,0.6035101547715563,2031
005/024-Cycling-2y-ASAQ-DHAPPQ-AL,54,0.47273282965941826,2031
005/024-Cycling-2y-ASAQ-DHAPPQ-AL,55,0.487913178940925,2031
005/024-Cycling-2y-ASAQ-DHAPPQ-AL,56,0.5503143629176626,2031
005/024-Cycling-2y-ASAQ-DHAPPQ-AL,57,0.4674164400036817,2031
005/024-Cycling-2y-ASAQ-DHAPPQ-AL,58,0.5302504812185712,2031
005/024-Cycling-2y-ASAQ-DHAPPQ-AL,59,0.5754457988221288,2031
005/024-Cycling-2y-ASAQ-DHAPPQ-AL,60,0.5911142844610086,2031
005/024-Cycling-2y-ASAQ-DHAPPQ-AL,61,0.5160743449443052,2031
005/024-Cycling-2y-ASAQ-DHAPPQ-AL,62,0.44415209254609017,2031
005/024-Cycling-2y-ASAQ-DHAPPQ-AL,63,0.5255738408956728,2031
005/024-Cycling-2y-ASAQ-DHAPPQ-AL,64,0.4919085927802842,2031
005/024-Cycling-2y-ASAQ-DHAPPQ-AL,65,0.3736798025674782,2031
005/024-Cycling-2y-ASAQ-DHAPPQ-AL,66,0.4840672729875819,2031
005/024-Cycling-2y-ASAQ-DHAPPQ-AL,67,0.4861926513638286,2031
005/024-Cycling-2y-ASAQ-DHAPPQ-AL,68,0.4612497925323247,2031
005/024-Cycling-2y-ASAQ-DHAPPQ-AL,69,0.6265436008246476,2031
005/024-Cycling-2y-ASAQ-DHAPPQ-AL,70,0.5784721842433901,2031
005/024-Cycling-2y-ASAQ-DHAPPQ-AL,71,0.6335689873631501,2031
005/024-Cycling-2y-ASAQ-DHAPPQ-AL,72,0.5141221140043448,2031
005/024-Cycling-2y-ASAQ-DHAPPQ-AL,73,0.489454220317804,2031
005/024-Cycling-2y-ASAQ-DHAPPQ-AL,74,0.5627803449894245,2031
005/024-Cycling-2y-ASAQ-DHAPPQ-AL,75,0.4613924374880755,2031
005/024-Cycling-2y-ASAQ-DHAPPQ-AL,76,0.564525237083954,2031
005/024-Cycling-2y-ASAQ-DHAPPQ-AL,77,0.4639895667268765,2031
005/024-Cycling-2y-ASAQ-DHAPPQ-AL,78,0.5553504920173117,2031
005/024-Cycling-2y-ASAQ-DHAPPQ-AL,79,0.5414987707704654,2031
005/024-Cycling-2y-ASAQ-DHAPPQ-AL,80,0.5138810976801357,2031
005/024-Cycling-2y-ASAQ-DHAPPQ-AL,81,0.5677049644189817,2031
005/024-Cycling-2y-ASAQ-DHAPPQ-AL,82,0.49507909962040314,2031
005/024-Cycling-2y-ASAQ-DHAPPQ-AL,83,0.5826973145573161,2031
005/024-Cycling-2y-ASAQ-DHAPPQ-AL,84,0.5424316905387047,2031
005/024-Cycling-2y-ASAQ-DHAPPQ-AL,85,0.640890408044747,2031
005/024-Cycling-2y-ASAQ-DHAPPQ-AL,86,0.4755476563899033,2031
005/024-Cycling-2y-ASAQ-DHAPPQ-AL,87,0.5371187134892562,2031
005/024-Cycling-2y-ASAQ-DHAPPQ-AL,88,0.5510015186604433,2031
005/024-Cycling-2y-ASAQ-DHAPPQ-AL,89,0.41839297483167354,2031
005/024-Cycling-2y-ASAQ-DHAPPQ-AL,90,0.4891632048672043,2031
005/024-Cycling-2y-ASAQ-DHAPPQ-AL,91,0.465112905726115,2031
005/024-Cycling-2y-ASAQ-DHAPPQ-AL,92,0.5585401215764856,2031
005/024-Cycling-2y-ASAQ-DHAPPQ-AL,93,0.5179451110189496,2031
005/024-Cycling-2y-ASAQ-DHAPPQ-AL,94,0.5201171859207355,2031
005/024-Cycling-2y-ASAQ-DHAPPQ-AL,95,0.5259673966259493,2031
005/024-Cycling-2y-ASAQ-DHAPPQ-AL,96,0.5746027711200239,2031
005/024-Cycling-2y-ASAQ-DHAPPQ-AL,97,0.5488663881442801,2031
005/024-Cycling-2y-ASAQ-DHAPPQ-AL,98,0.561383220560261,2031
005/024-Cycling-2y-ASAQ-DHAPPQ-AL,99,0.5207659938928059,2031
005/025-Cycling-2y-DHAPPQ-AL-ASAQ,0,0.48659653618552695,2031
005/025-Cycling-2y-DHAPPQ-AL-ASAQ,1,0.4075079127805779,2031
005/025-Cycling-2y-DHAPPQ-AL-ASAQ,2,0.48745860184337203,2031
005/025-Cycling-2y-DHAPPQ-AL-ASAQ,3,0.5226712361939277,2031
005/025-Cycling-2y-DHAPPQ-AL-ASAQ,4,0.42660677479699366,2031
005/025-Cycling-2y-DHAPPQ-AL-ASAQ,5,0.5339499116349437,2031
005/025-Cycling-2y-DHAPPQ-AL-ASAQ,6,0.49047552982657705,2031
005/025-Cycling-2y-DHAPPQ-AL-ASAQ,7,0.5432794140525355,2031
005/025-Cycling-2y-DHAPPQ-AL-ASAQ,8,0.5144957246808098,2031
005/025-Cycling-2y-DHAPPQ-AL-ASAQ,9,0.4717147597026828,2031
005/025-Cycling-2y-DHAPPQ-AL-ASAQ,10,0.5369160597516057,2031
005/025-Cycling-2y-DHAPPQ-AL-ASAQ,11,0.531940843049207,2031
005/025-Cycling-2y-DHAPPQ-AL-ASAQ,12,0.6216192329042387,2031
005/025-Cycling-2y-DHAPPQ-AL-ASAQ,13,0.5463643602443837,2031
005/025-Cycling-2y-DHAPPQ-AL-ASAQ,14,0.6093973920815977,2031
005/025-Cycling-2y-DHAPPQ-AL-ASAQ,15,0.5432161680324303,2031
005/025-Cycling-2y-DHAPPQ-AL-ASAQ,16,0.5404840967192769,2031
005/025-Cycling-2y-DHAPPQ-AL-ASAQ,17,0.4729669852211606,2031
005/025-Cycling-2y-DHAPPQ-AL-ASAQ,18,0.4294952985554928,2031
005/025-Cycling-2y-DHAPPQ-AL-ASAQ,19,0.4467671089092524,2031
005/025-Cycling-2y-DHAPPQ-AL-ASAQ,20,0.4495840538809357,2031
005/025-Cycling-2y-DHAPPQ-AL-ASAQ,21,0.4825589265788095,2031
005/025-Cycling-2y-DHAPPQ-AL-ASAQ,22,0.6128516276139097,2031
005/025-Cycling-2y-DHAPPQ-AL-ASAQ,23,0.45983882169365903,2031
005/025-Cycling-2y-DHAPPQ-AL-ASAQ,24,0.5374433412730898,2031
005/025-Cycling-2y-DHAPPQ-AL-ASAQ,25,0.5380787750742949,2031
005/025-Cycling-2y-DHAPPQ-AL-ASAQ,26,0.5151229360898727,2031
005/025-Cycling-2y-DHAPPQ-AL-ASAQ,27,0.42429663738350903,2031
005/025-Cycling-2y-DHAPPQ-AL-ASAQ,28,0.5451271565229612,2031
005/025-Cycling-2y-DHAPPQ-AL-ASAQ,29,0.4952292829560227,2031
005/025-Cycling-2y-DHAPPQ-AL-ASAQ,30,0.48447244750380786,2031
005/025-Cycling-2y-DHAPPQ-AL-ASAQ,31,0.5850793595771105,2031
005/025-Cycling-2y-DHAPPQ-AL-ASAQ,32,0.5270601802202188,2031
005/025-Cycling-2y-DHAPPQ-AL-ASAQ,33,0.5812390208874859,2031
005/025-Cycling-2y-DHAPPQ-AL-ASAQ,34,0.45131759752628436,2031
005/025-Cycling-2y-DHAPPQ-AL-ASAQ,35,0.44363123938355375,2031
005/025-Cycling-2y-DHAPPQ-AL-ASAQ,36,0.4652171296653373,2031
005/025-Cycling-2y-DHAPPQ-AL-ASAQ,37,0.5126869084817945,2031
005/025-Cycling-2y-DHAPPQ-AL-ASAQ,38,0.527708425759753,2031
005/025-Cycling-2y-DHAPPQ-AL-ASAQ,39,0.5430132167330832,2031
005/025-Cycling-2y-DHAPPQ-AL-ASAQ,40,0.5608152344101178,2031
005/025-Cycling-2y-DHAPPQ-AL-ASAQ,41,0.4574948812953026,2031
005/025-Cycling-2y-DHAPPQ-AL-ASAQ,42,0.6174896253827167,2031
005/025-Cycling-2y-DHAPPQ-AL-ASAQ,43,0.43146847405892674,2031
005/025-Cycling-2y-DHAPPQ-AL-ASAQ,44,0.4020514378762794,2031
005/025-Cycling-2y-DHAPPQ-AL-ASAQ,45,0.47522642234822826,2031
005/025-Cycling-2y-DHAPPQ-AL-ASAQ,46,0.5411333959181063,2031
005/025-Cycling-2y-DHAPPQ-AL-ASAQ,47,0.40505370318399253,2031
005/025-Cycling-2y-DHAPPQ-AL-ASAQ,48,0.4958023260265758,2031
005/025-Cycling-2y-DHAPPQ-AL-ASAQ,49,0.41514963529510746,2031
005/025-Cycling-2y-DHAPPQ-AL-ASAQ,50,0.5471334084504401,2031
005/025-Cycling-2y-DHAPPQ-AL-ASAQ,51,0.49294386813537255,2031
005/025-Cycling-2y-DHAPPQ-AL-ASAQ,52,0.42069309216876527,2031
005/025-Cycling-2y-DHAPPQ-AL-ASAQ,53,0.5555346625189651,2031
005/025-Cycling-2y-DHAPPQ-AL-ASAQ,54,0.47543880983582826,2031
005/025-Cycling-2y-DHAPPQ-AL-ASAQ,55,0.4494513745319784,2031
005/025-Cycling-2y-DHAPPQ-AL-ASAQ,56,0.43054278989987704,2031
005/025-Cycling-2y-DHAPPQ-AL-ASAQ,57,0.4209052510080851,2031
005/025-Cycling-2y-DHAPPQ-AL-ASAQ,58,0.5323554616024704,2031
005/025-Cycling-2y-DHAPPQ-AL-ASAQ,59,0.5196203141604276,2031
005/025-Cycling-2y-DHAPPQ-AL-ASAQ,60,0.49232705596580595,2031
005/025-Cycling-2y-DHAPPQ-AL-ASAQ,61,0.40999459446104863,2031
005/025-Cycling-2y-DHAPPQ-AL-ASAQ,62,0.40293354651146623,2031
005/025-Cycling-2y-DHAPPQ-AL-ASAQ,63,0.505725279583143,2031
005/025-Cycling-2y-DHAPPQ-AL-ASAQ,64,0.49850315379308263,2031
005/025-Cycling-2y-DHAPPQ-AL-ASAQ,65,0.574219367201697,2031
005/025-Cycling-2y-DHAPPQ-AL-ASAQ,66,0.3736612595496647,2031
005/025-Cycling-2y-DHAPPQ-AL-ASAQ,67,0.5541134795919694,2031
005/025-Cycling-2y-DHAPPQ-AL-ASAQ,68,0.58127999182001,2031
005/025-Cycling-2y-DHAPPQ-AL-ASAQ,69,0.5137623137342447,2031
005/025-Cycling-2y-DHAPPQ-AL-ASAQ,70,0.4588126733062691,2031
005/025-Cycling-2y-DHAPPQ-AL-ASAQ,71,0.47667682259854866,2031
005/025-Cycling-2y-DHAPPQ-AL-ASAQ,72,0.5189653723001671,2031
005/025-Cycling-2y-DHAPPQ-AL-ASAQ,73,0.5294735500683229,2031
005/025-Cycling-2y-DHAPPQ-AL-ASAQ,74,0.5286084166026658,2031
005/025-Cycling-2y-DHAPPQ-AL-ASAQ,75,0.48414986735481697,2031
005/025-Cycling-2y-DHAPPQ-AL-ASAQ,76,0.47651424574166173,2031
005/025-Cycling-2y-DHAPPQ-AL-ASAQ,77,0.3797649801867001,2031
005/025-Cycling-2y-DHAPPQ-AL-ASAQ,78,0.47639897890524524,2031
005/025-Cycling-2y-DHAPPQ-AL-ASAQ,79,0.4007846026168725,2031
005/025-Cycling-2y-DHAPPQ-AL-ASAQ,80,0.5388798466145129,2031
005/025-Cycling-2y-DHAPPQ-AL-ASAQ,81,0.6351911843083028,2031
005/025-Cycling-2y-DHAPPQ-AL-ASAQ,82,0.43539701557532395,2031
005/025-Cycling-2y-DHAPPQ-AL-ASAQ,83,0.5214259677393637,2031
005/025-Cycling-2y-DHAPPQ-AL-ASAQ,84,0.4725705459550618,2031
005/025-Cycling-2y-DHAPPQ-AL-ASAQ,85,0.5180201922474512,2031
005/025-Cycling-2y-DHAPPQ-AL-ASAQ,86,0.5098195836134212,2031
005/025-Cycling-2y-DHAPPQ-AL-ASAQ,87,0.4793880158725626,2031
005/025-Cycling-2y-DHAPPQ-AL-ASAQ,88,0.4484214335271435,2031
005/025-Cycling-2y-DHAPPQ-AL-ASAQ,89,0.45176952494902417,2031
005/025-Cycling-2y-DHAPPQ-AL-ASAQ,90,0.4203257677841474,2031
005/025-Cycling-2y-DHAPPQ-AL-ASAQ,91,0.5427805118069992,2031
005/025-Cycling-2y-DHAPPQ-AL-ASAQ,92,0.5197286041663255,2031
005/025-Cycling-2y-DHAPPQ-AL-ASAQ,93,0.49149505854193126,2031
005/025-Cycling-2y-DHAPPQ-AL-ASAQ,94,0.46625559956646506,2031
005/025-Cycling-2y-DHAPPQ-AL-ASAQ,95,0.5845963806328477,2031
005/025-Cycling-2y-DHAPPQ-AL-ASAQ,96,0.5259120535468732,2031
005/025-Cycling-2y-DHAPPQ-AL-ASAQ,97,0.44803221534186205,2031
005/025-Cycling-2y-DHAPPQ-AL-ASAQ,98,0.49773872972105493,2031
005/025-Cycling-2y-DHAPPQ-AL-ASAQ,99,0.5775312548142989,2031
005/026-Cycling-2y-DHAPPQ-ASAQ-AL,0,0.45762193045771316,2031
005/026-Cycling-2y-DHAPPQ-ASAQ-AL,1,0.5382757163503308,2031
005/026-Cycling-2y-DHAPPQ-ASAQ-AL,2,0.534841864067485,2031
005/026-Cycling-2y-DHAPPQ-ASAQ-AL,3,0.5859736605929514,2031
005/026-Cycling-2y-DHAPPQ-ASAQ-AL,4,0.4845845017717873,2031
005/026-Cycling-2y-DHAPPQ-ASAQ-AL,5,0.6601703728124498,2031
005/026-Cycling-2y-DHAPPQ-ASAQ-AL,6,0.6260266578752118,2031
005/026-Cycling-2y-DHAPPQ-ASAQ-AL,7,0.5358416900615213,2031
005/026-Cycling-2y-DHAPPQ-ASAQ-AL,8,0.6097449997123444,2031
005/026-Cycling-2y-DHAPPQ-ASAQ-AL,9,0.528657680365947,2031
005/026-Cycling-2y-DHAPPQ-ASAQ-AL,10,0.4961970081766152,2031
005/026-Cycling-2y-DHAPPQ-ASAQ-AL,11,0.41435907183028536,2031
005/026-Cycling-2y-DHAPPQ-ASAQ-AL,12,0.49544394162372535,2031
005/026-Cycling-2y-DHAPPQ-ASAQ-AL,13,0.6037085427325809,2031
005/026-Cycling-2y-DHAPPQ-ASAQ-AL,14,0.5681882018123284,2031
005/026-Cycling-2y-DHAPPQ-ASAQ-AL,15,0.4081615480691731,2031
005/026-Cycling-2y-DHAPPQ-ASAQ-AL,16,0.5627591381818341,2031
005/026-Cycling-2y-DHAPPQ-ASAQ-AL,17,0.5697088838292419,2031
005/026-Cycling-2y-DHAPPQ-ASAQ-AL,18,0.528869900124136,2031
005/026-Cycling-2y-DHAPPQ-ASAQ-AL,19,0.5096719413222925,2031
005/026-Cycling-2y-DHAPPQ-ASAQ-AL,20,0.5376078841330283,2031
005/026-Cycling-2y-DHAPPQ-ASAQ-AL,21,0.501689965485184,2031
005/026-Cycling-2y-DHAPPQ-ASAQ-AL,22,0.6275154076585328,2031
005/026-Cycling-2y-DHAPPQ-ASAQ-AL,23,0.4577559961867363,2031
005/026-Cycling-2y-DHAPPQ-ASAQ-AL,24,0.5002607371340588,2031
005/026-Cycling-2y-DHAPPQ-ASAQ-AL,25,0.5526382206302659,2031
005/026-Cycling-2y-DHAPPQ-ASAQ-AL,26,0.5373337584052225,2031
005/026-Cycling-2y-DHAPPQ-ASAQ-AL,27,0.5384007720738739,2031
005/026-Cycling-2y-DHAPPQ-ASAQ-AL,28,0.45537134349750547,2031
005/026-Cycling-2y-DHAPPQ-ASAQ-AL,29,0.5160392584350059,2031
005/026-Cycling-2y-DHAPPQ-ASAQ-AL,30,0.4907166679344448,2031
005/026-Cycling-2y-DHAPPQ-ASAQ-AL,31,0.5850536260675293,2031
005/026-Cycling-2y-DHAPPQ-ASAQ-AL,32,0.5152038765602572,2031
005/026-Cycling-2y-DHAPPQ-ASAQ-AL,33,0.48383550524693913,2031
005/026-Cycling-2y-DHAPPQ-ASAQ-AL,34,0.5402402492106487,2031
005/026-Cycling-2y-DHAPPQ-ASAQ-AL,35,0.627481278599909,2031
005/026-Cycling-2y-DHAPPQ-ASAQ-AL,36,0.46799711931180904,2031
005/026-Cycling-2y-DHAPPQ-ASAQ-AL,37,0.40095269180478765,2031
005/026-Cycling-2y-DHAPPQ-ASAQ-AL,38,0.5300664688377382,2031
005/026-Cycling-2y-DHAPPQ-ASAQ-AL,39,0.572694535722681,2031
005/026-Cycling-2y-DHAPPQ-ASAQ-AL,40,0.6388179191682486,2031
005/026-Cycling-2y-DHAPPQ-ASAQ-AL,41,0.5521899309500443,2031
005/026-Cycling-2y-DHAPPQ-ASAQ-AL,42,0.5327579929550258,2031
005/026-Cycling-2y-DHAPPQ-ASAQ-AL,43,0.5633517780604748,2031
005/026-Cycling-2y-DHAPPQ-ASAQ-AL,44,0.6768443356592372,2031
005/026-Cycling-2y-DHAPPQ-ASAQ-AL,45,0.5612103996778536,2031
005/026-Cycling-2y-DHAPPQ-ASAQ-AL,46,0.47452732285349725,2031
005/026-Cycling-2y-DHAPPQ-ASAQ-AL,47,0.47167274240551427,2031
005/026-Cycling-2y-DHAPPQ-ASAQ-AL,48,0.5328666161084211,2031
005/026-Cycling-2y-DHAPPQ-ASAQ-AL,49,0.5822996520455596,2031
005/026-Cycling-2y-DHAPPQ-ASAQ-AL,50,0.500350793861546,2031
005/026-Cycling-2y-DHAPPQ-ASAQ-AL,51,0.5380207757821052,2031
005/026-Cycling-2y-DHAPPQ-ASAQ-AL,52,0.48062448880831354,2031
005/026-Cycling-2y-DHAPPQ-ASAQ-AL,53,0.5306504952695891,2031
005/026-Cycling-2y-DHAPPQ-ASAQ-AL,54,0.47269486160349256,2031
005/026-Cycling-2y-DHAPPQ-ASAQ-AL,55,0.46024609532265154,2031
005/026-Cycling-2y-DHAPPQ-ASAQ-AL,56,0.5329105474191488,2031
005/026-Cycling-2y-DHAPPQ-ASAQ-AL,57,0.44961301650573327,2031
005/026-Cycling-2y-DHAPPQ-ASAQ-AL,58,0.4760428031624577,2031
005/026-Cycling-2y-DHAPPQ-ASAQ-AL,59,0.5230288403045545,2031
005/026-Cycling-2y-DHAPPQ-ASAQ-AL,60,0.6610067654828673,2031
005/026-Cycling-2y-DHAPPQ-ASAQ-AL,61,0.556193398604822,2031
005/026-Cycling-2y-DHAPPQ-ASAQ-AL,62,0.5899534116511228,2031
005/026-Cycling-2y-DHAPPQ-ASAQ-AL,63,0.538895325338309,2031
005/026-Cycling-2y-DHAPPQ-ASAQ-AL,64,0.5253171998181215,2031
005/026-Cycling-2y-DHAPPQ-ASAQ-AL,65,0.5831113051993096,2031
005/026-Cycling-2y-DHAPPQ-ASAQ-AL,66,0.4559182698781837,2031
005/026-Cycling-2y-DHAPPQ-ASAQ-AL,67,0.5355694236796287,2031
005/026-Cycling-2y-DHAPPQ-ASAQ-AL,68,0.6432085035164098,2031
005/026-Cycling-2y-DHAPPQ-ASAQ-AL,69,0.5954328614159613,2031
005/026-Cycling-2y-DHAPPQ-ASAQ-AL,70,0.5523606855303023,2031
005/026-Cycling-2y-DHAPPQ-ASAQ-AL,71,0.4945710700127337,2031
005/026-Cycling-2y-DHAPPQ-ASAQ-AL,72,0.4172378347590015,2031
005/026-Cycling-2y-DHAPPQ-ASAQ-AL,73,0.5961397740650983,2031
005/026-Cycling-2y-DHAPPQ-ASAQ-AL,74,0.46608974804841447,2031
005/026-Cycling-2y-DHAPPQ-ASAQ-AL,75,0.48797611959458503,2031
005/026-Cycling-2y-DHAPPQ-ASAQ-AL,76,0.5524911966992814,2031
005/026-Cycling-2y-DHAPPQ-ASAQ-AL,77,0.516395332424104,2031
005/026-Cycling-2y-DHAPPQ-ASAQ-AL,78,0.6477967375042742,2031
005/026-Cycling-2y-DHAPPQ-ASAQ-AL,79,0.4771412535956805,2031
005/026-Cycling-2y-DHAPPQ-ASAQ-AL,80,0.5305078618652029,2031
005/026-Cycling-2y-DHAPPQ-ASAQ-AL,81,0.517744544097871,2031
005/026-Cycling-2y-DHAPPQ-ASAQ-AL,82,0.4578172796056967,2031
005/026-Cycling-2y-DHAPPQ-ASAQ-AL,83,0.3712647714932389,2031
005/026-Cycling-2y-DHAPPQ-ASAQ-AL,84,0.5110676398479538,2031
005/026-Cycling-2y-DHAPPQ-ASAQ-AL,85,0.5128505110371799,2031
005/026-Cycling-2y-DHAPPQ-ASAQ-AL,86,0.6074211467537548,2031
005/026-Cycling-2y-DHAPPQ-ASAQ-AL,87,0.5586837628745979,2031
005/026-Cycling-2y-DHAPPQ-ASAQ-AL,88,0.6558418808183551,2031
005/026-Cycling-2y-DHAPPQ-ASAQ-AL,89,0.5647621665890928,2031
005/026-Cycling-2y-DHAPPQ-ASAQ-AL,90,0.6221041607182644,2031
005/026-Cycling-2y-DHAPPQ-ASAQ-AL,91,0.5738884298008219,2031
005/026-Cycling-2y-DHAPPQ-ASAQ-AL,92,0.4780474573785287,2031
005/026-Cycling-2y-DHAPPQ-ASAQ-AL,93,0.5603151571110788,2031
005/026-Cycling-2y-DHAPPQ-ASAQ-AL,94,0.4662100403053931,2031
005/026-Cycling-2y-DHAPPQ-ASAQ-AL,95,0.5939399390992376,2031
005/026-Cycling-2y-DHAPPQ-ASAQ-AL,96,0.38120097005447434,2031
005/026-Cycling-2y-DHAPPQ-ASAQ-AL,97,0.5405539483856826,2031
005/026-Cycling-2y-DHAPPQ-ASAQ-AL,98,0.5804189140940466,2031
005/026-Cycling-2y-DHAPPQ-ASAQ-AL,99,0.4342557552648718,2031
005/027-Cycling-3y-AL-ASAQ,0,0.5323892297733,2031
005/027-Cycling-3y-AL-ASAQ,1,0.5802836146838491,2031
005/027-Cycling-3y-AL-ASAQ,2,0.5361299270769071,2031
005/027-Cycling-3y-AL-ASAQ,3,0.5952212684740003,2031
005/027-Cycling-3y-AL-ASAQ,4,0.5589637063893265,2031
005/027-Cycling-3y-AL-ASAQ,5,0.5997075627416374,2031
005/027-Cycling-3y-AL-ASAQ,6,0.48360340608572366,2031
005/027-Cycling-3y-AL-ASAQ,7,0.5644659249149864,2031
005/027-Cycling-3y-AL-ASAQ,8,0.647496297997654,2031
005/027-Cycling-3y-AL-ASAQ,9,0.5748041790406114,2031
005/027-Cycling-3y-AL-ASAQ,10,0.495747044239119,2031
005/027-Cycling-3y-AL-ASAQ,11,0.5797939003876558,2031
005/027-Cycling-3y-AL-ASAQ,12,0.5529688271866512,2031
005/027-Cycling-3y-AL-ASAQ,13,0.5235313134700972,2031
005/027-Cycling-3y-AL-ASAQ,14,0.4849938972535858,2031
005/027-Cycling-3y-AL-ASAQ,15,0.5330415413185748,2031
005/027-Cycling-3y-AL-ASAQ,16,0.5541029151507038,2031
005/027-Cycling-3y-AL-ASAQ,17,0.6174021611072019,2031
005/027-Cycling-3y-AL-ASAQ,18,0.5969641181769574,2031
005/027-Cycling-3y-AL-ASAQ,19,0.5762423457031237,2031
005/027-Cycling-3y-AL-ASAQ,20,0.5278006712641657,2031
005/027-Cycling-3y-AL-ASAQ,21,0.44186587994881776,2031
005/027-Cycling-3y-AL-ASAQ,22,0.40902646573365203,2031
005/027-Cycling-3y-AL-ASAQ,23,0.5781373357509071,2031
005/027-Cycling-3y-AL-ASAQ,24,0.6175110443665832,2031
005/027-Cycling-3y-AL-ASAQ,25,0.49428089891201404,2031
005/027-Cycling-3y-AL-ASAQ,26,0.5743203427792565,2031
005/027-Cycling-3y-AL-ASAQ,27,0.6629830132499503,2031
005/027-Cycling-3y-AL-ASAQ,28,0.6736162474774187,2031
005/027-Cycling-3y-AL-ASAQ,29,0.5337704614380138,2031
005/027-Cycling-3y-AL-ASAQ,30,0.5430199637759889,2031
005/027-Cycling-3y-AL-ASAQ,31,0.511588309073114,2031
005/027-Cycling-3y-AL-ASAQ,32,0.5380701755327671,2031
005/027-Cycling-3y-AL-ASAQ,33,0.5329431603834837,2031
005/027-Cycling-3y-AL-ASAQ,34,0.49788929097427403,2031
005/027-Cycling-3y-AL-ASAQ,35,0.5185570179215108,2031
005/027-Cycling-3y-AL-ASAQ,36,0.5119617798949551,2031
005/027-Cycling-3y-AL-ASAQ,37,0.6208411030352285,2031
005/027-Cycling-3y-AL-ASAQ,38,0.4024956296456867,2031
005/027-Cycling-3y-AL-ASAQ,39,0.4635410932041289,2031
005/027-Cycling-3y-AL-ASAQ,40,0.4357149070535371,2031
005/027-Cycling-3y-AL-ASAQ,41,0.42566804129321806,2031
005/027-Cycling-3y-AL-ASAQ,42,0.5191556222849645,2031
005/027-Cycling-3y-AL-ASAQ,43,0.4869838180662989,2031
005/027-Cycling-3y-AL-ASAQ,44,0.5716686870582107,2031
005/027-Cycling-3y-AL-ASAQ,45,0.6073538126142798,2031
005/027-Cycling-3y-AL-ASAQ,46,0.6533398013785074,2031
005/027-Cycling-3y-AL-ASAQ,47,0.4930888932862805,2031
005/027-Cycling-3y-AL-ASAQ,48,0.5338292096786952,2031
005/027-Cycling-3y-AL-ASAQ,49,0.5234042210826837,2031
005/027-Cycling-3y-AL-ASAQ,50,0.43756488772281155,2031
005/027-Cycling-3y-AL-ASAQ,51,0.47191362233025974,2031
005/027-Cycling-3y-AL-ASAQ,52,0.5950050741017741,2031
005/027-Cycling-3y-AL-ASAQ,53,0.44967121524452397,2031
005/027-Cycling-3y-AL-ASAQ,54,0.7602804025397512,2031
005/027-Cycling-3y-AL-ASAQ,55,0.5487168502758408,2031
005/027-Cycling-3y-AL-ASAQ,56,0.5389772425215557,2031
005/027-Cycling-3y-AL-ASAQ,57,0.527181145377403,2031
005/027-Cycling-3y-AL-ASAQ,58,0.6235514963749175,2031
005/027-Cycling-3y-AL-ASAQ,59,0.5889105223458909,2031
005/027-Cycling-3y-AL-ASAQ,60,0.5611558068103748,2031
005/027-Cycling-3y-AL-ASAQ,61,0.567460663587808,2031
005/027-Cycling-3y-AL-ASAQ,62,0.5368835337228742,2031
005/027-Cycling-3y-AL-ASAQ,63,0.5127389913407246,2031
005/027-Cycling-3y-AL-ASAQ,64,0.46858843627642693,2031
005/027-Cycling-3y-AL-ASAQ,65,0.5392899304491221,2031
005/027-Cycling-3y-AL-ASAQ,66,0.4929866391222259,2031
005/027-Cycling-3y-AL-ASAQ,67,0.5227889112917087,2031
005/027-Cycling-3y-AL-ASAQ,68,0.5744021262416826,2031
005/027-Cycling-3y-AL-ASAQ,69,0.5564539920182976,2031
005/027-Cycling-3y-AL-ASAQ,70,0.517897334948646,2031
005/027-Cycling-3y-AL-ASAQ,71,0.5435297056575511,2031
005/027-Cycling-3y-AL-ASAQ,72,0.5489703917153348,2031
005/027-Cycling-3y-AL-ASAQ,73,0.5888593339730007,2031
005/027-Cycling-3y-AL-ASAQ,74,0.5247752087718945,2031
005/027-Cycling-3y-AL-ASAQ,75,0.49989654856820165,2031
005/027-Cycling-3y-AL-ASAQ,76,0.5459570866227771,2031
005/027-Cycling-3y-AL-ASAQ,77,0.5278037352724809,2031
005/027-Cycling-3y-AL-ASAQ,78,0.6166955218017461,2031
005/027-Cycling-3y-AL-ASAQ,79,0.5036688529336688,2031
005/027-Cycling-3y-AL-ASAQ,80,0.5414568026952608,2031
005/027-Cycling-3y-AL-ASAQ,81,0.4893752944823441,2031
005/027-Cycling-3y-AL-ASAQ,82,0.5037864266175548,2031
005/027-Cycling-3y-AL-ASAQ,83,0.7241489976000848,2031
005/027-Cycling-3y-AL-ASAQ,84,0.4693814948510718,2031
005/027-Cycling-3y-AL-ASAQ,85,0.5152876598386423,2031
005/027-Cycling-3y-AL-ASAQ,86,0.5570703006685341,2031
005/027-Cycling-3y-AL-ASAQ,87,0.5931434894983107,2031
005/027-Cycling-3y-AL-ASAQ,88,0.5588770547101202,2031
005/027-Cycling-3y-AL-ASAQ,89,0.5207454885876771,2031
005/027-Cycling-3y-AL-ASAQ,90,0.64908202671531,2031
005/027-Cycling-3y-AL-ASAQ,91,0.45568380045201917,2031
005/027-Cycling-3y-AL-ASAQ,92,0.48441097667030614,2031
005/027-Cycling-3y-AL-ASAQ,93,0.5199444842661856,2031
005/027-Cycling-3y-AL-ASAQ,94,0.43561441467524536,2031
005/027-Cycling-3y-AL-ASAQ,95,0.42228504443473264,2031
005/027-Cycling-3y-AL-ASAQ,96,0.5469061124103405,2031
005/027-Cycling-3y-AL-ASAQ,97,0.4901804847171438,2031
005/027-Cycling-3y-AL-ASAQ,98,0.578729028432258,2031
005/027-Cycling-3y-AL-ASAQ,99,0.48571853139526827,2031
005/028-Cycling-3y-AL-DHAPPQ,0,0.6102701265467353,2031
005/028-Cycling-3y-AL-DHAPPQ,1,0.5867541625971139,2031
005/028-Cycling-3y-AL-DHAPPQ,2,0.7595238011033816,2031
005/028-Cycling-3y-AL-DHAPPQ,3,0.6069631779033998,2031
005/028-Cycling-3y-AL-DHAPPQ,4,0.6555881696966114,2031
005/028-Cycling-3y-AL-DHAPPQ,5,0.6476696114004383,2031
005/028-Cycling-3y-AL-DHAPPQ,6,0.5630389190446609,2031
005/028-Cycling-3y-AL-DHAPPQ,7,0.6233531938845048,2031
005/028-Cycling-3y-AL-DHAPPQ,8,0.7134130923043546,2031
005/028-Cycling-3y-AL-DHAPPQ,9,0.6868894586940314,2031
005/028-Cycling-3y-AL-DHAPPQ,10,0.707038574368723,2031
005/028-Cycling-3y-AL-DHAPPQ,11,0.6676720489671188,2031
005/028-Cycling-3y-AL-DHAPPQ,12,0.6653559556774563,2031
005/028-Cycling-3y-AL-DHAPPQ,13,0.7441945533661524,2031
005/028-Cycling-3y-AL-DHAPPQ,14,0.7142608971234718,2031
005/028-Cycling-3y-AL-DHAPPQ,15,0.6406498217618969,2031
005/028-Cycling-3y-AL-DHAPPQ,16,0.6579911226354209,2031
005/028-Cycling-3y-AL-DHAPPQ,17,0.6588474909203442,2031
005/028-Cycling-3y-AL-DHAPPQ,18,0.6647297071022783,2031
005/028-Cycling-3y-AL-DHAPPQ,19,0.6263656635953817,2031
005/028-Cycling-3y-AL-DHAPPQ,20,0.5296333511929802,2031
005/028-Cycling-3y-AL-DHAPPQ,21,0.6150705263534975,2031
005/028-Cycling-3y-AL-DHAPPQ,22,0.6153271454983498,2031
005/028-Cycling-3y-AL-DHAPPQ,23,0.5911218954669676,2031
005/028-Cycling-3y-AL-DHAPPQ,24,0.6394578139482068,2031
005/028-Cycling-3y-AL-DHAPPQ,25,0.5981125477933907,2031
005/028-Cycling-3y-AL-DHAPPQ,26,0.7258224833896906,2031
005/028-Cycling-3y-AL-DHAPPQ,27,0.7029342329742394,2031
005/028-Cycling-3y-AL-DHAPPQ,28,0.6269000412911753,2031
005/028-Cycling-3y-AL-DHAPPQ,29,0.624951913263489,2031
005/028-Cycling-3y-AL-DHAPPQ,30,0.6345879939848229,2031
005/028-Cycling-3y-AL-DHAPPQ,31,0.6382950875811972,2031
005/028-Cycling-3y-AL-DHAPPQ,32,0.5417257513886212,2031
005/028-Cycling-3y-AL-DHAPPQ,33,0.6624770703802857,2031
005/028-Cycling-3y-AL-DHAPPQ,34,0.6013752265754673,2031
005/028-Cycling-3y-AL-DHAPPQ,35,0.5865093387793696,2031
005/028-Cycling-3y-AL-DHAPPQ,36,0.6400877554879584,2031
005/028-Cycling-3y-AL-DHAPPQ,37,0.5907006117812074,2031
005/028-Cycling-3y-AL-DHAPPQ,38,0.6928282964461449,2031
005/028-Cycling-3y-AL-DHAPPQ,39,0.6632484201982048,2031
005/028-Cycling-3y-AL-DHAPPQ,40,0.546963978724765,2031
005/028-Cycling-3y-AL-DHAPPQ,41,0.5791306404352764,2031
005/028-Cycling-3y-AL-DHAPPQ,42,0.564224811834897,2031
005/028-Cycling-3y-AL-DHAPPQ,43,0.592442779831433,2031
005/028-Cycling-3y-AL-DHAPPQ,44,0.6079843951391425,2031
005/028-Cycling-3y-AL-DHAPPQ,45,0.7368916653808094,2031
005/028-Cycling-3y-AL-DHAPPQ,46,0.6316554858067298,2031
005/028-Cycling-3y-AL-DHAPPQ,47,0.6827938126452547,2031
005/028-Cycling-3y-AL-DHAPPQ,48,0.6255282465347718,2031
005/028-Cycling-3y-AL-DHAPPQ,49,0.6560453626796662,2031
005/028-Cycling-3y-AL-DHAPPQ,50,0.7177642748895409,2031
005/028-Cycling-3y-AL-DHAPPQ,51,0.730733787707802,2031
005/028-Cycling-3y-AL-DHAPPQ,52,0.628957687796437,2031
005/028-Cycling-3y-AL-DHAPPQ,53,0.6440964583895485,2031
005/028-Cycling-3y-AL-DHAPPQ,54,0.6076186932497124,2031
005/028-Cycling-3y-AL-DHAPPQ,55,0.6371630865545191,2031
005/028-Cycling-3y-AL-DHAPPQ,56,0.6648801669113354,2031
005/028-Cycling-3y-AL-DHAPPQ,57,0.6547542125914129,2031
005/028-Cycling-3y-AL-DHAPPQ,58,0.615721881549595,2031
005/028-Cycling-3y-AL-DHAPPQ,59,0.6500139030943803,2031
005/028-Cycling-3y-AL-DHAPPQ,60,0.543993111021693,2031
005/028-Cycling-3y-AL-DHAPPQ,61,0.6258240127340627,2031
005/028-Cycling-3y-AL-DHAPPQ,62,0.5891994447787989,2031
005/028-Cycling-3y-AL-DHAPPQ,63,0.659501254732517,2031
005/028-Cycling-3y-AL-DHAPPQ,64,0.5402900518979199,2031
005/028-Cycling-3y-AL-DHAPPQ,65,0.6518510947289881,2031
005/028-Cycling-3y-AL-DHAPPQ,66,0.693442473221777,2031
005/028-Cycling-3y-AL-DHAPPQ,67,0.6324156701239335,2031
005/028-Cycling-3y-AL-DHAPPQ,68,0.5445493562154785,2031
005/028-Cycling-3y-AL-DHAPPQ,69,0.6061024973209111,2031
005/028-Cycling-3y-AL-DHAPPQ,70,0.5855863691013704,2031
005/028-Cycling-3y-AL-DHAPPQ,71,0.7205784183955258,2031
005/028-Cycling-3y-AL-DHAPPQ,72,0.6047295138114065,2031
005/028-Cycling-3y-AL-DHAPPQ,73,0.6248568770611816,2031
005/028-Cycling-3y-AL-DHAPPQ,74,0.6279457872909815,2031
005/028-Cycling-3y-AL-DHAPPQ,75,0.6365056944452043,2031
005/028-Cycling-3y-AL-DHAPPQ,76,0.6437861256231504,2031
005/028-Cycling-3y-AL-DHAPPQ,77,0.6289912360596625,2031
005/028-Cycling-3y-AL-DHAPPQ,78,0.5918254264386948,2031
005/028-Cycling-3y-AL-DHAPPQ,79,0.6039637087149872,2031
005/028-Cycling-3y-AL-DHAPPQ,80,0.5972275912665297,2031
005/028-Cycling-3y-AL-DHAPPQ,81,0.6972291457696606,2031
005/028-Cycling-3y-AL-DHAPPQ,82,0.6793224377306033,2031
005/028-Cycling-3y-AL-DHAPPQ,83,0.6414312953569968,2031
005/028-Cycling-3y-AL-DHAPPQ,84,0.6202039703245571,2031
005/028-Cycling-3y-AL-DHAPPQ,85,0.6403508297322348,2031
005/028-Cycling-3y-AL-DHAPPQ,86,0.6053020249039337,2031
005/028-Cycling-3y-AL-DHAPPQ,87,0.5357551163722486,2031
005/028-Cycling-3y-AL-DHAPPQ,88,0.5939896967169945,2031
005/028-Cycling-3y-AL-DHAPPQ,89,0.627080822705174,2031
005/028-Cycling-3y-AL-DHAPPQ,90,0.6343472121821391,2031
005/028-Cycling-3y-AL-DHAPPQ,91,0.6339329304246907,2031
005/028-Cycling-3y-AL-DHAPPQ,92,0.671093084361127,2031
005/028-Cycling-3y-AL-DHAPPQ,93,0.6410486729413215,2031
005/028-Cycling-3y-AL-DHAPPQ,94,0.6293987809425289,2031
005/028-Cycling-3y-AL-DHAPPQ,95,0.6899012884691916,2031
005/028-Cycling-3y-AL-DHAPPQ,96,0.5347344073972142,2031
005/028-Cycling-3y-AL-DHAPPQ,97,0.7196564156077375,2031
005/028-Cycling-3y-AL-DHAPPQ,98,0.6322156241277271,2031
005/028-Cycling-3y-AL-DHAPPQ,99,0.6228649814286978,2031
005/029-Cycling-3y-ASAQ-AL,0,0.541043039875125,2031
005/029-Cycling-3y-ASAQ-AL,1,0.5172784991227409,2031
005/029-Cycling-3y-ASAQ-AL,2,0.7338780702348507,2031
005/029-Cycling-3y-ASAQ-AL,3,0.637900862357997,2031
005/029-Cycling-3y-ASAQ-AL,4,0.560051807046681,2031
005/029-Cycling-3y-ASAQ-AL,5,0.5573105715716679,2031
005/029-Cycling-3y-ASAQ-AL,6,0.5758797803944956,2031
005/029-Cycling-3y-ASAQ-AL,7,0.5504844999093269,2031
005/029-Cycling-3y-ASAQ-AL,8,0.5397182128485956,2031
005/029-Cycling-3y-ASAQ-AL,9,0.6404584648584762,2031
005/029-Cycling-3y-ASAQ-AL,10,0.6486504512942578,2031
005/029-Cycling-3y-ASAQ-AL,11,0.603993590634517,2031
005/029-Cycling-3y-ASAQ-AL,12,0.5211382362600313,2031
005/029-Cycling-3y-ASAQ-AL,13,0.7168043019756071,2031
005/029-Cycling-3y-ASAQ-AL,14,0.4654553422299748,2031
005/029-Cycling-3y-ASAQ-AL,15,0.6751450917249993,2031
005/029-Cycling-3y-ASAQ-AL,16,0.4756482131485005,2031
005/029-Cycling-3y-ASAQ-AL,17,0.4690399341466991,2031
005/029-Cycling-3y-ASAQ-AL,18,0.6014249599589587,2031
005/029-Cycling-3y-ASAQ-AL,19,0.7201820316437582,2031
005/029-Cycling-3y-ASAQ-AL,20,0.5728782374388607,2031
005/029-Cycling-3y-ASAQ-AL,21,0.5166898285970692,2031
005/029-Cycling-3y-ASAQ-AL,22,0.5232796584093592,2031
005/029-Cycling-3y-ASAQ-AL,23,0.5681090526812417,2031
005/029-Cycling-3y-ASAQ-AL,24,0.5695246447214061,2031
005/029-Cycling-3y-ASAQ-AL,25,0.7270240430856569,2031
005/029-Cycling-3y-ASAQ-AL,26,0.5686114899789961,2031
005/029-Cycling-3y-ASAQ-AL,27,0.5404759790817107,2031
005/029-Cycling-3y-ASAQ-AL,28,0.5499838209005784,2031
005/029-Cycling-3y-ASAQ-AL,29,0.5419680286778691,2031
005/029-Cycling-3y-ASAQ-AL,30,0.5084868602278988,2031
005/029-Cycling-3y-ASAQ-AL,31,0.5112129946096051,2031
005/029-Cycling-3y-ASAQ-AL,32,0.4955010824663111,2031
005/029-Cycling-3y-ASAQ-AL,33,0.6429187922206128,2031
005/029-Cycling-3y-ASAQ-AL,34,0.5901768163297144,2031
005/029-Cycling-3y-ASAQ-AL,35,0.6281393489565767,2031
005/029-Cycling-3y-ASAQ-AL,36,0.6570828745215042,2031
005/029-Cycling-3y-ASAQ-AL,37,0.5166633806924806,2031
005/029-Cycling-3y-ASAQ-AL,38,0.5881008139359997,2031
005/029-Cycling-3y-ASAQ-AL,39,0.5360901403946261,2031
005/029-Cycling-3y-ASAQ-AL,40,0.6272235690050169,2031
005/029-Cycling-3y-ASAQ-AL,41,0.5610668733793239,2031
005/029-Cycling-3y-ASAQ-AL,42,0.5742446002440554,2031
005/029-Cycling-3y-ASAQ-AL,43,0.6223405046739449,2031
005/029-Cycling-3y-ASAQ-AL,44,0.6423010800545416,2031
005/029-Cycling-3y-ASAQ-AL,45,0.5176431117818376,2031
005/029-Cycling-3y-ASAQ-AL,46,0.6602098495805767,2031
005/029-Cycling-3y-ASAQ-AL,47,0.5455403556195639,2031
005/029-Cycling-3y-ASAQ-AL,48,0.5724923008915012,2031
005/029-Cycling-3y-ASAQ-AL,49,0.5273310860665702,2031
005/029-Cycling-3y-ASAQ-AL,50,0.641613227555944,2031
005/029-Cycling-3y-ASAQ-AL,51,0.5456854260663907,2031
005/029-Cycling-3y-ASAQ-AL,52,0.462440678455738,2031
005/029-Cycling-3y-ASAQ-AL,53,0.562909181652677,2031
005/029-Cycling-3y-ASAQ-AL,54,0.5471615136192388,2031
005/029-Cycling-3y-ASAQ-AL,55,0.5305942366827521,2031
005/029-Cycling-3y-ASAQ-AL,56,0.6471738804289832,2031
005/029-Cycling-3y-ASAQ-AL,57,0.5707991826136722,2031
005/029-Cycling-3y-ASAQ-AL,58,0.5324372378616057,2031
005/029-Cycling-3y-ASAQ-AL,59,0.5155874431550714,2031
005/029-Cycling-3y-ASAQ-AL,60,0.5190574541302498,2031
005/029-Cycling-3y-ASAQ-AL,61,0.508513872446766,2031
005/029-Cycling-3y-ASAQ-AL,62,0.6267365181677432,2031
005/029-Cycling-3y-ASAQ-AL,63,0.5551386141638113,2031
005/029-Cycling-3y-ASAQ-AL,64,0.4396984251820113,2031
005/029-Cycling-3y-ASAQ-AL,65,0.5495228509957805,2031
005/029-Cycling-3y-ASAQ-AL,66,0.6760009123082575,2031
005/029-Cycling-3y-ASAQ-AL,67,0.5829255766643305,2031
005/029-Cycling-3y-ASAQ-AL,68,0.585412700152487,2031
005/029-Cycling-3y-ASAQ-AL,69,0.5625436543600765,2031
005/029-Cycling-3y-ASAQ-AL,70,0.5201973922940281,2031
005/029-Cycling-3y-ASAQ-AL,71,0.5557003420670307,2031
005/029-Cycling-3y-ASAQ-AL,72,0.5600767778471281,2031
005/029-Cycling-3y-ASAQ-AL,73,0.5456585322356106,2031
005/029-Cycling-3y-ASAQ-AL,74,0.48346279837292266,2031
005/029-Cycling-3y-ASAQ-AL,75,0.5530747185314085,2031
005/029-Cycling-3y-ASAQ-AL,76,0.5768915699195722,2031
005/029-Cycling-3y-ASAQ-AL,77,0.540259564541267,2031
005/029-Cycling-3y-ASAQ-AL,78,0.5933709217046343,2031
005/029-Cycling-3y-ASAQ-AL,79,0.45580992431055506,2031
005/029-Cycling-3y-ASAQ-AL,80,0.5590528565896117,2031
005/029-Cycling-3y-ASAQ-AL,81,0.633920719996894,2031
005/029-Cycling-3y-ASAQ-AL,82,0.5282019023386021,2031
005/029-Cycling-3y-ASAQ-AL,83,0.6524244739967322,2031
005/029-Cycling-3y-ASAQ-AL,84,0.670426837197715,2031
005/029-Cycling-3y-ASAQ-AL,85,0.6573226734856467,2031
005/029-Cycling-3y-ASAQ-AL,86,0.4708670498539867,2031
005/029-Cycling-3y-ASAQ-AL,87,0.49918221830115517,2031
005/029-Cycling-3y-ASAQ-AL,88,0.5470956329898186,2031
005/029-Cycling-3y-ASAQ-AL,89,0.6006022388785294,2031
005/029-Cycling-3y-ASAQ-AL,90,0.503684210219115,2031
005/029-Cycling-3y-ASAQ-AL,91,0.5808205777764581,2031
005/029-Cycling-3y-ASAQ-AL,92,0.4881679376027343,2031
005/029-Cycling-3y-ASAQ-AL,93,0.7182310068811008,2031
005/029-Cycling-3y-ASAQ-AL,94,0.4682294706150889,2031
005/029-Cycling-3y-ASAQ-AL,95,0.4523035182232618,2031
005/029-Cycling-3y-ASAQ-AL,96,0.46085463322197423,2031
005/029-Cycling-3y-ASAQ-AL,97,0.6688294351169973,2031
005/029-Cycling-3y-ASAQ-AL,98,0.5418327319809646,2031
005/029-Cycling-3y-ASAQ-AL,99,0.566546940380495,2031
005/030-Cycling-3y-ASAQ-DHAPPQ,0,0.4147278997416705,2031
005/030-Cycling-3y-ASAQ-DHAPPQ,1,0.4254278108341972,2031
005/030-Cycling-3y-ASAQ-DHAPPQ,2,0.48561471341912626,2031
005/030-Cycling-3y-ASAQ-DHAPPQ,3,0.5004849318570409,2031
005/030-Cycling-3y-ASAQ-DHAPPQ,4,0.4741687670297683,2031
005/030-Cycling-3y-ASAQ-DHAPPQ,5,0.3738122017616721,2031
005/030-Cycling-3y-ASAQ-DHAPPQ,6,0.5224493553744208,2031
005/030-Cycling-3y-ASAQ-DHAPPQ,7,0.5025051777818991,2031
005/030-Cycling-3y-ASAQ-DHAPPQ,8,0.47799543283907003,2031
005/030-Cycling-3y-ASAQ-DHAPPQ,9,0.4526187016128073,2031
005/030-Cycling-3y-ASAQ-DHAPPQ,10,0.5110701948609792,2031
005/030-Cycling-3y-ASAQ-DHAPPQ,11,0.4299215724324297,2031
005/030-Cycling-3y-ASAQ-DHAPPQ,12,0.5166575697631551,2031
005/030-Cycling-3y-ASAQ-DHAPPQ,13,0.47808478713921126,2031
005/030-Cycling-3y-ASAQ-DHAPPQ,14,0.48157287318838726,2031
005/030-Cycling-3y-ASAQ-DHAPPQ,15,0.4504991557863847,2031
005/030-Cycling-3y-ASAQ-DHAPPQ,16,0.5376362833972881,2031
005/030-Cycling-3y-ASAQ-DHAPPQ,17,0.4858431805835162,2031
005/030-Cycling-3y-ASAQ-DHAPPQ,18,0.5167526089323783,2031
005/030-Cycling-3y-ASAQ-DHAPPQ,19,0.3724545799754491,2031
005/030-Cycling-3y-ASAQ-DHAPPQ,20,0.5309292081491148,2031
005/030-Cycling-3y-ASAQ-DHAPPQ,21,0.46435657181393314,2031
005/030-Cycling-3y-ASAQ-DHAPPQ,22,0.40690669208872454,2031
005/030-Cycling-3y-ASAQ-DHAPPQ,23,0.4819850736513894,2031
005/030-Cycling-3y-ASAQ-DHAPPQ,24,0.4332320448242142,2031
005/030-Cycling-3y-ASAQ-DHAPPQ,25,0.4104164184859489,2031
005/030-Cycling-3y-ASAQ-DHAPPQ,26,0.47606842289105394,2031
005/030-Cycling-3y-ASAQ-DHAPPQ,27,0.4785331695922747,2031
005/030-Cycling-3y-ASAQ-DHAPPQ,28,0.378739495184164,2031
005/030-Cycling-3y-ASAQ-DHAPPQ,29,0.4010969260384533,2031
005/030-Cycling-3y-ASAQ-DHAPPQ,30,0.45394564489460487,2031
005/030-Cycling-3y-ASAQ-DHAPPQ,31,0.4543761714780716,2031
005/030-Cycling-3y-ASAQ-DHAPPQ,32,0.5225839818019339,2031
005/030-Cycling-3y-ASAQ-DHAPPQ,33,0.4400814976027847,2031
005/030-Cycling-3y-ASAQ-DHAPPQ,34,0.5084053638980212,2031
005/030-Cycling-3y-ASAQ-DHAPPQ,35,0.4470622726437825,2031
005/030-Cycling-3y-ASAQ-DHAPPQ,36,0.4506113975946037,2031
005/030-Cycling-3y-ASAQ-DHAPPQ,37,0.534424949692109,2031
005/030-Cycling-3y-ASAQ-DHAPPQ,38,0.3617918719904692,2031
005/030-Cycling-3y-ASAQ-DHAPPQ,39,0.44905803669393335,2031
005/030-Cycling-3y-ASAQ-DHAPPQ,40,0.47473794682882503,2031
005/030-Cycling-3y-ASAQ-DHAPPQ,41,0.5458485771683985,2031
005/030-Cycling-3y-ASAQ-DHAPPQ,42,0.4298618810345993,2031
005/030-Cycling-3y-ASAQ-DHAPPQ,43,0.4928623671597478,2031
005/030-Cycling-3y-ASAQ-DHAPPQ,44,0.46281584399476844,2031
005/030-Cycling-3y-ASAQ-DHAPPQ,45,0.502732779801347,2031
005/030-Cycling-3y-ASAQ-DHAPPQ,46,0.42556816654070423,2031
005/030-Cycling-3y-ASAQ-DHAPPQ,47,0.5414476573423422,2031
005/030-Cycling-3y-ASAQ-DHAPPQ,48,0.5382597291504355,2031
005/030-Cycling-3y-ASAQ-DHAPPQ,49,0.45157705272252097,2031
005/030-Cycling-3y-ASAQ-DHAPPQ,50,0.487141388360024,2031
005/030-Cycling-3y-ASAQ-DHAPPQ,51,0.5052721731620252,2031
005/030-Cycling-3y-ASAQ-DHAPPQ,52,0.5414372846768906,2031
005/030-Cycling-3y-ASAQ-DHAPPQ,53,0.4855507672197361,2031
005/030-Cycling-3y-ASAQ-DHAPPQ,54,0.41952116456717325,2031
005/030-Cycling-3y-ASAQ-DHAPPQ,55,0.49149684560499013,2031
005/030-Cycling-3y-ASAQ-DHAPPQ,56,0.4464971713887363,2031
005/030-Cycling-3y-ASAQ-DHAPPQ,57,0.45496603355089515,2031
005/030-Cycling-3y-ASAQ-DHAPPQ,58,0.405035427290148,2031
005/030-Cycling-3y-ASAQ-DHAPPQ,59,0.3810721185332422,2031
005/030-Cycling-3y-ASAQ-DHAPPQ,60,0.36324780165004483,2031
005/030-Cycling-3y-ASAQ-DHAPPQ,61,0.5911655192415705,2031
005/030-Cycling-3y-ASAQ-DHAPPQ,62,0.4236882585140873,2031
005/030-Cycling-3y-ASAQ-DHAPPQ,63,0.40441618449987177,2031
005/030-Cycling-3y-ASAQ-DHAPPQ,64,0.4795301355936486,2031
005/030-Cycling-3y-ASAQ-DHAPPQ,65,0.449931535991946,2031
005/030-Cycling-3y-ASAQ-DHAPPQ,66,0.41208215323487457,2031
005/030-Cycling-3y-ASAQ-DHAPPQ,67,0.4949544750535788,2031
005/030-Cycling-3y-ASAQ-DHAPPQ,68,0.389051768983008,2031
005/030-Cycling-3y-ASAQ-DHAPPQ,69,0.5038510304995886,2031
005/030-Cycling-3y-ASAQ-DHAPPQ,70,0.46673395583129595,2031
005/030-Cycling-3y-ASAQ-DHAPPQ,71,0.46176398755291076,2031
005/030-Cycling-3y-ASAQ-DHAPPQ,72,0.4529135495914222,2031
005/030-Cycling-3y-ASAQ-DHAPPQ,73,0.38378675410081814,2031
005/030-Cycling-3y-ASAQ-DHAPPQ,74,0.4607174697436108,2031
005/030-Cycling-3y-ASAQ-DHAPPQ,75,0.516719139428964,2031
005/030-Cycling-3y-ASAQ-DHAPPQ,76,0.4216287183675465,2031
005/030-Cycling-3y-ASAQ-DHAPPQ,77,0.4158061306434367,2031
005/030-Cycling-3y-ASAQ-DHAPPQ,78,0.4192301819775978,2031
005/030-Cycling-3y-ASAQ-DHAPPQ,79,0.5116605045292437,2031
005/030-Cycling-3y-ASAQ-DHAPPQ,80,0.4298860128019964,2031
005/030-Cycling-3y-ASAQ-DHAPPQ,81,0.5145017326830211,2031
005/030-Cycling-3y-ASAQ-DHAPPQ,82,0.3513307638585797,2031
005/030-Cycling-3y-ASAQ-DHAPPQ,83,0.46795835193373136,2031
005/030-Cycling-3y-ASAQ-DHAPPQ,84,0.38188763950789,2031
005/030-Cycling-3y-ASAQ-DHAPPQ,85,0.555071037832558,2031
005/030-Cycling-3y-ASAQ-DHAPPQ,86,0.5248564684148029,2031
005/030-Cycling-3y-ASAQ-DHAPPQ,87,0.4080767994058943,2031
005/030-Cycling-3y-ASAQ-DHAPPQ,88,0.5349324383621495,2031
005/030-Cycling-3y-ASAQ-DHAPPQ,89,0.5283190460581386,2031
005/030-Cycling-3y-ASAQ-DHAPPQ,90,0.4629192675787223,2031
005/030-Cycling-3y-ASAQ-DHAPPQ,91,0.4705543688849603,2031
005/030-Cycling-3y-ASAQ-DHAPPQ,92,0.4873870789547488,2031
005/030-Cycling-3y-ASAQ-DHAPPQ,93,0.34047824618308015,2031
005/030-Cycling-3y-ASAQ-DHAPPQ,94,0.5164249452819641,2031
005/030-Cycling-3y-ASAQ-DHAPPQ,95,0.4768178628668504,2031
005/030-Cycling-3y-ASAQ-DHAPPQ,96,0.3804434281486097,2031
005/030-Cycling-3y-ASAQ-DHAPPQ,97,0.53501905445351,2031
005/030-Cycling-3y-ASAQ-DHAPPQ,98,0.473276443849346,2031
005/030-Cycling-3y-ASAQ-DHAPPQ,99,0.6377747957107388,2031
005/031-Cycling-3y-DHAPPQ-AL,0,0.6430959700107228,2031
005/031-Cycling-3y-DHAPPQ-AL,1,0.6989552846878858,2031
005/031-Cycling-3y-DHAPPQ-AL,2,0.6750968035337884,2031
005/031-Cycling-3y-DHAPPQ-AL,3,0.7318353004437618,2031
005/031-Cycling-3y-DHAPPQ-AL,4,0.7175510877318295,2031
005/031-Cycling-3y-DHAPPQ-AL,5,0.7163004773287387,2031
005/031-Cycling-3y-DHAPPQ-AL,6,0.6094394502170838,2031
005/031-Cycling-3y-DHAPPQ-AL,7,0.6728543341396235,2031
005/031-Cycling-3y-DHAPPQ-AL,8,0.6324399630328891,2031
005/031-Cycling-3y-DHAPPQ-AL,9,0.6952311102069128,2031
005/031-Cycling-3y-DHAPPQ-AL,10,0.7406504633218037,2031
005/031-Cycling-3y-DHAPPQ-AL,11,0.5602124895791613,2031
005/031-Cycling-3y-DHAPPQ-AL,12,0.5946039715639964,2031
005/031-Cycling-3y-DHAPPQ-AL,13,0.5800262741807068,2031
005/031-Cycling-3y-DHAPPQ-AL,14,0.6124415268396305,2031
005/031-Cycling-3y-DHAPPQ-AL,15,0.7017000118044607,2031
005/031-Cycling-3y-DHAPPQ-AL,16,0.6717383067916988,2031
005/031-Cycling-3y-DHAPPQ-AL,17,0.516395101590886,2031
005/031-Cycling-3y-DHAPPQ-AL,18,0.6598507640069118,2031
005/031-Cycling-3y-DHAPPQ-AL,19,0.630935681014172,2031
005/031-Cycling-3y-DHAPPQ-AL,20,0.5992286009747857,2031
005/031-Cycling-3y-DHAPPQ-AL,21,0.620170088368058,2031
005/031-Cycling-3y-DHAPPQ-AL,22,0.6144797415915709,2031
005/031-Cycling-3y-DHAPPQ-AL,23,0.7260024370978749,2031
005/031-Cycling-3y-DHAPPQ-AL,24,0.6749202796215913,2031
005/031-Cycling-3y-DHAPPQ-AL,25,0.628816967504672,2031
005/031-Cycling-3y-DHAPPQ-AL,26,0.6224022497087311,2031
005/031-Cycling-3y-DHAPPQ-AL,27,0.5814720353407469,2031
005/031-Cycling-3y-DHAPPQ-AL,28,0.6958090216740597,2031
005/031-Cycling-3y-DHAPPQ-AL,29,0.6686563622179903,2031
005/031-Cycling-3y-DHAPPQ-AL,30,0.7229926912377512,2031
005/031-Cycling-3y-DHAPPQ-AL,31,0.7117265498718824,2031
005/031-Cycling-3y-DHAPPQ-AL,32,0.6183444107520311,2031
005/031-Cycling-3y-DHAPPQ-AL,33,0.591564479228926,2031
005/031-Cycling-3y-DHAPPQ-AL,34,0.6851595821810424,2031
005/031-Cycling-3y-DHAPPQ-AL,35,0.6619085775625705,2031
005/031-Cycling-3y-DHAPPQ-AL,36,0.600958220216132,2031
005/031-Cycling-3y-DHAPPQ-AL,37,0.6151547788208668,2031
005/031-Cycling-3y-DHAPPQ-AL,38,0.6879397526626182,2031
005/031-Cycling-3y-DHAPPQ-AL,39,0.5555817417670516,2031
005/031-Cycling-3y-DHAPPQ-AL,40,0.6034930759812879,2031
005/031-Cycling-3y-DHAPPQ-AL,41,0.6126458242563776,2031
005/031-Cycling-3y-DHAPPQ-AL,42,0.5285423011011012,2031
005/031-Cycling-3y-DHAPPQ-AL,43,0.6028464085902205,2031
005/031-Cycling-3y-DHAPPQ-AL,44,0.6118108909640613,2031
005/031-Cycling-3y-DHAPPQ-AL,45,0.6624755646758688,2031
005/031-Cycling-3y-DHAPPQ-AL,46,0.6819188211093931,2031
005/031-Cycling-3y-DHAPPQ-AL,47,0.6991308976123604,2031
005/031-Cycling-3y-DHAPPQ-AL,48,0.7313815038656789,2031
005/031-Cycling-3y-DHAPPQ-AL,49,0.7417573728027039,2031
005/031-Cycling-3y-DHAPPQ-AL,50,0.6412135544229186,2031
005/031-Cycling-3y-DHAPPQ-AL,51,0.6158217781855585,2031
005/031-Cycling-3y-DHAPPQ-AL,52,0.6482786222129352,2031
005/031-Cycling-3y-DHAPPQ-AL,53,0.6247314713667628,2031
005/031-Cycling-3y-DHAPPQ-AL,54,0.7061460332459109,2031
005/031-Cycling-3y-DHAPPQ-AL,55,0.6572945513746067,2031
005/031-Cycling-3y-DHAPPQ-AL,56,0.6325107821488568,2031
005/031-Cycling-3y-DHAPPQ-AL,57,0.5142594880416483,2031
005/031-Cycling-3y-DHAPPQ-AL,58,0.6311622212611427,2031
005/031-Cycling-3y-DHAPPQ-AL,59,0.7215538101214528,2031
005/031-Cycling-3y-DHAPPQ-AL,60,0.5290462445793237,2031
005/031-Cycling-3y-DHAPPQ-AL,61,0.65092506931944,2031
005/031-Cycling-3y-DHAPPQ-AL,62,0.6145216164949795,2031
005/031-Cycling-3y-DHAPPQ-AL,63,0.640671595953957,2031
005/031-Cycling-3y-DHAPPQ-AL,64,0.5683309552707457,2031
005/031-Cycling-3y-DHAPPQ-AL,65,0.6373204385943645,2031
005/031-Cycling-3y-DHAPPQ-AL,66,0.6061761011771702,2031
005/031-Cycling-3y-DHAPPQ-AL,67,0.6022195257402498,2031
005/031-Cycling-3y-DHAPPQ-AL,68,0.7595334499162628,2031
005/031-Cycling-3y-DHAPPQ-AL,69,0.7183633146564442,2031
005/031-Cycling-3y-DHAPPQ-AL,70,0.6716786744075032,2031
005/031-Cycling-3y-DHAPPQ-AL,71,0.68057101360001,2031
005/031-Cycling-3y-DHAPPQ-AL,72,0.6835886093570852,2031
005/031-Cycling-3y-DHAPPQ-AL,73,0.5670448627195521,2031
005/031-Cycling-3y-DHAPPQ-AL,74,0.5983429635344318,2031
005/031-Cycling-3y-DHAPPQ-AL,75,0.6320541841459728,2031
005/031-Cycling-3y-DHAPPQ-AL,76,0.6178382941126183,2031
005/031-Cycling-3y-DHAPPQ-AL,77,0.6553290542290283,2031
005/031-Cycling-3y-DHAPPQ-AL,78,0.5932339739166309,2031
005/031-Cycling-3y-DHAPPQ-AL,79,0.6368663150781754,2031
005/031-Cycling-3y-DHAPPQ-AL,80,0.738721508452811,2031
005/031-Cycling-3y-DHAPPQ-AL,81,0.6880205190732417,2031
005/031-Cycling-3y-DHAPPQ-AL,82,0.7578663779985358,2031
005/031-Cycling-3y-DHAPPQ-AL,83,0.6472883335982161,2031
005/031-Cycling-3y-DHAPPQ-AL,84,0.6173297612066503,2031
005/031-Cycling-3y-DHAPPQ-AL,85,0.5757744362497487,2031
005/031-Cycling-3y-DHAPPQ-AL,86,0.5419219914498828,2031
005/031-Cycling-3y-DHAPPQ-AL,87,0.6090285156663017,2031
005/031-Cycling-3y-DHAPPQ-AL,88,0.6426456866772589,2031
005/031-Cycling-3y-DHAPPQ-AL,89,0.5430954548997359,2031
005/031-Cycling-3y-DHAPPQ-AL,90,0.7574612481057598,2031
005/031-Cycling-3y-DHAPPQ-AL,91,0.7405486369163209,2031
005/031-Cycling-3y-DHAPPQ-AL,92,0.5678169133202713,2031
005/031-Cycling-3y-DHAPPQ-AL,93,0.6818183258741164,2031
005/031-Cycling-3y-DHAPPQ-AL,94,0.5782403076705137,2031
005/031-Cycling-3y-DHAPPQ-AL,95,0.5875709066565521,2031
005/031-Cycling-3y-DHAPPQ-AL,96,0.6054338267833873,2031
005/031-Cycling-3y-DHAPPQ-AL,97,0.5959117170446043,2031
005/031-Cycling-3y-DHAPPQ-AL,98,0.6818593504230946,2031
005/031-Cycling-3y-DHAPPQ-AL,99,0.5506671611894634,2031
005/032-Cycling-3y-DHAPPQ-ASAQ,0,0.43202201273577195,2031
005/032-Cycling-3y-DHAPPQ-ASAQ,1,0.38557001434239363,2031
005/032-Cycling-3y-DHAPPQ-ASAQ,2,0.5101743482787376,2031
005/032-Cycling-3y-DHAPPQ-ASAQ,3,0.5229965951410891,2031
005/032-Cycling-3y-DHAPPQ-ASAQ,4,0.3891891501494442,2031
005/032-Cycling-3y-DHAPPQ-ASAQ,5,0.43774860835491625,2031
005/032-Cycling-3y-DHAPPQ-ASAQ,6,0.42871416864821404,2031
005/032-Cycling-3y-DHAPPQ-ASAQ,7,0.422384003806938,2031
005/032-Cycling-3y-DHAPPQ-ASAQ,8,0.3404489320406617,2031
005/032-Cycling-3y-DHAPPQ-ASAQ,9,0.47297743512803764,2031
005/032-Cycling-3y-DHAPPQ-ASAQ,10,0.3876473878622348,2031
005/032-Cycling-3y-DHAPPQ-ASAQ,11,0.3964614706769099,2031
005/032-Cycling-3y-DHAPPQ-ASAQ,12,0.3792091627647111,2031
005/032-Cycling-3y-DHAPPQ-ASAQ,13,0.3643870465461929,2031
005/032-Cycling-3y-DHAPPQ-ASAQ,14,0.4233963435847114,2031
005/032-Cycling-3y-DHAPPQ-ASAQ,15,0.4458893041163572,2031
005/032-Cycling-3y-DHAPPQ-ASAQ,16,0.4305730161628088,2031
005/032-Cycling-3y-DHAPPQ-ASAQ,17,0.40855029852664665,2031
005/032-Cycling-3y-DHAPPQ-ASAQ,18,0.39144789522804696,2031
005/032-Cycling-3y-DHAPPQ-ASAQ,19,0.41934257648819484,2031
005/032-Cycling-3y-DHAPPQ-ASAQ,20,0.3977897172909554,2031
005/032-Cycling-3y-DHAPPQ-ASAQ,21,0.515620452861277,2031
005/032-Cycling-3y-DHAPPQ-ASAQ,22,0.39720492171159094,2031
005/032-Cycling-3y-DHAPPQ-ASAQ,23,0.49689408423861287,2031
005/032-Cycling-3y-DHAPPQ-ASAQ,24,0.43358221350670006,2031
005/032-Cycling-3y-DHAPPQ-ASAQ,25,0.46809890790216446,2031
005/032-Cycling-3y-DHAPPQ-ASAQ,26,0.38761793455238863,2031
005/032-Cycling-3y-DHAPPQ-ASAQ,27,0.48702600985112077,2031
005/032-Cycling-3y-DHAPPQ-ASAQ,28,0.41195576021358477,2031
005/032-Cycling-3y-DHAPPQ-ASAQ,29,0.3362694152875367,2031
005/032-Cycling-3y-DHAPPQ-ASAQ,30,0.32301739471529795,2031
005/032-Cycling-3y-DHAPPQ-ASAQ,31,0.5587723334395781,2031
005/032-Cycling-3y-DHAPPQ-ASAQ,32,0.4747364398792538,2031
005/032-Cycling-3y-DHAPPQ-ASAQ,33,0.4358823906578361,2031
005/032-Cycling-3y-DHAPPQ-ASAQ,34,0.3970950843941627,2031
005/032-Cycling-3y-DHAPPQ-ASAQ,35,0.37285371393387773,2031
005/032-Cycling-3y-DHAPPQ-ASAQ,36,0.38920774394317004,2031
005/032-Cycling-3y-DHAPPQ-ASAQ,37,0.46471106505102666,2031
005/032-Cycling-3y-DHAPPQ-ASAQ,38,0.5458573827340613,2031
005/032-Cycling-3y-DHAPPQ-ASAQ,39,0.5164986862139275,2031
005/032-Cycling-3y-DHAPPQ-ASAQ,40,0.4652090126232697,2031
005/032-Cycling-3y-DHAPPQ-ASAQ,41,0.41507995912141443,2031
005/032-Cycling-3y-DHAPPQ-ASAQ,42,0.4028401251958293,2031
005/032-Cycling-3y-DHAPPQ-ASAQ,43,0.4704762544622834,2031
005/032-Cycling-3y-DHAPPQ-ASAQ,44,0.4674553937550001,2031
005/032-Cycling-3y-DHAPPQ-ASAQ,45,0.5275484365542265,2031
005/032-Cycling-3y-DHAPPQ-ASAQ,46,0.3955858540227617,2031
005/032-Cycling-3y-DHAPPQ-ASAQ,47,0.6027776136152895,2031
005/032-Cycling-3y-DHAPPQ-ASAQ,48,0.43516104585988263,2031
005/032-Cycling-3y-DHAPPQ-ASAQ,49,0.4364933836202027,2031
005/032-Cycling-3y-DHAPPQ-ASAQ,50,0.6147425538989005,2031
005/032-Cycling-3y-DHAPPQ-ASAQ,51,0.527396978251436,2031
005/032-Cycling-3y-DHAPPQ-ASAQ,52,0.49991624343093993,2031
005/032-Cycling-3y-DHAPPQ-ASAQ,53,0.5259303901449028,2031
005/032-Cycling-3y-DHAPPQ-ASAQ,54,0.41741259476677034,2031
005/032-Cycling-3y-DHAPPQ-ASAQ,55,0.42043779855484625,2031
005/032-Cycling-3y-DHAPPQ-ASAQ,56,0.4202271610923176,2031
005/032-Cycling-3y-DHAPPQ-ASAQ,57,0.33300000663167495,2031
005/032-Cycling-3y-DHAPPQ-ASAQ,58,0.3990482073554186,2031
005/032-Cycling-3y-DHAPPQ-ASAQ,59,0.5007576606994064,2031
005/032-Cycling-3y-DHAPPQ-ASAQ,60,0.4465206641192481,2031
005/032-Cycling-3y-DHAPPQ-ASAQ,61,0.4826172092525935,2031
005/032-Cycling-3y-DHAPPQ-ASAQ,62,0.44342656985597606,2031
005/032-Cycling-3y-DHAPPQ-ASAQ,63,0.4242468951090454,2031
005/032-Cycling-3y-DHAPPQ-ASAQ,64,0.46281698112379016,2031
005/032-Cycling-3y-DHAPPQ-ASAQ,65,0.4140967125640431,2031
005/032-Cycling-3y-DHAPPQ-ASAQ,66,0.4775223241160791,2031
005/032-Cycling-3y-DHAPPQ-ASAQ,67,0.4955232511449366,2031
005/032-Cycling-3y-DHAPPQ-ASAQ,68,0.4479479316420059,2031
005/032-Cycling-3y-DHAPPQ-ASAQ,69,0.2578091139722223,2031
005/032-Cycling-3y-DHAPPQ-ASAQ,70,0.5256434081976079,2031
005/032-Cycling-3y-DHAPPQ-ASAQ,71,0.3909915592043672,2031
005/032-Cycling-3y-DHAPPQ-ASAQ,72,0.5110389714424702,2031
005/032-Cycling-3y-DHAPPQ-ASAQ,73,0.48648561051849165,2031
005/032-Cycling-3y-DHAPPQ-ASAQ,74,0.4886817412837356,2031
005/032-Cycling-3y-DHAPPQ-ASAQ,75,0.34784871677571844,2031
005/032-Cycling-3y-DHAPPQ-ASAQ,76,0.4557250394926599,2031
005/032-Cycling-3y-DHAPPQ-ASAQ,77,0.4386750776553976,2031
005/032-Cycling-3y-DHAPPQ-ASAQ,78,0.45586921837698635,2031
005/032-Cycling-3y-DHAPPQ-ASAQ,79,0.5394242722042225,2031
005/032-Cycling-3y-DHAPPQ-ASAQ,80,0.42507254228772534,2031
005/032-Cycling-3y-DHAPPQ-ASAQ,81,0.37702490926623994,2031
005/032-Cycling-3y-DHAPPQ-ASAQ,82,0.46315782451775916,2031
005/032-Cycling-3y-DHAPPQ-ASAQ,83,0.5092826664645712,2031
005/032-Cycling-3y-DHAPPQ-ASAQ,84,0.34988194584566584,2031
005/032-Cycling-3y-DHAPPQ-ASAQ,85,0.37929245041567117,2031
005/032-Cycling-3y-DHAPPQ-ASAQ,86,0.4357041288636705,2031
005/032-Cycling-3y-DHAPPQ-ASAQ,87,0.4376540160064258,2031
005/032-Cycling-3y-DHAPPQ-ASAQ,88,0.3892736639686529,2031
005/032-Cycling-3y-DHAPPQ-ASAQ,89,0.32550159286493235,2031
005/032-Cycling-3y-DHAPPQ-ASAQ,90,0.521830914886208,2031
005/032-Cycling-3y-DHAPPQ-ASAQ,91,0.3906511796866259,2031
005/032-Cycling-3y-DHAPPQ-ASAQ,92,0.44211952100898705,2031
005/032-Cycling-3y-DHAPPQ-ASAQ,93,0.36366876352821076,2031
005/032-Cycling-3y-DHAPPQ-ASAQ,94,0.48829295746920637,2031
005/032-Cycling-3y-DHAPPQ-ASAQ,95,0.49979214434617236,2031
005/032-Cycling-3y-DHAPPQ-ASAQ,96,0.38657451248154145,2031
005/032-Cycling-3y-DHAPPQ-ASAQ,97,0.40596164059060014,2031
005/032-Cycling-3y-DHAPPQ-ASAQ,98,0.4610774741793418,2031
005/032-Cycling-3y-DHAPPQ-ASAQ,99,0.427028498855519,2031
005/033-Cycling-3y-AL-ASAQ-DHAPPQ,0,0.508312549194977,2031
005/033-Cycling-3y-AL-ASAQ-DHAPPQ,1,0.5376754246857117,2031
005/033-Cycling-3y-AL-ASAQ-DHAPPQ,2,0.47967238895130365,2031
005/033-Cycling-3y-AL-ASAQ-DHAPPQ,3,0.48865783725374107,2031
005/033-Cycling-3y-AL-ASAQ-DHAPPQ,4,0.5930402813836829,2031
005/033-Cycling-3y-AL-ASAQ-DHAPPQ,5,0.5619948008141845,2031
005/033-Cycling-3y-AL-ASAQ-DHAPPQ,6,0.544619775120638,2031
005/033-Cycling-3y-AL-ASAQ-DHAPPQ,7,0.5771221491348068,2031
005/033-Cycling-3y-AL-ASAQ-DHAPPQ,8,0.44795409160417726,2031
005/033-Cycling-3y-AL-ASAQ-DHAPPQ,9,0.5441781667153489,2031
005/033-Cycling-3y-AL-ASAQ-DHAPPQ,10,0.6143355981372202,2031
005/033-Cycling-3y-AL-ASAQ-DHAPPQ,11,0.5289233091653123,2031
005/033-Cycling-3y-AL-ASAQ-DHAPPQ,12,0.5240309586123078,2031
005/033-Cycling-3y-AL-ASAQ-DHAPPQ,13,0.444067049037051,2031
005/033-Cycling-3y-AL-ASAQ-DHAPPQ,14,0.5360328005563848,2031
005/033-Cycling-3y-AL-ASAQ-DHAPPQ,15,0.4984007418467185,2031
005/033-Cycling-3y-AL-ASAQ-DHAPPQ,16,0.5140916114798774,2031
005/033-Cycling-3y-AL-ASAQ-DHAPPQ,17,0.5720401341270471,2031
005/033-Cycling-3y-AL-ASAQ-DHAPPQ,18,0.45208620626669177,2031
005/033-Cycling-3y-AL-ASAQ-DHAPPQ,19,0.6324288601614484,2031
005/033-Cycling-3y-AL-ASAQ-DHAPPQ,20,0.5229769417819989,2031
005/033-Cycling-3y-AL-ASAQ-DHAPPQ,21,0.5751487483071823,2031
005/033-Cycling-3y-AL-ASAQ-DHAPPQ,22,0.5370301346357637,2031
005/033-Cycling-3y-AL-ASAQ-DHAPPQ,23,0.4323780105559094,2031
005/033-Cycling-3y-AL-ASAQ-DHAPPQ,24,0.6670326901598905,2031
005/033-Cycling-3y-AL-ASAQ-DHAPPQ,25,0.5449962360262891,2031
005/033-Cycling-3y-AL-ASAQ-DHAPPQ,26,0.4846973165279033,2031
005/033-Cycling-3y-AL-ASAQ-DHAPPQ,27,0.4608948298395436,2031
005/033-Cycling-3y-AL-ASAQ-DHAPPQ,28,0.5256127256343956,2031
005/033-Cycling-3y-AL-ASAQ-DHAPPQ,29,0.5314053163513339,2031
005/033-Cycling-3y-AL-ASAQ-DHAPPQ,30,0.6034051108678022,2031
005/033-Cycling-3y-AL-ASAQ-DHAPPQ,31,0.517601145676597,2031
005/033-Cycling-3y-AL-ASAQ-DHAPPQ,32,0.5853585962948082,2031
005/033-Cycling-3y-AL-ASAQ-DHAPPQ,33,0.5992417051157768,2031
005/033-Cycling-3y-AL-ASAQ-DHAPPQ,34,0.5419215071673316,2031
005/033-Cycling-3y-AL-ASAQ-DHAPPQ,35,0.5438812152829998,2031
005/033-Cycling-3y-AL-ASAQ-DHAPPQ,36,0.4642830518744374,2031
005/033-Cycling-3y-AL-ASAQ-DHAPPQ,37,0.5801006615073759,2031
005/033-Cycling-3y-AL-ASAQ-DHAPPQ,38,0.5253793289639107,2031
005/033-Cycling-3y-AL-ASAQ-DHAPPQ,39,0.5735226643375444,2031
005/033-Cycling-3y-AL-ASAQ-DHAPPQ,40,0.6208629198418955,2031
005/033-Cycling-3y-AL-ASAQ-DHAPPQ,41,0.4686500955904913,2031
005/033-Cycling-3y-AL-ASAQ-DHAPPQ,42,0.5301306241503702,2031
005/033-Cycling-3y-AL-ASAQ-DHAPPQ,43,0.4827507012137709,2031
005/033-Cycling-3y-AL-ASAQ-DHAPPQ,44,0.44644534204603104,2031
005/033-Cycling-3y-AL-ASAQ-DHAPPQ,45,0.5780074557030664,2031
005/033-Cycling-3y-AL-ASAQ-DHAPPQ,46,0.5925289686228764,2031
005/033-Cycling-3y-AL-ASAQ-DHAPPQ,47,0.4534428074679942,2031
005/033-Cycling-3y-AL-ASAQ-DHAPPQ,48,0.4950131229594789,2031
005/033-Cycling-3y-AL-ASAQ-DHAPPQ,49,0.5102007780131813,2031
005/033-Cycling-3y-AL-ASAQ-DHAPPQ,50,0.6512469693583941,2031
005/033-Cycling-3y-AL-ASAQ-DHAPPQ,51,0.5776091898213759,2031
005/033-Cycling-3y-AL-ASAQ-DHAPPQ,52,0.47766310523237165,2031
005/033-Cycling-3y-AL-ASAQ-DHAPPQ,53,0.5471838655016226,2031
005/033-Cycling-3y-AL-ASAQ-DHAPPQ,54,0.5504414724578524,2031
005/033-Cycling-3y-AL-ASAQ-DHAPPQ,55,0.47252081450523553,2031
005/033-Cycling-3y-AL-ASAQ-DHAPPQ,56,0.5894770843694831,2031
005/033-Cycling-3y-AL-ASAQ-DHAPPQ,57,0.5327362568607368,2031
005/033-Cycling-3y-AL-ASAQ-DHAPPQ,58,0.3777849565860872,2031
005/033-Cycling-3y-AL-ASAQ-DHAPPQ,59,0.5214516399763895,2031
005/033-Cycling-3y-AL-ASAQ-DHAPPQ,60,0.5589955174807281,2031
005/033-Cycling-3y-AL-ASAQ-DHAPPQ,61,0.46894913728099286,2031
005/033-Cycling-3y-AL-ASAQ-DHAPPQ,62,0.5477775552734784,2031
005/033-Cycling-3y-AL-ASAQ-DHAPPQ,63,0.5059331004495616,2031
005/033-Cycling-3y-AL-ASAQ-DHAPPQ,64,0.5859196721390267,2031
005/033-Cycling-3y-AL-ASAQ-DHAPPQ,65,0.5422914867266481,2031
005/033-Cycling-3y-AL-ASAQ-DHAPPQ,66,0.6328247723211428,2031
005/033-Cycling-3y-AL-ASAQ-DHAPPQ,67,0.5357553339239771,2031
005/033-Cycling-3y-AL-ASAQ-DHAPPQ,68,0.5313389528187423,2031
005/033-Cycling-3y-AL-ASAQ-DHAPPQ,69,0.4845899359782028,2031
005/033-Cycling-3y-AL-ASAQ-DHAPPQ,70,0.5026166977150197,2031
005/033-Cycling-3y-AL-ASAQ-DHAPPQ,71,0.6018155842494445,2031
005/033-Cycling-3y-AL-ASAQ-DHAPPQ,72,0.5373430179840094,2031
005/033-Cycling-3y-AL-ASAQ-DHAPPQ,73,0.5208757751883107,2031
005/033-Cycling-3y-AL-ASAQ-DHAPPQ,74,0.6189581387246936,2031
005/033-Cycling-3y-AL-ASAQ-DHAPPQ,75,0.588405206978419,2031
005/033-Cycling-3y-AL-ASAQ-DHAPPQ,76,0.45404988192644957,2031
005/033-Cycling-3y-AL-ASAQ-DHAPPQ,77,0.5068258818022369,2031
005/033-Cycling-3y-AL-ASAQ-DHAPPQ,78,0.517372659571014,2031
005/033-Cycling-3y-AL-ASAQ-DHAPPQ,79,0.5476430705081347,2031
005/033-Cycling-3y-AL-ASAQ-DHAPPQ,80,0.600430049762226,2031
005/033-Cycling-3y-AL-ASAQ-DHAPPQ,81,0.4618256758796752,2031
005/033-Cycling-3y-AL-ASAQ-DHAPPQ,82,0.5093873125529677,2031
005/033-Cycling-3y-AL-ASAQ-DHAPPQ,83,0.5311006640284934,2031
005/033-Cycling-3y-AL-ASAQ-DHAPPQ,84,0.6060522494434949,2031
005/033-Cycling-3y-AL-ASAQ-DHAPPQ,85,0.4190077983060853,2031
005/033-Cycling-3y-AL-ASAQ-DHAPPQ,86,0.4666688769785061,2031
005/033-Cycling-3y-AL-ASAQ-DHAPPQ,87,0.5402196560027891,2031
005/033-Cycling-3y-AL-ASAQ-DHAPPQ,88,0.49018163356576777,2031
005/033-Cycling-3y-AL-ASAQ-DHAPPQ,89,0.5219603637059657,2031
005/033-Cycling-3y-AL-ASAQ-DHAPPQ,90,0.5976433947615462,2031
005/033-Cycling-3y-AL-ASAQ-DHAPPQ,91,0.6201872719879954,2031
005/033-Cycling-3y-AL-ASAQ-DHAPPQ,92,0.5591331419220157,2031
005/033-Cycling-3y-AL-ASAQ-DHAPPQ,93,0.5411230046525367,2031
005/033-Cycling-3y-AL-ASAQ-DHAPPQ,94,0.592681202262471,2031
005/033-Cycling-3y-AL-ASAQ-DHAPPQ,95,0.5341520468782972,2031
005/033-Cycling-3y-AL-ASAQ-DHAPPQ,96,0.46680801861701204,2031
005/033-Cycling-3y-AL-ASAQ-DHAPPQ,97,0.4467925443744584,2031
005/033-Cycling-3y-AL-ASAQ-DHAPPQ,98,0.6295237854406347,2031
005/033-Cycling-3y-AL-ASAQ-DHAPPQ,99,0.5283264475541719,2031
005/034-Cycling-3y-AL-DHAPPQ-ASAQ,0,0.6338263272377452,2031
005/034-Cycling-3y-AL-DHAPPQ-ASAQ,1,0.661111551679186,2031
005/034-Cycling-3y-AL-DHAPPQ-ASAQ,2,0.6509272752197979,2031
005/034-Cycling-3y-AL-DHAPPQ-ASAQ,3,0.6606661121569053,2031
005/034-Cycling-3y-AL-DHAPPQ-ASAQ,4,0.6495182802654161,2031
005/034-Cycling-3y-AL-DHAPPQ-ASAQ,5,0.5805296943217554,2031
005/034-Cycling-3y-AL-DHAPPQ-ASAQ,6,0.572603453557028,2031
005/034-Cycling-3y-AL-DHAPPQ-ASAQ,7,0.6423728028465757,2031
005/034-Cycling-3y-AL-DHAPPQ-ASAQ,8,0.6981891316012926,2031
005/034-Cycling-3y-AL-DHAPPQ-ASAQ,9,0.7071145867366354,2031
005/034-Cycling-3y-AL-DHAPPQ-ASAQ,10,0.676802112657188,2031
005/034-Cycling-3y-AL-DHAPPQ-ASAQ,11,0.5905658915037683,2031
005/034-Cycling-3y-AL-DHAPPQ-ASAQ,12,0.5107057467748651,2031
005/034-Cycling-3y-AL-DHAPPQ-ASAQ,13,0.6823164364273189,2031
005/034-Cycling-3y-AL-DHAPPQ-ASAQ,14,0.6850921414986167,2031
005/034-Cycling-3y-AL-DHAPPQ-ASAQ,15,0.5993063754597623,2031
005/034-Cycling-3y-AL-DHAPPQ-ASAQ,16,0.654992543567927,2031
005/034-Cycling-3y-AL-DHAPPQ-ASAQ,17,0.7130634381919577,2031
005/034-Cycling-3y-AL-DHAPPQ-ASAQ,18,0.6217766196753959,2031
005/034-Cycling-3y-AL-DHAPPQ-ASAQ,19,0.5605643779465181,2031
005/034-Cycling-3y-AL-DHAPPQ-ASAQ,20,0.6852116985604217,2031
005/034-Cycling-3y-AL-DHAPPQ-ASAQ,21,0.7059840489423546,2031
005/034-Cycling-3y-AL-DHAPPQ-ASAQ,22,0.6693315512239101,2031
005/034-Cycling-3y-AL-DHAPPQ-ASAQ,23,0.6076083161614386,2031
005/034-Cycling-3y-AL-DHAPPQ-ASAQ,24,0.5901935057799224,2031
005/034-Cycling-3y-AL-DHAPPQ-ASAQ,25,0.655956046778085,2031
005/034-Cycling-3y-AL-DHAPPQ-ASAQ,26,0.6863563720021797,2031
005/034-Cycling-3y-AL-DHAPPQ-ASAQ,27,0.5862328553544335,2031
005/034-Cycling-3y-AL-DHAPPQ-ASAQ,28,0.6263419501571038,2031
005/034-Cycling-3y-AL-DHAPPQ-ASAQ,29,0.6406865014364745,2031
005/034-Cycling-3y-AL-DHAPPQ-ASAQ,30,0.7356348664709604,2031
005/034-Cycling-3y-AL-DHAPPQ-ASAQ,31,0.6638274666255457,2031
005/034-Cycling-3y-AL-DHAPPQ-ASAQ,32,0.6123947514665263,2031
005/034-Cycling-3y-AL-DHAPPQ-ASAQ,33,0.68023744105105,2031
005/034-Cycling-3y-AL-DHAPPQ-ASAQ,34,0.7130872279452566,2031
005/034-Cycling-3y-AL-DHAPPQ-ASAQ,35,0.6394807079420455,2031
005/034-Cycling-3y-AL-DHAPPQ-ASAQ,36,0.5639946312969806,2031
005/034-Cycling-3y-AL-DHAPPQ-ASAQ,37,0.5942357762531517,2031
005/034-Cycling-3y-AL-DHAPPQ-ASAQ,38,0.6389192591433098,2031
005/034-Cycling-3y-AL-DHAPPQ-ASAQ,39,0.6447397356538291,2031
005/034-Cycling-3y-AL-DHAPPQ-ASAQ,40,0.5635079587310782,2031
005/034-Cycling-3y-AL-DHAPPQ-ASAQ,41,0.7376387223647295,2031
005/034-Cycling-3y-AL-DHAPPQ-ASAQ,42,0.7165188514749278,2031
005/034-Cycling-3y-AL-DHAPPQ-ASAQ,43,0.7328112578674082,2031
005/034-Cycling-3y-AL-DHAPPQ-ASAQ,44,0.6407508441434321,2031
005/034-Cycling-3y-AL-DHAPPQ-ASAQ,45,0.8176338474342275,2031
005/034-Cycling-3y-AL-DHAPPQ-ASAQ,46,0.6963906656264172,2031
005/034-Cycling-3y-AL-DHAPPQ-ASAQ,47,0.7373027251247221,2031
005/034-Cycling-3y-AL-DHAPPQ-ASAQ,48,0.6080216398634218,2031
005/034-Cycling-3y-AL-DHAPPQ-ASAQ,49,0.7219943303803538,2031
005/034-Cycling-3y-AL-DHAPPQ-ASAQ,50,0.5366753001551409,2031
005/034-Cycling-3y-AL-DHAPPQ-ASAQ,51,0.6499947136262603,2031
005/034-Cycling-3y-AL-DHAPPQ-ASAQ,52,0.6590286518978612,2031
005/034-Cycling-3y-AL-DHAPPQ-ASAQ,53,0.6929422991695412,2031
005/034-Cycling-3y-AL-DHAPPQ-ASAQ,54,0.6177133220464088,2031
005/034-Cycling-3y-AL-DHAPPQ-ASAQ,55,0.6339634914431469,2031
005/034-Cycling-3y-AL-DHAPPQ-ASAQ,56,0.6882163336982211,2031
005/034-Cycling-3y-AL-DHAPPQ-ASAQ,57,0.631951252737647,2031
005/034-Cycling-3y-AL-DHAPPQ-ASAQ,58,0.6129626025521836,2031
005/034-Cycling-3y-AL-DHAPPQ-ASAQ,59,0.5879267323663281,2031
005/034-Cycling-3y-AL-DHAPPQ-ASAQ,60,0.7708012988668623,2031
005/034-Cycling-3y-AL-DHAPPQ-ASAQ,61,0.6233753923027249,2031
005/034-Cycling-3y-AL-DHAPPQ-ASAQ,62,0.5279686594720211,2031
005/034-Cycling-3y-AL-DHAPPQ-ASAQ,63,0.7526268726404112,2031
005/034-Cycling-3y-AL-DHAPPQ-ASAQ,64,0.6000138857531383,2031
005/034-Cycling-3y-AL-DHAPPQ-ASAQ,65,0.6441240440705684,2031
005/034-Cycling-3y-AL-DHAPPQ-ASAQ,66,0.6665073500114226,2031
005/034-Cycling-3y-AL-DHAPPQ-ASAQ,67,0.5254929541452723,2031
005/034-Cycling-3y-AL-DHAPPQ-ASAQ,68,0.660394910568532,2031
005/034-Cycling-3y-AL-DHAPPQ-ASAQ,69,0.5770599955648099,2031
005/034-Cycling-3y-AL-DHAPPQ-ASAQ,70,0.6407386900215155,2031
005/034-Cycling-3y-AL-DHAPPQ-ASAQ,71,0.6565596775966979,2031
005/034-Cycling-3y-AL-DHAPPQ-ASAQ,72,0.5820016916423453,2031
005/034-Cycling-3y-AL-DHAPPQ-ASAQ,73,0.5689945826329954,2031
005/034-Cycling-3y-AL-DHAPPQ-ASAQ,74,0.5990586088417734,2031
005/034-Cycling-3y-AL-DHAPPQ-ASAQ,75,0.6846253301775477,2031
005/034-Cycling-3y-AL-DHAPPQ-ASAQ,76,0.6910864230450389,2031
005/034-Cycling-3y-AL-DHAPPQ-ASAQ,77,0.6815110479800376,2031
005/034-Cycling-3y-AL-DHAPPQ-ASAQ,78,0.5885157368668222,2031
005/034-Cycling-3y-AL-DHAPPQ-ASAQ,79,0.6147463313835729,2031
005/034-Cycling-3y-AL-DHAPPQ-ASAQ,80,0.618702767807359,2031
005/034-Cycling-3y-AL-DHAPPQ-ASAQ,81,0.6744945539080295,2031
005/034-Cycling-3y-AL-DHAPPQ-ASAQ,82,0.6164675404299319,2031
005/034-Cycling-3y-AL-DHAPPQ-ASAQ,83,0.5845915131233855,2031
005/034-Cycling-3y-AL-DHAPPQ-ASAQ,84,0.6733977092053585,2031
005/034-Cycling-3y-AL-DHAPPQ-ASAQ,85,0.6861215015740162,2031
005/034-Cycling-3y-AL-DHAPPQ-ASAQ,86,0.6626679879561773,2031
005/034-Cycling-3y-AL-DHAPPQ-ASAQ,87,0.6479519195011034,2031
005/034-Cycling-3y-AL-DHAPPQ-ASAQ,88,0.5829534737369023,2031
005/034-Cycling-3y-AL-DHAPPQ-ASAQ,89,0.628981796382,2031
005/034-Cycling-3y-AL-DHAPPQ-ASAQ,90,0.5228191259756975,2031
005/034-Cycling-3y-AL-DHAPPQ-ASAQ,91,0.660728316461644,2031
005/034-Cycling-3y-AL-DHAPPQ-ASAQ,92,0.677860064138376,2031
005/034-Cycling-3y-AL-DHAPPQ-ASAQ,93,0.6697934715132937,2031
005/034-Cycling-3y-AL-DHAPPQ-ASAQ,94,0.6599074259708004,2031
005/034-Cycling-3y-AL-DHAPPQ-ASAQ,95,0.5625410846340372,2031
005/034-Cycling-3y-AL-DHAPPQ-ASAQ,96,0.5009301420912565,2031
005/034-Cycling-3y-AL-DHAPPQ-ASAQ,97,0.6247473826615345,2031
005/034-Cycling-3y-AL-DHAPPQ-ASAQ,98,0.6715512636055153,2031
005/034-Cycling-3y-AL-DHAPPQ-ASAQ,99,0.6218515422016837,2031
005/035-Cycling-3y-ASAQ-AL-DHAPPQ,0,0.6833842395347101,2031
005/035-Cycling-3y-ASAQ-AL-DHAPPQ,1,0.4580183973161132,2031
005/035-Cycling-3y-ASAQ-AL-DHAPPQ,2,0.6124681818561889,2031
005/035-Cycling-3y-ASAQ-AL-DHAPPQ,3,0.5869336367829445,2031
005/035-Cycling-3y-ASAQ-AL-DHAPPQ,4,0.5350097191159054,2031
005/035-Cycling-3y-ASAQ-AL-DHAPPQ,5,0.6399175760247147,2031
005/035-Cycling-3y-ASAQ-AL-DHAPPQ,6,0.5178666709143622,2031
005/035-Cycling-3y-ASAQ-AL-DHAPPQ,7,0.5467883201136128,2031
005/035-Cycling-3y-ASAQ-AL-DHAPPQ,8,0.6001786821062174,2031
005/035-Cycling-3y-ASAQ-AL-DHAPPQ,9,0.6944179961509236,2031
005/035-Cycling-3y-ASAQ-AL-DHAPPQ,10,0.593144500038405,2031
005/035-Cycling-3y-ASAQ-AL-DHAPPQ,11,0.4605746853734399,2031
005/035-Cycling-3y-ASAQ-AL-DHAPPQ,12,0.6220432323021194,2031
005/035-Cycling-3y-ASAQ-AL-DHAPPQ,13,0.5785508078207313,2031
005/035-Cycling-3y-ASAQ-AL-DHAPPQ,14,0.5583517902503895,2031
005/035-Cycling-3y-ASAQ-AL-DHAPPQ,15,0.5320052266331158,2031
005/035-Cycling-3y-ASAQ-AL-DHAPPQ,16,0.6025755276840022,2031
005/035-Cycling-3y-ASAQ-AL-DHAPPQ,17,0.4333768365248664,2031
005/035-Cycling-3y-ASAQ-AL-DHAPPQ,18,0.5535045400813159,2031
005/035-Cycling-3y-ASAQ-AL-DHAPPQ,19,0.576767399553408,2031
005/035-Cycling-3y-ASAQ-AL-DHAPPQ,20,0.46912869731122037,2031
005/035-Cycling-3y-ASAQ-AL-DHAPPQ,21,0.5358405449400746,2031
005/035-Cycling-3y-ASAQ-AL-DHAPPQ,22,0.6838408556347062,2031
005/035-Cycling-3y-ASAQ-AL-DHAPPQ,23,0.5746660300991157,2031
005/035-Cycling-3y-ASAQ-AL-DHAPPQ,24,0.6147224789300868,2031
005/035-Cycling-3y-ASAQ-AL-DHAPPQ,25,0.5782828819111665,2031
005/035-Cycling-3y-ASAQ-AL-DHAPPQ,26,0.44964973425868876,2031
005/035-Cycling-3y-ASAQ-AL-DHAPPQ,27,0.5539533984809163,2031
005/035-Cycling-3y-ASAQ-AL-DHAPPQ,28,0.5895020818128893,2031
005/035-Cycling-3y-ASAQ-AL-DHAPPQ,29,0.5029005643472227,2031
005/035-Cycling-3y-ASAQ-AL-DHAPPQ,30,0.5208586137940081,2031
005/035-Cycling-3y-ASAQ-AL-DHAPPQ,31,0.5586515713609213,2031
005/035-Cycling-3y-ASAQ-AL-DHAPPQ,32,0.47539906624252803,2031
005/035-Cycling-3y-ASAQ-AL-DHAPPQ,33,0.5363243374493505,2031
005/035-Cycling-3y-ASAQ-AL-DHAPPQ,34,0.644384275461242,2031
005/035-Cycling-3y-ASAQ-AL-DHAPPQ,35,0.6652793223428991,2031
005/035-Cycling-3y-ASAQ-AL-DHAPPQ,36,0.44428719014453094,2031
005/035-Cycling-3y-ASAQ-AL-DHAPPQ,37,0.5484081921698726,2031
005/035-Cycling-3y-ASAQ-AL-DHAPPQ,38,0.6188600672184246,2031
005/035-Cycling-3y-ASAQ-AL-DHAPPQ,39,0.5429294739132892,2031
005/035-Cycling-3y-ASAQ-AL-DHAPPQ,40,0.6170000233046642,2031
005/035-Cycling-3y-ASAQ-AL-DHAPPQ,41,0.5505223441966776,2031
005/035-Cycling-3y-ASAQ-AL-DHAPPQ,42,0.5878543436850195,2031
005/035-Cycling-3y-ASAQ-AL-DHAPPQ,43,0.5329919827414726,2031
005/035-Cycling-3y-ASAQ-AL-DHAPPQ,44,0.5911726279781985,2031
005/035-Cycling-3y-ASAQ-AL-DHAPPQ,45,0.639546037356503,2031
005/035-Cycling-3y-ASAQ-AL-DHAPPQ,46,0.6564561196775639,2031
005/035-Cycling-3y-ASAQ-AL-DHAPPQ,47,0.5231110880962387,2031
005/035-Cycling-3y-ASAQ-AL-DHAPPQ,48,0.6365231656799107,2031
005/035-Cycling-3y-ASAQ-AL-DHAPPQ,49,0.5398462824775366,2031
005/035-Cycling-3y-ASAQ-AL-DHAPPQ,50,0.4875549878688065,2031
005/035-Cycling-3y-ASAQ-AL-DHAPPQ,51,0.5918820463115528,2031
005/035-Cycling-3y-ASAQ-AL-DHAPPQ,52,0.6002351640773904,2031
005/035-Cycling-3y-ASAQ-AL-DHAPPQ,53,0.5276409610384666,2031
005/035-Cycling-3y-ASAQ-AL-DHAPPQ,54,0.4275765694819553,2031
005/035-Cycling-3y-ASAQ-AL-DHAPPQ,55,0.6492053927570737,2031
005/035-Cycling-3y-ASAQ-AL-DHAPPQ,56,0.5172187599025433,2031
005/035-Cycling-3y-ASAQ-AL-DHAPPQ,57,0.736448341308566,2031
005/035-Cycling-3y-ASAQ-AL-DHAPPQ,58,0.6300652394456437,2031
005/035-Cycling-3y-ASAQ-AL-DHAPPQ,59,0.5736951008942481,2031
005/035-Cycling-3y-ASAQ-AL-DHAPPQ,60,0.6685084774312258,2031
005/035-Cycling-3y-ASAQ-AL-DHAPPQ,61,0.5220523597643656,2031
005/035-Cycling-3y-ASAQ-AL-DHAPPQ,62,0.5491836356583064,2031
005/035-Cycling-3y-ASAQ-AL-DHAPPQ,63,0.5908769025487547,2031
005/035-Cycling-3y-ASAQ-AL-DHAPPQ,64,0.5647924930120811,2031
005/035-Cycling-3y-ASAQ-AL-DHAPPQ,65,0.5421519671613809,2031
005/035-Cycling-3y-ASAQ-AL-DHAPPQ,66,0.5177117965655117,2031
005/035-Cycling-3y-ASAQ-AL-DHAPPQ,67,0.5900510320748198,2031
005/035-Cycling-3y-ASAQ-AL-DHAPPQ,68,0.5662342856482726,2031
005/035-Cycling-3y-ASAQ-AL-DHAPPQ,69,0.5618952014393046,2031
005/035-Cycling-3y-ASAQ-AL-DHAPPQ,70,0.5159027439125886,2031
005/035-Cycling-3y-ASAQ-AL-DHAPPQ,71,0.5316035417005498,2031
005/035-Cycling-3y-ASAQ-AL-DHAPPQ,72,0.6260188057496936,2031
005/035-Cycling-3y-ASAQ-AL-DHAPPQ,73,0.5726671797113326,2031
005/035-Cycling-3y-ASAQ-AL-DHAPPQ,74,0.5345601750962701,2031
005/035-Cycling-3y-ASAQ-AL-DHAPPQ,75,0.6318886706916683,2031
005/035-Cycling-3y-ASAQ-AL-DHAPPQ,76,0.4515273431753121,2031
005/035-Cycling-3y-ASAQ-AL-DHAPPQ,77,0.5270705332618165,2031
005/035-Cycling-3y-ASAQ-AL-DHAPPQ,78,0.6156905345794584,2031
005/035-Cycling-3y-ASAQ-AL-DHAPPQ,79,0.5561887602004233,2031
005/035-Cycling-3y-ASAQ-AL-DHAPPQ,80,0.5956891172795284,2031
005/035-Cycling-3y-ASAQ-AL-DHAPPQ,81,0.4729647471822447,2031
005/035-Cycling-3y-ASAQ-AL-DHAPPQ,82,0.5934154514573119,2031
005/035-Cycling-3y-ASAQ-AL-DHAPPQ,83,0.5396902558077215,2031
005/035-Cycling-3y-ASAQ-AL-DHAPPQ,84,0.6079883236982356,2031
005/035-Cycling-3y-ASAQ-AL-DHAPPQ,85,0.5686654629706196,2031
005/035-Cycling-3y-ASAQ-AL-DHAPPQ,86,0.5954952655817795,2031
005/035-Cycling-3y-ASAQ-AL-DHAPPQ,87,0.6637371194630414,2031
005/035-Cycling-3y-ASAQ-AL-DHAPPQ,88,0.5108202618228314,2031
005/035-Cycling-3y-ASAQ-AL-DHAPPQ,89,0.44470071932525385,2031
005/035-Cycling-3y-ASAQ-AL-DHAPPQ,90,0.5293427447801086,2031
005/035-Cycling-3y-ASAQ-AL-DHAPPQ,91,0.6433909565317181,2031
005/035-Cycling-3y-ASAQ-AL-DHAPPQ,92,0.5605945612057862,2031
005/035-Cycling-3y-ASAQ-AL-DHAPPQ,93,0.6239981380611,2031
005/035-Cycling-3y-ASAQ-AL-DHAPPQ,94,0.5302527802541599,2031
005/035-Cycling-3y-ASAQ-AL-DHAPPQ,95,0.48875154815677874,2031
005/035-Cycling-3y-ASAQ-AL-DHAPPQ,96,0.5320245843485251,2031
005/035-Cycling-3y-ASAQ-AL-DHAPPQ,97,0.5599946567159176,2031
005/035-Cycling-3y-ASAQ-AL-DHAPPQ,98,0.5115392621629168,2031
005/035-Cycling-3y-ASAQ-AL-DHAPPQ,99,0.642140800700703,2031
005/036-Cycling-3y-ASAQ-DHAPPQ-AL,0,0.4908274463892603,2031
005/036-Cycling-3y-ASAQ-DHAPPQ-AL,1,0.4784029198046977,2031
005/036-Cycling-3y-ASAQ-DHAPPQ-AL,2,0.4760995626023506,2031
005/036-Cycling-3y-ASAQ-DHAPPQ-AL,3,0.38362351791330646,2031
005/036-Cycling-3y-ASAQ-DHAPPQ-AL,4,0.4620307966044603,2031
005/036-Cycling-3y-ASAQ-DHAPPQ-AL,5,0.5256752202751097,2031
005/036-Cycling-3y-ASAQ-DHAPPQ-AL,6,0.5463439008743937,2031
005/036-Cycling-3y-ASAQ-DHAPPQ-AL,7,0.3805688668356944,2031
005/036-Cycling-3y-ASAQ-DHAPPQ-AL,8,0.4132324643748069,2031
005/036-Cycling-3y-ASAQ-DHAPPQ-AL,9,0.4657420667171647,2031
005/036-Cycling-3y-ASAQ-DHAPPQ-AL,10,0.46990792514366014,2031
005/036-Cycling-3y-ASAQ-DHAPPQ-AL,11,0.4229700401651996,2031
005/036-Cycling-3y-ASAQ-DHAPPQ-AL,12,0.43850424968504814,2031
005/036-Cycling-3y-ASAQ-DHAPPQ-AL,13,0.4551466386163095,2031
005/036-Cycling-3y-ASAQ-DHAPPQ-AL,14,0.5502102864540832,2031
005/036-Cycling-3y-ASAQ-DHAPPQ-AL,15,0.46209446377148083,2031
005/036-Cycling-3y-ASAQ-DHAPPQ-AL,16,0.4445511018022387,2031
005/036-Cycling-3y-ASAQ-DHAPPQ-AL,17,0.3818319135863058,2031
005/036-Cycling-3y-ASAQ-DHAPPQ-AL,18,0.5488374404149905,2031
005/036-Cycling-3y-ASAQ-DHAPPQ-AL,19,0.45478361598563954,2031
005/036-Cycling-3y-ASAQ-DHAPPQ-AL,20,0.49105593314944357,2031
005/036-Cycling-3y-ASAQ-DHAPPQ-AL,21,0.4814221706182121,2031
005/036-Cycling-3y-ASAQ-DHAPPQ-AL,22,0.45225012521363267,2031
005/036-Cycling-3y-ASAQ-DHAPPQ-AL,23,0.4900667217318711,2031
005/036-Cycling-3y-ASAQ-DHAPPQ-AL,24,0.4287134966967316,2031
005/036-Cycling-3y-ASAQ-DHAPPQ-AL,25,0.465705143276745,2031
005/036-Cycling-3y-ASAQ-DHAPPQ-AL,26,0.416235397305834,2031
005/036-Cycling-3y-ASAQ-DHAPPQ-AL,27,0.4106017732032207,2031
005/036-Cycling-3y-ASAQ-DHAPPQ-AL,28,0.5464457956205775,2031
005/036-Cycling-3y-ASAQ-DHAPPQ-AL,29,0.4249000679986669,2031
005/036-Cycling-3y-ASAQ-DHAPPQ-AL,30,0.4554714855154278,2031
005/036-Cycling-3y-ASAQ-DHAPPQ-AL,31,0.37928548876763135,2031
005/036-Cycling-3y-ASAQ-DHAPPQ-AL,32,0.48311604791293156,2031
005/036-Cycling-3y-ASAQ-DHAPPQ-AL,33,0.4008159660674275,2031
005/036-Cycling-3y-ASAQ-DHAPPQ-AL,34,0.49995667320828807,2031
005/036-Cycling-3y-ASAQ-DHAPPQ-AL,35,0.45812809239309366,2031
005/036-Cycling-3y-ASAQ-DHAPPQ-AL,36,0.48367991415285566,2031
005/036-Cycling-3y-ASAQ-DHAPPQ-AL,37,0.4148111671391148,2031
005/036-Cycling-3y-ASAQ-DHAPPQ-AL,38,0.4148040506623439,2031
005/036-Cycling-3y-ASAQ-DHAPPQ-AL,39,0.3785251179668585,2031
005/036-Cycling-3y-ASAQ-DHAPPQ-AL,40,0.4302507972336967,2031
005/036-Cycling-3y-ASAQ-DHAPPQ-AL,41,0.4679456131451411,2031
005/036-Cycling-3y-ASAQ-DHAPPQ-AL,42,0.6054661227622188,2031
005/036-Cycling-3y-ASAQ-DHAPPQ-AL,43,0.47181436373049995,2031
005/036-Cycling-3y-ASAQ-DHAPPQ-AL,44,0.4129277012065587,2031
005/036-Cycling-3y-ASAQ-DHAPPQ-AL,45,0.4604868657321674,2031
005/036-Cycling-3y-ASAQ-DHAPPQ-AL,46,0.525845203602191,2031
005/036-Cycling-3y-ASAQ-DHAPPQ-AL,47,0.597151913847834,2031
005/036-Cycling-3y-ASAQ-DHAPPQ-AL,48,0.47852921749644456,2031
005/036-Cycling-3y-ASAQ-DHAPPQ-AL,49,0.4620524376910542,2031
005/036-Cycling-3y-ASAQ-DHAPPQ-AL,50,0.5076595906760845,2031
005/036-Cycling-3y-ASAQ-DHAPPQ-AL,51,0.4479725394600473,2031
005/036-Cycling-3y-ASAQ-DHAPPQ-AL,52,0.45690793380559963,2031
005/036-Cycling-3y-ASAQ-DHAPPQ-AL,53,0.4657834640977017,2031
005/036-Cycling-3y-ASAQ-DHAPPQ-AL,54,0.4955362402973589,2031
005/036-Cycling-3y-ASAQ-DHAPPQ-AL,55,0.4063714636599456,2031
005/036-Cycling-3y-ASAQ-DHAPPQ-AL,56,0.42001201720097475,2031
005/036-Cycling-3y-ASAQ-DHAPPQ-AL,57,0.5447567366101187,2031
005/036-Cycling-3y-ASAQ-DHAPPQ-AL,58,0.4637523905219039,2031
005/036-Cycling-3y-ASAQ-DHAPPQ-AL,59,0.45296061451598013,2031
005/036-Cycling-3y-ASAQ-DHAPPQ-AL,60,0.42684724096746457,2031
005/036-Cycling-3y-ASAQ-DHAPPQ-AL,61,0.43301208150646603,2031
005/036-Cycling-3y-ASAQ-DHAPPQ-AL,62,0.5140666372732999,2031
005/036-Cycling-3y-ASAQ-DHAPPQ-AL,63,0.3876877878665142,2031
005/036-Cycling-3y-ASAQ-DHAPPQ-AL,64,0.4263272783303335,2031
005/036-Cycling-3y-ASAQ-DHAPPQ-AL,65,0.4610853111400033,2031
005/036-Cycling-3y-ASAQ-DHAPPQ-AL,66,0.4638952294394749,2031
005/036-Cycling-3y-ASAQ-DHAPPQ-AL,67,0.3882821755044814,2031
005/036-Cycling-3y-ASAQ-DHAPPQ-AL,68,0.44554335823073155,2031
005/036-Cycling-3y-ASAQ-DHAPPQ-AL,69,0.554920404921069,2031
005/036-Cycling-3y-ASAQ-DHAPPQ-AL,70,0.440768085653419,2031
005/036-Cycling-3y-ASAQ-DHAPPQ-AL,71,0.476163438340582,2031
005/036-Cycling-3y-ASAQ-DHAPPQ-AL,72,0.42758548753587516,2031
005/036-Cycling-3y-ASAQ-DHAPPQ-AL,73,0.47689987392068717,2031
005/036-Cycling-3y-ASAQ-DHAPPQ-AL,74,0.47600802685143523,2031
005/036-Cycling-3y-ASAQ-DHAPPQ-AL,75,0.4471426589979249,2031
005/036-Cycling-3y-ASAQ-DHAPPQ-AL,76,0.5267788375919839,2031
005/036-Cycling-3y-ASAQ-DHAPPQ-AL,77,0.3784235156514062,2031
005/036-Cycling-3y-ASAQ-DHAPPQ-AL,78,0.4341980735639584,2031
005/036-Cycling-3y-ASAQ-DHAPPQ-AL,79,0.3747379952725152,2031
005/036-Cycling-3y-ASAQ-DHAPPQ-AL,80,0.49575571083995623,2031
005/036-Cycling-3y-ASAQ-DHAPPQ-AL,81,0.3860571405065085,2031
005/036-Cycling-3y-ASAQ-DHAPPQ-AL,82,0.5740950897783175,2031
005/036-Cycling-3y-ASAQ-DHAPPQ-AL,83,0.45848893974729354,2031
005/036-Cycling-3y-ASAQ-DHAPPQ-AL,84,0.47226023975045267,2031
005/036-Cycling-3y-ASAQ-DHAPPQ-AL,85,0.4410792300145216,2031
005/036-Cycling-3y-ASAQ-DHAPPQ-AL,86,0.48013349330152955,2031
005/036-Cycling-3y-ASAQ-DHAPPQ-AL,87,0.4455384552772985,2031
005/036-Cycling-3y-ASAQ-DHAPPQ-AL,88,0.5090352305539267,2031
005/036-Cycling-3y-ASAQ-DHAPPQ-AL,89,0.4202026412888899,2031
005/036-Cycling-3y-ASAQ-DHAPPQ-AL,90,0.5247272334207198,2031
005/036-Cycling-3y-ASAQ-DHAPPQ-AL,91,0.5078370304066138,2031
005/036-Cycling-3y-ASAQ-DHAPPQ-AL,92,0.4451192111135604,2031
005/036-Cycling-3y-ASAQ-DHAPPQ-AL,93,0.4424793094743835,2031
005/036-Cycling-3y-ASAQ-DHAPPQ-AL,94,0.4982376650941809,2031
005/036-Cycling-3y-ASAQ-DHAPPQ-AL,95,0.46559779434875487,2031
005/036-Cycling-3y-ASAQ-DHAPPQ-AL,96,0.42797049731264675,2031
005/036-Cycling-3y-ASAQ-DHAPPQ-AL,97,0.4328480232232404,2031
005/036-Cycling-3y-ASAQ-DHAPPQ-AL,98,0.490272619992486,2031
005/036-Cycling-3y-ASAQ-DHAPPQ-AL,99,0.4637704892332552,2031
005/037-Cycling-3y-DHAPPQ-AL-ASAQ,0,0.6637315345013028,2031
005/037-Cycling-3y-DHAPPQ-AL-ASAQ,1,0.6579602357949608,2031
005/037-Cycling-3y-DHAPPQ-AL-ASAQ,2,0.6123892015572041,2031
005/037-Cycling-3y-DHAPPQ-AL-ASAQ,3,0.6235503453349905,2031
005/037-Cycling-3y-DHAPPQ-AL-ASAQ,4,0.6838739264873234,2031
005/037-Cycling-3y-DHAPPQ-AL-ASAQ,5,0.5631168468499866,2031
005/037-Cycling-3y-DHAPPQ-AL-ASAQ,6,0.6187283779724357,2031
005/037-Cycling-3y-DHAPPQ-AL-ASAQ,7,0.5338678366348872,2031
005/037-Cycling-3y-DHAPPQ-AL-ASAQ,8,0.6622997065473232,2031
005/037-Cycling-3y-DHAPPQ-AL-ASAQ,9,0.6695064898904427,2031
005/037-Cycling-3y-DHAPPQ-AL-ASAQ,10,0.6950025869212387,2031
005/037-Cycling-3y-DHAPPQ-AL-ASAQ,11,0.687881737702793,2031
005/037-Cycling-3y-DHAPPQ-AL-ASAQ,12,0.5945956778642018,2031
005/037-Cycling-3y-DHAPPQ-AL-ASAQ,13,0.6103429174122181,2031
005/037-Cycling-3y-DHAPPQ-AL-ASAQ,14,0.6373169774264547,2031
005/037-Cycling-3y-DHAPPQ-AL-ASAQ,15,0.6460834243176999,2031
005/037-Cycling-3y-DHAPPQ-AL-ASAQ,16,0.6524226329201825,2031
005/037-Cycling-3y-DHAPPQ-AL-ASAQ,17,0.6200827706601593,2031
005/037-Cycling-3y-DHAPPQ-AL-ASAQ,18,0.5470732293611089,2031
005/037-Cycling-3y-DHAPPQ-AL-ASAQ,19,0.6281757273304038,2031
005/037-Cycling-3y-DHAPPQ-AL-ASAQ,20,0.5489289686893156,2031
005/037-Cycling-3y-DHAPPQ-AL-ASAQ,21,0.606020697068809,2031
005/037-Cycling-3y-DHAPPQ-AL-ASAQ,22,0.5776942690326714,2031
005/037-Cycling-3y-DHAPPQ-AL-ASAQ,23,0.7822967953411281,2031
005/037-Cycling-3y-DHAPPQ-AL-ASAQ,24,0.591800422391097,2031
005/037-Cycling-3y-DHAPPQ-AL-ASAQ,25,0.6295684103519922,2031
005/037-Cycling-3y-DHAPPQ-AL-ASAQ,26,0.5987973596058874,2031
005/037-Cycling-3y-DHAPPQ-AL-ASAQ,27,0.682641008040117,2031
005/037-Cycling-3y-DHAPPQ-AL-ASAQ,28,0.6376819876059703,2031
005/037-Cycling-3y-DHAPPQ-AL-ASAQ,29,0.6049561563244258,2031
005/037-Cycling-3y-DHAPPQ-AL-ASAQ,30,0.6032553378612205,2031
005/037-Cycling-3y-DHAPPQ-AL-ASAQ,31,0.5628058759198503,2031
005/037-Cycling-3y-DHAPPQ-AL-ASAQ,32,0.601942299464178,2031
005/037-Cycling-3y-DHAPPQ-AL-ASAQ,33,0.644095851982384,2031
005/037-Cycling-3y-DHAPPQ-AL-ASAQ,34,0.6017706389833292,2031
005/037-Cycling-3y-DHAPPQ-AL-ASAQ,35,0.6901920840817972,2031
005/037-Cycling-3y-DHAPPQ-AL-ASAQ,36,0.5477873500119813,2031
005/037-Cycling-3y-DHAPPQ-AL-ASAQ,37,0.6774242294880507,2031
005/037-Cycling-3y-DHAPPQ-AL-ASAQ,38,0.5930609699736776,2031
005/037-Cycling-3y-DHAPPQ-AL-ASAQ,39,0.6376554278188068,2031
005/037-Cycling-3y-DHAPPQ-AL-ASAQ,40,0.6635056284077777,2031
005/037-Cycling-3y-DHAPPQ-AL-ASAQ,41,0.6583659967526823,2031
005/037-Cycling-3y-DHAPPQ-AL-ASAQ,42,0.628969948622223,2031
005/037-Cycling-3y-DHAPPQ-AL-ASAQ,43,0.6662534027155856,2031
005/037-Cycling-3y-DHAPPQ-AL-ASAQ,44,0.6119489248909135,2031
005/037-Cycling-3y-DHAPPQ-AL-ASAQ,45,0.6053342705137608,2031
005/037-Cycling-3y-DHAPPQ-AL-ASAQ,46,0.5370548116870638,2031
005/037-Cycling-3y-DHAPPQ-AL-ASAQ,47,0.5639076354526621,2031
005/037-Cycling-3y-DHAPPQ-AL-ASAQ,48,0.7335687813898861,2031
005/037-Cycling-3y-DHAPPQ-AL-ASAQ,49,0.7203851523879213,2031
005/037-Cycling-3y-DHAPPQ-AL-ASAQ,50,0.6594329160868923,2031
005/037-Cycling-3y-DHAPPQ-AL-ASAQ,51,0.6482820331716396,2031
005/037-Cycling-3y-DHAPPQ-AL-ASAQ,52,0.6948314355689159,2031
005/037-Cycling-3y-DHAPPQ-AL-ASAQ,53,0.6222447046604997,2031
005/037-Cycling-3y-DHAPPQ-AL-ASAQ,54,0.6863869369854515,2031
005/037-Cycling-3y-DHAPPQ-AL-ASAQ,55,0.6649125243834956,2031
005/037-Cycling-3y-DHAPPQ-AL-ASAQ,56,0.6597707546232507,2031
005/037-Cycling-3y-DHAPPQ-AL-ASAQ,57,0.6590645394081961,2031
005/037-Cycling-3y-DHAPPQ-AL-ASAQ,58,0.6675354204970584,2031
005/037-Cycling-3y-DHAPPQ-AL-ASAQ,59,0.7201594599435449,2031
005/037-Cycling-3y-DHAPPQ-AL-ASAQ,60,0.6866103964055785,2031
005/037-Cycling-3y-DHAPPQ-AL-ASAQ,61,0.7657689707337539,2031
005/037-Cycling-3y-DHAPPQ-AL-ASAQ,62,0.5690540371552463,2031
005/037-Cycling-3y-DHAPPQ-AL-ASAQ,63,0.6319108217024599,2031
005/037-Cycling-3y-DHAPPQ-AL-ASAQ,64,0.5904545620223356,2031
005/037-Cycling-3y-DHAPPQ-AL-ASAQ,65,0.5050589224395984,2031
005/037-Cycling-3y-DHAPPQ-AL-ASAQ,66,0.7270378636524444,2031
005/037-Cycling-3y-DHAPPQ-AL-ASAQ,67,0.6235947138903862,2031
005/037-Cycling-3y-DHAPPQ-AL-ASAQ,68,0.7598540162982523,2031
005/037-Cycling-3y-DHAPPQ-AL-ASAQ,69,0.6501723281965989,2031
005/037-Cycling-3y-DHAPPQ-AL-ASAQ,70,0.6279649870510563,2031
005/037-Cycling-3y-DHAPPQ-AL-ASAQ,71,0.6855610236944053,2031
005/037-Cycling-3y-DHAPPQ-AL-ASAQ,72,0.7246658619509425,2031
005/037-Cycling-3y-DHAPPQ-AL-ASAQ,73,0.7030704604927726,2031
005/037-Cycling-3y-DHAPPQ-AL-ASAQ,74,0.7216416706834486,2031
005/037-Cycling-3y-DHAPPQ-AL-ASAQ,75,0.6812012311183285,2031
005/037-Cycling-3y-DHAPPQ-AL-ASAQ,76,0.6140634527704294,2031
005/037-Cycling-3y-DHAPPQ-AL-ASAQ,77,0.5901207722261931,2031
005/037-Cycling-3y-DHAPPQ-AL-ASAQ,78,0.6762448837907441,2031
005/037-Cycling-3y-DHAPPQ-AL-ASAQ,79,0.6742990053928253,2031
005/037-Cycling-3y-DHAPPQ-AL-ASAQ,80,0.5732743492124698,2031
005/037-Cycling-3y-DHAPPQ-AL-ASAQ,81,0.6774618852067715,2031
005/037-Cycling-3y-DHAPPQ-AL-ASAQ,82,0.5833488201049057,2031
005/037-Cycling-3y-DHAPPQ-AL-ASAQ,83,0.6175794474565381,2031
005/037-Cycling-3y-DHAPPQ-AL-ASAQ,84,0.646827783402734,2031
005/037-Cycling-3y-DHAPPQ-AL-ASAQ,85,0.5209187947084513,2031
005/037-Cycling-3y-DHAPPQ-AL-ASAQ,86,0.5642634392191063,2031
005/037-Cycling-3y-DHAPPQ-AL-ASAQ,87,0.6854418749506409,2031
005/037-Cycling-3y-DHAPPQ-AL-ASAQ,88,0.6697617393221643,2031
005/037-Cycling-3y-DHAPPQ-AL-ASAQ,89,0.7499083698498484,2031
005/037-Cycling-3y-DHAPPQ-AL-ASAQ,90,0.6956739067396486,2031
005/037-Cycling-3y-DHAPPQ-AL-ASAQ,91,0.5746230757306039,2031
005/037-Cycling-3y-DHAPPQ-AL-ASAQ,92,0.6681787715856541,2031
005/037-Cycling-3y-DHAPPQ-AL-ASAQ,93,0.6466097971657314,2031
005/037-Cycling-3y-DHAPPQ-AL-ASAQ,94,0.5930720426218655,2031
005/037-Cycling-3y-DHAPPQ-AL-ASAQ,95,0.6108262785099577,2031
005/037-Cycling-3y-DHAPPQ-AL-ASAQ,96,0.533845798539598,2031
005/037-Cycling-3y-DHAPPQ-AL-ASAQ,97,0.6609636292435611,2031
005/037-Cycling-3y-DHAPPQ-AL-ASAQ,98,0.6352874575847709,2031
005/037-Cycling-3y-DHAPPQ-AL-ASAQ,99,0.6432420655904373,2031
005/038-Cycling-3y-DHAPPQ-ASAQ-AL,0,0.47197943157245287,2031
005/038-Cycling-3y-DHAPPQ-ASAQ-AL,1,0.4775171943733551,2031
005/038-Cycling-3y-DHAPPQ-ASAQ-AL,2,0.4738203816330693,2031
005/038-Cycling-3y-DHAPPQ-ASAQ-AL,3,0.44188914022725,2031
005/038-Cycling-3y-DHAPPQ-ASAQ-AL,4,0.5033653986556984,2031
005/038-Cycling-3y-DHAPPQ-ASAQ-AL,5,0.44675799086981294,2031
005/038-Cycling-3y-DHAPPQ-ASAQ-AL,6,0.4396511212894119,2031
005/038-Cycling-3y-DHAPPQ-ASAQ-AL,7,0.4965041536671911,2031
005/038-Cycling-3y-DHAPPQ-ASAQ-AL,8,0.511058541049971,2031
005/038-Cycling-3y-DHAPPQ-ASAQ-AL,9,0.4234858315526984,2031
005/038-Cycling-3y-DHAPPQ-ASAQ-AL,10,0.434861586197606,2031
005/038-Cycling-3y-DHAPPQ-ASAQ-AL,11,0.4163545249680621,2031
005/038-Cycling-3y-DHAPPQ-ASAQ-AL,12,0.461797232473464,2031
005/038-Cycling-3y-DHAPPQ-ASAQ-AL,13,0.516833794066155,2031
005/038-Cycling-3y-DHAPPQ-ASAQ-AL,14,0.4399682744564593,2031
005/038-Cycling-3y-DHAPPQ-ASAQ-AL,15,0.4050038377098126,2031
005/038-Cycling-3y-DHAPPQ-ASAQ-AL,16,0.43429295669107915,2031
005/038-Cycling-3y-DHAPPQ-ASAQ-AL,17,0.3747745911587264,2031
005/038-Cycling-3y-DHAPPQ-ASAQ-AL,18,0.4136235471372513,2031
005/038-Cycling-3y-DHAPPQ-ASAQ-AL,19,0.46314907255673576,2031
005/038-Cycling-3y-DHAPPQ-ASAQ-AL,20,0.31594027043321987,2031
005/038-Cycling-3y-DHAPPQ-ASAQ-AL,21,0.5752419935786154,2031
005/038-Cycling-3y-DHAPPQ-ASAQ-AL,22,0.4480350505320057,2031
005/038-Cycling-3y-DHAPPQ-ASAQ-AL,23,0.36895715400073925,2031
005/038-Cycling-3y-DHAPPQ-ASAQ-AL,24,0.4342022624279018,2031
005/038-Cycling-3y-DHAPPQ-ASAQ-AL,25,0.3825105130926267,2031
005/038-Cycling-3y-DHAPPQ-ASAQ-AL,26,0.5331516192442055,2031
005/038-Cycling-3y-DHAPPQ-ASAQ-AL,27,0.43969719498264853,2031
005/038-Cycling-3y-DHAPPQ-ASAQ-AL,28,0.38789255398629585,2031
005/038-Cycling-3y-DHAPPQ-ASAQ-AL,29,0.41875651184620316,2031
005/038-Cycling-3y-DHAPPQ-ASAQ-AL,30,0.4854204381947302,2031
005/038-Cycling-3y-DHAPPQ-ASAQ-AL,31,0.3842923020043855,2031
005/038-Cycling-3y-DHAPPQ-ASAQ-AL,32,0.5011266568381159,2031
005/038-Cycling-3y-DHAPPQ-ASAQ-AL,33,0.4331424041456598,2031
005/038-Cycling-3y-DHAPPQ-ASAQ-AL,34,0.4254315011072651,2031
005/038-Cycling-3y-DHAPPQ-ASAQ-AL,35,0.4759651006513254,2031
005/038-Cycling-3y-DHAPPQ-ASAQ-AL,36,0.5450957220772892,2031
005/038-Cycling-3y-DHAPPQ-ASAQ-AL,37,0.44074173055907756,2031
005/038-Cycling-3y-DHAPPQ-ASAQ-AL,38,0.4739553752894166,2031
005/038-Cycling-3y-DHAPPQ-ASAQ-AL,39,0.49043926152132356,2031
005/038-Cycling-3y-DHAPPQ-ASAQ-AL,40,0.4574251995411618,2031
005/038-Cycling-3y-DHAPPQ-ASAQ-AL,41,0.4959475107870271,2031
005/038-Cycling-3y-DHAPPQ-ASAQ-AL,42,0.5423925856133361,2031
005/038-Cycling-3y-DHAPPQ-ASAQ-AL,43,0.41616851563134416,2031
005/038-Cycling-3y-DHAPPQ-ASAQ-AL,44,0.4700806604753966,2031
005/038-Cycling-3y-DHAPPQ-ASAQ-AL,45,0.44988114158487574,2031
005/038-Cycling-3y-DHAPPQ-ASAQ-AL,46,0.41875624312771165,2031
005/038-Cycling-3y-DHAPPQ-ASAQ-AL,47,0.492998572709687,2031
005/038-Cycling-3y-DHAPPQ-ASAQ-AL,48,0.4223366763928879,2031
005/038-Cycling-3y-DHAPPQ-ASAQ-AL,49,0.3426221637259972,2031
005/038-Cycling-3y-DHAPPQ-ASAQ-AL,50,0.43500801980609544,2031
005/038-Cycling-3y-DHAPPQ-ASAQ-AL,51,0.408555787062024,2031
005/038-Cycling-3y-DHAPPQ-ASAQ-AL,52,0.47423270000894063,2031
005/038-Cycling-3y-DHAPPQ-ASAQ-AL,53,0.44407320365115105,2031
005/038-Cycling-3y-DHAPPQ-ASAQ-AL,54,0.467700144539602,2031
005/038-Cycling-3y-DHAPPQ-ASAQ-AL,55,0.4655222214683484,2031
005/038-Cycling-3y-DHAPPQ-ASAQ-AL,56,0.5098790350505561,2031
005/038-Cycling-3y-DHAPPQ-ASAQ-AL,57,0.3752188800182444,2031
005/038-Cycling-3y-DHAPPQ-ASAQ-AL,58,0.5013596984652174,2031
005/038-Cycling-3y-DHAPPQ-ASAQ-AL,59,0.46288498815179396,2031
005/038-Cycling-3y-DHAPPQ-ASAQ-AL,60,0.4191679620041113,2031
005/038-Cycling-3y-DHAPPQ-ASAQ-AL,61,0.4065760870465133,2031
005/038-Cycling-3y-DHAPPQ-ASAQ-AL,62,0.4197961314725958,2031
005/038-Cycling-3y-DHAPPQ-ASAQ-AL,63,0.4674337124882279,2031
005/038-Cycling-3y-DHAPPQ-ASAQ-AL,64,0.4395616180429731,2031
005/038-Cycling-3y-DHAPPQ-ASAQ-AL,65,0.4243666091170853,2031
005/038-Cycling-3y-DHAPPQ-ASAQ-AL,66,0.4061463403938536,2031
005/038-Cycling-3y-DHAPPQ-ASAQ-AL,67,0.47791107517547005,2031
005/038-Cycling-3y-DHAPPQ-ASAQ-AL,68,0.33976341113093667,2031
005/038-Cycling-3y-DHAPPQ-ASAQ-AL,69,0.41929460308197014,2031
005/038-Cycling-3y-DHAPPQ-ASAQ-AL,70,0.5261029553214921,2031
005/038-Cycling-3y-DHAPPQ-ASAQ-AL,71,0.42138597724254084,2031
005/038-Cycling-3y-DHAPPQ-ASAQ-AL,72,0.4345610364547933,2031
005/038-Cycling-3y-DHAPPQ-ASAQ-AL,73,0.3370536900957248,2031
005/038-Cycling-3y-DHAPPQ-ASAQ-AL,74,0.4382043084879996,2031
005/038-Cycling-3y-DHAPPQ-ASAQ-AL,75,0.3165971062237466,2031
005/038-Cycling-3y-DHAPPQ-ASAQ-AL,76,0.43548907552958593,2031
005/038-Cycling-3y-DHAPPQ-ASAQ-AL,77,0.3954809927064003,2031
005/038-Cycling-3y-DHAPPQ-ASAQ-AL,78,0.461019389055221,2031
005/038-Cycling-3y-DHAPPQ-ASAQ-AL,79,0.47018710128966257,2031
005/038-Cycling-3y-DHAPPQ-ASAQ-AL,80,0.4225431446771775,2031
005/038-Cycling-3y-DHAPPQ-ASAQ-AL,81,0.512164132350734,2031
005/038-Cycling-3y-DHAPPQ-ASAQ-AL,82,0.3925891006031523,2031
005/038-Cycling-3y-DHAPPQ-ASAQ-AL,83,0.4714159986521675,2031
005/038-Cycling-3y-DHAPPQ-ASAQ-AL,84,0.45315542892589217,2031
005/038-Cycling-3y-DHAPPQ-ASAQ-AL,85,0.4027767458612041,2031
005/038-Cycling-3y-DHAPPQ-ASAQ-AL,86,0.5163872320920077,2031
005/038-Cycling-3y-DHAPPQ-ASAQ-AL,87,0.4649220853523072,2031
005/038-Cycling-3y-DHAPPQ-ASAQ-AL,88,0.46458562541565124,2031
005/038-Cycling-3y-DHAPPQ-ASAQ-AL,89,0.48827992283420346,2031
005/038-Cycling-3y-DHAPPQ-ASAQ-AL,90,0.41155254891322524,2031
005/038-Cycling-3y-DHAPPQ-ASAQ-AL,91,0.4924181517766346,2031
005/038-Cycling-3y-DHAPPQ-ASAQ-AL,92,0.4692874373393939,2031
005/038-Cycling-3y-DHAPPQ-ASAQ-AL,93,0.5138130305401113,2031
005/038-Cycling-3y-DHAPPQ-ASAQ-AL,94,0.384043700562065,2031
005/038-Cycling-3y-DHAPPQ-ASAQ-AL,95,0.5040632381023441,2031
005/038-Cycling-3y-DHAPPQ-ASAQ-AL,96,0.4670094032095056,2031
005/038-Cycling-3y-DHAPPQ-ASAQ-AL,97,0.47236020249708277,2031
005/038-Cycling-3y-DHAPPQ-ASAQ-AL,98,0.49046869991168024,2031
005/038-Cycling-3y-DHAPPQ-ASAQ-AL,99,0.34457031768063523,2031
005/039-Cycling-4y-AL-ASAQ,0,0.5481443186316313,2031
005/039-Cycling-4y-AL-ASAQ,1,0.593178405054075,2031
005/039-Cycling-4y-AL-ASAQ,2,0.5812775217808982,2031
005/039-Cycling-4y-AL-ASAQ,3,0.6188811827118949,2031
005/039-Cycling-4y-AL-ASAQ,4,0.6151427796945758,2031
005/039-Cycling-4y-AL-ASAQ,5,0.5772172306614728,2031
005/039-Cycling-4y-AL-ASAQ,6,0.6599817755628237,2031
005/039-Cycling-4y-AL-ASAQ,7,0.7241252680703338,2031
005/039-Cycling-4y-AL-ASAQ,8,0.7272185794034631,2031
005/039-Cycling-4y-AL-ASAQ,9,0.5477973712915417,2031
005/039-Cycling-4y-AL-ASAQ,10,0.6418004922346789,2031
005/039-Cycling-4y-AL-ASAQ,11,0.5692280789236004,2031
005/039-Cycling-4y-AL-ASAQ,12,0.5678878777644211,2031
005/039-Cycling-4y-AL-ASAQ,13,0.6504181568956934,2031
005/039-Cycling-4y-AL-ASAQ,14,0.5316326579942843,2031
005/039-Cycling-4y-AL-ASAQ,15,0.5912175290008179,2031
005/039-Cycling-4y-AL-ASAQ,16,0.43622336013570734,2031
005/039-Cycling-4y-AL-ASAQ,17,0.5313337186266017,2031
005/039-Cycling-4y-AL-ASAQ,18,0.580943731489085,2031
005/039-Cycling-4y-AL-ASAQ,19,0.6881201942756134,2031
005/039-Cycling-4y-AL-ASAQ,20,0.6761641363932923,2031
005/039-Cycling-4y-AL-ASAQ,21,0.6125002016154234,2031
005/039-Cycling-4y-AL-ASAQ,22,0.6386734096718235,2031
005/039-Cycling-4y-AL-ASAQ,23,0.6018938797565637,2031
005/039-Cycling-4y-AL-ASAQ,24,0.5627078256659216,2031
005/039-Cycling-4y-AL-ASAQ,25,0.6563933798604661,2031
005/039-Cycling-4y-AL-ASAQ,26,0.6605190669186145,2031
005/039-Cycling-4y-AL-ASAQ,27,0.6713347490581473,2031
005/039-Cycling-4y-AL-ASAQ,28,0.6739479015568722,2031
005/039-Cycling-4y-AL-ASAQ,29,0.5727587811669135,2031
005/039-Cycling-4y-AL-ASAQ,30,0.563692750505084,2031
005/039-Cycling-4y-AL-ASAQ,31,0.4522503133895126,2031
005/039-Cycling-4y-AL-ASAQ,32,0.6507054097358457,2031
005/039-Cycling-4y-AL-ASAQ,33,0.6397859843837338,2031
005/039-Cycling-4y-AL-ASAQ,34,0.5361140005557024,2031
005/039-Cycling-4y-AL-ASAQ,35,0.5654345602517713,2031
005/039-Cycling-4y-AL-ASAQ,36,0.597314200893234,2031
005/039-Cycling-4y-AL-ASAQ,37,0.6152080404394895,2031
005/039-Cycling-4y-AL-ASAQ,38,0.6404647644676249,2031
005/039-Cycling-4y-AL-ASAQ,39,0.5421938452077281,2031
005/039-Cycling-4y-AL-ASAQ,40,0.6703911886494592,2031
005/039-Cycling-4y-AL-ASAQ,41,0.6559488946556593,2031
005/039-Cycling-4y-AL-ASAQ,42,0.5716994639513514,2031
005/039-Cycling-4y-AL-ASAQ,43,0.5737832107659611,2031
005/039-Cycling-4y-AL-ASAQ,44,0.5213508461282852,2031
005/039-Cycling-4y-AL-ASAQ,45,0.5469301192420587,2031
005/039-Cycling-4y-AL-ASAQ,46,0.6749953090665807,2031
005/039-Cycling-4y-AL-ASAQ,47,0.599588102736392,2031
005/039-Cycling-4y-AL-ASAQ,48,0.6293222418072159,2031
005/039-Cycling-4y-AL-ASAQ,49,0.5806760082266204,2031
005/039-Cycling-4y-AL-ASAQ,50,0.5091048138329263,2031
005/039-Cycling-4y-AL-ASAQ,51,0.6265646187002395,2031
005/039-Cycling-4y-AL-ASAQ,52,0.5754818096571079,2031
005/039-Cycling-4y-AL-ASAQ,53,0.7085631646795131,2031
005/039-Cycling-4y-AL-ASAQ,54,0.5694759972136548,2031
005/039-Cycling-4y-AL-ASAQ,55,0.5818388066218029,2031
005/039-Cycling-4y-AL-ASAQ,56,0.6320626175283001,2031
005/039-Cycling-4y-AL-ASAQ,57,0.6074535809335482,2031
005/039-Cycling-4y-AL-ASAQ,58,0.5640912048351111,2031
005/039-Cycling-4y-AL-ASAQ,59,0.6951136233097417,2031
005/039-Cycling-4y-AL-ASAQ,60,0.6171395130654006,2031
005/039-Cycling-4y-AL-ASAQ,61,0.5717396002201584,2031
005/039-Cycling-4y-AL-ASAQ,62,0.5385470282248886,2031
005/039-Cycling-4y-AL-ASAQ,63,0.6500526721270019,2031
005/039-Cycling-4y-AL-ASAQ,64,0.6040496169836045,2031
005/039-Cycling-4y-AL-ASAQ,65,0.6049370866972902,2031
005/039-Cycling-4y-AL-ASAQ,66,0.6166622601997841,2031
005/039-Cycling-4y-AL-ASAQ,67,0.619211641621812,2031
005/039-Cycling-4y-AL-ASAQ,68,0.4874062283348326,2031
005/039-Cycling-4y-AL-ASAQ,69,0.5810870657337704,2031
005/039-Cycling-4y-AL-ASAQ,70,0.5423468357823412,2031
005/039-Cycling-4y-AL-ASAQ,71,0.6466252849815134,2031
005/039-Cycling-4y-AL-ASAQ,72,0.6128716961845467,2031
005/039-Cycling-4y-AL-ASAQ,73,0.6931833635280276,2031
005/039-Cycling-4y-AL-ASAQ,74,0.5548041010012502,2031
005/039-Cycling-4y-AL-ASAQ,75,0.6890057834814053,2031
005/039-Cycling-4y-AL-ASAQ,76,0.7564948732197331,2031
005/039-Cycling-4y-AL-ASAQ,77,0.5201070493654912,2031
005/039-Cycling-4y-AL-ASAQ,78,0.6716851694455301,2031
005/039-Cycling-4y-AL-ASAQ,79,0.6437996589523141,2031
005/039-Cycling-4y-AL-ASAQ,80,0.6318822508226009,2031
005/039-Cycling-4y-AL-ASAQ,81,0.6121488233373581,2031
005/039-Cycling-4y-AL-ASAQ,82,0.5629100385046446,2031
005/039-Cycling-4y-AL-ASAQ,83,0.600385859507639,2031
005/039-Cycling-4y-AL-ASAQ,84,0.5352714942776623,2031
005/039-Cycling-4y-AL-ASAQ,85,0.5700988500878549,2031
005/039-Cycling-4y-AL-ASAQ,86,0.6171789636854852,2031
005/039-Cycling-4y-AL-ASAQ,87,0.7131509272971814,2031
005/039-Cycling-4y-AL-ASAQ,88,0.7090247780407909,2031
005/039-Cycling-4y-AL-ASAQ,89,0.6382046515716172,2031
005/039-Cycling-4y-AL-ASAQ,90,0.5790153762614288,2031
005/039-Cycling-4y-AL-ASAQ,91,0.5759167233563788,2031
005/039-Cycling-4y-AL-ASAQ,92,0.4505339336720979,2031
005/039-Cycling-4y-AL-ASAQ,93,0.5347228937986449,2031
005/039-Cycling-4y-AL-ASAQ,94,0.7002731654922885,2031
005/039-Cycling-4y-AL-ASAQ,95,0.6780284072559173,2031
005/039-Cycling-4y-AL-ASAQ,96,0.6126773016096579,2031
005/039-Cycling-4y-AL-ASAQ,97,0.5716980128613779,2031
005/039-Cycling-4y-AL-ASAQ,98,0.6065556657633063,2031
005/039-Cycling-4y-AL-ASAQ,99,0.6423428947226982,2031
005/040-Cycling-4y-AL-DHAPPQ,0,0.6279661251251439,2031
005/040-Cycling-4y-AL-DHAPPQ,1,0.6104316889975757,2031
005/040-Cycling-4y-AL-DHAPPQ,2,0.6400300647594682,2031
005/040-Cycling-4y-AL-DHAPPQ,3,0.5341508099471782,2031
005/040-Cycling-4y-AL-DHAPPQ,4,0.5466687189902218,2031
005/040-Cycling-4y-AL-DHAPPQ,5,0.5553901548398527,2031
005/040-Cycling-4y-AL-DHAPPQ,6,0.6649375415065466,2031
005/040-Cycling-4y-AL-DHAPPQ,7,0.6495906998447366,2031
005/040-Cycling-4y-AL-DHAPPQ,8,0.689614620463662,2031
005/040-Cycling-4y-AL-DHAPPQ,9,0.5913128384711183,2031
005/040-Cycling-4y-AL-DHAPPQ,10,0.6448463941936324,2031
005/040-Cycling-4y-AL-DHAPPQ,11,0.6945387915648076,2031
005/040-Cycling-4y-AL-DHAPPQ,12,0.6124148251630026,2031
005/040-Cycling-4y-AL-DHAPPQ,13,0.685171911273942,2031
005/040-Cycling-4y-AL-DHAPPQ,14,0.6091485100679485,2031
005/040-Cycling-4y-AL-DHAPPQ,15,0.5804779850025269,2031
005/040-Cycling-4y-AL-DHAPPQ,16,0.6889825530777124,2031
005/040-Cycling-4y-AL-DHAPPQ,17,0.5930471491207249,2031
005/040-Cycling-4y-AL-DHAPPQ,18,0.6674186539219035,2031
005/040-Cycling-4y-AL-DHAPPQ,19,0.5934889202179163,2031
005/040-Cycling-4y-AL-DHAPPQ,20,0.5791349065940471,2031
005/040-Cycling-4y-AL-DHAPPQ,21,0.6063261713506679,2031
005/040-Cycling-4y-AL-DHAPPQ,22,0.542913760710367,2031
005/040-Cycling-4y-AL-DHAPPQ,23,0.6840831839720815,2031
005/040-Cycling-4y-AL-DHAPPQ,24,0.6485029575718121,2031
005/040-Cycling-4y-AL-DHAPPQ,25,0.5749110678297835,2031
005/040-Cycling-4y-AL-DHAPPQ,26,0.524729648149315,2031
005/040-Cycling-4y-AL-DHAPPQ,27,0.5964064752227428,2031
005/040-Cycling-4y-AL-DHAPPQ,28,0.6329183003930797,2031
005/040-Cycling-4y-AL-DHAPPQ,29,0.6034683404037363,2031
005/040-Cycling-4y-AL-DHAPPQ,30,0.7247332922048823,2031
005/040-Cycling-4y-AL-DHAPPQ,31,0.6723795295439325,2031
005/040-Cycling-4y-AL-DHAPPQ,32,0.709399953014477,2031
005/040-Cycling-4y-AL-DHAPPQ,33,0.4917272734155122,2031
005/040-Cycling-4y-AL-DHAPPQ,34,0.6638229554759945,2031
005/040-Cycling-4y-AL-DHAPPQ,35,0.585178222480323,2031
005/040-Cycling-4y-AL-DHAPPQ,36,0.6037622671605206,2031
005/040-Cycling-4y-AL-DHAPPQ,37,0.6301742306568984,2031
005/040-Cycling-4y-AL-DHAPPQ,38,0.6978613544278146,2031
005/040-Cycling-4y-AL-DHAPPQ,39,0.5950712179474386,2031
005/040-Cycling-4y-AL-DHAPPQ,40,0.5994758510567892,2031
005/040-Cycling-4y-AL-DHAPPQ,41,0.6586994948152545,2031
005/040-Cycling-4y-AL-DHAPPQ,42,0.6929709891019297,2031
005/040-Cycling-4y-AL-DHAPPQ,43,0.6837628165064737,2031
005/040-Cycling-4y-AL-DHAPPQ,44,0.6142208174250429,2031
005/040-Cycling-4y-AL-DHAPPQ,45,0.6963650961387756,2031
005/040-Cycling-4y-AL-DHAPPQ,46,0.6598812549986954,2031
005/040-Cycling-4y-AL-DHAPPQ,47,0.634827009970571,2031
005/040-Cycling-4y-AL-DHAPPQ,48,0.6854340530609996,2031
005/040-Cycling-4y-AL-DHAPPQ,49,0.6239841314276201,2031
005/040-Cycling-4y-AL-DHAPPQ,50,0.7288222022104277,2031
005/040-Cycling-4y-AL-DHAPPQ,51,0.6042007904163453,2031
005/040-Cycling-4y-AL-DHAPPQ,52,0.6287696678369632,2031
005/040-Cycling-4y-AL-DHAPPQ,53,0.5783799617281172,2031
005/040-Cycling-4y-AL-DHAPPQ,54,0.6209097697797474,2031
005/040-Cycling-4y-AL-DHAPPQ,55,0.5411380486436763,2031
005/040-Cycling-4y-AL-DHAPPQ,56,0.49879781564491726,2031
005/040-Cycling-4y-AL-DHAPPQ,57,0.6180293395104184,2031
005/040-Cycling-4y-AL-DHAPPQ,58,0.6450031324089869,2031
005/040-Cycling-4y-AL-DHAPPQ,59,0.5714477903299889,2031
005/040-Cycling-4y-AL-DHAPPQ,60,0.6572108518019536,2031
005/040-Cycling-4y-AL-DHAPPQ,61,0.702096737597826,2031
005/040-Cycling-4y-AL-DHAPPQ,62,0.6710724332617208,2031
005/040-Cycling-4y-AL-DHAPPQ,63,0.6740358793062872,2031
005/040-Cycling-4y-AL-DHAPPQ,64,0.6651291564382877,2031
005/040-Cycling-4y-AL-DHAPPQ,65,0.6083235286203573,2031
005/040-Cycling-4y-AL-DHAPPQ,66,0.6976550544697832,2031
005/040-Cycling-4y-AL-DHAPPQ,67,0.6135693220461659,2031
005/040-Cycling-4y-AL-DHAPPQ,68,0.6813474086585933,2031
005/040-Cycling-4y-AL-DHAPPQ,69,0.6995981603544497,2031
005/040-Cycling-4y-AL-DHAPPQ,70,0.577232528214433,2031
005/040-Cycling-4y-AL-DHAPPQ,71,0.6162602737791784,2031
005/040-Cycling-4y-AL-DHAPPQ,72,0.6429610010227237,2031
005/040-Cycling-4y-AL-DHAPPQ,73,0.6114362474007092,2031
005/040-Cycling-4y-AL-DHAPPQ,74,0.594768564917189,2031
005/040-Cycling-4y-AL-DHAPPQ,75,0.657367541651143,2031
005/040-Cycling-4y-AL-DHAPPQ,76,0.6219190377974617,2031
005/040-Cycling-4y-AL-DHAPPQ,77,0.5745179386880755,2031
005/040-Cycling-4y-AL-DHAPPQ,78,0.6441489511792075,2031
005/040-Cycling-4y-AL-DHAPPQ,79,0.6986491903710551,2031
005/040-Cycling-4y-AL-DHAPPQ,80,0.6805196673174927,2031
005/040-Cycling-4y-AL-DHAPPQ,81,0.6343613475944102,2031
005/040-Cycling-4y-AL-DHAPPQ,82,0.6005525826708752,2031
005/040-Cycling-4y-AL-DHAPPQ,83,0.7299421760852548,2031
005/040-Cycling-4y-AL-DHAPPQ,84,0.7585885900083268,2031
005/040-Cycling-4y-AL-DHAPPQ,85,0.6783307899557812,2031
005/040-Cycling-4y-AL-DHAPPQ,86,0.6139139228012234,2031
005/040-Cycling-4y-AL-DHAPPQ,87,0.6260653577906415,2031
005/040-Cycling-4y-AL-DHAPPQ,88,0.6210019690359324,2031
005/040-Cycling-4y-AL-DHAPPQ,89,0.6324180389905237,2031
005/040-Cycling-4y-AL-DHAPPQ,90,0.6821773340867937,2031
005/040-Cycling-4y-AL-DHAPPQ,91,0.8504565223175011,2031
005/040-Cycling-4y-AL-DHAPPQ,92,0.6104061690945577,2031
005/040-Cycling-4y-AL-DHAPPQ,93,0.7090300734040392,2031
005/040-Cycling-4y-AL-DHAPPQ,94,0.6557280878328561,2031
005/040-Cycling-4y-AL-DHAPPQ,95,0.6569359495396877,2031
005/040-Cycling-4y-AL-DHAPPQ,96,0.6931947630150718,2031
005/040-Cycling-4y-AL-DHAPPQ,97,0.6719596034202758,2031
005/040-Cycling-4y-AL-DHAPPQ,98,0.587550116910077,2031
005/040-Cycling-4y-AL-DHAPPQ,99,0.6118731242154692,2031
005/041-Cycling-4y-ASAQ-AL,0,0.4572531384247058,2031
005/041-Cycling-4y-ASAQ-AL,1,0.5225380588029579,2031
005/041-Cycling-4y-ASAQ-AL,2,0.5336919937575996,2031
005/041-Cycling-4y-ASAQ-AL,3,0.5339325605964551,2031
005/041-Cycling-4y-ASAQ-AL,4,0.43112775244666235,2031
005/041-Cycling-4y-ASAQ-AL,5,0.5392365163916807,2031
005/041-Cycling-4y-ASAQ-AL,6,0.5293025125000937,2031
005/041-Cycling-4y-ASAQ-AL,7,0.4428131780034541,2031
005/041-Cycling-4y-ASAQ-AL,8,0.5264496465720662,2031
005/041-Cycling-4y-ASAQ-AL,9,0.6083838590493781,2031
005/041-Cycling-4y-ASAQ-AL,10,0.5029394623226978,2031
005/041-Cycling-4y-ASAQ-AL,11,0.5633701983724425,2031
005/041-Cycling-4y-ASAQ-AL,12,0.42493131557641267,2031
005/041-Cycling-4y-ASAQ-AL,13,0.4910319496425877,2031
005/041-Cycling-4y-ASAQ-AL,14,0.41515473629839256,2031
005/041-Cycling-4y-ASAQ-AL,15,0.5075252402392518,2031
005/041-Cycling-4y-ASAQ-AL,16,0.554497807160243,2031
005/041-Cycling-4y-ASAQ-AL,17,0.43497183934958783,2031
005/041-Cycling-4y-ASAQ-AL,18,0.5569364816057251,2031
005/041-Cycling-4y-ASAQ-AL,19,0.5150410072730965,2031
005/041-Cycling-4y-ASAQ-AL,20,0.5234716322405883,2031
005/041-Cycling-4y-ASAQ-AL,21,0.5524322252674124,2031
005/041-Cycling-4y-ASAQ-AL,22,0.5004880778120854,2031
005/041-Cycling-4y-ASAQ-AL,23,0.5169054485378591,2031
005/041-Cycling-4y-ASAQ-AL,24,0.6076036955968941,2031
005/041-Cycling-4y-ASAQ-AL,25,0.46195383864919304,2031
005/041-Cycling-4y-ASAQ-AL,26,0.5245374031341985,2031
005/041-Cycling-4y-ASAQ-AL,27,0.5145091098441568,2031
005/041-Cycling-4y-ASAQ-AL,28,0.5149038862009169,2031
005/041-Cycling-4y-ASAQ-AL,29,0.4709824751427012,2031
005/041-Cycling-4y-ASAQ-AL,30,0.4299939745669774,2031
005/041-Cycling-4y-ASAQ-AL,31,0.40942609602644203,2031
005/041-Cycling-4y-ASAQ-AL,32,0.48685797363098127,2031
005/041-Cycling-4y-ASAQ-AL,33,0.4982959161140897,2031
005/041-Cycling-4y-ASAQ-AL,34,0.5101029867355706,2031
005/041-Cycling-4y-ASAQ-AL,35,0.43765764848872074,2031
005/041-Cycling-4y-ASAQ-AL,36,0.5066522372052239,2031
005/041-Cycling-4y-ASAQ-AL,37,0.5187481333718821,2031
005/041-Cycling-4y-ASAQ-AL,38,0.3989945193118412,2031
005/041-Cycling-4y-ASAQ-AL,39,0.4367154069248238,2031
005/041-Cycling-4y-ASAQ-AL,40,0.46432361494896796,2031
005/041-Cycling-4y-ASAQ-AL,41,0.4297848515863045,2031
005/041-Cycling-4y-ASAQ-AL,42,0.5444464157816017,2031
005/041-Cycling-4y-ASAQ-AL,43,0.5823401117529822,2031
005/041-Cycling-4y-ASAQ-AL,44,0.4391543662495499,2031
005/041-Cycling-4y-ASAQ-AL,45,0.5078832533232839,2031
005/041-Cycling-4y-ASAQ-AL,46,0.5032283619977233,2031
005/041-Cycling-4y-ASAQ-AL,47,0.4469576219167277,2031
005/041-Cycling-4y-ASAQ-AL,48,0.49348700117629535,2031
005/041-Cycling-4y-ASAQ-AL,49,0.6022197667628945,2031
005/041-Cycling-4y-ASAQ-AL,50,0.484575071441296,2031
005/041-Cycling-4y-ASAQ-AL,51,0.45559621689360225,2031
005/041-Cycling-4y-ASAQ-AL,52,0.595274568234435,2031
005/041-Cycling-4y-ASAQ-AL,53,0.48392037401110993,2031
005/041-Cycling-4y-ASAQ-AL,54,0.4550799427533558,2031
005/041-Cycling-4y-ASAQ-AL,55,0.551557273241232,2031
005/041-Cycling-4y-ASAQ-AL,56,0.5327639490757557,2031
005/041-Cycling-4y-ASAQ-AL,57,0.5290247549547451,2031
005/041-Cycling-4y-ASAQ-AL,58,0.48468866519120124,2031
005/041-Cycling-4y-ASAQ-AL,59,0.46205887989395783,2031
005/041-Cycling-4y-ASAQ-AL,60,0.48640259825030113,2031
005/041-Cycling-4y-ASAQ-AL,61,0.4077403388551453,2031
005/041-Cycling-4y-ASAQ-AL,62,0.6256226650853837,2031
005/041-Cycling-4y-ASAQ-AL,63,0.5374866243576474,2031
005/041-Cycling-4y-ASAQ-AL,64,0.6203490645728419,2031
005/041-Cycling-4y-ASAQ-AL,65,0.4487933835151587,2031
005/041-Cycling-4y-ASAQ-AL,66,0.46068705938786275,2031
005/041-Cycling-4y-ASAQ-AL,67,0.5420403309636694,2031
005/041-Cycling-4y-ASAQ-AL,68,0.40816918360855975,2031
005/041-Cycling-4y-ASAQ-AL,69,0.5767109530610539,2031
005/041-Cycling-4y-ASAQ-AL,70,0.5783442009190526,2031
005/041-Cycling-4y-ASAQ-AL,71,0.49555506931557397,2031
005/041-Cycling-4y-ASAQ-AL,72,0.5025344182528123,2031
005/041-Cycling-4y-ASAQ-AL,73,0.5748344448092962,2031
005/041-Cycling-4y-ASAQ-AL,74,0.5301932552138923,2031
005/041-Cycling-4y-ASAQ-AL,75,0.4985276767739771,2031
005/041-Cycling-4y-ASAQ-AL,76,0.536288222921138,2031
005/041-Cycling-4y-ASAQ-AL,77,0.4966808868113446,2031
005/041-Cycling-4y-ASAQ-AL,78,0.4919172298611449,2031
005/041-Cycling-4y-ASAQ-AL,79,0.4903991126175746,2031
005/041-Cycling-4y-ASAQ-AL,80,0.5543450048305736,2031
005/041-Cycling-4y-ASAQ-AL,81,0.4575424475018035,2031
005/041-Cycling-4y-ASAQ-AL,82,0.48504297859857326,2031
005/041-Cycling-4y-ASAQ-AL,83,0.46258454583804737,2031
005/041-Cycling-4y-ASAQ-AL,84,0.3740929964970787,2031
005/041-Cycling-4y-ASAQ-AL,85,0.5515919910413041,2031
005/041-Cycling-4y-ASAQ-AL,86,0.48513290813039905,2031
005/041-Cycling-4y-ASAQ-AL,87,0.4730608645958174,2031
005/041-Cycling-4y-ASAQ-AL,88,0.46171797248642205,2031
005/041-Cycling-4y-ASAQ-AL,89,0.5619642920855653,2031
005/041-Cycling-4y-ASAQ-AL,90,0.5213096130591623,2031
005/041-Cycling-4y-ASAQ-AL,91,0.5230532216155356,2031
005/041-Cycling-4y-ASAQ-AL,92,0.4828421860370677,2031
005/041-Cycling-4y-ASAQ-AL,93,0.6550337854375919,2031
005/041-Cycling-4y-ASAQ-AL,94,0.45563660392801264,2031
005/041-Cycling-4y-ASAQ-AL,95,0.5619347848346087,2031
005/041-Cycling-4y-ASAQ-AL,96,0.43428428137827285,2031
005/041-Cycling-4y-ASAQ-AL,97,0.4499194370606065,2031
005/041-Cycling-4y-ASAQ-AL,98,0.4647068453612459,2031
005/041-Cycling-4y-ASAQ-AL,99,0.534304596363819,2031
005/042-Cycling-4y-ASAQ-DHAPPQ,0,0.44570928695305606,2031
005/042-Cycling-4y-ASAQ-DHAPPQ,1,0.4386399979421131,2031
005/042-Cycling-4y-ASAQ-DHAPPQ,2,0.3817290093866718,2031
005/042-Cycling-4y-ASAQ-DHAPPQ,3,0.46267441009804683,2031
005/042-Cycling-4y-ASAQ-DHAPPQ,4,0.4330949918635771,2031
005/042-Cycling-4y-ASAQ-DHAPPQ,5,0.39028718386991246,2031
005/042-Cycling-4y-ASAQ-DHAPPQ,6,0.35146823380816405,2031
005/042-Cycling-4y-ASAQ-DHAPPQ,7,0.3922954261828359,2031
005/042-Cycling-4y-ASAQ-DHAPPQ,8,0.42469736793524165,2031
005/042-Cycling-4y-ASAQ-DHAPPQ,9,0.33427188633670246,2031
005/042-Cycling-4y-ASAQ-DHAPPQ,10,0.41505427319732296,2031
005/042-Cycling-4y-ASAQ-DHAPPQ,11,0.3068221694133139,2031
005/042-Cycling-4y-ASAQ-DHAPPQ,12,0.4823413543823214,2031
005/042-Cycling-4y-ASAQ-DHAPPQ,13,0.42071648537268364,2031
005/042-Cycling-4y-ASAQ-DHAPPQ,14,0.3499206077010568,2031
005/042-Cycling-4y-ASAQ-DHAPPQ,15,0.46360985658269566,2031
005/042-Cycling-4y-ASAQ-DHAPPQ,16,0.4482830544072481,2031
005/042-Cycling-4y-ASAQ-DHAPPQ,17,0.39453420706003567,2031
005/042-Cycling-4y-ASAQ-DHAPPQ,18,0.3768442391963886,2031
005/042-Cycling-4y-ASAQ-DHAPPQ,19,0.4082349475290299,2031
005/042-Cycling-4y-ASAQ-DHAPPQ,20,0.40314232469125894,2031
005/042-Cycling-4y-ASAQ-DHAPPQ,21,0.39222594164388463,2031
005/042-Cycling-4y-ASAQ-DHAPPQ,22,0.39720489765148126,2031
005/042-Cycling-4y-ASAQ-DHAPPQ,23,0.39545488022239633,2031
005/042-Cycling-4y-ASAQ-DHAPPQ,24,0.4286112065209136,2031
005/042-Cycling-4y-ASAQ-DHAPPQ,25,0.41172763849514,2031
005/042-Cycling-4y-ASAQ-DHAPPQ,26,0.4466107702792826,2031
005/042-Cycling-4y-ASAQ-DHAPPQ,27,0.40382262800357865,2031
005/042-Cycling-4y-ASAQ-DHAPPQ,28,0.4303638809342976,2031
005/042-Cycling-4y-ASAQ-DHAPPQ,29,0.3777246955385209,2031
005/042-Cycling-4y-ASAQ-DHAPPQ,30,0.3935408027837592,2031
005/042-Cycling-4y-ASAQ-DHAPPQ,31,0.3974122509283258,2031
005/042-Cycling-4y-ASAQ-DHAPPQ,32,0.3643231218644825,2031
005/042-Cycling-4y-ASAQ-DHAPPQ,33,0.42054855941414043,2031
005/042-Cycling-4y-ASAQ-DHAPPQ,34,0.37098216285534685,2031
005/042-Cycling-4y-ASAQ-DHAPPQ,35,0.4204686456037365,2031
005/042-Cycling-4y-ASAQ-DHAPPQ,36,0.44287601231984947,2031
005/042-Cycling-4y-ASAQ-DHAPPQ,37,0.3413316693042711,2031
005/042-Cycling-4y-ASAQ-DHAPPQ,38,0.3361390270822424,2031
005/042-Cycling-4y-ASAQ-DHAPPQ,39,0.3546694732872382,2031
005/042-Cycling-4y-ASAQ-DHAPPQ,40,0.4105278979315356,2031
005/042-Cycling-4y-ASAQ-DHAPPQ,41,0.41697451737262864,2031
005/042-Cycling-4y-ASAQ-DHAPPQ,42,0.4286618225384909,2031
005/042-Cycling-4y-ASAQ-DHAPPQ,43,0.45472755283877975,2031
005/042-Cycling-4y-ASAQ-DHAPPQ,44,0.39192060901057807,2031
005/042-Cycling-4y-ASAQ-DHAPPQ,45,0.44903754898031173,2031
005/042-Cycling-4y-ASAQ-DHAPPQ,46,0.37022178848795884,2031
005/042-Cycling-4y-ASAQ-DHAPPQ,47,0.3536349665006511,2031
005/042-Cycling-4y-ASAQ-DHAPPQ,48,0.40067522811289313,2031
005/042-Cycling-4y-ASAQ-DHAPPQ,49,0.39401915490075506,2031
005/042-Cycling-4y-ASAQ-DHAPPQ,50,0.46165770398099726,2031
005/042-Cycling-4y-ASAQ-DHAPPQ,51,0.35962333903631527,2031
005/042-Cycling-4y-ASAQ-DHAPPQ,52,0.42279742739451215,2031
005/042-Cycling-4y-ASAQ-DHAPPQ,53,0.5035437994372917,2031
005/042-Cycling-4y-ASAQ-DHAPPQ,54,0.35265673893677696,2031
005/042-Cycling-4y-ASAQ-DHAPPQ,55,0.35700350780264406,2031
005/042-Cycling-4y-ASAQ-DHAPPQ,56,0.42938354556313246,2031
005/042-Cycling-4y-ASAQ-DHAPPQ,57,0.4605447421974395,2031
005/042-Cycling-4y-ASAQ-DHAPPQ,58,0.3996619036422014,2031
005/042-Cycling-4y-ASAQ-DHAPPQ,59,0.30124104787866285,2031
005/042-Cycling-4y-ASAQ-DHAPPQ,60,0.4098511354126905,2031
005/042-Cycling-4y-ASAQ-DHAPPQ,61,0.4120264834503087,2031
005/042-Cycling-4y-ASAQ-DHAPPQ,62,0.3736922221707313,2031
005/042-Cycling-4y-ASAQ-DHAPPQ,63,0.4111039065872876,2031
005/042-Cycling-4y-ASAQ-DHAPPQ,64,0.4389702335779222,2031
005/042-Cycling-4y-ASAQ-DHAPPQ,65,0.38362529857208755,2031
005/042-Cycling-4y-ASAQ-DHAPPQ,66,0.48775327363714,2031
005/042-Cycling-4y-ASAQ-DHAPPQ,67,0.23937177722017997,2031
005/042-Cycling-4y-ASAQ-DHAPPQ,68,0.39764370463277027,2031
005/042-Cycling-4y-ASAQ-DHAPPQ,69,0.37925226086565184,2031
005/042-Cycling-4y-ASAQ-DHAPPQ,70,0.39286007057429856,2031
005/042-Cycling-4y-ASAQ-DHAPPQ,71,0.4134941123244928,2031
005/042-Cycling-4y-ASAQ-DHAPPQ,72,0.33148901955404186,2031
005/042-Cycling-4y-ASAQ-DHAPPQ,73,0.3624564277556713,2031
005/042-Cycling-4y-ASAQ-DHAPPQ,74,0.36375981496843535,2031
005/042-Cycling-4y-ASAQ-DHAPPQ,75,0.3737234477219888,2031
005/042-Cycling-4y-ASAQ-DHAPPQ,76,0.4545662166883538,2031
005/042-Cycling-4y-ASAQ-DHAPPQ,77,0.37814471412620415,2031
005/042-Cycling-4y-ASAQ-DHAPPQ,78,0.3802756444983894,2031
005/042-Cycling-4y-ASAQ-DHAPPQ,79,0.33549464476006025,2031
005/042-Cycling-4y-ASAQ-DHAPPQ,80,0.41798053060824897,2031
005/042-Cycling-4y-ASAQ-DHAPPQ,81,0.4012562974249074,2031
005/042-Cycling-4y-ASAQ-DHAPPQ,82,0.4097513864656615,2031
005/042-Cycling-4y-ASAQ-DHAPPQ,83,0.31252652552650617,2031
005/042-Cycling-4y-ASAQ-DHAPPQ,84,0.40559044992563525,2031
005/042-Cycling-4y-ASAQ-DHAPPQ,85,0.4118770870296795,2031
005/042-Cycling-4y-ASAQ-DHAPPQ,86,0.4688252761795532,2031
005/042-Cycling-4y-ASAQ-DHAPPQ,87,0.43309015707075454,2031
005/042-Cycling-4y-ASAQ-DHAPPQ,88,0.316589587014034,2031
005/042-Cycling-4y-ASAQ-DHAPPQ,89,0.3924942890184881,2031
005/042-Cycling-4y-ASAQ-DHAPPQ,90,0.3794982590665336,2031
005/042-Cycling-4y-ASAQ-DHAPPQ,91,0.35129990279834705,2031
005/042-Cycling-4y-ASAQ-DHAPPQ,92,0.4186502998351658,2031
005/042-Cycling-4y-ASAQ-DHAPPQ,93,0.3460159171731392,2031
005/042-Cycling-4y-ASAQ-DHAPPQ,94,0.3836733703024607,2031
005/042-Cycling-4y-ASAQ-DHAPPQ,95,0.29099997515118087,2031
005/042-Cycling-4y-ASAQ-DHAPPQ,96,0.37735791472333174,2031
005/042-Cycling-4y-ASAQ-DHAPPQ,97,0.4657868914943128,2031
005/042-Cycling-4y-ASAQ-DHAPPQ,98,0.425970782194563,2031
005/042-Cycling-4y-ASAQ-DHAPPQ,99,0.3969281061508751,2031
005/043-Cycling-4y-DHAPPQ-AL,0,0.6597567607466733,2031
005/043-Cycling-4y-DHAPPQ-AL,1,0.5845891214425598,2031
005/043-Cycling-4y-DHAPPQ-AL,2,0.6548411811740164,2031
005/043-Cycling-4y-DHAPPQ-AL,3,0.712082095253015,2031
005/043-Cycling-4y-DHAPPQ-AL,4,0.6580764080247611,2031
005/043-Cycling-4y-DHAPPQ-AL,5,0.653344301059151,2031
005/043-Cycling-4y-DHAPPQ-AL,6,0.6415544118022835,2031
005/043-Cycling-4y-DHAPPQ-AL,7,0.5581236399499097,2031
005/043-Cycling-4y-DHAPPQ-AL,8,0.7681815688874726,2031
005/043-Cycling-4y-DHAPPQ-AL,9,0.6176718699484117,2031
005/043-Cycling-4y-DHAPPQ-AL,10,0.6088654093542273,2031
005/043-Cycling-4y-DHAPPQ-AL,11,0.6308843382485846,2031
005/043-Cycling-4y-DHAPPQ-AL,12,0.6469094876729988,2031
005/043-Cycling-4y-DHAPPQ-AL,13,0.6655544108077126,2031
005/043-Cycling-4y-DHAPPQ-AL,14,0.6870080790790124,2031
005/043-Cycling-4y-DHAPPQ-AL,15,0.5590923570886881,2031
005/043-Cycling-4y-DHAPPQ-AL,16,0.6442372379210779,2031
005/043-Cycling-4y-DHAPPQ-AL,17,0.659508906753928,2031
005/043-Cycling-4y-DHAPPQ-AL,18,0.6683908508839882,2031
005/043-Cycling-4y-DHAPPQ-AL,19,0.5336916194040667,2031
005/043-Cycling-4y-DHAPPQ-AL,20,0.718728547952879,2031
005/043-Cycling-4y-DHAPPQ-AL,21,0.674672148125108,2031
005/043-Cycling-4y-DHAPPQ-AL,22,0.5850052900362065,2031
005/043-Cycling-4y-DHAPPQ-AL,23,0.664371872356509,2031
005/043-Cycling-4y-DHAPPQ-AL,24,0.6339038749107052,2031
005/043-Cycling-4y-DHAPPQ-AL,25,0.6288399493912896,2031
005/043-Cycling-4y-DHAPPQ-AL,26,0.6484066528783243,2031
005/043-Cycling-4y-DHAPPQ-AL,27,0.7046613977503334,2031
005/043-Cycling-4y-DHAPPQ-AL,28,0.7609421747068278,2031
005/043-Cycling-4y-DHAPPQ-AL,29,0.5537421918295871,2031
005/043-Cycling-4y-DHAPPQ-AL,30,0.6773555199278483,2031
005/043-Cycling-4y-DHAPPQ-AL,31,0.5578272521728888,2031
005/043-Cycling-4y-DHAPPQ-AL,32,0.5333204778401024,2031
005/043-Cycling-4y-DHAPPQ-AL,33,0.6020707840064511,2031
005/043-Cycling-4y-DHAPPQ-AL,34,0.6560105436363884,2031
005/043-Cycling-4y-DHAPPQ-AL,35,0.5523472474037394,2031
005/043-Cycling-4y-DHAPPQ-AL,36,0.7672636777016155,2031
005/043-Cycling-4y-DHAPPQ-AL,37,0.7143452526398582,2031
005/043-Cycling-4y-DHAPPQ-AL,38,0.7244185378831212,2031
005/043-Cycling-4y-DHAPPQ-AL,39,0.7326079917327069,2031
005/043-Cycling-4y-DHAPPQ-AL,40,0.6184138494513626,2031
005/043-Cycling-4y-DHAPPQ-AL,41,0.6220258587868245,2031
005/043-Cycling-4y-DHAPPQ-AL,42,0.5861384910542017,2031
005/043-Cycling-4y-DHAPPQ-AL,43,0.6788204702902566,2031
005/043-Cycling-4y-DHAPPQ-AL,44,0.6421284806352534,2031
005/043-Cycling-4y-DHAPPQ-AL,45,0.6942594449664576,2031
005/043-Cycling-4y-DHAPPQ-AL,46,0.6480681160223275,2031
005/043-Cycling-4y-DHAPPQ-AL,47,0.7185728023522123,2031
005/043-Cycling-4y-DHAPPQ-AL,48,0.6128622000677962,2031
005/043-Cycling-4y-DHAPPQ-AL,49,0.6358069586336099,2031
005/043-Cycling-4y-DHAPPQ-AL,50,0.6662891886551415,2031
005/043-Cycling-4y-DHAPPQ-AL,51,0.69571099641926,2031
005/043-Cycling-4y-DHAPPQ-AL,52,0.7313284685577329,2031
005/043-Cycling-4y-DHAPPQ-AL,53,0.7430148376888117,2031
005/043-Cycling-4y-DHAPPQ-AL,54,0.613442405772973,2031
005/043-Cycling-4y-DHAPPQ-AL,55,0.7225915186469688,2031
005/043-Cycling-4y-DHAPPQ-AL,56,0.7317905318037776,2031
005/043-Cycling-4y-DHAPPQ-AL,57,0.7095328835351312,2031
005/043-Cycling-4y-DHAPPQ-AL,58,0.663837993810266,2031
005/043-Cycling-4y-DHAPPQ-AL,59,0.6462172372983418,2031
005/043-Cycling-4y-DHAPPQ-AL,60,0.6677420333408777,2031
005/043-Cycling-4y-DHAPPQ-AL,61,0.7734758606332389,2031
005/043-Cycling-4y-DHAPPQ-AL,62,0.6671694743354645,2031
005/043-Cycling-4y-DHAPPQ-AL,63,0.7084314836078421,2031
005/043-Cycling-4y-DHAPPQ-AL,64,0.7358588337282455,2031
005/043-Cycling-4y-DHAPPQ-AL,65,0.6031389142668421,2031
005/043-Cycling-4y-DHAPPQ-AL,66,0.700768407495954,2031
005/043-Cycling-4y-DHAPPQ-AL,67,0.705004859863597,2031
005/043-Cycling-4y-DHAPPQ-AL,68,0.6107491077952295,2031
005/043-Cycling-4y-DHAPPQ-AL,69,0.6747835194037061,2031
005/043-Cycling-4y-DHAPPQ-AL,70,0.5618920067537926,2031
005/043-Cycling-4y-DHAPPQ-AL,71,0.6512547434175907,2031
005/043-Cycling-4y-DHAPPQ-AL,72,0.6444767855423474,2031
005/043-Cycling-4y-DHAPPQ-AL,73,0.6595663912437921,2031
005/043-Cycling-4y-DHAPPQ-AL,74,0.7346844997570185,2031
005/043-Cycling-4y-DHAPPQ-AL,75,0.5680009528146921,2031
005/043-Cycling-4y-DHAPPQ-AL,76,0.7113067592558342,2031
005/043-Cycling-4y-DHAPPQ-AL,77,0.6653768837930215,2031
005/043-Cycling-4y-DHAPPQ-AL,78,0.745850217410532,2031
005/043-Cycling-4y-DHAPPQ-AL,79,0.7214900308787809,2031
005/043-Cycling-4y-DHAPPQ-AL,80,0.6881680455737521,2031
005/043-Cycling-4y-DHAPPQ-AL,81,0.6762037579991412,2031
005/043-Cycling-4y-DHAPPQ-AL,82,0.7352573425056336,2031
005/043-Cycling-4y-DHAPPQ-AL,83,0.7199801562263032,2031
005/043-Cycling-4y-DHAPPQ-AL,84,0.7456110452697632,2031
005/043-Cycling-4y-DHAPPQ-AL,85,0.6285824425061391,2031
005/043-Cycling-4y-DHAPPQ-AL,86,0.6668365381634843,2031
005/043-Cycling-4y-DHAPPQ-AL,87,0.6737366154689194,2031
005/043-Cycling-4y-DHAPPQ-AL,88,0.6843751268962538,2031
005/043-Cycling-4y-DHAPPQ-AL,89,0.6822735775565225,2031
005/043-Cycling-4y-DHAPPQ-AL,90,0.6689192130228442,2031
005/043-Cycling-4y-DHAPPQ-AL,91,0.6433580155386593,2031
005/043-Cycling-4y-DHAPPQ-AL,92,0.7220633578914003,2031
005/043-Cycling-4y-DHAPPQ-AL,93,0.6294735929182517,2031
005/043-Cycling-4y-DHAPPQ-AL,94,0.754868988972893,2031
005/043-Cycling-4y-DHAPPQ-AL,95,0.5999637400807778,2031
005/043-Cycling-4y-DHAPPQ-AL,96,0.7265842395652348,2031
005/043-Cycling-4y-DHAPPQ-AL,97,0.6185420534140077,2031
005/043-Cycling-4y-DHAPPQ-AL,98,0.6945041417421299,2031
005/043-Cycling-4y-DHAPPQ-AL,99,0.5638015408325058,2031
005/044-Cycling-4y-DHAPPQ-ASAQ,0,0.5193510845513581,2031
005/044-Cycling-4y-DHAPPQ-ASAQ,1,0.6092946673898949,2031
005/044-Cycling-4y-DHAPPQ-ASAQ,2,0.48692136424185545,2031
005/044-Cycling-4y-DHAPPQ-ASAQ,3,0.49784579699980497,2031
005/044-Cycling-4y-DHAPPQ-ASAQ,4,0.5573784210517901,2031
005/044-Cycling-4y-DHAPPQ-ASAQ,5,0.5375270366655572,2031
005/044-Cycling-4y-DHAPPQ-ASAQ,6,0.5667006289311908,2031
005/044-Cycling-4y-DHAPPQ-ASAQ,7,0.4731508744379969,2031
005/044-Cycling-4y-DHAPPQ-ASAQ,8,0.6215941187301739,2031
005/044-Cycling-4y-DHAPPQ-ASAQ,9,0.644511514489284,2031
005/044-Cycling-4y-DHAPPQ-ASAQ,10,0.5771897380090477,2031
005/044-Cycling-4y-DHAPPQ-ASAQ,11,0.5834390759612813,2031
005/044-Cycling-4y-DHAPPQ-ASAQ,12,0.5926649249161341,2031
005/044-Cycling-4y-DHAPPQ-ASAQ,13,0.5865508929969255,2031
005/044-Cycling-4y-DHAPPQ-ASAQ,14,0.5083280930271628,2031
005/044-Cycling-4y-DHAPPQ-ASAQ,15,0.44014656495252297,2031
005/044-Cycling-4y-DHAPPQ-ASAQ,16,0.5987177818631239,2031
005/044-Cycling-4y-DHAPPQ-ASAQ,17,0.48694544905487325,2031
005/044-Cycling-4y-DHAPPQ-ASAQ,18,0.5220228528069139,2031
005/044-Cycling-4y-DHAPPQ-ASAQ,19,0.5168836557800054,2031
005/044-Cycling-4y-DHAPPQ-ASAQ,20,0.5555592458403572,2031
005/044-Cycling-4y-DHAPPQ-ASAQ,21,0.5688486172846342,2031
005/044-Cycling-4y-DHAPPQ-ASAQ,22,0.5649560931516326,2031
005/044-Cycling-4y-DHAPPQ-ASAQ,23,0.45988456078173673,2031
005/044-Cycling-4y-DHAPPQ-ASAQ,24,0.4921822581602131,2031
005/044-Cycling-4y-DHAPPQ-ASAQ,25,0.45768720083701536,2031
005/044-Cycling-4y-DHAPPQ-ASAQ,26,0.5862898578444666,2031
005/044-Cycling-4y-DHAPPQ-ASAQ,27,0.5278826713693722,2031
005/044-Cycling-4y-DHAPPQ-ASAQ,28,0.5607303933195217,2031
005/044-Cycling-4y-DHAPPQ-ASAQ,29,0.5747861709308327,2031
005/044-Cycling-4y-DHAPPQ-ASAQ,30,0.5956657535500904,2031
005/044-Cycling-4y-DHAPPQ-ASAQ,31,0.6195548129994665,2031
005/044-Cycling-4y-DHAPPQ-ASAQ,32,0.40286094285702695,2031
005/044-Cycling-4y-DHAPPQ-ASAQ,33,0.4861718862293274,2031
005/044-Cycling-4y-DHAPPQ-ASAQ,34,0.5556798466638079,2031
005/044-Cycling-4y-DHAPPQ-ASAQ,35,0.5786115633804897,2031
005/044-Cycling-4y-DHAPPQ-ASAQ,36,0.5866435966544822,2031
005/044-Cycling-4y-DHAPPQ-ASAQ,37,0.4971622481113464,2031
005/044-Cycling-4y-DHAPPQ-ASAQ,38,0.44647305071364984,2031
005/044-Cycling-4y-DHAPPQ-ASAQ,39,0.46866529328441603,2031
005/044-Cycling-4y-DHAPPQ-ASAQ,40,0.5538012217361891,2031
005/044-Cycling-4y-DHAPPQ-ASAQ,41,0.43317386053567536,2031
005/044-Cycling-4y-DHAPPQ-ASAQ,42,0.5826539697401323,2031
005/044-Cycling-4y-DHAPPQ-ASAQ,43,0.4535610354884836,2031
005/044-Cycling-4y-DHAPPQ-ASAQ,44,0.5333987951415305,2031
005/044-Cycling-4y-DHAPPQ-ASAQ,45,0.5674848560587925,2031
005/044-Cycling-4y-DHAPPQ-ASAQ,46,0.5951477453745603,2031
005/044-Cycling-4y-DHAPPQ-ASAQ,47,0.5515697219726187,2031
005/044-Cycling-4y-DHAPPQ-ASAQ,48,0.45524060818758555,2031
005/044-Cycling-4y-DHAPPQ-ASAQ,49,0.6171086030071299,2031
005/044-Cycling-4y-DHAPPQ-ASAQ,50,0.4728477637069461,2031
005/044-Cycling-4y-DHAPPQ-ASAQ,51,0.638582413305216,2031
005/044-Cycling-4y-DHAPPQ-ASAQ,52,0.6173263474544172,2031
005/044-Cycling-4y-DHAPPQ-ASAQ,53,0.5650763599507629,2031
005/044-Cycling-4y-DHAPPQ-ASAQ,54,0.6001944940566767,2031
005/044-Cycling-4y-DHAPPQ-ASAQ,55,0.5860671396038668,2031
005/044-Cycling-4y-DHAPPQ-ASAQ,56,0.6639261213789244,2031
005/044-Cycling-4y-DHAPPQ-ASAQ,57,0.5556315150279697,2031
005/044-Cycling-4y-DHAPPQ-ASAQ,58,0.609571692380962,2031
005/044-Cycling-4y-DHAPPQ-ASAQ,59,0.517453894323418,2031
005/044-Cycling-4y-DHAPPQ-ASAQ,60,0.554269153354495,2031
005/044-Cycling-4y-DHAPPQ-ASAQ,61,0.558232736192405,2031
005/044-Cycling-4y-DHAPPQ-ASAQ,62,0.6428211987455206,2031
005/044-Cycling-4y-DHAPPQ-ASAQ,63,0.5891164491510597,2031
005/044-Cycling-4y-DHAPPQ-ASAQ,64,0.5390666986382379,2031
005/044-Cycling-4y-DHAPPQ-ASAQ,65,0.4450446531637637,2031
005/044-Cycling-4y-DHAPPQ-ASAQ,66,0.4708795106197355,2031
005/044-Cycling-4y-DHAPPQ-ASAQ,67,0.5781450701390384,2031
005/044-Cycling-4y-DHAPPQ-ASAQ,68,0.5749742896037034,2031
005/044-Cycling-4y-DHAPPQ-ASAQ,69,0.4858425884493989,2031
005/044-Cycling-4y-DHAPPQ-ASAQ,70,0.5398831402965415,2031
005/044-Cycling-4y-DHAPPQ-ASAQ,71,0.557443897938816,2031
005/044-Cycling-4y-DHAPPQ-ASAQ,72,0.4830318995971596,2031
005/044-Cycling-4y-DHAPPQ-ASAQ,73,0.6528896489376369,2031
005/044-Cycling-4y-DHAPPQ-ASAQ,74,0.5425993834584869,2031
005/044-Cycling-4y-DHAPPQ-ASAQ,75,0.46463467866098673,2031
005/044-Cycling-4y-DHAPPQ-ASAQ,76,0.5127942133104478,2031
005/044-Cycling-4y-DHAPPQ-ASAQ,77,0.5902048296417084,2031
005/044-Cycling-4y-DHAPPQ-ASAQ,78,0.6051901102338065,2031
005/044-Cycling-4y-DHAPPQ-ASAQ,79,0.5291823750223447,2031
005/044-Cycling-4y-DHAPPQ-ASAQ,80,0.4926790646016164,2031
005/044-Cycling-4y-DHAPPQ-ASAQ,81,0.5175586111552791,2031
005/044-Cycling-4y-DHAPPQ-ASAQ,82,0.5751943173467456,2031
005/044-Cycling-4y-DHAPPQ-ASAQ,83,0.5186171282884753,2031
005/044-Cycling-4y-DHAPPQ-ASAQ,84,0.4993713786382749,2031
005/044-Cycling-4y-DHAPPQ-ASAQ,85,0.5509006588179517,2031
005/044-Cycling-4y-DHAPPQ-ASAQ,86,0.583424488009389,2031
005/044-Cycling-4y-DHAPPQ-ASAQ,87,0.6436467731906413,2031
005/044-Cycling-4y-DHAPPQ-ASAQ,88,0.5017194593834081,2031
005/044-Cycling-4y-DHAPPQ-ASAQ,89,0.6392928275277835,2031
005/044-Cycling-4y-DHAPPQ-ASAQ,90,0.519023947692612,2031
005/044-Cycling-4y-DHAPPQ-ASAQ,91,0.5118604464613468,2031
005/044-Cycling-4y-DHAPPQ-ASAQ,92,0.48674932856647685,2031
005/044-Cycling-4y-DHAPPQ-ASAQ,93,0.5014910335325832,2031
005/044-Cycling-4y-DHAPPQ-ASAQ,94,0.5005217476460357,2031
005/044-Cycling-4y-DHAPPQ-ASAQ,95,0.6003867052059088,2031
005/044-Cycling-4y-DHAPPQ-ASAQ,96,0.6314595533279149,2031
005/044-Cycling-4y-DHAPPQ-ASAQ,97,0.5507636787396086,2031
005/044-Cycling-4y-DHAPPQ-ASAQ,98,0.46184564383098947,2031
005/044-Cycling-4y-DHAPPQ-ASAQ,99,0.44587378039882714,2031
005/045-Cycling-4y-AL-ASAQ-DHAPPQ,0,0.5645218436784917,2031
005/045-Cycling-4y-AL-ASAQ-DHAPPQ,1,0.5837880223494708,2031
005/045-Cycling-4y-AL-ASAQ-DHAPPQ,2,0.5831952234984834,2031
005/045-Cycling-4y-AL-ASAQ-DHAPPQ,3,0.5402463037434488,2031
005/045-Cycling-4y-AL-ASAQ-DHAPPQ,4,0.6253308301453983,2031
005/045-Cycling-4y-AL-ASAQ-DHAPPQ,5,0.6427274476493271,2031
005/045-Cycling-4y-AL-ASAQ-DHAPPQ,6,0.6422872637495782,2031
005/045-Cycling-4y-AL-ASAQ-DHAPPQ,7,0.5824646697641188,2031
005/045-Cycling-4y-AL-ASAQ-DHAPPQ,8,0.6135341801765238,2031
005/045-Cycling-4y-AL-ASAQ-DHAPPQ,9,0.6768490135417077,2031
005/045-Cycling-4y-AL-ASAQ-DHAPPQ,10,0.6510389106037169,2031
005/045-Cycling-4y-AL-ASAQ-DHAPPQ,11,0.6108287658992005,2031
005/045-Cycling-4y-AL-ASAQ-DHAPPQ,12,0.6709964848574853,2031
005/045-Cycling-4y-AL-ASAQ-DHAPPQ,13,0.5482003877499554,2031
005/045-Cycling-4y-AL-ASAQ-DHAPPQ,14,0.6349566629496384,2031
005/045-Cycling-4y-AL-ASAQ-DHAPPQ,15,0.663447284166902,2031
005/045-Cycling-4y-AL-ASAQ-DHAPPQ,16,0.6322109242824413,2031
005/045-Cycling-4y-AL-ASAQ-DHAPPQ,17,0.6071778346765815,2031
005/045-Cycling-4y-AL-ASAQ-DHAPPQ,18,0.5319289830713508,2031
005/045-Cycling-4y-AL-ASAQ-DHAPPQ,19,0.6454669604445277,2031
005/045-Cycling-4y-AL-ASAQ-DHAPPQ,20,0.5993223773955884,2031
005/045-Cycling-4y-AL-ASAQ-DHAPPQ,21,0.7342846578810879,2031
005/045-Cycling-4y-AL-ASAQ-DHAPPQ,22,0.6173457359877143,2031
005/045-Cycling-4y-AL-ASAQ-DHAPPQ,23,0.6335896088226541,2031
005/045-Cycling-4y-AL-ASAQ-DHAPPQ,24,0.5252448252164538,2031
005/045-Cycling-4y-AL-ASAQ-DHAPPQ,25,0.5723369318532349,2031
005/045-Cycling-4y-AL-ASAQ-DHAPPQ,26,0.5421894061187893,2031
005/045-Cycling-4y-AL-ASAQ-DHAPPQ,27,0.5293422813987286,2031
005/045-Cycling-4y-AL-ASAQ-DHAPPQ,28,0.5850394200385428,2031
005/045-Cycling-4y-AL-ASAQ-DHAPPQ,29,0.6732262518970512,2031
005/045-Cycling-4y-AL-ASAQ-DHAPPQ,30,0.6009461874100556,2031
005/045-Cycling-4y-AL-ASAQ-DHAPPQ,31,0.5615470028172209,2031
005/045-Cycling-4y-AL-ASAQ-DHAPPQ,32,0.5645058074077273,2031
005/045-Cycling-4y-AL-ASAQ-DHAPPQ,33,0.5609343837045239,2031
005/045-Cycling-4y-AL-ASAQ-DHAPPQ,34,0.6341553497936038,2031
005/045-Cycling-4y-AL-ASAQ-DHAPPQ,35,0.802798173987621,2031
005/045-Cycling-4y-AL-ASAQ-DHAPPQ,36,0.5838908906901705,2031
005/045-Cycling-4y-AL-ASAQ-DHAPPQ,37,0.6792865525446475,2031
005/045-Cycling-4y-AL-ASAQ-DHAPPQ,38,0.6391312679573565,2031
005/045-Cycling-4y-AL-ASAQ-DHAPPQ,39,0.6505271658094353,2031
005/045-Cycling-4y-AL-ASAQ-DHAPPQ,40,0.7484887462221844,2031
005/045-Cycling-4y-AL-ASAQ-DHAPPQ,41,0.5704516152680855,2031
005/045-Cycling-4y-AL-ASAQ-DHAPPQ,42,0.657650709797397,2031
005/045-Cycling-4y-AL-ASAQ-DHAPPQ,43,0.5207187377529144,2031
005/045-Cycling-4y-AL-ASAQ-DHAPPQ,44,0.733054503734316,2031
005/045-Cycling-4y-AL-ASAQ-DHAPPQ,45,0.5942829871837207,2031
005/045-Cycling-4y-AL-ASAQ-DHAPPQ,46,0.6291120758795937,2031
005/045-Cycling-4y-AL-ASAQ-DHAPPQ,47,0.5697178693988244,2031
005/045-Cycling-4y-AL-ASAQ-DHAPPQ,48,0.5788195761973949,2031
005/045-Cycling-4y-AL-ASAQ-DHAPPQ,49,0.5668359570069649,2031
005/045-Cycling-4y-AL-ASAQ-DHAPPQ,50,0.5457459397809304,2031
005/045-Cycling-4y-AL-ASAQ-DHAPPQ,51,0.6430896853513417,2031
005/045-Cycling-4y-AL-ASAQ-DHAPPQ,52,0.5591422014801354,2031
005/045-Cycling-4y-AL-ASAQ-DHAPPQ,53,0.5965905878992263,2031
005/045-Cycling-4y-AL-ASAQ-DHAPPQ,54,0.5316742027616628,2031
005/045-Cycling-4y-AL-ASAQ-DHAPPQ,55,0.61890131650057,2031
005/045-Cycling-4y-AL-ASAQ-DHAPPQ,56,0.6317341465210468,2031
005/045-Cycling-4y-AL-ASAQ-DHAPPQ,57,0.6023476190637563,2031
005/045-Cycling-4y-AL-ASAQ-DHAPPQ,58,0.5998283849014701,2031
005/045-Cycling-4y-AL-ASAQ-DHAPPQ,59,0.5873210559082787,2031
005/045-Cycling-4y-AL-ASAQ-DHAPPQ,60,0.5394516051157205,2031
005/045-Cycling-4y-AL-ASAQ-DHAPPQ,61,0.5923423402841573,2031
005/045-Cycling-4y-AL-ASAQ-DHAPPQ,62,0.6319979956807037,2031
005/045-Cycling-4y-AL-ASAQ-DHAPPQ,63,0.5938001747006025,2031
005/045-Cycling-4y-AL-ASAQ-DHAPPQ,64,0.42931347162320793,2031
005/045-Cycling-4y-AL-ASAQ-DHAPPQ,65,0.557176136687321,2031
005/045-Cycling-4y-AL-ASAQ-DHAPPQ,66,0.5874081892443835,2031
005/045-Cycling-4y-AL-ASAQ-DHAPPQ,67,0.6021340878382636,2031
005/045-Cycling-4y-AL-ASAQ-DHAPPQ,68,0.5690481494005489,2031
005/045-Cycling-4y-AL-ASAQ-DHAPPQ,69,0.5885973689612817,2031
005/045-Cycling-4y-AL-ASAQ-DHAPPQ,70,0.6590403025852339,2031
005/045-Cycling-4y-AL-ASAQ-DHAPPQ,71,0.5926180509088331,2031
005/045-Cycling-4y-AL-ASAQ-DHAPPQ,72,0.6300091469224499,2031
005/045-Cycling-4y-AL-ASAQ-DHAPPQ,73,0.6088304481826711,2031
005/045-Cycling-4y-AL-ASAQ-DHAPPQ,74,0.484841313583233,2031
005/045-Cycling-4y-AL-ASAQ-DHAPPQ,75,0.6727876354237562,2031
005/045-Cycling-4y-AL-ASAQ-DHAPPQ,76,0.6127949490257077,2031
005/045-Cycling-4y-AL-ASAQ-DHAPPQ,77,0.6818682515598594,2031
005/045-Cycling-4y-AL-ASAQ-DHAPPQ,78,0.604062042879154,2031
005/045-Cycling-4y-AL-ASAQ-DHAPPQ,79,0.7262839185623009,2031
005/045-Cycling-4y-AL-ASAQ-DHAPPQ,80,0.5560919198383442,2031
005/045-Cycling-4y-AL-ASAQ-DHAPPQ,81,0.645300563739587,2031
005/045-Cycling-4y-AL-ASAQ-DHAPPQ,82,0.6508322018013138,2031
005/045-Cycling-4y-AL-ASAQ-DHAPPQ,83,0.6168749976173672,2031
005/045-Cycling-4y-AL-ASAQ-DHAPPQ,84,0.574994377738975,2031
005/045-Cycling-4y-AL-ASAQ-DHAPPQ,85,0.6505565807635206,2031
005/045-Cycling-4y-AL-ASAQ-DHAPPQ,86,0.5889886314636933,2031
005/045-Cycling-4y-AL-ASAQ-DHAPPQ,87,0.6709558294784369,2031
005/045-Cycling-4y-AL-ASAQ-DHAPPQ,88,0.5345636707915313,2031
005/045-Cycling-4y-AL-ASAQ-DHAPPQ,89,0.5716493979777366,2031
005/045-Cycling-4y-AL-ASAQ-DHAPPQ,90,0.5840051435522116,2031
005/045-Cycling-4y-AL-ASAQ-DHAPPQ,91,0.6522368547882212,2031
005/045-Cycling-4y-AL-ASAQ-DHAPPQ,92,0.6813262053106311,2031
005/045-Cycling-4y-AL-ASAQ-DHAPPQ,93,0.5076254789840636,2031
005/045-Cycling-4y-AL-ASAQ-DHAPPQ,94,0.6385966620805926,2031
005/045-Cycling-4y-AL-ASAQ-DHAPPQ,95,0.6264490015547511,2031
005/045-Cycling-4y-AL-ASAQ-DHAPPQ,96,0.7164340422698859,2031
005/045-Cycling-4y-AL-ASAQ-DHAPPQ,97,0.7460142880011035,2031
005/045-Cycling-4y-AL-ASAQ-DHAPPQ,98,0.5930368526497828,2031
005/045-Cycling-4y-AL-ASAQ-DHAPPQ,99,0.5915804511632473,2031
005/046-Cycling-4y-AL-DHAPPQ-ASAQ,0,0.5203768315605157,2031
005/046-Cycling-4y-AL-DHAPPQ-ASAQ,1,0.6465192826443957,2031
005/046-Cycling-4y-AL-DHAPPQ-ASAQ,2,0.7531594643818543,2031
005/046-Cycling-4y-AL-DHAPPQ-ASAQ,3,0.6690007619614179,2031
005/046-Cycling-4y-AL-DHAPPQ-ASAQ,4,0.6175585107536395,2031
005/046-Cycling-4y-AL-DHAPPQ-ASAQ,5,0.6706327473252146,2031
005/046-Cycling-4y-AL-DHAPPQ-ASAQ,6,0.6259876657796979,2031
005/046-Cycling-4y-AL-DHAPPQ-ASAQ,7,0.7623069129988531,2031
005/046-Cycling-4y-AL-DHAPPQ-ASAQ,8,0.6288844194472792,2031
005/046-Cycling-4y-AL-DHAPPQ-ASAQ,9,0.6476371198191913,2031
005/046-Cycling-4y-AL-DHAPPQ-ASAQ,10,0.7040510912925354,2031
005/046-Cycling-4y-AL-DHAPPQ-ASAQ,11,0.7592596033986982,2031
005/046-Cycling-4y-AL-DHAPPQ-ASAQ,12,0.6160969190381387,2031
005/046-Cycling-4y-AL-DHAPPQ-ASAQ,13,0.6043942287732588,2031
005/046-Cycling-4y-AL-DHAPPQ-ASAQ,14,0.6460087566397638,2031
005/046-Cycling-4y-AL-DHAPPQ-ASAQ,15,0.7394463543874658,2031
005/046-Cycling-4y-AL-DHAPPQ-ASAQ,16,0.6463277366014424,2031
005/046-Cycling-4y-AL-DHAPPQ-ASAQ,17,0.5678059270262145,2031
005/046-Cycling-4y-AL-DHAPPQ-ASAQ,18,0.6615614214885083,2031
005/046-Cycling-4y-AL-DHAPPQ-ASAQ,19,0.6963809598972341,2031
005/046-Cycling-4y-AL-DHAPPQ-ASAQ,20,0.638280777549021,2031
005/046-Cycling-4y-AL-DHAPPQ-ASAQ,21,0.6258174203006062,2031
005/046-Cycling-4y-AL-DHAPPQ-ASAQ,22,0.5514897863817912,2031
005/046-Cycling-4y-AL-DHAPPQ-ASAQ,23,0.5517177482780826,2031
005/046-Cycling-4y-AL-DHAPPQ-ASAQ,24,0.6790917818289985,2031
005/046-Cycling-4y-AL-DHAPPQ-ASAQ,25,0.6385431628850681,2031
005/046-Cycling-4y-AL-DHAPPQ-ASAQ,26,0.6242940947436916,2031
005/046-Cycling-4y-AL-DHAPPQ-ASAQ,27,0.6387126772021271,2031
005/046-Cycling-4y-AL-DHAPPQ-ASAQ,28,0.5569476515832773,2031
005/046-Cycling-4y-AL-DHAPPQ-ASAQ,29,0.6927912238777564,2031
005/046-Cycling-4y-AL-DHAPPQ-ASAQ,30,0.5891296573873462,2031
005/046-Cycling-4y-AL-DHAPPQ-ASAQ,31,0.63173696733412,2031
005/046-Cycling-4y-AL-DHAPPQ-ASAQ,32,0.6537118855448867,2031
005/046-Cycling-4y-AL-DHAPPQ-ASAQ,33,0.6499762398512355,2031
005/046-Cycling-4y-AL-DHAPPQ-ASAQ,34,0.6532237376776854,2031
005/046-Cycling-4y-AL-DHAPPQ-ASAQ,35,0.6154142646934916,2031
005/046-Cycling-4y-AL-DHAPPQ-ASAQ,36,0.6605487070542174,2031
005/046-Cycling-4y-AL-DHAPPQ-ASAQ,37,0.6404875485184868,2031
005/046-Cycling-4y-AL-DHAPPQ-ASAQ,38,0.694911940745293,2031
005/046-Cycling-4y-AL-DHAPPQ-ASAQ,39,0.6095157277135276,2031
005/046-Cycling-4y-AL-DHAPPQ-ASAQ,40,0.5777088441867022,2031
005/046-Cycling-4y-AL-DHAPPQ-ASAQ,41,0.6546626360826161,2031
005/046-Cycling-4y-AL-DHAPPQ-ASAQ,42,0.5392048434275755,2031
005/046-Cycling-4y-AL-DHAPPQ-ASAQ,43,0.6637720020842642,2031
005/046-Cycling-4y-AL-DHAPPQ-ASAQ,44,0.6753198996290818,2031
005/046-Cycling-4y-AL-DHAPPQ-ASAQ,45,0.6543189856108741,2031
005/046-Cycling-4y-AL-DHAPPQ-ASAQ,46,0.5219773106339803,2031
005/046-Cycling-4y-AL-DHAPPQ-ASAQ,47,0.6131996007403012,2031
005/046-Cycling-4y-AL-DHAPPQ-ASAQ,48,0.6127096517485071,2031
005/046-Cycling-4y-AL-DHAPPQ-ASAQ,49,0.5920942595250793,2031
005/046-Cycling-4y-AL-DHAPPQ-ASAQ,50,0.7080229590639329,2031
005/046-Cycling-4y-AL-DHAPPQ-ASAQ,51,0.7383013036671867,2031
005/046-Cycling-4y-AL-DHAPPQ-ASAQ,52,0.7417319911958852,2031
005/046-Cycling-4y-AL-DHAPPQ-ASAQ,53,0.6292054219658892,2031
005/046-Cycling-4y-AL-DHAPPQ-ASAQ,54,0.5448370172880245,2031
005/046-Cycling-4y-AL-DHAPPQ-ASAQ,55,0.7567471642155613,2031
005/046-Cycling-4y-AL-DHAPPQ-ASAQ,56,0.588039528167588,2031
005/046-Cycling-4y-AL-DHAPPQ-ASAQ,57,0.6876311883833325,2031
005/046-Cycling-4y-AL-DHAPPQ-ASAQ,58,0.5917542742230759,2031
005/046-Cycling-4y-AL-DHAPPQ-ASAQ,59,0.6159141582495059,2031
005/046-Cycling-4y-AL-DHAPPQ-ASAQ,60,0.6291301300742128,2031
005/046-Cycling-4y-AL-DHAPPQ-ASAQ,61,0.6796230912565089,2031
005/046-Cycling-4y-AL-DHAPPQ-ASAQ,62,0.5554597493474985,2031
005/046-Cycling-4y-AL-DHAPPQ-ASAQ,63,0.6565508041907969,2031
005/046-Cycling-4y-AL-DHAPPQ-ASAQ,64,0.5751491934033995,2031
005/046-Cycling-4y-AL-DHAPPQ-ASAQ,65,0.6268717902852273,2031
005/046-Cycling-4y-AL-DHAPPQ-ASAQ,66,0.5631789872080706,2031
005/046-Cycling-4y-AL-DHAPPQ-ASAQ,67,0.7248318738858082,2031
005/046-Cycling-4y-AL-DHAPPQ-ASAQ,68,0.5583123199127955,2031
005/046-Cycling-4y-AL-DHAPPQ-ASAQ,69,0.6690060541782733,2031
005/046-Cycling-4y-AL-DHAPPQ-ASAQ,70,0.6564603342933408,2031
005/046-Cycling-4y-AL-DHAPPQ-ASAQ,71,0.6444143549982273,2031
005/046-Cycling-4y-AL-DHAPPQ-ASAQ,72,0.6226096694473376,2031
005/046-Cycling-4y-AL-DHAPPQ-ASAQ,73,0.7237802977210732,2031
005/046-Cycling-4y-AL-DHAPPQ-ASAQ,74,0.6262303332303205,2031
005/046-Cycling-4y-AL-DHAPPQ-ASAQ,75,0.6486543532260295,2031
005/046-Cycling-4y-AL-DHAPPQ-ASAQ,76,0.53624355326383,2031
005/046-Cycling-4y-AL-DHAPPQ-ASAQ,77,0.7033645302641083,2031
005/046-Cycling-4y-AL-DHAPPQ-ASAQ,78,0.5986114190804345,2031
005/046-Cycling-4y-AL-DHAPPQ-ASAQ,79,0.6416249248024911,2031
005/046-Cycling-4y-AL-DHAPPQ-ASAQ,80,0.71681193526052,2031
005/046-Cycling-4y-AL-DHAPPQ-ASAQ,81,0.6231084435915781,2031
005/046-Cycling-4y-AL-DHAPPQ-ASAQ,82,0.5836888887081894,2031
005/046-Cycling-4y-AL-DHAPPQ-ASAQ,83,0.6554594370296253,2031
005/046-Cycling-4y-AL-DHAPPQ-ASAQ,84,0.563749376657642,2031
005/046-Cycling-4y-AL-DHAPPQ-ASAQ,85,0.600487599242708,2031
005/046-Cycling-4y-AL-DHAPPQ-ASAQ,86,0.6287726743201769,2031
005/046-Cycling-4y-AL-DHAPPQ-ASAQ,87,0.48663508452796655,2031
005/046-Cycling-4y-AL-DHAPPQ-ASAQ,88,0.6301173988606398,2031
005/046-Cycling-4y-AL-DHAPPQ-ASAQ,89,0.7009991870576693,2031
005/046-Cycling-4y-AL-DHAPPQ-ASAQ,90,0.6595695926007029,2031
005/046-Cycling-4y-AL-DHAPPQ-ASAQ,91,0.4910655411507878,2031
005/046-Cycling-4y-AL-DHAPPQ-ASAQ,92,0.6583273304786105,2031
005/046-Cycling-4y-AL-DHAPPQ-ASAQ,93,0.5828366736192473,2031
005/046-Cycling-4y-AL-DHAPPQ-ASAQ,94,0.6459107894141981,2031
005/046-Cycling-4y-AL-DHAPPQ-ASAQ,95,0.6438832838393868,2031
005/046-Cycling-4y-AL-DHAPPQ-ASAQ,96,0.6480234458893482,2031
005/046-Cycling-4y-AL-DHAPPQ-ASAQ,97,0.6903079565337067,2031
005/046-Cycling-4y-AL-DHAPPQ-ASAQ,98,0.5887995506818363,2031
005/046-Cycling-4y-AL-DHAPPQ-ASAQ,99,0.6296438639322713,2031
005/047-Cycling-4y-ASAQ-AL-DHAPPQ,0,0.4736619128350888,2031
005/047-Cycling-4y-ASAQ-AL-DHAPPQ,1,0.4656326215268017,2031
005/047-Cycling-4y-ASAQ-AL-DHAPPQ,2,0.4821340540206002,2031
005/047-Cycling-4y-ASAQ-AL-DHAPPQ,3,0.40897976838780564,2031
005/047-Cycling-4y-ASAQ-AL-DHAPPQ,4,0.4843660055851265,2031
005/047-Cycling-4y-ASAQ-AL-DHAPPQ,5,0.5000751183454758,2031
005/047-Cycling-4y-ASAQ-AL-DHAPPQ,6,0.5154981816027999,2031
005/047-Cycling-4y-ASAQ-AL-DHAPPQ,7,0.44710639772400596,2031
005/047-Cycling-4y-ASAQ-AL-DHAPPQ,8,0.5091012498939057,2031
005/047-Cycling-4y-ASAQ-AL-DHAPPQ,9,0.49873429400650665,2031
005/047-Cycling-4y-ASAQ-AL-DHAPPQ,10,0.47657184379915024,2031
005/047-Cycling-4y-ASAQ-AL-DHAPPQ,11,0.4572472801714313,2031
005/047-Cycling-4y-ASAQ-AL-DHAPPQ,12,0.5015208841843218,2031
005/047-Cycling-4y-ASAQ-AL-DHAPPQ,13,0.4747848185684169,2031
005/047-Cycling-4y-ASAQ-AL-DHAPPQ,14,0.5376710380204671,2031
005/047-Cycling-4y-ASAQ-AL-DHAPPQ,15,0.4973121216924217,2031
005/047-Cycling-4y-ASAQ-AL-DHAPPQ,16,0.4662869178933869,2031
005/047-Cycling-4y-ASAQ-AL-DHAPPQ,17,0.4619920804723738,2031
005/047-Cycling-4y-ASAQ-AL-DHAPPQ,18,0.583281932324791,2031
005/047-Cycling-4y-ASAQ-AL-DHAPPQ,19,0.4859615208852193,2031
005/047-Cycling-4y-ASAQ-AL-DHAPPQ,20,0.5046481961271546,2031
005/047-Cycling-4y-ASAQ-AL-DHAPPQ,21,0.48682882344959477,2031
005/047-Cycling-4y-ASAQ-AL-DHAPPQ,22,0.6451714814080991,2031
005/047-Cycling-4y-ASAQ-AL-DHAPPQ,23,0.4814147143027494,2031
005/047-Cycling-4y-ASAQ-AL-DHAPPQ,24,0.6003968686559213,2031
005/047-Cycling-4y-ASAQ-AL-DHAPPQ,25,0.4529854796990958,2031
005/047-Cycling-4y-ASAQ-AL-DHAPPQ,26,0.5375138271309587,2031
005/047-Cycling-4y-ASAQ-AL-DHAPPQ,27,0.5055810069925573,2031
005/047-Cycling-4y-ASAQ-AL-DHAPPQ,28,0.3919292449423753,2031
005/047-Cycling-4y-ASAQ-AL-DHAPPQ,29,0.3840878905932,2031
005/047-Cycling-4y-ASAQ-AL-DHAPPQ,30,0.4681559491398693,2031
005/047-Cycling-4y-ASAQ-AL-DHAPPQ,31,0.45862209196121184,2031
005/047-Cycling-4y-ASAQ-AL-DHAPPQ,32,0.5431216170864506,2031
005/047-Cycling-4y-ASAQ-AL-DHAPPQ,33,0.4800307395491177,2031
005/047-Cycling-4y-ASAQ-AL-DHAPPQ,34,0.47261579369152007,2031
005/047-Cycling-4y-ASAQ-AL-DHAPPQ,35,0.509986697116414,2031
005/047-Cycling-4y-ASAQ-AL-DHAPPQ,36,0.5355195271745102,2031
005/047-Cycling-4y-ASAQ-AL-DHAPPQ,37,0.4333405760682849,2031
005/047-Cycling-4y-ASAQ-AL-DHAPPQ,38,0.5465337603448727,2031
005/047-Cycling-4y-ASAQ-AL-DHAPPQ,39,0.578645464460268,2031
005/047-Cycling-4y-ASAQ-AL-DHAPPQ,40,0.5029043765410721,2031
005/047-Cycling-4y-ASAQ-AL-DHAPPQ,41,0.4311528513499039,2031
005/047-Cycling-4y-ASAQ-AL-DHAPPQ,42,0.4887863310141581,2031
005/047-Cycling-4y-ASAQ-AL-DHAPPQ,43,0.5558607732876987,2031
005/047-Cycling-4y-ASAQ-AL-DHAPPQ,44,0.5202718755736627,2031
005/047-Cycling-4y-ASAQ-AL-DHAPPQ,45,0.4923185667981467,2031
005/047-Cycling-4y-ASAQ-AL-DHAPPQ,46,0.5233505662230381,2031
005/047-Cycling-4y-ASAQ-AL-DHAPPQ,47,0.5357484986339066,2031
005/047-Cycling-4y-ASAQ-AL-DHAPPQ,48,0.5097668001243044,2031
005/047-Cycling-4y-ASAQ-AL-DHAPPQ,49,0.4965574830429129,2031
005/047-Cycling-4y-ASAQ-AL-DHAPPQ,50,0.5220997622201012,2031
005/047-Cycling-4y-ASAQ-AL-DHAPPQ,51,0.3822217205890693,2031
005/047-Cycling-4y-ASAQ-AL-DHAPPQ,52,0.5389632801631328,2031
005/047-Cycling-4y-ASAQ-AL-DHAPPQ,53,0.5202903684288603,2031
005/047-Cycling-4y-ASAQ-AL-DHAPPQ,54,0.47631325535764507,2031
005/047-Cycling-4y-ASAQ-AL-DHAPPQ,55,0.47987844035908905,2031
005/047-Cycling-4y-ASAQ-AL-DHAPPQ,56,0.47454626346301804,2031
005/047-Cycling-4y-ASAQ-AL-DHAPPQ,57,0.4845459969697819,2031
005/047-Cycling-4y-ASAQ-AL-DHAPPQ,58,0.5524084230602875,2031
005/047-Cycling-4y-ASAQ-AL-DHAPPQ,59,0.5762686732199345,2031
005/047-Cycling-4y-ASAQ-AL-DHAPPQ,60,0.4846054705199642,2031
005/047-Cycling-4y-ASAQ-AL-DHAPPQ,61,0.4806118096565664,2031
005/047-Cycling-4y-ASAQ-AL-DHAPPQ,62,0.5237250951825229,2031
005/047-Cycling-4y-ASAQ-AL-DHAPPQ,63,0.4310592686615635,2031
005/047-Cycling-4y-ASAQ-AL-DHAPPQ,64,0.5203383885376538,2031
005/047-Cycling-4y-ASAQ-AL-DHAPPQ,65,0.42025941596476146,2031
005/047-Cycling-4y-ASAQ-AL-DHAPPQ,66,0.47321472667937076,2031
005/047-Cycling-4y-ASAQ-AL-DHAPPQ,67,0.5518123221385471,2031
005/047-Cycling-4y-ASAQ-AL-DHAPPQ,68,0.46600407855230097,2031
005/047-Cycling-4y-ASAQ-AL-DHAPPQ,69,0.5192220614222146,2031
005/047-Cycling-4y-ASAQ-AL-DHAPPQ,70,0.4511542161630842,2031
005/047-Cycling-4y-ASAQ-AL-DHAPPQ,71,0.5450030800689339,2031
005/047-Cycling-4y-ASAQ-AL-DHAPPQ,72,0.46232294122089973,2031
005/047-Cycling-4y-ASAQ-AL-DHAPPQ,73,0.4116580067552183,2031
005/047-Cycling-4y-ASAQ-AL-DHAPPQ,74,0.5054861532705336,2031
005/047-Cycling-4y-ASAQ-AL-DHAPPQ,75,0.43807271967086986,2031
005/047-Cycling-4y-ASAQ-AL-DHAPPQ,76,0.39718219067049065,2031
005/047-Cycling-4y-ASAQ-AL-DHAPPQ,77,0.46064992921989467,2031
005/047-Cycling-4y-ASAQ-AL-DHAPPQ,78,0.39963945184680066,2031
005/047-Cycling-4y-ASAQ-AL-DHAPPQ,79,0.45439867967282704,2031
005/047-Cycling-4y-ASAQ-AL-DHAPPQ,80,0.5301775834944106,2031
005/047-Cycling-4y-ASAQ-AL-DHAPPQ,81,0.37901148329057976,2031
005/047-Cycling-4y-ASAQ-AL-DHAPPQ,82,0.6131610936349395,2031
005/047-Cycling-4y-ASAQ-AL-DHAPPQ,83,0.43570555127498234,2031
005/047-Cycling-4y-ASAQ-AL-DHAPPQ,84,0.5291905452363027,2031
005/047-Cycling-4y-ASAQ-AL-DHAPPQ,85,0.5515558027567397,2031
005/047-Cycling-4y-ASAQ-AL-DHAPPQ,86,0.45588680996436187,2031
005/047-Cycling-4y-ASAQ-AL-DHAPPQ,87,0.3643003957550825,2031
005/047-Cycling-4y-ASAQ-AL-DHAPPQ,88,0.41088865822357695,2031
005/047-Cycling-4y-ASAQ-AL-DHAPPQ,89,0.5942588662675466,2031
005/047-Cycling-4y-ASAQ-AL-DHAPPQ,90,0.43052780375561056,2031
005/047-Cycling-4y-ASAQ-AL-DHAPPQ,91,0.5419742325718068,2031
005/047-Cycling-4y-ASAQ-AL-DHAPPQ,92,0.5230181923912794,2031
005/047-Cycling-4y-ASAQ-AL-DHAPPQ,93,0.5169579285755229,2031
005/047-Cycling-4y-ASAQ-AL-DHAPPQ,94,0.549517960321828,2031
005/047-Cycling-4y-ASAQ-AL-DHAPPQ,95,0.5470242374461437,2031
005/047-Cycling-4y-ASAQ-AL-DHAPPQ,96,0.40394918623561255,2031
005/047-Cycling-4y-ASAQ-AL-DHAPPQ,97,0.4152443317391013,2031
005/047-Cycling-4y-ASAQ-AL-DHAPPQ,98,0.48217820943011036,2031
005/047-Cycling-4y-ASAQ-AL-DHAPPQ,99,0.4639016246023943,2031
005/048-Cycling-4y-ASAQ-DHAPPQ-AL,0,0.5320991726096399,2031
005/048-Cycling-4y-ASAQ-DHAPPQ-AL,1,0.376270363394785,2031
005/048-Cycling-4y-ASAQ-DHAPPQ-AL,2,0.36037294795952807,2031
005/048-Cycling-4y-ASAQ-DHAPPQ-AL,3,0.39925335538778567,2031
005/048-Cycling-4y-ASAQ-DHAPPQ-AL,4,0.37914644125310515,2031
005/048-Cycling-4y-ASAQ-DHAPPQ-AL,5,0.42138401196661995,2031
005/048-Cycling-4y-ASAQ-DHAPPQ-AL,6,0.34919217782407935,2031
005/048-Cycling-4y-ASAQ-DHAPPQ-AL,7,0.40664059587537943,2031
005/048-Cycling-4y-ASAQ-DHAPPQ-AL,8,0.4458383188335735,2031
005/048-Cycling-4y-ASAQ-DHAPPQ-AL,9,0.35966216812812285,2031
005/048-Cycling-4y-ASAQ-DHAPPQ-AL,10,0.3922670380559942,2031
005/048-Cycling-4y-ASAQ-DHAPPQ-AL,11,0.36946405222268974,2031
005/048-Cycling-4y-ASAQ-DHAPPQ-AL,12,0.34332729873779416,2031
005/048-Cycling-4y-ASAQ-DHAPPQ-AL,13,0.3676342478492796,2031
005/048-Cycling-4y-ASAQ-DHAPPQ-AL,14,0.4459800234472089,2031
005/048-Cycling-4y-ASAQ-DHAPPQ-AL,15,0.44326227185002504,2031
005/048-Cycling-4y-ASAQ-DHAPPQ-AL,16,0.4246987333215622,2031
005/048-Cycling-4y-ASAQ-DHAPPQ-AL,17,0.3628264589546395,2031
005/048-Cycling-4y-ASAQ-DHAPPQ-AL,18,0.3707189108209767,2031
005/048-Cycling-4y-ASAQ-DHAPPQ-AL,19,0.4232334717261419,2031
005/048-Cycling-4y-ASAQ-DHAPPQ-AL,20,0.4535805247202564,2031
005/048-Cycling-4y-ASAQ-DHAPPQ-AL,21,0.4247656684228811,2031
005/048-Cycling-4y-ASAQ-DHAPPQ-AL,22,0.41462056734392094,2031
005/048-Cycling-4y-ASAQ-DHAPPQ-AL,23,0.4343316479451014,2031
005/048-Cycling-4y-ASAQ-DHAPPQ-AL,24,0.3829135274531294,2031
005/048-Cycling-4y-ASAQ-DHAPPQ-AL,25,0.28973968950924706,2031
005/048-Cycling-4y-ASAQ-DHAPPQ-AL,26,0.3038816201608195,2031
005/048-Cycling-4y-ASAQ-DHAPPQ-AL,27,0.41043499087126106,2031
005/048-Cycling-4y-ASAQ-DHAPPQ-AL,28,0.46513648236723354,2031
005/048-Cycling-4y-ASAQ-DHAPPQ-AL,29,0.35448263166655614,2031
005/048-Cycling-4y-ASAQ-DHAPPQ-AL,30,0.4748502509472961,2031
005/048-Cycling-4y-ASAQ-DHAPPQ-AL,31,0.39373421832105154,2031
005/048-Cycling-4y-ASAQ-DHAPPQ-AL,32,0.39816372889576607,2031
005/048-Cycling-4y-ASAQ-DHAPPQ-AL,33,0.4309496163437001,2031
005/048-Cycling-4y-ASAQ-DHAPPQ-AL,34,0.4366887262905332,2031
005/048-Cycling-4y-ASAQ-DHAPPQ-AL,35,0.4316108308619508,2031
005/048-Cycling-4y-ASAQ-DHAPPQ-AL,36,0.32025521446160476,2031
005/048-Cycling-4y-ASAQ-DHAPPQ-AL,37,0.3043434842350072,2031
005/048-Cycling-4y-ASAQ-DHAPPQ-AL,38,0.40004377905861116,2031
005/048-Cycling-4y-ASAQ-DHAPPQ-AL,39,0.3727946586725785,2031
005/048-Cycling-4y-ASAQ-DHAPPQ-AL,40,0.43530945027901735,2031
005/048-Cycling-4y-ASAQ-DHAPPQ-AL,41,0.4082799871533243,2031
005/048-Cycling-4y-ASAQ-DHAPPQ-AL,42,0.4551849342837941,2031
005/048-Cycling-4y-ASAQ-DHAPPQ-AL,43,0.3904258060820562,2031
005/048-Cycling-4y-ASAQ-DHAPPQ-AL,44,0.38499125037399134,2031
005/048-Cycling-4y-ASAQ-DHAPPQ-AL,45,0.5225138916478704,2031
005/048-Cycling-4y-ASAQ-DHAPPQ-AL,46,0.4176673999364724,2031
005/048-Cycling-4y-ASAQ-DHAPPQ-AL,47,0.38391018052013237,2031
005/048-Cycling-4y-ASAQ-DHAPPQ-AL,48,0.3560438126080296,2031
005/048-Cycling-4y-ASAQ-DHAPPQ-AL,49,0.36253054373547516,2031
005/048-Cycling-4y-ASAQ-DHAPPQ-AL,50,0.45839661920549224,2031
005/048-Cycling-4y-ASAQ-DHAPPQ-AL,51,0.3199672983871715,2031
005/048-Cycling-4y-ASAQ-DHAPPQ-AL,52,0.39288214337847177,2031
005/048-Cycling-4y-ASAQ-DHAPPQ-AL,53,0.3918020690436841,2031
005/048-Cycling-4y-ASAQ-DHAPPQ-AL,54,0.37039561520584946,2031
005/048-Cycling-4y-ASAQ-DHAPPQ-AL,55,0.41186803935296495,2031
005/048-Cycling-4y-ASAQ-DHAPPQ-AL,56,0.4777724097696407,2031
005/048-Cycling-4y-ASAQ-DHAPPQ-AL,57,0.3806515101954712,2031
005/048-Cycling-4y-ASAQ-DHAPPQ-AL,58,0.3958574869710075,2031
005/048-Cycling-4y-ASAQ-DHAPPQ-AL,59,0.36853426079322665,2031
005/048-Cycling-4y-ASAQ-DHAPPQ-AL,60,0.4142142346119206,2031
005/048-Cycling-4y-ASAQ-DHAPPQ-AL,61,0.4174581712111292,2031
005/048-Cycling-4y-ASAQ-DHAPPQ-AL,62,0.42161390773116086,2031
005/048-Cycling-4y-ASAQ-DHAPPQ-AL,63,0.44094792942415245,2031
005/048-Cycling-4y-ASAQ-DHAPPQ-AL,64,0.47174821010126067,2031
005/048-Cycling-4y-ASAQ-DHAPPQ-AL,65,0.48138532578000026,2031
005/048-Cycling-4y-ASAQ-DHAPPQ-AL,66,0.3101544024946638,2031
005/048-Cycling-4y-ASAQ-DHAPPQ-AL,67,0.4723302040107351,2031
005/048-Cycling-4y-ASAQ-DHAPPQ-AL,68,0.38452614758882825,2031
005/048-Cycling-4y-ASAQ-DHAPPQ-AL,69,0.3698395906288003,2031
005/048-Cycling-4y-ASAQ-DHAPPQ-AL,70,0.42126683139768856,2031
005/048-Cycling-4y-ASAQ-DHAPPQ-AL,71,0.4959691573257859,2031
005/048-Cycling-4y-ASAQ-DHAPPQ-AL,72,0.4368086350325388,2031
005/048-Cycling-4y-ASAQ-DHAPPQ-AL,73,0.3883615570277899,2031
005/048-Cycling-4y-ASAQ-DHAPPQ-AL,74,0.36634456911236174,2031
005/048-Cycling-4y-ASAQ-DHAPPQ-AL,75,0.41173430294818764,2031
005/048-Cycling-4y-ASAQ-DHAPPQ-AL,76,0.33024728107837925,2031
005/048-Cycling-4y-ASAQ-DHAPPQ-AL,77,0.4167399237677269,2031
005/048-Cycling-4y-ASAQ-DHAPPQ-AL,78,0.4699697322057171,2031
005/048-Cycling-4y-ASAQ-DHAPPQ-AL,79,0.3975483017769534,2031
005/048-Cycling-4y-ASAQ-DHAPPQ-AL,80,0.4466436852400446,2031
005/048-Cycling-4y-ASAQ-DHAPPQ-AL,81,0.3927293598068618,2031
005/048-Cycling-4y-ASAQ-DHAPPQ-AL,82,0.45277281574182004,2031
005/048-Cycling-4y-ASAQ-DHAPPQ-AL,83,0.45377833205776374,2031
005/048-Cycling-4y-ASAQ-DHAPPQ-AL,84,0.4462689979590733,2031
005/048-Cycling-4y-ASAQ-DHAPPQ-AL,85,0.46923750331700287,2031
005/048-Cycling-4y-ASAQ-DHAPPQ-AL,86,0.3879830492770196,2031
005/048-Cycling-4y-ASAQ-DHAPPQ-AL,87,0.433212138804496,2031
005/048-Cycling-4y-ASAQ-DHAPPQ-AL,88,0.44383720237206453,2031
005/048-Cycling-4y-ASAQ-DHAPPQ-AL,89,0.3959876202090304,2031
005/048-Cycling-4y-ASAQ-DHAPPQ-AL,90,0.35334015840940003,2031
005/048-Cycling-4y-ASAQ-DHAPPQ-AL,91,0.42081112425743855,2031
005/048-Cycling-4y-ASAQ-DHAPPQ-AL,92,0.42230624194356975,2031
005/048-Cycling-4y-ASAQ-DHAPPQ-AL,93,0.4269407973930924,2031
005/048-Cycling-4y-ASAQ-DHAPPQ-AL,94,0.39756457373742204,2031
005/048-Cycling-4y-ASAQ-DHAPPQ-AL,95,0.36765088469303353,2031
005/048-Cycling-4y-ASAQ-DHAPPQ-AL,96,0.3578735760877188,2031
005/048-Cycling-4y-ASAQ-DHAPPQ-AL,97,0.40404753971347146,2031
005/048-Cycling-4y-ASAQ-DHAPPQ-AL,98,0.35830938486717945,2031
005/048-Cycling-4y-ASAQ-DHAPPQ-AL,99,0.3220233660980039,2031
005/049-Cycling-4y-DHAPPQ-AL-ASAQ,0,0.7094999868339767,2031
005/049-Cycling-4y-DHAPPQ-AL-ASAQ,1,0.7057390619307155,2031
005/049-Cycling-4y-DHAPPQ-AL-ASAQ,2,0.7058187798397974,2031
005/049-Cycling-4y-DHAPPQ-AL-ASAQ,3,0.7585840780471459,2031
005/049-Cycling-4y-DHAPPQ-AL-ASAQ,4,0.6740713483332339,2031
005/049-Cycling-4y-DHAPPQ-AL-ASAQ,5,0.743248106172408,2031
005/049-Cycling-4y-DHAPPQ-AL-ASAQ,6,0.7223645791931612,2031
005/049-Cycling-4y-DHAPPQ-AL-ASAQ,7,0.6781043258346239,2031
005/049-Cycling-4y-DHAPPQ-AL-ASAQ,8,0.6439221422561533,2031
005/049-Cycling-4y-DHAPPQ-AL-ASAQ,9,0.6754880206948116,2031
005/049-Cycling-4y-DHAPPQ-AL-ASAQ,10,0.6982254132511879,2031
005/049-Cycling-4y-DHAPPQ-AL-ASAQ,11,0.7068288622585898,2031
005/049-Cycling-4y-DHAPPQ-AL-ASAQ,12,0.6741611462833156,2031
005/049-Cycling-4y-DHAPPQ-AL-ASAQ,13,0.676489127381514,2031
005/049-Cycling-4y-DHAPPQ-AL-ASAQ,14,0.7639944799807895,2031
005/049-Cycling-4y-DHAPPQ-AL-ASAQ,15,0.6559852910866613,2031
005/049-Cycling-4y-DHAPPQ-AL-ASAQ,16,0.688227834471525,2031
005/049-Cycling-4y-DHAPPQ-AL-ASAQ,17,0.6955293108480229,2031
005/049-Cycling-4y-DHAPPQ-AL-ASAQ,18,0.6660851618075142,2031
005/049-Cycling-4y-DHAPPQ-AL-ASAQ,19,0.6273253390377908,2031
005/049-Cycling-4y-DHAPPQ-AL-ASAQ,20,0.7006738457909475,2031
005/049-Cycling-4y-DHAPPQ-AL-ASAQ,21,0.6585917644703091,2031
005/049-Cycling-4y-DHAPPQ-AL-ASAQ,22,0.6307705708342174,2031
005/049-Cycling-4y-DHAPPQ-AL-ASAQ,23,0.6855121668971487,2031
005/049-Cycling-4y-DHAPPQ-AL-ASAQ,24,0.7678434112805891,2031
005/049-Cycling-4y-DHAPPQ-AL-ASAQ,25,0.6710750891724673,2031
005/049-Cycling-4y-DHAPPQ-AL-ASAQ,26,0.6913138195562443,2031
005/049-Cycling-4y-DHAPPQ-AL-ASAQ,27,0.7274560599321166,2031
005/049-Cycling-4y-DHAPPQ-AL-ASAQ,28,0.6825354841512107,2031
005/049-Cycling-4y-DHAPPQ-AL-ASAQ,29,0.6221855056496226,2031
005/049-Cycling-4y-DHAPPQ-AL-ASAQ,30,0.6787920659642888,2031
005/049-Cycling-4y-DHAPPQ-AL-ASAQ,31,0.6758710017516019,2031
005/049-Cycling-4y-DHAPPQ-AL-ASAQ,32,0.663111890316111,2031
005/049-Cycling-4y-DHAPPQ-AL-ASAQ,33,0.6689674076463413,2031
005/049-Cycling-4y-DHAPPQ-AL-ASAQ,34,0.7235484977177912,2031
005/049-Cycling-4y-DHAPPQ-AL-ASAQ,35,0.5159532478133264,2031
005/049-Cycling-4y-DHAPPQ-AL-ASAQ,36,0.6496585425318444,2031
005/049-Cycling-4y-DHAPPQ-AL-ASAQ,37,0.6949884334079935,2031
005/049-Cycling-4y-DHAPPQ-AL-ASAQ,38,0.7151435049105997,2031
005/049-Cycling-4y-DHAPPQ-AL-ASAQ,39,0.7332749717278122,2031
005/049-Cycling-4y-DHAPPQ-AL-ASAQ,40,0.6522119287857471,2031
005/049-Cycling-4y-DHAPPQ-AL-ASAQ,41,0.6911510280508634,2031
005/049-Cycling-4y-DHAPPQ-AL-ASAQ,42,0.6531961768799626,2031
005/049-Cycling-4y-DHAPPQ-AL-ASAQ,43,0.7127550682287564,2031
005/049-Cycling-4y-DHAPPQ-AL-ASAQ,44,0.6586644432758892,2031
005/049-Cycling-4y-DHAPPQ-AL-ASAQ,45,0.7189332019895834,2031
005/049-Cycling-4y-DHAPPQ-AL-ASAQ,46,0.6367430724970499,2031
005/049-Cycling-4y-DHAPPQ-AL-ASAQ,47,0.5895939776737834,2031
005/049-Cycling-4y-DHAPPQ-AL-ASAQ,48,0.7062800795334147,2031
005/049-Cycling-4y-DHAPPQ-AL-ASAQ,49,0.6935761783183829,2031
005/049-Cycling-4y-DHAPPQ-AL-ASAQ,50,0.7121532015382054,2031
005/049-Cycling-4y-DHAPPQ-AL-ASAQ,51,0.5686215903353464,2031
005/049-Cycling-4y-DHAPPQ-AL-ASAQ,52,0.780358539175081,2031
005/049-Cycling-4y-DHAPPQ-AL-ASAQ,53,0.5748065760218666,2031
005/049-Cycling-4y-DHAPPQ-AL-ASAQ,54,0.6650353982556488,2031
005/049-Cycling-4y-DHAPPQ-AL-ASAQ,55,0.7570056207111683,2031
005/049-Cycling-4y-DHAPPQ-AL-ASAQ,56,0.7197568655397205,2031
005/049-Cycling-4y-DHAPPQ-AL-ASAQ,57,0.7303559165886803,2031
005/049-Cycling-4y-DHAPPQ-AL-ASAQ,58,0.5850751979617123,2031
005/049-Cycling-4y-DHAPPQ-AL-ASAQ,59,0.5941899117240882,2031
005/049-Cycling-4y-DHAPPQ-AL-ASAQ,60,0.6405548380644154,2031
005/049-Cycling-4y-DHAPPQ-AL-ASAQ,61,0.7442860439749727,2031
005/049-Cycling-4y-DHAPPQ-AL-ASAQ,62,0.662454180020489,2031
005/049-Cycling-4y-DHAPPQ-AL-ASAQ,63,0.6616866351593355,2031
005/049-Cycling-4y-DHAPPQ-AL-ASAQ,64,0.594127734247046,2031
005/049-Cycling-4y-DHAPPQ-AL-ASAQ,65,0.6970724941064336,2031
005/049-Cycling-4y-DHAPPQ-AL-ASAQ,66,0.6452875320990622,2031
005/049-Cycling-4y-DHAPPQ-AL-ASAQ,67,0.6224919293061074,2031
005/049-Cycling-4y-DHAPPQ-AL-ASAQ,68,0.7607811661418039,2031
005/049-Cycling-4y-DHAPPQ-AL-ASAQ,69,0.6176193656979077,2031
005/049-Cycling-4y-DHAPPQ-AL-ASAQ,70,0.6218424928376517,2031
005/049-Cycling-4y-DHAPPQ-AL-ASAQ,71,0.7054177856882795,2031
005/049-Cycling-4y-DHAPPQ-AL-ASAQ,72,0.7230760675338507,2031
005/049-Cycling-4y-DHAPPQ-AL-ASAQ,73,0.7211170360584379,2031
005/049-Cycling-4y-DHAPPQ-AL-ASAQ,74,0.6558440020901014,2031
005/049-Cycling-4y-DHAPPQ-AL-ASAQ,75,0.7801674682463804,2031
005/049-Cycling-4y-DHAPPQ-AL-ASAQ,76,0.6603763332474902,2031
005/049-Cycling-4y-DHAPPQ-AL-ASAQ,77,0.6489305937704419,2031
005/049-Cycling-4y-DHAPPQ-AL-ASAQ,78,0.6696172572780174,2031
005/049-Cycling-4y-DHAPPQ-AL-ASAQ,79,0.6915572573664847,2031
005/049-Cycling-4y-DHAPPQ-AL-ASAQ,80,0.7240715163923852,2031
005/049-Cycling-4y-DHAPPQ-AL-ASAQ,81,0.6677799276554611,2031
005/049-Cycling-4y-DHAPPQ-AL-ASAQ,82,0.7623530575322143,2031
005/049-Cycling-4y-DHAPPQ-AL-ASAQ,83,0.6853404886380692,2031
005/049-Cycling-4y-DHAPPQ-AL-ASAQ,84,0.7235063434977606,2031
005/049-Cycling-4y-DHAPPQ-AL-ASAQ,85,0.6263027335941578,2031
005/049-Cycling-4y-DHAPPQ-AL-ASAQ,86,0.6060105469750964,2031
005/049-Cycling-4y-DHAPPQ-AL-ASAQ,87,0.699074097258184,2031
005/049-Cycling-4y-DHAPPQ-AL-ASAQ,88,0.6526632110894393,2031
005/049-Cycling-4y-DHAPPQ-AL-ASAQ,89,0.6579781861579779,2031
005/049-Cycling-4y-DHAPPQ-AL-ASAQ,90,0.6564436375176026,2031
005/049-Cycling-4y-DHAPPQ-AL-ASAQ,91,0.5350503992185497,2031
005/049-Cycling-4y-DHAPPQ-AL-ASAQ,92,0.6528423522533137,2031
005/049-Cycling-4y-DHAPPQ-AL-ASAQ,93,0.6534520139576805,2031
005/049-Cycling-4y-DHAPPQ-AL-ASAQ,94,0.6696816375547154,2031
005/049-Cycling-4y-DHAPPQ-AL-ASAQ,95,0.6455554995177631,2031
005/049-Cycling-4y-DHAPPQ-AL-ASAQ,96,0.6062923336074738,2031
005/049-Cycling-4y-DHAPPQ-AL-ASAQ,97,0.6641613883237167,2031
005/049-Cycling-4y-DHAPPQ-AL-ASAQ,98,0.7247894909578799,2031
005/049-Cycling-4y-DHAPPQ-AL-ASAQ,99,0.7176914021107388,2031
005/050-Cycling-4y-DHAPPQ-ASAQ-AL,0,0.5363532977051433,2031
005/050-Cycling-4y-DHAPPQ-ASAQ-AL,1,0.5981351655055231,2031
005/050-Cycling-4y-DHAPPQ-ASAQ-AL,2,0.5661342678596272,2031
005/050-Cycling-4y-DHAPPQ-ASAQ-AL,3,0.4659465773819371,2031
005/050-Cycling-4y-DHAPPQ-ASAQ-AL,4,0.5713907386707906,2031
005/050-Cycling-4y-DHAPPQ-ASAQ-AL,5,0.5780389896600986,2031
005/050-Cycling-4y-DHAPPQ-ASAQ-AL,6,0.5455764114469485,2031
005/050-Cycling-4y-DHAPPQ-ASAQ-AL,7,0.6126217211018781,2031
005/050-Cycling-4y-DHAPPQ-ASAQ-AL,8,0.5140007572721991,2031
005/050-Cycling-4y-DHAPPQ-ASAQ-AL,9,0.536850662107795,2031
005/050-Cycling-4y-DHAPPQ-ASAQ-AL,10,0.5482553970488271,2031
005/050-Cycling-4y-DHAPPQ-ASAQ-AL,11,0.5393978222984208,2031
005/050-Cycling-4y-DHAPPQ-ASAQ-AL,12,0.4548668098301383,2031
005/050-Cycling-4y-DHAPPQ-ASAQ-AL,13,0.5125469994526357,2031
005/050-Cycling-4y-DHAPPQ-ASAQ-AL,14,0.43190328113211746,2031
005/050-Cycling-4y-DHAPPQ-ASAQ-AL,15,0.571775697276485,2031
005/050-Cycling-4y-DHAPPQ-ASAQ-AL,16,0.5254116191020577,2031
005/050-Cycling-4y-DHAPPQ-ASAQ-AL,17,0.5502902940414625,2031
005/050-Cycling-4y-DHAPPQ-ASAQ-AL,18,0.4720415742530173,2031
005/050-Cycling-4y-DHAPPQ-ASAQ-AL,19,0.5362583175442095,2031
005/050-Cycling-4y-DHAPPQ-ASAQ-AL,20,0.4872848662832878,2031
005/050-Cycling-4y-DHAPPQ-ASAQ-AL,21,0.5441831421765352,2031
005/050-Cycling-4y-DHAPPQ-ASAQ-AL,22,0.5551709528444161,2031
005/050-Cycling-4y-DHAPPQ-ASAQ-AL,23,0.6125396735108577,2031
005/050-Cycling-4y-DHAPPQ-ASAQ-AL,24,0.5285686051589372,2031
005/050-Cycling-4y-DHAPPQ-ASAQ-AL,25,0.47226794644510334,2031
005/050-Cycling-4y-DHAPPQ-ASAQ-AL,26,0.5781180649598644,2031
005/050-Cycling-4y-DHAPPQ-ASAQ-AL,27,0.5885438669940304,2031
005/050-Cycling-4y-DHAPPQ-ASAQ-AL,28,0.531837610692283,2031
005/050-Cycling-4y-DHAPPQ-ASAQ-AL,29,0.5327761088219934,2031
005/050-Cycling-4y-DHAPPQ-ASAQ-AL,30,0.43097295221523696,2031
005/050-Cycling-4y-DHAPPQ-ASAQ-AL,31,0.5586715738851539,2031
005/050-Cycling-4y-DHAPPQ-ASAQ-AL,32,0.5868861736392722,2031
005/050-Cycling-4y-DHAPPQ-ASAQ-AL,33,0.5762378807972632,2031
005/050-Cycling-4y-DHAPPQ-ASAQ-AL,34,0.5807050549993681,2031
005/050-Cycling-4y-DHAPPQ-ASAQ-AL,35,0.4387212363827511,2031
005/050-Cycling-4y-DHAPPQ-ASAQ-AL,36,0.4772436689924479,2031
005/050-Cycling-4y-DHAPPQ-ASAQ-AL,37,0.43758530761745956,2031
005/050-Cycling-4y-DHAPPQ-ASAQ-AL,38,0.5793885145253022,2031
005/050-Cycling-4y-DHAPPQ-ASAQ-AL,39,0.5418445116773598,2031
005/050-Cycling-4y-DHAPPQ-ASAQ-AL,40,0.5812888491416134,2031
005/050-Cycling-4y-DHAPPQ-ASAQ-AL,41,0.5741081191289535,2031
005/050-Cycling-4y-DHAPPQ-ASAQ-AL,42,0.49071794459086454,2031
005/050-Cycling-4y-DHAPPQ-ASAQ-AL,43,0.546846151757708,2031
005/050-Cycling-4y-DHAPPQ-ASAQ-AL,44,0.526996309895823,2031
005/050-Cycling-4y-DHAPPQ-ASAQ-AL,45,0.5929560821049756,2031
005/050-Cycling-4y-DHAPPQ-ASAQ-AL,46,0.529162405365837,2031
005/050-Cycling-4y-DHAPPQ-ASAQ-AL,47,0.566948155320465,2031
005/050-Cycling-4y-DHAPPQ-ASAQ-AL,48,0.4667162744779419,2031
005/050-Cycling-4y-DHAPPQ-ASAQ-AL,49,0.530149974710006,2031
005/050-Cycling-4y-DHAPPQ-ASAQ-AL,50,0.5287582364721853,2031
005/050-Cycling-4y-DHAPPQ-ASAQ-AL,51,0.5743194517104806,2031
005/050-Cycling-4y-DHAPPQ-ASAQ-AL,52,0.48862537473837,2031
005/050-Cycling-4y-DHAPPQ-ASAQ-AL,53,0.5696166323438814,2031
005/050-Cycling-4y-DHAPPQ-ASAQ-AL,54,0.5349633560008734,2031
005/050-Cycling-4y-DHAPPQ-ASAQ-AL,55,0.5549032602069738,2031
005/050-Cycling-4y-DHAPPQ-ASAQ-AL,56,0.6837752093430002,2031
005/050-Cycling-4y-DHAPPQ-ASAQ-AL,57,0.6166861873363806,2031
005/050-Cycling-4y-DHAPPQ-ASAQ-AL,58,0.6230401202757977,2031
005/050-Cycling-4y-DHAPPQ-ASAQ-AL,59,0.5098590710009395,2031
005/050-Cycling-4y-DHAPPQ-ASAQ-AL,60,0.6178092363286577,2031
005/050-Cycling-4y-DHAPPQ-ASAQ-AL,61,0.5745282866734598,2031
005/050-Cycling-4y-DHAPPQ-ASAQ-AL,62,0.5697387122153489,2031
005/050-Cycling-4y-DHAPPQ-ASAQ-AL,63,0.5861798842585014,2031
005/050-Cycling-4y-DHAPPQ-ASAQ-AL,64,0.580747294755722,2031
005/050-Cycling-4y-DHAPPQ-ASAQ-AL,65,0.6274070697566252,2031
005/050-Cycling-4y-DHAPPQ-ASAQ-AL,66,0.6278322847414749,2031
005/050-Cycling-4y-DHAPPQ-ASAQ-AL,67,0.5720221783907351,2031
005/050-Cycling-4y-DHAPPQ-ASAQ-AL,68,0.583091262880099,2031
005/050-Cycling-4y-DHAPPQ-ASAQ-AL,69,0.5921703453581603,2031
005/050-Cycling-4y-DHAPPQ-ASAQ-AL,70,0.5291043266650586,2031
005/050-Cycling-4y-DHAPPQ-ASAQ-AL,71,0.629928971958241,2031
005/050-Cycling-4y-DHAPPQ-ASAQ-AL,72,0.5739636649204735,2031
005/050-Cycling-4y-DHAPPQ-ASAQ-AL,73,0.5809921872506367,2031
005/050-Cycling-4y-DHAPPQ-ASAQ-AL,74,0.5368414244343188,2031
005/050-Cycling-4y-DHAPPQ-ASAQ-AL,75,0.4991487634308662,2031
005/050-Cycling-4y-DHAPPQ-ASAQ-AL,76,0.5513591394676295,2031
005/050-Cycling-4y-DHAPPQ-ASAQ-AL,77,0.5267549138003762,2031
005/050-Cycling-4y-DHAPPQ-ASAQ-AL,78,0.522767106307926,2031
005/050-Cycling-4y-DHAPPQ-ASAQ-AL,79,0.5565081514600184,2031
005/050-Cycling-4y-DHAPPQ-ASAQ-AL,80,0.5377399918331496,2031
005/050-Cycling-4y-DHAPPQ-ASAQ-AL,81,0.5450727862798337,2031
005/050-Cycling-4y-DHAPPQ-ASAQ-AL,82,0.5588799037000117,2031
005/050-Cycling-4y-DHAPPQ-ASAQ-AL,83,0.6047814894494447,2031
005/050-Cycling-4y-DHAPPQ-ASAQ-AL,84,0.562645297770934,2031
005/050-Cycling-4y-DHAPPQ-ASAQ-AL,85,0.4988790262916985,2031
005/050-Cycling-4y-DHAPPQ-ASAQ-AL,86,0.6503895594407736,2031
005/050-Cycling-4y-DHAPPQ-ASAQ-AL,87,0.5379268675986824,2031
005/050-Cycling-4y-DHAPPQ-ASAQ-AL,88,0.543420974049931,2031
005/050-Cycling-4y-DHAPPQ-ASAQ-AL,89,0.494384507774247,2031
005/050-Cycling-4y-DHAPPQ-ASAQ-AL,90,0.47264479003863963,2031
005/050-Cycling-4y-DHAPPQ-ASAQ-AL,91,0.454866493506306,2031
005/050-Cycling-4y-DHAPPQ-ASAQ-AL,92,0.5806423884362255,2031
005/050-Cycling-4y-DHAPPQ-ASAQ-AL,93,0.4628473536673503,2031
005/050-Cycling-4y-DHAPPQ-ASAQ-AL,94,0.5640312448094371,2031
005/050-Cycling-4y-DHAPPQ-ASAQ-AL,95,0.5960095801846391,2031
005/050-Cycling-4y-DHAPPQ-ASAQ-AL,96,0.5743372351200271,2031
005/050-Cycling-4y-DHAPPQ-ASAQ-AL,97,0.5066217180740372,2031
005/050-Cycling-4y-DHAPPQ-ASAQ-AL,98,0.5717956914164616,2031
005/050-Cycling-4y-DHAPPQ-ASAQ-AL,99,0.504323529401427,2031
005/051-mft-AL25-ASAQ75,0,0.5055519645977865,2031
005/051-mft-AL25-ASAQ75,1,0.35440249026627785,2031
005/051-mft-AL25-ASAQ75,2,0.43739609060411927,2031
005/051-mft-AL25-ASAQ75,3,0.4511631606060182,2031
005/051-mft-AL25-ASAQ75,4,0.4508594971499793,2031
005/051-mft-AL25-ASAQ75,5,0.5290671353500681,2031
005/051-mft-AL25-ASAQ75,6,0.4341272180987863,2031
005/051-mft-AL25-ASAQ75,7,0.5660437223689669,2031
005/051-mft-AL25-ASAQ75,8,0.5399918813841319,2031
005/051-mft-AL25-ASAQ75,9,0.4068993352454589,2031
005/051-mft-AL25-ASAQ75,10,0.5105343439244175,2031
005/051-mft-AL25-ASAQ75,11,0.46315144366047906,2031
005/051-mft-AL25-ASAQ75,12,0.46806825708190725,2031
005/051-mft-AL25-ASAQ75,13,0.3404851847079404,2031
005/051-mft-AL25-ASAQ75,14,0.4520341375631873,2031
005/051-mft-AL25-ASAQ75,15,0.4701805190169371,2031
005/051-mft-AL25-ASAQ75,16,0.518890605349589,2031
005/051-mft-AL25-ASAQ75,17,0.521658276664263,2031
005/051-mft-AL25-ASAQ75,18,0.4974455595379756,2031
005/051-mft-AL25-ASAQ75,19,0.5134948740161606,2031
005/051-mft-AL25-ASAQ75,20,0.4983979058825418,2031
005/051-mft-AL25-ASAQ75,21,0.5475049860702226,2031
005/051-mft-AL25-ASAQ75,22,0.5253559892430261,2031
005/051-mft-AL25-ASAQ75,23,0.5054053693515806,2031
005/051-mft-AL25-ASAQ75,24,0.5061593553323956,2031
005/051-mft-AL25-ASAQ75,25,0.42740759044678706,2031
005/051-mft-AL25-ASAQ75,26,0.40708611316746074,2031
005/051-mft-AL25-ASAQ75,27,0.49953075969104804,2031
005/051-mft-AL25-ASAQ75,28,0.5860459757196294,2031
005/051-mft-AL25-ASAQ75,29,0.5036949136249643,2031
005/051-mft-AL25-ASAQ75,30,0.4565099029231567,2031
005/051-mft-AL25-ASAQ75,31,0.5986392387542017,2031
005/051-mft-AL25-ASAQ75,32,0.43783077069082865,2031
005/051-mft-AL25-ASAQ75,33,0.45779602436335326,2031
005/051-mft-AL25-ASAQ75,34,0.5291184163554786,2031
005/051-mft-AL25-ASAQ75,35,0.5048437451388664,2031
005/051-mft-AL25-ASAQ75,36,0.45544182216285795,2031
005/051-mft-AL25-ASAQ75,37,0.5207618646333906,2031
005/051-mft-AL25-ASAQ75,38,0.44320231372445834,2031
005/051-mft-AL25-ASAQ75,39,0.4493308349729084,2031
005/051-mft-AL25-ASAQ75,40,0.4232185199780696,2031
005/051-mft-AL25-ASAQ75,41,0.44261022683841994,2031
005/051-mft-AL25-ASAQ75,42,0.3938336104876447,2031
005/051-mft-AL25-ASAQ75,43,0.42580349346938823,2031
005/051-mft-AL25-ASAQ75,44,0.5477314388722799,2031
005/051-mft-AL25-ASAQ75,45,0.4892360181356119,2031
005/051-mft-AL25-ASAQ75,46,0.6285733781350286,2031
005/051-mft-AL25-ASAQ75,47,0.5102626464643364,2031
005/051-mft-AL25-ASAQ75,48,0.5251737131075777,2031
005/051-mft-AL25-ASAQ75,49,0.3875760268217321,2031
005/051-mft-AL25-ASAQ75,50,0.522529350898512,2031
005/051-mft-AL25-ASAQ75,51,0.4275093249182828,2031
005/051-mft-AL25-ASAQ75,52,0.4311434491846185,2031
005/051-mft-AL25-ASAQ75,53,0.46810168751506676,2031
005/051-mft-AL25-ASAQ75,54,0.42766673789776294,2031
005/051-mft-AL25-ASAQ75,55,0.4202736993527793,2031
005/051-mft-AL25-ASAQ75,56,0.46891437142652115,2031
005/051-mft-AL25-ASAQ75,57,0.47193753118066323,2031
005/051-mft-AL25-ASAQ75,58,0.4911355851781083,2031
005/051-mft-AL25-ASAQ75,59,0.4534988052567863,2031
005/051-mft-AL25-ASAQ75,60,0.40610387237289713,2031
005/051-mft-AL25-ASAQ75,61,0.47397021728502403,2031
005/051-mft-AL25-ASAQ75,62,0.45599740118232274,2031
005/051-mft-AL25-ASAQ75,63,0.560012808044256,2031
005/051-mft-AL25-ASAQ75,64,0.40202251539889494,2031
005/051-mft-AL25-ASAQ75,65,0.4512740031365749,2031
005/051-mft-AL25-ASAQ75,66,0.48954517341964165,2031
005/051-mft-AL25-ASAQ75,67,0.3978837593733251,2031
005/051-mft-AL25-ASAQ75,68,0.3682842992457028,2031
005/051-mft-AL25-ASAQ75,69,0.47082641778264983,2031
005/051-mft-AL25-ASAQ75,70,0.4732861147651111,2031
005/051-mft-AL25-ASAQ75,71,0.44930249236492603,2031
005/051-mft-AL25-ASAQ75,72,0.5706908947295991,2031
005/051-mft-AL25-ASAQ75,73,0.41365752426588903,2031
005/051-mft-AL25-ASAQ75,74,0.4833939111501922,2031
005/051-mft-AL25-ASAQ75,75,0.45609232958158746,2031
005/051-mft-AL25-ASAQ75,76,0.4339124005825874,2031
005/051-mft-AL25-ASAQ75,77,0.5820226645579234,2031
005/051-mft-AL25-ASAQ75,78,0.4862913302192517,2031
005/051-mft-AL25-ASAQ75,79,0.4998285836231384,2031
005/051-mft-AL25-ASAQ75,80,0.560084072969405,2031
005/051-mft-AL25-ASAQ75,81,0.49442647004042933,2031
005/051-mft-AL25-ASAQ75,82,0.3892085663792451,2031
005/051-mft-AL25-ASAQ75,83,0.4465616841065357,2031
005/051-mft-AL25-ASAQ75,84,0.5196987976400046,2031
005/051-mft-AL25-ASAQ75,85,0.5475138951936174,2031
005/051-mft-AL25-ASAQ75,86,0.3904102245517176,2031
005/051-mft-AL25-ASAQ75,87,0.4818095058605518,2031
005/051-mft-AL25-ASAQ75,88,0.4484081256876009,2031
005/051-mft-AL25-ASAQ75,89,0.3887240812371063,2031
005/051-mft-AL25-ASAQ75,90,0.41552691569693584,2031
005/051-mft-AL25-ASAQ75,91,0.5229606934637082,2031
005/051-mft-AL25-ASAQ75,92,0.4619182138427736,2031
005/051-mft-AL25-ASAQ75,93,0.49339141694656236,2031
005/051-mft-AL25-ASAQ75,94,0.5277407701376738,2031
005/051-mft-AL25-ASAQ75,95,0.4478590625090737,2031
005/051-mft-AL25-ASAQ75,96,0.44355859360160466,2031
005/051-mft-AL25-ASAQ75,97,0.48347682710356815,2031
005/051-mft-AL25-ASAQ75,98,0.5838706864316171,2031
005/051-mft-AL25-ASAQ75,99,0.5876498182589199,2031
005/052-mft-AL25-DHAPPQ75,0,0.6670258638960861,2031
005/052-mft-AL25-DHAPPQ75,1,0.8119339034881142,2031
005/052-mft-AL25-DHAPPQ75,2,0.7316892100474376,2031
005/052-mft-AL25-DHAPPQ75,3,0.6007263319064053,2031
005/052-mft-AL25-DHAPPQ75,4,0.7418223225982733,2031
005/052-mft-AL25-DHAPPQ75,5,0.7810257059663365,2031
005/052-mft-AL25-DHAPPQ75,6,0.7090084718138495,2031
005/052-mft-AL25-DHAPPQ75,7,0.7668244609960855,2031
005/052-mft-AL25-DHAPPQ75,8,0.7359497864025232,2031
005/052-mft-AL25-DHAPPQ75,9,0.6988174831078339,2031
005/052-mft-AL25-DHAPPQ75,10,0.7772650561104854,2031
005/052-mft-AL25-DHAPPQ75,11,0.7445810767537898,2031
005/052-mft-AL25-DHAPPQ75,12,0.8243593298646673,2031
005/052-mft-AL25-DHAPPQ75,13,0.728364491911638,2031
005/052-mft-AL25-DHAPPQ75,14,0.7254709376971639,2031
005/052-mft-AL25-DHAPPQ75,15,0.7257640701122074,2031
005/052-mft-AL25-DHAPPQ75,16,0.7195761071834403,2031
005/052-mft-AL25-DHAPPQ75,17,0.7589943067692894,2031
005/052-mft-AL25-DHAPPQ75,18,0.7979908135310647,2031
005/052-mft-AL25-DHAPPQ75,19,0.6572959588319199,2031
005/052-mft-AL25-DHAPPQ75,20,0.7693826994106431,2031
005/052-mft-AL25-DHAPPQ75,21,0.7303727726233419,2031
005/052-mft-AL25-DHAPPQ75,22,0.6758934985052766,2031
005/052-mft-AL25-DHAPPQ75,23,0.7661923489730179,2031
005/052-mft-AL25-DHAPPQ75,24,0.7740473812479888,2031
005/052-mft-AL25-DHAPPQ75,25,0.7468770093879499,2031
005/052-mft-AL25-DHAPPQ75,26,0.755817182577924,2031
005/052-mft-AL25-DHAPPQ75,27,0.6399278069487744,2031
005/052-mft-AL25-DHAPPQ75,28,0.6951314970891002,2031
005/052-mft-AL25-DHAPPQ75,29,0.6730848060950346,2031
005/052-mft-AL25-DHAPPQ75,30,0.6195086966255755,2031
005/052-mft-AL25-DHAPPQ75,31,0.7748245930115951,2031
005/052-mft-AL25-DHAPPQ75,32,0.6825169678598949,2031
005/052-mft-AL25-DHAPPQ75,33,0.766696567855429,2031
005/052-mft-AL25-DHAPPQ75,34,0.760020203163652,2031
005/052-mft-AL25-DHAPPQ75,35,0.7261385851651257,2031
005/052-mft-AL25-DHAPPQ75,36,0.7704221264017215,2031
005/052-mft-AL25-DHAPPQ75,37,0.6587263338799173,2031
005/052-mft-AL25-DHAPPQ75,38,0.6424621485869543,2031
005/052-mft-AL25-DHAPPQ75,39,0.7829994345158804,2031
005/052-mft-AL25-DHAPPQ75,40,0.7931465981670002,2031
005/052-mft-AL25-DHAPPQ75,41,0.6727929144880304,2031
005/052-mft-AL25-DHAPPQ75,42,0.7753751059373822,2031
005/052-mft-AL25-DHAPPQ75,43,0.719276434630281,2031
005/052-mft-AL25-DHAPPQ75,44,0.6835051164349176,2031
005/052-mft-AL25-DHAPPQ75,45,0.6853974434385065,2031
005/052-mft-AL25-DHAPPQ75,46,0.7055844797258287,2031
005/052-mft-AL25-DHAPPQ75,47,0.7723208329366095,2031
005/052-mft-AL25-DHAPPQ75,48,0.7007239762087264,2031
005/052-mft-AL25-DHAPPQ75,49,0.6560184163590838,2031
005/052-mft-AL25-DHAPPQ75,50,0.7460100151506294,2031
005/052-mft-AL25-DHAPPQ75,51,0.7109798220510406,2031
005/052-mft-AL25-DHAPPQ75,52,0.7329579533783175,2031
005/052-mft-AL25-DHAPPQ75,53,0.7240734617821593,2031
005/052-mft-AL25-DHAPPQ75,54,0.7981672376205369,2031
005/052-mft-AL25-DHAPPQ75,55,0.6928969966573116,2031
005/052-mft-AL25-DHAPPQ75,56,0.7303535177840055,2031
005/052-mft-AL25-DHAPPQ75,57,0.6543500181947544,2031
005/052-mft-AL25-DHAPPQ75,58,0.7353492272475132,2031
005/052-mft-AL25-DHAPPQ75,59,0.7402155673874308,2031
005/052-mft-AL25-DHAPPQ75,60,0.740883516599996,2031
005/052-mft-AL25-DHAPPQ75,61,0.766072348180631,2031
005/052-mft-AL25-DHAPPQ75,62,0.7551533609198642,2031
005/052-mft-AL25-DHAPPQ75,63,0.7834596171057157,2031
005/052-mft-AL25-DHAPPQ75,64,0.7494060123048131,2031
005/052-mft-AL25-DHAPPQ75,65,0.6954772974904841,2031
005/052-mft-AL25-DHAPPQ75,66,0.7553019889432019,2031
005/052-mft-AL25-DHAPPQ75,67,0.7410568914994813,2031
005/052-mft-AL25-DHAPPQ75,68,0.7432550526300071,2031
005/052-mft-AL25-DHAPPQ75,69,0.6889607999127834,2031
005/052-mft-AL25-DHAPPQ75,70,0.7673531058062464,2031
005/052-mft-AL25-DHAPPQ75,71,0.7156041469400608,2031
005/052-mft-AL25-DHAPPQ75,72,0.7492950487066358,2031
005/052-mft-AL25-DHAPPQ75,73,0.6646917567797939,2031
005/052-mft-AL25-DHAPPQ75,74,0.7160008184389436,2031
005/052-mft-AL25-DHAPPQ75,75,0.6856167699159101,2031
005/052-mft-AL25-DHAPPQ75,76,0.7347565038893734,2031
005/052-mft-AL25-DHAPPQ75,77,0.6627464538320916,2031
005/052-mft-AL25-DHAPPQ75,78,0.7139725049714261,2031
005/052-mft-AL25-DHAPPQ75,79,0.707748113603511,2031
005/052-mft-AL25-DHAPPQ75,80,0.7322958558583684,2031
005/052-mft-AL25-DHAPPQ75,81,0.7210322206618867,2031
005/052-mft-AL25-DHAPPQ75,82,0.7579150687360028,2031
005/052-mft-AL25-DHAPPQ75,83,0.7347059528475982,2031
005/052-mft-AL25-DHAPPQ75,84,0.6409067250336902,2031
005/052-mft-AL25-DHAPPQ75,85,0.749960702071134,2031
005/052-mft-AL25-DHAPPQ75,86,0.6888350443419764,2031
005/052-mft-AL25-DHAPPQ75,87,0.7108696019179742,2031
005/052-mft-AL25-DHAPPQ75,88,0.7301654250873645,2031
005/052-mft-AL25-DHAPPQ75,89,0.7604747608798784,2031
005/052-mft-AL25-DHAPPQ75,90,0.7676719297055143,2031
005/052-mft-AL25-DHAPPQ75,91,0.778316861344166,2031
005/052-mft-AL25-DHAPPQ75,92,0.6673728389362057,2031
005/052-mft-AL25-DHAPPQ75,93,0.7089956031565748,2031
005/052-mft-AL25-DHAPPQ75,94,0.6262213261558038,2031
005/052-mft-AL25-DHAPPQ75,95,0.6658646536419122,2031
005/052-mft-AL25-DHAPPQ75,96,0.7574913180529176,2031
005/052-mft-AL25-DHAPPQ75,97,0.8408149283530406,2031
005/052-mft-AL25-DHAPPQ75,98,0.7447954777273638,2031
005/052-mft-AL25-DHAPPQ75,99,0.7818396324961797,2031
005/053-mft-ASAQ25-DHAPPQ75,0,0.6423003988025026,2031
005/053-mft-ASAQ25-DHAPPQ75,1,0.6799795920889428,2031
005/053-mft-ASAQ25-DHAPPQ75,2,0.6152417500615348,2031
005/053-mft-ASAQ25-DHAPPQ75,3,0.7286905125308567,2031
005/053-mft-ASAQ25-DHAPPQ75,4,0.6333002768189916,2031
005/053-mft-ASAQ25-DHAPPQ75,5,0.6549279016893176,2031
005/053-mft-ASAQ25-DHAPPQ75,6,0.617882128714113,2031
005/053-mft-ASAQ25-DHAPPQ75,7,0.6899230202788112,2031
005/053-mft-ASAQ25-DHAPPQ75,8,0.6209881091122491,2031
005/053-mft-ASAQ25-DHAPPQ75,9,0.6337050058425849,2031
005/053-mft-ASAQ25-DHAPPQ75,10,0.6901689143791706,2031
005/053-mft-ASAQ25-DHAPPQ75,11,0.6145853523709489,2031
005/053-mft-ASAQ25-DHAPPQ75,12,0.659009639050939,2031
005/053-mft-ASAQ25-DHAPPQ75,13,0.5753342272563704,2031
005/053-mft-ASAQ25-DHAPPQ75,14,0.668044833013167,2031
005/053-mft-ASAQ25-DHAPPQ75,15,0.6637685880131653,2031
005/053-mft-ASAQ25-DHAPPQ75,16,0.6533420329054838,2031
005/053-mft-ASAQ25-DHAPPQ75,17,0.713797706802044,2031
005/053-mft-ASAQ25-DHAPPQ75,18,0.6466356850414304,2031
005/053-mft-ASAQ25-DHAPPQ75,19,0.6253295325996407,2031
005/053-mft-ASAQ25-DHAPPQ75,20,0.7343944647474866,2031
005/053-mft-ASAQ25-DHAPPQ75,21,0.7696879297084145,2031
005/053-mft-ASAQ25-DHAPPQ75,22,0.6511170350831371,2031
005/053-mft-ASAQ25-DHAPPQ75,23,0.5470167266985629,2031
005/053-mft-ASAQ25-DHAPPQ75,24,0.6755339040028785,2031
005/053-mft-ASAQ25-DHAPPQ75,25,0.648295427930322,2031
005/053-mft-ASAQ25-DHAPPQ75,26,0.6341094489327973,2031
005/053-mft-ASAQ25-DHAPPQ75,27,0.7086268722092041,2031
005/053-mft-ASAQ25-DHAPPQ75,28,0.6050952283563453,2031
005/053-mft-ASAQ25-DHAPPQ75,29,0.6566415311797901,2031
005/053-mft-ASAQ25-DHAPPQ75,30,0.6957644029230211,2031
005/053-mft-ASAQ25-DHAPPQ75,31,0.6226431042186346,2031
005/053-mft-ASAQ25-DHAPPQ75,32,0.6427342890753215,2031
005/053-mft-ASAQ25-DHAPPQ75,33,0.7045732376355068,2031
005/053-mft-ASAQ25-DHAPPQ75,34,0.6176633881972574,2031
005/053-mft-ASAQ25-DHAPPQ75,35,0.6898196528265216,2031
005/053-mft-ASAQ25-DHAPPQ75,36,0.6515412345428605,2031
005/053-mft-ASAQ25-DHAPPQ75,37,0.681788375051967,2031
005/053-mft-ASAQ25-DHAPPQ75,38,0.7222822677463615,2031
005/053-mft-ASAQ25-DHAPPQ75,39,0.6419204086671081,2031
005/053-mft-ASAQ25-DHAPPQ75,40,0.5867436016136197,2031
005/053-mft-ASAQ25-DHAPPQ75,41,0.5949827292966327,2031
005/053-mft-ASAQ25-DHAPPQ75,42,0.6187602993207407,2031
005/053-mft-ASAQ25-DHAPPQ75,43,0.6836846852156232,2031
005/053-mft-ASAQ25-DHAPPQ75,44,0.6226054617330484,2031
005/053-mft-ASAQ25-DHAPPQ75,45,0.7603112456811915,2031
005/053-mft-ASAQ25-DHAPPQ75,46,0.6235175547490136,2031
005/053-mft-ASAQ25-DHAPPQ75,47,0.6899699388035341,2031
005/053-mft-ASAQ25-DHAPPQ75,48,0.6789867678291631,2031
005/053-mft-ASAQ25-DHAPPQ75,49,0.6557695860459384,2031
005/053-mft-ASAQ25-DHAPPQ75,50,0.6927170131397373,2031
005/053-mft-ASAQ25-DHAPPQ75,51,0.7628680592911875,2031
005/053-mft-ASAQ25-DHAPPQ75,52,0.5665648415025243,2031
005/053-mft-ASAQ25-DHAPPQ75,53,0.6113163990553128,2031
005/053-mft-ASAQ25-DHAPPQ75,54,0.5284095479111403,2031
005/053-mft-ASAQ25-DHAPPQ75,55,0.6666699253008495,2031
005/053-mft-ASAQ25-DHAPPQ75,56,0.6900781812472063,2031
005/053-mft-ASAQ25-DHAPPQ75,57,0.5885883214831931,2031
005/053-mft-ASAQ25-DHAPPQ75,58,0.6884275107526653,2031
005/053-mft-ASAQ25-DHAPPQ75,59,0.7142879286420891,2031
005/053-mft-ASAQ25-DHAPPQ75,60,0.6904210568041048,2031
005/053-mft-ASAQ25-DHAPPQ75,61,0.6254229856564373,2031
005/053-mft-ASAQ25-DHAPPQ75,62,0.5773136399020266,2031
005/053-mft-ASAQ25-DHAPPQ75,63,0.6544479250320544,2031
005/053-mft-ASAQ25-DHAPPQ75,64,0.6747856301751033,2031
005/053-mft-ASAQ25-DHAPPQ75,65,0.6445130752934037,2031
005/053-mft-ASAQ25-DHAPPQ75,66,0.7363634278541865,2031
005/053-mft-ASAQ25-DHAPPQ75,67,0.7368756696859003,2031
005/053-mft-ASAQ25-DHAPPQ75,68,0.6656279326878812,2031
005/053-mft-ASAQ25-DHAPPQ75,69,0.7169835990971906,2031
005/053-mft-ASAQ25-DHAPPQ75,70,0.6968741510613174,2031
005/053-mft-ASAQ25-DHAPPQ75,71,0.6581670914489208,2031
005/053-mft-ASAQ25-DHAPPQ75,72,0.5753132679079819,2031
005/053-mft-ASAQ25-DHAPPQ75,73,0.5786778711422863,2031
005/053-mft-ASAQ25-DHAPPQ75,74,0.7185863922931611,2031
005/053-mft-ASAQ25-DHAPPQ75,75,0.605173223111314,2031
005/053-mft-ASAQ25-DHAPPQ75,76,0.7548185272606295,2031
005/053-mft-ASAQ25-DHAPPQ75,77,0.7046782881533594,2031
005/053-mft-ASAQ25-DHAPPQ75,78,0.64082119267294,2031
005/053-mft-ASAQ25-DHAPPQ75,79,0.7110084406544602,2031
005/053-mft-ASAQ25-DHAPPQ75,80,0.6414854020686998,2031
005/053-mft-ASAQ25-DHAPPQ75,81,0.7188050259823854,2031
005/053-mft-ASAQ25-DHAPPQ75,82,0.6180609908640252,2031
005/053-mft-ASAQ25-DHAPPQ75,83,0.6785163090636166,2031
005/053-mft-ASAQ25-DHAPPQ75,84,0.5910463227008125,2031
005/053-mft-ASAQ25-DHAPPQ75,85,0.6816498377164192,2031
005/053-mft-ASAQ25-DHAPPQ75,86,0.6769891927897661,2031
005/053-mft-ASAQ25-DHAPPQ75,87,0.6944774363491315,2031
005/053-mft-ASAQ25-DHAPPQ75,88,0.6527504412159216,2031
005/053-mft-ASAQ25-DHAPPQ75,89,0.5999027846185654,2031
005/053-mft-ASAQ25-DHAPPQ75,90,0.7017193593791045,2031
005/053-mft-ASAQ25-DHAPPQ75,91,0.6605279078269818,2031
005/053-mft-ASAQ25-DHAPPQ75,92,0.720502222922942,2031
005/053-mft-ASAQ25-DHAPPQ75,93,0.6349171155382379,2031
005/053-mft-ASAQ25-DHAPPQ75,94,0.6230742859314405,2031
005/053-mft-ASAQ25-DHAPPQ75,95,0.6876951111073347,2031
005/053-mft-ASAQ25-DHAPPQ75,96,0.6918450301391464,2031
005/053-mft-ASAQ25-DHAPPQ75,97,0.6909575250143075,2031
005/053-mft-ASAQ25-DHAPPQ75,98,0.6583623059699153,2031
005/053-mft-ASAQ25-DHAPPQ75,99,0.6544159385836911,2031
005/054-mft-AL75-ASAQ25,0,0.538256814612625,2031
005/054-mft-AL75-ASAQ25,1,0.558736332935282,2031
005/054-mft-AL75-ASAQ25,2,0.7248172664829107,2031
005/054-mft-AL75-ASAQ25,3,0.6889291414814139,2031
005/054-mft-AL75-ASAQ25,4,0.6867672336051572,2031
005/054-mft-AL75-ASAQ25,5,0.5834752679117566,2031
005/054-mft-AL75-ASAQ25,6,0.6805133950131571,2031
005/054-mft-AL75-ASAQ25,7,0.6853844568340071,2031
005/054-mft-AL75-ASAQ25,8,0.6561594349587101,2031
005/054-mft-AL75-ASAQ25,9,0.6436861700049116,2031
005/054-mft-AL75-ASAQ25,10,0.6181846000965007,2031
005/054-mft-AL75-ASAQ25,11,0.6678618713998333,2031
005/054-mft-AL75-ASAQ25,12,0.6792459129130283,2031
005/054-mft-AL75-ASAQ25,13,0.7508072140957397,2031
005/054-mft-AL75-ASAQ25,14,0.696375086475897,2031
005/054-mft-AL75-ASAQ25,15,0.6975577718476598,2031
005/054-mft-AL75-ASAQ25,16,0.6610910283378981,2031
005/054-mft-AL75-ASAQ25,17,0.7155640476472559,2031
005/054-mft-AL75-ASAQ25,18,0.7500887374859957,2031
005/054-mft-AL75-ASAQ25,19,0.5575590047108304,2031
005/054-mft-AL75-ASAQ25,20,0.6946144370478429,2031
005/054-mft-AL75-ASAQ25,21,0.7534687765037643,2031
005/054-mft-AL75-ASAQ25,22,0.6931361312524821,2031
005/054-mft-AL75-ASAQ25,23,0.6309655083751596,2031
005/054-mft-AL75-ASAQ25,24,0.6300777685744602,2031
005/054-mft-AL75-ASAQ25,25,0.6165521803437962,2031
005/054-mft-AL75-ASAQ25,26,0.6439012493934281,2031
005/054-mft-AL75-ASAQ25,27,0.6782081505472366,2031
005/054-mft-AL75-ASAQ25,28,0.6739135727027653,2031
005/054-mft-AL75-ASAQ25,29,0.6970024670156558,2031
005/054-mft-AL75-ASAQ25,30,0.6546503295088794,2031
005/054-mft-AL75-ASAQ25,31,0.6521200322634094,2031
005/054-mft-AL75-ASAQ25,32,0.5709852935548249,2031
005/054-mft-AL75-ASAQ25,33,0.6370958452925132,2031
005/054-mft-AL75-ASAQ25,34,0.7015861829129125,2031
005/054-mft-AL75-ASAQ25,35,0.6328327120609306,2031
005/054-mft-AL75-ASAQ25,36,0.6416311838386833,2031
005/054-mft-AL75-ASAQ25,37,0.5308903095503458,2031
005/054-mft-AL75-ASAQ25,38,0.7050260786415361,2031
005/054-mft-AL75-ASAQ25,39,0.6734957945350887,2031
005/054-mft-AL75-ASAQ25,40,0.6593731435409019,2031
005/054-mft-AL75-ASAQ25,41,0.6096702708785121,2031
005/054-mft-AL75-ASAQ25,42,0.6224666684288855,2031
005/054-mft-AL75-ASAQ25,43,0.6835499386704642,2031
005/054-mft-AL75-ASAQ25,44,0.753620890830408,2031
005/054-mft-AL75-ASAQ25,45,0.7212624088911722,2031
005/054-mft-AL75-ASAQ25,46,0.6986481874772345,2031
005/054-mft-AL75-ASAQ25,47,0.6876421046683189,2031
005/054-mft-AL75-ASAQ25,48,0.5599476700171254,2031
005/054-mft-AL75-ASAQ25,49,0.59372837497217,2031
005/054-mft-AL75-ASAQ25,50,0.6105009380044601,2031
005/054-mft-AL75-ASAQ25,51,0.7146708273112049,2031
005/054-mft-AL75-ASAQ25,52,0.6715992054078986,2031
005/054-mft-AL75-ASAQ25,53,0.5806073634433915,2031
005/054-mft-AL75-ASAQ25,54,0.645289773297524,2031
005/054-mft-AL75-ASAQ25,55,0.6786608527704425,2031
005/054-mft-AL75-ASAQ25,56,0.646688451477842,2031
005/054-mft-AL75-ASAQ25,57,0.7176241106324991,2031
005/054-mft-AL75-ASAQ25,58,0.6217934645367674,2031
005/054-mft-AL75-ASAQ25,59,0.6410838201138988,2031
005/054-mft-AL75-ASAQ25,60,0.6508116819319251,2031
005/054-mft-AL75-ASAQ25,61,0.6082719036849096,2031
005/054-mft-AL75-ASAQ25,62,0.6353285147516231,2031
005/054-mft-AL75-ASAQ25,63,0.6992596791072682,2031
005/054-mft-AL75-ASAQ25,64,0.6055779650145267,2031
005/054-mft-AL75-ASAQ25,65,0.6218261369234224,2031
005/054-mft-AL75-ASAQ25,66,0.6656154321713554,2031
005/054-mft-AL75-ASAQ25,67,0.6501209231342769,2031
005/054-mft-AL75-ASAQ25,68,0.7531762952464546,2031
005/054-mft-AL75-ASAQ25,69,0.7813876506827689,2031
005/054-mft-AL75-ASAQ25,70,0.7244027592658995,2031
005/054-mft-AL75-ASAQ25,71,0.6484569743560321,2031
005/054-mft-AL75-ASAQ25,72,0.5719757438694509,2031
005/054-mft-AL75-ASAQ25,73,0.642316884258984,2031
005/054-mft-AL75-ASAQ25,74,0.7483333301262789,2031
005/054-mft-AL75-ASAQ25,75,0.6571981897527812,2031
005/054-mft-AL75-ASAQ25,76,0.6487653787707206,2031
005/054-mft-AL75-ASAQ25,77,0.7322722297224157,2031
005/054-mft-AL75-ASAQ25,78,0.5889646383690827,2031
005/054-mft-AL75-ASAQ25,79,0.7364219078017816,2031
005/054-mft-AL75-ASAQ25,80,0.6482270704242226,2031
005/054-mft-AL75-ASAQ25,81,0.6890510240730303,2031
005/054-mft-AL75-ASAQ25,82,0.7554342730211276,2031
005/054-mft-AL75-ASAQ25,83,0.6342421959660779,2031
005/054-mft-AL75-ASAQ25,84,0.5738079888614518,2031
005/054-mft-AL75-ASAQ25,85,0.6442010748260344,2031
005/054-mft-AL75-ASAQ25,86,0.7124781951796998,2031
005/054-mft-AL75-ASAQ25,87,0.7609214277328488,2031
005/054-mft-AL75-ASAQ25,88,0.7089830866685575,2031
005/054-mft-AL75-ASAQ25,89,0.6897207691716413,2031
005/054-mft-AL75-ASAQ25,90,0.6426860953893022,2031
005/054-mft-AL75-ASAQ25,91,0.5658773093645756,2031
005/054-mft-AL75-ASAQ25,92,0.5952281968339925,2031
005/054-mft-AL75-ASAQ25,93,0.7281796492557705,2031
005/054-mft-AL75-ASAQ25,94,0.7387500812014159,2031
005/054-mft-AL75-ASAQ25,95,0.6280610501036578,2031
005/054-mft-AL75-ASAQ25,96,0.6759482291218043,2031
005/054-mft-AL75-ASAQ25,97,0.7456068205653096,2031
005/054-mft-AL75-ASAQ25,98,0.6398667921786155,2031
005/054-mft-AL75-ASAQ25,99,0.6912553861449408,2031
005/055-mft-AL75-DHAPPQ25,0,0.6759197267802742,2031
005/055-mft-AL75-DHAPPQ25,1,0.6545349700533123,2031
005/055-mft-AL75-DHAPPQ25,2,0.7095662529451467,2031
005/055-mft-AL75-DHAPPQ25,3,0.7967741045796014,2031
005/055-mft-AL75-DHAPPQ25,4,0.6911321858147277,2031
005/055-mft-AL75-DHAPPQ25,5,0.6623094496807408,2031
005/055-mft-AL75-DHAPPQ25,6,0.6326001102742509,2031
005/055-mft-AL75-DHAPPQ25,7,0.6721505948954986,2031
005/055-mft-AL75-DHAPPQ25,8,0.7800649876071782,2031
005/055-mft-AL75-DHAPPQ25,9,0.679237212023447,2031
005/055-mft-AL75-DHAPPQ25,10,0.7831747165323666,2031
005/055-mft-AL75-DHAPPQ25,11,0.6505181541004348,2031
005/055-mft-AL75-DHAPPQ25,12,0.6477094484743912,2031
005/055-mft-AL75-DHAPPQ25,13,0.6819358337507803,2031
005/055-mft-AL75-DHAPPQ25,14,0.5800936934722934,2031
005/055-mft-AL75-DHAPPQ25,15,0.7008418319680306,2031
005/055-mft-AL75-DHAPPQ25,16,0.7240323275526888,2031
005/055-mft-AL75-DHAPPQ25,17,0.6966728849989333,2031
005/055-mft-AL75-DHAPPQ25,18,0.7557636930374069,2031
005/055-mft-AL75-DHAPPQ25,19,0.6992443144598842,2031
005/055-mft-AL75-DHAPPQ25,20,0.7582353773719074,2031
005/055-mft-AL75-DHAPPQ25,21,0.671950654602567,2031
005/055-mft-AL75-DHAPPQ25,22,0.7478610325895896,2031
005/055-mft-AL75-DHAPPQ25,23,0.6469864834224807,2031
005/055-mft-AL75-DHAPPQ25,24,0.6876952810066461,2031
005/055-mft-AL75-DHAPPQ25,25,0.7693806695519897,2031
005/055-mft-AL75-DHAPPQ25,26,0.5249139981440457,2031
005/055-mft-AL75-DHAPPQ25,27,0.6951602573444139,2031
005/055-mft-AL75-DHAPPQ25,28,0.6654507824811461,2031
005/055-mft-AL75-DHAPPQ25,29,0.7107772522328072,2031
005/055-mft-AL75-DHAPPQ25,30,0.6893734342939863,2031
005/055-mft-AL75-DHAPPQ25,31,0.6825464490149385,2031
005/055-mft-AL75-DHAPPQ25,32,0.729051952264992,2031
005/055-mft-AL75-DHAPPQ25,33,0.6071161005612916,2031
005/055-mft-AL75-DHAPPQ25,34,0.6178107820223927,2031
005/055-mft-AL75-DHAPPQ25,35,0.6040222571751244,2031
005/055-mft-AL75-DHAPPQ25,36,0.7159631148847466,2031
005/055-mft-AL75-DHAPPQ25,37,0.6999593987313939,2031
005/055-mft-AL75-DHAPPQ25,38,0.592149436524558,2031
005/055-mft-AL75-DHAPPQ25,39,0.70445392697627,2031
005/055-mft-AL75-DHAPPQ25,40,0.6797623334602124,2031
005/055-mft-AL75-DHAPPQ25,41,0.6677592306032564,2031
005/055-mft-AL75-DHAPPQ25,42,0.6852768414826547,2031
005/055-mft-AL75-DHAPPQ25,43,0.7006124221119724,2031
005/055-mft-AL75-DHAPPQ25,44,0.7177407455646541,2031
005/055-mft-AL75-DHAPPQ25,45,0.8633521754114256,2031
005/055-mft-AL75-DHAPPQ25,46,0.5066266549811352,2031
005/055-mft-AL75-DHAPPQ25,47,0.7325543567006162,2031
005/055-mft-AL75-DHAPPQ25,48,0.6989959606604425,2031
005/055-mft-AL75-DHAPPQ25,49,0.7676148555429482,2031
005/055-mft-AL75-DHAPPQ25,50,0.721155807568237,2031
005/055-mft-AL75-DHAPPQ25,51,0.5419505416892497,2031
005/055-mft-AL75-DHAPPQ25,52,0.8520642665191059,2031
005/055-mft-AL75-DHAPPQ25,53,0.6593974336934988,2031
005/055-mft-AL75-DHAPPQ25,54,0.7801411383615998,2031
005/055-mft-AL75-DHAPPQ25,55,0.7176104286288035,2031
005/055-mft-AL75-DHAPPQ25,56,0.7528552552040993,2031
005/055-mft-AL75-DHAPPQ25,57,0.7341928142004263,2031
005/055-mft-AL75-DHAPPQ25,58,0.7715744478522658,2031
005/055-mft-AL75-DHAPPQ25,59,0.7020725890775664,2031
005/055-mft-AL75-DHAPPQ25,60,0.7846429393202546,2031
005/055-mft-AL75-DHAPPQ25,61,0.6896615691689738,2031
005/055-mft-AL75-DHAPPQ25,62,0.6804157960945343,2031
005/055-mft-AL75-DHAPPQ25,63,0.638219304563196,2031
005/055-mft-AL75-DHAPPQ25,64,0.7573711124175452,2031
005/055-mft-AL75-DHAPPQ25,65,0.7085557393592173,2031
005/055-mft-AL75-DHAPPQ25,66,0.6672377925660583,2031
005/055-mft-AL75-DHAPPQ25,67,0.6161324478900392,2031
005/055-mft-AL75-DHAPPQ25,68,0.6121168264007992,2031
005/055-mft-AL75-DHAPPQ25,69,0.8740325588791557,2031
005/055-mft-AL75-DHAPPQ25,70,0.6994496737265689,2031
005/055-mft-AL75-DHAPPQ25,71,0.5864658130540903,2031
005/055-mft-AL75-DHAPPQ25,72,0.6530323668324872,2031
005/055-mft-AL75-DHAPPQ25,73,0.6851147744235355,2031
005/055-mft-AL75-DHAPPQ25,74,0.6674464100569795,2031
005/055-mft-AL75-DHAPPQ25,75,0.6706860826803028,2031
005/055-mft-AL75-DHAPPQ25,76,0.71385267537664,2031
005/055-mft-AL75-DHAPPQ25,77,0.7587823287058003,2031
005/055-mft-AL75-DHAPPQ25,78,0.7662906216358714,2031
005/055-mft-AL75-DHAPPQ25,79,0.7551788290359558,2031
005/055-mft-AL75-DHAPPQ25,80,0.7677443254687114,2031
005/055-mft-AL75-DHAPPQ25,81,0.6693378600026323,2031
005/055-mft-AL75-DHAPPQ25,82,0.6192317967507363,2031
005/055-mft-AL75-DHAPPQ25,83,0.6271846278440836,2031
005/055-mft-AL75-DHAPPQ25,84,0.7436627738878278,2031
005/055-mft-AL75-DHAPPQ25,85,0.7413246623160883,2031
005/055-mft-AL75-DHAPPQ25,86,0.6664635142700355,2031
005/055-mft-AL75-DHAPPQ25,87,0.6720427739168285,2031
005/055-mft-AL75-DHAPPQ25,88,0.7801902485074992,2031
005/055-mft-AL75-DHAPPQ25,89,0.8054815298983579,2031
005/055-mft-AL75-DHAPPQ25,90,0.6257867198394457,2031
005/055-mft-AL75-DHAPPQ25,91,0.6671760553716709,2031
005/055-mft-AL75-DHAPPQ25,92,0.7865375130733155,2031
005/055-mft-AL75-DHAPPQ25,93,0.6553926971232162,2031
005/055-mft-AL75-DHAPPQ25,94,0.5985959180213006,2031
005/055-mft-AL75-DHAPPQ25,95,0.7766675150752941,2031
005/055-mft-AL75-DHAPPQ25,96,0.7873565322764201,2031
005/055-mft-AL75-DHAPPQ25,97,0.6984419692135738,2031
005/055-mft-AL75-DHAPPQ25,98,0.5933957238630491,2031
005/055-mft-AL75-DHAPPQ25,99,0.661199523189529,2031
005/056-mft-ASAQ75-DHAPPQ25,0,0.48559840400286164,2031
005/056-mft-ASAQ75-DHAPPQ25,1,0.3950887634855031,2031
005/056-mft-ASAQ75-DHAPPQ25,2,0.5400582464984017,2031
005/056-mft-ASAQ75-DHAPPQ25,3,0.42392443370750615,2031
005/056-mft-ASAQ75-DHAPPQ25,4,0.3190495264762007,2031
005/056-mft-ASAQ75-DHAPPQ25,5,0.35360688248844424,2031
005/056-mft-ASAQ75-DHAPPQ25,6,0.3491442068550111,2031
005/056-mft-ASAQ75-DHAPPQ25,7,0.4385931826708953,2031
005/056-mft-ASAQ75-DHAPPQ25,8,0.3654741592881636,2031
005/056-mft-ASAQ75-DHAPPQ25,9,0.30119086623669583,2031
005/056-mft-ASAQ75-DHAPPQ25,10,0.4213703491353389,2031
005/056-mft-ASAQ75-DHAPPQ25,11,0.4176063138078229,2031
005/056-mft-ASAQ75-DHAPPQ25,12,0.3715476196376329,2031
005/056-mft-ASAQ75-DHAPPQ25,13,0.3949568046169074,2031
005/056-mft-ASAQ75-DHAPPQ25,14,0.36619184962550294,2031
005/056-mft-ASAQ75-DHAPPQ25,15,0.332781474927097,2031
005/056-mft-ASAQ75-DHAPPQ25,16,0.4710340306086227,2031
005/056-mft-ASAQ75-DHAPPQ25,17,0.42182223313005407,2031
005/056-mft-ASAQ75-DHAPPQ25,18,0.4761425696117554,2031
005/056-mft-ASAQ75-DHAPPQ25,19,0.3179007735043139,2031
005/056-mft-ASAQ75-DHAPPQ25,20,0.4103193754963712,2031
005/056-mft-ASAQ75-DHAPPQ25,21,0.4920527721770844,2031
005/056-mft-ASAQ75-DHAPPQ25,22,0.4466320855795905,2031
005/056-mft-ASAQ75-DHAPPQ25,23,0.49461945700515614,2031
005/056-mft-ASAQ75-DHAPPQ25,24,0.3780154734901778,2031
005/056-mft-ASAQ75-DHAPPQ25,25,0.3749357127572346,2031
005/056-mft-ASAQ75-DHAPPQ25,26,0.3829660436102913,2031
005/056-mft-ASAQ75-DHAPPQ25,27,0.4009631283290917,2031
005/056-mft-ASAQ75-DHAPPQ25,28,0.4175590706817052,2031
005/056-mft-ASAQ75-DHAPPQ25,29,0.4721673248476654,2031
005/056-mft-ASAQ75-DHAPPQ25,30,0.3793822404051623,2031
005/056-mft-ASAQ75-DHAPPQ25,31,0.4333815426887247,2031
005/056-mft-ASAQ75-DHAPPQ25,32,0.45195253474647284,2031
005/056-mft-ASAQ75-DHAPPQ25,33,0.4474221145776676,2031
005/056-mft-ASAQ75-DHAPPQ25,34,0.4315662823894176,2031
005/056-mft-ASAQ75-DHAPPQ25,35,0.40635875801196447,2031
005/056-mft-ASAQ75-DHAPPQ25,36,0.44235096424441506,2031
005/056-mft-ASAQ75-DHAPPQ25,37,0.48008596388867364,2031
005/056-mft-ASAQ75-DHAPPQ25,38,0.43045146262043027,2031
005/056-mft-ASAQ75-DHAPPQ25,39,0.3593692366015436,2031
005/056-mft-ASAQ75-DHAPPQ25,40,0.4509717266930966,2031
005/056-mft-ASAQ75-DHAPPQ25,41,0.41927338660380004,2031
005/056-mft-ASAQ75-DHAPPQ25,42,0.3699421930539306,2031
005/056-mft-ASAQ75-DHAPPQ25,43,0.3705007783564287,2031
005/056-mft-ASAQ75-DHAPPQ25,44,0.4078301454819113,2031
005/056-mft-ASAQ75-DHAPPQ25,45,0.48620266587005845,2031
005/056-mft-ASAQ75-DHAPPQ25,46,0.39612587552867823,2031
005/056-mft-ASAQ75-DHAPPQ25,47,0.3550867041182017,2031
005/056-mft-ASAQ75-DHAPPQ25,48,0.41067945287396723,2031
005/056-mft-ASAQ75-DHAPPQ25,49,0.4737423566488715,2031
005/056-mft-ASAQ75-DHAPPQ25,50,0.504846170803521,2031
005/056-mft-ASAQ75-DHAPPQ25,51,0.4478043152974345,2031
005/056-mft-ASAQ75-DHAPPQ25,52,0.4319830699352887,2031
005/056-mft-ASAQ75-DHAPPQ25,53,0.40189944036513486,2031
005/056-mft-ASAQ75-DHAPPQ25,54,0.3923388519844279,2031
005/056-mft-ASAQ75-DHAPPQ25,55,0.3762225233955328,2031
005/056-mft-ASAQ75-DHAPPQ25,56,0.40481522503003226,2031
005/056-mft-ASAQ75-DHAPPQ25,57,0.37516095066422267,2031
005/056-mft-ASAQ75-DHAPPQ25,58,0.4142072588715104,2031
005/056-mft-ASAQ75-DHAPPQ25,59,0.4050566128343563,2031
005/056-mft-ASAQ75-DHAPPQ25,60,0.30580863644375955,2031
005/056-mft-ASAQ75-DHAPPQ25,61,0.46225435474122656,2031
005/056-mft-ASAQ75-DHAPPQ25,62,0.46801423109290513,2031
005/056-mft-ASAQ75-DHAPPQ25,63,0.4092116294698159,2031
005/056-mft-ASAQ75-DHAPPQ25,64,0.3722774958814914,2031
005/056-mft-ASAQ75-DHAPPQ25,65,0.3475543383741489,2031
005/056-mft-ASAQ75-DHAPPQ25,66,0.30064783830919467,2031
005/056-mft-ASAQ75-DHAPPQ25,67,0.3810606624517974,2031
005/056-mft-ASAQ75-DHAPPQ25,68,0.42425411257742396,2031
005/056-mft-ASAQ75-DHAPPQ25,69,0.41069435284759326,2031
005/056-mft-ASAQ75-DHAPPQ25,70,0.3673170733541835,2031
005/056-mft-ASAQ75-DHAPPQ25,71,0.4530824219944904,2031
005/056-mft-ASAQ75-DHAPPQ25,72,0.3229726547804684,2031
005/056-mft-ASAQ75-DHAPPQ25,73,0.42141194689904876,2031
005/056-mft-ASAQ75-DHAPPQ25,74,0.3514998577583704,2031
005/056-mft-ASAQ75-DHAPPQ25,75,0.3982329388688057,2031
005/056-mft-ASAQ75-DHAPPQ25,76,0.4225958381526426,2031
005/056-mft-ASAQ75-DHAPPQ25,77,0.43451245284634066,2031
005/056-mft-ASAQ75-DHAPPQ25,78,0.38137431813864237,2031
005/056-mft-ASAQ75-DHAPPQ25,79,0.45000808244079565,2031
005/056-mft-ASAQ75-DHAPPQ25,80,0.4593088757578667,2031
005/056-mft-ASAQ75-DHAPPQ25,81,0.3539586867434617,2031
005/056-mft-ASAQ75-DHAPPQ25,82,0.41240801903459695,2031
005/056-mft-ASAQ75-DHAPPQ25,83,0.3610619710384156,2031
005/056-mft-ASAQ75-DHAPPQ25,84,0.46933023153197,2031
005/056-mft-ASAQ75-DHAPPQ25,85,0.4482650957276277,2031
005/056-mft-ASAQ75-DHAPPQ25,86,0.38453396439308546,2031
005/056-mft-ASAQ75-DHAPPQ25,87,0.4955325907413201,2031
005/056-mft-ASAQ75-DHAPPQ25,88,0.4218888557565141,2031
005/056-mft-ASAQ75-DHAPPQ25,89,0.38380698426805354,2031
005/056-mft-ASAQ75-DHAPPQ25,90,0.40693697167800963,2031
005/056-mft-ASAQ75-DHAPPQ25,91,0.42822994304616935,2031
005/056-mft-ASAQ75-DHAPPQ25,92,0.35780365276778947,2031
005/056-mft-ASAQ75-DHAPPQ25,93,0.4546578006983885,2031
005/056-mft-ASAQ75-DHAPPQ25,94,0.33148516064584405,2031
005/056-mft-ASAQ75-DHAPPQ25,95,0.3189822662570214,2031
005/056-mft-ASAQ75-DHAPPQ25,96,0.38307042810325037,2031
005/056-mft-ASAQ75-DHAPPQ25,97,0.2541294836709659,2031
005/056-mft-ASAQ75-DHAPPQ25,98,0.4319689744252759,2031
005/056-mft-ASAQ75-DHAPPQ25,99,0.4373126452306468,2031
005/057-mft-AL50-ASAQ50,0,0.580272309055646,2031
005/057-mft-AL50-ASAQ50,1,0.48780123890061583,2031
005/057-mft-AL50-ASAQ50,2,0.6055558797622503,2031
005/057-mft-AL50-ASAQ50,3,0.49358176235769285,2031
005/057-mft-AL50-ASAQ50,4,0.5416687420092695,2031
005/057-mft-AL50-ASAQ50,5,0.5350546880949368,2031
005/057-mft-AL50-ASAQ50,6,0.5040204824788965,2031
005/057-mft-AL50-ASAQ50,7,0.5995617367719264,2031
005/057-mft-AL50-ASAQ50,8,0.4841292182483583,2031
005/057-mft-AL50-ASAQ50,9,0.5260435660967947,2031
005/057-mft-AL50-ASAQ50,10,0.6019758461191407,2031
005/057-mft-AL50-ASAQ50,11,0.5870743134274917,2031
005/057-mft-AL50-ASAQ50,12,0.6659141605038718,2031
005/057-mft-AL50-ASAQ50,13,0.5641194314865982,2031
005/057-mft-AL50-ASAQ50,14,0.46324486208309484,2031
005/057-mft-AL50-ASAQ50,15,0.5374372694390231,2031
005/057-mft-AL50-ASAQ50,16,0.36663622193425227,2031
005/057-mft-AL50-ASAQ50,17,0.588166964805339,2031
005/057-mft-AL50-ASAQ50,18,0.6458213393066407,2031
005/057-mft-AL50-ASAQ50,19,0.648322586350285,2031
005/057-mft-AL50-ASAQ50,20,0.5410387446560437,2031
005/057-mft-AL50-ASAQ50,21,0.529417222877502,2031
005/057-mft-AL50-ASAQ50,22,0.5687955373845028,2031
005/057-mft-AL50-ASAQ50,23,0.5095697647788741,2031
005/057-mft-AL50-ASAQ50,24,0.6243120234818008,2031
005/057-mft-AL50-ASAQ50,25,0.5470160826525292,2031
005/057-mft-AL50-ASAQ50,26,0.6507853893358556,2031
005/057-mft-AL50-ASAQ50,27,0.5675144606900686,2031
005/057-mft-AL50-ASAQ50,28,0.6083664234085758,2031
005/057-mft-AL50-ASAQ50,29,0.5339588759592754,2031
005/057-mft-AL50-ASAQ50,30,0.4824047747037734,2031
005/057-mft-AL50-ASAQ50,31,0.5191627529813868,2031
005/057-mft-AL50-ASAQ50,32,0.5839216142747572,2031
005/057-mft-AL50-ASAQ50,33,0.5157836241311893,2031
005/057-mft-AL50-ASAQ50,34,0.5836989383597323,2031
005/057-mft-AL50-ASAQ50,35,0.5044098437408889,2031
005/057-mft-AL50-ASAQ50,36,0.703454484799705,2031
005/057-mft-AL50-ASAQ50,37,0.6548685397761536,2031
005/057-mft-AL50-ASAQ50,38,0.5546216527033562,2031
005/057-mft-AL50-ASAQ50,39,0.5574179293996644,2031
005/057-mft-AL50-ASAQ50,40,0.6657181444280165,2031
005/057-mft-AL50-ASAQ50,41,0.5685806159042754,2031
005/057-mft-AL50-ASAQ50,42,0.5092862530239386,2031
005/057-mft-AL50-ASAQ50,43,0.5136192032209846,2031
005/057-mft-AL50-ASAQ50,44,0.6895597051333396,2031
005/057-mft-AL50-ASAQ50,45,0.6203566303643285,2031
005/057-mft-AL50-ASAQ50,46,0.6450485437174597,2031
005/057-mft-AL50-ASAQ50,47,0.5428353304137984,2031
005/057-mft-AL50-ASAQ50,48,0.7523220817645849,2031
005/057-mft-AL50-ASAQ50,49,0.5053123272698333,2031
005/057-mft-AL50-ASAQ50,50,0.5617224788253666,2031
005/057-mft-AL50-ASAQ50,51,0.6164008012380057,2031
005/057-mft-AL50-ASAQ50,52,0.616908559007334,2031
005/057-mft-AL50-ASAQ50,53,0.5997703391186935,2031
005/057-mft-AL50-ASAQ50,54,0.5320112677515936,2031
005/057-mft-AL50-ASAQ50,55,0.6179173402436818,2031
005/057-mft-AL50-ASAQ50,56,0.5081302595202325,2031
005/057-mft-AL50-ASAQ50,57,0.5696265071411543,2031
005/057-mft-AL50-ASAQ50,58,0.5224027189869888,2031
005/057-mft-AL50-ASAQ50,59,0.6000535046936233,2031
005/057-mft-AL50-ASAQ50,60,0.5412984206082266,2031
005/057-mft-AL50-ASAQ50,61,0.5398767350217576,2031
005/057-mft-AL50-ASAQ50,62,0.5833435233465518,2031
005/057-mft-AL50-ASAQ50,63,0.625546463165501,2031
005/057-mft-AL50-ASAQ50,64,0.5578486065322426,2031
005/057-mft-AL50-ASAQ50,65,0.6361727819782611,2031
005/057-mft-AL50-ASAQ50,66,0.5925704447586929,2031
005/057-mft-AL50-ASAQ50,67,0.5703368872335394,2031
005/057-mft-AL50-ASAQ50,68,0.57893610023522,2031
005/057-mft-AL50-ASAQ50,69,0.5353828386919379,2031
005/057-mft-AL50-ASAQ50,70,0.6895439074988481,2031
005/057-mft-AL50-ASAQ50,71,0.617970875509212,2031
005/057-mft-AL50-ASAQ50,72,0.5246759319758073,2031
005/057-mft-AL50-ASAQ50,73,0.48215303548930954,2031
005/057-mft-AL50-ASAQ50,74,0.5679095224998073,2031
005/057-mft-AL50-ASAQ50,75,0.553258579189083,2031
005/057-mft-AL50-ASAQ50,76,0.5748719276073319,2031
005/057-mft-AL50-ASAQ50,77,0.49263641817240184,2031
005/057-mft-AL50-ASAQ50,78,0.5705425507667651,2031
005/057-mft-AL50-ASAQ50,79,0.6535699747520014,2031
005/057-mft-AL50-ASAQ50,80,0.5200849207499901,2031
005/057-mft-AL50-ASAQ50,81,0.466287693722835,2031
005/057-mft-AL50-ASAQ50,82,0.5024577482357556,2031
005/057-mft-AL50-ASAQ50,83,0.6050440720688581,2031
005/057-mft-AL50-ASAQ50,84,0.5610690342584476,2031
005/057-mft-AL50-ASAQ50,85,0.6792190645173832,2031
005/057-mft-AL50-ASAQ50,86,0.5527622057433373,2031
005/057-mft-AL50-ASAQ50,87,0.5693262746516621,2031
005/057-mft-AL50-ASAQ50,88,0.6300137986265816,2031
005/057-mft-AL50-ASAQ50,89,0.6480370085167496,2031
005/057-mft-AL50-ASAQ50,90,0.40184758151661876,2031
005/057-mft-AL50-ASAQ50,91,0.5970346480032215,2031
005/057-mft-AL50-ASAQ50,92,0.566922304652116,2031
005/057-mft-AL50-ASAQ50,93,0.5707931243337515,2031
005/057-mft-AL50-ASAQ50,94,0.6380145039439752,2031
005/057-mft-AL50-ASAQ50,95,0.520747742761788,2031
005/057-mft-AL50-ASAQ50,96,0.5605404349316448,2031
005/057-mft-AL50-ASAQ50,97,0.5351276458980138,2031
005/057-mft-AL50-ASAQ50,98,0.5399540046398984,2031
005/057-mft-AL50-ASAQ50,99,0.7280554536140643,2031
005/058-mft-AL50-DHAPPQ50,0,0.6291808418864177,2031
005/058-mft-AL50-DHAPPQ50,1,0.6117782807005432,2031
005/058-mft-AL50-DHAPPQ50,2,0.6186441088083753,2031
005/058-mft-AL50-DHAPPQ50,3,0.655671621411311,2031
005/058-mft-AL50-DHAPPQ50,4,0.6250440102366812,2031
005/058-mft-AL50-DHAPPQ50,5,0.7376847323876699,2031
005/058-mft-AL50-DHAPPQ50,6,0.6371908592599315,2031
005/058-mft-AL50-DHAPPQ50,7,0.5485435971078215,2031
005/058-mft-AL50-DHAPPQ50,8,0.6576891467832134,2031
005/058-mft-AL50-DHAPPQ50,9,0.6876412118529549,2031
005/058-mft-AL50-DHAPPQ50,10,0.7662445903259516,2031
005/058-mft-AL50-DHAPPQ50,11,0.6852149834868143,2031
005/058-mft-AL50-DHAPPQ50,12,0.6119456414883587,2031
005/058-mft-AL50-DHAPPQ50,13,0.554912287734267,2031
005/058-mft-AL50-DHAPPQ50,14,0.663181369526212,2031
005/058-mft-AL50-DHAPPQ50,15,0.6702121021350096,2031
005/058-mft-AL50-DHAPPQ50,16,0.6780604897303965,2031
005/058-mft-AL50-DHAPPQ50,17,0.6717628656710634,2031
005/058-mft-AL50-DHAPPQ50,18,0.5947105008340271,2031
005/058-mft-AL50-DHAPPQ50,19,0.7009987389664251,2031
005/058-mft-AL50-DHAPPQ50,20,0.6942031321323023,2031
005/058-mft-AL50-DHAPPQ50,21,0.6841392284995211,2031
005/058-mft-AL50-DHAPPQ50,22,0.6854876868967376,2031
005/058-mft-AL50-DHAPPQ50,23,0.5679487075769504,2031
005/058-mft-AL50-DHAPPQ50,24,0.6244860736182464,2031
005/058-mft-AL50-DHAPPQ50,25,0.5981211828910427,2031
005/058-mft-AL50-DHAPPQ50,26,0.7123703615802947,2031
005/058-mft-AL50-DHAPPQ50,27,0.6172481688699544,2031
005/058-mft-AL50-DHAPPQ50,28,0.5887289309358659,2031
005/058-mft-AL50-DHAPPQ50,29,0.537586622460224,2031
005/058-mft-AL50-DHAPPQ50,30,0.6842086133547944,2031
005/058-mft-AL50-DHAPPQ50,31,0.5812541361402829,2031
005/058-mft-AL50-DHAPPQ50,32,0.653791756940609,2031
005/058-mft-AL50-DHAPPQ50,33,0.5865372475949591,2031
005/058-mft-AL50-DHAPPQ50,34,0.53793464921677,2031
005/058-mft-AL50-DHAPPQ50,35,0.7170455143452091,2031
005/058-mft-AL50-DHAPPQ50,36,0.6787457753235618,2031
005/058-mft-AL50-DHAPPQ50,37,0.6914550422518783,2031
005/058-mft-AL50-DHAPPQ50,38,0.656097479600351,2031
005/058-mft-AL50-DHAPPQ50,39,0.6944921211992311,2031
005/058-mft-AL50-DHAPPQ50,40,0.7489468942411869,2031
005/058-mft-AL50-DHAPPQ50,41,0.6546381862327678,2031
005/058-mft-AL50-DHAPPQ50,42,0.7471895644337145,2031
005/058-mft-AL50-DHAPPQ50,43,0.6687927126153149,2031
005/058-mft-AL50-DHAPPQ50,44,0.710916731450178,2031
005/058-mft-AL50-DHAPPQ50,45,0.5966751927935589,2031
005/058-mft-AL50-DHAPPQ50,46,0.6408644921228669,2031
005/058-mft-AL50-DHAPPQ50,47,0.6721746175576243,2031
005/058-mft-AL50-DHAPPQ50,48,0.7159411654605822,2031
005/058-mft-AL50-DHAPPQ50,49,0.5900519152544544,2031
005/058-mft-AL50-DHAPPQ50,50,0.5426922680760079,2031
005/058-mft-AL50-DHAPPQ50,51,0.6749727434905464,2031
005/058-mft-AL50-DHAPPQ50,52,0.6428610595697003,2031
005/058-mft-AL50-DHAPPQ50,53,0.6668930791420021,2031
005/058-mft-AL50-DHAPPQ50,54,0.5618261996463312,2031
005/058-mft-AL50-DHAPPQ50,55,0.6451175807912632,2031
005/058-mft-AL50-DHAPPQ50,56,0.7234512606412197,2031
005/058-mft-AL50-DHAPPQ50,57,0.6533399040101426,2031
005/058-mft-AL50-DHAPPQ50,58,0.6814466337855967,2031
005/058-mft-AL50-DHAPPQ50,59,0.6936043042129075,2031
005/058-mft-AL50-DHAPPQ50,60,0.6552158923254575,2031
005/058-mft-AL50-DHAPPQ50,61,0.5759070911753498,2031
005/058-mft-AL50-DHAPPQ50,62,0.6767020728677684,2031
005/058-mft-AL50-DHAPPQ50,63,0.7387525630692435,2031
005/058-mft-AL50-DHAPPQ50,64,0.5920440552658214,2031
005/058-mft-AL50-DHAPPQ50,65,0.5703094745454689,2031
005/058-mft-AL50-DHAPPQ50,66,0.6324655956426245,2031
005/058-mft-AL50-DHAPPQ50,67,0.5715803206970757,2031
005/058-mft-AL50-DHAPPQ50,68,0.5918544936885425,2031
005/058-mft-AL50-DHAPPQ50,69,0.7149760978921456,2031
005/058-mft-AL50-DHAPPQ50,70,0.6983479993659275,2031
005/058-mft-AL50-DHAPPQ50,71,0.6568866844979999,2031
005/058-mft-AL50-DHAPPQ50,72,0.7623397471946466,2031
005/058-mft-AL50-DHAPPQ50,73,0.6474428774006448,2031
005/058-mft-AL50-DHAPPQ50,74,0.7181761043708418,2031
005/058-mft-AL50-DHAPPQ50,75,0.7586991325109325,2031
005/058-mft-AL50-DHAPPQ50,76,0.7176961707465446,2031
005/058-mft-AL50-DHAPPQ50,77,0.681698237530032,2031
005/058-mft-AL50-DHAPPQ50,78,0.728393664029713,2031
005/058-mft-AL50-DHAPPQ50,79,0.6102509616504724,2031
005/058-mft-AL50-DHAPPQ50,80,0.7544079927918963,2031
005/058-mft-AL50-DHAPPQ50,81,0.7299090375448055,2031
005/058-mft-AL50-DHAPPQ50,82,0.7016587667745174,2031
005/058-mft-AL50-DHAPPQ50,83,0.6310920549199582,2031
005/058-mft-AL50-DHAPPQ50,84,0.6539202680945907,2031
005/058-mft-AL50-DHAPPQ50,85,0.6549978284094344,2031
005/058-mft-AL50-DHAPPQ50,86,0.6488290087803031,2031
005/058-mft-AL50-DHAPPQ50,87,0.6311076824140265,2031
005/058-mft-AL50-DHAPPQ50,88,0.6464413651894931,2031
005/058-mft-AL50-DHAPPQ50,89,0.632124290053551,2031
005/058-mft-AL50-DHAPPQ50,90,0.6697231741272011,2031
005/058-mft-AL50-DHAPPQ50,91,0.6693568956763652,2031
005/058-mft-AL50-DHAPPQ50,92,0.695579382091667,2031
005/058-mft-AL50-DHAPPQ50,93,0.6012942865171006,2031
005/058-mft-AL50-DHAPPQ50,94,0.6815636470513988,2031
005/058-mft-AL50-DHAPPQ50,95,0.6018930538843128,2031
005/058-mft-AL50-DHAPPQ50,96,0.6294223855207987,2031
005/058-mft-AL50-DHAPPQ50,97,0.6400724951483383,2031
005/058-mft-AL50-DHAPPQ50,98,0.7333435637058026,2031
005/058-mft-AL50-DHAPPQ50,99,0.6687164651085654,2031
005/059-mft-ASAQ50-DHAPPQ50,0,0.49892557072061877,2031
005/059-mft-ASAQ50-DHAPPQ50,1,0.5383269521769544,2031
005/059-mft-ASAQ50-DHAPPQ50,2,0.5367770569523991,2031
005/059-mft-ASAQ50-DHAPPQ50,3,0.48367420832575553,2031
005/059-mft-ASAQ50-DHAPPQ50,4,0.47688390851685786,2031
005/059-mft-ASAQ50-DHAPPQ50,5,0.5299235763873041,2031
005/059-mft-ASAQ50-DHAPPQ50,6,0.5356461742405304,2031
005/059-mft-ASAQ50-DHAPPQ50,7,0.46943950634930437,2031
005/059-mft-ASAQ50-DHAPPQ50,8,0.5153519117477704,2031
005/059-mft-ASAQ50-DHAPPQ50,9,0.44436725908671176,2031
005/059-mft-ASAQ50-DHAPPQ50,10,0.5400991939333021,2031
005/059-mft-ASAQ50-DHAPPQ50,11,0.45929220585609604,2031
005/059-mft-ASAQ50-DHAPPQ50,12,0.41919555803330205,2031
005/059-mft-ASAQ50-DHAPPQ50,13,0.49890870529774684,2031
005/059-mft-ASAQ50-DHAPPQ50,14,0.4598808225028033,2031
005/059-mft-ASAQ50-DHAPPQ50,15,0.5120795509186823,2031
005/059-mft-ASAQ50-DHAPPQ50,16,0.53511515920809,2031
005/059-mft-ASAQ50-DHAPPQ50,17,0.4362686116656486,2031
005/059-mft-ASAQ50-DHAPPQ50,18,0.5303644794828094,2031
005/059-mft-ASAQ50-DHAPPQ50,19,0.5904703442186165,2031
005/059-mft-ASAQ50-DHAPPQ50,20,0.48664358041429834,2031
005/059-mft-ASAQ50-DHAPPQ50,21,0.45243893229798743,2031
005/059-mft-ASAQ50-DHAPPQ50,22,0.42188852556663914,2031
005/059-mft-ASAQ50-DHAPPQ50,23,0.4860329331170859,2031
005/059-mft-ASAQ50-DHAPPQ50,24,0.5864676991664882,2031
005/059-mft-ASAQ50-DHAPPQ50,25,0.5699665694945101,2031
005/059-mft-ASAQ50-DHAPPQ50,26,0.5077541937009413,2031
005/059-mft-ASAQ50-DHAPPQ50,27,0.4467975590636993,2031
005/059-mft-ASAQ50-DHAPPQ50,28,0.49950817448744456,2031
005/059-mft-ASAQ50-DHAPPQ50,29,0.534202074171764,2031
005/059-mft-ASAQ50-DHAPPQ50,30,0.4949568382384549,2031
005/059-mft-ASAQ50-DHAPPQ50,31,0.5283394349325072,2031
005/059-mft-ASAQ50-DHAPPQ50,32,0.44749100633248523,2031
005/059-mft-ASAQ50-DHAPPQ50,33,0.4369783258937752,2031
005/059-mft-ASAQ50-DHAPPQ50,34,0.5661785410548977,2031
005/059-mft-ASAQ50-DHAPPQ50,35,0.4865822902205364,2031
005/059-mft-ASAQ50-DHAPPQ50,36,0.465374072306926,2031
005/059-mft-ASAQ50-DHAPPQ50,37,0.581932946666905,2031
005/059-mft-ASAQ50-DHAPPQ50,38,0.4976831688483718,2031
005/059-mft-ASAQ50-DHAPPQ50,39,0.5435691601326466,2031
005/059-mft-ASAQ50-DHAPPQ50,40,0.5223269789755333,2031
005/059-mft-ASAQ50-DHAPPQ50,41,0.5233490740588753,2031
005/059-mft-ASAQ50-DHAPPQ50,42,0.4404577997222705,2031
005/059-mft-ASAQ50-DHAPPQ50,43,0.5039890554613231,2031
005/059-mft-ASAQ50-DHAPPQ50,44,0.5131742351278249,2031
005/059-mft-ASAQ50-DHAPPQ50,45,0.5196986587519256,2031
005/059-mft-ASAQ50-DHAPPQ50,46,0.4394891655377931,2031
005/059-mft-ASAQ50-DHAPPQ50,47,0.4818466067970372,2031
005/059-mft-ASAQ50-DHAPPQ50,48,0.4748725854396436,2031
005/059-mft-ASAQ50-DHAPPQ50,49,0.404399479136309,2031
005/059-mft-ASAQ50-DHAPPQ50,50,0.4516209149218424,2031
005/059-mft-ASAQ50-DHAPPQ50,51,0.42795038615345904,2031
005/059-mft-ASAQ50-DHAPPQ50,52,0.4662392077074169,2031
005/059-mft-ASAQ50-DHAPPQ50,53,0.37889788368013266,2031
005/059-mft-ASAQ50-DHAPPQ50,54,0.4673254001125242,2031
005/059-mft-ASAQ50-DHAPPQ50,55,0.3751670670814502,2031
005/059-mft-ASAQ50-DHAPPQ50,56,0.4511017457899226,2031
005/059-mft-ASAQ50-DHAPPQ50,57,0.48043115218698035,2031
005/059-mft-ASAQ50-DHAPPQ50,58,0.4829588419184783,2031
005/059-mft-ASAQ50-DHAPPQ50,59,0.38002425611653196,2031
005/059-mft-ASAQ50-DHAPPQ50,60,0.45537689694552513,2031
005/059-mft-ASAQ50-DHAPPQ50,61,0.4940200743221932,2031
005/059-mft-ASAQ50-DHAPPQ50,62,0.6076632782303597,2031
005/059-mft-ASAQ50-DHAPPQ50,63,0.6010758381277451,2031
005/059-mft-ASAQ50-DHAPPQ50,64,0.413149707805001,2031
005/059-mft-ASAQ50-DHAPPQ50,65,0.5662821866127147,2031
005/059-mft-ASAQ50-DHAPPQ50,66,0.43877159131148075,2031
005/059-mft-ASAQ50-DHAPPQ50,67,0.5749752560049292,2031
005/059-mft-ASAQ50-DHAPPQ50,68,0.4023851798935847,2031
005/059-mft-ASAQ50-DHAPPQ50,69,0.5084974194209192,2031
005/059-mft-ASAQ50-DHAPPQ50,70,0.433977199076121,2031
005/059-mft-ASAQ50-DHAPPQ50,71,0.47289782970445143,2031
005/059-mft-ASAQ50-DHAPPQ50,72,0.3729105901802367,2031
005/059-mft-ASAQ50-DHAPPQ50,73,0.4887146732900507,2031
005/059-mft-ASAQ50-DHAPPQ50,74,0.47421156190426683,2031
005/059-mft-ASAQ50-DHAPPQ50,75,0.5121456799486848,2031
005/059-mft-ASAQ50-DHAPPQ50,76,0.5553304113720273,2031
005/059-mft-ASAQ50-DHAPPQ50,77,0.4305718835817338,2031
005/059-mft-ASAQ50-DHAPPQ50,78,0.5679724913692191,2031
005/059-mft-ASAQ50-DHAPPQ50,79,0.41632430291917766,2031
005/059-mft-ASAQ50-DHAPPQ50,80,0.599306786490097,2031
005/059-mft-ASAQ50-DHAPPQ50,81,0.5392192454003318,2031
005/059-mft-ASAQ50-DHAPPQ50,82,0.4750396825976042,2031
005/059-mft-ASAQ50-DHAPPQ50,83,0.5234902807736922,2031
005/059-mft-ASAQ50-DHAPPQ50,84,0.4838580856210167,2031
005/059-mft-ASAQ50-DHAPPQ50,85,0.4945433786448932,2031
005/059-mft-ASAQ50-DHAPPQ50,86,0.46783433141682734,2031
005/059-mft-ASAQ50-DHAPPQ50,87,0.5371245969569222,2031
005/059-mft-ASAQ50-DHAPPQ50,88,0.41106246106065636,2031
005/059-mft-ASAQ50-DHAPPQ50,89,0.4627342417408164,2031
005/059-mft-ASAQ50-DHAPPQ50,90,0.555854769905993,2031
005/059-mft-ASAQ50-DHAPPQ50,91,0.4557288055128237,2031
005/059-mft-ASAQ50-DHAPPQ50,92,0.49540828445719204,2031
005/059-mft-ASAQ50-DHAPPQ50,93,0.4312131113126117,2031
005/059-mft-ASAQ50-DHAPPQ50,94,0.5081228612956871,2031
005/059-mft-ASAQ50-DHAPPQ50,95,0.4301361786515587,2031
005/059-mft-ASAQ50-DHAPPQ50,96,0.500906053222011,2031
005/059-mft-ASAQ50-DHAPPQ50,97,0.48015541297807474,2031
005/059-mft-ASAQ50-DHAPPQ50,98,0.4642606550314378,2031
005/059-mft-ASAQ50-DHAPPQ50,99,0.49525167302829337,2031
005/060-mft-AL-ASAQ-DHAPPQ,0,0.43813983299949427,2031
005/060-mft-AL-ASAQ-DHAPPQ,1,0.4747660738752435,2031
005/060-mft-AL-ASAQ-DHAPPQ,2,0.4646296964332444,2031
005/060-mft-AL-ASAQ-DHAPPQ,3,0.5529824911494176,2031
005/060-mft-AL-ASAQ-DHAPPQ,4,0.5431516493848244,2031
005/060-mft-AL-ASAQ-DHAPPQ,5,0.6150965164561343,2031
005/060-mft-AL-ASAQ-DHAPPQ,6,0.45748030358671116,2031
005/060-mft-AL-ASAQ-DHAPPQ,7,0.5303336214891746,2031
005/060-mft-AL-ASAQ-DHAPPQ,8,0.5564488477995354,2031
005/060-mft-AL-ASAQ-DHAPPQ,9,0.550156596778551,2031
005/060-mft-AL-ASAQ-DHAPPQ,10,0.4825108679126209,2031
005/060-mft-AL-ASAQ-DHAPPQ,11,0.5700583229149535,2031
005/060-mft-AL-ASAQ-DHAPPQ,12,0.6810472804416724,2031
005/060-mft-AL-ASAQ-DHAPPQ,13,0.44213684934110553,2031
005/060-mft-AL-ASAQ-DHAPPQ,14,0.4169218210965677,2031
005/060-mft-AL-ASAQ-DHAPPQ,15,0.4911585432633718,2031
005/060-mft-AL-ASAQ-DHAPPQ,16,0.5106663947698182,2031
005/060-mft-AL-ASAQ-DHAPPQ,17,0.5426030679396013,2031
005/060-mft-AL-ASAQ-DHAPPQ,18,0.4298261951124822,2031
005/060-mft-AL-ASAQ-DHAPPQ,19,0.505185846344467,2031
005/060-mft-AL-ASAQ-DHAPPQ,20,0.42015165711709956,2031
005/060-mft-AL-ASAQ-DHAPPQ,21,0.4606592228327388,2031
005/060-mft-AL-ASAQ-DHAPPQ,22,0.5453140474455151,2031
005/060-mft-AL-ASAQ-DHAPPQ,23,0.4781215696167645,2031
005/060-mft-AL-ASAQ-DHAPPQ,24,0.6211537330487807,2031
005/060-mft-AL-ASAQ-DHAPPQ,25,0.5854598381477435,2031
005/060-mft-AL-ASAQ-DHAPPQ,26,0.5262077416005702,2031
005/060-mft-AL-ASAQ-DHAPPQ,27,0.5187397422487149,2031
005/060-mft-AL-ASAQ-DHAPPQ,28,0.48683629216435476,2031
005/060-mft-AL-ASAQ-DHAPPQ,29,0.5135072295800142,2031
005/060-mft-AL-ASAQ-DHAPPQ,30,0.5192785007911093,2031
005/060-mft-AL-ASAQ-DHAPPQ,31,0.5625459986699135,2031
005/060-mft-AL-ASAQ-DHAPPQ,32,0.6717163768154365,2031
005/060-mft-AL-ASAQ-DHAPPQ,33,0.5225548741782741,2031
005/060-mft-AL-ASAQ-DHAPPQ,34,0.5367902891396071,2031
005/060-mft-AL-ASAQ-DHAPPQ,35,0.5598278568314362,2031
005/060-mft-AL-ASAQ-DHAPPQ,36,0.5058154400544105,2031
005/060-mft-AL-ASAQ-DHAPPQ,37,0.49269599774144174,2031
005/060-mft-AL-ASAQ-DHAPPQ,38,0.5142517948972433,2031
005/060-mft-AL-ASAQ-DHAPPQ,39,0.5960673272538057,2031
005/060-mft-AL-ASAQ-DHAPPQ,40,0.50932345781991,2031
005/060-mft-AL-ASAQ-DHAPPQ,41,0.5456092907242872,2031
005/060-mft-AL-ASAQ-DHAPPQ,42,0.6142288531926061,2031
005/060-mft-AL-ASAQ-DHAPPQ,43,0.47116425657315214,2031
005/060-mft-AL-ASAQ-DHAPPQ,44,0.5422892875236974,2031
005/060-mft-AL-ASAQ-DHAPPQ,45,0.5739748612090837,2031
005/060-mft-AL-ASAQ-DHAPPQ,46,0.5720534074684123,2031
005/060-mft-AL-ASAQ-DHAPPQ,47,0.4792393242950639,2031
005/060-mft-AL-ASAQ-DHAPPQ,48,0.5336112108703525,2031
005/060-mft-AL-ASAQ-DHAPPQ,49,0.5426218487616549,2031
005/060-mft-AL-ASAQ-DHAPPQ,50,0.586253764969701,2031
005/060-mft-AL-ASAQ-DHAPPQ,51,0.5760603246964802,2031
005/060-mft-AL-ASAQ-DHAPPQ,52,0.5229040931984013,2031
005/060-mft-AL-ASAQ-DHAPPQ,53,0.5287516859048708,2031
005/060-mft-AL-ASAQ-DHAPPQ,54,0.4845957756247465,2031
005/060-mft-AL-ASAQ-DHAPPQ,55,0.5547511851123571,2031
005/060-mft-AL-ASAQ-DHAPPQ,56,0.5974530870516462,2031
005/060-mft-AL-ASAQ-DHAPPQ,57,0.517732241003843,2031
005/060-mft-AL-ASAQ-DHAPPQ,58,0.4921091653608207,2031
005/060-mft-AL-ASAQ-DHAPPQ,59,0.545485063048147,2031
005/060-mft-AL-ASAQ-DHAPPQ,60,0.5059868284921077,2031
005/060-mft-AL-ASAQ-DHAPPQ,61,0.6121679781107224,2031
005/060-mft-AL-ASAQ-DHAPPQ,62,0.4842182063057902,2031
005/060-mft-AL-ASAQ-DHAPPQ,63,0.4346861720559025,2031
005/060-mft-AL-ASAQ-DHAPPQ,64,0.5409972465889742,2031
005/060-mft-AL-ASAQ-DHAPPQ,65,0.45857477028862403,2031
005/060-mft-AL-ASAQ-DHAPPQ,66,0.5956335162963297,2031
005/060-mft-AL-ASAQ-DHAPPQ,67,0.5423757803860051,2031
005/060-mft-AL-ASAQ-DHAPPQ,68,0.5124320956764259,2031
005/060-mft-AL-ASAQ-DHAPPQ,69,0.5592060186126465,2031
005/060-mft-AL-ASAQ-DHAPPQ,70,0.5345720201142411,2031
005/060-mft-AL-ASAQ-DHAPPQ,71,0.5525337592548666,2031
005/060-mft-AL-ASAQ-DHAPPQ,72,0.6108159010649458,2031
005/060-mft-AL-ASAQ-DHAPPQ,73,0.5558044045085587,2031
005/060-mft-AL-ASAQ-DHAPPQ,74,0.5384607744143041,2031
005/060-mft-AL-ASAQ-DHAPPQ,75,0.6074820271973568,2031
005/060-mft-AL-ASAQ-DHAPPQ,76,0.422374007749144,2031
005/060-mft-AL-ASAQ-DHAPPQ,77,0.53763612370261,2031
005/060-mft-AL-ASAQ-DHAPPQ,78,0.5943337783592111,2031
005/060-mft-AL-ASAQ-DHAPPQ,79,0.5455601974579491,2031
005/060-mft-AL-ASAQ-DHAPPQ,80,0.6070822727604672,2031
005/060-mft-AL-ASAQ-DHAPPQ,81,0.46723502113660703,2031
005/060-mft-AL-ASAQ-DHAPPQ,82,0.541491454356068,2031
005/060-mft-AL-ASAQ-DHAPPQ,83,0.5621782057399138,2031
005/060-mft-AL-ASAQ-DHAPPQ,84,0.4690789634356067,2031
005/060-mft-AL-ASAQ-DHAPPQ,85,0.5907565482033803,2031
005/060-mft-AL-ASAQ-DHAPPQ,86,0.5313267729299387,2031
005/060-mft-AL-ASAQ-DHAPPQ,87,0.5289656501568597,2031
005/060-mft-AL-ASAQ-DHAPPQ,88,0.409855361976687,2031
005/060-mft-AL-ASAQ-DHAPPQ,89,0.5378817164178398,2031
005/060-mft-AL-ASAQ-DHAPPQ,90,0.49767523298773275,2031
005/060-mft-AL-ASAQ-DHAPPQ,91,0.563259102705927,2031
005/060-mft-AL-ASAQ-DHAPPQ,92,0.431535321010974,2031
005/060-mft-AL-ASAQ-DHAPPQ,93,0.5957847760175238,2031
005/060-mft-AL-ASAQ-DHAPPQ,94,0.6928002084594086,2031
005/060-mft-AL-ASAQ-DHAPPQ,95,0.512952803116452,2031
005/060-mft-AL-ASAQ-DHAPPQ,96,0.5834812655650187,2031
005/060-mft-AL-ASAQ-DHAPPQ,97,0.564386637801575,2031
005/060-mft-AL-ASAQ-DHAPPQ,98,0.5056022265803052,2031
005/060-mft-AL-ASAQ-DHAPPQ,99,0.5508979213328126,2031
005/061-tact-AL4y-ALAQ,0,0.5841491399222098,2031
005/061-tact-AL4y-ALAQ,1,0.4669899255094831,2031
005/061-tact-AL4y-ALAQ,2,0.564385324985367,2031
005/061-tact-AL4y-ALAQ,3,0.6495054085025377,2031
005/061-tact-AL4y-ALAQ,4,0.483692840637505,2031
005/061-tact-AL4y-ALAQ,5,0.5172238499920817,2031
005/061-tact-AL4y-ALAQ,6,0.43026099029549986,2031
005/061-tact-AL4y-ALAQ,7,0.5524154865854837,2031
005/061-tact-AL4y-ALAQ,8,0.6899027942523728,2031
005/061-tact-AL4y-ALAQ,9,0.6375614766272113,2031
005/061-tact-AL4y-ALAQ,10,0.5982543394623051,2031
005/061-tact-AL4y-ALAQ,11,0.6449083592996688,2031
005/061-tact-AL4y-ALAQ,12,0.5700877237734159,2031
005/061-tact-AL4y-ALAQ,13,0.6865847393071877,2031
005/061-tact-AL4y-ALAQ,14,0.5561730227232783,2031
005/061-tact-AL4y-ALAQ,15,0.4992617960653705,2031
005/061-tact-AL4y-ALAQ,16,0.6653748056174733,2031
005/061-tact-AL4y-ALAQ,17,0.49072711548430364,2031
005/061-tact-AL4y-ALAQ,18,0.6313312031989623,2031
005/061-tact-AL4y-ALAQ,19,0.6389436987526546,2031
005/061-tact-AL4y-ALAQ,20,0.5512625067350752,2031
005/061-tact-AL4y-ALAQ,21,0.6418710665426409,2031
005/061-tact-AL4y-ALAQ,22,0.6292028211523492,2031
005/061-tact-AL4y-ALAQ,23,0.7557859113880201,2031
005/061-tact-AL4y-ALAQ,24,0.6210900081211286,2031
005/061-tact-AL4y-ALAQ,25,0.5005453383531347,2031
005/061-tact-AL4y-ALAQ,26,0.61306168375423,2031
005/061-tact-AL4y-ALAQ,27,0.5399113123638127,2031
005/061-tact-AL4y-ALAQ,28,0.6334782257353562,2031
005/061-tact-AL4y-ALAQ,29,0.570514405296841,2031
005/061-tact-AL4y-ALAQ,30,0.5488039788126449,2031
005/061-tact-AL4y-ALAQ,31,0.5981117441547141,2031
005/061-tact-AL4y-ALAQ,32,0.5370967727620087,2031
005/061-tact-AL4y-ALAQ,33,0.4352629575461276,2031
005/061-tact-AL4y-ALAQ,34,0.5014147319485968,2031
005/061-tact-AL4y-ALAQ,35,0.5763113666403176,2031
005/061-tact-AL4y-ALAQ,36,0.5595752501080761,2031
005/061-tact-AL4y-ALAQ,37,0.520881057205112,2031
005/061-tact-AL4y-ALAQ,38,0.5443091417276883,2031
005/061-tact-AL4y-ALAQ,39,0.6466763431201538,2031
005/061-tact-AL4y-ALAQ,40,0.6592048198012966,2031
005/061-tact-AL4y-ALAQ,41,0.5883670685416237,2031
005/061-tact-AL4y-ALAQ,42,0.7367206080239411,2031
005/061-tact-AL4y-ALAQ,43,0.5336033304299083,2031
005/061-tact-AL4y-ALAQ,44,0.5849547473310912,2031
005/061-tact-AL4y-ALAQ,45,0.5355018207800765,2031
005/061-tact-AL4y-ALAQ,46,0.6080019836222966,2031
005/061-tact-AL4y-ALAQ,47,0.4617587943391201,2031
005/061-tact-AL4y-ALAQ,48,0.6732398693960356,2031
005/061-tact-AL4y-ALAQ,49,0.7764325108109769,2031
005/061-tact-AL4y-ALAQ,50,0.45080829258610194,2031
005/061-tact-AL4y-ALAQ,51,0.4789385616375372,2031
005/061-tact-AL4y-ALAQ,52,0.6203354733509078,2031
005/061-tact-AL4y-ALAQ,53,0.49312472662656676,2031
005/061-tact-AL4y-ALAQ,54,0.5093410868620222,2031
005/061-tact-AL4y-ALAQ,55,0.48414054303100523,2031
005/061-tact-AL4y-ALAQ,56,0.585118471329423,2031
005/061-tact-AL4y-ALAQ,57,0.5083648240814779,2031
005/061-tact-AL4y-ALAQ,58,0.6032610393552639,2031
005/061-tact-AL4y-ALAQ,59,0.5585570108129015,2031
005/061-tact-AL4y-ALAQ,60,0.4967172372394891,2031
005/061-tact-AL4y-ALAQ,61,0.652763374382186,2031
005/061-tact-AL4y-ALAQ,62,0.585366865310789,2031
005/061-tact-AL4y-ALAQ,63,0.5408444556045513,2031
005/061-tact-AL4y-ALAQ,64,0.6319374633433666,2031
005/061-tact-AL4y-ALAQ,65,0.4235370754693615,2031
005/061-tact-AL4y-ALAQ,66,0.5036449467612968,2031
005/061-tact-AL4y-ALAQ,67,0.5327980262545854,2031
005/061-tact-AL4y-ALAQ,68,0.6175207250182406,2031
005/061-tact-AL4y-ALAQ,69,0.4852482961208055,2031
005/061-tact-AL4y-ALAQ,70,0.5874928730781094,2031
005/061-tact-AL4y-ALAQ,71,0.5818499929134663,2031
005/061-tact-AL4y-ALAQ,72,0.5089022470948013,2031
005/061-tact-AL4y-ALAQ,73,0.6362133194522632,2031
005/061-tact-AL4y-ALAQ,74,0.5085316053568166,2031
005/061-tact-AL4y-ALAQ,75,0.47668416705958944,2031
005/061-tact-AL4y-ALAQ,76,0.610363723917943,2031
005/061-tact-AL4y-ALAQ,77,0.5965266585251591,2031
005/061-tact-AL4y-ALAQ,78,0.5343517166917677,2031
005/061-tact-AL4y-ALAQ,79,0.45238829207444226,2031
005/061-tact-AL4y-ALAQ,80,0.6280632724206971,2031
005/061-tact-AL4y-ALAQ,81,0.4687722720572576,2031
005/061-tact-AL4y-ALAQ,82,0.5842215274743762,2031
005/061-tact-AL4y-ALAQ,83,0.5296942310886594,2031
005/061-tact-AL4y-ALAQ,84,0.5881508202040356,2031
005/061-tact-AL4y-ALAQ,85,0.5791267895507748,2031
005/061-tact-AL4y-ALAQ,86,0.572177383807556,2031
005/061-tact-AL4y-ALAQ,87,0.5446349592031713,2031
005/061-tact-AL4y-ALAQ,88,0.6664178301957429,2031
005/061-tact-AL4y-ALAQ,89,0.5652409878090382,2031
005/061-tact-AL4y-ALAQ,90,0.5449071245354075,2031
005/061-tact-AL4y-ALAQ,91,0.6243107608225469,2031
005/061-tact-AL4y-ALAQ,92,0.616922594960279,2031
005/061-tact-AL4y-ALAQ,93,0.5928502134503906,2031
005/061-tact-AL4y-ALAQ,94,0.48512084508678566,2031
005/061-tact-AL4y-ALAQ,95,0.4793662752965469,2031
005/061-tact-AL4y-ALAQ,96,0.5485154565915229,2031
005/061-tact-AL4y-ALAQ,97,0.6284532389824781,2031
005/061-tact-AL4y-ALAQ,98,0.5983085943961596,2031
005/061-tact-AL4y-ALAQ,99,0.5446975395663207,2031
005/062-tact-ASAQ4y-ALAQ,0,0.3731201491150547,2031
005/062-tact-ASAQ4y-ALAQ,1,0.36265344138414674,2031
005/062-tact-ASAQ4y-ALAQ,2,0.36598502959140977,2031
005/062-tact-ASAQ4y-ALAQ,3,0.22507834984925112,2031
005/062-tact-ASAQ4y-ALAQ,4,0.3508985442867499,2031
005/062-tact-ASAQ4y-ALAQ,5,0.37822087720740116,2031
005/062-tact-ASAQ4y-ALAQ,6,0.4160708884567927,2031
005/062-tact-ASAQ4y-ALAQ,7,0.37030465801825957,2031
005/062-tact-ASAQ4y-ALAQ,8,0.29833694314510556,2031
005/062-tact-ASAQ4y-ALAQ,9,0.31399800826843216,2031
005/062-tact-ASAQ4y-ALAQ,10,0.3553688657628173,2031
005/062-tact-ASAQ4y-ALAQ,11,0.37382199256128507,2031
005/062-tact-ASAQ4y-ALAQ,12,0.3133429327848452,2031
005/062-tact-ASAQ4y-ALAQ,13,0.27566622729549217,2031
005/062-tact-ASAQ4y-ALAQ,14,0.32073217861648956,2031
005/062-tact-ASAQ4y-ALAQ,15,0.37886847075135344,2031
005/062-tact-ASAQ4y-ALAQ,16,0.34830935469426066,2031
005/062-tact-ASAQ4y-ALAQ,17,0.301555975280511,2031
005/062-tact-ASAQ4y-ALAQ,18,0.30165823529514874,2031
005/062-tact-ASAQ4y-ALAQ,19,0.34965460369100815,2031
005/062-tact-ASAQ4y-ALAQ,20,0.39309050125475226,2031
005/062-tact-ASAQ4y-ALAQ,21,0.34505343084232215,2031
005/062-tact-ASAQ4y-ALAQ,22,0.31180937419793525,2031
005/062-tact-ASAQ4y-ALAQ,23,0.29584306857827253,2031
005/062-tact-ASAQ4y-ALAQ,24,0.3410669736724506,2031
005/062-tact-ASAQ4y-ALAQ,25,0.3826046301009793,2031
005/062-tact-ASAQ4y-ALAQ,26,0.3137270205832347,2031
005/062-tact-ASAQ4y-ALAQ,27,0.23380863407529975,2031
005/062-tact-ASAQ4y-ALAQ,28,0.3251850791156884,2031
005/062-tact-ASAQ4y-ALAQ,29,0.31918970567760474,2031
005/062-tact-ASAQ4y-ALAQ,30,0.34423259075909574,2031
005/062-tact-ASAQ4y-ALAQ,31,0.39752559476881383,2031
005/062-tact-ASAQ4y-ALAQ,32,0.3524000104091846,2031
005/062-tact-ASAQ4y-ALAQ,33,0.2959735318148069,2031
005/062-tact-ASAQ4y-ALAQ,34,0.36329192284458295,2031
005/062-tact-ASAQ4y-ALAQ,35,0.38020046882114683,2031
005/062-tact-ASAQ4y-ALAQ,36,0.4536940522258246,2031
005/062-tact-ASAQ4y-ALAQ,37,0.36731245016058794,2031
005/062-tact-ASAQ4y-ALAQ,38,0.37912911698969093,2031
005/062-tact-ASAQ4y-ALAQ,39,0.3283960307585329,2031
005/062-tact-ASAQ4y-ALAQ,40,0.27110264576344245,2031
005/062-tact-ASAQ4y-ALAQ,41,0.26900713940676446,2031
005/062-tact-ASAQ4y-ALAQ,42,0.2812919761250207,2031
005/062-tact-ASAQ4y-ALAQ,43,0.3766137949584631,2031
005/062-tact-ASAQ4y-ALAQ,44,0.3850184439719761,2031
005/062-tact-ASAQ4y-ALAQ,45,0.329868044232479,2031
005/062-tact-ASAQ4y-ALAQ,46,0.3439764062644406,2031
005/062-tact-ASAQ4y-ALAQ,47,0.3033721327303776,2031
005/062-tact-ASAQ4y-ALAQ,48,0.37948353159956555,2031
005/062-tact-ASAQ4y-ALAQ,49,0.3799319095651794,2031
005/062-tact-ASAQ4y-ALAQ,50,0.30383255327101616,2031
005/062-tact-ASAQ4y-ALAQ,51,0.2875012846571981,2031
005/062-tact-ASAQ4y-ALAQ,52,0.3558232439009905,2031
005/062-tact-ASAQ4y-ALAQ,53,0.27869670620895554,2031
005/062-tact-ASAQ4y-ALAQ,54,0.3187047842871802,2031
005/062-tact-ASAQ4y-ALAQ,55,0.32812573101864295,2031
005/062-tact-ASAQ4y-ALAQ,56,0.28667163591773737,2031
005/062-tact-ASAQ4y-ALAQ,57,0.3618288435663232,2031
005/062-tact-ASAQ4y-ALAQ,58,0.351201663436527,2031
005/062-tact-ASAQ4y-ALAQ,59,0.41048929726759503,2031
005/062-tact-ASAQ4y-ALAQ,60,0.40174473966867374,2031
005/062-tact-ASAQ4y-ALAQ,61,0.3402421420393664,2031
005/062-tact-ASAQ4y-ALAQ,62,0.36015593701129106,2031
005/062-tact-ASAQ4y-ALAQ,63,0.40822211810190345,2031
005/062-tact-ASAQ4y-ALAQ,64,0.29431081636444273,2031
005/062-tact-ASAQ4y-ALAQ,65,0.3635921661135546,2031
005/062-tact-ASAQ4y-ALAQ,66,0.40201554268541156,2031
005/062-tact-ASAQ4y-ALAQ,67,0.318800641540761,2031
005/062-tact-ASAQ4y-ALAQ,68,0.4199010652151178,2031
005/062-tact-ASAQ4y-ALAQ,69,0.29325698599384104,2031
005/062-tact-ASAQ4y-ALAQ,70,0.3764112020195398,2031
005/062-tact-ASAQ4y-ALAQ,71,0.2969882289774834,2031
005/062-tact-ASAQ4y-ALAQ,72,0.2779816621152327,2031
005/062-tact-ASAQ4y-ALAQ,73,0.41193224890884467,2031
005/062-tact-ASAQ4y-ALAQ,74,0.2630337472140379,2031
005/062-tact-ASAQ4y-ALAQ,75,0.40326031640255106,2031
005/062-tact-ASAQ4y-ALAQ,76,0.31175802719934104,2031
005/062-tact-ASAQ4y-ALAQ,77,0.33128086518769273,2031
005/062-tact-ASAQ4y-ALAQ,78,0.2784500052337228,2031
005/062-tact-ASAQ4y-ALAQ,79,0.22984500858676085,2031
005/062-tact-ASAQ4y-ALAQ,80,0.2781451498685806,2031
005/062-tact-ASAQ4y-ALAQ,81,0.2534116672801127,2031
005/062-tact-ASAQ4y-ALAQ,82,0.32625008593196686,2031
005/062-tact-ASAQ4y-ALAQ,83,0.34540038399751033,2031
005/062-tact-ASAQ4y-ALAQ,84,0.2809584792587026,2031
005/062-tact-ASAQ4y-ALAQ,85,0.3909573806752144,2031
005/062-tact-ASAQ4y-ALAQ,86,0.4814640483184894,2031
005/062-tact-ASAQ4y-ALAQ,87,0.38874925327714327,2031
005/062-tact-ASAQ4y-ALAQ,88,0.37055983446841045,2031
005/062-tact-ASAQ4y-ALAQ,89,0.3635168325851696,2031
005/062-tact-ASAQ4y-ALAQ,90,0.3444808984604459,2031
005/062-tact-ASAQ4y-ALAQ,91,0.35731687228567943,2031
005/062-tact-ASAQ4y-ALAQ,92,0.2838273392354709,2031
005/062-tact-ASAQ4y-ALAQ,93,0.28396110166850946,2031
005/062-tact-ASAQ4y-ALAQ,94,0.28714939823980573,2031
005/062-tact-ASAQ4y-ALAQ,95,0.43986327843102435,2031
005/062-tact-ASAQ4y-ALAQ,96,0.3634706111002017,2031
005/062-tact-ASAQ4y-ALAQ,97,0.3286773903996177,2031
005/062-tact-ASAQ4y-ALAQ,98,0.3106025776555789,2031
005/062-tact-ASAQ4y-ALAQ,99,0.4021177662701678,2031
005/063-tact-DHAPPQ4y-ALAQ,0,0.549358831858041,2031
005/063-tact-DHAPPQ4y-ALAQ,1,0.48296794503618173,2031
005/063-tact-DHAPPQ4y-ALAQ,2,0.5552539568105056,2031
005/063-tact-DHAPPQ4y-ALAQ,3,0.4661789352723414,2031
005/063-tact-DHAPPQ4y-ALAQ,4,0.5120159939200931,2031
005/063-tact-DHAPPQ4y-ALAQ,5,0.49480066570042286,2031
005/063-tact-DHAPPQ4y-ALAQ,6,0.4195399327721268,2031
005/063-tact-DHAPPQ4y-ALAQ,7,0.5795215143928503,2031
005/063-tact-DHAPPQ4y-ALAQ,8,0.4558634337599139,2031
005/063-tact-DHAPPQ4y-ALAQ,9,0.5384097262943958,2031
005/063-tact-DHAPPQ4y-ALAQ,10,0.49410481368224596,2031
005/063-tact-DHAPPQ4y-ALAQ,11,0.44089396534402225,2031
005/063-tact-DHAPPQ4y-ALAQ,12,0.4931417725480503,2031
005/063-tact-DHAPPQ4y-ALAQ,13,0.41840221177305437,2031
005/063-tact-DHAPPQ4y-ALAQ,14,0.5246461434489776,2031
005/063-tact-DHAPPQ4y-ALAQ,15,0.47773463517729714,2031
005/063-tact-DHAPPQ4y-ALAQ,16,0.46876523923653507,2031
005/063-tact-DHAPPQ4y-ALAQ,17,0.5186693455460148,2031
005/063-tact-DHAPPQ4y-ALAQ,18,0.4680690628637197,2031
005/063-tact-DHAPPQ4y-ALAQ,19,0.6016854316587467,2031
005/063-tact-DHAPPQ4y-ALAQ,20,0.41558259356000843,2031
005/063-tact-DHAPPQ4y-ALAQ,21,0.5283339611341319,2031
005/063-tact-DHAPPQ4y-ALAQ,22,0.48274140467508014,2031
005/063-tact-DHAPPQ4y-ALAQ,23,0.4404164732945133,2031
005/063-tact-DHAPPQ4y-ALAQ,24,0.5543407185524402,2031
005/063-tact-DHAPPQ4y-ALAQ,25,0.5199691501930479,2031
005/063-tact-DHAPPQ4y-ALAQ,26,0.399786393662856,2031
005/063-tact-DHAPPQ4y-ALAQ,27,0.46285487131916714,2031
005/063-tact-DHAPPQ4y-ALAQ,28,0.4031362783351519,2031
005/063-tact-DHAPPQ4y-ALAQ,29,0.42998146347796246,2031
005/063-tact-DHAPPQ4y-ALAQ,30,0.4103897108502293,2031
005/063-tact-DHAPPQ4y-ALAQ,31,0.4718867553785935,2031
005/063-tact-DHAPPQ4y-ALAQ,32,0.5692415945339349,2031
005/063-tact-DHAPPQ4y-ALAQ,33,0.45988170333175465,2031
005/063-tact-DHAPPQ4y-ALAQ,34,0.4442351324163043,2031
005/063-tact-DHAPPQ4y-ALAQ,35,0.4860978124228967,2031
005/063-tact-DHAPPQ4y-ALAQ,36,0.4775548599237011,2031
005/063-tact-DHAPPQ4y-ALAQ,37,0.4484070071436808,2031
005/063-tact-DHAPPQ4y-ALAQ,38,0.4828345571034853,2031
005/063-tact-DHAPPQ4y-ALAQ,39,0.5424665183463462,2031
005/063-tact-DHAPPQ4y-ALAQ,40,0.45943243341720197,2031
005/063-tact-DHAPPQ4y-ALAQ,41,0.5035600376896002,2031
005/063-tact-DHAPPQ4y-ALAQ,42,0.49651867975816383,2031
005/063-tact-DHAPPQ4y-ALAQ,43,0.4125093383793251,2031
005/063-tact-DHAPPQ4y-ALAQ,44,0.5541291376824747,2031
005/063-tact-DHAPPQ4y-ALAQ,45,0.5147208605493695,2031
005/063-tact-DHAPPQ4y-ALAQ,46,0.46824730625238065,2031
005/063-tact-DHAPPQ4y-ALAQ,47,0.4906281156920668,2031
005/063-tact-DHAPPQ4y-ALAQ,48,0.4493329267524613,2031
005/063-tact-DHAPPQ4y-ALAQ,49,0.5875971787179006,2031
005/063-tact-DHAPPQ4y-ALAQ,50,0.45416997771001455,2031
005/063-tact-DHAPPQ4y-ALAQ,51,0.47037792180914967,2031
005/063-tact-DHAPPQ4y-ALAQ,52,0.5376825560776047,2031
005/063-tact-DHAPPQ4y-ALAQ,53,0.4366339893705599,2031
005/063-tact-DHAPPQ4y-ALAQ,54,0.4717158289843968,2031
005/063-tact-DHAPPQ4y-ALAQ,55,0.5114537872893145,2031
005/063-tact-DHAPPQ4y-ALAQ,56,0.564386177395488,2031
005/063-tact-DHAPPQ4y-ALAQ,57,0.48952069050625086,2031
005/063-tact-DHAPPQ4y-ALAQ,58,0.5764724240958105,2031
005/063-tact-DHAPPQ4y-ALAQ,59,0.6086878401049258,2031
005/063-tact-DHAPPQ4y-ALAQ,60,0.513584835016969,2031
005/063-tact-DHAPPQ4y-ALAQ,61,0.3976475618310755,2031
005/063-tact-DHAPPQ4y-ALAQ,62,0.48562870889225823,2031
005/063-tact-DHAPPQ4y-ALAQ,63,0.47914430988820683,2031
005/063-tact-DHAPPQ4y-ALAQ,64,0.5762615444805449,2031
005/063-tact-DHAPPQ4y-ALAQ,65,0.4613118365497217,2031
005/063-tact-DHAPPQ4y-ALAQ,66,0.5254255506208279,2031
005/063-tact-DHAPPQ4y-ALAQ,67,0.49046755479763865,2031
005/063-tact-DHAPPQ4y-ALAQ,68,0.41949497036054023,2031
005/063-tact-DHAPPQ4y-ALAQ,69,0.5038766439159105,2031
005/063-tact-DHAPPQ4y-ALAQ,70,0.5032452410789645,2031
005/063-tact-DHAPPQ4y-ALAQ,71,0.49539786801223523,2031
005/063-tact-DHAPPQ4y-ALAQ,72,0.4090509886383398,2031
005/063-tact-DHAPPQ4y-ALAQ,73,0.522522096832618,2031
005/063-tact-DHAPPQ4y-ALAQ,74,0.5059941543759865,2031
005/063-tact-DHAPPQ4y-ALAQ,75,0.5328367570158578,2031
005/063-tact-DHAPPQ4y-ALAQ,76,0.5347029505623464,2031
005/063-tact-DHAPPQ4y-ALAQ,77,0.5826470008168478,2031
005/063-tact-DHAPPQ4y-ALAQ,78,0.4946997008797158,2031
005/063-tact-DHAPPQ4y-ALAQ,79,0.5076598093844172,2031
005/063-tact-DHAPPQ4y-ALAQ,80,0.3317952267528593,2031
005/063-tact-DHAPPQ4y-ALAQ,81,0.5036204098964489,2031
005/063-tact-DHAPPQ4y-ALAQ,82,0.4236825069600146,2031
005/063-tact-DHAPPQ4y-ALAQ,83,0.5791468812859323,2031
005/063-tact-DHAPPQ4y-ALAQ,84,0.42469331067901056,2031
005/063-tact-DHAPPQ4y-ALAQ,85,0.4633707719666162,2031
005/063-tact-DHAPPQ4y-ALAQ,86,0.5307902693339681,2031
005/063-tact-DHAPPQ4y-ALAQ,87,0.5210833199361125,2031
005/063-tact-DHAPPQ4y-ALAQ,88,0.5334372835812101,2031
005/063-tact-DHAPPQ4y-ALAQ,89,0.4896573122752828,2031
005/063-tact-DHAPPQ4y-ALAQ,90,0.4403113102568293,2031
005/063-tact-DHAPPQ4y-ALAQ,91,0.4441236086300069,2031
005/063-tact-DHAPPQ4y-ALAQ,92,0.46900925394598797,2031
005/063-tact-DHAPPQ4y-ALAQ,93,0.5307601661952273,2031
005/063-tact-DHAPPQ4y-ALAQ,94,0.5698107207475925,2031
005/063-tact-DHAPPQ4y-ALAQ,95,0.4176018595730337,2031
005/063-tact-DHAPPQ4y-ALAQ,96,0.4668483271613606,2031
005/063-tact-DHAPPQ4y-ALAQ,97,0.47836853325385603,2031
005/063-tact-DHAPPQ4y-ALAQ,98,0.44977471557907517,2031
005/063-tact-DHAPPQ4y-ALAQ,99,0.46835338137796123,2031
005/064-tact-AL2y-ASAQ2y-ALAQ,0,0.3794979289347738,2031
005/064-tact-AL2y-ASAQ2y-ALAQ,1,0.42777449744972085,2031
005/064-tact-AL2y-ASAQ2y-ALAQ,2,0.5423820073490248,2031
005/064-tact-AL2y-ASAQ2y-ALAQ,3,0.38462170051118877,2031
005/064-tact-AL2y-ASAQ2y-ALAQ,4,0.437238909891023,2031
005/064-tact-AL2y-ASAQ2y-ALAQ,5,0.4849191127358436,2031
005/064-tact-AL2y-ASAQ2y-ALAQ,6,0.5714097724845539,2031
005/064-tact-AL2y-ASAQ2y-ALAQ,7,0.5841173987668415,2031
005/064-tact-AL2y-ASAQ2y-ALAQ,8,0.4649053310875865,2031
005/064-tact-AL2y-ASAQ2y-ALAQ,9,0.4688421676720645,2031
005/064-tact-AL2y-ASAQ2y-ALAQ,10,0.4322325881479368,2031
005/064-tact-AL2y-ASAQ2y-ALAQ,11,0.41638920148578934,2031
005/064-tact-AL2y-ASAQ2y-ALAQ,12,0.5089169309189983,2031
005/064-tact-AL2y-ASAQ2y-ALAQ,13,0.4846379401347165,2031
005/064-tact-AL2y-ASAQ2y-ALAQ,14,0.3874868860944085,2031
005/064-tact-AL2y-ASAQ2y-ALAQ,15,0.32851936505936824,2031
005/064-tact-AL2y-ASAQ2y-ALAQ,16,0.434019166385407,2031
005/064-tact-AL2y-ASAQ2y-ALAQ,17,0.38281082508311365,2031
005/064-tact-AL2y-ASAQ2y-ALAQ,18,0.3785601058680291,2031
005/064-tact-AL2y-ASAQ2y-ALAQ,19,0.478911518803409,2031
005/064-tact-AL2y-ASAQ2y-ALAQ,20,0.4408594813641639,2031
005/064-tact-AL2y-ASAQ2y-ALAQ,21,0.407551817883344,2031
005/064-tact-AL2y-ASAQ2y-ALAQ,22,0.44397408911699016,2031
005/064-tact-AL2y-ASAQ2y-ALAQ,23,0.4622768999890952,2031
005/064-tact-AL2y-ASAQ2y-ALAQ,24,0.4496077355997177,2031
005/064-tact-AL2y-ASAQ2y-ALAQ,25,0.47324686555380374,2031
005/064-tact-AL2y-ASAQ2y-ALAQ,26,0.4498922782916475,2031
005/064-tact-AL2y-ASAQ2y-ALAQ,27,0.5306343517263797,2031
005/064-tact-AL2y-ASAQ2y-ALAQ,28,0.45165923096617483,2031
005/064-tact-AL2y-ASAQ2y-ALAQ,29,0.4017066337902351,2031
005/064-tact-AL2y-ASAQ2y-ALAQ,30,0.4535086254504763,2031
005/064-tact-AL2y-ASAQ2y-ALAQ,31,0.490591760893587,2031
005/064-tact-AL2y-ASAQ2y-ALAQ,32,0.3866509075061009,2031
005/064-tact-AL2y-ASAQ2y-ALAQ,33,0.39279150275423974,2031
005/064-tact-AL2y-ASAQ2y-ALAQ,34,0.4854011502944405,2031
005/064-tact-AL2y-ASAQ2y-ALAQ,35,0.5730712879287124,2031
005/064-tact-AL2y-ASAQ2y-ALAQ,36,0.43373952021235235,2031
005/064-tact-AL2y-ASAQ2y-ALAQ,37,0.4442485004137003,2031
005/064-tact-AL2y-ASAQ2y-ALAQ,38,0.444823525793425,2031
005/064-tact-AL2y-ASAQ2y-ALAQ,39,0.43690868929118826,2031
005/064-tact-AL2y-ASAQ2y-ALAQ,40,0.5768554717760074,2031
005/064-tact-AL2y-ASAQ2y-ALAQ,41,0.467931382272263,2031
005/064-tact-AL2y-ASAQ2y-ALAQ,42,0.4872593674346745,2031
005/064-tact-AL2y-ASAQ2y-ALAQ,43,0.4949865295021169,2031
005/064-tact-AL2y-ASAQ2y-ALAQ,44,0.5045756234828549,2031
005/064-tact-AL2y-ASAQ2y-ALAQ,45,0.4317302188340313,2031
005/064-tact-AL2y-ASAQ2y-ALAQ,46,0.3696709091001986,2031
005/064-tact-AL2y-ASAQ2y-ALAQ,47,0.4595639464450952,2031
005/064-tact-AL2y-ASAQ2y-ALAQ,48,0.3610722561618322,2031
005/064-tact-AL2y-ASAQ2y-ALAQ,49,0.29652714055209695,2031
005/064-tact-AL2y-ASAQ2y-ALAQ,50,0.42956002227480566,2031
005/064-tact-AL2y-ASAQ2y-ALAQ,51,0.5457193598202398,2031
005/064-tact-AL2y-ASAQ2y-ALAQ,52,0.4442208875728831,2031
005/064-tact-AL2y-ASAQ2y-ALAQ,53,0.39869087381346485,2031
005/064-tact-AL2y-ASAQ2y-ALAQ,54,0.38129856710548893,2031
005/064-tact-AL2y-ASAQ2y-ALAQ,55,0.39625479107494216,2031
005/064-tact-AL2y-ASAQ2y-ALAQ,56,0.43877512450816236,2031
005/064-tact-AL2y-ASAQ2y-ALAQ,57,0.44662349186888,2031
005/064-tact-AL2y-ASAQ2y-ALAQ,58,0.40565575109889157,2031
005/064-tact-AL2y-ASAQ2y-ALAQ,59,0.3627351325457937,2031
005/064-tact-AL2y-ASAQ2y-ALAQ,60,0.48215358783378076,2031
005/064-tact-AL2y-ASAQ2y-ALAQ,61,0.433953643026555,2031
005/064-tact-AL2y-ASAQ2y-ALAQ,62,0.40099044038798143,2031
005/064-tact-AL2y-ASAQ2y-ALAQ,63,0.47323156257789417,2031
005/064-tact-AL2y-ASAQ2y-ALAQ,64,0.34654761974315207,2031
005/064-tact-AL2y-ASAQ2y-ALAQ,65,0.4522683275826987,2031
005/064-tact-AL2y-ASAQ2y-ALAQ,66,0.5668247462730469,2031
005/064-tact-AL2y-ASAQ2y-ALAQ,67,0.37921715778693915,2031
005/064-tact-AL2y-ASAQ2y-ALAQ,68,0.41999042588063107,2031
005/064-tact-AL2y-ASAQ2y-ALAQ,69,0.5722013483147184,2031
005/064-tact-AL2y-ASAQ2y-ALAQ,70,0.45291878048993955,2031
005/064-tact-AL2y-ASAQ2y-ALAQ,71,0.45923685239312495,2031
005/064-tact-AL2y-ASAQ2y-ALAQ,72,0.4300065056562401,2031
005/064-tact-AL2y-ASAQ2y-ALAQ,73,0.3971380632753241,2031
005/064-tact-AL2y-ASAQ2y-ALAQ,74,0.35290210166658903,2031
005/064-tact-AL2y-ASAQ2y-ALAQ,75,0.35910908492429483,2031
005/064-tact-AL2y-ASAQ2y-ALAQ,76,0.3482505833811673,2031
005/064-tact-AL2y-ASAQ2y-ALAQ,77,0.44214320373947147,2031
005/064-tact-AL2y-ASAQ2y-ALAQ,78,0.4964932568725617,2031
005/064-tact-AL2y-ASAQ2y-ALAQ,79,0.32825247872493934,2031
005/064-tact-AL2y-ASAQ2y-ALAQ,80,0.4897302195073509,2031
005/064-tact-AL2y-ASAQ2y-ALAQ,81,0.46924807395831886,2031
005/064-tact-AL2y-ASAQ2y-ALAQ,82,0.41570600707057387,2031
005/064-tact-AL2y-ASAQ2y-ALAQ,83,0.4825159437967678,2031
005/064-tact-AL2y-ASAQ2y-ALAQ,84,0.4635934819839704,2031
005/064-tact-AL2y-ASAQ2y-ALAQ,85,0.3332046465685184,2031
005/064-tact-AL2y-ASAQ2y-ALAQ,86,0.38443594523748176,2031
005/064-tact-AL2y-ASAQ2y-ALAQ,87,0.46875366002815894,2031
005/064-tact-AL2y-ASAQ2y-ALAQ,88,0.5316700883101771,2031
005/064-tact-AL2y-ASAQ2y-ALAQ,89,0.4897623257048059,2031
005/064-tact-AL2y-ASAQ2y-ALAQ,90,0.4490705629265604,2031
005/064-tact-AL2y-ASAQ2y-ALAQ,91,0.4734465298826321,2031
005/064-tact-AL2y-ASAQ2y-ALAQ,92,0.4197873821626017,2031
005/064-tact-AL2y-ASAQ2y-ALAQ,93,0.4885651244006748,2031
005/064-tact-AL2y-ASAQ2y-ALAQ,94,0.38492183740312075,2031
005/064-tact-AL2y-ASAQ2y-ALAQ,95,0.3511807077228386,2031
005/064-tact-AL2y-ASAQ2y-ALAQ,96,0.4836438541726465,2031
005/064-tact-AL2y-ASAQ2y-ALAQ,97,0.4249322876790733,2031
005/064-tact-AL2y-ASAQ2y-ALAQ,98,0.47729089778606787,2031
005/064-tact-AL2y-ASAQ2y-ALAQ,99,0.38224631342024407,2031
005/065-tact-AL2y-DHAPPQ2y-ALAQ,0,0.40763648745534004,2031
005/065-tact-AL2y-DHAPPQ2y-ALAQ,1,0.37231392105693867,2031
005/065-tact-AL2y-DHAPPQ2y-ALAQ,2,0.4380518083817377,2031
005/065-tact-AL2y-DHAPPQ2y-ALAQ,3,0.5505213550747302,2031
005/065-tact-AL2y-DHAPPQ2y-ALAQ,4,0.46861610253858266,2031
005/065-tact-AL2y-DHAPPQ2y-ALAQ,5,0.36855353053919254,2031
005/065-tact-AL2y-DHAPPQ2y-ALAQ,6,0.40281948472408574,2031
005/065-tact-AL2y-DHAPPQ2y-ALAQ,7,0.48727649652567234,2031
005/065-tact-AL2y-DHAPPQ2y-ALAQ,8,0.42927768395467725,2031
005/065-tact-AL2y-DHAPPQ2y-ALAQ,9,0.4516714349664321,2031
005/065-tact-AL2y-DHAPPQ2y-ALAQ,10,0.4061059594415011,2031
005/065-tact-AL2y-DHAPPQ2y-ALAQ,11,0.4996859033786263,2031
005/065-tact-AL2y-DHAPPQ2y-ALAQ,12,0.4622248414383556,2031
005/065-tact-AL2y-DHAPPQ2y-ALAQ,13,0.4266390033130764,2031
005/065-tact-AL2y-DHAPPQ2y-ALAQ,14,0.515672485254333,2031
005/065-tact-AL2y-DHAPPQ2y-ALAQ,15,0.4638412670136464,2031
005/065-tact-AL2y-DHAPPQ2y-ALAQ,16,0.3977696848492522,2031
005/065-tact-AL2y-DHAPPQ2y-ALAQ,17,0.41329509324793356,2031
005/065-tact-AL2y-DHAPPQ2y-ALAQ,18,0.4711604079789575,2031
005/065-tact-AL2y-DHAPPQ2y-ALAQ,19,0.5504706430719845,2031
005/065-tact-AL2y-DHAPPQ2y-ALAQ,20,0.550947629166806,2031
005/065-tact-AL2y-DHAPPQ2y-ALAQ,21,0.32166267022315764,2031
005/065-tact-AL2y-DHAPPQ2y-ALAQ,22,0.4647117247689816,2031
005/065-tact-AL2y-DHAPPQ2y-ALAQ,23,0.4561153825052065,2031
005/065-tact-AL2y-DHAPPQ2y-ALAQ,24,0.3915467915257756,2031
005/065-tact-AL2y-DHAPPQ2y-ALAQ,25,0.4685113202459694,2031
005/065-tact-AL2y-DHAPPQ2y-ALAQ,26,0.47719620672120144,2031
005/065-tact-AL2y-DHAPPQ2y-ALAQ,27,0.4185173993732993,2031
005/065-tact-AL2y-DHAPPQ2y-ALAQ,28,0.38829157514065343,2031
005/065-tact-AL2y-DHAPPQ2y-ALAQ,29,0.4184080627937046,2031
005/065-tact-AL2y-DHAPPQ2y-ALAQ,30,0.47101608111662535,2031
005/065-tact-AL2y-DHAPPQ2y-ALAQ,31,0.4600945510878529,2031
005/065-tact-AL2y-DHAPPQ2y-ALAQ,32,0.4235274772779209,2031
005/065-tact-AL2y-DHAPPQ2y-ALAQ,33,0.4694446982832261,2031
005/065-tact-AL2y-DHAPPQ2y-ALAQ,34,0.39295206286658146,2031
005/065-tact-AL2y-DHAPPQ2y-ALAQ,35,0.43139327828351653,2031
005/065-tact-AL2y-DHAPPQ2y-ALAQ,36,0.3732070409093839,2031
005/065-tact-AL2y-DHAPPQ2y-ALAQ,37,0.4873985789379467,2031
005/065-tact-AL2y-DHAPPQ2y-ALAQ,38,0.49791194703974834,2031
005/065-tact-AL2y-DHAPPQ2y-ALAQ,39,0.5286658064112674,2031
005/065-tact-AL2y-DHAPPQ2y-ALAQ,40,0.5063317855204629,2031
005/065-tact-AL2y-DHAPPQ2y-ALAQ,41,0.4626101129243471,2031
005/065-tact-AL2y-DHAPPQ2y-ALAQ,42,0.5389768811817449,2031
005/065-tact-AL2y-DHAPPQ2y-ALAQ,43,0.4762094112090725,2031
005/065-tact-AL2y-DHAPPQ2y-ALAQ,44,0.3931138283202866,2031
005/065-tact-AL2y-DHAPPQ2y-ALAQ,45,0.40917185063391043,2031
005/065-tact-AL2y-DHAPPQ2y-ALAQ,46,0.4470660923288512,2031
005/065-tact-AL2y-DHAPPQ2y-ALAQ,47,0.49968408935566283,2031
005/065-tact-AL2y-DHAPPQ2y-ALAQ,48,0.4397999473652982,2031
005/065-tact-AL2y-DHAPPQ2y-ALAQ,49,0.5207960100436771,2031
005/065-tact-AL2y-DHAPPQ2y-ALAQ,50,0.446260001809835,2031
005/065-tact-AL2y-DHAPPQ2y-ALAQ,51,0.6215402514627971,2031
005/065-tact-AL2y-DHAPPQ2y-ALAQ,52,0.4652033075696898,2031
005/065-tact-AL2y-DHAPPQ2y-ALAQ,53,0.5628163247814094,2031
005/065-tact-AL2y-DHAPPQ2y-ALAQ,54,0.37878861969001226,2031
005/065-tact-AL2y-DHAPPQ2y-ALAQ,55,0.4597939053339737,2031
005/065-tact-AL2y-DHAPPQ2y-ALAQ,56,0.5127704199175979,2031
005/065-tact-AL2y-DHAPPQ2y-ALAQ,57,0.3717983383600145,2031
005/065-tact-AL2y-DHAPPQ2y-ALAQ,58,0.3562175789990483,2031
005/065-tact-AL2y-DHAPPQ2y-ALAQ,59,0.4600369614879806,2031
005/065-tact-AL2y-DHAPPQ2y-ALAQ,60,0.45585959576243157,2031
005/065-tact-AL2y-DHAPPQ2y-ALAQ,61,0.47007732364575006,2031
005/065-tact-AL2y-DHAPPQ2y-ALAQ,62,0.4682845550382697,2031
005/065-tact-AL2y-DHAPPQ2y-ALAQ,63,0.44462096628065684,2031
005/065-tact-AL2y-DHAPPQ2y-ALAQ,64,0.4827047580855001,2031
005/065-tact-AL2y-DHAPPQ2y-ALAQ,65,0.37780050375322993,2031
005/065-tact-AL2y-DHAPPQ2y-ALAQ,66,0.4008664505286817,2031
005/065-tact-AL2y-DHAPPQ2y-ALAQ,67,0.44648995255673324,2031
005/065-tact-AL2y-DHAPPQ2y-ALAQ,68,0.4237769237796291,2031
005/065-tact-AL2y-DHAPPQ2y-ALAQ,69,0.4632527293961699,2031
005/065-tact-AL2y-DHAPPQ2y-ALAQ,70,0.48749373207529195,2031
005/065-tact-AL2y-DHAPPQ2y-ALAQ,71,0.4783038441540403,2031
005/065-tact-AL2y-DHAPPQ2y-ALAQ,72,0.42596107171315417,2031
005/065-tact-AL2y-DHAPPQ2y-ALAQ,73,0.40701322300842846,2031
005/065-tact-AL2y-DHAPPQ2y-ALAQ,74,0.37758948810412124,2031
005/065-tact-AL2y-DHAPPQ2y-ALAQ,75,0.38647326817800215,2031
005/065-tact-AL2y-DHAPPQ2y-ALAQ,76,0.4646212724366661,2031
005/065-tact-AL2y-DHAPPQ2y-ALAQ,77,0.442400938415582,2031
005/065-tact-AL2y-DHAPPQ2y-ALAQ,78,0.4464217184569099,2031
005/065-tact-AL2y-DHAPPQ2y-ALAQ,79,0.5742339302978107,2031
005/065-tact-AL2y-DHAPPQ2y-ALAQ,80,0.4332933016950022,2031
005/065-tact-AL2y-DHAPPQ2y-ALAQ,81,0.49940548894766584,2031
005/065-tact-AL2y-DHAPPQ2y-ALAQ,82,0.44520068345739183,2031
005/065-tact-AL2y-DHAPPQ2y-ALAQ,83,0.4844939486730988,2031
005/065-tact-AL2y-DHAPPQ2y-ALAQ,84,0.4699421932362636,2031
005/065-tact-AL2y-DHAPPQ2y-ALAQ,85,0.4035602999230481,2031
005/065-tact-AL2y-DHAPPQ2y-ALAQ,86,0.49763659353797524,2031
005/065-tact-AL2y-DHAPPQ2y-ALAQ,87,0.3474610977346413,2031
005/065-tact-AL2y-DHAPPQ2y-ALAQ,88,0.462653294376467,2031
005/065-tact-AL2y-DHAPPQ2y-ALAQ,89,0.404510543493088,2031
005/065-tact-AL2y-DHAPPQ2y-ALAQ,90,0.4641034927488685,2031
005/065-tact-AL2y-DHAPPQ2y-ALAQ,91,0.4953684095172666,2031
005/065-tact-AL2y-DHAPPQ2y-ALAQ,92,0.4867427577767783,2031
005/065-tact-AL2y-DHAPPQ2y-ALAQ,93,0.38985267672400487,2031
005/065-tact-AL2y-DHAPPQ2y-ALAQ,94,0.4880113185616824,2031
005/065-tact-AL2y-DHAPPQ2y-ALAQ,95,0.5393922412169099,2031
005/065-tact-AL2y-DHAPPQ2y-ALAQ,96,0.4348634316277937,2031
005/065-tact-AL2y-DHAPPQ2y-ALAQ,97,0.4900331982367601,2031
005/065-tact-AL2y-DHAPPQ2y-ALAQ,98,0.3739434050723864,2031
005/065-tact-AL2y-DHAPPQ2y-ALAQ,99,0.47729961246864866,2031
005/066-tact-ASAQ2y-AL2y-ALAQ,0,0.37824316131567515,2031
005/066-tact-ASAQ2y-AL2y-ALAQ,1,0.45718415188101114,2031
005/066-tact-ASAQ2y-AL2y-ALAQ,2,0.527216795368894,2031
005/066-tact-ASAQ2y-AL2y-ALAQ,3,0.45555200561836773,2031
005/066-tact-ASAQ2y-AL2y-ALAQ,4,0.4125507721834933,2031
005/066-tact-ASAQ2y-AL2y-ALAQ,5,0.4267053255250281,2031
005/066-tact-ASAQ2y-AL2y-ALAQ,6,0.42011688263812513,2031
005/066-tact-ASAQ2y-AL2y-ALAQ,7,0.32317558274754515,2031
005/066-tact-ASAQ2y-AL2y-ALAQ,8,0.4684494986447647,2031
005/066-tact-ASAQ2y-AL2y-ALAQ,9,0.4301705991278042,2031
005/066-tact-ASAQ2y-AL2y-ALAQ,10,0.2808896494671933,2031
005/066-tact-ASAQ2y-AL2y-ALAQ,11,0.4550235951421399,2031
005/066-tact-ASAQ2y-AL2y-ALAQ,12,0.4181437496846161,2031
005/066-tact-ASAQ2y-AL2y-ALAQ,13,0.49450426511344614,2031
005/066-tact-ASAQ2y-AL2y-ALAQ,14,0.467770067768986,2031
005/066-tact-ASAQ2y-AL2y-ALAQ,15,0.507615785856093,2031
005/066-tact-ASAQ2y-AL2y-ALAQ,16,0.3324276344537496,2031
005/066-tact-ASAQ2y-AL2y-ALAQ,17,0.3886606583192585,2031
005/066-tact-ASAQ2y-AL2y-ALAQ,18,0.4185169103021686,2031
005/066-tact-ASAQ2y-AL2y-ALAQ,19,0.3255885219007871,2031
005/066-tact-ASAQ2y-AL2y-ALAQ,20,0.40263912294553994,2031
005/066-tact-ASAQ2y-AL2y-ALAQ,21,0.4734387500613681,2031
005/066-tact-ASAQ2y-AL2y-ALAQ,22,0.55670501506506,2031
005/066-tact-ASAQ2y-AL2y-ALAQ,23,0.5834521235829433,2031
005/066-tact-ASAQ2y-AL2y-ALAQ,24,0.47704672354020256,2031
005/066-tact-ASAQ2y-AL2y-ALAQ,25,0.4141063316994464,2031
005/066-tact-ASAQ2y-AL2y-ALAQ,26,0.4984018602968126,2031
005/066-tact-ASAQ2y-AL2y-ALAQ,27,0.47002568787779847,2031
005/066-tact-ASAQ2y-AL2y-ALAQ,28,0.5718361424181205,2031
005/066-tact-ASAQ2y-AL2y-ALAQ,29,0.47613121793218954,2031
005/066-tact-ASAQ2y-AL2y-ALAQ,30,0.47806979214058076,2031
005/066-tact-ASAQ2y-AL2y-ALAQ,31,0.42599944176871607,2031
005/066-tact-ASAQ2y-AL2y-ALAQ,32,0.42893397346636375,2031
005/066-tact-ASAQ2y-AL2y-ALAQ,33,0.45863283942656,2031
005/066-tact-ASAQ2y-AL2y-ALAQ,34,0.4130530147945451,2031
005/066-tact-ASAQ2y-AL2y-ALAQ,35,0.4656303857212962,2031
005/066-tact-ASAQ2y-AL2y-ALAQ,36,0.35489253686553673,2031
005/066-tact-ASAQ2y-AL2y-ALAQ,37,0.4700039764513924,2031
005/066-tact-ASAQ2y-AL2y-ALAQ,38,0.42838724826063374,2031
005/066-tact-ASAQ2y-AL2y-ALAQ,39,0.44341242017772536,2031
005/066-tact-ASAQ2y-AL2y-ALAQ,40,0.3566835008913027,2031
005/066-tact-ASAQ2y-AL2y-ALAQ,41,0.527720738808504,2031
005/066-tact-ASAQ2y-AL2y-ALAQ,42,0.4464567544800632,2031
005/066-tact-ASAQ2y-AL2y-ALAQ,43,0.4165578839076078,2031
005/066-tact-ASAQ2y-AL2y-ALAQ,44,0.5086036381709306,2031
005/066-tact-ASAQ2y-AL2y-ALAQ,45,0.4073718067680107,2031
005/066-tact-ASAQ2y-AL2y-ALAQ,46,0.5153776912134651,2031
005/066-tact-ASAQ2y-AL2y-ALAQ,47,0.46811703608071525,2031
005/066-tact-ASAQ2y-AL2y-ALAQ,48,0.4147862668991789,2031
005/066-tact-ASAQ2y-AL2y-ALAQ,49,0.39346106228285005,2031
005/066-tact-ASAQ2y-AL2y-ALAQ,50,0.5886527673410195,2031
005/066-tact-ASAQ2y-AL2y-ALAQ,51,0.39615354261461455,2031
005/066-tact-ASAQ2y-AL2y-ALAQ,52,0.5196993023038268,2031
005/066-tact-ASAQ2y-AL2y-ALAQ,53,0.3963749126327237,2031
005/066-tact-ASAQ2y-AL2y-ALAQ,54,0.486164363490341,2031
005/066-tact-ASAQ2y-AL2y-ALAQ,55,0.4130103665286086,2031
005/066-tact-ASAQ2y-AL2y-ALAQ,56,0.3571055207117943,2031
005/066-tact-ASAQ2y-AL2y-ALAQ,57,0.4501017677843255,2031
005/066-tact-ASAQ2y-AL2y-ALAQ,58,0.45423446935782846,2031
005/066-tact-ASAQ2y-AL2y-ALAQ,59,0.3756123746611136,2031
005/066-tact-ASAQ2y-AL2y-ALAQ,60,0.3949384125003688,2031
005/066-tact-ASAQ2y-AL2y-ALAQ,61,0.4027989462926011,2031
005/066-tact-ASAQ2y-AL2y-ALAQ,62,0.4991161656400578,2031
005/066-tact-ASAQ2y-AL2y-ALAQ,63,0.43462344878586684,2031
005/066-tact-ASAQ2y-AL2y-ALAQ,64,0.4217672328135475,2031
005/066-tact-ASAQ2y-AL2y-ALAQ,65,0.4850822492216708,2031
005/066-tact-ASAQ2y-AL2y-ALAQ,66,0.37906837442757735,2031
005/066-tact-ASAQ2y-AL2y-ALAQ,67,0.29775910275275347,2031
005/066-tact-ASAQ2y-AL2y-ALAQ,68,0.5117238981830489,2031
005/066-tact-ASAQ2y-AL2y-ALAQ,69,0.42937320312038785,2031
005/066-tact-ASAQ2y-AL2y-ALAQ,70,0.4188141789659589,2031
005/066-tact-ASAQ2y-AL2y-ALAQ,71,0.4097222024477658,2031
005/066-tact-ASAQ2y-AL2y-ALAQ,72,0.407408668432704,2031
005/066-tact-ASAQ2y-AL2y-ALAQ,73,0.3404060552597117,2031
005/066-tact-ASAQ2y-AL2y-ALAQ,74,0.3757210646490034,2031
005/066-tact-ASAQ2y-AL2y-ALAQ,75,0.5518068725590644,2031
005/066-tact-ASAQ2y-AL2y-ALAQ,76,0.37843157811545075,2031
005/066-tact-ASAQ2y-AL2y-ALAQ,77,0.5271941315480552,2031
005/066-tact-ASAQ2y-AL2y-ALAQ,78,0.42939972341015037,2031
005/066-tact-ASAQ2y-AL2y-ALAQ,79,0.4410270796710259,2031
005/066-tact-ASAQ2y-AL2y-ALAQ,80,0.3098226048944108,2031
005/066-tact-ASAQ2y-AL2y-ALAQ,81,0.3405430958819453,2031
005/066-tact-ASAQ2y-AL2y-ALAQ,82,0.4481280578192684,2031
005/066-tact-ASAQ2y-AL2y-ALAQ,83,0.33786084719426795,2031
005/066-tact-ASAQ2y-AL2y-ALAQ,84,0.39436314928697397,2031
005/066-tact-ASAQ2y-AL2y-ALAQ,85,0.485294937408746,2031
005/066-tact-ASAQ2y-AL2y-ALAQ,86,0.41305246097750997,2031
005/066-tact-ASAQ2y-AL2y-ALAQ,87,0.48114915741304015,2031
005/066-tact-ASAQ2y-AL2y-ALAQ,88,0.4910684606430457,2031
005/066-tact-ASAQ2y-AL2y-ALAQ,89,0.478276175711099,2031
005/066-tact-ASAQ2y-AL2y-ALAQ,90,0.5253765707162602,2031
005/066-tact-ASAQ2y-AL2y-ALAQ,91,0.444128942843834,2031
005/066-tact-ASAQ2y-AL2y-ALAQ,92,0.49941129883937646,2031
005/066-tact-ASAQ2y-AL2y-ALAQ,93,0.3923330911995,2031
005/066-tact-ASAQ2y-AL2y-ALAQ,94,0.3694655198572827,2031
005/066-tact-ASAQ2y-AL2y-ALAQ,95,0.5195236549829038,2031
005/066-tact-ASAQ2y-AL2y-ALAQ,96,0.40995080596117744,2031
005/066-tact-ASAQ2y-AL2y-ALAQ,97,0.5453631367690167,2031
005/066-tact-ASAQ2y-AL2y-ALAQ,98,0.4670944409225095,2031
005/066-tact-ASAQ2y-AL2y-ALAQ,99,0.4218775132498267,2031
005/067-tact-ASAQ2y-DHAPPQ2y-ALAQ,0,0.28439838094182457,2031
005/067-tact-ASAQ2y-DHAPPQ2y-ALAQ,1,0.33471567476706326,2031
005/067-tact-ASAQ2y-DHAPPQ2y-ALAQ,2,0.41545595885729575,2031
005/067-tact-ASAQ2y-DHAPPQ2y-ALAQ,3,0.2824083666605474,2031
005/067-tact-ASAQ2y-DHAPPQ2y-ALAQ,4,0.36296170603701583,2031
005/067-tact-ASAQ2y-DHAPPQ2y-ALAQ,5,0.34383130797401246,2031
005/067-tact-ASAQ2y-DHAPPQ2y-ALAQ,6,0.30480725909051437,2031
005/067-tact-ASAQ2y-DHAPPQ2y-ALAQ,7,0.45114115506116953,2031
005/067-tact-ASAQ2y-DHAPPQ2y-ALAQ,8,0.43419021405300035,2031
005/067-tact-ASAQ2y-DHAPPQ2y-ALAQ,9,0.36200946450294574,2031
005/067-tact-ASAQ2y-DHAPPQ2y-ALAQ,10,0.2947583316022531,2031
005/067-tact-ASAQ2y-DHAPPQ2y-ALAQ,11,0.2907271910131461,2031
005/067-tact-ASAQ2y-DHAPPQ2y-ALAQ,12,0.33625325797082684,2031
005/067-tact-ASAQ2y-DHAPPQ2y-ALAQ,13,0.32500266835522496,2031
005/067-tact-ASAQ2y-DHAPPQ2y-ALAQ,14,0.40942386081974463,2031
005/067-tact-ASAQ2y-DHAPPQ2y-ALAQ,15,0.34515516239488764,2031
005/067-tact-ASAQ2y-DHAPPQ2y-ALAQ,16,0.4204422461617245,2031
005/067-tact-ASAQ2y-DHAPPQ2y-ALAQ,17,0.29231242028180193,2031
005/067-tact-ASAQ2y-DHAPPQ2y-ALAQ,18,0.37045858031682344,2031
005/067-tact-ASAQ2y-DHAPPQ2y-ALAQ,19,0.35566120390760186,2031
005/067-tact-ASAQ2y-DHAPPQ2y-ALAQ,20,0.3533535289134884,2031
005/067-tact-ASAQ2y-DHAPPQ2y-ALAQ,21,0.33446636537550556,2031
005/067-tact-ASAQ2y-DHAPPQ2y-ALAQ,22,0.32977380774457765,2031
005/067-tact-ASAQ2y-DHAPPQ2y-ALAQ,23,0.3003052161607053,2031
005/067-tact-ASAQ2y-DHAPPQ2y-ALAQ,24,0.40100570362227517,2031
005/067-tact-ASAQ2y-DHAPPQ2y-ALAQ,25,0.38129506398155427,2031
005/067-tact-ASAQ2y-DHAPPQ2y-ALAQ,26,0.3885599957215758,2031
005/067-tact-ASAQ2y-DHAPPQ2y-ALAQ,27,0.2955422218463641,2031
005/067-tact-ASAQ2y-DHAPPQ2y-ALAQ,28,0.25158260157518036,2031
005/067-tact-ASAQ2y-DHAPPQ2y-ALAQ,29,0.3267038187258133,2031
005/067-tact-ASAQ2y-DHAPPQ2y-ALAQ,30,0.3592885141483832,2031
005/067-tact-ASAQ2y-DHAPPQ2y-ALAQ,31,0.3227991388664335,2031
005/067-tact-ASAQ2y-DHAPPQ2y-ALAQ,32,0.30437958159731865,2031
005/067-tact-ASAQ2y-DHAPPQ2y-ALAQ,33,0.3611789318853716,2031
005/067-tact-ASAQ2y-DHAPPQ2y-ALAQ,34,0.3086176771957751,2031
005/067-tact-ASAQ2y-DHAPPQ2y-ALAQ,35,0.3862894072554049,2031
005/067-tact-ASAQ2y-DHAPPQ2y-ALAQ,36,0.3511522204517156,2031
005/067-tact-ASAQ2y-DHAPPQ2y-ALAQ,37,0.38314117854647506,2031
005/067-tact-ASAQ2y-DHAPPQ2y-ALAQ,38,0.4089373301378827,2031
005/067-tact-ASAQ2y-DHAPPQ2y-ALAQ,39,0.3688661774207201,2031
005/067-tact-ASAQ2y-DHAPPQ2y-ALAQ,40,0.4044969034508164,2031
005/067-tact-ASAQ2y-DHAPPQ2y-ALAQ,41,0.463411554920283,2031
005/067-tact-ASAQ2y-DHAPPQ2y-ALAQ,42,0.23867778737972922,2031
005/067-tact-ASAQ2y-DHAPPQ2y-ALAQ,43,0.40016604371132475,2031
005/067-tact-ASAQ2y-DHAPPQ2y-ALAQ,44,0.34833503309130154,2031
005/067-tact-ASAQ2y-DHAPPQ2y-ALAQ,45,0.3443338440866059,2031
005/067-tact-ASAQ2y-DHAPPQ2y-ALAQ,46,0.3318487267783213,2031
005/067-tact-ASAQ2y-DHAPPQ2y-ALAQ,47,0.28758964210542565,2031
005/067-tact-ASAQ2y-DHAPPQ2y-ALAQ,48,0.32799999834323595,2031
005/067-tact-ASAQ2y-DHAPPQ2y-ALAQ,49,0.3213185679646425,2031
005/067-tact-ASAQ2y-DHAPPQ2y-ALAQ,50,0.3373585374359574,2031
005/067-tact-ASAQ2y-DHAPPQ2y-ALAQ,51,0.343162045387633,2031
005/067-tact-ASAQ2y-DHAPPQ2y-ALAQ,52,0.46062793836684207,2031
005/067-tact-ASAQ2y-DHAPPQ2y-ALAQ,53,0.2851172713387958,2031
005/067-tact-ASAQ2y-DHAPPQ2y-ALAQ,54,0.3212390136715259,2031
005/067-tact-ASAQ2y-DHAPPQ2y-ALAQ,55,0.32923936087439903,2031
005/067-tact-ASAQ2y-DHAPPQ2y-ALAQ,56,0.3411227234350455,2031
005/067-tact-ASAQ2y-DHAPPQ2y-ALAQ,57,0.29046508256787046,2031
005/067-tact-ASAQ2y-DHAPPQ2y-ALAQ,58,0.42088326427069855,2031
005/067-tact-ASAQ2y-DHAPPQ2y-ALAQ,59,0.36209714226475836,2031
005/067-tact-ASAQ2y-DHAPPQ2y-ALAQ,60,0.29015548490095383,2031
005/067-tact-ASAQ2y-DHAPPQ2y-ALAQ,61,0.44837295922967685,2031
005/067-tact-ASAQ2y-DHAPPQ2y-ALAQ,62,0.3797364450934828,2031
005/067-tact-ASAQ2y-DHAPPQ2y-ALAQ,63,0.3228139782704525,2031
005/067-tact-ASAQ2y-DHAPPQ2y-ALAQ,64,0.3580322647745795,2031
005/067-tact-ASAQ2y-DHAPPQ2y-ALAQ,65,0.36023492823807984,2031
005/067-tact-ASAQ2y-DHAPPQ2y-ALAQ,66,0.43260804632625743,2031
005/067-tact-ASAQ2y-DHAPPQ2y-ALAQ,67,0.510032436605262,2031
005/067-tact-ASAQ2y-DHAPPQ2y-ALAQ,68,0.30311631479187545,2031
005/067-tact-ASAQ2y-DHAPPQ2y-ALAQ,69,0.31599666447313796,2031
005/067-tact-ASAQ2y-DHAPPQ2y-ALAQ,70,0.35963973760493656,2031
005/067-tact-ASAQ2y-DHAPPQ2y-ALAQ,71,0.3746790495243191,2031
005/067-tact-ASAQ2y-DHAPPQ2y-ALAQ,72,0.3233934158586828,2031
005/067-tact-ASAQ2y-DHAPPQ2y-ALAQ,73,0.35503965327509474,2031
005/067-tact-ASAQ2y-DHAPPQ2y-ALAQ,74,0.3338980146808029,2031
005/067-tact-ASAQ2y-DHAPPQ2y-ALAQ,75,0.3597464935184118,2031
005/067-tact-ASAQ2y-DHAPPQ2y-ALAQ,76,0.32795205899546404,2031
005/067-tact-ASAQ2y-DHAPPQ2y-ALAQ,77,0.3136531973217812,2031
005/067-tact-ASAQ2y-DHAPPQ2y-ALAQ,78,0.4070740551814922,2031
005/067-tact-ASAQ2y-DHAPPQ2y-ALAQ,79,0.3155573396636612,2031
005/067-tact-ASAQ2y-DHAPPQ2y-ALAQ,80,0.2848011712717346,2031
005/067-tact-ASAQ2y-DHAPPQ2y-ALAQ,81,0.4531982087032072,2031
005/067-tact-ASAQ2y-DHAPPQ2y-ALAQ,82,0.37737257602144575,2031
005/067-tact-ASAQ2y-DHAPPQ2y-ALAQ,83,0.37032594653307754,2031
005/067-tact-ASAQ2y-DHAPPQ2y-ALAQ,84,0.35326151677802436,2031
005/067-tact-ASAQ2y-DHAPPQ2y-ALAQ,85,0.3566530715198513,2031
005/067-tact-ASAQ2y-DHAPPQ2y-ALAQ,86,0.30700220312187904,2031
005/067-tact-ASAQ2y-DHAPPQ2y-ALAQ,87,0.32491047565119324,2031
005/067-tact-ASAQ2y-DHAPPQ2y-ALAQ,88,0.35323870880626607,2031
005/067-tact-ASAQ2y-DHAPPQ2y-ALAQ,89,0.30184901455610413,2031
005/067-tact-ASAQ2y-DHAPPQ2y-ALAQ,90,0.3170893040386101,2031
005/067-tact-ASAQ2y-DHAPPQ2y-ALAQ,91,0.37692613793485324,2031
005/067-tact-ASAQ2y-DHAPPQ2y-ALAQ,92,0.3237618686942776,2031
005/067-tact-ASAQ2y-DHAPPQ2y-ALAQ,93,0.3902492669818603,2031
005/067-tact-ASAQ2y-DHAPPQ2y-ALAQ,94,0.3883574306179034,2031
005/067-tact-ASAQ2y-DHAPPQ2y-ALAQ,95,0.43392275734226154,2031
005/067-tact-ASAQ2y-DHAPPQ2y-ALAQ,96,0.3448580135691106,2031
005/067-tact-ASAQ2y-DHAPPQ2y-ALAQ,97,0.3219088748885616,2031
005/067-tact-ASAQ2y-DHAPPQ2y-ALAQ,98,0.27266472617329557,2031
005/067-tact-ASAQ2y-DHAPPQ2y-ALAQ,99,0.34300570729541896,2031
005/068-tact-DHAPPQ2y-AL2y-ALAQ,0,0.5029262292488473,2031
005/068-tact-DHAPPQ2y-AL2y-ALAQ,1,0.503864440846846,2031
005/068-tact-DHAPPQ2y-AL2y-ALAQ,2,0.529714914007599,2031
005/068-tact-DHAPPQ2y-AL2y-ALAQ,3,0.4481076638464883,2031
005/068-tact-DHAPPQ2y-AL2y-ALAQ,4,0.44426465292644024,2031
005/068-tact-DHAPPQ2y-AL2y-ALAQ,5,0.4114127530406995,2031
005/068-tact-DHAPPQ2y-AL2y-ALAQ,6,0.5107834348737873,2031
005/068-tact-DHAPPQ2y-AL2y-ALAQ,7,0.4475643726839232,2031
005/068-tact-DHAPPQ2y-AL2y-ALAQ,8,0.43265554245544435,2031
005/068-tact-DHAPPQ2y-AL2y-ALAQ,9,0.4618017878443481,2031
005/068-tact-DHAPPQ2y-AL2y-ALAQ,10,0.36055715959012585,2031
005/068-tact-DHAPPQ2y-AL2y-ALAQ,11,0.41687575956502787,2031
005/068-tact-DHAPPQ2y-AL2y-ALAQ,12,0.5440107411094918,2031
005/068-tact-DHAPPQ2y-AL2y-ALAQ,13,0.3788272872840759,2031
005/068-tact-DHAPPQ2y-AL2y-ALAQ,14,0.5121737480899119,2031
005/068-tact-DHAPPQ2y-AL2y-ALAQ,15,0.4199749707814771,2031
005/068-tact-DHAPPQ2y-AL2y-ALAQ,16,0.4322156875014094,2031
005/068-tact-DHAPPQ2y-AL2y-ALAQ,17,0.5057927994630246,2031
005/068-tact-DHAPPQ2y-AL2y-ALAQ,18,0.49680314260850134,2031
005/068-tact-DHAPPQ2y-AL2y-ALAQ,19,0.41951833244958414,2031
005/068-tact-DHAPPQ2y-AL2y-ALAQ,20,0.5654650052464837,2031
005/068-tact-DHAPPQ2y-AL2y-ALAQ,21,0.5289903999819124,2031
005/068-tact-DHAPPQ2y-AL2y-ALAQ,22,0.4538598947451154,2031
005/068-tact-DHAPPQ2y-AL2y-ALAQ,23,0.4567524300249175,2031
005/068-tact-DHAPPQ2y-AL2y-ALAQ,24,0.478326572052588,2031
005/068-tact-DHAPPQ2y-AL2y-ALAQ,25,0.4082595279823895,2031
005/068-tact-DHAPPQ2y-AL2y-ALAQ,26,0.4248599535687804,2031
005/068-tact-DHAPPQ2y-AL2y-ALAQ,27,0.3314263691985602,2031
005/068-tact-DHAPPQ2y-AL2y-ALAQ,28,0.5354924484508037,2031
005/068-tact-DHAPPQ2y-AL2y-ALAQ,29,0.45978200686884957,2031
005/068-tact-DHAPPQ2y-AL2y-ALAQ,30,0.49627508548296073,2031
005/068-tact-DHAPPQ2y-AL2y-ALAQ,31,0.4975519158609676,2031
005/068-tact-DHAPPQ2y-AL2y-ALAQ,32,0.44972627152798134,2031
005/068-tact-DHAPPQ2y-AL2y-ALAQ,33,0.4018479098334156,2031
005/068-tact-DHAPPQ2y-AL2y-ALAQ,34,0.44791279891377767,2031
005/068-tact-DHAPPQ2y-AL2y-ALAQ,35,0.3499818074903142,2031
005/068-tact-DHAPPQ2y-AL2y-ALAQ,36,0.32289374227195017,2031
005/068-tact-DHAPPQ2y-AL2y-ALAQ,37,0.3979875257329574,2031
005/068-tact-DHAPPQ2y-AL2y-ALAQ,38,0.4062630001665793,2031
005/068-tact-DHAPPQ2y-AL2y-ALAQ,39,0.4559217928131675,2031
005/068-tact-DHAPPQ2y-AL2y-ALAQ,40,0.43458154872333793,2031
005/068-tact-DHAPPQ2y-AL2y-ALAQ,41,0.4227808658539689,2031
005/068-tact-DHAPPQ2y-AL2y-ALAQ,42,0.37528080308678785,2031
005/068-tact-DHAPPQ2y-AL2y-ALAQ,43,0.4732813273250565,2031
005/068-tact-DHAPPQ2y-AL2y-ALAQ,44,0.48734836874561055,2031
005/068-tact-DHAPPQ2y-AL2y-ALAQ,45,0.3684085789338764,2031
005/068-tact-DHAPPQ2y-AL2y-ALAQ,46,0.4085344807158881,2031
005/068-tact-DHAPPQ2y-AL2y-ALAQ,47,0.4196554659175564,2031
005/068-tact-DHAPPQ2y-AL2y-ALAQ,48,0.4133058001988921,2031
005/068-tact-DHAPPQ2y-AL2y-ALAQ,49,0.4888881676063311,2031
005/068-tact-DHAPPQ2y-AL2y-ALAQ,50,0.41136902574467404,2031
005/068-tact-DHAPPQ2y-AL2y-ALAQ,51,0.4642862612048801,2031
005/068-tact-DHAPPQ2y-AL2y-ALAQ,52,0.441579167094254,2031
005/068-tact-DHAPPQ2y-AL2y-ALAQ,53,0.4905639689257319,2031
005/068-tact-DHAPPQ2y-AL2y-ALAQ,54,0.4217410678777069,2031
005/068-tact-DHAPPQ2y-AL2y-ALAQ,55,0.5082049358343893,2031
005/068-tact-DHAPPQ2y-AL2y-ALAQ,56,0.49556858538267196,2031
005/068-tact-DHAPPQ2y-AL2y-ALAQ,57,0.501376521416295,2031
005/068-tact-DHAPPQ2y-AL2y-ALAQ,58,0.6154764590680969,2031
005/068-tact-DHAPPQ2y-AL2y-ALAQ,59,0.43603339791897855,2031
005/068-tact-DHAPPQ2y-AL2y-ALAQ,60,0.4447132599427548,2031
005/068-tact-DHAPPQ2y-AL2y-ALAQ,61,0.4520090089191284,2031
005/068-tact-DHAPPQ2y-AL2y-ALAQ,62,0.4097439500731035,2031
005/068-tact-DHAPPQ2y-AL2y-ALAQ,63,0.3242630999847161,2031
005/068-tact-DHAPPQ2y-AL2y-ALAQ,64,0.46588718217242736,2031
005/068-tact-DHAPPQ2y-AL2y-ALAQ,65,0.5174824912977031,2031
005/068-tact-DHAPPQ2y-AL2y-ALAQ,66,0.44733781241516435,2031
005/068-tact-DHAPPQ2y-AL2y-ALAQ,67,0.45097094687286293,2031
005/068-tact-DHAPPQ2y-AL2y-ALAQ,68,0.4663330954614546,2031
005/068-tact-DHAPPQ2y-AL2y-ALAQ,69,0.4147694362382958,2031
005/068-tact-DHAPPQ2y-AL2y-ALAQ,70,0.5129358572424974,2031
005/068-tact-DHAPPQ2y-AL2y-ALAQ,71,0.45381316217740975,2031
005/068-tact-DHAPPQ2y-AL2y-ALAQ,72,0.4805319705075836,2031
005/068-tact-DHAPPQ2y-AL2y-ALAQ,73,0.5517050026878728,2031
005/068-tact-DHAPPQ2y-AL2y-ALAQ,74,0.4573410624292094,2031
005/068-tact-DHAPPQ2y-AL2y-ALAQ,75,0.3400398442895196,2031
005/068-tact-DHAPPQ2y-AL2y-ALAQ,76,0.5153527793181846,2031
005/068-tact-DHAPPQ2y-AL2y-ALAQ,77,0.5536497831258794,2031
005/068-tact-DHAPPQ2y-AL2y-ALAQ,78,0.5291750567222872,2031
005/068-tact-DHAPPQ2y-AL2y-ALAQ,79,0.40920281704947103,2031
005/068-tact-DHAPPQ2y-AL2y-ALAQ,80,0.46303890082635846,2031
005/068-tact-DHAPPQ2y-AL2y-ALAQ,81,0.5104527800606168,2031
005/068-tact-DHAPPQ2y-AL2y-ALAQ,82,0.41671878714854854,2031
005/068-tact-DHAPPQ2y-AL2y-ALAQ,83,0.4520167265810116,2031
005/068-tact-DHAPPQ2y-AL2y-ALAQ,84,0.40893614264259365,2031
005/068-tact-DHAPPQ2y-AL2y-ALAQ,85,0.3730316594251974,2031
005/068-tact-DHAPPQ2y-AL2y-ALAQ,86,0.661388053356517,2031
005/068-tact-DHAPPQ2y-AL2y-ALAQ,87,0.4796321076886909,2031
005/068-tact-DHAPPQ2y-AL2y-ALAQ,88,0.5320563675131317,2031
005/068-tact-DHAPPQ2y-AL2y-ALAQ,89,0.4567552686914737,2031
005/068-tact-DHAPPQ2y-AL2y-ALAQ,90,0.4976869456206415,2031
005/068-tact-DHAPPQ2y-AL2y-ALAQ,91,0.42270742578967585,2031
005/068-tact-DHAPPQ2y-AL2y-ALAQ,92,0.3900686284109581,2031
005/068-tact-DHAPPQ2y-AL2y-ALAQ,93,0.40984731429931465,2031
005/068-tact-DHAPPQ2y-AL2y-ALAQ,94,0.4630993309643649,2031
005/068-tact-DHAPPQ2y-AL2y-ALAQ,95,0.478511578762643,2031
005/068-tact-DHAPPQ2y-AL2y-ALAQ,96,0.5027253781641353,2031
005/068-tact-DHAPPQ2y-AL2y-ALAQ,97,0.5332772155859399,2031
005/068-tact-DHAPPQ2y-AL2y-ALAQ,98,0.40814635306848124,2031
005/068-tact-DHAPPQ2y-AL2y-ALAQ,99,0.4547759527006701,2031
005/069-tact-DHAPPQ2y-ASAQ2y-ALAQ,0,0.34601821555345497,2031
005/069-tact-DHAPPQ2y-ASAQ2y-ALAQ,1,0.32989856945227325,2031
005/069-tact-DHAPPQ2y-ASAQ2y-ALAQ,2,0.3656433101080765,2031
005/069-tact-DHAPPQ2y-ASAQ2y-ALAQ,3,0.3282174952358334,2031
005/069-tact-DHAPPQ2y-ASAQ2y-ALAQ,4,0.3024888749539608,2031
005/069-tact-DHAPPQ2y-ASAQ2y-ALAQ,5,0.46669403434838025,2031
005/069-tact-DHAPPQ2y-ASAQ2y-ALAQ,6,0.29812284814835915,2031
005/069-tact-DHAPPQ2y-ASAQ2y-ALAQ,7,0.3550980799629148,2031
005/069-tact-DHAPPQ2y-ASAQ2y-ALAQ,8,0.30776779644958013,2031
005/069-tact-DHAPPQ2y-ASAQ2y-ALAQ,9,0.3858370008486161,2031
005/069-tact-DHAPPQ2y-ASAQ2y-ALAQ,10,0.39936210094864216,2031
005/069-tact-DHAPPQ2y-ASAQ2y-ALAQ,11,0.38540193831942937,2031
005/069-tact-DHAPPQ2y-ASAQ2y-ALAQ,12,0.4532149155718967,2031
005/069-tact-DHAPPQ2y-ASAQ2y-ALAQ,13,0.309928403259322,2031
005/069-tact-DHAPPQ2y-ASAQ2y-ALAQ,14,0.42502275460459155,2031
005/069-tact-DHAPPQ2y-ASAQ2y-ALAQ,15,0.34090053281726834,2031
005/069-tact-DHAPPQ2y-ASAQ2y-ALAQ,16,0.267190316782255,2031
005/069-tact-DHAPPQ2y-ASAQ2y-ALAQ,17,0.25176713389044586,2031
005/069-tact-DHAPPQ2y-ASAQ2y-ALAQ,18,0.32239629381615764,2031
005/069-tact-DHAPPQ2y-ASAQ2y-ALAQ,19,0.36515096738893865,2031
005/069-tact-DHAPPQ2y-ASAQ2y-ALAQ,20,0.2940088417878441,2031
005/069-tact-DHAPPQ2y-ASAQ2y-ALAQ,21,0.34706030959709083,2031
005/069-tact-DHAPPQ2y-ASAQ2y-ALAQ,22,0.35687864417288234,2031
005/069-tact-DHAPPQ2y-ASAQ2y-ALAQ,23,0.2964928864252126,2031
005/069-tact-DHAPPQ2y-ASAQ2y-ALAQ,24,0.4420401694346227,2031
005/069-tact-DHAPPQ2y-ASAQ2y-ALAQ,25,0.41177194313165516,2031
005/069-tact-DHAPPQ2y-ASAQ2y-ALAQ,26,0.34505829628571205,2031
005/069-tact-DHAPPQ2y-ASAQ2y-ALAQ,27,0.3950214006216292,2031
005/069-tact-DHAPPQ2y-ASAQ2y-ALAQ,28,0.34490837606593655,2031
005/069-tact-DHAPPQ2y-ASAQ2y-ALAQ,29,0.37571372382454243,2031
005/069-tact-DHAPPQ2y-ASAQ2y-ALAQ,30,0.31131026350728525,2031
005/069-tact-DHAPPQ2y-ASAQ2y-ALAQ,31,0.43485013327784533,2031
005/069-tact-DHAPPQ2y-ASAQ2y-ALAQ,32,0.40253548705916614,2031
005/069-tact-DHAPPQ2y-ASAQ2y-ALAQ,33,0.2603484755194865,2031
005/069-tact-DHAPPQ2y-ASAQ2y-ALAQ,34,0.3949818723275247,2031
005/069-tact-DHAPPQ2y-ASAQ2y-ALAQ,35,0.33598697280171125,2031
005/069-tact-DHAPPQ2y-ASAQ2y-ALAQ,36,0.4600245931997948,2031
005/069-tact-DHAPPQ2y-ASAQ2y-ALAQ,37,0.36553593524783484,2031
005/069-tact-DHAPPQ2y-ASAQ2y-ALAQ,38,0.2940988571276514,2031
005/069-tact-DHAPPQ2y-ASAQ2y-ALAQ,39,0.2903747261486694,2031
005/069-tact-DHAPPQ2y-ASAQ2y-ALAQ,40,0.38549684134332196,2031
005/069-tact-DHAPPQ2y-ASAQ2y-ALAQ,41,0.458174385412728,2031
005/069-tact-DHAPPQ2y-ASAQ2y-ALAQ,42,0.40320312869945907,2031
005/069-tact-DHAPPQ2y-ASAQ2y-ALAQ,43,0.32843061215884567,2031
005/069-tact-DHAPPQ2y-ASAQ2y-ALAQ,44,0.33864437208033654,2031
005/069-tact-DHAPPQ2y-ASAQ2y-ALAQ,45,0.2678990666684679,2031
005/069-tact-DHAPPQ2y-ASAQ2y-ALAQ,46,0.39547751232718764,2031
005/069-tact-DHAPPQ2y-ASAQ2y-ALAQ,47,0.35956403407482207,2031
005/069-tact-DHAPPQ2y-ASAQ2y-ALAQ,48,0.3529954432592475,2031
005/069-tact-DHAPPQ2y-ASAQ2y-ALAQ,49,0.36677694925389354,2031
005/069-tact-DHAPPQ2y-ASAQ2y-ALAQ,50,0.39517809387536484,2031
005/069-tact-DHAPPQ2y-ASAQ2y-ALAQ,51,0.4140770489302678,2031
005/069-tact-DHAPPQ2y-ASAQ2y-ALAQ,52,0.3964692248117094,2031
005/069-tact-DHAPPQ2y-ASAQ2y-ALAQ,53,0.3860824317574279,2031
005/069-tact-DHAPPQ2y-ASAQ2y-ALAQ,54,0.40492720545671507,2031
005/069-tact-DHAPPQ2y-ASAQ2y-ALAQ,55,0.4049873467689264,2031
005/069-tact-DHAPPQ2y-ASAQ2y-ALAQ,56,0.3284574162712211,2031
005/069-tact-DHAPPQ2y-ASAQ2y-ALAQ,57,0.36239600173234304,2031
005/069-tact-DHAPPQ2y-ASAQ2y-ALAQ,58,0.36551200751277113,2031
005/069-tact-DHAPPQ2y-ASAQ2y-ALAQ,59,0.23694462763063048,2031
005/069-tact-DHAPPQ2y-ASAQ2y-ALAQ,60,0.33312920947313535,2031
005/069-tact-DHAPPQ2y-ASAQ2y-ALAQ,61,0.37167204504183493,2031
005/069-tact-DHAPPQ2y-ASAQ2y-ALAQ,62,0.36249878619460724,2031
005/069-tact-DHAPPQ2y-ASAQ2y-ALAQ,63,0.29499264481162374,2031
005/069-tact-DHAPPQ2y-ASAQ2y-ALAQ,64,0.3476084537169371,2031
005/069-tact-DHAPPQ2y-ASAQ2y-ALAQ,65,0.30685661772847495,2031
005/069-tact-DHAPPQ2y-ASAQ2y-ALAQ,66,0.303966530100583,2031
005/069-tact-DHAPPQ2y-ASAQ2y-ALAQ,67,0.4246639896801601,2031
005/069-tact-DHAPPQ2y-ASAQ2y-ALAQ,68,0.3509304385615901,2031
005/069-tact-DHAPPQ2y-ASAQ2y-ALAQ,69,0.3462696982410536,2031
005/069-tact-DHAPPQ2y-ASAQ2y-ALAQ,70,0.3479994339570533,2031
005/069-tact-DHAPPQ2y-ASAQ2y-ALAQ,71,0.39821018359548277,2031
005/069-tact-DHAPPQ2y-ASAQ2y-ALAQ,72,0.36692180983427014,2031
005/069-tact-DHAPPQ2y-ASAQ2y-ALAQ,73,0.41323580397847337,2031
005/069-tact-DHAPPQ2y-ASAQ2y-ALAQ,74,0.36651590621271074,2031
005/069-tact-DHAPPQ2y-ASAQ2y-ALAQ,75,0.4278519374934893,2031
005/069-tact-DHAPPQ2y-ASAQ2y-ALAQ,76,0.3310175902574691,2031
005/069-tact-DHAPPQ2y-ASAQ2y-ALAQ,77,0.2709509674443496,2031
005/069-tact-DHAPPQ2y-ASAQ2y-ALAQ,78,0.3297130286177968,2031
005/069-tact-DHAPPQ2y-ASAQ2y-ALAQ,79,0.3066566661783882,2031
005/069-tact-DHAPPQ2y-ASAQ2y-ALAQ,80,0.37624998825947603,2031
005/069-tact-DHAPPQ2y-ASAQ2y-ALAQ,81,0.32601164568157603,2031
005/069-tact-DHAPPQ2y-ASAQ2y-ALAQ,82,0.3469108176050039,2031
005/069-tact-DHAPPQ2y-ASAQ2y-ALAQ,83,0.34101598704216235,2031
005/069-tact-DHAPPQ2y-ASAQ2y-ALAQ,84,0.4179099131644671,2031
005/069-tact-DHAPPQ2y-ASAQ2y-ALAQ,85,0.28777035623997366,2031
005/069-tact-DHAPPQ2y-ASAQ2y-ALAQ,86,0.37166960630316154,2031
005/069-tact-DHAPPQ2y-ASAQ2y-ALAQ,87,0.36801433139593587,2031
005/069-tact-DHAPPQ2y-ASAQ2y-ALAQ,88,0.3248015336234269,2031
005/069-tact-DHAPPQ2y-ASAQ2y-ALAQ,89,0.4062538903849309,2031
005/069-tact-DHAPPQ2y-ASAQ2y-ALAQ,90,0.3387445922570264,2031
005/069-tact-DHAPPQ2y-ASAQ2y-ALAQ,91,0.28763684834050074,2031
005/069-tact-DHAPPQ2y-ASAQ2y-ALAQ,92,0.3166967466839038,2031
005/069-tact-DHAPPQ2y-ASAQ2y-ALAQ,93,0.32789758616824854,2031
005/069-tact-DHAPPQ2y-ASAQ2y-ALAQ,94,0.32580711301967796,2031
005/069-tact-DHAPPQ2y-ASAQ2y-ALAQ,95,0.38632876326881654,2031
005/069-tact-DHAPPQ2y-ASAQ2y-ALAQ,96,0.37105934781177297,2031
005/069-tact-DHAPPQ2y-ASAQ2y-ALAQ,97,0.3046963558884201,2031
005/069-tact-DHAPPQ2y-ASAQ2y-ALAQ,98,0.36554741064368645,2031
005/069-tact-DHAPPQ2y-ASAQ2y-ALAQ,99,0.27599074977161203,2031
005/070-tact-ALAQ-immediate,0,0.29184716906008795,2031
005/070-tact-ALAQ-immediate,1,0.21680920804195272,2031
005/070-tact-ALAQ-immediate,2,0.20355567617393888,2031
005/070-tact-ALAQ-immediate,3,0.2898609025076673,2031
005/070-tact-ALAQ-immediate,4,0.24035776257604613,2031
005/070-tact-ALAQ-immediate,5,0.27709261605987806,2031
005/070-tact-ALAQ-immediate,6,0.26479747466551623,2031
005/070-tact-ALAQ-immediate,7,0.303453530200872,2031
005/070-tact-ALAQ-immediate,8,0.18378958830713457,2031
005/070-tact-ALAQ-immediate,9,0.3514950179945695,2031
005/070-tact-ALAQ-immediate,10,0.2919321902102966,2031
005/070-tact-ALAQ-immediate,11,0.22710210501852268,2031
005/070-tact-ALAQ-immediate,12,0.26310143404198555,2031
005/070-tact-ALAQ-immediate,13,0.28209201411451745,2031
005/070-tact-ALAQ-immediate,14,0.27550690334597955,2031
005/070-tact-ALAQ-immediate,15,0.22743823348602832,2031
005/070-tact-ALAQ-immediate,16,0.2555750558772066,2031
005/070-tact-ALAQ-immediate,17,0.26049640867747553,2031
005/070-tact-ALAQ-immediate,18,0.3019063598112502,2031
005/070-tact-ALAQ-immediate,19,0.2672783390391604,2031
005/070-tact-ALAQ-immediate,20,0.30194014856361656,2031
005/070-tact-ALAQ-immediate,21,0.23258275452261282,2031
005/070-tact-ALAQ-immediate,22,0.18912380122957964,2031
005/070-tact-ALAQ-immediate,23,0.25973171020705904,2031
005/070-tact-ALAQ-immediate,24,0.34056290605266426,2031
005/070-tact-ALAQ-immediate,25,0.26445699405581397,2031
005/070-tact-ALAQ-immediate,26,0.3751908357890505,2031
005/070-tact-ALAQ-immediate,27,0.2751940358323644,2031
005/070-tact-ALAQ-immediate,28,0.26812090696379287,2031
005/070-tact-ALAQ-immediate,29,0.22602402704143784,2031
005/070-tact-ALAQ-immediate,30,0.2971284779413195,2031
005/070-tact-ALAQ-immediate,31,0.22579494632202765,2031
005/070-tact-ALAQ-immediate,32,0.306929310393953,2031
005/070-tact-ALAQ-immediate,33,0.20071553309551035,2031
005/070-tact-ALAQ-immediate,34,0.25014308798701573,2031
005/070-tact-ALAQ-immediate,35,0.2600196581852223,2031
005/070-tact-ALAQ-immediate,36,0.2688009927575267,2031
005/070-tact-ALAQ-immediate,37,0.2446229263990991,2031
005/070-tact-ALAQ-immediate,38,0.2839072445687787,2031
005/070-tact-ALAQ-immediate,39,0.25899081020449705,2031
005/070-tact-ALAQ-immediate,40,0.24781710474216614,2031
005/070-tact-ALAQ-immediate,41,0.3441365921354235,2031
005/070-tact-ALAQ-immediate,42,0.27452873672688877,2031
005/070-tact-ALAQ-immediate,43,0.2343082241228274,2031
005/070-tact-ALAQ-immediate,44,0.2601246495178798,2031
005/070-tact-ALAQ-immediate,45,0.2114787519325904,2031
005/070-tact-ALAQ-immediate,46,0.2822313365341746,2031
005/070-tact-ALAQ-immediate,47,0.2398227754465125,2031
005/070-tact-ALAQ-immediate,48,0.20036140615747136,2031
005/070-tact-ALAQ-immediate,49,0.3025403664875031,2031
005/070-tact-ALAQ-immediate,50,0.2180334550648547,2031
005/070-tact-ALAQ-immediate,51,0.29152023326384924,2031
005/070-tact-ALAQ-immediate,52,0.25948092984327703,2031
005/070-tact-ALAQ-immediate,53,0.2924635300827552,2031
005/070-tact-ALAQ-immediate,54,0.19119656748528957,2031
005/070-tact-ALAQ-immediate,55,0.2449339319119224,2031
005/070-tact-ALAQ-immediate,56,0.29661129879215725,2031
005/070-tact-ALAQ-immediate,57,0.2464769036200489,2031
005/070-tact-ALAQ-immediate,58,0.27807690486639797,2031
005/070-tact-ALAQ-immediate,59,0.33387014817147526,2031
005/070-tact-ALAQ-immediate,60,0.17364553659176699,2031
005/070-tact-ALAQ-immediate,61,0.24663338512960445,2031
005/070-tact-ALAQ-immediate,62,0.16000018825678422,2031
005/070-tact-ALAQ-immediate,63,0.2352156812107965,2031
005/070-tact-ALAQ-immediate,64,0.2587421681291262,2031
005/070-tact-ALAQ-immediate,65,0.25688129499928564,2031
005/070-tact-ALAQ-immediate,66,0.26279269381435527,2031
005/070-tact-ALAQ-immediate,67,0.22301102298263245,2031
005/070-tact-ALAQ-immediate,68,0.24324196859180747,2031
005/070-tact-ALAQ-immediate,69,0.18466447442681597,2031
005/070-tact-ALAQ-immediate,70,0.3139274397291602,2031
005/070-tact-ALAQ-immediate,71,0.36000936754424706,2031
005/070-tact-ALAQ-immediate,72,0.25939186893217253,2031
005/070-tact-ALAQ-immediate,73,0.33267868052075683,2031
005/070-tact-ALAQ-immediate,74,0.3050119851931117,2031
005/070-tact-ALAQ-immediate,75,0.17059985159730548,2031
005/070-tact-ALAQ-immediate,76,0.3347824586399284,2031
005/070-tact-ALAQ-immediate,77,0.2926844262231318,2031
005/070-tact-ALAQ-immediate,78,0.3114774618725053,2031
005/070-tact-ALAQ-immediate,79,0.19400527442914808,2031
005/070-tact-ALAQ-immediate,80,0.30589398651338273,2031
005/070-tact-ALAQ-immediate,81,0.2473875851953253,2031
005/070-tact-ALAQ-immediate,82,0.19910857589454303,2031
005/070-tact-ALAQ-immediate,83,0.15859854058392428,2031
005/070-tact-ALAQ-immediate,84,0.24339287239231966,2031
005/070-tact-ALAQ-immediate,85,0.23710657501439972,2031
005/070-tact-ALAQ-immediate,86,0.3066667316955152,2031
005/070-tact-ALAQ-immediate,87,0.22482779365056552,2031
005/070-tact-ALAQ-immediate,88,0.19171018028446415,2031
005/070-tact-ALAQ-immediate,89,0.2899560490131938,2031
005/070-tact-ALAQ-immediate,90,0.28010225766278923,2031
005/070-tact-ALAQ-immediate,91,0.26822239118473673,2031
005/070-tact-ALAQ-immediate,92,0.16981739142610586,2031
005/070-tact-ALAQ-immediate,93,0.17943711777595442,2031
005/070-tact-ALAQ-immediate,94,0.2696622038790625,2031
005/070-tact-ALAQ-immediate,95,0.26590286524358026,2031
005/070-tact-ALAQ-immediate,96,0.22865323452764177,2031
005/070-tact-ALAQ-immediate,97,0.2646891475284115,2031
005/070-tact-ALAQ-immediate,98,0.2540654596278242,2031
005/070-tact-ALAQ-immediate,99,0.29305423140251885,2031
005/071-mft-AL_75-ASPY85_25,0,0.680690803670095,2031
005/071-mft-AL_75-ASPY85_25,1,0.6868293823908336,2031
005/071-mft-AL_75-ASPY85_25,2,0.7417394803393725,2031
005/071-mft-AL_75-ASPY85_25,3,0.6715159293994172,2031
005/071-mft-AL_75-ASPY85_25,4,0.7376359224065195,2031
005/071-mft-AL_75-ASPY85_25,5,0.6684458355381508,2031
005/071-mft-AL_75-ASPY85_25,6,0.7647862676546896,2031
005/071-mft-AL_75-ASPY85_25,7,0.671478109349518,2031
005/071-mft-AL_75-ASPY85_25,8,0.6666387308698041,2031
005/071-mft-AL_75-ASPY85_25,9,0.7084146504793111,2031
005/071-mft-AL_75-ASPY85_25,10,0.6746353628941676,2031
005/071-mft-AL_75-ASPY85_25,11,0.7383432526065771,2031
005/071-mft-AL_75-ASPY85_25,12,0.7238178791355052,2031
005/071-mft-AL_75-ASPY85_25,13,0.8381259128925707,2031
005/071-mft-AL_75-ASPY85_25,14,0.6440201739509984,2031
005/071-mft-AL_75-ASPY85_25,15,0.6144772564070834,2031
005/071-mft-AL_75-ASPY85_25,16,0.683408524682239,2031
005/071-mft-AL_75-ASPY85_25,17,0.6868906881040377,2031
005/071-mft-AL_75-ASPY85_25,18,0.7209763823666363,2031
005/071-mft-AL_75-ASPY85_25,19,0.6500592622643191,2031
005/071-mft-AL_75-ASPY85_25,20,0.7308642464295775,2031
005/071-mft-AL_75-ASPY85_25,21,0.6960269859765398,2031
005/071-mft-AL_75-ASPY85_25,22,0.7232011137474513,2031
005/071-mft-AL_75-ASPY85_25,23,0.7615688711340102,2031
005/071-mft-AL_75-ASPY85_25,24,0.7962602689804958,2031
005/071-mft-AL_75-ASPY85_25,25,0.6361764232518631,2031
005/071-mft-AL_75-ASPY85_25,26,0.6346267253640595,2031
005/071-mft-AL_75-ASPY85_25,27,0.6425829237337554,2031
005/071-mft-AL_75-ASPY85_25,28,0.7604250194853722,2031
005/071-mft-AL_75-ASPY85_25,29,0.646960127424024,2031
005/071-mft-AL_75-ASPY85_25,30,0.6288390779140266,2031
005/071-mft-AL_75-ASPY85_25,31,0.6135335659038518,2031
005/071-mft-AL_75-ASPY85_25,32,0.73816005730159,2031
005/071-mft-AL_75-ASPY85_25,33,0.7305260426711676,2031
005/071-mft-AL_75-ASPY85_25,34,0.6937343627106433,2031
005/071-mft-AL_75-ASPY85_25,35,0.7014530314640108,2031
005/071-mft-AL_75-ASPY85_25,36,0.7319511832978286,2031
005/071-mft-AL_75-ASPY85_25,37,0.6895055946733546,2031
005/071-mft-AL_75-ASPY85_25,38,0.6478579442004947,2031
005/071-mft-AL_75-ASPY85_25,39,0.6244140549354198,2031
005/071-mft-AL_75-ASPY85_25,40,0.6974933010983085,2031
005/071-mft-AL_75-ASPY85_25,41,0.6665908122655453,2031
005/071-mft-AL_75-ASPY85_25,42,0.8111111130906484,2031
005/071-mft-AL_75-ASPY85_25,43,0.8371212708880712,2031
005/071-mft-AL_75-ASPY85_25,44,0.6832476626770837,2031
005/071-mft-AL_75-ASPY85_25,45,0.6463749004684066,2031
005/071-mft-AL_75-ASPY85_25,46,0.7252533587269073,2031
005/071-mft-AL_75-ASPY85_25,47,0.6819959134333912,2031
005/071-mft-AL_75-ASPY85_25,48,0.6508291252099394,2031
005/071-mft-AL_75-ASPY85_25,49,0.7594898248711356,2031
005/071-mft-AL_75-ASPY85_25,50,0.6534793396650455,2031
005/071-mft-AL_75-ASPY85_25,51,0.7089318020177294,2031
005/071-mft-AL_75-ASPY85_25,52,0.5886042529264216,2031
005/071-mft-AL_75-ASPY85_25,53,0.6177446768216831,2031
005/071-mft-AL_75-ASPY85_25,54,0.6800649312818364,2031
005/071-mft-AL_75-ASPY85_25,55,0.8195207315695621,2031
005/071-mft-AL_75-ASPY85_25,56,0.624594970019698,2031
005/071-mft-AL_75-ASPY85_25,57,0.7521792571456518,2031
005/071-mft-AL_75-ASPY85_25,58,0.7583449372828058,2031
005/071-mft-AL_75-ASPY85_25,59,0.6658628085176451,2031
005/071-mft-AL_75-ASPY85_25,60,0.6173539955384421,2031
005/071-mft-AL_75-ASPY85_25,61,0.7041110937623939,2031
005/071-mft-AL_75-ASPY85_25,62,0.6157225539580516,2031
005/071-mft-AL_75-ASPY85_25,63,0.6013881485327405,2031
005/071-mft-AL_75-ASPY85_25,64,0.7373151127623666,2031
005/071-mft-AL_75-ASPY85_25,65,0.8229530484279657,2031
005/071-mft-AL_75-ASPY85_25,66,0.6785699103131996,2031
005/071-mft-AL_75-ASPY85_25,67,0.644953251138506,2031
005/071-mft-AL_75-ASPY85_25,68,0.7874514406835874,2031
005/071-mft-AL_75-ASPY85_25,69,0.6826217687832498,2031
005/071-mft-AL_75-ASPY85_25,70,0.6674168524027474,2031
005/071-mft-AL_75-ASPY85_25,71,0.7773069422913984,2031
005/071-mft-AL_75-ASPY85_25,72,0.7260340745389441,2031
005/071-mft-AL_75-ASPY85_25,73,0.7774003514607176,2031
005/071-mft-AL_75-ASPY85_25,74,0.8036759052187956,2031
005/071-mft-AL_75-ASPY85_25,75,0.9187844043369244,2031
005/071-mft-AL_75-ASPY85_25,76,0.5751413936343271,2031
005/071-mft-AL_75-ASPY85_25,77,0.715427667374927,2031
005/071-mft-AL_75-ASPY85_25,78,0.5084891957122776,2031
005/071-mft-AL_75-ASPY85_25,79,0.6250713916942398,2031
005/071-mft-AL_75-ASPY85_25,80,0.7317616092531779,2031
005/071-mft-AL_75-ASPY85_25,81,0.5900345947801259,2031
005/071-mft-AL_75-ASPY85_25,82,0.6135831235980286,2031
005/071-mft-AL_75-ASPY85_25,83,0.5447367222455867,2031
005/071-mft-AL_75-ASPY85_25,84,0.7168678315882792,2031
005/071-mft-AL_75-ASPY85_25,85,0.6742848114647065,2031
005/071-mft-AL_75-ASPY85_25,86,0.6682757749569053,2031
005/071-mft-AL_75-ASPY85_25,87,0.529419235318859,2031
005/071-mft-AL_75-ASPY85_25,88,0.7132923866098387,2031
005/071-mft-AL_75-ASPY85_25,89,0.7361707781662709,2031
005/071-mft-AL_75-ASPY85_25,90,0.6188647061679309,2031
005/071-mft-AL_75-ASPY85_25,91,0.5828715946316859,2031
005/071-mft-AL_75-ASPY85_25,92,0.6421187953451115,2031
005/071-mft-AL_75-ASPY85_25,93,0.7704374772201423,2031
005/071-mft-AL_75-ASPY85_25,94,0.7147408798127751,2031
005/071-mft-AL_75-ASPY85_25,95,0.8237077221117147,2031
005/071-mft-AL_75-ASPY85_25,96,0.7477138683529724,2031
005/071-mft-AL_75-ASPY85_25,97,0.756813499856178,2031
005/071-mft-AL_75-ASPY85_25,98,0.67033439132817,2031
005/071-mft-AL_75-ASPY85_25,99,0.6901607901155149,2031
005/072-mft-AL_75-ASPY75_25,0,0.8063902463135165,2031
005/072-mft-AL_75-ASPY75_25,1,0.7016922315333636,2031
005/072-mft-AL_75-ASPY75_25,2,0.6795900619895608,2031
005/072-mft-AL_75-ASPY75_25,3,0.6281244549840554,2031
005/072-mft-AL_75-ASPY75_25,4,0.6847344068967486,2031
005/072-mft-AL_75-ASPY75_25,5,0.6577907609664785,2031
005/072-mft-AL_75-ASPY75_25,6,0.7196346106085071,2031
005/072-mft-AL_75-ASPY75_25,7,0.6274742297205208,2031
005/072-mft-AL_75-ASPY75_25,8,0.6960165614799579,2031
005/072-mft-AL_75-ASPY75_25,9,0.7653333003423183,2031
005/072-mft-AL_75-ASPY75_25,10,0.7261291266123734,2031
005/072-mft-AL_75-ASPY75_25,11,0.7143131912891829,2031
005/072-mft-AL_75-ASPY75_25,12,0.736087957531591,2031
005/072-mft-AL_75-ASPY75_25,13,0.7118737810007504,2031
005/072-mft-AL_75-ASPY75_25,14,0.7425871116827433,2031
005/072-mft-AL_75-ASPY75_25,15,0.775963224270679,2031
005/072-mft-AL_75-ASPY75_25,16,0.678692197545427,2031
005/072-mft-AL_75-ASPY75_25,17,0.6727180986232648,2031
005/072-mft-AL_75-ASPY75_25,18,0.6349019222295664,2031
005/072-mft-AL_75-ASPY75_25,19,0.6832602348997779,2031
005/072-mft-AL_75-ASPY75_25,20,0.8324271184968944,2031
005/072-mft-AL_75-ASPY75_25,21,0.7341073410492571,2031
005/072-mft-AL_75-ASPY75_25,22,0.611659857652722,2031
005/072-mft-AL_75-ASPY75_25,23,0.7149671188803004,2031
005/072-mft-AL_75-ASPY75_25,24,0.6988558991839032,2031
005/072-mft-AL_75-ASPY75_25,25,0.6992510991219026,2031
005/072-mft-AL_75-ASPY75_25,26,0.7405809485501816,2031
005/072-mft-AL_75-ASPY75_25,27,0.6538382205476899,2031
005/072-mft-AL_75-ASPY75_25,28,0.7502582568138941,2031
005/072-mft-AL_75-ASPY75_25,29,0.7237036591406985,2031
005/072-mft-AL_75-ASPY75_25,30,0.6875690352324283,2031
005/072-mft-AL_75-ASPY75_25,31,0.6262588633669207,2031
005/072-mft-AL_75-ASPY75_25,32,0.5859383496635828,2031
005/072-mft-AL_75-ASPY75_25,33,0.7114788959692846,2031
005/072-mft-AL_75-ASPY75_25,34,0.7381106476596635,2031
005/072-mft-AL_75-ASPY75_25,35,0.6166354590057773,2031
005/072-mft-AL_75-ASPY75_25,36,0.7086142595762398,2031
005/072-mft-AL_75-ASPY75_25,37,0.7794250686218708,2031
005/072-mft-AL_75-ASPY75_25,38,0.6541350643718485,2031
005/072-mft-AL_75-ASPY75_25,39,0.7372730382229012,2031
005/072-mft-AL_75-ASPY75_25,40,0.5507297820310318,2031
005/072-mft-AL_75-ASPY75_25,41,0.7303021561320092,2031
005/072-mft-AL_75-ASPY75_25,42,0.6901244986962483,2031
005/072-mft-AL_75-ASPY75_25,43,0.6246295400886027,2031
005/072-mft-AL_75-ASPY75_25,44,0.5473672134853084,2031
005/072-mft-AL_75-ASPY75_25,45,0.6104192674453107,2031
005/072-mft-AL_75-ASPY75_25,46,0.6880397696624997,2031
005/072-mft-AL_75-ASPY75_25,47,0.6937044853264287,2031
005/072-mft-AL_75-ASPY75_25,48,0.727052177863,2031
005/072-mft-AL_75-ASPY75_25,49,0.6830235004245045,2031
005/072-mft-AL_75-ASPY75_25,50,0.6974936261255492,2031
005/072-mft-AL_75-ASPY75_25,51,0.7702100136043879,2031
005/072-mft-AL_75-ASPY75_25,52,0.5707709711823812,2031
005/072-mft-AL_75-ASPY75_25,53,0.6710338480829408,2031
005/072-mft-AL_75-ASPY75_25,54,0.6648760328717528,2031
005/072-mft-AL_75-ASPY75_25,55,0.7367350853779046,2031
005/072-mft-AL_75-ASPY75_25,56,0.5985452050360158,2031
005/072-mft-AL_75-ASPY75_25,57,0.7339314663494269,2031
005/072-mft-AL_75-ASPY75_25,58,0.7127268734730187,2031
005/072-mft-AL_75-ASPY75_25,59,0.7274196950581682,2031
005/072-mft-AL_75-ASPY75_25,60,0.6950524530495499,2031
005/072-mft-AL_75-ASPY75_25,61,0.7246468768376139,2031
005/072-mft-AL_75-ASPY75_25,62,0.6877639841169705,2031
005/072-mft-AL_75-ASPY75_25,63,0.6130345198398867,2031
005/072-mft-AL_75-ASPY75_25,64,0.6963478992446667,2031
005/072-mft-AL_75-ASPY75_25,65,0.6357550471899285,2031
005/072-mft-AL_75-ASPY75_25,66,0.6299883119638439,2031
005/072-mft-AL_75-ASPY75_25,67,0.7482898813242,2031
005/072-mft-AL_75-ASPY75_25,68,0.7608566854799999,2031
005/072-mft-AL_75-ASPY75_25,69,0.6787546766583546,2031
005/072-mft-AL_75-ASPY75_25,70,0.5639322202428583,2031
005/072-mft-AL_75-ASPY75_25,71,0.7772113767047993,2031
005/072-mft-AL_75-ASPY75_25,72,0.6313455494833027,2031
005/072-mft-AL_75-ASPY75_25,73,0.7247838667227665,2031
005/072-mft-AL_75-ASPY75_25,74,0.7524448556059437,2031
005/072-mft-AL_75-ASPY75_25,75,0.7535543167494829,2031
005/072-mft-AL_75-ASPY75_25,76,0.6459809038177662,2031
005/072-mft-AL_75-ASPY75_25,77,0.755728035259074,2031
005/072-mft-AL_75-ASPY75_25,78,0.6958252713850559,2031
005/072-mft-AL_75-ASPY75_25,79,0.6577421787351131,2031
005/072-mft-AL_75-ASPY75_25,80,0.6423508872262492,2031
005/072-mft-AL_75-ASPY75_25,81,0.7682844528531682,2031
005/072-mft-AL_75-ASPY75_25,82,0.6470606131222421,2031
005/072-mft-AL_75-ASPY75_25,83,0.6881505977788845,2031
005/072-mft-AL_75-ASPY75_25,84,0.7750656682819334,2031
005/072-mft-AL_75-ASPY75_25,85,0.8610634894724473,2031
005/072-mft-AL_75-ASPY75_25,86,0.6253867416931428,2031
005/072-mft-AL_75-ASPY75_25,87,0.6440092523111881,2031
005/072-mft-AL_75-ASPY75_25,88,0.6294924274054828,2031
005/072-mft-AL_75-ASPY75_25,89,0.7636451177157974,2031
005/072-mft-AL_75-ASPY75_25,90,0.7006264124301828,2031
005/072-mft-AL_75-ASPY75_25,91,0.6818972282280068,2031
005/072-mft-AL_75-ASPY75_25,92,0.6630591243229836,2031
005/072-mft-AL_75-ASPY75_25,93,0.6916730775047832,2031
005/072-mft-AL_75-ASPY75_25,94,0.6913832832464375,2031
005/072-mft-AL_75-ASPY75_25,95,0.5864715472114255,2031
005/072-mft-AL_75-ASPY75_25,96,0.6489863737114828,2031
005/072-mft-AL_75-ASPY75_25,97,0.7075906135610143,2031
005/072-mft-AL_75-ASPY75_25,98,0.738877577324116,2031
005/072-mft-AL_75-ASPY75_25,99,0.632274347162655,2031
005/073-mft-AL_75-ASPY65_25,0,0.6683216542598132,2031
005/073-mft-AL_75-ASPY65_25,1,0.6093286163425485,2031
005/073-mft-AL_75-ASPY65_25,2,0.6957036981946744,2031
005/073-mft-AL_75-ASPY65_25,3,0.7638903725347351,2031
005/073-mft-AL_75-ASPY65_25,4,0.6792253751414284,2031
005/073-mft-AL_75-ASPY65_25,5,0.7760798771550248,2031
005/073-mft-AL_75-ASPY65_25,6,0.7013398042276465,2031
005/073-mft-AL_75-ASPY65_25,7,0.6664885274649234,2031
005/073-mft-AL_75-ASPY65_25,8,0.7219550519938164,2031
005/073-mft-AL_75-ASPY65_25,9,0.7265679338472886,2031
005/073-mft-AL_75-ASPY65_25,10,0.6591251872973859,2031
005/073-mft-AL_75-ASPY65_25,11,0.7193300200878773,2031
005/073-mft-AL_75-ASPY65_25,12,0.6452116480519267,2031
005/073-mft-AL_75-ASPY65_25,13,0.7513179051774662,2031
005/073-mft-AL_75-ASPY65_25,14,0.7796902203597468,2031
005/073-mft-AL_75-ASPY65_25,15,0.763759215774503,2031
005/073-mft-AL_75-ASPY65_25,16,0.6449576964051965,2031
005/073-mft-AL_75-ASPY65_25,17,0.6677417688318229,2031
005/073-mft-AL_75-ASPY65_25,18,0.6439778897627163,2031
005/073-mft-AL_75-ASPY65_25,19,0.6683710681922282,2031
005/073-mft-AL_75-ASPY65_25,20,0.6543251720727307,2031
005/073-mft-AL_75-ASPY65_25,21,0.5773103393689614,2031
005/073-mft-AL_75-ASPY65_25,22,0.6170036998303083,2031
005/073-mft-AL_75-ASPY65_25,23,0.5662156305512768,2031
005/073-mft-AL_75-ASPY65_25,24,0.7436325020673994,2031
005/073-mft-AL_75-ASPY65_25,25,0.6157646152147916,2031
005/073-mft-AL_75-ASPY65_25,26,0.6198039143104578,2031
005/073-mft-AL_75-ASPY65_25,27,0.753403462918678,2031
005/073-mft-AL_75-ASPY65_25,28,0.7000351253596512,2031
005/073-mft-AL_75-ASPY65_25,29,0.7396826713897257,2031
005/073-mft-AL_75-ASPY65_25,30,0.7334525252116312,2031
005/073-mft-AL_75-ASPY65_25,31,0.790146446195137,2031
005/073-mft-AL_75-ASPY65_25,32,0.7308886204549129,2031
005/073-mft-AL_75-ASPY65_25,33,0.5729112498181532,2031
005/073-mft-AL_75-ASPY65_25,34,0.7632756097077781,2031
005/073-mft-AL_75-ASPY65_25,35,0.6709012671270883,2031
005/073-mft-AL_75-ASPY65_25,36,0.7152104360029578,2031
005/073-mft-AL_75-ASPY65_25,37,0.735966675949554,2031
005/073-mft-AL_75-ASPY65_25,38,0.6607318419393264,2031
005/073-mft-AL_75-ASPY65_25,39,0.7702372365344196,2031
005/073-mft-AL_75-ASPY65_25,40,0.6422701302375361,2031
005/073-mft-AL_75-ASPY65_25,41,0.7225483762531231,2031
005/073-mft-AL_75-ASPY65_25,42,0.5986909148759323,2031
005/073-mft-AL_75-ASPY65_25,43,0.7326585403030405,2031
005/073-mft-AL_75-ASPY65_25,44,0.5875704978199657,2031
005/073-mft-AL_75-ASPY65_25,45,0.6480584212852482,2031
005/073-mft-AL_75-ASPY65_25,46,0.7682882905473883,2031
005/073-mft-AL_75-ASPY65_25,47,0.6454325040964372,2031
005/073-mft-AL_75-ASPY65_25,48,0.6432612205031846,2031
005/073-mft-AL_75-ASPY65_25,49,0.7861174528710918,2031
005/073-mft-AL_75-ASPY65_25,50,0.7028569267184189,2031
005/073-mft-AL_75-ASPY65_25,51,0.8253707940061498,2031
005/073-mft-AL_75-ASPY65_25,52,0.7511893267722508,2031
005/073-mft-AL_75-ASPY65_25,53,0.8067448465046434,2031
005/073-mft-AL_75-ASPY65_25,54,0.7711242777012154,2031
005/073-mft-AL_75-ASPY65_25,55,0.6579056598471767,2031
005/073-mft-AL_75-ASPY65_25,56,0.7215012537487454,2031
005/073-mft-AL_75-ASPY65_25,57,0.6948216811557076,2031
005/073-mft-AL_75-ASPY65_25,58,0.7214562525829739,2031
005/073-mft-AL_75-ASPY65_25,59,0.7185784565666219,2031
005/073-mft-AL_75-ASPY65_25,60,0.6608166942567162,2031
005/073-mft-AL_75-ASPY65_25,61,0.7125579488089366,2031
005/073-mft-AL_75-ASPY65_25,62,0.7109536553116125,2031
005/073-mft-AL_75-ASPY65_25,63,0.6620003727569558,2031
005/073-mft-AL_75-ASPY65_25,64,0.725603039152639,2031
005/073-mft-AL_75-ASPY65_25,65,0.7053614981071181,2031
005/073-mft-AL_75-ASPY65_25,66,0.9110785822839477,2031
005/073-mft-AL_75-ASPY65_25,67,0.7798410597407095,2031
005/073-mft-AL_75-ASPY65_25,68,0.7899536141365541,2031
005/073-mft-AL_75-ASPY65_25,69,0.6423205290146868,2031
005/073-mft-AL_75-ASPY65_25,70,0.6745375712254257,2031
005/073-mft-AL_75-ASPY65_25,71,0.6987111300609469,2031
005/073-mft-AL_75-ASPY65_25,72,0.7446499584515416,2031
005/073-mft-AL_75-ASPY65_25,73,0.6774993463574509,2031
005/073-mft-AL_75-ASPY65_25,74,0.7149571799255662,2031
005/073-mft-AL_75-ASPY65_25,75,0.7316515254648182,2031
005/073-mft-AL_75-ASPY65_25,76,0.7246655286362732,2031
005/073-mft-AL_75-ASPY65_25,77,0.7412587279038668,2031
005/073-mft-AL_75-ASPY65_25,78,0.8394675774563459,2031
005/073-mft-AL_75-ASPY65_25,79,0.6767668270642485,2031
005/073-mft-AL_75-ASPY65_25,80,0.7731286522742525,2031
005/073-mft-AL_75-ASPY65_25,81,0.6686083508955377,2031
005/073-mft-AL_75-ASPY65_25,82,0.6895214225911631,2031
005/073-mft-AL_75-ASPY65_25,83,0.7334596316734041,2031
005/073-mft-AL_75-ASPY65_25,84,0.6595813577414087,2031
005/073-mft-AL_75-ASPY65_25,85,0.646851545075746,2031
005/073-mft-AL_75-ASPY65_25,86,0.702141081115481,2031
005/073-mft-AL_75-ASPY65_25,87,0.596246685288978,2031
005/073-mft-AL_75-ASPY65_25,88,0.6624413845691816,2031
005/073-mft-AL_75-ASPY65_25,89,0.6864015181310813,2031
005/073-mft-AL_75-ASPY65_25,90,0.6322846927479487,2031
005/073-mft-AL_75-ASPY65_25,91,0.7719995967187532,2031
005/073-mft-AL_75-ASPY65_25,92,0.7030715689363273,2031
005/073-mft-AL_75-ASPY65_25,93,0.6773538961793059,2031
005/073-mft-AL_75-ASPY65_25,94,0.7363976476225168,2031
005/073-mft-AL_75-ASPY65_25,95,0.7136696249787838,2031
005/073-mft-AL_75-ASPY65_25,96,0.7837100668427683,2031
005/073-mft-AL_75-ASPY65_25,97,0.7452744106026451,2031
005/073-mft-AL_75-ASPY65_25,98,0.6545368222819279,2031
005/073-mft-AL_75-ASPY65_25,99,0.8017093465541225,2031
005/074-mft-AL_50-ASPY85_50,0,0.6610279121822478,2031
005/074-mft-AL_50-ASPY85_50,1,0.5700107244839382,2031
005/074-mft-AL_50-ASPY85_50,2,0.5930964641897566,2031
005/074-mft-AL_50-ASPY85_50,3,0.7487268216358814,2031
005/074-mft-AL_50-ASPY85_50,4,0.7040740114921742,2031
005/074-mft-AL_50-ASPY85_50,5,0.5440372044123774,2031
005/074-mft-AL_50-ASPY85_50,6,0.6581138490977193,2031
005/074-mft-AL_50-ASPY85_50,7,0.5258001184609769,2031
005/074-mft-AL_50-ASPY85_50,8,0.5381826573342142,2031
005/074-mft-AL_50-ASPY85_50,9,0.649124529188617,2031
005/074-mft-AL_50-ASPY85_50,10,0.5528983445183839,2031
005/074-mft-AL_50-ASPY85_50,11,0.6072972935261671,2031
005/074-mft-AL_50-ASPY85_50,12,0.5157079884563532,2031
005/074-mft-AL_50-ASPY85_50,13,0.6227837889218709,2031
005/074-mft-AL_50-ASPY85_50,14,0.6913181073158068,2031
005/074-mft-AL_50-ASPY85_50,15,0.6702023437257253,2031
005/074-mft-AL_50-ASPY85_50,16,0.599807664363964,2031
005/074-mft-AL_50-ASPY85_50,17,0.6180348183203788,2031
005/074-mft-AL_50-ASPY85_50,18,0.5995083530840143,2031
005/074-mft-AL_50-ASPY85_50,19,0.5835443991565514,2031
005/074-mft-AL_50-ASPY85_50,20,0.5283708301674028,2031
005/074-mft-AL_50-ASPY85_50,21,0.5246624910455459,2031
005/074-mft-AL_50-ASPY85_50,22,0.6215004642742581,2031
005/074-mft-AL_50-ASPY85_50,23,0.6467725415606546,2031
005/074-mft-AL_50-ASPY85_50,24,0.5827565912083431,2031
005/074-mft-AL_50-ASPY85_50,25,0.7496722229105041,2031
005/074-mft-AL_50-ASPY85_50,26,0.5977040316074246,2031
005/074-mft-AL_50-ASPY85_50,27,0.4984344921062324,2031
005/074-mft-AL_50-ASPY85_50,28,0.5670241722712239,2031
005/074-mft-AL_50-ASPY85_50,29,0.6720138174885224,2031
005/074-mft-AL_50-ASPY85_50,30,0.6095194183298709,2031
005/074-mft-AL_50-ASPY85_50,31,0.5358882772229642,2031
005/074-mft-AL_50-ASPY85_50,32,0.5764959301355871,2031
005/074-mft-AL_50-ASPY85_50,33,0.5452497652641715,2031
005/074-mft-AL_50-ASPY85_50,34,0.6384163500886478,2031
005/074-mft-AL_50-ASPY85_50,35,0.6050162106057295,2031
005/074-mft-AL_50-ASPY85_50,36,0.654576448809827,2031
005/074-mft-AL_50-ASPY85_50,37,0.5875170441805505,2031
005/074-mft-AL_50-ASPY85_50,38,0.6374245938466582,2031
005/074-mft-AL_50-ASPY85_50,39,0.622259811467832,2031
005/074-mft-AL_50-ASPY85_50,40,0.6093000080635292,2031
005/074-mft-AL_50-ASPY85_50,41,0.679035155141204,2031
005/074-mft-AL_50-ASPY85_50,42,0.5812852981431347,2031
005/074-mft-AL_50-ASPY85_50,43,0.6978944917805768,2031
005/074-mft-AL_50-ASPY85_50,44,0.7485826875557543,2031
005/074-mft-AL_50-ASPY85_50,45,0.5483266169327462,2031
005/074-mft-AL_50-ASPY85_50,46,0.5491346979866806,2031
005/074-mft-AL_50-ASPY85_50,47,0.5769499377840833,2031
005/074-mft-AL_50-ASPY85_50,48,0.6223791370497644,2031
005/074-mft-AL_50-ASPY85_50,49,0.6430332616247828,2031
005/074-mft-AL_50-ASPY85_50,50,0.6842440543240969,2031
005/074-mft-AL_50-ASPY85_50,51,0.6269528682658763,2031
005/074-mft-AL_50-ASPY85_50,52,0.6371115514354132,2031
005/074-mft-AL_50-ASPY85_50,53,0.56182257265577,2031
005/074-mft-AL_50-ASPY85_50,54,0.5477767022563951,2031
005/074-mft-AL_50-ASPY85_50,55,0.6159839188086103,2031
005/074-mft-AL_50-ASPY85_50,56,0.6131526659157344,2031
005/074-mft-AL_50-ASPY85_50,57,0.5711805934633811,2031
005/074-mft-AL_50-ASPY85_50,58,0.6418284523184403,2031
005/074-mft-AL_50-ASPY85_50,59,0.6649740288619937,2031
005/074-mft-AL_50-ASPY85_50,60,0.579708543529663,2031
005/074-mft-AL_50-ASPY85_50,61,0.5622672444375657,2031
005/074-mft-AL_50-ASPY85_50,62,0.5897188108383696,2031
005/074-mft-AL_50-ASPY85_50,63,0.5072644501622943,2031
005/074-mft-AL_50-ASPY85_50,64,0.7102377131325569,2031
005/074-mft-AL_50-ASPY85_50,65,0.3944460683626727,2031
005/074-mft-AL_50-ASPY85_50,66,0.7177448068839108,2031
005/074-mft-AL_50-ASPY85_50,67,0.6244988803643824,2031
005/074-mft-AL_50-ASPY85_50,68,0.6910170450228095,2031
005/074-mft-AL_50-ASPY85_50,69,0.7513763019849559,2031
005/074-mft-AL_50-ASPY85_50,70,0.5646713301814658,2031
005/074-mft-AL_50-ASPY85_50,71,0.5233000535247662,2031
005/074-mft-AL_50-ASPY85_50,72,0.5556033507590092,2031
005/074-mft-AL_50-ASPY85_50,73,0.6937965999670427,2031
005/074-mft-AL_50-ASPY85_50,74,0.6275091081714069,2031
005/074-mft-AL_50-ASPY85_50,75,0.5610750096917622,2031
005/074-mft-AL_50-ASPY85_50,76,0.6720966226227794,2031
005/074-mft-AL_50-ASPY85_50,77,0.618769487155737,2031
005/074-mft-AL_50-ASPY85_50,78,0.666484417265022,2031
005/074-mft-AL_50-ASPY85_50,79,0.6199185693163382,2031
005/074-mft-AL_50-ASPY85_50,80,0.728332271542279,2031
005/074-mft-AL_50-ASPY85_50,81,0.5581227755426529,2031
005/074-mft-AL_50-ASPY85_50,82,0.5698097137333419,2031
005/074-mft-AL_50-ASPY85_50,83,0.6942836227359646,2031
005/074-mft-AL_50-ASPY85_50,84,0.7029371730451598,2031
005/074-mft-AL_50-ASPY85_50,85,0.6670176309228424,2031
005/074-mft-AL_50-ASPY85_50,86,0.6284840889467012,2031
005/074-mft-AL_50-ASPY85_50,87,0.6338834649193003,2031
005/074-mft-AL_50-ASPY85_50,88,0.6666876064956125,2031
005/074-mft-AL_50-ASPY85_50,89,0.561652296055223,2031
005/074-mft-AL_50-ASPY85_50,90,0.574215430527274,2031
005/074-mft-AL_50-ASPY85_50,91,0.5689258340961217,2031
005/074-mft-AL_50-ASPY85_50,92,0.5899680784779815,2031
005/074-mft-AL_50-ASPY85_50,93,0.6020074402959259,2031
005/074-mft-AL_50-ASPY85_50,94,0.6322371190532871,2031
005/074-mft-AL_50-ASPY85_50,95,0.6529744997560117,2031
005/074-mft-AL_50-ASPY85_50,96,0.7667834975195705,2031
005/074-mft-AL_50-ASPY85_50,97,0.5569142554224804,2031
005/074-mft-AL_50-ASPY85_50,98,0.717392837908104,2031
005/074-mft-AL_50-ASPY85_50,99,0.5991574965749101,2031
005/075-mft-AL_50-ASPY75_50,0,0.5736189904008412,2031
005/075-mft-AL_50-ASPY75_50,1,0.5681837198844176,2031
005/075-mft-AL_50-ASPY75_50,2,0.5837422122387464,2031
005/075-mft-AL_50-ASPY75_50,3,0.5512978056148826,2031
005/075-mft-AL_50-ASPY75_50,4,0.5574699576465408,2031
005/075-mft-AL_50-ASPY75_50,5,0.6263483158279475,2031
005/075-mft-AL_50-ASPY75_50,6,0.49321312931477607,2031
005/075-mft-AL_50-ASPY75_50,7,0.5684131077006663,2031
005/075-mft-AL_50-ASPY75_50,8,0.6165220396630339,2031
005/075-mft-AL_50-ASPY75_50,9,0.5788681518307143,2031
005/075-mft-AL_50-ASPY75_50,10,0.6307429404159807,2031
005/075-mft-AL_50-ASPY75_50,11,0.609991057150542,2031
005/075-mft-AL_50-ASPY75_50,12,0.4791325783542622,2031
005/075-mft-AL_50-ASPY75_50,13,0.5650515425324166,2031
005/075-mft-AL_50-ASPY75_50,14,0.6170106968186755,2031
005/075-mft-AL_50-ASPY75_50,15,0.5303565673483613,2031
005/075-mft-AL_50-ASPY75_50,16,0.5631129421017546,2031
005/075-mft-AL_50-ASPY75_50,17,0.6643128161359853,2031
005/075-mft-AL_50-ASPY75_50,18,0.6234270217408716,2031
005/075-mft-AL_50-ASPY75_50,19,0.6784241915540798,2031
005/075-mft-AL_50-ASPY75_50,20,0.617240782705693,2031
005/075-mft-AL_50-ASPY75_50,21,0.6038071819805796,2031
005/075-mft-AL_50-ASPY75_50,22,0.6056125349744653,2031
005/075-mft-AL_50-ASPY75_50,23,0.5445275952879876,2031
005/075-mft-AL_50-ASPY75_50,24,0.65316011594156,2031
005/075-mft-AL_50-ASPY75_50,25,0.4598082372329078,2031
005/075-mft-AL_50-ASPY75_50,26,0.638490564233721,2031
005/075-mft-AL_50-ASPY75_50,27,0.6510584323227163,2031
005/075-mft-AL_50-ASPY75_50,28,0.6110175301312913,2031
005/075-mft-AL_50-ASPY75_50,29,0.7222072058543055,2031
005/075-mft-AL_50-ASPY75_50,30,0.5433840203017068,2031
005/075-mft-AL_50-ASPY75_50,31,0.5321148159224798,2031
005/075-mft-AL_50-ASPY75_50,32,0.6424370815139654,2031
005/075-mft-AL_50-ASPY75_50,33,0.6892710606015428,2031
005/075-mft-AL_50-ASPY75_50,34,0.6109163203162069,2031
005/075-mft-AL_50-ASPY75_50,35,0.6125724897585466,2031
005/075-mft-AL_50-ASPY75_50,36,0.6448153983156422,2031
005/075-mft-AL_50-ASPY75_50,37,0.5868155374575089,2031
005/075-mft-AL_50-ASPY75_50,38,0.6328262870375213,2031
005/075-mft-AL_50-ASPY75_50,39,0.5758748607977636,2031
005/075-mft-AL_50-ASPY75_50,40,0.6485951286757218,2031
005/075-mft-AL_50-ASPY75_50,41,0.6188736771682711,2031
005/075-mft-AL_50-ASPY75_50,42,0.6063473517136132,2031
005/075-mft-AL_50-ASPY75_50,43,0.6343504850007089,2031
005/075-mft-AL_50-ASPY75_50,44,0.6602477634495916,2031
005/075-mft-AL_50-ASPY75_50,45,0.6139132881953331,2031
005/075-mft-AL_50-ASPY75_50,46,0.5045595890877438,2031
005/075-mft-AL_50-ASPY75_50,47,0.6333355000608946,2031
005/075-mft-AL_50-ASPY75_50,48,0.6637294699305549,2031
005/075-mft-AL_50-ASPY75_50,49,0.6020149070124404,2031
005/075-mft-AL_50-ASPY75_50,50,0.4659286290807749,2031
005/075-mft-AL_50-ASPY75_50,51,0.6346788425438677,2031
005/075-mft-AL_50-ASPY75_50,52,0.5737766716670424,2031
005/075-mft-AL_50-ASPY75_50,53,0.6290001398493217,2031
005/075-mft-AL_50-ASPY75_50,54,0.6655257516982379,2031
005/075-mft-AL_50-ASPY75_50,55,0.5542739716242834,2031
005/075-mft-AL_50-ASPY75_50,56,0.587563076920212,2031
005/075-mft-AL_50-ASPY75_50,57,0.5902800824328662,2031
005/075-mft-AL_50-ASPY75_50,58,0.5378427638275672,2031
005/075-mft-AL_50-ASPY75_50,59,0.5734047046034826,2031
005/075-mft-AL_50-ASPY75_50,60,0.6546372259076748,2031
005/075-mft-AL_50-ASPY75_50,61,0.6109449002526532,2031
005/075-mft-AL_50-ASPY75_50,62,0.6844253969951032,2031
005/075-mft-AL_50-ASPY75_50,63,0.6005065938457577,2031
005/075-mft-AL_50-ASPY75_50,64,0.5648986125811514,2031
005/075-mft-AL_50-ASPY75_50,65,0.5770012254946753,2031
005/075-mft-AL_50-ASPY75_50,66,0.701411567920433,2031
005/075-mft-AL_50-ASPY75_50,67,0.5884455963299473,2031
005/075-mft-AL_50-ASPY75_50,68,0.46740197149336193,2031
005/075-mft-AL_50-ASPY75_50,69,0.5344566961846711,2031
005/075-mft-AL_50-ASPY75_50,70,0.5960047773123386,2031
005/075-mft-AL_50-ASPY75_50,71,0.5090732185046566,2031
005/075-mft-AL_50-ASPY75_50,72,0.5876104134531069,2031
005/075-mft-AL_50-ASPY75_50,73,0.7031150697891669,2031
005/075-mft-AL_50-ASPY75_50,74,0.6518119402562573,2031
005/075-mft-AL_50-ASPY75_50,75,0.7566808344683703,2031
005/075-mft-AL_50-ASPY75_50,76,0.5139365645725799,2031
005/075-mft-AL_50-ASPY75_50,77,0.6569133237521495,2031
005/075-mft-AL_50-ASPY75_50,78,0.5668271305171675,2031
005/075-mft-AL_50-ASPY75_50,79,0.618027588881498,2031
005/075-mft-AL_50-ASPY75_50,80,0.6989200394004561,2031
005/075-mft-AL_50-ASPY75_50,81,0.6844388550742152,2031
005/075-mft-AL_50-ASPY75_50,82,0.6488712529106286,2031
005/075-mft-AL_50-ASPY75_50,83,0.6997177097943377,2031
005/075-mft-AL_50-ASPY75_50,84,0.5838466711820961,2031
005/075-mft-AL_50-ASPY75_50,85,0.6475271087510444,2031
005/075-mft-AL_50-ASPY75_50,86,0.5880702365329655,2031
005/075-mft-AL_50-ASPY75_50,87,0.6444902176619145,2031
005/075-mft-AL_50-ASPY75_50,88,0.721699350643419,2031
005/075-mft-AL_50-ASPY75_50,89,0.5986477745953321,2031
005/075-mft-AL_50-ASPY75_50,90,0.6405203675364558,2031
005/075-mft-AL_50-ASPY75_50,91,0.5465670866856519,2031
005/075-mft-AL_50-ASPY75_50,92,0.7726309046508305,2031
005/075-mft-AL_50-ASPY75_50,93,0.6757836537348304,2031
005/075-mft-AL_50-ASPY75_50,94,0.5549872117915011,2031
005/075-mft-AL_50-ASPY75_50,95,0.6680552405785546,2031
005/075-mft-AL_50-ASPY75_50,96,0.6282313354851616,2031
005/075-mft-AL_50-ASPY75_50,97,0.632037045646645,2031
005/075-mft-AL_50-ASPY75_50,98,0.6492690870013116,2031
005/075-mft-AL_50-ASPY75_50,99,0.6586176106156181,2031
005/076-mft-AL_50-ASPY65_50,0,0.690925980469728,2031
005/076-mft-AL_50-ASPY65_50,1,0.57222814455082,2031
005/076-mft-AL_50-ASPY65_50,2,0.5768821645998736,2031
005/076-mft-AL_50-ASPY65_50,3,0.6452889752694272,2031
005/076-mft-AL_50-ASPY65_50,4,0.6823993764329299,2031
005/076-mft-AL_50-ASPY65_50,5,0.5763995677279233,2031
005/076-mft-AL_50-ASPY65_50,6,0.5425264543362159,2031
005/076-mft-AL_50-ASPY65_50,7,0.5775976974013699,2031
005/076-mft-AL_50-ASPY65_50,8,0.724417605071681,2031
005/076-mft-AL_50-ASPY65_50,9,0.6046992390454199,2031
005/076-mft-AL_50-ASPY65_50,10,0.7035303577361115,2031
005/076-mft-AL_50-ASPY65_50,11,0.715126110623752,2031
005/076-mft-AL_50-ASPY65_50,12,0.5844051370008767,2031
005/076-mft-AL_50-ASPY65_50,13,0.6551422958674321,2031
005/076-mft-AL_50-ASPY65_50,14,0.5721241904954993,2031
005/076-mft-AL_50-ASPY65_50,15,0.6905760501585331,2031
005/076-mft-AL_50-ASPY65_50,16,0.6184626448473972,2031
005/076-mft-AL_50-ASPY65_50,17,0.6107349862882075,2031
005/076-mft-AL_50-ASPY65_50,18,0.6291933274001178,2031
005/076-mft-AL_50-ASPY65_50,19,0.6011840317022852,2031
005/076-mft-AL_50-ASPY65_50,20,0.7224949681922745,2031
005/076-mft-AL_50-ASPY65_50,21,0.5699313414597363,2031
005/076-mft-AL_50-ASPY65_50,22,0.6531701259979296,2031
005/076-mft-AL_50-ASPY65_50,23,0.541970752667122,2031
005/076-mft-AL_50-ASPY65_50,24,0.635657397689834,2031
005/076-mft-AL_50-ASPY65_50,25,0.6643351787181243,2031
005/076-mft-AL_50-ASPY65_50,26,0.4906365398332763,2031
005/076-mft-AL_50-ASPY65_50,27,0.6586124696200323,2031
005/076-mft-AL_50-ASPY65_50,28,0.7000009459250625,2031
005/076-mft-AL_50-ASPY65_50,29,0.5479835187060204,2031
005/076-mft-AL_50-ASPY65_50,30,0.6414259574044415,2031
005/076-mft-AL_50-ASPY65_50,31,0.5552884012491436,2031
005/076-mft-AL_50-ASPY65_50,32,0.6261542046334062,2031
005/076-mft-AL_50-ASPY65_50,33,0.7277203591729156,2031
005/076-mft-AL_50-ASPY65_50,34,0.5570724761741211,2031
005/076-mft-AL_50-ASPY65_50,35,0.6388715647101072,2031
005/076-mft-AL_50-ASPY65_50,36,0.6240635169271416,2031
005/076-mft-AL_50-ASPY65_50,37,0.5218808830829259,2031
005/076-mft-AL_50-ASPY65_50,38,0.5164542896546467,2031
005/076-mft-AL_50-ASPY65_50,39,0.656017114798185,2031
005/076-mft-AL_50-ASPY65_50,40,0.5746803727327757,2031
005/076-mft-AL_50-ASPY65_50,41,0.5543206551139795,2031
005/076-mft-AL_50-ASPY65_50,42,0.5693751382506625,2031
005/076-mft-AL_50-ASPY65_50,43,0.5301872819757653,2031
005/076-mft-AL_50-ASPY65_50,44,0.6090833513047831,2031
005/076-mft-AL_50-ASPY65_50,45,0.511723450956535,2031
005/076-mft-AL_50-ASPY65_50,46,0.5952011206439809,2031
005/076-mft-AL_50-ASPY65_50,47,0.6087716238220799,2031
005/076-mft-AL_50-ASPY65_50,48,0.6554274881371224,2031
005/076-mft-AL_50-ASPY65_50,49,0.686145216683189,2031
005/076-mft-AL_50-ASPY65_50,50,0.6217761925141323,2031
005/076-mft-AL_50-ASPY65_50,51,0.6285700342724713,2031
005/076-mft-AL_50-ASPY65_50,52,0.6120497030847251,2031
005/076-mft-AL_50-ASPY65_50,53,0.6961905596592998,2031
005/076-mft-AL_50-ASPY65_50,54,0.5824434522877542,2031
005/076-mft-AL_50-ASPY65_50,55,0.5757587195217093,2031
005/076-mft-AL_50-ASPY65_50,56,0.5705164273342835,2031
005/076-mft-AL_50-ASPY65_50,57,0.5696726293288351,2031
005/076-mft-AL_50-ASPY65_50,58,0.48885072038235045,2031
005/076-mft-AL_50-ASPY65_50,59,0.6641060297856854,2031
005/076-mft-AL_50-ASPY65_50,60,0.6088045591788854,2031
005/076-mft-AL_50-ASPY65_50,61,0.6479130550098701,2031
005/076-mft-AL_50-ASPY65_50,62,0.6583687420755479,2031
005/076-mft-AL_50-ASPY65_50,63,0.5993338055103486,2031
005/076-mft-AL_50-ASPY65_50,64,0.6619984575321278,2031
005/076-mft-AL_50-ASPY65_50,65,0.555028579643014,2031
005/076-mft-AL_50-ASPY65_50,66,0.5970484565964698,2031
005/076-mft-AL_50-ASPY65_50,67,0.6379255324105516,2031
005/076-mft-AL_50-ASPY65_50,68,0.5309220139028094,2031
005/076-mft-AL_50-ASPY65_50,69,0.523762414232707,2031
005/076-mft-AL_50-ASPY65_50,70,0.6050149702994795,2031
005/076-mft-AL_50-ASPY65_50,71,0.6028430034322538,2031
005/076-mft-AL_50-ASPY65_50,72,0.5787956801509021,2031
005/076-mft-AL_50-ASPY65_50,73,0.6776605100922447,2031
005/076-mft-AL_50-ASPY65_50,74,0.6012471982545612,2031
005/076-mft-AL_50-ASPY65_50,75,0.5849471839152048,2031
005/076-mft-AL_50-ASPY65_50,76,0.621375853064965,2031
005/076-mft-AL_50-ASPY65_50,77,0.5855732265236856,2031
005/076-mft-AL_50-ASPY65_50,78,0.6223768975198639,2031
005/076-mft-AL_50-ASPY65_50,79,0.6167363615549003,2031
005/076-mft-AL_50-ASPY65_50,80,0.6562109971348205,2031
005/076-mft-AL_50-ASPY65_50,81,0.7129542041515378,2031
005/076-mft-AL_50-ASPY65_50,82,0.7099310722845344,2031
005/076-mft-AL_50-ASPY65_50,83,0.6637297638190743,2031
005/076-mft-AL_50-ASPY65_50,84,0.5980103830031921,2031
005/076-mft-AL_50-ASPY65_50,85,0.6474286033386096,2031
005/076-mft-AL_50-ASPY65_50,86,0.6278262931497447,2031
005/076-mft-AL_50-ASPY65_50,87,0.6127926688565697,2031
005/076-mft-AL_50-ASPY65_50,88,0.5693211625836602,2031
005/076-mft-AL_50-ASPY65_50,89,0.6342171207761665,2031
005/076-mft-AL_50-ASPY65_50,90,0.6034968568246389,2031
005/076-mft-AL_50-ASPY65_50,91,0.5806537538682139,2031
005/076-mft-AL_50-ASPY65_50,92,0.6350920246229498,2031
005/076-mft-AL_50-ASPY65_50,93,0.5105083013439321,2031
005/076-mft-AL_50-ASPY65_50,94,0.605724850591835,2031
005/076-mft-AL_50-ASPY65_50,95,0.6338438703943651,2031
005/076-mft-AL_50-ASPY65_50,96,0.6754116647543077,2031
005/076-mft-AL_50-ASPY65_50,97,0.5461579176068064,2031
005/076-mft-AL_50-ASPY65_50,98,0.7088245344863592,2031
005/076-mft-AL_50-ASPY65_50,99,0.6749013730664033,2031
005/077-mft-ASAQ_75-ASPY85_25,0,0.36714645025835263,2031
005/077-mft-ASAQ_75-ASPY85_25,1,0.4103439939223123,2031
005/077-mft-ASAQ_75-ASPY85_25,2,0.4093152794478034,2031
005/077-mft-ASAQ_75-ASPY85_25,3,0.4395037684884171,2031
005/077-mft-ASAQ_75-ASPY85_25,4,0.4272419561330086,2031
005/077-mft-ASAQ_75-ASPY85_25,5,0.42227212565257344,2031
005/077-mft-ASAQ_75-ASPY85_25,6,0.4266196452445126,2031
005/077-mft-ASAQ_75-ASPY85_25,7,0.42073222212900857,2031
005/077-mft-ASAQ_75-ASPY85_25,8,0.3841653454331442,2031
005/077-mft-ASAQ_75-ASPY85_25,9,0.3881175541961785,2031
005/077-mft-ASAQ_75-ASPY85_25,10,0.36808182872722967,2031
005/077-mft-ASAQ_75-ASPY85_25,11,0.30241281465198483,2031
005/077-mft-ASAQ_75-ASPY85_25,12,0.3993360381499314,2031
005/077-mft-ASAQ_75-ASPY85_25,13,0.46734202175299183,2031
005/077-mft-ASAQ_75-ASPY85_25,14,0.43793288201016917,2031
005/077-mft-ASAQ_75-ASPY85_25,15,0.3568636731896675,2031
005/077-mft-ASAQ_75-ASPY85_25,16,0.32406177714069556,2031
005/077-mft-ASAQ_75-ASPY85_25,17,0.34968690713157563,2031
005/077-mft-ASAQ_75-ASPY85_25,18,0.4311064276895118,2031
005/077-mft-ASAQ_75-ASPY85_25,19,0.47419607901015953,2031
005/077-mft-ASAQ_75-ASPY85_25,20,0.44705486905639846,2031
005/077-mft-ASAQ_75-ASPY85_25,21,0.4032953838356566,2031
005/077-mft-ASAQ_75-ASPY85_25,22,0.3541048822077215,2031
005/077-mft-ASAQ_75-ASPY85_25,23,0.45230040785082265,2031
005/077-mft-ASAQ_75-ASPY85_25,24,0.3646013407699778,2031
005/077-mft-ASAQ_75-ASPY85_25,25,0.3685124368031844,2031
005/077-mft-ASAQ_75-ASPY85_25,26,0.3221710396464708,2031
005/077-mft-ASAQ_75-ASPY85_25,27,0.3928797158671522,2031
005/077-mft-ASAQ_75-ASPY85_25,28,0.3656389381203354,2031
005/077-mft-ASAQ_75-ASPY85_25,29,0.4307516514883792,2031
005/077-mft-ASAQ_75-ASPY85_25,30,0.3893632427617824,2031
005/077-mft-ASAQ_75-ASPY85_25,31,0.3945031274613527,2031
005/077-mft-ASAQ_75-ASPY85_25,32,0.32369493082819795,2031
005/077-mft-ASAQ_75-ASPY85_25,33,0.3429390340585517,2031
005/077-mft-ASAQ_75-ASPY85_25,34,0.43369365497613854,2031
005/077-mft-ASAQ_75-ASPY85_25,35,0.3853829153104878,2031
005/077-mft-ASAQ_75-ASPY85_25,36,0.34340739672533943,2031
005/077-mft-ASAQ_75-ASPY85_25,37,0.38144033627256113,2031
005/077-mft-ASAQ_75-ASPY85_25,38,0.3902828742473865,2031
005/077-mft-ASAQ_75-ASPY85_25,39,0.40362833224985967,2031
005/077-mft-ASAQ_75-ASPY85_25,40,0.3943144212305984,2031
005/077-mft-ASAQ_75-ASPY85_25,41,0.40050421013737253,2031
005/077-mft-ASAQ_75-ASPY85_25,42,0.3517675426681575,2031
005/077-mft-ASAQ_75-ASPY85_25,43,0.4174726869029807,2031
005/077-mft-ASAQ_75-ASPY85_25,44,0.382675670176017,2031
005/077-mft-ASAQ_75-ASPY85_25,45,0.43605252484543366,2031
005/077-mft-ASAQ_75-ASPY85_25,46,0.32168450115888053,2031
005/077-mft-ASAQ_75-ASPY85_25,47,0.4859196323750688,2031
005/077-mft-ASAQ_75-ASPY85_25,48,0.41212911100503336,2031
005/077-mft-ASAQ_75-ASPY85_25,49,0.3280169142561413,2031
005/077-mft-ASAQ_75-ASPY85_25,50,0.40156429984734826,2031
005/077-mft-ASAQ_75-ASPY85_25,51,0.3427154477010205,2031
005/077-mft-ASAQ_75-ASPY85_25,52,0.4077142140710406,2031
005/077-mft-ASAQ_75-ASPY85_25,53,0.435852546711521,2031
005/077-mft-ASAQ_75-ASPY85_25,54,0.33806233314529893,2031
005/077-mft-ASAQ_75-ASPY85_25,55,0.3936730812942352,2031
005/077-mft-ASAQ_75-ASPY85_25,56,0.4454534806461119,2031
005/077-mft-ASAQ_75-ASPY85_25,57,0.3831688486384753,2031
005/077-mft-ASAQ_75-ASPY85_25,58,0.42437770062208596,2031
005/077-mft-ASAQ_75-ASPY85_25,59,0.3408603869157127,2031
005/077-mft-ASAQ_75-ASPY85_25,60,0.38391136030937106,2031
005/077-mft-ASAQ_75-ASPY85_25,61,0.3854364093380666,2031
005/077-mft-ASAQ_75-ASPY85_25,62,0.3796090372661402,2031
005/077-mft-ASAQ_75-ASPY85_25,63,0.3911385116839223,2031
005/077-mft-ASAQ_75-ASPY85_25,64,0.37426329282260745,2031
005/077-mft-ASAQ_75-ASPY85_25,65,0.449107653752856,2031
005/077-mft-ASAQ_75-ASPY85_25,66,0.3890817602952193,2031
005/077-mft-ASAQ_75-ASPY85_25,67,0.35044143183387283,2031
005/077-mft-ASAQ_75-ASPY85_25,68,0.4536743819934463,2031
005/077-mft-ASAQ_75-ASPY85_25,69,0.40633633890647197,2031
005/077-mft-ASAQ_75-ASPY85_25,70,0.3056462319741571,2031
005/077-mft-ASAQ_75-ASPY85_25,71,0.3103576584371272,2031
005/077-mft-ASAQ_75-ASPY85_25,72,0.39500146387634727,2031
005/077-mft-ASAQ_75-ASPY85_25,73,0.3714418971628845,2031
005/077-mft-ASAQ_75-ASPY85_25,74,0.3948892193219095,2031
005/077-mft-ASAQ_75-ASPY85_25,75,0.38345568230671784,2031
005/077-mft-ASAQ_75-ASPY85_25,76,0.5330169348007737,2031
005/077-mft-ASAQ_75-ASPY85_25,77,0.390456953686529,2031
005/077-mft-ASAQ_75-ASPY85_25,78,0.4165689167315478,2031
005/077-mft-ASAQ_75-ASPY85_25,79,0.35976089922512916,2031
005/077-mft-ASAQ_75-ASPY85_25,80,0.41081353933360276,2031
005/077-mft-ASAQ_75-ASPY85_25,81,0.4042658444729497,2031
005/077-mft-ASAQ_75-ASPY85_25,82,0.3623260158676937,2031
005/077-mft-ASAQ_75-ASPY85_25,83,0.3979929648049652,2031
005/077-mft-ASAQ_75-ASPY85_25,84,0.39649800909702826,2031
005/077-mft-ASAQ_75-ASPY85_25,85,0.4655783443444624,2031
005/077-mft-ASAQ_75-ASPY85_25,86,0.4348644288197274,2031
005/077-mft-ASAQ_75-ASPY85_25,87,0.44326188386751747,2031
005/077-mft-ASAQ_75-ASPY85_25,88,0.33532046433616824,2031
005/077-mft-ASAQ_75-ASPY85_25,89,0.3903250041485114,2031
005/077-mft-ASAQ_75-ASPY85_25,90,0.3585955326418813,2031
005/077-mft-ASAQ_75-ASPY85_25,91,0.325270867498328,2031
005/077-mft-ASAQ_75-ASPY85_25,92,0.3575906352918061,2031
005/077-mft-ASAQ_75-ASPY85_25,93,0.3754216440426932,2031
005/077-mft-ASAQ_75-ASPY85_25,94,0.3514367862740175,2031
005/077-mft-ASAQ_75-ASPY85_25,95,0.45589067331720873,2031
005/077-mft-ASAQ_75-ASPY85_25,96,0.377970123675033,2031
005/077-mft-ASAQ_75-ASPY85_25,97,0.42817484621643875,2031
005/077-mft-ASAQ_75-ASPY85_25,98,0.4140047235292685,2031
005/077-mft-ASAQ_75-ASPY85_25,99,0.4134150742525608,2031
005/078-mft-ASAQ_75-ASPY75_25,0,0.44267799919786416,2031
005/078-mft-ASAQ_75-ASPY75_25,1,0.4060104501749955,2031
005/078-mft-ASAQ_75-ASPY75_25,2,0.3376109055956275,2031
005/078-mft-ASAQ_75-ASPY75_25,3,0.4165270666191285,2031
005/078-mft-ASAQ_75-ASPY75_25,4,0.37600680253869195,2031
005/078-mft-ASAQ_75-ASPY75_25,5,0.5069750684967406,2031
005/078-mft-ASAQ_75-ASPY75_25,6,0.3937378332705122,2031
005/078-mft-ASAQ_75-ASPY75_25,7,0.34734713531347233,2031
005/078-mft-ASAQ_75-ASPY75_25,8,0.3839543750450936,2031
005/078-mft-ASAQ_75-ASPY75_25,9,0.40355908694217574,2031
005/078-mft-ASAQ_75-ASPY75_25,10,0.4139819765734491,2031
005/078-mft-ASAQ_75-ASPY75_25,11,0.34013217092960263,2031
005/078-mft-ASAQ_75-ASPY75_25,12,0.4037881141618329,2031
005/078-mft-ASAQ_75-ASPY75_25,13,0.33640427931899936,2031
005/078-mft-ASAQ_75-ASPY75_25,14,0.37124929491698105,2031
005/078-mft-ASAQ_75-ASPY75_25,15,0.4313671673955873,2031
005/078-mft-ASAQ_75-ASPY75_25,16,0.4122083845780808,2031
005/078-mft-ASAQ_75-ASPY75_25,17,0.38840187134750664,2031
005/078-mft-ASAQ_75-ASPY75_25,18,0.3489510723727585,2031
005/078-mft-ASAQ_75-ASPY75_25,19,0.41680894786828454,2031
005/078-mft-ASAQ_75-ASPY75_25,20,0.4392255129406926,2031
005/078-mft-ASAQ_75-ASPY75_25,21,0.5002315479557636,2031
005/078-mft-ASAQ_75-ASPY75_25,22,0.4142556573106027,2031
005/078-mft-ASAQ_75-ASPY75_25,23,0.3917687410011297,2031
005/078-mft-ASAQ_75-ASPY75_25,24,0.4594209344685877,2031
005/078-mft-ASAQ_75-ASPY75_25,25,0.4438050902205179,2031
005/078-mft-ASAQ_75-ASPY75_25,26,0.4927847394604942,2031
005/078-mft-ASAQ_75-ASPY75_25,27,0.36174377944281216,2031
005/078-mft-ASAQ_75-ASPY75_25,28,0.33093450416153963,2031
005/078-mft-ASAQ_75-ASPY75_25,29,0.4164231214939977,2031
005/078-mft-ASAQ_75-ASPY75_25,30,0.3233643828284298,2031
005/078-mft-ASAQ_75-ASPY75_25,31,0.4037385526018416,2031
005/078-mft-ASAQ_75-ASPY75_25,32,0.3273434140195464,2031
005/078-mft-ASAQ_75-ASPY75_25,33,0.32569738889007055,2031
005/078-mft-ASAQ_75-ASPY75_25,34,0.36273111548399767,2031
005/078-mft-ASAQ_75-ASPY75_25,35,0.3814061012416745,2031
005/078-mft-ASAQ_75-ASPY75_25,36,0.4314616947337837,2031
005/078-mft-ASAQ_75-ASPY75_25,37,0.3736968336538069,2031
005/078-mft-ASAQ_75-ASPY75_25,38,0.44814435873194225,2031
005/078-mft-ASAQ_75-ASPY75_25,39,0.33066761681499623,2031
005/078-mft-ASAQ_75-ASPY75_25,40,0.417223192274011,2031
005/078-mft-ASAQ_75-ASPY75_25,41,0.43592703729464805,2031
005/078-mft-ASAQ_75-ASPY75_25,42,0.321591749827111,2031
005/078-mft-ASAQ_75-ASPY75_25,43,0.3229528997418777,2031
005/078-mft-ASAQ_75-ASPY75_25,44,0.40828773233975,2031
005/078-mft-ASAQ_75-ASPY75_25,45,0.45915286371860087,2031
005/078-mft-ASAQ_75-ASPY75_25,46,0.3523758846293095,2031
005/078-mft-ASAQ_75-ASPY75_25,47,0.427951264877283,2031
005/078-mft-ASAQ_75-ASPY75_25,48,0.394500354645749,2031
005/078-mft-ASAQ_75-ASPY75_25,49,0.41057584939945935,2031
005/078-mft-ASAQ_75-ASPY75_25,50,0.40398145847414096,2031
005/078-mft-ASAQ_75-ASPY75_25,51,0.36604164966944125,2031
005/078-mft-ASAQ_75-ASPY75_25,52,0.39549854466686335,2031
005/078-mft-ASAQ_75-ASPY75_25,53,0.369505194099684,2031
005/078-mft-ASAQ_75-ASPY75_25,54,0.34531623900437375,2031
005/078-mft-ASAQ_75-ASPY75_25,55,0.34527019170019213,2031
005/078-mft-ASAQ_75-ASPY75_25,56,0.3418254221231001,2031
005/078-mft-ASAQ_75-ASPY75_25,57,0.3197132033952817,2031
005/078-mft-ASAQ_75-ASPY75_25,58,0.5164642652456704,2031
005/078-mft-ASAQ_75-ASPY75_25,59,0.3709004994269247,2031
005/078-mft-ASAQ_75-ASPY75_25,60,0.3816935744749737,2031
005/078-mft-ASAQ_75-ASPY75_25,61,0.43192546110559293,2031
005/078-mft-ASAQ_75-ASPY75_25,62,0.3072295458642853,2031
005/078-mft-ASAQ_75-ASPY75_25,63,0.3168940765192431,2031
005/078-mft-ASAQ_75-ASPY75_25,64,0.39363957749264483,2031
005/078-mft-ASAQ_75-ASPY75_25,65,0.39498524472194557,2031
005/078-mft-ASAQ_75-ASPY75_25,66,0.4566640424199055,2031
005/078-mft-ASAQ_75-ASPY75_25,67,0.3459594262299353,2031
005/078-mft-ASAQ_75-ASPY75_25,68,0.3977965724712121,2031
005/078-mft-ASAQ_75-ASPY75_25,69,0.3693251433844291,2031
005/078-mft-ASAQ_75-ASPY75_25,70,0.44255613465078164,2031
005/078-mft-ASAQ_75-ASPY75_25,71,0.4360879770950942,2031
005/078-mft-ASAQ_75-ASPY75_25,72,0.3731944447638573,2031
005/078-mft-ASAQ_75-ASPY75_25,73,0.41678249511114346,2031
005/078-mft-ASAQ_75-ASPY75_25,74,0.4106290830329727,2031
005/078-mft-ASAQ_75-ASPY75_25,75,0.460813286908253,2031
005/078-mft-ASAQ_75-ASPY75_25,76,0.5000312126465304,2031
005/078-mft-ASAQ_75-ASPY75_25,77,0.40695170963134103,2031
005/078-mft-ASAQ_75-ASPY75_25,78,0.35956044056592645,2031
005/078-mft-ASAQ_75-ASPY75_25,79,0.41578986542431484,2031
005/078-mft-ASAQ_75-ASPY75_25,80,0.306215862018914,2031
005/078-mft-ASAQ_75-ASPY75_25,81,0.39260277016196327,2031
005/078-mft-ASAQ_75-ASPY75_25,82,0.38326233155847533,2031
005/078-mft-ASAQ_75-ASPY75_25,83,0.4540743972955748,2031
005/078-mft-ASAQ_75-ASPY75_25,84,0.5210882482161004,2031
005/078-mft-ASAQ_75-ASPY75_25,85,0.34831387056615676,2031
005/078-mft-ASAQ_75-ASPY75_25,86,0.35973894761062297,2031
005/078-mft-ASAQ_75-ASPY75_25,87,0.4280475633713811,2031
005/078-mft-ASAQ_75-ASPY75_25,88,0.3427319403728877,2031
005/078-mft-ASAQ_75-ASPY75_25,89,0.4038245139132956,2031
005/078-mft-ASAQ_75-ASPY75_25,90,0.3696687057735326,2031
005/078-mft-ASAQ_75-ASPY75_25,91,0.3423010142018141,2031
005/078-mft-ASAQ_75-ASPY75_25,92,0.3120264931602053,2031
005/078-mft-ASAQ_75-ASPY75_25,93,0.39992362231853784,2031
005/078-mft-ASAQ_75-ASPY75_25,94,0.4159641920774049,2031
005/078-mft-ASAQ_75-ASPY75_25,95,0.4308136754397678,2031
005/078-mft-ASAQ_75-ASPY75_25,96,0.40925162219954087,2031
005/078-mft-ASAQ_75-ASPY75_25,97,0.33949425896021884,2031
005/078-mft-ASAQ_75-ASPY75_25,98,0.436108943192372,2031
005/078-mft-ASAQ_75-ASPY75_25,99,0.314711155543494,2031
005/079-mft-ASAQ_75-ASPY65_25,0,0.34778177242852154,2031
005/079-mft-ASAQ_75-ASPY65_25,1,0.39156921788851945,2031
005/079-mft-ASAQ_75-ASPY65_25,2,0.49634291872782194,2031
005/079-mft-ASAQ_75-ASPY65_25,3,0.34898298945384143,2031
005/079-mft-ASAQ_75-ASPY65_25,4,0.4003837455693103,2031
005/079-mft-ASAQ_75-ASPY65_25,5,0.39668485625019506,2031
005/079-mft-ASAQ_75-ASPY65_25,6,0.4076774774519564,2031
005/079-mft-ASAQ_75-ASPY65_25,7,0.4219644401478066,2031
005/079-mft-ASAQ_75-ASPY65_25,8,0.45351219185563557,2031
005/079-mft-ASAQ_75-ASPY65_25,9,0.38803089279849207,2031
005/079-mft-ASAQ_75-ASPY65_25,10,0.5089380290902416,2031
005/079-mft-ASAQ_75-ASPY65_25,11,0.4398060024280794,2031
005/079-mft-ASAQ_75-ASPY65_25,12,0.3701199193266729,2031
005/079-mft-ASAQ_75-ASPY65_25,13,0.3219269834909962,2031
005/079-mft-ASAQ_75-ASPY65_25,14,0.44198073436343255,2031
005/079-mft-ASAQ_75-ASPY65_25,15,0.40796215623324583,2031
005/079-mft-ASAQ_75-ASPY65_25,16,0.4271303102035573,2031
005/079-mft-ASAQ_75-ASPY65_25,17,0.49947216061223587,2031
005/079-mft-ASAQ_75-ASPY65_25,18,0.4126176917846766,2031
005/079-mft-ASAQ_75-ASPY65_25,19,0.4092046824315467,2031
005/079-mft-ASAQ_75-ASPY65_25,20,0.39854782013816176,2031
005/079-mft-ASAQ_75-ASPY65_25,21,0.42703272707238077,2031
005/079-mft-ASAQ_75-ASPY65_25,22,0.39549550840291453,2031
005/079-mft-ASAQ_75-ASPY65_25,23,0.32938455938220607,2031
005/079-mft-ASAQ_75-ASPY65_25,24,0.4519943964369943,2031
005/079-mft-ASAQ_75-ASPY65_25,25,0.44771511846100864,2031
005/079-mft-ASAQ_75-ASPY65_25,26,0.4449648142022536,2031
005/079-mft-ASAQ_75-ASPY65_25,27,0.39265609314817257,2031
005/079-mft-ASAQ_75-ASPY65_25,28,0.38904628445768813,2031
005/079-mft-ASAQ_75-ASPY65_25,29,0.29252145137739965,2031
005/079-mft-ASAQ_75-ASPY65_25,30,0.38529714382887675,2031
005/079-mft-ASAQ_75-ASPY65_25,31,0.48646214502697455,2031
005/079-mft-ASAQ_75-ASPY65_25,32,0.43660585745707386,2031
005/079-mft-ASAQ_75-ASPY65_25,33,0.40202230079018203,2031
005/079-mft-ASAQ_75-ASPY65_25,34,0.39861251437683304,2031
005/079-mft-ASAQ_75-ASPY65_25,35,0.38441394161995984,2031
005/079-mft-ASAQ_75-ASPY65_25,36,0.4091920642080162,2031
005/079-mft-ASAQ_75-ASPY65_25,37,0.35648707613862546,2031
005/079-mft-ASAQ_75-ASPY65_25,38,0.4372676803300621,2031
005/079-mft-ASAQ_75-ASPY65_25,39,0.42655854766995316,2031
005/079-mft-ASAQ_75-ASPY65_25,40,0.3922959199600222,2031
005/079-mft-ASAQ_75-ASPY65_25,41,0.3208500660698001,2031
005/079-mft-ASAQ_75-ASPY65_25,42,0.4353447941945053,2031
005/079-mft-ASAQ_75-ASPY65_25,43,0.3399025043960136,2031
005/079-mft-ASAQ_75-ASPY65_25,44,0.3725615068608456,2031
005/079-mft-ASAQ_75-ASPY65_25,45,0.4560583508343614,2031
005/079-mft-ASAQ_75-ASPY65_25,46,0.38863160916393596,2031
005/079-mft-ASAQ_75-ASPY65_25,47,0.4268343503593434,2031
005/079-mft-ASAQ_75-ASPY65_25,48,0.47213748045616266,2031
005/079-mft-ASAQ_75-ASPY65_25,49,0.42646710223354994,2031
005/079-mft-ASAQ_75-ASPY65_25,50,0.421829340531047,2031
005/079-mft-ASAQ_75-ASPY65_25,51,0.4462659982562424,2031
005/079-mft-ASAQ_75-ASPY65_25,52,0.3928214144158751,2031
005/079-mft-ASAQ_75-ASPY65_25,53,0.3867640938532621,2031
005/079-mft-ASAQ_75-ASPY65_25,54,0.456669904568521,2031
005/079-mft-ASAQ_75-ASPY65_25,55,0.3859356793542759,2031
005/079-mft-ASAQ_75-ASPY65_25,56,0.3594120223552803,2031
005/079-mft-ASAQ_75-ASPY65_25,57,0.31024331265403415,2031
005/079-mft-ASAQ_75-ASPY65_25,58,0.41922228836746145,2031
005/079-mft-ASAQ_75-ASPY65_25,59,0.44951298172728177,2031
005/079-mft-ASAQ_75-ASPY65_25,60,0.38547081952511575,2031
005/079-mft-ASAQ_75-ASPY65_25,61,0.3327478281663839,2031
005/079-mft-ASAQ_75-ASPY65_25,62,0.4448361772341843,2031
005/079-mft-ASAQ_75-ASPY65_25,63,0.3720565217691663,2031
005/079-mft-ASAQ_75-ASPY65_25,64,0.41154195206354954,2031
005/079-mft-ASAQ_75-ASPY65_25,65,0.34676510074221073,2031
005/079-mft-ASAQ_75-ASPY65_25,66,0.3606570293175622,2031
005/079-mft-ASAQ_75-ASPY65_25,67,0.47352121810564646,2031
005/079-mft-ASAQ_75-ASPY65_25,68,0.41845642088786894,2031
005/079-mft-ASAQ_75-ASPY65_25,69,0.44436173372232207,2031
005/079-mft-ASAQ_75-ASPY65_25,70,0.4655732331296296,2031
005/079-mft-ASAQ_75-ASPY65_25,71,0.4384111488398426,2031
005/079-mft-ASAQ_75-ASPY65_25,72,0.3287386748520185,2031
005/079-mft-ASAQ_75-ASPY65_25,73,0.5092765840943998,2031
005/079-mft-ASAQ_75-ASPY65_25,74,0.35817744281253994,2031
005/079-mft-ASAQ_75-ASPY65_25,75,0.3030159796478041,2031
005/079-mft-ASAQ_75-ASPY65_25,76,0.38372362239610985,2031
005/079-mft-ASAQ_75-ASPY65_25,77,0.3356793933864847,2031
005/079-mft-ASAQ_75-ASPY65_25,78,0.3435372014882747,2031
005/079-mft-ASAQ_75-ASPY65_25,79,0.4231564949068602,2031
005/079-mft-ASAQ_75-ASPY65_25,80,0.4024241497938421,2031
005/079-mft-ASAQ_75-ASPY65_25,81,0.508475289783902,2031
005/079-mft-ASAQ_75-ASPY65_25,82,0.4800253943425388,2031
005/079-mft-ASAQ_75-ASPY65_25,83,0.45775748510932585,2031
005/079-mft-ASAQ_75-ASPY65_25,84,0.3592280641584303,2031
005/079-mft-ASAQ_75-ASPY65_25,85,0.3867137792890527,2031
005/079-mft-ASAQ_75-ASPY65_25,86,0.4536955956501639,2031
005/079-mft-ASAQ_75-ASPY65_25,87,0.40872362616018987,2031
005/079-mft-ASAQ_75-ASPY65_25,88,0.4160822656940594,2031
005/079-mft-ASAQ_75-ASPY65_25,89,0.32343191742664246,2031
005/079-mft-ASAQ_75-ASPY65_25,90,0.30446292359826815,2031
005/079-mft-ASAQ_75-ASPY65_25,91,0.4742981724821376,2031
005/079-mft-ASAQ_75-ASPY65_25,92,0.3610588952867375,2031
005/079-mft-ASAQ_75-ASPY65_25,93,0.4901573732277514,2031
005/079-mft-ASAQ_75-ASPY65_25,94,0.39547350554263255,2031
005/079-mft-ASAQ_75-ASPY65_25,95,0.3893410989215156,2031
005/079-mft-ASAQ_75-ASPY65_25,96,0.3621935036175814,2031
005/079-mft-ASAQ_75-ASPY65_25,97,0.4431660050251085,2031
005/079-mft-ASAQ_75-ASPY65_25,98,0.4446655025800037,2031
005/079-mft-ASAQ_75-ASPY65_25,99,0.3327881811660666,2031
005/080-mft-ASAQ_50-ASPY85_50,0,0.49879666387695076,2031
005/080-mft-ASAQ_50-ASPY85_50,1,0.4611259566350195,2031
005/080-mft-ASAQ_50-ASPY85_50,2,0.305305498329016,2031
005/080-mft-ASAQ_50-ASPY85_50,3,0.4057999296420047,2031
005/080-mft-ASAQ_50-ASPY85_50,4,0.34263365798270584,2031
005/080-mft-ASAQ_50-ASPY85_50,5,0.3446340855378684,2031
005/080-mft-ASAQ_50-ASPY85_50,6,0.35721704901952545,2031
005/080-mft-ASAQ_50-ASPY85_50,7,0.3356822952637737,2031
005/080-mft-ASAQ_50-ASPY85_50,8,0.3908984676516601,2031
005/080-mft-ASAQ_50-ASPY85_50,9,0.4304102205981856,2031
005/080-mft-ASAQ_50-ASPY85_50,10,0.3923016579008633,2031
005/080-mft-ASAQ_50-ASPY85_50,11,0.3417758324711226,2031
005/080-mft-ASAQ_50-ASPY85_50,12,0.38683312878746107,2031
005/080-mft-ASAQ_50-ASPY85_50,13,0.38880383951040626,2031
005/080-mft-ASAQ_50-ASPY85_50,14,0.3521026332472221,2031
005/080-mft-ASAQ_50-ASPY85_50,15,0.3255952203470986,2031
005/080-mft-ASAQ_50-ASPY85_50,16,0.3567994553275058,2031
005/080-mft-ASAQ_50-ASPY85_50,17,0.4088585272099592,2031
005/080-mft-ASAQ_50-ASPY85_50,18,0.3219485454636797,2031
005/080-mft-ASAQ_50-ASPY85_50,19,0.3085345959955676,2031
005/080-mft-ASAQ_50-ASPY85_50,20,0.4011564556323644,2031
005/080-mft-ASAQ_50-ASPY85_50,21,0.2776615328338729,2031
005/080-mft-ASAQ_50-ASPY85_50,22,0.408494355813815,2031
005/080-mft-ASAQ_50-ASPY85_50,23,0.3822470314597824,2031
005/080-mft-ASAQ_50-ASPY85_50,24,0.42555859214761,2031
005/080-mft-ASAQ_50-ASPY85_50,25,0.468568130486855,2031
005/080-mft-ASAQ_50-ASPY85_50,26,0.4059015811112026,2031
005/080-mft-ASAQ_50-ASPY85_50,27,0.33422025995459714,2031
005/080-mft-ASAQ_50-ASPY85_50,28,0.3341850437863711,2031
005/080-mft-ASAQ_50-ASPY85_50,29,0.45375281029658104,2031
005/080-mft-ASAQ_50-ASPY85_50,30,0.40633591277671144,2031
005/080-mft-ASAQ_50-ASPY85_50,31,0.3994514500980743,2031
005/080-mft-ASAQ_50-ASPY85_50,32,0.37636193768703236,2031
005/080-mft-ASAQ_50-ASPY85_50,33,0.4053083151452377,2031
005/080-mft-ASAQ_50-ASPY85_50,34,0.3817542356893943,2031
005/080-mft-ASAQ_50-ASPY85_50,35,0.33500922438645847,2031
005/080-mft-ASAQ_50-ASPY85_50,36,0.5192041859261917,2031
005/080-mft-ASAQ_50-ASPY85_50,37,0.44101621158015325,2031
005/080-mft-ASAQ_50-ASPY85_50,38,0.364284728716099,2031
005/080-mft-ASAQ_50-ASPY85_50,39,0.3826289075573503,2031
005/080-mft-ASAQ_50-ASPY85_50,40,0.35147615226475887,2031
005/080-mft-ASAQ_50-ASPY85_50,41,0.45965134184206335,2031
005/080-mft-ASAQ_50-ASPY85_50,42,0.4807703972741843,2031
005/080-mft-ASAQ_50-ASPY85_50,43,0.4401467785888949,2031
005/080-mft-ASAQ_50-ASPY85_50,44,0.42711649923201095,2031
005/080-mft-ASAQ_50-ASPY85_50,45,0.36059639702409435,2031
005/080-mft-ASAQ_50-ASPY85_50,46,0.4336764237965294,2031
005/080-mft-ASAQ_50-ASPY85_50,47,0.4607304510353512,2031
005/080-mft-ASAQ_50-ASPY85_50,48,0.49456819961875104,2031
005/080-mft-ASAQ_50-ASPY85_50,49,0.3865941581600845,2031
005/080-mft-ASAQ_50-ASPY85_50,50,0.39551871650433035,2031
005/080-mft-ASAQ_50-ASPY85_50,51,0.3275795545511925,2031
005/080-mft-ASAQ_50-ASPY85_50,52,0.4741770201400628,2031
005/080-mft-ASAQ_50-ASPY85_50,53,0.3075354751088177,2031
005/080-mft-ASAQ_50-ASPY85_50,54,0.39689195258250304,2031
005/080-mft-ASAQ_50-ASPY85_50,55,0.3881265547573214,2031
005/080-mft-ASAQ_50-ASPY85_50,56,0.4144356887673289,2031
005/080-mft-ASAQ_50-ASPY85_50,57,0.39652434876954007,2031
005/080-mft-ASAQ_50-ASPY85_50,58,0.38716506894905506,2031
005/080-mft-ASAQ_50-ASPY85_50,59,0.4025366794056005,2031
005/080-mft-ASAQ_50-ASPY85_50,60,0.4260149630868914,2031
005/080-mft-ASAQ_50-ASPY85_50,61,0.3924795285934219,2031
005/080-mft-ASAQ_50-ASPY85_50,62,0.48696796685113514,2031
005/080-mft-ASAQ_50-ASPY85_50,63,0.4254058653899239,2031
005/080-mft-ASAQ_50-ASPY85_50,64,0.4379287264125173,2031
005/080-mft-ASAQ_50-ASPY85_50,65,0.3618892395562825,2031
005/080-mft-ASAQ_50-ASPY85_50,66,0.40298363021749445,2031
005/080-mft-ASAQ_50-ASPY85_50,67,0.33294496799036155,2031
005/080-mft-ASAQ_50-ASPY85_50,68,0.3827167142442888,2031
005/080-mft-ASAQ_50-ASPY85_50,69,0.414317965461569,2031
005/080-mft-ASAQ_50-ASPY85_50,70,0.2902862178272374,2031
005/080-mft-ASAQ_50-ASPY85_50,71,0.4111322055173911,2031
005/080-mft-ASAQ_50-ASPY85_50,72,0.41268053132701016,2031
005/080-mft-ASAQ_50-ASPY85_50,73,0.3910215701782354,2031
005/080-mft-ASAQ_50-ASPY85_50,74,0.27552533091821246,2031
005/080-mft-ASAQ_50-ASPY85_50,75,0.3859824514743029,2031
005/080-mft-ASAQ_50-ASPY85_50,76,0.4169121462402501,2031
005/080-mft-ASAQ_50-ASPY85_50,77,0.48813757465887453,2031
005/080-mft-ASAQ_50-ASPY85_50,78,0.4248454957394067,2031
005/080-mft-ASAQ_50-ASPY85_50,79,0.40716933198695027,2031
005/080-mft-ASAQ_50-ASPY85_50,80,0.4077877809665004,2031
005/080-mft-ASAQ_50-ASPY85_50,81,0.36070539976927024,2031
005/080-mft-ASAQ_50-ASPY85_50,82,0.4612536262955193,2031
005/080-mft-ASAQ_50-ASPY85_50,83,0.4045789497903127,2031
005/080-mft-ASAQ_50-ASPY85_50,84,0.4088799946852441,2031
005/080-mft-ASAQ_50-ASPY85_50,85,0.4045431213135644,2031
005/080-mft-ASAQ_50-ASPY85_50,86,0.47835283415309665,2031
005/080-mft-ASAQ_50-ASPY85_50,87,0.46355262594651503,2031
005/080-mft-ASAQ_50-ASPY85_50,88,0.4365988202187107,2031
005/080-mft-ASAQ_50-ASPY85_50,89,0.4935228233109865,2031
005/080-mft-ASAQ_50-ASPY85_50,90,0.36397546911528206,2031
005/080-mft-ASAQ_50-ASPY85_50,91,0.34780011620702317,2031
005/080-mft-ASAQ_50-ASPY85_50,92,0.39693529543154166,2031
005/080-mft-ASAQ_50-ASPY85_50,93,0.3684088813935768,2031
005/080-mft-ASAQ_50-ASPY85_50,94,0.32683989219183635,2031
005/080-mft-ASAQ_50-ASPY85_50,95,0.4337954751500815,2031
005/080-mft-ASAQ_50-ASPY85_50,96,0.5231801023315472,2031
005/080-mft-ASAQ_50-ASPY85_50,97,0.45836534053314465,2031
005/080-mft-ASAQ_50-ASPY85_50,98,0.3839177820886504,2031
005/080-mft-ASAQ_50-ASPY85_50,99,0.3761840448994973,2031
005/081-mft-ASAQ_50-ASPY75_50,0,0.3431441504991388,2031
005/081-mft-ASAQ_50-ASPY75_50,1,0.408019021698584,2031
005/081-mft-ASAQ_50-ASPY75_50,2,0.48358166034597216,2031
005/081-mft-ASAQ_50-ASPY75_50,3,0.3620449876897515,2031
005/081-mft-ASAQ_50-ASPY75_50,4,0.37590745556187194,2031
005/081-mft-ASAQ_50-ASPY75_50,5,0.36529131803750836,2031
005/081-mft-ASAQ_50-ASPY75_50,6,0.4046031150977251,2031
005/081-mft-ASAQ_50-ASPY75_50,7,0.41511728842140233,2031
005/081-mft-ASAQ_50-ASPY75_50,8,0.39804056438428725,2031
005/081-mft-ASAQ_50-ASPY75_50,9,0.3989220867380285,2031
005/081-mft-ASAQ_50-ASPY75_50,10,0.3381106024554595,2031
005/081-mft-ASAQ_50-ASPY75_50,11,0.3600385820561595,2031
005/081-mft-ASAQ_50-ASPY75_50,12,0.4164989379504272,2031
005/081-mft-ASAQ_50-ASPY75_50,13,0.39034815266960604,2031
005/081-mft-ASAQ_50-ASPY75_50,14,0.4015524589908586,2031
005/081-mft-ASAQ_50-ASPY75_50,15,0.40947247047199636,2031
005/081-mft-ASAQ_50-ASPY75_50,16,0.44139761296331753,2031
005/081-mft-ASAQ_50-ASPY75_50,17,0.3703716987502572,2031
005/081-mft-ASAQ_50-ASPY75_50,18,0.3872634534281371,2031
005/081-mft-ASAQ_50-ASPY75_50,19,0.5028091894812726,2031
005/081-mft-ASAQ_50-ASPY75_50,20,0.6021898771629076,2031
005/081-mft-ASAQ_50-ASPY75_50,21,0.39859218514044237,2031
005/081-mft-ASAQ_50-ASPY75_50,22,0.41367903892175284,2031
005/081-mft-ASAQ_50-ASPY75_50,23,0.3846177610750931,2031
005/081-mft-ASAQ_50-ASPY75_50,24,0.3623381018906839,2031
005/081-mft-ASAQ_50-ASPY75_50,25,0.3567153568369426,2031
005/081-mft-ASAQ_50-ASPY75_50,26,0.41266753606308093,2031
005/081-mft-ASAQ_50-ASPY75_50,27,0.36478991307476166,2031
005/081-mft-ASAQ_50-ASPY75_50,28,0.39416063307679133,2031
005/081-mft-ASAQ_50-ASPY75_50,29,0.4648480860946189,2031
005/081-mft-ASAQ_50-ASPY75_50,30,0.39262475104738104,2031
005/081-mft-ASAQ_50-ASPY75_50,31,0.3744899768026692,2031
005/081-mft-ASAQ_50-ASPY75_50,32,0.3970426267845621,2031
005/081-mft-ASAQ_50-ASPY75_50,33,0.4244743565892894,2031
005/081-mft-ASAQ_50-ASPY75_50,34,0.40791320792240127,2031
005/081-mft-ASAQ_50-ASPY75_50,35,0.44143401899652684,2031
005/081-mft-ASAQ_50-ASPY75_50,36,0.4051186724605915,2031
005/081-mft-ASAQ_50-ASPY75_50,37,0.4198782946328124,2031
005/081-mft-ASAQ_50-ASPY75_50,38,0.49556880935827347,2031
005/081-mft-ASAQ_50-ASPY75_50,39,0.4191921149676964,2031
005/081-mft-ASAQ_50-ASPY75_50,40,0.30776184906060616,2031
005/081-mft-ASAQ_50-ASPY75_50,41,0.45479971373650946,2031
005/081-mft-ASAQ_50-ASPY75_50,42,0.3820716025395301,2031
005/081-mft-ASAQ_50-ASPY75_50,43,0.3307407080713354,2031
005/081-mft-ASAQ_50-ASPY75_50,44,0.4502502640699437,2031
005/081-mft-ASAQ_50-ASPY75_50,45,0.4105699820468672,2031
005/081-mft-ASAQ_50-ASPY75_50,46,0.48076588935834125,2031
005/081-mft-ASAQ_50-ASPY75_50,47,0.32714479857161627,2031
005/081-mft-ASAQ_50-ASPY75_50,48,0.43817993373763736,2031
005/081-mft-ASAQ_50-ASPY75_50,49,0.36902121115808323,2031
005/081-mft-ASAQ_50-ASPY75_50,50,0.38156410124963863,2031
005/081-mft-ASAQ_50-ASPY75_50,51,0.40873269218708247,2031
005/081-mft-ASAQ_50-ASPY75_50,52,0.42541275695757674,2031
005/081-mft-ASAQ_50-ASPY75_50,53,0.4465196066164597,2031
005/081-mft-ASAQ_50-ASPY75_50,54,0.5085361479276137,2031
005/081-mft-ASAQ_50-ASPY75_50,55,0.33445120060833156,2031
005/081-mft-ASAQ_50-ASPY75_50,56,0.42464235558377667,2031
005/081-mft-ASAQ_50-ASPY75_50,57,0.40546332237692934,2031
005/081-mft-ASAQ_50-ASPY75_50,58,0.3957358455374089,2031
005/081-mft-ASAQ_50-ASPY75_50,59,0.34191932686582477,2031
005/081-mft-ASAQ_50-ASPY75_50,60,0.34831660767314093,2031
005/081-mft-ASAQ_50-ASPY75_50,61,0.3566791231050919,2031
005/081-mft-ASAQ_50-ASPY75_50,62,0.4207403049945894,2031
005/081-mft-ASAQ_50-ASPY75_50,63,0.4307807535888683,2031
005/081-mft-ASAQ_50-ASPY75_50,64,0.4091625305824637,2031
005/081-mft-ASAQ_50-ASPY75_50,65,0.39247080518781297,2031
005/081-mft-ASAQ_50-ASPY75_50,66,0.4518310616752756,2031
005/081-mft-ASAQ_50-ASPY75_50,67,0.4702334462647601,2031
005/081-mft-ASAQ_50-ASPY75_50,68,0.505799608899064,2031
005/081-mft-ASAQ_50-ASPY75_50,69,0.42349181208766723,2031
005/081-mft-ASAQ_50-ASPY75_50,70,0.383281849726041,2031
005/081-mft-ASAQ_50-ASPY75_50,71,0.3538635660875274,2031
005/081-mft-ASAQ_50-ASPY75_50,72,0.3875715749839655,2031
005/081-mft-ASAQ_50-ASPY75_50,73,0.41525131371449725,2031
005/081-mft-ASAQ_50-ASPY75_50,74,0.3602623034923908,2031
005/081-mft-ASAQ_50-ASPY75_50,75,0.3472894425583994,2031
005/081-mft-ASAQ_50-ASPY75_50,76,0.4581546103719312,2031
005/081-mft-ASAQ_50-ASPY75_50,77,0.38982332590921254,2031
005/081-mft-ASAQ_50-ASPY75_50,78,0.3453533849946034,2031
005/081-mft-ASAQ_50-ASPY75_50,79,0.4029514804181656,2031
005/081-mft-ASAQ_50-ASPY75_50,80,0.3070932628400596,2031
005/081-mft-ASAQ_50-ASPY75_50,81,0.4193888798961128,2031
005/081-mft-ASAQ_50-ASPY75_50,82,0.317398080245904,2031
005/081-mft-ASAQ_50-ASPY75_50,83,0.4680631316094792,2031
005/081-mft-ASAQ_50-ASPY75_50,84,0.419883674736274,2031
005/081-mft-ASAQ_50-ASPY75_50,85,0.42322025776043065,2031
005/081-mft-ASAQ_50-ASPY75_50,86,0.34208719413335653,2031
005/081-mft-ASAQ_50-ASPY75_50,87,0.4544106565657291,2031
005/081-mft-ASAQ_50-ASPY75_50,88,0.3752280294503601,2031
005/081-mft-ASAQ_50-ASPY75_50,89,0.4269293272327215,2031
005/081-mft-ASAQ_50-ASPY75_50,90,0.47197117433386504,2031
005/081-mft-ASAQ_50-ASPY75_50,91,0.393365294047046,2031
005/081-mft-ASAQ_50-ASPY75_50,92,0.38475154514752896,2031
005/081-mft-ASAQ_50-ASPY75_50,93,0.4176412114425478,2031
005/081-mft-ASAQ_50-ASPY75_50,94,0.3872934796665866,2031
005/081-mft-ASAQ_50-ASPY75_50,95,0.47959205849425524,2031
005/081-mft-ASAQ_50-ASPY75_50,96,0.31868299532384786,2031
005/081-mft-ASAQ_50-ASPY75_50,97,0.3253068542081781,2031
005/081-mft-ASAQ_50-ASPY75_50,98,0.4340525583754928,2031
005/081-mft-ASAQ_50-ASPY75_50,99,0.4849131325286202,2031
005/082-mft-ASAQ_50-ASPY65_50,0,0.453832413903751,2031
005/082-mft-ASAQ_50-ASPY65_50,1,0.5161353486464079,2031
005/082-mft-ASAQ_50-ASPY65_50,2,0.31296459466813054,2031
005/082-mft-ASAQ_50-ASPY65_50,3,0.35123811268003874,2031
005/082-mft-ASAQ_50-ASPY65_50,4,0.47491857043600444,2031
005/082-mft-ASAQ_50-ASPY65_50,5,0.4676946583760014,2031
005/082-mft-ASAQ_50-ASPY65_50,6,0.3883344464500212,2031
005/082-mft-ASAQ_50-ASPY65_50,7,0.38749030841515103,2031
005/082-mft-ASAQ_50-ASPY65_50,8,0.4319148592720117,2031
005/082-mft-ASAQ_50-ASPY65_50,9,0.4782885694175469,2031
005/082-mft-ASAQ_50-ASPY65_50,10,0.37577650761690795,2031
005/082-mft-ASAQ_50-ASPY65_50,11,0.3964894882857845,2031
005/082-mft-ASAQ_50-ASPY65_50,12,0.41242950652636984,2031
005/082-mft-ASAQ_50-ASPY65_50,13,0.459448752672967,2031
005/082-mft-ASAQ_50-ASPY65_50,14,0.3556810071411686,2031
005/082-mft-ASAQ_50-ASPY65_50,15,0.4952875211053402,2031
005/082-mft-ASAQ_50-ASPY65_50,16,0.3767476264730318,2031
005/082-mft-ASAQ_50-ASPY65_50,17,0.5038930435031077,2031
005/082-mft-ASAQ_50-ASPY65_50,18,0.3411387254712365,2031
005/082-mft-ASAQ_50-ASPY65_50,19,0.36206548661919546,2031
005/082-mft-ASAQ_50-ASPY65_50,20,0.3489480161524843,2031
005/082-mft-ASAQ_50-ASPY65_50,21,0.48746929102697095,2031
005/082-mft-ASAQ_50-ASPY65_50,22,0.3802166959659839,2031
005/082-mft-ASAQ_50-ASPY65_50,23,0.364667282208724,2031
005/082-mft-ASAQ_50-ASPY65_50,24,0.516858641979659,2031
005/082-mft-ASAQ_50-ASPY65_50,25,0.4317735631312461,2031
005/082-mft-ASAQ_50-ASPY65_50,26,0.39511885692001686,2031
005/082-mft-ASAQ_50-ASPY65_50,27,0.4367339054087637,2031
005/082-mft-ASAQ_50-ASPY65_50,28,0.4477888239865027,2031
005/082-mft-ASAQ_50-ASPY65_50,29,0.46025117681757804,2031
005/082-mft-ASAQ_50-ASPY65_50,30,0.5399979175943324,2031
005/082-mft-ASAQ_50-ASPY65_50,31,0.38214146956086953,2031
005/082-mft-ASAQ_50-ASPY65_50,32,0.470045707829074,2031
005/082-mft-ASAQ_50-ASPY65_50,33,0.3972933725508692,2031
005/082-mft-ASAQ_50-ASPY65_50,34,0.4098843805417654,2031
005/082-mft-ASAQ_50-ASPY65_50,35,0.4060437391404565,2031
005/082-mft-ASAQ_50-ASPY65_50,36,0.3928154604429745,2031
005/082-mft-ASAQ_50-ASPY65_50,37,0.45325632048147285,2031
005/082-mft-ASAQ_50-ASPY65_50,38,0.4549529833062318,2031
005/082-mft-ASAQ_50-ASPY65_50,39,0.3729828274133579,2031
005/082-mft-ASAQ_50-ASPY65_50,40,0.3870088144644581,2031
005/082-mft-ASAQ_50-ASPY65_50,41,0.4021870820976449,2031
005/082-mft-ASAQ_50-ASPY65_50,42,0.4007235039168196,2031
005/082-mft-ASAQ_50-ASPY65_50,43,0.5081471218810254,2031
005/082-mft-ASAQ_50-ASPY65_50,44,0.3129063318807734,2031
005/082-mft-ASAQ_50-ASPY65_50,45,0.3931851531952379,2031
005/082-mft-ASAQ_50-ASPY65_50,46,0.4087420496256035,2031
005/082-mft-ASAQ_50-ASPY65_50,47,0.5142835574567599,2031
005/082-mft-ASAQ_50-ASPY65_50,48,0.6142528024711965,2031
005/082-mft-ASAQ_50-ASPY65_50,49,0.42282700098308806,2031
005/082-mft-ASAQ_50-ASPY65_50,50,0.47665405966446545,2031
005/082-mft-ASAQ_50-ASPY65_50,51,0.45845536297712014,2031
005/082-mft-ASAQ_50-ASPY65_50,52,0.42083739401534914,2031
005/082-mft-ASAQ_50-ASPY65_50,53,0.38349561690606965,2031
005/082-mft-ASAQ_50-ASPY65_50,54,0.4044912069643978,2031
005/082-mft-ASAQ_50-ASPY65_50,55,0.44891258309538956,2031
005/082-mft-ASAQ_50-ASPY65_50,56,0.3881479051237428,2031
005/082-mft-ASAQ_50-ASPY65_50,57,0.3736378842705852,2031
005/082-mft-ASAQ_50-ASPY65_50,58,0.4303690279637948,2031
005/082-mft-ASAQ_50-ASPY65_50,59,0.4061798441502695,2031
005/082-mft-ASAQ_50-ASPY65_50,60,0.463794118003691,2031
005/082-mft-ASAQ_50-ASPY65_50,61,0.4726245634289545,2031
005/082-mft-ASAQ_50-ASPY65_50,62,0.3582645936099866,2031
005/082-mft-ASAQ_50-ASPY65_50,63,0.39016657551188744,2031
005/082-mft-ASAQ_50-ASPY65_50,64,0.5034234884479617,2031
005/082-mft-ASAQ_50-ASPY65_50,65,0.4019073655974627,2031
005/082-mft-ASAQ_50-ASPY65_50,66,0.42470160219757896,2031
005/082-mft-ASAQ_50-ASPY65_50,67,0.437423407176648,2031
005/082-mft-ASAQ_50-ASPY65_50,68,0.4640556203173247,2031
005/082-mft-ASAQ_50-ASPY65_50,69,0.31511693326623536,2031
005/082-mft-ASAQ_50-ASPY65_50,70,0.4678877693776055,2031
005/082-mft-ASAQ_50-ASPY65_50,71,0.5098344305346958,2031
005/082-mft-ASAQ_50-ASPY65_50,72,0.44270513898581193,2031
005/082-mft-ASAQ_50-ASPY65_50,73,0.40472611489450244,2031
005/082-mft-ASAQ_50-ASPY65_50,74,0.37930094277356,2031
005/082-mft-ASAQ_50-ASPY65_50,75,0.38499274103782244,2031
005/082-mft-ASAQ_50-ASPY65_50,76,0.41052157738862566,2031
005/082-mft-ASAQ_50-ASPY65_50,77,0.3324369914962197,2031
005/082-mft-ASAQ_50-ASPY65_50,78,0.4248513829339657,2031
005/082-mft-ASAQ_50-ASPY65_50,79,0.374128809352209,2031
005/082-mft-ASAQ_50-ASPY65_50,80,0.5473196616079309,2031
005/082-mft-ASAQ_50-ASPY65_50,81,0.34905630008154914,2031
005/082-mft-ASAQ_50-ASPY65_50,82,0.4167461830302992,2031
005/082-mft-ASAQ_50-ASPY65_50,83,0.4346645933010873,2031
005/082-mft-ASAQ_50-ASPY65_50,84,0.4361475661068322,2031
005/082-mft-ASAQ_50-ASPY65_50,85,0.5767531255031938,2031
005/082-mft-ASAQ_50-ASPY65_50,86,0.44558793725920715,2031
005/082-mft-ASAQ_50-ASPY65_50,87,0.371530408411733,2031
005/082-mft-ASAQ_50-ASPY65_50,88,0.41345854226548634,2031
005/082-mft-ASAQ_50-ASPY65_50,89,0.5207188450011597,2031
005/082-mft-ASAQ_50-ASPY65_50,90,0.45874247359273196,2031
005/082-mft-ASAQ_50-ASPY65_50,91,0.40589539805794067,2031
005/082-mft-ASAQ_50-ASPY65_50,92,0.4790752301752312,2031
005/082-mft-ASAQ_50-ASPY65_50,93,0.3783744736588795,2031
005/082-mft-ASAQ_50-ASPY65_50,94,0.42597779335634817,2031
005/082-mft-ASAQ_50-ASPY65_50,95,0.4358386454952828,2031
005/082-mft-ASAQ_50-ASPY65_50,96,0.48640723699895444,2031
005/082-mft-ASAQ_50-ASPY65_50,97,0.34930224888002903,2031
005/082-mft-ASAQ_50-ASPY65_50,98,0.39431600623305063,2031
005/082-mft-ASAQ_50-ASPY65_50,99,0.4629802067164139,2031
005/083-mft-AL-DHAPPQ-ASPY85,0,0.4852697636153336,2031
005/083-mft-AL-DHAPPQ-ASPY85,1,0.5836522961475558,2031
005/083-mft-AL-DHAPPQ-ASPY85,2,0.4343629065688092,2031
005/083-mft-AL-DHAPPQ-ASPY85,3,0.5256300989739864,2031
005/083-mft-AL-DHAPPQ-ASPY85,4,0.5760593277034283,2031
005/083-mft-AL-DHAPPQ-ASPY85,5,0.5374844202837383,2031
005/083-mft-AL-DHAPPQ-ASPY85,6,0.6506077208292899,2031
005/083-mft-AL-DHAPPQ-ASPY85,7,0.5124418549198323,2031
005/083-mft-AL-DHAPPQ-ASPY85,8,0.5395259678975812,2031
005/083-mft-AL-DHAPPQ-ASPY85,9,0.5183428000720127,2031
005/083-mft-AL-DHAPPQ-ASPY85,10,0.5900901485993189,2031
005/083-mft-AL-DHAPPQ-ASPY85,11,0.5798900387870324,2031
005/083-mft-AL-DHAPPQ-ASPY85,12,0.4777026338772155,2031
005/083-mft-AL-DHAPPQ-ASPY85,13,0.6373257760576757,2031
005/083-mft-AL-DHAPPQ-ASPY85,14,0.5462341611616617,2031
005/083-mft-AL-DHAPPQ-ASPY85,15,0.5224435610477322,2031
005/083-mft-AL-DHAPPQ-ASPY85,16,0.48480640415305504,2031
005/083-mft-AL-DHAPPQ-ASPY85,17,0.5840730966677988,2031
005/083-mft-AL-DHAPPQ-ASPY85,18,0.6418309614779796,2031
005/083-mft-AL-DHAPPQ-ASPY85,19,0.5019295250410412,2031
005/083-mft-AL-DHAPPQ-ASPY85,20,0.5332362231877038,2031
005/083-mft-AL-DHAPPQ-ASPY85,21,0.49727384641321465,2031
005/083-mft-AL-DHAPPQ-ASPY85,22,0.5228895320732648,2031
005/083-mft-AL-DHAPPQ-ASPY85,23,0.5417877422572269,2031
005/083-mft-AL-DHAPPQ-ASPY85,24,0.535975550523381,2031
005/083-mft-AL-DHAPPQ-ASPY85,25,0.5139375809470224,2031
005/083-mft-AL-DHAPPQ-ASPY85,26,0.4917672496606285,2031
005/083-mft-AL-DHAPPQ-ASPY85,27,0.6206614400243086,2031
005/083-mft-AL-DHAPPQ-ASPY85,28,0.5504024487649023,2031
005/083-mft-AL-DHAPPQ-ASPY85,29,0.5947461873659279,2031
005/083-mft-AL-DHAPPQ-ASPY85,30,0.6977201993502007,2031
005/083-mft-AL-DHAPPQ-ASPY85,31,0.5963402062699428,2031
005/083-mft-AL-DHAPPQ-ASPY85,32,0.6496816326349127,2031
005/083-mft-AL-DHAPPQ-ASPY85,33,0.5932949256696327,2031
005/083-mft-AL-DHAPPQ-ASPY85,34,0.4678065162245571,2031
005/083-mft-AL-DHAPPQ-ASPY85,35,0.48196879341498505,2031
005/083-mft-AL-DHAPPQ-ASPY85,36,0.5440758251107288,2031
005/083-mft-AL-DHAPPQ-ASPY85,37,0.5837391148927031,2031
005/083-mft-AL-DHAPPQ-ASPY85,38,0.44231210027411144,2031
005/083-mft-AL-DHAPPQ-ASPY85,39,0.561788169336473,2031
005/083-mft-AL-DHAPPQ-ASPY85,40,0.6703886117107561,2031
005/083-mft-AL-DHAPPQ-ASPY85,41,0.5248234671110757,2031
005/083-mft-AL-DHAPPQ-ASPY85,42,0.5650782804539168,2031
005/083-mft-AL-DHAPPQ-ASPY85,43,0.5215901551331457,2031
005/083-mft-AL-DHAPPQ-ASPY85,44,0.5786716474609797,2031
005/083-mft-AL-DHAPPQ-ASPY85,45,0.4796229596438393,2031
005/083-mft-AL-DHAPPQ-ASPY85,46,0.5371135189279164,2031
005/083-mft-AL-DHAPPQ-ASPY85,47,0.5760972429924968,2031
005/083-mft-AL-DHAPPQ-ASPY85,48,0.6747319743024812,2031
005/083-mft-AL-DHAPPQ-ASPY85,49,0.5031484437477443,2031
005/083-mft-AL-DHAPPQ-ASPY85,50,0.5277176600020005,2031
005/083-mft-AL-DHAPPQ-ASPY85,51,0.5645088317820802,2031
005/083-mft-AL-DHAPPQ-ASPY85,52,0.463779720547093,2031
005/083-mft-AL-DHAPPQ-ASPY85,53,0.5394253238095127,2031
005/083-mft-AL-DHAPPQ-ASPY85,54,0.6533294363577863,2031
005/083-mft-AL-DHAPPQ-ASPY85,55,0.6401708574332118,2031
005/083-mft-AL-DHAPPQ-ASPY85,56,0.4973686711708885,2031
005/083-mft-AL-DHAPPQ-ASPY85,57,0.4253627443581807,2031
005/083-mft-AL-DHAPPQ-ASPY85,58,0.6347468037747991,2031
005/083-mft-AL-DHAPPQ-ASPY85,59,0.6131131952776356,2031
005/083-mft-AL-DHAPPQ-ASPY85,60,0.47297565828699467,2031
005/083-mft-AL-DHAPPQ-ASPY85,61,0.5492890151698927,2031
005/083-mft-AL-DHAPPQ-ASPY85,62,0.5268695020449331,2031
005/083-mft-AL-DHAPPQ-ASPY85,63,0.4771298549340513,2031
005/083-mft-AL-DHAPPQ-ASPY85,64,0.5734956920764821,2031
005/083-mft-AL-DHAPPQ-ASPY85,65,0.5745698010762653,2031
005/083-mft-AL-DHAPPQ-ASPY85,66,0.6119519011486709,2031
005/083-mft-AL-DHAPPQ-ASPY85,67,0.5158368999381013,2031
005/083-mft-AL-DHAPPQ-ASPY85,68,0.5398322336561059,2031
005/083-mft-AL-DHAPPQ-ASPY85,69,0.4840458342523639,2031
005/083-mft-AL-DHAPPQ-ASPY85,70,0.5279850006504815,2031
005/083-mft-AL-DHAPPQ-ASPY85,71,0.5868962151302936,2031
005/083-mft-AL-DHAPPQ-ASPY85,72,0.512873487857621,2031
005/083-mft-AL-DHAPPQ-ASPY85,73,0.5130800615274359,2031
005/083-mft-AL-DHAPPQ-ASPY85,74,0.6633619914076035,2031
005/083-mft-AL-DHAPPQ-ASPY85,75,0.5085113686047982,2031
005/083-mft-AL-DHAPPQ-ASPY85,76,0.5599520997925743,2031
005/083-mft-AL-DHAPPQ-ASPY85,77,0.5602623537568032,2031
005/083-mft-AL-DHAPPQ-ASPY85,78,0.5353993332448006,2031
005/083-mft-AL-DHAPPQ-ASPY85,79,0.5262053799441826,2031
005/083-mft-AL-DHAPPQ-ASPY85,80,0.6368964586764626,2031
005/083-mft-AL-DHAPPQ-ASPY85,81,0.6048765017267906,2031
005/083-mft-AL-DHAPPQ-ASPY85,82,0.633951556950752,2031
005/083-mft-AL-DHAPPQ-ASPY85,83,0.5900002100131861,2031
005/083-mft-AL-DHAPPQ-ASPY85,84,0.4044155149474187,2031
005/083-mft-AL-DHAPPQ-ASPY85,85,0.5976533989232933,2031
005/083-mft-AL-DHAPPQ-ASPY85,86,0.5319317214975755,2031
005/083-mft-AL-DHAPPQ-ASPY85,87,0.5946531139153934,2031
005/083-mft-AL-DHAPPQ-ASPY85,88,0.5933325122256888,2031
005/083-mft-AL-DHAPPQ-ASPY85,89,0.6398486878651145,2031
005/083-mft-AL-DHAPPQ-ASPY85,90,0.6044314600413704,2031
005/083-mft-AL-DHAPPQ-ASPY85,91,0.5288892316411423,2031
005/083-mft-AL-DHAPPQ-ASPY85,92,0.6079647951612069,2031
005/083-mft-AL-DHAPPQ-ASPY85,93,0.4228534779282655,2031
005/083-mft-AL-DHAPPQ-ASPY85,94,0.5681626466964472,2031
005/083-mft-AL-DHAPPQ-ASPY85,95,0.5413861882087547,2031
005/083-mft-AL-DHAPPQ-ASPY85,96,0.5803818883216258,2031
005/083-mft-AL-DHAPPQ-ASPY85,97,0.6111203078732833,2031
005/083-mft-AL-DHAPPQ-ASPY85,98,0.5670827933511774,2031
005/083-mft-AL-DHAPPQ-ASPY85,99,0.6099640520236173,2031
005/084-mft-AL-DHAPPQ-ASPY75,0,0.5598101042424707,2031
005/084-mft-AL-DHAPPQ-ASPY75,1,0.5315579466158525,2031
005/084-mft-AL-DHAPPQ-ASPY75,2,0.5989437490920722,2031
005/084-mft-AL-DHAPPQ-ASPY75,3,0.6248172171757659,2031
005/084-mft-AL-DHAPPQ-ASPY75,4,0.5569414752871251,2031
005/084-mft-AL-DHAPPQ-ASPY75,5,0.49398227162205216,2031
005/084-mft-AL-DHAPPQ-ASPY75,6,0.5523128769240234,2031
005/084-mft-AL-DHAPPQ-ASPY75,7,0.6223158895066643,2031
005/084-mft-AL-DHAPPQ-ASPY75,8,0.5311930772009245,2031
005/084-mft-AL-DHAPPQ-ASPY75,9,0.4889645912318575,2031
005/084-mft-AL-DHAPPQ-ASPY75,10,0.49500904821387887,2031
005/084-mft-AL-DHAPPQ-ASPY75,11,0.5915524858466682,2031
005/084-mft-AL-DHAPPQ-ASPY75,12,0.6578335328154109,2031
005/084-mft-AL-DHAPPQ-ASPY75,13,0.5912607949465921,2031
005/084-mft-AL-DHAPPQ-ASPY75,14,0.5632146223426652,2031
005/084-mft-AL-DHAPPQ-ASPY75,15,0.6459360116407408,2031
005/084-mft-AL-DHAPPQ-ASPY75,16,0.6533946290130838,2031
005/084-mft-AL-DHAPPQ-ASPY75,17,0.6186875886043807,2031
005/084-mft-AL-DHAPPQ-ASPY75,18,0.5658551712802015,2031
005/084-mft-AL-DHAPPQ-ASPY75,19,0.48312190572392116,2031
005/084-mft-AL-DHAPPQ-ASPY75,20,0.5770063063234262,2031
005/084-mft-AL-DHAPPQ-ASPY75,21,0.5096871557554188,2031
005/084-mft-AL-DHAPPQ-ASPY75,22,0.6302676794953838,2031
005/084-mft-AL-DHAPPQ-ASPY75,23,0.6027593110034773,2031
005/084-mft-AL-DHAPPQ-ASPY75,24,0.4945191878650772,2031
005/084-mft-AL-DHAPPQ-ASPY75,25,0.5777319379531589,2031
005/084-mft-AL-DHAPPQ-ASPY75,26,0.543008722955728,2031
005/084-mft-AL-DHAPPQ-ASPY75,27,0.44398462910100905,2031
005/084-mft-AL-DHAPPQ-ASPY75,28,0.5280524471868063,2031
005/084-mft-AL-DHAPPQ-ASPY75,29,0.5783954261125505,2031
005/084-mft-AL-DHAPPQ-ASPY75,30,0.6205116098196778,2031
005/084-mft-AL-DHAPPQ-ASPY75,31,0.5746536810880278,2031
005/084-mft-AL-DHAPPQ-ASPY75,32,0.6475305219665737,2031
005/084-mft-AL-DHAPPQ-ASPY75,33,0.6715679187700158,2031
005/084-mft-AL-DHAPPQ-ASPY75,34,0.6796777322848518,2031
005/084-mft-AL-DHAPPQ-ASPY75,35,0.6250196758653673,2031
005/084-mft-AL-DHAPPQ-ASPY75,36,0.5469230626894913,2031
005/084-mft-AL-DHAPPQ-ASPY75,37,0.5859978408952305,2031
005/084-mft-AL-DHAPPQ-ASPY75,38,0.548779704639249,2031
005/084-mft-AL-DHAPPQ-ASPY75,39,0.49596912155136114,2031
005/084-mft-AL-DHAPPQ-ASPY75,40,0.6658964556678985,2031
005/084-mft-AL-DHAPPQ-ASPY75,41,0.563741063994633,2031
005/084-mft-AL-DHAPPQ-ASPY75,42,0.6746732739962704,2031
005/084-mft-AL-DHAPPQ-ASPY75,43,0.5833536094383788,2031
005/084-mft-AL-DHAPPQ-ASPY75,44,0.555254130939988,2031
005/084-mft-AL-DHAPPQ-ASPY75,45,0.518846238423529,2031
005/084-mft-AL-DHAPPQ-ASPY75,46,0.5937802802516693,2031
005/084-mft-AL-DHAPPQ-ASPY75,47,0.5602041146747442,2031
005/084-mft-AL-DHAPPQ-ASPY75,48,0.5714888032707425,2031
005/084-mft-AL-DHAPPQ-ASPY75,49,0.5409000685944599,2031
005/084-mft-AL-DHAPPQ-ASPY75,50,0.528577517875617,2031
005/084-mft-AL-DHAPPQ-ASPY75,51,0.562777576038013,2031
005/084-mft-AL-DHAPPQ-ASPY75,52,0.505630696338908,2031
005/084-mft-AL-DHAPPQ-ASPY75,53,0.5941389881068101,2031
005/084-mft-AL-DHAPPQ-ASPY75,54,0.6223445688812913,2031
005/084-mft-AL-DHAPPQ-ASPY75,55,0.5667517950574643,2031
005/084-mft-AL-DHAPPQ-ASPY75,56,0.6242492122942838,2031
005/084-mft-AL-DHAPPQ-ASPY75,57,0.5125303915458271,2031
005/084-mft-AL-DHAPPQ-ASPY75,58,0.5227869838365669,2031
005/084-mft-AL-DHAPPQ-ASPY75,59,0.520529862573388,2031
005/084-mft-AL-DHAPPQ-ASPY75,60,0.6412071690572704,2031
005/084-mft-AL-DHAPPQ-ASPY75,61,0.36465349492337173,2031
005/084-mft-AL-DHAPPQ-ASPY75,62,0.3653126486542075,2031
005/084-mft-AL-DHAPPQ-ASPY75,63,0.5094504245837254,2031
005/084-mft-AL-DHAPPQ-ASPY75,64,0.5874099636488449,2031
005/084-mft-AL-DHAPPQ-ASPY75,65,0.6377786244854923,2031
005/084-mft-AL-DHAPPQ-ASPY75,66,0.47451593403821923,2031
005/084-mft-AL-DHAPPQ-ASPY75,67,0.5091451082523699,2031
005/084-mft-AL-DHAPPQ-ASPY75,68,0.548934768456585,2031
005/084-mft-AL-DHAPPQ-ASPY75,69,0.5814678179296161,2031
005/084-mft-AL-DHAPPQ-ASPY75,70,0.4805732247141916,2031
005/084-mft-AL-DHAPPQ-ASPY75,71,0.5035739258816646,2031
005/084-mft-AL-DHAPPQ-ASPY75,72,0.5466242244054449,2031
005/084-mft-AL-DHAPPQ-ASPY75,73,0.4737394769560601,2031
005/084-mft-AL-DHAPPQ-ASPY75,74,0.6028488054992144,2031
005/084-mft-AL-DHAPPQ-ASPY75,75,0.5748632994998845,2031
005/084-mft-AL-DHAPPQ-ASPY75,76,0.4594149025640453,2031
005/084-mft-AL-DHAPPQ-ASPY75,77,0.5160420129347091,2031
005/084-mft-AL-DHAPPQ-ASPY75,78,0.5960587651648086,2031
005/084-mft-AL-DHAPPQ-ASPY75,79,0.5474175026887563,2031
005/084-mft-AL-DHAPPQ-ASPY75,80,0.5917300092081293,2031
005/084-mft-AL-DHAPPQ-ASPY75,81,0.45658768001786026,2031
005/084-mft-AL-DHAPPQ-ASPY75,82,0.5207154119794972,2031
005/084-mft-AL-DHAPPQ-ASPY75,83,0.599858853956186,2031
005/084-mft-AL-DHAPPQ-ASPY75,84,0.5640718401462659,2031
005/084-mft-AL-DHAPPQ-ASPY75,85,0.4715194881629378,2031
005/084-mft-AL-DHAPPQ-ASPY75,86,0.6385311202178086,2031
005/084-mft-AL-DHAPPQ-ASPY75,87,0.5001744100670488,2031
005/084-mft-AL-DHAPPQ-ASPY75,88,0.48294180762582384,2031
005/084-mft-AL-DHAPPQ-ASPY75,89,0.48732339447146017,2031
005/084-mft-AL-DHAPPQ-ASPY75,90,0.6520294368941851,2031
005/084-mft-AL-DHAPPQ-ASPY75,91,0.4945630832024128,2031
005/084-mft-AL-DHAPPQ-ASPY75,92,0.6117757183996623,2031
005/084-mft-AL-DHAPPQ-ASPY75,93,0.556307348190591,2031
005/084-mft-AL-DHAPPQ-ASPY75,94,0.47924862169960325,2031
005/084-mft-AL-DHAPPQ-ASPY75,95,0.5378694591090744,2031
005/084-mft-AL-DHAPPQ-ASPY75,96,0.5471954412909512,2031
005/084-mft-AL-DHAPPQ-ASPY75,97,0.5241296231229341,2031
005/084-mft-AL-DHAPPQ-ASPY75,98,0.6400600380501217,2031
005/084-mft-AL-DHAPPQ-ASPY75,99,0.5774225934254558,2031
005/085-mft-AL-DHAPPQ-ASPY65,0,0.6489673296526645,2031
005/085-mft-AL-DHAPPQ-ASPY65,1,0.5649055602147371,2031
005/085-mft-AL-DHAPPQ-ASPY65,2,0.4914523350074354,2031
005/085-mft-AL-DHAPPQ-ASPY65,3,0.5585435145422198,2031
005/085-mft-AL-DHAPPQ-ASPY65,4,0.5621962540707525,2031
005/085-mft-AL-DHAPPQ-ASPY65,5,0.530012405298382,2031
005/085-mft-AL-DHAPPQ-ASPY65,6,0.5434493475323438,2031
005/085-mft-AL-DHAPPQ-ASPY65,7,0.5025885260032021,2031
005/085-mft-AL-DHAPPQ-ASPY65,8,0.585761276142969,2031
005/085-mft-AL-DHAPPQ-ASPY65,9,0.5577976414904685,2031
005/085-mft-AL-DHAPPQ-ASPY65,10,0.5395644019168634,2031
005/085-mft-AL-DHAPPQ-ASPY65,11,0.4900415116778755,2031
005/085-mft-AL-DHAPPQ-ASPY65,12,0.5402926976860009,2031
005/085-mft-AL-DHAPPQ-ASPY65,13,0.48862656664267473,2031
005/085-mft-AL-DHAPPQ-ASPY65,14,0.5909146333919334,2031
005/085-mft-AL-DHAPPQ-ASPY65,15,0.5591941570738778,2031
005/085-mft-AL-DHAPPQ-ASPY65,16,0.4584282894170451,2031
005/085-mft-AL-DHAPPQ-ASPY65,17,0.6362024513268373,2031
005/085-mft-AL-DHAPPQ-ASPY65,18,0.5725671922368377,2031
005/085-mft-AL-DHAPPQ-ASPY65,19,0.5453894440046291,2031
005/085-mft-AL-DHAPPQ-ASPY65,20,0.6457361424589176,2031
005/085-mft-AL-DHAPPQ-ASPY65,21,0.5493403251559469,2031
005/085-mft-AL-DHAPPQ-ASPY65,22,0.5874371985787437,2031
005/085-mft-AL-DHAPPQ-ASPY65,23,0.49051912110080303,2031
005/085-mft-AL-DHAPPQ-ASPY65,24,0.500459728458969,2031
005/085-mft-AL-DHAPPQ-ASPY65,25,0.48344462098205493,2031
005/085-mft-AL-DHAPPQ-ASPY65,26,0.6205557392156572,2031
005/085-mft-AL-DHAPPQ-ASPY65,27,0.5430995929966128,2031
005/085-mft-AL-DHAPPQ-ASPY65,28,0.5747440920251857,2031
005/085-mft-AL-DHAPPQ-ASPY65,29,0.6633327939438786,2031
005/085-mft-AL-DHAPPQ-ASPY65,30,0.5957392461658846,2031
005/085-mft-AL-DHAPPQ-ASPY65,31,0.5045168695095821,2031
005/085-mft-AL-DHAPPQ-ASPY65,32,0.5616807437505574,2031
005/085-mft-AL-DHAPPQ-ASPY65,33,0.4721831607080749,2031
005/085-mft-AL-DHAPPQ-ASPY65,34,0.5129878789743156,2031
005/085-mft-AL-DHAPPQ-ASPY65,35,0.5520585186146816,2031
005/085-mft-AL-DHAPPQ-ASPY65,36,0.604563004707596,2031
005/085-mft-AL-DHAPPQ-ASPY65,37,0.4999800797622322,2031
005/085-mft-AL-DHAPPQ-ASPY65,38,0.4766351890977265,2031
005/085-mft-AL-DHAPPQ-ASPY65,39,0.5825522057880125,2031
005/085-mft-AL-DHAPPQ-ASPY65,40,0.47207639949773045,2031
005/085-mft-AL-DHAPPQ-ASPY65,41,0.4775723749564813,2031
005/085-mft-AL-DHAPPQ-ASPY65,42,0.4578535002368465,2031
005/085-mft-AL-DHAPPQ-ASPY65,43,0.5705456197677409,2031
005/085-mft-AL-DHAPPQ-ASPY65,44,0.5698450759868124,2031
005/085-mft-AL-DHAPPQ-ASPY65,45,0.5777037248212931,2031
005/085-mft-AL-DHAPPQ-ASPY65,46,0.6357172668465598,2031
005/085-mft-AL-DHAPPQ-ASPY65,47,0.6234931047926423,2031
005/085-mft-AL-DHAPPQ-ASPY65,48,0.5385273320499412,2031
005/085-mft-AL-DHAPPQ-ASPY65,49,0.5728680614845844,2031
005/085-mft-AL-DHAPPQ-ASPY65,50,0.6369768559438822,2031
005/085-mft-AL-DHAPPQ-ASPY65,51,0.5042496885690848,2031
005/085-mft-AL-DHAPPQ-ASPY65,52,0.6732330007004103,2031
005/085-mft-AL-DHAPPQ-ASPY65,53,0.5788405195623055,2031
005/085-mft-AL-DHAPPQ-ASPY65,54,0.58832591294152,2031
005/085-mft-AL-DHAPPQ-ASPY65,55,0.46676925148755743,2031
005/085-mft-AL-DHAPPQ-ASPY65,56,0.5799438287995672,2031
005/085-mft-AL-DHAPPQ-ASPY65,57,0.6101588095836242,2031
005/085-mft-AL-DHAPPQ-ASPY65,58,0.5793143907829498,2031
005/085-mft-AL-DHAPPQ-ASPY65,59,0.5721165893309403,2031
005/085-mft-AL-DHAPPQ-ASPY65,60,0.5133305209922441,2031
005/085-mft-AL-DHAPPQ-ASPY65,61,0.5840597653212188,2031
005/085-mft-AL-DHAPPQ-ASPY65,62,0.5048715152091862,2031
005/085-mft-AL-DHAPPQ-ASPY65,63,0.5956628310163685,2031
005/085-mft-AL-DHAPPQ-ASPY65,64,0.6276362390060227,2031
005/085-mft-AL-DHAPPQ-ASPY65,65,0.6329533729819865,2031
005/085-mft-AL-DHAPPQ-ASPY65,66,0.5561232391521035,2031
005/085-mft-AL-DHAPPQ-ASPY65,67,0.6146689191800335,2031
005/085-mft-AL-DHAPPQ-ASPY65,68,0.6813366854047117,2031
005/085-mft-AL-DHAPPQ-ASPY65,69,0.6522334196767755,2031
005/085-mft-AL-DHAPPQ-ASPY65,70,0.49192651434908724,2031
005/085-mft-AL-DHAPPQ-ASPY65,71,0.5395159909602598,2031
005/085-mft-AL-DHAPPQ-ASPY65,72,0.6680944256333182,2031
005/085-mft-AL-DHAPPQ-ASPY65,73,0.5994110930052902,2031
005/085-mft-AL-DHAPPQ-ASPY65,74,0.5674515144964705,2031
005/085-mft-AL-DHAPPQ-ASPY65,75,0.6579541780224406,2031
005/085-mft-AL-DHAPPQ-ASPY65,76,0.5640132130762862,2031
005/085-mft-AL-DHAPPQ-ASPY65,77,0.6213313820284442,2031
005/085-mft-AL-DHAPPQ-ASPY65,78,0.608909747715352,2031
005/085-mft-AL-DHAPPQ-ASPY65,79,0.699318273288679,2031
005/085-mft-AL-DHAPPQ-ASPY65,80,0.5082010858490849,2031
005/085-mft-AL-DHAPPQ-ASPY65,81,0.620278606412509,2031
005/085-mft-AL-DHAPPQ-ASPY65,82,0.5629993136351455,2031
005/085-mft-AL-DHAPPQ-ASPY65,83,0.666232199538379,2031
005/085-mft-AL-DHAPPQ-ASPY65,84,0.5899516914341577,2031
005/085-mft-AL-DHAPPQ-ASPY65,85,0.5873856060322987,2031
005/085-mft-AL-DHAPPQ-ASPY65,86,0.6368858267073946,2031
005/085-mft-AL-DHAPPQ-ASPY65,87,0.5562104290796234,2031
005/085-mft-AL-DHAPPQ-ASPY65,88,0.6614256978644972,2031
005/085-mft-AL-DHAPPQ-ASPY65,89,0.5470792482772716,2031
005/085-mft-AL-DHAPPQ-ASPY65,90,0.6255411673953727,2031
005/085-mft-AL-DHAPPQ-ASPY65,91,0.5306074717154783,2031
005/085-mft-AL-DHAPPQ-ASPY65,92,0.5557848354486296,2031
005/085-mft-AL-DHAPPQ-ASPY65,93,0.5360886745120035,2031
005/085-mft-AL-DHAPPQ-ASPY65,94,0.5490110957188242,2031
005/085-mft-AL-DHAPPQ-ASPY65,95,0.5142569175306025,2031
005/085-mft-AL-DHAPPQ-ASPY65,96,0.5642794929292118,2031
005/085-mft-AL-DHAPPQ-ASPY65,97,0.45435831125075504,2031
005/085-mft-AL-DHAPPQ-ASPY65,98,0.5773337194804647,2031
005/085-mft-AL-DHAPPQ-ASPY65,99,0.43487259645185977,2031
005/086-mft-ASAQ-DHAPPQ-ASPY85,0,0.5120884498682244,2031
005/086-mft-ASAQ-DHAPPQ-ASPY85,1,0.4227363145697463,2031
005/086-mft-ASAQ-DHAPPQ-ASPY85,2,0.37907363157648377,2031
005/086-mft-ASAQ-DHAPPQ-ASPY85,3,0.42689102010290986,2031
005/086-mft-ASAQ-DHAPPQ-ASPY85,4,0.35426413325774586,2031
005/086-mft-ASAQ-DHAPPQ-ASPY85,5,0.5053308069959112,2031
005/086-mft-ASAQ-DHAPPQ-ASPY85,6,0.47990982694523027,2031
005/086-mft-ASAQ-DHAPPQ-ASPY85,7,0.35977086926559654,2031
005/086-mft-ASAQ-DHAPPQ-ASPY85,8,0.3953550756341559,2031
005/086-mft-ASAQ-DHAPPQ-ASPY85,9,0.4807786909336649,2031
005/086-mft-ASAQ-DHAPPQ-ASPY85,10,0.41214531319222497,2031
005/086-mft-ASAQ-DHAPPQ-ASPY85,11,0.3810168261874894,2031
005/086-mft-ASAQ-DHAPPQ-ASPY85,12,0.3799395360434627,2031
005/086-mft-ASAQ-DHAPPQ-ASPY85,13,0.45033581851785476,2031
005/086-mft-ASAQ-DHAPPQ-ASPY85,14,0.5130567214130614,2031
005/086-mft-ASAQ-DHAPPQ-ASPY85,15,0.4700853011155601,2031
005/086-mft-ASAQ-DHAPPQ-ASPY85,16,0.4611297535274111,2031
005/086-mft-ASAQ-DHAPPQ-ASPY85,17,0.4220265050465919,2031
005/086-mft-ASAQ-DHAPPQ-ASPY85,18,0.4473286649764079,2031
005/086-mft-ASAQ-DHAPPQ-ASPY85,19,0.4432933211761081,2031
005/086-mft-ASAQ-DHAPPQ-ASPY85,20,0.3564629103743386,2031
005/086-mft-ASAQ-DHAPPQ-ASPY85,21,0.3980704316458438,2031
005/086-mft-ASAQ-DHAPPQ-ASPY85,22,0.38426673787823856,2031
005/086-mft-ASAQ-DHAPPQ-ASPY85,23,0.4953936013353743,2031
005/086-mft-ASAQ-DHAPPQ-ASPY85,24,0.49749556876887874,2031
005/086-mft-ASAQ-DHAPPQ-ASPY85,25,0.4809358247131755,2031
005/086-mft-ASAQ-DHAPPQ-ASPY85,26,0.35161747112345837,2031
005/086-mft-ASAQ-DHAPPQ-ASPY85,27,0.4480442452156212,2031
005/086-mft-ASAQ-DHAPPQ-ASPY85,28,0.40318218620686297,2031
005/086-mft-ASAQ-DHAPPQ-ASPY85,29,0.39248634717624725,2031
005/086-mft-ASAQ-DHAPPQ-ASPY85,30,0.44533193387936,2031
005/086-mft-ASAQ-DHAPPQ-ASPY85,31,0.31136208798764947,2031
005/086-mft-ASAQ-DHAPPQ-ASPY85,32,0.4234196530909781,2031
005/086-mft-ASAQ-DHAPPQ-ASPY85,33,0.4093131688008827,2031
005/086-mft-ASAQ-DHAPPQ-ASPY85,34,0.4491629160920621,2031
005/086-mft-ASAQ-DHAPPQ-ASPY85,35,0.46369497238327967,2031
005/086-mft-ASAQ-DHAPPQ-ASPY85,36,0.39504608426985083,2031
005/086-mft-ASAQ-DHAPPQ-ASPY85,37,0.4446834012481095,2031
005/086-mft-ASAQ-DHAPPQ-ASPY85,38,0.3995844299386541,2031
005/086-mft-ASAQ-DHAPPQ-ASPY85,39,0.38507713441995023,2031
005/086-mft-ASAQ-DHAPPQ-ASPY85,40,0.46392167502401066,2031
005/086-mft-ASAQ-DHAPPQ-ASPY85,41,0.466881640158528,2031
005/086-mft-ASAQ-DHAPPQ-ASPY85,42,0.4369045918645014,2031
005/086-mft-ASAQ-DHAPPQ-ASPY85,43,0.4008236807115731,2031
005/086-mft-ASAQ-DHAPPQ-ASPY85,44,0.43685615737994815,2031
005/086-mft-ASAQ-DHAPPQ-ASPY85,45,0.48516937825117096,2031
005/086-mft-ASAQ-DHAPPQ-ASPY85,46,0.4943137841067093,2031
005/086-mft-ASAQ-DHAPPQ-ASPY85,47,0.41448188711092265,2031
005/086-mft-ASAQ-DHAPPQ-ASPY85,48,0.37121413974492096,2031
005/086-mft-ASAQ-DHAPPQ-ASPY85,49,0.419322500104218,2031
005/086-mft-ASAQ-DHAPPQ-ASPY85,50,0.493318691348466,2031
005/086-mft-ASAQ-DHAPPQ-ASPY85,51,0.4189864527664114,2031
005/086-mft-ASAQ-DHAPPQ-ASPY85,52,0.4834867612221349,2031
005/086-mft-ASAQ-DHAPPQ-ASPY85,53,0.3161374152455218,2031
005/086-mft-ASAQ-DHAPPQ-ASPY85,54,0.4932594008083487,2031
005/086-mft-ASAQ-DHAPPQ-ASPY85,55,0.4146617743278549,2031
005/086-mft-ASAQ-DHAPPQ-ASPY85,56,0.42772063579046593,2031
005/086-mft-ASAQ-DHAPPQ-ASPY85,57,0.35741619663441454,2031
005/086-mft-ASAQ-DHAPPQ-ASPY85,58,0.4620501354609612,2031
005/086-mft-ASAQ-DHAPPQ-ASPY85,59,0.40135334552929985,2031
005/086-mft-ASAQ-DHAPPQ-ASPY85,60,0.4037550109430322,2031
005/086-mft-ASAQ-DHAPPQ-ASPY85,61,0.4211605058143928,2031
005/086-mft-ASAQ-DHAPPQ-ASPY85,62,0.48139758808805216,2031
005/086-mft-ASAQ-DHAPPQ-ASPY85,63,0.48595344059719264,2031
005/086-mft-ASAQ-DHAPPQ-ASPY85,64,0.46386082085986263,2031
005/086-mft-ASAQ-DHAPPQ-ASPY85,65,0.37785748905176214,2031
005/086-mft-ASAQ-DHAPPQ-ASPY85,66,0.4233826516293043,2031
005/086-mft-ASAQ-DHAPPQ-ASPY85,67,0.45731445847437796,2031
005/086-mft-ASAQ-DHAPPQ-ASPY85,68,0.34577381185809747,2031
005/086-mft-ASAQ-DHAPPQ-ASPY85,69,0.49041258300553264,2031
005/086-mft-ASAQ-DHAPPQ-ASPY85,70,0.48418915031807713,2031
005/086-mft-ASAQ-DHAPPQ-ASPY85,71,0.42751652480014707,2031
005/086-mft-ASAQ-DHAPPQ-ASPY85,72,0.40487177449817446,2031
005/086-mft-ASAQ-DHAPPQ-ASPY85,73,0.3999635387937835,2031
005/086-mft-ASAQ-DHAPPQ-ASPY85,74,0.44387425556496996,2031
005/086-mft-ASAQ-DHAPPQ-ASPY85,75,0.4577669808922518,2031
005/086-mft-ASAQ-DHAPPQ-ASPY85,76,0.5021082034367182,2031
005/086-mft-ASAQ-DHAPPQ-ASPY85,77,0.38525153608484536,2031
005/086-mft-ASAQ-DHAPPQ-ASPY85,78,0.4308837514997888,2031
005/086-mft-ASAQ-DHAPPQ-ASPY85,79,0.3194189280814216,2031
005/086-mft-ASAQ-DHAPPQ-ASPY85,80,0.41598920380328647,2031
005/086-mft-ASAQ-DHAPPQ-ASPY85,81,0.41618870511127204,2031
005/086-mft-ASAQ-DHAPPQ-ASPY85,82,0.4979922212214125,2031
005/086-mft-ASAQ-DHAPPQ-ASPY85,83,0.3770571860642619,2031
005/086-mft-ASAQ-DHAPPQ-ASPY85,84,0.3472776232563149,2031
005/086-mft-ASAQ-DHAPPQ-ASPY85,85,0.3463097982607122,2031
005/086-mft-ASAQ-DHAPPQ-ASPY85,86,0.36428522887389625,2031
005/086-mft-ASAQ-DHAPPQ-ASPY85,87,0.3951949456479402,2031
005/086-mft-ASAQ-DHAPPQ-ASPY85,88,0.561274119717075,2031
005/086-mft-ASAQ-DHAPPQ-ASPY85,89,0.38362681170636453,2031
005/086-mft-ASAQ-DHAPPQ-ASPY85,90,0.4735093736889906,2031
005/086-mft-ASAQ-DHAPPQ-ASPY85,91,0.5071324397935472,2031
005/086-mft-ASAQ-DHAPPQ-ASPY85,92,0.4091825963513145,2031
005/086-mft-ASAQ-DHAPPQ-ASPY85,93,0.3511806939423094,2031
005/086-mft-ASAQ-DHAPPQ-ASPY85,94,0.3852476578088036,2031
005/086-mft-ASAQ-DHAPPQ-ASPY85,95,0.5701586499266104,2031
005/086-mft-ASAQ-DHAPPQ-ASPY85,96,0.3171378031802655,2031
005/086-mft-ASAQ-DHAPPQ-ASPY85,97,0.3873154992816969,2031
005/086-mft-ASAQ-DHAPPQ-ASPY85,98,0.41391661090467524,2031
005/086-mft-ASAQ-DHAPPQ-ASPY85,99,0.38617692845614626,2031
005/087-mft-ASAQ-DHAPPQ-ASPY75,0,0.5075099608846183,2031
005/087-mft-ASAQ-DHAPPQ-ASPY75,1,0.4557587622916312,2031
005/087-mft-ASAQ-DHAPPQ-ASPY75,2,0.42702389860293516,2031
005/087-mft-ASAQ-DHAPPQ-ASPY75,3,0.42188188645265795,2031
005/087-mft-ASAQ-DHAPPQ-ASPY75,4,0.4611457413735825,2031
005/087-mft-ASAQ-DHAPPQ-ASPY75,5,0.5327996368808793,2031
005/087-mft-ASAQ-DHAPPQ-ASPY75,6,0.3877985838724465,2031
005/087-mft-ASAQ-DHAPPQ-ASPY75,7,0.5393579361423988,2031
005/087-mft-ASAQ-DHAPPQ-ASPY75,8,0.43266005983369177,2031
005/087-mft-ASAQ-DHAPPQ-ASPY75,9,0.3578266042644371,2031
005/087-mft-ASAQ-DHAPPQ-ASPY75,10,0.4444180160517235,2031
005/087-mft-ASAQ-DHAPPQ-ASPY75,11,0.4556329347702414,2031
005/087-mft-ASAQ-DHAPPQ-ASPY75,12,0.45053628826773034,2031
005/087-mft-ASAQ-DHAPPQ-ASPY75,13,0.5361154807127692,2031
005/087-mft-ASAQ-DHAPPQ-ASPY75,14,0.4457701527080506,2031
005/087-mft-ASAQ-DHAPPQ-ASPY75,15,0.4076663045560827,2031
005/087-mft-ASAQ-DHAPPQ-ASPY75,16,0.43660421692704204,2031
005/087-mft-ASAQ-DHAPPQ-ASPY75,17,0.3928433893412802,2031
005/087-mft-ASAQ-DHAPPQ-ASPY75,18,0.4932807934400936,2031
005/087-mft-ASAQ-DHAPPQ-ASPY75,19,0.41090295935700727,2031
005/087-mft-ASAQ-DHAPPQ-ASPY75,20,0.4547252016743091,2031
005/087-mft-ASAQ-DHAPPQ-ASPY75,21,0.4258918007934504,2031
005/087-mft-ASAQ-DHAPPQ-ASPY75,22,0.42875296763778065,2031
005/087-mft-ASAQ-DHAPPQ-ASPY75,23,0.37330630424008354,2031
005/087-mft-ASAQ-DHAPPQ-ASPY75,24,0.4484665493243063,2031
005/087-mft-ASAQ-DHAPPQ-ASPY75,25,0.4324856117958737,2031
005/087-mft-ASAQ-DHAPPQ-ASPY75,26,0.5189034275285979,2031
005/087-mft-ASAQ-DHAPPQ-ASPY75,27,0.34805470160931806,2031
005/087-mft-ASAQ-DHAPPQ-ASPY75,28,0.41437383173092934,2031
005/087-mft-ASAQ-DHAPPQ-ASPY75,29,0.41271484413582976,2031
005/087-mft-ASAQ-DHAPPQ-ASPY75,30,0.42799531267291013,2031
005/087-mft-ASAQ-DHAPPQ-ASPY75,31,0.3841134431311007,2031
005/087-mft-ASAQ-DHAPPQ-ASPY75,32,0.4722339089927865,2031
005/087-mft-ASAQ-DHAPPQ-ASPY75,33,0.48875578179848556,2031
005/087-mft-ASAQ-DHAPPQ-ASPY75,34,0.3353169564257039,2031
005/087-mft-ASAQ-DHAPPQ-ASPY75,35,0.40178771295250854,2031
005/087-mft-ASAQ-DHAPPQ-ASPY75,36,0.3273099562660585,2031
005/087-mft-ASAQ-DHAPPQ-ASPY75,37,0.4419289304994793,2031
005/087-mft-ASAQ-DHAPPQ-ASPY75,38,0.4756278254529005,2031
005/087-mft-ASAQ-DHAPPQ-ASPY75,39,0.4311898004006227,2031
005/087-mft-ASAQ-DHAPPQ-ASPY75,40,0.46558380642193553,2031
005/087-mft-ASAQ-DHAPPQ-ASPY75,41,0.42626295814805465,2031
005/087-mft-ASAQ-DHAPPQ-ASPY75,42,0.4037126835726541,2031
005/087-mft-ASAQ-DHAPPQ-ASPY75,43,0.4597766163647023,2031
005/087-mft-ASAQ-DHAPPQ-ASPY75,44,0.390572498764923,2031
005/087-mft-ASAQ-DHAPPQ-ASPY75,45,0.46678501788846893,2031
005/087-mft-ASAQ-DHAPPQ-ASPY75,46,0.3666666655764729,2031
005/087-mft-ASAQ-DHAPPQ-ASPY75,47,0.44502945545321637,2031
005/087-mft-ASAQ-DHAPPQ-ASPY75,48,0.47698894816948995,2031
005/087-mft-ASAQ-DHAPPQ-ASPY75,49,0.4701729755795903,2031
005/087-mft-ASAQ-DHAPPQ-ASPY75,50,0.39299430890047565,2031
005/087-mft-ASAQ-DHAPPQ-ASPY75,51,0.31167547343219154,2031
005/087-mft-ASAQ-DHAPPQ-ASPY75,52,0.3794199085469468,2031
005/087-mft-ASAQ-DHAPPQ-ASPY75,53,0.37349237869869345,2031
005/087-mft-ASAQ-DHAPPQ-ASPY75,54,0.4672216336475683,2031
005/087-mft-ASAQ-DHAPPQ-ASPY75,55,0.5076396188148289,2031
005/087-mft-ASAQ-DHAPPQ-ASPY75,56,0.4412317152847009,2031
005/087-mft-ASAQ-DHAPPQ-ASPY75,57,0.4425397929079305,2031
005/087-mft-ASAQ-DHAPPQ-ASPY75,58,0.3573488548484464,2031
005/087-mft-ASAQ-DHAPPQ-ASPY75,59,0.4314375659664093,2031
005/087-mft-ASAQ-DHAPPQ-ASPY75,60,0.4811895548769405,2031
005/087-mft-ASAQ-DHAPPQ-ASPY75,61,0.5296486433909928,2031
005/087-mft-ASAQ-DHAPPQ-ASPY75,62,0.37001201853453164,2031
005/087-mft-ASAQ-DHAPPQ-ASPY75,63,0.3856868292987479,2031
005/087-mft-ASAQ-DHAPPQ-ASPY75,64,0.5086001118444753,2031
005/087-mft-ASAQ-DHAPPQ-ASPY75,65,0.44615579648799897,2031
005/087-mft-ASAQ-DHAPPQ-ASPY75,66,0.37270620296761453,2031
005/087-mft-ASAQ-DHAPPQ-ASPY75,67,0.36789558779779347,2031
005/087-mft-ASAQ-DHAPPQ-ASPY75,68,0.39738031013320785,2031
005/087-mft-ASAQ-DHAPPQ-ASPY75,69,0.5399376816265277,2031
005/087-mft-ASAQ-DHAPPQ-ASPY75,70,0.37021811385077724,2031
005/087-mft-ASAQ-DHAPPQ-ASPY75,71,0.44752770296810823,2031
005/087-mft-ASAQ-DHAPPQ-ASPY75,72,0.4954573777932915,2031
005/087-mft-ASAQ-DHAPPQ-ASPY75,73,0.44184054900855857,2031
005/087-mft-ASAQ-DHAPPQ-ASPY75,74,0.44075516577459856,2031
005/087-mft-ASAQ-DHAPPQ-ASPY75,75,0.53059818890317,2031
005/087-mft-ASAQ-DHAPPQ-ASPY75,76,0.4822287570210156,2031
005/087-mft-ASAQ-DHAPPQ-ASPY75,77,0.4310246088239544,2031
005/087-mft-ASAQ-DHAPPQ-ASPY75,78,0.3797294447014638,2031
005/087-mft-ASAQ-DHAPPQ-ASPY75,79,0.523749656752798,2031
005/087-mft-ASAQ-DHAPPQ-ASPY75,80,0.45285503414579636,2031
005/087-mft-ASAQ-DHAPPQ-ASPY75,81,0.3547895204361154,2031
005/087-mft-ASAQ-DHAPPQ-ASPY75,82,0.447718612827626,2031
005/087-mft-ASAQ-DHAPPQ-ASPY75,83,0.44549499097682194,2031
005/087-mft-ASAQ-DHAPPQ-ASPY75,84,0.47658642894252273,2031
005/087-mft-ASAQ-DHAPPQ-ASPY75,85,0.45687557094957637,2031
005/087-mft-ASAQ-DHAPPQ-ASPY75,86,0.38495140982373727,2031
005/087-mft-ASAQ-DHAPPQ-ASPY75,87,0.34142963704155793,2031
005/087-mft-ASAQ-DHAPPQ-ASPY75,88,0.3410512480719934,2031
005/087-mft-ASAQ-DHAPPQ-ASPY75,89,0.5182134502294345,2031
005/087-mft-ASAQ-DHAPPQ-ASPY75,90,0.3465658958174407,2031
005/087-mft-ASAQ-DHAPPQ-ASPY75,91,0.44531324428818914,2031
005/087-mft-ASAQ-DHAPPQ-ASPY75,92,0.457255669419139,2031
005/087-mft-ASAQ-DHAPPQ-ASPY75,93,0.3725392408716272,2031
005/087-mft-ASAQ-DHAPPQ-ASPY75,94,0.34979005957618886,2031
005/087-mft-ASAQ-DHAPPQ-ASPY75,95,0.4201816104975406,2031
005/087-mft-ASAQ-DHAPPQ-ASPY75,96,0.43612236545652133,2031
005/087-mft-ASAQ-DHAPPQ-ASPY75,97,0.47696647825977645,2031
005/087-mft-ASAQ-DHAPPQ-ASPY75,98,0.42837936733065124,2031
005/087-mft-ASAQ-DHAPPQ-ASPY75,99,0.4340501081256684,2031
005/088-mft-ASAQ-DHAPPQ-ASPY65,0,0.44425174108314286,2031
005/088-mft-ASAQ-DHAPPQ-ASPY65,1,0.43309869496920145,2031
005/088-mft-ASAQ-DHAPPQ-ASPY65,2,0.5960195407455579,2031
005/088-mft-ASAQ-DHAPPQ-ASPY65,3,0.4062351222268619,2031
005/088-mft-ASAQ-DHAPPQ-ASPY65,4,0.3975359683035733,2031
005/088-mft-ASAQ-DHAPPQ-ASPY65,5,0.45130918097804007,2031
005/088-mft-ASAQ-DHAPPQ-ASPY65,6,0.4765333526468947,2031
005/088-mft-ASAQ-DHAPPQ-ASPY65,7,0.35803402595867967,2031
005/088-mft-ASAQ-DHAPPQ-ASPY65,8,0.4174039275185764,2031
005/088-mft-ASAQ-DHAPPQ-ASPY65,9,0.4811910558263906,2031
005/088-mft-ASAQ-DHAPPQ-ASPY65,10,0.43122501071905134,2031
005/088-mft-ASAQ-DHAPPQ-ASPY65,11,0.3405206828797827,2031
005/088-mft-ASAQ-DHAPPQ-ASPY65,12,0.4464814468833358,2031
005/088-mft-ASAQ-DHAPPQ-ASPY65,13,0.4538873275923749,2031
005/088-mft-ASAQ-DHAPPQ-ASPY65,14,0.4163773527490873,2031
005/088-mft-ASAQ-DHAPPQ-ASPY65,15,0.39066461870822694,2031
005/088-mft-ASAQ-DHAPPQ-ASPY65,16,0.4927026724379487,2031
005/088-mft-ASAQ-DHAPPQ-ASPY65,17,0.42259159465995993,2031
005/088-mft-ASAQ-DHAPPQ-ASPY65,18,0.4144625165166378,2031
005/088-mft-ASAQ-DHAPPQ-ASPY65,19,0.39630143274101476,2031
005/088-mft-ASAQ-DHAPPQ-ASPY65,20,0.4290858595955755,2031
005/088-mft-ASAQ-DHAPPQ-ASPY65,21,0.4301293205638237,2031
005/088-mft-ASAQ-DHAPPQ-ASPY65,22,0.3223971419901635,2031
005/088-mft-ASAQ-DHAPPQ-ASPY65,23,0.4253446850380085,2031
005/088-mft-ASAQ-DHAPPQ-ASPY65,24,0.4412534816619609,2031
005/088-mft-ASAQ-DHAPPQ-ASPY65,25,0.4267696541201705,2031
005/088-mft-ASAQ-DHAPPQ-ASPY65,26,0.3501887792658918,2031
005/088-mft-ASAQ-DHAPPQ-ASPY65,27,0.5263245449132824,2031
005/088-mft-ASAQ-DHAPPQ-ASPY65,28,0.4259971628501144,2031
005/088-mft-ASAQ-DHAPPQ-ASPY65,29,0.43682813428761397,2031
005/088-mft-ASAQ-DHAPPQ-ASPY65,30,0.4843940769693755,2031
005/088-mft-ASAQ-DHAPPQ-ASPY65,31,0.3792877606259028,2031
005/088-mft-ASAQ-DHAPPQ-ASPY65,32,0.39836205109057454,2031
005/088-mft-ASAQ-DHAPPQ-ASPY65,33,0.4541664527222993,2031
005/088-mft-ASAQ-DHAPPQ-ASPY65,34,0.47701705161355257,2031
005/088-mft-ASAQ-DHAPPQ-ASPY65,35,0.4933453005001407,2031
005/088-mft-ASAQ-DHAPPQ-ASPY65,36,0.35013542852182283,2031
005/088-mft-ASAQ-DHAPPQ-ASPY65,37,0.4178886592081002,2031
005/088-mft-ASAQ-DHAPPQ-ASPY65,38,0.49707520299570035,2031
005/088-mft-ASAQ-DHAPPQ-ASPY65,39,0.5012332184931406,2031
005/088-mft-ASAQ-DHAPPQ-ASPY65,40,0.49861129848069435,2031
005/088-mft-ASAQ-DHAPPQ-ASPY65,41,0.48352405760487743,2031
005/088-mft-ASAQ-DHAPPQ-ASPY65,42,0.5052514904012054,2031
005/088-mft-ASAQ-DHAPPQ-ASPY65,43,0.4825961806419355,2031
005/088-mft-ASAQ-DHAPPQ-ASPY65,44,0.40944426357319813,2031
005/088-mft-ASAQ-DHAPPQ-ASPY65,45,0.37557118490558133,2031
005/088-mft-ASAQ-DHAPPQ-ASPY65,46,0.3862572028200229,2031
005/088-mft-ASAQ-DHAPPQ-ASPY65,47,0.4385392528202316,2031
005/088-mft-ASAQ-DHAPPQ-ASPY65,48,0.3525770614645285,2031
005/088-mft-ASAQ-DHAPPQ-ASPY65,49,0.37208625267488366,2031
005/088-mft-ASAQ-DHAPPQ-ASPY65,50,0.4670532857517639,2031
005/088-mft-ASAQ-DHAPPQ-ASPY65,51,0.4422099094598799,2031
005/088-mft-ASAQ-DHAPPQ-ASPY65,52,0.48039593212708565,2031
005/088-mft-ASAQ-DHAPPQ-ASPY65,53,0.41655630498139584,2031
005/088-mft-ASAQ-DHAPPQ-ASPY65,54,0.5164207350236998,2031
005/088-mft-ASAQ-DHAPPQ-ASPY65,55,0.34217461876718785,2031
005/088-mft-ASAQ-DHAPPQ-ASPY65,56,0.3872266570469632,2031
005/088-mft-ASAQ-DHAPPQ-ASPY65,57,0.4730700212790271,2031
005/088-mft-ASAQ-DHAPPQ-ASPY65,58,0.4694354556515488,2031
005/088-mft-ASAQ-DHAPPQ-ASPY65,59,0.4310208927241686,2031
005/088-mft-ASAQ-DHAPPQ-ASPY65,60,0.4558472956083864,2031
005/088-mft-ASAQ-DHAPPQ-ASPY65,61,0.4368156150179397,2031
005/088-mft-ASAQ-DHAPPQ-ASPY65,62,0.4961677151926223,2031
005/088-mft-ASAQ-DHAPPQ-ASPY65,63,0.45276395824124704,2031
005/088-mft-ASAQ-DHAPPQ-ASPY65,64,0.46768318455774427,2031
005/088-mft-ASAQ-DHAPPQ-ASPY65,65,0.45869977095183107,2031
005/088-mft-ASAQ-DHAPPQ-ASPY65,66,0.5275462804021888,2031
005/088-mft-ASAQ-DHAPPQ-ASPY65,67,0.40331964453107755,2031
005/088-mft-ASAQ-DHAPPQ-ASPY65,68,0.40851786908918597,2031
005/088-mft-ASAQ-DHAPPQ-ASPY65,69,0.46616487014283914,2031
005/088-mft-ASAQ-DHAPPQ-ASPY65,70,0.4854497388590546,2031
005/088-mft-ASAQ-DHAPPQ-ASPY65,71,0.474234300427065,2031
005/088-mft-ASAQ-DHAPPQ-ASPY65,72,0.3995510901366601,2031
005/088-mft-ASAQ-DHAPPQ-ASPY65,73,0.31754491990083306,2031
005/088-mft-ASAQ-DHAPPQ-ASPY65,74,0.4675414103737537,2031
005/088-mft-ASAQ-DHAPPQ-ASPY65,75,0.3838190459262965,2031
005/088-mft-ASAQ-DHAPPQ-ASPY65,76,0.44873300141315436,2031
005/088-mft-ASAQ-DHAPPQ-ASPY65,77,0.4409699902421562,2031
005/088-mft-ASAQ-DHAPPQ-ASPY65,78,0.4748515085416672,2031
005/088-mft-ASAQ-DHAPPQ-ASPY65,79,0.4082612865886053,2031
005/088-mft-ASAQ-DHAPPQ-ASPY65,80,0.46857389045219905,2031
005/088-mft-ASAQ-DHAPPQ-ASPY65,81,0.3582384169301352,2031
005/088-mft-ASAQ-DHAPPQ-ASPY65,82,0.4388184486687136,2031
005/088-mft-ASAQ-DHAPPQ-ASPY65,83,0.42759039066975774,2031
005/088-mft-ASAQ-DHAPPQ-ASPY65,84,0.4805131331896579,2031
005/088-mft-ASAQ-DHAPPQ-ASPY65,85,0.4830479771473457,2031
005/088-mft-ASAQ-DHAPPQ-ASPY65,86,0.49687147504240725,2031
005/088-mft-ASAQ-DHAPPQ-ASPY65,87,0.39965024299248264,2031
005/088-mft-ASAQ-DHAPPQ-ASPY65,88,0.4271331339521702,2031
005/088-mft-ASAQ-DHAPPQ-ASPY65,89,0.41417234196898983,2031
005/088-mft-ASAQ-DHAPPQ-ASPY65,90,0.5194732003026928,2031
005/088-mft-ASAQ-DHAPPQ-ASPY65,91,0.37612241426812226,2031
005/088-mft-ASAQ-DHAPPQ-ASPY65,92,0.3986239705171714,2031
005/088-mft-ASAQ-DHAPPQ-ASPY65,93,0.3807675342399703,2031
005/088-mft-ASAQ-DHAPPQ-ASPY65,94,0.45282759681760526,2031
005/088-mft-ASAQ-DHAPPQ-ASPY65,95,0.5044491827635391,2031
005/088-mft-ASAQ-DHAPPQ-ASPY65,96,0.4657332731402295,2031
005/088-mft-ASAQ-DHAPPQ-ASPY65,97,0.4433327284871548,2031
005/088-mft-ASAQ-DHAPPQ-ASPY65,98,0.37999234289384937,2031
005/088-mft-ASAQ-DHAPPQ-ASPY65,99,0.4551558371905658,2031
005/089-mft-AL-ASAQ-DHAPPQ-ASPY85,0,0.44792680584174427,2031
005/089-mft-AL-ASAQ-DHAPPQ-ASPY85,1,0.5382387892466409,2031
005/089-mft-AL-ASAQ-DHAPPQ-ASPY85,2,0.4933227881547337,2031
005/089-mft-AL-ASAQ-DHAPPQ-ASPY85,3,0.5678621817302335,2031
005/089-mft-AL-ASAQ-DHAPPQ-ASPY85,4,0.4688627828674277,2031
005/089-mft-AL-ASAQ-DHAPPQ-ASPY85,5,0.44316690508242473,2031
005/089-mft-AL-ASAQ-DHAPPQ-ASPY85,6,0.37018983554433177,2031
005/089-mft-AL-ASAQ-DHAPPQ-ASPY85,7,0.5730483914287281,2031
005/089-mft-AL-ASAQ-DHAPPQ-ASPY85,8,0.49909219646149966,2031
005/089-mft-AL-ASAQ-DHAPPQ-ASPY85,9,0.5157571348285616,2031
005/089-mft-AL-ASAQ-DHAPPQ-ASPY85,10,0.5343629025471924,2031
005/089-mft-AL-ASAQ-DHAPPQ-ASPY85,11,0.375530279030392,2031
005/089-mft-AL-ASAQ-DHAPPQ-ASPY85,12,0.6284947369183694,2031
005/089-mft-AL-ASAQ-DHAPPQ-ASPY85,13,0.43611730452023867,2031
005/089-mft-AL-ASAQ-DHAPPQ-ASPY85,14,0.5873904662082684,2031
005/089-mft-AL-ASAQ-DHAPPQ-ASPY85,15,0.5542099590183869,2031
005/089-mft-AL-ASAQ-DHAPPQ-ASPY85,16,0.4290366858063647,2031
005/089-mft-AL-ASAQ-DHAPPQ-ASPY85,17,0.48732322619767093,2031
005/089-mft-AL-ASAQ-DHAPPQ-ASPY85,18,0.5349179750346345,2031
005/089-mft-AL-ASAQ-DHAPPQ-ASPY85,19,0.4866825012923384,2031
005/089-mft-AL-ASAQ-DHAPPQ-ASPY85,20,0.5070729884065375,2031
005/089-mft-AL-ASAQ-DHAPPQ-ASPY85,21,0.5980238144173502,2031
005/089-mft-AL-ASAQ-DHAPPQ-ASPY85,22,0.41768484084210583,2031
005/089-mft-AL-ASAQ-DHAPPQ-ASPY85,23,0.45635739706630457,2031
005/089-mft-AL-ASAQ-DHAPPQ-ASPY85,24,0.5291847478323516,2031
005/089-mft-AL-ASAQ-DHAPPQ-ASPY85,25,0.4341216417405835,2031
005/089-mft-AL-ASAQ-DHAPPQ-ASPY85,26,0.4964444940075883,2031
005/089-mft-AL-ASAQ-DHAPPQ-ASPY85,27,0.530450278204666,2031
005/089-mft-AL-ASAQ-DHAPPQ-ASPY85,28,0.6167060453999432,2031
005/089-mft-AL-ASAQ-DHAPPQ-ASPY85,29,0.5806623104175083,2031
005/089-mft-AL-ASAQ-DHAPPQ-ASPY85,30,0.49087171514978617,2031
005/089-mft-AL-ASAQ-DHAPPQ-ASPY85,31,0.49932104588182497,2031
005/089-mft-AL-ASAQ-DHAPPQ-ASPY85,32,0.49332085953341714,2031
005/089-mft-AL-ASAQ-DHAPPQ-ASPY85,33,0.5362276492063334,2031
005/089-mft-AL-ASAQ-DHAPPQ-ASPY85,34,0.43084483824253644,2031
005/089-mft-AL-ASAQ-DHAPPQ-ASPY85,35,0.513976343250647,2031
005/089-mft-AL-ASAQ-DHAPPQ-ASPY85,36,0.5347138085142488,2031
005/089-mft-AL-ASAQ-DHAPPQ-ASPY85,37,0.5736313048818065,2031
005/089-mft-AL-ASAQ-DHAPPQ-ASPY85,38,0.45865669435884504,2031
005/089-mft-AL-ASAQ-DHAPPQ-ASPY85,39,0.5876131554899631,2031
005/089-mft-AL-ASAQ-DHAPPQ-ASPY85,40,0.49613131398815796,2031
005/089-mft-AL-ASAQ-DHAPPQ-ASPY85,41,0.49340121355257743,2031
005/089-mft-AL-ASAQ-DHAPPQ-ASPY85,42,0.5237537576534705,2031
005/089-mft-AL-ASAQ-DHAPPQ-ASPY85,43,0.4374681896958951,2031
005/089-mft-AL-ASAQ-DHAPPQ-ASPY85,44,0.48044729835929667,2031
005/089-mft-AL-ASAQ-DHAPPQ-ASPY85,45,0.4850125370197627,2031
005/089-mft-AL-ASAQ-DHAPPQ-ASPY85,46,0.553192988607884,2031
005/089-mft-AL-ASAQ-DHAPPQ-ASPY85,47,0.4955083738263018,2031
005/089-mft-AL-ASAQ-DHAPPQ-ASPY85,48,0.4881321219814514,2031
005/089-mft-AL-ASAQ-DHAPPQ-ASPY85,49,0.4666190612313407,2031
005/089-mft-AL-ASAQ-DHAPPQ-ASPY85,50,0.49990905908418015,2031
005/089-mft-AL-ASAQ-DHAPPQ-ASPY85,51,0.4661891260803612,2031
005/089-mft-AL-ASAQ-DHAPPQ-ASPY85,52,0.4897047873138005,2031
005/089-mft-AL-ASAQ-DHAPPQ-ASPY85,53,0.5339730569793296,2031
005/089-mft-AL-ASAQ-DHAPPQ-ASPY85,54,0.5664032208789954,2031
005/089-mft-AL-ASAQ-DHAPPQ-ASPY85,55,0.409480877662781,2031
005/089-mft-AL-ASAQ-DHAPPQ-ASPY85,56,0.4653426737676905,2031
005/089-mft-AL-ASAQ-DHAPPQ-ASPY85,57,0.46822117779419753,2031
005/089-mft-AL-ASAQ-DHAPPQ-ASPY85,58,0.5590251451429683,2031
005/089-mft-AL-ASAQ-DHAPPQ-ASPY85,59,0.541596413828192,2031
005/089-mft-AL-ASAQ-DHAPPQ-ASPY85,60,0.4021180636129711,2031
005/089-mft-AL-ASAQ-DHAPPQ-ASPY85,61,0.4626665335120466,2031
005/089-mft-AL-ASAQ-DHAPPQ-ASPY85,62,0.5786251094931977,2031
005/089-mft-AL-ASAQ-DHAPPQ-ASPY85,63,0.46233290501779467,2031
005/089-mft-AL-ASAQ-DHAPPQ-ASPY85,64,0.5357145916134621,2031
005/089-mft-AL-ASAQ-DHAPPQ-ASPY85,65,0.46385924935420536,2031
005/089-mft-AL-ASAQ-DHAPPQ-ASPY85,66,0.48259700384200127,2031
005/089-mft-AL-ASAQ-DHAPPQ-ASPY85,67,0.47351280105557764,2031
005/089-mft-AL-ASAQ-DHAPPQ-ASPY85,68,0.5570557897198387,2031
005/089-mft-AL-ASAQ-DHAPPQ-ASPY85,69,0.44538718811759176,2031
005/089-mft-AL-ASAQ-DHAPPQ-ASPY85,70,0.37557481522688735,2031
005/089-mft-AL-ASAQ-DHAPPQ-ASPY85,71,0.4583609131429612,2031
005/089-mft-AL-ASAQ-DHAPPQ-ASPY85,72,0.5330884987935213,2031
005/089-mft-AL-ASAQ-DHAPPQ-ASPY85,73,0.48876801536279674,2031
005/089-mft-AL-ASAQ-DHAPPQ-ASPY85,74,0.37168008301109906,2031
005/089-mft-AL-ASAQ-DHAPPQ-ASPY85,75,0.5856205808082967,2031
005/089-mft-AL-ASAQ-DHAPPQ-ASPY85,76,0.4790947269522665,2031
005/089-mft-AL-ASAQ-DHAPPQ-ASPY85,77,0.47701452434841946,2031
005/089-mft-AL-ASAQ-DHAPPQ-ASPY85,78,0.45084621567996486,2031
005/089-mft-AL-ASAQ-DHAPPQ-ASPY85,79,0.46301473073728844,2031
005/089-mft-AL-ASAQ-DHAPPQ-ASPY85,80,0.511383941061396,2031
005/089-mft-AL-ASAQ-DHAPPQ-ASPY85,81,0.4769429558283742,2031
005/089-mft-AL-ASAQ-DHAPPQ-ASPY85,82,0.6348869176345714,2031
005/089-mft-AL-ASAQ-DHAPPQ-ASPY85,83,0.5037694354739548,2031
005/089-mft-AL-ASAQ-DHAPPQ-ASPY85,84,0.5026595338383661,2031
005/089-mft-AL-ASAQ-DHAPPQ-ASPY85,85,0.4466007456807135,2031
005/089-mft-AL-ASAQ-DHAPPQ-ASPY85,86,0.48413666125178056,2031
005/089-mft-AL-ASAQ-DHAPPQ-ASPY85,87,0.46942803250454035,2031
005/089-mft-AL-ASAQ-DHAPPQ-ASPY85,88,0.5134795533993406,2031
005/089-mft-AL-ASAQ-DHAPPQ-ASPY85,89,0.4957062238383814,2031
005/089-mft-AL-ASAQ-DHAPPQ-ASPY85,90,0.44108125318655156,2031
005/089-mft-AL-ASAQ-DHAPPQ-ASPY85,91,0.5434880016004564,2031
005/089-mft-AL-ASAQ-DHAPPQ-ASPY85,92,0.5281818405780031,2031
005/089-mft-AL-ASAQ-DHAPPQ-ASPY85,93,0.5300017646454784,2031
005/089-mft-AL-ASAQ-DHAPPQ-ASPY85,94,0.5725177311853892,2031
005/089-mft-AL-ASAQ-DHAPPQ-ASPY85,95,0.5819862341428593,2031
005/089-mft-AL-ASAQ-DHAPPQ-ASPY85,96,0.5280862229237403,2031
005/089-mft-AL-ASAQ-DHAPPQ-ASPY85,97,0.5558292736665024,2031
005/089-mft-AL-ASAQ-DHAPPQ-ASPY85,98,0.5359217737358926,2031
005/089-mft-AL-ASAQ-DHAPPQ-ASPY85,99,0.5173205771034673,2031
005/090-mft-AL-ASAQ-DHAPPQ-ASPY75,0,0.5899078008985282,2031
005/090-mft-AL-ASAQ-DHAPPQ-ASPY75,1,0.5301655529223946,2031
005/090-mft-AL-ASAQ-DHAPPQ-ASPY75,2,0.5420500773221412,2031
005/090-mft-AL-ASAQ-DHAPPQ-ASPY75,3,0.5728301002412107,2031
005/090-mft-AL-ASAQ-DHAPPQ-ASPY75,4,0.546619756386543,2031
005/090-mft-AL-ASAQ-DHAPPQ-ASPY75,5,0.3851259278069557,2031
005/090-mft-AL-ASAQ-DHAPPQ-ASPY75,6,0.48476736176323926,2031
005/090-mft-AL-ASAQ-DHAPPQ-ASPY75,7,0.6428052901622091,2031
005/090-mft-AL-ASAQ-DHAPPQ-ASPY75,8,0.44888505105609466,2031
005/090-mft-AL-ASAQ-DHAPPQ-ASPY75,9,0.41877799064317994,2031
005/090-mft-AL-ASAQ-DHAPPQ-ASPY75,10,0.525748311048345,2031
005/090-mft-AL-ASAQ-DHAPPQ-ASPY75,11,0.42635341125520076,2031
005/090-mft-AL-ASAQ-DHAPPQ-ASPY75,12,0.5300799597484372,2031
005/090-mft-AL-ASAQ-DHAPPQ-ASPY75,13,0.45727270257388253,2031
005/090-mft-AL-ASAQ-DHAPPQ-ASPY75,14,0.46182335818933523,2031
005/090-mft-AL-ASAQ-DHAPPQ-ASPY75,15,0.5352619302107685,2031
005/090-mft-AL-ASAQ-DHAPPQ-ASPY75,16,0.5463266438325137,2031
005/090-mft-AL-ASAQ-DHAPPQ-ASPY75,17,0.48022259382023047,2031
005/090-mft-AL-ASAQ-DHAPPQ-ASPY75,18,0.40783413876123403,2031
005/090-mft-AL-ASAQ-DHAPPQ-ASPY75,19,0.4356021827723544,2031
005/090-mft-AL-ASAQ-DHAPPQ-ASPY75,20,0.5814177610417443,2031
005/090-mft-AL-ASAQ-DHAPPQ-ASPY75,21,0.6532544033111654,2031
005/090-mft-AL-ASAQ-DHAPPQ-ASPY75,22,0.3409916009996031,2031
005/090-mft-AL-ASAQ-DHAPPQ-ASPY75,23,0.598630716538422,2031
005/090-mft-AL-ASAQ-DHAPPQ-ASPY75,24,0.5821260657636245,2031
005/090-mft-AL-ASAQ-DHAPPQ-ASPY75,25,0.43823559300771836,2031
005/090-mft-AL-ASAQ-DHAPPQ-ASPY75,26,0.43272607293076537,2031
005/090-mft-AL-ASAQ-DHAPPQ-ASPY75,27,0.4761572142655283,2031
005/090-mft-AL-ASAQ-DHAPPQ-ASPY75,28,0.3984925803137347,2031
005/090-mft-AL-ASAQ-DHAPPQ-ASPY75,29,0.4781113557455215,2031
005/090-mft-AL-ASAQ-DHAPPQ-ASPY75,30,0.47407893025441733,2031
005/090-mft-AL-ASAQ-DHAPPQ-ASPY75,31,0.50796247578067,2031
005/090-mft-AL-ASAQ-DHAPPQ-ASPY75,32,0.6265096198632142,2031
005/090-mft-AL-ASAQ-DHAPPQ-ASPY75,33,0.4692964243558151,2031
005/090-mft-AL-ASAQ-DHAPPQ-ASPY75,34,0.4642390824809169,2031
005/090-mft-AL-ASAQ-DHAPPQ-ASPY75,35,0.5412568331478429,2031
005/090-mft-AL-ASAQ-DHAPPQ-ASPY75,36,0.43739964109032875,2031
005/090-mft-AL-ASAQ-DHAPPQ-ASPY75,37,0.4940019168290726,2031
005/090-mft-AL-ASAQ-DHAPPQ-ASPY75,38,0.5812685396126556,2031
005/090-mft-AL-ASAQ-DHAPPQ-ASPY75,39,0.6464273721413849,2031
005/090-mft-AL-ASAQ-DHAPPQ-ASPY75,40,0.5266703983529618,2031
005/090-mft-AL-ASAQ-DHAPPQ-ASPY75,41,0.5723785822460771,2031
005/090-mft-AL-ASAQ-DHAPPQ-ASPY75,42,0.4773488580444772,2031
005/090-mft-AL-ASAQ-DHAPPQ-ASPY75,43,0.5801832228233617,2031
005/090-mft-AL-ASAQ-DHAPPQ-ASPY75,44,0.5048364386081253,2031
005/090-mft-AL-ASAQ-DHAPPQ-ASPY75,45,0.46656028428619606,2031
005/090-mft-AL-ASAQ-DHAPPQ-ASPY75,46,0.34713832483552576,2031
005/090-mft-AL-ASAQ-DHAPPQ-ASPY75,47,0.520968792966522,2031
005/090-mft-AL-ASAQ-DHAPPQ-ASPY75,48,0.37480659762523755,2031
005/090-mft-AL-ASAQ-DHAPPQ-ASPY75,49,0.5673242804860565,2031
005/090-mft-AL-ASAQ-DHAPPQ-ASPY75,50,0.4820752654400445,2031
005/090-mft-AL-ASAQ-DHAPPQ-ASPY75,51,0.550693819918228,2031
005/090-mft-AL-ASAQ-DHAPPQ-ASPY75,52,0.564277066296239,2031
005/090-mft-AL-ASAQ-DHAPPQ-ASPY75,53,0.5576110250525276,2031
005/090-mft-AL-ASAQ-DHAPPQ-ASPY75,54,0.5463380573306614,2031
005/090-mft-AL-ASAQ-DHAPPQ-ASPY75,55,0.5502182929083475,2031
005/090-mft-AL-ASAQ-DHAPPQ-ASPY75,56,0.48665944620837126,2031
005/090-mft-AL-ASAQ-DHAPPQ-ASPY75,57,0.4945027149325276,2031
005/090-mft-AL-ASAQ-DHAPPQ-ASPY75,58,0.496064348904188,2031
005/090-mft-AL-ASAQ-DHAPPQ-ASPY75,59,0.5691116148013028,2031
005/090-mft-AL-ASAQ-DHAPPQ-ASPY75,60,0.46603119826669365,2031
005/090-mft-AL-ASAQ-DHAPPQ-ASPY75,61,0.3899995571577253,2031
005/090-mft-AL-ASAQ-DHAPPQ-ASPY75,62,0.5286129950153964,2031
005/090-mft-AL-ASAQ-DHAPPQ-ASPY75,63,0.48098144713226404,2031
005/090-mft-AL-ASAQ-DHAPPQ-ASPY75,64,0.4656864347683914,2031
005/090-mft-AL-ASAQ-DHAPPQ-ASPY75,65,0.5265660515253129,2031
005/090-mft-AL-ASAQ-DHAPPQ-ASPY75,66,0.4320433217446728,2031
005/090-mft-AL-ASAQ-DHAPPQ-ASPY75,67,0.48330872920741047,2031
005/090-mft-AL-ASAQ-DHAPPQ-ASPY75,68,0.494015830707544,2031
005/090-mft-AL-ASAQ-DHAPPQ-ASPY75,69,0.6101490087427638,2031
005/090-mft-AL-ASAQ-DHAPPQ-ASPY75,70,0.5283156184532293,2031
005/090-mft-AL-ASAQ-DHAPPQ-ASPY75,71,0.5078684067881823,2031
005/090-mft-AL-ASAQ-DHAPPQ-ASPY75,72,0.498981970341507,2031
005/090-mft-AL-ASAQ-DHAPPQ-ASPY75,73,0.5086524378070229,2031
005/090-mft-AL-ASAQ-DHAPPQ-ASPY75,74,0.5600085811512415,2031
005/090-mft-AL-ASAQ-DHAPPQ-ASPY75,75,0.4674603586126094,2031
005/090-mft-AL-ASAQ-DHAPPQ-ASPY75,76,0.49117274550299617,2031
005/090-mft-AL-ASAQ-DHAPPQ-ASPY75,77,0.5076930899961775,2031
005/090-mft-AL-ASAQ-DHAPPQ-ASPY75,78,0.5398349145589803,2031
005/090-mft-AL-ASAQ-DHAPPQ-ASPY75,79,0.5155531476917178,2031
005/090-mft-AL-ASAQ-DHAPPQ-ASPY75,80,0.5539055497128337,2031
005/090-mft-AL-ASAQ-DHAPPQ-ASPY75,81,0.5688429614458459,2031
005/090-mft-AL-ASAQ-DHAPPQ-ASPY75,82,0.4906926339400354,2031
005/090-mft-AL-ASAQ-DHAPPQ-ASPY75,83,0.5059266381596305,2031
005/090-mft-AL-ASAQ-DHAPPQ-ASPY75,84,0.5608012869211457,2031
005/090-mft-AL-ASAQ-DHAPPQ-ASPY75,85,0.44347359240107065,2031
005/090-mft-AL-ASAQ-DHAPPQ-ASPY75,86,0.5140029311642997,2031
005/090-mft-AL-ASAQ-DHAPPQ-ASPY75,87,0.5627806409765991,2031
005/090-mft-AL-ASAQ-DHAPPQ-ASPY75,88,0.5825300379835231,2031
005/090-mft-AL-ASAQ-DHAPPQ-ASPY75,89,0.4723801942409487,2031
005/090-mft-AL-ASAQ-DHAPPQ-ASPY75,90,0.4776939850509219,2031
005/090-mft-AL-ASAQ-DHAPPQ-ASPY75,91,0.43267867565656726,2031
005/090-mft-AL-ASAQ-DHAPPQ-ASPY75,92,0.6304465670778288,2031
005/090-mft-AL-ASAQ-DHAPPQ-ASPY75,93,0.4925531661867019,2031
005/090-mft-AL-ASAQ-DHAPPQ-ASPY75,94,0.4201000606297643,2031
005/090-mft-AL-ASAQ-DHAPPQ-ASPY75,95,0.5306093746575675,2031
005/090-mft-AL-ASAQ-DHAPPQ-ASPY75,96,0.4989949317052414,2031
005/090-mft-AL-ASAQ-DHAPPQ-ASPY75,97,0.4798952523998148,2031
005/090-mft-AL-ASAQ-DHAPPQ-ASPY75,98,0.44341273682532095,2031
005/090-mft-AL-ASAQ-DHAPPQ-ASPY75,99,0.5630624137448462,2031
005/091-mft-AL-ASAQ-DHAPPQ-ASPY65,0,0.5254462191700537,2031
005/091-mft-AL-ASAQ-DHAPPQ-ASPY65,1,0.5739855091867816,2031
005/091-mft-AL-ASAQ-DHAPPQ-ASPY65,2,0.5652821687431646,2031
005/091-mft-AL-ASAQ-DHAPPQ-ASPY65,3,0.5920305324443785,2031
005/091-mft-AL-ASAQ-DHAPPQ-ASPY65,4,0.5319307306131759,2031
005/091-mft-AL-ASAQ-DHAPPQ-ASPY65,5,0.46410496165249776,2031
005/091-mft-AL-ASAQ-DHAPPQ-ASPY65,6,0.4037605611336392,2031
005/091-mft-AL-ASAQ-DHAPPQ-ASPY65,7,0.631104292075016,2031
005/091-mft-AL-ASAQ-DHAPPQ-ASPY65,8,0.41636519332074745,2031
005/091-mft-AL-ASAQ-DHAPPQ-ASPY65,9,0.5669542393752142,2031
005/091-mft-AL-ASAQ-DHAPPQ-ASPY65,10,0.5265065484657018,2031
005/091-mft-AL-ASAQ-DHAPPQ-ASPY65,11,0.5188052100644237,2031
005/091-mft-AL-ASAQ-DHAPPQ-ASPY65,12,0.5160379615173937,2031
005/091-mft-AL-ASAQ-DHAPPQ-ASPY65,13,0.5071030482716233,2031
005/091-mft-AL-ASAQ-DHAPPQ-ASPY65,14,0.5650460388899545,2031
005/091-mft-AL-ASAQ-DHAPPQ-ASPY65,15,0.45321363658070807,2031
005/091-mft-AL-ASAQ-DHAPPQ-ASPY65,16,0.4969730955426843,2031
005/091-mft-AL-ASAQ-DHAPPQ-ASPY65,17,0.594037926551583,2031
005/091-mft-AL-ASAQ-DHAPPQ-ASPY65,18,0.47044288915884985,2031
005/091-mft-AL-ASAQ-DHAPPQ-ASPY65,19,0.44047167355403166,2031
005/091-mft-AL-ASAQ-DHAPPQ-ASPY65,20,0.499070198999761,2031
005/091-mft-AL-ASAQ-DHAPPQ-ASPY65,21,0.4533085953609481,2031
005/091-mft-AL-ASAQ-DHAPPQ-ASPY65,22,0.6937484771066255,2031
005/091-mft-AL-ASAQ-DHAPPQ-ASPY65,23,0.4819303987793247,2031
005/091-mft-AL-ASAQ-DHAPPQ-ASPY65,24,0.5466628698669457,2031
005/091-mft-AL-ASAQ-DHAPPQ-ASPY65,25,0.549496472221472,2031
005/091-mft-AL-ASAQ-DHAPPQ-ASPY65,26,0.5924846023152962,2031
005/091-mft-AL-ASAQ-DHAPPQ-ASPY65,27,0.49699542312802025,2031
005/091-mft-AL-ASAQ-DHAPPQ-ASPY65,28,0.5595854193301588,2031
005/091-mft-AL-ASAQ-DHAPPQ-ASPY65,29,0.5034911572813133,2031
005/091-mft-AL-ASAQ-DHAPPQ-ASPY65,30,0.5640376779272945,2031
005/091-mft-AL-ASAQ-DHAPPQ-ASPY65,31,0.5297855700470935,2031
005/091-mft-AL-ASAQ-DHAPPQ-ASPY65,32,0.5616687860434241,2031
005/091-mft-AL-ASAQ-DHAPPQ-ASPY65,33,0.5386253182500953,2031
005/091-mft-AL-ASAQ-DHAPPQ-ASPY65,34,0.6080772312546193,2031
005/091-mft-AL-ASAQ-DHAPPQ-ASPY65,35,0.4712421990414592,2031
005/091-mft-AL-ASAQ-DHAPPQ-ASPY65,36,0.5050720257368189,2031
005/091-mft-AL-ASAQ-DHAPPQ-ASPY65,37,0.5190591077133273,2031
005/091-mft-AL-ASAQ-DHAPPQ-ASPY65,38,0.6208607201927022,2031
005/091-mft-AL-ASAQ-DHAPPQ-ASPY65,39,0.4797806132683062,2031
005/091-mft-AL-ASAQ-DHAPPQ-ASPY65,40,0.5021577250264857,2031
005/091-mft-AL-ASAQ-DHAPPQ-ASPY65,41,0.5837306892649373,2031
005/091-mft-AL-ASAQ-DHAPPQ-ASPY65,42,0.4926341481276513,2031
005/091-mft-AL-ASAQ-DHAPPQ-ASPY65,43,0.4915811992355923,2031
005/091-mft-AL-ASAQ-DHAPPQ-ASPY65,44,0.4676950437096445,2031
005/091-mft-AL-ASAQ-DHAPPQ-ASPY65,45,0.5540677601246987,2031
005/091-mft-AL-ASAQ-DHAPPQ-ASPY65,46,0.45889636741970996,2031
005/091-mft-AL-ASAQ-DHAPPQ-ASPY65,47,0.56893852462229,2031
005/091-mft-AL-ASAQ-DHAPPQ-ASPY65,48,0.4973988511730625,2031
005/091-mft-AL-ASAQ-DHAPPQ-ASPY65,49,0.5459944362475538,2031
005/091-mft-AL-ASAQ-DHAPPQ-ASPY65,50,0.4910543703085164,2031
005/091-mft-AL-ASAQ-DHAPPQ-ASPY65,51,0.4771466302534642,2031
005/091-mft-AL-ASAQ-DHAPPQ-ASPY65,52,0.4320623884107972,2031
005/091-mft-AL-ASAQ-DHAPPQ-ASPY65,53,0.5234830026881953,2031
005/091-mft-AL-ASAQ-DHAPPQ-ASPY65,54,0.6614106999207924,2031
005/091-mft-AL-ASAQ-DHAPPQ-ASPY65,55,0.48994780012469835,2031
005/091-mft-AL-ASAQ-DHAPPQ-ASPY65,56,0.4580674282468214,2031
005/091-mft-AL-ASAQ-DHAPPQ-ASPY65,57,0.4730492688839558,2031
005/091-mft-AL-ASAQ-DHAPPQ-ASPY65,58,0.47665693801618964,2031
005/091-mft-AL-ASAQ-DHAPPQ-ASPY65,59,0.4974012088730893,2031
005/091-mft-AL-ASAQ-DHAPPQ-ASPY65,60,0.5454450032313064,2031
005/091-mft-AL-ASAQ-DHAPPQ-ASPY65,61,0.4482821326188962,2031
005/091-mft-AL-ASAQ-DHAPPQ-ASPY65,62,0.4273620096541639,2031
005/091-mft-AL-ASAQ-DHAPPQ-ASPY65,63,0.5707443585583943,2031
005/091-mft-AL-ASAQ-DHAPPQ-ASPY65,64,0.44740505022540694,2031
005/091-mft-AL-ASAQ-DHAPPQ-ASPY65,65,0.4297449698641558,2031
005/091-mft-AL-ASAQ-DHAPPQ-ASPY65,66,0.4830058358632723,2031
005/091-mft-AL-ASAQ-DHAPPQ-ASPY65,67,0.4490706933384603,2031
005/091-mft-AL-ASAQ-DHAPPQ-ASPY65,68,0.4745594675051396,2031
005/091-mft-AL-ASAQ-DHAPPQ-ASPY65,69,0.4251746488600969,2031
005/091-mft-AL-ASAQ-DHAPPQ-ASPY65,70,0.5398441223532678,2031
005/091-mft-AL-ASAQ-DHAPPQ-ASPY65,71,0.5311720874148887,2031
005/091-mft-AL-ASAQ-DHAPPQ-ASPY65,72,0.5693495805111253,2031
005/091-mft-AL-ASAQ-DHAPPQ-ASPY65,73,0.45285400561986794,2031
005/091-mft-AL-ASAQ-DHAPPQ-ASPY65,74,0.4467407591782906,2031
005/091-mft-AL-ASAQ-DHAPPQ-ASPY65,75,0.5542190397476604,2031
005/091-mft-AL-ASAQ-DHAPPQ-ASPY65,76,0.6401999845660891,2031
005/091-mft-AL-ASAQ-DHAPPQ-ASPY65,77,0.5672230488523756,2031
005/091-mft-AL-ASAQ-DHAPPQ-ASPY65,78,0.43456078869976505,2031
005/091-mft-AL-ASAQ-DHAPPQ-ASPY65,79,0.560004735249818,2031
005/091-mft-AL-ASAQ-DHAPPQ-ASPY65,80,0.5202566280533402,2031
005/091-mft-AL-ASAQ-DHAPPQ-ASPY65,81,0.42606010395011856,2031
005/091-mft-AL-ASAQ-DHAPPQ-ASPY65,82,0.490344254557918,2031
005/091-mft-AL-ASAQ-DHAPPQ-ASPY65,83,0.543780780744961,2031
005/091-mft-AL-ASAQ-DHAPPQ-ASPY65,84,0.6156329146802448,2031
005/091-mft-AL-ASAQ-DHAPPQ-ASPY65,85,0.6131930673121456,2031
005/091-mft-AL-ASAQ-DHAPPQ-ASPY65,86,0.3893441198039147,2031
005/091-mft-AL-ASAQ-DHAPPQ-ASPY65,87,0.49205122860718115,2031
005/091-mft-AL-ASAQ-DHAPPQ-ASPY65,88,0.4510229415668723,2031
005/091-mft-AL-ASAQ-DHAPPQ-ASPY65,89,0.4159660432804697,2031
005/091-mft-AL-ASAQ-DHAPPQ-ASPY65,90,0.5581817586533434,2031
005/091-mft-AL-ASAQ-DHAPPQ-ASPY65,91,0.5023468367629121,2031
005/091-mft-AL-ASAQ-DHAPPQ-ASPY65,92,0.5977003517378333,2031
005/091-mft-AL-ASAQ-DHAPPQ-ASPY65,93,0.4873629782116928,2031
005/091-mft-AL-ASAQ-DHAPPQ-ASPY65,94,0.49284937450910843,2031
005/091-mft-AL-ASAQ-DHAPPQ-ASPY65,95,0.49396237664674164,2031
005/091-mft-AL-ASAQ-DHAPPQ-ASPY65,96,0.5211325927041509,2031
005/091-mft-AL-ASAQ-DHAPPQ-ASPY65,97,0.4357604560145904,2031
005/091-mft-AL-ASAQ-DHAPPQ-ASPY65,98,0.37800474333217937,2031
005/091-mft-AL-ASAQ-DHAPPQ-ASPY65,99,0.502860030795249,2031
005/092-region-specific-Kagera-ASAQ-Others-ASAQ-Delay-0y,0,0.44669394388195865,2031
005/092-region-specific-Kagera-ASAQ-Others-ASAQ-Delay-0y,1,0.36121606952617435,2031
005/092-region-specific-Kagera-ASAQ-Others-ASAQ-Delay-0y,2,0.44083150113075237,2031
005/092-region-specific-Kagera-ASAQ-Others-ASAQ-Delay-0y,3,0.3343136322519433,2031
005/092-region-specific-Kagera-ASAQ-Others-ASAQ-Delay-0y,4,0.3585061899024375,2031
005/092-region-specific-Kagera-ASAQ-Others-ASAQ-Delay-0y,5,0.3444060418223474,2031
005/092-region-specific-Kagera-ASAQ-Others-ASAQ-Delay-0y,6,0.47071105600650803,2031
005/092-region-specific-Kagera-ASAQ-Others-ASAQ-Delay-0y,7,0.314424367211161,2031
005/092-region-specific-Kagera-ASAQ-Others-ASAQ-Delay-0y,8,0.4324120191774264,2031
005/092-region-specific-Kagera-ASAQ-Others-ASAQ-Delay-0y,9,0.318244997021449,2031
005/092-region-specific-Kagera-ASAQ-Others-ASAQ-Delay-0y,10,0.3287156518804984,2031
005/092-region-specific-Kagera-ASAQ-Others-ASAQ-Delay-0y,11,0.326038099595123,2031
005/092-region-specific-Kagera-ASAQ-Others-ASAQ-Delay-0y,12,0.42443472289398154,2031
005/092-region-specific-Kagera-ASAQ-Others-ASAQ-Delay-0y,13,0.4432123611612819,2031
005/092-region-specific-Kagera-ASAQ-Others-ASAQ-Delay-0y,14,0.4061148502325373,2031
005/092-region-specific-Kagera-ASAQ-Others-ASAQ-Delay-0y,15,0.4249733687234613,2031
005/092-region-specific-Kagera-ASAQ-Others-ASAQ-Delay-0y,16,0.39952821682285267,2031
005/092-region-specific-Kagera-ASAQ-Others-ASAQ-Delay-0y,17,0.45999377490643933,2031
005/092-region-specific-Kagera-ASAQ-Others-ASAQ-Delay-0y,18,0.36523733860765817,2031
005/092-region-specific-Kagera-ASAQ-Others-ASAQ-Delay-0y,19,0.36623724125597995,2031
005/092-region-specific-Kagera-ASAQ-Others-ASAQ-Delay-0y,20,0.309499753144857,2031
005/092-region-specific-Kagera-ASAQ-Others-ASAQ-Delay-0y,21,0.47005470639422714,2031
005/092-region-specific-Kagera-ASAQ-Others-ASAQ-Delay-0y,22,0.438275002903743,2031
005/092-region-specific-Kagera-ASAQ-Others-ASAQ-Delay-0y,23,0.4123763705174483,2031
005/092-region-specific-Kagera-ASAQ-Others-ASAQ-Delay-0y,24,0.35970220274481995,2031
005/092-region-specific-Kagera-ASAQ-Others-ASAQ-Delay-0y,25,0.4795569478039991,2031
005/092-region-specific-Kagera-ASAQ-Others-ASAQ-Delay-0y,26,0.3884317621193221,2031
005/092-region-specific-Kagera-ASAQ-Others-ASAQ-Delay-0y,27,0.3910762631124068,2031
005/092-region-specific-Kagera-ASAQ-Others-ASAQ-Delay-0y,28,0.300566068288368,2031
005/092-region-specific-Kagera-ASAQ-Others-ASAQ-Delay-0y,29,0.33300945421164696,2031
005/092-region-specific-Kagera-ASAQ-Others-ASAQ-Delay-0y,30,0.33187092589221506,2031
005/092-region-specific-Kagera-ASAQ-Others-ASAQ-Delay-0y,31,0.23067951617595703,2031
005/092-region-specific-Kagera-ASAQ-Others-ASAQ-Delay-0y,32,0.4335914731574588,2031
005/092-region-specific-Kagera-ASAQ-Others-ASAQ-Delay-0y,33,0.4163874106091657,2031
005/092-region-specific-Kagera-ASAQ-Others-ASAQ-Delay-0y,34,0.36964328300348576,2031
005/092-region-specific-Kagera-ASAQ-Others-ASAQ-Delay-0y,35,0.34825007213276704,2031
005/092-region-specific-Kagera-ASAQ-Others-ASAQ-Delay-0y,36,0.26391459016224456,2031
005/092-region-specific-Kagera-ASAQ-Others-ASAQ-Delay-0y,37,0.42177227587760896,2031
005/092-region-specific-Kagera-ASAQ-Others-ASAQ-Delay-0y,38,0.31603411161289313,2031
005/092-region-specific-Kagera-ASAQ-Others-ASAQ-Delay-0y,39,0.364236778422335,2031
005/092-region-specific-Kagera-ASAQ-Others-ASAQ-Delay-0y,40,0.37576064015694244,2031
005/092-region-specific-Kagera-ASAQ-Others-ASAQ-Delay-0y,41,0.447686892474679,2031
005/092-region-specific-Kagera-ASAQ-Others-ASAQ-Delay-0y,42,0.3280215092168413,2031
005/092-region-specific-Kagera-ASAQ-Others-ASAQ-Delay-0y,43,0.42315039139119187,2031
005/092-region-specific-Kagera-ASAQ-Others-ASAQ-Delay-0y,44,0.3856498462454884,2031
005/092-region-specific-Kagera-ASAQ-Others-ASAQ-Delay-0y,45,0.4131792283021829,2031
005/092-region-specific-Kagera-ASAQ-Others-ASAQ-Delay-0y,46,0.44655259660690644,2031
005/092-region-specific-Kagera-ASAQ-Others-ASAQ-Delay-0y,47,0.3546354454118223,2031
005/092-region-specific-Kagera-ASAQ-Others-ASAQ-Delay-0y,48,0.3781672181533589,2031
005/092-region-specific-Kagera-ASAQ-Others-ASAQ-Delay-0y,49,0.39446633718529284,2031
005/092-region-specific-Kagera-ASAQ-Others-ASAQ-Delay-0y,50,0.4030312861439427,2031
005/092-region-specific-Kagera-ASAQ-Others-ASAQ-Delay-0y,51,0.41567927370195085,2031
005/092-region-specific-Kagera-ASAQ-Others-ASAQ-Delay-0y,52,0.3979876102739726,2031
005/092-region-specific-Kagera-ASAQ-Others-ASAQ-Delay-0y,53,0.3667137387625878,2031
005/092-region-specific-Kagera-ASAQ-Others-ASAQ-Delay-0y,54,0.44060136961364793,2031
005/092-region-specific-Kagera-ASAQ-Others-ASAQ-Delay-0y,55,0.455544047274338,2031
005/092-region-specific-Kagera-ASAQ-Others-ASAQ-Delay-0y,56,0.40810267634627423,2031
005/092-region-specific-Kagera-ASAQ-Others-ASAQ-Delay-0y,57,0.36408627258678744,2031
005/092-region-specific-Kagera-ASAQ-Others-ASAQ-Delay-0y,58,0.45931552314001894,2031
005/092-region-specific-Kagera-ASAQ-Others-ASAQ-Delay-0y,59,0.29205567319045805,2031
005/092-region-specific-Kagera-ASAQ-Others-ASAQ-Delay-0y,60,0.40761814575812005,2031
005/092-region-specific-Kagera-ASAQ-Others-ASAQ-Delay-0y,61,0.3043224440619593,2031
005/092-region-specific-Kagera-ASAQ-Others-ASAQ-Delay-0y,62,0.36723338478912476,2031
005/092-region-specific-Kagera-ASAQ-Others-ASAQ-Delay-0y,63,0.36862681191346075,2031
005/092-region-specific-Kagera-ASAQ-Others-ASAQ-Delay-0y,64,0.374055596340585,2031
005/092-region-specific-Kagera-ASAQ-Others-ASAQ-Delay-0y,65,0.3762391451769835,2031
005/092-region-specific-Kagera-ASAQ-Others-ASAQ-Delay-0y,66,0.41537508697433184,2031
005/092-region-specific-Kagera-ASAQ-Others-ASAQ-Delay-0y,67,0.3078849209141665,2031
005/092-region-specific-Kagera-ASAQ-Others-ASAQ-Delay-0y,68,0.3756764064898428,2031
005/092-region-specific-Kagera-ASAQ-Others-ASAQ-Delay-0y,69,0.41143991604483404,2031
005/092-region-specific-Kagera-ASAQ-Others-ASAQ-Delay-0y,70,0.37691818463268084,2031
005/092-region-specific-Kagera-ASAQ-Others-ASAQ-Delay-0y,71,0.42026161253831407,2031
005/092-region-specific-Kagera-ASAQ-Others-ASAQ-Delay-0y,72,0.42514045725837996,2031
005/092-region-specific-Kagera-ASAQ-Others-ASAQ-Delay-0y,73,0.43556439657487306,2031
005/092-region-specific-Kagera-ASAQ-Others-ASAQ-Delay-0y,74,0.3882205021008282,2031
005/092-region-specific-Kagera-ASAQ-Others-ASAQ-Delay-0y,75,0.3971257259796341,2031
005/092-region-specific-Kagera-ASAQ-Others-ASAQ-Delay-0y,76,0.3965186550283188,2031
005/092-region-specific-Kagera-ASAQ-Others-ASAQ-Delay-0y,77,0.35397171052491233,2031
005/092-region-specific-Kagera-ASAQ-Others-ASAQ-Delay-0y,78,0.4620315967188621,2031
005/092-region-specific-Kagera-ASAQ-Others-ASAQ-Delay-0y,79,0.4204117422959139,2031
005/092-region-specific-Kagera-ASAQ-Others-ASAQ-Delay-0y,80,0.38832393883338173,2031
005/092-region-specific-Kagera-ASAQ-Others-ASAQ-Delay-0y,81,0.34697763327909575,2031
005/092-region-specific-Kagera-ASAQ-Others-ASAQ-Delay-0y,82,0.3295757580949688,2031
005/092-region-specific-Kagera-ASAQ-Others-ASAQ-Delay-0y,83,0.2684576535791477,2031
005/092-region-specific-Kagera-ASAQ-Others-ASAQ-Delay-0y,84,0.34468937365291596,2031
005/092-region-specific-Kagera-ASAQ-Others-ASAQ-Delay-0y,85,0.39545014699019787,2031
005/092-region-specific-Kagera-ASAQ-Others-ASAQ-Delay-0y,86,0.3755823350929985,2031
005/092-region-specific-Kagera-ASAQ-Others-ASAQ-Delay-0y,87,0.41373056637032724,2031
005/092-region-specific-Kagera-ASAQ-Others-ASAQ-Delay-0y,88,0.4047699807040446,2031
005/092-region-specific-Kagera-ASAQ-Others-ASAQ-Delay-0y,89,0.29055728325364555,2031
005/092-region-specific-Kagera-ASAQ-Others-ASAQ-Delay-0y,90,0.38356277188372606,2031
005/092-region-specific-Kagera-ASAQ-Others-ASAQ-Delay-0y,91,0.4149917776882133,2031
005/092-region-specific-Kagera-ASAQ-Others-ASAQ-Delay-0y,92,0.41268098370246803,2031
005/092-region-specific-Kagera-ASAQ-Others-ASAQ-Delay-0y,93,0.40001400179699903,2031
005/092-region-specific-Kagera-ASAQ-Others-ASAQ-Delay-0y,94,0.4573621441605164,2031
005/092-region-specific-Kagera-ASAQ-Others-ASAQ-Delay-0y,95,0.38373759916118894,2031
005/092-region-specific-Kagera-ASAQ-Others-ASAQ-Delay-0y,96,0.389403576705516,2031
005/092-region-specific-Kagera-ASAQ-Others-ASAQ-Delay-0y,97,0.3745802933736078,2031
005/092-region-specific-Kagera-ASAQ-Others-ASAQ-Delay-0y,98,0.4164919941734904,2031
005/092-region-specific-Kagera-ASAQ-Others-ASAQ-Delay-0y,99,0.38660067343161075,2031
005/093-region-specific-Kagera-ASAQ-Others-ASAQ-Delay-1y,0,0.3809479556701929,2031
005/093-region-specific-Kagera-ASAQ-Others-ASAQ-Delay-1y,1,0.4359746659101708,2031
005/093-region-specific-Kagera-ASAQ-Others-ASAQ-Delay-1y,2,0.4086492931332775,2031
005/093-region-specific-Kagera-ASAQ-Others-ASAQ-Delay-1y,3,0.410515969862842,2031
005/093-region-specific-Kagera-ASAQ-Others-ASAQ-Delay-1y,4,0.4045706007669346,2031
005/093-region-specific-Kagera-ASAQ-Others-ASAQ-Delay-1y,5,0.5125391296551561,2031
005/093-region-specific-Kagera-ASAQ-Others-ASAQ-Delay-1y,6,0.45168599496823864,2031
005/093-region-specific-Kagera-ASAQ-Others-ASAQ-Delay-1y,7,0.41227403664583323,2031
005/093-region-specific-Kagera-ASAQ-Others-ASAQ-Delay-1y,8,0.3265191535628744,2031
005/093-region-specific-Kagera-ASAQ-Others-ASAQ-Delay-1y,9,0.3414123478651987,2031
005/093-region-specific-Kagera-ASAQ-Others-ASAQ-Delay-1y,10,0.3901050645036448,2031
005/093-region-specific-Kagera-ASAQ-Others-ASAQ-Delay-1y,11,0.4688492909571083,2031
005/093-region-specific-Kagera-ASAQ-Others-ASAQ-Delay-1y,12,0.42131014077009926,2031
005/093-region-specific-Kagera-ASAQ-Others-ASAQ-Delay-1y,13,0.4061800380311136,2031
005/093-region-specific-Kagera-ASAQ-Others-ASAQ-Delay-1y,14,0.5144623296314484,2031
005/093-region-specific-Kagera-ASAQ-Others-ASAQ-Delay-1y,15,0.372468470318845,2031
005/093-region-specific-Kagera-ASAQ-Others-ASAQ-Delay-1y,16,0.4368714115362135,2031
005/093-region-specific-Kagera-ASAQ-Others-ASAQ-Delay-1y,17,0.30210759359572253,2031
005/093-region-specific-Kagera-ASAQ-Others-ASAQ-Delay-1y,18,0.5443479755923487,2031
005/093-region-specific-Kagera-ASAQ-Others-ASAQ-Delay-1y,19,0.49301210274607343,2031
005/093-region-specific-Kagera-ASAQ-Others-ASAQ-Delay-1y,20,0.44237268076646674,2031
005/093-region-specific-Kagera-ASAQ-Others-ASAQ-Delay-1y,21,0.46081574278020604,2031
005/093-region-specific-Kagera-ASAQ-Others-ASAQ-Delay-1y,22,0.3877557910162195,2031
005/093-region-specific-Kagera-ASAQ-Others-ASAQ-Delay-1y,23,0.3940770917341057,2031
005/093-region-specific-Kagera-ASAQ-Others-ASAQ-Delay-1y,24,0.5170277293080815,2031
005/093-region-specific-Kagera-ASAQ-Others-ASAQ-Delay-1y,25,0.3776527752315532,2031
005/093-region-specific-Kagera-ASAQ-Others-ASAQ-Delay-1y,26,0.4568302342410329,2031
005/093-region-specific-Kagera-ASAQ-Others-ASAQ-Delay-1y,27,0.42237985686516394,2031
005/093-region-specific-Kagera-ASAQ-Others-ASAQ-Delay-1y,28,0.3737637740715445,2031
005/093-region-specific-Kagera-ASAQ-Others-ASAQ-Delay-1y,29,0.40624538029847673,2031
005/093-region-specific-Kagera-ASAQ-Others-ASAQ-Delay-1y,30,0.40692342722154495,2031
005/093-region-specific-Kagera-ASAQ-Others-ASAQ-Delay-1y,31,0.41034282727677135,2031
005/093-region-specific-Kagera-ASAQ-Others-ASAQ-Delay-1y,32,0.4575208695077402,2031
005/093-region-specific-Kagera-ASAQ-Others-ASAQ-Delay-1y,33,0.34432895664739016,2031
005/093-region-specific-Kagera-ASAQ-Others-ASAQ-Delay-1y,34,0.41989171166463035,2031
005/093-region-specific-Kagera-ASAQ-Others-ASAQ-Delay-1y,35,0.4266583579240528,2031
005/093-region-specific-Kagera-ASAQ-Others-ASAQ-Delay-1y,36,0.36861543518264456,2031
005/093-region-specific-Kagera-ASAQ-Others-ASAQ-Delay-1y,37,0.43099066665073593,2031
005/093-region-specific-Kagera-ASAQ-Others-ASAQ-Delay-1y,38,0.46562706313185426,2031
005/093-region-specific-Kagera-ASAQ-Others-ASAQ-Delay-1y,39,0.4546524424551515,2031
005/093-region-specific-Kagera-ASAQ-Others-ASAQ-Delay-1y,40,0.4594238806452097,2031
005/093-region-specific-Kagera-ASAQ-Others-ASAQ-Delay-1y,41,0.4925167172968333,2031
005/093-region-specific-Kagera-ASAQ-Others-ASAQ-Delay-1y,42,0.35732841787095465,2031
005/093-region-specific-Kagera-ASAQ-Others-ASAQ-Delay-1y,43,0.40962335957030455,2031
005/093-region-specific-Kagera-ASAQ-Others-ASAQ-Delay-1y,44,0.44827681662141017,2031
005/093-region-specific-Kagera-ASAQ-Others-ASAQ-Delay-1y,45,0.36689920915933566,2031
005/093-region-specific-Kagera-ASAQ-Others-ASAQ-Delay-1y,46,0.40774247780400197,2031
005/093-region-specific-Kagera-ASAQ-Others-ASAQ-Delay-1y,47,0.4365127899256511,2031
005/093-region-specific-Kagera-ASAQ-Others-ASAQ-Delay-1y,48,0.38233002468536875,2031
005/093-region-specific-Kagera-ASAQ-Others-ASAQ-Delay-1y,49,0.36595025031640716,2031
005/093-region-specific-Kagera-ASAQ-Others-ASAQ-Delay-1y,50,0.38958789840750624,2031
005/093-region-specific-Kagera-ASAQ-Others-ASAQ-Delay-1y,51,0.32601006102333546,2031
005/093-region-specific-Kagera-ASAQ-Others-ASAQ-Delay-1y,52,0.4430177007191239,2031
005/093-region-specific-Kagera-ASAQ-Others-ASAQ-Delay-1y,53,0.4241700529623504,2031
005/093-region-specific-Kagera-ASAQ-Others-ASAQ-Delay-1y,54,0.4906363201470838,2031
005/093-region-specific-Kagera-ASAQ-Others-ASAQ-Delay-1y,55,0.4489138374213466,2031
005/093-region-specific-Kagera-ASAQ-Others-ASAQ-Delay-1y,56,0.36252944653769165,2031
005/093-region-specific-Kagera-ASAQ-Others-ASAQ-Delay-1y,57,0.4711178303129713,2031
005/093-region-specific-Kagera-ASAQ-Others-ASAQ-Delay-1y,58,0.46188538667923024,2031
005/093-region-specific-Kagera-ASAQ-Others-ASAQ-Delay-1y,59,0.5042038687869093,2031
005/093-region-specific-Kagera-ASAQ-Others-ASAQ-Delay-1y,60,0.4695486733738565,2031
005/093-region-specific-Kagera-ASAQ-Others-ASAQ-Delay-1y,61,0.4508205982489959,2031
005/093-region-specific-Kagera-ASAQ-Others-ASAQ-Delay-1y,62,0.3108909268927849,2031
005/093-region-specific-Kagera-ASAQ-Others-ASAQ-Delay-1y,63,0.46241889779922274,2031
005/093-region-specific-Kagera-ASAQ-Others-ASAQ-Delay-1y,64,0.41442708479494406,2031
005/093-region-specific-Kagera-ASAQ-Others-ASAQ-Delay-1y,65,0.46186313477980884,2031
005/093-region-specific-Kagera-ASAQ-Others-ASAQ-Delay-1y,66,0.455086454193103,2031
005/093-region-specific-Kagera-ASAQ-Others-ASAQ-Delay-1y,67,0.44036759094912137,2031
005/093-region-specific-Kagera-ASAQ-Others-ASAQ-Delay-1y,68,0.544388468276953,2031
005/093-region-specific-Kagera-ASAQ-Others-ASAQ-Delay-1y,69,0.38933950013357893,2031
005/093-region-specific-Kagera-ASAQ-Others-ASAQ-Delay-1y,70,0.46252462417811624,2031
005/093-region-specific-Kagera-ASAQ-Others-ASAQ-Delay-1y,71,0.4588994726169339,2031
005/093-region-specific-Kagera-ASAQ-Others-ASAQ-Delay-1y,72,0.4438475991556537,2031
005/093-region-specific-Kagera-ASAQ-Others-ASAQ-Delay-1y,73,0.4404427604448407,2031
005/093-region-specific-Kagera-ASAQ-Others-ASAQ-Delay-1y,74,0.3817331950479032,2031
005/093-region-specific-Kagera-ASAQ-Others-ASAQ-Delay-1y,75,0.39620296742579453,2031
005/093-region-specific-Kagera-ASAQ-Others-ASAQ-Delay-1y,76,0.44032345884726515,2031
005/093-region-specific-Kagera-ASAQ-Others-ASAQ-Delay-1y,77,0.5578330822891934,2031
005/093-region-specific-Kagera-ASAQ-Others-ASAQ-Delay-1y,78,0.40641035824192145,2031
005/093-region-specific-Kagera-ASAQ-Others-ASAQ-Delay-1y,79,0.4909060026937395,2031
005/093-region-specific-Kagera-ASAQ-Others-ASAQ-Delay-1y,80,0.4368624738394727,2031
005/093-region-specific-Kagera-ASAQ-Others-ASAQ-Delay-1y,81,0.3723639954659354,2031
005/093-region-specific-Kagera-ASAQ-Others-ASAQ-Delay-1y,82,0.44932049340381913,2031
005/093-region-specific-Kagera-ASAQ-Others-ASAQ-Delay-1y,83,0.40790448038322774,2031
005/093-region-specific-Kagera-ASAQ-Others-ASAQ-Delay-1y,84,0.3927721322320008,2031
005/093-region-specific-Kagera-ASAQ-Others-ASAQ-Delay-1y,85,0.3372421413497635,2031
005/093-region-specific-Kagera-ASAQ-Others-ASAQ-Delay-1y,86,0.46218379984295993,2031
005/093-region-specific-Kagera-ASAQ-Others-ASAQ-Delay-1y,87,0.4645790901205414,2031
005/093-region-specific-Kagera-ASAQ-Others-ASAQ-Delay-1y,88,0.3856161016664604,2031
005/093-region-specific-Kagera-ASAQ-Others-ASAQ-Delay-1y,89,0.4055560824170836,2031
005/093-region-specific-Kagera-ASAQ-Others-ASAQ-Delay-1y,90,0.5152060060621623,2031
005/093-region-specific-Kagera-ASAQ-Others-ASAQ-Delay-1y,91,0.40700582618399633,2031
005/093-region-specific-Kagera-ASAQ-Others-ASAQ-Delay-1y,92,0.29211767915534287,2031
005/093-region-specific-Kagera-ASAQ-Others-ASAQ-Delay-1y,93,0.4004327487213694,2031
005/093-region-specific-Kagera-ASAQ-Others-ASAQ-Delay-1y,94,0.3874289507303988,2031
005/093-region-specific-Kagera-ASAQ-Others-ASAQ-Delay-1y,95,0.3883928036432127,2031
005/093-region-specific-Kagera-ASAQ-Others-ASAQ-Delay-1y,96,0.4337283806021292,2031
005/093-region-specific-Kagera-ASAQ-Others-ASAQ-Delay-1y,97,0.4818883175311505,2031
005/093-region-specific-Kagera-ASAQ-Others-ASAQ-Delay-1y,98,0.39032388355754927,2031
005/093-region-specific-Kagera-ASAQ-Others-ASAQ-Delay-1y,99,0.35498687476864227,2031
005/094-region-specific-Kagera-ASAQ-Others-ASAQ-Delay-2y,0,0.4635584352880091,2031
005/094-region-specific-Kagera-ASAQ-Others-ASAQ-Delay-2y,1,0.43861577909931654,2031
005/094-region-specific-Kagera-ASAQ-Others-ASAQ-Delay-2y,2,0.3833616170541401,2031
005/094-region-specific-Kagera-ASAQ-Others-ASAQ-Delay-2y,3,0.4523338290286169,2031
005/094-region-specific-Kagera-ASAQ-Others-ASAQ-Delay-2y,4,0.46051366174575553,2031
005/094-region-specific-Kagera-ASAQ-Others-ASAQ-Delay-2y,5,0.429655260371953,2031
005/094-region-specific-Kagera-ASAQ-Others-ASAQ-Delay-2y,6,0.3725969208763667,2031
005/094-region-specific-Kagera-ASAQ-Others-ASAQ-Delay-2y,7,0.3712679265628675,2031
005/094-region-specific-Kagera-ASAQ-Others-ASAQ-Delay-2y,8,0.3803131273744354,2031
005/094-region-specific-Kagera-ASAQ-Others-ASAQ-Delay-2y,9,0.4129623359122243,2031
005/094-region-specific-Kagera-ASAQ-Others-ASAQ-Delay-2y,10,0.4531088425347951,2031
005/094-region-specific-Kagera-ASAQ-Others-ASAQ-Delay-2y,11,0.4593190091951604,2031
005/094-region-specific-Kagera-ASAQ-Others-ASAQ-Delay-2y,12,0.37168950174005455,2031
005/094-region-specific-Kagera-ASAQ-Others-ASAQ-Delay-2y,13,0.4525518260239328,2031
005/094-region-specific-Kagera-ASAQ-Others-ASAQ-Delay-2y,14,0.41341609697455833,2031
005/094-region-specific-Kagera-ASAQ-Others-ASAQ-Delay-2y,15,0.5272498825225232,2031
005/094-region-specific-Kagera-ASAQ-Others-ASAQ-Delay-2y,16,0.4973810250003299,2031
005/094-region-specific-Kagera-ASAQ-Others-ASAQ-Delay-2y,17,0.4685893569236042,2031
005/094-region-specific-Kagera-ASAQ-Others-ASAQ-Delay-2y,18,0.35756196341216134,2031
005/094-region-specific-Kagera-ASAQ-Others-ASAQ-Delay-2y,19,0.47265561688569374,2031
005/094-region-specific-Kagera-ASAQ-Others-ASAQ-Delay-2y,20,0.44491338313851986,2031
005/094-region-specific-Kagera-ASAQ-Others-ASAQ-Delay-2y,21,0.4771785667154311,2031
005/094-region-specific-Kagera-ASAQ-Others-ASAQ-Delay-2y,22,0.3671216942483739,2031
005/094-region-specific-Kagera-ASAQ-Others-ASAQ-Delay-2y,23,0.4353765668579241,2031
005/094-region-specific-Kagera-ASAQ-Others-ASAQ-Delay-2y,24,0.4545011571321138,2031
005/094-region-specific-Kagera-ASAQ-Others-ASAQ-Delay-2y,25,0.5378549853375303,2031
005/094-region-specific-Kagera-ASAQ-Others-ASAQ-Delay-2y,26,0.40526266951168655,2031
005/094-region-specific-Kagera-ASAQ-Others-ASAQ-Delay-2y,27,0.46292692782693506,2031
005/094-region-specific-Kagera-ASAQ-Others-ASAQ-Delay-2y,28,0.5146904924776526,2031
005/094-region-specific-Kagera-ASAQ-Others-ASAQ-Delay-2y,29,0.45150979721562373,2031
005/094-region-specific-Kagera-ASAQ-Others-ASAQ-Delay-2y,30,0.5799902406624452,2031
005/094-region-specific-Kagera-ASAQ-Others-ASAQ-Delay-2y,31,0.37218712331138887,2031
005/094-region-specific-Kagera-ASAQ-Others-ASAQ-Delay-2y,32,0.43831215092709996,2031
005/094-region-specific-Kagera-ASAQ-Others-ASAQ-Delay-2y,33,0.47159160048478155,2031
005/094-region-specific-Kagera-ASAQ-Others-ASAQ-Delay-2y,34,0.4626211475499094,2031
005/094-region-specific-Kagera-ASAQ-Others-ASAQ-Delay-2y,35,0.5138061642696512,2031
005/094-region-specific-Kagera-ASAQ-Others-ASAQ-Delay-2y,36,0.4422335296437651,2031
005/094-region-specific-Kagera-ASAQ-Others-ASAQ-Delay-2y,37,0.4701045391971921,2031
005/094-region-specific-Kagera-ASAQ-Others-ASAQ-Delay-2y,38,0.4477958843395269,2031
005/094-region-specific-Kagera-ASAQ-Others-ASAQ-Delay-2y,39,0.457193228387581,2031
005/094-region-specific-Kagera-ASAQ-Others-ASAQ-Delay-2y,40,0.46025677840170914,2031
005/094-region-specific-Kagera-ASAQ-Others-ASAQ-Delay-2y,41,0.48031845431318293,2031
005/094-region-specific-Kagera-ASAQ-Others-ASAQ-Delay-2y,42,0.411037672950679,2031
005/094-region-specific-Kagera-ASAQ-Others-ASAQ-Delay-2y,43,0.4532402738896373,2031
005/094-region-specific-Kagera-ASAQ-Others-ASAQ-Delay-2y,44,0.40174066953738724,2031
005/094-region-specific-Kagera-ASAQ-Others-ASAQ-Delay-2y,45,0.40653969918870425,2031
005/094-region-specific-Kagera-ASAQ-Others-ASAQ-Delay-2y,46,0.46197598105350596,2031
005/094-region-specific-Kagera-ASAQ-Others-ASAQ-Delay-2y,47,0.4055351115244323,2031
005/094-region-specific-Kagera-ASAQ-Others-ASAQ-Delay-2y,48,0.45981379247653537,2031
005/094-region-specific-Kagera-ASAQ-Others-ASAQ-Delay-2y,49,0.5189953116845057,2031
005/094-region-specific-Kagera-ASAQ-Others-ASAQ-Delay-2y,50,0.4561946027875605,2031
005/094-region-specific-Kagera-ASAQ-Others-ASAQ-Delay-2y,51,0.49772790083114354,2031
005/094-region-specific-Kagera-ASAQ-Others-ASAQ-Delay-2y,52,0.47142570725535055,2031
005/094-region-specific-Kagera-ASAQ-Others-ASAQ-Delay-2y,53,0.5304589188499728,2031
005/094-region-specific-Kagera-ASAQ-Others-ASAQ-Delay-2y,54,0.4384760469100373,2031
005/094-region-specific-Kagera-ASAQ-Others-ASAQ-Delay-2y,55,0.43442341627977216,2031
005/094-region-specific-Kagera-ASAQ-Others-ASAQ-Delay-2y,56,0.36856480938014435,2031
005/094-region-specific-Kagera-ASAQ-Others-ASAQ-Delay-2y,57,0.47099835065895057,2031
005/094-region-specific-Kagera-ASAQ-Others-ASAQ-Delay-2y,58,0.3782263985682321,2031
005/094-region-specific-Kagera-ASAQ-Others-ASAQ-Delay-2y,59,0.4823545682897105,2031
005/094-region-specific-Kagera-ASAQ-Others-ASAQ-Delay-2y,60,0.37243463347366407,2031
005/094-region-specific-Kagera-ASAQ-Others-ASAQ-Delay-2y,61,0.47665278643849884,2031
005/094-region-specific-Kagera-ASAQ-Others-ASAQ-Delay-2y,62,0.381235009647277,2031
005/094-region-specific-Kagera-ASAQ-Others-ASAQ-Delay-2y,63,0.48321009079308075,2031
005/094-region-specific-Kagera-ASAQ-Others-ASAQ-Delay-2y,64,0.4323059465070478,2031
005/094-region-specific-Kagera-ASAQ-Others-ASAQ-Delay-2y,65,0.44569770214548327,2031
005/094-region-specific-Kagera-ASAQ-Others-ASAQ-Delay-2y,66,0.3923594164535291,2031
005/094-region-specific-Kagera-ASAQ-Others-ASAQ-Delay-2y,67,0.45168520413722507,2031
005/094-region-specific-Kagera-ASAQ-Others-ASAQ-Delay-2y,68,0.3676966666759762,2031
005/094-region-specific-Kagera-ASAQ-Others-ASAQ-Delay-2y,69,0.42164110819085576,2031
005/094-region-specific-Kagera-ASAQ-Others-ASAQ-Delay-2y,70,0.4008050830776581,2031
005/094-region-specific-Kagera-ASAQ-Others-ASAQ-Delay-2y,71,0.36383040076884177,2031
005/094-region-specific-Kagera-ASAQ-Others-ASAQ-Delay-2y,72,0.48823044638740365,2031
005/094-region-specific-Kagera-ASAQ-Others-ASAQ-Delay-2y,73,0.5780056228703164,2031
005/094-region-specific-Kagera-ASAQ-Others-ASAQ-Delay-2y,74,0.4886830591372086,2031
005/094-region-specific-Kagera-ASAQ-Others-ASAQ-Delay-2y,75,0.36315557616647226,2031
005/094-region-specific-Kagera-ASAQ-Others-ASAQ-Delay-2y,76,0.6122630970696263,2031
005/094-region-specific-Kagera-ASAQ-Others-ASAQ-Delay-2y,77,0.48953155264485937,2031
005/094-region-specific-Kagera-ASAQ-Others-ASAQ-Delay-2y,78,0.5249923148097719,2031
005/094-region-specific-Kagera-ASAQ-Others-ASAQ-Delay-2y,79,0.36628056745364335,2031
005/094-region-specific-Kagera-ASAQ-Others-ASAQ-Delay-2y,80,0.4412222162300601,2031
005/094-region-specific-Kagera-ASAQ-Others-ASAQ-Delay-2y,81,0.5188211927994005,2031
005/094-region-specific-Kagera-ASAQ-Others-ASAQ-Delay-2y,82,0.38326578983793685,2031
005/094-region-specific-Kagera-ASAQ-Others-ASAQ-Delay-2y,83,0.5460180778135489,2031
005/094-region-specific-Kagera-ASAQ-Others-ASAQ-Delay-2y,84,0.5088513040010593,2031
005/094-region-specific-Kagera-ASAQ-Others-ASAQ-Delay-2y,85,0.4999964266577668,2031
005/094-region-specific-Kagera-ASAQ-Others-ASAQ-Delay-2y,86,0.4451505099492106,2031
005/094-region-specific-Kagera-ASAQ-Others-ASAQ-Delay-2y,87,0.43859269085014146,2031
005/094-region-specific-Kagera-ASAQ-Others-ASAQ-Delay-2y,88,0.4465114303081759,2031
005/094-region-specific-Kagera-ASAQ-Others-ASAQ-Delay-2y,89,0.45629284353099386,2031
005/094-region-specific-Kagera-ASAQ-Others-ASAQ-Delay-2y,90,0.4672523965656379,2031
005/094-region-specific-Kagera-ASAQ-Others-ASAQ-Delay-2y,91,0.37302594577644066,2031
005/094-region-specific-Kagera-ASAQ-Others-ASAQ-Delay-2y,92,0.390265837257806,2031
005/094-region-specific-Kagera-ASAQ-Others-ASAQ-Delay-2y,93,0.5470226522775713,2031
005/094-region-specific-Kagera-ASAQ-Others-ASAQ-Delay-2y,94,0.5071848385140052,2031
005/094-region-specific-Kagera-ASAQ-Others-ASAQ-Delay-2y,95,0.3992412532126197,2031
005/094-region-specific-Kagera-ASAQ-Others-ASAQ-Delay-2y,96,0.5274747399901445,2031
005/094-region-specific-Kagera-ASAQ-Others-ASAQ-Delay-2y,97,0.41864644728206585,2031
005/094-region-specific-Kagera-ASAQ-Others-ASAQ-Delay-2y,98,0.40532138474733714,2031
005/094-region-specific-Kagera-ASAQ-Others-ASAQ-Delay-2y,99,0.44727557630855924,2031
005/095-region-specific-Kagera-DHAPPQ-Others-ASAQ-Delay-0y,0,0.533734041989412,2031
005/095-region-specific-Kagera-DHAPPQ-Others-ASAQ-Delay-0y,1,0.45156005572067465,2031
005/095-region-specific-Kagera-DHAPPQ-Others-ASAQ-Delay-0y,2,0.3889288509016504,2031
005/095-region-specific-Kagera-DHAPPQ-Others-ASAQ-Delay-0y,3,0.4708224700271287,2031
005/095-region-specific-Kagera-DHAPPQ-Others-ASAQ-Delay-0y,4,0.5128399160882869,2031
005/095-region-specific-Kagera-DHAPPQ-Others-ASAQ-Delay-0y,5,0.6149890220819821,2031
005/095-region-specific-Kagera-DHAPPQ-Others-ASAQ-Delay-0y,6,0.4672988634934345,2031
005/095-region-specific-Kagera-DHAPPQ-Others-ASAQ-Delay-0y,7,0.5670268734611462,2031
005/095-region-specific-Kagera-DHAPPQ-Others-ASAQ-Delay-0y,8,0.4653112207918711,2031
005/095-region-specific-Kagera-DHAPPQ-Others-ASAQ-Delay-0y,9,0.47564587374027606,2031
005/095-region-specific-Kagera-DHAPPQ-Others-ASAQ-Delay-0y,10,0.4804302923255592,2031
005/095-region-specific-Kagera-DHAPPQ-Others-ASAQ-Delay-0y,11,0.4787690857501487,2031
005/095-region-specific-Kagera-DHAPPQ-Others-ASAQ-Delay-0y,12,0.5201637154133985,2031
005/095-region-specific-Kagera-DHAPPQ-Others-ASAQ-Delay-0y,13,0.5281031578091977,2031
005/095-region-specific-Kagera-DHAPPQ-Others-ASAQ-Delay-0y,14,0.40866221170770817,2031
005/095-region-specific-Kagera-DHAPPQ-Others-ASAQ-Delay-0y,15,0.4839777480770258,2031
005/095-region-specific-Kagera-DHAPPQ-Others-ASAQ-Delay-0y,16,0.40039230664528597,2031
005/095-region-specific-Kagera-DHAPPQ-Others-ASAQ-Delay-0y,17,0.38399212282551565,2031
005/095-region-specific-Kagera-DHAPPQ-Others-ASAQ-Delay-0y,18,0.5221061433548866,2031
005/095-region-specific-Kagera-DHAPPQ-Others-ASAQ-Delay-0y,19,0.5740847990410495,2031
005/095-region-specific-Kagera-DHAPPQ-Others-ASAQ-Delay-0y,20,0.5397589353172496,2031
005/095-region-specific-Kagera-DHAPPQ-Others-ASAQ-Delay-0y,21,0.4848320148984766,2031
005/095-region-specific-Kagera-DHAPPQ-Others-ASAQ-Delay-0y,22,0.5332490522959911,2031
005/095-region-specific-Kagera-DHAPPQ-Others-ASAQ-Delay-0y,23,0.4889892603119634,2031
005/095-region-specific-Kagera-DHAPPQ-Others-ASAQ-Delay-0y,24,0.5567814288324854,2031
005/095-region-specific-Kagera-DHAPPQ-Others-ASAQ-Delay-0y,25,0.5140014850828979,2031
005/095-region-specific-Kagera-DHAPPQ-Others-ASAQ-Delay-0y,26,0.4880155163943347,2031
005/095-region-specific-Kagera-DHAPPQ-Others-ASAQ-Delay-0y,27,0.44014317571953643,2031
005/095-region-specific-Kagera-DHAPPQ-Others-ASAQ-Delay-0y,28,0.5120146431475068,2031
005/095-region-specific-Kagera-DHAPPQ-Others-ASAQ-Delay-0y,29,0.5134837093028995,2031
005/095-region-specific-Kagera-DHAPPQ-Others-ASAQ-Delay-0y,30,0.40607089691044385,2031
005/095-region-specific-Kagera-DHAPPQ-Others-ASAQ-Delay-0y,31,0.602059160393988,2031
005/095-region-specific-Kagera-DHAPPQ-Others-ASAQ-Delay-0y,32,0.4812088834369577,2031
005/095-region-specific-Kagera-DHAPPQ-Others-ASAQ-Delay-0y,33,0.5446571777214938,2031
005/095-region-specific-Kagera-DHAPPQ-Others-ASAQ-Delay-0y,34,0.5070335183070597,2031
005/095-region-specific-Kagera-DHAPPQ-Others-ASAQ-Delay-0y,35,0.502878091438945,2031
005/095-region-specific-Kagera-DHAPPQ-Others-ASAQ-Delay-0y,36,0.5377541150235127,2031
005/095-region-specific-Kagera-DHAPPQ-Others-ASAQ-Delay-0y,37,0.42052079065403897,2031
005/095-region-specific-Kagera-DHAPPQ-Others-ASAQ-Delay-0y,38,0.5470578750601818,2031
005/095-region-specific-Kagera-DHAPPQ-Others-ASAQ-Delay-0y,39,0.44678553496917783,2031
005/095-region-specific-Kagera-DHAPPQ-Others-ASAQ-Delay-0y,40,0.5487300954302993,2031
005/095-region-specific-Kagera-DHAPPQ-Others-ASAQ-Delay-0y,41,0.5424098273920962,2031
005/095-region-specific-Kagera-DHAPPQ-Others-ASAQ-Delay-0y,42,0.5123501022657755,2031
005/095-region-specific-Kagera-DHAPPQ-Others-ASAQ-Delay-0y,43,0.579806802710223,2031
005/095-region-specific-Kagera-DHAPPQ-Others-ASAQ-Delay-0y,44,0.5321050599537258,2031
005/095-region-specific-Kagera-DHAPPQ-Others-ASAQ-Delay-0y,45,0.5176439900169847,2031
005/095-region-specific-Kagera-DHAPPQ-Others-ASAQ-Delay-0y,46,0.45290846867606066,2031
005/095-region-specific-Kagera-DHAPPQ-Others-ASAQ-Delay-0y,47,0.49837432863791825,2031
005/095-region-specific-Kagera-DHAPPQ-Others-ASAQ-Delay-0y,48,0.3578031456828344,2031
005/095-region-specific-Kagera-DHAPPQ-Others-ASAQ-Delay-0y,49,0.4502028227052784,2031
005/095-region-specific-Kagera-DHAPPQ-Others-ASAQ-Delay-0y,50,0.5245900874280626,2031
005/095-region-specific-Kagera-DHAPPQ-Others-ASAQ-Delay-0y,51,0.4381663299583583,2031
005/095-region-specific-Kagera-DHAPPQ-Others-ASAQ-Delay-0y,52,0.5765041599085535,2031
005/095-region-specific-Kagera-DHAPPQ-Others-ASAQ-Delay-0y,53,0.5319193845614151,2031
005/095-region-specific-Kagera-DHAPPQ-Others-ASAQ-Delay-0y,54,0.48936292610161475,2031
005/095-region-specific-Kagera-DHAPPQ-Others-ASAQ-Delay-0y,55,0.5580615235216189,2031
005/095-region-specific-Kagera-DHAPPQ-Others-ASAQ-Delay-0y,56,0.500129237597459,2031
005/095-region-specific-Kagera-DHAPPQ-Others-ASAQ-Delay-0y,57,0.40048103507911986,2031
005/095-region-specific-Kagera-DHAPPQ-Others-ASAQ-Delay-0y,58,0.4995683126304639,2031
005/095-region-specific-Kagera-DHAPPQ-Others-ASAQ-Delay-0y,59,0.4445881061908179,2031
005/095-region-specific-Kagera-DHAPPQ-Others-ASAQ-Delay-0y,60,0.5782001078580702,2031
005/095-region-specific-Kagera-DHAPPQ-Others-ASAQ-Delay-0y,61,0.5877143376603416,2031
005/095-region-specific-Kagera-DHAPPQ-Others-ASAQ-Delay-0y,62,0.5503318431229031,2031
005/095-region-specific-Kagera-DHAPPQ-Others-ASAQ-Delay-0y,63,0.5759241718100837,2031
005/095-region-specific-Kagera-DHAPPQ-Others-ASAQ-Delay-0y,64,0.49968666128060396,2031
005/095-region-specific-Kagera-DHAPPQ-Others-ASAQ-Delay-0y,65,0.42093200332305186,2031
005/095-region-specific-Kagera-DHAPPQ-Others-ASAQ-Delay-0y,66,0.4207608922904436,2031
005/095-region-specific-Kagera-DHAPPQ-Others-ASAQ-Delay-0y,67,0.5175239727472828,2031
005/095-region-specific-Kagera-DHAPPQ-Others-ASAQ-Delay-0y,68,0.5015861275932155,2031
005/095-region-specific-Kagera-DHAPPQ-Others-ASAQ-Delay-0y,69,0.47134241660039583,2031
005/095-region-specific-Kagera-DHAPPQ-Others-ASAQ-Delay-0y,70,0.4887246046529241,2031
005/095-region-specific-Kagera-DHAPPQ-Others-ASAQ-Delay-0y,71,0.5041335305185446,2031
005/095-region-specific-Kagera-DHAPPQ-Others-ASAQ-Delay-0y,72,0.5227459113787299,2031
005/095-region-specific-Kagera-DHAPPQ-Others-ASAQ-Delay-0y,73,0.45898892733400576,2031
005/095-region-specific-Kagera-DHAPPQ-Others-ASAQ-Delay-0y,74,0.49576707685287724,2031
005/095-region-specific-Kagera-DHAPPQ-Others-ASAQ-Delay-0y,75,0.5168052758202165,2031
005/095-region-specific-Kagera-DHAPPQ-Others-ASAQ-Delay-0y,76,0.3725249047713392,2031
005/095-region-specific-Kagera-DHAPPQ-Others-ASAQ-Delay-0y,77,0.5436395897190985,2031
005/095-region-specific-Kagera-DHAPPQ-Others-ASAQ-Delay-0y,78,0.4967661025900445,2031
005/095-region-specific-Kagera-DHAPPQ-Others-ASAQ-Delay-0y,79,0.6080947350909632,2031
005/095-region-specific-Kagera-DHAPPQ-Others-ASAQ-Delay-0y,80,0.5089430250113632,2031
005/095-region-specific-Kagera-DHAPPQ-Others-ASAQ-Delay-0y,81,0.6363083332142928,2031
005/095-region-specific-Kagera-DHAPPQ-Others-ASAQ-Delay-0y,82,0.5291660169929833,2031
005/095-region-specific-Kagera-DHAPPQ-Others-ASAQ-Delay-0y,83,0.49405716544916106,2031
005/095-region-specific-Kagera-DHAPPQ-Others-ASAQ-Delay-0y,84,0.4245747881644189,2031
005/095-region-specific-Kagera-DHAPPQ-Others-ASAQ-Delay-0y,85,0.3968039139258086,2031
005/095-region-specific-Kagera-DHAPPQ-Others-ASAQ-Delay-0y,86,0.540999075434816,2031
005/095-region-specific-Kagera-DHAPPQ-Others-ASAQ-Delay-0y,87,0.5755238120050283,2031
005/095-region-specific-Kagera-DHAPPQ-Others-ASAQ-Delay-0y,88,0.39491660564719083,2031
005/095-region-specific-Kagera-DHAPPQ-Others-ASAQ-Delay-0y,89,0.46977814963136244,2031
005/095-region-specific-Kagera-DHAPPQ-Others-ASAQ-Delay-0y,90,0.4069597584360261,2031
005/095-region-specific-Kagera-DHAPPQ-Others-ASAQ-Delay-0y,91,0.4302483201852016,2031
005/095-region-specific-Kagera-DHAPPQ-Others-ASAQ-Delay-0y,92,0.49105118094760464,2031
005/095-region-specific-Kagera-DHAPPQ-Others-ASAQ-Delay-0y,93,0.5140295557342236,2031
005/095-region-specific-Kagera-DHAPPQ-Others-ASAQ-Delay-0y,94,0.5021499439080221,2031
005/095-region-specific-Kagera-DHAPPQ-Others-ASAQ-Delay-0y,95,0.4664588080095866,2031
005/095-region-specific-Kagera-DHAPPQ-Others-ASAQ-Delay-0y,96,0.543326724366766,2031
005/095-region-specific-Kagera-DHAPPQ-Others-ASAQ-Delay-0y,97,0.6226384859665585,2031
005/095-region-specific-Kagera-DHAPPQ-Others-ASAQ-Delay-0y,98,0.4663995673819965,2031
005/095-region-specific-Kagera-DHAPPQ-Others-ASAQ-Delay-0y,99,0.4574495544085815,2031
005/096-region-specific-Kagera-DHAPPQ-Others-ASAQ-Delay-1y,0,0.45260794550784733,2031
005/096-region-specific-Kagera-DHAPPQ-Others-ASAQ-Delay-1y,1,0.48015140374563775,2031
005/096-region-specific-Kagera-DHAPPQ-Others-ASAQ-Delay-1y,2,0.4561900184951393,2031
005/096-region-specific-Kagera-DHAPPQ-Others-ASAQ-Delay-1y,3,0.5190911932010494,2031
005/096-region-specific-Kagera-DHAPPQ-Others-ASAQ-Delay-1y,4,0.4969049478211109,2031
005/096-region-specific-Kagera-DHAPPQ-Others-ASAQ-Delay-1y,5,0.5848331617364029,2031
005/096-region-specific-Kagera-DHAPPQ-Others-ASAQ-Delay-1y,6,0.48935031583466126,2031
005/096-region-specific-Kagera-DHAPPQ-Others-ASAQ-Delay-1y,7,0.6384497133646618,2031
005/096-region-specific-Kagera-DHAPPQ-Others-ASAQ-Delay-1y,8,0.5456553141854712,2031
005/096-region-specific-Kagera-DHAPPQ-Others-ASAQ-Delay-1y,9,0.4439852684462711,2031
005/096-region-specific-Kagera-DHAPPQ-Others-ASAQ-Delay-1y,10,0.4829797001393264,2031
005/096-region-specific-Kagera-DHAPPQ-Others-ASAQ-Delay-1y,11,0.4492431020864546,2031
005/096-region-specific-Kagera-DHAPPQ-Others-ASAQ-Delay-1y,12,0.5390923199321985,2031
005/096-region-specific-Kagera-DHAPPQ-Others-ASAQ-Delay-1y,13,0.5169107993390697,2031
005/096-region-specific-Kagera-DHAPPQ-Others-ASAQ-Delay-1y,14,0.5173440970336786,2031
005/096-region-specific-Kagera-DHAPPQ-Others-ASAQ-Delay-1y,15,0.5047042745912611,2031
005/096-region-specific-Kagera-DHAPPQ-Others-ASAQ-Delay-1y,16,0.468611922048707,2031
005/096-region-specific-Kagera-DHAPPQ-Others-ASAQ-Delay-1y,17,0.5687558054740488,2031
005/096-region-specific-Kagera-DHAPPQ-Others-ASAQ-Delay-1y,18,0.40722393354023106,2031
005/096-region-specific-Kagera-DHAPPQ-Others-ASAQ-Delay-1y,19,0.4644897521035735,2031
005/096-region-specific-Kagera-DHAPPQ-Others-ASAQ-Delay-1y,20,0.5742597212913029,2031
005/096-region-specific-Kagera-DHAPPQ-Others-ASAQ-Delay-1y,21,0.6520903831563417,2031
005/096-region-specific-Kagera-DHAPPQ-Others-ASAQ-Delay-1y,22,0.45297577084988844,2031
005/096-region-specific-Kagera-DHAPPQ-Others-ASAQ-Delay-1y,23,0.5407644086139342,2031
005/096-region-specific-Kagera-DHAPPQ-Others-ASAQ-Delay-1y,24,0.4648276529926605,2031
005/096-region-specific-Kagera-DHAPPQ-Others-ASAQ-Delay-1y,25,0.5315076368039259,2031
005/096-region-specific-Kagera-DHAPPQ-Others-ASAQ-Delay-1y,26,0.5095365665861028,2031
005/096-region-specific-Kagera-DHAPPQ-Others-ASAQ-Delay-1y,27,0.5056879111112674,2031
005/096-region-specific-Kagera-DHAPPQ-Others-ASAQ-Delay-1y,28,0.4942483753631661,2031
005/096-region-specific-Kagera-DHAPPQ-Others-ASAQ-Delay-1y,29,0.5474918892193696,2031
005/096-region-specific-Kagera-DHAPPQ-Others-ASAQ-Delay-1y,30,0.5673239950298723,2031
005/096-region-specific-Kagera-DHAPPQ-Others-ASAQ-Delay-1y,31,0.4808981344097673,2031
005/096-region-specific-Kagera-DHAPPQ-Others-ASAQ-Delay-1y,32,0.6245514673305759,2031
005/096-region-specific-Kagera-DHAPPQ-Others-ASAQ-Delay-1y,33,0.5378771746266708,2031
005/096-region-specific-Kagera-DHAPPQ-Others-ASAQ-Delay-1y,34,0.4513543806095877,2031
005/096-region-specific-Kagera-DHAPPQ-Others-ASAQ-Delay-1y,35,0.5633780827589656,2031
005/096-region-specific-Kagera-DHAPPQ-Others-ASAQ-Delay-1y,36,0.6095493515465895,2031
005/096-region-specific-Kagera-DHAPPQ-Others-ASAQ-Delay-1y,37,0.4521971789226296,2031
005/096-region-specific-Kagera-DHAPPQ-Others-ASAQ-Delay-1y,38,0.5060205415173097,2031
005/096-region-specific-Kagera-DHAPPQ-Others-ASAQ-Delay-1y,39,0.4403873827865275,2031
005/096-region-specific-Kagera-DHAPPQ-Others-ASAQ-Delay-1y,40,0.6198030389781058,2031
005/096-region-specific-Kagera-DHAPPQ-Others-ASAQ-Delay-1y,41,0.5926407056281967,2031
005/096-region-specific-Kagera-DHAPPQ-Others-ASAQ-Delay-1y,42,0.5554137496249208,2031
005/096-region-specific-Kagera-DHAPPQ-Others-ASAQ-Delay-1y,43,0.6023548002281517,2031
005/096-region-specific-Kagera-DHAPPQ-Others-ASAQ-Delay-1y,44,0.46655768744389925,2031
005/096-region-specific-Kagera-DHAPPQ-Others-ASAQ-Delay-1y,45,0.4445134065235751,2031
005/096-region-specific-Kagera-DHAPPQ-Others-ASAQ-Delay-1y,46,0.5259208067291167,2031
005/096-region-specific-Kagera-DHAPPQ-Others-ASAQ-Delay-1y,47,0.4902570840476168,2031
005/096-region-specific-Kagera-DHAPPQ-Others-ASAQ-Delay-1y,48,0.5089708350237769,2031
005/096-region-specific-Kagera-DHAPPQ-Others-ASAQ-Delay-1y,49,0.4765271868731779,2031
005/096-region-specific-Kagera-DHAPPQ-Others-ASAQ-Delay-1y,50,0.5556019548039767,2031
005/096-region-specific-Kagera-DHAPPQ-Others-ASAQ-Delay-1y,51,0.5411879429150589,2031
005/096-region-specific-Kagera-DHAPPQ-Others-ASAQ-Delay-1y,52,0.43637153572299286,2031
005/096-region-specific-Kagera-DHAPPQ-Others-ASAQ-Delay-1y,53,0.44936257594846957,2031
005/096-region-specific-Kagera-DHAPPQ-Others-ASAQ-Delay-1y,54,0.517491594248091,2031
005/096-region-specific-Kagera-DHAPPQ-Others-ASAQ-Delay-1y,55,0.5912024287514107,2031
005/096-region-specific-Kagera-DHAPPQ-Others-ASAQ-Delay-1y,56,0.4828922607636474,2031
005/096-region-specific-Kagera-DHAPPQ-Others-ASAQ-Delay-1y,57,0.5025534082111566,2031
005/096-region-specific-Kagera-DHAPPQ-Others-ASAQ-Delay-1y,58,0.5557779784546474,2031
005/096-region-specific-Kagera-DHAPPQ-Others-ASAQ-Delay-1y,59,0.4813438253397031,2031
005/096-region-specific-Kagera-DHAPPQ-Others-ASAQ-Delay-1y,60,0.6087847773401821,2031
005/096-region-specific-Kagera-DHAPPQ-Others-ASAQ-Delay-1y,61,0.4493491176623668,2031
005/096-region-specific-Kagera-DHAPPQ-Others-ASAQ-Delay-1y,62,0.5969783093177556,2031
005/096-region-specific-Kagera-DHAPPQ-Others-ASAQ-Delay-1y,63,0.5730353655497623,2031
005/096-region-specific-Kagera-DHAPPQ-Others-ASAQ-Delay-1y,64,0.5348967346357175,2031
005/096-region-specific-Kagera-DHAPPQ-Others-ASAQ-Delay-1y,65,0.5872890464667383,2031
005/096-region-specific-Kagera-DHAPPQ-Others-ASAQ-Delay-1y,66,0.45521542369006324,2031
005/096-region-specific-Kagera-DHAPPQ-Others-ASAQ-Delay-1y,67,0.6174810206735734,2031
005/096-region-specific-Kagera-DHAPPQ-Others-ASAQ-Delay-1y,68,0.4689356236929821,2031
005/096-region-specific-Kagera-DHAPPQ-Others-ASAQ-Delay-1y,69,0.5532098809271329,2031
005/096-region-specific-Kagera-DHAPPQ-Others-ASAQ-Delay-1y,70,0.6233122457073278,2031
005/096-region-specific-Kagera-DHAPPQ-Others-ASAQ-Delay-1y,71,0.49707052057117757,2031
005/096-region-specific-Kagera-DHAPPQ-Others-ASAQ-Delay-1y,72,0.6286519710877483,2031
005/096-region-specific-Kagera-DHAPPQ-Others-ASAQ-Delay-1y,73,0.45539984551752416,2031
005/096-region-specific-Kagera-DHAPPQ-Others-ASAQ-Delay-1y,74,0.5713497061794309,2031
005/096-region-specific-Kagera-DHAPPQ-Others-ASAQ-Delay-1y,75,0.5186371533897066,2031
005/096-region-specific-Kagera-DHAPPQ-Others-ASAQ-Delay-1y,76,0.6367208956888637,2031
005/096-region-specific-Kagera-DHAPPQ-Others-ASAQ-Delay-1y,77,0.55292772146201,2031
005/096-region-specific-Kagera-DHAPPQ-Others-ASAQ-Delay-1y,78,0.5888991320599232,2031
005/096-region-specific-Kagera-DHAPPQ-Others-ASAQ-Delay-1y,79,0.527805867515815,2031
005/096-region-specific-Kagera-DHAPPQ-Others-ASAQ-Delay-1y,80,0.5028473644115549,2031
005/096-region-specific-Kagera-DHAPPQ-Others-ASAQ-Delay-1y,81,0.5180374480684001,2031
005/096-region-specific-Kagera-DHAPPQ-Others-ASAQ-Delay-1y,82,0.5593735596916901,2031
005/096-region-specific-Kagera-DHAPPQ-Others-ASAQ-Delay-1y,83,0.542210104244593,2031
005/096-region-specific-Kagera-DHAPPQ-Others-ASAQ-Delay-1y,84,0.48755540520326107,2031
005/096-region-specific-Kagera-DHAPPQ-Others-ASAQ-Delay-1y,85,0.5646175561567707,2031
005/096-region-specific-Kagera-DHAPPQ-Others-ASAQ-Delay-1y,86,0.41119925525255935,2031
005/096-region-specific-Kagera-DHAPPQ-Others-ASAQ-Delay-1y,87,0.4939048485575431,2031
005/096-region-specific-Kagera-DHAPPQ-Others-ASAQ-Delay-1y,88,0.5036085556028218,2031
005/096-region-specific-Kagera-DHAPPQ-Others-ASAQ-Delay-1y,89,0.48659355960986755,2031
005/096-region-specific-Kagera-DHAPPQ-Others-ASAQ-Delay-1y,90,0.6165056429872354,2031
005/096-region-specific-Kagera-DHAPPQ-Others-ASAQ-Delay-1y,91,0.5405310216280153,2031
005/096-region-specific-Kagera-DHAPPQ-Others-ASAQ-Delay-1y,92,0.6602179320171021,2031
005/096-region-specific-Kagera-DHAPPQ-Others-ASAQ-Delay-1y,93,0.482212668108005,2031
005/096-region-specific-Kagera-DHAPPQ-Others-ASAQ-Delay-1y,94,0.47255670739325284,2031
005/096-region-specific-Kagera-DHAPPQ-Others-ASAQ-Delay-1y,95,0.531832867664855,2031
005/096-region-specific-Kagera-DHAPPQ-Others-ASAQ-Delay-1y,96,0.5412927846009589,2031
005/096-region-specific-Kagera-DHAPPQ-Others-ASAQ-Delay-1y,97,0.5743205063401389,2031
005/096-region-specific-Kagera-DHAPPQ-Others-ASAQ-Delay-1y,98,0.4961794782364108,2031
005/096-region-specific-Kagera-DHAPPQ-Others-ASAQ-Delay-1y,99,0.5584998002728955,2031
005/097-region-specific-Kagera-DHAPPQ-Others-ASAQ-Delay-2y,0,0.6090079829718217,2031
005/097-region-specific-Kagera-DHAPPQ-Others-ASAQ-Delay-2y,1,0.5492216682590499,2031
005/097-region-specific-Kagera-DHAPPQ-Others-ASAQ-Delay-2y,2,0.5471375548969429,2031
005/097-region-specific-Kagera-DHAPPQ-Others-ASAQ-Delay-2y,3,0.444596042047199,2031
005/097-region-specific-Kagera-DHAPPQ-Others-ASAQ-Delay-2y,4,0.5508169394100976,2031
005/097-region-specific-Kagera-DHAPPQ-Others-ASAQ-Delay-2y,5,0.5661501296601927,2031
005/097-region-specific-Kagera-DHAPPQ-Others-ASAQ-Delay-2y,6,0.5320717631533708,2031
005/097-region-specific-Kagera-DHAPPQ-Others-ASAQ-Delay-2y,7,0.6485280197683038,2031
005/097-region-specific-Kagera-DHAPPQ-Others-ASAQ-Delay-2y,8,0.5202937685089811,2031
005/097-region-specific-Kagera-DHAPPQ-Others-ASAQ-Delay-2y,9,0.44979825003698976,2031
005/097-region-specific-Kagera-DHAPPQ-Others-ASAQ-Delay-2y,10,0.5486298227696828,2031
005/097-region-specific-Kagera-DHAPPQ-Others-ASAQ-Delay-2y,11,0.4731504456465774,2031
005/097-region-specific-Kagera-DHAPPQ-Others-ASAQ-Delay-2y,12,0.5220171577545177,2031
005/097-region-specific-Kagera-DHAPPQ-Others-ASAQ-Delay-2y,13,0.615973366298337,2031
005/097-region-specific-Kagera-DHAPPQ-Others-ASAQ-Delay-2y,14,0.5426903307613992,2031
005/097-region-specific-Kagera-DHAPPQ-Others-ASAQ-Delay-2y,15,0.5691931062519718,2031
005/097-region-specific-Kagera-DHAPPQ-Others-ASAQ-Delay-2y,16,0.5155261548760827,2031
005/097-region-specific-Kagera-DHAPPQ-Others-ASAQ-Delay-2y,17,0.5613169915831078,2031
005/097-region-specific-Kagera-DHAPPQ-Others-ASAQ-Delay-2y,18,0.5567300903537452,2031
005/097-region-specific-Kagera-DHAPPQ-Others-ASAQ-Delay-2y,19,0.6462377189064705,2031
005/097-region-specific-Kagera-DHAPPQ-Others-ASAQ-Delay-2y,20,0.5930740139314583,2031
005/097-region-specific-Kagera-DHAPPQ-Others-ASAQ-Delay-2y,21,0.4626959697329159,2031
005/097-region-specific-Kagera-DHAPPQ-Others-ASAQ-Delay-2y,22,0.6194851747708893,2031
005/097-region-specific-Kagera-DHAPPQ-Others-ASAQ-Delay-2y,23,0.47505594001756596,2031
005/097-region-specific-Kagera-DHAPPQ-Others-ASAQ-Delay-2y,24,0.6135007231086974,2031
005/097-region-specific-Kagera-DHAPPQ-Others-ASAQ-Delay-2y,25,0.5468204382704163,2031
005/097-region-specific-Kagera-DHAPPQ-Others-ASAQ-Delay-2y,26,0.5257225802973599,2031
005/097-region-specific-Kagera-DHAPPQ-Others-ASAQ-Delay-2y,27,0.494180892558403,2031
005/097-region-specific-Kagera-DHAPPQ-Others-ASAQ-Delay-2y,28,0.5393094418072567,2031
005/097-region-specific-Kagera-DHAPPQ-Others-ASAQ-Delay-2y,29,0.5564962130168657,2031
005/097-region-specific-Kagera-DHAPPQ-Others-ASAQ-Delay-2y,30,0.5646763214658153,2031
005/097-region-specific-Kagera-DHAPPQ-Others-ASAQ-Delay-2y,31,0.6364371873005167,2031
005/097-region-specific-Kagera-DHAPPQ-Others-ASAQ-Delay-2y,32,0.5191493801988579,2031
005/097-region-specific-Kagera-DHAPPQ-Others-ASAQ-Delay-2y,33,0.5165824901925361,2031
005/097-region-specific-Kagera-DHAPPQ-Others-ASAQ-Delay-2y,34,0.5761398354134861,2031
005/097-region-specific-Kagera-DHAPPQ-Others-ASAQ-Delay-2y,35,0.4800430754098013,2031
005/097-region-specific-Kagera-DHAPPQ-Others-ASAQ-Delay-2y,36,0.4573419205302692,2031
005/097-region-specific-Kagera-DHAPPQ-Others-ASAQ-Delay-2y,37,0.6211922588464128,2031
005/097-region-specific-Kagera-DHAPPQ-Others-ASAQ-Delay-2y,38,0.5364772169355178,2031
005/097-region-specific-Kagera-DHAPPQ-Others-ASAQ-Delay-2y,39,0.5415398872177801,2031
005/097-region-specific-Kagera-DHAPPQ-Others-ASAQ-Delay-2y,40,0.6228523790297117,2031
005/097-region-specific-Kagera-DHAPPQ-Others-ASAQ-Delay-2y,41,0.6425673847423158,2031
005/097-region-specific-Kagera-DHAPPQ-Others-ASAQ-Delay-2y,42,0.5107935161641896,2031
005/097-region-specific-Kagera-DHAPPQ-Others-ASAQ-Delay-2y,43,0.501343433336921,2031
005/097-region-specific-Kagera-DHAPPQ-Others-ASAQ-Delay-2y,44,0.5784427431159186,2031
005/097-region-specific-Kagera-DHAPPQ-Others-ASAQ-Delay-2y,45,0.5434382197392926,2031
005/097-region-specific-Kagera-DHAPPQ-Others-ASAQ-Delay-2y,46,0.5086801181013437,2031
005/097-region-specific-Kagera-DHAPPQ-Others-ASAQ-Delay-2y,47,0.534534464140001,2031
005/097-region-specific-Kagera-DHAPPQ-Others-ASAQ-Delay-2y,48,0.5119528869395246,2031
005/097-region-specific-Kagera-DHAPPQ-Others-ASAQ-Delay-2y,49,0.6852036207038364,2031
005/097-region-specific-Kagera-DHAPPQ-Others-ASAQ-Delay-2y,50,0.6628825233207563,2031
005/097-region-specific-Kagera-DHAPPQ-Others-ASAQ-Delay-2y,51,0.5528906321809156,2031
005/097-region-specific-Kagera-DHAPPQ-Others-ASAQ-Delay-2y,52,0.5368674631451663,2031
005/097-region-specific-Kagera-DHAPPQ-Others-ASAQ-Delay-2y,53,0.5749008571586184,2031
005/097-region-specific-Kagera-DHAPPQ-Others-ASAQ-Delay-2y,54,0.5258388071619206,2031
005/097-region-specific-Kagera-DHAPPQ-Others-ASAQ-Delay-2y,55,0.5556199903236486,2031
005/097-region-specific-Kagera-DHAPPQ-Others-ASAQ-Delay-2y,56,0.4937924852250621,2031
005/097-region-specific-Kagera-DHAPPQ-Others-ASAQ-Delay-2y,57,0.6067773229135595,2031
005/097-region-specific-Kagera-DHAPPQ-Others-ASAQ-Delay-2y,58,0.5836584154463769,2031
005/097-region-specific-Kagera-DHAPPQ-Others-ASAQ-Delay-2y,59,0.5568783120310902,2031
005/097-region-specific-Kagera-DHAPPQ-Others-ASAQ-Delay-2y,60,0.5651769472688856,2031
005/097-region-specific-Kagera-DHAPPQ-Others-ASAQ-Delay-2y,61,0.5723712398291748,2031
005/097-region-specific-Kagera-DHAPPQ-Others-ASAQ-Delay-2y,62,0.6693658483764233,2031
005/097-region-specific-Kagera-DHAPPQ-Others-ASAQ-Delay-2y,63,0.5568966940660683,2031
005/097-region-specific-Kagera-DHAPPQ-Others-ASAQ-Delay-2y,64,0.5754948286271067,2031
005/097-region-specific-Kagera-DHAPPQ-Others-ASAQ-Delay-2y,65,0.5361288051395121,2031
005/097-region-specific-Kagera-DHAPPQ-Others-ASAQ-Delay-2y,66,0.5608292153361196,2031
005/097-region-specific-Kagera-DHAPPQ-Others-ASAQ-Delay-2y,67,0.4993071313377162,2031
005/097-region-specific-Kagera-DHAPPQ-Others-ASAQ-Delay-2y,68,0.45999729971476633,2031
005/097-region-specific-Kagera-DHAPPQ-Others-ASAQ-Delay-2y,69,0.5892570163687615,2031
005/097-region-specific-Kagera-DHAPPQ-Others-ASAQ-Delay-2y,70,0.5224607727547199,2031
005/097-region-specific-Kagera-DHAPPQ-Others-ASAQ-Delay-2y,71,0.6031821046507582,2031
005/097-region-specific-Kagera-DHAPPQ-Others-ASAQ-Delay-2y,72,0.5615462837460699,2031
005/097-region-specific-Kagera-DHAPPQ-Others-ASAQ-Delay-2y,73,0.6693063095809916,2031
005/097-region-specific-Kagera-DHAPPQ-Others-ASAQ-Delay-2y,74,0.5277108732823391,2031
005/097-region-specific-Kagera-DHAPPQ-Others-ASAQ-Delay-2y,75,0.5407238171293484,2031
005/097-region-specific-Kagera-DHAPPQ-Others-ASAQ-Delay-2y,76,0.585833463250059,2031
005/097-region-specific-Kagera-DHAPPQ-Others-ASAQ-Delay-2y,77,0.5177749431230083,2031
005/097-region-specific-Kagera-DHAPPQ-Others-ASAQ-Delay-2y,78,0.5856558907889967,2031
005/097-region-specific-Kagera-DHAPPQ-Others-ASAQ-Delay-2y,79,0.4785870145825684,2031
005/097-region-specific-Kagera-DHAPPQ-Others-ASAQ-Delay-2y,80,0.5139497517059949,2031
005/097-region-specific-Kagera-DHAPPQ-Others-ASAQ-Delay-2y,81,0.5427216580644721,2031
005/097-region-specific-Kagera-DHAPPQ-Others-ASAQ-Delay-2y,82,0.5060423761272349,2031
005/097-region-specific-Kagera-DHAPPQ-Others-ASAQ-Delay-2y,83,0.5256981752399621,2031
005/097-region-specific-Kagera-DHAPPQ-Others-ASAQ-Delay-2y,84,0.5584565996428111,2031
005/097-region-specific-Kagera-DHAPPQ-Others-ASAQ-Delay-2y,85,0.553978615172691,2031
005/097-region-specific-Kagera-DHAPPQ-Others-ASAQ-Delay-2y,86,0.6606545400959851,2031
005/097-region-specific-Kagera-DHAPPQ-Others-ASAQ-Delay-2y,87,0.6731285281764103,2031
005/097-region-specific-Kagera-DHAPPQ-Others-ASAQ-Delay-2y,88,0.5790289922866357,2031
005/097-region-specific-Kagera-DHAPPQ-Others-ASAQ-Delay-2y,89,0.6273022506415643,2031
005/097-region-specific-Kagera-DHAPPQ-Others-ASAQ-Delay-2y,90,0.4826128811764782,2031
005/097-region-specific-Kagera-DHAPPQ-Others-ASAQ-Delay-2y,91,0.6272463243103559,2031
005/097-region-specific-Kagera-DHAPPQ-Others-ASAQ-Delay-2y,92,0.5440203459386637,2031
005/097-region-specific-Kagera-DHAPPQ-Others-ASAQ-Delay-2y,93,0.5722570729222884,2031
005/097-region-specific-Kagera-DHAPPQ-Others-ASAQ-Delay-2y,94,0.655426083746557,2031
005/097-region-specific-Kagera-DHAPPQ-Others-ASAQ-Delay-2y,95,0.597173100374261,2031
005/097-region-specific-Kagera-DHAPPQ-Others-ASAQ-Delay-2y,96,0.594765509493538,2031
005/097-region-specific-Kagera-DHAPPQ-Others-ASAQ-Delay-2y,97,0.4994752049528457,2031
005/097-region-specific-Kagera-DHAPPQ-Others-ASAQ-Delay-2y,98,0.43142395890561175,2031
005/097-region-specific-Kagera-DHAPPQ-Others-ASAQ-Delay-2y,99,0.6810135698861776,2031
005/098-Delay-ASAQ-1y,0,0.5207554604834609,2031
005/098-Delay-ASAQ-1y,1,0.46689903676671407,2031
005/098-Delay-ASAQ-1y,2,0.39669238534004997,2031
005/098-Delay-ASAQ-1y,3,0.3447040245987612,2031
005/098-Delay-ASAQ-1y,4,0.43717655311898396,2031
005/098-Delay-ASAQ-1y,5,0.3110660662993488,2031
005/098-Delay-ASAQ-1y,6,0.39660403915977804,2031
005/098-Delay-ASAQ-1y,7,0.5036860052140867,2031
005/098-Delay-ASAQ-1y,8,0.4805202273615412,2031
005/098-Delay-ASAQ-1y,9,0.3866026209920639,2031
005/098-Delay-ASAQ-1y,10,0.3847798791719768,2031
005/098-Delay-ASAQ-1y,11,0.4807794263359901,2031
005/098-Delay-ASAQ-1y,12,0.294736931787051,2031
005/098-Delay-ASAQ-1y,13,0.5104161718770955,2031
005/098-Delay-ASAQ-1y,14,0.43565280078237184,2031
005/098-Delay-ASAQ-1y,15,0.4520309918741389,2031
005/098-Delay-ASAQ-1y,16,0.39257578868889026,2031
005/098-Delay-ASAQ-1y,17,0.45788878303179753,2031
005/098-Delay-ASAQ-1y,18,0.456805371946543,2031
005/098-Delay-ASAQ-1y,19,0.552676842029216,2031
005/098-Delay-ASAQ-1y,20,0.4088659072162542,2031
005/098-Delay-ASAQ-1y,21,0.4739945039801334,2031
005/098-Delay-ASAQ-1y,22,0.44066226298719585,2031
005/098-Delay-ASAQ-1y,23,0.46668560627100786,2031
005/098-Delay-ASAQ-1y,24,0.32049016298211014,2031
005/098-Delay-ASAQ-1y,25,0.44081729148340904,2031
005/098-Delay-ASAQ-1y,26,0.48194024225380233,2031
005/098-Delay-ASAQ-1y,27,0.42917541020766176,2031
005/098-Delay-ASAQ-1y,28,0.49360520664019836,2031
005/098-Delay-ASAQ-1y,29,0.46448162684847666,2031
005/098-Delay-ASAQ-1y,30,0.4064985400451559,2031
005/098-Delay-ASAQ-1y,31,0.41016103335972615,2031
005/098-Delay-ASAQ-1y,32,0.39685058778601623,2031
005/098-Delay-ASAQ-1y,33,0.39527397139885573,2031
005/098-Delay-ASAQ-1y,34,0.4071249918760072,2031
005/098-Delay-ASAQ-1y,35,0.3543838230344547,2031
005/098-Delay-ASAQ-1y,36,0.3940292554320341,2031
005/098-Delay-ASAQ-1y,37,0.4130554392314075,2031
005/098-Delay-ASAQ-1y,38,0.444662269548829,2031
005/098-Delay-ASAQ-1y,39,0.5430098998456262,2031
005/098-Delay-ASAQ-1y,40,0.39135635754854653,2031
005/098-Delay-ASAQ-1y,41,0.41458654952001445,2031
005/098-Delay-ASAQ-1y,42,0.5231195840465678,2031
005/098-Delay-ASAQ-1y,43,0.49582169805961546,2031
005/098-Delay-ASAQ-1y,44,0.5084958641731356,2031
005/098-Delay-ASAQ-1y,45,0.42528811247338383,2031
005/098-Delay-ASAQ-1y,46,0.5927660590284162,2031
005/098-Delay-ASAQ-1y,47,0.3346292440282283,2031
005/098-Delay-ASAQ-1y,48,0.42772349692436046,2031
005/098-Delay-ASAQ-1y,49,0.39955473017693266,2031
005/098-Delay-ASAQ-1y,50,0.39400374237727886,2031
005/098-Delay-ASAQ-1y,51,0.464032834606626,2031
005/098-Delay-ASAQ-1y,52,0.4241196083578747,2031
005/098-Delay-ASAQ-1y,53,0.4462925183520716,2031
005/098-Delay-ASAQ-1y,54,0.3983134241112037,2031
005/098-Delay-ASAQ-1y,55,0.4975027258551248,2031
005/098-Delay-ASAQ-1y,56,0.43025220870926156,2031
005/098-Delay-ASAQ-1y,57,0.4621635947897446,2031
005/098-Delay-ASAQ-1y,58,0.4305409583893252,2031
005/098-Delay-ASAQ-1y,59,0.5019045910395127,2031
005/098-Delay-ASAQ-1y,60,0.4633429315895478,2031
005/098-Delay-ASAQ-1y,61,0.454816901580862,2031
005/098-Delay-ASAQ-1y,62,0.4616777123915017,2031
005/098-Delay-ASAQ-1y,63,0.41075332704133705,2031
005/098-Delay-ASAQ-1y,64,0.46337275239486014,2031
005/098-Delay-ASAQ-1y,65,0.5198598951411871,2031
005/098-Delay-ASAQ-1y,66,0.42856788071514534,2031
005/098-Delay-ASAQ-1y,67,0.4666049072977236,2031
005/098-Delay-ASAQ-1y,68,0.3500334186966672,2031
005/098-Delay-ASAQ-1y,69,0.48930609897181343,2031
005/098-Delay-ASAQ-1y,70,0.47454515053428237,2031
005/098-Delay-ASAQ-1y,71,0.4180835841829679,2031
005/098-Delay-ASAQ-1y,72,0.3383319932749333,2031
005/098-Delay-ASAQ-1y,73,0.5223030595132435,2031
005/098-Delay-ASAQ-1y,74,0.44227470745979397,2031
005/098-Delay-ASAQ-1y,75,0.43920244924737717,2031
005/098-Delay-ASAQ-1y,76,0.386733219477871,2031
005/098-Delay-ASAQ-1y,77,0.4175367163673824,2031
005/098-Delay-ASAQ-1y,78,0.47740501960953413,2031
005/098-Delay-ASAQ-1y,79,0.46605507740203295,2031
005/098-Delay-ASAQ-1y,80,0.41115994106462983,2031
005/098-Delay-ASAQ-1y,81,0.40158489417537063,2031
005/098-Delay-ASAQ-1y,82,0.4398688406158764,2031
005/098-Delay-ASAQ-1y,83,0.40826623434924497,2031
005/098-Delay-ASAQ-1y,84,0.41567685785099795,2031
005/098-Delay-ASAQ-1y,85,0.5486355734642016,2031
005/098-Delay-ASAQ-1y,86,0.47316478872114254,2031
005/098-Delay-ASAQ-1y,87,0.5831878624313479,2031
005/098-Delay-ASAQ-1y,88,0.4465919823749946,2031
005/098-Delay-ASAQ-1y,89,0.41771297643710925,2031
005/098-Delay-ASAQ-1y,90,0.34146390764664075,2031
005/098-Delay-ASAQ-1y,91,0.438170749921126,2031
005/098-Delay-ASAQ-1y,92,0.39492637589402707,2031
005/098-Delay-ASAQ-1y,93,0.3638955981945042,2031
005/098-Delay-ASAQ-1y,94,0.45341318985067675,2031
005/098-Delay-ASAQ-1y,95,0.4239801718793464,2031
005/098-Delay-ASAQ-1y,96,0.40057811346622546,2031
005/098-Delay-ASAQ-1y,97,0.4462977535661532,2031
005/098-Delay-ASAQ-1y,98,0.4301348336062289,2031
005/098-Delay-ASAQ-1y,99,0.38616223267692024,2031
005/099-Delay-ASAQ-2y,0,0.45093839474866165,2031
005/099-Delay-ASAQ-2y,1,0.398888766310713,2031
005/099-Delay-ASAQ-2y,2,0.4411358459974199,2031
005/099-Delay-ASAQ-2y,3,0.502709133570098,2031
005/099-Delay-ASAQ-2y,4,0.4257492621986081,2031
005/099-Delay-ASAQ-2y,5,0.4485486523015026,2031
005/099-Delay-ASAQ-2y,6,0.49312008282588,2031
005/099-Delay-ASAQ-2y,7,0.5184801547318261,2031
005/099-Delay-ASAQ-2y,8,0.4518406432240983,2031
005/099-Delay-ASAQ-2y,9,0.5100018836658108,2031
005/099-Delay-ASAQ-2y,10,0.44437378246746917,2031
005/099-Delay-ASAQ-2y,11,0.5930244989574417,2031
005/099-Delay-ASAQ-2y,12,0.49747061196278725,2031
005/099-Delay-ASAQ-2y,13,0.46741831893279623,2031
005/099-Delay-ASAQ-2y,14,0.4066330886848744,2031
005/099-Delay-ASAQ-2y,15,0.34974576918232775,2031
005/099-Delay-ASAQ-2y,16,0.41947541628185875,2031
005/099-Delay-ASAQ-2y,17,0.6071590787701419,2031
005/099-Delay-ASAQ-2y,18,0.4648103807432135,2031
005/099-Delay-ASAQ-2y,19,0.5335203761926249,2031
005/099-Delay-ASAQ-2y,20,0.3995691541320962,2031
005/099-Delay-ASAQ-2y,21,0.4678312237287993,2031
005/099-Delay-ASAQ-2y,22,0.3994307060093285,2031
005/099-Delay-ASAQ-2y,23,0.5225143132972591,2031
005/099-Delay-ASAQ-2y,24,0.5792569856456048,2031
005/099-Delay-ASAQ-2y,25,0.5790467319388021,2031
005/099-Delay-ASAQ-2y,26,0.5195035794599223,2031
005/099-Delay-ASAQ-2y,27,0.42292440193888053,2031
005/099-Delay-ASAQ-2y,28,0.5573205858498594,2031
005/099-Delay-ASAQ-2y,29,0.4446282620957234,2031
005/099-Delay-ASAQ-2y,30,0.5354856235602433,2031
005/099-Delay-ASAQ-2y,31,0.5584687379286116,2031
005/099-Delay-ASAQ-2y,32,0.48703805965928054,2031
005/099-Delay-ASAQ-2y,33,0.4573719484491454,2031
005/099-Delay-ASAQ-2y,34,0.46882146264942093,2031
005/099-Delay-ASAQ-2y,35,0.5228581426189781,2031
005/099-Delay-ASAQ-2y,36,0.4610061119923245,2031
005/099-Delay-ASAQ-2y,37,0.3633136475604406,2031
005/099-Delay-ASAQ-2y,38,0.4724283298523195,2031
005/099-Delay-ASAQ-2y,39,0.4649247937046705,2031
005/099-Delay-ASAQ-2y,40,0.4610553542640119,2031
005/099-Delay-ASAQ-2y,41,0.40653587392880564,2031
005/099-Delay-ASAQ-2y,42,0.43130161821474494,2031
005/099-Delay-ASAQ-2y,43,0.4511055057224825,2031
005/099-Delay-ASAQ-2y,44,0.5411012386886429,2031
005/099-Delay-ASAQ-2y,45,0.43674292910898416,2031
005/099-Delay-ASAQ-2y,46,0.5057507523490504,2031
005/099-Delay-ASAQ-2y,47,0.5242889443009572,2031
005/099-Delay-ASAQ-2y,48,0.41556911860418516,2031
005/099-Delay-ASAQ-2y,49,0.34741077551647104,2031
005/099-Delay-ASAQ-2y,50,0.45660323205284864,2031
005/099-Delay-ASAQ-2y,51,0.46592996363047434,2031
005/099-Delay-ASAQ-2y,52,0.43262845957501944,2031
005/099-Delay-ASAQ-2y,53,0.5248967217202715,2031
005/099-Delay-ASAQ-2y,54,0.3889402603764664,2031
005/099-Delay-ASAQ-2y,55,0.5336470148238763,2031
005/099-Delay-ASAQ-2y,56,0.43680432416353376,2031
005/099-Delay-ASAQ-2y,57,0.4265324354065063,2031
005/099-Delay-ASAQ-2y,58,0.5629725500613013,2031
005/099-Delay-ASAQ-2y,59,0.3868193641543746,2031
005/099-Delay-ASAQ-2y,60,0.31331164039138465,2031
005/099-Delay-ASAQ-2y,61,0.5037495950095667,2031
005/099-Delay-ASAQ-2y,62,0.46642454175226433,2031
005/099-Delay-ASAQ-2y,63,0.43528385987453805,2031
005/099-Delay-ASAQ-2y,64,0.5296623885861227,2031
005/099-Delay-ASAQ-2y,65,0.5970516259399088,2031
005/099-Delay-ASAQ-2y,66,0.5257955516176127,2031
005/099-Delay-ASAQ-2y,67,0.5465208439190031,2031
005/099-Delay-ASAQ-2y,68,0.42605208240639664,2031
005/099-Delay-ASAQ-2y,69,0.4868667320034934,2031
005/099-Delay-ASAQ-2y,70,0.4469793481841751,2031
005/099-Delay-ASAQ-2y,71,0.4453767332834218,2031
005/099-Delay-ASAQ-2y,72,0.5514344828281543,2031
005/099-Delay-ASAQ-2y,73,0.5389158200935721,2031
005/099-Delay-ASAQ-2y,74,0.6110518840448489,2031
005/099-Delay-ASAQ-2y,75,0.5854352488176388,2031
005/099-Delay-ASAQ-2y,76,0.5010273605069159,2031
005/099-Delay-ASAQ-2y,77,0.42732140178198924,2031
005/099-Delay-ASAQ-2y,78,0.5265752856072013,2031
005/099-Delay-ASAQ-2y,79,0.4168291153574299,2031
005/099-Delay-ASAQ-2y,80,0.5062158016295089,2031
005/099-Delay-ASAQ-2y,81,0.5155893229140949,2031
005/099-Delay-ASAQ-2y,82,0.406735365990989,2031
005/099-Delay-ASAQ-2y,83,0.47995879568956834,2031
005/099-Delay-ASAQ-2y,84,0.49166962892577915,2031
005/099-Delay-ASAQ-2y,85,0.4542889152641212,2031
005/099-Delay-ASAQ-2y,86,0.4983025028004386,2031
005/099-Delay-ASAQ-2y,87,0.3499901883906853,2031
005/099-Delay-ASAQ-2y,88,0.38559332600508084,2031
005/099-Delay-ASAQ-2y,89,0.4120952331371896,2031
005/099-Delay-ASAQ-2y,90,0.4240918871299964,2031
005/099-Delay-ASAQ-2y,91,0.3938028004870633,2031
005/099-Delay-ASAQ-2y,92,0.5277209077352795,2031
005/099-Delay-ASAQ-2y,93,0.5076409339816627,2031
005/099-Delay-ASAQ-2y,94,0.4689112446351292,2031
005/099-Delay-ASAQ-2y,95,0.5477059630335314,2031
005/099-Delay-ASAQ-2y,96,0.5024716562315629,2031
005/099-Delay-ASAQ-2y,97,0.4778345193933286,2031
005/099-Delay-ASAQ-2y,98,0.4434276529381807,2031
005/099-Delay-ASAQ-2y,99,0.5531918854484511,2031
005/100-Delay-ASAQ-3y,0,0.5810677340668806,2031
005/100-Delay-ASAQ-3y,1,0.5202059286929201,2031
005/100-Delay-ASAQ-3y,2,0.5911124498940711,2031
005/100-Delay-ASAQ-3y,3,0.588717216750622,2031
005/100-Delay-ASAQ-3y,4,0.5912664956575437,2031
005/100-Delay-ASAQ-3y,5,0.607579689358059,2031
005/100-Delay-ASAQ-3y,6,0.5984334328932153,2031
005/100-Delay-ASAQ-3y,7,0.5020024735198269,2031
005/100-Delay-ASAQ-3y,8,0.5325270411224259,2031
005/100-Delay-ASAQ-3y,9,0.5185440055568353,2031
005/100-Delay-ASAQ-3y,10,0.5045167107038512,2031
005/100-Delay-ASAQ-3y,11,0.5499771314644518,2031
005/100-Delay-ASAQ-3y,12,0.5507783790410677,2031
005/100-Delay-ASAQ-3y,13,0.4725898095232122,2031
005/100-Delay-ASAQ-3y,14,0.4541169279412665,2031
005/100-Delay-ASAQ-3y,15,0.6104918915652745,2031
005/100-Delay-ASAQ-3y,16,0.5070856135444078,2031
005/100-Delay-ASAQ-3y,17,0.5469841946154187,2031
005/100-Delay-ASAQ-3y,18,0.480691485231074,2031
005/100-Delay-ASAQ-3y,19,0.5332184714326959,2031
005/100-Delay-ASAQ-3y,20,0.5735796261938552,2031
005/100-Delay-ASAQ-3y,21,0.616045818980963,2031
005/100-Delay-ASAQ-3y,22,0.5841660469451222,2031
005/100-Delay-ASAQ-3y,23,0.5778675329954905,2031
005/100-Delay-ASAQ-3y,24,0.40145458772644244,2031
005/100-Delay-ASAQ-3y,25,0.4600757761896734,2031
005/100-Delay-ASAQ-3y,26,0.5263200690054083,2031
005/100-Delay-ASAQ-3y,27,0.473148959963678,2031
005/100-Delay-ASAQ-3y,28,0.5370391619414017,2031
005/100-Delay-ASAQ-3y,29,0.48463168533762685,2031
005/100-Delay-ASAQ-3y,30,0.5335125797935035,2031
005/100-Delay-ASAQ-3y,31,0.57339932109341,2031
005/100-Delay-ASAQ-3y,32,0.6001871529298465,2031
005/100-Delay-ASAQ-3y,33,0.49434900553639777,2031
005/100-Delay-ASAQ-3y,34,0.580881103251216,2031
005/100-Delay-ASAQ-3y,35,0.4211196887116808,2031
005/100-Delay-ASAQ-3y,36,0.5455025731499316,2031
005/100-Delay-ASAQ-3y,37,0.5533976909680417,2031
005/100-Delay-ASAQ-3y,38,0.5704996973309838,2031
005/100-Delay-ASAQ-3y,39,0.5385123584847953,2031
005/100-Delay-ASAQ-3y,40,0.5238190258421902,2031
005/100-Delay-ASAQ-3y,41,0.49709001900074345,2031
005/100-Delay-ASAQ-3y,42,0.5736521729285251,2031
005/100-Delay-ASAQ-3y,43,0.5331942290766783,2031
005/100-Delay-ASAQ-3y,44,0.5316684677389188,2031
005/100-Delay-ASAQ-3y,45,0.6569973315040207,2031
005/100-Delay-ASAQ-3y,46,0.5374745721272866,2031
005/100-Delay-ASAQ-3y,47,0.6336816107988484,2031
005/100-Delay-ASAQ-3y,48,0.553923758813805,2031
005/100-Delay-ASAQ-3y,49,0.5806801650507126,2031
005/100-Delay-ASAQ-3y,50,0.4515738801296165,2031
005/100-Delay-ASAQ-3y,51,0.45027249008105263,2031
005/100-Delay-ASAQ-3y,52,0.5062719124878597,2031
005/100-Delay-ASAQ-3y,53,0.5228386740928477,2031
005/100-Delay-ASAQ-3y,54,0.5094750057545557,2031
005/100-Delay-ASAQ-3y,55,0.571588241953621,2031
005/100-Delay-ASAQ-3y,56,0.5904763498054408,2031
005/100-Delay-ASAQ-3y,57,0.5481249022714596,2031
005/100-Delay-ASAQ-3y,58,0.4294228788781255,2031
005/100-Delay-ASAQ-3y,59,0.5778161556736603,2031
005/100-Delay-ASAQ-3y,60,0.6520263553638201,2031
005/100-Delay-ASAQ-3y,61,0.52567844142195,2031
005/100-Delay-ASAQ-3y,62,0.52260929937093,2031
005/100-Delay-ASAQ-3y,63,0.5669853494769092,2031
005/100-Delay-ASAQ-3y,64,0.5713847902425881,2031
005/100-Delay-ASAQ-3y,65,0.47566903496143237,2031
005/100-Delay-ASAQ-3y,66,0.5332789961178456,2031
005/100-Delay-ASAQ-3y,67,0.511624495118111,2031
005/100-Delay-ASAQ-3y,68,0.6669423154745359,2031
005/100-Delay-ASAQ-3y,69,0.5319754951342154,2031
005/100-Delay-ASAQ-3y,70,0.4901107291335964,2031
005/100-Delay-ASAQ-3y,71,0.5085085189757512,2031
005/100-Delay-ASAQ-3y,72,0.6098570260862796,2031
005/100-Delay-ASAQ-3y,73,0.45785054541577236,2031
005/100-Delay-ASAQ-3y,74,0.5363529891598023,2031
005/100-Delay-ASAQ-3y,75,0.5553010025075279,2031
005/100-Delay-ASAQ-3y,76,0.5375117907182364,2031
005/100-Delay-ASAQ-3y,77,0.47217355834844427,2031
005/100-Delay-ASAQ-3y,78,0.5049076956538455,2031
005/100-Delay-ASAQ-3y,79,0.4418141544674398,2031
005/100-Delay-ASAQ-3y,80,0.4783579125136768,2031
005/100-Delay-ASAQ-3y,81,0.4554586230419386,2031
005/100-Delay-ASAQ-3y,82,0.5846832965316267,2031
005/100-Delay-ASAQ-3y,83,0.4840082022159305,2031
005/100-Delay-ASAQ-3y,84,0.538249404326718,2031
005/100-Delay-ASAQ-3y,85,0.5429908579685496,2031
005/100-Delay-ASAQ-3y,86,0.48565702823529366,2031
005/100-Delay-ASAQ-3y,87,0.5770612432508242,2031
005/100-Delay-ASAQ-3y,88,0.612811704327302,2031
005/100-Delay-ASAQ-3y,89,0.5468445941370951,2031
005/100-Delay-ASAQ-3y,90,0.5422026346847675,2031
005/100-Delay-ASAQ-3y,91,0.5150634611760859,2031
005/100-Delay-ASAQ-3y,92,0.7908118459130233,2031
005/100-Delay-ASAQ-3y,93,0.4347405994570314,2031
005/100-Delay-ASAQ-3y,94,0.5473180136910903,2031
005/100-Delay-ASAQ-3y,95,0.5143006586560047,2031
005/100-Delay-ASAQ-3y,96,0.5241583096189676,2031
005/100-Delay-ASAQ-3y,97,0.4535492529120581,2031
005/100-Delay-ASAQ-3y,98,0.6259580995844453,2031
005/100-Delay-ASAQ-3y,99,0.4991571523619753,2031
005/101-Delay-ASAQ-4y,0,0.5923910810421825,2031
005/101-Delay-ASAQ-4y,1,0.5774059382088946,2031
005/101-Delay-ASAQ-4y,2,0.6072449106896595,2031
005/101-Delay-ASAQ-4y,3,0.6018279541078004,2031
005/101-Delay-ASAQ-4y,4,0.5746257469548387,2031
005/101-Delay-ASAQ-4y,5,0.6675138374925828,2031
005/101-Delay-ASAQ-4y,6,0.41999974464453144,2031
005/101-Delay-ASAQ-4y,7,0.5919745352137212,2031
005/101-Delay-ASAQ-4y,8,0.5656297680407872,2031
005/101-Delay-ASAQ-4y,9,0.5875298360762585,2031
005/101-Delay-ASAQ-4y,10,0.5930554707345399,2031
005/101-Delay-ASAQ-4y,11,0.6127710247223002,2031
005/101-Delay-ASAQ-4y,12,0.49188683363624786,2031
005/101-Delay-ASAQ-4y,13,0.6042515438908885,2031
005/101-Delay-ASAQ-4y,14,0.6853844749344535,2031
005/101-Delay-ASAQ-4y,15,0.5567068685038041,2031
005/101-Delay-ASAQ-4y,16,0.6155859641723533,2031
005/101-Delay-ASAQ-4y,17,0.5674678961634835,2031
005/101-Delay-ASAQ-4y,18,0.6429566699141696,2031
005/101-Delay-ASAQ-4y,19,0.6219590040463484,2031
005/101-Delay-ASAQ-4y,20,0.7809128353408394,2031
005/101-Delay-ASAQ-4y,21,0.7695346688241241,2031
005/101-Delay-ASAQ-4y,22,0.5591858337565546,2031
005/101-Delay-ASAQ-4y,23,0.6087723076408574,2031
005/101-Delay-ASAQ-4y,24,0.6479012501830367,2031
005/101-Delay-ASAQ-4y,25,0.5325111709885515,2031
005/101-Delay-ASAQ-4y,26,0.6822611400149036,2031
005/101-Delay-ASAQ-4y,27,0.56198668856005,2031
005/101-Delay-ASAQ-4y,28,0.5918228940889741,2031
005/101-Delay-ASAQ-4y,29,0.672308310946892,2031
005/101-Delay-ASAQ-4y,30,0.5883169704734665,2031
005/101-Delay-ASAQ-4y,31,0.5934274381357523,2031
005/101-Delay-ASAQ-4y,32,0.761344506234331,2031
005/101-Delay-ASAQ-4y,33,0.575824207416194,2031
005/101-Delay-ASAQ-4y,34,0.6124462112036672,2031
005/101-Delay-ASAQ-4y,35,0.6819203968100725,2031
005/101-Delay-ASAQ-4y,36,0.5667794927443673,2031
005/101-Delay-ASAQ-4y,37,0.6262660266015062,2031
005/101-Delay-ASAQ-4y,38,0.6087323075898031,2031
005/101-Delay-ASAQ-4y,39,0.6753833916781481,2031
005/101-Delay-ASAQ-4y,40,0.5532749358295649,2031
005/101-Delay-ASAQ-4y,41,0.6312325002218663,2031
005/101-Delay-ASAQ-4y,42,0.5878711784711247,2031
005/101-Delay-ASAQ-4y,43,0.6307712788875469,2031
005/101-Delay-ASAQ-4y,44,0.5947304575975799,2031
005/101-Delay-ASAQ-4y,45,0.7145641472980931,2031
005/101-Delay-ASAQ-4y,46,0.706484161216219,2031
005/101-Delay-ASAQ-4y,47,0.6607693463494866,2031
005/101-Delay-ASAQ-4y,48,0.5776139795513671,2031
005/101-Delay-ASAQ-4y,49,0.608721462144009,2031
005/101-Delay-ASAQ-4y,50,0.6984649757550699,2031
005/101-Delay-ASAQ-4y,51,0.541309735909625,2031
005/101-Delay-ASAQ-4y,52,0.565548906163979,2031
005/101-Delay-ASAQ-4y,53,0.5572471989095548,2031
005/101-Delay-ASAQ-4y,54,0.44431375373411325,2031
005/101-Delay-ASAQ-4y,55,0.5832744061434939,2031
005/101-Delay-ASAQ-4y,56,0.7652235600846966,2031
005/101-Delay-ASAQ-4y,57,0.5835923824421146,2031
005/101-Delay-ASAQ-4y,58,0.6299915556443203,2031
005/101-Delay-ASAQ-4y,59,0.5050544123590562,2031
005/101-Delay-ASAQ-4y,60,0.7288263864556025,2031
005/101-Delay-ASAQ-4y,61,0.5956694475491077,2031
005/101-Delay-ASAQ-4y,62,0.6532757142816576,2031
005/101-Delay-ASAQ-4y,63,0.6115500601269203,2031
005/101-Delay-ASAQ-4y,64,0.6712544673945685,2031
005/101-Delay-ASAQ-4y,65,0.5651344234830918,2031
005/101-Delay-ASAQ-4y,66,0.6609582545309179,2031
005/101-Delay-ASAQ-4y,67,0.6152490268270085,2031
005/101-Delay-ASAQ-4y,68,0.6697852070131409,2031
005/101-Delay-ASAQ-4y,69,0.5437180176548461,2031
005/101-Delay-ASAQ-4y,70,0.6173593456612823,2031
005/101-Delay-ASAQ-4y,71,0.6616281002712517,2031
005/101-Delay-ASAQ-4y,72,0.5258291372692518,2031
005/101-Delay-ASAQ-4y,73,0.5371886762177709,2031
005/101-Delay-ASAQ-4y,74,0.6242793876569659,2031
005/101-Delay-ASAQ-4y,75,0.6153354277709423,2031
005/101-Delay-ASAQ-4y,76,0.6780024857138521,2031
005/101-Delay-ASAQ-4y,77,0.6569194163596225,2031
005/101-Delay-ASAQ-4y,78,0.5822437473050224,2031
005/101-Delay-ASAQ-4y,79,0.544834015179761,2031
005/101-Delay-ASAQ-4y,80,0.5214106887509496,2031
005/101-Delay-ASAQ-4y,81,0.5641652787359384,2031
005/101-Delay-ASAQ-4y,82,0.7635177571243518,2031
005/101-Delay-ASAQ-4y,83,0.6391869215036029,2031
005/101-Delay-ASAQ-4y,84,0.5831902117369245,2031
005/101-Delay-ASAQ-4y,85,0.6480370674389279,2031
005/101-Delay-ASAQ-4y,86,0.5993461063694189,2031
005/101-Delay-ASAQ-4y,87,0.5564135660370045,2031
005/101-Delay-ASAQ-4y,88,0.5351141981443948,2031
005/101-Delay-ASAQ-4y,89,0.55297079319141,2031
005/101-Delay-ASAQ-4y,90,0.5682620096018304,2031
005/101-Delay-ASAQ-4y,91,0.49912143579003126,2031
005/101-Delay-ASAQ-4y,92,0.7593257177092706,2031
005/101-Delay-ASAQ-4y,93,0.6587263666023602,2031
005/101-Delay-ASAQ-4y,94,0.6534992407267896,2031
005/101-Delay-ASAQ-4y,95,0.6889359243565464,2031
005/101-Delay-ASAQ-4y,96,0.6232523820484651,2031
005/101-Delay-ASAQ-4y,97,0.7172712357112346,2031
005/101-Delay-ASAQ-4y,98,0.6200197898213144,2031
005/101-Delay-ASAQ-4y,99,0.5018177119486532,2031
