scenario,run,total_treatmentfailures,year
005/000-status-quo,0,1989620,2031
005/000-status-quo,1,2298500,2031
005/000-status-quo,2,2016416,2031
005/000-status-quo,3,1739060,2031
005/000-status-quo,4,1901580,2031
005/000-status-quo,5,1625584,2031
005/000-status-quo,6,2039672,2031
005/000-status-quo,7,1593008,2031
005/000-status-quo,8,1898216,2031
005/000-status-quo,9,1705940,2031
005/000-status-quo,10,1789780,2031
005/000-status-quo,11,2074168,2031
005/000-status-quo,12,2578348,2031
005/000-status-quo,13,2231236,2031
005/000-status-quo,14,1617288,2031
005/000-status-quo,15,2006128,2031
005/000-status-quo,16,1748276,2031
005/000-status-quo,17,2652424,2031
005/000-status-quo,18,1931440,2031
005/000-status-quo,19,2007400,2031
005/000-status-quo,20,1912004,2031
005/000-status-quo,21,1892044,2031
005/000-status-quo,22,1746144,2031
005/000-status-quo,23,2114236,2031
005/000-status-quo,24,2316508,2031
005/000-status-quo,25,1718084,2031
005/000-status-quo,26,1858680,2031
005/000-status-quo,27,2466184,2031
005/000-status-quo,28,2659692,2031
005/000-status-quo,29,2244668,2031
005/000-status-quo,30,1698436,2031
005/000-status-quo,31,1893948,2031
005/000-status-quo,32,1677612,2031
005/000-status-quo,33,2068888,2031
005/000-status-quo,34,2157088,2031
005/000-status-quo,35,1590912,2031
005/000-status-quo,36,1966132,2031
005/000-status-quo,37,1965444,2031
005/000-status-quo,38,1914300,2031
005/000-status-quo,39,1661452,2031
005/000-status-quo,40,2111516,2031
005/000-status-quo,41,2249892,2031
005/000-status-quo,42,2075496,2031
005/000-status-quo,43,2133460,2031
005/000-status-quo,44,2113340,2031
005/000-status-quo,45,2207192,2031
005/000-status-quo,46,2115540,2031
005/000-status-quo,47,2048812,2031
005/000-status-quo,48,2868920,2031
005/000-status-quo,49,2197492,2031
005/000-status-quo,50,1899424,2031
005/000-status-quo,51,2022472,2031
005/000-status-quo,52,2045712,2031
005/000-status-quo,53,1761260,2031
005/000-status-quo,54,1713924,2031
005/000-status-quo,55,1657840,2031
005/000-status-quo,56,1954968,2031
005/000-status-quo,57,2078068,2031
005/000-status-quo,58,1836852,2031
005/000-status-quo,59,2010208,2031
005/000-status-quo,60,1840508,2031
005/000-status-quo,61,1808652,2031
005/000-status-quo,62,1580344,2031
005/000-status-quo,63,2282220,2031
005/000-status-quo,64,1902660,2031
005/000-status-quo,65,2909652,2031
005/000-status-quo,66,1806048,2031
005/000-status-quo,67,2037652,2031
005/000-status-quo,68,1502616,2031
005/000-status-quo,69,1720184,2031
005/000-status-quo,70,1995152,2031
005/000-status-quo,71,2183964,2031
005/000-status-quo,72,1775468,2031
005/000-status-quo,73,2376308,2031
005/000-status-quo,74,2671632,2031
005/000-status-quo,75,2260664,2031
005/000-status-quo,76,1937396,2031
005/000-status-quo,77,2057264,2031
005/000-status-quo,78,1774312,2031
005/000-status-quo,79,2370872,2031
005/000-status-quo,80,2294740,2031
005/000-status-quo,81,1876728,2031
005/000-status-quo,82,1643340,2031
005/000-status-quo,83,1634732,2031
005/000-status-quo,84,1895252,2031
005/000-status-quo,85,1696956,2031
005/000-status-quo,86,2111116,2031
005/000-status-quo,87,1893088,2031
005/000-status-quo,88,1832720,2031
005/000-status-quo,89,2150648,2031
005/000-status-quo,90,2090768,2031
005/000-status-quo,91,1743468,2031
005/000-status-quo,92,1800880,2031
005/000-status-quo,93,2384472,2031
005/000-status-quo,94,2354772,2031
005/000-status-quo,95,1633088,2031
005/000-status-quo,96,1902712,2031
005/000-status-quo,97,1729704,2031
005/000-status-quo,98,1953228,2031
005/000-status-quo,99,1738368,2031
005/001-basic-ASAQ,0,533520,2031
005/001-basic-ASAQ,1,493624,2031
005/001-basic-ASAQ,2,577312,2031
005/001-basic-ASAQ,3,552732,2031
005/001-basic-ASAQ,4,522056,2031
005/001-basic-ASAQ,5,504776,2031
005/001-basic-ASAQ,6,474932,2031
005/001-basic-ASAQ,7,523184,2031
005/001-basic-ASAQ,8,530260,2031
005/001-basic-ASAQ,9,579596,2031
005/001-basic-ASAQ,10,492520,2031
005/001-basic-ASAQ,11,478940,2031
005/001-basic-ASAQ,12,541388,2031
005/001-basic-ASAQ,13,573632,2031
005/001-basic-ASAQ,14,500936,2031
005/001-basic-ASAQ,15,548720,2031
005/001-basic-ASAQ,16,589888,2031
005/001-basic-ASAQ,17,578088,2031
005/001-basic-ASAQ,18,507436,2031
005/001-basic-ASAQ,19,527204,2031
005/001-basic-ASAQ,20,563528,2031
005/001-basic-ASAQ,21,564036,2031
005/001-basic-ASAQ,22,517764,2031
005/001-basic-ASAQ,23,530412,2031
005/001-basic-ASAQ,24,596004,2031
005/001-basic-ASAQ,25,553696,2031
005/001-basic-ASAQ,26,598800,2031
005/001-basic-ASAQ,27,547760,2031
005/001-basic-ASAQ,28,492948,2031
005/001-basic-ASAQ,29,544300,2031
005/001-basic-ASAQ,30,511380,2031
005/001-basic-ASAQ,31,509588,2031
005/001-basic-ASAQ,32,486296,2031
005/001-basic-ASAQ,33,525604,2031
005/001-basic-ASAQ,34,496856,2031
005/001-basic-ASAQ,35,551136,2031
005/001-basic-ASAQ,36,532064,2031
005/001-basic-ASAQ,37,535964,2031
005/001-basic-ASAQ,38,558084,2031
005/001-basic-ASAQ,39,533820,2031
005/001-basic-ASAQ,40,534764,2031
005/001-basic-ASAQ,41,531712,2031
005/001-basic-ASAQ,42,527252,2031
005/001-basic-ASAQ,43,520476,2031
005/001-basic-ASAQ,44,519452,2031
005/001-basic-ASAQ,45,620024,2031
005/001-basic-ASAQ,46,536076,2031
005/001-basic-ASAQ,47,547036,2031
005/001-basic-ASAQ,48,539008,2031
005/001-basic-ASAQ,49,490180,2031
005/001-basic-ASAQ,50,509876,2031
005/001-basic-ASAQ,51,507964,2031
005/001-basic-ASAQ,52,555876,2031
005/001-basic-ASAQ,53,525564,2031
005/001-basic-ASAQ,54,532392,2031
005/001-basic-ASAQ,55,514736,2031
005/001-basic-ASAQ,56,521324,2031
005/001-basic-ASAQ,57,504724,2031
005/001-basic-ASAQ,58,480528,2031
005/001-basic-ASAQ,59,509476,2031
005/001-basic-ASAQ,60,545716,2031
005/001-basic-ASAQ,61,523792,2031
005/001-basic-ASAQ,62,547864,2031
005/001-basic-ASAQ,63,525836,2031
005/001-basic-ASAQ,64,575484,2031
005/001-basic-ASAQ,65,518756,2031
005/001-basic-ASAQ,66,559632,2031
005/001-basic-ASAQ,67,525576,2031
005/001-basic-ASAQ,68,539508,2031
005/001-basic-ASAQ,69,485596,2031
005/001-basic-ASAQ,70,506244,2031
005/001-basic-ASAQ,71,515068,2031
005/001-basic-ASAQ,72,574336,2031
005/001-basic-ASAQ,73,508160,2031
005/001-basic-ASAQ,74,478444,2031
005/001-basic-ASAQ,75,511672,2031
005/001-basic-ASAQ,76,567336,2031
005/001-basic-ASAQ,77,539136,2031
005/001-basic-ASAQ,78,531964,2031
005/001-basic-ASAQ,79,501600,2031
005/001-basic-ASAQ,80,551468,2031
005/001-basic-ASAQ,81,522676,2031
005/001-basic-ASAQ,82,547388,2031
005/001-basic-ASAQ,83,583624,2031
005/001-basic-ASAQ,84,536296,2031
005/001-basic-ASAQ,85,492256,2031
005/001-basic-ASAQ,86,522432,2031
005/001-basic-ASAQ,87,551024,2031
005/001-basic-ASAQ,88,536940,2031
005/001-basic-ASAQ,89,496920,2031
005/001-basic-ASAQ,90,509844,2031
005/001-basic-ASAQ,91,532252,2031
005/001-basic-ASAQ,92,529532,2031
005/001-basic-ASAQ,93,598652,2031
005/001-basic-ASAQ,94,523640,2031
005/001-basic-ASAQ,95,512060,2031
005/001-basic-ASAQ,96,520536,2031
005/001-basic-ASAQ,97,617064,2031
005/001-basic-ASAQ,98,592244,2031
005/001-basic-ASAQ,99,574860,2031
005/002-basic-DHAPPQ,0,1945864,2031
005/002-basic-DHAPPQ,1,1831832,2031
005/002-basic-DHAPPQ,2,1675908,2031
005/002-basic-DHAPPQ,3,2077900,2031
005/002-basic-DHAPPQ,4,2138776,2031
005/002-basic-DHAPPQ,5,1883736,2031
005/002-basic-DHAPPQ,6,2237220,2031
005/002-basic-DHAPPQ,7,1952596,2031
005/002-basic-DHAPPQ,8,2140568,2031
005/002-basic-DHAPPQ,9,1838620,2031
005/002-basic-DHAPPQ,10,1936080,2031
005/002-basic-DHAPPQ,11,2087628,2031
005/002-basic-DHAPPQ,12,2074524,2031
005/002-basic-DHAPPQ,13,1939008,2031
005/002-basic-DHAPPQ,14,1979264,2031
005/002-basic-DHAPPQ,15,1991552,2031
005/002-basic-DHAPPQ,16,1952916,2031
005/002-basic-DHAPPQ,17,2011244,2031
005/002-basic-DHAPPQ,18,1908412,2031
005/002-basic-DHAPPQ,19,2104476,2031
005/002-basic-DHAPPQ,20,1897260,2031
005/002-basic-DHAPPQ,21,2109428,2031
005/002-basic-DHAPPQ,22,2024956,2031
005/002-basic-DHAPPQ,23,1981824,2031
005/002-basic-DHAPPQ,24,2099100,2031
005/002-basic-DHAPPQ,25,2189988,2031
005/002-basic-DHAPPQ,26,2143420,2031
005/002-basic-DHAPPQ,27,2097876,2031
005/002-basic-DHAPPQ,28,2188224,2031
005/002-basic-DHAPPQ,29,2107664,2031
005/002-basic-DHAPPQ,30,1980016,2031
005/002-basic-DHAPPQ,31,1976192,2031
005/002-basic-DHAPPQ,32,2556400,2031
005/002-basic-DHAPPQ,33,1761060,2031
005/002-basic-DHAPPQ,34,2435804,2031
005/002-basic-DHAPPQ,35,2160656,2031
005/002-basic-DHAPPQ,36,1762920,2031
005/002-basic-DHAPPQ,37,2481204,2031
005/002-basic-DHAPPQ,38,2079672,2031
005/002-basic-DHAPPQ,39,1882304,2031
005/002-basic-DHAPPQ,40,1965900,2031
005/002-basic-DHAPPQ,41,1833496,2031
005/002-basic-DHAPPQ,42,1860860,2031
005/002-basic-DHAPPQ,43,2365424,2031
005/002-basic-DHAPPQ,44,2169432,2031
005/002-basic-DHAPPQ,45,1854268,2031
005/002-basic-DHAPPQ,46,2234848,2031
005/002-basic-DHAPPQ,47,1772832,2031
005/002-basic-DHAPPQ,48,2049640,2031
005/002-basic-DHAPPQ,49,1990416,2031
005/002-basic-DHAPPQ,50,2123404,2031
005/002-basic-DHAPPQ,51,2036248,2031
005/002-basic-DHAPPQ,52,2168608,2031
005/002-basic-DHAPPQ,53,2102908,2031
005/002-basic-DHAPPQ,54,1498404,2031
005/002-basic-DHAPPQ,55,1991552,2031
005/002-basic-DHAPPQ,56,2284124,2031
005/002-basic-DHAPPQ,57,2058088,2031
005/002-basic-DHAPPQ,58,2131908,2031
005/002-basic-DHAPPQ,59,2100276,2031
005/002-basic-DHAPPQ,60,2068676,2031
005/002-basic-DHAPPQ,61,2302240,2031
005/002-basic-DHAPPQ,62,2198948,2031
005/002-basic-DHAPPQ,63,1904564,2031
005/002-basic-DHAPPQ,64,2203576,2031
005/002-basic-DHAPPQ,65,1730500,2031
005/002-basic-DHAPPQ,66,1819588,2031
005/002-basic-DHAPPQ,67,1904728,2031
005/002-basic-DHAPPQ,68,2043300,2031
005/002-basic-DHAPPQ,69,2105664,2031
005/002-basic-DHAPPQ,70,2310312,2031
005/002-basic-DHAPPQ,71,2073724,2031
005/002-basic-DHAPPQ,72,1592300,2031
005/002-basic-DHAPPQ,73,2184056,2031
005/002-basic-DHAPPQ,74,2189164,2031
005/002-basic-DHAPPQ,75,1926308,2031
005/002-basic-DHAPPQ,76,1663004,2031
005/002-basic-DHAPPQ,77,2058112,2031
005/002-basic-DHAPPQ,78,2170196,2031
005/002-basic-DHAPPQ,79,2180008,2031
005/002-basic-DHAPPQ,80,1854244,2031
005/002-basic-DHAPPQ,81,2365736,2031
005/002-basic-DHAPPQ,82,2135316,2031
005/002-basic-DHAPPQ,83,2368872,2031
005/002-basic-DHAPPQ,84,1731780,2031
005/002-basic-DHAPPQ,85,2173564,2031
005/002-basic-DHAPPQ,86,2825932,2031
005/002-basic-DHAPPQ,87,2048116,2031
005/002-basic-DHAPPQ,88,2332944,2031
005/002-basic-DHAPPQ,89,2063064,2031
005/002-basic-DHAPPQ,90,1780520,2031
005/002-basic-DHAPPQ,91,2367912,2031
005/002-basic-DHAPPQ,92,2274572,2031
005/002-basic-DHAPPQ,93,1784940,2031
005/002-basic-DHAPPQ,94,2176896,2031
005/002-basic-DHAPPQ,95,2096928,2031
005/002-basic-DHAPPQ,96,2323876,2031
005/002-basic-DHAPPQ,97,2033040,2031
005/002-basic-DHAPPQ,98,1922772,2031
005/002-basic-DHAPPQ,99,1972480,2031
005/003-Cycling-1y-AL-ASAQ,0,1114544,2031
005/003-Cycling-1y-AL-ASAQ,1,908260,2031
005/003-Cycling-1y-AL-ASAQ,2,1023416,2031
005/003-Cycling-1y-AL-ASAQ,3,1401668,2031
005/003-Cycling-1y-AL-ASAQ,4,903768,2031
005/003-Cycling-1y-AL-ASAQ,5,876052,2031
005/003-Cycling-1y-AL-ASAQ,6,962732,2031
005/003-Cycling-1y-AL-ASAQ,7,1046044,2031
005/003-Cycling-1y-AL-ASAQ,8,994196,2031
005/003-Cycling-1y-AL-ASAQ,9,1041416,2031
005/003-Cycling-1y-AL-ASAQ,10,987852,2031
005/003-Cycling-1y-AL-ASAQ,11,890500,2031
005/003-Cycling-1y-AL-ASAQ,12,1237716,2031
005/003-Cycling-1y-AL-ASAQ,13,927464,2031
005/003-Cycling-1y-AL-ASAQ,14,941584,2031
005/003-Cycling-1y-AL-ASAQ,15,1012792,2031
005/003-Cycling-1y-AL-ASAQ,16,859296,2031
005/003-Cycling-1y-AL-ASAQ,17,986484,2031
005/003-Cycling-1y-AL-ASAQ,18,1050320,2031
005/003-Cycling-1y-AL-ASAQ,19,985148,2031
005/003-Cycling-1y-AL-ASAQ,20,956392,2031
005/003-Cycling-1y-AL-ASAQ,21,1146080,2031
005/003-Cycling-1y-AL-ASAQ,22,936184,2031
005/003-Cycling-1y-AL-ASAQ,23,1020596,2031
005/003-Cycling-1y-AL-ASAQ,24,976100,2031
005/003-Cycling-1y-AL-ASAQ,25,1031612,2031
005/003-Cycling-1y-AL-ASAQ,26,980976,2031
005/003-Cycling-1y-AL-ASAQ,27,1045856,2031
005/003-Cycling-1y-AL-ASAQ,28,1046852,2031
005/003-Cycling-1y-AL-ASAQ,29,1049048,2031
005/003-Cycling-1y-AL-ASAQ,30,916856,2031
005/003-Cycling-1y-AL-ASAQ,31,968648,2031
005/003-Cycling-1y-AL-ASAQ,32,1054948,2031
005/003-Cycling-1y-AL-ASAQ,33,1124748,2031
005/003-Cycling-1y-AL-ASAQ,34,1103784,2031
005/003-Cycling-1y-AL-ASAQ,35,1019208,2031
005/003-Cycling-1y-AL-ASAQ,36,1199988,2031
005/003-Cycling-1y-AL-ASAQ,37,1090416,2031
005/003-Cycling-1y-AL-ASAQ,38,1033516,2031
005/003-Cycling-1y-AL-ASAQ,39,938276,2031
005/003-Cycling-1y-AL-ASAQ,40,1214296,2031
005/003-Cycling-1y-AL-ASAQ,41,1214496,2031
005/003-Cycling-1y-AL-ASAQ,42,977288,2031
005/003-Cycling-1y-AL-ASAQ,43,1075440,2031
005/003-Cycling-1y-AL-ASAQ,44,1286504,2031
005/003-Cycling-1y-AL-ASAQ,45,1060208,2031
005/003-Cycling-1y-AL-ASAQ,46,1034248,2031
005/003-Cycling-1y-AL-ASAQ,47,1131076,2031
005/003-Cycling-1y-AL-ASAQ,48,1070760,2031
005/003-Cycling-1y-AL-ASAQ,49,977512,2031
005/003-Cycling-1y-AL-ASAQ,50,1214480,2031
005/003-Cycling-1y-AL-ASAQ,51,1003288,2031
005/003-Cycling-1y-AL-ASAQ,52,1032696,2031
005/003-Cycling-1y-AL-ASAQ,53,1049144,2031
005/003-Cycling-1y-AL-ASAQ,54,1091812,2031
005/003-Cycling-1y-AL-ASAQ,55,1182184,2031
005/003-Cycling-1y-AL-ASAQ,56,1040356,2031
005/003-Cycling-1y-AL-ASAQ,57,985952,2031
005/003-Cycling-1y-AL-ASAQ,58,969136,2031
005/003-Cycling-1y-AL-ASAQ,59,1022132,2031
005/003-Cycling-1y-AL-ASAQ,60,1000284,2031
005/003-Cycling-1y-AL-ASAQ,61,1114616,2031
005/003-Cycling-1y-AL-ASAQ,62,1111316,2031
005/003-Cycling-1y-AL-ASAQ,63,943260,2031
005/003-Cycling-1y-AL-ASAQ,64,906080,2031
005/003-Cycling-1y-AL-ASAQ,65,1078452,2031
005/003-Cycling-1y-AL-ASAQ,66,942608,2031
005/003-Cycling-1y-AL-ASAQ,67,880704,2031
005/003-Cycling-1y-AL-ASAQ,68,1099184,2031
005/003-Cycling-1y-AL-ASAQ,69,944340,2031
005/003-Cycling-1y-AL-ASAQ,70,1121904,2031
005/003-Cycling-1y-AL-ASAQ,71,984820,2031
005/003-Cycling-1y-AL-ASAQ,72,956416,2031
005/003-Cycling-1y-AL-ASAQ,73,1028428,2031
005/003-Cycling-1y-AL-ASAQ,74,1114676,2031
005/003-Cycling-1y-AL-ASAQ,75,1044128,2031
005/003-Cycling-1y-AL-ASAQ,76,944616,2031
005/003-Cycling-1y-AL-ASAQ,77,1120720,2031
005/003-Cycling-1y-AL-ASAQ,78,1012632,2031
005/003-Cycling-1y-AL-ASAQ,79,856432,2031
005/003-Cycling-1y-AL-ASAQ,80,1131996,2031
005/003-Cycling-1y-AL-ASAQ,81,977576,2031
005/003-Cycling-1y-AL-ASAQ,82,1053356,2031
005/003-Cycling-1y-AL-ASAQ,83,1063800,2031
005/003-Cycling-1y-AL-ASAQ,84,1103208,2031
005/003-Cycling-1y-AL-ASAQ,85,1161740,2031
005/003-Cycling-1y-AL-ASAQ,86,1006472,2031
005/003-Cycling-1y-AL-ASAQ,87,1206076,2031
005/003-Cycling-1y-AL-ASAQ,88,1096712,2031
005/003-Cycling-1y-AL-ASAQ,89,1004436,2031
005/003-Cycling-1y-AL-ASAQ,90,1000968,2031
005/003-Cycling-1y-AL-ASAQ,91,1137624,2031
005/003-Cycling-1y-AL-ASAQ,92,1022380,2031
005/003-Cycling-1y-AL-ASAQ,93,1115436,2031
005/003-Cycling-1y-AL-ASAQ,94,1176560,2031
005/003-Cycling-1y-AL-ASAQ,95,917032,2031
005/003-Cycling-1y-AL-ASAQ,96,940772,2031
005/003-Cycling-1y-AL-ASAQ,97,904240,2031
005/003-Cycling-1y-AL-ASAQ,98,861784,2031
005/003-Cycling-1y-AL-ASAQ,99,1218676,2031
005/004-Cycling-1y-AL-DHAPPQ,0,1041212,2031
005/004-Cycling-1y-AL-DHAPPQ,1,1246184,2031
005/004-Cycling-1y-AL-DHAPPQ,2,1242224,2031
005/004-Cycling-1y-AL-DHAPPQ,3,1138912,2031
005/004-Cycling-1y-AL-DHAPPQ,4,1159392,2031
005/004-Cycling-1y-AL-DHAPPQ,5,1153964,2031
005/004-Cycling-1y-AL-DHAPPQ,6,1136148,2031
005/004-Cycling-1y-AL-DHAPPQ,7,1216800,2031
005/004-Cycling-1y-AL-DHAPPQ,8,1125908,2031
005/004-Cycling-1y-AL-DHAPPQ,9,1284552,2031
005/004-Cycling-1y-AL-DHAPPQ,10,1212728,2031
005/004-Cycling-1y-AL-DHAPPQ,11,970788,2031
005/004-Cycling-1y-AL-DHAPPQ,12,1294580,2031
005/004-Cycling-1y-AL-DHAPPQ,13,1291844,2031
005/004-Cycling-1y-AL-DHAPPQ,14,977064,2031
005/004-Cycling-1y-AL-DHAPPQ,15,1094520,2031
005/004-Cycling-1y-AL-DHAPPQ,16,1360308,2031
005/004-Cycling-1y-AL-DHAPPQ,17,1664880,2031
005/004-Cycling-1y-AL-DHAPPQ,18,1207664,2031
005/004-Cycling-1y-AL-DHAPPQ,19,1131540,2031
005/004-Cycling-1y-AL-DHAPPQ,20,948424,2031
005/004-Cycling-1y-AL-DHAPPQ,21,1385676,2031
005/004-Cycling-1y-AL-DHAPPQ,22,1172304,2031
005/004-Cycling-1y-AL-DHAPPQ,23,1233580,2031
005/004-Cycling-1y-AL-DHAPPQ,24,1328544,2031
005/004-Cycling-1y-AL-DHAPPQ,25,1249188,2031
005/004-Cycling-1y-AL-DHAPPQ,26,1150504,2031
005/004-Cycling-1y-AL-DHAPPQ,27,1096636,2031
005/004-Cycling-1y-AL-DHAPPQ,28,1328952,2031
005/004-Cycling-1y-AL-DHAPPQ,29,1469096,2031
005/004-Cycling-1y-AL-DHAPPQ,30,1581180,2031
005/004-Cycling-1y-AL-DHAPPQ,31,1270588,2031
005/004-Cycling-1y-AL-DHAPPQ,32,1146264,2031
005/004-Cycling-1y-AL-DHAPPQ,33,1143964,2031
005/004-Cycling-1y-AL-DHAPPQ,34,1209720,2031
005/004-Cycling-1y-AL-DHAPPQ,35,1077284,2031
005/004-Cycling-1y-AL-DHAPPQ,36,1248008,2031
005/004-Cycling-1y-AL-DHAPPQ,37,1281320,2031
005/004-Cycling-1y-AL-DHAPPQ,38,1195884,2031
005/004-Cycling-1y-AL-DHAPPQ,39,1156080,2031
005/004-Cycling-1y-AL-DHAPPQ,40,1215260,2031
005/004-Cycling-1y-AL-DHAPPQ,41,1412984,2031
005/004-Cycling-1y-AL-DHAPPQ,42,1210212,2031
005/004-Cycling-1y-AL-DHAPPQ,43,1364688,2031
005/004-Cycling-1y-AL-DHAPPQ,44,1113100,2031
005/004-Cycling-1y-AL-DHAPPQ,45,1148212,2031
005/004-Cycling-1y-AL-DHAPPQ,46,1153872,2031
005/004-Cycling-1y-AL-DHAPPQ,47,1776192,2031
005/004-Cycling-1y-AL-DHAPPQ,48,1530152,2031
005/004-Cycling-1y-AL-DHAPPQ,49,1113652,2031
005/004-Cycling-1y-AL-DHAPPQ,50,1176164,2031
005/004-Cycling-1y-AL-DHAPPQ,51,1157640,2031
005/004-Cycling-1y-AL-DHAPPQ,52,1399500,2031
005/004-Cycling-1y-AL-DHAPPQ,53,1306752,2031
005/004-Cycling-1y-AL-DHAPPQ,54,1449952,2031
005/004-Cycling-1y-AL-DHAPPQ,55,1266068,2031
005/004-Cycling-1y-AL-DHAPPQ,56,1311460,2031
005/004-Cycling-1y-AL-DHAPPQ,57,1202724,2031
005/004-Cycling-1y-AL-DHAPPQ,58,1038932,2031
005/004-Cycling-1y-AL-DHAPPQ,59,1277400,2031
005/004-Cycling-1y-AL-DHAPPQ,60,1424568,2031
005/004-Cycling-1y-AL-DHAPPQ,61,1152640,2031
005/004-Cycling-1y-AL-DHAPPQ,62,1172276,2031
005/004-Cycling-1y-AL-DHAPPQ,63,1050072,2031
005/004-Cycling-1y-AL-DHAPPQ,64,1394524,2031
005/004-Cycling-1y-AL-DHAPPQ,65,1123548,2031
005/004-Cycling-1y-AL-DHAPPQ,66,1125984,2031
005/004-Cycling-1y-AL-DHAPPQ,67,1140156,2031
005/004-Cycling-1y-AL-DHAPPQ,68,1329800,2031
005/004-Cycling-1y-AL-DHAPPQ,69,1289128,2031
005/004-Cycling-1y-AL-DHAPPQ,70,984912,2031
005/004-Cycling-1y-AL-DHAPPQ,71,974708,2031
005/004-Cycling-1y-AL-DHAPPQ,72,1316944,2031
005/004-Cycling-1y-AL-DHAPPQ,73,1184568,2031
005/004-Cycling-1y-AL-DHAPPQ,74,1138648,2031
005/004-Cycling-1y-AL-DHAPPQ,75,1068204,2031
005/004-Cycling-1y-AL-DHAPPQ,76,1249256,2031
005/004-Cycling-1y-AL-DHAPPQ,77,1284548,2031
005/004-Cycling-1y-AL-DHAPPQ,78,1374388,2031
005/004-Cycling-1y-AL-DHAPPQ,79,1137280,2031
005/004-Cycling-1y-AL-DHAPPQ,80,1291900,2031
005/004-Cycling-1y-AL-DHAPPQ,81,1352092,2031
005/004-Cycling-1y-AL-DHAPPQ,82,1183364,2031
005/004-Cycling-1y-AL-DHAPPQ,83,1191520,2031
005/004-Cycling-1y-AL-DHAPPQ,84,892220,2031
005/004-Cycling-1y-AL-DHAPPQ,85,1156008,2031
005/004-Cycling-1y-AL-DHAPPQ,86,1138372,2031
005/004-Cycling-1y-AL-DHAPPQ,87,1073996,2031
005/004-Cycling-1y-AL-DHAPPQ,88,1232616,2031
005/004-Cycling-1y-AL-DHAPPQ,89,1133100,2031
005/004-Cycling-1y-AL-DHAPPQ,90,1300392,2031
005/004-Cycling-1y-AL-DHAPPQ,91,1359376,2031
005/004-Cycling-1y-AL-DHAPPQ,92,1210384,2031
005/004-Cycling-1y-AL-DHAPPQ,93,1250688,2031
005/004-Cycling-1y-AL-DHAPPQ,94,1157928,2031
005/004-Cycling-1y-AL-DHAPPQ,95,1250240,2031
005/004-Cycling-1y-AL-DHAPPQ,96,1116104,2031
005/004-Cycling-1y-AL-DHAPPQ,97,1220780,2031
005/004-Cycling-1y-AL-DHAPPQ,98,1173804,2031
005/004-Cycling-1y-AL-DHAPPQ,99,1170444,2031
005/005-Cycling-1y-ASAQ-AL,0,874688,2031
005/005-Cycling-1y-ASAQ-AL,1,1203916,2031
005/005-Cycling-1y-ASAQ-AL,2,1123476,2031
005/005-Cycling-1y-ASAQ-AL,3,1059968,2031
005/005-Cycling-1y-ASAQ-AL,4,943084,2031
005/005-Cycling-1y-ASAQ-AL,5,1064268,2031
005/005-Cycling-1y-ASAQ-AL,6,889704,2031
005/005-Cycling-1y-ASAQ-AL,7,1139448,2031
005/005-Cycling-1y-ASAQ-AL,8,965964,2031
005/005-Cycling-1y-ASAQ-AL,9,1020184,2031
005/005-Cycling-1y-ASAQ-AL,10,1038544,2031
005/005-Cycling-1y-ASAQ-AL,11,1144636,2031
005/005-Cycling-1y-ASAQ-AL,12,895800,2031
005/005-Cycling-1y-ASAQ-AL,13,1017692,2031
005/005-Cycling-1y-ASAQ-AL,14,915336,2031
005/005-Cycling-1y-ASAQ-AL,15,964360,2031
005/005-Cycling-1y-ASAQ-AL,16,997616,2031
005/005-Cycling-1y-ASAQ-AL,17,865860,2031
005/005-Cycling-1y-ASAQ-AL,18,1111232,2031
005/005-Cycling-1y-ASAQ-AL,19,1156896,2031
005/005-Cycling-1y-ASAQ-AL,20,1007056,2031
005/005-Cycling-1y-ASAQ-AL,21,1088632,2031
005/005-Cycling-1y-ASAQ-AL,22,974260,2031
005/005-Cycling-1y-ASAQ-AL,23,1040712,2031
005/005-Cycling-1y-ASAQ-AL,24,946256,2031
005/005-Cycling-1y-ASAQ-AL,25,837356,2031
005/005-Cycling-1y-ASAQ-AL,26,952200,2031
005/005-Cycling-1y-ASAQ-AL,27,885800,2031
005/005-Cycling-1y-ASAQ-AL,28,959404,2031
005/005-Cycling-1y-ASAQ-AL,29,925568,2031
005/005-Cycling-1y-ASAQ-AL,30,979572,2031
005/005-Cycling-1y-ASAQ-AL,31,922996,2031
005/005-Cycling-1y-ASAQ-AL,32,901220,2031
005/005-Cycling-1y-ASAQ-AL,33,916352,2031
005/005-Cycling-1y-ASAQ-AL,34,917996,2031
005/005-Cycling-1y-ASAQ-AL,35,890780,2031
005/005-Cycling-1y-ASAQ-AL,36,878152,2031
005/005-Cycling-1y-ASAQ-AL,37,852356,2031
005/005-Cycling-1y-ASAQ-AL,38,1017380,2031
005/005-Cycling-1y-ASAQ-AL,39,1197668,2031
005/005-Cycling-1y-ASAQ-AL,40,958964,2031
005/005-Cycling-1y-ASAQ-AL,41,1071664,2031
005/005-Cycling-1y-ASAQ-AL,42,1198712,2031
005/005-Cycling-1y-ASAQ-AL,43,916292,2031
005/005-Cycling-1y-ASAQ-AL,44,937960,2031
005/005-Cycling-1y-ASAQ-AL,45,1201792,2031
005/005-Cycling-1y-ASAQ-AL,46,1073976,2031
005/005-Cycling-1y-ASAQ-AL,47,842704,2031
005/005-Cycling-1y-ASAQ-AL,48,943404,2031
005/005-Cycling-1y-ASAQ-AL,49,890768,2031
005/005-Cycling-1y-ASAQ-AL,50,950716,2031
005/005-Cycling-1y-ASAQ-AL,51,1123684,2031
005/005-Cycling-1y-ASAQ-AL,52,992852,2031
005/005-Cycling-1y-ASAQ-AL,53,1023672,2031
005/005-Cycling-1y-ASAQ-AL,54,1231824,2031
005/005-Cycling-1y-ASAQ-AL,55,972976,2031
005/005-Cycling-1y-ASAQ-AL,56,1051072,2031
005/005-Cycling-1y-ASAQ-AL,57,911092,2031
005/005-Cycling-1y-ASAQ-AL,58,955572,2031
005/005-Cycling-1y-ASAQ-AL,59,1012300,2031
005/005-Cycling-1y-ASAQ-AL,60,1105116,2031
005/005-Cycling-1y-ASAQ-AL,61,1100368,2031
005/005-Cycling-1y-ASAQ-AL,62,1014480,2031
005/005-Cycling-1y-ASAQ-AL,63,928404,2031
005/005-Cycling-1y-ASAQ-AL,64,908504,2031
005/005-Cycling-1y-ASAQ-AL,65,927792,2031
005/005-Cycling-1y-ASAQ-AL,66,1000024,2031
005/005-Cycling-1y-ASAQ-AL,67,947820,2031
005/005-Cycling-1y-ASAQ-AL,68,1039860,2031
005/005-Cycling-1y-ASAQ-AL,69,1004448,2031
005/005-Cycling-1y-ASAQ-AL,70,937860,2031
005/005-Cycling-1y-ASAQ-AL,71,988772,2031
005/005-Cycling-1y-ASAQ-AL,72,857584,2031
005/005-Cycling-1y-ASAQ-AL,73,1038144,2031
005/005-Cycling-1y-ASAQ-AL,74,958724,2031
005/005-Cycling-1y-ASAQ-AL,75,1095288,2031
005/005-Cycling-1y-ASAQ-AL,76,1043332,2031
005/005-Cycling-1y-ASAQ-AL,77,921428,2031
005/005-Cycling-1y-ASAQ-AL,78,1069536,2031
005/005-Cycling-1y-ASAQ-AL,79,902460,2031
005/005-Cycling-1y-ASAQ-AL,80,978180,2031
005/005-Cycling-1y-ASAQ-AL,81,1010764,2031
005/005-Cycling-1y-ASAQ-AL,82,1050948,2031
005/005-Cycling-1y-ASAQ-AL,83,1105428,2031
005/005-Cycling-1y-ASAQ-AL,84,1085964,2031
005/005-Cycling-1y-ASAQ-AL,85,927364,2031
005/005-Cycling-1y-ASAQ-AL,86,852904,2031
005/005-Cycling-1y-ASAQ-AL,87,1124008,2031
005/005-Cycling-1y-ASAQ-AL,88,1019992,2031
005/005-Cycling-1y-ASAQ-AL,89,918068,2031
005/005-Cycling-1y-ASAQ-AL,90,878876,2031
005/005-Cycling-1y-ASAQ-AL,91,932820,2031
005/005-Cycling-1y-ASAQ-AL,92,1021376,2031
005/005-Cycling-1y-ASAQ-AL,93,905100,2031
005/005-Cycling-1y-ASAQ-AL,94,885956,2031
005/005-Cycling-1y-ASAQ-AL,95,903248,2031
005/005-Cycling-1y-ASAQ-AL,96,1005452,2031
005/005-Cycling-1y-ASAQ-AL,97,1448552,2031
005/005-Cycling-1y-ASAQ-AL,98,1082672,2031
005/005-Cycling-1y-ASAQ-AL,99,848768,2031
005/006-Cycling-1y-ASAQ-DHAPPQ,0,651788,2031
005/006-Cycling-1y-ASAQ-DHAPPQ,1,575168,2031
005/006-Cycling-1y-ASAQ-DHAPPQ,2,648988,2031
005/006-Cycling-1y-ASAQ-DHAPPQ,3,646932,2031
005/006-Cycling-1y-ASAQ-DHAPPQ,4,568956,2031
005/006-Cycling-1y-ASAQ-DHAPPQ,5,609176,2031
005/006-Cycling-1y-ASAQ-DHAPPQ,6,645268,2031
005/006-Cycling-1y-ASAQ-DHAPPQ,7,520480,2031
005/006-Cycling-1y-ASAQ-DHAPPQ,8,557572,2031
005/006-Cycling-1y-ASAQ-DHAPPQ,9,639936,2031
005/006-Cycling-1y-ASAQ-DHAPPQ,10,519284,2031
005/006-Cycling-1y-ASAQ-DHAPPQ,11,568316,2031
005/006-Cycling-1y-ASAQ-DHAPPQ,12,566116,2031
005/006-Cycling-1y-ASAQ-DHAPPQ,13,579012,2031
005/006-Cycling-1y-ASAQ-DHAPPQ,14,651676,2031
005/006-Cycling-1y-ASAQ-DHAPPQ,15,631164,2031
005/006-Cycling-1y-ASAQ-DHAPPQ,16,630060,2031
005/006-Cycling-1y-ASAQ-DHAPPQ,17,639300,2031
005/006-Cycling-1y-ASAQ-DHAPPQ,18,612144,2031
005/006-Cycling-1y-ASAQ-DHAPPQ,19,588420,2031
005/006-Cycling-1y-ASAQ-DHAPPQ,20,515584,2031
005/006-Cycling-1y-ASAQ-DHAPPQ,21,674108,2031
005/006-Cycling-1y-ASAQ-DHAPPQ,22,625668,2031
005/006-Cycling-1y-ASAQ-DHAPPQ,23,591216,2031
005/006-Cycling-1y-ASAQ-DHAPPQ,24,554660,2031
005/006-Cycling-1y-ASAQ-DHAPPQ,25,542920,2031
005/006-Cycling-1y-ASAQ-DHAPPQ,26,643148,2031
005/006-Cycling-1y-ASAQ-DHAPPQ,27,574364,2031
005/006-Cycling-1y-ASAQ-DHAPPQ,28,657336,2031
005/006-Cycling-1y-ASAQ-DHAPPQ,29,640996,2031
005/006-Cycling-1y-ASAQ-DHAPPQ,30,570508,2031
005/006-Cycling-1y-ASAQ-DHAPPQ,31,588964,2031
005/006-Cycling-1y-ASAQ-DHAPPQ,32,578992,2031
005/006-Cycling-1y-ASAQ-DHAPPQ,33,552476,2031
005/006-Cycling-1y-ASAQ-DHAPPQ,34,535168,2031
005/006-Cycling-1y-ASAQ-DHAPPQ,35,620856,2031
005/006-Cycling-1y-ASAQ-DHAPPQ,36,627928,2031
005/006-Cycling-1y-ASAQ-DHAPPQ,37,563224,2031
005/006-Cycling-1y-ASAQ-DHAPPQ,38,704280,2031
005/006-Cycling-1y-ASAQ-DHAPPQ,39,612604,2031
005/006-Cycling-1y-ASAQ-DHAPPQ,40,624380,2031
005/006-Cycling-1y-ASAQ-DHAPPQ,41,584856,2031
005/006-Cycling-1y-ASAQ-DHAPPQ,42,748096,2031
005/006-Cycling-1y-ASAQ-DHAPPQ,43,484644,2031
005/006-Cycling-1y-ASAQ-DHAPPQ,44,572036,2031
005/006-Cycling-1y-ASAQ-DHAPPQ,45,558232,2031
005/006-Cycling-1y-ASAQ-DHAPPQ,46,579304,2031
005/006-Cycling-1y-ASAQ-DHAPPQ,47,584672,2031
005/006-Cycling-1y-ASAQ-DHAPPQ,48,552600,2031
005/006-Cycling-1y-ASAQ-DHAPPQ,49,630268,2031
005/006-Cycling-1y-ASAQ-DHAPPQ,50,625916,2031
005/006-Cycling-1y-ASAQ-DHAPPQ,51,637164,2031
005/006-Cycling-1y-ASAQ-DHAPPQ,52,639764,2031
005/006-Cycling-1y-ASAQ-DHAPPQ,53,580104,2031
005/006-Cycling-1y-ASAQ-DHAPPQ,54,619748,2031
005/006-Cycling-1y-ASAQ-DHAPPQ,55,577240,2031
005/006-Cycling-1y-ASAQ-DHAPPQ,56,581656,2031
005/006-Cycling-1y-ASAQ-DHAPPQ,57,682324,2031
005/006-Cycling-1y-ASAQ-DHAPPQ,58,601288,2031
005/006-Cycling-1y-ASAQ-DHAPPQ,59,657776,2031
005/006-Cycling-1y-ASAQ-DHAPPQ,60,514384,2031
005/006-Cycling-1y-ASAQ-DHAPPQ,61,503240,2031
005/006-Cycling-1y-ASAQ-DHAPPQ,62,634944,2031
005/006-Cycling-1y-ASAQ-DHAPPQ,63,580424,2031
005/006-Cycling-1y-ASAQ-DHAPPQ,64,567444,2031
005/006-Cycling-1y-ASAQ-DHAPPQ,65,677132,2031
005/006-Cycling-1y-ASAQ-DHAPPQ,66,600384,2031
005/006-Cycling-1y-ASAQ-DHAPPQ,67,547308,2031
005/006-Cycling-1y-ASAQ-DHAPPQ,68,622788,2031
005/006-Cycling-1y-ASAQ-DHAPPQ,69,557212,2031
005/006-Cycling-1y-ASAQ-DHAPPQ,70,610900,2031
005/006-Cycling-1y-ASAQ-DHAPPQ,71,646140,2031
005/006-Cycling-1y-ASAQ-DHAPPQ,72,552784,2031
005/006-Cycling-1y-ASAQ-DHAPPQ,73,605508,2031
005/006-Cycling-1y-ASAQ-DHAPPQ,74,654328,2031
005/006-Cycling-1y-ASAQ-DHAPPQ,75,592096,2031
005/006-Cycling-1y-ASAQ-DHAPPQ,76,586316,2031
005/006-Cycling-1y-ASAQ-DHAPPQ,77,562700,2031
005/006-Cycling-1y-ASAQ-DHAPPQ,78,631036,2031
005/006-Cycling-1y-ASAQ-DHAPPQ,79,532508,2031
005/006-Cycling-1y-ASAQ-DHAPPQ,80,561444,2031
005/006-Cycling-1y-ASAQ-DHAPPQ,81,637884,2031
005/006-Cycling-1y-ASAQ-DHAPPQ,82,578496,2031
005/006-Cycling-1y-ASAQ-DHAPPQ,83,540432,2031
005/006-Cycling-1y-ASAQ-DHAPPQ,84,537016,2031
005/006-Cycling-1y-ASAQ-DHAPPQ,85,554148,2031
005/006-Cycling-1y-ASAQ-DHAPPQ,86,566420,2031
005/006-Cycling-1y-ASAQ-DHAPPQ,87,474332,2031
005/006-Cycling-1y-ASAQ-DHAPPQ,88,605104,2031
005/006-Cycling-1y-ASAQ-DHAPPQ,89,607120,2031
005/006-Cycling-1y-ASAQ-DHAPPQ,90,568892,2031
005/006-Cycling-1y-ASAQ-DHAPPQ,91,528932,2031
005/006-Cycling-1y-ASAQ-DHAPPQ,92,596940,2031
005/006-Cycling-1y-ASAQ-DHAPPQ,93,598340,2031
005/006-Cycling-1y-ASAQ-DHAPPQ,94,636592,2031
005/006-Cycling-1y-ASAQ-DHAPPQ,95,585584,2031
005/006-Cycling-1y-ASAQ-DHAPPQ,96,531592,2031
005/006-Cycling-1y-ASAQ-DHAPPQ,97,618340,2031
005/006-Cycling-1y-ASAQ-DHAPPQ,98,583704,2031
005/006-Cycling-1y-ASAQ-DHAPPQ,99,560068,2031
005/007-Cycling-1y-DHAPPQ-AL,0,1064660,2031
005/007-Cycling-1y-DHAPPQ-AL,1,975180,2031
005/007-Cycling-1y-DHAPPQ-AL,2,1147824,2031
005/007-Cycling-1y-DHAPPQ-AL,3,1206576,2031
005/007-Cycling-1y-DHAPPQ-AL,4,978236,2031
005/007-Cycling-1y-DHAPPQ-AL,5,1454224,2031
005/007-Cycling-1y-DHAPPQ-AL,6,1211304,2031
005/007-Cycling-1y-DHAPPQ-AL,7,1066144,2031
005/007-Cycling-1y-DHAPPQ-AL,8,1276704,2031
005/007-Cycling-1y-DHAPPQ-AL,9,1280036,2031
005/007-Cycling-1y-DHAPPQ-AL,10,959620,2031
005/007-Cycling-1y-DHAPPQ-AL,11,1245280,2031
005/007-Cycling-1y-DHAPPQ-AL,12,1203752,2031
005/007-Cycling-1y-DHAPPQ-AL,13,1254552,2031
005/007-Cycling-1y-DHAPPQ-AL,14,1369224,2031
005/007-Cycling-1y-DHAPPQ-AL,15,1136340,2031
005/007-Cycling-1y-DHAPPQ-AL,16,1097304,2031
005/007-Cycling-1y-DHAPPQ-AL,17,1120748,2031
005/007-Cycling-1y-DHAPPQ-AL,18,1911740,2031
005/007-Cycling-1y-DHAPPQ-AL,19,1067856,2031
005/007-Cycling-1y-DHAPPQ-AL,20,1034672,2031
005/007-Cycling-1y-DHAPPQ-AL,21,1432920,2031
005/007-Cycling-1y-DHAPPQ-AL,22,1189996,2031
005/007-Cycling-1y-DHAPPQ-AL,23,1191992,2031
005/007-Cycling-1y-DHAPPQ-AL,24,1176440,2031
005/007-Cycling-1y-DHAPPQ-AL,25,1193664,2031
005/007-Cycling-1y-DHAPPQ-AL,26,1109696,2031
005/007-Cycling-1y-DHAPPQ-AL,27,1254624,2031
005/007-Cycling-1y-DHAPPQ-AL,28,1269400,2031
005/007-Cycling-1y-DHAPPQ-AL,29,1309252,2031
005/007-Cycling-1y-DHAPPQ-AL,30,1337028,2031
005/007-Cycling-1y-DHAPPQ-AL,31,1206652,2031
005/007-Cycling-1y-DHAPPQ-AL,32,1137848,2031
005/007-Cycling-1y-DHAPPQ-AL,33,1163660,2031
005/007-Cycling-1y-DHAPPQ-AL,34,1095872,2031
005/007-Cycling-1y-DHAPPQ-AL,35,1197420,2031
005/007-Cycling-1y-DHAPPQ-AL,36,1160432,2031
005/007-Cycling-1y-DHAPPQ-AL,37,1213344,2031
005/007-Cycling-1y-DHAPPQ-AL,38,1090676,2031
005/007-Cycling-1y-DHAPPQ-AL,39,1054228,2031
005/007-Cycling-1y-DHAPPQ-AL,40,1123696,2031
005/007-Cycling-1y-DHAPPQ-AL,41,1239424,2031
005/007-Cycling-1y-DHAPPQ-AL,42,1071960,2031
005/007-Cycling-1y-DHAPPQ-AL,43,1171284,2031
005/007-Cycling-1y-DHAPPQ-AL,44,1250212,2031
005/007-Cycling-1y-DHAPPQ-AL,45,1259868,2031
005/007-Cycling-1y-DHAPPQ-AL,46,1163192,2031
005/007-Cycling-1y-DHAPPQ-AL,47,1135772,2031
005/007-Cycling-1y-DHAPPQ-AL,48,1226124,2031
005/007-Cycling-1y-DHAPPQ-AL,49,1431612,2031
005/007-Cycling-1y-DHAPPQ-AL,50,1117504,2031
005/007-Cycling-1y-DHAPPQ-AL,51,1134376,2031
005/007-Cycling-1y-DHAPPQ-AL,52,1246356,2031
005/007-Cycling-1y-DHAPPQ-AL,53,1170812,2031
005/007-Cycling-1y-DHAPPQ-AL,54,1068556,2031
005/007-Cycling-1y-DHAPPQ-AL,55,1248904,2031
005/007-Cycling-1y-DHAPPQ-AL,56,1418816,2031
005/007-Cycling-1y-DHAPPQ-AL,57,1146568,2031
005/007-Cycling-1y-DHAPPQ-AL,58,1559692,2031
005/007-Cycling-1y-DHAPPQ-AL,59,1167660,2031
005/007-Cycling-1y-DHAPPQ-AL,60,1225280,2031
005/007-Cycling-1y-DHAPPQ-AL,61,1150116,2031
005/007-Cycling-1y-DHAPPQ-AL,62,1386176,2031
005/007-Cycling-1y-DHAPPQ-AL,63,1166864,2031
005/007-Cycling-1y-DHAPPQ-AL,64,1052960,2031
005/007-Cycling-1y-DHAPPQ-AL,65,1247632,2031
005/007-Cycling-1y-DHAPPQ-AL,66,1213632,2031
005/007-Cycling-1y-DHAPPQ-AL,67,1085036,2031
005/007-Cycling-1y-DHAPPQ-AL,68,1145720,2031
005/007-Cycling-1y-DHAPPQ-AL,69,1202324,2031
005/007-Cycling-1y-DHAPPQ-AL,70,1223900,2031
005/007-Cycling-1y-DHAPPQ-AL,71,1061720,2031
005/007-Cycling-1y-DHAPPQ-AL,72,936028,2031
005/007-Cycling-1y-DHAPPQ-AL,73,1292648,2031
005/007-Cycling-1y-DHAPPQ-AL,74,1082616,2031
005/007-Cycling-1y-DHAPPQ-AL,75,1123448,2031
005/007-Cycling-1y-DHAPPQ-AL,76,1123796,2031
005/007-Cycling-1y-DHAPPQ-AL,77,1083608,2031
005/007-Cycling-1y-DHAPPQ-AL,78,1085004,2031
005/007-Cycling-1y-DHAPPQ-AL,79,1087884,2031
005/007-Cycling-1y-DHAPPQ-AL,80,1200340,2031
005/007-Cycling-1y-DHAPPQ-AL,81,1173464,2031
005/007-Cycling-1y-DHAPPQ-AL,82,1136568,2031
005/007-Cycling-1y-DHAPPQ-AL,83,1326852,2031
005/007-Cycling-1y-DHAPPQ-AL,84,1120708,2031
005/007-Cycling-1y-DHAPPQ-AL,85,1184840,2031
005/007-Cycling-1y-DHAPPQ-AL,86,1082048,2031
005/007-Cycling-1y-DHAPPQ-AL,87,1258132,2031
005/007-Cycling-1y-DHAPPQ-AL,88,1032520,2031
005/007-Cycling-1y-DHAPPQ-AL,89,972336,2031
005/007-Cycling-1y-DHAPPQ-AL,90,1281876,2031
005/007-Cycling-1y-DHAPPQ-AL,91,1047920,2031
005/007-Cycling-1y-DHAPPQ-AL,92,1231132,2031
005/007-Cycling-1y-DHAPPQ-AL,93,1196544,2031
005/007-Cycling-1y-DHAPPQ-AL,94,1254108,2031
005/007-Cycling-1y-DHAPPQ-AL,95,1248356,2031
005/007-Cycling-1y-DHAPPQ-AL,96,1335584,2031
005/007-Cycling-1y-DHAPPQ-AL,97,1211660,2031
005/007-Cycling-1y-DHAPPQ-AL,98,1188216,2031
005/007-Cycling-1y-DHAPPQ-AL,99,1195144,2031
005/008-Cycling-1y-DHAPPQ-ASAQ,0,596772,2031
005/008-Cycling-1y-DHAPPQ-ASAQ,1,613300,2031
005/008-Cycling-1y-DHAPPQ-ASAQ,2,669952,2031
005/008-Cycling-1y-DHAPPQ-ASAQ,3,600536,2031
005/008-Cycling-1y-DHAPPQ-ASAQ,4,604008,2031
005/008-Cycling-1y-DHAPPQ-ASAQ,5,550728,2031
005/008-Cycling-1y-DHAPPQ-ASAQ,6,603656,2031
005/008-Cycling-1y-DHAPPQ-ASAQ,7,565880,2031
005/008-Cycling-1y-DHAPPQ-ASAQ,8,621092,2031
005/008-Cycling-1y-DHAPPQ-ASAQ,9,672844,2031
005/008-Cycling-1y-DHAPPQ-ASAQ,10,675260,2031
005/008-Cycling-1y-DHAPPQ-ASAQ,11,636744,2031
005/008-Cycling-1y-DHAPPQ-ASAQ,12,625828,2031
005/008-Cycling-1y-DHAPPQ-ASAQ,13,642464,2031
005/008-Cycling-1y-DHAPPQ-ASAQ,14,717388,2031
005/008-Cycling-1y-DHAPPQ-ASAQ,15,635372,2031
005/008-Cycling-1y-DHAPPQ-ASAQ,16,664004,2031
005/008-Cycling-1y-DHAPPQ-ASAQ,17,627236,2031
005/008-Cycling-1y-DHAPPQ-ASAQ,18,624464,2031
005/008-Cycling-1y-DHAPPQ-ASAQ,19,632284,2031
005/008-Cycling-1y-DHAPPQ-ASAQ,20,533596,2031
005/008-Cycling-1y-DHAPPQ-ASAQ,21,651072,2031
005/008-Cycling-1y-DHAPPQ-ASAQ,22,626624,2031
005/008-Cycling-1y-DHAPPQ-ASAQ,23,598400,2031
005/008-Cycling-1y-DHAPPQ-ASAQ,24,584576,2031
005/008-Cycling-1y-DHAPPQ-ASAQ,25,658460,2031
005/008-Cycling-1y-DHAPPQ-ASAQ,26,601304,2031
005/008-Cycling-1y-DHAPPQ-ASAQ,27,612588,2031
005/008-Cycling-1y-DHAPPQ-ASAQ,28,618612,2031
005/008-Cycling-1y-DHAPPQ-ASAQ,29,611832,2031
005/008-Cycling-1y-DHAPPQ-ASAQ,30,646928,2031
005/008-Cycling-1y-DHAPPQ-ASAQ,31,643424,2031
005/008-Cycling-1y-DHAPPQ-ASAQ,32,611368,2031
005/008-Cycling-1y-DHAPPQ-ASAQ,33,574288,2031
005/008-Cycling-1y-DHAPPQ-ASAQ,34,616996,2031
005/008-Cycling-1y-DHAPPQ-ASAQ,35,576200,2031
005/008-Cycling-1y-DHAPPQ-ASAQ,36,667120,2031
005/008-Cycling-1y-DHAPPQ-ASAQ,37,627772,2031
005/008-Cycling-1y-DHAPPQ-ASAQ,38,633952,2031
005/008-Cycling-1y-DHAPPQ-ASAQ,39,646912,2031
005/008-Cycling-1y-DHAPPQ-ASAQ,40,623988,2031
005/008-Cycling-1y-DHAPPQ-ASAQ,41,628540,2031
005/008-Cycling-1y-DHAPPQ-ASAQ,42,549764,2031
005/008-Cycling-1y-DHAPPQ-ASAQ,43,576132,2031
005/008-Cycling-1y-DHAPPQ-ASAQ,44,656452,2031
005/008-Cycling-1y-DHAPPQ-ASAQ,45,585004,2031
005/008-Cycling-1y-DHAPPQ-ASAQ,46,549616,2031
005/008-Cycling-1y-DHAPPQ-ASAQ,47,626604,2031
005/008-Cycling-1y-DHAPPQ-ASAQ,48,570604,2031
005/008-Cycling-1y-DHAPPQ-ASAQ,49,637264,2031
005/008-Cycling-1y-DHAPPQ-ASAQ,50,640728,2031
005/008-Cycling-1y-DHAPPQ-ASAQ,51,568440,2031
005/008-Cycling-1y-DHAPPQ-ASAQ,52,643200,2031
005/008-Cycling-1y-DHAPPQ-ASAQ,53,580084,2031
005/008-Cycling-1y-DHAPPQ-ASAQ,54,696420,2031
005/008-Cycling-1y-DHAPPQ-ASAQ,55,607508,2031
005/008-Cycling-1y-DHAPPQ-ASAQ,56,677256,2031
005/008-Cycling-1y-DHAPPQ-ASAQ,57,647428,2031
005/008-Cycling-1y-DHAPPQ-ASAQ,58,595888,2031
005/008-Cycling-1y-DHAPPQ-ASAQ,59,620208,2031
005/008-Cycling-1y-DHAPPQ-ASAQ,60,571288,2031
005/008-Cycling-1y-DHAPPQ-ASAQ,61,618780,2031
005/008-Cycling-1y-DHAPPQ-ASAQ,62,625020,2031
005/008-Cycling-1y-DHAPPQ-ASAQ,63,612152,2031
005/008-Cycling-1y-DHAPPQ-ASAQ,64,622000,2031
005/008-Cycling-1y-DHAPPQ-ASAQ,65,694468,2031
005/008-Cycling-1y-DHAPPQ-ASAQ,66,681052,2031
005/008-Cycling-1y-DHAPPQ-ASAQ,67,584304,2031
005/008-Cycling-1y-DHAPPQ-ASAQ,68,727604,2031
005/008-Cycling-1y-DHAPPQ-ASAQ,69,582424,2031
005/008-Cycling-1y-DHAPPQ-ASAQ,70,590168,2031
005/008-Cycling-1y-DHAPPQ-ASAQ,71,557312,2031
005/008-Cycling-1y-DHAPPQ-ASAQ,72,622132,2031
005/008-Cycling-1y-DHAPPQ-ASAQ,73,655420,2031
005/008-Cycling-1y-DHAPPQ-ASAQ,74,585068,2031
005/008-Cycling-1y-DHAPPQ-ASAQ,75,633480,2031
005/008-Cycling-1y-DHAPPQ-ASAQ,76,720196,2031
005/008-Cycling-1y-DHAPPQ-ASAQ,77,611564,2031
005/008-Cycling-1y-DHAPPQ-ASAQ,78,618772,2031
005/008-Cycling-1y-DHAPPQ-ASAQ,79,621984,2031
005/008-Cycling-1y-DHAPPQ-ASAQ,80,642116,2031
005/008-Cycling-1y-DHAPPQ-ASAQ,81,633160,2031
005/008-Cycling-1y-DHAPPQ-ASAQ,82,571688,2031
005/008-Cycling-1y-DHAPPQ-ASAQ,83,595348,2031
005/008-Cycling-1y-DHAPPQ-ASAQ,84,578236,2031
005/008-Cycling-1y-DHAPPQ-ASAQ,85,711548,2031
005/008-Cycling-1y-DHAPPQ-ASAQ,86,615524,2031
005/008-Cycling-1y-DHAPPQ-ASAQ,87,632840,2031
005/008-Cycling-1y-DHAPPQ-ASAQ,88,666572,2031
005/008-Cycling-1y-DHAPPQ-ASAQ,89,666572,2031
005/008-Cycling-1y-DHAPPQ-ASAQ,90,600412,2031
005/008-Cycling-1y-DHAPPQ-ASAQ,91,652376,2031
005/008-Cycling-1y-DHAPPQ-ASAQ,92,525636,2031
005/008-Cycling-1y-DHAPPQ-ASAQ,93,610000,2031
005/008-Cycling-1y-DHAPPQ-ASAQ,94,593188,2031
005/008-Cycling-1y-DHAPPQ-ASAQ,95,588144,2031
005/008-Cycling-1y-DHAPPQ-ASAQ,96,643520,2031
005/008-Cycling-1y-DHAPPQ-ASAQ,97,687128,2031
005/008-Cycling-1y-DHAPPQ-ASAQ,98,611004,2031
005/008-Cycling-1y-DHAPPQ-ASAQ,99,559172,2031
005/009-Cycling-1y-AL-ASAQ-DHAPPQ,0,783612,2031
005/009-Cycling-1y-AL-ASAQ-DHAPPQ,1,793452,2031
005/009-Cycling-1y-AL-ASAQ-DHAPPQ,2,848568,2031
005/009-Cycling-1y-AL-ASAQ-DHAPPQ,3,804364,2031
005/009-Cycling-1y-AL-ASAQ-DHAPPQ,4,847612,2031
005/009-Cycling-1y-AL-ASAQ-DHAPPQ,5,802500,2031
005/009-Cycling-1y-AL-ASAQ-DHAPPQ,6,838732,2031
005/009-Cycling-1y-AL-ASAQ-DHAPPQ,7,811216,2031
005/009-Cycling-1y-AL-ASAQ-DHAPPQ,8,942644,2031
005/009-Cycling-1y-AL-ASAQ-DHAPPQ,9,948996,2031
005/009-Cycling-1y-AL-ASAQ-DHAPPQ,10,814604,2031
005/009-Cycling-1y-AL-ASAQ-DHAPPQ,11,929948,2031
005/009-Cycling-1y-AL-ASAQ-DHAPPQ,12,868708,2031
005/009-Cycling-1y-AL-ASAQ-DHAPPQ,13,936460,2031
005/009-Cycling-1y-AL-ASAQ-DHAPPQ,14,815920,2031
005/009-Cycling-1y-AL-ASAQ-DHAPPQ,15,740100,2031
005/009-Cycling-1y-AL-ASAQ-DHAPPQ,16,855344,2031
005/009-Cycling-1y-AL-ASAQ-DHAPPQ,17,974924,2031
005/009-Cycling-1y-AL-ASAQ-DHAPPQ,18,961000,2031
005/009-Cycling-1y-AL-ASAQ-DHAPPQ,19,779680,2031
005/009-Cycling-1y-AL-ASAQ-DHAPPQ,20,878912,2031
005/009-Cycling-1y-AL-ASAQ-DHAPPQ,21,740700,2031
005/009-Cycling-1y-AL-ASAQ-DHAPPQ,22,851036,2031
005/009-Cycling-1y-AL-ASAQ-DHAPPQ,23,910380,2031
005/009-Cycling-1y-AL-ASAQ-DHAPPQ,24,767292,2031
005/009-Cycling-1y-AL-ASAQ-DHAPPQ,25,890920,2031
005/009-Cycling-1y-AL-ASAQ-DHAPPQ,26,832132,2031
005/009-Cycling-1y-AL-ASAQ-DHAPPQ,27,875560,2031
005/009-Cycling-1y-AL-ASAQ-DHAPPQ,28,774012,2031
005/009-Cycling-1y-AL-ASAQ-DHAPPQ,29,852424,2031
005/009-Cycling-1y-AL-ASAQ-DHAPPQ,30,957484,2031
005/009-Cycling-1y-AL-ASAQ-DHAPPQ,31,912288,2031
005/009-Cycling-1y-AL-ASAQ-DHAPPQ,32,975508,2031
005/009-Cycling-1y-AL-ASAQ-DHAPPQ,33,741948,2031
005/009-Cycling-1y-AL-ASAQ-DHAPPQ,34,903932,2031
005/009-Cycling-1y-AL-ASAQ-DHAPPQ,35,883480,2031
005/009-Cycling-1y-AL-ASAQ-DHAPPQ,36,823924,2031
005/009-Cycling-1y-AL-ASAQ-DHAPPQ,37,824216,2031
005/009-Cycling-1y-AL-ASAQ-DHAPPQ,38,896740,2031
005/009-Cycling-1y-AL-ASAQ-DHAPPQ,39,773916,2031
005/009-Cycling-1y-AL-ASAQ-DHAPPQ,40,880740,2031
005/009-Cycling-1y-AL-ASAQ-DHAPPQ,41,925844,2031
005/009-Cycling-1y-AL-ASAQ-DHAPPQ,42,869316,2031
005/009-Cycling-1y-AL-ASAQ-DHAPPQ,43,859436,2031
005/009-Cycling-1y-AL-ASAQ-DHAPPQ,44,842856,2031
005/009-Cycling-1y-AL-ASAQ-DHAPPQ,45,837356,2031
005/009-Cycling-1y-AL-ASAQ-DHAPPQ,46,792620,2031
005/009-Cycling-1y-AL-ASAQ-DHAPPQ,47,805172,2031
005/009-Cycling-1y-AL-ASAQ-DHAPPQ,48,798508,2031
005/009-Cycling-1y-AL-ASAQ-DHAPPQ,49,924360,2031
005/009-Cycling-1y-AL-ASAQ-DHAPPQ,50,902860,2031
005/009-Cycling-1y-AL-ASAQ-DHAPPQ,51,853764,2031
005/009-Cycling-1y-AL-ASAQ-DHAPPQ,52,881804,2031
005/009-Cycling-1y-AL-ASAQ-DHAPPQ,53,862972,2031
005/009-Cycling-1y-AL-ASAQ-DHAPPQ,54,828140,2031
005/009-Cycling-1y-AL-ASAQ-DHAPPQ,55,942952,2031
005/009-Cycling-1y-AL-ASAQ-DHAPPQ,56,916124,2031
005/009-Cycling-1y-AL-ASAQ-DHAPPQ,57,811728,2031
005/009-Cycling-1y-AL-ASAQ-DHAPPQ,58,734640,2031
005/009-Cycling-1y-AL-ASAQ-DHAPPQ,59,940008,2031
005/009-Cycling-1y-AL-ASAQ-DHAPPQ,60,844316,2031
005/009-Cycling-1y-AL-ASAQ-DHAPPQ,61,804268,2031
005/009-Cycling-1y-AL-ASAQ-DHAPPQ,62,712776,2031
005/009-Cycling-1y-AL-ASAQ-DHAPPQ,63,787748,2031
005/009-Cycling-1y-AL-ASAQ-DHAPPQ,64,752408,2031
005/009-Cycling-1y-AL-ASAQ-DHAPPQ,65,914792,2031
005/009-Cycling-1y-AL-ASAQ-DHAPPQ,66,968448,2031
005/009-Cycling-1y-AL-ASAQ-DHAPPQ,67,761872,2031
005/009-Cycling-1y-AL-ASAQ-DHAPPQ,68,762256,2031
005/009-Cycling-1y-AL-ASAQ-DHAPPQ,69,874916,2031
005/009-Cycling-1y-AL-ASAQ-DHAPPQ,70,752220,2031
005/009-Cycling-1y-AL-ASAQ-DHAPPQ,71,896288,2031
005/009-Cycling-1y-AL-ASAQ-DHAPPQ,72,796152,2031
005/009-Cycling-1y-AL-ASAQ-DHAPPQ,73,992344,2031
005/009-Cycling-1y-AL-ASAQ-DHAPPQ,74,874352,2031
005/009-Cycling-1y-AL-ASAQ-DHAPPQ,75,797444,2031
005/009-Cycling-1y-AL-ASAQ-DHAPPQ,76,760820,2031
005/009-Cycling-1y-AL-ASAQ-DHAPPQ,77,806804,2031
005/009-Cycling-1y-AL-ASAQ-DHAPPQ,78,903776,2031
005/009-Cycling-1y-AL-ASAQ-DHAPPQ,79,841656,2031
005/009-Cycling-1y-AL-ASAQ-DHAPPQ,80,789388,2031
005/009-Cycling-1y-AL-ASAQ-DHAPPQ,81,879960,2031
005/009-Cycling-1y-AL-ASAQ-DHAPPQ,82,789832,2031
005/009-Cycling-1y-AL-ASAQ-DHAPPQ,83,788128,2031
005/009-Cycling-1y-AL-ASAQ-DHAPPQ,84,755328,2031
005/009-Cycling-1y-AL-ASAQ-DHAPPQ,85,904672,2031
005/009-Cycling-1y-AL-ASAQ-DHAPPQ,86,764592,2031
005/009-Cycling-1y-AL-ASAQ-DHAPPQ,87,932256,2031
005/009-Cycling-1y-AL-ASAQ-DHAPPQ,88,1012132,2031
005/009-Cycling-1y-AL-ASAQ-DHAPPQ,89,827736,2031
005/009-Cycling-1y-AL-ASAQ-DHAPPQ,90,889380,2031
005/009-Cycling-1y-AL-ASAQ-DHAPPQ,91,858188,2031
005/009-Cycling-1y-AL-ASAQ-DHAPPQ,92,890696,2031
005/009-Cycling-1y-AL-ASAQ-DHAPPQ,93,794992,2031
005/009-Cycling-1y-AL-ASAQ-DHAPPQ,94,847536,2031
005/009-Cycling-1y-AL-ASAQ-DHAPPQ,95,891032,2031
005/009-Cycling-1y-AL-ASAQ-DHAPPQ,96,740248,2031
005/009-Cycling-1y-AL-ASAQ-DHAPPQ,97,868080,2031
005/009-Cycling-1y-AL-ASAQ-DHAPPQ,98,843484,2031
005/009-Cycling-1y-AL-ASAQ-DHAPPQ,99,888124,2031
005/010-Cycling-1y-AL-DHAPPQ-ASAQ,0,874648,2031
005/010-Cycling-1y-AL-DHAPPQ-ASAQ,1,883436,2031
005/010-Cycling-1y-AL-DHAPPQ-ASAQ,2,901300,2031
005/010-Cycling-1y-AL-DHAPPQ-ASAQ,3,981888,2031
005/010-Cycling-1y-AL-DHAPPQ-ASAQ,4,857304,2031
005/010-Cycling-1y-AL-DHAPPQ-ASAQ,5,823244,2031
005/010-Cycling-1y-AL-DHAPPQ-ASAQ,6,941080,2031
005/010-Cycling-1y-AL-DHAPPQ-ASAQ,7,979464,2031
005/010-Cycling-1y-AL-DHAPPQ-ASAQ,8,1337560,2031
005/010-Cycling-1y-AL-DHAPPQ-ASAQ,9,781636,2031
005/010-Cycling-1y-AL-DHAPPQ-ASAQ,10,849468,2031
005/010-Cycling-1y-AL-DHAPPQ-ASAQ,11,804612,2031
005/010-Cycling-1y-AL-DHAPPQ-ASAQ,12,853648,2031
005/010-Cycling-1y-AL-DHAPPQ-ASAQ,13,802540,2031
005/010-Cycling-1y-AL-DHAPPQ-ASAQ,14,726008,2031
005/010-Cycling-1y-AL-DHAPPQ-ASAQ,15,900292,2031
005/010-Cycling-1y-AL-DHAPPQ-ASAQ,16,852752,2031
005/010-Cycling-1y-AL-DHAPPQ-ASAQ,17,960628,2031
005/010-Cycling-1y-AL-DHAPPQ-ASAQ,18,861992,2031
005/010-Cycling-1y-AL-DHAPPQ-ASAQ,19,826888,2031
005/010-Cycling-1y-AL-DHAPPQ-ASAQ,20,844056,2031
005/010-Cycling-1y-AL-DHAPPQ-ASAQ,21,803564,2031
005/010-Cycling-1y-AL-DHAPPQ-ASAQ,22,785944,2031
005/010-Cycling-1y-AL-DHAPPQ-ASAQ,23,883040,2031
005/010-Cycling-1y-AL-DHAPPQ-ASAQ,24,845688,2031
005/010-Cycling-1y-AL-DHAPPQ-ASAQ,25,785524,2031
005/010-Cycling-1y-AL-DHAPPQ-ASAQ,26,796788,2031
005/010-Cycling-1y-AL-DHAPPQ-ASAQ,27,975324,2031
005/010-Cycling-1y-AL-DHAPPQ-ASAQ,28,937424,2031
005/010-Cycling-1y-AL-DHAPPQ-ASAQ,29,957376,2031
005/010-Cycling-1y-AL-DHAPPQ-ASAQ,30,826056,2031
005/010-Cycling-1y-AL-DHAPPQ-ASAQ,31,802676,2031
005/010-Cycling-1y-AL-DHAPPQ-ASAQ,32,958904,2031
005/010-Cycling-1y-AL-DHAPPQ-ASAQ,33,839368,2031
005/010-Cycling-1y-AL-DHAPPQ-ASAQ,34,761416,2031
005/010-Cycling-1y-AL-DHAPPQ-ASAQ,35,924016,2031
005/010-Cycling-1y-AL-DHAPPQ-ASAQ,36,880432,2031
005/010-Cycling-1y-AL-DHAPPQ-ASAQ,37,875084,2031
005/010-Cycling-1y-AL-DHAPPQ-ASAQ,38,860088,2031
005/010-Cycling-1y-AL-DHAPPQ-ASAQ,39,953160,2031
005/010-Cycling-1y-AL-DHAPPQ-ASAQ,40,889220,2031
005/010-Cycling-1y-AL-DHAPPQ-ASAQ,41,821612,2031
005/010-Cycling-1y-AL-DHAPPQ-ASAQ,42,831088,2031
005/010-Cycling-1y-AL-DHAPPQ-ASAQ,43,779148,2031
005/010-Cycling-1y-AL-DHAPPQ-ASAQ,44,881000,2031
005/010-Cycling-1y-AL-DHAPPQ-ASAQ,45,939772,2031
005/010-Cycling-1y-AL-DHAPPQ-ASAQ,46,981876,2031
005/010-Cycling-1y-AL-DHAPPQ-ASAQ,47,757712,2031
005/010-Cycling-1y-AL-DHAPPQ-ASAQ,48,811872,2031
005/010-Cycling-1y-AL-DHAPPQ-ASAQ,49,926220,2031
005/010-Cycling-1y-AL-DHAPPQ-ASAQ,50,825996,2031
005/010-Cycling-1y-AL-DHAPPQ-ASAQ,51,976368,2031
005/010-Cycling-1y-AL-DHAPPQ-ASAQ,52,977024,2031
005/010-Cycling-1y-AL-DHAPPQ-ASAQ,53,890212,2031
005/010-Cycling-1y-AL-DHAPPQ-ASAQ,54,909472,2031
005/010-Cycling-1y-AL-DHAPPQ-ASAQ,55,859652,2031
005/010-Cycling-1y-AL-DHAPPQ-ASAQ,56,704644,2031
005/010-Cycling-1y-AL-DHAPPQ-ASAQ,57,793820,2031
005/010-Cycling-1y-AL-DHAPPQ-ASAQ,58,879772,2031
005/010-Cycling-1y-AL-DHAPPQ-ASAQ,59,909816,2031
005/010-Cycling-1y-AL-DHAPPQ-ASAQ,60,937532,2031
005/010-Cycling-1y-AL-DHAPPQ-ASAQ,61,784372,2031
005/010-Cycling-1y-AL-DHAPPQ-ASAQ,62,695780,2031
005/010-Cycling-1y-AL-DHAPPQ-ASAQ,63,1395832,2031
005/010-Cycling-1y-AL-DHAPPQ-ASAQ,64,992716,2031
005/010-Cycling-1y-AL-DHAPPQ-ASAQ,65,1074660,2031
005/010-Cycling-1y-AL-DHAPPQ-ASAQ,66,751936,2031
005/010-Cycling-1y-AL-DHAPPQ-ASAQ,67,799636,2031
005/010-Cycling-1y-AL-DHAPPQ-ASAQ,68,776544,2031
005/010-Cycling-1y-AL-DHAPPQ-ASAQ,69,1079456,2031
005/010-Cycling-1y-AL-DHAPPQ-ASAQ,70,930000,2031
005/010-Cycling-1y-AL-DHAPPQ-ASAQ,71,745936,2031
005/010-Cycling-1y-AL-DHAPPQ-ASAQ,72,833816,2031
005/010-Cycling-1y-AL-DHAPPQ-ASAQ,73,803196,2031
005/010-Cycling-1y-AL-DHAPPQ-ASAQ,74,783904,2031
005/010-Cycling-1y-AL-DHAPPQ-ASAQ,75,772520,2031
005/010-Cycling-1y-AL-DHAPPQ-ASAQ,76,928844,2031
005/010-Cycling-1y-AL-DHAPPQ-ASAQ,77,1030436,2031
005/010-Cycling-1y-AL-DHAPPQ-ASAQ,78,787552,2031
005/010-Cycling-1y-AL-DHAPPQ-ASAQ,79,830704,2031
005/010-Cycling-1y-AL-DHAPPQ-ASAQ,80,801960,2031
005/010-Cycling-1y-AL-DHAPPQ-ASAQ,81,958704,2031
005/010-Cycling-1y-AL-DHAPPQ-ASAQ,82,943784,2031
005/010-Cycling-1y-AL-DHAPPQ-ASAQ,83,823500,2031
005/010-Cycling-1y-AL-DHAPPQ-ASAQ,84,845928,2031
005/010-Cycling-1y-AL-DHAPPQ-ASAQ,85,880936,2031
005/010-Cycling-1y-AL-DHAPPQ-ASAQ,86,849548,2031
005/010-Cycling-1y-AL-DHAPPQ-ASAQ,87,851060,2031
005/010-Cycling-1y-AL-DHAPPQ-ASAQ,88,827112,2031
005/010-Cycling-1y-AL-DHAPPQ-ASAQ,89,790064,2031
005/010-Cycling-1y-AL-DHAPPQ-ASAQ,90,947948,2031
005/010-Cycling-1y-AL-DHAPPQ-ASAQ,91,744888,2031
005/010-Cycling-1y-AL-DHAPPQ-ASAQ,92,951444,2031
005/010-Cycling-1y-AL-DHAPPQ-ASAQ,93,955428,2031
005/010-Cycling-1y-AL-DHAPPQ-ASAQ,94,847316,2031
005/010-Cycling-1y-AL-DHAPPQ-ASAQ,95,892608,2031
005/010-Cycling-1y-AL-DHAPPQ-ASAQ,96,983804,2031
005/010-Cycling-1y-AL-DHAPPQ-ASAQ,97,860956,2031
005/010-Cycling-1y-AL-DHAPPQ-ASAQ,98,882460,2031
005/010-Cycling-1y-AL-DHAPPQ-ASAQ,99,782504,2031
005/011-Cycling-1y-ASAQ-AL-DHAPPQ,0,941172,2031
005/011-Cycling-1y-ASAQ-AL-DHAPPQ,1,832388,2031
005/011-Cycling-1y-ASAQ-AL-DHAPPQ,2,811276,2031
005/011-Cycling-1y-ASAQ-AL-DHAPPQ,3,909836,2031
005/011-Cycling-1y-ASAQ-AL-DHAPPQ,4,812320,2031
005/011-Cycling-1y-ASAQ-AL-DHAPPQ,5,899732,2031
005/011-Cycling-1y-ASAQ-AL-DHAPPQ,6,806504,2031
005/011-Cycling-1y-ASAQ-AL-DHAPPQ,7,799792,2031
005/011-Cycling-1y-ASAQ-AL-DHAPPQ,8,911340,2031
005/011-Cycling-1y-ASAQ-AL-DHAPPQ,9,808276,2031
005/011-Cycling-1y-ASAQ-AL-DHAPPQ,10,983676,2031
005/011-Cycling-1y-ASAQ-AL-DHAPPQ,11,760440,2031
005/011-Cycling-1y-ASAQ-AL-DHAPPQ,12,772996,2031
005/011-Cycling-1y-ASAQ-AL-DHAPPQ,13,1047820,2031
005/011-Cycling-1y-ASAQ-AL-DHAPPQ,14,766948,2031
005/011-Cycling-1y-ASAQ-AL-DHAPPQ,15,884688,2031
005/011-Cycling-1y-ASAQ-AL-DHAPPQ,16,973156,2031
005/011-Cycling-1y-ASAQ-AL-DHAPPQ,17,931216,2031
005/011-Cycling-1y-ASAQ-AL-DHAPPQ,18,917852,2031
005/011-Cycling-1y-ASAQ-AL-DHAPPQ,19,860944,2031
005/011-Cycling-1y-ASAQ-AL-DHAPPQ,20,756964,2031
005/011-Cycling-1y-ASAQ-AL-DHAPPQ,21,826544,2031
005/011-Cycling-1y-ASAQ-AL-DHAPPQ,22,842660,2031
005/011-Cycling-1y-ASAQ-AL-DHAPPQ,23,767532,2031
005/011-Cycling-1y-ASAQ-AL-DHAPPQ,24,830796,2031
005/011-Cycling-1y-ASAQ-AL-DHAPPQ,25,925724,2031
005/011-Cycling-1y-ASAQ-AL-DHAPPQ,26,907540,2031
005/011-Cycling-1y-ASAQ-AL-DHAPPQ,27,800480,2031
005/011-Cycling-1y-ASAQ-AL-DHAPPQ,28,976716,2031
005/011-Cycling-1y-ASAQ-AL-DHAPPQ,29,868544,2031
005/011-Cycling-1y-ASAQ-AL-DHAPPQ,30,814188,2031
005/011-Cycling-1y-ASAQ-AL-DHAPPQ,31,936916,2031
005/011-Cycling-1y-ASAQ-AL-DHAPPQ,32,843956,2031
005/011-Cycling-1y-ASAQ-AL-DHAPPQ,33,738364,2031
005/011-Cycling-1y-ASAQ-AL-DHAPPQ,34,766444,2031
005/011-Cycling-1y-ASAQ-AL-DHAPPQ,35,796572,2031
005/011-Cycling-1y-ASAQ-AL-DHAPPQ,36,995012,2031
005/011-Cycling-1y-ASAQ-AL-DHAPPQ,37,959808,2031
005/011-Cycling-1y-ASAQ-AL-DHAPPQ,38,894836,2031
005/011-Cycling-1y-ASAQ-AL-DHAPPQ,39,882948,2031
005/011-Cycling-1y-ASAQ-AL-DHAPPQ,40,757556,2031
005/011-Cycling-1y-ASAQ-AL-DHAPPQ,41,765872,2031
005/011-Cycling-1y-ASAQ-AL-DHAPPQ,42,779516,2031
005/011-Cycling-1y-ASAQ-AL-DHAPPQ,43,892860,2031
005/011-Cycling-1y-ASAQ-AL-DHAPPQ,44,946284,2031
005/011-Cycling-1y-ASAQ-AL-DHAPPQ,45,838264,2031
005/011-Cycling-1y-ASAQ-AL-DHAPPQ,46,891520,2031
005/011-Cycling-1y-ASAQ-AL-DHAPPQ,47,988800,2031
005/011-Cycling-1y-ASAQ-AL-DHAPPQ,48,816356,2031
005/011-Cycling-1y-ASAQ-AL-DHAPPQ,49,917620,2031
005/011-Cycling-1y-ASAQ-AL-DHAPPQ,50,1013176,2031
005/011-Cycling-1y-ASAQ-AL-DHAPPQ,51,955812,2031
005/011-Cycling-1y-ASAQ-AL-DHAPPQ,52,864112,2031
005/011-Cycling-1y-ASAQ-AL-DHAPPQ,53,837808,2031
005/011-Cycling-1y-ASAQ-AL-DHAPPQ,54,827304,2031
005/011-Cycling-1y-ASAQ-AL-DHAPPQ,55,871148,2031
005/011-Cycling-1y-ASAQ-AL-DHAPPQ,56,866356,2031
005/011-Cycling-1y-ASAQ-AL-DHAPPQ,57,998132,2031
005/011-Cycling-1y-ASAQ-AL-DHAPPQ,58,878996,2031
005/011-Cycling-1y-ASAQ-AL-DHAPPQ,59,772380,2031
005/011-Cycling-1y-ASAQ-AL-DHAPPQ,60,792076,2031
005/011-Cycling-1y-ASAQ-AL-DHAPPQ,61,791092,2031
005/011-Cycling-1y-ASAQ-AL-DHAPPQ,62,874244,2031
005/011-Cycling-1y-ASAQ-AL-DHAPPQ,63,829524,2031
005/011-Cycling-1y-ASAQ-AL-DHAPPQ,64,977848,2031
005/011-Cycling-1y-ASAQ-AL-DHAPPQ,65,778856,2031
005/011-Cycling-1y-ASAQ-AL-DHAPPQ,66,981908,2031
005/011-Cycling-1y-ASAQ-AL-DHAPPQ,67,923160,2031
005/011-Cycling-1y-ASAQ-AL-DHAPPQ,68,962780,2031
005/011-Cycling-1y-ASAQ-AL-DHAPPQ,69,899960,2031
005/011-Cycling-1y-ASAQ-AL-DHAPPQ,70,963552,2031
005/011-Cycling-1y-ASAQ-AL-DHAPPQ,71,862680,2031
005/011-Cycling-1y-ASAQ-AL-DHAPPQ,72,811632,2031
005/011-Cycling-1y-ASAQ-AL-DHAPPQ,73,848000,2031
005/011-Cycling-1y-ASAQ-AL-DHAPPQ,74,741240,2031
005/011-Cycling-1y-ASAQ-AL-DHAPPQ,75,998120,2031
005/011-Cycling-1y-ASAQ-AL-DHAPPQ,76,746868,2031
005/011-Cycling-1y-ASAQ-AL-DHAPPQ,77,915496,2031
005/011-Cycling-1y-ASAQ-AL-DHAPPQ,78,768208,2031
005/011-Cycling-1y-ASAQ-AL-DHAPPQ,79,857684,2031
005/011-Cycling-1y-ASAQ-AL-DHAPPQ,80,844336,2031
005/011-Cycling-1y-ASAQ-AL-DHAPPQ,81,1014032,2031
005/011-Cycling-1y-ASAQ-AL-DHAPPQ,82,841848,2031
005/011-Cycling-1y-ASAQ-AL-DHAPPQ,83,1046400,2031
005/011-Cycling-1y-ASAQ-AL-DHAPPQ,84,881500,2031
005/011-Cycling-1y-ASAQ-AL-DHAPPQ,85,883616,2031
005/011-Cycling-1y-ASAQ-AL-DHAPPQ,86,763200,2031
005/011-Cycling-1y-ASAQ-AL-DHAPPQ,87,866336,2031
005/011-Cycling-1y-ASAQ-AL-DHAPPQ,88,778376,2031
005/011-Cycling-1y-ASAQ-AL-DHAPPQ,89,846832,2031
005/011-Cycling-1y-ASAQ-AL-DHAPPQ,90,801088,2031
005/011-Cycling-1y-ASAQ-AL-DHAPPQ,91,881024,2031
005/011-Cycling-1y-ASAQ-AL-DHAPPQ,92,825804,2031
005/011-Cycling-1y-ASAQ-AL-DHAPPQ,93,769236,2031
005/011-Cycling-1y-ASAQ-AL-DHAPPQ,94,850512,2031
005/011-Cycling-1y-ASAQ-AL-DHAPPQ,95,810264,2031
005/011-Cycling-1y-ASAQ-AL-DHAPPQ,96,920184,2031
005/011-Cycling-1y-ASAQ-AL-DHAPPQ,97,947604,2031
005/011-Cycling-1y-ASAQ-AL-DHAPPQ,98,890856,2031
005/011-Cycling-1y-ASAQ-AL-DHAPPQ,99,927324,2031
005/012-Cycling-1y-ASAQ-DHAPPQ-AL,0,819776,2031
005/012-Cycling-1y-ASAQ-DHAPPQ-AL,1,811736,2031
005/012-Cycling-1y-ASAQ-DHAPPQ-AL,2,758736,2031
005/012-Cycling-1y-ASAQ-DHAPPQ-AL,3,726412,2031
005/012-Cycling-1y-ASAQ-DHAPPQ-AL,4,713660,2031
005/012-Cycling-1y-ASAQ-DHAPPQ-AL,5,719148,2031
005/012-Cycling-1y-ASAQ-DHAPPQ-AL,6,735428,2031
005/012-Cycling-1y-ASAQ-DHAPPQ-AL,7,809640,2031
005/012-Cycling-1y-ASAQ-DHAPPQ-AL,8,784844,2031
005/012-Cycling-1y-ASAQ-DHAPPQ-AL,9,880232,2031
005/012-Cycling-1y-ASAQ-DHAPPQ-AL,10,785332,2031
005/012-Cycling-1y-ASAQ-DHAPPQ-AL,11,810716,2031
005/012-Cycling-1y-ASAQ-DHAPPQ-AL,12,832840,2031
005/012-Cycling-1y-ASAQ-DHAPPQ-AL,13,811204,2031
005/012-Cycling-1y-ASAQ-DHAPPQ-AL,14,787764,2031
005/012-Cycling-1y-ASAQ-DHAPPQ-AL,15,778332,2031
005/012-Cycling-1y-ASAQ-DHAPPQ-AL,16,812800,2031
005/012-Cycling-1y-ASAQ-DHAPPQ-AL,17,877228,2031
005/012-Cycling-1y-ASAQ-DHAPPQ-AL,18,872184,2031
005/012-Cycling-1y-ASAQ-DHAPPQ-AL,19,834932,2031
005/012-Cycling-1y-ASAQ-DHAPPQ-AL,20,813968,2031
005/012-Cycling-1y-ASAQ-DHAPPQ-AL,21,898352,2031
005/012-Cycling-1y-ASAQ-DHAPPQ-AL,22,817692,2031
005/012-Cycling-1y-ASAQ-DHAPPQ-AL,23,867464,2031
005/012-Cycling-1y-ASAQ-DHAPPQ-AL,24,765780,2031
005/012-Cycling-1y-ASAQ-DHAPPQ-AL,25,833184,2031
005/012-Cycling-1y-ASAQ-DHAPPQ-AL,26,794276,2031
005/012-Cycling-1y-ASAQ-DHAPPQ-AL,27,760184,2031
005/012-Cycling-1y-ASAQ-DHAPPQ-AL,28,823832,2031
005/012-Cycling-1y-ASAQ-DHAPPQ-AL,29,884976,2031
005/012-Cycling-1y-ASAQ-DHAPPQ-AL,30,819712,2031
005/012-Cycling-1y-ASAQ-DHAPPQ-AL,31,927884,2031
005/012-Cycling-1y-ASAQ-DHAPPQ-AL,32,732184,2031
005/012-Cycling-1y-ASAQ-DHAPPQ-AL,33,740120,2031
005/012-Cycling-1y-ASAQ-DHAPPQ-AL,34,767876,2031
005/012-Cycling-1y-ASAQ-DHAPPQ-AL,35,828252,2031
005/012-Cycling-1y-ASAQ-DHAPPQ-AL,36,858208,2031
005/012-Cycling-1y-ASAQ-DHAPPQ-AL,37,691252,2031
005/012-Cycling-1y-ASAQ-DHAPPQ-AL,38,746244,2031
005/012-Cycling-1y-ASAQ-DHAPPQ-AL,39,856152,2031
005/012-Cycling-1y-ASAQ-DHAPPQ-AL,40,826392,2031
005/012-Cycling-1y-ASAQ-DHAPPQ-AL,41,768204,2031
005/012-Cycling-1y-ASAQ-DHAPPQ-AL,42,849708,2031
005/012-Cycling-1y-ASAQ-DHAPPQ-AL,43,960120,2031
005/012-Cycling-1y-ASAQ-DHAPPQ-AL,44,792716,2031
005/012-Cycling-1y-ASAQ-DHAPPQ-AL,45,870216,2031
005/012-Cycling-1y-ASAQ-DHAPPQ-AL,46,898616,2031
005/012-Cycling-1y-ASAQ-DHAPPQ-AL,47,789084,2031
005/012-Cycling-1y-ASAQ-DHAPPQ-AL,48,788088,2031
005/012-Cycling-1y-ASAQ-DHAPPQ-AL,49,732720,2031
005/012-Cycling-1y-ASAQ-DHAPPQ-AL,50,751452,2031
005/012-Cycling-1y-ASAQ-DHAPPQ-AL,51,808996,2031
005/012-Cycling-1y-ASAQ-DHAPPQ-AL,52,705984,2031
005/012-Cycling-1y-ASAQ-DHAPPQ-AL,53,801868,2031
005/012-Cycling-1y-ASAQ-DHAPPQ-AL,54,891844,2031
005/012-Cycling-1y-ASAQ-DHAPPQ-AL,55,885012,2031
005/012-Cycling-1y-ASAQ-DHAPPQ-AL,56,751048,2031
005/012-Cycling-1y-ASAQ-DHAPPQ-AL,57,877920,2031
005/012-Cycling-1y-ASAQ-DHAPPQ-AL,58,725492,2031
005/012-Cycling-1y-ASAQ-DHAPPQ-AL,59,721104,2031
005/012-Cycling-1y-ASAQ-DHAPPQ-AL,60,715516,2031
005/012-Cycling-1y-ASAQ-DHAPPQ-AL,61,802212,2031
005/012-Cycling-1y-ASAQ-DHAPPQ-AL,62,893880,2031
005/012-Cycling-1y-ASAQ-DHAPPQ-AL,63,829320,2031
005/012-Cycling-1y-ASAQ-DHAPPQ-AL,64,763976,2031
005/012-Cycling-1y-ASAQ-DHAPPQ-AL,65,854004,2031
005/012-Cycling-1y-ASAQ-DHAPPQ-AL,66,736504,2031
005/012-Cycling-1y-ASAQ-DHAPPQ-AL,67,789744,2031
005/012-Cycling-1y-ASAQ-DHAPPQ-AL,68,831072,2031
005/012-Cycling-1y-ASAQ-DHAPPQ-AL,69,728164,2031
005/012-Cycling-1y-ASAQ-DHAPPQ-AL,70,790416,2031
005/012-Cycling-1y-ASAQ-DHAPPQ-AL,71,792276,2031
005/012-Cycling-1y-ASAQ-DHAPPQ-AL,72,780960,2031
005/012-Cycling-1y-ASAQ-DHAPPQ-AL,73,789380,2031
005/012-Cycling-1y-ASAQ-DHAPPQ-AL,74,734748,2031
005/012-Cycling-1y-ASAQ-DHAPPQ-AL,75,916544,2031
005/012-Cycling-1y-ASAQ-DHAPPQ-AL,76,926388,2031
005/012-Cycling-1y-ASAQ-DHAPPQ-AL,77,810360,2031
005/012-Cycling-1y-ASAQ-DHAPPQ-AL,78,779440,2031
005/012-Cycling-1y-ASAQ-DHAPPQ-AL,79,864108,2031
005/012-Cycling-1y-ASAQ-DHAPPQ-AL,80,751048,2031
005/012-Cycling-1y-ASAQ-DHAPPQ-AL,81,834760,2031
005/012-Cycling-1y-ASAQ-DHAPPQ-AL,82,796952,2031
005/012-Cycling-1y-ASAQ-DHAPPQ-AL,83,774756,2031
005/012-Cycling-1y-ASAQ-DHAPPQ-AL,84,811384,2031
005/012-Cycling-1y-ASAQ-DHAPPQ-AL,85,790860,2031
005/012-Cycling-1y-ASAQ-DHAPPQ-AL,86,738420,2031
005/012-Cycling-1y-ASAQ-DHAPPQ-AL,87,829340,2031
005/012-Cycling-1y-ASAQ-DHAPPQ-AL,88,962616,2031
005/012-Cycling-1y-ASAQ-DHAPPQ-AL,89,920144,2031
005/012-Cycling-1y-ASAQ-DHAPPQ-AL,90,732528,2031
005/012-Cycling-1y-ASAQ-DHAPPQ-AL,91,768096,2031
005/012-Cycling-1y-ASAQ-DHAPPQ-AL,92,723224,2031
005/012-Cycling-1y-ASAQ-DHAPPQ-AL,93,716576,2031
005/012-Cycling-1y-ASAQ-DHAPPQ-AL,94,900256,2031
005/012-Cycling-1y-ASAQ-DHAPPQ-AL,95,887864,2031
005/012-Cycling-1y-ASAQ-DHAPPQ-AL,96,951884,2031
005/012-Cycling-1y-ASAQ-DHAPPQ-AL,97,732256,2031
005/012-Cycling-1y-ASAQ-DHAPPQ-AL,98,870816,2031
005/012-Cycling-1y-ASAQ-DHAPPQ-AL,99,973468,2031
005/013-Cycling-1y-DHAPPQ-AL-ASAQ,0,837964,2031
005/013-Cycling-1y-DHAPPQ-AL-ASAQ,1,905236,2031
005/013-Cycling-1y-DHAPPQ-AL-ASAQ,2,856840,2031
005/013-Cycling-1y-DHAPPQ-AL-ASAQ,3,805756,2031
005/013-Cycling-1y-DHAPPQ-AL-ASAQ,4,951408,2031
005/013-Cycling-1y-DHAPPQ-AL-ASAQ,5,831788,2031
005/013-Cycling-1y-DHAPPQ-AL-ASAQ,6,726616,2031
005/013-Cycling-1y-DHAPPQ-AL-ASAQ,7,822704,2031
005/013-Cycling-1y-DHAPPQ-AL-ASAQ,8,919212,2031
005/013-Cycling-1y-DHAPPQ-AL-ASAQ,9,804820,2031
005/013-Cycling-1y-DHAPPQ-AL-ASAQ,10,846048,2031
005/013-Cycling-1y-DHAPPQ-AL-ASAQ,11,833364,2031
005/013-Cycling-1y-DHAPPQ-AL-ASAQ,12,848364,2031
005/013-Cycling-1y-DHAPPQ-AL-ASAQ,13,874044,2031
005/013-Cycling-1y-DHAPPQ-AL-ASAQ,14,837884,2031
005/013-Cycling-1y-DHAPPQ-AL-ASAQ,15,737148,2031
005/013-Cycling-1y-DHAPPQ-AL-ASAQ,16,785108,2031
005/013-Cycling-1y-DHAPPQ-AL-ASAQ,17,862176,2031
005/013-Cycling-1y-DHAPPQ-AL-ASAQ,18,1132620,2031
005/013-Cycling-1y-DHAPPQ-AL-ASAQ,19,866616,2031
005/013-Cycling-1y-DHAPPQ-AL-ASAQ,20,890160,2031
005/013-Cycling-1y-DHAPPQ-AL-ASAQ,21,889516,2031
005/013-Cycling-1y-DHAPPQ-AL-ASAQ,22,757968,2031
005/013-Cycling-1y-DHAPPQ-AL-ASAQ,23,877828,2031
005/013-Cycling-1y-DHAPPQ-AL-ASAQ,24,844904,2031
005/013-Cycling-1y-DHAPPQ-AL-ASAQ,25,1015704,2031
005/013-Cycling-1y-DHAPPQ-AL-ASAQ,26,785368,2031
005/013-Cycling-1y-DHAPPQ-AL-ASAQ,27,788876,2031
005/013-Cycling-1y-DHAPPQ-AL-ASAQ,28,1033436,2031
005/013-Cycling-1y-DHAPPQ-AL-ASAQ,29,889524,2031
005/013-Cycling-1y-DHAPPQ-AL-ASAQ,30,882520,2031
005/013-Cycling-1y-DHAPPQ-AL-ASAQ,31,812452,2031
005/013-Cycling-1y-DHAPPQ-AL-ASAQ,32,866504,2031
005/013-Cycling-1y-DHAPPQ-AL-ASAQ,33,791144,2031
005/013-Cycling-1y-DHAPPQ-AL-ASAQ,34,812740,2031
005/013-Cycling-1y-DHAPPQ-AL-ASAQ,35,933404,2031
005/013-Cycling-1y-DHAPPQ-AL-ASAQ,36,809732,2031
005/013-Cycling-1y-DHAPPQ-AL-ASAQ,37,933024,2031
005/013-Cycling-1y-DHAPPQ-AL-ASAQ,38,842244,2031
005/013-Cycling-1y-DHAPPQ-AL-ASAQ,39,789848,2031
005/013-Cycling-1y-DHAPPQ-AL-ASAQ,40,841272,2031
005/013-Cycling-1y-DHAPPQ-AL-ASAQ,41,954320,2031
005/013-Cycling-1y-DHAPPQ-AL-ASAQ,42,862904,2031
005/013-Cycling-1y-DHAPPQ-AL-ASAQ,43,876288,2031
005/013-Cycling-1y-DHAPPQ-AL-ASAQ,44,818876,2031
005/013-Cycling-1y-DHAPPQ-AL-ASAQ,45,1015920,2031
005/013-Cycling-1y-DHAPPQ-AL-ASAQ,46,897308,2031
005/013-Cycling-1y-DHAPPQ-AL-ASAQ,47,843644,2031
005/013-Cycling-1y-DHAPPQ-AL-ASAQ,48,863852,2031
005/013-Cycling-1y-DHAPPQ-AL-ASAQ,49,1035716,2031
005/013-Cycling-1y-DHAPPQ-AL-ASAQ,50,912468,2031
005/013-Cycling-1y-DHAPPQ-AL-ASAQ,51,795888,2031
005/013-Cycling-1y-DHAPPQ-AL-ASAQ,52,778720,2031
005/013-Cycling-1y-DHAPPQ-AL-ASAQ,53,788048,2031
005/013-Cycling-1y-DHAPPQ-AL-ASAQ,54,934972,2031
005/013-Cycling-1y-DHAPPQ-AL-ASAQ,55,821064,2031
005/013-Cycling-1y-DHAPPQ-AL-ASAQ,56,900820,2031
005/013-Cycling-1y-DHAPPQ-AL-ASAQ,57,1038016,2031
005/013-Cycling-1y-DHAPPQ-AL-ASAQ,58,828416,2031
005/013-Cycling-1y-DHAPPQ-AL-ASAQ,59,977700,2031
005/013-Cycling-1y-DHAPPQ-AL-ASAQ,60,959644,2031
005/013-Cycling-1y-DHAPPQ-AL-ASAQ,61,830504,2031
005/013-Cycling-1y-DHAPPQ-AL-ASAQ,62,986232,2031
005/013-Cycling-1y-DHAPPQ-AL-ASAQ,63,824488,2031
005/013-Cycling-1y-DHAPPQ-AL-ASAQ,64,837344,2031
005/013-Cycling-1y-DHAPPQ-AL-ASAQ,65,903808,2031
005/013-Cycling-1y-DHAPPQ-AL-ASAQ,66,761220,2031
005/013-Cycling-1y-DHAPPQ-AL-ASAQ,67,865776,2031
005/013-Cycling-1y-DHAPPQ-AL-ASAQ,68,748460,2031
005/013-Cycling-1y-DHAPPQ-AL-ASAQ,69,747728,2031
005/013-Cycling-1y-DHAPPQ-AL-ASAQ,70,883432,2031
005/013-Cycling-1y-DHAPPQ-AL-ASAQ,71,984180,2031
005/013-Cycling-1y-DHAPPQ-AL-ASAQ,72,893756,2031
005/013-Cycling-1y-DHAPPQ-AL-ASAQ,73,793260,2031
005/013-Cycling-1y-DHAPPQ-AL-ASAQ,74,833488,2031
005/013-Cycling-1y-DHAPPQ-AL-ASAQ,75,813760,2031
005/013-Cycling-1y-DHAPPQ-AL-ASAQ,76,795480,2031
005/013-Cycling-1y-DHAPPQ-AL-ASAQ,77,1007692,2031
005/013-Cycling-1y-DHAPPQ-AL-ASAQ,78,913172,2031
005/013-Cycling-1y-DHAPPQ-AL-ASAQ,79,846160,2031
005/013-Cycling-1y-DHAPPQ-AL-ASAQ,80,955436,2031
005/013-Cycling-1y-DHAPPQ-AL-ASAQ,81,865140,2031
005/013-Cycling-1y-DHAPPQ-AL-ASAQ,82,842784,2031
005/013-Cycling-1y-DHAPPQ-AL-ASAQ,83,805560,2031
005/013-Cycling-1y-DHAPPQ-AL-ASAQ,84,859448,2031
005/013-Cycling-1y-DHAPPQ-AL-ASAQ,85,855912,2031
005/013-Cycling-1y-DHAPPQ-AL-ASAQ,86,815648,2031
005/013-Cycling-1y-DHAPPQ-AL-ASAQ,87,932312,2031
005/013-Cycling-1y-DHAPPQ-AL-ASAQ,88,854380,2031
005/013-Cycling-1y-DHAPPQ-AL-ASAQ,89,795132,2031
005/013-Cycling-1y-DHAPPQ-AL-ASAQ,90,802240,2031
005/013-Cycling-1y-DHAPPQ-AL-ASAQ,91,822712,2031
005/013-Cycling-1y-DHAPPQ-AL-ASAQ,92,885216,2031
005/013-Cycling-1y-DHAPPQ-AL-ASAQ,93,750328,2031
005/013-Cycling-1y-DHAPPQ-AL-ASAQ,94,855244,2031
005/013-Cycling-1y-DHAPPQ-AL-ASAQ,95,745680,2031
005/013-Cycling-1y-DHAPPQ-AL-ASAQ,96,891164,2031
005/013-Cycling-1y-DHAPPQ-AL-ASAQ,97,1062068,2031
005/013-Cycling-1y-DHAPPQ-AL-ASAQ,98,719112,2031
005/013-Cycling-1y-DHAPPQ-AL-ASAQ,99,832696,2031
005/014-Cycling-1y-DHAPPQ-ASAQ-AL,0,830828,2031
005/014-Cycling-1y-DHAPPQ-ASAQ-AL,1,803044,2031
005/014-Cycling-1y-DHAPPQ-ASAQ-AL,2,892512,2031
005/014-Cycling-1y-DHAPPQ-ASAQ-AL,3,803984,2031
005/014-Cycling-1y-DHAPPQ-ASAQ-AL,4,789164,2031
005/014-Cycling-1y-DHAPPQ-ASAQ-AL,5,836408,2031
005/014-Cycling-1y-DHAPPQ-ASAQ-AL,6,833204,2031
005/014-Cycling-1y-DHAPPQ-ASAQ-AL,7,763804,2031
005/014-Cycling-1y-DHAPPQ-ASAQ-AL,8,791352,2031
005/014-Cycling-1y-DHAPPQ-ASAQ-AL,9,846644,2031
005/014-Cycling-1y-DHAPPQ-ASAQ-AL,10,792792,2031
005/014-Cycling-1y-DHAPPQ-ASAQ-AL,11,769588,2031
005/014-Cycling-1y-DHAPPQ-ASAQ-AL,12,871200,2031
005/014-Cycling-1y-DHAPPQ-ASAQ-AL,13,858284,2031
005/014-Cycling-1y-DHAPPQ-ASAQ-AL,14,773420,2031
005/014-Cycling-1y-DHAPPQ-ASAQ-AL,15,733020,2031
005/014-Cycling-1y-DHAPPQ-ASAQ-AL,16,867364,2031
005/014-Cycling-1y-DHAPPQ-ASAQ-AL,17,873428,2031
005/014-Cycling-1y-DHAPPQ-ASAQ-AL,18,739800,2031
005/014-Cycling-1y-DHAPPQ-ASAQ-AL,19,885964,2031
005/014-Cycling-1y-DHAPPQ-ASAQ-AL,20,734452,2031
005/014-Cycling-1y-DHAPPQ-ASAQ-AL,21,862748,2031
005/014-Cycling-1y-DHAPPQ-ASAQ-AL,22,759984,2031
005/014-Cycling-1y-DHAPPQ-ASAQ-AL,23,706244,2031
005/014-Cycling-1y-DHAPPQ-ASAQ-AL,24,707284,2031
005/014-Cycling-1y-DHAPPQ-ASAQ-AL,25,772728,2031
005/014-Cycling-1y-DHAPPQ-ASAQ-AL,26,749480,2031
005/014-Cycling-1y-DHAPPQ-ASAQ-AL,27,843852,2031
005/014-Cycling-1y-DHAPPQ-ASAQ-AL,28,949844,2031
005/014-Cycling-1y-DHAPPQ-ASAQ-AL,29,711592,2031
005/014-Cycling-1y-DHAPPQ-ASAQ-AL,30,760268,2031
005/014-Cycling-1y-DHAPPQ-ASAQ-AL,31,706148,2031
005/014-Cycling-1y-DHAPPQ-ASAQ-AL,32,779620,2031
005/014-Cycling-1y-DHAPPQ-ASAQ-AL,33,888180,2031
005/014-Cycling-1y-DHAPPQ-ASAQ-AL,34,773024,2031
005/014-Cycling-1y-DHAPPQ-ASAQ-AL,35,871852,2031
005/014-Cycling-1y-DHAPPQ-ASAQ-AL,36,810648,2031
005/014-Cycling-1y-DHAPPQ-ASAQ-AL,37,1048216,2031
005/014-Cycling-1y-DHAPPQ-ASAQ-AL,38,778172,2031
005/014-Cycling-1y-DHAPPQ-ASAQ-AL,39,893264,2031
005/014-Cycling-1y-DHAPPQ-ASAQ-AL,40,869620,2031
005/014-Cycling-1y-DHAPPQ-ASAQ-AL,41,892908,2031
005/014-Cycling-1y-DHAPPQ-ASAQ-AL,42,748008,2031
005/014-Cycling-1y-DHAPPQ-ASAQ-AL,43,907716,2031
005/014-Cycling-1y-DHAPPQ-ASAQ-AL,44,715372,2031
005/014-Cycling-1y-DHAPPQ-ASAQ-AL,45,876704,2031
005/014-Cycling-1y-DHAPPQ-ASAQ-AL,46,789808,2031
005/014-Cycling-1y-DHAPPQ-ASAQ-AL,47,846032,2031
005/014-Cycling-1y-DHAPPQ-ASAQ-AL,48,794680,2031
005/014-Cycling-1y-DHAPPQ-ASAQ-AL,49,868832,2031
005/014-Cycling-1y-DHAPPQ-ASAQ-AL,50,838056,2031
005/014-Cycling-1y-DHAPPQ-ASAQ-AL,51,758296,2031
005/014-Cycling-1y-DHAPPQ-ASAQ-AL,52,779972,2031
005/014-Cycling-1y-DHAPPQ-ASAQ-AL,53,900816,2031
005/014-Cycling-1y-DHAPPQ-ASAQ-AL,54,754756,2031
005/014-Cycling-1y-DHAPPQ-ASAQ-AL,55,767304,2031
005/014-Cycling-1y-DHAPPQ-ASAQ-AL,56,876860,2031
005/014-Cycling-1y-DHAPPQ-ASAQ-AL,57,844332,2031
005/014-Cycling-1y-DHAPPQ-ASAQ-AL,58,797624,2031
005/014-Cycling-1y-DHAPPQ-ASAQ-AL,59,746548,2031
005/014-Cycling-1y-DHAPPQ-ASAQ-AL,60,853004,2031
005/014-Cycling-1y-DHAPPQ-ASAQ-AL,61,789564,2031
005/014-Cycling-1y-DHAPPQ-ASAQ-AL,62,880872,2031
005/014-Cycling-1y-DHAPPQ-ASAQ-AL,63,836120,2031
005/014-Cycling-1y-DHAPPQ-ASAQ-AL,64,847368,2031
005/014-Cycling-1y-DHAPPQ-ASAQ-AL,65,735692,2031
005/014-Cycling-1y-DHAPPQ-ASAQ-AL,66,851088,2031
005/014-Cycling-1y-DHAPPQ-ASAQ-AL,67,839652,2031
005/014-Cycling-1y-DHAPPQ-ASAQ-AL,68,741424,2031
005/014-Cycling-1y-DHAPPQ-ASAQ-AL,69,840360,2031
005/014-Cycling-1y-DHAPPQ-ASAQ-AL,70,771544,2031
005/014-Cycling-1y-DHAPPQ-ASAQ-AL,71,866480,2031
005/014-Cycling-1y-DHAPPQ-ASAQ-AL,72,770904,2031
005/014-Cycling-1y-DHAPPQ-ASAQ-AL,73,822364,2031
005/014-Cycling-1y-DHAPPQ-ASAQ-AL,74,826296,2031
005/014-Cycling-1y-DHAPPQ-ASAQ-AL,75,839088,2031
005/014-Cycling-1y-DHAPPQ-ASAQ-AL,76,833352,2031
005/014-Cycling-1y-DHAPPQ-ASAQ-AL,77,890184,2031
005/014-Cycling-1y-DHAPPQ-ASAQ-AL,78,803160,2031
005/014-Cycling-1y-DHAPPQ-ASAQ-AL,79,811344,2031
005/014-Cycling-1y-DHAPPQ-ASAQ-AL,80,915312,2031
005/014-Cycling-1y-DHAPPQ-ASAQ-AL,81,841512,2031
005/014-Cycling-1y-DHAPPQ-ASAQ-AL,82,783972,2031
005/014-Cycling-1y-DHAPPQ-ASAQ-AL,83,870928,2031
005/014-Cycling-1y-DHAPPQ-ASAQ-AL,84,823220,2031
005/014-Cycling-1y-DHAPPQ-ASAQ-AL,85,857556,2031
005/014-Cycling-1y-DHAPPQ-ASAQ-AL,86,760896,2031
005/014-Cycling-1y-DHAPPQ-ASAQ-AL,87,793292,2031
005/014-Cycling-1y-DHAPPQ-ASAQ-AL,88,798748,2031
005/014-Cycling-1y-DHAPPQ-ASAQ-AL,89,705732,2031
005/014-Cycling-1y-DHAPPQ-ASAQ-AL,90,748328,2031
005/014-Cycling-1y-DHAPPQ-ASAQ-AL,91,783328,2031
005/014-Cycling-1y-DHAPPQ-ASAQ-AL,92,747016,2031
005/014-Cycling-1y-DHAPPQ-ASAQ-AL,93,983484,2031
005/014-Cycling-1y-DHAPPQ-ASAQ-AL,94,809136,2031
005/014-Cycling-1y-DHAPPQ-ASAQ-AL,95,728432,2031
005/014-Cycling-1y-DHAPPQ-ASAQ-AL,96,825516,2031
005/014-Cycling-1y-DHAPPQ-ASAQ-AL,97,924552,2031
005/014-Cycling-1y-DHAPPQ-ASAQ-AL,98,786524,2031
005/014-Cycling-1y-DHAPPQ-ASAQ-AL,99,814504,2031
005/015-Cycling-2y-AL-ASAQ,0,1176948,2031
005/015-Cycling-2y-AL-ASAQ,1,1239880,2031
005/015-Cycling-2y-AL-ASAQ,2,1394444,2031
005/015-Cycling-2y-AL-ASAQ,3,1290784,2031
005/015-Cycling-2y-AL-ASAQ,4,1091724,2031
005/015-Cycling-2y-AL-ASAQ,5,1306124,2031
005/015-Cycling-2y-AL-ASAQ,6,1227764,2031
005/015-Cycling-2y-AL-ASAQ,7,1398780,2031
005/015-Cycling-2y-AL-ASAQ,8,1209864,2031
005/015-Cycling-2y-AL-ASAQ,9,1152844,2031
005/015-Cycling-2y-AL-ASAQ,10,1279652,2031
005/015-Cycling-2y-AL-ASAQ,11,1176820,2031
005/015-Cycling-2y-AL-ASAQ,12,1223460,2031
005/015-Cycling-2y-AL-ASAQ,13,1077624,2031
005/015-Cycling-2y-AL-ASAQ,14,1137956,2031
005/015-Cycling-2y-AL-ASAQ,15,1316712,2031
005/015-Cycling-2y-AL-ASAQ,16,1088260,2031
005/015-Cycling-2y-AL-ASAQ,17,1322956,2031
005/015-Cycling-2y-AL-ASAQ,18,1220052,2031
005/015-Cycling-2y-AL-ASAQ,19,1180164,2031
005/015-Cycling-2y-AL-ASAQ,20,1203296,2031
005/015-Cycling-2y-AL-ASAQ,21,1317056,2031
005/015-Cycling-2y-AL-ASAQ,22,1316916,2031
005/015-Cycling-2y-AL-ASAQ,23,1285964,2031
005/015-Cycling-2y-AL-ASAQ,24,1115468,2031
005/015-Cycling-2y-AL-ASAQ,25,1151788,2031
005/015-Cycling-2y-AL-ASAQ,26,1282264,2031
005/015-Cycling-2y-AL-ASAQ,27,1507164,2031
005/015-Cycling-2y-AL-ASAQ,28,1782724,2031
005/015-Cycling-2y-AL-ASAQ,29,1427636,2031
005/015-Cycling-2y-AL-ASAQ,30,1156740,2031
005/015-Cycling-2y-AL-ASAQ,31,1192524,2031
005/015-Cycling-2y-AL-ASAQ,32,1334632,2031
005/015-Cycling-2y-AL-ASAQ,33,1237156,2031
005/015-Cycling-2y-AL-ASAQ,34,1293216,2031
005/015-Cycling-2y-AL-ASAQ,35,1279692,2031
005/015-Cycling-2y-AL-ASAQ,36,1341896,2031
005/015-Cycling-2y-AL-ASAQ,37,1230880,2031
005/015-Cycling-2y-AL-ASAQ,38,1902396,2031
005/015-Cycling-2y-AL-ASAQ,39,1219648,2031
005/015-Cycling-2y-AL-ASAQ,40,1051640,2031
005/015-Cycling-2y-AL-ASAQ,41,1119880,2031
005/015-Cycling-2y-AL-ASAQ,42,1281444,2031
005/015-Cycling-2y-AL-ASAQ,43,1275912,2031
005/015-Cycling-2y-AL-ASAQ,44,1339364,2031
005/015-Cycling-2y-AL-ASAQ,45,1389364,2031
005/015-Cycling-2y-AL-ASAQ,46,1255832,2031
005/015-Cycling-2y-AL-ASAQ,47,1164012,2031
005/015-Cycling-2y-AL-ASAQ,48,1225940,2031
005/015-Cycling-2y-AL-ASAQ,49,1040796,2031
005/015-Cycling-2y-AL-ASAQ,50,1398036,2031
005/015-Cycling-2y-AL-ASAQ,51,1561992,2031
005/015-Cycling-2y-AL-ASAQ,52,1360540,2031
005/015-Cycling-2y-AL-ASAQ,53,1620704,2031
005/015-Cycling-2y-AL-ASAQ,54,1996120,2031
005/015-Cycling-2y-AL-ASAQ,55,1403092,2031
005/015-Cycling-2y-AL-ASAQ,56,1302980,2031
005/015-Cycling-2y-AL-ASAQ,57,1290552,2031
005/015-Cycling-2y-AL-ASAQ,58,1339924,2031
005/015-Cycling-2y-AL-ASAQ,59,1370508,2031
005/015-Cycling-2y-AL-ASAQ,60,1150896,2031
005/015-Cycling-2y-AL-ASAQ,61,1276340,2031
005/015-Cycling-2y-AL-ASAQ,62,1238624,2031
005/015-Cycling-2y-AL-ASAQ,63,1131512,2031
005/015-Cycling-2y-AL-ASAQ,64,1189188,2031
005/015-Cycling-2y-AL-ASAQ,65,1251968,2031
005/015-Cycling-2y-AL-ASAQ,66,1570744,2031
005/015-Cycling-2y-AL-ASAQ,67,1275204,2031
005/015-Cycling-2y-AL-ASAQ,68,1334272,2031
005/015-Cycling-2y-AL-ASAQ,69,1384080,2031
005/015-Cycling-2y-AL-ASAQ,70,1205732,2031
005/015-Cycling-2y-AL-ASAQ,71,1165344,2031
005/015-Cycling-2y-AL-ASAQ,72,1416524,2031
005/015-Cycling-2y-AL-ASAQ,73,1397488,2031
005/015-Cycling-2y-AL-ASAQ,74,1425172,2031
005/015-Cycling-2y-AL-ASAQ,75,1292124,2031
005/015-Cycling-2y-AL-ASAQ,76,1405896,2031
005/015-Cycling-2y-AL-ASAQ,77,1402848,2031
005/015-Cycling-2y-AL-ASAQ,78,1142244,2031
005/015-Cycling-2y-AL-ASAQ,79,1362104,2031
005/015-Cycling-2y-AL-ASAQ,80,1012072,2031
005/015-Cycling-2y-AL-ASAQ,81,1298776,2031
005/015-Cycling-2y-AL-ASAQ,82,1756992,2031
005/015-Cycling-2y-AL-ASAQ,83,1312912,2031
005/015-Cycling-2y-AL-ASAQ,84,1220140,2031
005/015-Cycling-2y-AL-ASAQ,85,1382140,2031
005/015-Cycling-2y-AL-ASAQ,86,1473364,2031
005/015-Cycling-2y-AL-ASAQ,87,1196604,2031
005/015-Cycling-2y-AL-ASAQ,88,1187852,2031
005/015-Cycling-2y-AL-ASAQ,89,1169360,2031
005/015-Cycling-2y-AL-ASAQ,90,1515948,2031
005/015-Cycling-2y-AL-ASAQ,91,1162796,2031
005/015-Cycling-2y-AL-ASAQ,92,1224716,2031
005/015-Cycling-2y-AL-ASAQ,93,1297048,2031
005/015-Cycling-2y-AL-ASAQ,94,1181240,2031
005/015-Cycling-2y-AL-ASAQ,95,1314856,2031
005/015-Cycling-2y-AL-ASAQ,96,1290952,2031
005/015-Cycling-2y-AL-ASAQ,97,1104188,2031
005/015-Cycling-2y-AL-ASAQ,98,1283680,2031
005/015-Cycling-2y-AL-ASAQ,99,1093872,2031
005/016-Cycling-2y-AL-DHAPPQ,0,1330644,2031
005/016-Cycling-2y-AL-DHAPPQ,1,1554628,2031
005/016-Cycling-2y-AL-DHAPPQ,2,1344232,2031
005/016-Cycling-2y-AL-DHAPPQ,3,1271760,2031
005/016-Cycling-2y-AL-DHAPPQ,4,1897396,2031
005/016-Cycling-2y-AL-DHAPPQ,5,1312672,2031
005/016-Cycling-2y-AL-DHAPPQ,6,1097616,2031
005/016-Cycling-2y-AL-DHAPPQ,7,1370064,2031
005/016-Cycling-2y-AL-DHAPPQ,8,1216392,2031
005/016-Cycling-2y-AL-DHAPPQ,9,1220932,2031
005/016-Cycling-2y-AL-DHAPPQ,10,1312588,2031
005/016-Cycling-2y-AL-DHAPPQ,11,1788428,2031
005/016-Cycling-2y-AL-DHAPPQ,12,1501128,2031
005/016-Cycling-2y-AL-DHAPPQ,13,1598520,2031
005/016-Cycling-2y-AL-DHAPPQ,14,1461376,2031
005/016-Cycling-2y-AL-DHAPPQ,15,1197316,2031
005/016-Cycling-2y-AL-DHAPPQ,16,1387564,2031
005/016-Cycling-2y-AL-DHAPPQ,17,1346492,2031
005/016-Cycling-2y-AL-DHAPPQ,18,1308108,2031
005/016-Cycling-2y-AL-DHAPPQ,19,1208796,2031
005/016-Cycling-2y-AL-DHAPPQ,20,1287768,2031
005/016-Cycling-2y-AL-DHAPPQ,21,1220480,2031
005/016-Cycling-2y-AL-DHAPPQ,22,1659640,2031
005/016-Cycling-2y-AL-DHAPPQ,23,1253884,2031
005/016-Cycling-2y-AL-DHAPPQ,24,2142228,2031
005/016-Cycling-2y-AL-DHAPPQ,25,1244348,2031
005/016-Cycling-2y-AL-DHAPPQ,26,1120012,2031
005/016-Cycling-2y-AL-DHAPPQ,27,1427740,2031
005/016-Cycling-2y-AL-DHAPPQ,28,1444304,2031
005/016-Cycling-2y-AL-DHAPPQ,29,1291320,2031
005/016-Cycling-2y-AL-DHAPPQ,30,1514084,2031
005/016-Cycling-2y-AL-DHAPPQ,31,1233540,2031
005/016-Cycling-2y-AL-DHAPPQ,32,1127676,2031
005/016-Cycling-2y-AL-DHAPPQ,33,1395064,2031
005/016-Cycling-2y-AL-DHAPPQ,34,1474356,2031
005/016-Cycling-2y-AL-DHAPPQ,35,1242716,2031
005/016-Cycling-2y-AL-DHAPPQ,36,1372908,2031
005/016-Cycling-2y-AL-DHAPPQ,37,1533100,2031
005/016-Cycling-2y-AL-DHAPPQ,38,1347000,2031
005/016-Cycling-2y-AL-DHAPPQ,39,1452564,2031
005/016-Cycling-2y-AL-DHAPPQ,40,1497744,2031
005/016-Cycling-2y-AL-DHAPPQ,41,1367832,2031
005/016-Cycling-2y-AL-DHAPPQ,42,1650748,2031
005/016-Cycling-2y-AL-DHAPPQ,43,1420732,2031
005/016-Cycling-2y-AL-DHAPPQ,44,1320544,2031
005/016-Cycling-2y-AL-DHAPPQ,45,1188296,2031
005/016-Cycling-2y-AL-DHAPPQ,46,1271592,2031
005/016-Cycling-2y-AL-DHAPPQ,47,1358356,2031
005/016-Cycling-2y-AL-DHAPPQ,48,1340112,2031
005/016-Cycling-2y-AL-DHAPPQ,49,1720136,2031
005/016-Cycling-2y-AL-DHAPPQ,50,1398716,2031
005/016-Cycling-2y-AL-DHAPPQ,51,1307084,2031
005/016-Cycling-2y-AL-DHAPPQ,52,1585124,2031
005/016-Cycling-2y-AL-DHAPPQ,53,1382704,2031
005/016-Cycling-2y-AL-DHAPPQ,54,1223376,2031
005/016-Cycling-2y-AL-DHAPPQ,55,1402860,2031
005/016-Cycling-2y-AL-DHAPPQ,56,1424592,2031
005/016-Cycling-2y-AL-DHAPPQ,57,1645924,2031
005/016-Cycling-2y-AL-DHAPPQ,58,1458376,2031
005/016-Cycling-2y-AL-DHAPPQ,59,1298620,2031
005/016-Cycling-2y-AL-DHAPPQ,60,1407416,2031
005/016-Cycling-2y-AL-DHAPPQ,61,1248304,2031
005/016-Cycling-2y-AL-DHAPPQ,62,1322656,2031
005/016-Cycling-2y-AL-DHAPPQ,63,1167668,2031
005/016-Cycling-2y-AL-DHAPPQ,64,1423244,2031
005/016-Cycling-2y-AL-DHAPPQ,65,1503360,2031
005/016-Cycling-2y-AL-DHAPPQ,66,1339912,2031
005/016-Cycling-2y-AL-DHAPPQ,67,1132204,2031
005/016-Cycling-2y-AL-DHAPPQ,68,1641028,2031
005/016-Cycling-2y-AL-DHAPPQ,69,1451124,2031
005/016-Cycling-2y-AL-DHAPPQ,70,1349964,2031
005/016-Cycling-2y-AL-DHAPPQ,71,1242248,2031
005/016-Cycling-2y-AL-DHAPPQ,72,1554828,2031
005/016-Cycling-2y-AL-DHAPPQ,73,1201300,2031
005/016-Cycling-2y-AL-DHAPPQ,74,1307796,2031
005/016-Cycling-2y-AL-DHAPPQ,75,1559104,2031
005/016-Cycling-2y-AL-DHAPPQ,76,1264828,2031
005/016-Cycling-2y-AL-DHAPPQ,77,1682308,2031
005/016-Cycling-2y-AL-DHAPPQ,78,1103704,2031
005/016-Cycling-2y-AL-DHAPPQ,79,1576112,2031
005/016-Cycling-2y-AL-DHAPPQ,80,1338440,2031
005/016-Cycling-2y-AL-DHAPPQ,81,1380316,2031
005/016-Cycling-2y-AL-DHAPPQ,82,1309984,2031
005/016-Cycling-2y-AL-DHAPPQ,83,1682936,2031
005/016-Cycling-2y-AL-DHAPPQ,84,1277500,2031
005/016-Cycling-2y-AL-DHAPPQ,85,1357248,2031
005/016-Cycling-2y-AL-DHAPPQ,86,1269680,2031
005/016-Cycling-2y-AL-DHAPPQ,87,1235432,2031
005/016-Cycling-2y-AL-DHAPPQ,88,1218584,2031
005/016-Cycling-2y-AL-DHAPPQ,89,1310748,2031
005/016-Cycling-2y-AL-DHAPPQ,90,1158564,2031
005/016-Cycling-2y-AL-DHAPPQ,91,1538768,2031
005/016-Cycling-2y-AL-DHAPPQ,92,1282724,2031
005/016-Cycling-2y-AL-DHAPPQ,93,1357100,2031
005/016-Cycling-2y-AL-DHAPPQ,94,1351684,2031
005/016-Cycling-2y-AL-DHAPPQ,95,1203072,2031
005/016-Cycling-2y-AL-DHAPPQ,96,1459584,2031
005/016-Cycling-2y-AL-DHAPPQ,97,1357196,2031
005/016-Cycling-2y-AL-DHAPPQ,98,1187700,2031
005/016-Cycling-2y-AL-DHAPPQ,99,1243848,2031
005/017-Cycling-2y-ASAQ-AL,0,875944,2031
005/017-Cycling-2y-ASAQ-AL,1,847472,2031
005/017-Cycling-2y-ASAQ-AL,2,879396,2031
005/017-Cycling-2y-ASAQ-AL,3,943908,2031
005/017-Cycling-2y-ASAQ-AL,4,1103868,2031
005/017-Cycling-2y-ASAQ-AL,5,817608,2031
005/017-Cycling-2y-ASAQ-AL,6,852816,2031
005/017-Cycling-2y-ASAQ-AL,7,826564,2031
005/017-Cycling-2y-ASAQ-AL,8,801320,2031
005/017-Cycling-2y-ASAQ-AL,9,826924,2031
005/017-Cycling-2y-ASAQ-AL,10,781336,2031
005/017-Cycling-2y-ASAQ-AL,11,959672,2031
005/017-Cycling-2y-ASAQ-AL,12,805548,2031
005/017-Cycling-2y-ASAQ-AL,13,866064,2031
005/017-Cycling-2y-ASAQ-AL,14,793252,2031
005/017-Cycling-2y-ASAQ-AL,15,864364,2031
005/017-Cycling-2y-ASAQ-AL,16,772740,2031
005/017-Cycling-2y-ASAQ-AL,17,921112,2031
005/017-Cycling-2y-ASAQ-AL,18,789292,2031
005/017-Cycling-2y-ASAQ-AL,19,854200,2031
005/017-Cycling-2y-ASAQ-AL,20,812348,2031
005/017-Cycling-2y-ASAQ-AL,21,776092,2031
005/017-Cycling-2y-ASAQ-AL,22,923860,2031
005/017-Cycling-2y-ASAQ-AL,23,877900,2031
005/017-Cycling-2y-ASAQ-AL,24,794232,2031
005/017-Cycling-2y-ASAQ-AL,25,964600,2031
005/017-Cycling-2y-ASAQ-AL,26,782572,2031
005/017-Cycling-2y-ASAQ-AL,27,784828,2031
005/017-Cycling-2y-ASAQ-AL,28,838888,2031
005/017-Cycling-2y-ASAQ-AL,29,829076,2031
005/017-Cycling-2y-ASAQ-AL,30,826396,2031
005/017-Cycling-2y-ASAQ-AL,31,852608,2031
005/017-Cycling-2y-ASAQ-AL,32,963964,2031
005/017-Cycling-2y-ASAQ-AL,33,850064,2031
005/017-Cycling-2y-ASAQ-AL,34,920760,2031
005/017-Cycling-2y-ASAQ-AL,35,812372,2031
005/017-Cycling-2y-ASAQ-AL,36,936276,2031
005/017-Cycling-2y-ASAQ-AL,37,1006812,2031
005/017-Cycling-2y-ASAQ-AL,38,815980,2031
005/017-Cycling-2y-ASAQ-AL,39,876440,2031
005/017-Cycling-2y-ASAQ-AL,40,886140,2031
005/017-Cycling-2y-ASAQ-AL,41,799072,2031
005/017-Cycling-2y-ASAQ-AL,42,887528,2031
005/017-Cycling-2y-ASAQ-AL,43,853976,2031
005/017-Cycling-2y-ASAQ-AL,44,1071964,2031
005/017-Cycling-2y-ASAQ-AL,45,852616,2031
005/017-Cycling-2y-ASAQ-AL,46,904804,2031
005/017-Cycling-2y-ASAQ-AL,47,807552,2031
005/017-Cycling-2y-ASAQ-AL,48,797612,2031
005/017-Cycling-2y-ASAQ-AL,49,819656,2031
005/017-Cycling-2y-ASAQ-AL,50,833280,2031
005/017-Cycling-2y-ASAQ-AL,51,866816,2031
005/017-Cycling-2y-ASAQ-AL,52,895264,2031
005/017-Cycling-2y-ASAQ-AL,53,867252,2031
005/017-Cycling-2y-ASAQ-AL,54,955408,2031
005/017-Cycling-2y-ASAQ-AL,55,738536,2031
005/017-Cycling-2y-ASAQ-AL,56,819872,2031
005/017-Cycling-2y-ASAQ-AL,57,846228,2031
005/017-Cycling-2y-ASAQ-AL,58,837664,2031
005/017-Cycling-2y-ASAQ-AL,59,861544,2031
005/017-Cycling-2y-ASAQ-AL,60,872684,2031
005/017-Cycling-2y-ASAQ-AL,61,825160,2031
005/017-Cycling-2y-ASAQ-AL,62,842472,2031
005/017-Cycling-2y-ASAQ-AL,63,829372,2031
005/017-Cycling-2y-ASAQ-AL,64,835276,2031
005/017-Cycling-2y-ASAQ-AL,65,811744,2031
005/017-Cycling-2y-ASAQ-AL,66,904696,2031
005/017-Cycling-2y-ASAQ-AL,67,826940,2031
005/017-Cycling-2y-ASAQ-AL,68,979624,2031
005/017-Cycling-2y-ASAQ-AL,69,792880,2031
005/017-Cycling-2y-ASAQ-AL,70,800184,2031
005/017-Cycling-2y-ASAQ-AL,71,873324,2031
005/017-Cycling-2y-ASAQ-AL,72,1035796,2031
005/017-Cycling-2y-ASAQ-AL,73,986216,2031
005/017-Cycling-2y-ASAQ-AL,74,933844,2031
005/017-Cycling-2y-ASAQ-AL,75,843572,2031
005/017-Cycling-2y-ASAQ-AL,76,859044,2031
005/017-Cycling-2y-ASAQ-AL,77,814924,2031
005/017-Cycling-2y-ASAQ-AL,78,954224,2031
005/017-Cycling-2y-ASAQ-AL,79,875428,2031
005/017-Cycling-2y-ASAQ-AL,80,795508,2031
005/017-Cycling-2y-ASAQ-AL,81,899796,2031
005/017-Cycling-2y-ASAQ-AL,82,851376,2031
005/017-Cycling-2y-ASAQ-AL,83,796256,2031
005/017-Cycling-2y-ASAQ-AL,84,886152,2031
005/017-Cycling-2y-ASAQ-AL,85,809608,2031
005/017-Cycling-2y-ASAQ-AL,86,823476,2031
005/017-Cycling-2y-ASAQ-AL,87,938308,2031
005/017-Cycling-2y-ASAQ-AL,88,826280,2031
005/017-Cycling-2y-ASAQ-AL,89,863356,2031
005/017-Cycling-2y-ASAQ-AL,90,793964,2031
005/017-Cycling-2y-ASAQ-AL,91,877888,2031
005/017-Cycling-2y-ASAQ-AL,92,890308,2031
005/017-Cycling-2y-ASAQ-AL,93,813852,2031
005/017-Cycling-2y-ASAQ-AL,94,805920,2031
005/017-Cycling-2y-ASAQ-AL,95,834768,2031
005/017-Cycling-2y-ASAQ-AL,96,933016,2031
005/017-Cycling-2y-ASAQ-AL,97,869420,2031
005/017-Cycling-2y-ASAQ-AL,98,879648,2031
005/017-Cycling-2y-ASAQ-AL,99,824176,2031
005/018-Cycling-2y-ASAQ-DHAPPQ,0,514816,2031
005/018-Cycling-2y-ASAQ-DHAPPQ,1,542976,2031
005/018-Cycling-2y-ASAQ-DHAPPQ,2,473124,2031
005/018-Cycling-2y-ASAQ-DHAPPQ,3,491660,2031
005/018-Cycling-2y-ASAQ-DHAPPQ,4,555800,2031
005/018-Cycling-2y-ASAQ-DHAPPQ,5,538292,2031
005/018-Cycling-2y-ASAQ-DHAPPQ,6,503748,2031
005/018-Cycling-2y-ASAQ-DHAPPQ,7,495744,2031
005/018-Cycling-2y-ASAQ-DHAPPQ,8,512932,2031
005/018-Cycling-2y-ASAQ-DHAPPQ,9,464416,2031
005/018-Cycling-2y-ASAQ-DHAPPQ,10,553884,2031
005/018-Cycling-2y-ASAQ-DHAPPQ,11,502444,2031
005/018-Cycling-2y-ASAQ-DHAPPQ,12,562156,2031
005/018-Cycling-2y-ASAQ-DHAPPQ,13,480080,2031
005/018-Cycling-2y-ASAQ-DHAPPQ,14,534672,2031
005/018-Cycling-2y-ASAQ-DHAPPQ,15,466092,2031
005/018-Cycling-2y-ASAQ-DHAPPQ,16,490536,2031
005/018-Cycling-2y-ASAQ-DHAPPQ,17,544972,2031
005/018-Cycling-2y-ASAQ-DHAPPQ,18,575948,2031
005/018-Cycling-2y-ASAQ-DHAPPQ,19,476136,2031
005/018-Cycling-2y-ASAQ-DHAPPQ,20,521652,2031
005/018-Cycling-2y-ASAQ-DHAPPQ,21,491108,2031
005/018-Cycling-2y-ASAQ-DHAPPQ,22,527836,2031
005/018-Cycling-2y-ASAQ-DHAPPQ,23,493976,2031
005/018-Cycling-2y-ASAQ-DHAPPQ,24,489644,2031
005/018-Cycling-2y-ASAQ-DHAPPQ,25,523664,2031
005/018-Cycling-2y-ASAQ-DHAPPQ,26,494272,2031
005/018-Cycling-2y-ASAQ-DHAPPQ,27,449012,2031
005/018-Cycling-2y-ASAQ-DHAPPQ,28,517260,2031
005/018-Cycling-2y-ASAQ-DHAPPQ,29,530080,2031
005/018-Cycling-2y-ASAQ-DHAPPQ,30,516984,2031
005/018-Cycling-2y-ASAQ-DHAPPQ,31,559792,2031
005/018-Cycling-2y-ASAQ-DHAPPQ,32,551276,2031
005/018-Cycling-2y-ASAQ-DHAPPQ,33,523344,2031
005/018-Cycling-2y-ASAQ-DHAPPQ,34,517392,2031
005/018-Cycling-2y-ASAQ-DHAPPQ,35,491212,2031
005/018-Cycling-2y-ASAQ-DHAPPQ,36,491664,2031
005/018-Cycling-2y-ASAQ-DHAPPQ,37,520712,2031
005/018-Cycling-2y-ASAQ-DHAPPQ,38,546728,2031
005/018-Cycling-2y-ASAQ-DHAPPQ,39,496112,2031
005/018-Cycling-2y-ASAQ-DHAPPQ,40,508096,2031
005/018-Cycling-2y-ASAQ-DHAPPQ,41,563848,2031
005/018-Cycling-2y-ASAQ-DHAPPQ,42,577892,2031
005/018-Cycling-2y-ASAQ-DHAPPQ,43,562712,2031
005/018-Cycling-2y-ASAQ-DHAPPQ,44,520816,2031
005/018-Cycling-2y-ASAQ-DHAPPQ,45,543980,2031
005/018-Cycling-2y-ASAQ-DHAPPQ,46,492588,2031
005/018-Cycling-2y-ASAQ-DHAPPQ,47,483588,2031
005/018-Cycling-2y-ASAQ-DHAPPQ,48,553952,2031
005/018-Cycling-2y-ASAQ-DHAPPQ,49,503492,2031
005/018-Cycling-2y-ASAQ-DHAPPQ,50,564508,2031
005/018-Cycling-2y-ASAQ-DHAPPQ,51,471252,2031
005/018-Cycling-2y-ASAQ-DHAPPQ,52,512720,2031
005/018-Cycling-2y-ASAQ-DHAPPQ,53,535784,2031
005/018-Cycling-2y-ASAQ-DHAPPQ,54,591636,2031
005/018-Cycling-2y-ASAQ-DHAPPQ,55,553068,2031
005/018-Cycling-2y-ASAQ-DHAPPQ,56,484892,2031
005/018-Cycling-2y-ASAQ-DHAPPQ,57,528836,2031
005/018-Cycling-2y-ASAQ-DHAPPQ,58,543592,2031
005/018-Cycling-2y-ASAQ-DHAPPQ,59,484532,2031
005/018-Cycling-2y-ASAQ-DHAPPQ,60,526348,2031
005/018-Cycling-2y-ASAQ-DHAPPQ,61,513532,2031
005/018-Cycling-2y-ASAQ-DHAPPQ,62,537180,2031
005/018-Cycling-2y-ASAQ-DHAPPQ,63,559088,2031
005/018-Cycling-2y-ASAQ-DHAPPQ,64,541928,2031
005/018-Cycling-2y-ASAQ-DHAPPQ,65,501524,2031
005/018-Cycling-2y-ASAQ-DHAPPQ,66,508624,2031
005/018-Cycling-2y-ASAQ-DHAPPQ,67,590020,2031
005/018-Cycling-2y-ASAQ-DHAPPQ,68,510772,2031
005/018-Cycling-2y-ASAQ-DHAPPQ,69,540060,2031
005/018-Cycling-2y-ASAQ-DHAPPQ,70,496504,2031
005/018-Cycling-2y-ASAQ-DHAPPQ,71,536192,2031
005/018-Cycling-2y-ASAQ-DHAPPQ,72,504856,2031
005/018-Cycling-2y-ASAQ-DHAPPQ,73,528700,2031
005/018-Cycling-2y-ASAQ-DHAPPQ,74,478368,2031
005/018-Cycling-2y-ASAQ-DHAPPQ,75,529740,2031
005/018-Cycling-2y-ASAQ-DHAPPQ,76,524252,2031
005/018-Cycling-2y-ASAQ-DHAPPQ,77,520816,2031
005/018-Cycling-2y-ASAQ-DHAPPQ,78,485796,2031
005/018-Cycling-2y-ASAQ-DHAPPQ,79,468124,2031
005/018-Cycling-2y-ASAQ-DHAPPQ,80,567440,2031
005/018-Cycling-2y-ASAQ-DHAPPQ,81,518360,2031
005/018-Cycling-2y-ASAQ-DHAPPQ,82,548656,2031
005/018-Cycling-2y-ASAQ-DHAPPQ,83,514292,2031
005/018-Cycling-2y-ASAQ-DHAPPQ,84,526260,2031
005/018-Cycling-2y-ASAQ-DHAPPQ,85,566440,2031
005/018-Cycling-2y-ASAQ-DHAPPQ,86,529052,2031
005/018-Cycling-2y-ASAQ-DHAPPQ,87,568244,2031
005/018-Cycling-2y-ASAQ-DHAPPQ,88,535336,2031
005/018-Cycling-2y-ASAQ-DHAPPQ,89,553524,2031
005/018-Cycling-2y-ASAQ-DHAPPQ,90,493492,2031
005/018-Cycling-2y-ASAQ-DHAPPQ,91,545516,2031
005/018-Cycling-2y-ASAQ-DHAPPQ,92,554292,2031
005/018-Cycling-2y-ASAQ-DHAPPQ,93,495848,2031
005/018-Cycling-2y-ASAQ-DHAPPQ,94,505320,2031
005/018-Cycling-2y-ASAQ-DHAPPQ,95,605072,2031
005/018-Cycling-2y-ASAQ-DHAPPQ,96,507236,2031
005/018-Cycling-2y-ASAQ-DHAPPQ,97,530768,2031
005/018-Cycling-2y-ASAQ-DHAPPQ,98,470720,2031
005/018-Cycling-2y-ASAQ-DHAPPQ,99,470472,2031
005/019-Cycling-2y-DHAPPQ-AL,0,1410840,2031
005/019-Cycling-2y-DHAPPQ-AL,1,1342544,2031
005/019-Cycling-2y-DHAPPQ-AL,2,1128636,2031
005/019-Cycling-2y-DHAPPQ-AL,3,1314236,2031
005/019-Cycling-2y-DHAPPQ-AL,4,1606184,2031
005/019-Cycling-2y-DHAPPQ-AL,5,1300976,2031
005/019-Cycling-2y-DHAPPQ-AL,6,1445976,2031
005/019-Cycling-2y-DHAPPQ-AL,7,1235316,2031
005/019-Cycling-2y-DHAPPQ-AL,8,1574692,2031
005/019-Cycling-2y-DHAPPQ-AL,9,1064880,2031
005/019-Cycling-2y-DHAPPQ-AL,10,1279260,2031
005/019-Cycling-2y-DHAPPQ-AL,11,1227684,2031
005/019-Cycling-2y-DHAPPQ-AL,12,1231680,2031
005/019-Cycling-2y-DHAPPQ-AL,13,1269196,2031
005/019-Cycling-2y-DHAPPQ-AL,14,1338356,2031
005/019-Cycling-2y-DHAPPQ-AL,15,1296300,2031
005/019-Cycling-2y-DHAPPQ-AL,16,1240772,2031
005/019-Cycling-2y-DHAPPQ-AL,17,1404120,2031
005/019-Cycling-2y-DHAPPQ-AL,18,1276928,2031
005/019-Cycling-2y-DHAPPQ-AL,19,1366092,2031
005/019-Cycling-2y-DHAPPQ-AL,20,1103040,2031
005/019-Cycling-2y-DHAPPQ-AL,21,1192960,2031
005/019-Cycling-2y-DHAPPQ-AL,22,1269760,2031
005/019-Cycling-2y-DHAPPQ-AL,23,1392984,2031
005/019-Cycling-2y-DHAPPQ-AL,24,1362532,2031
005/019-Cycling-2y-DHAPPQ-AL,25,1372000,2031
005/019-Cycling-2y-DHAPPQ-AL,26,1413568,2031
005/019-Cycling-2y-DHAPPQ-AL,27,1245752,2031
005/019-Cycling-2y-DHAPPQ-AL,28,1448780,2031
005/019-Cycling-2y-DHAPPQ-AL,29,972656,2031
005/019-Cycling-2y-DHAPPQ-AL,30,1457356,2031
005/019-Cycling-2y-DHAPPQ-AL,31,1333488,2031
005/019-Cycling-2y-DHAPPQ-AL,32,1227588,2031
005/019-Cycling-2y-DHAPPQ-AL,33,1056388,2031
005/019-Cycling-2y-DHAPPQ-AL,34,1171644,2031
005/019-Cycling-2y-DHAPPQ-AL,35,1347276,2031
005/019-Cycling-2y-DHAPPQ-AL,36,1484024,2031
005/019-Cycling-2y-DHAPPQ-AL,37,1219548,2031
005/019-Cycling-2y-DHAPPQ-AL,38,1148064,2031
005/019-Cycling-2y-DHAPPQ-AL,39,1310324,2031
005/019-Cycling-2y-DHAPPQ-AL,40,1033908,2031
005/019-Cycling-2y-DHAPPQ-AL,41,1348808,2031
005/019-Cycling-2y-DHAPPQ-AL,42,1327468,2031
005/019-Cycling-2y-DHAPPQ-AL,43,1270356,2031
005/019-Cycling-2y-DHAPPQ-AL,44,1349312,2031
005/019-Cycling-2y-DHAPPQ-AL,45,1417932,2031
005/019-Cycling-2y-DHAPPQ-AL,46,1471244,2031
005/019-Cycling-2y-DHAPPQ-AL,47,1220740,2031
005/019-Cycling-2y-DHAPPQ-AL,48,1302192,2031
005/019-Cycling-2y-DHAPPQ-AL,49,1240880,2031
005/019-Cycling-2y-DHAPPQ-AL,50,1086728,2031
005/019-Cycling-2y-DHAPPQ-AL,51,1355964,2031
005/019-Cycling-2y-DHAPPQ-AL,52,1426860,2031
005/019-Cycling-2y-DHAPPQ-AL,53,1353912,2031
005/019-Cycling-2y-DHAPPQ-AL,54,1415280,2031
005/019-Cycling-2y-DHAPPQ-AL,55,1258896,2031
005/019-Cycling-2y-DHAPPQ-AL,56,1610532,2031
005/019-Cycling-2y-DHAPPQ-AL,57,1392952,2031
005/019-Cycling-2y-DHAPPQ-AL,58,1334932,2031
005/019-Cycling-2y-DHAPPQ-AL,59,1193248,2031
005/019-Cycling-2y-DHAPPQ-AL,60,1246028,2031
005/019-Cycling-2y-DHAPPQ-AL,61,1090636,2031
005/019-Cycling-2y-DHAPPQ-AL,62,1613828,2031
005/019-Cycling-2y-DHAPPQ-AL,63,1427104,2031
005/019-Cycling-2y-DHAPPQ-AL,64,1522940,2031
005/019-Cycling-2y-DHAPPQ-AL,65,1291160,2031
005/019-Cycling-2y-DHAPPQ-AL,66,1371404,2031
005/019-Cycling-2y-DHAPPQ-AL,67,1265288,2031
005/019-Cycling-2y-DHAPPQ-AL,68,1063460,2031
005/019-Cycling-2y-DHAPPQ-AL,69,1519640,2031
005/019-Cycling-2y-DHAPPQ-AL,70,1281636,2031
005/019-Cycling-2y-DHAPPQ-AL,71,1273236,2031
005/019-Cycling-2y-DHAPPQ-AL,72,1346696,2031
005/019-Cycling-2y-DHAPPQ-AL,73,1389320,2031
005/019-Cycling-2y-DHAPPQ-AL,74,1204380,2031
005/019-Cycling-2y-DHAPPQ-AL,75,1379500,2031
005/019-Cycling-2y-DHAPPQ-AL,76,1184340,2031
005/019-Cycling-2y-DHAPPQ-AL,77,1061344,2031
005/019-Cycling-2y-DHAPPQ-AL,78,1333424,2031
005/019-Cycling-2y-DHAPPQ-AL,79,1376756,2031
005/019-Cycling-2y-DHAPPQ-AL,80,1192500,2031
005/019-Cycling-2y-DHAPPQ-AL,81,1064796,2031
005/019-Cycling-2y-DHAPPQ-AL,82,1277244,2031
005/019-Cycling-2y-DHAPPQ-AL,83,1354480,2031
005/019-Cycling-2y-DHAPPQ-AL,84,1525964,2031
005/019-Cycling-2y-DHAPPQ-AL,85,1310468,2031
005/019-Cycling-2y-DHAPPQ-AL,86,1382452,2031
005/019-Cycling-2y-DHAPPQ-AL,87,1427220,2031
005/019-Cycling-2y-DHAPPQ-AL,88,1234328,2031
005/019-Cycling-2y-DHAPPQ-AL,89,1388492,2031
005/019-Cycling-2y-DHAPPQ-AL,90,1231396,2031
005/019-Cycling-2y-DHAPPQ-AL,91,1214816,2031
005/019-Cycling-2y-DHAPPQ-AL,92,1508808,2031
005/019-Cycling-2y-DHAPPQ-AL,93,1231200,2031
005/019-Cycling-2y-DHAPPQ-AL,94,1533308,2031
005/019-Cycling-2y-DHAPPQ-AL,95,1378376,2031
005/019-Cycling-2y-DHAPPQ-AL,96,1444848,2031
005/019-Cycling-2y-DHAPPQ-AL,97,1538432,2031
005/019-Cycling-2y-DHAPPQ-AL,98,1716160,2031
005/019-Cycling-2y-DHAPPQ-AL,99,1140612,2031
005/020-Cycling-2y-DHAPPQ-ASAQ,0,793640,2031
005/020-Cycling-2y-DHAPPQ-ASAQ,1,783812,2031
005/020-Cycling-2y-DHAPPQ-ASAQ,2,757652,2031
005/020-Cycling-2y-DHAPPQ-ASAQ,3,684632,2031
005/020-Cycling-2y-DHAPPQ-ASAQ,4,879580,2031
005/020-Cycling-2y-DHAPPQ-ASAQ,5,846220,2031
005/020-Cycling-2y-DHAPPQ-ASAQ,6,920736,2031
005/020-Cycling-2y-DHAPPQ-ASAQ,7,913256,2031
005/020-Cycling-2y-DHAPPQ-ASAQ,8,668760,2031
005/020-Cycling-2y-DHAPPQ-ASAQ,9,836668,2031
005/020-Cycling-2y-DHAPPQ-ASAQ,10,730784,2031
005/020-Cycling-2y-DHAPPQ-ASAQ,11,829808,2031
005/020-Cycling-2y-DHAPPQ-ASAQ,12,866692,2031
005/020-Cycling-2y-DHAPPQ-ASAQ,13,785044,2031
005/020-Cycling-2y-DHAPPQ-ASAQ,14,760496,2031
005/020-Cycling-2y-DHAPPQ-ASAQ,15,881876,2031
005/020-Cycling-2y-DHAPPQ-ASAQ,16,753428,2031
005/020-Cycling-2y-DHAPPQ-ASAQ,17,729532,2031
005/020-Cycling-2y-DHAPPQ-ASAQ,18,724084,2031
005/020-Cycling-2y-DHAPPQ-ASAQ,19,773068,2031
005/020-Cycling-2y-DHAPPQ-ASAQ,20,855816,2031
005/020-Cycling-2y-DHAPPQ-ASAQ,21,891264,2031
005/020-Cycling-2y-DHAPPQ-ASAQ,22,886452,2031
005/020-Cycling-2y-DHAPPQ-ASAQ,23,770216,2031
005/020-Cycling-2y-DHAPPQ-ASAQ,24,870608,2031
005/020-Cycling-2y-DHAPPQ-ASAQ,25,767744,2031
005/020-Cycling-2y-DHAPPQ-ASAQ,26,842888,2031
005/020-Cycling-2y-DHAPPQ-ASAQ,27,915016,2031
005/020-Cycling-2y-DHAPPQ-ASAQ,28,832388,2031
005/020-Cycling-2y-DHAPPQ-ASAQ,29,854324,2031
005/020-Cycling-2y-DHAPPQ-ASAQ,30,935084,2031
005/020-Cycling-2y-DHAPPQ-ASAQ,31,797340,2031
005/020-Cycling-2y-DHAPPQ-ASAQ,32,854972,2031
005/020-Cycling-2y-DHAPPQ-ASAQ,33,791048,2031
005/020-Cycling-2y-DHAPPQ-ASAQ,34,819776,2031
005/020-Cycling-2y-DHAPPQ-ASAQ,35,806728,2031
005/020-Cycling-2y-DHAPPQ-ASAQ,36,846068,2031
005/020-Cycling-2y-DHAPPQ-ASAQ,37,861100,2031
005/020-Cycling-2y-DHAPPQ-ASAQ,38,709472,2031
005/020-Cycling-2y-DHAPPQ-ASAQ,39,684944,2031
005/020-Cycling-2y-DHAPPQ-ASAQ,40,876452,2031
005/020-Cycling-2y-DHAPPQ-ASAQ,41,820480,2031
005/020-Cycling-2y-DHAPPQ-ASAQ,42,925856,2031
005/020-Cycling-2y-DHAPPQ-ASAQ,43,851344,2031
005/020-Cycling-2y-DHAPPQ-ASAQ,44,832800,2031
005/020-Cycling-2y-DHAPPQ-ASAQ,45,864612,2031
005/020-Cycling-2y-DHAPPQ-ASAQ,46,810700,2031
005/020-Cycling-2y-DHAPPQ-ASAQ,47,750940,2031
005/020-Cycling-2y-DHAPPQ-ASAQ,48,838520,2031
005/020-Cycling-2y-DHAPPQ-ASAQ,49,804736,2031
005/020-Cycling-2y-DHAPPQ-ASAQ,50,856920,2031
005/020-Cycling-2y-DHAPPQ-ASAQ,51,718080,2031
005/020-Cycling-2y-DHAPPQ-ASAQ,52,809648,2031
005/020-Cycling-2y-DHAPPQ-ASAQ,53,865340,2031
005/020-Cycling-2y-DHAPPQ-ASAQ,54,867388,2031
005/020-Cycling-2y-DHAPPQ-ASAQ,55,922768,2031
005/020-Cycling-2y-DHAPPQ-ASAQ,56,798692,2031
005/020-Cycling-2y-DHAPPQ-ASAQ,57,851812,2031
005/020-Cycling-2y-DHAPPQ-ASAQ,58,911068,2031
005/020-Cycling-2y-DHAPPQ-ASAQ,59,920532,2031
005/020-Cycling-2y-DHAPPQ-ASAQ,60,716188,2031
005/020-Cycling-2y-DHAPPQ-ASAQ,61,820516,2031
005/020-Cycling-2y-DHAPPQ-ASAQ,62,864736,2031
005/020-Cycling-2y-DHAPPQ-ASAQ,63,830816,2031
005/020-Cycling-2y-DHAPPQ-ASAQ,64,851992,2031
005/020-Cycling-2y-DHAPPQ-ASAQ,65,904036,2031
005/020-Cycling-2y-DHAPPQ-ASAQ,66,944108,2031
005/020-Cycling-2y-DHAPPQ-ASAQ,67,768964,2031
005/020-Cycling-2y-DHAPPQ-ASAQ,68,828340,2031
005/020-Cycling-2y-DHAPPQ-ASAQ,69,774772,2031
005/020-Cycling-2y-DHAPPQ-ASAQ,70,875576,2031
005/020-Cycling-2y-DHAPPQ-ASAQ,71,888748,2031
005/020-Cycling-2y-DHAPPQ-ASAQ,72,860716,2031
005/020-Cycling-2y-DHAPPQ-ASAQ,73,722988,2031
005/020-Cycling-2y-DHAPPQ-ASAQ,74,800492,2031
005/020-Cycling-2y-DHAPPQ-ASAQ,75,881548,2031
005/020-Cycling-2y-DHAPPQ-ASAQ,76,848048,2031
005/020-Cycling-2y-DHAPPQ-ASAQ,77,697304,2031
005/020-Cycling-2y-DHAPPQ-ASAQ,78,779352,2031
005/020-Cycling-2y-DHAPPQ-ASAQ,79,684440,2031
005/020-Cycling-2y-DHAPPQ-ASAQ,80,892588,2031
005/020-Cycling-2y-DHAPPQ-ASAQ,81,731260,2031
005/020-Cycling-2y-DHAPPQ-ASAQ,82,858876,2031
005/020-Cycling-2y-DHAPPQ-ASAQ,83,710864,2031
005/020-Cycling-2y-DHAPPQ-ASAQ,84,784556,2031
005/020-Cycling-2y-DHAPPQ-ASAQ,85,806220,2031
005/020-Cycling-2y-DHAPPQ-ASAQ,86,1070716,2031
005/020-Cycling-2y-DHAPPQ-ASAQ,87,824024,2031
005/020-Cycling-2y-DHAPPQ-ASAQ,88,791832,2031
005/020-Cycling-2y-DHAPPQ-ASAQ,89,906704,2031
005/020-Cycling-2y-DHAPPQ-ASAQ,90,766516,2031
005/020-Cycling-2y-DHAPPQ-ASAQ,91,835392,2031
005/020-Cycling-2y-DHAPPQ-ASAQ,92,842512,2031
005/020-Cycling-2y-DHAPPQ-ASAQ,93,705800,2031
005/020-Cycling-2y-DHAPPQ-ASAQ,94,820276,2031
005/020-Cycling-2y-DHAPPQ-ASAQ,95,844828,2031
005/020-Cycling-2y-DHAPPQ-ASAQ,96,1095592,2031
005/020-Cycling-2y-DHAPPQ-ASAQ,97,944156,2031
005/020-Cycling-2y-DHAPPQ-ASAQ,98,1059664,2031
005/020-Cycling-2y-DHAPPQ-ASAQ,99,780804,2031
005/021-Cycling-2y-AL-ASAQ-DHAPPQ,0,868732,2031
005/021-Cycling-2y-AL-ASAQ-DHAPPQ,1,814960,2031
005/021-Cycling-2y-AL-ASAQ-DHAPPQ,2,900476,2031
005/021-Cycling-2y-AL-ASAQ-DHAPPQ,3,836500,2031
005/021-Cycling-2y-AL-ASAQ-DHAPPQ,4,1009144,2031
005/021-Cycling-2y-AL-ASAQ-DHAPPQ,5,927336,2031
005/021-Cycling-2y-AL-ASAQ-DHAPPQ,6,1236480,2031
005/021-Cycling-2y-AL-ASAQ-DHAPPQ,7,1283176,2031
005/021-Cycling-2y-AL-ASAQ-DHAPPQ,8,737624,2031
005/021-Cycling-2y-AL-ASAQ-DHAPPQ,9,875448,2031
005/021-Cycling-2y-AL-ASAQ-DHAPPQ,10,873888,2031
005/021-Cycling-2y-AL-ASAQ-DHAPPQ,11,796876,2031
005/021-Cycling-2y-AL-ASAQ-DHAPPQ,12,999380,2031
005/021-Cycling-2y-AL-ASAQ-DHAPPQ,13,733900,2031
005/021-Cycling-2y-AL-ASAQ-DHAPPQ,14,761128,2031
005/021-Cycling-2y-AL-ASAQ-DHAPPQ,15,783720,2031
005/021-Cycling-2y-AL-ASAQ-DHAPPQ,16,822500,2031
005/021-Cycling-2y-AL-ASAQ-DHAPPQ,17,855072,2031
005/021-Cycling-2y-AL-ASAQ-DHAPPQ,18,799440,2031
005/021-Cycling-2y-AL-ASAQ-DHAPPQ,19,987260,2031
005/021-Cycling-2y-AL-ASAQ-DHAPPQ,20,842932,2031
005/021-Cycling-2y-AL-ASAQ-DHAPPQ,21,791836,2031
005/021-Cycling-2y-AL-ASAQ-DHAPPQ,22,864856,2031
005/021-Cycling-2y-AL-ASAQ-DHAPPQ,23,782044,2031
005/021-Cycling-2y-AL-ASAQ-DHAPPQ,24,798176,2031
005/021-Cycling-2y-AL-ASAQ-DHAPPQ,25,898340,2031
005/021-Cycling-2y-AL-ASAQ-DHAPPQ,26,895612,2031
005/021-Cycling-2y-AL-ASAQ-DHAPPQ,27,1049120,2031
005/021-Cycling-2y-AL-ASAQ-DHAPPQ,28,840192,2031
005/021-Cycling-2y-AL-ASAQ-DHAPPQ,29,893724,2031
005/021-Cycling-2y-AL-ASAQ-DHAPPQ,30,943948,2031
005/021-Cycling-2y-AL-ASAQ-DHAPPQ,31,763976,2031
005/021-Cycling-2y-AL-ASAQ-DHAPPQ,32,938244,2031
005/021-Cycling-2y-AL-ASAQ-DHAPPQ,33,797688,2031
005/021-Cycling-2y-AL-ASAQ-DHAPPQ,34,773408,2031
005/021-Cycling-2y-AL-ASAQ-DHAPPQ,35,756700,2031
005/021-Cycling-2y-AL-ASAQ-DHAPPQ,36,849216,2031
005/021-Cycling-2y-AL-ASAQ-DHAPPQ,37,942624,2031
005/021-Cycling-2y-AL-ASAQ-DHAPPQ,38,874448,2031
005/021-Cycling-2y-AL-ASAQ-DHAPPQ,39,871384,2031
005/021-Cycling-2y-AL-ASAQ-DHAPPQ,40,712432,2031
005/021-Cycling-2y-AL-ASAQ-DHAPPQ,41,853316,2031
005/021-Cycling-2y-AL-ASAQ-DHAPPQ,42,848724,2031
005/021-Cycling-2y-AL-ASAQ-DHAPPQ,43,916444,2031
005/021-Cycling-2y-AL-ASAQ-DHAPPQ,44,877392,2031
005/021-Cycling-2y-AL-ASAQ-DHAPPQ,45,923112,2031
005/021-Cycling-2y-AL-ASAQ-DHAPPQ,46,970012,2031
005/021-Cycling-2y-AL-ASAQ-DHAPPQ,47,853304,2031
005/021-Cycling-2y-AL-ASAQ-DHAPPQ,48,933368,2031
005/021-Cycling-2y-AL-ASAQ-DHAPPQ,49,911696,2031
005/021-Cycling-2y-AL-ASAQ-DHAPPQ,50,969996,2031
005/021-Cycling-2y-AL-ASAQ-DHAPPQ,51,806036,2031
005/021-Cycling-2y-AL-ASAQ-DHAPPQ,52,820904,2031
005/021-Cycling-2y-AL-ASAQ-DHAPPQ,53,1115832,2031
005/021-Cycling-2y-AL-ASAQ-DHAPPQ,54,861808,2031
005/021-Cycling-2y-AL-ASAQ-DHAPPQ,55,991444,2031
005/021-Cycling-2y-AL-ASAQ-DHAPPQ,56,886288,2031
005/021-Cycling-2y-AL-ASAQ-DHAPPQ,57,836120,2031
005/021-Cycling-2y-AL-ASAQ-DHAPPQ,58,874552,2031
005/021-Cycling-2y-AL-ASAQ-DHAPPQ,59,799396,2031
005/021-Cycling-2y-AL-ASAQ-DHAPPQ,60,818924,2031
005/021-Cycling-2y-AL-ASAQ-DHAPPQ,61,820452,2031
005/021-Cycling-2y-AL-ASAQ-DHAPPQ,62,770700,2031
005/021-Cycling-2y-AL-ASAQ-DHAPPQ,63,965864,2031
005/021-Cycling-2y-AL-ASAQ-DHAPPQ,64,761956,2031
005/021-Cycling-2y-AL-ASAQ-DHAPPQ,65,944732,2031
005/021-Cycling-2y-AL-ASAQ-DHAPPQ,66,708368,2031
005/021-Cycling-2y-AL-ASAQ-DHAPPQ,67,826128,2031
005/021-Cycling-2y-AL-ASAQ-DHAPPQ,68,885892,2031
005/021-Cycling-2y-AL-ASAQ-DHAPPQ,69,928444,2031
005/021-Cycling-2y-AL-ASAQ-DHAPPQ,70,1028916,2031
005/021-Cycling-2y-AL-ASAQ-DHAPPQ,71,862172,2031
005/021-Cycling-2y-AL-ASAQ-DHAPPQ,72,817624,2031
005/021-Cycling-2y-AL-ASAQ-DHAPPQ,73,811752,2031
005/021-Cycling-2y-AL-ASAQ-DHAPPQ,74,767176,2031
005/021-Cycling-2y-AL-ASAQ-DHAPPQ,75,778600,2031
005/021-Cycling-2y-AL-ASAQ-DHAPPQ,76,925360,2031
005/021-Cycling-2y-AL-ASAQ-DHAPPQ,77,848376,2031
005/021-Cycling-2y-AL-ASAQ-DHAPPQ,78,814276,2031
005/021-Cycling-2y-AL-ASAQ-DHAPPQ,79,852428,2031
005/021-Cycling-2y-AL-ASAQ-DHAPPQ,80,852416,2031
005/021-Cycling-2y-AL-ASAQ-DHAPPQ,81,852740,2031
005/021-Cycling-2y-AL-ASAQ-DHAPPQ,82,773728,2031
005/021-Cycling-2y-AL-ASAQ-DHAPPQ,83,850220,2031
005/021-Cycling-2y-AL-ASAQ-DHAPPQ,84,937556,2031
005/021-Cycling-2y-AL-ASAQ-DHAPPQ,85,876412,2031
005/021-Cycling-2y-AL-ASAQ-DHAPPQ,86,833760,2031
005/021-Cycling-2y-AL-ASAQ-DHAPPQ,87,744628,2031
005/021-Cycling-2y-AL-ASAQ-DHAPPQ,88,746140,2031
005/021-Cycling-2y-AL-ASAQ-DHAPPQ,89,813388,2031
005/021-Cycling-2y-AL-ASAQ-DHAPPQ,90,790856,2031
005/021-Cycling-2y-AL-ASAQ-DHAPPQ,91,1103380,2031
005/021-Cycling-2y-AL-ASAQ-DHAPPQ,92,984924,2031
005/021-Cycling-2y-AL-ASAQ-DHAPPQ,93,812792,2031
005/021-Cycling-2y-AL-ASAQ-DHAPPQ,94,930212,2031
005/021-Cycling-2y-AL-ASAQ-DHAPPQ,95,786492,2031
005/021-Cycling-2y-AL-ASAQ-DHAPPQ,96,895248,2031
005/021-Cycling-2y-AL-ASAQ-DHAPPQ,97,900860,2031
005/021-Cycling-2y-AL-ASAQ-DHAPPQ,98,817592,2031
005/021-Cycling-2y-AL-ASAQ-DHAPPQ,99,815084,2031
005/022-Cycling-2y-AL-DHAPPQ-ASAQ,0,773468,2031
005/022-Cycling-2y-AL-DHAPPQ-ASAQ,1,1220828,2031
005/022-Cycling-2y-AL-DHAPPQ-ASAQ,2,893672,2031
005/022-Cycling-2y-AL-DHAPPQ-ASAQ,3,793984,2031
005/022-Cycling-2y-AL-DHAPPQ-ASAQ,4,977696,2031
005/022-Cycling-2y-AL-DHAPPQ-ASAQ,5,715112,2031
005/022-Cycling-2y-AL-DHAPPQ-ASAQ,6,779112,2031
005/022-Cycling-2y-AL-DHAPPQ-ASAQ,7,887164,2031
005/022-Cycling-2y-AL-DHAPPQ-ASAQ,8,1016200,2031
005/022-Cycling-2y-AL-DHAPPQ-ASAQ,9,893308,2031
005/022-Cycling-2y-AL-DHAPPQ-ASAQ,10,866332,2031
005/022-Cycling-2y-AL-DHAPPQ-ASAQ,11,825696,2031
005/022-Cycling-2y-AL-DHAPPQ-ASAQ,12,771508,2031
005/022-Cycling-2y-AL-DHAPPQ-ASAQ,13,823244,2031
005/022-Cycling-2y-AL-DHAPPQ-ASAQ,14,818544,2031
005/022-Cycling-2y-AL-DHAPPQ-ASAQ,15,860996,2031
005/022-Cycling-2y-AL-DHAPPQ-ASAQ,16,931896,2031
005/022-Cycling-2y-AL-DHAPPQ-ASAQ,17,970804,2031
005/022-Cycling-2y-AL-DHAPPQ-ASAQ,18,977856,2031
005/022-Cycling-2y-AL-DHAPPQ-ASAQ,19,887364,2031
005/022-Cycling-2y-AL-DHAPPQ-ASAQ,20,913444,2031
005/022-Cycling-2y-AL-DHAPPQ-ASAQ,21,845376,2031
005/022-Cycling-2y-AL-DHAPPQ-ASAQ,22,770444,2031
005/022-Cycling-2y-AL-DHAPPQ-ASAQ,23,822692,2031
005/022-Cycling-2y-AL-DHAPPQ-ASAQ,24,740232,2031
005/022-Cycling-2y-AL-DHAPPQ-ASAQ,25,921912,2031
005/022-Cycling-2y-AL-DHAPPQ-ASAQ,26,897620,2031
005/022-Cycling-2y-AL-DHAPPQ-ASAQ,27,859420,2031
005/022-Cycling-2y-AL-DHAPPQ-ASAQ,28,784968,2031
005/022-Cycling-2y-AL-DHAPPQ-ASAQ,29,828520,2031
005/022-Cycling-2y-AL-DHAPPQ-ASAQ,30,793700,2031
005/022-Cycling-2y-AL-DHAPPQ-ASAQ,31,959316,2031
005/022-Cycling-2y-AL-DHAPPQ-ASAQ,32,814120,2031
005/022-Cycling-2y-AL-DHAPPQ-ASAQ,33,878068,2031
005/022-Cycling-2y-AL-DHAPPQ-ASAQ,34,795648,2031
005/022-Cycling-2y-AL-DHAPPQ-ASAQ,35,723036,2031
005/022-Cycling-2y-AL-DHAPPQ-ASAQ,36,860800,2031
005/022-Cycling-2y-AL-DHAPPQ-ASAQ,37,847540,2031
005/022-Cycling-2y-AL-DHAPPQ-ASAQ,38,1148332,2031
005/022-Cycling-2y-AL-DHAPPQ-ASAQ,39,815128,2031
005/022-Cycling-2y-AL-DHAPPQ-ASAQ,40,846592,2031
005/022-Cycling-2y-AL-DHAPPQ-ASAQ,41,883816,2031
005/022-Cycling-2y-AL-DHAPPQ-ASAQ,42,920444,2031
005/022-Cycling-2y-AL-DHAPPQ-ASAQ,43,1079072,2031
005/022-Cycling-2y-AL-DHAPPQ-ASAQ,44,926240,2031
005/022-Cycling-2y-AL-DHAPPQ-ASAQ,45,870908,2031
005/022-Cycling-2y-AL-DHAPPQ-ASAQ,46,829740,2031
005/022-Cycling-2y-AL-DHAPPQ-ASAQ,47,730756,2031
005/022-Cycling-2y-AL-DHAPPQ-ASAQ,48,805760,2031
005/022-Cycling-2y-AL-DHAPPQ-ASAQ,49,804028,2031
005/022-Cycling-2y-AL-DHAPPQ-ASAQ,50,840420,2031
005/022-Cycling-2y-AL-DHAPPQ-ASAQ,51,842308,2031
005/022-Cycling-2y-AL-DHAPPQ-ASAQ,52,827500,2031
005/022-Cycling-2y-AL-DHAPPQ-ASAQ,53,816320,2031
005/022-Cycling-2y-AL-DHAPPQ-ASAQ,54,836576,2031
005/022-Cycling-2y-AL-DHAPPQ-ASAQ,55,826128,2031
005/022-Cycling-2y-AL-DHAPPQ-ASAQ,56,1065364,2031
005/022-Cycling-2y-AL-DHAPPQ-ASAQ,57,781112,2031
005/022-Cycling-2y-AL-DHAPPQ-ASAQ,58,890472,2031
005/022-Cycling-2y-AL-DHAPPQ-ASAQ,59,925536,2031
005/022-Cycling-2y-AL-DHAPPQ-ASAQ,60,768368,2031
005/022-Cycling-2y-AL-DHAPPQ-ASAQ,61,751480,2031
005/022-Cycling-2y-AL-DHAPPQ-ASAQ,62,843804,2031
005/022-Cycling-2y-AL-DHAPPQ-ASAQ,63,930376,2031
005/022-Cycling-2y-AL-DHAPPQ-ASAQ,64,904240,2031
005/022-Cycling-2y-AL-DHAPPQ-ASAQ,65,806108,2031
005/022-Cycling-2y-AL-DHAPPQ-ASAQ,66,968360,2031
005/022-Cycling-2y-AL-DHAPPQ-ASAQ,67,786320,2031
005/022-Cycling-2y-AL-DHAPPQ-ASAQ,68,786500,2031
005/022-Cycling-2y-AL-DHAPPQ-ASAQ,69,1006316,2031
005/022-Cycling-2y-AL-DHAPPQ-ASAQ,70,834052,2031
005/022-Cycling-2y-AL-DHAPPQ-ASAQ,71,974316,2031
005/022-Cycling-2y-AL-DHAPPQ-ASAQ,72,904336,2031
005/022-Cycling-2y-AL-DHAPPQ-ASAQ,73,922476,2031
005/022-Cycling-2y-AL-DHAPPQ-ASAQ,74,992152,2031
005/022-Cycling-2y-AL-DHAPPQ-ASAQ,75,867960,2031
005/022-Cycling-2y-AL-DHAPPQ-ASAQ,76,794288,2031
005/022-Cycling-2y-AL-DHAPPQ-ASAQ,77,829220,2031
005/022-Cycling-2y-AL-DHAPPQ-ASAQ,78,740388,2031
005/022-Cycling-2y-AL-DHAPPQ-ASAQ,79,970060,2031
005/022-Cycling-2y-AL-DHAPPQ-ASAQ,80,810688,2031
005/022-Cycling-2y-AL-DHAPPQ-ASAQ,81,860336,2031
005/022-Cycling-2y-AL-DHAPPQ-ASAQ,82,833112,2031
005/022-Cycling-2y-AL-DHAPPQ-ASAQ,83,1081532,2031
005/022-Cycling-2y-AL-DHAPPQ-ASAQ,84,922896,2031
005/022-Cycling-2y-AL-DHAPPQ-ASAQ,85,800956,2031
005/022-Cycling-2y-AL-DHAPPQ-ASAQ,86,1102648,2031
005/022-Cycling-2y-AL-DHAPPQ-ASAQ,87,782404,2031
005/022-Cycling-2y-AL-DHAPPQ-ASAQ,88,823212,2031
005/022-Cycling-2y-AL-DHAPPQ-ASAQ,89,883292,2031
005/022-Cycling-2y-AL-DHAPPQ-ASAQ,90,828528,2031
005/022-Cycling-2y-AL-DHAPPQ-ASAQ,91,1111104,2031
005/022-Cycling-2y-AL-DHAPPQ-ASAQ,92,934716,2031
005/022-Cycling-2y-AL-DHAPPQ-ASAQ,93,892768,2031
005/022-Cycling-2y-AL-DHAPPQ-ASAQ,94,834436,2031
005/022-Cycling-2y-AL-DHAPPQ-ASAQ,95,829644,2031
005/022-Cycling-2y-AL-DHAPPQ-ASAQ,96,790220,2031
005/022-Cycling-2y-AL-DHAPPQ-ASAQ,97,736584,2031
005/022-Cycling-2y-AL-DHAPPQ-ASAQ,98,868352,2031
005/022-Cycling-2y-AL-DHAPPQ-ASAQ,99,853948,2031
005/023-Cycling-2y-ASAQ-AL-DHAPPQ,0,931852,2031
005/023-Cycling-2y-ASAQ-AL-DHAPPQ,1,787572,2031
005/023-Cycling-2y-ASAQ-AL-DHAPPQ,2,998464,2031
005/023-Cycling-2y-ASAQ-AL-DHAPPQ,3,803632,2031
005/023-Cycling-2y-ASAQ-AL-DHAPPQ,4,773384,2031
005/023-Cycling-2y-ASAQ-AL-DHAPPQ,5,827052,2031
005/023-Cycling-2y-ASAQ-AL-DHAPPQ,6,873388,2031
005/023-Cycling-2y-ASAQ-AL-DHAPPQ,7,927528,2031
005/023-Cycling-2y-ASAQ-AL-DHAPPQ,8,853860,2031
005/023-Cycling-2y-ASAQ-AL-DHAPPQ,9,805324,2031
005/023-Cycling-2y-ASAQ-AL-DHAPPQ,10,808692,2031
005/023-Cycling-2y-ASAQ-AL-DHAPPQ,11,900192,2031
005/023-Cycling-2y-ASAQ-AL-DHAPPQ,12,849384,2031
005/023-Cycling-2y-ASAQ-AL-DHAPPQ,13,819388,2031
005/023-Cycling-2y-ASAQ-AL-DHAPPQ,14,903880,2031
005/023-Cycling-2y-ASAQ-AL-DHAPPQ,15,1021428,2031
005/023-Cycling-2y-ASAQ-AL-DHAPPQ,16,890412,2031
005/023-Cycling-2y-ASAQ-AL-DHAPPQ,17,976244,2031
005/023-Cycling-2y-ASAQ-AL-DHAPPQ,18,847644,2031
005/023-Cycling-2y-ASAQ-AL-DHAPPQ,19,874020,2031
005/023-Cycling-2y-ASAQ-AL-DHAPPQ,20,946712,2031
005/023-Cycling-2y-ASAQ-AL-DHAPPQ,21,821224,2031
005/023-Cycling-2y-ASAQ-AL-DHAPPQ,22,949332,2031
005/023-Cycling-2y-ASAQ-AL-DHAPPQ,23,774644,2031
005/023-Cycling-2y-ASAQ-AL-DHAPPQ,24,920836,2031
005/023-Cycling-2y-ASAQ-AL-DHAPPQ,25,841072,2031
005/023-Cycling-2y-ASAQ-AL-DHAPPQ,26,839404,2031
005/023-Cycling-2y-ASAQ-AL-DHAPPQ,27,767056,2031
005/023-Cycling-2y-ASAQ-AL-DHAPPQ,28,707240,2031
005/023-Cycling-2y-ASAQ-AL-DHAPPQ,29,897340,2031
005/023-Cycling-2y-ASAQ-AL-DHAPPQ,30,852256,2031
005/023-Cycling-2y-ASAQ-AL-DHAPPQ,31,823972,2031
005/023-Cycling-2y-ASAQ-AL-DHAPPQ,32,921396,2031
005/023-Cycling-2y-ASAQ-AL-DHAPPQ,33,985364,2031
005/023-Cycling-2y-ASAQ-AL-DHAPPQ,34,865412,2031
005/023-Cycling-2y-ASAQ-AL-DHAPPQ,35,817408,2031
005/023-Cycling-2y-ASAQ-AL-DHAPPQ,36,809904,2031
005/023-Cycling-2y-ASAQ-AL-DHAPPQ,37,876008,2031
005/023-Cycling-2y-ASAQ-AL-DHAPPQ,38,853432,2031
005/023-Cycling-2y-ASAQ-AL-DHAPPQ,39,827936,2031
005/023-Cycling-2y-ASAQ-AL-DHAPPQ,40,819512,2031
005/023-Cycling-2y-ASAQ-AL-DHAPPQ,41,866780,2031
005/023-Cycling-2y-ASAQ-AL-DHAPPQ,42,853384,2031
005/023-Cycling-2y-ASAQ-AL-DHAPPQ,43,894172,2031
005/023-Cycling-2y-ASAQ-AL-DHAPPQ,44,798068,2031
005/023-Cycling-2y-ASAQ-AL-DHAPPQ,45,792760,2031
005/023-Cycling-2y-ASAQ-AL-DHAPPQ,46,858948,2031
005/023-Cycling-2y-ASAQ-AL-DHAPPQ,47,851728,2031
005/023-Cycling-2y-ASAQ-AL-DHAPPQ,48,885392,2031
005/023-Cycling-2y-ASAQ-AL-DHAPPQ,49,811160,2031
005/023-Cycling-2y-ASAQ-AL-DHAPPQ,50,961316,2031
005/023-Cycling-2y-ASAQ-AL-DHAPPQ,51,850496,2031
005/023-Cycling-2y-ASAQ-AL-DHAPPQ,52,922124,2031
005/023-Cycling-2y-ASAQ-AL-DHAPPQ,53,866012,2031
005/023-Cycling-2y-ASAQ-AL-DHAPPQ,54,898972,2031
005/023-Cycling-2y-ASAQ-AL-DHAPPQ,55,906888,2031
005/023-Cycling-2y-ASAQ-AL-DHAPPQ,56,905284,2031
005/023-Cycling-2y-ASAQ-AL-DHAPPQ,57,823712,2031
005/023-Cycling-2y-ASAQ-AL-DHAPPQ,58,904780,2031
005/023-Cycling-2y-ASAQ-AL-DHAPPQ,59,915724,2031
005/023-Cycling-2y-ASAQ-AL-DHAPPQ,60,847400,2031
005/023-Cycling-2y-ASAQ-AL-DHAPPQ,61,731520,2031
005/023-Cycling-2y-ASAQ-AL-DHAPPQ,62,786416,2031
005/023-Cycling-2y-ASAQ-AL-DHAPPQ,63,760464,2031
005/023-Cycling-2y-ASAQ-AL-DHAPPQ,64,863504,2031
005/023-Cycling-2y-ASAQ-AL-DHAPPQ,65,851028,2031
005/023-Cycling-2y-ASAQ-AL-DHAPPQ,66,885008,2031
005/023-Cycling-2y-ASAQ-AL-DHAPPQ,67,868840,2031
005/023-Cycling-2y-ASAQ-AL-DHAPPQ,68,1015056,2031
005/023-Cycling-2y-ASAQ-AL-DHAPPQ,69,769124,2031
005/023-Cycling-2y-ASAQ-AL-DHAPPQ,70,872968,2031
005/023-Cycling-2y-ASAQ-AL-DHAPPQ,71,914624,2031
005/023-Cycling-2y-ASAQ-AL-DHAPPQ,72,911876,2031
005/023-Cycling-2y-ASAQ-AL-DHAPPQ,73,797676,2031
005/023-Cycling-2y-ASAQ-AL-DHAPPQ,74,752900,2031
005/023-Cycling-2y-ASAQ-AL-DHAPPQ,75,834140,2031
005/023-Cycling-2y-ASAQ-AL-DHAPPQ,76,983192,2031
005/023-Cycling-2y-ASAQ-AL-DHAPPQ,77,863020,2031
005/023-Cycling-2y-ASAQ-AL-DHAPPQ,78,937132,2031
005/023-Cycling-2y-ASAQ-AL-DHAPPQ,79,823952,2031
005/023-Cycling-2y-ASAQ-AL-DHAPPQ,80,754296,2031
005/023-Cycling-2y-ASAQ-AL-DHAPPQ,81,1103268,2031
005/023-Cycling-2y-ASAQ-AL-DHAPPQ,82,830452,2031
005/023-Cycling-2y-ASAQ-AL-DHAPPQ,83,789420,2031
005/023-Cycling-2y-ASAQ-AL-DHAPPQ,84,935908,2031
005/023-Cycling-2y-ASAQ-AL-DHAPPQ,85,974304,2031
005/023-Cycling-2y-ASAQ-AL-DHAPPQ,86,836208,2031
005/023-Cycling-2y-ASAQ-AL-DHAPPQ,87,786320,2031
005/023-Cycling-2y-ASAQ-AL-DHAPPQ,88,899036,2031
005/023-Cycling-2y-ASAQ-AL-DHAPPQ,89,924636,2031
005/023-Cycling-2y-ASAQ-AL-DHAPPQ,90,841452,2031
005/023-Cycling-2y-ASAQ-AL-DHAPPQ,91,972676,2031
005/023-Cycling-2y-ASAQ-AL-DHAPPQ,92,831904,2031
005/023-Cycling-2y-ASAQ-AL-DHAPPQ,93,805880,2031
005/023-Cycling-2y-ASAQ-AL-DHAPPQ,94,773172,2031
005/023-Cycling-2y-ASAQ-AL-DHAPPQ,95,836564,2031
005/023-Cycling-2y-ASAQ-AL-DHAPPQ,96,926616,2031
005/023-Cycling-2y-ASAQ-AL-DHAPPQ,97,849008,2031
005/023-Cycling-2y-ASAQ-AL-DHAPPQ,98,819232,2031
005/023-Cycling-2y-ASAQ-AL-DHAPPQ,99,858220,2031
005/024-Cycling-2y-ASAQ-DHAPPQ-AL,0,849612,2031
005/024-Cycling-2y-ASAQ-DHAPPQ-AL,1,921576,2031
005/024-Cycling-2y-ASAQ-DHAPPQ-AL,2,872832,2031
005/024-Cycling-2y-ASAQ-DHAPPQ-AL,3,799632,2031
005/024-Cycling-2y-ASAQ-DHAPPQ-AL,4,927508,2031
005/024-Cycling-2y-ASAQ-DHAPPQ-AL,5,787920,2031
005/024-Cycling-2y-ASAQ-DHAPPQ-AL,6,818364,2031
005/024-Cycling-2y-ASAQ-DHAPPQ-AL,7,796540,2031
005/024-Cycling-2y-ASAQ-DHAPPQ-AL,8,891332,2031
005/024-Cycling-2y-ASAQ-DHAPPQ-AL,9,830432,2031
005/024-Cycling-2y-ASAQ-DHAPPQ-AL,10,997612,2031
005/024-Cycling-2y-ASAQ-DHAPPQ-AL,11,958380,2031
005/024-Cycling-2y-ASAQ-DHAPPQ-AL,12,826784,2031
005/024-Cycling-2y-ASAQ-DHAPPQ-AL,13,889404,2031
005/024-Cycling-2y-ASAQ-DHAPPQ-AL,14,801256,2031
005/024-Cycling-2y-ASAQ-DHAPPQ-AL,15,908740,2031
005/024-Cycling-2y-ASAQ-DHAPPQ-AL,16,866692,2031
005/024-Cycling-2y-ASAQ-DHAPPQ-AL,17,811064,2031
005/024-Cycling-2y-ASAQ-DHAPPQ-AL,18,999864,2031
005/024-Cycling-2y-ASAQ-DHAPPQ-AL,19,977164,2031
005/024-Cycling-2y-ASAQ-DHAPPQ-AL,20,918920,2031
005/024-Cycling-2y-ASAQ-DHAPPQ-AL,21,803648,2031
005/024-Cycling-2y-ASAQ-DHAPPQ-AL,22,804156,2031
005/024-Cycling-2y-ASAQ-DHAPPQ-AL,23,877484,2031
005/024-Cycling-2y-ASAQ-DHAPPQ-AL,24,751372,2031
005/024-Cycling-2y-ASAQ-DHAPPQ-AL,25,852476,2031
005/024-Cycling-2y-ASAQ-DHAPPQ-AL,26,805204,2031
005/024-Cycling-2y-ASAQ-DHAPPQ-AL,27,901224,2031
005/024-Cycling-2y-ASAQ-DHAPPQ-AL,28,1080096,2031
005/024-Cycling-2y-ASAQ-DHAPPQ-AL,29,905600,2031
005/024-Cycling-2y-ASAQ-DHAPPQ-AL,30,878232,2031
005/024-Cycling-2y-ASAQ-DHAPPQ-AL,31,899312,2031
005/024-Cycling-2y-ASAQ-DHAPPQ-AL,32,782348,2031
005/024-Cycling-2y-ASAQ-DHAPPQ-AL,33,879676,2031
005/024-Cycling-2y-ASAQ-DHAPPQ-AL,34,845412,2031
005/024-Cycling-2y-ASAQ-DHAPPQ-AL,35,812904,2031
005/024-Cycling-2y-ASAQ-DHAPPQ-AL,36,812984,2031
005/024-Cycling-2y-ASAQ-DHAPPQ-AL,37,863952,2031
005/024-Cycling-2y-ASAQ-DHAPPQ-AL,38,816528,2031
005/024-Cycling-2y-ASAQ-DHAPPQ-AL,39,769752,2031
005/024-Cycling-2y-ASAQ-DHAPPQ-AL,40,820228,2031
005/024-Cycling-2y-ASAQ-DHAPPQ-AL,41,944808,2031
005/024-Cycling-2y-ASAQ-DHAPPQ-AL,42,1020808,2031
005/024-Cycling-2y-ASAQ-DHAPPQ-AL,43,900240,2031
005/024-Cycling-2y-ASAQ-DHAPPQ-AL,44,957652,2031
005/024-Cycling-2y-ASAQ-DHAPPQ-AL,45,824020,2031
005/024-Cycling-2y-ASAQ-DHAPPQ-AL,46,1176936,2031
005/024-Cycling-2y-ASAQ-DHAPPQ-AL,47,819212,2031
005/024-Cycling-2y-ASAQ-DHAPPQ-AL,48,804184,2031
005/024-Cycling-2y-ASAQ-DHAPPQ-AL,49,946636,2031
005/024-Cycling-2y-ASAQ-DHAPPQ-AL,50,821908,2031
005/024-Cycling-2y-ASAQ-DHAPPQ-AL,51,924560,2031
005/024-Cycling-2y-ASAQ-DHAPPQ-AL,52,840584,2031
005/024-Cycling-2y-ASAQ-DHAPPQ-AL,53,953736,2031
005/024-Cycling-2y-ASAQ-DHAPPQ-AL,54,802820,2031
005/024-Cycling-2y-ASAQ-DHAPPQ-AL,55,794172,2031
005/024-Cycling-2y-ASAQ-DHAPPQ-AL,56,892456,2031
005/024-Cycling-2y-ASAQ-DHAPPQ-AL,57,810724,2031
005/024-Cycling-2y-ASAQ-DHAPPQ-AL,58,869148,2031
005/024-Cycling-2y-ASAQ-DHAPPQ-AL,59,933688,2031
005/024-Cycling-2y-ASAQ-DHAPPQ-AL,60,913040,2031
005/024-Cycling-2y-ASAQ-DHAPPQ-AL,61,845776,2031
005/024-Cycling-2y-ASAQ-DHAPPQ-AL,62,763436,2031
005/024-Cycling-2y-ASAQ-DHAPPQ-AL,63,847892,2031
005/024-Cycling-2y-ASAQ-DHAPPQ-AL,64,831008,2031
005/024-Cycling-2y-ASAQ-DHAPPQ-AL,65,709680,2031
005/024-Cycling-2y-ASAQ-DHAPPQ-AL,66,801784,2031
005/024-Cycling-2y-ASAQ-DHAPPQ-AL,67,840440,2031
005/024-Cycling-2y-ASAQ-DHAPPQ-AL,68,771516,2031
005/024-Cycling-2y-ASAQ-DHAPPQ-AL,69,1031664,2031
005/024-Cycling-2y-ASAQ-DHAPPQ-AL,70,895764,2031
005/024-Cycling-2y-ASAQ-DHAPPQ-AL,71,1001432,2031
005/024-Cycling-2y-ASAQ-DHAPPQ-AL,72,854236,2031
005/024-Cycling-2y-ASAQ-DHAPPQ-AL,73,821204,2031
005/024-Cycling-2y-ASAQ-DHAPPQ-AL,74,899380,2031
005/024-Cycling-2y-ASAQ-DHAPPQ-AL,75,783524,2031
005/024-Cycling-2y-ASAQ-DHAPPQ-AL,76,905748,2031
005/024-Cycling-2y-ASAQ-DHAPPQ-AL,77,788096,2031
005/024-Cycling-2y-ASAQ-DHAPPQ-AL,78,894284,2031
005/024-Cycling-2y-ASAQ-DHAPPQ-AL,79,919400,2031
005/024-Cycling-2y-ASAQ-DHAPPQ-AL,80,854524,2031
005/024-Cycling-2y-ASAQ-DHAPPQ-AL,81,913064,2031
005/024-Cycling-2y-ASAQ-DHAPPQ-AL,82,847440,2031
005/024-Cycling-2y-ASAQ-DHAPPQ-AL,83,905924,2031
005/024-Cycling-2y-ASAQ-DHAPPQ-AL,84,919112,2031
005/024-Cycling-2y-ASAQ-DHAPPQ-AL,85,1023880,2031
005/024-Cycling-2y-ASAQ-DHAPPQ-AL,86,790732,2031
005/024-Cycling-2y-ASAQ-DHAPPQ-AL,87,880496,2031
005/024-Cycling-2y-ASAQ-DHAPPQ-AL,88,872672,2031
005/024-Cycling-2y-ASAQ-DHAPPQ-AL,89,735300,2031
005/024-Cycling-2y-ASAQ-DHAPPQ-AL,90,809236,2031
005/024-Cycling-2y-ASAQ-DHAPPQ-AL,91,779208,2031
005/024-Cycling-2y-ASAQ-DHAPPQ-AL,92,894676,2031
005/024-Cycling-2y-ASAQ-DHAPPQ-AL,93,820592,2031
005/024-Cycling-2y-ASAQ-DHAPPQ-AL,94,845088,2031
005/024-Cycling-2y-ASAQ-DHAPPQ-AL,95,850212,2031
005/024-Cycling-2y-ASAQ-DHAPPQ-AL,96,896184,2031
005/024-Cycling-2y-ASAQ-DHAPPQ-AL,97,905212,2031
005/024-Cycling-2y-ASAQ-DHAPPQ-AL,98,903456,2031
005/024-Cycling-2y-ASAQ-DHAPPQ-AL,99,872756,2031
005/025-Cycling-2y-DHAPPQ-AL-ASAQ,0,848936,2031
005/025-Cycling-2y-DHAPPQ-AL-ASAQ,1,773424,2031
005/025-Cycling-2y-DHAPPQ-AL-ASAQ,2,918168,2031
005/025-Cycling-2y-DHAPPQ-AL-ASAQ,3,930520,2031
005/025-Cycling-2y-DHAPPQ-AL-ASAQ,4,813208,2031
005/025-Cycling-2y-DHAPPQ-AL-ASAQ,5,890632,2031
005/025-Cycling-2y-DHAPPQ-AL-ASAQ,6,854964,2031
005/025-Cycling-2y-DHAPPQ-AL-ASAQ,7,936880,2031
005/025-Cycling-2y-DHAPPQ-AL-ASAQ,8,886540,2031
005/025-Cycling-2y-DHAPPQ-AL-ASAQ,9,874136,2031
005/025-Cycling-2y-DHAPPQ-AL-ASAQ,10,873084,2031
005/025-Cycling-2y-DHAPPQ-AL-ASAQ,11,940036,2031
005/025-Cycling-2y-DHAPPQ-AL-ASAQ,12,1052164,2031
005/025-Cycling-2y-DHAPPQ-AL-ASAQ,13,1011768,2031
005/025-Cycling-2y-DHAPPQ-AL-ASAQ,14,1018752,2031
005/025-Cycling-2y-DHAPPQ-AL-ASAQ,15,900568,2031
005/025-Cycling-2y-DHAPPQ-AL-ASAQ,16,987636,2031
005/025-Cycling-2y-DHAPPQ-AL-ASAQ,17,834076,2031
005/025-Cycling-2y-DHAPPQ-AL-ASAQ,18,803232,2031
005/025-Cycling-2y-DHAPPQ-AL-ASAQ,19,794752,2031
005/025-Cycling-2y-DHAPPQ-AL-ASAQ,20,815208,2031
005/025-Cycling-2y-DHAPPQ-AL-ASAQ,21,850488,2031
005/025-Cycling-2y-DHAPPQ-AL-ASAQ,22,975832,2031
005/025-Cycling-2y-DHAPPQ-AL-ASAQ,23,825200,2031
005/025-Cycling-2y-DHAPPQ-AL-ASAQ,24,896736,2031
005/025-Cycling-2y-DHAPPQ-AL-ASAQ,25,904340,2031
005/025-Cycling-2y-DHAPPQ-AL-ASAQ,26,874880,2031
005/025-Cycling-2y-DHAPPQ-AL-ASAQ,27,800336,2031
005/025-Cycling-2y-DHAPPQ-AL-ASAQ,28,974864,2031
005/025-Cycling-2y-DHAPPQ-AL-ASAQ,29,839880,2031
005/025-Cycling-2y-DHAPPQ-AL-ASAQ,30,856516,2031
005/025-Cycling-2y-DHAPPQ-AL-ASAQ,31,1025860,2031
005/025-Cycling-2y-DHAPPQ-AL-ASAQ,32,962552,2031
005/025-Cycling-2y-DHAPPQ-AL-ASAQ,33,971252,2031
005/025-Cycling-2y-DHAPPQ-AL-ASAQ,34,808312,2031
005/025-Cycling-2y-DHAPPQ-AL-ASAQ,35,825256,2031
005/025-Cycling-2y-DHAPPQ-AL-ASAQ,36,893260,2031
005/025-Cycling-2y-DHAPPQ-AL-ASAQ,37,879512,2031
005/025-Cycling-2y-DHAPPQ-AL-ASAQ,38,925556,2031
005/025-Cycling-2y-DHAPPQ-AL-ASAQ,39,954088,2031
005/025-Cycling-2y-DHAPPQ-AL-ASAQ,40,949156,2031
005/025-Cycling-2y-DHAPPQ-AL-ASAQ,41,821344,2031
005/025-Cycling-2y-DHAPPQ-AL-ASAQ,42,1160008,2031
005/025-Cycling-2y-DHAPPQ-AL-ASAQ,43,821052,2031
005/025-Cycling-2y-DHAPPQ-AL-ASAQ,44,808228,2031
005/025-Cycling-2y-DHAPPQ-AL-ASAQ,45,850432,2031
005/025-Cycling-2y-DHAPPQ-AL-ASAQ,46,948300,2031
005/025-Cycling-2y-DHAPPQ-AL-ASAQ,47,774920,2031
005/025-Cycling-2y-DHAPPQ-AL-ASAQ,48,884072,2031
005/025-Cycling-2y-DHAPPQ-AL-ASAQ,49,797040,2031
005/025-Cycling-2y-DHAPPQ-AL-ASAQ,50,910348,2031
005/025-Cycling-2y-DHAPPQ-AL-ASAQ,51,879680,2031
005/025-Cycling-2y-DHAPPQ-AL-ASAQ,52,788664,2031
005/025-Cycling-2y-DHAPPQ-AL-ASAQ,53,968848,2031
005/025-Cycling-2y-DHAPPQ-AL-ASAQ,54,841700,2031
005/025-Cycling-2y-DHAPPQ-AL-ASAQ,55,832532,2031
005/025-Cycling-2y-DHAPPQ-AL-ASAQ,56,803952,2031
005/025-Cycling-2y-DHAPPQ-AL-ASAQ,57,776428,2031
005/025-Cycling-2y-DHAPPQ-AL-ASAQ,58,898352,2031
005/025-Cycling-2y-DHAPPQ-AL-ASAQ,59,891164,2031
005/025-Cycling-2y-DHAPPQ-AL-ASAQ,60,884200,2031
005/025-Cycling-2y-DHAPPQ-AL-ASAQ,61,749860,2031
005/025-Cycling-2y-DHAPPQ-AL-ASAQ,62,757736,2031
005/025-Cycling-2y-DHAPPQ-AL-ASAQ,63,876788,2031
005/025-Cycling-2y-DHAPPQ-AL-ASAQ,64,876924,2031
005/025-Cycling-2y-DHAPPQ-AL-ASAQ,65,967128,2031
005/025-Cycling-2y-DHAPPQ-AL-ASAQ,66,763244,2031
005/025-Cycling-2y-DHAPPQ-AL-ASAQ,67,963892,2031
005/025-Cycling-2y-DHAPPQ-AL-ASAQ,68,980320,2031
005/025-Cycling-2y-DHAPPQ-AL-ASAQ,69,901016,2031
005/025-Cycling-2y-DHAPPQ-AL-ASAQ,70,827056,2031
005/025-Cycling-2y-DHAPPQ-AL-ASAQ,71,851328,2031
005/025-Cycling-2y-DHAPPQ-AL-ASAQ,72,910796,2031
005/025-Cycling-2y-DHAPPQ-AL-ASAQ,73,929420,2031
005/025-Cycling-2y-DHAPPQ-AL-ASAQ,74,1033744,2031
005/025-Cycling-2y-DHAPPQ-AL-ASAQ,75,858728,2031
005/025-Cycling-2y-DHAPPQ-AL-ASAQ,76,873480,2031
005/025-Cycling-2y-DHAPPQ-AL-ASAQ,77,758716,2031
005/025-Cycling-2y-DHAPPQ-AL-ASAQ,78,856540,2031
005/025-Cycling-2y-DHAPPQ-AL-ASAQ,79,791316,2031
005/025-Cycling-2y-DHAPPQ-AL-ASAQ,80,978452,2031
005/025-Cycling-2y-DHAPPQ-AL-ASAQ,81,1193968,2031
005/025-Cycling-2y-DHAPPQ-AL-ASAQ,82,819928,2031
005/025-Cycling-2y-DHAPPQ-AL-ASAQ,83,889184,2031
005/025-Cycling-2y-DHAPPQ-AL-ASAQ,84,879724,2031
005/025-Cycling-2y-DHAPPQ-AL-ASAQ,85,929232,2031
005/025-Cycling-2y-DHAPPQ-AL-ASAQ,86,944352,2031
005/025-Cycling-2y-DHAPPQ-AL-ASAQ,87,823220,2031
005/025-Cycling-2y-DHAPPQ-AL-ASAQ,88,837400,2031
005/025-Cycling-2y-DHAPPQ-AL-ASAQ,89,819684,2031
005/025-Cycling-2y-DHAPPQ-AL-ASAQ,90,764888,2031
005/025-Cycling-2y-DHAPPQ-AL-ASAQ,91,953424,2031
005/025-Cycling-2y-DHAPPQ-AL-ASAQ,92,895756,2031
005/025-Cycling-2y-DHAPPQ-AL-ASAQ,93,883684,2031
005/025-Cycling-2y-DHAPPQ-AL-ASAQ,94,861104,2031
005/025-Cycling-2y-DHAPPQ-AL-ASAQ,95,1018860,2031
005/025-Cycling-2y-DHAPPQ-AL-ASAQ,96,979276,2031
005/025-Cycling-2y-DHAPPQ-AL-ASAQ,97,843212,2031
005/025-Cycling-2y-DHAPPQ-AL-ASAQ,98,881088,2031
005/025-Cycling-2y-DHAPPQ-AL-ASAQ,99,943296,2031
005/026-Cycling-2y-DHAPPQ-ASAQ-AL,0,798604,2031
005/026-Cycling-2y-DHAPPQ-ASAQ-AL,1,851032,2031
005/026-Cycling-2y-DHAPPQ-ASAQ-AL,2,875472,2031
005/026-Cycling-2y-DHAPPQ-ASAQ-AL,3,944272,2031
005/026-Cycling-2y-DHAPPQ-ASAQ-AL,4,816048,2031
005/026-Cycling-2y-DHAPPQ-ASAQ-AL,5,1056192,2031
005/026-Cycling-2y-DHAPPQ-ASAQ-AL,6,968628,2031
005/026-Cycling-2y-DHAPPQ-ASAQ-AL,7,873912,2031
005/026-Cycling-2y-DHAPPQ-ASAQ-AL,8,979568,2031
005/026-Cycling-2y-DHAPPQ-ASAQ-AL,9,892928,2031
005/026-Cycling-2y-DHAPPQ-ASAQ-AL,10,801948,2031
005/026-Cycling-2y-DHAPPQ-ASAQ-AL,11,726436,2031
005/026-Cycling-2y-DHAPPQ-ASAQ-AL,12,808704,2031
005/026-Cycling-2y-DHAPPQ-ASAQ-AL,13,937036,2031
005/026-Cycling-2y-DHAPPQ-ASAQ-AL,14,940428,2031
005/026-Cycling-2y-DHAPPQ-ASAQ-AL,15,736236,2031
005/026-Cycling-2y-DHAPPQ-ASAQ-AL,16,918136,2031
005/026-Cycling-2y-DHAPPQ-ASAQ-AL,17,885332,2031
005/026-Cycling-2y-DHAPPQ-ASAQ-AL,18,881156,2031
005/026-Cycling-2y-DHAPPQ-ASAQ-AL,19,844344,2031
005/026-Cycling-2y-DHAPPQ-ASAQ-AL,20,858852,2031
005/026-Cycling-2y-DHAPPQ-ASAQ-AL,21,823084,2031
005/026-Cycling-2y-DHAPPQ-ASAQ-AL,22,1053676,2031
005/026-Cycling-2y-DHAPPQ-ASAQ-AL,23,768796,2031
005/026-Cycling-2y-DHAPPQ-ASAQ-AL,24,839836,2031
005/026-Cycling-2y-DHAPPQ-ASAQ-AL,25,865180,2031
005/026-Cycling-2y-DHAPPQ-ASAQ-AL,26,843588,2031
005/026-Cycling-2y-DHAPPQ-ASAQ-AL,27,852264,2031
005/026-Cycling-2y-DHAPPQ-ASAQ-AL,28,790980,2031
005/026-Cycling-2y-DHAPPQ-ASAQ-AL,29,846576,2031
005/026-Cycling-2y-DHAPPQ-ASAQ-AL,30,823928,2031
005/026-Cycling-2y-DHAPPQ-ASAQ-AL,31,927616,2031
005/026-Cycling-2y-DHAPPQ-ASAQ-AL,32,835604,2031
005/026-Cycling-2y-DHAPPQ-ASAQ-AL,33,789892,2031
005/026-Cycling-2y-DHAPPQ-ASAQ-AL,34,872212,2031
005/026-Cycling-2y-DHAPPQ-ASAQ-AL,35,1039396,2031
005/026-Cycling-2y-DHAPPQ-ASAQ-AL,36,775716,2031
005/026-Cycling-2y-DHAPPQ-ASAQ-AL,37,731624,2031
005/026-Cycling-2y-DHAPPQ-ASAQ-AL,38,878528,2031
005/026-Cycling-2y-DHAPPQ-ASAQ-AL,39,930760,2031
005/026-Cycling-2y-DHAPPQ-ASAQ-AL,40,1009888,2031
005/026-Cycling-2y-DHAPPQ-ASAQ-AL,41,879652,2031
005/026-Cycling-2y-DHAPPQ-ASAQ-AL,42,862596,2031
005/026-Cycling-2y-DHAPPQ-ASAQ-AL,43,916104,2031
005/026-Cycling-2y-DHAPPQ-ASAQ-AL,44,1122568,2031
005/026-Cycling-2y-DHAPPQ-ASAQ-AL,45,857000,2031
005/026-Cycling-2y-DHAPPQ-ASAQ-AL,46,799580,2031
005/026-Cycling-2y-DHAPPQ-ASAQ-AL,47,800712,2031
005/026-Cycling-2y-DHAPPQ-ASAQ-AL,48,871332,2031
005/026-Cycling-2y-DHAPPQ-ASAQ-AL,49,943048,2031
005/026-Cycling-2y-DHAPPQ-ASAQ-AL,50,812892,2031
005/026-Cycling-2y-DHAPPQ-ASAQ-AL,51,890944,2031
005/026-Cycling-2y-DHAPPQ-ASAQ-AL,52,768420,2031
005/026-Cycling-2y-DHAPPQ-ASAQ-AL,53,873776,2031
005/026-Cycling-2y-DHAPPQ-ASAQ-AL,54,802760,2031
005/026-Cycling-2y-DHAPPQ-ASAQ-AL,55,772036,2031
005/026-Cycling-2y-DHAPPQ-ASAQ-AL,56,872500,2031
005/026-Cycling-2y-DHAPPQ-ASAQ-AL,57,775612,2031
005/026-Cycling-2y-DHAPPQ-ASAQ-AL,58,812208,2031
005/026-Cycling-2y-DHAPPQ-ASAQ-AL,59,842808,2031
005/026-Cycling-2y-DHAPPQ-ASAQ-AL,60,1112648,2031
005/026-Cycling-2y-DHAPPQ-ASAQ-AL,61,902200,2031
005/026-Cycling-2y-DHAPPQ-ASAQ-AL,62,938648,2031
005/026-Cycling-2y-DHAPPQ-ASAQ-AL,63,911344,2031
005/026-Cycling-2y-DHAPPQ-ASAQ-AL,64,855556,2031
005/026-Cycling-2y-DHAPPQ-ASAQ-AL,65,911804,2031
005/026-Cycling-2y-DHAPPQ-ASAQ-AL,66,779304,2031
005/026-Cycling-2y-DHAPPQ-ASAQ-AL,67,872680,2031
005/026-Cycling-2y-DHAPPQ-ASAQ-AL,68,1013760,2031
005/026-Cycling-2y-DHAPPQ-ASAQ-AL,69,980656,2031
005/026-Cycling-2y-DHAPPQ-ASAQ-AL,70,886636,2031
005/026-Cycling-2y-DHAPPQ-ASAQ-AL,71,846520,2031
005/026-Cycling-2y-DHAPPQ-ASAQ-AL,72,753888,2031
005/026-Cycling-2y-DHAPPQ-ASAQ-AL,73,948524,2031
005/026-Cycling-2y-DHAPPQ-ASAQ-AL,74,791480,2031
005/026-Cycling-2y-DHAPPQ-ASAQ-AL,75,795252,2031
005/026-Cycling-2y-DHAPPQ-ASAQ-AL,76,865896,2031
005/026-Cycling-2y-DHAPPQ-ASAQ-AL,77,847900,2031
005/026-Cycling-2y-DHAPPQ-ASAQ-AL,78,1092876,2031
005/026-Cycling-2y-DHAPPQ-ASAQ-AL,79,813452,2031
005/026-Cycling-2y-DHAPPQ-ASAQ-AL,80,876664,2031
005/026-Cycling-2y-DHAPPQ-ASAQ-AL,81,854764,2031
005/026-Cycling-2y-DHAPPQ-ASAQ-AL,82,786836,2031
005/026-Cycling-2y-DHAPPQ-ASAQ-AL,83,696112,2031
005/026-Cycling-2y-DHAPPQ-ASAQ-AL,84,834460,2031
005/026-Cycling-2y-DHAPPQ-ASAQ-AL,85,847160,2031
005/026-Cycling-2y-DHAPPQ-ASAQ-AL,86,950128,2031
005/026-Cycling-2y-DHAPPQ-ASAQ-AL,87,905624,2031
005/026-Cycling-2y-DHAPPQ-ASAQ-AL,88,1080964,2031
005/026-Cycling-2y-DHAPPQ-ASAQ-AL,89,890864,2031
005/026-Cycling-2y-DHAPPQ-ASAQ-AL,90,1053196,2031
005/026-Cycling-2y-DHAPPQ-ASAQ-AL,91,934528,2031
005/026-Cycling-2y-DHAPPQ-ASAQ-AL,92,792540,2031
005/026-Cycling-2y-DHAPPQ-ASAQ-AL,93,907632,2031
005/026-Cycling-2y-DHAPPQ-ASAQ-AL,94,779112,2031
005/026-Cycling-2y-DHAPPQ-ASAQ-AL,95,943036,2031
005/026-Cycling-2y-DHAPPQ-ASAQ-AL,96,730524,2031
005/026-Cycling-2y-DHAPPQ-ASAQ-AL,97,873472,2031
005/026-Cycling-2y-DHAPPQ-ASAQ-AL,98,901100,2031
005/026-Cycling-2y-DHAPPQ-ASAQ-AL,99,763344,2031
005/027-Cycling-3y-AL-ASAQ,0,1092384,2031
005/027-Cycling-3y-AL-ASAQ,1,1198184,2031
005/027-Cycling-3y-AL-ASAQ,2,1102076,2031
005/027-Cycling-3y-AL-ASAQ,3,1117520,2031
005/027-Cycling-3y-AL-ASAQ,4,1123172,2031
005/027-Cycling-3y-AL-ASAQ,5,1162784,2031
005/027-Cycling-3y-AL-ASAQ,6,1011752,2031
005/027-Cycling-3y-AL-ASAQ,7,1087384,2031
005/027-Cycling-3y-AL-ASAQ,8,1321832,2031
005/027-Cycling-3y-AL-ASAQ,9,1101832,2031
005/027-Cycling-3y-AL-ASAQ,10,1017208,2031
005/027-Cycling-3y-AL-ASAQ,11,1095492,2031
005/027-Cycling-3y-AL-ASAQ,12,1061704,2031
005/027-Cycling-3y-AL-ASAQ,13,1026204,2031
005/027-Cycling-3y-AL-ASAQ,14,1004740,2031
005/027-Cycling-3y-AL-ASAQ,15,1057732,2031
005/027-Cycling-3y-AL-ASAQ,16,1163444,2031
005/027-Cycling-3y-AL-ASAQ,17,1209980,2031
005/027-Cycling-3y-AL-ASAQ,18,1235520,2031
005/027-Cycling-3y-AL-ASAQ,19,1179844,2031
005/027-Cycling-3y-AL-ASAQ,20,1103100,2031
005/027-Cycling-3y-AL-ASAQ,21,959768,2031
005/027-Cycling-3y-AL-ASAQ,22,900836,2031
005/027-Cycling-3y-AL-ASAQ,23,1159432,2031
005/027-Cycling-3y-AL-ASAQ,24,1305948,2031
005/027-Cycling-3y-AL-ASAQ,25,992588,2031
005/027-Cycling-3y-AL-ASAQ,26,1105224,2031
005/027-Cycling-3y-AL-ASAQ,27,1313544,2031
005/027-Cycling-3y-AL-ASAQ,28,1425000,2031
005/027-Cycling-3y-AL-ASAQ,29,1030980,2031
005/027-Cycling-3y-AL-ASAQ,30,1045888,2031
005/027-Cycling-3y-AL-ASAQ,31,1044080,2031
005/027-Cycling-3y-AL-ASAQ,32,1074388,2031
005/027-Cycling-3y-AL-ASAQ,33,1076956,2031
005/027-Cycling-3y-AL-ASAQ,34,1013300,2031
005/027-Cycling-3y-AL-ASAQ,35,1042700,2031
005/027-Cycling-3y-AL-ASAQ,36,1021000,2031
005/027-Cycling-3y-AL-ASAQ,37,1410784,2031
005/027-Cycling-3y-AL-ASAQ,38,894880,2031
005/027-Cycling-3y-AL-ASAQ,39,926100,2031
005/027-Cycling-3y-AL-ASAQ,40,949736,2031
005/027-Cycling-3y-AL-ASAQ,41,895736,2031
005/027-Cycling-3y-AL-ASAQ,42,1004476,2031
005/027-Cycling-3y-AL-ASAQ,43,995128,2031
005/027-Cycling-3y-AL-ASAQ,44,1191212,2031
005/027-Cycling-3y-AL-ASAQ,45,1274280,2031
005/027-Cycling-3y-AL-ASAQ,46,1375136,2031
005/027-Cycling-3y-AL-ASAQ,47,954844,2031
005/027-Cycling-3y-AL-ASAQ,48,1036672,2031
005/027-Cycling-3y-AL-ASAQ,49,1051092,2031
005/027-Cycling-3y-AL-ASAQ,50,980276,2031
005/027-Cycling-3y-AL-ASAQ,51,1054580,2031
005/027-Cycling-3y-AL-ASAQ,52,1112544,2031
005/027-Cycling-3y-AL-ASAQ,53,1033212,2031
005/027-Cycling-3y-AL-ASAQ,54,1829768,2031
005/027-Cycling-3y-AL-ASAQ,55,1146216,2031
005/027-Cycling-3y-AL-ASAQ,56,1092744,2031
005/027-Cycling-3y-AL-ASAQ,57,1055952,2031
005/027-Cycling-3y-AL-ASAQ,58,1234588,2031
005/027-Cycling-3y-AL-ASAQ,59,1126336,2031
005/027-Cycling-3y-AL-ASAQ,60,1120896,2031
005/027-Cycling-3y-AL-ASAQ,61,1150236,2031
005/027-Cycling-3y-AL-ASAQ,62,1066504,2031
005/027-Cycling-3y-AL-ASAQ,63,1075904,2031
005/027-Cycling-3y-AL-ASAQ,64,960712,2031
005/027-Cycling-3y-AL-ASAQ,65,1058656,2031
005/027-Cycling-3y-AL-ASAQ,66,959584,2031
005/027-Cycling-3y-AL-ASAQ,67,1074552,2031
005/027-Cycling-3y-AL-ASAQ,68,1126504,2031
005/027-Cycling-3y-AL-ASAQ,69,1056516,2031
005/027-Cycling-3y-AL-ASAQ,70,997108,2031
005/027-Cycling-3y-AL-ASAQ,71,1035548,2031
005/027-Cycling-3y-AL-ASAQ,72,1055348,2031
005/027-Cycling-3y-AL-ASAQ,73,1194248,2031
005/027-Cycling-3y-AL-ASAQ,74,1121428,2031
005/027-Cycling-3y-AL-ASAQ,75,1034612,2031
005/027-Cycling-3y-AL-ASAQ,76,1054208,2031
005/027-Cycling-3y-AL-ASAQ,77,1049892,2031
005/027-Cycling-3y-AL-ASAQ,78,1149656,2031
005/027-Cycling-3y-AL-ASAQ,79,1011848,2031
005/027-Cycling-3y-AL-ASAQ,80,1035984,2031
005/027-Cycling-3y-AL-ASAQ,81,1034088,2031
005/027-Cycling-3y-AL-ASAQ,82,1060728,2031
005/027-Cycling-3y-AL-ASAQ,83,1519552,2031
005/027-Cycling-3y-AL-ASAQ,84,945808,2031
005/027-Cycling-3y-AL-ASAQ,85,1063988,2031
005/027-Cycling-3y-AL-ASAQ,86,1085768,2031
005/027-Cycling-3y-AL-ASAQ,87,1112900,2031
005/027-Cycling-3y-AL-ASAQ,88,1054640,2031
005/027-Cycling-3y-AL-ASAQ,89,1109988,2031
005/027-Cycling-3y-AL-ASAQ,90,1175432,2031
005/027-Cycling-3y-AL-ASAQ,91,953488,2031
005/027-Cycling-3y-AL-ASAQ,92,1025484,2031
005/027-Cycling-3y-AL-ASAQ,93,1031748,2031
005/027-Cycling-3y-AL-ASAQ,94,916224,2031
005/027-Cycling-3y-AL-ASAQ,95,882168,2031
005/027-Cycling-3y-AL-ASAQ,96,1037948,2031
005/027-Cycling-3y-AL-ASAQ,97,1008932,2031
005/027-Cycling-3y-AL-ASAQ,98,1131372,2031
005/027-Cycling-3y-AL-ASAQ,99,954848,2031
005/028-Cycling-3y-AL-DHAPPQ,0,1153360,2031
005/028-Cycling-3y-AL-DHAPPQ,1,1109652,2031
005/028-Cycling-3y-AL-DHAPPQ,2,1676164,2031
005/028-Cycling-3y-AL-DHAPPQ,3,1155928,2031
005/028-Cycling-3y-AL-DHAPPQ,4,1229516,2031
005/028-Cycling-3y-AL-DHAPPQ,5,1207420,2031
005/028-Cycling-3y-AL-DHAPPQ,6,1047208,2031
005/028-Cycling-3y-AL-DHAPPQ,7,1238668,2031
005/028-Cycling-3y-AL-DHAPPQ,8,1400188,2031
005/028-Cycling-3y-AL-DHAPPQ,9,1302884,2031
005/028-Cycling-3y-AL-DHAPPQ,10,1430920,2031
005/028-Cycling-3y-AL-DHAPPQ,11,1346204,2031
005/028-Cycling-3y-AL-DHAPPQ,12,1245696,2031
005/028-Cycling-3y-AL-DHAPPQ,13,1547480,2031
005/028-Cycling-3y-AL-DHAPPQ,14,1413932,2031
005/028-Cycling-3y-AL-DHAPPQ,15,1210776,2031
005/028-Cycling-3y-AL-DHAPPQ,16,1360564,2031
005/028-Cycling-3y-AL-DHAPPQ,17,1255156,2031
005/028-Cycling-3y-AL-DHAPPQ,18,1262468,2031
005/028-Cycling-3y-AL-DHAPPQ,19,1151572,2031
005/028-Cycling-3y-AL-DHAPPQ,20,1047176,2031
005/028-Cycling-3y-AL-DHAPPQ,21,1126512,2031
005/028-Cycling-3y-AL-DHAPPQ,22,1181580,2031
005/028-Cycling-3y-AL-DHAPPQ,23,1121264,2031
005/028-Cycling-3y-AL-DHAPPQ,24,1271064,2031
005/028-Cycling-3y-AL-DHAPPQ,25,1116280,2031
005/028-Cycling-3y-AL-DHAPPQ,26,1404976,2031
005/028-Cycling-3y-AL-DHAPPQ,27,1416400,2031
005/028-Cycling-3y-AL-DHAPPQ,28,1292636,2031
005/028-Cycling-3y-AL-DHAPPQ,29,1174620,2031
005/028-Cycling-3y-AL-DHAPPQ,30,1215716,2031
005/028-Cycling-3y-AL-DHAPPQ,31,1211520,2031
005/028-Cycling-3y-AL-DHAPPQ,32,1073100,2031
005/028-Cycling-3y-AL-DHAPPQ,33,1233784,2031
005/028-Cycling-3y-AL-DHAPPQ,34,1169932,2031
005/028-Cycling-3y-AL-DHAPPQ,35,1101652,2031
005/028-Cycling-3y-AL-DHAPPQ,36,1261380,2031
005/028-Cycling-3y-AL-DHAPPQ,37,1090540,2031
005/028-Cycling-3y-AL-DHAPPQ,38,1416156,2031
005/028-Cycling-3y-AL-DHAPPQ,39,1237864,2031
005/028-Cycling-3y-AL-DHAPPQ,40,1063760,2031
005/028-Cycling-3y-AL-DHAPPQ,41,1065048,2031
005/028-Cycling-3y-AL-DHAPPQ,42,1068048,2031
005/028-Cycling-3y-AL-DHAPPQ,43,1127532,2031
005/028-Cycling-3y-AL-DHAPPQ,44,1123912,2031
005/028-Cycling-3y-AL-DHAPPQ,45,1496780,2031
005/028-Cycling-3y-AL-DHAPPQ,46,1177900,2031
005/028-Cycling-3y-AL-DHAPPQ,47,1293440,2031
005/028-Cycling-3y-AL-DHAPPQ,48,1177436,2031
005/028-Cycling-3y-AL-DHAPPQ,49,1197388,2031
005/028-Cycling-3y-AL-DHAPPQ,50,1436140,2031
005/028-Cycling-3y-AL-DHAPPQ,51,1490204,2031
005/028-Cycling-3y-AL-DHAPPQ,52,1175304,2031
005/028-Cycling-3y-AL-DHAPPQ,53,1223080,2031
005/028-Cycling-3y-AL-DHAPPQ,54,1162616,2031
005/028-Cycling-3y-AL-DHAPPQ,55,1190948,2031
005/028-Cycling-3y-AL-DHAPPQ,56,1250952,2031
005/028-Cycling-3y-AL-DHAPPQ,57,1224164,2031
005/028-Cycling-3y-AL-DHAPPQ,58,1184616,2031
005/028-Cycling-3y-AL-DHAPPQ,59,1345188,2031
005/028-Cycling-3y-AL-DHAPPQ,60,1070844,2031
005/028-Cycling-3y-AL-DHAPPQ,61,1138064,2031
005/028-Cycling-3y-AL-DHAPPQ,62,1161740,2031
005/028-Cycling-3y-AL-DHAPPQ,63,1240740,2031
005/028-Cycling-3y-AL-DHAPPQ,64,1060504,2031
005/028-Cycling-3y-AL-DHAPPQ,65,1271372,2031
005/028-Cycling-3y-AL-DHAPPQ,66,1403264,2031
005/028-Cycling-3y-AL-DHAPPQ,67,1224948,2031
005/028-Cycling-3y-AL-DHAPPQ,68,1068648,2031
005/028-Cycling-3y-AL-DHAPPQ,69,1134320,2031
005/028-Cycling-3y-AL-DHAPPQ,70,1121520,2031
005/028-Cycling-3y-AL-DHAPPQ,71,1365036,2031
005/028-Cycling-3y-AL-DHAPPQ,72,1166312,2031
005/028-Cycling-3y-AL-DHAPPQ,73,1175004,2031
005/028-Cycling-3y-AL-DHAPPQ,74,1346020,2031
005/028-Cycling-3y-AL-DHAPPQ,75,1275880,2031
005/028-Cycling-3y-AL-DHAPPQ,76,1206200,2031
005/028-Cycling-3y-AL-DHAPPQ,77,1182168,2031
005/028-Cycling-3y-AL-DHAPPQ,78,1097360,2031
005/028-Cycling-3y-AL-DHAPPQ,79,1146252,2031
005/028-Cycling-3y-AL-DHAPPQ,80,1143732,2031
005/028-Cycling-3y-AL-DHAPPQ,81,1357800,2031
005/028-Cycling-3y-AL-DHAPPQ,82,1296336,2031
005/028-Cycling-3y-AL-DHAPPQ,83,1223944,2031
005/028-Cycling-3y-AL-DHAPPQ,84,1177736,2031
005/028-Cycling-3y-AL-DHAPPQ,85,1347744,2031
005/028-Cycling-3y-AL-DHAPPQ,86,1171604,2031
005/028-Cycling-3y-AL-DHAPPQ,87,1020528,2031
005/028-Cycling-3y-AL-DHAPPQ,88,1098968,2031
005/028-Cycling-3y-AL-DHAPPQ,89,1183688,2031
005/028-Cycling-3y-AL-DHAPPQ,90,1254008,2031
005/028-Cycling-3y-AL-DHAPPQ,91,1227540,2031
005/028-Cycling-3y-AL-DHAPPQ,92,1273200,2031
005/028-Cycling-3y-AL-DHAPPQ,93,1287768,2031
005/028-Cycling-3y-AL-DHAPPQ,94,1157156,2031
005/028-Cycling-3y-AL-DHAPPQ,95,1445580,2031
005/028-Cycling-3y-AL-DHAPPQ,96,1047204,2031
005/028-Cycling-3y-AL-DHAPPQ,97,1477272,2031
005/028-Cycling-3y-AL-DHAPPQ,98,1150300,2031
005/028-Cycling-3y-AL-DHAPPQ,99,1161976,2031
005/029-Cycling-3y-ASAQ-AL,0,988008,2031
005/029-Cycling-3y-ASAQ-AL,1,962580,2031
005/029-Cycling-3y-ASAQ-AL,2,1497072,2031
005/029-Cycling-3y-ASAQ-AL,3,1154268,2031
005/029-Cycling-3y-ASAQ-AL,4,1011100,2031
005/029-Cycling-3y-ASAQ-AL,5,1035040,2031
005/029-Cycling-3y-ASAQ-AL,6,1021028,2031
005/029-Cycling-3y-ASAQ-AL,7,992212,2031
005/029-Cycling-3y-ASAQ-AL,8,1035780,2031
005/029-Cycling-3y-ASAQ-AL,9,1213312,2031
005/029-Cycling-3y-ASAQ-AL,10,1145516,2031
005/029-Cycling-3y-ASAQ-AL,11,1101152,2031
005/029-Cycling-3y-ASAQ-AL,12,973128,2031
005/029-Cycling-3y-ASAQ-AL,13,1395032,2031
005/029-Cycling-3y-ASAQ-AL,14,901668,2031
005/029-Cycling-3y-ASAQ-AL,15,1221308,2031
005/029-Cycling-3y-ASAQ-AL,16,929628,2031
005/029-Cycling-3y-ASAQ-AL,17,938816,2031
005/029-Cycling-3y-ASAQ-AL,18,1089380,2031
005/029-Cycling-3y-ASAQ-AL,19,1425032,2031
005/029-Cycling-3y-ASAQ-AL,20,1038292,2031
005/029-Cycling-3y-ASAQ-AL,21,968564,2031
005/029-Cycling-3y-ASAQ-AL,22,959428,2031
005/029-Cycling-3y-ASAQ-AL,23,1092732,2031
005/029-Cycling-3y-ASAQ-AL,24,1036124,2031
005/029-Cycling-3y-ASAQ-AL,25,1441328,2031
005/029-Cycling-3y-ASAQ-AL,26,1080740,2031
005/029-Cycling-3y-ASAQ-AL,27,1059568,2031
005/029-Cycling-3y-ASAQ-AL,28,1018260,2031
005/029-Cycling-3y-ASAQ-AL,29,1006608,2031
005/029-Cycling-3y-ASAQ-AL,30,989404,2031
005/029-Cycling-3y-ASAQ-AL,31,944424,2031
005/029-Cycling-3y-ASAQ-AL,32,940732,2031
005/029-Cycling-3y-ASAQ-AL,33,1181048,2031
005/029-Cycling-3y-ASAQ-AL,34,1053316,2031
005/029-Cycling-3y-ASAQ-AL,35,1149716,2031
005/029-Cycling-3y-ASAQ-AL,36,1251696,2031
005/029-Cycling-3y-ASAQ-AL,37,974944,2031
005/029-Cycling-3y-ASAQ-AL,38,1098188,2031
005/029-Cycling-3y-ASAQ-AL,39,969328,2031
005/029-Cycling-3y-ASAQ-AL,40,1193284,2031
005/029-Cycling-3y-ASAQ-AL,41,1026932,2031
005/029-Cycling-3y-ASAQ-AL,42,1077664,2031
005/029-Cycling-3y-ASAQ-AL,43,1108400,2031
005/029-Cycling-3y-ASAQ-AL,44,1130644,2031
005/029-Cycling-3y-ASAQ-AL,45,981336,2031
005/029-Cycling-3y-ASAQ-AL,46,1304696,2031
005/029-Cycling-3y-ASAQ-AL,47,1048268,2031
005/029-Cycling-3y-ASAQ-AL,48,1004568,2031
005/029-Cycling-3y-ASAQ-AL,49,987696,2031
005/029-Cycling-3y-ASAQ-AL,50,1180648,2031
005/029-Cycling-3y-ASAQ-AL,51,987824,2031
005/029-Cycling-3y-ASAQ-AL,52,912380,2031
005/029-Cycling-3y-ASAQ-AL,53,1051680,2031
005/029-Cycling-3y-ASAQ-AL,54,1030376,2031
005/029-Cycling-3y-ASAQ-AL,55,973244,2031
005/029-Cycling-3y-ASAQ-AL,56,1174192,2031
005/029-Cycling-3y-ASAQ-AL,57,1077020,2031
005/029-Cycling-3y-ASAQ-AL,58,980728,2031
005/029-Cycling-3y-ASAQ-AL,59,964660,2031
005/029-Cycling-3y-ASAQ-AL,60,971540,2031
005/029-Cycling-3y-ASAQ-AL,61,953712,2031
005/029-Cycling-3y-ASAQ-AL,62,1128168,2031
005/029-Cycling-3y-ASAQ-AL,63,1094164,2031
005/029-Cycling-3y-ASAQ-AL,64,889296,2031
005/029-Cycling-3y-ASAQ-AL,65,1016524,2031
005/029-Cycling-3y-ASAQ-AL,66,1328848,2031
005/029-Cycling-3y-ASAQ-AL,67,1134484,2031
005/029-Cycling-3y-ASAQ-AL,68,1098836,2031
005/029-Cycling-3y-ASAQ-AL,69,1057240,2031
005/029-Cycling-3y-ASAQ-AL,70,974728,2031
005/029-Cycling-3y-ASAQ-AL,71,1017996,2031
005/029-Cycling-3y-ASAQ-AL,72,1033336,2031
005/029-Cycling-3y-ASAQ-AL,73,1050792,2031
005/029-Cycling-3y-ASAQ-AL,74,905128,2031
005/029-Cycling-3y-ASAQ-AL,75,983192,2031
005/029-Cycling-3y-ASAQ-AL,76,1031616,2031
005/029-Cycling-3y-ASAQ-AL,77,1015080,2031
005/029-Cycling-3y-ASAQ-AL,78,1090848,2031
005/029-Cycling-3y-ASAQ-AL,79,919164,2031
005/029-Cycling-3y-ASAQ-AL,80,1059572,2031
005/029-Cycling-3y-ASAQ-AL,81,1198232,2031
005/029-Cycling-3y-ASAQ-AL,82,986676,2031
005/029-Cycling-3y-ASAQ-AL,83,1217484,2031
005/029-Cycling-3y-ASAQ-AL,84,1193324,2031
005/029-Cycling-3y-ASAQ-AL,85,1172144,2031
005/029-Cycling-3y-ASAQ-AL,86,917400,2031
005/029-Cycling-3y-ASAQ-AL,87,963196,2031
005/029-Cycling-3y-ASAQ-AL,88,1007268,2031
005/029-Cycling-3y-ASAQ-AL,89,1110692,2031
005/029-Cycling-3y-ASAQ-AL,90,964220,2031
005/029-Cycling-3y-ASAQ-AL,91,1064832,2031
005/029-Cycling-3y-ASAQ-AL,92,932008,2031
005/029-Cycling-3y-ASAQ-AL,93,1401352,2031
005/029-Cycling-3y-ASAQ-AL,94,929028,2031
005/029-Cycling-3y-ASAQ-AL,95,893780,2031
005/029-Cycling-3y-ASAQ-AL,96,902624,2031
005/029-Cycling-3y-ASAQ-AL,97,1296388,2031
005/029-Cycling-3y-ASAQ-AL,98,989184,2031
005/029-Cycling-3y-ASAQ-AL,99,1058524,2031
005/030-Cycling-3y-ASAQ-DHAPPQ,0,565156,2031
005/030-Cycling-3y-ASAQ-DHAPPQ,1,575844,2031
005/030-Cycling-3y-ASAQ-DHAPPQ,2,600376,2031
005/030-Cycling-3y-ASAQ-DHAPPQ,3,640172,2031
005/030-Cycling-3y-ASAQ-DHAPPQ,4,618848,2031
005/030-Cycling-3y-ASAQ-DHAPPQ,5,540164,2031
005/030-Cycling-3y-ASAQ-DHAPPQ,6,646040,2031
005/030-Cycling-3y-ASAQ-DHAPPQ,7,612928,2031
005/030-Cycling-3y-ASAQ-DHAPPQ,8,595660,2031
005/030-Cycling-3y-ASAQ-DHAPPQ,9,590820,2031
005/030-Cycling-3y-ASAQ-DHAPPQ,10,634524,2031
005/030-Cycling-3y-ASAQ-DHAPPQ,11,568432,2031
005/030-Cycling-3y-ASAQ-DHAPPQ,12,654056,2031
005/030-Cycling-3y-ASAQ-DHAPPQ,13,618068,2031
005/030-Cycling-3y-ASAQ-DHAPPQ,14,602256,2031
005/030-Cycling-3y-ASAQ-DHAPPQ,15,602044,2031
005/030-Cycling-3y-ASAQ-DHAPPQ,16,661840,2031
005/030-Cycling-3y-ASAQ-DHAPPQ,17,595584,2031
005/030-Cycling-3y-ASAQ-DHAPPQ,18,647516,2031
005/030-Cycling-3y-ASAQ-DHAPPQ,19,549192,2031
005/030-Cycling-3y-ASAQ-DHAPPQ,20,684020,2031
005/030-Cycling-3y-ASAQ-DHAPPQ,21,593068,2031
005/030-Cycling-3y-ASAQ-DHAPPQ,22,564780,2031
005/030-Cycling-3y-ASAQ-DHAPPQ,23,591924,2031
005/030-Cycling-3y-ASAQ-DHAPPQ,24,572612,2031
005/030-Cycling-3y-ASAQ-DHAPPQ,25,558300,2031
005/030-Cycling-3y-ASAQ-DHAPPQ,26,590876,2031
005/030-Cycling-3y-ASAQ-DHAPPQ,27,619440,2031
005/030-Cycling-3y-ASAQ-DHAPPQ,28,556644,2031
005/030-Cycling-3y-ASAQ-DHAPPQ,29,555112,2031
005/030-Cycling-3y-ASAQ-DHAPPQ,30,612940,2031
005/030-Cycling-3y-ASAQ-DHAPPQ,31,597844,2031
005/030-Cycling-3y-ASAQ-DHAPPQ,32,624144,2031
005/030-Cycling-3y-ASAQ-DHAPPQ,33,577308,2031
005/030-Cycling-3y-ASAQ-DHAPPQ,34,643644,2031
005/030-Cycling-3y-ASAQ-DHAPPQ,35,592972,2031
005/030-Cycling-3y-ASAQ-DHAPPQ,36,592968,2031
005/030-Cycling-3y-ASAQ-DHAPPQ,37,640688,2031
005/030-Cycling-3y-ASAQ-DHAPPQ,38,526664,2031
005/030-Cycling-3y-ASAQ-DHAPPQ,39,596304,2031
005/030-Cycling-3y-ASAQ-DHAPPQ,40,610036,2031
005/030-Cycling-3y-ASAQ-DHAPPQ,41,666292,2031
005/030-Cycling-3y-ASAQ-DHAPPQ,42,573064,2031
005/030-Cycling-3y-ASAQ-DHAPPQ,43,613940,2031
005/030-Cycling-3y-ASAQ-DHAPPQ,44,596480,2031
005/030-Cycling-3y-ASAQ-DHAPPQ,45,640260,2031
005/030-Cycling-3y-ASAQ-DHAPPQ,46,566760,2031
005/030-Cycling-3y-ASAQ-DHAPPQ,47,640552,2031
005/030-Cycling-3y-ASAQ-DHAPPQ,48,654116,2031
005/030-Cycling-3y-ASAQ-DHAPPQ,49,590620,2031
005/030-Cycling-3y-ASAQ-DHAPPQ,50,617128,2031
005/030-Cycling-3y-ASAQ-DHAPPQ,51,650856,2031
005/030-Cycling-3y-ASAQ-DHAPPQ,52,644536,2031
005/030-Cycling-3y-ASAQ-DHAPPQ,53,605060,2031
005/030-Cycling-3y-ASAQ-DHAPPQ,54,569056,2031
005/030-Cycling-3y-ASAQ-DHAPPQ,55,605540,2031
005/030-Cycling-3y-ASAQ-DHAPPQ,56,566384,2031
005/030-Cycling-3y-ASAQ-DHAPPQ,57,570180,2031
005/030-Cycling-3y-ASAQ-DHAPPQ,58,555612,2031
005/030-Cycling-3y-ASAQ-DHAPPQ,59,543612,2031
005/030-Cycling-3y-ASAQ-DHAPPQ,60,526160,2031
005/030-Cycling-3y-ASAQ-DHAPPQ,61,690640,2031
005/030-Cycling-3y-ASAQ-DHAPPQ,62,565176,2031
005/030-Cycling-3y-ASAQ-DHAPPQ,63,568268,2031
005/030-Cycling-3y-ASAQ-DHAPPQ,64,607124,2031
005/030-Cycling-3y-ASAQ-DHAPPQ,65,582720,2031
005/030-Cycling-3y-ASAQ-DHAPPQ,66,574660,2031
005/030-Cycling-3y-ASAQ-DHAPPQ,67,632024,2031
005/030-Cycling-3y-ASAQ-DHAPPQ,68,562956,2031
005/030-Cycling-3y-ASAQ-DHAPPQ,69,616616,2031
005/030-Cycling-3y-ASAQ-DHAPPQ,70,581200,2031
005/030-Cycling-3y-ASAQ-DHAPPQ,71,598288,2031
005/030-Cycling-3y-ASAQ-DHAPPQ,72,574132,2031
005/030-Cycling-3y-ASAQ-DHAPPQ,73,547768,2031
005/030-Cycling-3y-ASAQ-DHAPPQ,74,590328,2031
005/030-Cycling-3y-ASAQ-DHAPPQ,75,636324,2031
005/030-Cycling-3y-ASAQ-DHAPPQ,76,564320,2031
005/030-Cycling-3y-ASAQ-DHAPPQ,77,545756,2031
005/030-Cycling-3y-ASAQ-DHAPPQ,78,565248,2031
005/030-Cycling-3y-ASAQ-DHAPPQ,79,639304,2031
005/030-Cycling-3y-ASAQ-DHAPPQ,80,566872,2031
005/030-Cycling-3y-ASAQ-DHAPPQ,81,643172,2031
005/030-Cycling-3y-ASAQ-DHAPPQ,82,531320,2031
005/030-Cycling-3y-ASAQ-DHAPPQ,83,617060,2031
005/030-Cycling-3y-ASAQ-DHAPPQ,84,551024,2031
005/030-Cycling-3y-ASAQ-DHAPPQ,85,694892,2031
005/030-Cycling-3y-ASAQ-DHAPPQ,86,667436,2031
005/030-Cycling-3y-ASAQ-DHAPPQ,87,553464,2031
005/030-Cycling-3y-ASAQ-DHAPPQ,88,633816,2031
005/030-Cycling-3y-ASAQ-DHAPPQ,89,654464,2031
005/030-Cycling-3y-ASAQ-DHAPPQ,90,588984,2031
005/030-Cycling-3y-ASAQ-DHAPPQ,91,595776,2031
005/030-Cycling-3y-ASAQ-DHAPPQ,92,628700,2031
005/030-Cycling-3y-ASAQ-DHAPPQ,93,526028,2031
005/030-Cycling-3y-ASAQ-DHAPPQ,94,684332,2031
005/030-Cycling-3y-ASAQ-DHAPPQ,95,607028,2031
005/030-Cycling-3y-ASAQ-DHAPPQ,96,555800,2031
005/030-Cycling-3y-ASAQ-DHAPPQ,97,645952,2031
005/030-Cycling-3y-ASAQ-DHAPPQ,98,589884,2031
005/030-Cycling-3y-ASAQ-DHAPPQ,99,811008,2031
005/031-Cycling-3y-DHAPPQ-AL,0,1298272,2031
005/031-Cycling-3y-DHAPPQ-AL,1,1429580,2031
005/031-Cycling-3y-DHAPPQ-AL,2,1281504,2031
005/031-Cycling-3y-DHAPPQ-AL,3,1546096,2031
005/031-Cycling-3y-DHAPPQ-AL,4,1479388,2031
005/031-Cycling-3y-DHAPPQ-AL,5,1380464,2031
005/031-Cycling-3y-DHAPPQ-AL,6,1208668,2031
005/031-Cycling-3y-DHAPPQ-AL,7,1312656,2031
005/031-Cycling-3y-DHAPPQ-AL,8,1212192,2031
005/031-Cycling-3y-DHAPPQ-AL,9,1343284,2031
005/031-Cycling-3y-DHAPPQ-AL,10,1479600,2031
005/031-Cycling-3y-DHAPPQ-AL,11,1117340,2031
005/031-Cycling-3y-DHAPPQ-AL,12,1166936,2031
005/031-Cycling-3y-DHAPPQ-AL,13,1180304,2031
005/031-Cycling-3y-DHAPPQ-AL,14,1258752,2031
005/031-Cycling-3y-DHAPPQ-AL,15,1401408,2031
005/031-Cycling-3y-DHAPPQ-AL,16,1338248,2031
005/031-Cycling-3y-DHAPPQ-AL,17,1022464,2031
005/031-Cycling-3y-DHAPPQ-AL,18,1350172,2031
005/031-Cycling-3y-DHAPPQ-AL,19,1288404,2031
005/031-Cycling-3y-DHAPPQ-AL,20,1142920,2031
005/031-Cycling-3y-DHAPPQ-AL,21,1185400,2031
005/031-Cycling-3y-DHAPPQ-AL,22,1190696,2031
005/031-Cycling-3y-DHAPPQ-AL,23,1424472,2031
005/031-Cycling-3y-DHAPPQ-AL,24,1337384,2031
005/031-Cycling-3y-DHAPPQ-AL,25,1242556,2031
005/031-Cycling-3y-DHAPPQ-AL,26,1197388,2031
005/031-Cycling-3y-DHAPPQ-AL,27,1112872,2031
005/031-Cycling-3y-DHAPPQ-AL,28,1305796,2031
005/031-Cycling-3y-DHAPPQ-AL,29,1360932,2031
005/031-Cycling-3y-DHAPPQ-AL,30,1410944,2031
005/031-Cycling-3y-DHAPPQ-AL,31,1432792,2031
005/031-Cycling-3y-DHAPPQ-AL,32,1232072,2031
005/031-Cycling-3y-DHAPPQ-AL,33,1144784,2031
005/031-Cycling-3y-DHAPPQ-AL,34,1351520,2031
005/031-Cycling-3y-DHAPPQ-AL,35,1279464,2031
005/031-Cycling-3y-DHAPPQ-AL,36,1124984,2031
005/031-Cycling-3y-DHAPPQ-AL,37,1153040,2031
005/031-Cycling-3y-DHAPPQ-AL,38,1314208,2031
005/031-Cycling-3y-DHAPPQ-AL,39,1110940,2031
005/031-Cycling-3y-DHAPPQ-AL,40,1135820,2031
005/031-Cycling-3y-DHAPPQ-AL,41,1196300,2031
005/031-Cycling-3y-DHAPPQ-AL,42,1107280,2031
005/031-Cycling-3y-DHAPPQ-AL,43,1184616,2031
005/031-Cycling-3y-DHAPPQ-AL,44,1181624,2031
005/031-Cycling-3y-DHAPPQ-AL,45,1319212,2031
005/031-Cycling-3y-DHAPPQ-AL,46,1403100,2031
005/031-Cycling-3y-DHAPPQ-AL,47,1480212,2031
005/031-Cycling-3y-DHAPPQ-AL,48,1503160,2031
005/031-Cycling-3y-DHAPPQ-AL,49,1520196,2031
005/031-Cycling-3y-DHAPPQ-AL,50,1246256,2031
005/031-Cycling-3y-DHAPPQ-AL,51,1226772,2031
005/031-Cycling-3y-DHAPPQ-AL,52,1245320,2031
005/031-Cycling-3y-DHAPPQ-AL,53,1250356,2031
005/031-Cycling-3y-DHAPPQ-AL,54,1409732,2031
005/031-Cycling-3y-DHAPPQ-AL,55,1294292,2031
005/031-Cycling-3y-DHAPPQ-AL,56,1225336,2031
005/031-Cycling-3y-DHAPPQ-AL,57,1022760,2031
005/031-Cycling-3y-DHAPPQ-AL,58,1230724,2031
005/031-Cycling-3y-DHAPPQ-AL,59,1454276,2031
005/031-Cycling-3y-DHAPPQ-AL,60,1051552,2031
005/031-Cycling-3y-DHAPPQ-AL,61,1308408,2031
005/031-Cycling-3y-DHAPPQ-AL,62,1199044,2031
005/031-Cycling-3y-DHAPPQ-AL,63,1217652,2031
005/031-Cycling-3y-DHAPPQ-AL,64,1122840,2031
005/031-Cycling-3y-DHAPPQ-AL,65,1257424,2031
005/031-Cycling-3y-DHAPPQ-AL,66,1235268,2031
005/031-Cycling-3y-DHAPPQ-AL,67,1194952,2031
005/031-Cycling-3y-DHAPPQ-AL,68,1577740,2031
005/031-Cycling-3y-DHAPPQ-AL,69,1457700,2031
005/031-Cycling-3y-DHAPPQ-AL,70,1341880,2031
005/031-Cycling-3y-DHAPPQ-AL,71,1290024,2031
005/031-Cycling-3y-DHAPPQ-AL,72,1387204,2031
005/031-Cycling-3y-DHAPPQ-AL,73,1091268,2031
005/031-Cycling-3y-DHAPPQ-AL,74,1206456,2031
005/031-Cycling-3y-DHAPPQ-AL,75,1240220,2031
005/031-Cycling-3y-DHAPPQ-AL,76,1210796,2031
005/031-Cycling-3y-DHAPPQ-AL,77,1229504,2031
005/031-Cycling-3y-DHAPPQ-AL,78,1205708,2031
005/031-Cycling-3y-DHAPPQ-AL,79,1238216,2031
005/031-Cycling-3y-DHAPPQ-AL,80,1542780,2031
005/031-Cycling-3y-DHAPPQ-AL,81,1385888,2031
005/031-Cycling-3y-DHAPPQ-AL,82,1511708,2031
005/031-Cycling-3y-DHAPPQ-AL,83,1286532,2031
005/031-Cycling-3y-DHAPPQ-AL,84,1219336,2031
005/031-Cycling-3y-DHAPPQ-AL,85,1092496,2031
005/031-Cycling-3y-DHAPPQ-AL,86,1111776,2031
005/031-Cycling-3y-DHAPPQ-AL,87,1196472,2031
005/031-Cycling-3y-DHAPPQ-AL,88,1248464,2031
005/031-Cycling-3y-DHAPPQ-AL,89,1095336,2031
005/031-Cycling-3y-DHAPPQ-AL,90,1599108,2031
005/031-Cycling-3y-DHAPPQ-AL,91,1485468,2031
005/031-Cycling-3y-DHAPPQ-AL,92,1122228,2031
005/031-Cycling-3y-DHAPPQ-AL,93,1320716,2031
005/031-Cycling-3y-DHAPPQ-AL,94,1155336,2031
005/031-Cycling-3y-DHAPPQ-AL,95,1189312,2031
005/031-Cycling-3y-DHAPPQ-AL,96,1204756,2031
005/031-Cycling-3y-DHAPPQ-AL,97,1162932,2031
005/031-Cycling-3y-DHAPPQ-AL,98,1434628,2031
005/031-Cycling-3y-DHAPPQ-AL,99,1125668,2031
005/032-Cycling-3y-DHAPPQ-ASAQ,0,608860,2031
005/032-Cycling-3y-DHAPPQ-ASAQ,1,576492,2031
005/032-Cycling-3y-DHAPPQ-ASAQ,2,661752,2031
005/032-Cycling-3y-DHAPPQ-ASAQ,3,683152,2031
005/032-Cycling-3y-DHAPPQ-ASAQ,4,579696,2031
005/032-Cycling-3y-DHAPPQ-ASAQ,5,642720,2031
005/032-Cycling-3y-DHAPPQ-ASAQ,6,600632,2031
005/032-Cycling-3y-DHAPPQ-ASAQ,7,613784,2031
005/032-Cycling-3y-DHAPPQ-ASAQ,8,535864,2031
005/032-Cycling-3y-DHAPPQ-ASAQ,9,660040,2031
005/032-Cycling-3y-DHAPPQ-ASAQ,10,573312,2031
005/032-Cycling-3y-DHAPPQ-ASAQ,11,610860,2031
005/032-Cycling-3y-DHAPPQ-ASAQ,12,556460,2031
005/032-Cycling-3y-DHAPPQ-ASAQ,13,540788,2031
005/032-Cycling-3y-DHAPPQ-ASAQ,14,589048,2031
005/032-Cycling-3y-DHAPPQ-ASAQ,15,593156,2031
005/032-Cycling-3y-DHAPPQ-ASAQ,16,576364,2031
005/032-Cycling-3y-DHAPPQ-ASAQ,17,572944,2031
005/032-Cycling-3y-DHAPPQ-ASAQ,18,552704,2031
005/032-Cycling-3y-DHAPPQ-ASAQ,19,567432,2031
005/032-Cycling-3y-DHAPPQ-ASAQ,20,584948,2031
005/032-Cycling-3y-DHAPPQ-ASAQ,21,677880,2031
005/032-Cycling-3y-DHAPPQ-ASAQ,22,573600,2031
005/032-Cycling-3y-DHAPPQ-ASAQ,23,640440,2031
005/032-Cycling-3y-DHAPPQ-ASAQ,24,640552,2031
005/032-Cycling-3y-DHAPPQ-ASAQ,25,630068,2031
005/032-Cycling-3y-DHAPPQ-ASAQ,26,583580,2031
005/032-Cycling-3y-DHAPPQ-ASAQ,27,696444,2031
005/032-Cycling-3y-DHAPPQ-ASAQ,28,577732,2031
005/032-Cycling-3y-DHAPPQ-ASAQ,29,518012,2031
005/032-Cycling-3y-DHAPPQ-ASAQ,30,521012,2031
005/032-Cycling-3y-DHAPPQ-ASAQ,31,677504,2031
005/032-Cycling-3y-DHAPPQ-ASAQ,32,643180,2031
005/032-Cycling-3y-DHAPPQ-ASAQ,33,620480,2031
005/032-Cycling-3y-DHAPPQ-ASAQ,34,589016,2031
005/032-Cycling-3y-DHAPPQ-ASAQ,35,549536,2031
005/032-Cycling-3y-DHAPPQ-ASAQ,36,573576,2031
005/032-Cycling-3y-DHAPPQ-ASAQ,37,621688,2031
005/032-Cycling-3y-DHAPPQ-ASAQ,38,827364,2031
005/032-Cycling-3y-DHAPPQ-ASAQ,39,665620,2031
005/032-Cycling-3y-DHAPPQ-ASAQ,40,633796,2031
005/032-Cycling-3y-DHAPPQ-ASAQ,41,608248,2031
005/032-Cycling-3y-DHAPPQ-ASAQ,42,591672,2031
005/032-Cycling-3y-DHAPPQ-ASAQ,43,704744,2031
005/032-Cycling-3y-DHAPPQ-ASAQ,44,625552,2031
005/032-Cycling-3y-DHAPPQ-ASAQ,45,721648,2031
005/032-Cycling-3y-DHAPPQ-ASAQ,46,583724,2031
005/032-Cycling-3y-DHAPPQ-ASAQ,47,765340,2031
005/032-Cycling-3y-DHAPPQ-ASAQ,48,610072,2031
005/032-Cycling-3y-DHAPPQ-ASAQ,49,630096,2031
005/032-Cycling-3y-DHAPPQ-ASAQ,50,857488,2031
005/032-Cycling-3y-DHAPPQ-ASAQ,51,778408,2031
005/032-Cycling-3y-DHAPPQ-ASAQ,52,694144,2031
005/032-Cycling-3y-DHAPPQ-ASAQ,53,679036,2031
005/032-Cycling-3y-DHAPPQ-ASAQ,54,579332,2031
005/032-Cycling-3y-DHAPPQ-ASAQ,55,606356,2031
005/032-Cycling-3y-DHAPPQ-ASAQ,56,584784,2031
005/032-Cycling-3y-DHAPPQ-ASAQ,57,539628,2031
005/032-Cycling-3y-DHAPPQ-ASAQ,58,576060,2031
005/032-Cycling-3y-DHAPPQ-ASAQ,59,656608,2031
005/032-Cycling-3y-DHAPPQ-ASAQ,60,624376,2031
005/032-Cycling-3y-DHAPPQ-ASAQ,61,638764,2031
005/032-Cycling-3y-DHAPPQ-ASAQ,62,602748,2031
005/032-Cycling-3y-DHAPPQ-ASAQ,63,582552,2031
005/032-Cycling-3y-DHAPPQ-ASAQ,64,621956,2031
005/032-Cycling-3y-DHAPPQ-ASAQ,65,580452,2031
005/032-Cycling-3y-DHAPPQ-ASAQ,66,650040,2031
005/032-Cycling-3y-DHAPPQ-ASAQ,67,684604,2031
005/032-Cycling-3y-DHAPPQ-ASAQ,68,640452,2031
005/032-Cycling-3y-DHAPPQ-ASAQ,69,499928,2031
005/032-Cycling-3y-DHAPPQ-ASAQ,70,684788,2031
005/032-Cycling-3y-DHAPPQ-ASAQ,71,609844,2031
005/032-Cycling-3y-DHAPPQ-ASAQ,72,661288,2031
005/032-Cycling-3y-DHAPPQ-ASAQ,73,634104,2031
005/032-Cycling-3y-DHAPPQ-ASAQ,74,636268,2031
005/032-Cycling-3y-DHAPPQ-ASAQ,75,581356,2031
005/032-Cycling-3y-DHAPPQ-ASAQ,76,612632,2031
005/032-Cycling-3y-DHAPPQ-ASAQ,77,620412,2031
005/032-Cycling-3y-DHAPPQ-ASAQ,78,664532,2031
005/032-Cycling-3y-DHAPPQ-ASAQ,79,693176,2031
005/032-Cycling-3y-DHAPPQ-ASAQ,80,609564,2031
005/032-Cycling-3y-DHAPPQ-ASAQ,81,599336,2031
005/032-Cycling-3y-DHAPPQ-ASAQ,82,646632,2031
005/032-Cycling-3y-DHAPPQ-ASAQ,83,656096,2031
005/032-Cycling-3y-DHAPPQ-ASAQ,84,544072,2031
005/032-Cycling-3y-DHAPPQ-ASAQ,85,557172,2031
005/032-Cycling-3y-DHAPPQ-ASAQ,86,602216,2031
005/032-Cycling-3y-DHAPPQ-ASAQ,87,603708,2031
005/032-Cycling-3y-DHAPPQ-ASAQ,88,566900,2031
005/032-Cycling-3y-DHAPPQ-ASAQ,89,509872,2031
005/032-Cycling-3y-DHAPPQ-ASAQ,90,701732,2031
005/032-Cycling-3y-DHAPPQ-ASAQ,91,560680,2031
005/032-Cycling-3y-DHAPPQ-ASAQ,92,612976,2031
005/032-Cycling-3y-DHAPPQ-ASAQ,93,566164,2031
005/032-Cycling-3y-DHAPPQ-ASAQ,94,675572,2031
005/032-Cycling-3y-DHAPPQ-ASAQ,95,649600,2031
005/032-Cycling-3y-DHAPPQ-ASAQ,96,589520,2031
005/032-Cycling-3y-DHAPPQ-ASAQ,97,599448,2031
005/032-Cycling-3y-DHAPPQ-ASAQ,98,646632,2031
005/032-Cycling-3y-DHAPPQ-ASAQ,99,588592,2031
005/033-Cycling-3y-AL-ASAQ-DHAPPQ,0,1080712,2031
005/033-Cycling-3y-AL-ASAQ-DHAPPQ,1,1062024,2031
005/033-Cycling-3y-AL-ASAQ-DHAPPQ,2,955072,2031
005/033-Cycling-3y-AL-ASAQ-DHAPPQ,3,969160,2031
005/033-Cycling-3y-AL-ASAQ-DHAPPQ,4,1127476,2031
005/033-Cycling-3y-AL-ASAQ-DHAPPQ,5,1188252,2031
005/033-Cycling-3y-AL-ASAQ-DHAPPQ,6,1111584,2031
005/033-Cycling-3y-AL-ASAQ-DHAPPQ,7,1160280,2031
005/033-Cycling-3y-AL-ASAQ-DHAPPQ,8,921948,2031
005/033-Cycling-3y-AL-ASAQ-DHAPPQ,9,1073088,2031
005/033-Cycling-3y-AL-ASAQ-DHAPPQ,10,1097904,2031
005/033-Cycling-3y-AL-ASAQ-DHAPPQ,11,1095468,2031
005/033-Cycling-3y-AL-ASAQ-DHAPPQ,12,1104164,2031
005/033-Cycling-3y-AL-ASAQ-DHAPPQ,13,980688,2031
005/033-Cycling-3y-AL-ASAQ-DHAPPQ,14,1081104,2031
005/033-Cycling-3y-AL-ASAQ-DHAPPQ,15,1053696,2031
005/033-Cycling-3y-AL-ASAQ-DHAPPQ,16,1002420,2031
005/033-Cycling-3y-AL-ASAQ-DHAPPQ,17,1130120,2031
005/033-Cycling-3y-AL-ASAQ-DHAPPQ,18,922620,2031
005/033-Cycling-3y-AL-ASAQ-DHAPPQ,19,1305740,2031
005/033-Cycling-3y-AL-ASAQ-DHAPPQ,20,1010816,2031
005/033-Cycling-3y-AL-ASAQ-DHAPPQ,21,1113432,2031
005/033-Cycling-3y-AL-ASAQ-DHAPPQ,22,1159388,2031
005/033-Cycling-3y-AL-ASAQ-DHAPPQ,23,939680,2031
005/033-Cycling-3y-AL-ASAQ-DHAPPQ,24,1398976,2031
005/033-Cycling-3y-AL-ASAQ-DHAPPQ,25,1032036,2031
005/033-Cycling-3y-AL-ASAQ-DHAPPQ,26,993600,2031
005/033-Cycling-3y-AL-ASAQ-DHAPPQ,27,968580,2031
005/033-Cycling-3y-AL-ASAQ-DHAPPQ,28,1095280,2031
005/033-Cycling-3y-AL-ASAQ-DHAPPQ,29,1091220,2031
005/033-Cycling-3y-AL-ASAQ-DHAPPQ,30,1154944,2031
005/033-Cycling-3y-AL-ASAQ-DHAPPQ,31,981164,2031
005/033-Cycling-3y-AL-ASAQ-DHAPPQ,32,1231120,2031
005/033-Cycling-3y-AL-ASAQ-DHAPPQ,33,1225888,2031
005/033-Cycling-3y-AL-ASAQ-DHAPPQ,34,1067000,2031
005/033-Cycling-3y-AL-ASAQ-DHAPPQ,35,1110488,2031
005/033-Cycling-3y-AL-ASAQ-DHAPPQ,36,973240,2031
005/033-Cycling-3y-AL-ASAQ-DHAPPQ,37,1160772,2031
005/033-Cycling-3y-AL-ASAQ-DHAPPQ,38,1053068,2031
005/033-Cycling-3y-AL-ASAQ-DHAPPQ,39,1187620,2031
005/033-Cycling-3y-AL-ASAQ-DHAPPQ,40,1148812,2031
005/033-Cycling-3y-AL-ASAQ-DHAPPQ,41,949708,2031
005/033-Cycling-3y-AL-ASAQ-DHAPPQ,42,1058876,2031
005/033-Cycling-3y-AL-ASAQ-DHAPPQ,43,923128,2031
005/033-Cycling-3y-AL-ASAQ-DHAPPQ,44,937240,2031
005/033-Cycling-3y-AL-ASAQ-DHAPPQ,45,1105940,2031
005/033-Cycling-3y-AL-ASAQ-DHAPPQ,46,1120516,2031
005/033-Cycling-3y-AL-ASAQ-DHAPPQ,47,942548,2031
005/033-Cycling-3y-AL-ASAQ-DHAPPQ,48,955876,2031
005/033-Cycling-3y-AL-ASAQ-DHAPPQ,49,1016520,2031
005/033-Cycling-3y-AL-ASAQ-DHAPPQ,50,1276448,2031
005/033-Cycling-3y-AL-ASAQ-DHAPPQ,51,1051760,2031
005/033-Cycling-3y-AL-ASAQ-DHAPPQ,52,947572,2031
005/033-Cycling-3y-AL-ASAQ-DHAPPQ,53,1139936,2031
005/033-Cycling-3y-AL-ASAQ-DHAPPQ,54,1119820,2031
005/033-Cycling-3y-AL-ASAQ-DHAPPQ,55,968124,2031
005/033-Cycling-3y-AL-ASAQ-DHAPPQ,56,1219536,2031
005/033-Cycling-3y-AL-ASAQ-DHAPPQ,57,1101900,2031
005/033-Cycling-3y-AL-ASAQ-DHAPPQ,58,882684,2031
005/033-Cycling-3y-AL-ASAQ-DHAPPQ,59,1065976,2031
005/033-Cycling-3y-AL-ASAQ-DHAPPQ,60,1124168,2031
005/033-Cycling-3y-AL-ASAQ-DHAPPQ,61,972856,2031
005/033-Cycling-3y-AL-ASAQ-DHAPPQ,62,1043152,2031
005/033-Cycling-3y-AL-ASAQ-DHAPPQ,63,996076,2031
005/033-Cycling-3y-AL-ASAQ-DHAPPQ,64,1149280,2031
005/033-Cycling-3y-AL-ASAQ-DHAPPQ,65,1082460,2031
005/033-Cycling-3y-AL-ASAQ-DHAPPQ,66,1222620,2031
005/033-Cycling-3y-AL-ASAQ-DHAPPQ,67,1122484,2031
005/033-Cycling-3y-AL-ASAQ-DHAPPQ,68,1022820,2031
005/033-Cycling-3y-AL-ASAQ-DHAPPQ,69,979032,2031
005/033-Cycling-3y-AL-ASAQ-DHAPPQ,70,1026492,2031
005/033-Cycling-3y-AL-ASAQ-DHAPPQ,71,1240828,2031
005/033-Cycling-3y-AL-ASAQ-DHAPPQ,72,1020124,2031
005/033-Cycling-3y-AL-ASAQ-DHAPPQ,73,996684,2031
005/033-Cycling-3y-AL-ASAQ-DHAPPQ,74,1236344,2031
005/033-Cycling-3y-AL-ASAQ-DHAPPQ,75,1140152,2031
005/033-Cycling-3y-AL-ASAQ-DHAPPQ,76,927432,2031
005/033-Cycling-3y-AL-ASAQ-DHAPPQ,77,960104,2031
005/033-Cycling-3y-AL-ASAQ-DHAPPQ,78,1064204,2031
005/033-Cycling-3y-AL-ASAQ-DHAPPQ,79,1016032,2031
005/033-Cycling-3y-AL-ASAQ-DHAPPQ,80,1214328,2031
005/033-Cycling-3y-AL-ASAQ-DHAPPQ,81,968028,2031
005/033-Cycling-3y-AL-ASAQ-DHAPPQ,82,1013796,2031
005/033-Cycling-3y-AL-ASAQ-DHAPPQ,83,1029844,2031
005/033-Cycling-3y-AL-ASAQ-DHAPPQ,84,1148100,2031
005/033-Cycling-3y-AL-ASAQ-DHAPPQ,85,866432,2031
005/033-Cycling-3y-AL-ASAQ-DHAPPQ,86,960740,2031
005/033-Cycling-3y-AL-ASAQ-DHAPPQ,87,1068400,2031
005/033-Cycling-3y-AL-ASAQ-DHAPPQ,88,978380,2031
005/033-Cycling-3y-AL-ASAQ-DHAPPQ,89,1023712,2031
005/033-Cycling-3y-AL-ASAQ-DHAPPQ,90,1186244,2031
005/033-Cycling-3y-AL-ASAQ-DHAPPQ,91,1178704,2031
005/033-Cycling-3y-AL-ASAQ-DHAPPQ,92,1111352,2031
005/033-Cycling-3y-AL-ASAQ-DHAPPQ,93,1184684,2031
005/033-Cycling-3y-AL-ASAQ-DHAPPQ,94,1123160,2031
005/033-Cycling-3y-AL-ASAQ-DHAPPQ,95,1069996,2031
005/033-Cycling-3y-AL-ASAQ-DHAPPQ,96,936228,2031
005/033-Cycling-3y-AL-ASAQ-DHAPPQ,97,983148,2031
005/033-Cycling-3y-AL-ASAQ-DHAPPQ,98,1314868,2031
005/033-Cycling-3y-AL-ASAQ-DHAPPQ,99,1018384,2031
005/034-Cycling-3y-AL-DHAPPQ-ASAQ,0,1178660,2031
005/034-Cycling-3y-AL-DHAPPQ-ASAQ,1,1249588,2031
005/034-Cycling-3y-AL-DHAPPQ-ASAQ,2,1209764,2031
005/034-Cycling-3y-AL-DHAPPQ-ASAQ,3,1237744,2031
005/034-Cycling-3y-AL-DHAPPQ-ASAQ,4,1181336,2031
005/034-Cycling-3y-AL-DHAPPQ-ASAQ,5,1090024,2031
005/034-Cycling-3y-AL-DHAPPQ-ASAQ,6,1151224,2031
005/034-Cycling-3y-AL-DHAPPQ-ASAQ,7,1258848,2031
005/034-Cycling-3y-AL-DHAPPQ-ASAQ,8,1296704,2031
005/034-Cycling-3y-AL-DHAPPQ-ASAQ,9,1337768,2031
005/034-Cycling-3y-AL-DHAPPQ-ASAQ,10,1234984,2031
005/034-Cycling-3y-AL-DHAPPQ-ASAQ,11,1135680,2031
005/034-Cycling-3y-AL-DHAPPQ-ASAQ,12,1023360,2031
005/034-Cycling-3y-AL-DHAPPQ-ASAQ,13,1322552,2031
005/034-Cycling-3y-AL-DHAPPQ-ASAQ,14,1305272,2031
005/034-Cycling-3y-AL-DHAPPQ-ASAQ,15,1107680,2031
005/034-Cycling-3y-AL-DHAPPQ-ASAQ,16,1192020,2031
005/034-Cycling-3y-AL-DHAPPQ-ASAQ,17,1375704,2031
005/034-Cycling-3y-AL-DHAPPQ-ASAQ,18,1160356,2031
005/034-Cycling-3y-AL-DHAPPQ-ASAQ,19,1057276,2031
005/034-Cycling-3y-AL-DHAPPQ-ASAQ,20,1357756,2031
005/034-Cycling-3y-AL-DHAPPQ-ASAQ,21,1427180,2031
005/034-Cycling-3y-AL-DHAPPQ-ASAQ,22,1285824,2031
005/034-Cycling-3y-AL-DHAPPQ-ASAQ,23,1204444,2031
005/034-Cycling-3y-AL-DHAPPQ-ASAQ,24,1127568,2031
005/034-Cycling-3y-AL-DHAPPQ-ASAQ,25,1237080,2031
005/034-Cycling-3y-AL-DHAPPQ-ASAQ,26,1309676,2031
005/034-Cycling-3y-AL-DHAPPQ-ASAQ,27,1083500,2031
005/034-Cycling-3y-AL-DHAPPQ-ASAQ,28,1167528,2031
005/034-Cycling-3y-AL-DHAPPQ-ASAQ,29,1151404,2031
005/034-Cycling-3y-AL-DHAPPQ-ASAQ,30,1368424,2031
005/034-Cycling-3y-AL-DHAPPQ-ASAQ,31,1246904,2031
005/034-Cycling-3y-AL-DHAPPQ-ASAQ,32,1146412,2031
005/034-Cycling-3y-AL-DHAPPQ-ASAQ,33,1356720,2031
005/034-Cycling-3y-AL-DHAPPQ-ASAQ,34,1348944,2031
005/034-Cycling-3y-AL-DHAPPQ-ASAQ,35,1208428,2031
005/034-Cycling-3y-AL-DHAPPQ-ASAQ,36,1096856,2031
005/034-Cycling-3y-AL-DHAPPQ-ASAQ,37,1134320,2031
005/034-Cycling-3y-AL-DHAPPQ-ASAQ,38,1217672,2031
005/034-Cycling-3y-AL-DHAPPQ-ASAQ,39,1196708,2031
005/034-Cycling-3y-AL-DHAPPQ-ASAQ,40,1104964,2031
005/034-Cycling-3y-AL-DHAPPQ-ASAQ,41,1606288,2031
005/034-Cycling-3y-AL-DHAPPQ-ASAQ,42,1474580,2031
005/034-Cycling-3y-AL-DHAPPQ-ASAQ,43,1487376,2031
005/034-Cycling-3y-AL-DHAPPQ-ASAQ,44,1191132,2031
005/034-Cycling-3y-AL-DHAPPQ-ASAQ,45,1881192,2031
005/034-Cycling-3y-AL-DHAPPQ-ASAQ,46,1293444,2031
005/034-Cycling-3y-AL-DHAPPQ-ASAQ,47,1499132,2031
005/034-Cycling-3y-AL-DHAPPQ-ASAQ,48,1220460,2031
005/034-Cycling-3y-AL-DHAPPQ-ASAQ,49,1462772,2031
005/034-Cycling-3y-AL-DHAPPQ-ASAQ,50,1019016,2031
005/034-Cycling-3y-AL-DHAPPQ-ASAQ,51,1183564,2031
005/034-Cycling-3y-AL-DHAPPQ-ASAQ,52,1252740,2031
005/034-Cycling-3y-AL-DHAPPQ-ASAQ,53,1302660,2031
005/034-Cycling-3y-AL-DHAPPQ-ASAQ,54,1169232,2031
005/034-Cycling-3y-AL-DHAPPQ-ASAQ,55,1208328,2031
005/034-Cycling-3y-AL-DHAPPQ-ASAQ,56,1293312,2031
005/034-Cycling-3y-AL-DHAPPQ-ASAQ,57,1161696,2031
005/034-Cycling-3y-AL-DHAPPQ-ASAQ,58,1177272,2031
005/034-Cycling-3y-AL-DHAPPQ-ASAQ,59,1219784,2031
005/034-Cycling-3y-AL-DHAPPQ-ASAQ,60,1590456,2031
005/034-Cycling-3y-AL-DHAPPQ-ASAQ,61,1160796,2031
005/034-Cycling-3y-AL-DHAPPQ-ASAQ,62,1016968,2031
005/034-Cycling-3y-AL-DHAPPQ-ASAQ,63,1591528,2031
005/034-Cycling-3y-AL-DHAPPQ-ASAQ,64,1152680,2031
005/034-Cycling-3y-AL-DHAPPQ-ASAQ,65,1217936,2031
005/034-Cycling-3y-AL-DHAPPQ-ASAQ,66,1289756,2031
005/034-Cycling-3y-AL-DHAPPQ-ASAQ,67,1035708,2031
005/034-Cycling-3y-AL-DHAPPQ-ASAQ,68,1253312,2031
005/034-Cycling-3y-AL-DHAPPQ-ASAQ,69,1103524,2031
005/034-Cycling-3y-AL-DHAPPQ-ASAQ,70,1179964,2031
005/034-Cycling-3y-AL-DHAPPQ-ASAQ,71,1245292,2031
005/034-Cycling-3y-AL-DHAPPQ-ASAQ,72,1125928,2031
005/034-Cycling-3y-AL-DHAPPQ-ASAQ,73,1040036,2031
005/034-Cycling-3y-AL-DHAPPQ-ASAQ,74,1141252,2031
005/034-Cycling-3y-AL-DHAPPQ-ASAQ,75,1311020,2031
005/034-Cycling-3y-AL-DHAPPQ-ASAQ,76,1322628,2031
005/034-Cycling-3y-AL-DHAPPQ-ASAQ,77,1278036,2031
005/034-Cycling-3y-AL-DHAPPQ-ASAQ,78,1092968,2031
005/034-Cycling-3y-AL-DHAPPQ-ASAQ,79,1219520,2031
005/034-Cycling-3y-AL-DHAPPQ-ASAQ,80,1144024,2031
005/034-Cycling-3y-AL-DHAPPQ-ASAQ,81,1245332,2031
005/034-Cycling-3y-AL-DHAPPQ-ASAQ,82,1125968,2031
005/034-Cycling-3y-AL-DHAPPQ-ASAQ,83,1169624,2031
005/034-Cycling-3y-AL-DHAPPQ-ASAQ,84,1301840,2031
005/034-Cycling-3y-AL-DHAPPQ-ASAQ,85,1347648,2031
005/034-Cycling-3y-AL-DHAPPQ-ASAQ,86,1204760,2031
005/034-Cycling-3y-AL-DHAPPQ-ASAQ,87,1226732,2031
005/034-Cycling-3y-AL-DHAPPQ-ASAQ,88,1091368,2031
005/034-Cycling-3y-AL-DHAPPQ-ASAQ,89,1151360,2031
005/034-Cycling-3y-AL-DHAPPQ-ASAQ,90,1018440,2031
005/034-Cycling-3y-AL-DHAPPQ-ASAQ,91,1243872,2031
005/034-Cycling-3y-AL-DHAPPQ-ASAQ,92,1319740,2031
005/034-Cycling-3y-AL-DHAPPQ-ASAQ,93,1281028,2031
005/034-Cycling-3y-AL-DHAPPQ-ASAQ,94,1208432,2031
005/034-Cycling-3y-AL-DHAPPQ-ASAQ,95,1058484,2031
005/034-Cycling-3y-AL-DHAPPQ-ASAQ,96,994456,2031
005/034-Cycling-3y-AL-DHAPPQ-ASAQ,97,1270996,2031
005/034-Cycling-3y-AL-DHAPPQ-ASAQ,98,1274632,2031
005/034-Cycling-3y-AL-DHAPPQ-ASAQ,99,1152132,2031
005/035-Cycling-3y-ASAQ-AL-DHAPPQ,0,1229524,2031
005/035-Cycling-3y-ASAQ-AL-DHAPPQ,1,930412,2031
005/035-Cycling-3y-ASAQ-AL-DHAPPQ,2,1157416,2031
005/035-Cycling-3y-ASAQ-AL-DHAPPQ,3,1089568,2031
005/035-Cycling-3y-ASAQ-AL-DHAPPQ,4,980956,2031
005/035-Cycling-3y-ASAQ-AL-DHAPPQ,5,1234160,2031
005/035-Cycling-3y-ASAQ-AL-DHAPPQ,6,966712,2031
005/035-Cycling-3y-ASAQ-AL-DHAPPQ,7,1003156,2031
005/035-Cycling-3y-ASAQ-AL-DHAPPQ,8,1091744,2031
005/035-Cycling-3y-ASAQ-AL-DHAPPQ,9,1298676,2031
005/035-Cycling-3y-ASAQ-AL-DHAPPQ,10,1068416,2031
005/035-Cycling-3y-ASAQ-AL-DHAPPQ,11,919012,2031
005/035-Cycling-3y-ASAQ-AL-DHAPPQ,12,1165060,2031
005/035-Cycling-3y-ASAQ-AL-DHAPPQ,13,1091308,2031
005/035-Cycling-3y-ASAQ-AL-DHAPPQ,14,1026236,2031
005/035-Cycling-3y-ASAQ-AL-DHAPPQ,15,996336,2031
005/035-Cycling-3y-ASAQ-AL-DHAPPQ,16,1166040,2031
005/035-Cycling-3y-ASAQ-AL-DHAPPQ,17,892724,2031
005/035-Cycling-3y-ASAQ-AL-DHAPPQ,18,1023960,2031
005/035-Cycling-3y-ASAQ-AL-DHAPPQ,19,1090164,2031
005/035-Cycling-3y-ASAQ-AL-DHAPPQ,20,950296,2031
005/035-Cycling-3y-ASAQ-AL-DHAPPQ,21,1007156,2031
005/035-Cycling-3y-ASAQ-AL-DHAPPQ,22,1255724,2031
005/035-Cycling-3y-ASAQ-AL-DHAPPQ,23,1079328,2031
005/035-Cycling-3y-ASAQ-AL-DHAPPQ,24,1126392,2031
005/035-Cycling-3y-ASAQ-AL-DHAPPQ,25,1053572,2031
005/035-Cycling-3y-ASAQ-AL-DHAPPQ,26,894876,2031
005/035-Cycling-3y-ASAQ-AL-DHAPPQ,27,1097272,2031
005/035-Cycling-3y-ASAQ-AL-DHAPPQ,28,1045804,2031
005/035-Cycling-3y-ASAQ-AL-DHAPPQ,29,981648,2031
005/035-Cycling-3y-ASAQ-AL-DHAPPQ,30,968504,2031
005/035-Cycling-3y-ASAQ-AL-DHAPPQ,31,1039940,2031
005/035-Cycling-3y-ASAQ-AL-DHAPPQ,32,945020,2031
005/035-Cycling-3y-ASAQ-AL-DHAPPQ,33,982856,2031
005/035-Cycling-3y-ASAQ-AL-DHAPPQ,34,1234304,2031
005/035-Cycling-3y-ASAQ-AL-DHAPPQ,35,1183520,2031
005/035-Cycling-3y-ASAQ-AL-DHAPPQ,36,905068,2031
005/035-Cycling-3y-ASAQ-AL-DHAPPQ,37,1022480,2031
005/035-Cycling-3y-ASAQ-AL-DHAPPQ,38,1098196,2031
005/035-Cycling-3y-ASAQ-AL-DHAPPQ,39,1027304,2031
005/035-Cycling-3y-ASAQ-AL-DHAPPQ,40,1141924,2031
005/035-Cycling-3y-ASAQ-AL-DHAPPQ,41,982644,2031
005/035-Cycling-3y-ASAQ-AL-DHAPPQ,42,1071292,2031
005/035-Cycling-3y-ASAQ-AL-DHAPPQ,43,1049916,2031
005/035-Cycling-3y-ASAQ-AL-DHAPPQ,44,1070096,2031
005/035-Cycling-3y-ASAQ-AL-DHAPPQ,45,1102856,2031
005/035-Cycling-3y-ASAQ-AL-DHAPPQ,46,1174660,2031
005/035-Cycling-3y-ASAQ-AL-DHAPPQ,47,999056,2031
005/035-Cycling-3y-ASAQ-AL-DHAPPQ,48,1121468,2031
005/035-Cycling-3y-ASAQ-AL-DHAPPQ,49,1041980,2031
005/035-Cycling-3y-ASAQ-AL-DHAPPQ,50,929332,2031
005/035-Cycling-3y-ASAQ-AL-DHAPPQ,51,1066868,2031
005/035-Cycling-3y-ASAQ-AL-DHAPPQ,52,1132032,2031
005/035-Cycling-3y-ASAQ-AL-DHAPPQ,53,974292,2031
005/035-Cycling-3y-ASAQ-AL-DHAPPQ,54,866220,2031
005/035-Cycling-3y-ASAQ-AL-DHAPPQ,55,1192360,2031
005/035-Cycling-3y-ASAQ-AL-DHAPPQ,56,990460,2031
005/035-Cycling-3y-ASAQ-AL-DHAPPQ,57,1455900,2031
005/035-Cycling-3y-ASAQ-AL-DHAPPQ,58,1137268,2031
005/035-Cycling-3y-ASAQ-AL-DHAPPQ,59,1041332,2031
005/035-Cycling-3y-ASAQ-AL-DHAPPQ,60,1260068,2031
005/035-Cycling-3y-ASAQ-AL-DHAPPQ,61,978548,2031
005/035-Cycling-3y-ASAQ-AL-DHAPPQ,62,1022204,2031
005/035-Cycling-3y-ASAQ-AL-DHAPPQ,63,1055428,2031
005/035-Cycling-3y-ASAQ-AL-DHAPPQ,64,1023616,2031
005/035-Cycling-3y-ASAQ-AL-DHAPPQ,65,978072,2031
005/035-Cycling-3y-ASAQ-AL-DHAPPQ,66,958528,2031
005/035-Cycling-3y-ASAQ-AL-DHAPPQ,67,1059332,2031
005/035-Cycling-3y-ASAQ-AL-DHAPPQ,68,1062104,2031
005/035-Cycling-3y-ASAQ-AL-DHAPPQ,69,1029664,2031
005/035-Cycling-3y-ASAQ-AL-DHAPPQ,70,978384,2031
005/035-Cycling-3y-ASAQ-AL-DHAPPQ,71,978752,2031
005/035-Cycling-3y-ASAQ-AL-DHAPPQ,72,1174884,2031
005/035-Cycling-3y-ASAQ-AL-DHAPPQ,73,1054784,2031
005/035-Cycling-3y-ASAQ-AL-DHAPPQ,74,1036236,2031
005/035-Cycling-3y-ASAQ-AL-DHAPPQ,75,1149812,2031
005/035-Cycling-3y-ASAQ-AL-DHAPPQ,76,885672,2031
005/035-Cycling-3y-ASAQ-AL-DHAPPQ,77,963636,2031
005/035-Cycling-3y-ASAQ-AL-DHAPPQ,78,1097536,2031
005/035-Cycling-3y-ASAQ-AL-DHAPPQ,79,1057108,2031
005/035-Cycling-3y-ASAQ-AL-DHAPPQ,80,1067536,2031
005/035-Cycling-3y-ASAQ-AL-DHAPPQ,81,915608,2031
005/035-Cycling-3y-ASAQ-AL-DHAPPQ,82,1112924,2031
005/035-Cycling-3y-ASAQ-AL-DHAPPQ,83,1008096,2031
005/035-Cycling-3y-ASAQ-AL-DHAPPQ,84,1092268,2031
005/035-Cycling-3y-ASAQ-AL-DHAPPQ,85,1099068,2031
005/035-Cycling-3y-ASAQ-AL-DHAPPQ,86,1053712,2031
005/035-Cycling-3y-ASAQ-AL-DHAPPQ,87,1271044,2031
005/035-Cycling-3y-ASAQ-AL-DHAPPQ,88,964180,2031
005/035-Cycling-3y-ASAQ-AL-DHAPPQ,89,888688,2031
005/035-Cycling-3y-ASAQ-AL-DHAPPQ,90,963312,2031
005/035-Cycling-3y-ASAQ-AL-DHAPPQ,91,1186448,2031
005/035-Cycling-3y-ASAQ-AL-DHAPPQ,92,1044832,2031
005/035-Cycling-3y-ASAQ-AL-DHAPPQ,93,1065068,2031
005/035-Cycling-3y-ASAQ-AL-DHAPPQ,94,983300,2031
005/035-Cycling-3y-ASAQ-AL-DHAPPQ,95,949548,2031
005/035-Cycling-3y-ASAQ-AL-DHAPPQ,96,1039760,2031
005/035-Cycling-3y-ASAQ-AL-DHAPPQ,97,1048068,2031
005/035-Cycling-3y-ASAQ-AL-DHAPPQ,98,965248,2031
005/035-Cycling-3y-ASAQ-AL-DHAPPQ,99,1145780,2031
005/036-Cycling-3y-ASAQ-DHAPPQ-AL,0,600536,2031
005/036-Cycling-3y-ASAQ-DHAPPQ-AL,1,595104,2031
005/036-Cycling-3y-ASAQ-DHAPPQ-AL,2,602492,2031
005/036-Cycling-3y-ASAQ-DHAPPQ-AL,3,547816,2031
005/036-Cycling-3y-ASAQ-DHAPPQ-AL,4,587088,2031
005/036-Cycling-3y-ASAQ-DHAPPQ-AL,5,643276,2031
005/036-Cycling-3y-ASAQ-DHAPPQ-AL,6,659512,2031
005/036-Cycling-3y-ASAQ-DHAPPQ-AL,7,538344,2031
005/036-Cycling-3y-ASAQ-DHAPPQ-AL,8,573740,2031
005/036-Cycling-3y-ASAQ-DHAPPQ-AL,9,608368,2031
005/036-Cycling-3y-ASAQ-DHAPPQ-AL,10,596576,2031
005/036-Cycling-3y-ASAQ-DHAPPQ-AL,11,567128,2031
005/036-Cycling-3y-ASAQ-DHAPPQ-AL,12,576496,2031
005/036-Cycling-3y-ASAQ-DHAPPQ-AL,13,594652,2031
005/036-Cycling-3y-ASAQ-DHAPPQ-AL,14,662336,2031
005/036-Cycling-3y-ASAQ-DHAPPQ-AL,15,589160,2031
005/036-Cycling-3y-ASAQ-DHAPPQ-AL,16,590812,2031
005/036-Cycling-3y-ASAQ-DHAPPQ-AL,17,551228,2031
005/036-Cycling-3y-ASAQ-DHAPPQ-AL,18,687824,2031
005/036-Cycling-3y-ASAQ-DHAPPQ-AL,19,578540,2031
005/036-Cycling-3y-ASAQ-DHAPPQ-AL,20,607088,2031
005/036-Cycling-3y-ASAQ-DHAPPQ-AL,21,617008,2031
005/036-Cycling-3y-ASAQ-DHAPPQ-AL,22,616992,2031
005/036-Cycling-3y-ASAQ-DHAPPQ-AL,23,608612,2031
005/036-Cycling-3y-ASAQ-DHAPPQ-AL,24,579868,2031
005/036-Cycling-3y-ASAQ-DHAPPQ-AL,25,596988,2031
005/036-Cycling-3y-ASAQ-DHAPPQ-AL,26,553172,2031
005/036-Cycling-3y-ASAQ-DHAPPQ-AL,27,573624,2031
005/036-Cycling-3y-ASAQ-DHAPPQ-AL,28,637568,2031
005/036-Cycling-3y-ASAQ-DHAPPQ-AL,29,588632,2031
005/036-Cycling-3y-ASAQ-DHAPPQ-AL,30,595000,2031
005/036-Cycling-3y-ASAQ-DHAPPQ-AL,31,552120,2031
005/036-Cycling-3y-ASAQ-DHAPPQ-AL,32,626272,2031
005/036-Cycling-3y-ASAQ-DHAPPQ-AL,33,555432,2031
005/036-Cycling-3y-ASAQ-DHAPPQ-AL,34,596648,2031
005/036-Cycling-3y-ASAQ-DHAPPQ-AL,35,609184,2031
005/036-Cycling-3y-ASAQ-DHAPPQ-AL,36,604404,2031
005/036-Cycling-3y-ASAQ-DHAPPQ-AL,37,556104,2031
005/036-Cycling-3y-ASAQ-DHAPPQ-AL,38,581468,2031
005/036-Cycling-3y-ASAQ-DHAPPQ-AL,39,524856,2031
005/036-Cycling-3y-ASAQ-DHAPPQ-AL,40,575888,2031
005/036-Cycling-3y-ASAQ-DHAPPQ-AL,41,578104,2031
005/036-Cycling-3y-ASAQ-DHAPPQ-AL,42,698604,2031
005/036-Cycling-3y-ASAQ-DHAPPQ-AL,43,602584,2031
005/036-Cycling-3y-ASAQ-DHAPPQ-AL,44,561912,2031
005/036-Cycling-3y-ASAQ-DHAPPQ-AL,45,570072,2031
005/036-Cycling-3y-ASAQ-DHAPPQ-AL,46,637332,2031
005/036-Cycling-3y-ASAQ-DHAPPQ-AL,47,700276,2031
005/036-Cycling-3y-ASAQ-DHAPPQ-AL,48,598540,2031
005/036-Cycling-3y-ASAQ-DHAPPQ-AL,49,602312,2031
005/036-Cycling-3y-ASAQ-DHAPPQ-AL,50,637100,2031
005/036-Cycling-3y-ASAQ-DHAPPQ-AL,51,573532,2031
005/036-Cycling-3y-ASAQ-DHAPPQ-AL,52,588540,2031
005/036-Cycling-3y-ASAQ-DHAPPQ-AL,53,598172,2031
005/036-Cycling-3y-ASAQ-DHAPPQ-AL,54,623520,2031
005/036-Cycling-3y-ASAQ-DHAPPQ-AL,55,569228,2031
005/036-Cycling-3y-ASAQ-DHAPPQ-AL,56,563628,2031
005/036-Cycling-3y-ASAQ-DHAPPQ-AL,57,671900,2031
005/036-Cycling-3y-ASAQ-DHAPPQ-AL,58,595580,2031
005/036-Cycling-3y-ASAQ-DHAPPQ-AL,59,592056,2031
005/036-Cycling-3y-ASAQ-DHAPPQ-AL,60,569168,2031
005/036-Cycling-3y-ASAQ-DHAPPQ-AL,61,578232,2031
005/036-Cycling-3y-ASAQ-DHAPPQ-AL,62,613676,2031
005/036-Cycling-3y-ASAQ-DHAPPQ-AL,63,550768,2031
005/036-Cycling-3y-ASAQ-DHAPPQ-AL,64,580972,2031
005/036-Cycling-3y-ASAQ-DHAPPQ-AL,65,600428,2031
005/036-Cycling-3y-ASAQ-DHAPPQ-AL,66,583308,2031
005/036-Cycling-3y-ASAQ-DHAPPQ-AL,67,558816,2031
005/036-Cycling-3y-ASAQ-DHAPPQ-AL,68,586012,2031
005/036-Cycling-3y-ASAQ-DHAPPQ-AL,69,667988,2031
005/036-Cycling-3y-ASAQ-DHAPPQ-AL,70,598180,2031
005/036-Cycling-3y-ASAQ-DHAPPQ-AL,71,585340,2031
005/036-Cycling-3y-ASAQ-DHAPPQ-AL,72,565128,2031
005/036-Cycling-3y-ASAQ-DHAPPQ-AL,73,602372,2031
005/036-Cycling-3y-ASAQ-DHAPPQ-AL,74,605104,2031
005/036-Cycling-3y-ASAQ-DHAPPQ-AL,75,584244,2031
005/036-Cycling-3y-ASAQ-DHAPPQ-AL,76,651296,2031
005/036-Cycling-3y-ASAQ-DHAPPQ-AL,77,535048,2031
005/036-Cycling-3y-ASAQ-DHAPPQ-AL,78,568144,2031
005/036-Cycling-3y-ASAQ-DHAPPQ-AL,79,529536,2031
005/036-Cycling-3y-ASAQ-DHAPPQ-AL,80,605616,2031
005/036-Cycling-3y-ASAQ-DHAPPQ-AL,81,547316,2031
005/036-Cycling-3y-ASAQ-DHAPPQ-AL,82,657244,2031
005/036-Cycling-3y-ASAQ-DHAPPQ-AL,83,596040,2031
005/036-Cycling-3y-ASAQ-DHAPPQ-AL,84,601736,2031
005/036-Cycling-3y-ASAQ-DHAPPQ-AL,85,588204,2031
005/036-Cycling-3y-ASAQ-DHAPPQ-AL,86,602896,2031
005/036-Cycling-3y-ASAQ-DHAPPQ-AL,87,584964,2031
005/036-Cycling-3y-ASAQ-DHAPPQ-AL,88,639064,2031
005/036-Cycling-3y-ASAQ-DHAPPQ-AL,89,569232,2031
005/036-Cycling-3y-ASAQ-DHAPPQ-AL,90,638564,2031
005/036-Cycling-3y-ASAQ-DHAPPQ-AL,91,638172,2031
005/036-Cycling-3y-ASAQ-DHAPPQ-AL,92,570808,2031
005/036-Cycling-3y-ASAQ-DHAPPQ-AL,93,570912,2031
005/036-Cycling-3y-ASAQ-DHAPPQ-AL,94,621852,2031
005/036-Cycling-3y-ASAQ-DHAPPQ-AL,95,619492,2031
005/036-Cycling-3y-ASAQ-DHAPPQ-AL,96,571536,2031
005/036-Cycling-3y-ASAQ-DHAPPQ-AL,97,562556,2031
005/036-Cycling-3y-ASAQ-DHAPPQ-AL,98,628436,2031
005/036-Cycling-3y-ASAQ-DHAPPQ-AL,99,611636,2031
005/037-Cycling-3y-DHAPPQ-AL-ASAQ,0,1301104,2031
005/037-Cycling-3y-DHAPPQ-AL-ASAQ,1,1328940,2031
005/037-Cycling-3y-DHAPPQ-AL-ASAQ,2,1214716,2031
005/037-Cycling-3y-DHAPPQ-AL-ASAQ,3,1234016,2031
005/037-Cycling-3y-DHAPPQ-AL-ASAQ,4,1380064,2031
005/037-Cycling-3y-DHAPPQ-AL-ASAQ,5,1090580,2031
005/037-Cycling-3y-DHAPPQ-AL-ASAQ,6,1252212,2031
005/037-Cycling-3y-DHAPPQ-AL-ASAQ,7,1075740,2031
005/037-Cycling-3y-DHAPPQ-AL-ASAQ,8,1323892,2031
005/037-Cycling-3y-DHAPPQ-AL-ASAQ,9,1370196,2031
005/037-Cycling-3y-DHAPPQ-AL-ASAQ,10,1364916,2031
005/037-Cycling-3y-DHAPPQ-AL-ASAQ,11,1375664,2031
005/037-Cycling-3y-DHAPPQ-AL-ASAQ,12,1158420,2031
005/037-Cycling-3y-DHAPPQ-AL-ASAQ,13,1172980,2031
005/037-Cycling-3y-DHAPPQ-AL-ASAQ,14,1235124,2031
005/037-Cycling-3y-DHAPPQ-AL-ASAQ,15,1294292,2031
005/037-Cycling-3y-DHAPPQ-AL-ASAQ,16,1217488,2031
005/037-Cycling-3y-DHAPPQ-AL-ASAQ,17,1204384,2031
005/037-Cycling-3y-DHAPPQ-AL-ASAQ,18,1111980,2031
005/037-Cycling-3y-DHAPPQ-AL-ASAQ,19,1179348,2031
005/037-Cycling-3y-DHAPPQ-AL-ASAQ,20,1092756,2031
005/037-Cycling-3y-DHAPPQ-AL-ASAQ,21,1146824,2031
005/037-Cycling-3y-DHAPPQ-AL-ASAQ,22,1177112,2031
005/037-Cycling-3y-DHAPPQ-AL-ASAQ,23,1687960,2031
005/037-Cycling-3y-DHAPPQ-AL-ASAQ,24,1141280,2031
005/037-Cycling-3y-DHAPPQ-AL-ASAQ,25,1216748,2031
005/037-Cycling-3y-DHAPPQ-AL-ASAQ,26,1152380,2031
005/037-Cycling-3y-DHAPPQ-AL-ASAQ,27,1286760,2031
005/037-Cycling-3y-DHAPPQ-AL-ASAQ,28,1240500,2031
005/037-Cycling-3y-DHAPPQ-AL-ASAQ,29,1212440,2031
005/037-Cycling-3y-DHAPPQ-AL-ASAQ,30,1198748,2031
005/037-Cycling-3y-DHAPPQ-AL-ASAQ,31,1102288,2031
005/037-Cycling-3y-DHAPPQ-AL-ASAQ,32,1225148,2031
005/037-Cycling-3y-DHAPPQ-AL-ASAQ,33,1229980,2031
005/037-Cycling-3y-DHAPPQ-AL-ASAQ,34,1187148,2031
005/037-Cycling-3y-DHAPPQ-AL-ASAQ,35,1414076,2031
005/037-Cycling-3y-DHAPPQ-AL-ASAQ,36,1066108,2031
005/037-Cycling-3y-DHAPPQ-AL-ASAQ,37,1319080,2031
005/037-Cycling-3y-DHAPPQ-AL-ASAQ,38,1160492,2031
005/037-Cycling-3y-DHAPPQ-AL-ASAQ,39,1278152,2031
005/037-Cycling-3y-DHAPPQ-AL-ASAQ,40,1360448,2031
005/037-Cycling-3y-DHAPPQ-AL-ASAQ,41,1355380,2031
005/037-Cycling-3y-DHAPPQ-AL-ASAQ,42,1248588,2031
005/037-Cycling-3y-DHAPPQ-AL-ASAQ,43,1342448,2031
005/037-Cycling-3y-DHAPPQ-AL-ASAQ,44,1216468,2031
005/037-Cycling-3y-DHAPPQ-AL-ASAQ,45,1172536,2031
005/037-Cycling-3y-DHAPPQ-AL-ASAQ,46,1072656,2031
005/037-Cycling-3y-DHAPPQ-AL-ASAQ,47,1132468,2031
005/037-Cycling-3y-DHAPPQ-AL-ASAQ,48,1493036,2031
005/037-Cycling-3y-DHAPPQ-AL-ASAQ,49,1422692,2031
005/037-Cycling-3y-DHAPPQ-AL-ASAQ,50,1276364,2031
005/037-Cycling-3y-DHAPPQ-AL-ASAQ,51,1292304,2031
005/037-Cycling-3y-DHAPPQ-AL-ASAQ,52,1451092,2031
005/037-Cycling-3y-DHAPPQ-AL-ASAQ,53,1231216,2031
005/037-Cycling-3y-DHAPPQ-AL-ASAQ,54,1345472,2031
005/037-Cycling-3y-DHAPPQ-AL-ASAQ,55,1268780,2031
005/037-Cycling-3y-DHAPPQ-AL-ASAQ,56,1340900,2031
005/037-Cycling-3y-DHAPPQ-AL-ASAQ,57,1260464,2031
005/037-Cycling-3y-DHAPPQ-AL-ASAQ,58,1332116,2031
005/037-Cycling-3y-DHAPPQ-AL-ASAQ,59,1462744,2031
005/037-Cycling-3y-DHAPPQ-AL-ASAQ,60,1406028,2031
005/037-Cycling-3y-DHAPPQ-AL-ASAQ,61,1611528,2031
005/037-Cycling-3y-DHAPPQ-AL-ASAQ,62,1139428,2031
005/037-Cycling-3y-DHAPPQ-AL-ASAQ,63,1218656,2031
005/037-Cycling-3y-DHAPPQ-AL-ASAQ,64,1141364,2031
005/037-Cycling-3y-DHAPPQ-AL-ASAQ,65,1025508,2031
005/037-Cycling-3y-DHAPPQ-AL-ASAQ,66,1494048,2031
005/037-Cycling-3y-DHAPPQ-AL-ASAQ,67,1184428,2031
005/037-Cycling-3y-DHAPPQ-AL-ASAQ,68,1585484,2031
005/037-Cycling-3y-DHAPPQ-AL-ASAQ,69,1281456,2031
005/037-Cycling-3y-DHAPPQ-AL-ASAQ,70,1238624,2031
005/037-Cycling-3y-DHAPPQ-AL-ASAQ,71,1435268,2031
005/037-Cycling-3y-DHAPPQ-AL-ASAQ,72,1543740,2031
005/037-Cycling-3y-DHAPPQ-AL-ASAQ,73,1453556,2031
005/037-Cycling-3y-DHAPPQ-AL-ASAQ,74,1470928,2031
005/037-Cycling-3y-DHAPPQ-AL-ASAQ,75,1331788,2031
005/037-Cycling-3y-DHAPPQ-AL-ASAQ,76,1195620,2031
005/037-Cycling-3y-DHAPPQ-AL-ASAQ,77,1106524,2031
005/037-Cycling-3y-DHAPPQ-AL-ASAQ,78,1309080,2031
005/037-Cycling-3y-DHAPPQ-AL-ASAQ,79,1342916,2031
005/037-Cycling-3y-DHAPPQ-AL-ASAQ,80,1131424,2031
005/037-Cycling-3y-DHAPPQ-AL-ASAQ,81,1406688,2031
005/037-Cycling-3y-DHAPPQ-AL-ASAQ,82,1107996,2031
005/037-Cycling-3y-DHAPPQ-AL-ASAQ,83,1261356,2031
005/037-Cycling-3y-DHAPPQ-AL-ASAQ,84,1221452,2031
005/037-Cycling-3y-DHAPPQ-AL-ASAQ,85,1031472,2031
005/037-Cycling-3y-DHAPPQ-AL-ASAQ,86,1130692,2031
005/037-Cycling-3y-DHAPPQ-AL-ASAQ,87,1382620,2031
005/037-Cycling-3y-DHAPPQ-AL-ASAQ,88,1289620,2031
005/037-Cycling-3y-DHAPPQ-AL-ASAQ,89,1593284,2031
005/037-Cycling-3y-DHAPPQ-AL-ASAQ,90,1384132,2031
005/037-Cycling-3y-DHAPPQ-AL-ASAQ,91,1133256,2031
005/037-Cycling-3y-DHAPPQ-AL-ASAQ,92,1344860,2031
005/037-Cycling-3y-DHAPPQ-AL-ASAQ,93,1299204,2031
005/037-Cycling-3y-DHAPPQ-AL-ASAQ,94,1184564,2031
005/037-Cycling-3y-DHAPPQ-AL-ASAQ,95,1178912,2031
005/037-Cycling-3y-DHAPPQ-AL-ASAQ,96,1078308,2031
005/037-Cycling-3y-DHAPPQ-AL-ASAQ,97,1302688,2031
005/037-Cycling-3y-DHAPPQ-AL-ASAQ,98,1246100,2031
005/037-Cycling-3y-DHAPPQ-AL-ASAQ,99,1283848,2031
005/038-Cycling-3y-DHAPPQ-ASAQ-AL,0,625756,2031
005/038-Cycling-3y-DHAPPQ-ASAQ-AL,1,655816,2031
005/038-Cycling-3y-DHAPPQ-ASAQ-AL,2,635720,2031
005/038-Cycling-3y-DHAPPQ-ASAQ-AL,3,599476,2031
005/038-Cycling-3y-DHAPPQ-ASAQ-AL,4,653680,2031
005/038-Cycling-3y-DHAPPQ-ASAQ-AL,5,585040,2031
005/038-Cycling-3y-DHAPPQ-ASAQ-AL,6,611860,2031
005/038-Cycling-3y-DHAPPQ-ASAQ-AL,7,676960,2031
005/038-Cycling-3y-DHAPPQ-ASAQ-AL,8,661160,2031
005/038-Cycling-3y-DHAPPQ-ASAQ-AL,9,595752,2031
005/038-Cycling-3y-DHAPPQ-ASAQ-AL,10,611004,2031
005/038-Cycling-3y-DHAPPQ-ASAQ-AL,11,590368,2031
005/038-Cycling-3y-DHAPPQ-ASAQ-AL,12,653860,2031
005/038-Cycling-3y-DHAPPQ-ASAQ-AL,13,667808,2031
005/038-Cycling-3y-DHAPPQ-ASAQ-AL,14,620884,2031
005/038-Cycling-3y-DHAPPQ-ASAQ-AL,15,616056,2031
005/038-Cycling-3y-DHAPPQ-ASAQ-AL,16,619732,2031
005/038-Cycling-3y-DHAPPQ-ASAQ-AL,17,552600,2031
005/038-Cycling-3y-DHAPPQ-ASAQ-AL,18,600564,2031
005/038-Cycling-3y-DHAPPQ-ASAQ-AL,19,620540,2031
005/038-Cycling-3y-DHAPPQ-ASAQ-AL,20,515344,2031
005/038-Cycling-3y-DHAPPQ-ASAQ-AL,21,733276,2031
005/038-Cycling-3y-DHAPPQ-ASAQ-AL,22,634920,2031
005/038-Cycling-3y-DHAPPQ-ASAQ-AL,23,544340,2031
005/038-Cycling-3y-DHAPPQ-ASAQ-AL,24,621948,2031
005/038-Cycling-3y-DHAPPQ-ASAQ-AL,25,583420,2031
005/038-Cycling-3y-DHAPPQ-ASAQ-AL,26,653064,2031
005/038-Cycling-3y-DHAPPQ-ASAQ-AL,27,590560,2031
005/038-Cycling-3y-DHAPPQ-ASAQ-AL,28,563136,2031
005/038-Cycling-3y-DHAPPQ-ASAQ-AL,29,587224,2031
005/038-Cycling-3y-DHAPPQ-ASAQ-AL,30,676812,2031
005/038-Cycling-3y-DHAPPQ-ASAQ-AL,31,587848,2031
005/038-Cycling-3y-DHAPPQ-ASAQ-AL,32,682496,2031
005/038-Cycling-3y-DHAPPQ-ASAQ-AL,33,594992,2031
005/038-Cycling-3y-DHAPPQ-ASAQ-AL,34,575108,2031
005/038-Cycling-3y-DHAPPQ-ASAQ-AL,35,656124,2031
005/038-Cycling-3y-DHAPPQ-ASAQ-AL,36,680208,2031
005/038-Cycling-3y-DHAPPQ-ASAQ-AL,37,609500,2031
005/038-Cycling-3y-DHAPPQ-ASAQ-AL,38,629116,2031
005/038-Cycling-3y-DHAPPQ-ASAQ-AL,39,652272,2031
005/038-Cycling-3y-DHAPPQ-ASAQ-AL,40,596548,2031
005/038-Cycling-3y-DHAPPQ-ASAQ-AL,41,637328,2031
005/038-Cycling-3y-DHAPPQ-ASAQ-AL,42,702528,2031
005/038-Cycling-3y-DHAPPQ-ASAQ-AL,43,580376,2031
005/038-Cycling-3y-DHAPPQ-ASAQ-AL,44,692212,2031
005/038-Cycling-3y-DHAPPQ-ASAQ-AL,45,621428,2031
005/038-Cycling-3y-DHAPPQ-ASAQ-AL,46,592292,2031
005/038-Cycling-3y-DHAPPQ-ASAQ-AL,47,682152,2031
005/038-Cycling-3y-DHAPPQ-ASAQ-AL,48,599456,2031
005/038-Cycling-3y-DHAPPQ-ASAQ-AL,49,533388,2031
005/038-Cycling-3y-DHAPPQ-ASAQ-AL,50,595620,2031
005/038-Cycling-3y-DHAPPQ-ASAQ-AL,51,586796,2031
005/038-Cycling-3y-DHAPPQ-ASAQ-AL,52,635180,2031
005/038-Cycling-3y-DHAPPQ-ASAQ-AL,53,619216,2031
005/038-Cycling-3y-DHAPPQ-ASAQ-AL,54,647156,2031
005/038-Cycling-3y-DHAPPQ-ASAQ-AL,55,632748,2031
005/038-Cycling-3y-DHAPPQ-ASAQ-AL,56,676580,2031
005/038-Cycling-3y-DHAPPQ-ASAQ-AL,57,557760,2031
005/038-Cycling-3y-DHAPPQ-ASAQ-AL,58,685784,2031
005/038-Cycling-3y-DHAPPQ-ASAQ-AL,59,619576,2031
005/038-Cycling-3y-DHAPPQ-ASAQ-AL,60,600424,2031
005/038-Cycling-3y-DHAPPQ-ASAQ-AL,61,577892,2031
005/038-Cycling-3y-DHAPPQ-ASAQ-AL,62,584080,2031
005/038-Cycling-3y-DHAPPQ-ASAQ-AL,63,645872,2031
005/038-Cycling-3y-DHAPPQ-ASAQ-AL,64,592848,2031
005/038-Cycling-3y-DHAPPQ-ASAQ-AL,65,576244,2031
005/038-Cycling-3y-DHAPPQ-ASAQ-AL,66,567628,2031
005/038-Cycling-3y-DHAPPQ-ASAQ-AL,67,653004,2031
005/038-Cycling-3y-DHAPPQ-ASAQ-AL,68,532952,2031
005/038-Cycling-3y-DHAPPQ-ASAQ-AL,69,586020,2031
005/038-Cycling-3y-DHAPPQ-ASAQ-AL,70,676992,2031
005/038-Cycling-3y-DHAPPQ-ASAQ-AL,71,602084,2031
005/038-Cycling-3y-DHAPPQ-ASAQ-AL,72,604748,2031
005/038-Cycling-3y-DHAPPQ-ASAQ-AL,73,569552,2031
005/038-Cycling-3y-DHAPPQ-ASAQ-AL,74,603104,2031
005/038-Cycling-3y-DHAPPQ-ASAQ-AL,75,526996,2031
005/038-Cycling-3y-DHAPPQ-ASAQ-AL,76,606284,2031
005/038-Cycling-3y-DHAPPQ-ASAQ-AL,77,587080,2031
005/038-Cycling-3y-DHAPPQ-ASAQ-AL,78,646876,2031
005/038-Cycling-3y-DHAPPQ-ASAQ-AL,79,634116,2031
005/038-Cycling-3y-DHAPPQ-ASAQ-AL,80,603428,2031
005/038-Cycling-3y-DHAPPQ-ASAQ-AL,81,663144,2031
005/038-Cycling-3y-DHAPPQ-ASAQ-AL,82,581480,2031
005/038-Cycling-3y-DHAPPQ-ASAQ-AL,83,626908,2031
005/038-Cycling-3y-DHAPPQ-ASAQ-AL,84,669756,2031
005/038-Cycling-3y-DHAPPQ-ASAQ-AL,85,618564,2031
005/038-Cycling-3y-DHAPPQ-ASAQ-AL,86,687564,2031
005/038-Cycling-3y-DHAPPQ-ASAQ-AL,87,649084,2031
005/038-Cycling-3y-DHAPPQ-ASAQ-AL,88,631876,2031
005/038-Cycling-3y-DHAPPQ-ASAQ-AL,89,649632,2031
005/038-Cycling-3y-DHAPPQ-ASAQ-AL,90,590700,2031
005/038-Cycling-3y-DHAPPQ-ASAQ-AL,91,656224,2031
005/038-Cycling-3y-DHAPPQ-ASAQ-AL,92,625896,2031
005/038-Cycling-3y-DHAPPQ-ASAQ-AL,93,657388,2031
005/038-Cycling-3y-DHAPPQ-ASAQ-AL,94,571332,2031
005/038-Cycling-3y-DHAPPQ-ASAQ-AL,95,675884,2031
005/038-Cycling-3y-DHAPPQ-ASAQ-AL,96,658972,2031
005/038-Cycling-3y-DHAPPQ-ASAQ-AL,97,631300,2031
005/038-Cycling-3y-DHAPPQ-ASAQ-AL,98,638580,2031
005/038-Cycling-3y-DHAPPQ-ASAQ-AL,99,553664,2031
005/039-Cycling-4y-AL-ASAQ,0,1264568,2031
005/039-Cycling-4y-AL-ASAQ,1,1319576,2031
005/039-Cycling-4y-AL-ASAQ,2,1341432,2031
005/039-Cycling-4y-AL-ASAQ,3,1359952,2031
005/039-Cycling-4y-AL-ASAQ,4,1407464,2031
005/039-Cycling-4y-AL-ASAQ,5,1252660,2031
005/039-Cycling-4y-AL-ASAQ,6,1421184,2031
005/039-Cycling-4y-AL-ASAQ,7,1679440,2031
005/039-Cycling-4y-AL-ASAQ,8,1748704,2031
005/039-Cycling-4y-AL-ASAQ,9,1168536,2031
005/039-Cycling-4y-AL-ASAQ,10,1442936,2031
005/039-Cycling-4y-AL-ASAQ,11,1194460,2031
005/039-Cycling-4y-AL-ASAQ,12,1213096,2031
005/039-Cycling-4y-AL-ASAQ,13,1625312,2031
005/039-Cycling-4y-AL-ASAQ,14,1269844,2031
005/039-Cycling-4y-AL-ASAQ,15,1356184,2031
005/039-Cycling-4y-AL-ASAQ,16,1040376,2031
005/039-Cycling-4y-AL-ASAQ,17,1218472,2031
005/039-Cycling-4y-AL-ASAQ,18,1347992,2031
005/039-Cycling-4y-AL-ASAQ,19,1665040,2031
005/039-Cycling-4y-AL-ASAQ,20,1661240,2031
005/039-Cycling-4y-AL-ASAQ,21,1312092,2031
005/039-Cycling-4y-AL-ASAQ,22,1452632,2031
005/039-Cycling-4y-AL-ASAQ,23,1303620,2031
005/039-Cycling-4y-AL-ASAQ,24,1237332,2031
005/039-Cycling-4y-AL-ASAQ,25,1515928,2031
005/039-Cycling-4y-AL-ASAQ,26,1452404,2031
005/039-Cycling-4y-AL-ASAQ,27,1457608,2031
005/039-Cycling-4y-AL-ASAQ,28,1556028,2031
005/039-Cycling-4y-AL-ASAQ,29,1218528,2031
005/039-Cycling-4y-AL-ASAQ,30,1206988,2031
005/039-Cycling-4y-AL-ASAQ,31,1052756,2031
005/039-Cycling-4y-AL-ASAQ,32,1515280,2031
005/039-Cycling-4y-AL-ASAQ,33,1359460,2031
005/039-Cycling-4y-AL-ASAQ,34,1266760,2031
005/039-Cycling-4y-AL-ASAQ,35,1314360,2031
005/039-Cycling-4y-AL-ASAQ,36,1426248,2031
005/039-Cycling-4y-AL-ASAQ,37,1325764,2031
005/039-Cycling-4y-AL-ASAQ,38,1492340,2031
005/039-Cycling-4y-AL-ASAQ,39,1242756,2031
005/039-Cycling-4y-AL-ASAQ,40,1604728,2031
005/039-Cycling-4y-AL-ASAQ,41,1474228,2031
005/039-Cycling-4y-AL-ASAQ,42,1218536,2031
005/039-Cycling-4y-AL-ASAQ,43,1215688,2031
005/039-Cycling-4y-AL-ASAQ,44,1185744,2031
005/039-Cycling-4y-AL-ASAQ,45,1251532,2031
005/039-Cycling-4y-AL-ASAQ,46,1496552,2031
005/039-Cycling-4y-AL-ASAQ,47,1301100,2031
005/039-Cycling-4y-AL-ASAQ,48,1394264,2031
005/039-Cycling-4y-AL-ASAQ,49,1286524,2031
005/039-Cycling-4y-AL-ASAQ,50,1160820,2031
005/039-Cycling-4y-AL-ASAQ,51,1361704,2031
005/039-Cycling-4y-AL-ASAQ,52,1235472,2031
005/039-Cycling-4y-AL-ASAQ,53,1763932,2031
005/039-Cycling-4y-AL-ASAQ,54,1249880,2031
005/039-Cycling-4y-AL-ASAQ,55,1390612,2031
005/039-Cycling-4y-AL-ASAQ,56,1458028,2031
005/039-Cycling-4y-AL-ASAQ,57,1346096,2031
005/039-Cycling-4y-AL-ASAQ,58,1225680,2031
005/039-Cycling-4y-AL-ASAQ,59,1587728,2031
005/039-Cycling-4y-AL-ASAQ,60,1402276,2031
005/039-Cycling-4y-AL-ASAQ,61,1208236,2031
005/039-Cycling-4y-AL-ASAQ,62,1191516,2031
005/039-Cycling-4y-AL-ASAQ,63,1394148,2031
005/039-Cycling-4y-AL-ASAQ,64,1299668,2031
005/039-Cycling-4y-AL-ASAQ,65,1360224,2031
005/039-Cycling-4y-AL-ASAQ,66,1286032,2031
005/039-Cycling-4y-AL-ASAQ,67,1360360,2031
005/039-Cycling-4y-AL-ASAQ,68,1062148,2031
005/039-Cycling-4y-AL-ASAQ,69,1254904,2031
005/039-Cycling-4y-AL-ASAQ,70,1191472,2031
005/039-Cycling-4y-AL-ASAQ,71,1576252,2031
005/039-Cycling-4y-AL-ASAQ,72,1367264,2031
005/039-Cycling-4y-AL-ASAQ,73,1586500,2031
005/039-Cycling-4y-AL-ASAQ,74,1246096,2031
005/039-Cycling-4y-AL-ASAQ,75,1417768,2031
005/039-Cycling-4y-AL-ASAQ,76,1902368,2031
005/039-Cycling-4y-AL-ASAQ,77,1231752,2031
005/039-Cycling-4y-AL-ASAQ,78,1490764,2031
005/039-Cycling-4y-AL-ASAQ,79,1407372,2031
005/039-Cycling-4y-AL-ASAQ,80,1371640,2031
005/039-Cycling-4y-AL-ASAQ,81,1403268,2031
005/039-Cycling-4y-AL-ASAQ,82,1230236,2031
005/039-Cycling-4y-AL-ASAQ,83,1368020,2031
005/039-Cycling-4y-AL-ASAQ,84,1171564,2031
005/039-Cycling-4y-AL-ASAQ,85,1300684,2031
005/039-Cycling-4y-AL-ASAQ,86,1399032,2031
005/039-Cycling-4y-AL-ASAQ,87,1689716,2031
005/039-Cycling-4y-AL-ASAQ,88,1597972,2031
005/039-Cycling-4y-AL-ASAQ,89,1390668,2031
005/039-Cycling-4y-AL-ASAQ,90,1274580,2031
005/039-Cycling-4y-AL-ASAQ,91,1383664,2031
005/039-Cycling-4y-AL-ASAQ,92,1063788,2031
005/039-Cycling-4y-AL-ASAQ,93,1181956,2031
005/039-Cycling-4y-AL-ASAQ,94,1603856,2031
005/039-Cycling-4y-AL-ASAQ,95,1577252,2031
005/039-Cycling-4y-AL-ASAQ,96,1298728,2031
005/039-Cycling-4y-AL-ASAQ,97,1273952,2031
005/039-Cycling-4y-AL-ASAQ,98,1424528,2031
005/039-Cycling-4y-AL-ASAQ,99,1498412,2031
005/040-Cycling-4y-AL-DHAPPQ,0,1266784,2031
005/040-Cycling-4y-AL-DHAPPQ,1,1276544,2031
005/040-Cycling-4y-AL-DHAPPQ,2,1361128,2031
005/040-Cycling-4y-AL-DHAPPQ,3,1169556,2031
005/040-Cycling-4y-AL-DHAPPQ,4,1159184,2031
005/040-Cycling-4y-AL-DHAPPQ,5,1150068,2031
005/040-Cycling-4y-AL-DHAPPQ,6,1509308,2031
005/040-Cycling-4y-AL-DHAPPQ,7,1316372,2031
005/040-Cycling-4y-AL-DHAPPQ,8,1430464,2031
005/040-Cycling-4y-AL-DHAPPQ,9,1238460,2031
005/040-Cycling-4y-AL-DHAPPQ,10,1305604,2031
005/040-Cycling-4y-AL-DHAPPQ,11,1661688,2031
005/040-Cycling-4y-AL-DHAPPQ,12,1282624,2031
005/040-Cycling-4y-AL-DHAPPQ,13,1457916,2031
005/040-Cycling-4y-AL-DHAPPQ,14,1224692,2031
005/040-Cycling-4y-AL-DHAPPQ,15,1195360,2031
005/040-Cycling-4y-AL-DHAPPQ,16,1585196,2031
005/040-Cycling-4y-AL-DHAPPQ,17,1223988,2031
005/040-Cycling-4y-AL-DHAPPQ,18,1389756,2031
005/040-Cycling-4y-AL-DHAPPQ,19,1263960,2031
005/040-Cycling-4y-AL-DHAPPQ,20,1212384,2031
005/040-Cycling-4y-AL-DHAPPQ,21,1285256,2031
005/040-Cycling-4y-AL-DHAPPQ,22,1167556,2031
005/040-Cycling-4y-AL-DHAPPQ,23,1479340,2031
005/040-Cycling-4y-AL-DHAPPQ,24,1453856,2031
005/040-Cycling-4y-AL-DHAPPQ,25,1242556,2031
005/040-Cycling-4y-AL-DHAPPQ,26,1098620,2031
005/040-Cycling-4y-AL-DHAPPQ,27,1252916,2031
005/040-Cycling-4y-AL-DHAPPQ,28,1340168,2031
005/040-Cycling-4y-AL-DHAPPQ,29,1267240,2031
005/040-Cycling-4y-AL-DHAPPQ,30,1520024,2031
005/040-Cycling-4y-AL-DHAPPQ,31,1539348,2031
005/040-Cycling-4y-AL-DHAPPQ,32,1520572,2031
005/040-Cycling-4y-AL-DHAPPQ,33,1124152,2031
005/040-Cycling-4y-AL-DHAPPQ,34,1413260,2031
005/040-Cycling-4y-AL-DHAPPQ,35,1332488,2031
005/040-Cycling-4y-AL-DHAPPQ,36,1379396,2031
005/040-Cycling-4y-AL-DHAPPQ,37,1285068,2031
005/040-Cycling-4y-AL-DHAPPQ,38,1595088,2031
005/040-Cycling-4y-AL-DHAPPQ,39,1250264,2031
005/040-Cycling-4y-AL-DHAPPQ,40,1295692,2031
005/040-Cycling-4y-AL-DHAPPQ,41,1493832,2031
005/040-Cycling-4y-AL-DHAPPQ,42,1609488,2031
005/040-Cycling-4y-AL-DHAPPQ,43,1461300,2031
005/040-Cycling-4y-AL-DHAPPQ,44,1290028,2031
005/040-Cycling-4y-AL-DHAPPQ,45,1440396,2031
005/040-Cycling-4y-AL-DHAPPQ,46,1525928,2031
005/040-Cycling-4y-AL-DHAPPQ,47,1445928,2031
005/040-Cycling-4y-AL-DHAPPQ,48,1485060,2031
005/040-Cycling-4y-AL-DHAPPQ,49,1284488,2031
005/040-Cycling-4y-AL-DHAPPQ,50,1582880,2031
005/040-Cycling-4y-AL-DHAPPQ,51,1303628,2031
005/040-Cycling-4y-AL-DHAPPQ,52,1299624,2031
005/040-Cycling-4y-AL-DHAPPQ,53,1229796,2031
005/040-Cycling-4y-AL-DHAPPQ,54,1412468,2031
005/040-Cycling-4y-AL-DHAPPQ,55,1143468,2031
005/040-Cycling-4y-AL-DHAPPQ,56,1128060,2031
005/040-Cycling-4y-AL-DHAPPQ,57,1261008,2031
005/040-Cycling-4y-AL-DHAPPQ,58,1392604,2031
005/040-Cycling-4y-AL-DHAPPQ,59,1206940,2031
005/040-Cycling-4y-AL-DHAPPQ,60,1346712,2031
005/040-Cycling-4y-AL-DHAPPQ,61,1545648,2031
005/040-Cycling-4y-AL-DHAPPQ,62,1355060,2031
005/040-Cycling-4y-AL-DHAPPQ,63,1507008,2031
005/040-Cycling-4y-AL-DHAPPQ,64,1484780,2031
005/040-Cycling-4y-AL-DHAPPQ,65,1261956,2031
005/040-Cycling-4y-AL-DHAPPQ,66,1504148,2031
005/040-Cycling-4y-AL-DHAPPQ,67,1254568,2031
005/040-Cycling-4y-AL-DHAPPQ,68,1472996,2031
005/040-Cycling-4y-AL-DHAPPQ,69,1653460,2031
005/040-Cycling-4y-AL-DHAPPQ,70,1227632,2031
005/040-Cycling-4y-AL-DHAPPQ,71,1280220,2031
005/040-Cycling-4y-AL-DHAPPQ,72,1318600,2031
005/040-Cycling-4y-AL-DHAPPQ,73,1270696,2031
005/040-Cycling-4y-AL-DHAPPQ,74,1230712,2031
005/040-Cycling-4y-AL-DHAPPQ,75,1461724,2031
005/040-Cycling-4y-AL-DHAPPQ,76,1313688,2031
005/040-Cycling-4y-AL-DHAPPQ,77,1248216,2031
005/040-Cycling-4y-AL-DHAPPQ,78,1446952,2031
005/040-Cycling-4y-AL-DHAPPQ,79,1566816,2031
005/040-Cycling-4y-AL-DHAPPQ,80,1464168,2031
005/040-Cycling-4y-AL-DHAPPQ,81,1435944,2031
005/040-Cycling-4y-AL-DHAPPQ,82,1241520,2031
005/040-Cycling-4y-AL-DHAPPQ,83,1620144,2031
005/040-Cycling-4y-AL-DHAPPQ,84,1721892,2031
005/040-Cycling-4y-AL-DHAPPQ,85,1381088,2031
005/040-Cycling-4y-AL-DHAPPQ,86,1282172,2031
005/040-Cycling-4y-AL-DHAPPQ,87,1358964,2031
005/040-Cycling-4y-AL-DHAPPQ,88,1324648,2031
005/040-Cycling-4y-AL-DHAPPQ,89,1358452,2031
005/040-Cycling-4y-AL-DHAPPQ,90,1548408,2031
005/040-Cycling-4y-AL-DHAPPQ,91,2305976,2031
005/040-Cycling-4y-AL-DHAPPQ,92,1277600,2031
005/040-Cycling-4y-AL-DHAPPQ,93,1464732,2031
005/040-Cycling-4y-AL-DHAPPQ,94,1446496,2031
005/040-Cycling-4y-AL-DHAPPQ,95,1358352,2031
005/040-Cycling-4y-AL-DHAPPQ,96,1618584,2031
005/040-Cycling-4y-AL-DHAPPQ,97,1410672,2031
005/040-Cycling-4y-AL-DHAPPQ,98,1304096,2031
005/040-Cycling-4y-AL-DHAPPQ,99,1300084,2031
005/041-Cycling-4y-ASAQ-AL,0,771600,2031
005/041-Cycling-4y-ASAQ-AL,1,870460,2031
005/041-Cycling-4y-ASAQ-AL,2,859924,2031
005/041-Cycling-4y-ASAQ-AL,3,872376,2031
005/041-Cycling-4y-ASAQ-AL,4,759764,2031
005/041-Cycling-4y-ASAQ-AL,5,906884,2031
005/041-Cycling-4y-ASAQ-AL,6,869548,2031
005/041-Cycling-4y-ASAQ-AL,7,771208,2031
005/041-Cycling-4y-ASAQ-AL,8,854640,2031
005/041-Cycling-4y-ASAQ-AL,9,975056,2031
005/041-Cycling-4y-ASAQ-AL,10,830484,2031
005/041-Cycling-4y-ASAQ-AL,11,909000,2031
005/041-Cycling-4y-ASAQ-AL,12,769288,2031
005/041-Cycling-4y-ASAQ-AL,13,807528,2031
005/041-Cycling-4y-ASAQ-AL,14,734136,2031
005/041-Cycling-4y-ASAQ-AL,15,846872,2031
005/041-Cycling-4y-ASAQ-AL,16,866856,2031
005/041-Cycling-4y-ASAQ-AL,17,792704,2031
005/041-Cycling-4y-ASAQ-AL,18,926652,2031
005/041-Cycling-4y-ASAQ-AL,19,872212,2031
005/041-Cycling-4y-ASAQ-AL,20,848984,2031
005/041-Cycling-4y-ASAQ-AL,21,881688,2031
005/041-Cycling-4y-ASAQ-AL,22,808140,2031
005/041-Cycling-4y-ASAQ-AL,23,863728,2031
005/041-Cycling-4y-ASAQ-AL,24,937908,2031
005/041-Cycling-4y-ASAQ-AL,25,798508,2031
005/041-Cycling-4y-ASAQ-AL,26,845348,2031
005/041-Cycling-4y-ASAQ-AL,27,811528,2031
005/041-Cycling-4y-ASAQ-AL,28,842996,2031
005/041-Cycling-4y-ASAQ-AL,29,793164,2031
005/041-Cycling-4y-ASAQ-AL,30,769716,2031
005/041-Cycling-4y-ASAQ-AL,31,736888,2031
005/041-Cycling-4y-ASAQ-AL,32,793700,2031
005/041-Cycling-4y-ASAQ-AL,33,840924,2031
005/041-Cycling-4y-ASAQ-AL,34,835960,2031
005/041-Cycling-4y-ASAQ-AL,35,772536,2031
005/041-Cycling-4y-ASAQ-AL,36,826920,2031
005/041-Cycling-4y-ASAQ-AL,37,870408,2031
005/041-Cycling-4y-ASAQ-AL,38,761520,2031
005/041-Cycling-4y-ASAQ-AL,39,755640,2031
005/041-Cycling-4y-ASAQ-AL,40,786032,2031
005/041-Cycling-4y-ASAQ-AL,41,761172,2031
005/041-Cycling-4y-ASAQ-AL,42,902576,2031
005/041-Cycling-4y-ASAQ-AL,43,908420,2031
005/041-Cycling-4y-ASAQ-AL,44,761268,2031
005/041-Cycling-4y-ASAQ-AL,45,812004,2031
005/041-Cycling-4y-ASAQ-AL,46,817188,2031
005/041-Cycling-4y-ASAQ-AL,47,801420,2031
005/041-Cycling-4y-ASAQ-AL,48,797124,2031
005/041-Cycling-4y-ASAQ-AL,49,922052,2031
005/041-Cycling-4y-ASAQ-AL,50,814324,2031
005/041-Cycling-4y-ASAQ-AL,51,764756,2031
005/041-Cycling-4y-ASAQ-AL,52,1005264,2031
005/041-Cycling-4y-ASAQ-AL,53,810412,2031
005/041-Cycling-4y-ASAQ-AL,54,784372,2031
005/041-Cycling-4y-ASAQ-AL,55,917980,2031
005/041-Cycling-4y-ASAQ-AL,56,837744,2031
005/041-Cycling-4y-ASAQ-AL,57,861464,2031
005/041-Cycling-4y-ASAQ-AL,58,865692,2031
005/041-Cycling-4y-ASAQ-AL,59,785004,2031
005/041-Cycling-4y-ASAQ-AL,60,821296,2031
005/041-Cycling-4y-ASAQ-AL,61,747580,2031
005/041-Cycling-4y-ASAQ-AL,62,988968,2031
005/041-Cycling-4y-ASAQ-AL,63,915684,2031
005/041-Cycling-4y-ASAQ-AL,64,1030228,2031
005/041-Cycling-4y-ASAQ-AL,65,784716,2031
005/041-Cycling-4y-ASAQ-AL,66,799408,2031
005/041-Cycling-4y-ASAQ-AL,67,856652,2031
005/041-Cycling-4y-ASAQ-AL,68,737576,2031
005/041-Cycling-4y-ASAQ-AL,69,924220,2031
005/041-Cycling-4y-ASAQ-AL,70,995660,2031
005/041-Cycling-4y-ASAQ-AL,71,816248,2031
005/041-Cycling-4y-ASAQ-AL,72,831732,2031
005/041-Cycling-4y-ASAQ-AL,73,922612,2031
005/041-Cycling-4y-ASAQ-AL,74,898076,2031
005/041-Cycling-4y-ASAQ-AL,75,820476,2031
005/041-Cycling-4y-ASAQ-AL,76,876144,2031
005/041-Cycling-4y-ASAQ-AL,77,813944,2031
005/041-Cycling-4y-ASAQ-AL,78,819104,2031
005/041-Cycling-4y-ASAQ-AL,79,822928,2031
005/041-Cycling-4y-ASAQ-AL,80,880428,2031
005/041-Cycling-4y-ASAQ-AL,81,782340,2031
005/041-Cycling-4y-ASAQ-AL,82,804248,2031
005/041-Cycling-4y-ASAQ-AL,83,785724,2031
005/041-Cycling-4y-ASAQ-AL,84,714112,2031
005/041-Cycling-4y-ASAQ-AL,85,887652,2031
005/041-Cycling-4y-ASAQ-AL,86,810608,2031
005/041-Cycling-4y-ASAQ-AL,87,789228,2031
005/041-Cycling-4y-ASAQ-AL,88,771744,2031
005/041-Cycling-4y-ASAQ-AL,89,912936,2031
005/041-Cycling-4y-ASAQ-AL,90,863268,2031
005/041-Cycling-4y-ASAQ-AL,91,809748,2031
005/041-Cycling-4y-ASAQ-AL,92,827764,2031
005/041-Cycling-4y-ASAQ-AL,93,1021296,2031
005/041-Cycling-4y-ASAQ-AL,94,762388,2031
005/041-Cycling-4y-ASAQ-AL,95,908740,2031
005/041-Cycling-4y-ASAQ-AL,96,758088,2031
005/041-Cycling-4y-ASAQ-AL,97,786972,2031
005/041-Cycling-4y-ASAQ-AL,98,781128,2031
005/041-Cycling-4y-ASAQ-AL,99,871636,2031
005/042-Cycling-4y-ASAQ-DHAPPQ,0,531164,2031
005/042-Cycling-4y-ASAQ-DHAPPQ,1,533184,2031
005/042-Cycling-4y-ASAQ-DHAPPQ,2,492704,2031
005/042-Cycling-4y-ASAQ-DHAPPQ,3,533312,2031
005/042-Cycling-4y-ASAQ-DHAPPQ,4,540012,2031
005/042-Cycling-4y-ASAQ-DHAPPQ,5,497428,2031
005/042-Cycling-4y-ASAQ-DHAPPQ,6,482532,2031
005/042-Cycling-4y-ASAQ-DHAPPQ,7,497508,2031
005/042-Cycling-4y-ASAQ-DHAPPQ,8,522704,2031
005/042-Cycling-4y-ASAQ-DHAPPQ,9,479104,2031
005/042-Cycling-4y-ASAQ-DHAPPQ,10,531920,2031
005/042-Cycling-4y-ASAQ-DHAPPQ,11,465928,2031
005/042-Cycling-4y-ASAQ-DHAPPQ,12,567768,2031
005/042-Cycling-4y-ASAQ-DHAPPQ,13,535084,2031
005/042-Cycling-4y-ASAQ-DHAPPQ,14,477828,2031
005/042-Cycling-4y-ASAQ-DHAPPQ,15,542364,2031
005/042-Cycling-4y-ASAQ-DHAPPQ,16,545856,2031
005/042-Cycling-4y-ASAQ-DHAPPQ,17,524640,2031
005/042-Cycling-4y-ASAQ-DHAPPQ,18,497824,2031
005/042-Cycling-4y-ASAQ-DHAPPQ,19,492064,2031
005/042-Cycling-4y-ASAQ-DHAPPQ,20,517596,2031
005/042-Cycling-4y-ASAQ-DHAPPQ,21,508680,2031
005/042-Cycling-4y-ASAQ-DHAPPQ,22,498004,2031
005/042-Cycling-4y-ASAQ-DHAPPQ,23,515620,2031
005/042-Cycling-4y-ASAQ-DHAPPQ,24,527504,2031
005/042-Cycling-4y-ASAQ-DHAPPQ,25,522160,2031
005/042-Cycling-4y-ASAQ-DHAPPQ,26,544004,2031
005/042-Cycling-4y-ASAQ-DHAPPQ,27,517932,2031
005/042-Cycling-4y-ASAQ-DHAPPQ,28,530136,2031
005/042-Cycling-4y-ASAQ-DHAPPQ,29,489260,2031
005/042-Cycling-4y-ASAQ-DHAPPQ,30,517112,2031
005/042-Cycling-4y-ASAQ-DHAPPQ,31,506752,2031
005/042-Cycling-4y-ASAQ-DHAPPQ,32,480624,2031
005/042-Cycling-4y-ASAQ-DHAPPQ,33,536040,2031
005/042-Cycling-4y-ASAQ-DHAPPQ,34,483204,2031
005/042-Cycling-4y-ASAQ-DHAPPQ,35,525872,2031
005/042-Cycling-4y-ASAQ-DHAPPQ,36,528348,2031
005/042-Cycling-4y-ASAQ-DHAPPQ,37,468724,2031
005/042-Cycling-4y-ASAQ-DHAPPQ,38,495200,2031
005/042-Cycling-4y-ASAQ-DHAPPQ,39,482632,2031
005/042-Cycling-4y-ASAQ-DHAPPQ,40,530384,2031
005/042-Cycling-4y-ASAQ-DHAPPQ,41,517692,2031
005/042-Cycling-4y-ASAQ-DHAPPQ,42,529036,2031
005/042-Cycling-4y-ASAQ-DHAPPQ,43,537736,2031
005/042-Cycling-4y-ASAQ-DHAPPQ,44,496360,2031
005/042-Cycling-4y-ASAQ-DHAPPQ,45,537764,2031
005/042-Cycling-4y-ASAQ-DHAPPQ,46,485924,2031
005/042-Cycling-4y-ASAQ-DHAPPQ,47,497496,2031
005/042-Cycling-4y-ASAQ-DHAPPQ,48,501984,2031
005/042-Cycling-4y-ASAQ-DHAPPQ,49,507020,2031
005/042-Cycling-4y-ASAQ-DHAPPQ,50,543132,2031
005/042-Cycling-4y-ASAQ-DHAPPQ,51,485152,2031
005/042-Cycling-4y-ASAQ-DHAPPQ,52,526516,2031
005/042-Cycling-4y-ASAQ-DHAPPQ,53,575588,2031
005/042-Cycling-4y-ASAQ-DHAPPQ,54,477580,2031
005/042-Cycling-4y-ASAQ-DHAPPQ,55,484100,2031
005/042-Cycling-4y-ASAQ-DHAPPQ,56,530820,2031
005/042-Cycling-4y-ASAQ-DHAPPQ,57,537248,2031
005/042-Cycling-4y-ASAQ-DHAPPQ,58,505328,2031
005/042-Cycling-4y-ASAQ-DHAPPQ,59,470028,2031
005/042-Cycling-4y-ASAQ-DHAPPQ,60,519156,2031
005/042-Cycling-4y-ASAQ-DHAPPQ,61,538516,2031
005/042-Cycling-4y-ASAQ-DHAPPQ,62,491484,2031
005/042-Cycling-4y-ASAQ-DHAPPQ,63,504984,2031
005/042-Cycling-4y-ASAQ-DHAPPQ,64,520996,2031
005/042-Cycling-4y-ASAQ-DHAPPQ,65,511192,2031
005/042-Cycling-4y-ASAQ-DHAPPQ,66,557672,2031
005/042-Cycling-4y-ASAQ-DHAPPQ,67,435304,2031
005/042-Cycling-4y-ASAQ-DHAPPQ,68,526856,2031
005/042-Cycling-4y-ASAQ-DHAPPQ,69,509408,2031
005/042-Cycling-4y-ASAQ-DHAPPQ,70,509372,2031
005/042-Cycling-4y-ASAQ-DHAPPQ,71,503780,2031
005/042-Cycling-4y-ASAQ-DHAPPQ,72,480888,2031
005/042-Cycling-4y-ASAQ-DHAPPQ,73,497680,2031
005/042-Cycling-4y-ASAQ-DHAPPQ,74,495476,2031
005/042-Cycling-4y-ASAQ-DHAPPQ,75,505272,2031
005/042-Cycling-4y-ASAQ-DHAPPQ,76,537300,2031
005/042-Cycling-4y-ASAQ-DHAPPQ,77,505388,2031
005/042-Cycling-4y-ASAQ-DHAPPQ,78,499084,2031
005/042-Cycling-4y-ASAQ-DHAPPQ,79,483248,2031
005/042-Cycling-4y-ASAQ-DHAPPQ,80,514484,2031
005/042-Cycling-4y-ASAQ-DHAPPQ,81,513900,2031
005/042-Cycling-4y-ASAQ-DHAPPQ,82,519488,2031
005/042-Cycling-4y-ASAQ-DHAPPQ,83,463144,2031
005/042-Cycling-4y-ASAQ-DHAPPQ,84,529860,2031
005/042-Cycling-4y-ASAQ-DHAPPQ,85,535120,2031
005/042-Cycling-4y-ASAQ-DHAPPQ,86,542248,2031
005/042-Cycling-4y-ASAQ-DHAPPQ,87,535748,2031
005/042-Cycling-4y-ASAQ-DHAPPQ,88,473064,2031
005/042-Cycling-4y-ASAQ-DHAPPQ,89,504896,2031
005/042-Cycling-4y-ASAQ-DHAPPQ,90,493992,2031
005/042-Cycling-4y-ASAQ-DHAPPQ,91,495116,2031
005/042-Cycling-4y-ASAQ-DHAPPQ,92,507556,2031
005/042-Cycling-4y-ASAQ-DHAPPQ,93,487052,2031
005/042-Cycling-4y-ASAQ-DHAPPQ,94,516108,2031
005/042-Cycling-4y-ASAQ-DHAPPQ,95,464912,2031
005/042-Cycling-4y-ASAQ-DHAPPQ,96,499644,2031
005/042-Cycling-4y-ASAQ-DHAPPQ,97,540964,2031
005/042-Cycling-4y-ASAQ-DHAPPQ,98,507992,2031
005/042-Cycling-4y-ASAQ-DHAPPQ,99,508448,2031
005/043-Cycling-4y-DHAPPQ-AL,0,1340524,2031
005/043-Cycling-4y-DHAPPQ-AL,1,1147704,2031
005/043-Cycling-4y-DHAPPQ-AL,2,1310224,2031
005/043-Cycling-4y-DHAPPQ-AL,3,1492092,2031
005/043-Cycling-4y-DHAPPQ-AL,4,1307388,2031
005/043-Cycling-4y-DHAPPQ-AL,5,1289932,2031
005/043-Cycling-4y-DHAPPQ-AL,6,1265576,2031
005/043-Cycling-4y-DHAPPQ-AL,7,1066876,2031
005/043-Cycling-4y-DHAPPQ-AL,8,1683484,2031
005/043-Cycling-4y-DHAPPQ-AL,9,1232712,2031
005/043-Cycling-4y-DHAPPQ-AL,10,1171192,2031
005/043-Cycling-4y-DHAPPQ-AL,11,1259808,2031
005/043-Cycling-4y-DHAPPQ-AL,12,1248764,2031
005/043-Cycling-4y-DHAPPQ-AL,13,1329312,2031
005/043-Cycling-4y-DHAPPQ-AL,14,1383420,2031
005/043-Cycling-4y-DHAPPQ-AL,15,1070968,2031
005/043-Cycling-4y-DHAPPQ-AL,16,1334320,2031
005/043-Cycling-4y-DHAPPQ-AL,17,1336260,2031
005/043-Cycling-4y-DHAPPQ-AL,18,1325004,2031
005/043-Cycling-4y-DHAPPQ-AL,19,1075356,2031
005/043-Cycling-4y-DHAPPQ-AL,20,1523600,2031
005/043-Cycling-4y-DHAPPQ-AL,21,1368200,2031
005/043-Cycling-4y-DHAPPQ-AL,22,1106552,2031
005/043-Cycling-4y-DHAPPQ-AL,23,1373024,2031
005/043-Cycling-4y-DHAPPQ-AL,24,1226184,2031
005/043-Cycling-4y-DHAPPQ-AL,25,1258444,2031
005/043-Cycling-4y-DHAPPQ-AL,26,1287728,2031
005/043-Cycling-4y-DHAPPQ-AL,27,1445580,2031
005/043-Cycling-4y-DHAPPQ-AL,28,1692260,2031
005/043-Cycling-4y-DHAPPQ-AL,29,1060588,2031
005/043-Cycling-4y-DHAPPQ-AL,30,1362064,2031
005/043-Cycling-4y-DHAPPQ-AL,31,1113280,2031
005/043-Cycling-4y-DHAPPQ-AL,32,1083184,2031
005/043-Cycling-4y-DHAPPQ-AL,33,1201392,2031
005/043-Cycling-4y-DHAPPQ-AL,34,1281912,2031
005/043-Cycling-4y-DHAPPQ-AL,35,1072484,2031
005/043-Cycling-4y-DHAPPQ-AL,36,1647656,2031
005/043-Cycling-4y-DHAPPQ-AL,37,1431932,2031
005/043-Cycling-4y-DHAPPQ-AL,38,1505108,2031
005/043-Cycling-4y-DHAPPQ-AL,39,1477292,2031
005/043-Cycling-4y-DHAPPQ-AL,40,1182120,2031
005/043-Cycling-4y-DHAPPQ-AL,41,1216872,2031
005/043-Cycling-4y-DHAPPQ-AL,42,1115936,2031
005/043-Cycling-4y-DHAPPQ-AL,43,1393436,2031
005/043-Cycling-4y-DHAPPQ-AL,44,1268960,2031
005/043-Cycling-4y-DHAPPQ-AL,45,1445432,2031
005/043-Cycling-4y-DHAPPQ-AL,46,1274524,2031
005/043-Cycling-4y-DHAPPQ-AL,47,1565272,2031
005/043-Cycling-4y-DHAPPQ-AL,48,1206152,2031
005/043-Cycling-4y-DHAPPQ-AL,49,1213720,2031
005/043-Cycling-4y-DHAPPQ-AL,50,1378044,2031
005/043-Cycling-4y-DHAPPQ-AL,51,1413576,2031
005/043-Cycling-4y-DHAPPQ-AL,52,1476164,2031
005/043-Cycling-4y-DHAPPQ-AL,53,1583372,2031
005/043-Cycling-4y-DHAPPQ-AL,54,1219580,2031
005/043-Cycling-4y-DHAPPQ-AL,55,1454752,2031
005/043-Cycling-4y-DHAPPQ-AL,56,1598140,2031
005/043-Cycling-4y-DHAPPQ-AL,57,1408568,2031
005/043-Cycling-4y-DHAPPQ-AL,58,1297240,2031
005/043-Cycling-4y-DHAPPQ-AL,59,1233152,2031
005/043-Cycling-4y-DHAPPQ-AL,60,1295980,2031
005/043-Cycling-4y-DHAPPQ-AL,61,1701536,2031
005/043-Cycling-4y-DHAPPQ-AL,62,1370500,2031
005/043-Cycling-4y-DHAPPQ-AL,63,1413124,2031
005/043-Cycling-4y-DHAPPQ-AL,64,1478912,2031
005/043-Cycling-4y-DHAPPQ-AL,65,1223572,2031
005/043-Cycling-4y-DHAPPQ-AL,66,1379024,2031
005/043-Cycling-4y-DHAPPQ-AL,67,1445764,2031
005/043-Cycling-4y-DHAPPQ-AL,68,1259916,2031
005/043-Cycling-4y-DHAPPQ-AL,69,1380204,2031
005/043-Cycling-4y-DHAPPQ-AL,70,1115260,2031
005/043-Cycling-4y-DHAPPQ-AL,71,1299944,2031
005/043-Cycling-4y-DHAPPQ-AL,72,1315768,2031
005/043-Cycling-4y-DHAPPQ-AL,73,1292224,2031
005/043-Cycling-4y-DHAPPQ-AL,74,1535496,2031
005/043-Cycling-4y-DHAPPQ-AL,75,1174732,2031
005/043-Cycling-4y-DHAPPQ-AL,76,1456680,2031
005/043-Cycling-4y-DHAPPQ-AL,77,1320532,2031
005/043-Cycling-4y-DHAPPQ-AL,78,1586820,2031
005/043-Cycling-4y-DHAPPQ-AL,79,1467964,2031
005/043-Cycling-4y-DHAPPQ-AL,80,1384452,2031
005/043-Cycling-4y-DHAPPQ-AL,81,1353544,2031
005/043-Cycling-4y-DHAPPQ-AL,82,1592284,2031
005/043-Cycling-4y-DHAPPQ-AL,83,1443860,2031
005/043-Cycling-4y-DHAPPQ-AL,84,1593684,2031
005/043-Cycling-4y-DHAPPQ-AL,85,1196116,2031
005/043-Cycling-4y-DHAPPQ-AL,86,1325680,2031
005/043-Cycling-4y-DHAPPQ-AL,87,1294548,2031
005/043-Cycling-4y-DHAPPQ-AL,88,1423432,2031
005/043-Cycling-4y-DHAPPQ-AL,89,1374312,2031
005/043-Cycling-4y-DHAPPQ-AL,90,1284064,2031
005/043-Cycling-4y-DHAPPQ-AL,91,1291820,2031
005/043-Cycling-4y-DHAPPQ-AL,92,1516212,2031
005/043-Cycling-4y-DHAPPQ-AL,93,1248476,2031
005/043-Cycling-4y-DHAPPQ-AL,94,1552228,2031
005/043-Cycling-4y-DHAPPQ-AL,95,1167360,2031
005/043-Cycling-4y-DHAPPQ-AL,96,1469140,2031
005/043-Cycling-4y-DHAPPQ-AL,97,1256296,2031
005/043-Cycling-4y-DHAPPQ-AL,98,1397392,2031
005/043-Cycling-4y-DHAPPQ-AL,99,1113764,2031
005/044-Cycling-4y-DHAPPQ-ASAQ,0,842904,2031
005/044-Cycling-4y-DHAPPQ-ASAQ,1,1009696,2031
005/044-Cycling-4y-DHAPPQ-ASAQ,2,851536,2031
005/044-Cycling-4y-DHAPPQ-ASAQ,3,804904,2031
005/044-Cycling-4y-DHAPPQ-ASAQ,4,901932,2031
005/044-Cycling-4y-DHAPPQ-ASAQ,5,856648,2031
005/044-Cycling-4y-DHAPPQ-ASAQ,6,868776,2031
005/044-Cycling-4y-DHAPPQ-ASAQ,7,814484,2031
005/044-Cycling-4y-DHAPPQ-ASAQ,8,1004668,2031
005/044-Cycling-4y-DHAPPQ-ASAQ,9,1043284,2031
005/044-Cycling-4y-DHAPPQ-ASAQ,10,938196,2031
005/044-Cycling-4y-DHAPPQ-ASAQ,11,1019480,2031
005/044-Cycling-4y-DHAPPQ-ASAQ,12,1048432,2031
005/044-Cycling-4y-DHAPPQ-ASAQ,13,975276,2031
005/044-Cycling-4y-DHAPPQ-ASAQ,14,857472,2031
005/044-Cycling-4y-DHAPPQ-ASAQ,15,719740,2031
005/044-Cycling-4y-DHAPPQ-ASAQ,16,1005388,2031
005/044-Cycling-4y-DHAPPQ-ASAQ,17,797232,2031
005/044-Cycling-4y-DHAPPQ-ASAQ,18,826284,2031
005/044-Cycling-4y-DHAPPQ-ASAQ,19,870140,2031
005/044-Cycling-4y-DHAPPQ-ASAQ,20,961364,2031
005/044-Cycling-4y-DHAPPQ-ASAQ,21,955000,2031
005/044-Cycling-4y-DHAPPQ-ASAQ,22,924084,2031
005/044-Cycling-4y-DHAPPQ-ASAQ,23,772696,2031
005/044-Cycling-4y-DHAPPQ-ASAQ,24,854292,2031
005/044-Cycling-4y-DHAPPQ-ASAQ,25,784516,2031
005/044-Cycling-4y-DHAPPQ-ASAQ,26,961816,2031
005/044-Cycling-4y-DHAPPQ-ASAQ,27,823236,2031
005/044-Cycling-4y-DHAPPQ-ASAQ,28,1008108,2031
005/044-Cycling-4y-DHAPPQ-ASAQ,29,988472,2031
005/044-Cycling-4y-DHAPPQ-ASAQ,30,960884,2031
005/044-Cycling-4y-DHAPPQ-ASAQ,31,978816,2031
005/044-Cycling-4y-DHAPPQ-ASAQ,32,727224,2031
005/044-Cycling-4y-DHAPPQ-ASAQ,33,812680,2031
005/044-Cycling-4y-DHAPPQ-ASAQ,34,893736,2031
005/044-Cycling-4y-DHAPPQ-ASAQ,35,1023952,2031
005/044-Cycling-4y-DHAPPQ-ASAQ,36,933808,2031
005/044-Cycling-4y-DHAPPQ-ASAQ,37,837788,2031
005/044-Cycling-4y-DHAPPQ-ASAQ,38,742140,2031
005/044-Cycling-4y-DHAPPQ-ASAQ,39,793428,2031
005/044-Cycling-4y-DHAPPQ-ASAQ,40,972260,2031
005/044-Cycling-4y-DHAPPQ-ASAQ,41,729020,2031
005/044-Cycling-4y-DHAPPQ-ASAQ,42,918804,2031
005/044-Cycling-4y-DHAPPQ-ASAQ,43,740472,2031
005/044-Cycling-4y-DHAPPQ-ASAQ,44,886200,2031
005/044-Cycling-4y-DHAPPQ-ASAQ,45,893104,2031
005/044-Cycling-4y-DHAPPQ-ASAQ,46,1016940,2031
005/044-Cycling-4y-DHAPPQ-ASAQ,47,870808,2031
005/044-Cycling-4y-DHAPPQ-ASAQ,48,772304,2031
005/044-Cycling-4y-DHAPPQ-ASAQ,49,1019064,2031
005/044-Cycling-4y-DHAPPQ-ASAQ,50,768268,2031
005/044-Cycling-4y-DHAPPQ-ASAQ,51,1107560,2031
005/044-Cycling-4y-DHAPPQ-ASAQ,52,1016868,2031
005/044-Cycling-4y-DHAPPQ-ASAQ,53,948804,2031
005/044-Cycling-4y-DHAPPQ-ASAQ,54,955892,2031
005/044-Cycling-4y-DHAPPQ-ASAQ,55,888120,2031
005/044-Cycling-4y-DHAPPQ-ASAQ,56,1105416,2031
005/044-Cycling-4y-DHAPPQ-ASAQ,57,923096,2031
005/044-Cycling-4y-DHAPPQ-ASAQ,58,1004788,2031
005/044-Cycling-4y-DHAPPQ-ASAQ,59,879584,2031
005/044-Cycling-4y-DHAPPQ-ASAQ,60,945316,2031
005/044-Cycling-4y-DHAPPQ-ASAQ,61,980696,2031
005/044-Cycling-4y-DHAPPQ-ASAQ,62,1049380,2031
005/044-Cycling-4y-DHAPPQ-ASAQ,63,980532,2031
005/044-Cycling-4y-DHAPPQ-ASAQ,64,911856,2031
005/044-Cycling-4y-DHAPPQ-ASAQ,65,779976,2031
005/044-Cycling-4y-DHAPPQ-ASAQ,66,761284,2031
005/044-Cycling-4y-DHAPPQ-ASAQ,67,900140,2031
005/044-Cycling-4y-DHAPPQ-ASAQ,68,929340,2031
005/044-Cycling-4y-DHAPPQ-ASAQ,69,745220,2031
005/044-Cycling-4y-DHAPPQ-ASAQ,70,908256,2031
005/044-Cycling-4y-DHAPPQ-ASAQ,71,872304,2031
005/044-Cycling-4y-DHAPPQ-ASAQ,72,816488,2031
005/044-Cycling-4y-DHAPPQ-ASAQ,73,1048180,2031
005/044-Cycling-4y-DHAPPQ-ASAQ,74,926080,2031
005/044-Cycling-4y-DHAPPQ-ASAQ,75,828388,2031
005/044-Cycling-4y-DHAPPQ-ASAQ,76,826828,2031
005/044-Cycling-4y-DHAPPQ-ASAQ,77,953408,2031
005/044-Cycling-4y-DHAPPQ-ASAQ,78,980880,2031
005/044-Cycling-4y-DHAPPQ-ASAQ,79,908824,2031
005/044-Cycling-4y-DHAPPQ-ASAQ,80,879088,2031
005/044-Cycling-4y-DHAPPQ-ASAQ,81,895740,2031
005/044-Cycling-4y-DHAPPQ-ASAQ,82,938728,2031
005/044-Cycling-4y-DHAPPQ-ASAQ,83,817304,2031
005/044-Cycling-4y-DHAPPQ-ASAQ,84,821288,2031
005/044-Cycling-4y-DHAPPQ-ASAQ,85,860360,2031
005/044-Cycling-4y-DHAPPQ-ASAQ,86,931388,2031
005/044-Cycling-4y-DHAPPQ-ASAQ,87,1008000,2031
005/044-Cycling-4y-DHAPPQ-ASAQ,88,805960,2031
005/044-Cycling-4y-DHAPPQ-ASAQ,89,1082888,2031
005/044-Cycling-4y-DHAPPQ-ASAQ,90,905952,2031
005/044-Cycling-4y-DHAPPQ-ASAQ,91,796068,2031
005/044-Cycling-4y-DHAPPQ-ASAQ,92,795164,2031
005/044-Cycling-4y-DHAPPQ-ASAQ,93,865932,2031
005/044-Cycling-4y-DHAPPQ-ASAQ,94,864080,2031
005/044-Cycling-4y-DHAPPQ-ASAQ,95,962876,2031
005/044-Cycling-4y-DHAPPQ-ASAQ,96,1001576,2031
005/044-Cycling-4y-DHAPPQ-ASAQ,97,926728,2031
005/044-Cycling-4y-DHAPPQ-ASAQ,98,777548,2031
005/044-Cycling-4y-DHAPPQ-ASAQ,99,778736,2031
005/045-Cycling-4y-AL-ASAQ-DHAPPQ,0,1244020,2031
005/045-Cycling-4y-AL-ASAQ-DHAPPQ,1,1312016,2031
005/045-Cycling-4y-AL-ASAQ-DHAPPQ,2,1314820,2031
005/045-Cycling-4y-AL-ASAQ-DHAPPQ,3,1176080,2031
005/045-Cycling-4y-AL-ASAQ-DHAPPQ,4,1445272,2031
005/045-Cycling-4y-AL-ASAQ-DHAPPQ,5,1397472,2031
005/045-Cycling-4y-AL-ASAQ-DHAPPQ,6,1480224,2031
005/045-Cycling-4y-AL-ASAQ-DHAPPQ,7,1258684,2031
005/045-Cycling-4y-AL-ASAQ-DHAPPQ,8,1375056,2031
005/045-Cycling-4y-AL-ASAQ-DHAPPQ,9,1485572,2031
005/045-Cycling-4y-AL-ASAQ-DHAPPQ,10,1591212,2031
005/045-Cycling-4y-AL-ASAQ-DHAPPQ,11,1333932,2031
005/045-Cycling-4y-AL-ASAQ-DHAPPQ,12,1605520,2031
005/045-Cycling-4y-AL-ASAQ-DHAPPQ,13,1235296,2031
005/045-Cycling-4y-AL-ASAQ-DHAPPQ,14,1406220,2031
005/045-Cycling-4y-AL-ASAQ-DHAPPQ,15,1438244,2031
005/045-Cycling-4y-AL-ASAQ-DHAPPQ,16,1423068,2031
005/045-Cycling-4y-AL-ASAQ-DHAPPQ,17,1312896,2031
005/045-Cycling-4y-AL-ASAQ-DHAPPQ,18,1171184,2031
005/045-Cycling-4y-AL-ASAQ-DHAPPQ,19,1426164,2031
005/045-Cycling-4y-AL-ASAQ-DHAPPQ,20,1324408,2031
005/045-Cycling-4y-AL-ASAQ-DHAPPQ,21,1786268,2031
005/045-Cycling-4y-AL-ASAQ-DHAPPQ,22,1485168,2031
005/045-Cycling-4y-AL-ASAQ-DHAPPQ,23,1363616,2031
005/045-Cycling-4y-AL-ASAQ-DHAPPQ,24,1173400,2031
005/045-Cycling-4y-AL-ASAQ-DHAPPQ,25,1328392,2031
005/045-Cycling-4y-AL-ASAQ-DHAPPQ,26,1268216,2031
005/045-Cycling-4y-AL-ASAQ-DHAPPQ,27,1259104,2031
005/045-Cycling-4y-AL-ASAQ-DHAPPQ,28,1322584,2031
005/045-Cycling-4y-AL-ASAQ-DHAPPQ,29,1515892,2031
005/045-Cycling-4y-AL-ASAQ-DHAPPQ,30,1273968,2031
005/045-Cycling-4y-AL-ASAQ-DHAPPQ,31,1226068,2031
005/045-Cycling-4y-AL-ASAQ-DHAPPQ,32,1246752,2031
005/045-Cycling-4y-AL-ASAQ-DHAPPQ,33,1206592,2031
005/045-Cycling-4y-AL-ASAQ-DHAPPQ,34,1454616,2031
005/045-Cycling-4y-AL-ASAQ-DHAPPQ,35,2076084,2031
005/045-Cycling-4y-AL-ASAQ-DHAPPQ,36,1295848,2031
005/045-Cycling-4y-AL-ASAQ-DHAPPQ,37,1618732,2031
005/045-Cycling-4y-AL-ASAQ-DHAPPQ,38,1348652,2031
005/045-Cycling-4y-AL-ASAQ-DHAPPQ,39,1440216,2031
005/045-Cycling-4y-AL-ASAQ-DHAPPQ,40,1828376,2031
005/045-Cycling-4y-AL-ASAQ-DHAPPQ,41,1269116,2031
005/045-Cycling-4y-AL-ASAQ-DHAPPQ,42,1506120,2031
005/045-Cycling-4y-AL-ASAQ-DHAPPQ,43,1145420,2031
005/045-Cycling-4y-AL-ASAQ-DHAPPQ,44,1750956,2031
005/045-Cycling-4y-AL-ASAQ-DHAPPQ,45,1316276,2031
005/045-Cycling-4y-AL-ASAQ-DHAPPQ,46,1463092,2031
005/045-Cycling-4y-AL-ASAQ-DHAPPQ,47,1271676,2031
005/045-Cycling-4y-AL-ASAQ-DHAPPQ,48,1322620,2031
005/045-Cycling-4y-AL-ASAQ-DHAPPQ,49,1283720,2031
005/045-Cycling-4y-AL-ASAQ-DHAPPQ,50,1271200,2031
005/045-Cycling-4y-AL-ASAQ-DHAPPQ,51,1408444,2031
005/045-Cycling-4y-AL-ASAQ-DHAPPQ,52,1239528,2031
005/045-Cycling-4y-AL-ASAQ-DHAPPQ,53,1284568,2031
005/045-Cycling-4y-AL-ASAQ-DHAPPQ,54,1244376,2031
005/045-Cycling-4y-AL-ASAQ-DHAPPQ,55,1432832,2031
005/045-Cycling-4y-AL-ASAQ-DHAPPQ,56,1329772,2031
005/045-Cycling-4y-AL-ASAQ-DHAPPQ,57,1348896,2031
005/045-Cycling-4y-AL-ASAQ-DHAPPQ,58,1392560,2031
005/045-Cycling-4y-AL-ASAQ-DHAPPQ,59,1238836,2031
005/045-Cycling-4y-AL-ASAQ-DHAPPQ,60,1186428,2031
005/045-Cycling-4y-AL-ASAQ-DHAPPQ,61,1267344,2031
005/045-Cycling-4y-AL-ASAQ-DHAPPQ,62,1373660,2031
005/045-Cycling-4y-AL-ASAQ-DHAPPQ,63,1453736,2031
005/045-Cycling-4y-AL-ASAQ-DHAPPQ,64,1028088,2031
005/045-Cycling-4y-AL-ASAQ-DHAPPQ,65,1178052,2031
005/045-Cycling-4y-AL-ASAQ-DHAPPQ,66,1376300,2031
005/045-Cycling-4y-AL-ASAQ-DHAPPQ,67,1395892,2031
005/045-Cycling-4y-AL-ASAQ-DHAPPQ,68,1224048,2031
005/045-Cycling-4y-AL-ASAQ-DHAPPQ,69,1268380,2031
005/045-Cycling-4y-AL-ASAQ-DHAPPQ,70,1507796,2031
005/045-Cycling-4y-AL-ASAQ-DHAPPQ,71,1367132,2031
005/045-Cycling-4y-AL-ASAQ-DHAPPQ,72,1389520,2031
005/045-Cycling-4y-AL-ASAQ-DHAPPQ,73,1305788,2031
005/045-Cycling-4y-AL-ASAQ-DHAPPQ,74,1103732,2031
005/045-Cycling-4y-AL-ASAQ-DHAPPQ,75,1509600,2031
005/045-Cycling-4y-AL-ASAQ-DHAPPQ,76,1355472,2031
005/045-Cycling-4y-AL-ASAQ-DHAPPQ,77,1718536,2031
005/045-Cycling-4y-AL-ASAQ-DHAPPQ,78,1427068,2031
005/045-Cycling-4y-AL-ASAQ-DHAPPQ,79,1643332,2031
005/045-Cycling-4y-AL-ASAQ-DHAPPQ,80,1253056,2031
005/045-Cycling-4y-AL-ASAQ-DHAPPQ,81,1457748,2031
005/045-Cycling-4y-AL-ASAQ-DHAPPQ,82,1404944,2031
005/045-Cycling-4y-AL-ASAQ-DHAPPQ,83,1332152,2031
005/045-Cycling-4y-AL-ASAQ-DHAPPQ,84,1284080,2031
005/045-Cycling-4y-AL-ASAQ-DHAPPQ,85,1423208,2031
005/045-Cycling-4y-AL-ASAQ-DHAPPQ,86,1246560,2031
005/045-Cycling-4y-AL-ASAQ-DHAPPQ,87,1483048,2031
005/045-Cycling-4y-AL-ASAQ-DHAPPQ,88,1183568,2031
005/045-Cycling-4y-AL-ASAQ-DHAPPQ,89,1293472,2031
005/045-Cycling-4y-AL-ASAQ-DHAPPQ,90,1258280,2031
005/045-Cycling-4y-AL-ASAQ-DHAPPQ,91,1497424,2031
005/045-Cycling-4y-AL-ASAQ-DHAPPQ,92,1466796,2031
005/045-Cycling-4y-AL-ASAQ-DHAPPQ,93,1127728,2031
005/045-Cycling-4y-AL-ASAQ-DHAPPQ,94,1554720,2031
005/045-Cycling-4y-AL-ASAQ-DHAPPQ,95,1495772,2031
005/045-Cycling-4y-AL-ASAQ-DHAPPQ,96,1794900,2031
005/045-Cycling-4y-AL-ASAQ-DHAPPQ,97,1970344,2031
005/045-Cycling-4y-AL-ASAQ-DHAPPQ,98,1276120,2031
005/045-Cycling-4y-AL-ASAQ-DHAPPQ,99,1301444,2031
005/046-Cycling-4y-AL-DHAPPQ-ASAQ,0,1132768,2031
005/046-Cycling-4y-AL-DHAPPQ-ASAQ,1,1407272,2031
005/046-Cycling-4y-AL-DHAPPQ-ASAQ,2,1769636,2031
005/046-Cycling-4y-AL-DHAPPQ-ASAQ,3,1569232,2031
005/046-Cycling-4y-AL-DHAPPQ-ASAQ,4,1327504,2031
005/046-Cycling-4y-AL-DHAPPQ-ASAQ,5,1430460,2031
005/046-Cycling-4y-AL-DHAPPQ-ASAQ,6,1292432,2031
005/046-Cycling-4y-AL-DHAPPQ-ASAQ,7,1729848,2031
005/046-Cycling-4y-AL-DHAPPQ-ASAQ,8,1322204,2031
005/046-Cycling-4y-AL-DHAPPQ-ASAQ,9,1363224,2031
005/046-Cycling-4y-AL-DHAPPQ-ASAQ,10,1497856,2031
005/046-Cycling-4y-AL-DHAPPQ-ASAQ,11,1836604,2031
005/046-Cycling-4y-AL-DHAPPQ-ASAQ,12,1307160,2031
005/046-Cycling-4y-AL-DHAPPQ-ASAQ,13,1298884,2031
005/046-Cycling-4y-AL-DHAPPQ-ASAQ,14,1459656,2031
005/046-Cycling-4y-AL-DHAPPQ-ASAQ,15,1630416,2031
005/046-Cycling-4y-AL-DHAPPQ-ASAQ,16,1423352,2031
005/046-Cycling-4y-AL-DHAPPQ-ASAQ,17,1211376,2031
005/046-Cycling-4y-AL-DHAPPQ-ASAQ,18,1322468,2031
005/046-Cycling-4y-AL-DHAPPQ-ASAQ,19,1460036,2031
005/046-Cycling-4y-AL-DHAPPQ-ASAQ,20,1373328,2031
005/046-Cycling-4y-AL-DHAPPQ-ASAQ,21,1391844,2031
005/046-Cycling-4y-AL-DHAPPQ-ASAQ,22,1207600,2031
005/046-Cycling-4y-AL-DHAPPQ-ASAQ,23,1256832,2031
005/046-Cycling-4y-AL-DHAPPQ-ASAQ,24,1501824,2031
005/046-Cycling-4y-AL-DHAPPQ-ASAQ,25,1328220,2031
005/046-Cycling-4y-AL-DHAPPQ-ASAQ,26,1281316,2031
005/046-Cycling-4y-AL-DHAPPQ-ASAQ,27,1323996,2031
005/046-Cycling-4y-AL-DHAPPQ-ASAQ,28,1225780,2031
005/046-Cycling-4y-AL-DHAPPQ-ASAQ,29,1608392,2031
005/046-Cycling-4y-AL-DHAPPQ-ASAQ,30,1270588,2031
005/046-Cycling-4y-AL-DHAPPQ-ASAQ,31,1340340,2031
005/046-Cycling-4y-AL-DHAPPQ-ASAQ,32,1477976,2031
005/046-Cycling-4y-AL-DHAPPQ-ASAQ,33,1355896,2031
005/046-Cycling-4y-AL-DHAPPQ-ASAQ,34,1395564,2031
005/046-Cycling-4y-AL-DHAPPQ-ASAQ,35,1290048,2031
005/046-Cycling-4y-AL-DHAPPQ-ASAQ,36,1468584,2031
005/046-Cycling-4y-AL-DHAPPQ-ASAQ,37,1276564,2031
005/046-Cycling-4y-AL-DHAPPQ-ASAQ,38,1521904,2031
005/046-Cycling-4y-AL-DHAPPQ-ASAQ,39,1322204,2031
005/046-Cycling-4y-AL-DHAPPQ-ASAQ,40,1270200,2031
005/046-Cycling-4y-AL-DHAPPQ-ASAQ,41,1382912,2031
005/046-Cycling-4y-AL-DHAPPQ-ASAQ,42,1129476,2031
005/046-Cycling-4y-AL-DHAPPQ-ASAQ,43,1385356,2031
005/046-Cycling-4y-AL-DHAPPQ-ASAQ,44,1479692,2031
005/046-Cycling-4y-AL-DHAPPQ-ASAQ,45,1458272,2031
005/046-Cycling-4y-AL-DHAPPQ-ASAQ,46,1135964,2031
005/046-Cycling-4y-AL-DHAPPQ-ASAQ,47,1251840,2031
005/046-Cycling-4y-AL-DHAPPQ-ASAQ,48,1332584,2031
005/046-Cycling-4y-AL-DHAPPQ-ASAQ,49,1348820,2031
005/046-Cycling-4y-AL-DHAPPQ-ASAQ,50,1515800,2031
005/046-Cycling-4y-AL-DHAPPQ-ASAQ,51,1652432,2031
005/046-Cycling-4y-AL-DHAPPQ-ASAQ,52,1656172,2031
005/046-Cycling-4y-AL-DHAPPQ-ASAQ,53,1298008,2031
005/046-Cycling-4y-AL-DHAPPQ-ASAQ,54,1189888,2031
005/046-Cycling-4y-AL-DHAPPQ-ASAQ,55,1798440,2031
005/046-Cycling-4y-AL-DHAPPQ-ASAQ,56,1230284,2031
005/046-Cycling-4y-AL-DHAPPQ-ASAQ,57,1478344,2031
005/046-Cycling-4y-AL-DHAPPQ-ASAQ,58,1217252,2031
005/046-Cycling-4y-AL-DHAPPQ-ASAQ,59,1231836,2031
005/046-Cycling-4y-AL-DHAPPQ-ASAQ,60,1328680,2031
005/046-Cycling-4y-AL-DHAPPQ-ASAQ,61,1479216,2031
005/046-Cycling-4y-AL-DHAPPQ-ASAQ,62,1190540,2031
005/046-Cycling-4y-AL-DHAPPQ-ASAQ,63,1359644,2031
005/046-Cycling-4y-AL-DHAPPQ-ASAQ,64,1203172,2031
005/046-Cycling-4y-AL-DHAPPQ-ASAQ,65,1361288,2031
005/046-Cycling-4y-AL-DHAPPQ-ASAQ,66,1177712,2031
005/046-Cycling-4y-AL-DHAPPQ-ASAQ,67,1619744,2031
005/046-Cycling-4y-AL-DHAPPQ-ASAQ,68,1166552,2031
005/046-Cycling-4y-AL-DHAPPQ-ASAQ,69,1478336,2031
005/046-Cycling-4y-AL-DHAPPQ-ASAQ,70,1515808,2031
005/046-Cycling-4y-AL-DHAPPQ-ASAQ,71,1388280,2031
005/046-Cycling-4y-AL-DHAPPQ-ASAQ,72,1277032,2031
005/046-Cycling-4y-AL-DHAPPQ-ASAQ,73,1633132,2031
005/046-Cycling-4y-AL-DHAPPQ-ASAQ,74,1268524,2031
005/046-Cycling-4y-AL-DHAPPQ-ASAQ,75,1358408,2031
005/046-Cycling-4y-AL-DHAPPQ-ASAQ,76,1147168,2031
005/046-Cycling-4y-AL-DHAPPQ-ASAQ,77,1511744,2031
005/046-Cycling-4y-AL-DHAPPQ-ASAQ,78,1219572,2031
005/046-Cycling-4y-AL-DHAPPQ-ASAQ,79,1381584,2031
005/046-Cycling-4y-AL-DHAPPQ-ASAQ,80,1539648,2031
005/046-Cycling-4y-AL-DHAPPQ-ASAQ,81,1338800,2031
005/046-Cycling-4y-AL-DHAPPQ-ASAQ,82,1271236,2031
005/046-Cycling-4y-AL-DHAPPQ-ASAQ,83,1411784,2031
005/046-Cycling-4y-AL-DHAPPQ-ASAQ,84,1230520,2031
005/046-Cycling-4y-AL-DHAPPQ-ASAQ,85,1208352,2031
005/046-Cycling-4y-AL-DHAPPQ-ASAQ,86,1373688,2031
005/046-Cycling-4y-AL-DHAPPQ-ASAQ,87,1047712,2031
005/046-Cycling-4y-AL-DHAPPQ-ASAQ,88,1529456,2031
005/046-Cycling-4y-AL-DHAPPQ-ASAQ,89,1580172,2031
005/046-Cycling-4y-AL-DHAPPQ-ASAQ,90,1491736,2031
005/046-Cycling-4y-AL-DHAPPQ-ASAQ,91,1114620,2031
005/046-Cycling-4y-AL-DHAPPQ-ASAQ,92,1291528,2031
005/046-Cycling-4y-AL-DHAPPQ-ASAQ,93,1227408,2031
005/046-Cycling-4y-AL-DHAPPQ-ASAQ,94,1491252,2031
005/046-Cycling-4y-AL-DHAPPQ-ASAQ,95,1452860,2031
005/046-Cycling-4y-AL-DHAPPQ-ASAQ,96,1358156,2031
005/046-Cycling-4y-AL-DHAPPQ-ASAQ,97,1417624,2031
005/046-Cycling-4y-AL-DHAPPQ-ASAQ,98,1311868,2031
005/046-Cycling-4y-AL-DHAPPQ-ASAQ,99,1303516,2031
005/047-Cycling-4y-ASAQ-AL-DHAPPQ,0,795260,2031
005/047-Cycling-4y-ASAQ-AL-DHAPPQ,1,795272,2031
005/047-Cycling-4y-ASAQ-AL-DHAPPQ,2,795544,2031
005/047-Cycling-4y-ASAQ-AL-DHAPPQ,3,734716,2031
005/047-Cycling-4y-ASAQ-AL-DHAPPQ,4,820716,2031
005/047-Cycling-4y-ASAQ-AL-DHAPPQ,5,817948,2031
005/047-Cycling-4y-ASAQ-AL-DHAPPQ,6,837768,2031
005/047-Cycling-4y-ASAQ-AL-DHAPPQ,7,768428,2031
005/047-Cycling-4y-ASAQ-AL-DHAPPQ,8,823520,2031
005/047-Cycling-4y-ASAQ-AL-DHAPPQ,9,819156,2031
005/047-Cycling-4y-ASAQ-AL-DHAPPQ,10,808680,2031
005/047-Cycling-4y-ASAQ-AL-DHAPPQ,11,791988,2031
005/047-Cycling-4y-ASAQ-AL-DHAPPQ,12,873972,2031
005/047-Cycling-4y-ASAQ-AL-DHAPPQ,13,805060,2031
005/047-Cycling-4y-ASAQ-AL-DHAPPQ,14,848508,2031
005/047-Cycling-4y-ASAQ-AL-DHAPPQ,15,823416,2031
005/047-Cycling-4y-ASAQ-AL-DHAPPQ,16,802348,2031
005/047-Cycling-4y-ASAQ-AL-DHAPPQ,17,813260,2031
005/047-Cycling-4y-ASAQ-AL-DHAPPQ,18,938136,2031
005/047-Cycling-4y-ASAQ-AL-DHAPPQ,19,843176,2031
005/047-Cycling-4y-ASAQ-AL-DHAPPQ,20,828008,2031
005/047-Cycling-4y-ASAQ-AL-DHAPPQ,21,825584,2031
005/047-Cycling-4y-ASAQ-AL-DHAPPQ,22,1054748,2031
005/047-Cycling-4y-ASAQ-AL-DHAPPQ,23,806608,2031
005/047-Cycling-4y-ASAQ-AL-DHAPPQ,24,992976,2031
005/047-Cycling-4y-ASAQ-AL-DHAPPQ,25,778576,2031
005/047-Cycling-4y-ASAQ-AL-DHAPPQ,26,891484,2031
005/047-Cycling-4y-ASAQ-AL-DHAPPQ,27,840432,2031
005/047-Cycling-4y-ASAQ-AL-DHAPPQ,28,720316,2031
005/047-Cycling-4y-ASAQ-AL-DHAPPQ,29,732224,2031
005/047-Cycling-4y-ASAQ-AL-DHAPPQ,30,809428,2031
005/047-Cycling-4y-ASAQ-AL-DHAPPQ,31,795328,2031
005/047-Cycling-4y-ASAQ-AL-DHAPPQ,32,900392,2031
005/047-Cycling-4y-ASAQ-AL-DHAPPQ,33,808176,2031
005/047-Cycling-4y-ASAQ-AL-DHAPPQ,34,787784,2031
005/047-Cycling-4y-ASAQ-AL-DHAPPQ,35,873824,2031
005/047-Cycling-4y-ASAQ-AL-DHAPPQ,36,861964,2031
005/047-Cycling-4y-ASAQ-AL-DHAPPQ,37,742596,2031
005/047-Cycling-4y-ASAQ-AL-DHAPPQ,38,862932,2031
005/047-Cycling-4y-ASAQ-AL-DHAPPQ,39,887032,2031
005/047-Cycling-4y-ASAQ-AL-DHAPPQ,40,804024,2031
005/047-Cycling-4y-ASAQ-AL-DHAPPQ,41,757052,2031
005/047-Cycling-4y-ASAQ-AL-DHAPPQ,42,841220,2031
005/047-Cycling-4y-ASAQ-AL-DHAPPQ,43,863932,2031
005/047-Cycling-4y-ASAQ-AL-DHAPPQ,44,829756,2031
005/047-Cycling-4y-ASAQ-AL-DHAPPQ,45,837064,2031
005/047-Cycling-4y-ASAQ-AL-DHAPPQ,46,864672,2031
005/047-Cycling-4y-ASAQ-AL-DHAPPQ,47,864668,2031
005/047-Cycling-4y-ASAQ-AL-DHAPPQ,48,858788,2031
005/047-Cycling-4y-ASAQ-AL-DHAPPQ,49,834944,2031
005/047-Cycling-4y-ASAQ-AL-DHAPPQ,50,851436,2031
005/047-Cycling-4y-ASAQ-AL-DHAPPQ,51,729064,2031
005/047-Cycling-4y-ASAQ-AL-DHAPPQ,52,901984,2031
005/047-Cycling-4y-ASAQ-AL-DHAPPQ,53,843192,2031
005/047-Cycling-4y-ASAQ-AL-DHAPPQ,54,790628,2031
005/047-Cycling-4y-ASAQ-AL-DHAPPQ,55,824208,2031
005/047-Cycling-4y-ASAQ-AL-DHAPPQ,56,780896,2031
005/047-Cycling-4y-ASAQ-AL-DHAPPQ,57,806508,2031
005/047-Cycling-4y-ASAQ-AL-DHAPPQ,58,880764,2031
005/047-Cycling-4y-ASAQ-AL-DHAPPQ,59,919628,2031
005/047-Cycling-4y-ASAQ-AL-DHAPPQ,60,815480,2031
005/047-Cycling-4y-ASAQ-AL-DHAPPQ,61,795128,2031
005/047-Cycling-4y-ASAQ-AL-DHAPPQ,62,886996,2031
005/047-Cycling-4y-ASAQ-AL-DHAPPQ,63,743768,2031
005/047-Cycling-4y-ASAQ-AL-DHAPPQ,64,822948,2031
005/047-Cycling-4y-ASAQ-AL-DHAPPQ,65,752116,2031
005/047-Cycling-4y-ASAQ-AL-DHAPPQ,66,784368,2031
005/047-Cycling-4y-ASAQ-AL-DHAPPQ,67,906292,2031
005/047-Cycling-4y-ASAQ-AL-DHAPPQ,68,803216,2031
005/047-Cycling-4y-ASAQ-AL-DHAPPQ,69,847224,2031
005/047-Cycling-4y-ASAQ-AL-DHAPPQ,70,782668,2031
005/047-Cycling-4y-ASAQ-AL-DHAPPQ,71,873172,2031
005/047-Cycling-4y-ASAQ-AL-DHAPPQ,72,814308,2031
005/047-Cycling-4y-ASAQ-AL-DHAPPQ,73,743292,2031
005/047-Cycling-4y-ASAQ-AL-DHAPPQ,74,852732,2031
005/047-Cycling-4y-ASAQ-AL-DHAPPQ,75,790688,2031
005/047-Cycling-4y-ASAQ-AL-DHAPPQ,76,753752,2031
005/047-Cycling-4y-ASAQ-AL-DHAPPQ,77,814196,2031
005/047-Cycling-4y-ASAQ-AL-DHAPPQ,78,732264,2031
005/047-Cycling-4y-ASAQ-AL-DHAPPQ,79,774916,2031
005/047-Cycling-4y-ASAQ-AL-DHAPPQ,80,862012,2031
005/047-Cycling-4y-ASAQ-AL-DHAPPQ,81,720636,2031
005/047-Cycling-4y-ASAQ-AL-DHAPPQ,82,995932,2031
005/047-Cycling-4y-ASAQ-AL-DHAPPQ,83,754128,2031
005/047-Cycling-4y-ASAQ-AL-DHAPPQ,84,840252,2031
005/047-Cycling-4y-ASAQ-AL-DHAPPQ,85,891388,2031
005/047-Cycling-4y-ASAQ-AL-DHAPPQ,86,789076,2031
005/047-Cycling-4y-ASAQ-AL-DHAPPQ,87,702512,2031
005/047-Cycling-4y-ASAQ-AL-DHAPPQ,88,769476,2031
005/047-Cycling-4y-ASAQ-AL-DHAPPQ,89,901480,2031
005/047-Cycling-4y-ASAQ-AL-DHAPPQ,90,776216,2031
005/047-Cycling-4y-ASAQ-AL-DHAPPQ,91,846532,2031
005/047-Cycling-4y-ASAQ-AL-DHAPPQ,92,855144,2031
005/047-Cycling-4y-ASAQ-AL-DHAPPQ,93,866544,2031
005/047-Cycling-4y-ASAQ-AL-DHAPPQ,94,863316,2031
005/047-Cycling-4y-ASAQ-AL-DHAPPQ,95,876068,2031
005/047-Cycling-4y-ASAQ-AL-DHAPPQ,96,713028,2031
005/047-Cycling-4y-ASAQ-AL-DHAPPQ,97,763196,2031
005/047-Cycling-4y-ASAQ-AL-DHAPPQ,98,836844,2031
005/047-Cycling-4y-ASAQ-AL-DHAPPQ,99,788532,2031
005/048-Cycling-4y-ASAQ-DHAPPQ-AL,0,571148,2031
005/048-Cycling-4y-ASAQ-DHAPPQ-AL,1,500360,2031
005/048-Cycling-4y-ASAQ-DHAPPQ-AL,2,479568,2031
005/048-Cycling-4y-ASAQ-DHAPPQ-AL,3,505884,2031
005/048-Cycling-4y-ASAQ-DHAPPQ-AL,4,530436,2031
005/048-Cycling-4y-ASAQ-DHAPPQ-AL,5,521808,2031
005/048-Cycling-4y-ASAQ-DHAPPQ-AL,6,481748,2031
005/048-Cycling-4y-ASAQ-DHAPPQ-AL,7,506516,2031
005/048-Cycling-4y-ASAQ-DHAPPQ-AL,8,528756,2031
005/048-Cycling-4y-ASAQ-DHAPPQ-AL,9,497276,2031
005/048-Cycling-4y-ASAQ-DHAPPQ-AL,10,493312,2031
005/048-Cycling-4y-ASAQ-DHAPPQ-AL,11,490560,2031
005/048-Cycling-4y-ASAQ-DHAPPQ-AL,12,501332,2031
005/048-Cycling-4y-ASAQ-DHAPPQ-AL,13,508792,2031
005/048-Cycling-4y-ASAQ-DHAPPQ-AL,14,544944,2031
005/048-Cycling-4y-ASAQ-DHAPPQ-AL,15,539240,2031
005/048-Cycling-4y-ASAQ-DHAPPQ-AL,16,528436,2031
005/048-Cycling-4y-ASAQ-DHAPPQ-AL,17,497388,2031
005/048-Cycling-4y-ASAQ-DHAPPQ-AL,18,513952,2031
005/048-Cycling-4y-ASAQ-DHAPPQ-AL,19,512560,2031
005/048-Cycling-4y-ASAQ-DHAPPQ-AL,20,527988,2031
005/048-Cycling-4y-ASAQ-DHAPPQ-AL,21,528172,2031
005/048-Cycling-4y-ASAQ-DHAPPQ-AL,22,533888,2031
005/048-Cycling-4y-ASAQ-DHAPPQ-AL,23,529524,2031
005/048-Cycling-4y-ASAQ-DHAPPQ-AL,24,496304,2031
005/048-Cycling-4y-ASAQ-DHAPPQ-AL,25,454964,2031
005/048-Cycling-4y-ASAQ-DHAPPQ-AL,26,470708,2031
005/048-Cycling-4y-ASAQ-DHAPPQ-AL,27,517296,2031
005/048-Cycling-4y-ASAQ-DHAPPQ-AL,28,542496,2031
005/048-Cycling-4y-ASAQ-DHAPPQ-AL,29,498004,2031
005/048-Cycling-4y-ASAQ-DHAPPQ-AL,30,561768,2031
005/048-Cycling-4y-ASAQ-DHAPPQ-AL,31,524360,2031
005/048-Cycling-4y-ASAQ-DHAPPQ-AL,32,502468,2031
005/048-Cycling-4y-ASAQ-DHAPPQ-AL,33,502584,2031
005/048-Cycling-4y-ASAQ-DHAPPQ-AL,34,531060,2031
005/048-Cycling-4y-ASAQ-DHAPPQ-AL,35,529356,2031
005/048-Cycling-4y-ASAQ-DHAPPQ-AL,36,475892,2031
005/048-Cycling-4y-ASAQ-DHAPPQ-AL,37,454096,2031
005/048-Cycling-4y-ASAQ-DHAPPQ-AL,38,504244,2031
005/048-Cycling-4y-ASAQ-DHAPPQ-AL,39,494912,2031
005/048-Cycling-4y-ASAQ-DHAPPQ-AL,40,536660,2031
005/048-Cycling-4y-ASAQ-DHAPPQ-AL,41,522776,2031
005/048-Cycling-4y-ASAQ-DHAPPQ-AL,42,563144,2031
005/048-Cycling-4y-ASAQ-DHAPPQ-AL,43,496472,2031
005/048-Cycling-4y-ASAQ-DHAPPQ-AL,44,508492,2031
005/048-Cycling-4y-ASAQ-DHAPPQ-AL,45,585164,2031
005/048-Cycling-4y-ASAQ-DHAPPQ-AL,46,513164,2031
005/048-Cycling-4y-ASAQ-DHAPPQ-AL,47,499708,2031
005/048-Cycling-4y-ASAQ-DHAPPQ-AL,48,484208,2031
005/048-Cycling-4y-ASAQ-DHAPPQ-AL,49,499472,2031
005/048-Cycling-4y-ASAQ-DHAPPQ-AL,50,549816,2031
005/048-Cycling-4y-ASAQ-DHAPPQ-AL,51,472000,2031
005/048-Cycling-4y-ASAQ-DHAPPQ-AL,52,497500,2031
005/048-Cycling-4y-ASAQ-DHAPPQ-AL,53,516652,2031
005/048-Cycling-4y-ASAQ-DHAPPQ-AL,54,496340,2031
005/048-Cycling-4y-ASAQ-DHAPPQ-AL,55,536072,2031
005/048-Cycling-4y-ASAQ-DHAPPQ-AL,56,555948,2031
005/048-Cycling-4y-ASAQ-DHAPPQ-AL,57,516264,2031
005/048-Cycling-4y-ASAQ-DHAPPQ-AL,58,506256,2031
005/048-Cycling-4y-ASAQ-DHAPPQ-AL,59,498288,2031
005/048-Cycling-4y-ASAQ-DHAPPQ-AL,60,535952,2031
005/048-Cycling-4y-ASAQ-DHAPPQ-AL,61,514704,2031
005/048-Cycling-4y-ASAQ-DHAPPQ-AL,62,518116,2031
005/048-Cycling-4y-ASAQ-DHAPPQ-AL,63,524788,2031
005/048-Cycling-4y-ASAQ-DHAPPQ-AL,64,539772,2031
005/048-Cycling-4y-ASAQ-DHAPPQ-AL,65,551472,2031
005/048-Cycling-4y-ASAQ-DHAPPQ-AL,66,460548,2031
005/048-Cycling-4y-ASAQ-DHAPPQ-AL,67,547272,2031
005/048-Cycling-4y-ASAQ-DHAPPQ-AL,68,504556,2031
005/048-Cycling-4y-ASAQ-DHAPPQ-AL,69,509844,2031
005/048-Cycling-4y-ASAQ-DHAPPQ-AL,70,520112,2031
005/048-Cycling-4y-ASAQ-DHAPPQ-AL,71,593504,2031
005/048-Cycling-4y-ASAQ-DHAPPQ-AL,72,520900,2031
005/048-Cycling-4y-ASAQ-DHAPPQ-AL,73,502224,2031
005/048-Cycling-4y-ASAQ-DHAPPQ-AL,74,498724,2031
005/048-Cycling-4y-ASAQ-DHAPPQ-AL,75,513856,2031
005/048-Cycling-4y-ASAQ-DHAPPQ-AL,76,488804,2031
005/048-Cycling-4y-ASAQ-DHAPPQ-AL,77,521200,2031
005/048-Cycling-4y-ASAQ-DHAPPQ-AL,78,545272,2031
005/048-Cycling-4y-ASAQ-DHAPPQ-AL,79,517716,2031
005/048-Cycling-4y-ASAQ-DHAPPQ-AL,80,534704,2031
005/048-Cycling-4y-ASAQ-DHAPPQ-AL,81,505812,2031
005/048-Cycling-4y-ASAQ-DHAPPQ-AL,82,547948,2031
005/048-Cycling-4y-ASAQ-DHAPPQ-AL,83,526264,2031
005/048-Cycling-4y-ASAQ-DHAPPQ-AL,84,529376,2031
005/048-Cycling-4y-ASAQ-DHAPPQ-AL,85,555120,2031
005/048-Cycling-4y-ASAQ-DHAPPQ-AL,86,504676,2031
005/048-Cycling-4y-ASAQ-DHAPPQ-AL,87,519280,2031
005/048-Cycling-4y-ASAQ-DHAPPQ-AL,88,530540,2031
005/048-Cycling-4y-ASAQ-DHAPPQ-AL,89,506040,2031
005/048-Cycling-4y-ASAQ-DHAPPQ-AL,90,496204,2031
005/048-Cycling-4y-ASAQ-DHAPPQ-AL,91,510880,2031
005/048-Cycling-4y-ASAQ-DHAPPQ-AL,92,523484,2031
005/048-Cycling-4y-ASAQ-DHAPPQ-AL,93,529452,2031
005/048-Cycling-4y-ASAQ-DHAPPQ-AL,94,499220,2031
005/048-Cycling-4y-ASAQ-DHAPPQ-AL,95,490760,2031
005/048-Cycling-4y-ASAQ-DHAPPQ-AL,96,487388,2031
005/048-Cycling-4y-ASAQ-DHAPPQ-AL,97,508196,2031
005/048-Cycling-4y-ASAQ-DHAPPQ-AL,98,478960,2031
005/048-Cycling-4y-ASAQ-DHAPPQ-AL,99,472784,2031
005/049-Cycling-4y-DHAPPQ-AL-ASAQ,0,1409692,2031
005/049-Cycling-4y-DHAPPQ-AL-ASAQ,1,1386812,2031
005/049-Cycling-4y-DHAPPQ-AL-ASAQ,2,1375576,2031
005/049-Cycling-4y-DHAPPQ-AL-ASAQ,3,1589440,2031
005/049-Cycling-4y-DHAPPQ-AL-ASAQ,4,1384012,2031
005/049-Cycling-4y-DHAPPQ-AL-ASAQ,5,1542268,2031
005/049-Cycling-4y-DHAPPQ-AL-ASAQ,6,1461972,2031
005/049-Cycling-4y-DHAPPQ-AL-ASAQ,7,1353932,2031
005/049-Cycling-4y-DHAPPQ-AL-ASAQ,8,1213940,2031
005/049-Cycling-4y-DHAPPQ-AL-ASAQ,9,1341580,2031
005/049-Cycling-4y-DHAPPQ-AL-ASAQ,10,1377252,2031
005/049-Cycling-4y-DHAPPQ-AL-ASAQ,11,1441740,2031
005/049-Cycling-4y-DHAPPQ-AL-ASAQ,12,1312272,2031
005/049-Cycling-4y-DHAPPQ-AL-ASAQ,13,1416376,2031
005/049-Cycling-4y-DHAPPQ-AL-ASAQ,14,1717092,2031
005/049-Cycling-4y-DHAPPQ-AL-ASAQ,15,1301752,2031
005/049-Cycling-4y-DHAPPQ-AL-ASAQ,16,1380908,2031
005/049-Cycling-4y-DHAPPQ-AL-ASAQ,17,1400472,2031
005/049-Cycling-4y-DHAPPQ-AL-ASAQ,18,1377600,2031
005/049-Cycling-4y-DHAPPQ-AL-ASAQ,19,1210248,2031
005/049-Cycling-4y-DHAPPQ-AL-ASAQ,20,1427032,2031
005/049-Cycling-4y-DHAPPQ-AL-ASAQ,21,1251428,2031
005/049-Cycling-4y-DHAPPQ-AL-ASAQ,22,1180164,2031
005/049-Cycling-4y-DHAPPQ-AL-ASAQ,23,1449880,2031
005/049-Cycling-4y-DHAPPQ-AL-ASAQ,24,1778416,2031
005/049-Cycling-4y-DHAPPQ-AL-ASAQ,25,1285488,2031
005/049-Cycling-4y-DHAPPQ-AL-ASAQ,26,1400180,2031
005/049-Cycling-4y-DHAPPQ-AL-ASAQ,27,1490140,2031
005/049-Cycling-4y-DHAPPQ-AL-ASAQ,28,1372680,2031
005/049-Cycling-4y-DHAPPQ-AL-ASAQ,29,1232768,2031
005/049-Cycling-4y-DHAPPQ-AL-ASAQ,30,1360696,2031
005/049-Cycling-4y-DHAPPQ-AL-ASAQ,31,1332520,2031
005/049-Cycling-4y-DHAPPQ-AL-ASAQ,32,1369144,2031
005/049-Cycling-4y-DHAPPQ-AL-ASAQ,33,1351560,2031
005/049-Cycling-4y-DHAPPQ-AL-ASAQ,34,1453072,2031
005/049-Cycling-4y-DHAPPQ-AL-ASAQ,35,1018136,2031
005/049-Cycling-4y-DHAPPQ-AL-ASAQ,36,1291348,2031
005/049-Cycling-4y-DHAPPQ-AL-ASAQ,37,1467032,2031
005/049-Cycling-4y-DHAPPQ-AL-ASAQ,38,1478292,2031
005/049-Cycling-4y-DHAPPQ-AL-ASAQ,39,1467248,2031
005/049-Cycling-4y-DHAPPQ-AL-ASAQ,40,1290732,2031
005/049-Cycling-4y-DHAPPQ-AL-ASAQ,41,1404480,2031
005/049-Cycling-4y-DHAPPQ-AL-ASAQ,42,1318292,2031
005/049-Cycling-4y-DHAPPQ-AL-ASAQ,43,1446388,2031
005/049-Cycling-4y-DHAPPQ-AL-ASAQ,44,1373932,2031
005/049-Cycling-4y-DHAPPQ-AL-ASAQ,45,1507052,2031
005/049-Cycling-4y-DHAPPQ-AL-ASAQ,46,1243588,2031
005/049-Cycling-4y-DHAPPQ-AL-ASAQ,47,1157948,2031
005/049-Cycling-4y-DHAPPQ-AL-ASAQ,48,1394688,2031
005/049-Cycling-4y-DHAPPQ-AL-ASAQ,49,1397844,2031
005/049-Cycling-4y-DHAPPQ-AL-ASAQ,50,1475380,2031
005/049-Cycling-4y-DHAPPQ-AL-ASAQ,51,1116868,2031
005/049-Cycling-4y-DHAPPQ-AL-ASAQ,52,1643808,2031
005/049-Cycling-4y-DHAPPQ-AL-ASAQ,53,1130036,2031
005/049-Cycling-4y-DHAPPQ-AL-ASAQ,54,1417080,2031
005/049-Cycling-4y-DHAPPQ-AL-ASAQ,55,1597344,2031
005/049-Cycling-4y-DHAPPQ-AL-ASAQ,56,1445692,2031
005/049-Cycling-4y-DHAPPQ-AL-ASAQ,57,1503216,2031
005/049-Cycling-4y-DHAPPQ-AL-ASAQ,58,1207656,2031
005/049-Cycling-4y-DHAPPQ-AL-ASAQ,59,1215112,2031
005/049-Cycling-4y-DHAPPQ-AL-ASAQ,60,1261372,2031
005/049-Cycling-4y-DHAPPQ-AL-ASAQ,61,1525548,2031
005/049-Cycling-4y-DHAPPQ-AL-ASAQ,62,1359284,2031
005/049-Cycling-4y-DHAPPQ-AL-ASAQ,63,1306000,2031
005/049-Cycling-4y-DHAPPQ-AL-ASAQ,64,1205372,2031
005/049-Cycling-4y-DHAPPQ-AL-ASAQ,65,1433492,2031
005/049-Cycling-4y-DHAPPQ-AL-ASAQ,66,1233256,2031
005/049-Cycling-4y-DHAPPQ-AL-ASAQ,67,1221068,2031
005/049-Cycling-4y-DHAPPQ-AL-ASAQ,68,1637708,2031
005/049-Cycling-4y-DHAPPQ-AL-ASAQ,69,1219340,2031
005/049-Cycling-4y-DHAPPQ-AL-ASAQ,70,1219864,2031
005/049-Cycling-4y-DHAPPQ-AL-ASAQ,71,1492844,2031
005/049-Cycling-4y-DHAPPQ-AL-ASAQ,72,1503516,2031
005/049-Cycling-4y-DHAPPQ-AL-ASAQ,73,1448612,2031
005/049-Cycling-4y-DHAPPQ-AL-ASAQ,74,1297040,2031
005/049-Cycling-4y-DHAPPQ-AL-ASAQ,75,1836372,2031
005/049-Cycling-4y-DHAPPQ-AL-ASAQ,76,1306056,2031
005/049-Cycling-4y-DHAPPQ-AL-ASAQ,77,1283012,2031
005/049-Cycling-4y-DHAPPQ-AL-ASAQ,78,1354980,2031
005/049-Cycling-4y-DHAPPQ-AL-ASAQ,79,1293276,2031
005/049-Cycling-4y-DHAPPQ-AL-ASAQ,80,1431216,2031
005/049-Cycling-4y-DHAPPQ-AL-ASAQ,81,1363612,2031
005/049-Cycling-4y-DHAPPQ-AL-ASAQ,82,1621428,2031
005/049-Cycling-4y-DHAPPQ-AL-ASAQ,83,1350540,2031
005/049-Cycling-4y-DHAPPQ-AL-ASAQ,84,1427436,2031
005/049-Cycling-4y-DHAPPQ-AL-ASAQ,85,1275860,2031
005/049-Cycling-4y-DHAPPQ-AL-ASAQ,86,1170672,2031
005/049-Cycling-4y-DHAPPQ-AL-ASAQ,87,1417956,2031
005/049-Cycling-4y-DHAPPQ-AL-ASAQ,88,1273468,2031
005/049-Cycling-4y-DHAPPQ-AL-ASAQ,89,1309888,2031
005/049-Cycling-4y-DHAPPQ-AL-ASAQ,90,1322192,2031
005/049-Cycling-4y-DHAPPQ-AL-ASAQ,91,1061072,2031
005/049-Cycling-4y-DHAPPQ-AL-ASAQ,92,1316976,2031
005/049-Cycling-4y-DHAPPQ-AL-ASAQ,93,1258844,2031
005/049-Cycling-4y-DHAPPQ-AL-ASAQ,94,1337868,2031
005/049-Cycling-4y-DHAPPQ-AL-ASAQ,95,1280864,2031
005/049-Cycling-4y-DHAPPQ-AL-ASAQ,96,1221204,2031
005/049-Cycling-4y-DHAPPQ-AL-ASAQ,97,1305236,2031
005/049-Cycling-4y-DHAPPQ-AL-ASAQ,98,1465284,2031
005/049-Cycling-4y-DHAPPQ-AL-ASAQ,99,1470176,2031
005/050-Cycling-4y-DHAPPQ-ASAQ-AL,0,879036,2031
005/050-Cycling-4y-DHAPPQ-ASAQ-AL,1,929688,2031
005/050-Cycling-4y-DHAPPQ-ASAQ-AL,2,913012,2031
005/050-Cycling-4y-DHAPPQ-ASAQ-AL,3,803056,2031
005/050-Cycling-4y-DHAPPQ-ASAQ-AL,4,909944,2031
005/050-Cycling-4y-DHAPPQ-ASAQ-AL,5,934012,2031
005/050-Cycling-4y-DHAPPQ-ASAQ-AL,6,888508,2031
005/050-Cycling-4y-DHAPPQ-ASAQ-AL,7,978724,2031
005/050-Cycling-4y-DHAPPQ-ASAQ-AL,8,867600,2031
005/050-Cycling-4y-DHAPPQ-ASAQ-AL,9,851564,2031
005/050-Cycling-4y-DHAPPQ-ASAQ-AL,10,845960,2031
005/050-Cycling-4y-DHAPPQ-ASAQ-AL,11,863420,2031
005/050-Cycling-4y-DHAPPQ-ASAQ-AL,12,784124,2031
005/050-Cycling-4y-DHAPPQ-ASAQ-AL,13,870920,2031
005/050-Cycling-4y-DHAPPQ-ASAQ-AL,14,816048,2031
005/050-Cycling-4y-DHAPPQ-ASAQ-AL,15,904096,2031
005/050-Cycling-4y-DHAPPQ-ASAQ-AL,16,831108,2031
005/050-Cycling-4y-DHAPPQ-ASAQ-AL,17,882328,2031
005/050-Cycling-4y-DHAPPQ-ASAQ-AL,18,800672,2031
005/050-Cycling-4y-DHAPPQ-ASAQ-AL,19,886848,2031
005/050-Cycling-4y-DHAPPQ-ASAQ-AL,20,836388,2031
005/050-Cycling-4y-DHAPPQ-ASAQ-AL,21,916072,2031
005/050-Cycling-4y-DHAPPQ-ASAQ-AL,22,931784,2031
005/050-Cycling-4y-DHAPPQ-ASAQ-AL,23,916280,2031
005/050-Cycling-4y-DHAPPQ-ASAQ-AL,24,848676,2031
005/050-Cycling-4y-DHAPPQ-ASAQ-AL,25,761468,2031
005/050-Cycling-4y-DHAPPQ-ASAQ-AL,26,939540,2031
005/050-Cycling-4y-DHAPPQ-ASAQ-AL,27,966540,2031
005/050-Cycling-4y-DHAPPQ-ASAQ-AL,28,851504,2031
005/050-Cycling-4y-DHAPPQ-ASAQ-AL,29,886164,2031
005/050-Cycling-4y-DHAPPQ-ASAQ-AL,30,720568,2031
005/050-Cycling-4y-DHAPPQ-ASAQ-AL,31,974340,2031
005/050-Cycling-4y-DHAPPQ-ASAQ-AL,32,962316,2031
005/050-Cycling-4y-DHAPPQ-ASAQ-AL,33,914340,2031
005/050-Cycling-4y-DHAPPQ-ASAQ-AL,34,914984,2031
005/050-Cycling-4y-DHAPPQ-ASAQ-AL,35,790244,2031
005/050-Cycling-4y-DHAPPQ-ASAQ-AL,36,756992,2031
005/050-Cycling-4y-DHAPPQ-ASAQ-AL,37,725104,2031
005/050-Cycling-4y-DHAPPQ-ASAQ-AL,38,944356,2031
005/050-Cycling-4y-DHAPPQ-ASAQ-AL,39,927088,2031
005/050-Cycling-4y-DHAPPQ-ASAQ-AL,40,952380,2031
005/050-Cycling-4y-DHAPPQ-ASAQ-AL,41,974108,2031
005/050-Cycling-4y-DHAPPQ-ASAQ-AL,42,868252,2031
005/050-Cycling-4y-DHAPPQ-ASAQ-AL,43,880508,2031
005/050-Cycling-4y-DHAPPQ-ASAQ-AL,44,858864,2031
005/050-Cycling-4y-DHAPPQ-ASAQ-AL,45,920896,2031
005/050-Cycling-4y-DHAPPQ-ASAQ-AL,46,877780,2031
005/050-Cycling-4y-DHAPPQ-ASAQ-AL,47,899108,2031
005/050-Cycling-4y-DHAPPQ-ASAQ-AL,48,812044,2031
005/050-Cycling-4y-DHAPPQ-ASAQ-AL,49,883812,2031
005/050-Cycling-4y-DHAPPQ-ASAQ-AL,50,891116,2031
005/050-Cycling-4y-DHAPPQ-ASAQ-AL,51,929304,2031
005/050-Cycling-4y-DHAPPQ-ASAQ-AL,52,776624,2031
005/050-Cycling-4y-DHAPPQ-ASAQ-AL,53,937436,2031
005/050-Cycling-4y-DHAPPQ-ASAQ-AL,54,881212,2031
005/050-Cycling-4y-DHAPPQ-ASAQ-AL,55,874548,2031
005/050-Cycling-4y-DHAPPQ-ASAQ-AL,56,1143576,2031
005/050-Cycling-4y-DHAPPQ-ASAQ-AL,57,1040044,2031
005/050-Cycling-4y-DHAPPQ-ASAQ-AL,58,1075128,2031
005/050-Cycling-4y-DHAPPQ-ASAQ-AL,59,856620,2031
005/050-Cycling-4y-DHAPPQ-ASAQ-AL,60,922056,2031
005/050-Cycling-4y-DHAPPQ-ASAQ-AL,61,963100,2031
005/050-Cycling-4y-DHAPPQ-ASAQ-AL,62,900332,2031
005/050-Cycling-4y-DHAPPQ-ASAQ-AL,63,971668,2031
005/050-Cycling-4y-DHAPPQ-ASAQ-AL,64,1021108,2031
005/050-Cycling-4y-DHAPPQ-ASAQ-AL,65,1000012,2031
005/050-Cycling-4y-DHAPPQ-ASAQ-AL,66,1054436,2031
005/050-Cycling-4y-DHAPPQ-ASAQ-AL,67,906736,2031
005/050-Cycling-4y-DHAPPQ-ASAQ-AL,68,1001848,2031
005/050-Cycling-4y-DHAPPQ-ASAQ-AL,69,963396,2031
005/050-Cycling-4y-DHAPPQ-ASAQ-AL,70,898060,2031
005/050-Cycling-4y-DHAPPQ-ASAQ-AL,71,1018424,2031
005/050-Cycling-4y-DHAPPQ-ASAQ-AL,72,942176,2031
005/050-Cycling-4y-DHAPPQ-ASAQ-AL,73,875628,2031
005/050-Cycling-4y-DHAPPQ-ASAQ-AL,74,893564,2031
005/050-Cycling-4y-DHAPPQ-ASAQ-AL,75,812896,2031
005/050-Cycling-4y-DHAPPQ-ASAQ-AL,76,932928,2031
005/050-Cycling-4y-DHAPPQ-ASAQ-AL,77,916324,2031
005/050-Cycling-4y-DHAPPQ-ASAQ-AL,78,817276,2031
005/050-Cycling-4y-DHAPPQ-ASAQ-AL,79,922664,2031
005/050-Cycling-4y-DHAPPQ-ASAQ-AL,80,895412,2031
005/050-Cycling-4y-DHAPPQ-ASAQ-AL,81,886516,2031
005/050-Cycling-4y-DHAPPQ-ASAQ-AL,82,933496,2031
005/050-Cycling-4y-DHAPPQ-ASAQ-AL,83,925328,2031
005/050-Cycling-4y-DHAPPQ-ASAQ-AL,84,930760,2031
005/050-Cycling-4y-DHAPPQ-ASAQ-AL,85,847148,2031
005/050-Cycling-4y-DHAPPQ-ASAQ-AL,86,1034976,2031
005/050-Cycling-4y-DHAPPQ-ASAQ-AL,87,901836,2031
005/050-Cycling-4y-DHAPPQ-ASAQ-AL,88,946580,2031
005/050-Cycling-4y-DHAPPQ-ASAQ-AL,89,831292,2031
005/050-Cycling-4y-DHAPPQ-ASAQ-AL,90,794560,2031
005/050-Cycling-4y-DHAPPQ-ASAQ-AL,91,787748,2031
005/050-Cycling-4y-DHAPPQ-ASAQ-AL,92,1007736,2031
005/050-Cycling-4y-DHAPPQ-ASAQ-AL,93,806596,2031
005/050-Cycling-4y-DHAPPQ-ASAQ-AL,94,881096,2031
005/050-Cycling-4y-DHAPPQ-ASAQ-AL,95,942140,2031
005/050-Cycling-4y-DHAPPQ-ASAQ-AL,96,913320,2031
005/050-Cycling-4y-DHAPPQ-ASAQ-AL,97,852320,2031
005/050-Cycling-4y-DHAPPQ-ASAQ-AL,98,904200,2031
005/050-Cycling-4y-DHAPPQ-ASAQ-AL,99,829044,2031
005/051-mft-AL25-ASAQ75,0,769864,2031
005/051-mft-AL25-ASAQ75,1,646448,2031
005/051-mft-AL25-ASAQ75,2,697368,2031
005/051-mft-AL25-ASAQ75,3,719124,2031
005/051-mft-AL25-ASAQ75,4,754832,2031
005/051-mft-AL25-ASAQ75,5,776184,2031
005/051-mft-AL25-ASAQ75,6,700764,2031
005/051-mft-AL25-ASAQ75,7,810420,2031
005/051-mft-AL25-ASAQ75,8,769108,2031
005/051-mft-AL25-ASAQ75,9,686348,2031
005/051-mft-AL25-ASAQ75,10,771180,2031
005/051-mft-AL25-ASAQ75,11,727096,2031
005/051-mft-AL25-ASAQ75,12,729688,2031
005/051-mft-AL25-ASAQ75,13,641484,2031
005/051-mft-AL25-ASAQ75,14,736776,2031
005/051-mft-AL25-ASAQ75,15,758344,2031
005/051-mft-AL25-ASAQ75,16,788584,2031
005/051-mft-AL25-ASAQ75,17,796540,2031
005/051-mft-AL25-ASAQ75,18,753016,2031
005/051-mft-AL25-ASAQ75,19,787520,2031
005/051-mft-AL25-ASAQ75,20,737032,2031
005/051-mft-AL25-ASAQ75,21,823072,2031
005/051-mft-AL25-ASAQ75,22,777256,2031
005/051-mft-AL25-ASAQ75,23,766948,2031
005/051-mft-AL25-ASAQ75,24,754168,2031
005/051-mft-AL25-ASAQ75,25,707068,2031
005/051-mft-AL25-ASAQ75,26,676540,2031
005/051-mft-AL25-ASAQ75,27,779428,2031
005/051-mft-AL25-ASAQ75,28,864132,2031
005/051-mft-AL25-ASAQ75,29,757832,2031
005/051-mft-AL25-ASAQ75,30,753588,2031
005/051-mft-AL25-ASAQ75,31,835920,2031
005/051-mft-AL25-ASAQ75,32,685396,2031
005/051-mft-AL25-ASAQ75,33,734416,2031
005/051-mft-AL25-ASAQ75,34,792548,2031
005/051-mft-AL25-ASAQ75,35,802012,2031
005/051-mft-AL25-ASAQ75,36,725172,2031
005/051-mft-AL25-ASAQ75,37,755876,2031
005/051-mft-AL25-ASAQ75,38,699592,2031
005/051-mft-AL25-ASAQ75,39,725376,2031
005/051-mft-AL25-ASAQ75,40,695600,2031
005/051-mft-AL25-ASAQ75,41,679444,2031
005/051-mft-AL25-ASAQ75,42,687936,2031
005/051-mft-AL25-ASAQ75,43,707984,2031
005/051-mft-AL25-ASAQ75,44,806996,2031
005/051-mft-AL25-ASAQ75,45,741748,2031
005/051-mft-AL25-ASAQ75,46,908884,2031
005/051-mft-AL25-ASAQ75,47,742232,2031
005/051-mft-AL25-ASAQ75,48,789896,2031
005/051-mft-AL25-ASAQ75,49,670692,2031
005/051-mft-AL25-ASAQ75,50,796216,2031
005/051-mft-AL25-ASAQ75,51,696816,2031
005/051-mft-AL25-ASAQ75,52,702500,2031
005/051-mft-AL25-ASAQ75,53,737888,2031
005/051-mft-AL25-ASAQ75,54,708264,2031
005/051-mft-AL25-ASAQ75,55,679612,2031
005/051-mft-AL25-ASAQ75,56,719904,2031
005/051-mft-AL25-ASAQ75,57,715064,2031
005/051-mft-AL25-ASAQ75,58,735156,2031
005/051-mft-AL25-ASAQ75,59,723168,2031
005/051-mft-AL25-ASAQ75,60,686332,2031
005/051-mft-AL25-ASAQ75,61,705884,2031
005/051-mft-AL25-ASAQ75,62,713064,2031
005/051-mft-AL25-ASAQ75,63,815004,2031
005/051-mft-AL25-ASAQ75,64,685732,2031
005/051-mft-AL25-ASAQ75,65,709304,2031
005/051-mft-AL25-ASAQ75,66,767076,2031
005/051-mft-AL25-ASAQ75,67,677032,2031
005/051-mft-AL25-ASAQ75,68,648556,2031
005/051-mft-AL25-ASAQ75,69,722940,2031
005/051-mft-AL25-ASAQ75,70,735056,2031
005/051-mft-AL25-ASAQ75,71,711500,2031
005/051-mft-AL25-ASAQ75,72,856388,2031
005/051-mft-AL25-ASAQ75,73,685516,2031
005/051-mft-AL25-ASAQ75,74,745344,2031
005/051-mft-AL25-ASAQ75,75,701104,2031
005/051-mft-AL25-ASAQ75,76,690000,2031
005/051-mft-AL25-ASAQ75,77,808960,2031
005/051-mft-AL25-ASAQ75,78,748932,2031
005/051-mft-AL25-ASAQ75,79,756936,2031
005/051-mft-AL25-ASAQ75,80,806520,2031
005/051-mft-AL25-ASAQ75,81,778880,2031
005/051-mft-AL25-ASAQ75,82,658304,2031
005/051-mft-AL25-ASAQ75,83,689368,2031
005/051-mft-AL25-ASAQ75,84,809556,2031
005/051-mft-AL25-ASAQ75,85,808504,2031
005/051-mft-AL25-ASAQ75,86,663556,2031
005/051-mft-AL25-ASAQ75,87,724976,2031
005/051-mft-AL25-ASAQ75,88,701796,2031
005/051-mft-AL25-ASAQ75,89,656004,2031
005/051-mft-AL25-ASAQ75,90,694516,2031
005/051-mft-AL25-ASAQ75,91,778212,2031
005/051-mft-AL25-ASAQ75,92,728776,2031
005/051-mft-AL25-ASAQ75,93,751116,2031
005/051-mft-AL25-ASAQ75,94,796344,2031
005/051-mft-AL25-ASAQ75,95,727744,2031
005/051-mft-AL25-ASAQ75,96,716788,2031
005/051-mft-AL25-ASAQ75,97,733872,2031
005/051-mft-AL25-ASAQ75,98,828976,2031
005/051-mft-AL25-ASAQ75,99,834780,2031
005/052-mft-AL25-DHAPPQ75,0,1270964,2031
005/052-mft-AL25-DHAPPQ75,1,1744212,2031
005/052-mft-AL25-DHAPPQ75,2,1498028,2031
005/052-mft-AL25-DHAPPQ75,3,1157672,2031
005/052-mft-AL25-DHAPPQ75,4,1446208,2031
005/052-mft-AL25-DHAPPQ75,5,1563304,2031
005/052-mft-AL25-DHAPPQ75,6,1443192,2031
005/052-mft-AL25-DHAPPQ75,7,1588068,2031
005/052-mft-AL25-DHAPPQ75,8,1527220,2031
005/052-mft-AL25-DHAPPQ75,9,1363216,2031
005/052-mft-AL25-DHAPPQ75,10,1661020,2031
005/052-mft-AL25-DHAPPQ75,11,1494628,2031
005/052-mft-AL25-DHAPPQ75,12,1834420,2031
005/052-mft-AL25-DHAPPQ75,13,1446184,2031
005/052-mft-AL25-DHAPPQ75,14,1449828,2031
005/052-mft-AL25-DHAPPQ75,15,1428096,2031
005/052-mft-AL25-DHAPPQ75,16,1463612,2031
005/052-mft-AL25-DHAPPQ75,17,1573588,2031
005/052-mft-AL25-DHAPPQ75,18,1709768,2031
005/052-mft-AL25-DHAPPQ75,19,1247996,2031
005/052-mft-AL25-DHAPPQ75,20,1578588,2031
005/052-mft-AL25-DHAPPQ75,21,1496072,2031
005/052-mft-AL25-DHAPPQ75,22,1305548,2031
005/052-mft-AL25-DHAPPQ75,23,1522148,2031
005/052-mft-AL25-DHAPPQ75,24,1651608,2031
005/052-mft-AL25-DHAPPQ75,25,1518476,2031
005/052-mft-AL25-DHAPPQ75,26,1549932,2031
005/052-mft-AL25-DHAPPQ75,27,1235400,2031
005/052-mft-AL25-DHAPPQ75,28,1323068,2031
005/052-mft-AL25-DHAPPQ75,29,1319472,2031
005/052-mft-AL25-DHAPPQ75,30,1149936,2031
005/052-mft-AL25-DHAPPQ75,31,1566772,2031
005/052-mft-AL25-DHAPPQ75,32,1350324,2031
005/052-mft-AL25-DHAPPQ75,33,1556012,2031
005/052-mft-AL25-DHAPPQ75,34,1506052,2031
005/052-mft-AL25-DHAPPQ75,35,1438080,2031
005/052-mft-AL25-DHAPPQ75,36,1582900,2031
005/052-mft-AL25-DHAPPQ75,37,1243112,2031
005/052-mft-AL25-DHAPPQ75,38,1213672,2031
005/052-mft-AL25-DHAPPQ75,39,1651676,2031
005/052-mft-AL25-DHAPPQ75,40,1672952,2031
005/052-mft-AL25-DHAPPQ75,41,1249452,2031
005/052-mft-AL25-DHAPPQ75,42,1558632,2031
005/052-mft-AL25-DHAPPQ75,43,1421440,2031
005/052-mft-AL25-DHAPPQ75,44,1344304,2031
005/052-mft-AL25-DHAPPQ75,45,1386528,2031
005/052-mft-AL25-DHAPPQ75,46,1407180,2031
005/052-mft-AL25-DHAPPQ75,47,1593312,2031
005/052-mft-AL25-DHAPPQ75,48,1352896,2031
005/052-mft-AL25-DHAPPQ75,49,1276844,2031
005/052-mft-AL25-DHAPPQ75,50,1504096,2031
005/052-mft-AL25-DHAPPQ75,51,1447260,2031
005/052-mft-AL25-DHAPPQ75,52,1462080,2031
005/052-mft-AL25-DHAPPQ75,53,1525804,2031
005/052-mft-AL25-DHAPPQ75,54,1799620,2031
005/052-mft-AL25-DHAPPQ75,55,1356380,2031
005/052-mft-AL25-DHAPPQ75,56,1458696,2031
005/052-mft-AL25-DHAPPQ75,57,1306240,2031
005/052-mft-AL25-DHAPPQ75,58,1466172,2031
005/052-mft-AL25-DHAPPQ75,59,1501088,2031
005/052-mft-AL25-DHAPPQ75,60,1549876,2031
005/052-mft-AL25-DHAPPQ75,61,1512792,2031
005/052-mft-AL25-DHAPPQ75,62,1539760,2031
005/052-mft-AL25-DHAPPQ75,63,1687608,2031
005/052-mft-AL25-DHAPPQ75,64,1558696,2031
005/052-mft-AL25-DHAPPQ75,65,1346280,2031
005/052-mft-AL25-DHAPPQ75,66,1560120,2031
005/052-mft-AL25-DHAPPQ75,67,1481536,2031
005/052-mft-AL25-DHAPPQ75,68,1543352,2031
005/052-mft-AL25-DHAPPQ75,69,1364948,2031
005/052-mft-AL25-DHAPPQ75,70,1594568,2031
005/052-mft-AL25-DHAPPQ75,71,1413480,2031
005/052-mft-AL25-DHAPPQ75,72,1480156,2031
005/052-mft-AL25-DHAPPQ75,73,1255792,2031
005/052-mft-AL25-DHAPPQ75,74,1392952,2031
005/052-mft-AL25-DHAPPQ75,75,1359652,2031
005/052-mft-AL25-DHAPPQ75,76,1468540,2031
005/052-mft-AL25-DHAPPQ75,77,1248968,2031
005/052-mft-AL25-DHAPPQ75,78,1389192,2031
005/052-mft-AL25-DHAPPQ75,79,1410876,2031
005/052-mft-AL25-DHAPPQ75,80,1515764,2031
005/052-mft-AL25-DHAPPQ75,81,1407788,2031
005/052-mft-AL25-DHAPPQ75,82,1567060,2031
005/052-mft-AL25-DHAPPQ75,83,1468196,2031
005/052-mft-AL25-DHAPPQ75,84,1266020,2031
005/052-mft-AL25-DHAPPQ75,85,1565864,2031
005/052-mft-AL25-DHAPPQ75,86,1365896,2031
005/052-mft-AL25-DHAPPQ75,87,1294120,2031
005/052-mft-AL25-DHAPPQ75,88,1502164,2031
005/052-mft-AL25-DHAPPQ75,89,1564588,2031
005/052-mft-AL25-DHAPPQ75,90,1497768,2031
005/052-mft-AL25-DHAPPQ75,91,1623700,2031
005/052-mft-AL25-DHAPPQ75,92,1276696,2031
005/052-mft-AL25-DHAPPQ75,93,1434052,2031
005/052-mft-AL25-DHAPPQ75,94,1165112,2031
005/052-mft-AL25-DHAPPQ75,95,1309740,2031
005/052-mft-AL25-DHAPPQ75,96,1516860,2031
005/052-mft-AL25-DHAPPQ75,97,1976400,2031
005/052-mft-AL25-DHAPPQ75,98,1516540,2031
005/052-mft-AL25-DHAPPQ75,99,1703608,2031
005/053-mft-ASAQ25-DHAPPQ75,0,1021280,2031
005/053-mft-ASAQ25-DHAPPQ75,1,1109452,2031
005/053-mft-ASAQ25-DHAPPQ75,2,1022204,2031
005/053-mft-ASAQ25-DHAPPQ75,3,1227432,2031
005/053-mft-ASAQ25-DHAPPQ75,4,1043404,2031
005/053-mft-ASAQ25-DHAPPQ75,5,1080484,2031
005/053-mft-ASAQ25-DHAPPQ75,6,1012928,2031
005/053-mft-ASAQ25-DHAPPQ75,7,1208648,2031
005/053-mft-ASAQ25-DHAPPQ75,8,1025376,2031
005/053-mft-ASAQ25-DHAPPQ75,9,1035908,2031
005/053-mft-ASAQ25-DHAPPQ75,10,1150564,2031
005/053-mft-ASAQ25-DHAPPQ75,11,1036040,2031
005/053-mft-ASAQ25-DHAPPQ75,12,1101172,2031
005/053-mft-ASAQ25-DHAPPQ75,13,906952,2031
005/053-mft-ASAQ25-DHAPPQ75,14,1125108,2031
005/053-mft-ASAQ25-DHAPPQ75,15,1062892,2031
005/053-mft-ASAQ25-DHAPPQ75,16,1071816,2031
005/053-mft-ASAQ25-DHAPPQ75,17,1252872,2031
005/053-mft-ASAQ25-DHAPPQ75,18,1094656,2031
005/053-mft-ASAQ25-DHAPPQ75,19,1049720,2031
005/053-mft-ASAQ25-DHAPPQ75,20,1266700,2031
005/053-mft-ASAQ25-DHAPPQ75,21,1351392,2031
005/053-mft-ASAQ25-DHAPPQ75,22,1078640,2031
005/053-mft-ASAQ25-DHAPPQ75,23,882276,2031
005/053-mft-ASAQ25-DHAPPQ75,24,1126796,2031
005/053-mft-ASAQ25-DHAPPQ75,25,1089812,2031
005/053-mft-ASAQ25-DHAPPQ75,26,1095704,2031
005/053-mft-ASAQ25-DHAPPQ75,27,1214476,2031
005/053-mft-ASAQ25-DHAPPQ75,28,951868,2031
005/053-mft-ASAQ25-DHAPPQ75,29,1082956,2031
005/053-mft-ASAQ25-DHAPPQ75,30,1169360,2031
005/053-mft-ASAQ25-DHAPPQ75,31,1042124,2031
005/053-mft-ASAQ25-DHAPPQ75,32,1088640,2031
005/053-mft-ASAQ25-DHAPPQ75,33,1170952,2031
005/053-mft-ASAQ25-DHAPPQ75,34,1012180,2031
005/053-mft-ASAQ25-DHAPPQ75,35,1181100,2031
005/053-mft-ASAQ25-DHAPPQ75,36,1053592,2031
005/053-mft-ASAQ25-DHAPPQ75,37,1141064,2031
005/053-mft-ASAQ25-DHAPPQ75,38,1147284,2031
005/053-mft-ASAQ25-DHAPPQ75,39,1087644,2031
005/053-mft-ASAQ25-DHAPPQ75,40,962468,2031
005/053-mft-ASAQ25-DHAPPQ75,41,970144,2031
005/053-mft-ASAQ25-DHAPPQ75,42,984100,2031
005/053-mft-ASAQ25-DHAPPQ75,43,1135712,2031
005/053-mft-ASAQ25-DHAPPQ75,44,1077104,2031
005/053-mft-ASAQ25-DHAPPQ75,45,1330212,2031
005/053-mft-ASAQ25-DHAPPQ75,46,1037648,2031
005/053-mft-ASAQ25-DHAPPQ75,47,1185532,2031
005/053-mft-ASAQ25-DHAPPQ75,48,1128276,2031
005/053-mft-ASAQ25-DHAPPQ75,49,1043756,2031
005/053-mft-ASAQ25-DHAPPQ75,50,1200968,2031
005/053-mft-ASAQ25-DHAPPQ75,51,1401480,2031
005/053-mft-ASAQ25-DHAPPQ75,52,933604,2031
005/053-mft-ASAQ25-DHAPPQ75,53,1019500,2031
005/053-mft-ASAQ25-DHAPPQ75,54,850532,2031
005/053-mft-ASAQ25-DHAPPQ75,55,1121000,2031
005/053-mft-ASAQ25-DHAPPQ75,56,1213596,2031
005/053-mft-ASAQ25-DHAPPQ75,57,1017832,2031
005/053-mft-ASAQ25-DHAPPQ75,58,1151260,2031
005/053-mft-ASAQ25-DHAPPQ75,59,1241196,2031
005/053-mft-ASAQ25-DHAPPQ75,60,1126140,2031
005/053-mft-ASAQ25-DHAPPQ75,61,1057928,2031
005/053-mft-ASAQ25-DHAPPQ75,62,1007044,2031
005/053-mft-ASAQ25-DHAPPQ75,63,1097740,2031
005/053-mft-ASAQ25-DHAPPQ75,64,1134876,2031
005/053-mft-ASAQ25-DHAPPQ75,65,1091616,2031
005/053-mft-ASAQ25-DHAPPQ75,66,1280044,2031
005/053-mft-ASAQ25-DHAPPQ75,67,1202728,2031
005/053-mft-ASAQ25-DHAPPQ75,68,1077304,2031
005/053-mft-ASAQ25-DHAPPQ75,69,1183604,2031
005/053-mft-ASAQ25-DHAPPQ75,70,1179964,2031
005/053-mft-ASAQ25-DHAPPQ75,71,1049416,2031
005/053-mft-ASAQ25-DHAPPQ75,72,958788,2031
005/053-mft-ASAQ25-DHAPPQ75,73,941584,2031
005/053-mft-ASAQ25-DHAPPQ75,74,1185132,2031
005/053-mft-ASAQ25-DHAPPQ75,75,1003128,2031
005/053-mft-ASAQ25-DHAPPQ75,76,1297296,2031
005/053-mft-ASAQ25-DHAPPQ75,77,1217900,2031
005/053-mft-ASAQ25-DHAPPQ75,78,1047024,2031
005/053-mft-ASAQ25-DHAPPQ75,79,1184012,2031
005/053-mft-ASAQ25-DHAPPQ75,80,1104856,2031
005/053-mft-ASAQ25-DHAPPQ75,81,1271596,2031
005/053-mft-ASAQ25-DHAPPQ75,82,997524,2031
005/053-mft-ASAQ25-DHAPPQ75,83,1106916,2031
005/053-mft-ASAQ25-DHAPPQ75,84,947680,2031
005/053-mft-ASAQ25-DHAPPQ75,85,1142028,2031
005/053-mft-ASAQ25-DHAPPQ75,86,1126440,2031
005/053-mft-ASAQ25-DHAPPQ75,87,1193488,2031
005/053-mft-ASAQ25-DHAPPQ75,88,1096076,2031
005/053-mft-ASAQ25-DHAPPQ75,89,945504,2031
005/053-mft-ASAQ25-DHAPPQ75,90,1203796,2031
005/053-mft-ASAQ25-DHAPPQ75,91,1069368,2031
005/053-mft-ASAQ25-DHAPPQ75,92,1227360,2031
005/053-mft-ASAQ25-DHAPPQ75,93,1060524,2031
005/053-mft-ASAQ25-DHAPPQ75,94,1083288,2031
005/053-mft-ASAQ25-DHAPPQ75,95,1121992,2031
005/053-mft-ASAQ25-DHAPPQ75,96,1151524,2031
005/053-mft-ASAQ25-DHAPPQ75,97,1193980,2031
005/053-mft-ASAQ25-DHAPPQ75,98,1065696,2031
005/053-mft-ASAQ25-DHAPPQ75,99,1059752,2031
005/054-mft-AL75-ASAQ25,0,1128180,2031
005/054-mft-AL75-ASAQ25,1,1229168,2031
005/054-mft-AL75-ASAQ25,2,1533248,2031
005/054-mft-AL75-ASAQ25,3,1505588,2031
005/054-mft-AL75-ASAQ25,4,1410548,2031
005/054-mft-AL75-ASAQ25,5,1272696,2031
005/054-mft-AL75-ASAQ25,6,1501300,2031
005/054-mft-AL75-ASAQ25,7,1466280,2031
005/054-mft-AL75-ASAQ25,8,1385620,2031
005/054-mft-AL75-ASAQ25,9,1305860,2031
005/054-mft-AL75-ASAQ25,10,1313600,2031
005/054-mft-AL75-ASAQ25,11,1336756,2031
005/054-mft-AL75-ASAQ25,12,1412624,2031
005/054-mft-AL75-ASAQ25,13,1686276,2031
005/054-mft-AL75-ASAQ25,14,1460632,2031
005/054-mft-AL75-ASAQ25,15,1472748,2031
005/054-mft-AL75-ASAQ25,16,1375416,2031
005/054-mft-AL75-ASAQ25,17,1551644,2031
005/054-mft-AL75-ASAQ25,18,1760868,2031
005/054-mft-AL75-ASAQ25,19,1188724,2031
005/054-mft-AL75-ASAQ25,20,1482552,2031
005/054-mft-AL75-ASAQ25,21,1683012,2031
005/054-mft-AL75-ASAQ25,22,1416172,2031
005/054-mft-AL75-ASAQ25,23,1380964,2031
005/054-mft-AL75-ASAQ25,24,1319960,2031
005/054-mft-AL75-ASAQ25,25,1357072,2031
005/054-mft-AL75-ASAQ25,26,1399924,2031
005/054-mft-AL75-ASAQ25,27,1495960,2031
005/054-mft-AL75-ASAQ25,28,1387056,2031
005/054-mft-AL75-ASAQ25,29,1515112,2031
005/054-mft-AL75-ASAQ25,30,1427336,2031
005/054-mft-AL75-ASAQ25,31,1369960,2031
005/054-mft-AL75-ASAQ25,32,1248376,2031
005/054-mft-AL75-ASAQ25,33,1336724,2031
005/054-mft-AL75-ASAQ25,34,1489596,2031
005/054-mft-AL75-ASAQ25,35,1292772,2031
005/054-mft-AL75-ASAQ25,36,1429280,2031
005/054-mft-AL75-ASAQ25,37,1160260,2031
005/054-mft-AL75-ASAQ25,38,1578628,2031
005/054-mft-AL75-ASAQ25,39,1417424,2031
005/054-mft-AL75-ASAQ25,40,1391796,2031
005/054-mft-AL75-ASAQ25,41,1307700,2031
005/054-mft-AL75-ASAQ25,42,1316896,2031
005/054-mft-AL75-ASAQ25,43,1429384,2031
005/054-mft-AL75-ASAQ25,44,1647076,2031
005/054-mft-AL75-ASAQ25,45,1552064,2031
005/054-mft-AL75-ASAQ25,46,1582640,2031
005/054-mft-AL75-ASAQ25,47,1446616,2031
005/054-mft-AL75-ASAQ25,48,1215172,2031
005/054-mft-AL75-ASAQ25,49,1286208,2031
005/054-mft-AL75-ASAQ25,50,1324544,2031
005/054-mft-AL75-ASAQ25,51,1491524,2031
005/054-mft-AL75-ASAQ25,52,1499876,2031
005/054-mft-AL75-ASAQ25,53,1261716,2031
005/054-mft-AL75-ASAQ25,54,1347612,2031
005/054-mft-AL75-ASAQ25,55,1412688,2031
005/054-mft-AL75-ASAQ25,56,1369284,2031
005/054-mft-AL75-ASAQ25,57,1635176,2031
005/054-mft-AL75-ASAQ25,58,1291920,2031
005/054-mft-AL75-ASAQ25,59,1398144,2031
005/054-mft-AL75-ASAQ25,60,1313324,2031
005/054-mft-AL75-ASAQ25,61,1293800,2031
005/054-mft-AL75-ASAQ25,62,1412908,2031
005/054-mft-AL75-ASAQ25,63,1488004,2031
005/054-mft-AL75-ASAQ25,64,1300624,2031
005/054-mft-AL75-ASAQ25,65,1301484,2031
005/054-mft-AL75-ASAQ25,66,1421908,2031
005/054-mft-AL75-ASAQ25,67,1369008,2031
005/054-mft-AL75-ASAQ25,68,1624460,2031
005/054-mft-AL75-ASAQ25,69,1812532,2031
005/054-mft-AL75-ASAQ25,70,1513292,2031
005/054-mft-AL75-ASAQ25,71,1401536,2031
005/054-mft-AL75-ASAQ25,72,1236804,2031
005/054-mft-AL75-ASAQ25,73,1319752,2031
005/054-mft-AL75-ASAQ25,74,1766160,2031
005/054-mft-AL75-ASAQ25,75,1341976,2031
005/054-mft-AL75-ASAQ25,76,1331640,2031
005/054-mft-AL75-ASAQ25,77,1625384,2031
005/054-mft-AL75-ASAQ25,78,1291356,2031
005/054-mft-AL75-ASAQ25,79,1654124,2031
005/054-mft-AL75-ASAQ25,80,1345800,2031
005/054-mft-AL75-ASAQ25,81,1486528,2031
005/054-mft-AL75-ASAQ25,82,1640528,2031
005/054-mft-AL75-ASAQ25,83,1289720,2031
005/054-mft-AL75-ASAQ25,84,1244820,2031
005/054-mft-AL75-ASAQ25,85,1342336,2031
005/054-mft-AL75-ASAQ25,86,1541984,2031
005/054-mft-AL75-ASAQ25,87,1726372,2031
005/054-mft-AL75-ASAQ25,88,1530764,2031
005/054-mft-AL75-ASAQ25,89,1506072,2031
005/054-mft-AL75-ASAQ25,90,1347476,2031
005/054-mft-AL75-ASAQ25,91,1199072,2031
005/054-mft-AL75-ASAQ25,92,1251348,2031
005/054-mft-AL75-ASAQ25,93,1645128,2031
005/054-mft-AL75-ASAQ25,94,1557760,2031
005/054-mft-AL75-ASAQ25,95,1325008,2031
005/054-mft-AL75-ASAQ25,96,1444848,2031
005/054-mft-AL75-ASAQ25,97,1672168,2031
005/054-mft-AL75-ASAQ25,98,1371836,2031
005/054-mft-AL75-ASAQ25,99,1533352,2031
005/055-mft-AL75-DHAPPQ25,0,1421716,2031
005/055-mft-AL75-DHAPPQ25,1,1351492,2031
005/055-mft-AL75-DHAPPQ25,2,1464052,2031
005/055-mft-AL75-DHAPPQ25,3,1871916,2031
005/055-mft-AL75-DHAPPQ25,4,1558932,2031
005/055-mft-AL75-DHAPPQ25,5,1319768,2031
005/055-mft-AL75-DHAPPQ25,6,1270188,2031
005/055-mft-AL75-DHAPPQ25,7,1407096,2031
005/055-mft-AL75-DHAPPQ25,8,1707480,2031
005/055-mft-AL75-DHAPPQ25,9,1426892,2031
005/055-mft-AL75-DHAPPQ25,10,1854812,2031
005/055-mft-AL75-DHAPPQ25,11,1339908,2031
005/055-mft-AL75-DHAPPQ25,12,1414448,2031
005/055-mft-AL75-DHAPPQ25,13,1464032,2031
005/055-mft-AL75-DHAPPQ25,14,1163436,2031
005/055-mft-AL75-DHAPPQ25,15,1507756,2031
005/055-mft-AL75-DHAPPQ25,16,1553092,2031
005/055-mft-AL75-DHAPPQ25,17,1434580,2031
005/055-mft-AL75-DHAPPQ25,18,1640388,2031
005/055-mft-AL75-DHAPPQ25,19,1419544,2031
005/055-mft-AL75-DHAPPQ25,20,1680196,2031
005/055-mft-AL75-DHAPPQ25,21,1426680,2031
005/055-mft-AL75-DHAPPQ25,22,1718008,2031
005/055-mft-AL75-DHAPPQ25,23,1390980,2031
005/055-mft-AL75-DHAPPQ25,24,1451228,2031
005/055-mft-AL75-DHAPPQ25,25,1736668,2031
005/055-mft-AL75-DHAPPQ25,26,1107108,2031
005/055-mft-AL75-DHAPPQ25,27,1484640,2031
005/055-mft-AL75-DHAPPQ25,28,1465532,2031
005/055-mft-AL75-DHAPPQ25,29,1471588,2031
005/055-mft-AL75-DHAPPQ25,30,1403204,2031
005/055-mft-AL75-DHAPPQ25,31,1414224,2031
005/055-mft-AL75-DHAPPQ25,32,1582528,2031
005/055-mft-AL75-DHAPPQ25,33,1325052,2031
005/055-mft-AL75-DHAPPQ25,34,1262656,2031
005/055-mft-AL75-DHAPPQ25,35,1244048,2031
005/055-mft-AL75-DHAPPQ25,36,1481440,2031
005/055-mft-AL75-DHAPPQ25,37,1452556,2031
005/055-mft-AL75-DHAPPQ25,38,1217116,2031
005/055-mft-AL75-DHAPPQ25,39,1456356,2031
005/055-mft-AL75-DHAPPQ25,40,1435412,2031
005/055-mft-AL75-DHAPPQ25,41,1377320,2031
005/055-mft-AL75-DHAPPQ25,42,1450108,2031
005/055-mft-AL75-DHAPPQ25,43,1459184,2031
005/055-mft-AL75-DHAPPQ25,44,1487200,2031
005/055-mft-AL75-DHAPPQ25,45,2178412,2031
005/055-mft-AL75-DHAPPQ25,46,1119144,2031
005/055-mft-AL75-DHAPPQ25,47,1539216,2031
005/055-mft-AL75-DHAPPQ25,48,1525564,2031
005/055-mft-AL75-DHAPPQ25,49,1683180,2031
005/055-mft-AL75-DHAPPQ25,50,1588784,2031
005/055-mft-AL75-DHAPPQ25,51,1100160,2031
005/055-mft-AL75-DHAPPQ25,52,2131332,2031
005/055-mft-AL75-DHAPPQ25,53,1353616,2031
005/055-mft-AL75-DHAPPQ25,54,1811640,2031
005/055-mft-AL75-DHAPPQ25,55,1629408,2031
005/055-mft-AL75-DHAPPQ25,56,1696212,2031
005/055-mft-AL75-DHAPPQ25,57,1503640,2031
005/055-mft-AL75-DHAPPQ25,58,1773848,2031
005/055-mft-AL75-DHAPPQ25,59,1421524,2031
005/055-mft-AL75-DHAPPQ25,60,1726400,2031
005/055-mft-AL75-DHAPPQ25,61,1456352,2031
005/055-mft-AL75-DHAPPQ25,62,1450544,2031
005/055-mft-AL75-DHAPPQ25,63,1298464,2031
005/055-mft-AL75-DHAPPQ25,64,1609576,2031
005/055-mft-AL75-DHAPPQ25,65,1455900,2031
005/055-mft-AL75-DHAPPQ25,66,1365416,2031
005/055-mft-AL75-DHAPPQ25,67,1324740,2031
005/055-mft-AL75-DHAPPQ25,68,1283972,2031
005/055-mft-AL75-DHAPPQ25,69,2340140,2031
005/055-mft-AL75-DHAPPQ25,70,1487144,2031
005/055-mft-AL75-DHAPPQ25,71,1275760,2031
005/055-mft-AL75-DHAPPQ25,72,1425336,2031
005/055-mft-AL75-DHAPPQ25,73,1385736,2031
005/055-mft-AL75-DHAPPQ25,74,1375660,2031
005/055-mft-AL75-DHAPPQ25,75,1362336,2031
005/055-mft-AL75-DHAPPQ25,76,1430916,2031
005/055-mft-AL75-DHAPPQ25,77,1730808,2031
005/055-mft-AL75-DHAPPQ25,78,1731584,2031
005/055-mft-AL75-DHAPPQ25,79,1708816,2031
005/055-mft-AL75-DHAPPQ25,80,1782340,2031
005/055-mft-AL75-DHAPPQ25,81,1421728,2031
005/055-mft-AL75-DHAPPQ25,82,1300840,2031
005/055-mft-AL75-DHAPPQ25,83,1274352,2031
005/055-mft-AL75-DHAPPQ25,84,1693444,2031
005/055-mft-AL75-DHAPPQ25,85,1580516,2031
005/055-mft-AL75-DHAPPQ25,86,1418476,2031
005/055-mft-AL75-DHAPPQ25,87,1379884,2031
005/055-mft-AL75-DHAPPQ25,88,1701944,2031
005/055-mft-AL75-DHAPPQ25,89,1913452,2031
005/055-mft-AL75-DHAPPQ25,90,1318572,2031
005/055-mft-AL75-DHAPPQ25,91,1386088,2031
005/055-mft-AL75-DHAPPQ25,92,1856624,2031
005/055-mft-AL75-DHAPPQ25,93,1381960,2031
005/055-mft-AL75-DHAPPQ25,94,1216648,2031
005/055-mft-AL75-DHAPPQ25,95,1707204,2031
005/055-mft-AL75-DHAPPQ25,96,1840604,2031
005/055-mft-AL75-DHAPPQ25,97,1411712,2031
005/055-mft-AL75-DHAPPQ25,98,1244468,2031
005/055-mft-AL75-DHAPPQ25,99,1368776,2031
005/056-mft-ASAQ75-DHAPPQ25,0,556056,2031
005/056-mft-ASAQ75-DHAPPQ25,1,512532,2031
005/056-mft-ASAQ75-DHAPPQ25,2,613196,2031
005/056-mft-ASAQ75-DHAPPQ25,3,516732,2031
005/056-mft-ASAQ75-DHAPPQ25,4,463424,2031
005/056-mft-ASAQ75-DHAPPQ25,5,490904,2031
005/056-mft-ASAQ75-DHAPPQ25,6,490300,2031
005/056-mft-ASAQ75-DHAPPQ25,7,538308,2031
005/056-mft-ASAQ75-DHAPPQ25,8,505300,2031
005/056-mft-ASAQ75-DHAPPQ25,9,476504,2031
005/056-mft-ASAQ75-DHAPPQ25,10,520592,2031
005/056-mft-ASAQ75-DHAPPQ25,11,523780,2031
005/056-mft-ASAQ75-DHAPPQ25,12,505032,2031
005/056-mft-ASAQ75-DHAPPQ25,13,516068,2031
005/056-mft-ASAQ75-DHAPPQ25,14,490084,2031
005/056-mft-ASAQ75-DHAPPQ25,15,469908,2031
005/056-mft-ASAQ75-DHAPPQ25,16,550312,2031
005/056-mft-ASAQ75-DHAPPQ25,17,531360,2031
005/056-mft-ASAQ75-DHAPPQ25,18,545404,2031
005/056-mft-ASAQ75-DHAPPQ25,19,483184,2031
005/056-mft-ASAQ75-DHAPPQ25,20,514488,2031
005/056-mft-ASAQ75-DHAPPQ25,21,560492,2031
005/056-mft-ASAQ75-DHAPPQ25,22,525720,2031
005/056-mft-ASAQ75-DHAPPQ25,23,579136,2031
005/056-mft-ASAQ75-DHAPPQ25,24,502340,2031
005/056-mft-ASAQ75-DHAPPQ25,25,489616,2031
005/056-mft-ASAQ75-DHAPPQ25,26,486616,2031
005/056-mft-ASAQ75-DHAPPQ25,27,509156,2031
005/056-mft-ASAQ75-DHAPPQ25,28,513712,2031
005/056-mft-ASAQ75-DHAPPQ25,29,549332,2031
005/056-mft-ASAQ75-DHAPPQ25,30,520708,2031
005/056-mft-ASAQ75-DHAPPQ25,31,537948,2031
005/056-mft-ASAQ75-DHAPPQ25,32,544880,2031
005/056-mft-ASAQ75-DHAPPQ25,33,536912,2031
005/056-mft-ASAQ75-DHAPPQ25,34,524964,2031
005/056-mft-ASAQ75-DHAPPQ25,35,511324,2031
005/056-mft-ASAQ75-DHAPPQ25,36,529360,2031
005/056-mft-ASAQ75-DHAPPQ25,37,554556,2031
005/056-mft-ASAQ75-DHAPPQ25,38,517808,2031
005/056-mft-ASAQ75-DHAPPQ25,39,487616,2031
005/056-mft-ASAQ75-DHAPPQ25,40,543912,2031
005/056-mft-ASAQ75-DHAPPQ25,41,522636,2031
005/056-mft-ASAQ75-DHAPPQ25,42,496064,2031
005/056-mft-ASAQ75-DHAPPQ25,43,495016,2031
005/056-mft-ASAQ75-DHAPPQ25,44,512536,2031
005/056-mft-ASAQ75-DHAPPQ25,45,545688,2031
005/056-mft-ASAQ75-DHAPPQ25,46,501848,2031
005/056-mft-ASAQ75-DHAPPQ25,47,495748,2031
005/056-mft-ASAQ75-DHAPPQ25,48,520492,2031
005/056-mft-ASAQ75-DHAPPQ25,49,573128,2031
005/056-mft-ASAQ75-DHAPPQ25,50,582060,2031
005/056-mft-ASAQ75-DHAPPQ25,51,549492,2031
005/056-mft-ASAQ75-DHAPPQ25,52,525852,2031
005/056-mft-ASAQ75-DHAPPQ25,53,514228,2031
005/056-mft-ASAQ75-DHAPPQ25,54,501524,2031
005/056-mft-ASAQ75-DHAPPQ25,55,488548,2031
005/056-mft-ASAQ75-DHAPPQ25,56,511160,2031
005/056-mft-ASAQ75-DHAPPQ25,57,491840,2031
005/056-mft-ASAQ75-DHAPPQ25,58,511148,2031
005/056-mft-ASAQ75-DHAPPQ25,59,521728,2031
005/056-mft-ASAQ75-DHAPPQ25,60,459808,2031
005/056-mft-ASAQ75-DHAPPQ25,61,543568,2031
005/056-mft-ASAQ75-DHAPPQ25,62,546008,2031
005/056-mft-ASAQ75-DHAPPQ25,63,504816,2031
005/056-mft-ASAQ75-DHAPPQ25,64,494976,2031
005/056-mft-ASAQ75-DHAPPQ25,65,485944,2031
005/056-mft-ASAQ75-DHAPPQ25,66,467684,2031
005/056-mft-ASAQ75-DHAPPQ25,67,502732,2031
005/056-mft-ASAQ75-DHAPPQ25,68,520456,2031
005/056-mft-ASAQ75-DHAPPQ25,69,505720,2031
005/056-mft-ASAQ75-DHAPPQ25,70,528384,2031
005/056-mft-ASAQ75-DHAPPQ25,71,524176,2031
005/056-mft-ASAQ75-DHAPPQ25,72,477548,2031
005/056-mft-ASAQ75-DHAPPQ25,73,529292,2031
005/056-mft-ASAQ75-DHAPPQ25,74,498080,2031
005/056-mft-ASAQ75-DHAPPQ25,75,507816,2031
005/056-mft-ASAQ75-DHAPPQ25,76,526548,2031
005/056-mft-ASAQ75-DHAPPQ25,77,522240,2031
005/056-mft-ASAQ75-DHAPPQ25,78,502280,2031
005/056-mft-ASAQ75-DHAPPQ25,79,540872,2031
005/056-mft-ASAQ75-DHAPPQ25,80,539752,2031
005/056-mft-ASAQ75-DHAPPQ25,81,491376,2031
005/056-mft-ASAQ75-DHAPPQ25,82,514592,2031
005/056-mft-ASAQ75-DHAPPQ25,83,477744,2031
005/056-mft-ASAQ75-DHAPPQ25,84,550784,2031
005/056-mft-ASAQ75-DHAPPQ25,85,548260,2031
005/056-mft-ASAQ75-DHAPPQ25,86,500404,2031
005/056-mft-ASAQ75-DHAPPQ25,87,558076,2031
005/056-mft-ASAQ75-DHAPPQ25,88,519496,2031
005/056-mft-ASAQ75-DHAPPQ25,89,516936,2031
005/056-mft-ASAQ75-DHAPPQ25,90,520316,2031
005/056-mft-ASAQ75-DHAPPQ25,91,523192,2031
005/056-mft-ASAQ75-DHAPPQ25,92,499712,2031
005/056-mft-ASAQ75-DHAPPQ25,93,536832,2031
005/056-mft-ASAQ75-DHAPPQ25,94,482880,2031
005/056-mft-ASAQ75-DHAPPQ25,95,476520,2031
005/056-mft-ASAQ75-DHAPPQ25,96,525828,2031
005/056-mft-ASAQ75-DHAPPQ25,97,445568,2031
005/056-mft-ASAQ75-DHAPPQ25,98,537856,2031
005/056-mft-ASAQ75-DHAPPQ25,99,517040,2031
005/057-mft-AL50-ASAQ50,0,1005008,2031
005/057-mft-AL50-ASAQ50,1,920568,2031
005/057-mft-AL50-ASAQ50,2,1042844,2031
005/057-mft-AL50-ASAQ50,3,908856,2031
005/057-mft-AL50-ASAQ50,4,1058308,2031
005/057-mft-AL50-ASAQ50,5,1010352,2031
005/057-mft-AL50-ASAQ50,6,898412,2031
005/057-mft-AL50-ASAQ50,7,1106804,2031
005/057-mft-AL50-ASAQ50,8,925840,2031
005/057-mft-AL50-ASAQ50,9,973776,2031
005/057-mft-AL50-ASAQ50,10,1090164,2031
005/057-mft-AL50-ASAQ50,11,1027844,2031
005/057-mft-AL50-ASAQ50,12,1186748,2031
005/057-mft-AL50-ASAQ50,13,1032700,2031
005/057-mft-AL50-ASAQ50,14,872876,2031
005/057-mft-AL50-ASAQ50,15,956820,2031
005/057-mft-AL50-ASAQ50,16,788408,2031
005/057-mft-AL50-ASAQ50,17,1007312,2031
005/057-mft-AL50-ASAQ50,18,1126524,2031
005/057-mft-AL50-ASAQ50,19,1146932,2031
005/057-mft-AL50-ASAQ50,20,1007076,2031
005/057-mft-AL50-ASAQ50,21,938848,2031
005/057-mft-AL50-ASAQ50,22,997884,2031
005/057-mft-AL50-ASAQ50,23,936064,2031
005/057-mft-AL50-ASAQ50,24,1080548,2031
005/057-mft-AL50-ASAQ50,25,985972,2031
005/057-mft-AL50-ASAQ50,26,1099620,2031
005/057-mft-AL50-ASAQ50,27,1006540,2031
005/057-mft-AL50-ASAQ50,28,1065008,2031
005/057-mft-AL50-ASAQ50,29,954164,2031
005/057-mft-AL50-ASAQ50,30,933132,2031
005/057-mft-AL50-ASAQ50,31,969864,2031
005/057-mft-AL50-ASAQ50,32,1041464,2031
005/057-mft-AL50-ASAQ50,33,963484,2031
005/057-mft-AL50-ASAQ50,34,1028484,2031
005/057-mft-AL50-ASAQ50,35,959872,2031
005/057-mft-AL50-ASAQ50,36,1288724,2031
005/057-mft-AL50-ASAQ50,37,1092708,2031
005/057-mft-AL50-ASAQ50,38,1003440,2031
005/057-mft-AL50-ASAQ50,39,1007984,2031
005/057-mft-AL50-ASAQ50,40,1135732,2031
005/057-mft-AL50-ASAQ50,41,1010296,2031
005/057-mft-AL50-ASAQ50,42,952408,2031
005/057-mft-AL50-ASAQ50,43,920824,2031
005/057-mft-AL50-ASAQ50,44,1293936,2031
005/057-mft-AL50-ASAQ50,45,1080028,2031
005/057-mft-AL50-ASAQ50,46,1170452,2031
005/057-mft-AL50-ASAQ50,47,976692,2031
005/057-mft-AL50-ASAQ50,48,1455772,2031
005/057-mft-AL50-ASAQ50,49,911188,2031
005/057-mft-AL50-ASAQ50,50,1022544,2031
005/057-mft-AL50-ASAQ50,51,1079548,2031
005/057-mft-AL50-ASAQ50,52,1148692,2031
005/057-mft-AL50-ASAQ50,53,1089748,2031
005/057-mft-AL50-ASAQ50,54,975208,2031
005/057-mft-AL50-ASAQ50,55,1109888,2031
005/057-mft-AL50-ASAQ50,56,970468,2031
005/057-mft-AL50-ASAQ50,57,1006628,2031
005/057-mft-AL50-ASAQ50,58,1018804,2031
005/057-mft-AL50-ASAQ50,59,1031796,2031
005/057-mft-AL50-ASAQ50,60,980528,2031
005/057-mft-AL50-ASAQ50,61,1013272,2031
005/057-mft-AL50-ASAQ50,62,1001788,2031
005/057-mft-AL50-ASAQ50,63,1125608,2031
005/057-mft-AL50-ASAQ50,64,1001440,2031
005/057-mft-AL50-ASAQ50,65,1141628,2031
005/057-mft-AL50-ASAQ50,66,1030432,2031
005/057-mft-AL50-ASAQ50,67,1022468,2031
005/057-mft-AL50-ASAQ50,68,1043856,2031
005/057-mft-AL50-ASAQ50,69,961036,2031
005/057-mft-AL50-ASAQ50,70,1219440,2031
005/057-mft-AL50-ASAQ50,71,1092420,2031
005/057-mft-AL50-ASAQ50,72,960832,2031
005/057-mft-AL50-ASAQ50,73,899204,2031
005/057-mft-AL50-ASAQ50,74,1037708,2031
005/057-mft-AL50-ASAQ50,75,967816,2031
005/057-mft-AL50-ASAQ50,76,1015972,2031
005/057-mft-AL50-ASAQ50,77,923512,2031
005/057-mft-AL50-ASAQ50,78,1024356,2031
005/057-mft-AL50-ASAQ50,79,1245856,2031
005/057-mft-AL50-ASAQ50,80,922560,2031
005/057-mft-AL50-ASAQ50,81,869584,2031
005/057-mft-AL50-ASAQ50,82,916588,2031
005/057-mft-AL50-ASAQ50,83,1049372,2031
005/057-mft-AL50-ASAQ50,84,989364,2031
005/057-mft-AL50-ASAQ50,85,1195700,2031
005/057-mft-AL50-ASAQ50,86,1015940,2031
005/057-mft-AL50-ASAQ50,87,1008876,2031
005/057-mft-AL50-ASAQ50,88,1079284,2031
005/057-mft-AL50-ASAQ50,89,1137476,2031
005/057-mft-AL50-ASAQ50,90,836400,2031
005/057-mft-AL50-ASAQ50,91,1028140,2031
005/057-mft-AL50-ASAQ50,92,1040560,2031
005/057-mft-AL50-ASAQ50,93,1015928,2031
005/057-mft-AL50-ASAQ50,94,1204144,2031
005/057-mft-AL50-ASAQ50,95,941124,2031
005/057-mft-AL50-ASAQ50,96,985228,2031
005/057-mft-AL50-ASAQ50,97,973124,2031
005/057-mft-AL50-ASAQ50,98,984132,2031
005/057-mft-AL50-ASAQ50,99,1430720,2031
005/058-mft-AL50-DHAPPQ50,0,1123276,2031
005/058-mft-AL50-DHAPPQ50,1,1170212,2031
005/058-mft-AL50-DHAPPQ50,2,1164664,2031
005/058-mft-AL50-DHAPPQ50,3,1190484,2031
005/058-mft-AL50-DHAPPQ50,4,1128804,2031
005/058-mft-AL50-DHAPPQ50,5,1369444,2031
005/058-mft-AL50-DHAPPQ50,6,1155436,2031
005/058-mft-AL50-DHAPPQ50,7,997200,2031
005/058-mft-AL50-DHAPPQ50,8,1250496,2031
005/058-mft-AL50-DHAPPQ50,9,1332004,2031
005/058-mft-AL50-DHAPPQ50,10,1486112,2031
005/058-mft-AL50-DHAPPQ50,11,1226676,2031
005/058-mft-AL50-DHAPPQ50,12,1134848,2031
005/058-mft-AL50-DHAPPQ50,13,1018800,2031
005/058-mft-AL50-DHAPPQ50,14,1258708,2031
005/058-mft-AL50-DHAPPQ50,15,1212808,2031
005/058-mft-AL50-DHAPPQ50,16,1269292,2031
005/058-mft-AL50-DHAPPQ50,17,1246808,2031
005/058-mft-AL50-DHAPPQ50,18,1080404,2031
005/058-mft-AL50-DHAPPQ50,19,1305332,2031
005/058-mft-AL50-DHAPPQ50,20,1258040,2031
005/058-mft-AL50-DHAPPQ50,21,1218748,2031
005/058-mft-AL50-DHAPPQ50,22,1306104,2031
005/058-mft-AL50-DHAPPQ50,23,1073408,2031
005/058-mft-AL50-DHAPPQ50,24,1180980,2031
005/058-mft-AL50-DHAPPQ50,25,1064868,2031
005/058-mft-AL50-DHAPPQ50,26,1381376,2031
005/058-mft-AL50-DHAPPQ50,27,1125284,2031
005/058-mft-AL50-DHAPPQ50,28,1114220,2031
005/058-mft-AL50-DHAPPQ50,29,1024680,2031
005/058-mft-AL50-DHAPPQ50,30,1314992,2031
005/058-mft-AL50-DHAPPQ50,31,1078052,2031
005/058-mft-AL50-DHAPPQ50,32,1202920,2031
005/058-mft-AL50-DHAPPQ50,33,1087916,2031
005/058-mft-AL50-DHAPPQ50,34,992884,2031
005/058-mft-AL50-DHAPPQ50,35,1359548,2031
005/058-mft-AL50-DHAPPQ50,36,1323976,2031
005/058-mft-AL50-DHAPPQ50,37,1306264,2031
005/058-mft-AL50-DHAPPQ50,38,1203888,2031
005/058-mft-AL50-DHAPPQ50,39,1258000,2031
005/058-mft-AL50-DHAPPQ50,40,1461644,2031
005/058-mft-AL50-DHAPPQ50,41,1201696,2031
005/058-mft-AL50-DHAPPQ50,42,1502132,2031
005/058-mft-AL50-DHAPPQ50,43,1259748,2031
005/058-mft-AL50-DHAPPQ50,44,1380156,2031
005/058-mft-AL50-DHAPPQ50,45,1073664,2031
005/058-mft-AL50-DHAPPQ50,46,1179212,2031
005/058-mft-AL50-DHAPPQ50,47,1263524,2031
005/058-mft-AL50-DHAPPQ50,48,1398864,2031
005/058-mft-AL50-DHAPPQ50,49,1091184,2031
005/058-mft-AL50-DHAPPQ50,50,1016668,2031
005/058-mft-AL50-DHAPPQ50,51,1255796,2031
005/058-mft-AL50-DHAPPQ50,52,1197196,2031
005/058-mft-AL50-DHAPPQ50,53,1196952,2031
005/058-mft-AL50-DHAPPQ50,54,1045364,2031
005/058-mft-AL50-DHAPPQ50,55,1224120,2031
005/058-mft-AL50-DHAPPQ50,56,1367896,2031
005/058-mft-AL50-DHAPPQ50,57,1258676,2031
005/058-mft-AL50-DHAPPQ50,58,1323140,2031
005/058-mft-AL50-DHAPPQ50,59,1305532,2031
005/058-mft-AL50-DHAPPQ50,60,1272600,2031
005/058-mft-AL50-DHAPPQ50,61,1046696,2031
005/058-mft-AL50-DHAPPQ50,62,1230072,2031
005/058-mft-AL50-DHAPPQ50,63,1388524,2031
005/058-mft-AL50-DHAPPQ50,64,1083776,2031
005/058-mft-AL50-DHAPPQ50,65,1044936,2031
005/058-mft-AL50-DHAPPQ50,66,1185996,2031
005/058-mft-AL50-DHAPPQ50,67,1046724,2031
005/058-mft-AL50-DHAPPQ50,68,1097656,2031
005/058-mft-AL50-DHAPPQ50,69,1420416,2031
005/058-mft-AL50-DHAPPQ50,70,1333612,2031
005/058-mft-AL50-DHAPPQ50,71,1268680,2031
005/058-mft-AL50-DHAPPQ50,72,1416896,2031
005/058-mft-AL50-DHAPPQ50,73,1218404,2031
005/058-mft-AL50-DHAPPQ50,74,1318376,2031
005/058-mft-AL50-DHAPPQ50,75,1551916,2031
005/058-mft-AL50-DHAPPQ50,76,1393196,2031
005/058-mft-AL50-DHAPPQ50,77,1271600,2031
005/058-mft-AL50-DHAPPQ50,78,1322780,2031
005/058-mft-AL50-DHAPPQ50,79,1147576,2031
005/058-mft-AL50-DHAPPQ50,80,1503140,2031
005/058-mft-AL50-DHAPPQ50,81,1412740,2031
005/058-mft-AL50-DHAPPQ50,82,1358764,2031
005/058-mft-AL50-DHAPPQ50,83,1158928,2031
005/058-mft-AL50-DHAPPQ50,84,1212444,2031
005/058-mft-AL50-DHAPPQ50,85,1233452,2031
005/058-mft-AL50-DHAPPQ50,86,1200416,2031
005/058-mft-AL50-DHAPPQ50,87,1159804,2031
005/058-mft-AL50-DHAPPQ50,88,1178692,2031
005/058-mft-AL50-DHAPPQ50,89,1163112,2031
005/058-mft-AL50-DHAPPQ50,90,1260548,2031
005/058-mft-AL50-DHAPPQ50,91,1261164,2031
005/058-mft-AL50-DHAPPQ50,92,1351732,2031
005/058-mft-AL50-DHAPPQ50,93,1126264,2031
005/058-mft-AL50-DHAPPQ50,94,1253652,2031
005/058-mft-AL50-DHAPPQ50,95,1084360,2031
005/058-mft-AL50-DHAPPQ50,96,1136768,2031
005/058-mft-AL50-DHAPPQ50,97,1183660,2031
005/058-mft-AL50-DHAPPQ50,98,1396312,2031
005/058-mft-AL50-DHAPPQ50,99,1267300,2031
005/059-mft-ASAQ50-DHAPPQ50,0,640140,2031
005/059-mft-ASAQ50-DHAPPQ50,1,708896,2031
005/059-mft-ASAQ50-DHAPPQ50,2,674580,2031
005/059-mft-ASAQ50-DHAPPQ50,3,618016,2031
005/059-mft-ASAQ50-DHAPPQ50,4,640896,2031
005/059-mft-ASAQ50-DHAPPQ50,5,692900,2031
005/059-mft-ASAQ50-DHAPPQ50,6,713684,2031
005/059-mft-ASAQ50-DHAPPQ50,7,631596,2031
005/059-mft-ASAQ50-DHAPPQ50,8,631296,2031
005/059-mft-ASAQ50-DHAPPQ50,9,578452,2031
005/059-mft-ASAQ50-DHAPPQ50,10,671092,2031
005/059-mft-ASAQ50-DHAPPQ50,11,621760,2031
005/059-mft-ASAQ50-DHAPPQ50,12,556940,2031
005/059-mft-ASAQ50-DHAPPQ50,13,660548,2031
005/059-mft-ASAQ50-DHAPPQ50,14,628604,2031
005/059-mft-ASAQ50-DHAPPQ50,15,634340,2031
005/059-mft-ASAQ50-DHAPPQ50,16,700680,2031
005/059-mft-ASAQ50-DHAPPQ50,17,583376,2031
005/059-mft-ASAQ50-DHAPPQ50,18,691124,2031
005/059-mft-ASAQ50-DHAPPQ50,19,721464,2031
005/059-mft-ASAQ50-DHAPPQ50,20,627508,2031
005/059-mft-ASAQ50-DHAPPQ50,21,612636,2031
005/059-mft-ASAQ50-DHAPPQ50,22,568320,2031
005/059-mft-ASAQ50-DHAPPQ50,23,642084,2031
005/059-mft-ASAQ50-DHAPPQ50,24,720268,2031
005/059-mft-ASAQ50-DHAPPQ50,25,684344,2031
005/059-mft-ASAQ50-DHAPPQ50,26,679552,2031
005/059-mft-ASAQ50-DHAPPQ50,27,604504,2031
005/059-mft-ASAQ50-DHAPPQ50,28,650460,2031
005/059-mft-ASAQ50-DHAPPQ50,29,684060,2031
005/059-mft-ASAQ50-DHAPPQ50,30,643680,2031
005/059-mft-ASAQ50-DHAPPQ50,31,672884,2031
005/059-mft-ASAQ50-DHAPPQ50,32,609512,2031
005/059-mft-ASAQ50-DHAPPQ50,33,604516,2031
005/059-mft-ASAQ50-DHAPPQ50,34,767092,2031
005/059-mft-ASAQ50-DHAPPQ50,35,641516,2031
005/059-mft-ASAQ50-DHAPPQ50,36,625424,2031
005/059-mft-ASAQ50-DHAPPQ50,37,728940,2031
005/059-mft-ASAQ50-DHAPPQ50,38,633568,2031
005/059-mft-ASAQ50-DHAPPQ50,39,670748,2031
005/059-mft-ASAQ50-DHAPPQ50,40,650320,2031
005/059-mft-ASAQ50-DHAPPQ50,41,654016,2031
005/059-mft-ASAQ50-DHAPPQ50,42,608820,2031
005/059-mft-ASAQ50-DHAPPQ50,43,668724,2031
005/059-mft-ASAQ50-DHAPPQ50,44,666052,2031
005/059-mft-ASAQ50-DHAPPQ50,45,687576,2031
005/059-mft-ASAQ50-DHAPPQ50,46,601780,2031
005/059-mft-ASAQ50-DHAPPQ50,47,650340,2031
005/059-mft-ASAQ50-DHAPPQ50,48,626924,2031
005/059-mft-ASAQ50-DHAPPQ50,49,556772,2031
005/059-mft-ASAQ50-DHAPPQ50,50,627512,2031
005/059-mft-ASAQ50-DHAPPQ50,51,597792,2031
005/059-mft-ASAQ50-DHAPPQ50,52,622164,2031
005/059-mft-ASAQ50-DHAPPQ50,53,559672,2031
005/059-mft-ASAQ50-DHAPPQ50,54,615132,2031
005/059-mft-ASAQ50-DHAPPQ50,55,563560,2031
005/059-mft-ASAQ50-DHAPPQ50,56,592924,2031
005/059-mft-ASAQ50-DHAPPQ50,57,651544,2031
005/059-mft-ASAQ50-DHAPPQ50,58,616132,2031
005/059-mft-ASAQ50-DHAPPQ50,59,552600,2031
005/059-mft-ASAQ50-DHAPPQ50,60,588644,2031
005/059-mft-ASAQ50-DHAPPQ50,61,629060,2031
005/059-mft-ASAQ50-DHAPPQ50,62,737240,2031
005/059-mft-ASAQ50-DHAPPQ50,63,739020,2031
005/059-mft-ASAQ50-DHAPPQ50,64,590980,2031
005/059-mft-ASAQ50-DHAPPQ50,65,748196,2031
005/059-mft-ASAQ50-DHAPPQ50,66,610728,2031
005/059-mft-ASAQ50-DHAPPQ50,67,698796,2031
005/059-mft-ASAQ50-DHAPPQ50,68,559604,2031
005/059-mft-ASAQ50-DHAPPQ50,69,642072,2031
005/059-mft-ASAQ50-DHAPPQ50,70,611552,2031
005/059-mft-ASAQ50-DHAPPQ50,71,630328,2031
005/059-mft-ASAQ50-DHAPPQ50,72,556776,2031
005/059-mft-ASAQ50-DHAPPQ50,73,631452,2031
005/059-mft-ASAQ50-DHAPPQ50,74,641280,2031
005/059-mft-ASAQ50-DHAPPQ50,75,607280,2031
005/059-mft-ASAQ50-DHAPPQ50,76,682148,2031
005/059-mft-ASAQ50-DHAPPQ50,77,588996,2031
005/059-mft-ASAQ50-DHAPPQ50,78,723424,2031
005/059-mft-ASAQ50-DHAPPQ50,79,563152,2031
005/059-mft-ASAQ50-DHAPPQ50,80,713160,2031
005/059-mft-ASAQ50-DHAPPQ50,81,699716,2031
005/059-mft-ASAQ50-DHAPPQ50,82,614460,2031
005/059-mft-ASAQ50-DHAPPQ50,83,698764,2031
005/059-mft-ASAQ50-DHAPPQ50,84,636980,2031
005/059-mft-ASAQ50-DHAPPQ50,85,614968,2031
005/059-mft-ASAQ50-DHAPPQ50,86,592520,2031
005/059-mft-ASAQ50-DHAPPQ50,87,665040,2031
005/059-mft-ASAQ50-DHAPPQ50,88,582072,2031
005/059-mft-ASAQ50-DHAPPQ50,89,623776,2031
005/059-mft-ASAQ50-DHAPPQ50,90,704248,2031
005/059-mft-ASAQ50-DHAPPQ50,91,622408,2031
005/059-mft-ASAQ50-DHAPPQ50,92,645220,2031
005/059-mft-ASAQ50-DHAPPQ50,93,596624,2031
005/059-mft-ASAQ50-DHAPPQ50,94,639756,2031
005/059-mft-ASAQ50-DHAPPQ50,95,591772,2031
005/059-mft-ASAQ50-DHAPPQ50,96,649752,2031
005/059-mft-ASAQ50-DHAPPQ50,97,636636,2031
005/059-mft-ASAQ50-DHAPPQ50,98,612196,2031
005/059-mft-ASAQ50-DHAPPQ50,99,637000,2031
005/060-mft-AL-ASAQ-DHAPPQ,0,780900,2031
005/060-mft-AL-ASAQ-DHAPPQ,1,782580,2031
005/060-mft-AL-ASAQ-DHAPPQ,2,750276,2031
005/060-mft-AL-ASAQ-DHAPPQ,3,838044,2031
005/060-mft-AL-ASAQ-DHAPPQ,4,879884,2031
005/060-mft-AL-ASAQ-DHAPPQ,5,941264,2031
005/060-mft-AL-ASAQ-DHAPPQ,6,749104,2031
005/060-mft-AL-ASAQ-DHAPPQ,7,840664,2031
005/060-mft-AL-ASAQ-DHAPPQ,8,870692,2031
005/060-mft-AL-ASAQ-DHAPPQ,9,853084,2031
005/060-mft-AL-ASAQ-DHAPPQ,10,768908,2031
005/060-mft-AL-ASAQ-DHAPPQ,11,858856,2031
005/060-mft-AL-ASAQ-DHAPPQ,12,1087424,2031
005/060-mft-AL-ASAQ-DHAPPQ,13,753000,2031
005/060-mft-AL-ASAQ-DHAPPQ,14,755872,2031
005/060-mft-AL-ASAQ-DHAPPQ,15,793032,2031
005/060-mft-AL-ASAQ-DHAPPQ,16,803780,2031
005/060-mft-AL-ASAQ-DHAPPQ,17,853060,2031
005/060-mft-AL-ASAQ-DHAPPQ,18,742696,2031
005/060-mft-AL-ASAQ-DHAPPQ,19,792820,2031
005/060-mft-AL-ASAQ-DHAPPQ,20,701212,2031
005/060-mft-AL-ASAQ-DHAPPQ,21,768928,2031
005/060-mft-AL-ASAQ-DHAPPQ,22,869756,2031
005/060-mft-AL-ASAQ-DHAPPQ,23,777988,2031
005/060-mft-AL-ASAQ-DHAPPQ,24,982712,2031
005/060-mft-AL-ASAQ-DHAPPQ,25,934248,2031
005/060-mft-AL-ASAQ-DHAPPQ,26,800760,2031
005/060-mft-AL-ASAQ-DHAPPQ,27,830492,2031
005/060-mft-AL-ASAQ-DHAPPQ,28,795336,2031
005/060-mft-AL-ASAQ-DHAPPQ,29,798820,2031
005/060-mft-AL-ASAQ-DHAPPQ,30,827108,2031
005/060-mft-AL-ASAQ-DHAPPQ,31,860624,2031
005/060-mft-AL-ASAQ-DHAPPQ,32,1002492,2031
005/060-mft-AL-ASAQ-DHAPPQ,33,845900,2031
005/060-mft-AL-ASAQ-DHAPPQ,34,828840,2031
005/060-mft-AL-ASAQ-DHAPPQ,35,878336,2031
005/060-mft-AL-ASAQ-DHAPPQ,36,825288,2031
005/060-mft-AL-ASAQ-DHAPPQ,37,792324,2031
005/060-mft-AL-ASAQ-DHAPPQ,38,815932,2031
005/060-mft-AL-ASAQ-DHAPPQ,39,897936,2031
005/060-mft-AL-ASAQ-DHAPPQ,40,784856,2031
005/060-mft-AL-ASAQ-DHAPPQ,41,860432,2031
005/060-mft-AL-ASAQ-DHAPPQ,42,954248,2031
005/060-mft-AL-ASAQ-DHAPPQ,43,767772,2031
005/060-mft-AL-ASAQ-DHAPPQ,44,837688,2031
005/060-mft-AL-ASAQ-DHAPPQ,45,865592,2031
005/060-mft-AL-ASAQ-DHAPPQ,46,873048,2031
005/060-mft-AL-ASAQ-DHAPPQ,47,777952,2031
005/060-mft-AL-ASAQ-DHAPPQ,48,832904,2031
005/060-mft-AL-ASAQ-DHAPPQ,49,824640,2031
005/060-mft-AL-ASAQ-DHAPPQ,50,951760,2031
005/060-mft-AL-ASAQ-DHAPPQ,51,870760,2031
005/060-mft-AL-ASAQ-DHAPPQ,52,813160,2031
005/060-mft-AL-ASAQ-DHAPPQ,53,873376,2031
005/060-mft-AL-ASAQ-DHAPPQ,54,791788,2031
005/060-mft-AL-ASAQ-DHAPPQ,55,866116,2031
005/060-mft-AL-ASAQ-DHAPPQ,56,918556,2031
005/060-mft-AL-ASAQ-DHAPPQ,57,815788,2031
005/060-mft-AL-ASAQ-DHAPPQ,58,770660,2031
005/060-mft-AL-ASAQ-DHAPPQ,59,841988,2031
005/060-mft-AL-ASAQ-DHAPPQ,60,800764,2031
005/060-mft-AL-ASAQ-DHAPPQ,61,949812,2031
005/060-mft-AL-ASAQ-DHAPPQ,62,783872,2031
005/060-mft-AL-ASAQ-DHAPPQ,63,751480,2031
005/060-mft-AL-ASAQ-DHAPPQ,64,849732,2031
005/060-mft-AL-ASAQ-DHAPPQ,65,759852,2031
005/060-mft-AL-ASAQ-DHAPPQ,66,955164,2031
005/060-mft-AL-ASAQ-DHAPPQ,67,862420,2031
005/060-mft-AL-ASAQ-DHAPPQ,68,806212,2031
005/060-mft-AL-ASAQ-DHAPPQ,69,865868,2031
005/060-mft-AL-ASAQ-DHAPPQ,70,844128,2031
005/060-mft-AL-ASAQ-DHAPPQ,71,843172,2031
005/060-mft-AL-ASAQ-DHAPPQ,72,931152,2031
005/060-mft-AL-ASAQ-DHAPPQ,73,859020,2031
005/060-mft-AL-ASAQ-DHAPPQ,74,849032,2031
005/060-mft-AL-ASAQ-DHAPPQ,75,931912,2031
005/060-mft-AL-ASAQ-DHAPPQ,76,747068,2031
005/060-mft-AL-ASAQ-DHAPPQ,77,821600,2031
005/060-mft-AL-ASAQ-DHAPPQ,78,912028,2031
005/060-mft-AL-ASAQ-DHAPPQ,79,839896,2031
005/060-mft-AL-ASAQ-DHAPPQ,80,939892,2031
005/060-mft-AL-ASAQ-DHAPPQ,81,764996,2031
005/060-mft-AL-ASAQ-DHAPPQ,82,824656,2031
005/060-mft-AL-ASAQ-DHAPPQ,83,874512,2031
005/060-mft-AL-ASAQ-DHAPPQ,84,795940,2031
005/060-mft-AL-ASAQ-DHAPPQ,85,931244,2031
005/060-mft-AL-ASAQ-DHAPPQ,86,874420,2031
005/060-mft-AL-ASAQ-DHAPPQ,87,829968,2031
005/060-mft-AL-ASAQ-DHAPPQ,88,742332,2031
005/060-mft-AL-ASAQ-DHAPPQ,89,870268,2031
005/060-mft-AL-ASAQ-DHAPPQ,90,810828,2031
005/060-mft-AL-ASAQ-DHAPPQ,91,889684,2031
005/060-mft-AL-ASAQ-DHAPPQ,92,729328,2031
005/060-mft-AL-ASAQ-DHAPPQ,93,910020,2031
005/060-mft-AL-ASAQ-DHAPPQ,94,1133456,2031
005/060-mft-AL-ASAQ-DHAPPQ,95,832420,2031
005/060-mft-AL-ASAQ-DHAPPQ,96,870784,2031
005/060-mft-AL-ASAQ-DHAPPQ,97,872756,2031
005/060-mft-AL-ASAQ-DHAPPQ,98,827480,2031
005/060-mft-AL-ASAQ-DHAPPQ,99,887024,2031
005/061-tact-AL4y-ALAQ,0,1315668,2031
005/061-tact-AL4y-ALAQ,1,1091968,2031
005/061-tact-AL4y-ALAQ,2,1281428,2031
005/061-tact-AL4y-ALAQ,3,1408868,2031
005/061-tact-AL4y-ALAQ,4,1119904,2031
005/061-tact-AL4y-ALAQ,5,1067720,2031
005/061-tact-AL4y-ALAQ,6,981848,2031
005/061-tact-AL4y-ALAQ,7,1175964,2031
005/061-tact-AL4y-ALAQ,8,1559592,2031
005/061-tact-AL4y-ALAQ,9,1482528,2031
005/061-tact-AL4y-ALAQ,10,1290044,2031
005/061-tact-AL4y-ALAQ,11,1446600,2031
005/061-tact-AL4y-ALAQ,12,1341508,2031
005/061-tact-AL4y-ALAQ,13,1627716,2031
005/061-tact-AL4y-ALAQ,14,1179920,2031
005/061-tact-AL4y-ALAQ,15,1158020,2031
005/061-tact-AL4y-ALAQ,16,1480132,2031
005/061-tact-AL4y-ALAQ,17,1119440,2031
005/061-tact-AL4y-ALAQ,18,1436284,2031
005/061-tact-AL4y-ALAQ,19,1540008,2031
005/061-tact-AL4y-ALAQ,20,1244452,2031
005/061-tact-AL4y-ALAQ,21,1330104,2031
005/061-tact-AL4y-ALAQ,22,1322412,2031
005/061-tact-AL4y-ALAQ,23,1913068,2031
005/061-tact-AL4y-ALAQ,24,1385556,2031
005/061-tact-AL4y-ALAQ,25,1115824,2031
005/061-tact-AL4y-ALAQ,26,1221080,2031
005/061-tact-AL4y-ALAQ,27,1261620,2031
005/061-tact-AL4y-ALAQ,28,1390292,2031
005/061-tact-AL4y-ALAQ,29,1303336,2031
005/061-tact-AL4y-ALAQ,30,1188196,2031
005/061-tact-AL4y-ALAQ,31,1290084,2031
005/061-tact-AL4y-ALAQ,32,1175084,2031
005/061-tact-AL4y-ALAQ,33,1004052,2031
005/061-tact-AL4y-ALAQ,34,1144820,2031
005/061-tact-AL4y-ALAQ,35,1293688,2031
005/061-tact-AL4y-ALAQ,36,1312944,2031
005/061-tact-AL4y-ALAQ,37,1130316,2031
005/061-tact-AL4y-ALAQ,38,1184092,2031
005/061-tact-AL4y-ALAQ,39,1512868,2031
005/061-tact-AL4y-ALAQ,40,1587208,2031
005/061-tact-AL4y-ALAQ,41,1376028,2031
005/061-tact-AL4y-ALAQ,42,1818004,2031
005/061-tact-AL4y-ALAQ,43,1196712,2031
005/061-tact-AL4y-ALAQ,44,1251812,2031
005/061-tact-AL4y-ALAQ,45,1169796,2031
005/061-tact-AL4y-ALAQ,46,1289712,2031
005/061-tact-AL4y-ALAQ,47,1085168,2031
005/061-tact-AL4y-ALAQ,48,1475832,2031
005/061-tact-AL4y-ALAQ,49,2002544,2031
005/061-tact-AL4y-ALAQ,50,1015140,2031
005/061-tact-AL4y-ALAQ,51,1135408,2031
005/061-tact-AL4y-ALAQ,52,1443148,2031
005/061-tact-AL4y-ALAQ,53,1087008,2031
005/061-tact-AL4y-ALAQ,54,1123812,2031
005/061-tact-AL4y-ALAQ,55,1100536,2031
005/061-tact-AL4y-ALAQ,56,1376272,2031
005/061-tact-AL4y-ALAQ,57,1088208,2031
005/061-tact-AL4y-ALAQ,58,1302924,2031
005/061-tact-AL4y-ALAQ,59,1252928,2031
005/061-tact-AL4y-ALAQ,60,1101832,2031
005/061-tact-AL4y-ALAQ,61,1507536,2031
005/061-tact-AL4y-ALAQ,62,1261704,2031
005/061-tact-AL4y-ALAQ,63,1131152,2031
005/061-tact-AL4y-ALAQ,64,1524816,2031
005/061-tact-AL4y-ALAQ,65,1003108,2031
005/061-tact-AL4y-ALAQ,66,1122140,2031
005/061-tact-AL4y-ALAQ,67,1208268,2031
005/061-tact-AL4y-ALAQ,68,1316908,2031
005/061-tact-AL4y-ALAQ,69,1044820,2031
005/061-tact-AL4y-ALAQ,70,1282216,2031
005/061-tact-AL4y-ALAQ,71,1255960,2031
005/061-tact-AL4y-ALAQ,72,1113812,2031
005/061-tact-AL4y-ALAQ,73,1441736,2031
005/061-tact-AL4y-ALAQ,74,1143072,2031
005/061-tact-AL4y-ALAQ,75,1099512,2031
005/061-tact-AL4y-ALAQ,76,1335372,2031
005/061-tact-AL4y-ALAQ,77,1317924,2031
005/061-tact-AL4y-ALAQ,78,1192872,2031
005/061-tact-AL4y-ALAQ,79,1065156,2031
005/061-tact-AL4y-ALAQ,80,1325276,2031
005/061-tact-AL4y-ALAQ,81,1097036,2031
005/061-tact-AL4y-ALAQ,82,1376064,2031
005/061-tact-AL4y-ALAQ,83,1212416,2031
005/061-tact-AL4y-ALAQ,84,1286684,2031
005/061-tact-AL4y-ALAQ,85,1284640,2031
005/061-tact-AL4y-ALAQ,86,1190632,2031
005/061-tact-AL4y-ALAQ,87,1225972,2031
005/061-tact-AL4y-ALAQ,88,1507064,2031
005/061-tact-AL4y-ALAQ,89,1299588,2031
005/061-tact-AL4y-ALAQ,90,1200156,2031
005/061-tact-AL4y-ALAQ,91,1350252,2031
005/061-tact-AL4y-ALAQ,92,1437012,2031
005/061-tact-AL4y-ALAQ,93,1313616,2031
005/061-tact-AL4y-ALAQ,94,1113372,2031
005/061-tact-AL4y-ALAQ,95,1112244,2031
005/061-tact-AL4y-ALAQ,96,1184192,2031
005/061-tact-AL4y-ALAQ,97,1427304,2031
005/061-tact-AL4y-ALAQ,98,1394800,2031
005/061-tact-AL4y-ALAQ,99,1189076,2031
005/062-tact-ASAQ4y-ALAQ,0,442484,2031
005/062-tact-ASAQ4y-ALAQ,1,432112,2031
005/062-tact-ASAQ4y-ALAQ,2,443844,2031
005/062-tact-ASAQ4y-ALAQ,3,382156,2031
005/062-tact-ASAQ4y-ALAQ,4,445604,2031
005/062-tact-ASAQ4y-ALAQ,5,426196,2031
005/062-tact-ASAQ4y-ALAQ,6,470836,2031
005/062-tact-ASAQ4y-ALAQ,7,463820,2031
005/062-tact-ASAQ4y-ALAQ,8,437804,2031
005/062-tact-ASAQ4y-ALAQ,9,410988,2031
005/062-tact-ASAQ4y-ALAQ,10,441432,2031
005/062-tact-ASAQ4y-ALAQ,11,449604,2031
005/062-tact-ASAQ4y-ALAQ,12,411920,2031
005/062-tact-ASAQ4y-ALAQ,13,386872,2031
005/062-tact-ASAQ4y-ALAQ,14,428560,2031
005/062-tact-ASAQ4y-ALAQ,15,450216,2031
005/062-tact-ASAQ4y-ALAQ,16,439232,2031
005/062-tact-ASAQ4y-ALAQ,17,417664,2031
005/062-tact-ASAQ4y-ALAQ,18,399416,2031
005/062-tact-ASAQ4y-ALAQ,19,434784,2031
005/062-tact-ASAQ4y-ALAQ,20,453996,2031
005/062-tact-ASAQ4y-ALAQ,21,436160,2031
005/062-tact-ASAQ4y-ALAQ,22,427180,2031
005/062-tact-ASAQ4y-ALAQ,23,399720,2031
005/062-tact-ASAQ4y-ALAQ,24,425656,2031
005/062-tact-ASAQ4y-ALAQ,25,463412,2031
005/062-tact-ASAQ4y-ALAQ,26,438192,2031
005/062-tact-ASAQ4y-ALAQ,27,394056,2031
005/062-tact-ASAQ4y-ALAQ,28,428312,2031
005/062-tact-ASAQ4y-ALAQ,29,415816,2031
005/062-tact-ASAQ4y-ALAQ,30,439088,2031
005/062-tact-ASAQ4y-ALAQ,31,460288,2031
005/062-tact-ASAQ4y-ALAQ,32,455516,2031
005/062-tact-ASAQ4y-ALAQ,33,403604,2031
005/062-tact-ASAQ4y-ALAQ,34,445276,2031
005/062-tact-ASAQ4y-ALAQ,35,433632,2031
005/062-tact-ASAQ4y-ALAQ,36,479404,2031
005/062-tact-ASAQ4y-ALAQ,37,447216,2031
005/062-tact-ASAQ4y-ALAQ,38,434212,2031
005/062-tact-ASAQ4y-ALAQ,39,414404,2031
005/062-tact-ASAQ4y-ALAQ,40,417884,2031
005/062-tact-ASAQ4y-ALAQ,41,414236,2031
005/062-tact-ASAQ4y-ALAQ,42,400552,2031
005/062-tact-ASAQ4y-ALAQ,43,426376,2031
005/062-tact-ASAQ4y-ALAQ,44,435792,2031
005/062-tact-ASAQ4y-ALAQ,45,421740,2031
005/062-tact-ASAQ4y-ALAQ,46,449480,2031
005/062-tact-ASAQ4y-ALAQ,47,415668,2031
005/062-tact-ASAQ4y-ALAQ,48,437364,2031
005/062-tact-ASAQ4y-ALAQ,49,433792,2031
005/062-tact-ASAQ4y-ALAQ,50,419084,2031
005/062-tact-ASAQ4y-ALAQ,51,413612,2031
005/062-tact-ASAQ4y-ALAQ,52,436456,2031
005/062-tact-ASAQ4y-ALAQ,53,408796,2031
005/062-tact-ASAQ4y-ALAQ,54,415464,2031
005/062-tact-ASAQ4y-ALAQ,55,420320,2031
005/062-tact-ASAQ4y-ALAQ,56,403824,2031
005/062-tact-ASAQ4y-ALAQ,57,437112,2031
005/062-tact-ASAQ4y-ALAQ,58,444480,2031
005/062-tact-ASAQ4y-ALAQ,59,455448,2031
005/062-tact-ASAQ4y-ALAQ,60,450932,2031
005/062-tact-ASAQ4y-ALAQ,61,422640,2031
005/062-tact-ASAQ4y-ALAQ,62,440464,2031
005/062-tact-ASAQ4y-ALAQ,63,451720,2031
005/062-tact-ASAQ4y-ALAQ,64,403360,2031
005/062-tact-ASAQ4y-ALAQ,65,434460,2031
005/062-tact-ASAQ4y-ALAQ,66,454608,2031
005/062-tact-ASAQ4y-ALAQ,67,430672,2031
005/062-tact-ASAQ4y-ALAQ,68,458268,2031
005/062-tact-ASAQ4y-ALAQ,69,417008,2031
005/062-tact-ASAQ4y-ALAQ,70,424656,2031
005/062-tact-ASAQ4y-ALAQ,71,427088,2031
005/062-tact-ASAQ4y-ALAQ,72,405680,2031
005/062-tact-ASAQ4y-ALAQ,73,464224,2031
005/062-tact-ASAQ4y-ALAQ,74,409000,2031
005/062-tact-ASAQ4y-ALAQ,75,459316,2031
005/062-tact-ASAQ4y-ALAQ,76,416276,2031
005/062-tact-ASAQ4y-ALAQ,77,427272,2031
005/062-tact-ASAQ4y-ALAQ,78,407912,2031
005/062-tact-ASAQ4y-ALAQ,79,385532,2031
005/062-tact-ASAQ4y-ALAQ,80,405992,2031
005/062-tact-ASAQ4y-ALAQ,81,401012,2031
005/062-tact-ASAQ4y-ALAQ,82,445348,2031
005/062-tact-ASAQ4y-ALAQ,83,438828,2031
005/062-tact-ASAQ4y-ALAQ,84,407972,2031
005/062-tact-ASAQ4y-ALAQ,85,444332,2031
005/062-tact-ASAQ4y-ALAQ,86,529576,2031
005/062-tact-ASAQ4y-ALAQ,87,443260,2031
005/062-tact-ASAQ4y-ALAQ,88,432864,2031
005/062-tact-ASAQ4y-ALAQ,89,430504,2031
005/062-tact-ASAQ4y-ALAQ,90,446136,2031
005/062-tact-ASAQ4y-ALAQ,91,443636,2031
005/062-tact-ASAQ4y-ALAQ,92,405068,2031
005/062-tact-ASAQ4y-ALAQ,93,424944,2031
005/062-tact-ASAQ4y-ALAQ,94,418120,2031
005/062-tact-ASAQ4y-ALAQ,95,458784,2031
005/062-tact-ASAQ4y-ALAQ,96,452880,2031
005/062-tact-ASAQ4y-ALAQ,97,426104,2031
005/062-tact-ASAQ4y-ALAQ,98,427636,2031
005/062-tact-ASAQ4y-ALAQ,99,458160,2031
005/063-tact-DHAPPQ4y-ALAQ,0,875060,2031
005/063-tact-DHAPPQ4y-ALAQ,1,847580,2031
005/063-tact-DHAPPQ4y-ALAQ,2,844128,2031
005/063-tact-DHAPPQ4y-ALAQ,3,774664,2031
005/063-tact-DHAPPQ4y-ALAQ,4,867200,2031
005/063-tact-DHAPPQ4y-ALAQ,5,746036,2031
005/063-tact-DHAPPQ4y-ALAQ,6,719484,2031
005/063-tact-DHAPPQ4y-ALAQ,7,939272,2031
005/063-tact-DHAPPQ4y-ALAQ,8,709684,2031
005/063-tact-DHAPPQ4y-ALAQ,9,800504,2031
005/063-tact-DHAPPQ4y-ALAQ,10,847556,2031
005/063-tact-DHAPPQ4y-ALAQ,11,688628,2031
005/063-tact-DHAPPQ4y-ALAQ,12,764048,2031
005/063-tact-DHAPPQ4y-ALAQ,13,660620,2031
005/063-tact-DHAPPQ4y-ALAQ,14,885860,2031
005/063-tact-DHAPPQ4y-ALAQ,15,797968,2031
005/063-tact-DHAPPQ4y-ALAQ,16,761176,2031
005/063-tact-DHAPPQ4y-ALAQ,17,877112,2031
005/063-tact-DHAPPQ4y-ALAQ,18,764764,2031
005/063-tact-DHAPPQ4y-ALAQ,19,863380,2031
005/063-tact-DHAPPQ4y-ALAQ,20,714328,2031
005/063-tact-DHAPPQ4y-ALAQ,21,829360,2031
005/063-tact-DHAPPQ4y-ALAQ,22,743264,2031
005/063-tact-DHAPPQ4y-ALAQ,23,719500,2031
005/063-tact-DHAPPQ4y-ALAQ,24,862140,2031
005/063-tact-DHAPPQ4y-ALAQ,25,803852,2031
005/063-tact-DHAPPQ4y-ALAQ,26,696024,2031
005/063-tact-DHAPPQ4y-ALAQ,27,760420,2031
005/063-tact-DHAPPQ4y-ALAQ,28,654816,2031
005/063-tact-DHAPPQ4y-ALAQ,29,669616,2031
005/063-tact-DHAPPQ4y-ALAQ,30,703388,2031
005/063-tact-DHAPPQ4y-ALAQ,31,735436,2031
005/063-tact-DHAPPQ4y-ALAQ,32,862836,2031
005/063-tact-DHAPPQ4y-ALAQ,33,720088,2031
005/063-tact-DHAPPQ4y-ALAQ,34,716156,2031
005/063-tact-DHAPPQ4y-ALAQ,35,803632,2031
005/063-tact-DHAPPQ4y-ALAQ,36,801160,2031
005/063-tact-DHAPPQ4y-ALAQ,37,710784,2031
005/063-tact-DHAPPQ4y-ALAQ,38,783596,2031
005/063-tact-DHAPPQ4y-ALAQ,39,825744,2031
005/063-tact-DHAPPQ4y-ALAQ,40,706628,2031
005/063-tact-DHAPPQ4y-ALAQ,41,793128,2031
005/063-tact-DHAPPQ4y-ALAQ,42,720388,2031
005/063-tact-DHAPPQ4y-ALAQ,43,684352,2031
005/063-tact-DHAPPQ4y-ALAQ,44,914688,2031
005/063-tact-DHAPPQ4y-ALAQ,45,816072,2031
005/063-tact-DHAPPQ4y-ALAQ,46,747060,2031
005/063-tact-DHAPPQ4y-ALAQ,47,749836,2031
005/063-tact-DHAPPQ4y-ALAQ,48,751816,2031
005/063-tact-DHAPPQ4y-ALAQ,49,869120,2031
005/063-tact-DHAPPQ4y-ALAQ,50,780192,2031
005/063-tact-DHAPPQ4y-ALAQ,51,738640,2031
005/063-tact-DHAPPQ4y-ALAQ,52,826712,2031
005/063-tact-DHAPPQ4y-ALAQ,53,683196,2031
005/063-tact-DHAPPQ4y-ALAQ,54,762340,2031
005/063-tact-DHAPPQ4y-ALAQ,55,805788,2031
005/063-tact-DHAPPQ4y-ALAQ,56,870268,2031
005/063-tact-DHAPPQ4y-ALAQ,57,817168,2031
005/063-tact-DHAPPQ4y-ALAQ,58,887004,2031
005/063-tact-DHAPPQ4y-ALAQ,59,1028948,2031
005/063-tact-DHAPPQ4y-ALAQ,60,844896,2031
005/063-tact-DHAPPQ4y-ALAQ,61,740148,2031
005/063-tact-DHAPPQ4y-ALAQ,62,812360,2031
005/063-tact-DHAPPQ4y-ALAQ,63,760316,2031
005/063-tact-DHAPPQ4y-ALAQ,64,892388,2031
005/063-tact-DHAPPQ4y-ALAQ,65,742636,2031
005/063-tact-DHAPPQ4y-ALAQ,66,836508,2031
005/063-tact-DHAPPQ4y-ALAQ,67,779008,2031
005/063-tact-DHAPPQ4y-ALAQ,68,727032,2031
005/063-tact-DHAPPQ4y-ALAQ,69,812788,2031
005/063-tact-DHAPPQ4y-ALAQ,70,804304,2031
005/063-tact-DHAPPQ4y-ALAQ,71,808852,2031
005/063-tact-DHAPPQ4y-ALAQ,72,713284,2031
005/063-tact-DHAPPQ4y-ALAQ,73,787492,2031
005/063-tact-DHAPPQ4y-ALAQ,74,756056,2031
005/063-tact-DHAPPQ4y-ALAQ,75,814676,2031
005/063-tact-DHAPPQ4y-ALAQ,76,809248,2031
005/063-tact-DHAPPQ4y-ALAQ,77,939400,2031
005/063-tact-DHAPPQ4y-ALAQ,78,745236,2031
005/063-tact-DHAPPQ4y-ALAQ,79,813096,2031
005/063-tact-DHAPPQ4y-ALAQ,80,583624,2031
005/063-tact-DHAPPQ4y-ALAQ,81,801860,2031
005/063-tact-DHAPPQ4y-ALAQ,82,716948,2031
005/063-tact-DHAPPQ4y-ALAQ,83,827236,2031
005/063-tact-DHAPPQ4y-ALAQ,84,721236,2031
005/063-tact-DHAPPQ4y-ALAQ,85,714204,2031
005/063-tact-DHAPPQ4y-ALAQ,86,839092,2031
005/063-tact-DHAPPQ4y-ALAQ,87,881436,2031
005/063-tact-DHAPPQ4y-ALAQ,88,804572,2031
005/063-tact-DHAPPQ4y-ALAQ,89,738176,2031
005/063-tact-DHAPPQ4y-ALAQ,90,705584,2031
005/063-tact-DHAPPQ4y-ALAQ,91,751620,2031
005/063-tact-DHAPPQ4y-ALAQ,92,774064,2031
005/063-tact-DHAPPQ4y-ALAQ,93,805668,2031
005/063-tact-DHAPPQ4y-ALAQ,94,858752,2031
005/063-tact-DHAPPQ4y-ALAQ,95,687492,2031
005/063-tact-DHAPPQ4y-ALAQ,96,797332,2031
005/063-tact-DHAPPQ4y-ALAQ,97,760552,2031
005/063-tact-DHAPPQ4y-ALAQ,98,717556,2031
005/063-tact-DHAPPQ4y-ALAQ,99,740948,2031
005/064-tact-AL2y-ASAQ2y-ALAQ,0,716548,2031
005/064-tact-AL2y-ASAQ2y-ALAQ,1,727088,2031
005/064-tact-AL2y-ASAQ2y-ALAQ,2,925660,2031
005/064-tact-AL2y-ASAQ2y-ALAQ,3,709804,2031
005/064-tact-AL2y-ASAQ2y-ALAQ,4,753080,2031
005/064-tact-AL2y-ASAQ2y-ALAQ,5,774280,2031
005/064-tact-AL2y-ASAQ2y-ALAQ,6,928840,2031
005/064-tact-AL2y-ASAQ2y-ALAQ,7,1033676,2031
005/064-tact-AL2y-ASAQ2y-ALAQ,8,784740,2031
005/064-tact-AL2y-ASAQ2y-ALAQ,9,774784,2031
005/064-tact-AL2y-ASAQ2y-ALAQ,10,742484,2031
005/064-tact-AL2y-ASAQ2y-ALAQ,11,729744,2031
005/064-tact-AL2y-ASAQ2y-ALAQ,12,945332,2031
005/064-tact-AL2y-ASAQ2y-ALAQ,13,772080,2031
005/064-tact-AL2y-ASAQ2y-ALAQ,14,695792,2031
005/064-tact-AL2y-ASAQ2y-ALAQ,15,651760,2031
005/064-tact-AL2y-ASAQ2y-ALAQ,16,730144,2031
005/064-tact-AL2y-ASAQ2y-ALAQ,17,663012,2031
005/064-tact-AL2y-ASAQ2y-ALAQ,18,731612,2031
005/064-tact-AL2y-ASAQ2y-ALAQ,19,826844,2031
005/064-tact-AL2y-ASAQ2y-ALAQ,20,763196,2031
005/064-tact-AL2y-ASAQ2y-ALAQ,21,764616,2031
005/064-tact-AL2y-ASAQ2y-ALAQ,22,728592,2031
005/064-tact-AL2y-ASAQ2y-ALAQ,23,768428,2031
005/064-tact-AL2y-ASAQ2y-ALAQ,24,737772,2031
005/064-tact-AL2y-ASAQ2y-ALAQ,25,788732,2031
005/064-tact-AL2y-ASAQ2y-ALAQ,26,783488,2031
005/064-tact-AL2y-ASAQ2y-ALAQ,27,869660,2031
005/064-tact-AL2y-ASAQ2y-ALAQ,28,760880,2031
005/064-tact-AL2y-ASAQ2y-ALAQ,29,699812,2031
005/064-tact-AL2y-ASAQ2y-ALAQ,30,764248,2031
005/064-tact-AL2y-ASAQ2y-ALAQ,31,892444,2031
005/064-tact-AL2y-ASAQ2y-ALAQ,32,726804,2031
005/064-tact-AL2y-ASAQ2y-ALAQ,33,700252,2031
005/064-tact-AL2y-ASAQ2y-ALAQ,34,796152,2031
005/064-tact-AL2y-ASAQ2y-ALAQ,35,871880,2031
005/064-tact-AL2y-ASAQ2y-ALAQ,36,734672,2031
005/064-tact-AL2y-ASAQ2y-ALAQ,37,766980,2031
005/064-tact-AL2y-ASAQ2y-ALAQ,38,719428,2031
005/064-tact-AL2y-ASAQ2y-ALAQ,39,771772,2031
005/064-tact-AL2y-ASAQ2y-ALAQ,40,1040828,2031
005/064-tact-AL2y-ASAQ2y-ALAQ,41,815680,2031
005/064-tact-AL2y-ASAQ2y-ALAQ,42,780792,2031
005/064-tact-AL2y-ASAQ2y-ALAQ,43,807808,2031
005/064-tact-AL2y-ASAQ2y-ALAQ,44,845948,2031
005/064-tact-AL2y-ASAQ2y-ALAQ,45,730060,2031
005/064-tact-AL2y-ASAQ2y-ALAQ,46,714276,2031
005/064-tact-AL2y-ASAQ2y-ALAQ,47,798588,2031
005/064-tact-AL2y-ASAQ2y-ALAQ,48,667144,2031
005/064-tact-AL2y-ASAQ2y-ALAQ,49,649840,2031
005/064-tact-AL2y-ASAQ2y-ALAQ,50,721768,2031
005/064-tact-AL2y-ASAQ2y-ALAQ,51,849908,2031
005/064-tact-AL2y-ASAQ2y-ALAQ,52,772080,2031
005/064-tact-AL2y-ASAQ2y-ALAQ,53,724620,2031
005/064-tact-AL2y-ASAQ2y-ALAQ,54,701420,2031
005/064-tact-AL2y-ASAQ2y-ALAQ,55,703620,2031
005/064-tact-AL2y-ASAQ2y-ALAQ,56,720792,2031
005/064-tact-AL2y-ASAQ2y-ALAQ,57,790656,2031
005/064-tact-AL2y-ASAQ2y-ALAQ,58,727996,2031
005/064-tact-AL2y-ASAQ2y-ALAQ,59,718512,2031
005/064-tact-AL2y-ASAQ2y-ALAQ,60,876756,2031
005/064-tact-AL2y-ASAQ2y-ALAQ,61,767304,2031
005/064-tact-AL2y-ASAQ2y-ALAQ,62,700148,2031
005/064-tact-AL2y-ASAQ2y-ALAQ,63,801468,2031
005/064-tact-AL2y-ASAQ2y-ALAQ,64,659964,2031
005/064-tact-AL2y-ASAQ2y-ALAQ,65,799644,2031
005/064-tact-AL2y-ASAQ2y-ALAQ,66,956284,2031
005/064-tact-AL2y-ASAQ2y-ALAQ,67,662544,2031
005/064-tact-AL2y-ASAQ2y-ALAQ,68,716792,2031
005/064-tact-AL2y-ASAQ2y-ALAQ,69,982356,2031
005/064-tact-AL2y-ASAQ2y-ALAQ,70,775896,2031
005/064-tact-AL2y-ASAQ2y-ALAQ,71,763828,2031
005/064-tact-AL2y-ASAQ2y-ALAQ,72,723948,2031
005/064-tact-AL2y-ASAQ2y-ALAQ,73,716068,2031
005/064-tact-AL2y-ASAQ2y-ALAQ,74,687656,2031
005/064-tact-AL2y-ASAQ2y-ALAQ,75,680988,2031
005/064-tact-AL2y-ASAQ2y-ALAQ,76,657236,2031
005/064-tact-AL2y-ASAQ2y-ALAQ,77,807576,2031
005/064-tact-AL2y-ASAQ2y-ALAQ,78,805484,2031
005/064-tact-AL2y-ASAQ2y-ALAQ,79,684956,2031
005/064-tact-AL2y-ASAQ2y-ALAQ,80,793416,2031
005/064-tact-AL2y-ASAQ2y-ALAQ,81,839544,2031
005/064-tact-AL2y-ASAQ2y-ALAQ,82,720668,2031
005/064-tact-AL2y-ASAQ2y-ALAQ,83,796128,2031
005/064-tact-AL2y-ASAQ2y-ALAQ,84,749380,2031
005/064-tact-AL2y-ASAQ2y-ALAQ,85,643936,2031
005/064-tact-AL2y-ASAQ2y-ALAQ,86,718980,2031
005/064-tact-AL2y-ASAQ2y-ALAQ,87,824800,2031
005/064-tact-AL2y-ASAQ2y-ALAQ,88,948360,2031
005/064-tact-AL2y-ASAQ2y-ALAQ,89,847204,2031
005/064-tact-AL2y-ASAQ2y-ALAQ,90,782084,2031
005/064-tact-AL2y-ASAQ2y-ALAQ,91,879912,2031
005/064-tact-AL2y-ASAQ2y-ALAQ,92,737748,2031
005/064-tact-AL2y-ASAQ2y-ALAQ,93,799660,2031
005/064-tact-AL2y-ASAQ2y-ALAQ,94,671264,2031
005/064-tact-AL2y-ASAQ2y-ALAQ,95,644520,2031
005/064-tact-AL2y-ASAQ2y-ALAQ,96,780600,2031
005/064-tact-AL2y-ASAQ2y-ALAQ,97,753592,2031
005/064-tact-AL2y-ASAQ2y-ALAQ,98,780156,2031
005/064-tact-AL2y-ASAQ2y-ALAQ,99,701696,2031
005/065-tact-AL2y-DHAPPQ2y-ALAQ,0,712608,2031
005/065-tact-AL2y-DHAPPQ2y-ALAQ,1,677332,2031
005/065-tact-AL2y-DHAPPQ2y-ALAQ,2,769528,2031
005/065-tact-AL2y-DHAPPQ2y-ALAQ,3,998888,2031
005/065-tact-AL2y-DHAPPQ2y-ALAQ,4,785348,2031
005/065-tact-AL2y-DHAPPQ2y-ALAQ,5,671428,2031
005/065-tact-AL2y-DHAPPQ2y-ALAQ,6,742596,2031
005/065-tact-AL2y-DHAPPQ2y-ALAQ,7,799836,2031
005/065-tact-AL2y-DHAPPQ2y-ALAQ,8,762736,2031
005/065-tact-AL2y-DHAPPQ2y-ALAQ,9,744748,2031
005/065-tact-AL2y-DHAPPQ2y-ALAQ,10,719880,2031
005/065-tact-AL2y-DHAPPQ2y-ALAQ,11,861704,2031
005/065-tact-AL2y-DHAPPQ2y-ALAQ,12,755832,2031
005/065-tact-AL2y-DHAPPQ2y-ALAQ,13,743784,2031
005/065-tact-AL2y-DHAPPQ2y-ALAQ,14,903388,2031
005/065-tact-AL2y-DHAPPQ2y-ALAQ,15,772708,2031
005/065-tact-AL2y-DHAPPQ2y-ALAQ,16,706488,2031
005/065-tact-AL2y-DHAPPQ2y-ALAQ,17,734272,2031
005/065-tact-AL2y-DHAPPQ2y-ALAQ,18,783836,2031
005/065-tact-AL2y-DHAPPQ2y-ALAQ,19,895032,2031
005/065-tact-AL2y-DHAPPQ2y-ALAQ,20,928848,2031
005/065-tact-AL2y-DHAPPQ2y-ALAQ,21,635724,2031
005/065-tact-AL2y-DHAPPQ2y-ALAQ,22,778388,2031
005/065-tact-AL2y-DHAPPQ2y-ALAQ,23,773820,2031
005/065-tact-AL2y-DHAPPQ2y-ALAQ,24,709512,2031
005/065-tact-AL2y-DHAPPQ2y-ALAQ,25,808912,2031
005/065-tact-AL2y-DHAPPQ2y-ALAQ,26,809248,2031
005/065-tact-AL2y-DHAPPQ2y-ALAQ,27,731196,2031
005/065-tact-AL2y-DHAPPQ2y-ALAQ,28,708972,2031
005/065-tact-AL2y-DHAPPQ2y-ALAQ,29,696696,2031
005/065-tact-AL2y-DHAPPQ2y-ALAQ,30,767956,2031
005/065-tact-AL2y-DHAPPQ2y-ALAQ,31,744252,2031
005/065-tact-AL2y-DHAPPQ2y-ALAQ,32,750020,2031
005/065-tact-AL2y-DHAPPQ2y-ALAQ,33,793320,2031
005/065-tact-AL2y-DHAPPQ2y-ALAQ,34,717040,2031
005/065-tact-AL2y-DHAPPQ2y-ALAQ,35,757900,2031
005/065-tact-AL2y-DHAPPQ2y-ALAQ,36,670736,2031
005/065-tact-AL2y-DHAPPQ2y-ALAQ,37,839100,2031
005/065-tact-AL2y-DHAPPQ2y-ALAQ,38,804484,2031
005/065-tact-AL2y-DHAPPQ2y-ALAQ,39,820548,2031
005/065-tact-AL2y-DHAPPQ2y-ALAQ,40,816636,2031
005/065-tact-AL2y-DHAPPQ2y-ALAQ,41,783212,2031
005/065-tact-AL2y-DHAPPQ2y-ALAQ,42,880976,2031
005/065-tact-AL2y-DHAPPQ2y-ALAQ,43,775436,2031
005/065-tact-AL2y-DHAPPQ2y-ALAQ,44,716724,2031
005/065-tact-AL2y-DHAPPQ2y-ALAQ,45,710668,2031
005/065-tact-AL2y-DHAPPQ2y-ALAQ,46,771880,2031
005/065-tact-AL2y-DHAPPQ2y-ALAQ,47,834584,2031
005/065-tact-AL2y-DHAPPQ2y-ALAQ,48,754032,2031
005/065-tact-AL2y-DHAPPQ2y-ALAQ,49,852076,2031
005/065-tact-AL2y-DHAPPQ2y-ALAQ,50,775432,2031
005/065-tact-AL2y-DHAPPQ2y-ALAQ,51,1021492,2031
005/065-tact-AL2y-DHAPPQ2y-ALAQ,52,733952,2031
005/065-tact-AL2y-DHAPPQ2y-ALAQ,53,882956,2031
005/065-tact-AL2y-DHAPPQ2y-ALAQ,54,704212,2031
005/065-tact-AL2y-DHAPPQ2y-ALAQ,55,742892,2031
005/065-tact-AL2y-DHAPPQ2y-ALAQ,56,801648,2031
005/065-tact-AL2y-DHAPPQ2y-ALAQ,57,654804,2031
005/065-tact-AL2y-DHAPPQ2y-ALAQ,58,658784,2031
005/065-tact-AL2y-DHAPPQ2y-ALAQ,59,799212,2031
005/065-tact-AL2y-DHAPPQ2y-ALAQ,60,756232,2031
005/065-tact-AL2y-DHAPPQ2y-ALAQ,61,746636,2031
005/065-tact-AL2y-DHAPPQ2y-ALAQ,62,745596,2031
005/065-tact-AL2y-DHAPPQ2y-ALAQ,63,758916,2031
005/065-tact-AL2y-DHAPPQ2y-ALAQ,64,806636,2031
005/065-tact-AL2y-DHAPPQ2y-ALAQ,65,690192,2031
005/065-tact-AL2y-DHAPPQ2y-ALAQ,66,715404,2031
005/065-tact-AL2y-DHAPPQ2y-ALAQ,67,772336,2031
005/065-tact-AL2y-DHAPPQ2y-ALAQ,68,744968,2031
005/065-tact-AL2y-DHAPPQ2y-ALAQ,69,760624,2031
005/065-tact-AL2y-DHAPPQ2y-ALAQ,70,819772,2031
005/065-tact-AL2y-DHAPPQ2y-ALAQ,71,827504,2031
005/065-tact-AL2y-DHAPPQ2y-ALAQ,72,743712,2031
005/065-tact-AL2y-DHAPPQ2y-ALAQ,73,737396,2031
005/065-tact-AL2y-DHAPPQ2y-ALAQ,74,677704,2031
005/065-tact-AL2y-DHAPPQ2y-ALAQ,75,715376,2031
005/065-tact-AL2y-DHAPPQ2y-ALAQ,76,747844,2031
005/065-tact-AL2y-DHAPPQ2y-ALAQ,77,735744,2031
005/065-tact-AL2y-DHAPPQ2y-ALAQ,78,762500,2031
005/065-tact-AL2y-DHAPPQ2y-ALAQ,79,852268,2031
005/065-tact-AL2y-DHAPPQ2y-ALAQ,80,722932,2031
005/065-tact-AL2y-DHAPPQ2y-ALAQ,81,812876,2031
005/065-tact-AL2y-DHAPPQ2y-ALAQ,82,783728,2031
005/065-tact-AL2y-DHAPPQ2y-ALAQ,83,903064,2031
005/065-tact-AL2y-DHAPPQ2y-ALAQ,84,786496,2031
005/065-tact-AL2y-DHAPPQ2y-ALAQ,85,712316,2031
005/065-tact-AL2y-DHAPPQ2y-ALAQ,86,769616,2031
005/065-tact-AL2y-DHAPPQ2y-ALAQ,87,645736,2031
005/065-tact-AL2y-DHAPPQ2y-ALAQ,88,833920,2031
005/065-tact-AL2y-DHAPPQ2y-ALAQ,89,730836,2031
005/065-tact-AL2y-DHAPPQ2y-ALAQ,90,831284,2031
005/065-tact-AL2y-DHAPPQ2y-ALAQ,91,782024,2031
005/065-tact-AL2y-DHAPPQ2y-ALAQ,92,840900,2031
005/065-tact-AL2y-DHAPPQ2y-ALAQ,93,710048,2031
005/065-tact-AL2y-DHAPPQ2y-ALAQ,94,792920,2031
005/065-tact-AL2y-DHAPPQ2y-ALAQ,95,876700,2031
005/065-tact-AL2y-DHAPPQ2y-ALAQ,96,723284,2031
005/065-tact-AL2y-DHAPPQ2y-ALAQ,97,787640,2031
005/065-tact-AL2y-DHAPPQ2y-ALAQ,98,687276,2031
005/065-tact-AL2y-DHAPPQ2y-ALAQ,99,812432,2031
005/066-tact-ASAQ2y-AL2y-ALAQ,0,712364,2031
005/066-tact-ASAQ2y-AL2y-ALAQ,1,786000,2031
005/066-tact-ASAQ2y-AL2y-ALAQ,2,937052,2031
005/066-tact-ASAQ2y-AL2y-ALAQ,3,807456,2031
005/066-tact-ASAQ2y-AL2y-ALAQ,4,733068,2031
005/066-tact-ASAQ2y-AL2y-ALAQ,5,791304,2031
005/066-tact-ASAQ2y-AL2y-ALAQ,6,763804,2031
005/066-tact-ASAQ2y-AL2y-ALAQ,7,652804,2031
005/066-tact-ASAQ2y-AL2y-ALAQ,8,769464,2031
005/066-tact-ASAQ2y-AL2y-ALAQ,9,737456,2031
005/066-tact-ASAQ2y-AL2y-ALAQ,10,628224,2031
005/066-tact-ASAQ2y-AL2y-ALAQ,11,786408,2031
005/066-tact-ASAQ2y-AL2y-ALAQ,12,713236,2031
005/066-tact-ASAQ2y-AL2y-ALAQ,13,851840,2031
005/066-tact-ASAQ2y-AL2y-ALAQ,14,840452,2031
005/066-tact-ASAQ2y-AL2y-ALAQ,15,821956,2031
005/066-tact-ASAQ2y-AL2y-ALAQ,16,648616,2031
005/066-tact-ASAQ2y-AL2y-ALAQ,17,704356,2031
005/066-tact-ASAQ2y-AL2y-ALAQ,18,715300,2031
005/066-tact-ASAQ2y-AL2y-ALAQ,19,644136,2031
005/066-tact-ASAQ2y-AL2y-ALAQ,20,703300,2031
005/066-tact-ASAQ2y-AL2y-ALAQ,21,781488,2031
005/066-tact-ASAQ2y-AL2y-ALAQ,22,994384,2031
005/066-tact-ASAQ2y-AL2y-ALAQ,23,964972,2031
005/066-tact-ASAQ2y-AL2y-ALAQ,24,861920,2031
005/066-tact-ASAQ2y-AL2y-ALAQ,25,716588,2031
005/066-tact-ASAQ2y-AL2y-ALAQ,26,824948,2031
005/066-tact-ASAQ2y-AL2y-ALAQ,27,827084,2031
005/066-tact-ASAQ2y-AL2y-ALAQ,28,961020,2031
005/066-tact-ASAQ2y-AL2y-ALAQ,29,802592,2031
005/066-tact-ASAQ2y-AL2y-ALAQ,30,846072,2031
005/066-tact-ASAQ2y-AL2y-ALAQ,31,755248,2031
005/066-tact-ASAQ2y-AL2y-ALAQ,32,744640,2031
005/066-tact-ASAQ2y-AL2y-ALAQ,33,767340,2031
005/066-tact-ASAQ2y-AL2y-ALAQ,34,788816,2031
005/066-tact-ASAQ2y-AL2y-ALAQ,35,783912,2031
005/066-tact-ASAQ2y-AL2y-ALAQ,36,698100,2031
005/066-tact-ASAQ2y-AL2y-ALAQ,37,796440,2031
005/066-tact-ASAQ2y-AL2y-ALAQ,38,740768,2031
005/066-tact-ASAQ2y-AL2y-ALAQ,39,755960,2031
005/066-tact-ASAQ2y-AL2y-ALAQ,40,666540,2031
005/066-tact-ASAQ2y-AL2y-ALAQ,41,930064,2031
005/066-tact-ASAQ2y-AL2y-ALAQ,42,791536,2031
005/066-tact-ASAQ2y-AL2y-ALAQ,43,748576,2031
005/066-tact-ASAQ2y-AL2y-ALAQ,44,847900,2031
005/066-tact-ASAQ2y-AL2y-ALAQ,45,721440,2031
005/066-tact-ASAQ2y-AL2y-ALAQ,46,918596,2031
005/066-tact-ASAQ2y-AL2y-ALAQ,47,775420,2031
005/066-tact-ASAQ2y-AL2y-ALAQ,48,728248,2031
005/066-tact-ASAQ2y-AL2y-ALAQ,49,713400,2031
005/066-tact-ASAQ2y-AL2y-ALAQ,50,992904,2031
005/066-tact-ASAQ2y-AL2y-ALAQ,51,745588,2031
005/066-tact-ASAQ2y-AL2y-ALAQ,52,865152,2031
005/066-tact-ASAQ2y-AL2y-ALAQ,53,734260,2031
005/066-tact-ASAQ2y-AL2y-ALAQ,54,841620,2031
005/066-tact-ASAQ2y-AL2y-ALAQ,55,720740,2031
005/066-tact-ASAQ2y-AL2y-ALAQ,56,667628,2031
005/066-tact-ASAQ2y-AL2y-ALAQ,57,758184,2031
005/066-tact-ASAQ2y-AL2y-ALAQ,58,791316,2031
005/066-tact-ASAQ2y-AL2y-ALAQ,59,694028,2031
005/066-tact-ASAQ2y-AL2y-ALAQ,60,724704,2031
005/066-tact-ASAQ2y-AL2y-ALAQ,61,711000,2031
005/066-tact-ASAQ2y-AL2y-ALAQ,62,859712,2031
005/066-tact-ASAQ2y-AL2y-ALAQ,63,735096,2031
005/066-tact-ASAQ2y-AL2y-ALAQ,64,737408,2031
005/066-tact-ASAQ2y-AL2y-ALAQ,65,757428,2031
005/066-tact-ASAQ2y-AL2y-ALAQ,66,721820,2031
005/066-tact-ASAQ2y-AL2y-ALAQ,67,641808,2031
005/066-tact-ASAQ2y-AL2y-ALAQ,68,857964,2031
005/066-tact-ASAQ2y-AL2y-ALAQ,69,768940,2031
005/066-tact-ASAQ2y-AL2y-ALAQ,70,707672,2031
005/066-tact-ASAQ2y-AL2y-ALAQ,71,733652,2031
005/066-tact-ASAQ2y-AL2y-ALAQ,72,726328,2031
005/066-tact-ASAQ2y-AL2y-ALAQ,73,662916,2031
005/066-tact-ASAQ2y-AL2y-ALAQ,74,699244,2031
005/066-tact-ASAQ2y-AL2y-ALAQ,75,880440,2031
005/066-tact-ASAQ2y-AL2y-ALAQ,76,714176,2031
005/066-tact-ASAQ2y-AL2y-ALAQ,77,922208,2031
005/066-tact-ASAQ2y-AL2y-ALAQ,78,786036,2031
005/066-tact-ASAQ2y-AL2y-ALAQ,79,770664,2031
005/066-tact-ASAQ2y-AL2y-ALAQ,80,653172,2031
005/066-tact-ASAQ2y-AL2y-ALAQ,81,687920,2031
005/066-tact-ASAQ2y-AL2y-ALAQ,82,766304,2031
005/066-tact-ASAQ2y-AL2y-ALAQ,83,656192,2031
005/066-tact-ASAQ2y-AL2y-ALAQ,84,739356,2031
005/066-tact-ASAQ2y-AL2y-ALAQ,85,782936,2031
005/066-tact-ASAQ2y-AL2y-ALAQ,86,725040,2031
005/066-tact-ASAQ2y-AL2y-ALAQ,87,880004,2031
005/066-tact-ASAQ2y-AL2y-ALAQ,88,792352,2031
005/066-tact-ASAQ2y-AL2y-ALAQ,89,779032,2031
005/066-tact-ASAQ2y-AL2y-ALAQ,90,856712,2031
005/066-tact-ASAQ2y-AL2y-ALAQ,91,749508,2031
005/066-tact-ASAQ2y-AL2y-ALAQ,92,778332,2031
005/066-tact-ASAQ2y-AL2y-ALAQ,93,707400,2031
005/066-tact-ASAQ2y-AL2y-ALAQ,94,689676,2031
005/066-tact-ASAQ2y-AL2y-ALAQ,95,912168,2031
005/066-tact-ASAQ2y-AL2y-ALAQ,96,698496,2031
005/066-tact-ASAQ2y-AL2y-ALAQ,97,874320,2031
005/066-tact-ASAQ2y-AL2y-ALAQ,98,750872,2031
005/066-tact-ASAQ2y-AL2y-ALAQ,99,738584,2031
005/067-tact-ASAQ2y-DHAPPQ2y-ALAQ,0,385380,2031
005/067-tact-ASAQ2y-DHAPPQ2y-ALAQ,1,405256,2031
005/067-tact-ASAQ2y-DHAPPQ2y-ALAQ,2,461244,2031
005/067-tact-ASAQ2y-DHAPPQ2y-ALAQ,3,390676,2031
005/067-tact-ASAQ2y-DHAPPQ2y-ALAQ,4,429876,2031
005/067-tact-ASAQ2y-DHAPPQ2y-ALAQ,5,413688,2031
005/067-tact-ASAQ2y-DHAPPQ2y-ALAQ,6,417712,2031
005/067-tact-ASAQ2y-DHAPPQ2y-ALAQ,7,482820,2031
005/067-tact-ASAQ2y-DHAPPQ2y-ALAQ,8,456672,2031
005/067-tact-ASAQ2y-DHAPPQ2y-ALAQ,9,432844,2031
005/067-tact-ASAQ2y-DHAPPQ2y-ALAQ,10,397988,2031
005/067-tact-ASAQ2y-DHAPPQ2y-ALAQ,11,402032,2031
005/067-tact-ASAQ2y-DHAPPQ2y-ALAQ,12,410924,2031
005/067-tact-ASAQ2y-DHAPPQ2y-ALAQ,13,404468,2031
005/067-tact-ASAQ2y-DHAPPQ2y-ALAQ,14,454252,2031
005/067-tact-ASAQ2y-DHAPPQ2y-ALAQ,15,428004,2031
005/067-tact-ASAQ2y-DHAPPQ2y-ALAQ,16,448648,2031
005/067-tact-ASAQ2y-DHAPPQ2y-ALAQ,17,401980,2031
005/067-tact-ASAQ2y-DHAPPQ2y-ALAQ,18,438052,2031
005/067-tact-ASAQ2y-DHAPPQ2y-ALAQ,19,427560,2031
005/067-tact-ASAQ2y-DHAPPQ2y-ALAQ,20,441536,2031
005/067-tact-ASAQ2y-DHAPPQ2y-ALAQ,21,456180,2031
005/067-tact-ASAQ2y-DHAPPQ2y-ALAQ,22,412536,2031
005/067-tact-ASAQ2y-DHAPPQ2y-ALAQ,23,398368,2031
005/067-tact-ASAQ2y-DHAPPQ2y-ALAQ,24,441088,2031
005/067-tact-ASAQ2y-DHAPPQ2y-ALAQ,25,447256,2031
005/067-tact-ASAQ2y-DHAPPQ2y-ALAQ,26,427504,2031
005/067-tact-ASAQ2y-DHAPPQ2y-ALAQ,27,389840,2031
005/067-tact-ASAQ2y-DHAPPQ2y-ALAQ,28,380416,2031
005/067-tact-ASAQ2y-DHAPPQ2y-ALAQ,29,406104,2031
005/067-tact-ASAQ2y-DHAPPQ2y-ALAQ,30,435168,2031
005/067-tact-ASAQ2y-DHAPPQ2y-ALAQ,31,411528,2031
005/067-tact-ASAQ2y-DHAPPQ2y-ALAQ,32,396572,2031
005/067-tact-ASAQ2y-DHAPPQ2y-ALAQ,33,422216,2031
005/067-tact-ASAQ2y-DHAPPQ2y-ALAQ,34,401728,2031
005/067-tact-ASAQ2y-DHAPPQ2y-ALAQ,35,430456,2031
005/067-tact-ASAQ2y-DHAPPQ2y-ALAQ,36,422580,2031
005/067-tact-ASAQ2y-DHAPPQ2y-ALAQ,37,441976,2031
005/067-tact-ASAQ2y-DHAPPQ2y-ALAQ,38,451880,2031
005/067-tact-ASAQ2y-DHAPPQ2y-ALAQ,39,433820,2031
005/067-tact-ASAQ2y-DHAPPQ2y-ALAQ,40,464816,2031
005/067-tact-ASAQ2y-DHAPPQ2y-ALAQ,41,501308,2031
005/067-tact-ASAQ2y-DHAPPQ2y-ALAQ,42,375344,2031
005/067-tact-ASAQ2y-DHAPPQ2y-ALAQ,43,469664,2031
005/067-tact-ASAQ2y-DHAPPQ2y-ALAQ,44,426192,2031
005/067-tact-ASAQ2y-DHAPPQ2y-ALAQ,45,422268,2031
005/067-tact-ASAQ2y-DHAPPQ2y-ALAQ,46,416760,2031
005/067-tact-ASAQ2y-DHAPPQ2y-ALAQ,47,386856,2031
005/067-tact-ASAQ2y-DHAPPQ2y-ALAQ,48,414032,2031
005/067-tact-ASAQ2y-DHAPPQ2y-ALAQ,49,398272,2031
005/067-tact-ASAQ2y-DHAPPQ2y-ALAQ,50,414776,2031
005/067-tact-ASAQ2y-DHAPPQ2y-ALAQ,51,438700,2031
005/067-tact-ASAQ2y-DHAPPQ2y-ALAQ,52,472808,2031
005/067-tact-ASAQ2y-DHAPPQ2y-ALAQ,53,396924,2031
005/067-tact-ASAQ2y-DHAPPQ2y-ALAQ,54,408348,2031
005/067-tact-ASAQ2y-DHAPPQ2y-ALAQ,55,426176,2031
005/067-tact-ASAQ2y-DHAPPQ2y-ALAQ,56,421232,2031
005/067-tact-ASAQ2y-DHAPPQ2y-ALAQ,57,379772,2031
005/067-tact-ASAQ2y-DHAPPQ2y-ALAQ,58,458952,2031
005/067-tact-ASAQ2y-DHAPPQ2y-ALAQ,59,437140,2031
005/067-tact-ASAQ2y-DHAPPQ2y-ALAQ,60,392464,2031
005/067-tact-ASAQ2y-DHAPPQ2y-ALAQ,61,491476,2031
005/067-tact-ASAQ2y-DHAPPQ2y-ALAQ,62,450112,2031
005/067-tact-ASAQ2y-DHAPPQ2y-ALAQ,63,408208,2031
005/067-tact-ASAQ2y-DHAPPQ2y-ALAQ,64,429260,2031
005/067-tact-ASAQ2y-DHAPPQ2y-ALAQ,65,420532,2031
005/067-tact-ASAQ2y-DHAPPQ2y-ALAQ,66,465408,2031
005/067-tact-ASAQ2y-DHAPPQ2y-ALAQ,67,506912,2031
005/067-tact-ASAQ2y-DHAPPQ2y-ALAQ,68,396280,2031
005/067-tact-ASAQ2y-DHAPPQ2y-ALAQ,69,409732,2031
005/067-tact-ASAQ2y-DHAPPQ2y-ALAQ,70,431352,2031
005/067-tact-ASAQ2y-DHAPPQ2y-ALAQ,71,432216,2031
005/067-tact-ASAQ2y-DHAPPQ2y-ALAQ,72,417108,2031
005/067-tact-ASAQ2y-DHAPPQ2y-ALAQ,73,410184,2031
005/067-tact-ASAQ2y-DHAPPQ2y-ALAQ,74,414308,2031
005/067-tact-ASAQ2y-DHAPPQ2y-ALAQ,75,435980,2031
005/067-tact-ASAQ2y-DHAPPQ2y-ALAQ,76,409564,2031
005/067-tact-ASAQ2y-DHAPPQ2y-ALAQ,77,401852,2031
005/067-tact-ASAQ2y-DHAPPQ2y-ALAQ,78,478536,2031
005/067-tact-ASAQ2y-DHAPPQ2y-ALAQ,79,410004,2031
005/067-tact-ASAQ2y-DHAPPQ2y-ALAQ,80,394228,2031
005/067-tact-ASAQ2y-DHAPPQ2y-ALAQ,81,478292,2031
005/067-tact-ASAQ2y-DHAPPQ2y-ALAQ,82,430888,2031
005/067-tact-ASAQ2y-DHAPPQ2y-ALAQ,83,447220,2031
005/067-tact-ASAQ2y-DHAPPQ2y-ALAQ,84,427564,2031
005/067-tact-ASAQ2y-DHAPPQ2y-ALAQ,85,434184,2031
005/067-tact-ASAQ2y-DHAPPQ2y-ALAQ,86,411296,2031
005/067-tact-ASAQ2y-DHAPPQ2y-ALAQ,87,415264,2031
005/067-tact-ASAQ2y-DHAPPQ2y-ALAQ,88,429040,2031
005/067-tact-ASAQ2y-DHAPPQ2y-ALAQ,89,399368,2031
005/067-tact-ASAQ2y-DHAPPQ2y-ALAQ,90,404780,2031
005/067-tact-ASAQ2y-DHAPPQ2y-ALAQ,91,436248,2031
005/067-tact-ASAQ2y-DHAPPQ2y-ALAQ,92,414596,2031
005/067-tact-ASAQ2y-DHAPPQ2y-ALAQ,93,437160,2031
005/067-tact-ASAQ2y-DHAPPQ2y-ALAQ,94,432548,2031
005/067-tact-ASAQ2y-DHAPPQ2y-ALAQ,95,465520,2031
005/067-tact-ASAQ2y-DHAPPQ2y-ALAQ,96,425056,2031
005/067-tact-ASAQ2y-DHAPPQ2y-ALAQ,97,421856,2031
005/067-tact-ASAQ2y-DHAPPQ2y-ALAQ,98,393892,2031
005/067-tact-ASAQ2y-DHAPPQ2y-ALAQ,99,422244,2031
005/068-tact-DHAPPQ2y-AL2y-ALAQ,0,850796,2031
005/068-tact-DHAPPQ2y-AL2y-ALAQ,1,816908,2031
005/068-tact-DHAPPQ2y-AL2y-ALAQ,2,876696,2031
005/068-tact-DHAPPQ2y-AL2y-ALAQ,3,755000,2031
005/068-tact-DHAPPQ2y-AL2y-ALAQ,4,784472,2031
005/068-tact-DHAPPQ2y-AL2y-ALAQ,5,720600,2031
005/068-tact-DHAPPQ2y-AL2y-ALAQ,6,884712,2031
005/068-tact-DHAPPQ2y-AL2y-ALAQ,7,775924,2031
005/068-tact-DHAPPQ2y-AL2y-ALAQ,8,761792,2031
005/068-tact-DHAPPQ2y-AL2y-ALAQ,9,787980,2031
005/068-tact-DHAPPQ2y-AL2y-ALAQ,10,722820,2031
005/068-tact-DHAPPQ2y-AL2y-ALAQ,11,773796,2031
005/068-tact-DHAPPQ2y-AL2y-ALAQ,12,858440,2031
005/068-tact-DHAPPQ2y-AL2y-ALAQ,13,697064,2031
005/068-tact-DHAPPQ2y-AL2y-ALAQ,14,831336,2031
005/068-tact-DHAPPQ2y-AL2y-ALAQ,15,777180,2031
005/068-tact-DHAPPQ2y-AL2y-ALAQ,16,752452,2031
005/068-tact-DHAPPQ2y-AL2y-ALAQ,17,915212,2031
005/068-tact-DHAPPQ2y-AL2y-ALAQ,18,846148,2031
005/068-tact-DHAPPQ2y-AL2y-ALAQ,19,744220,2031
005/068-tact-DHAPPQ2y-AL2y-ALAQ,20,986460,2031
005/068-tact-DHAPPQ2y-AL2y-ALAQ,21,858564,2031
005/068-tact-DHAPPQ2y-AL2y-ALAQ,22,818492,2031
005/068-tact-DHAPPQ2y-AL2y-ALAQ,23,803600,2031
005/068-tact-DHAPPQ2y-AL2y-ALAQ,24,789188,2031
005/068-tact-DHAPPQ2y-AL2y-ALAQ,25,708048,2031
005/068-tact-DHAPPQ2y-AL2y-ALAQ,26,707640,2031
005/068-tact-DHAPPQ2y-AL2y-ALAQ,27,669092,2031
005/068-tact-DHAPPQ2y-AL2y-ALAQ,28,923268,2031
005/068-tact-DHAPPQ2y-AL2y-ALAQ,29,820140,2031
005/068-tact-DHAPPQ2y-AL2y-ALAQ,30,846932,2031
005/068-tact-DHAPPQ2y-AL2y-ALAQ,31,876288,2031
005/068-tact-DHAPPQ2y-AL2y-ALAQ,32,764804,2031
005/068-tact-DHAPPQ2y-AL2y-ALAQ,33,693024,2031
005/068-tact-DHAPPQ2y-AL2y-ALAQ,34,773948,2031
005/068-tact-DHAPPQ2y-AL2y-ALAQ,35,671496,2031
005/068-tact-DHAPPQ2y-AL2y-ALAQ,36,635912,2031
005/068-tact-DHAPPQ2y-AL2y-ALAQ,37,742836,2031
005/068-tact-DHAPPQ2y-AL2y-ALAQ,38,721320,2031
005/068-tact-DHAPPQ2y-AL2y-ALAQ,39,766916,2031
005/068-tact-DHAPPQ2y-AL2y-ALAQ,40,734084,2031
005/068-tact-DHAPPQ2y-AL2y-ALAQ,41,775204,2031
005/068-tact-DHAPPQ2y-AL2y-ALAQ,42,701792,2031
005/068-tact-DHAPPQ2y-AL2y-ALAQ,43,833776,2031
005/068-tact-DHAPPQ2y-AL2y-ALAQ,44,836656,2031
005/068-tact-DHAPPQ2y-AL2y-ALAQ,45,687596,2031
005/068-tact-DHAPPQ2y-AL2y-ALAQ,46,727340,2031
005/068-tact-DHAPPQ2y-AL2y-ALAQ,47,745064,2031
005/068-tact-DHAPPQ2y-AL2y-ALAQ,48,715568,2031
005/068-tact-DHAPPQ2y-AL2y-ALAQ,49,810372,2031
005/068-tact-DHAPPQ2y-AL2y-ALAQ,50,744772,2031
005/068-tact-DHAPPQ2y-AL2y-ALAQ,51,814992,2031
005/068-tact-DHAPPQ2y-AL2y-ALAQ,52,776856,2031
005/068-tact-DHAPPQ2y-AL2y-ALAQ,53,874164,2031
005/068-tact-DHAPPQ2y-AL2y-ALAQ,54,763724,2031
005/068-tact-DHAPPQ2y-AL2y-ALAQ,55,827636,2031
005/068-tact-DHAPPQ2y-AL2y-ALAQ,56,898496,2031
005/068-tact-DHAPPQ2y-AL2y-ALAQ,57,875224,2031
005/068-tact-DHAPPQ2y-AL2y-ALAQ,58,1045916,2031
005/068-tact-DHAPPQ2y-AL2y-ALAQ,59,771116,2031
005/068-tact-DHAPPQ2y-AL2y-ALAQ,60,782652,2031
005/068-tact-DHAPPQ2y-AL2y-ALAQ,61,793500,2031
005/068-tact-DHAPPQ2y-AL2y-ALAQ,62,737176,2031
005/068-tact-DHAPPQ2y-AL2y-ALAQ,63,664616,2031
005/068-tact-DHAPPQ2y-AL2y-ALAQ,64,852584,2031
005/068-tact-DHAPPQ2y-AL2y-ALAQ,65,870608,2031
005/068-tact-DHAPPQ2y-AL2y-ALAQ,66,795436,2031
005/068-tact-DHAPPQ2y-AL2y-ALAQ,67,806964,2031
005/068-tact-DHAPPQ2y-AL2y-ALAQ,68,787656,2031
005/068-tact-DHAPPQ2y-AL2y-ALAQ,69,753464,2031
005/068-tact-DHAPPQ2y-AL2y-ALAQ,70,873564,2031
005/068-tact-DHAPPQ2y-AL2y-ALAQ,71,757788,2031
005/068-tact-DHAPPQ2y-AL2y-ALAQ,72,820692,2031
005/068-tact-DHAPPQ2y-AL2y-ALAQ,73,877812,2031
005/068-tact-DHAPPQ2y-AL2y-ALAQ,74,770756,2031
005/068-tact-DHAPPQ2y-AL2y-ALAQ,75,696292,2031
005/068-tact-DHAPPQ2y-AL2y-ALAQ,76,929104,2031
005/068-tact-DHAPPQ2y-AL2y-ALAQ,77,940700,2031
005/068-tact-DHAPPQ2y-AL2y-ALAQ,78,871804,2031
005/068-tact-DHAPPQ2y-AL2y-ALAQ,79,746464,2031
005/068-tact-DHAPPQ2y-AL2y-ALAQ,80,817776,2031
005/068-tact-DHAPPQ2y-AL2y-ALAQ,81,857348,2031
005/068-tact-DHAPPQ2y-AL2y-ALAQ,82,710228,2031
005/068-tact-DHAPPQ2y-AL2y-ALAQ,83,775476,2031
005/068-tact-DHAPPQ2y-AL2y-ALAQ,84,736576,2031
005/068-tact-DHAPPQ2y-AL2y-ALAQ,85,718200,2031
005/068-tact-DHAPPQ2y-AL2y-ALAQ,86,1217880,2031
005/068-tact-DHAPPQ2y-AL2y-ALAQ,87,865408,2031
005/068-tact-DHAPPQ2y-AL2y-ALAQ,88,965696,2031
005/068-tact-DHAPPQ2y-AL2y-ALAQ,89,773252,2031
005/068-tact-DHAPPQ2y-AL2y-ALAQ,90,895540,2031
005/068-tact-DHAPPQ2y-AL2y-ALAQ,91,765604,2031
005/068-tact-DHAPPQ2y-AL2y-ALAQ,92,715116,2031
005/068-tact-DHAPPQ2y-AL2y-ALAQ,93,719712,2031
005/068-tact-DHAPPQ2y-AL2y-ALAQ,94,769576,2031
005/068-tact-DHAPPQ2y-AL2y-ALAQ,95,842464,2031
005/068-tact-DHAPPQ2y-AL2y-ALAQ,96,839504,2031
005/068-tact-DHAPPQ2y-AL2y-ALAQ,97,934228,2031
005/068-tact-DHAPPQ2y-AL2y-ALAQ,98,761828,2031
005/068-tact-DHAPPQ2y-AL2y-ALAQ,99,791340,2031
005/069-tact-DHAPPQ2y-ASAQ2y-ALAQ,0,422636,2031
005/069-tact-DHAPPQ2y-ASAQ2y-ALAQ,1,418168,2031
005/069-tact-DHAPPQ2y-ASAQ2y-ALAQ,2,456220,2031
005/069-tact-DHAPPQ2y-ASAQ2y-ALAQ,3,423508,2031
005/069-tact-DHAPPQ2y-ASAQ2y-ALAQ,4,409860,2031
005/069-tact-DHAPPQ2y-ASAQ2y-ALAQ,5,482108,2031
005/069-tact-DHAPPQ2y-ASAQ2y-ALAQ,6,397136,2031
005/069-tact-DHAPPQ2y-ASAQ2y-ALAQ,7,455536,2031
005/069-tact-DHAPPQ2y-ASAQ2y-ALAQ,8,404040,2031
005/069-tact-DHAPPQ2y-ASAQ2y-ALAQ,9,450888,2031
005/069-tact-DHAPPQ2y-ASAQ2y-ALAQ,10,444224,2031
005/069-tact-DHAPPQ2y-ASAQ2y-ALAQ,11,442544,2031
005/069-tact-DHAPPQ2y-ASAQ2y-ALAQ,12,493768,2031
005/069-tact-DHAPPQ2y-ASAQ2y-ALAQ,13,417936,2031
005/069-tact-DHAPPQ2y-ASAQ2y-ALAQ,14,468740,2031
005/069-tact-DHAPPQ2y-ASAQ2y-ALAQ,15,428232,2031
005/069-tact-DHAPPQ2y-ASAQ2y-ALAQ,16,386888,2031
005/069-tact-DHAPPQ2y-ASAQ2y-ALAQ,17,386340,2031
005/069-tact-DHAPPQ2y-ASAQ2y-ALAQ,18,421204,2031
005/069-tact-DHAPPQ2y-ASAQ2y-ALAQ,19,434776,2031
005/069-tact-DHAPPQ2y-ASAQ2y-ALAQ,20,400708,2031
005/069-tact-DHAPPQ2y-ASAQ2y-ALAQ,21,417608,2031
005/069-tact-DHAPPQ2y-ASAQ2y-ALAQ,22,428032,2031
005/069-tact-DHAPPQ2y-ASAQ2y-ALAQ,23,398060,2031
005/069-tact-DHAPPQ2y-ASAQ2y-ALAQ,24,451640,2031
005/069-tact-DHAPPQ2y-ASAQ2y-ALAQ,25,445196,2031
005/069-tact-DHAPPQ2y-ASAQ2y-ALAQ,26,409000,2031
005/069-tact-DHAPPQ2y-ASAQ2y-ALAQ,27,430460,2031
005/069-tact-DHAPPQ2y-ASAQ2y-ALAQ,28,415612,2031
005/069-tact-DHAPPQ2y-ASAQ2y-ALAQ,29,430216,2031
005/069-tact-DHAPPQ2y-ASAQ2y-ALAQ,30,401184,2031
005/069-tact-DHAPPQ2y-ASAQ2y-ALAQ,31,465224,2031
005/069-tact-DHAPPQ2y-ASAQ2y-ALAQ,32,455784,2031
005/069-tact-DHAPPQ2y-ASAQ2y-ALAQ,33,383928,2031
005/069-tact-DHAPPQ2y-ASAQ2y-ALAQ,34,445556,2031
005/069-tact-DHAPPQ2y-ASAQ2y-ALAQ,35,405000,2031
005/069-tact-DHAPPQ2y-ASAQ2y-ALAQ,36,474024,2031
005/069-tact-DHAPPQ2y-ASAQ2y-ALAQ,37,429604,2031
005/069-tact-DHAPPQ2y-ASAQ2y-ALAQ,38,402984,2031
005/069-tact-DHAPPQ2y-ASAQ2y-ALAQ,39,392360,2031
005/069-tact-DHAPPQ2y-ASAQ2y-ALAQ,40,451728,2031
005/069-tact-DHAPPQ2y-ASAQ2y-ALAQ,41,498408,2031
005/069-tact-DHAPPQ2y-ASAQ2y-ALAQ,42,448336,2031
005/069-tact-DHAPPQ2y-ASAQ2y-ALAQ,43,406824,2031
005/069-tact-DHAPPQ2y-ASAQ2y-ALAQ,44,407080,2031
005/069-tact-DHAPPQ2y-ASAQ2y-ALAQ,45,372140,2031
005/069-tact-DHAPPQ2y-ASAQ2y-ALAQ,46,448312,2031
005/069-tact-DHAPPQ2y-ASAQ2y-ALAQ,47,430480,2031
005/069-tact-DHAPPQ2y-ASAQ2y-ALAQ,48,435624,2031
005/069-tact-DHAPPQ2y-ASAQ2y-ALAQ,49,417112,2031
005/069-tact-DHAPPQ2y-ASAQ2y-ALAQ,50,437184,2031
005/069-tact-DHAPPQ2y-ASAQ2y-ALAQ,51,466744,2031
005/069-tact-DHAPPQ2y-ASAQ2y-ALAQ,52,438684,2031
005/069-tact-DHAPPQ2y-ASAQ2y-ALAQ,53,437108,2031
005/069-tact-DHAPPQ2y-ASAQ2y-ALAQ,54,445584,2031
005/069-tact-DHAPPQ2y-ASAQ2y-ALAQ,55,449828,2031
005/069-tact-DHAPPQ2y-ASAQ2y-ALAQ,56,397880,2031
005/069-tact-DHAPPQ2y-ASAQ2y-ALAQ,57,438172,2031
005/069-tact-DHAPPQ2y-ASAQ2y-ALAQ,58,426488,2031
005/069-tact-DHAPPQ2y-ASAQ2y-ALAQ,59,377428,2031
005/069-tact-DHAPPQ2y-ASAQ2y-ALAQ,60,413464,2031
005/069-tact-DHAPPQ2y-ASAQ2y-ALAQ,61,450424,2031
005/069-tact-DHAPPQ2y-ASAQ2y-ALAQ,62,434916,2031
005/069-tact-DHAPPQ2y-ASAQ2y-ALAQ,63,398048,2031
005/069-tact-DHAPPQ2y-ASAQ2y-ALAQ,64,417500,2031
005/069-tact-DHAPPQ2y-ASAQ2y-ALAQ,65,407916,2031
005/069-tact-DHAPPQ2y-ASAQ2y-ALAQ,66,399672,2031
005/069-tact-DHAPPQ2y-ASAQ2y-ALAQ,67,460900,2031
005/069-tact-DHAPPQ2y-ASAQ2y-ALAQ,68,438816,2031
005/069-tact-DHAPPQ2y-ASAQ2y-ALAQ,69,426188,2031
005/069-tact-DHAPPQ2y-ASAQ2y-ALAQ,70,436556,2031
005/069-tact-DHAPPQ2y-ASAQ2y-ALAQ,71,442332,2031
005/069-tact-DHAPPQ2y-ASAQ2y-ALAQ,72,432268,2031
005/069-tact-DHAPPQ2y-ASAQ2y-ALAQ,73,461924,2031
005/069-tact-DHAPPQ2y-ASAQ2y-ALAQ,74,421164,2031
005/069-tact-DHAPPQ2y-ASAQ2y-ALAQ,75,467612,2031
005/069-tact-DHAPPQ2y-ASAQ2y-ALAQ,76,408848,2031
005/069-tact-DHAPPQ2y-ASAQ2y-ALAQ,77,400020,2031
005/069-tact-DHAPPQ2y-ASAQ2y-ALAQ,78,407852,2031
005/069-tact-DHAPPQ2y-ASAQ2y-ALAQ,79,401476,2031
005/069-tact-DHAPPQ2y-ASAQ2y-ALAQ,80,440856,2031
005/069-tact-DHAPPQ2y-ASAQ2y-ALAQ,81,410092,2031
005/069-tact-DHAPPQ2y-ASAQ2y-ALAQ,82,419332,2031
005/069-tact-DHAPPQ2y-ASAQ2y-ALAQ,83,424768,2031
005/069-tact-DHAPPQ2y-ASAQ2y-ALAQ,84,462016,2031
005/069-tact-DHAPPQ2y-ASAQ2y-ALAQ,85,414508,2031
005/069-tact-DHAPPQ2y-ASAQ2y-ALAQ,86,434748,2031
005/069-tact-DHAPPQ2y-ASAQ2y-ALAQ,87,434668,2031
005/069-tact-DHAPPQ2y-ASAQ2y-ALAQ,88,425172,2031
005/069-tact-DHAPPQ2y-ASAQ2y-ALAQ,89,469232,2031
005/069-tact-DHAPPQ2y-ASAQ2y-ALAQ,90,419864,2031
005/069-tact-DHAPPQ2y-ASAQ2y-ALAQ,91,389856,2031
005/069-tact-DHAPPQ2y-ASAQ2y-ALAQ,92,411128,2031
005/069-tact-DHAPPQ2y-ASAQ2y-ALAQ,93,409528,2031
005/069-tact-DHAPPQ2y-ASAQ2y-ALAQ,94,411696,2031
005/069-tact-DHAPPQ2y-ASAQ2y-ALAQ,95,431724,2031
005/069-tact-DHAPPQ2y-ASAQ2y-ALAQ,96,436812,2031
005/069-tact-DHAPPQ2y-ASAQ2y-ALAQ,97,406752,2031
005/069-tact-DHAPPQ2y-ASAQ2y-ALAQ,98,431576,2031
005/069-tact-DHAPPQ2y-ASAQ2y-ALAQ,99,392908,2031
005/070-tact-ALAQ-immediate,0,253604,2031
005/070-tact-ALAQ-immediate,1,230828,2031
005/070-tact-ALAQ-immediate,2,240220,2031
005/070-tact-ALAQ-immediate,3,259276,2031
005/070-tact-ALAQ-immediate,4,251892,2031
005/070-tact-ALAQ-immediate,5,241660,2031
005/070-tact-ALAQ-immediate,6,250288,2031
005/070-tact-ALAQ-immediate,7,259432,2031
005/070-tact-ALAQ-immediate,8,230272,2031
005/070-tact-ALAQ-immediate,9,275576,2031
005/070-tact-ALAQ-immediate,10,251420,2031
005/070-tact-ALAQ-immediate,11,238260,2031
005/070-tact-ALAQ-immediate,12,251608,2031
005/070-tact-ALAQ-immediate,13,247628,2031
005/070-tact-ALAQ-immediate,14,253036,2031
005/070-tact-ALAQ-immediate,15,229860,2031
005/070-tact-ALAQ-immediate,16,247072,2031
005/070-tact-ALAQ-immediate,17,243392,2031
005/070-tact-ALAQ-immediate,18,256784,2031
005/070-tact-ALAQ-immediate,19,252716,2031
005/070-tact-ALAQ-immediate,20,251556,2031
005/070-tact-ALAQ-immediate,21,245792,2031
005/070-tact-ALAQ-immediate,22,230432,2031
005/070-tact-ALAQ-immediate,23,251000,2031
005/070-tact-ALAQ-immediate,24,260900,2031
005/070-tact-ALAQ-immediate,25,253584,2031
005/070-tact-ALAQ-immediate,26,274884,2031
005/070-tact-ALAQ-immediate,27,241476,2031
005/070-tact-ALAQ-immediate,28,246036,2031
005/070-tact-ALAQ-immediate,29,239536,2031
005/070-tact-ALAQ-immediate,30,272832,2031
005/070-tact-ALAQ-immediate,31,232840,2031
005/070-tact-ALAQ-immediate,32,269068,2031
005/070-tact-ALAQ-immediate,33,233816,2031
005/070-tact-ALAQ-immediate,34,255480,2031
005/070-tact-ALAQ-immediate,35,238560,2031
005/070-tact-ALAQ-immediate,36,248676,2031
005/070-tact-ALAQ-immediate,37,251992,2031
005/070-tact-ALAQ-immediate,38,248284,2031
005/070-tact-ALAQ-immediate,39,245248,2031
005/070-tact-ALAQ-immediate,40,241864,2031
005/070-tact-ALAQ-immediate,41,266148,2031
005/070-tact-ALAQ-immediate,42,250796,2031
005/070-tact-ALAQ-immediate,43,230952,2031
005/070-tact-ALAQ-immediate,44,243508,2031
005/070-tact-ALAQ-immediate,45,228796,2031
005/070-tact-ALAQ-immediate,46,260460,2031
005/070-tact-ALAQ-immediate,47,246148,2031
005/070-tact-ALAQ-immediate,48,233256,2031
005/070-tact-ALAQ-immediate,49,257480,2031
005/070-tact-ALAQ-immediate,50,234200,2031
005/070-tact-ALAQ-immediate,51,257260,2031
005/070-tact-ALAQ-immediate,52,241592,2031
005/070-tact-ALAQ-immediate,53,251052,2031
005/070-tact-ALAQ-immediate,54,234804,2031
005/070-tact-ALAQ-immediate,55,241916,2031
005/070-tact-ALAQ-immediate,56,249048,2031
005/070-tact-ALAQ-immediate,57,244856,2031
005/070-tact-ALAQ-immediate,58,247624,2031
005/070-tact-ALAQ-immediate,59,291376,2031
005/070-tact-ALAQ-immediate,60,222044,2031
005/070-tact-ALAQ-immediate,61,241616,2031
005/070-tact-ALAQ-immediate,62,219876,2031
005/070-tact-ALAQ-immediate,63,243824,2031
005/070-tact-ALAQ-immediate,64,257912,2031
005/070-tact-ALAQ-immediate,65,242880,2031
005/070-tact-ALAQ-immediate,66,242180,2031
005/070-tact-ALAQ-immediate,67,242820,2031
005/070-tact-ALAQ-immediate,68,238520,2031
005/070-tact-ALAQ-immediate,69,224168,2031
005/070-tact-ALAQ-immediate,70,265904,2031
005/070-tact-ALAQ-immediate,71,283852,2031
005/070-tact-ALAQ-immediate,72,259360,2031
005/070-tact-ALAQ-immediate,73,274836,2031
005/070-tact-ALAQ-immediate,74,267412,2031
005/070-tact-ALAQ-immediate,75,229108,2031
005/070-tact-ALAQ-immediate,76,268792,2031
005/070-tact-ALAQ-immediate,77,250844,2031
005/070-tact-ALAQ-immediate,78,254652,2031
005/070-tact-ALAQ-immediate,79,231976,2031
005/070-tact-ALAQ-immediate,80,258064,2031
005/070-tact-ALAQ-immediate,81,241008,2031
005/070-tact-ALAQ-immediate,82,233576,2031
005/070-tact-ALAQ-immediate,83,222860,2031
005/070-tact-ALAQ-immediate,84,234400,2031
005/070-tact-ALAQ-immediate,85,232252,2031
005/070-tact-ALAQ-immediate,86,262036,2031
005/070-tact-ALAQ-immediate,87,236020,2031
005/070-tact-ALAQ-immediate,88,227800,2031
005/070-tact-ALAQ-immediate,89,254752,2031
005/070-tact-ALAQ-immediate,90,247720,2031
005/070-tact-ALAQ-immediate,91,248824,2031
005/070-tact-ALAQ-immediate,92,232416,2031
005/070-tact-ALAQ-immediate,93,230356,2031
005/070-tact-ALAQ-immediate,94,254880,2031
005/070-tact-ALAQ-immediate,95,253952,2031
005/070-tact-ALAQ-immediate,96,241736,2031
005/070-tact-ALAQ-immediate,97,242776,2031
005/070-tact-ALAQ-immediate,98,238080,2031
005/070-tact-ALAQ-immediate,99,250460,2031
005/071-mft-AL_75-ASPY85_25,0,1419284,2031
005/071-mft-AL_75-ASPY85_25,1,1460824,2031
005/071-mft-AL_75-ASPY85_25,2,1635056,2031
005/071-mft-AL_75-ASPY85_25,3,1397000,2031
005/071-mft-AL_75-ASPY85_25,4,1632192,2031
005/071-mft-AL_75-ASPY85_25,5,1462888,2031
005/071-mft-AL_75-ASPY85_25,6,1748768,2031
005/071-mft-AL_75-ASPY85_25,7,1413788,2031
005/071-mft-AL_75-ASPY85_25,8,1394400,2031
005/071-mft-AL_75-ASPY85_25,9,1639460,2031
005/071-mft-AL_75-ASPY85_25,10,1358144,2031
005/071-mft-AL_75-ASPY85_25,11,1574876,2031
005/071-mft-AL_75-ASPY85_25,12,1590816,2031
005/071-mft-AL_75-ASPY85_25,13,2086508,2031
005/071-mft-AL_75-ASPY85_25,14,1365180,2031
005/071-mft-AL_75-ASPY85_25,15,1280328,2031
005/071-mft-AL_75-ASPY85_25,16,1465152,2031
005/071-mft-AL_75-ASPY85_25,17,1456236,2031
005/071-mft-AL_75-ASPY85_25,18,1573980,2031
005/071-mft-AL_75-ASPY85_25,19,1377936,2031
005/071-mft-AL_75-ASPY85_25,20,1541476,2031
005/071-mft-AL_75-ASPY85_25,21,1466136,2031
005/071-mft-AL_75-ASPY85_25,22,1585796,2031
005/071-mft-AL_75-ASPY85_25,23,1673156,2031
005/071-mft-AL_75-ASPY85_25,24,1918060,2031
005/071-mft-AL_75-ASPY85_25,25,1372188,2031
005/071-mft-AL_75-ASPY85_25,26,1296244,2031
005/071-mft-AL_75-ASPY85_25,27,1338416,2031
005/071-mft-AL_75-ASPY85_25,28,1696560,2031
005/071-mft-AL_75-ASPY85_25,29,1354964,2031
005/071-mft-AL_75-ASPY85_25,30,1282908,2031
005/071-mft-AL_75-ASPY85_25,31,1307288,2031
005/071-mft-AL_75-ASPY85_25,32,1619828,2031
005/071-mft-AL_75-ASPY85_25,33,1549132,2031
005/071-mft-AL_75-ASPY85_25,34,1461180,2031
005/071-mft-AL_75-ASPY85_25,35,1530176,2031
005/071-mft-AL_75-ASPY85_25,36,1596736,2031
005/071-mft-AL_75-ASPY85_25,37,1451904,2031
005/071-mft-AL_75-ASPY85_25,38,1393308,2031
005/071-mft-AL_75-ASPY85_25,39,1385288,2031
005/071-mft-AL_75-ASPY85_25,40,1464896,2031
005/071-mft-AL_75-ASPY85_25,41,1485104,2031
005/071-mft-AL_75-ASPY85_25,42,1948864,2031
005/071-mft-AL_75-ASPY85_25,43,2158860,2031
005/071-mft-AL_75-ASPY85_25,44,1512684,2031
005/071-mft-AL_75-ASPY85_25,45,1406116,2031
005/071-mft-AL_75-ASPY85_25,46,1486672,2031
005/071-mft-AL_75-ASPY85_25,47,1423048,2031
005/071-mft-AL_75-ASPY85_25,48,1389400,2031
005/071-mft-AL_75-ASPY85_25,49,1670032,2031
005/071-mft-AL_75-ASPY85_25,50,1345940,2031
005/071-mft-AL_75-ASPY85_25,51,1483136,2031
005/071-mft-AL_75-ASPY85_25,52,1242824,2031
005/071-mft-AL_75-ASPY85_25,53,1270264,2031
005/071-mft-AL_75-ASPY85_25,54,1405392,2031
005/071-mft-AL_75-ASPY85_25,55,1929572,2031
005/071-mft-AL_75-ASPY85_25,56,1295124,2031
005/071-mft-AL_75-ASPY85_25,57,1591512,2031
005/071-mft-AL_75-ASPY85_25,58,1684716,2031
005/071-mft-AL_75-ASPY85_25,59,1349564,2031
005/071-mft-AL_75-ASPY85_25,60,1266600,2031
005/071-mft-AL_75-ASPY85_25,61,1461452,2031
005/071-mft-AL_75-ASPY85_25,62,1275320,2031
005/071-mft-AL_75-ASPY85_25,63,1253712,2031
005/071-mft-AL_75-ASPY85_25,64,1594480,2031
005/071-mft-AL_75-ASPY85_25,65,2037728,2031
005/071-mft-AL_75-ASPY85_25,66,1419452,2031
005/071-mft-AL_75-ASPY85_25,67,1317828,2031
005/071-mft-AL_75-ASPY85_25,68,1881452,2031
005/071-mft-AL_75-ASPY85_25,69,1430996,2031
005/071-mft-AL_75-ASPY85_25,70,1454108,2031
005/071-mft-AL_75-ASPY85_25,71,1779156,2031
005/071-mft-AL_75-ASPY85_25,72,1499664,2031
005/071-mft-AL_75-ASPY85_25,73,1699048,2031
005/071-mft-AL_75-ASPY85_25,74,1943308,2031
005/071-mft-AL_75-ASPY85_25,75,2677368,2031
005/071-mft-AL_75-ASPY85_25,76,1220888,2031
005/071-mft-AL_75-ASPY85_25,77,1616924,2031
005/071-mft-AL_75-ASPY85_25,78,1109972,2031
005/071-mft-AL_75-ASPY85_25,79,1281616,2031
005/071-mft-AL_75-ASPY85_25,80,1623716,2031
005/071-mft-AL_75-ASPY85_25,81,1232280,2031
005/071-mft-AL_75-ASPY85_25,82,1308032,2031
005/071-mft-AL_75-ASPY85_25,83,1163064,2031
005/071-mft-AL_75-ASPY85_25,84,1593988,2031
005/071-mft-AL_75-ASPY85_25,85,1393652,2031
005/071-mft-AL_75-ASPY85_25,86,1364248,2031
005/071-mft-AL_75-ASPY85_25,87,1132868,2031
005/071-mft-AL_75-ASPY85_25,88,1498256,2031
005/071-mft-AL_75-ASPY85_25,89,1731116,2031
005/071-mft-AL_75-ASPY85_25,90,1320608,2031
005/071-mft-AL_75-ASPY85_25,91,1257940,2031
005/071-mft-AL_75-ASPY85_25,92,1332584,2031
005/071-mft-AL_75-ASPY85_25,93,1790112,2031
005/071-mft-AL_75-ASPY85_25,94,1534004,2031
005/071-mft-AL_75-ASPY85_25,95,1951364,2031
005/071-mft-AL_75-ASPY85_25,96,1721188,2031
005/071-mft-AL_75-ASPY85_25,97,1640648,2031
005/071-mft-AL_75-ASPY85_25,98,1418496,2031
005/071-mft-AL_75-ASPY85_25,99,1510476,2031
005/072-mft-AL_75-ASPY75_25,0,1911528,2031
005/072-mft-AL_75-ASPY75_25,1,1459464,2031
005/072-mft-AL_75-ASPY75_25,2,1375336,2031
005/072-mft-AL_75-ASPY75_25,3,1314196,2031
005/072-mft-AL_75-ASPY75_25,4,1373112,2031
005/072-mft-AL_75-ASPY75_25,5,1360992,2031
005/072-mft-AL_75-ASPY75_25,6,1503604,2031
005/072-mft-AL_75-ASPY75_25,7,1358276,2031
005/072-mft-AL_75-ASPY75_25,8,1475664,2031
005/072-mft-AL_75-ASPY75_25,9,1665844,2031
005/072-mft-AL_75-ASPY75_25,10,1509936,2031
005/072-mft-AL_75-ASPY75_25,11,1543916,2031
005/072-mft-AL_75-ASPY75_25,12,1601236,2031
005/072-mft-AL_75-ASPY75_25,13,1489752,2031
005/072-mft-AL_75-ASPY75_25,14,1645812,2031
005/072-mft-AL_75-ASPY75_25,15,1831240,2031
005/072-mft-AL_75-ASPY75_25,16,1441532,2031
005/072-mft-AL_75-ASPY75_25,17,1405564,2031
005/072-mft-AL_75-ASPY75_25,18,1323092,2031
005/072-mft-AL_75-ASPY75_25,19,1534388,2031
005/072-mft-AL_75-ASPY75_25,20,2096816,2031
005/072-mft-AL_75-ASPY75_25,21,1545708,2031
005/072-mft-AL_75-ASPY75_25,22,1302776,2031
005/072-mft-AL_75-ASPY75_25,23,1455928,2031
005/072-mft-AL_75-ASPY75_25,24,1511332,2031
005/072-mft-AL_75-ASPY75_25,25,1547412,2031
005/072-mft-AL_75-ASPY75_25,26,1765508,2031
005/072-mft-AL_75-ASPY75_25,27,1337292,2031
005/072-mft-AL_75-ASPY75_25,28,1654680,2031
005/072-mft-AL_75-ASPY75_25,29,1670816,2031
005/072-mft-AL_75-ASPY75_25,30,1470240,2031
005/072-mft-AL_75-ASPY75_25,31,1308152,2031
005/072-mft-AL_75-ASPY75_25,32,1234492,2031
005/072-mft-AL_75-ASPY75_25,33,1523596,2031
005/072-mft-AL_75-ASPY75_25,34,1604888,2031
005/072-mft-AL_75-ASPY75_25,35,1297396,2031
005/072-mft-AL_75-ASPY75_25,36,1548576,2031
005/072-mft-AL_75-ASPY75_25,37,1790356,2031
005/072-mft-AL_75-ASPY75_25,38,1435232,2031
005/072-mft-AL_75-ASPY75_25,39,1605072,2031
005/072-mft-AL_75-ASPY75_25,40,1161432,2031
005/072-mft-AL_75-ASPY75_25,41,1620464,2031
005/072-mft-AL_75-ASPY75_25,42,1531020,2031
005/072-mft-AL_75-ASPY75_25,43,1266144,2031
005/072-mft-AL_75-ASPY75_25,44,1193644,2031
005/072-mft-AL_75-ASPY75_25,45,1352256,2031
005/072-mft-AL_75-ASPY75_25,46,1429260,2031
005/072-mft-AL_75-ASPY75_25,47,1509532,2031
005/072-mft-AL_75-ASPY75_25,48,1558876,2031
005/072-mft-AL_75-ASPY75_25,49,1424796,2031
005/072-mft-AL_75-ASPY75_25,50,1579776,2031
005/072-mft-AL_75-ASPY75_25,51,1795656,2031
005/072-mft-AL_75-ASPY75_25,52,1202468,2031
005/072-mft-AL_75-ASPY75_25,53,1451032,2031
005/072-mft-AL_75-ASPY75_25,54,1415880,2031
005/072-mft-AL_75-ASPY75_25,55,1671228,2031
005/072-mft-AL_75-ASPY75_25,56,1269916,2031
005/072-mft-AL_75-ASPY75_25,57,1616024,2031
005/072-mft-AL_75-ASPY75_25,58,1511504,2031
005/072-mft-AL_75-ASPY75_25,59,1525400,2031
005/072-mft-AL_75-ASPY75_25,60,1526012,2031
005/072-mft-AL_75-ASPY75_25,61,1571264,2031
005/072-mft-AL_75-ASPY75_25,62,1482080,2031
005/072-mft-AL_75-ASPY75_25,63,1263400,2031
005/072-mft-AL_75-ASPY75_25,64,1481860,2031
005/072-mft-AL_75-ASPY75_25,65,1321860,2031
005/072-mft-AL_75-ASPY75_25,66,1336740,2031
005/072-mft-AL_75-ASPY75_25,67,1725864,2031
005/072-mft-AL_75-ASPY75_25,68,1675860,2031
005/072-mft-AL_75-ASPY75_25,69,1418784,2031
005/072-mft-AL_75-ASPY75_25,70,1223960,2031
005/072-mft-AL_75-ASPY75_25,71,1834936,2031
005/072-mft-AL_75-ASPY75_25,72,1326772,2031
005/072-mft-AL_75-ASPY75_25,73,1570152,2031
005/072-mft-AL_75-ASPY75_25,74,1644168,2031
005/072-mft-AL_75-ASPY75_25,75,1558452,2031
005/072-mft-AL_75-ASPY75_25,76,1359712,2031
005/072-mft-AL_75-ASPY75_25,77,1671180,2031
005/072-mft-AL_75-ASPY75_25,78,1478860,2031
005/072-mft-AL_75-ASPY75_25,79,1427136,2031
005/072-mft-AL_75-ASPY75_25,80,1295788,2031
005/072-mft-AL_75-ASPY75_25,81,1756364,2031
005/072-mft-AL_75-ASPY75_25,82,1335596,2031
005/072-mft-AL_75-ASPY75_25,83,1517468,2031
005/072-mft-AL_75-ASPY75_25,84,1715452,2031
005/072-mft-AL_75-ASPY75_25,85,2245880,2031
005/072-mft-AL_75-ASPY75_25,86,1337628,2031
005/072-mft-AL_75-ASPY75_25,87,1346940,2031
005/072-mft-AL_75-ASPY75_25,88,1270772,2031
005/072-mft-AL_75-ASPY75_25,89,1704232,2031
005/072-mft-AL_75-ASPY75_25,90,1415968,2031
005/072-mft-AL_75-ASPY75_25,91,1483484,2031
005/072-mft-AL_75-ASPY75_25,92,1405736,2031
005/072-mft-AL_75-ASPY75_25,93,1474704,2031
005/072-mft-AL_75-ASPY75_25,94,1426348,2031
005/072-mft-AL_75-ASPY75_25,95,1259272,2031
005/072-mft-AL_75-ASPY75_25,96,1403380,2031
005/072-mft-AL_75-ASPY75_25,97,1549576,2031
005/072-mft-AL_75-ASPY75_25,98,1625900,2031
005/072-mft-AL_75-ASPY75_25,99,1377708,2031
005/073-mft-AL_75-ASPY65_25,0,1454324,2031
005/073-mft-AL_75-ASPY65_25,1,1328312,2031
005/073-mft-AL_75-ASPY65_25,2,1528884,2031
005/073-mft-AL_75-ASPY65_25,3,1609424,2031
005/073-mft-AL_75-ASPY65_25,4,1395868,2031
005/073-mft-AL_75-ASPY65_25,5,1684800,2031
005/073-mft-AL_75-ASPY65_25,6,1507200,2031
005/073-mft-AL_75-ASPY65_25,7,1383604,2031
005/073-mft-AL_75-ASPY65_25,8,1585036,2031
005/073-mft-AL_75-ASPY65_25,9,1541664,2031
005/073-mft-AL_75-ASPY65_25,10,1353128,2031
005/073-mft-AL_75-ASPY65_25,11,1573716,2031
005/073-mft-AL_75-ASPY65_25,12,1380228,2031
005/073-mft-AL_75-ASPY65_25,13,1649488,2031
005/073-mft-AL_75-ASPY65_25,14,1782212,2031
005/073-mft-AL_75-ASPY65_25,15,1598420,2031
005/073-mft-AL_75-ASPY65_25,16,1356868,2031
005/073-mft-AL_75-ASPY65_25,17,1405256,2031
005/073-mft-AL_75-ASPY65_25,18,1337572,2031
005/073-mft-AL_75-ASPY65_25,19,1453324,2031
005/073-mft-AL_75-ASPY65_25,20,1389248,2031
005/073-mft-AL_75-ASPY65_25,21,1241500,2031
005/073-mft-AL_75-ASPY65_25,22,1340792,2031
005/073-mft-AL_75-ASPY65_25,23,1216728,2031
005/073-mft-AL_75-ASPY65_25,24,1562692,2031
005/073-mft-AL_75-ASPY65_25,25,1277104,2031
005/073-mft-AL_75-ASPY65_25,26,1299836,2031
005/073-mft-AL_75-ASPY65_25,27,1604012,2031
005/073-mft-AL_75-ASPY65_25,28,1506168,2031
005/073-mft-AL_75-ASPY65_25,29,1688660,2031
005/073-mft-AL_75-ASPY65_25,30,1673636,2031
005/073-mft-AL_75-ASPY65_25,31,1784476,2031
005/073-mft-AL_75-ASPY65_25,32,1594740,2031
005/073-mft-AL_75-ASPY65_25,33,1232220,2031
005/073-mft-AL_75-ASPY65_25,34,1667336,2031
005/073-mft-AL_75-ASPY65_25,35,1420552,2031
005/073-mft-AL_75-ASPY65_25,36,1547340,2031
005/073-mft-AL_75-ASPY65_25,37,1572752,2031
005/073-mft-AL_75-ASPY65_25,38,1390036,2031
005/073-mft-AL_75-ASPY65_25,39,1796012,2031
005/073-mft-AL_75-ASPY65_25,40,1343520,2031
005/073-mft-AL_75-ASPY65_25,41,1594920,2031
005/073-mft-AL_75-ASPY65_25,42,1257320,2031
005/073-mft-AL_75-ASPY65_25,43,1643856,2031
005/073-mft-AL_75-ASPY65_25,44,1237584,2031
005/073-mft-AL_75-ASPY65_25,45,1411148,2031
005/073-mft-AL_75-ASPY65_25,46,1716472,2031
005/073-mft-AL_75-ASPY65_25,47,1420748,2031
005/073-mft-AL_75-ASPY65_25,48,1372768,2031
005/073-mft-AL_75-ASPY65_25,49,1832136,2031
005/073-mft-AL_75-ASPY65_25,50,1469104,2031
005/073-mft-AL_75-ASPY65_25,51,2095908,2031
005/073-mft-AL_75-ASPY65_25,52,1595368,2031
005/073-mft-AL_75-ASPY65_25,53,1934116,2031
005/073-mft-AL_75-ASPY65_25,54,1848420,2031
005/073-mft-AL_75-ASPY65_25,55,1377624,2031
005/073-mft-AL_75-ASPY65_25,56,1616144,2031
005/073-mft-AL_75-ASPY65_25,57,1527280,2031
005/073-mft-AL_75-ASPY65_25,58,1536732,2031
005/073-mft-AL_75-ASPY65_25,59,1479388,2031
005/073-mft-AL_75-ASPY65_25,60,1384532,2031
005/073-mft-AL_75-ASPY65_25,61,1594784,2031
005/073-mft-AL_75-ASPY65_25,62,1520024,2031
005/073-mft-AL_75-ASPY65_25,63,1362604,2031
005/073-mft-AL_75-ASPY65_25,64,1553376,2031
005/073-mft-AL_75-ASPY65_25,65,1552444,2031
005/073-mft-AL_75-ASPY65_25,66,2725880,2031
005/073-mft-AL_75-ASPY65_25,67,1759164,2031
005/073-mft-AL_75-ASPY65_25,68,1852140,2031
005/073-mft-AL_75-ASPY65_25,69,1322672,2031
005/073-mft-AL_75-ASPY65_25,70,1435184,2031
005/073-mft-AL_75-ASPY65_25,71,1491172,2031
005/073-mft-AL_75-ASPY65_25,72,1733932,2031
005/073-mft-AL_75-ASPY65_25,73,1415100,2031
005/073-mft-AL_75-ASPY65_25,74,1542724,2031
005/073-mft-AL_75-ASPY65_25,75,1697536,2031
005/073-mft-AL_75-ASPY65_25,76,1528548,2031
005/073-mft-AL_75-ASPY65_25,77,1561112,2031
005/073-mft-AL_75-ASPY65_25,78,2106036,2031
005/073-mft-AL_75-ASPY65_25,79,1436084,2031
005/073-mft-AL_75-ASPY65_25,80,1697140,2031
005/073-mft-AL_75-ASPY65_25,81,1361920,2031
005/073-mft-AL_75-ASPY65_25,82,1585108,2031
005/073-mft-AL_75-ASPY65_25,83,1664300,2031
005/073-mft-AL_75-ASPY65_25,84,1412004,2031
005/073-mft-AL_75-ASPY65_25,85,1371092,2031
005/073-mft-AL_75-ASPY65_25,86,1453200,2031
005/073-mft-AL_75-ASPY65_25,87,1264236,2031
005/073-mft-AL_75-ASPY65_25,88,1412028,2031
005/073-mft-AL_75-ASPY65_25,89,1481660,2031
005/073-mft-AL_75-ASPY65_25,90,1333456,2031
005/073-mft-AL_75-ASPY65_25,91,1850668,2031
005/073-mft-AL_75-ASPY65_25,92,1459068,2031
005/073-mft-AL_75-ASPY65_25,93,1445496,2031
005/073-mft-AL_75-ASPY65_25,94,1573028,2031
005/073-mft-AL_75-ASPY65_25,95,1512244,2031
005/073-mft-AL_75-ASPY65_25,96,1760108,2031
005/073-mft-AL_75-ASPY65_25,97,1704572,2031
005/073-mft-AL_75-ASPY65_25,98,1394200,2031
005/073-mft-AL_75-ASPY65_25,99,1922784,2031
005/074-mft-AL_50-ASPY85_50,0,1174416,2031
005/074-mft-AL_50-ASPY85_50,1,1003248,2031
005/074-mft-AL_50-ASPY85_50,2,1088640,2031
005/074-mft-AL_50-ASPY85_50,3,1436744,2031
005/074-mft-AL_50-ASPY85_50,4,1273476,2031
005/074-mft-AL_50-ASPY85_50,5,994432,2031
005/074-mft-AL_50-ASPY85_50,6,1141744,2031
005/074-mft-AL_50-ASPY85_50,7,929452,2031
005/074-mft-AL_50-ASPY85_50,8,959384,2031
005/074-mft-AL_50-ASPY85_50,9,1114408,2031
005/074-mft-AL_50-ASPY85_50,10,981956,2031
005/074-mft-AL_50-ASPY85_50,11,1047172,2031
005/074-mft-AL_50-ASPY85_50,12,952060,2031
005/074-mft-AL_50-ASPY85_50,13,1075788,2031
005/074-mft-AL_50-ASPY85_50,14,1231672,2031
005/074-mft-AL_50-ASPY85_50,15,1184260,2031
005/074-mft-AL_50-ASPY85_50,16,1006368,2031
005/074-mft-AL_50-ASPY85_50,17,1047300,2031
005/074-mft-AL_50-ASPY85_50,18,1076328,2031
005/074-mft-AL_50-ASPY85_50,19,997048,2031
005/074-mft-AL_50-ASPY85_50,20,982308,2031
005/074-mft-AL_50-ASPY85_50,21,943228,2031
005/074-mft-AL_50-ASPY85_50,22,1088000,2031
005/074-mft-AL_50-ASPY85_50,23,1169464,2031
005/074-mft-AL_50-ASPY85_50,24,1019348,2031
005/074-mft-AL_50-ASPY85_50,25,1426360,2031
005/074-mft-AL_50-ASPY85_50,26,1062200,2031
005/074-mft-AL_50-ASPY85_50,27,898108,2031
005/074-mft-AL_50-ASPY85_50,28,986856,2031
005/074-mft-AL_50-ASPY85_50,29,1179636,2031
005/074-mft-AL_50-ASPY85_50,30,1081088,2031
005/074-mft-AL_50-ASPY85_50,31,946420,2031
005/074-mft-AL_50-ASPY85_50,32,988844,2031
005/074-mft-AL_50-ASPY85_50,33,996268,2031
005/074-mft-AL_50-ASPY85_50,34,1091724,2031
005/074-mft-AL_50-ASPY85_50,35,1069464,2031
005/074-mft-AL_50-ASPY85_50,36,1173256,2031
005/074-mft-AL_50-ASPY85_50,37,1049840,2031
005/074-mft-AL_50-ASPY85_50,38,1109224,2031
005/074-mft-AL_50-ASPY85_50,39,1082028,2031
005/074-mft-AL_50-ASPY85_50,40,1026556,2031
005/074-mft-AL_50-ASPY85_50,41,1205044,2031
005/074-mft-AL_50-ASPY85_50,42,1016868,2031
005/074-mft-AL_50-ASPY85_50,43,1262828,2031
005/074-mft-AL_50-ASPY85_50,44,1436680,2031
005/074-mft-AL_50-ASPY85_50,45,970356,2031
005/074-mft-AL_50-ASPY85_50,46,991832,2031
005/074-mft-AL_50-ASPY85_50,47,982608,2031
005/074-mft-AL_50-ASPY85_50,48,1048108,2031
005/074-mft-AL_50-ASPY85_50,49,1174388,2031
005/074-mft-AL_50-ASPY85_50,50,1296360,2031
005/074-mft-AL_50-ASPY85_50,51,1128132,2031
005/074-mft-AL_50-ASPY85_50,52,1098020,2031
005/074-mft-AL_50-ASPY85_50,53,991668,2031
005/074-mft-AL_50-ASPY85_50,54,1017572,2031
005/074-mft-AL_50-ASPY85_50,55,1098376,2031
005/074-mft-AL_50-ASPY85_50,56,1055684,2031
005/074-mft-AL_50-ASPY85_50,57,1000520,2031
005/074-mft-AL_50-ASPY85_50,58,1142596,2031
005/074-mft-AL_50-ASPY85_50,59,1214240,2031
005/074-mft-AL_50-ASPY85_50,60,1018028,2031
005/074-mft-AL_50-ASPY85_50,61,1020076,2031
005/074-mft-AL_50-ASPY85_50,62,1021612,2031
005/074-mft-AL_50-ASPY85_50,63,918940,2031
005/074-mft-AL_50-ASPY85_50,64,1236380,2031
005/074-mft-AL_50-ASPY85_50,65,819504,2031
005/074-mft-AL_50-ASPY85_50,66,1325492,2031
005/074-mft-AL_50-ASPY85_50,67,1083524,2031
005/074-mft-AL_50-ASPY85_50,68,1197596,2031
005/074-mft-AL_50-ASPY85_50,69,1436116,2031
005/074-mft-AL_50-ASPY85_50,70,1003372,2031
005/074-mft-AL_50-ASPY85_50,71,932568,2031
005/074-mft-AL_50-ASPY85_50,72,987204,2031
005/074-mft-AL_50-ASPY85_50,73,1204476,2031
005/074-mft-AL_50-ASPY85_50,74,1091988,2031
005/074-mft-AL_50-ASPY85_50,75,1012804,2031
005/074-mft-AL_50-ASPY85_50,76,1228688,2031
005/074-mft-AL_50-ASPY85_50,77,1111872,2031
005/074-mft-AL_50-ASPY85_50,78,1193668,2031
005/074-mft-AL_50-ASPY85_50,79,1056068,2031
005/074-mft-AL_50-ASPY85_50,80,1377992,2031
005/074-mft-AL_50-ASPY85_50,81,997180,2031
005/074-mft-AL_50-ASPY85_50,82,1013768,2031
005/074-mft-AL_50-ASPY85_50,83,1232660,2031
005/074-mft-AL_50-ASPY85_50,84,1264072,2031
005/074-mft-AL_50-ASPY85_50,85,1229004,2031
005/074-mft-AL_50-ASPY85_50,86,1086716,2031
005/074-mft-AL_50-ASPY85_50,87,1074852,2031
005/074-mft-AL_50-ASPY85_50,88,1127156,2031
005/074-mft-AL_50-ASPY85_50,89,1043748,2031
005/074-mft-AL_50-ASPY85_50,90,1030832,2031
005/074-mft-AL_50-ASPY85_50,91,999828,2031
005/074-mft-AL_50-ASPY85_50,92,1008828,2031
005/074-mft-AL_50-ASPY85_50,93,1051460,2031
005/074-mft-AL_50-ASPY85_50,94,1094404,2031
005/074-mft-AL_50-ASPY85_50,95,1123800,2031
005/074-mft-AL_50-ASPY85_50,96,1554504,2031
005/074-mft-AL_50-ASPY85_50,97,991080,2031
005/074-mft-AL_50-ASPY85_50,98,1248900,2031
005/074-mft-AL_50-ASPY85_50,99,1109052,2031
005/075-mft-AL_50-ASPY75_50,0,1009564,2031
005/075-mft-AL_50-ASPY75_50,1,1012832,2031
005/075-mft-AL_50-ASPY75_50,2,1056748,2031
005/075-mft-AL_50-ASPY75_50,3,983328,2031
005/075-mft-AL_50-ASPY75_50,4,1005856,2031
005/075-mft-AL_50-ASPY75_50,5,1098428,2031
005/075-mft-AL_50-ASPY75_50,6,932740,2031
005/075-mft-AL_50-ASPY75_50,7,1022292,2031
005/075-mft-AL_50-ASPY75_50,8,1088768,2031
005/075-mft-AL_50-ASPY75_50,9,985192,2031
005/075-mft-AL_50-ASPY75_50,10,1117004,2031
005/075-mft-AL_50-ASPY75_50,11,1114308,2031
005/075-mft-AL_50-ASPY75_50,12,880992,2031
005/075-mft-AL_50-ASPY75_50,13,990204,2031
005/075-mft-AL_50-ASPY75_50,14,1120528,2031
005/075-mft-AL_50-ASPY75_50,15,929076,2031
005/075-mft-AL_50-ASPY75_50,16,1015160,2031
005/075-mft-AL_50-ASPY75_50,17,1192280,2031
005/075-mft-AL_50-ASPY75_50,18,1158580,2031
005/075-mft-AL_50-ASPY75_50,19,1188304,2031
005/075-mft-AL_50-ASPY75_50,20,1050912,2031
005/075-mft-AL_50-ASPY75_50,21,1057052,2031
005/075-mft-AL_50-ASPY75_50,22,1046688,2031
005/075-mft-AL_50-ASPY75_50,23,970428,2031
005/075-mft-AL_50-ASPY75_50,24,1145024,2031
005/075-mft-AL_50-ASPY75_50,25,880232,2031
005/075-mft-AL_50-ASPY75_50,26,1112376,2031
005/075-mft-AL_50-ASPY75_50,27,1155148,2031
005/075-mft-AL_50-ASPY75_50,28,1079200,2031
005/075-mft-AL_50-ASPY75_50,29,1367440,2031
005/075-mft-AL_50-ASPY75_50,30,972552,2031
005/075-mft-AL_50-ASPY75_50,31,953028,2031
005/075-mft-AL_50-ASPY75_50,32,1135940,2031
005/075-mft-AL_50-ASPY75_50,33,1311796,2031
005/075-mft-AL_50-ASPY75_50,34,1032404,2031
005/075-mft-AL_50-ASPY75_50,35,1080324,2031
005/075-mft-AL_50-ASPY75_50,36,1114816,2031
005/075-mft-AL_50-ASPY75_50,37,1025444,2031
005/075-mft-AL_50-ASPY75_50,38,1048204,2031
005/075-mft-AL_50-ASPY75_50,39,1012136,2031
005/075-mft-AL_50-ASPY75_50,40,1106288,2031
005/075-mft-AL_50-ASPY75_50,41,1061152,2031
005/075-mft-AL_50-ASPY75_50,42,1082748,2031
005/075-mft-AL_50-ASPY75_50,43,1081788,2031
005/075-mft-AL_50-ASPY75_50,44,1218164,2031
005/075-mft-AL_50-ASPY75_50,45,1085444,2031
005/075-mft-AL_50-ASPY75_50,46,964532,2031
005/075-mft-AL_50-ASPY75_50,47,1168220,2031
005/075-mft-AL_50-ASPY75_50,48,1147384,2031
005/075-mft-AL_50-ASPY75_50,49,1077264,2031
005/075-mft-AL_50-ASPY75_50,50,900640,2031
005/075-mft-AL_50-ASPY75_50,51,1136932,2031
005/075-mft-AL_50-ASPY75_50,52,1002776,2031
005/075-mft-AL_50-ASPY75_50,53,1117588,2031
005/075-mft-AL_50-ASPY75_50,54,1135056,2031
005/075-mft-AL_50-ASPY75_50,55,998300,2031
005/075-mft-AL_50-ASPY75_50,56,1040444,2031
005/075-mft-AL_50-ASPY75_50,57,1012748,2031
005/075-mft-AL_50-ASPY75_50,58,993328,2031
005/075-mft-AL_50-ASPY75_50,59,981716,2031
005/075-mft-AL_50-ASPY75_50,60,1127772,2031
005/075-mft-AL_50-ASPY75_50,61,1100528,2031
005/075-mft-AL_50-ASPY75_50,62,1315512,2031
005/075-mft-AL_50-ASPY75_50,63,1092268,2031
005/075-mft-AL_50-ASPY75_50,64,1006312,2031
005/075-mft-AL_50-ASPY75_50,65,1035080,2031
005/075-mft-AL_50-ASPY75_50,66,1287036,2031
005/075-mft-AL_50-ASPY75_50,67,1046108,2031
005/075-mft-AL_50-ASPY75_50,68,891204,2031
005/075-mft-AL_50-ASPY75_50,69,972328,2031
005/075-mft-AL_50-ASPY75_50,70,1125692,2031
005/075-mft-AL_50-ASPY75_50,71,924112,2031
005/075-mft-AL_50-ASPY75_50,72,1026860,2031
005/075-mft-AL_50-ASPY75_50,73,1281436,2031
005/075-mft-AL_50-ASPY75_50,74,1122012,2031
005/075-mft-AL_50-ASPY75_50,75,1553080,2031
005/075-mft-AL_50-ASPY75_50,76,926608,2031
005/075-mft-AL_50-ASPY75_50,77,1155924,2031
005/075-mft-AL_50-ASPY75_50,78,1030580,2031
005/075-mft-AL_50-ASPY75_50,79,1092352,2031
005/075-mft-AL_50-ASPY75_50,80,1287512,2031
005/075-mft-AL_50-ASPY75_50,81,1199820,2031
005/075-mft-AL_50-ASPY75_50,82,1128408,2031
005/075-mft-AL_50-ASPY75_50,83,1231488,2031
005/075-mft-AL_50-ASPY75_50,84,1018600,2031
005/075-mft-AL_50-ASPY75_50,85,1160128,2031
005/075-mft-AL_50-ASPY75_50,86,1076684,2031
005/075-mft-AL_50-ASPY75_50,87,1116100,2031
005/075-mft-AL_50-ASPY75_50,88,1276784,2031
005/075-mft-AL_50-ASPY75_50,89,1084456,2031
005/075-mft-AL_50-ASPY75_50,90,1151236,2031
005/075-mft-AL_50-ASPY75_50,91,1038384,2031
005/075-mft-AL_50-ASPY75_50,92,1464312,2031
005/075-mft-AL_50-ASPY75_50,93,1223388,2031
005/075-mft-AL_50-ASPY75_50,94,1025496,2031
005/075-mft-AL_50-ASPY75_50,95,1167812,2031
005/075-mft-AL_50-ASPY75_50,96,1128616,2031
005/075-mft-AL_50-ASPY75_50,97,1086608,2031
005/075-mft-AL_50-ASPY75_50,98,1162488,2031
005/075-mft-AL_50-ASPY75_50,99,1189488,2031
005/076-mft-AL_50-ASPY65_50,0,1245080,2031
005/076-mft-AL_50-ASPY65_50,1,1085940,2031
005/076-mft-AL_50-ASPY65_50,2,981632,2031
005/076-mft-AL_50-ASPY65_50,3,1224916,2031
005/076-mft-AL_50-ASPY65_50,4,1237936,2031
005/076-mft-AL_50-ASPY65_50,5,1028340,2031
005/076-mft-AL_50-ASPY65_50,6,989448,2031
005/076-mft-AL_50-ASPY65_50,7,1055084,2031
005/076-mft-AL_50-ASPY65_50,8,1307300,2031
005/076-mft-AL_50-ASPY65_50,9,1050080,2031
005/076-mft-AL_50-ASPY65_50,10,1356448,2031
005/076-mft-AL_50-ASPY65_50,11,1305020,2031
005/076-mft-AL_50-ASPY65_50,12,1019120,2031
005/076-mft-AL_50-ASPY65_50,13,1127624,2031
005/076-mft-AL_50-ASPY65_50,14,1063652,2031
005/076-mft-AL_50-ASPY65_50,15,1222124,2031
005/076-mft-AL_50-ASPY65_50,16,1093432,2031
005/076-mft-AL_50-ASPY65_50,17,1077160,2031
005/076-mft-AL_50-ASPY65_50,18,1149136,2031
005/076-mft-AL_50-ASPY65_50,19,1133784,2031
005/076-mft-AL_50-ASPY65_50,20,1285632,2031
005/076-mft-AL_50-ASPY65_50,21,1030324,2031
005/076-mft-AL_50-ASPY65_50,22,1121396,2031
005/076-mft-AL_50-ASPY65_50,23,1006676,2031
005/076-mft-AL_50-ASPY65_50,24,1138456,2031
005/076-mft-AL_50-ASPY65_50,25,1244264,2031
005/076-mft-AL_50-ASPY65_50,26,936056,2031
005/076-mft-AL_50-ASPY65_50,27,1220640,2031
005/076-mft-AL_50-ASPY65_50,28,1302108,2031
005/076-mft-AL_50-ASPY65_50,29,963408,2031
005/076-mft-AL_50-ASPY65_50,30,1096584,2031
005/076-mft-AL_50-ASPY65_50,31,979908,2031
005/076-mft-AL_50-ASPY65_50,32,1081208,2031
005/076-mft-AL_50-ASPY65_50,33,1424812,2031
005/076-mft-AL_50-ASPY65_50,34,990512,2031
005/076-mft-AL_50-ASPY65_50,35,1179092,2031
005/076-mft-AL_50-ASPY65_50,36,1095352,2031
005/076-mft-AL_50-ASPY65_50,37,983004,2031
005/076-mft-AL_50-ASPY65_50,38,966588,2031
005/076-mft-AL_50-ASPY65_50,39,1189516,2031
005/076-mft-AL_50-ASPY65_50,40,1027288,2031
005/076-mft-AL_50-ASPY65_50,41,981452,2031
005/076-mft-AL_50-ASPY65_50,42,1042176,2031
005/076-mft-AL_50-ASPY65_50,43,964224,2031
005/076-mft-AL_50-ASPY65_50,44,1065784,2031
005/076-mft-AL_50-ASPY65_50,45,958160,2031
005/076-mft-AL_50-ASPY65_50,46,1089880,2031
005/076-mft-AL_50-ASPY65_50,47,1095556,2031
005/076-mft-AL_50-ASPY65_50,48,1148352,2031
005/076-mft-AL_50-ASPY65_50,49,1301216,2031
005/076-mft-AL_50-ASPY65_50,50,1078620,2031
005/076-mft-AL_50-ASPY65_50,51,1087128,2031
005/076-mft-AL_50-ASPY65_50,52,1109788,2031
005/076-mft-AL_50-ASPY65_50,53,1329292,2031
005/076-mft-AL_50-ASPY65_50,54,1046152,2031
005/076-mft-AL_50-ASPY65_50,55,1060524,2031
005/076-mft-AL_50-ASPY65_50,56,1000788,2031
005/076-mft-AL_50-ASPY65_50,57,1009960,2031
005/076-mft-AL_50-ASPY65_50,58,930788,2031
005/076-mft-AL_50-ASPY65_50,59,1152928,2031
005/076-mft-AL_50-ASPY65_50,60,1093108,2031
005/076-mft-AL_50-ASPY65_50,61,1160164,2031
005/076-mft-AL_50-ASPY65_50,62,1199952,2031
005/076-mft-AL_50-ASPY65_50,63,1056920,2031
005/076-mft-AL_50-ASPY65_50,64,1171592,2031
005/076-mft-AL_50-ASPY65_50,65,965296,2031
005/076-mft-AL_50-ASPY65_50,66,1079712,2031
005/076-mft-AL_50-ASPY65_50,67,1187972,2031
005/076-mft-AL_50-ASPY65_50,68,941320,2031
005/076-mft-AL_50-ASPY65_50,69,939784,2031
005/076-mft-AL_50-ASPY65_50,70,1045044,2031
005/076-mft-AL_50-ASPY65_50,71,1061672,2031
005/076-mft-AL_50-ASPY65_50,72,1008864,2031
005/076-mft-AL_50-ASPY65_50,73,1236776,2031
005/076-mft-AL_50-ASPY65_50,74,1057304,2031
005/076-mft-AL_50-ASPY65_50,75,1063440,2031
005/076-mft-AL_50-ASPY65_50,76,1133656,2031
005/076-mft-AL_50-ASPY65_50,77,1045288,2031
005/076-mft-AL_50-ASPY65_50,78,1069636,2031
005/076-mft-AL_50-ASPY65_50,79,1132632,2031
005/076-mft-AL_50-ASPY65_50,80,1167472,2031
005/076-mft-AL_50-ASPY65_50,81,1283856,2031
005/076-mft-AL_50-ASPY65_50,82,1380812,2031
005/076-mft-AL_50-ASPY65_50,83,1169212,2031
005/076-mft-AL_50-ASPY65_50,84,1055260,2031
005/076-mft-AL_50-ASPY65_50,85,1128332,2031
005/076-mft-AL_50-ASPY65_50,86,1088508,2031
005/076-mft-AL_50-ASPY65_50,87,1050264,2031
005/076-mft-AL_50-ASPY65_50,88,999344,2031
005/076-mft-AL_50-ASPY65_50,89,1102620,2031
005/076-mft-AL_50-ASPY65_50,90,1135440,2031
005/076-mft-AL_50-ASPY65_50,91,1016304,2031
005/076-mft-AL_50-ASPY65_50,92,1125388,2031
005/076-mft-AL_50-ASPY65_50,93,928148,2031
005/076-mft-AL_50-ASPY65_50,94,1056756,2031
005/076-mft-AL_50-ASPY65_50,95,1124196,2031
005/076-mft-AL_50-ASPY65_50,96,1160444,2031
005/076-mft-AL_50-ASPY65_50,97,964604,2031
005/076-mft-AL_50-ASPY65_50,98,1222848,2031
005/076-mft-AL_50-ASPY65_50,99,1160204,2031
005/077-mft-ASAQ_75-ASPY85_25,0,501628,2031
005/077-mft-ASAQ_75-ASPY85_25,1,517884,2031
005/077-mft-ASAQ_75-ASPY85_25,2,506996,2031
005/077-mft-ASAQ_75-ASPY85_25,3,558032,2031
005/077-mft-ASAQ_75-ASPY85_25,4,534168,2031
005/077-mft-ASAQ_75-ASPY85_25,5,530848,2031
005/077-mft-ASAQ_75-ASPY85_25,6,540140,2031
005/077-mft-ASAQ_75-ASPY85_25,7,520868,2031
005/077-mft-ASAQ_75-ASPY85_25,8,521344,2031
005/077-mft-ASAQ_75-ASPY85_25,9,511980,2031
005/077-mft-ASAQ_75-ASPY85_25,10,506184,2031
005/077-mft-ASAQ_75-ASPY85_25,11,475044,2031
005/077-mft-ASAQ_75-ASPY85_25,12,529748,2031
005/077-mft-ASAQ_75-ASPY85_25,13,552136,2031
005/077-mft-ASAQ_75-ASPY85_25,14,540344,2031
005/077-mft-ASAQ_75-ASPY85_25,15,505352,2031
005/077-mft-ASAQ_75-ASPY85_25,16,493196,2031
005/077-mft-ASAQ_75-ASPY85_25,17,495020,2031
005/077-mft-ASAQ_75-ASPY85_25,18,542740,2031
005/077-mft-ASAQ_75-ASPY85_25,19,549400,2031
005/077-mft-ASAQ_75-ASPY85_25,20,536420,2031
005/077-mft-ASAQ_75-ASPY85_25,21,524664,2031
005/077-mft-ASAQ_75-ASPY85_25,22,486432,2031
005/077-mft-ASAQ_75-ASPY85_25,23,547072,2031
005/077-mft-ASAQ_75-ASPY85_25,24,491088,2031
005/077-mft-ASAQ_75-ASPY85_25,25,524188,2031
005/077-mft-ASAQ_75-ASPY85_25,26,481924,2031
005/077-mft-ASAQ_75-ASPY85_25,27,520732,2031
005/077-mft-ASAQ_75-ASPY85_25,28,481116,2031
005/077-mft-ASAQ_75-ASPY85_25,29,522476,2031
005/077-mft-ASAQ_75-ASPY85_25,30,515592,2031
005/077-mft-ASAQ_75-ASPY85_25,31,510732,2031
005/077-mft-ASAQ_75-ASPY85_25,32,487260,2031
005/077-mft-ASAQ_75-ASPY85_25,33,500636,2031
005/077-mft-ASAQ_75-ASPY85_25,34,541012,2031
005/077-mft-ASAQ_75-ASPY85_25,35,499212,2031
005/077-mft-ASAQ_75-ASPY85_25,36,484900,2031
005/077-mft-ASAQ_75-ASPY85_25,37,490872,2031
005/077-mft-ASAQ_75-ASPY85_25,38,519060,2031
005/077-mft-ASAQ_75-ASPY85_25,39,517832,2031
005/077-mft-ASAQ_75-ASPY85_25,40,522756,2031
005/077-mft-ASAQ_75-ASPY85_25,41,515252,2031
005/077-mft-ASAQ_75-ASPY85_25,42,501596,2031
005/077-mft-ASAQ_75-ASPY85_25,43,544424,2031
005/077-mft-ASAQ_75-ASPY85_25,44,510416,2031
005/077-mft-ASAQ_75-ASPY85_25,45,537140,2031
005/077-mft-ASAQ_75-ASPY85_25,46,480720,2031
005/077-mft-ASAQ_75-ASPY85_25,47,557832,2031
005/077-mft-ASAQ_75-ASPY85_25,48,507632,2031
005/077-mft-ASAQ_75-ASPY85_25,49,479992,2031
005/077-mft-ASAQ_75-ASPY85_25,50,509592,2031
005/077-mft-ASAQ_75-ASPY85_25,51,474800,2031
005/077-mft-ASAQ_75-ASPY85_25,52,531320,2031
005/077-mft-ASAQ_75-ASPY85_25,53,538852,2031
005/077-mft-ASAQ_75-ASPY85_25,54,473244,2031
005/077-mft-ASAQ_75-ASPY85_25,55,518116,2031
005/077-mft-ASAQ_75-ASPY85_25,56,549324,2031
005/077-mft-ASAQ_75-ASPY85_25,57,505188,2031
005/077-mft-ASAQ_75-ASPY85_25,58,539124,2031
005/077-mft-ASAQ_75-ASPY85_25,59,488204,2031
005/077-mft-ASAQ_75-ASPY85_25,60,505088,2031
005/077-mft-ASAQ_75-ASPY85_25,61,519852,2031
005/077-mft-ASAQ_75-ASPY85_25,62,505088,2031
005/077-mft-ASAQ_75-ASPY85_25,63,519520,2031
005/077-mft-ASAQ_75-ASPY85_25,64,527560,2031
005/077-mft-ASAQ_75-ASPY85_25,65,536460,2031
005/077-mft-ASAQ_75-ASPY85_25,66,503776,2031
005/077-mft-ASAQ_75-ASPY85_25,67,498520,2031
005/077-mft-ASAQ_75-ASPY85_25,68,555384,2031
005/077-mft-ASAQ_75-ASPY85_25,69,532692,2031
005/077-mft-ASAQ_75-ASPY85_25,70,472584,2031
005/077-mft-ASAQ_75-ASPY85_25,71,449980,2031
005/077-mft-ASAQ_75-ASPY85_25,72,530724,2031
005/077-mft-ASAQ_75-ASPY85_25,73,507644,2031
005/077-mft-ASAQ_75-ASPY85_25,74,516028,2031
005/077-mft-ASAQ_75-ASPY85_25,75,503304,2031
005/077-mft-ASAQ_75-ASPY85_25,76,601240,2031
005/077-mft-ASAQ_75-ASPY85_25,77,514032,2031
005/077-mft-ASAQ_75-ASPY85_25,78,501532,2031
005/077-mft-ASAQ_75-ASPY85_25,79,500472,2031
005/077-mft-ASAQ_75-ASPY85_25,80,517496,2031
005/077-mft-ASAQ_75-ASPY85_25,81,514920,2031
005/077-mft-ASAQ_75-ASPY85_25,82,515008,2031
005/077-mft-ASAQ_75-ASPY85_25,83,513544,2031
005/077-mft-ASAQ_75-ASPY85_25,84,526384,2031
005/077-mft-ASAQ_75-ASPY85_25,85,544820,2031
005/077-mft-ASAQ_75-ASPY85_25,86,545608,2031
005/077-mft-ASAQ_75-ASPY85_25,87,532448,2031
005/077-mft-ASAQ_75-ASPY85_25,88,480144,2031
005/077-mft-ASAQ_75-ASPY85_25,89,509228,2031
005/077-mft-ASAQ_75-ASPY85_25,90,508292,2031
005/077-mft-ASAQ_75-ASPY85_25,91,487864,2031
005/077-mft-ASAQ_75-ASPY85_25,92,495348,2031
005/077-mft-ASAQ_75-ASPY85_25,93,525364,2031
005/077-mft-ASAQ_75-ASPY85_25,94,509296,2031
005/077-mft-ASAQ_75-ASPY85_25,95,542812,2031
005/077-mft-ASAQ_75-ASPY85_25,96,506972,2031
005/077-mft-ASAQ_75-ASPY85_25,97,547276,2031
005/077-mft-ASAQ_75-ASPY85_25,98,524388,2031
005/077-mft-ASAQ_75-ASPY85_25,99,525504,2031
005/078-mft-ASAQ_75-ASPY75_25,0,532908,2031
005/078-mft-ASAQ_75-ASPY75_25,1,513944,2031
005/078-mft-ASAQ_75-ASPY75_25,2,508236,2031
005/078-mft-ASAQ_75-ASPY75_25,3,525376,2031
005/078-mft-ASAQ_75-ASPY75_25,4,502012,2031
005/078-mft-ASAQ_75-ASPY75_25,5,576476,2031
005/078-mft-ASAQ_75-ASPY75_25,6,507200,2031
005/078-mft-ASAQ_75-ASPY75_25,7,503072,2031
005/078-mft-ASAQ_75-ASPY75_25,8,517236,2031
005/078-mft-ASAQ_75-ASPY75_25,9,498988,2031
005/078-mft-ASAQ_75-ASPY75_25,10,523584,2031
005/078-mft-ASAQ_75-ASPY75_25,11,477812,2031
005/078-mft-ASAQ_75-ASPY75_25,12,524744,2031
005/078-mft-ASAQ_75-ASPY75_25,13,492544,2031
005/078-mft-ASAQ_75-ASPY75_25,14,499496,2031
005/078-mft-ASAQ_75-ASPY75_25,15,539188,2031
005/078-mft-ASAQ_75-ASPY75_25,16,523220,2031
005/078-mft-ASAQ_75-ASPY75_25,17,518576,2031
005/078-mft-ASAQ_75-ASPY75_25,18,499780,2031
005/078-mft-ASAQ_75-ASPY75_25,19,528912,2031
005/078-mft-ASAQ_75-ASPY75_25,20,542368,2031
005/078-mft-ASAQ_75-ASPY75_25,21,579756,2031
005/078-mft-ASAQ_75-ASPY75_25,22,537348,2031
005/078-mft-ASAQ_75-ASPY75_25,23,519520,2031
005/078-mft-ASAQ_75-ASPY75_25,24,573960,2031
005/078-mft-ASAQ_75-ASPY75_25,25,538600,2031
005/078-mft-ASAQ_75-ASPY75_25,26,570884,2031
005/078-mft-ASAQ_75-ASPY75_25,27,505464,2031
005/078-mft-ASAQ_75-ASPY75_25,28,472176,2031
005/078-mft-ASAQ_75-ASPY75_25,29,527852,2031
005/078-mft-ASAQ_75-ASPY75_25,30,479332,2031
005/078-mft-ASAQ_75-ASPY75_25,31,513636,2031
005/078-mft-ASAQ_75-ASPY75_25,32,481268,2031
005/078-mft-ASAQ_75-ASPY75_25,33,508072,2031
005/078-mft-ASAQ_75-ASPY75_25,34,500944,2031
005/078-mft-ASAQ_75-ASPY75_25,35,516000,2031
005/078-mft-ASAQ_75-ASPY75_25,36,533268,2031
005/078-mft-ASAQ_75-ASPY75_25,37,521472,2031
005/078-mft-ASAQ_75-ASPY75_25,38,548580,2031
005/078-mft-ASAQ_75-ASPY75_25,39,491632,2031
005/078-mft-ASAQ_75-ASPY75_25,40,533360,2031
005/078-mft-ASAQ_75-ASPY75_25,41,535352,2031
005/078-mft-ASAQ_75-ASPY75_25,42,467380,2031
005/078-mft-ASAQ_75-ASPY75_25,43,480760,2031
005/078-mft-ASAQ_75-ASPY75_25,44,522752,2031
005/078-mft-ASAQ_75-ASPY75_25,45,556332,2031
005/078-mft-ASAQ_75-ASPY75_25,46,497240,2031
005/078-mft-ASAQ_75-ASPY75_25,47,525904,2031
005/078-mft-ASAQ_75-ASPY75_25,48,521568,2031
005/078-mft-ASAQ_75-ASPY75_25,49,517292,2031
005/078-mft-ASAQ_75-ASPY75_25,50,518536,2031
005/078-mft-ASAQ_75-ASPY75_25,51,499868,2031
005/078-mft-ASAQ_75-ASPY75_25,52,526996,2031
005/078-mft-ASAQ_75-ASPY75_25,53,494564,2031
005/078-mft-ASAQ_75-ASPY75_25,54,507816,2031
005/078-mft-ASAQ_75-ASPY75_25,55,503556,2031
005/078-mft-ASAQ_75-ASPY75_25,56,495536,2031
005/078-mft-ASAQ_75-ASPY75_25,57,487992,2031
005/078-mft-ASAQ_75-ASPY75_25,58,597808,2031
005/078-mft-ASAQ_75-ASPY75_25,59,512928,2031
005/078-mft-ASAQ_75-ASPY75_25,60,505216,2031
005/078-mft-ASAQ_75-ASPY75_25,61,519076,2031
005/078-mft-ASAQ_75-ASPY75_25,62,474384,2031
005/078-mft-ASAQ_75-ASPY75_25,63,482808,2031
005/078-mft-ASAQ_75-ASPY75_25,64,517072,2031
005/078-mft-ASAQ_75-ASPY75_25,65,507756,2031
005/078-mft-ASAQ_75-ASPY75_25,66,541128,2031
005/078-mft-ASAQ_75-ASPY75_25,67,496644,2031
005/078-mft-ASAQ_75-ASPY75_25,68,523496,2031
005/078-mft-ASAQ_75-ASPY75_25,69,513900,2031
005/078-mft-ASAQ_75-ASPY75_25,70,533736,2031
005/078-mft-ASAQ_75-ASPY75_25,71,549832,2031
005/078-mft-ASAQ_75-ASPY75_25,72,526452,2031
005/078-mft-ASAQ_75-ASPY75_25,73,524972,2031
005/078-mft-ASAQ_75-ASPY75_25,74,517552,2031
005/078-mft-ASAQ_75-ASPY75_25,75,552068,2031
005/078-mft-ASAQ_75-ASPY75_25,76,574744,2031
005/078-mft-ASAQ_75-ASPY75_25,77,521328,2031
005/078-mft-ASAQ_75-ASPY75_25,78,485312,2031
005/078-mft-ASAQ_75-ASPY75_25,79,522036,2031
005/078-mft-ASAQ_75-ASPY75_25,80,473936,2031
005/078-mft-ASAQ_75-ASPY75_25,81,527260,2031
005/078-mft-ASAQ_75-ASPY75_25,82,513736,2031
005/078-mft-ASAQ_75-ASPY75_25,83,546628,2031
005/078-mft-ASAQ_75-ASPY75_25,84,578424,2031
005/078-mft-ASAQ_75-ASPY75_25,85,482408,2031
005/078-mft-ASAQ_75-ASPY75_25,86,505996,2031
005/078-mft-ASAQ_75-ASPY75_25,87,527336,2031
005/078-mft-ASAQ_75-ASPY75_25,88,502608,2031
005/078-mft-ASAQ_75-ASPY75_25,89,508300,2031
005/078-mft-ASAQ_75-ASPY75_25,90,501596,2031
005/078-mft-ASAQ_75-ASPY75_25,91,492448,2031
005/078-mft-ASAQ_75-ASPY75_25,92,469092,2031
005/078-mft-ASAQ_75-ASPY75_25,93,516544,2031
005/078-mft-ASAQ_75-ASPY75_25,94,523244,2031
005/078-mft-ASAQ_75-ASPY75_25,95,525928,2031
005/078-mft-ASAQ_75-ASPY75_25,96,540492,2031
005/078-mft-ASAQ_75-ASPY75_25,97,495212,2031
005/078-mft-ASAQ_75-ASPY75_25,98,535812,2031
005/078-mft-ASAQ_75-ASPY75_25,99,475372,2031
005/079-mft-ASAQ_75-ASPY65_25,0,497568,2031
005/079-mft-ASAQ_75-ASPY65_25,1,501700,2031
005/079-mft-ASAQ_75-ASPY65_25,2,557240,2031
005/079-mft-ASAQ_75-ASPY65_25,3,485716,2031
005/079-mft-ASAQ_75-ASPY65_25,4,506392,2031
005/079-mft-ASAQ_75-ASPY65_25,5,524536,2031
005/079-mft-ASAQ_75-ASPY65_25,6,533360,2031
005/079-mft-ASAQ_75-ASPY65_25,7,544644,2031
005/079-mft-ASAQ_75-ASPY65_25,8,541544,2031
005/079-mft-ASAQ_75-ASPY65_25,9,512816,2031
005/079-mft-ASAQ_75-ASPY65_25,10,570984,2031
005/079-mft-ASAQ_75-ASPY65_25,11,549756,2031
005/079-mft-ASAQ_75-ASPY65_25,12,494584,2031
005/079-mft-ASAQ_75-ASPY65_25,13,483088,2031
005/079-mft-ASAQ_75-ASPY65_25,14,530260,2031
005/079-mft-ASAQ_75-ASPY65_25,15,536364,2031
005/079-mft-ASAQ_75-ASPY65_25,16,526700,2031
005/079-mft-ASAQ_75-ASPY65_25,17,578624,2031
005/079-mft-ASAQ_75-ASPY65_25,18,518164,2031
005/079-mft-ASAQ_75-ASPY65_25,19,552416,2031
005/079-mft-ASAQ_75-ASPY65_25,20,523284,2031
005/079-mft-ASAQ_75-ASPY65_25,21,524532,2031
005/079-mft-ASAQ_75-ASPY65_25,22,524468,2031
005/079-mft-ASAQ_75-ASPY65_25,23,485384,2031
005/079-mft-ASAQ_75-ASPY65_25,24,548908,2031
005/079-mft-ASAQ_75-ASPY65_25,25,551072,2031
005/079-mft-ASAQ_75-ASPY65_25,26,531240,2031
005/079-mft-ASAQ_75-ASPY65_25,27,513312,2031
005/079-mft-ASAQ_75-ASPY65_25,28,517432,2031
005/079-mft-ASAQ_75-ASPY65_25,29,467996,2031
005/079-mft-ASAQ_75-ASPY65_25,30,522112,2031
005/079-mft-ASAQ_75-ASPY65_25,31,572608,2031
005/079-mft-ASAQ_75-ASPY65_25,32,559888,2031
005/079-mft-ASAQ_75-ASPY65_25,33,509528,2031
005/079-mft-ASAQ_75-ASPY65_25,34,502068,2031
005/079-mft-ASAQ_75-ASPY65_25,35,515352,2031
005/079-mft-ASAQ_75-ASPY65_25,36,525088,2031
005/079-mft-ASAQ_75-ASPY65_25,37,523736,2031
005/079-mft-ASAQ_75-ASPY65_25,38,532764,2031
005/079-mft-ASAQ_75-ASPY65_25,39,526716,2031
005/079-mft-ASAQ_75-ASPY65_25,40,520252,2031
005/079-mft-ASAQ_75-ASPY65_25,41,482040,2031
005/079-mft-ASAQ_75-ASPY65_25,42,520328,2031
005/079-mft-ASAQ_75-ASPY65_25,43,498448,2031
005/079-mft-ASAQ_75-ASPY65_25,44,511340,2031
005/079-mft-ASAQ_75-ASPY65_25,45,556664,2031
005/079-mft-ASAQ_75-ASPY65_25,46,512344,2031
005/079-mft-ASAQ_75-ASPY65_25,47,540048,2031
005/079-mft-ASAQ_75-ASPY65_25,48,559044,2031
005/079-mft-ASAQ_75-ASPY65_25,49,544844,2031
005/079-mft-ASAQ_75-ASPY65_25,50,533116,2031
005/079-mft-ASAQ_75-ASPY65_25,51,554936,2031
005/079-mft-ASAQ_75-ASPY65_25,52,505324,2031
005/079-mft-ASAQ_75-ASPY65_25,53,494392,2031
005/079-mft-ASAQ_75-ASPY65_25,54,551700,2031
005/079-mft-ASAQ_75-ASPY65_25,55,528300,2031
005/079-mft-ASAQ_75-ASPY65_25,56,510004,2031
005/079-mft-ASAQ_75-ASPY65_25,57,486764,2031
005/079-mft-ASAQ_75-ASPY65_25,58,523940,2031
005/079-mft-ASAQ_75-ASPY65_25,59,526588,2031
005/079-mft-ASAQ_75-ASPY65_25,60,512424,2031
005/079-mft-ASAQ_75-ASPY65_25,61,477436,2031
005/079-mft-ASAQ_75-ASPY65_25,62,547328,2031
005/079-mft-ASAQ_75-ASPY65_25,63,509788,2031
005/079-mft-ASAQ_75-ASPY65_25,64,533928,2031
005/079-mft-ASAQ_75-ASPY65_25,65,501984,2031
005/079-mft-ASAQ_75-ASPY65_25,66,511720,2031
005/079-mft-ASAQ_75-ASPY65_25,67,572924,2031
005/079-mft-ASAQ_75-ASPY65_25,68,545748,2031
005/079-mft-ASAQ_75-ASPY65_25,69,546592,2031
005/079-mft-ASAQ_75-ASPY65_25,70,573688,2031
005/079-mft-ASAQ_75-ASPY65_25,71,533412,2031
005/079-mft-ASAQ_75-ASPY65_25,72,492224,2031
005/079-mft-ASAQ_75-ASPY65_25,73,575216,2031
005/079-mft-ASAQ_75-ASPY65_25,74,495436,2031
005/079-mft-ASAQ_75-ASPY65_25,75,484472,2031
005/079-mft-ASAQ_75-ASPY65_25,76,520608,2031
005/079-mft-ASAQ_75-ASPY65_25,77,486100,2031
005/079-mft-ASAQ_75-ASPY65_25,78,492324,2031
005/079-mft-ASAQ_75-ASPY65_25,79,551236,2031
005/079-mft-ASAQ_75-ASPY65_25,80,538348,2031
005/079-mft-ASAQ_75-ASPY65_25,81,575060,2031
005/079-mft-ASAQ_75-ASPY65_25,82,550112,2031
005/079-mft-ASAQ_75-ASPY65_25,83,541024,2031
005/079-mft-ASAQ_75-ASPY65_25,84,513872,2031
005/079-mft-ASAQ_75-ASPY65_25,85,501480,2031
005/079-mft-ASAQ_75-ASPY65_25,86,544412,2031
005/079-mft-ASAQ_75-ASPY65_25,87,520312,2031
005/079-mft-ASAQ_75-ASPY65_25,88,535476,2031
005/079-mft-ASAQ_75-ASPY65_25,89,482260,2031
005/079-mft-ASAQ_75-ASPY65_25,90,480528,2031
005/079-mft-ASAQ_75-ASPY65_25,91,546936,2031
005/079-mft-ASAQ_75-ASPY65_25,92,495956,2031
005/079-mft-ASAQ_75-ASPY65_25,93,551408,2031
005/079-mft-ASAQ_75-ASPY65_25,94,513180,2031
005/079-mft-ASAQ_75-ASPY65_25,95,529648,2031
005/079-mft-ASAQ_75-ASPY65_25,96,508376,2031
005/079-mft-ASAQ_75-ASPY65_25,97,545368,2031
005/079-mft-ASAQ_75-ASPY65_25,98,561496,2031
005/079-mft-ASAQ_75-ASPY65_25,99,490392,2031
005/080-mft-ASAQ_50-ASPY85_50,0,564704,2031
005/080-mft-ASAQ_50-ASPY85_50,1,538780,2031
005/080-mft-ASAQ_50-ASPY85_50,2,457496,2031
005/080-mft-ASAQ_50-ASPY85_50,3,517048,2031
005/080-mft-ASAQ_50-ASPY85_50,4,481616,2031
005/080-mft-ASAQ_50-ASPY85_50,5,482096,2031
005/080-mft-ASAQ_50-ASPY85_50,6,478452,2031
005/080-mft-ASAQ_50-ASPY85_50,7,475224,2031
005/080-mft-ASAQ_50-ASPY85_50,8,492744,2031
005/080-mft-ASAQ_50-ASPY85_50,9,519668,2031
005/080-mft-ASAQ_50-ASPY85_50,10,506100,2031
005/080-mft-ASAQ_50-ASPY85_50,11,475856,2031
005/080-mft-ASAQ_50-ASPY85_50,12,506236,2031
005/080-mft-ASAQ_50-ASPY85_50,13,508368,2031
005/080-mft-ASAQ_50-ASPY85_50,14,490296,2031
005/080-mft-ASAQ_50-ASPY85_50,15,485076,2031
005/080-mft-ASAQ_50-ASPY85_50,16,483252,2031
005/080-mft-ASAQ_50-ASPY85_50,17,511676,2031
005/080-mft-ASAQ_50-ASPY85_50,18,466080,2031
005/080-mft-ASAQ_50-ASPY85_50,19,470532,2031
005/080-mft-ASAQ_50-ASPY85_50,20,514260,2031
005/080-mft-ASAQ_50-ASPY85_50,21,449812,2031
005/080-mft-ASAQ_50-ASPY85_50,22,518020,2031
005/080-mft-ASAQ_50-ASPY85_50,23,496584,2031
005/080-mft-ASAQ_50-ASPY85_50,24,519916,2031
005/080-mft-ASAQ_50-ASPY85_50,25,557056,2031
005/080-mft-ASAQ_50-ASPY85_50,26,510192,2031
005/080-mft-ASAQ_50-ASPY85_50,27,470700,2031
005/080-mft-ASAQ_50-ASPY85_50,28,483436,2031
005/080-mft-ASAQ_50-ASPY85_50,29,537232,2031
005/080-mft-ASAQ_50-ASPY85_50,30,514668,2031
005/080-mft-ASAQ_50-ASPY85_50,31,521352,2031
005/080-mft-ASAQ_50-ASPY85_50,32,486524,2031
005/080-mft-ASAQ_50-ASPY85_50,33,525816,2031
005/080-mft-ASAQ_50-ASPY85_50,34,515608,2031
005/080-mft-ASAQ_50-ASPY85_50,35,474292,2031
005/080-mft-ASAQ_50-ASPY85_50,36,585220,2031
005/080-mft-ASAQ_50-ASPY85_50,37,527852,2031
005/080-mft-ASAQ_50-ASPY85_50,38,483648,2031
005/080-mft-ASAQ_50-ASPY85_50,39,500664,2031
005/080-mft-ASAQ_50-ASPY85_50,40,497476,2031
005/080-mft-ASAQ_50-ASPY85_50,41,535228,2031
005/080-mft-ASAQ_50-ASPY85_50,42,541256,2031
005/080-mft-ASAQ_50-ASPY85_50,43,511180,2031
005/080-mft-ASAQ_50-ASPY85_50,44,523612,2031
005/080-mft-ASAQ_50-ASPY85_50,45,488364,2031
005/080-mft-ASAQ_50-ASPY85_50,46,524900,2031
005/080-mft-ASAQ_50-ASPY85_50,47,539556,2031
005/080-mft-ASAQ_50-ASPY85_50,48,564652,2031
005/080-mft-ASAQ_50-ASPY85_50,49,502376,2031
005/080-mft-ASAQ_50-ASPY85_50,50,509644,2031
005/080-mft-ASAQ_50-ASPY85_50,51,482176,2031
005/080-mft-ASAQ_50-ASPY85_50,52,558620,2031
005/080-mft-ASAQ_50-ASPY85_50,53,477220,2031
005/080-mft-ASAQ_50-ASPY85_50,54,512676,2031
005/080-mft-ASAQ_50-ASPY85_50,55,490644,2031
005/080-mft-ASAQ_50-ASPY85_50,56,507508,2031
005/080-mft-ASAQ_50-ASPY85_50,57,515276,2031
005/080-mft-ASAQ_50-ASPY85_50,58,509992,2031
005/080-mft-ASAQ_50-ASPY85_50,59,501872,2031
005/080-mft-ASAQ_50-ASPY85_50,60,521676,2031
005/080-mft-ASAQ_50-ASPY85_50,61,512388,2031
005/080-mft-ASAQ_50-ASPY85_50,62,536184,2031
005/080-mft-ASAQ_50-ASPY85_50,63,516432,2031
005/080-mft-ASAQ_50-ASPY85_50,64,539620,2031
005/080-mft-ASAQ_50-ASPY85_50,65,484460,2031
005/080-mft-ASAQ_50-ASPY85_50,66,513228,2031
005/080-mft-ASAQ_50-ASPY85_50,67,478256,2031
005/080-mft-ASAQ_50-ASPY85_50,68,495636,2031
005/080-mft-ASAQ_50-ASPY85_50,69,512396,2031
005/080-mft-ASAQ_50-ASPY85_50,70,453116,2031
005/080-mft-ASAQ_50-ASPY85_50,71,516784,2031
005/080-mft-ASAQ_50-ASPY85_50,72,515848,2031
005/080-mft-ASAQ_50-ASPY85_50,73,516336,2031
005/080-mft-ASAQ_50-ASPY85_50,74,454408,2031
005/080-mft-ASAQ_50-ASPY85_50,75,507676,2031
005/080-mft-ASAQ_50-ASPY85_50,76,508504,2031
005/080-mft-ASAQ_50-ASPY85_50,77,556320,2031
005/080-mft-ASAQ_50-ASPY85_50,78,514952,2031
005/080-mft-ASAQ_50-ASPY85_50,79,516616,2031
005/080-mft-ASAQ_50-ASPY85_50,80,513012,2031
005/080-mft-ASAQ_50-ASPY85_50,81,498416,2031
005/080-mft-ASAQ_50-ASPY85_50,82,538664,2031
005/080-mft-ASAQ_50-ASPY85_50,83,513244,2031
005/080-mft-ASAQ_50-ASPY85_50,84,522740,2031
005/080-mft-ASAQ_50-ASPY85_50,85,492156,2031
005/080-mft-ASAQ_50-ASPY85_50,86,542180,2031
005/080-mft-ASAQ_50-ASPY85_50,87,526944,2031
005/080-mft-ASAQ_50-ASPY85_50,88,527232,2031
005/080-mft-ASAQ_50-ASPY85_50,89,549796,2031
005/080-mft-ASAQ_50-ASPY85_50,90,497832,2031
005/080-mft-ASAQ_50-ASPY85_50,91,469216,2031
005/080-mft-ASAQ_50-ASPY85_50,92,502788,2031
005/080-mft-ASAQ_50-ASPY85_50,93,489268,2031
005/080-mft-ASAQ_50-ASPY85_50,94,472756,2031
005/080-mft-ASAQ_50-ASPY85_50,95,518852,2031
005/080-mft-ASAQ_50-ASPY85_50,96,581972,2031
005/080-mft-ASAQ_50-ASPY85_50,97,538752,2031
005/080-mft-ASAQ_50-ASPY85_50,98,510448,2031
005/080-mft-ASAQ_50-ASPY85_50,99,496544,2031
005/081-mft-ASAQ_50-ASPY75_50,0,480672,2031
005/081-mft-ASAQ_50-ASPY75_50,1,525588,2031
005/081-mft-ASAQ_50-ASPY75_50,2,557032,2031
005/081-mft-ASAQ_50-ASPY75_50,3,504300,2031
005/081-mft-ASAQ_50-ASPY75_50,4,493488,2031
005/081-mft-ASAQ_50-ASPY75_50,5,490856,2031
005/081-mft-ASAQ_50-ASPY75_50,6,523872,2031
005/081-mft-ASAQ_50-ASPY75_50,7,531460,2031
005/081-mft-ASAQ_50-ASPY75_50,8,505176,2031
005/081-mft-ASAQ_50-ASPY75_50,9,512872,2031
005/081-mft-ASAQ_50-ASPY75_50,10,479920,2031
005/081-mft-ASAQ_50-ASPY75_50,11,496136,2031
005/081-mft-ASAQ_50-ASPY75_50,12,522268,2031
005/081-mft-ASAQ_50-ASPY75_50,13,505612,2031
005/081-mft-ASAQ_50-ASPY75_50,14,516008,2031
005/081-mft-ASAQ_50-ASPY75_50,15,518160,2031
005/081-mft-ASAQ_50-ASPY75_50,16,543472,2031
005/081-mft-ASAQ_50-ASPY75_50,17,497068,2031
005/081-mft-ASAQ_50-ASPY75_50,18,512608,2031
005/081-mft-ASAQ_50-ASPY75_50,19,578352,2031
005/081-mft-ASAQ_50-ASPY75_50,20,642928,2031
005/081-mft-ASAQ_50-ASPY75_50,21,514936,2031
005/081-mft-ASAQ_50-ASPY75_50,22,517396,2031
005/081-mft-ASAQ_50-ASPY75_50,23,504760,2031
005/081-mft-ASAQ_50-ASPY75_50,24,495088,2031
005/081-mft-ASAQ_50-ASPY75_50,25,485884,2031
005/081-mft-ASAQ_50-ASPY75_50,26,517656,2031
005/081-mft-ASAQ_50-ASPY75_50,27,495128,2031
005/081-mft-ASAQ_50-ASPY75_50,28,516588,2031
005/081-mft-ASAQ_50-ASPY75_50,29,533204,2031
005/081-mft-ASAQ_50-ASPY75_50,30,522480,2031
005/081-mft-ASAQ_50-ASPY75_50,31,501760,2031
005/081-mft-ASAQ_50-ASPY75_50,32,521508,2031
005/081-mft-ASAQ_50-ASPY75_50,33,526112,2031
005/081-mft-ASAQ_50-ASPY75_50,34,511072,2031
005/081-mft-ASAQ_50-ASPY75_50,35,546400,2031
005/081-mft-ASAQ_50-ASPY75_50,36,516760,2031
005/081-mft-ASAQ_50-ASPY75_50,37,529680,2031
005/081-mft-ASAQ_50-ASPY75_50,38,571120,2031
005/081-mft-ASAQ_50-ASPY75_50,39,516608,2031
005/081-mft-ASAQ_50-ASPY75_50,40,470268,2031
005/081-mft-ASAQ_50-ASPY75_50,41,538572,2031
005/081-mft-ASAQ_50-ASPY75_50,42,506960,2031
005/081-mft-ASAQ_50-ASPY75_50,43,489252,2031
005/081-mft-ASAQ_50-ASPY75_50,44,521748,2031
005/081-mft-ASAQ_50-ASPY75_50,45,515060,2031
005/081-mft-ASAQ_50-ASPY75_50,46,587256,2031
005/081-mft-ASAQ_50-ASPY75_50,47,481536,2031
005/081-mft-ASAQ_50-ASPY75_50,48,543004,2031
005/081-mft-ASAQ_50-ASPY75_50,49,492756,2031
005/081-mft-ASAQ_50-ASPY75_50,50,511904,2031
005/081-mft-ASAQ_50-ASPY75_50,51,519056,2031
005/081-mft-ASAQ_50-ASPY75_50,52,530616,2031
005/081-mft-ASAQ_50-ASPY75_50,53,526920,2031
005/081-mft-ASAQ_50-ASPY75_50,54,567596,2031
005/081-mft-ASAQ_50-ASPY75_50,55,493868,2031
005/081-mft-ASAQ_50-ASPY75_50,56,536620,2031
005/081-mft-ASAQ_50-ASPY75_50,57,501704,2031
005/081-mft-ASAQ_50-ASPY75_50,58,517636,2031
005/081-mft-ASAQ_50-ASPY75_50,59,486968,2031
005/081-mft-ASAQ_50-ASPY75_50,60,486132,2031
005/081-mft-ASAQ_50-ASPY75_50,61,489752,2031
005/081-mft-ASAQ_50-ASPY75_50,62,509908,2031
005/081-mft-ASAQ_50-ASPY75_50,63,542136,2031
005/081-mft-ASAQ_50-ASPY75_50,64,512824,2031
005/081-mft-ASAQ_50-ASPY75_50,65,513696,2031
005/081-mft-ASAQ_50-ASPY75_50,66,540776,2031
005/081-mft-ASAQ_50-ASPY75_50,67,553596,2031
005/081-mft-ASAQ_50-ASPY75_50,68,570848,2031
005/081-mft-ASAQ_50-ASPY75_50,69,530704,2031
005/081-mft-ASAQ_50-ASPY75_50,70,485268,2031
005/081-mft-ASAQ_50-ASPY75_50,71,499916,2031
005/081-mft-ASAQ_50-ASPY75_50,72,511880,2031
005/081-mft-ASAQ_50-ASPY75_50,73,526520,2031
005/081-mft-ASAQ_50-ASPY75_50,74,500976,2031
005/081-mft-ASAQ_50-ASPY75_50,75,510068,2031
005/081-mft-ASAQ_50-ASPY75_50,76,546244,2031
005/081-mft-ASAQ_50-ASPY75_50,77,516276,2031
005/081-mft-ASAQ_50-ASPY75_50,78,494396,2031
005/081-mft-ASAQ_50-ASPY75_50,79,516676,2031
005/081-mft-ASAQ_50-ASPY75_50,80,465724,2031
005/081-mft-ASAQ_50-ASPY75_50,81,516504,2031
005/081-mft-ASAQ_50-ASPY75_50,82,474804,2031
005/081-mft-ASAQ_50-ASPY75_50,83,543216,2031
005/081-mft-ASAQ_50-ASPY75_50,84,519364,2031
005/081-mft-ASAQ_50-ASPY75_50,85,521036,2031
005/081-mft-ASAQ_50-ASPY75_50,86,482700,2031
005/081-mft-ASAQ_50-ASPY75_50,87,538284,2031
005/081-mft-ASAQ_50-ASPY75_50,88,491772,2031
005/081-mft-ASAQ_50-ASPY75_50,89,521228,2031
005/081-mft-ASAQ_50-ASPY75_50,90,552316,2031
005/081-mft-ASAQ_50-ASPY75_50,91,524044,2031
005/081-mft-ASAQ_50-ASPY75_50,92,509784,2031
005/081-mft-ASAQ_50-ASPY75_50,93,525384,2031
005/081-mft-ASAQ_50-ASPY75_50,94,506856,2031
005/081-mft-ASAQ_50-ASPY75_50,95,550224,2031
005/081-mft-ASAQ_50-ASPY75_50,96,478516,2031
005/081-mft-ASAQ_50-ASPY75_50,97,485328,2031
005/081-mft-ASAQ_50-ASPY75_50,98,525316,2031
005/081-mft-ASAQ_50-ASPY75_50,99,565484,2031
005/082-mft-ASAQ_50-ASPY65_50,0,532512,2031
005/082-mft-ASAQ_50-ASPY65_50,1,599268,2031
005/082-mft-ASAQ_50-ASPY65_50,2,480672,2031
005/082-mft-ASAQ_50-ASPY65_50,3,489428,2031
005/082-mft-ASAQ_50-ASPY65_50,4,570596,2031
005/082-mft-ASAQ_50-ASPY65_50,5,556808,2031
005/082-mft-ASAQ_50-ASPY65_50,6,508684,2031
005/082-mft-ASAQ_50-ASPY65_50,7,529088,2031
005/082-mft-ASAQ_50-ASPY65_50,8,546588,2031
005/082-mft-ASAQ_50-ASPY65_50,9,566096,2031
005/082-mft-ASAQ_50-ASPY65_50,10,503724,2031
005/082-mft-ASAQ_50-ASPY65_50,11,511380,2031
005/082-mft-ASAQ_50-ASPY65_50,12,540888,2031
005/082-mft-ASAQ_50-ASPY65_50,13,571764,2031
005/082-mft-ASAQ_50-ASPY65_50,14,493080,2031
005/082-mft-ASAQ_50-ASPY65_50,15,565988,2031
005/082-mft-ASAQ_50-ASPY65_50,16,521096,2031
005/082-mft-ASAQ_50-ASPY65_50,17,586872,2031
005/082-mft-ASAQ_50-ASPY65_50,18,480616,2031
005/082-mft-ASAQ_50-ASPY65_50,19,506352,2031
005/082-mft-ASAQ_50-ASPY65_50,20,497504,2031
005/082-mft-ASAQ_50-ASPY65_50,21,574948,2031
005/082-mft-ASAQ_50-ASPY65_50,22,496228,2031
005/082-mft-ASAQ_50-ASPY65_50,23,498988,2031
005/082-mft-ASAQ_50-ASPY65_50,24,591868,2031
005/082-mft-ASAQ_50-ASPY65_50,25,543080,2031
005/082-mft-ASAQ_50-ASPY65_50,26,518892,2031
005/082-mft-ASAQ_50-ASPY65_50,27,562588,2031
005/082-mft-ASAQ_50-ASPY65_50,28,548048,2031
005/082-mft-ASAQ_50-ASPY65_50,29,559600,2031
005/082-mft-ASAQ_50-ASPY65_50,30,584136,2031
005/082-mft-ASAQ_50-ASPY65_50,31,518444,2031
005/082-mft-ASAQ_50-ASPY65_50,32,557256,2031
005/082-mft-ASAQ_50-ASPY65_50,33,520156,2031
005/082-mft-ASAQ_50-ASPY65_50,34,533816,2031
005/082-mft-ASAQ_50-ASPY65_50,35,534524,2031
005/082-mft-ASAQ_50-ASPY65_50,36,507796,2031
005/082-mft-ASAQ_50-ASPY65_50,37,542744,2031
005/082-mft-ASAQ_50-ASPY65_50,38,556848,2031
005/082-mft-ASAQ_50-ASPY65_50,39,526504,2031
005/082-mft-ASAQ_50-ASPY65_50,40,516224,2031
005/082-mft-ASAQ_50-ASPY65_50,41,512044,2031
005/082-mft-ASAQ_50-ASPY65_50,42,507904,2031
005/082-mft-ASAQ_50-ASPY65_50,43,574124,2031
005/082-mft-ASAQ_50-ASPY65_50,44,471188,2031
005/082-mft-ASAQ_50-ASPY65_50,45,520820,2031
005/082-mft-ASAQ_50-ASPY65_50,46,517516,2031
005/082-mft-ASAQ_50-ASPY65_50,47,570044,2031
005/082-mft-ASAQ_50-ASPY65_50,48,682832,2031
005/082-mft-ASAQ_50-ASPY65_50,49,526744,2031
005/082-mft-ASAQ_50-ASPY65_50,50,569320,2031
005/082-mft-ASAQ_50-ASPY65_50,51,562252,2031
005/082-mft-ASAQ_50-ASPY65_50,52,530404,2031
005/082-mft-ASAQ_50-ASPY65_50,53,507004,2031
005/082-mft-ASAQ_50-ASPY65_50,54,529268,2031
005/082-mft-ASAQ_50-ASPY65_50,55,537248,2031
005/082-mft-ASAQ_50-ASPY65_50,56,512004,2031
005/082-mft-ASAQ_50-ASPY65_50,57,502984,2031
005/082-mft-ASAQ_50-ASPY65_50,58,552724,2031
005/082-mft-ASAQ_50-ASPY65_50,59,529964,2031
005/082-mft-ASAQ_50-ASPY65_50,60,562788,2031
005/082-mft-ASAQ_50-ASPY65_50,61,562816,2031
005/082-mft-ASAQ_50-ASPY65_50,62,508236,2031
005/082-mft-ASAQ_50-ASPY65_50,63,510040,2031
005/082-mft-ASAQ_50-ASPY65_50,64,583988,2031
005/082-mft-ASAQ_50-ASPY65_50,65,528052,2031
005/082-mft-ASAQ_50-ASPY65_50,66,540624,2031
005/082-mft-ASAQ_50-ASPY65_50,67,552012,2031
005/082-mft-ASAQ_50-ASPY65_50,68,556872,2031
005/082-mft-ASAQ_50-ASPY65_50,69,483496,2031
005/082-mft-ASAQ_50-ASPY65_50,70,550020,2031
005/082-mft-ASAQ_50-ASPY65_50,71,584696,2031
005/082-mft-ASAQ_50-ASPY65_50,72,548224,2031
005/082-mft-ASAQ_50-ASPY65_50,73,529840,2031
005/082-mft-ASAQ_50-ASPY65_50,74,510960,2031
005/082-mft-ASAQ_50-ASPY65_50,75,512172,2031
005/082-mft-ASAQ_50-ASPY65_50,76,536400,2031
005/082-mft-ASAQ_50-ASPY65_50,77,495668,2031
005/082-mft-ASAQ_50-ASPY65_50,78,525624,2031
005/082-mft-ASAQ_50-ASPY65_50,79,510836,2031
005/082-mft-ASAQ_50-ASPY65_50,80,628484,2031
005/082-mft-ASAQ_50-ASPY65_50,81,504140,2031
005/082-mft-ASAQ_50-ASPY65_50,82,547028,2031
005/082-mft-ASAQ_50-ASPY65_50,83,548812,2031
005/082-mft-ASAQ_50-ASPY65_50,84,534012,2031
005/082-mft-ASAQ_50-ASPY65_50,85,638060,2031
005/082-mft-ASAQ_50-ASPY65_50,86,553320,2031
005/082-mft-ASAQ_50-ASPY65_50,87,515880,2031
005/082-mft-ASAQ_50-ASPY65_50,88,526316,2031
005/082-mft-ASAQ_50-ASPY65_50,89,592080,2031
005/082-mft-ASAQ_50-ASPY65_50,90,553392,2031
005/082-mft-ASAQ_50-ASPY65_50,91,510720,2031
005/082-mft-ASAQ_50-ASPY65_50,92,567772,2031
005/082-mft-ASAQ_50-ASPY65_50,93,495852,2031
005/082-mft-ASAQ_50-ASPY65_50,94,532976,2031
005/082-mft-ASAQ_50-ASPY65_50,95,546044,2031
005/082-mft-ASAQ_50-ASPY65_50,96,569196,2031
005/082-mft-ASAQ_50-ASPY65_50,97,495632,2031
005/082-mft-ASAQ_50-ASPY65_50,98,526628,2031
005/082-mft-ASAQ_50-ASPY65_50,99,547876,2031
005/083-mft-AL-DHAPPQ-ASPY85,0,773440,2031
005/083-mft-AL-DHAPPQ-ASPY85,1,906836,2031
005/083-mft-AL-DHAPPQ-ASPY85,2,746636,2031
005/083-mft-AL-DHAPPQ-ASPY85,3,826040,2031
005/083-mft-AL-DHAPPQ-ASPY85,4,881904,2031
005/083-mft-AL-DHAPPQ-ASPY85,5,816276,2031
005/083-mft-AL-DHAPPQ-ASPY85,6,973396,2031
005/083-mft-AL-DHAPPQ-ASPY85,7,807372,2031
005/083-mft-AL-DHAPPQ-ASPY85,8,822864,2031
005/083-mft-AL-DHAPPQ-ASPY85,9,774772,2031
005/083-mft-AL-DHAPPQ-ASPY85,10,914028,2031
005/083-mft-AL-DHAPPQ-ASPY85,11,942964,2031
005/083-mft-AL-DHAPPQ-ASPY85,12,766048,2031
005/083-mft-AL-DHAPPQ-ASPY85,13,963532,2031
005/083-mft-AL-DHAPPQ-ASPY85,14,822876,2031
005/083-mft-AL-DHAPPQ-ASPY85,15,816372,2031
005/083-mft-AL-DHAPPQ-ASPY85,16,787596,2031
005/083-mft-AL-DHAPPQ-ASPY85,17,896884,2031
005/083-mft-AL-DHAPPQ-ASPY85,18,962892,2031
005/083-mft-AL-DHAPPQ-ASPY85,19,780328,2031
005/083-mft-AL-DHAPPQ-ASPY85,20,819020,2031
005/083-mft-AL-DHAPPQ-ASPY85,21,764084,2031
005/083-mft-AL-DHAPPQ-ASPY85,22,831176,2031
005/083-mft-AL-DHAPPQ-ASPY85,23,814728,2031
005/083-mft-AL-DHAPPQ-ASPY85,24,823176,2031
005/083-mft-AL-DHAPPQ-ASPY85,25,819884,2031
005/083-mft-AL-DHAPPQ-ASPY85,26,796584,2031
005/083-mft-AL-DHAPPQ-ASPY85,27,991076,2031
005/083-mft-AL-DHAPPQ-ASPY85,28,880296,2031
005/083-mft-AL-DHAPPQ-ASPY85,29,885704,2031
005/083-mft-AL-DHAPPQ-ASPY85,30,1104044,2031
005/083-mft-AL-DHAPPQ-ASPY85,31,957244,2031
005/083-mft-AL-DHAPPQ-ASPY85,32,996512,2031
005/083-mft-AL-DHAPPQ-ASPY85,33,885588,2031
005/083-mft-AL-DHAPPQ-ASPY85,34,762992,2031
005/083-mft-AL-DHAPPQ-ASPY85,35,754164,2031
005/083-mft-AL-DHAPPQ-ASPY85,36,855088,2031
005/083-mft-AL-DHAPPQ-ASPY85,37,872076,2031
005/083-mft-AL-DHAPPQ-ASPY85,38,744656,2031
005/083-mft-AL-DHAPPQ-ASPY85,39,860220,2031
005/083-mft-AL-DHAPPQ-ASPY85,40,1008732,2031
005/083-mft-AL-DHAPPQ-ASPY85,41,831528,2031
005/083-mft-AL-DHAPPQ-ASPY85,42,896296,2031
005/083-mft-AL-DHAPPQ-ASPY85,43,812476,2031
005/083-mft-AL-DHAPPQ-ASPY85,44,871056,2031
005/083-mft-AL-DHAPPQ-ASPY85,45,777232,2031
005/083-mft-AL-DHAPPQ-ASPY85,46,810260,2031
005/083-mft-AL-DHAPPQ-ASPY85,47,892724,2031
005/083-mft-AL-DHAPPQ-ASPY85,48,1045908,2031
005/083-mft-AL-DHAPPQ-ASPY85,49,789476,2031
005/083-mft-AL-DHAPPQ-ASPY85,50,838276,2031
005/083-mft-AL-DHAPPQ-ASPY85,51,894736,2031
005/083-mft-AL-DHAPPQ-ASPY85,52,747564,2031
005/083-mft-AL-DHAPPQ-ASPY85,53,828912,2031
005/083-mft-AL-DHAPPQ-ASPY85,54,965540,2031
005/083-mft-AL-DHAPPQ-ASPY85,55,932864,2031
005/083-mft-AL-DHAPPQ-ASPY85,56,760472,2031
005/083-mft-AL-DHAPPQ-ASPY85,57,723684,2031
005/083-mft-AL-DHAPPQ-ASPY85,58,1000520,2031
005/083-mft-AL-DHAPPQ-ASPY85,59,901544,2031
005/083-mft-AL-DHAPPQ-ASPY85,60,763288,2031
005/083-mft-AL-DHAPPQ-ASPY85,61,837364,2031
005/083-mft-AL-DHAPPQ-ASPY85,62,800892,2031
005/083-mft-AL-DHAPPQ-ASPY85,63,786820,2031
005/083-mft-AL-DHAPPQ-ASPY85,64,872900,2031
005/083-mft-AL-DHAPPQ-ASPY85,65,896960,2031
005/083-mft-AL-DHAPPQ-ASPY85,66,921028,2031
005/083-mft-AL-DHAPPQ-ASPY85,67,816680,2031
005/083-mft-AL-DHAPPQ-ASPY85,68,829080,2031
005/083-mft-AL-DHAPPQ-ASPY85,69,794976,2031
005/083-mft-AL-DHAPPQ-ASPY85,70,828196,2031
005/083-mft-AL-DHAPPQ-ASPY85,71,946552,2031
005/083-mft-AL-DHAPPQ-ASPY85,72,800820,2031
005/083-mft-AL-DHAPPQ-ASPY85,73,817584,2031
005/083-mft-AL-DHAPPQ-ASPY85,74,990884,2031
005/083-mft-AL-DHAPPQ-ASPY85,75,770776,2031
005/083-mft-AL-DHAPPQ-ASPY85,76,901352,2031
005/083-mft-AL-DHAPPQ-ASPY85,77,837284,2031
005/083-mft-AL-DHAPPQ-ASPY85,78,862476,2031
005/083-mft-AL-DHAPPQ-ASPY85,79,840548,2031
005/083-mft-AL-DHAPPQ-ASPY85,80,968196,2031
005/083-mft-AL-DHAPPQ-ASPY85,81,948308,2031
005/083-mft-AL-DHAPPQ-ASPY85,82,942616,2031
005/083-mft-AL-DHAPPQ-ASPY85,83,905292,2031
005/083-mft-AL-DHAPPQ-ASPY85,84,699444,2031
005/083-mft-AL-DHAPPQ-ASPY85,85,899556,2031
005/083-mft-AL-DHAPPQ-ASPY85,86,825440,2031
005/083-mft-AL-DHAPPQ-ASPY85,87,915648,2031
005/083-mft-AL-DHAPPQ-ASPY85,88,875976,2031
005/083-mft-AL-DHAPPQ-ASPY85,89,964388,2031
005/083-mft-AL-DHAPPQ-ASPY85,90,911708,2031
005/083-mft-AL-DHAPPQ-ASPY85,91,803860,2031
005/083-mft-AL-DHAPPQ-ASPY85,92,958188,2031
005/083-mft-AL-DHAPPQ-ASPY85,93,730880,2031
005/083-mft-AL-DHAPPQ-ASPY85,94,888352,2031
005/083-mft-AL-DHAPPQ-ASPY85,95,841260,2031
005/083-mft-AL-DHAPPQ-ASPY85,96,903444,2031
005/083-mft-AL-DHAPPQ-ASPY85,97,921008,2031
005/083-mft-AL-DHAPPQ-ASPY85,98,931576,2031
005/083-mft-AL-DHAPPQ-ASPY85,99,910432,2031
005/084-mft-AL-DHAPPQ-ASPY75,0,856052,2031
005/084-mft-AL-DHAPPQ-ASPY75,1,837340,2031
005/084-mft-AL-DHAPPQ-ASPY75,2,915156,2031
005/084-mft-AL-DHAPPQ-ASPY75,3,942456,2031
005/084-mft-AL-DHAPPQ-ASPY75,4,860256,2031
005/084-mft-AL-DHAPPQ-ASPY75,5,764152,2031
005/084-mft-AL-DHAPPQ-ASPY75,6,875104,2031
005/084-mft-AL-DHAPPQ-ASPY75,7,935932,2031
005/084-mft-AL-DHAPPQ-ASPY75,8,840848,2031
005/084-mft-AL-DHAPPQ-ASPY75,9,779332,2031
005/084-mft-AL-DHAPPQ-ASPY75,10,762584,2031
005/084-mft-AL-DHAPPQ-ASPY75,11,879260,2031
005/084-mft-AL-DHAPPQ-ASPY75,12,1047128,2031
005/084-mft-AL-DHAPPQ-ASPY75,13,891652,2031
005/084-mft-AL-DHAPPQ-ASPY75,14,878800,2031
005/084-mft-AL-DHAPPQ-ASPY75,15,1005504,2031
005/084-mft-AL-DHAPPQ-ASPY75,16,1074580,2031
005/084-mft-AL-DHAPPQ-ASPY75,17,912456,2031
005/084-mft-AL-DHAPPQ-ASPY75,18,905124,2031
005/084-mft-AL-DHAPPQ-ASPY75,19,797844,2031
005/084-mft-AL-DHAPPQ-ASPY75,20,863764,2031
005/084-mft-AL-DHAPPQ-ASPY75,21,794008,2031
005/084-mft-AL-DHAPPQ-ASPY75,22,954088,2031
005/084-mft-AL-DHAPPQ-ASPY75,23,924508,2031
005/084-mft-AL-DHAPPQ-ASPY75,24,806424,2031
005/084-mft-AL-DHAPPQ-ASPY75,25,887056,2031
005/084-mft-AL-DHAPPQ-ASPY75,26,856640,2031
005/084-mft-AL-DHAPPQ-ASPY75,27,748816,2031
005/084-mft-AL-DHAPPQ-ASPY75,28,812700,2031
005/084-mft-AL-DHAPPQ-ASPY75,29,885348,2031
005/084-mft-AL-DHAPPQ-ASPY75,30,922164,2031
005/084-mft-AL-DHAPPQ-ASPY75,31,859560,2031
005/084-mft-AL-DHAPPQ-ASPY75,32,985596,2031
005/084-mft-AL-DHAPPQ-ASPY75,33,1072408,2031
005/084-mft-AL-DHAPPQ-ASPY75,34,1010884,2031
005/084-mft-AL-DHAPPQ-ASPY75,35,989576,2031
005/084-mft-AL-DHAPPQ-ASPY75,36,845700,2031
005/084-mft-AL-DHAPPQ-ASPY75,37,910972,2031
005/084-mft-AL-DHAPPQ-ASPY75,38,805380,2031
005/084-mft-AL-DHAPPQ-ASPY75,39,784140,2031
005/084-mft-AL-DHAPPQ-ASPY75,40,1008336,2031
005/084-mft-AL-DHAPPQ-ASPY75,41,861524,2031
005/084-mft-AL-DHAPPQ-ASPY75,42,1070744,2031
005/084-mft-AL-DHAPPQ-ASPY75,43,896360,2031
005/084-mft-AL-DHAPPQ-ASPY75,44,841352,2031
005/084-mft-AL-DHAPPQ-ASPY75,45,816224,2031
005/084-mft-AL-DHAPPQ-ASPY75,46,906920,2031
005/084-mft-AL-DHAPPQ-ASPY75,47,858068,2031
005/084-mft-AL-DHAPPQ-ASPY75,48,890556,2031
005/084-mft-AL-DHAPPQ-ASPY75,49,851436,2031
005/084-mft-AL-DHAPPQ-ASPY75,50,806492,2031
005/084-mft-AL-DHAPPQ-ASPY75,51,903776,2031
005/084-mft-AL-DHAPPQ-ASPY75,52,825120,2031
005/084-mft-AL-DHAPPQ-ASPY75,53,899792,2031
005/084-mft-AL-DHAPPQ-ASPY75,54,940368,2031
005/084-mft-AL-DHAPPQ-ASPY75,55,870868,2031
005/084-mft-AL-DHAPPQ-ASPY75,56,937492,2031
005/084-mft-AL-DHAPPQ-ASPY75,57,791784,2031
005/084-mft-AL-DHAPPQ-ASPY75,58,778896,2031
005/084-mft-AL-DHAPPQ-ASPY75,59,847084,2031
005/084-mft-AL-DHAPPQ-ASPY75,60,971232,2031
005/084-mft-AL-DHAPPQ-ASPY75,61,675324,2031
005/084-mft-AL-DHAPPQ-ASPY75,62,657916,2031
005/084-mft-AL-DHAPPQ-ASPY75,63,795264,2031
005/084-mft-AL-DHAPPQ-ASPY75,64,893412,2031
005/084-mft-AL-DHAPPQ-ASPY75,65,966328,2031
005/084-mft-AL-DHAPPQ-ASPY75,66,794228,2031
005/084-mft-AL-DHAPPQ-ASPY75,67,805012,2031
005/084-mft-AL-DHAPPQ-ASPY75,68,852384,2031
005/084-mft-AL-DHAPPQ-ASPY75,69,864436,2031
005/084-mft-AL-DHAPPQ-ASPY75,70,747988,2031
005/084-mft-AL-DHAPPQ-ASPY75,71,795420,2031
005/084-mft-AL-DHAPPQ-ASPY75,72,852524,2031
005/084-mft-AL-DHAPPQ-ASPY75,73,790020,2031
005/084-mft-AL-DHAPPQ-ASPY75,74,910712,2031
005/084-mft-AL-DHAPPQ-ASPY75,75,848540,2031
005/084-mft-AL-DHAPPQ-ASPY75,76,739124,2031
005/084-mft-AL-DHAPPQ-ASPY75,77,806236,2031
005/084-mft-AL-DHAPPQ-ASPY75,78,923752,2031
005/084-mft-AL-DHAPPQ-ASPY75,79,838512,2031
005/084-mft-AL-DHAPPQ-ASPY75,80,900252,2031
005/084-mft-AL-DHAPPQ-ASPY75,81,765112,2031
005/084-mft-AL-DHAPPQ-ASPY75,82,801652,2031
005/084-mft-AL-DHAPPQ-ASPY75,83,925984,2031
005/084-mft-AL-DHAPPQ-ASPY75,84,882324,2031
005/084-mft-AL-DHAPPQ-ASPY75,85,760532,2031
005/084-mft-AL-DHAPPQ-ASPY75,86,988068,2031
005/084-mft-AL-DHAPPQ-ASPY75,87,800412,2031
005/084-mft-AL-DHAPPQ-ASPY75,88,779760,2031
005/084-mft-AL-DHAPPQ-ASPY75,89,779064,2031
005/084-mft-AL-DHAPPQ-ASPY75,90,916060,2031
005/084-mft-AL-DHAPPQ-ASPY75,91,778884,2031
005/084-mft-AL-DHAPPQ-ASPY75,92,927776,2031
005/084-mft-AL-DHAPPQ-ASPY75,93,880812,2031
005/084-mft-AL-DHAPPQ-ASPY75,94,801036,2031
005/084-mft-AL-DHAPPQ-ASPY75,95,847688,2031
005/084-mft-AL-DHAPPQ-ASPY75,96,840780,2031
005/084-mft-AL-DHAPPQ-ASPY75,97,805864,2031
005/084-mft-AL-DHAPPQ-ASPY75,98,985292,2031
005/084-mft-AL-DHAPPQ-ASPY75,99,888592,2031
005/085-mft-AL-DHAPPQ-ASPY65,0,961932,2031
005/085-mft-AL-DHAPPQ-ASPY65,1,868140,2031
005/085-mft-AL-DHAPPQ-ASPY65,2,794368,2031
005/085-mft-AL-DHAPPQ-ASPY65,3,867556,2031
005/085-mft-AL-DHAPPQ-ASPY65,4,897556,2031
005/085-mft-AL-DHAPPQ-ASPY65,5,854452,2031
005/085-mft-AL-DHAPPQ-ASPY65,6,827384,2031
005/085-mft-AL-DHAPPQ-ASPY65,7,784524,2031
005/085-mft-AL-DHAPPQ-ASPY65,8,882728,2031
005/085-mft-AL-DHAPPQ-ASPY65,9,860756,2031
005/085-mft-AL-DHAPPQ-ASPY65,10,861508,2031
005/085-mft-AL-DHAPPQ-ASPY65,11,766916,2031
005/085-mft-AL-DHAPPQ-ASPY65,12,835484,2031
005/085-mft-AL-DHAPPQ-ASPY65,13,785788,2031
005/085-mft-AL-DHAPPQ-ASPY65,14,898856,2031
005/085-mft-AL-DHAPPQ-ASPY65,15,875304,2031
005/085-mft-AL-DHAPPQ-ASPY65,16,755448,2031
005/085-mft-AL-DHAPPQ-ASPY65,17,967124,2031
005/085-mft-AL-DHAPPQ-ASPY65,18,894452,2031
005/085-mft-AL-DHAPPQ-ASPY65,19,849636,2031
005/085-mft-AL-DHAPPQ-ASPY65,20,1045736,2031
005/085-mft-AL-DHAPPQ-ASPY65,21,872696,2031
005/085-mft-AL-DHAPPQ-ASPY65,22,883116,2031
005/085-mft-AL-DHAPPQ-ASPY65,23,776032,2031
005/085-mft-AL-DHAPPQ-ASPY65,24,811816,2031
005/085-mft-AL-DHAPPQ-ASPY65,25,814400,2031
005/085-mft-AL-DHAPPQ-ASPY65,26,966320,2031
005/085-mft-AL-DHAPPQ-ASPY65,27,845860,2031
005/085-mft-AL-DHAPPQ-ASPY65,28,881272,2031
005/085-mft-AL-DHAPPQ-ASPY65,29,1050744,2031
005/085-mft-AL-DHAPPQ-ASPY65,30,911060,2031
005/085-mft-AL-DHAPPQ-ASPY65,31,815496,2031
005/085-mft-AL-DHAPPQ-ASPY65,32,917904,2031
005/085-mft-AL-DHAPPQ-ASPY65,33,759604,2031
005/085-mft-AL-DHAPPQ-ASPY65,34,828384,2031
005/085-mft-AL-DHAPPQ-ASPY65,35,867528,2031
005/085-mft-AL-DHAPPQ-ASPY65,36,906364,2031
005/085-mft-AL-DHAPPQ-ASPY65,37,797060,2031
005/085-mft-AL-DHAPPQ-ASPY65,38,777324,2031
005/085-mft-AL-DHAPPQ-ASPY65,39,902584,2031
005/085-mft-AL-DHAPPQ-ASPY65,40,794836,2031
005/085-mft-AL-DHAPPQ-ASPY65,41,779164,2031
005/085-mft-AL-DHAPPQ-ASPY65,42,781460,2031
005/085-mft-AL-DHAPPQ-ASPY65,43,895516,2031
005/085-mft-AL-DHAPPQ-ASPY65,44,885892,2031
005/085-mft-AL-DHAPPQ-ASPY65,45,890188,2031
005/085-mft-AL-DHAPPQ-ASPY65,46,999976,2031
005/085-mft-AL-DHAPPQ-ASPY65,47,920880,2031
005/085-mft-AL-DHAPPQ-ASPY65,48,818260,2031
005/085-mft-AL-DHAPPQ-ASPY65,49,875640,2031
005/085-mft-AL-DHAPPQ-ASPY65,50,959948,2031
005/085-mft-AL-DHAPPQ-ASPY65,51,831988,2031
005/085-mft-AL-DHAPPQ-ASPY65,52,1059420,2031
005/085-mft-AL-DHAPPQ-ASPY65,53,866824,2031
005/085-mft-AL-DHAPPQ-ASPY65,54,868868,2031
005/085-mft-AL-DHAPPQ-ASPY65,55,777424,2031
005/085-mft-AL-DHAPPQ-ASPY65,56,906744,2031
005/085-mft-AL-DHAPPQ-ASPY65,57,976784,2031
005/085-mft-AL-DHAPPQ-ASPY65,58,943140,2031
005/085-mft-AL-DHAPPQ-ASPY65,59,888892,2031
005/085-mft-AL-DHAPPQ-ASPY65,60,818212,2031
005/085-mft-AL-DHAPPQ-ASPY65,61,861084,2031
005/085-mft-AL-DHAPPQ-ASPY65,62,795052,2031
005/085-mft-AL-DHAPPQ-ASPY65,63,904168,2031
005/085-mft-AL-DHAPPQ-ASPY65,64,929408,2031
005/085-mft-AL-DHAPPQ-ASPY65,65,982316,2031
005/085-mft-AL-DHAPPQ-ASPY65,66,845140,2031
005/085-mft-AL-DHAPPQ-ASPY65,67,955588,2031
005/085-mft-AL-DHAPPQ-ASPY65,68,1008508,2031
005/085-mft-AL-DHAPPQ-ASPY65,69,998032,2031
005/085-mft-AL-DHAPPQ-ASPY65,70,793628,2031
005/085-mft-AL-DHAPPQ-ASPY65,71,813296,2031
005/085-mft-AL-DHAPPQ-ASPY65,72,1009636,2031
005/085-mft-AL-DHAPPQ-ASPY65,73,936440,2031
005/085-mft-AL-DHAPPQ-ASPY65,74,845904,2031
005/085-mft-AL-DHAPPQ-ASPY65,75,975520,2031
005/085-mft-AL-DHAPPQ-ASPY65,76,842024,2031
005/085-mft-AL-DHAPPQ-ASPY65,77,985756,2031
005/085-mft-AL-DHAPPQ-ASPY65,78,905312,2031
005/085-mft-AL-DHAPPQ-ASPY65,79,1113116,2031
005/085-mft-AL-DHAPPQ-ASPY65,80,815116,2031
005/085-mft-AL-DHAPPQ-ASPY65,81,940588,2031
005/085-mft-AL-DHAPPQ-ASPY65,82,871588,2031
005/085-mft-AL-DHAPPQ-ASPY65,83,987404,2031
005/085-mft-AL-DHAPPQ-ASPY65,84,907168,2031
005/085-mft-AL-DHAPPQ-ASPY65,85,874496,2031
005/085-mft-AL-DHAPPQ-ASPY65,86,995680,2031
005/085-mft-AL-DHAPPQ-ASPY65,87,869260,2031
005/085-mft-AL-DHAPPQ-ASPY65,88,1049324,2031
005/085-mft-AL-DHAPPQ-ASPY65,89,857292,2031
005/085-mft-AL-DHAPPQ-ASPY65,90,978444,2031
005/085-mft-AL-DHAPPQ-ASPY65,91,843548,2031
005/085-mft-AL-DHAPPQ-ASPY65,92,844932,2031
005/085-mft-AL-DHAPPQ-ASPY65,93,860140,2031
005/085-mft-AL-DHAPPQ-ASPY65,94,830608,2031
005/085-mft-AL-DHAPPQ-ASPY65,95,789416,2031
005/085-mft-AL-DHAPPQ-ASPY65,96,898976,2031
005/085-mft-AL-DHAPPQ-ASPY65,97,745640,2031
005/085-mft-AL-DHAPPQ-ASPY65,98,885572,2031
005/085-mft-AL-DHAPPQ-ASPY65,99,730876,2031
005/086-mft-ASAQ-DHAPPQ-ASPY85,0,564676,2031
005/086-mft-ASAQ-DHAPPQ-ASPY85,1,512436,2031
005/086-mft-ASAQ-DHAPPQ-ASPY85,2,502364,2031
005/086-mft-ASAQ-DHAPPQ-ASPY85,3,521036,2031
005/086-mft-ASAQ-DHAPPQ-ASPY85,4,475340,2031
005/086-mft-ASAQ-DHAPPQ-ASPY85,5,575924,2031
005/086-mft-ASAQ-DHAPPQ-ASPY85,6,548992,2031
005/086-mft-ASAQ-DHAPPQ-ASPY85,7,477728,2031
005/086-mft-ASAQ-DHAPPQ-ASPY85,8,510300,2031
005/086-mft-ASAQ-DHAPPQ-ASPY85,9,571876,2031
005/086-mft-ASAQ-DHAPPQ-ASPY85,10,515428,2031
005/086-mft-ASAQ-DHAPPQ-ASPY85,11,487416,2031
005/086-mft-ASAQ-DHAPPQ-ASPY85,12,506536,2031
005/086-mft-ASAQ-DHAPPQ-ASPY85,13,526460,2031
005/086-mft-ASAQ-DHAPPQ-ASPY85,14,569872,2031
005/086-mft-ASAQ-DHAPPQ-ASPY85,15,571804,2031
005/086-mft-ASAQ-DHAPPQ-ASPY85,16,555956,2031
005/086-mft-ASAQ-DHAPPQ-ASPY85,17,538176,2031
005/086-mft-ASAQ-DHAPPQ-ASPY85,18,518164,2031
005/086-mft-ASAQ-DHAPPQ-ASPY85,19,531860,2031
005/086-mft-ASAQ-DHAPPQ-ASPY85,20,477048,2031
005/086-mft-ASAQ-DHAPPQ-ASPY85,21,507100,2031
005/086-mft-ASAQ-DHAPPQ-ASPY85,22,505864,2031
005/086-mft-ASAQ-DHAPPQ-ASPY85,23,556028,2031
005/086-mft-ASAQ-DHAPPQ-ASPY85,24,562652,2031
005/086-mft-ASAQ-DHAPPQ-ASPY85,25,563368,2031
005/086-mft-ASAQ-DHAPPQ-ASPY85,26,475272,2031
005/086-mft-ASAQ-DHAPPQ-ASPY85,27,527312,2031
005/086-mft-ASAQ-DHAPPQ-ASPY85,28,516876,2031
005/086-mft-ASAQ-DHAPPQ-ASPY85,29,501428,2031
005/086-mft-ASAQ-DHAPPQ-ASPY85,30,543860,2031
005/086-mft-ASAQ-DHAPPQ-ASPY85,31,460580,2031
005/086-mft-ASAQ-DHAPPQ-ASPY85,32,522140,2031
005/086-mft-ASAQ-DHAPPQ-ASPY85,33,514168,2031
005/086-mft-ASAQ-DHAPPQ-ASPY85,34,549496,2031
005/086-mft-ASAQ-DHAPPQ-ASPY85,35,555840,2031
005/086-mft-ASAQ-DHAPPQ-ASPY85,36,496040,2031
005/086-mft-ASAQ-DHAPPQ-ASPY85,37,524816,2031
005/086-mft-ASAQ-DHAPPQ-ASPY85,38,501896,2031
005/086-mft-ASAQ-DHAPPQ-ASPY85,39,509756,2031
005/086-mft-ASAQ-DHAPPQ-ASPY85,40,528812,2031
005/086-mft-ASAQ-DHAPPQ-ASPY85,41,558892,2031
005/086-mft-ASAQ-DHAPPQ-ASPY85,42,529960,2031
005/086-mft-ASAQ-DHAPPQ-ASPY85,43,504024,2031
005/086-mft-ASAQ-DHAPPQ-ASPY85,44,521156,2031
005/086-mft-ASAQ-DHAPPQ-ASPY85,45,580784,2031
005/086-mft-ASAQ-DHAPPQ-ASPY85,46,561576,2031
005/086-mft-ASAQ-DHAPPQ-ASPY85,47,521840,2031
005/086-mft-ASAQ-DHAPPQ-ASPY85,48,493244,2031
005/086-mft-ASAQ-DHAPPQ-ASPY85,49,518080,2031
005/086-mft-ASAQ-DHAPPQ-ASPY85,50,565984,2031
005/086-mft-ASAQ-DHAPPQ-ASPY85,51,516532,2031
005/086-mft-ASAQ-DHAPPQ-ASPY85,52,560176,2031
005/086-mft-ASAQ-DHAPPQ-ASPY85,53,461172,2031
005/086-mft-ASAQ-DHAPPQ-ASPY85,54,566020,2031
005/086-mft-ASAQ-DHAPPQ-ASPY85,55,529848,2031
005/086-mft-ASAQ-DHAPPQ-ASPY85,56,524520,2031
005/086-mft-ASAQ-DHAPPQ-ASPY85,57,485020,2031
005/086-mft-ASAQ-DHAPPQ-ASPY85,58,533024,2031
005/086-mft-ASAQ-DHAPPQ-ASPY85,59,498408,2031
005/086-mft-ASAQ-DHAPPQ-ASPY85,60,513364,2031
005/086-mft-ASAQ-DHAPPQ-ASPY85,61,524444,2031
005/086-mft-ASAQ-DHAPPQ-ASPY85,62,551988,2031
005/086-mft-ASAQ-DHAPPQ-ASPY85,63,567272,2031
005/086-mft-ASAQ-DHAPPQ-ASPY85,64,557780,2031
005/086-mft-ASAQ-DHAPPQ-ASPY85,65,510164,2031
005/086-mft-ASAQ-DHAPPQ-ASPY85,66,528092,2031
005/086-mft-ASAQ-DHAPPQ-ASPY85,67,524552,2031
005/086-mft-ASAQ-DHAPPQ-ASPY85,68,488136,2031
005/086-mft-ASAQ-DHAPPQ-ASPY85,69,567428,2031
005/086-mft-ASAQ-DHAPPQ-ASPY85,70,557036,2031
005/086-mft-ASAQ-DHAPPQ-ASPY85,71,524428,2031
005/086-mft-ASAQ-DHAPPQ-ASPY85,72,518408,2031
005/086-mft-ASAQ-DHAPPQ-ASPY85,73,513324,2031
005/086-mft-ASAQ-DHAPPQ-ASPY85,74,532740,2031
005/086-mft-ASAQ-DHAPPQ-ASPY85,75,549960,2031
005/086-mft-ASAQ-DHAPPQ-ASPY85,76,556152,2031
005/086-mft-ASAQ-DHAPPQ-ASPY85,77,512300,2031
005/086-mft-ASAQ-DHAPPQ-ASPY85,78,530040,2031
005/086-mft-ASAQ-DHAPPQ-ASPY85,79,473932,2031
005/086-mft-ASAQ-DHAPPQ-ASPY85,80,509420,2031
005/086-mft-ASAQ-DHAPPQ-ASPY85,81,507596,2031
005/086-mft-ASAQ-DHAPPQ-ASPY85,82,563100,2031
005/086-mft-ASAQ-DHAPPQ-ASPY85,83,501196,2031
005/086-mft-ASAQ-DHAPPQ-ASPY85,84,476464,2031
005/086-mft-ASAQ-DHAPPQ-ASPY85,85,488912,2031
005/086-mft-ASAQ-DHAPPQ-ASPY85,86,477540,2031
005/086-mft-ASAQ-DHAPPQ-ASPY85,87,505512,2031
005/086-mft-ASAQ-DHAPPQ-ASPY85,88,599408,2031
005/086-mft-ASAQ-DHAPPQ-ASPY85,89,497152,2031
005/086-mft-ASAQ-DHAPPQ-ASPY85,90,545960,2031
005/086-mft-ASAQ-DHAPPQ-ASPY85,91,565876,2031
005/086-mft-ASAQ-DHAPPQ-ASPY85,92,497768,2031
005/086-mft-ASAQ-DHAPPQ-ASPY85,93,475800,2031
005/086-mft-ASAQ-DHAPPQ-ASPY85,94,502072,2031
005/086-mft-ASAQ-DHAPPQ-ASPY85,95,614720,2031
005/086-mft-ASAQ-DHAPPQ-ASPY85,96,452860,2031
005/086-mft-ASAQ-DHAPPQ-ASPY85,97,504336,2031
005/086-mft-ASAQ-DHAPPQ-ASPY85,98,509696,2031
005/086-mft-ASAQ-DHAPPQ-ASPY85,99,492528,2031
005/087-mft-ASAQ-DHAPPQ-ASPY75,0,591952,2031
005/087-mft-ASAQ-DHAPPQ-ASPY75,1,532820,2031
005/087-mft-ASAQ-DHAPPQ-ASPY75,2,538632,2031
005/087-mft-ASAQ-DHAPPQ-ASPY75,3,538204,2031
005/087-mft-ASAQ-DHAPPQ-ASPY75,4,541544,2031
005/087-mft-ASAQ-DHAPPQ-ASPY75,5,582892,2031
005/087-mft-ASAQ-DHAPPQ-ASPY75,6,512772,2031
005/087-mft-ASAQ-DHAPPQ-ASPY75,7,575912,2031
005/087-mft-ASAQ-DHAPPQ-ASPY75,8,517700,2031
005/087-mft-ASAQ-DHAPPQ-ASPY75,9,488924,2031
005/087-mft-ASAQ-DHAPPQ-ASPY75,10,534788,2031
005/087-mft-ASAQ-DHAPPQ-ASPY75,11,548708,2031
005/087-mft-ASAQ-DHAPPQ-ASPY75,12,527464,2031
005/087-mft-ASAQ-DHAPPQ-ASPY75,13,577104,2031
005/087-mft-ASAQ-DHAPPQ-ASPY75,14,523180,2031
005/087-mft-ASAQ-DHAPPQ-ASPY75,15,503648,2031
005/087-mft-ASAQ-DHAPPQ-ASPY75,16,518088,2031
005/087-mft-ASAQ-DHAPPQ-ASPY75,17,502028,2031
005/087-mft-ASAQ-DHAPPQ-ASPY75,18,557640,2031
005/087-mft-ASAQ-DHAPPQ-ASPY75,19,511068,2031
005/087-mft-ASAQ-DHAPPQ-ASPY75,20,545876,2031
005/087-mft-ASAQ-DHAPPQ-ASPY75,21,532844,2031
005/087-mft-ASAQ-DHAPPQ-ASPY75,22,519688,2031
005/087-mft-ASAQ-DHAPPQ-ASPY75,23,493924,2031
005/087-mft-ASAQ-DHAPPQ-ASPY75,24,568516,2031
005/087-mft-ASAQ-DHAPPQ-ASPY75,25,522860,2031
005/087-mft-ASAQ-DHAPPQ-ASPY75,26,583456,2031
005/087-mft-ASAQ-DHAPPQ-ASPY75,27,473576,2031
005/087-mft-ASAQ-DHAPPQ-ASPY75,28,520692,2031
005/087-mft-ASAQ-DHAPPQ-ASPY75,29,510880,2031
005/087-mft-ASAQ-DHAPPQ-ASPY75,30,531748,2031
005/087-mft-ASAQ-DHAPPQ-ASPY75,31,511832,2031
005/087-mft-ASAQ-DHAPPQ-ASPY75,32,570756,2031
005/087-mft-ASAQ-DHAPPQ-ASPY75,33,542296,2031
005/087-mft-ASAQ-DHAPPQ-ASPY75,34,478000,2031
005/087-mft-ASAQ-DHAPPQ-ASPY75,35,493352,2031
005/087-mft-ASAQ-DHAPPQ-ASPY75,36,472272,2031
005/087-mft-ASAQ-DHAPPQ-ASPY75,37,531208,2031
005/087-mft-ASAQ-DHAPPQ-ASPY75,38,549152,2031
005/087-mft-ASAQ-DHAPPQ-ASPY75,39,529968,2031
005/087-mft-ASAQ-DHAPPQ-ASPY75,40,526552,2031
005/087-mft-ASAQ-DHAPPQ-ASPY75,41,518768,2031
005/087-mft-ASAQ-DHAPPQ-ASPY75,42,521972,2031
005/087-mft-ASAQ-DHAPPQ-ASPY75,43,538732,2031
005/087-mft-ASAQ-DHAPPQ-ASPY75,44,504940,2031
005/087-mft-ASAQ-DHAPPQ-ASPY75,45,524052,2031
005/087-mft-ASAQ-DHAPPQ-ASPY75,46,509688,2031
005/087-mft-ASAQ-DHAPPQ-ASPY75,47,531668,2031
005/087-mft-ASAQ-DHAPPQ-ASPY75,48,552460,2031
005/087-mft-ASAQ-DHAPPQ-ASPY75,49,548704,2031
005/087-mft-ASAQ-DHAPPQ-ASPY75,50,502396,2031
005/087-mft-ASAQ-DHAPPQ-ASPY75,51,466532,2031
005/087-mft-ASAQ-DHAPPQ-ASPY75,52,493384,2031
005/087-mft-ASAQ-DHAPPQ-ASPY75,53,503012,2031
005/087-mft-ASAQ-DHAPPQ-ASPY75,54,546000,2031
005/087-mft-ASAQ-DHAPPQ-ASPY75,55,560376,2031
005/087-mft-ASAQ-DHAPPQ-ASPY75,56,517056,2031
005/087-mft-ASAQ-DHAPPQ-ASPY75,57,543092,2031
005/087-mft-ASAQ-DHAPPQ-ASPY75,58,486132,2031
005/087-mft-ASAQ-DHAPPQ-ASPY75,59,519424,2031
005/087-mft-ASAQ-DHAPPQ-ASPY75,60,540600,2031
005/087-mft-ASAQ-DHAPPQ-ASPY75,61,585632,2031
005/087-mft-ASAQ-DHAPPQ-ASPY75,62,500008,2031
005/087-mft-ASAQ-DHAPPQ-ASPY75,63,507796,2031
005/087-mft-ASAQ-DHAPPQ-ASPY75,64,574200,2031
005/087-mft-ASAQ-DHAPPQ-ASPY75,65,532048,2031
005/087-mft-ASAQ-DHAPPQ-ASPY75,66,501796,2031
005/087-mft-ASAQ-DHAPPQ-ASPY75,67,485500,2031
005/087-mft-ASAQ-DHAPPQ-ASPY75,68,511616,2031
005/087-mft-ASAQ-DHAPPQ-ASPY75,69,620884,2031
005/087-mft-ASAQ-DHAPPQ-ASPY75,70,511344,2031
005/087-mft-ASAQ-DHAPPQ-ASPY75,71,528340,2031
005/087-mft-ASAQ-DHAPPQ-ASPY75,72,565296,2031
005/087-mft-ASAQ-DHAPPQ-ASPY75,73,542184,2031
005/087-mft-ASAQ-DHAPPQ-ASPY75,74,537824,2031
005/087-mft-ASAQ-DHAPPQ-ASPY75,75,585992,2031
005/087-mft-ASAQ-DHAPPQ-ASPY75,76,563264,2031
005/087-mft-ASAQ-DHAPPQ-ASPY75,77,529308,2031
005/087-mft-ASAQ-DHAPPQ-ASPY75,78,501308,2031
005/087-mft-ASAQ-DHAPPQ-ASPY75,79,594112,2031
005/087-mft-ASAQ-DHAPPQ-ASPY75,80,530568,2031
005/087-mft-ASAQ-DHAPPQ-ASPY75,81,488060,2031
005/087-mft-ASAQ-DHAPPQ-ASPY75,82,549824,2031
005/087-mft-ASAQ-DHAPPQ-ASPY75,83,529864,2031
005/087-mft-ASAQ-DHAPPQ-ASPY75,84,549892,2031
005/087-mft-ASAQ-DHAPPQ-ASPY75,85,561896,2031
005/087-mft-ASAQ-DHAPPQ-ASPY75,86,499164,2031
005/087-mft-ASAQ-DHAPPQ-ASPY75,87,479824,2031
005/087-mft-ASAQ-DHAPPQ-ASPY75,88,477568,2031
005/087-mft-ASAQ-DHAPPQ-ASPY75,89,584676,2031
005/087-mft-ASAQ-DHAPPQ-ASPY75,90,480124,2031
005/087-mft-ASAQ-DHAPPQ-ASPY75,91,532800,2031
005/087-mft-ASAQ-DHAPPQ-ASPY75,92,552948,2031
005/087-mft-ASAQ-DHAPPQ-ASPY75,93,511156,2031
005/087-mft-ASAQ-DHAPPQ-ASPY75,94,471732,2031
005/087-mft-ASAQ-DHAPPQ-ASPY75,95,520064,2031
005/087-mft-ASAQ-DHAPPQ-ASPY75,96,526580,2031
005/087-mft-ASAQ-DHAPPQ-ASPY75,97,552816,2031
005/087-mft-ASAQ-DHAPPQ-ASPY75,98,526200,2031
005/087-mft-ASAQ-DHAPPQ-ASPY75,99,530444,2031
005/088-mft-ASAQ-DHAPPQ-ASPY65,0,539032,2031
005/088-mft-ASAQ-DHAPPQ-ASPY65,1,513524,2031
005/088-mft-ASAQ-DHAPPQ-ASPY65,2,636744,2031
005/088-mft-ASAQ-DHAPPQ-ASPY65,3,518104,2031
005/088-mft-ASAQ-DHAPPQ-ASPY65,4,512444,2031
005/088-mft-ASAQ-DHAPPQ-ASPY65,5,548128,2031
005/088-mft-ASAQ-DHAPPQ-ASPY65,6,571260,2031
005/088-mft-ASAQ-DHAPPQ-ASPY65,7,493568,2031
005/088-mft-ASAQ-DHAPPQ-ASPY65,8,520536,2031
005/088-mft-ASAQ-DHAPPQ-ASPY65,9,558172,2031
005/088-mft-ASAQ-DHAPPQ-ASPY65,10,531556,2031
005/088-mft-ASAQ-DHAPPQ-ASPY65,11,476564,2031
005/088-mft-ASAQ-DHAPPQ-ASPY65,12,530516,2031
005/088-mft-ASAQ-DHAPPQ-ASPY65,13,548776,2031
005/088-mft-ASAQ-DHAPPQ-ASPY65,14,522120,2031
005/088-mft-ASAQ-DHAPPQ-ASPY65,15,509340,2031
005/088-mft-ASAQ-DHAPPQ-ASPY65,16,557668,2031
005/088-mft-ASAQ-DHAPPQ-ASPY65,17,535284,2031
005/088-mft-ASAQ-DHAPPQ-ASPY65,18,516448,2031
005/088-mft-ASAQ-DHAPPQ-ASPY65,19,502556,2031
005/088-mft-ASAQ-DHAPPQ-ASPY65,20,527116,2031
005/088-mft-ASAQ-DHAPPQ-ASPY65,21,518632,2031
005/088-mft-ASAQ-DHAPPQ-ASPY65,22,477720,2031
005/088-mft-ASAQ-DHAPPQ-ASPY65,23,539688,2031
005/088-mft-ASAQ-DHAPPQ-ASPY65,24,542072,2031
005/088-mft-ASAQ-DHAPPQ-ASPY65,25,522804,2031
005/088-mft-ASAQ-DHAPPQ-ASPY65,26,480408,2031
005/088-mft-ASAQ-DHAPPQ-ASPY65,27,576288,2031
005/088-mft-ASAQ-DHAPPQ-ASPY65,28,536920,2031
005/088-mft-ASAQ-DHAPPQ-ASPY65,29,545012,2031
005/088-mft-ASAQ-DHAPPQ-ASPY65,30,555096,2031
005/088-mft-ASAQ-DHAPPQ-ASPY65,31,511640,2031
005/088-mft-ASAQ-DHAPPQ-ASPY65,32,500640,2031
005/088-mft-ASAQ-DHAPPQ-ASPY65,33,546352,2031
005/088-mft-ASAQ-DHAPPQ-ASPY65,34,562640,2031
005/088-mft-ASAQ-DHAPPQ-ASPY65,35,562896,2031
005/088-mft-ASAQ-DHAPPQ-ASPY65,36,486148,2031
005/088-mft-ASAQ-DHAPPQ-ASPY65,37,520180,2031
005/088-mft-ASAQ-DHAPPQ-ASPY65,38,559044,2031
005/088-mft-ASAQ-DHAPPQ-ASPY65,39,538944,2031
005/088-mft-ASAQ-DHAPPQ-ASPY65,40,575412,2031
005/088-mft-ASAQ-DHAPPQ-ASPY65,41,559828,2031
005/088-mft-ASAQ-DHAPPQ-ASPY65,42,565576,2031
005/088-mft-ASAQ-DHAPPQ-ASPY65,43,575372,2031
005/088-mft-ASAQ-DHAPPQ-ASPY65,44,505700,2031
005/088-mft-ASAQ-DHAPPQ-ASPY65,45,492868,2031
005/088-mft-ASAQ-DHAPPQ-ASPY65,46,500572,2031
005/088-mft-ASAQ-DHAPPQ-ASPY65,47,530844,2031
005/088-mft-ASAQ-DHAPPQ-ASPY65,48,488744,2031
005/088-mft-ASAQ-DHAPPQ-ASPY65,49,493100,2031
005/088-mft-ASAQ-DHAPPQ-ASPY65,50,549404,2031
005/088-mft-ASAQ-DHAPPQ-ASPY65,51,529564,2031
005/088-mft-ASAQ-DHAPPQ-ASPY65,52,553312,2031
005/088-mft-ASAQ-DHAPPQ-ASPY65,53,521288,2031
005/088-mft-ASAQ-DHAPPQ-ASPY65,54,598032,2031
005/088-mft-ASAQ-DHAPPQ-ASPY65,55,483860,2031
005/088-mft-ASAQ-DHAPPQ-ASPY65,56,519876,2031
005/088-mft-ASAQ-DHAPPQ-ASPY65,57,540968,2031
005/088-mft-ASAQ-DHAPPQ-ASPY65,58,544808,2031
005/088-mft-ASAQ-DHAPPQ-ASPY65,59,529224,2031
005/088-mft-ASAQ-DHAPPQ-ASPY65,60,539708,2031
005/088-mft-ASAQ-DHAPPQ-ASPY65,61,525676,2031
005/088-mft-ASAQ-DHAPPQ-ASPY65,62,572948,2031
005/088-mft-ASAQ-DHAPPQ-ASPY65,63,536576,2031
005/088-mft-ASAQ-DHAPPQ-ASPY65,64,543708,2031
005/088-mft-ASAQ-DHAPPQ-ASPY65,65,541828,2031
005/088-mft-ASAQ-DHAPPQ-ASPY65,66,583376,2031
005/088-mft-ASAQ-DHAPPQ-ASPY65,67,506640,2031
005/088-mft-ASAQ-DHAPPQ-ASPY65,68,513140,2031
005/088-mft-ASAQ-DHAPPQ-ASPY65,69,561596,2031
005/088-mft-ASAQ-DHAPPQ-ASPY65,70,568008,2031
005/088-mft-ASAQ-DHAPPQ-ASPY65,71,556932,2031
005/088-mft-ASAQ-DHAPPQ-ASPY65,72,526188,2031
005/088-mft-ASAQ-DHAPPQ-ASPY65,73,463320,2031
005/088-mft-ASAQ-DHAPPQ-ASPY65,74,560532,2031
005/088-mft-ASAQ-DHAPPQ-ASPY65,75,507168,2031
005/088-mft-ASAQ-DHAPPQ-ASPY65,76,517728,2031
005/088-mft-ASAQ-DHAPPQ-ASPY65,77,530708,2031
005/088-mft-ASAQ-DHAPPQ-ASPY65,78,555128,2031
005/088-mft-ASAQ-DHAPPQ-ASPY65,79,517444,2031
005/088-mft-ASAQ-DHAPPQ-ASPY65,80,551908,2031
005/088-mft-ASAQ-DHAPPQ-ASPY65,81,479792,2031
005/088-mft-ASAQ-DHAPPQ-ASPY65,82,531720,2031
005/088-mft-ASAQ-DHAPPQ-ASPY65,83,516204,2031
005/088-mft-ASAQ-DHAPPQ-ASPY65,84,539220,2031
005/088-mft-ASAQ-DHAPPQ-ASPY65,85,568148,2031
005/088-mft-ASAQ-DHAPPQ-ASPY65,86,557860,2031
005/088-mft-ASAQ-DHAPPQ-ASPY65,87,514128,2031
005/088-mft-ASAQ-DHAPPQ-ASPY65,88,502884,2031
005/088-mft-ASAQ-DHAPPQ-ASPY65,89,538132,2031
005/088-mft-ASAQ-DHAPPQ-ASPY65,90,605356,2031
005/088-mft-ASAQ-DHAPPQ-ASPY65,91,501708,2031
005/088-mft-ASAQ-DHAPPQ-ASPY65,92,510428,2031
005/088-mft-ASAQ-DHAPPQ-ASPY65,93,501724,2031
005/088-mft-ASAQ-DHAPPQ-ASPY65,94,551988,2031
005/088-mft-ASAQ-DHAPPQ-ASPY65,95,586564,2031
005/088-mft-ASAQ-DHAPPQ-ASPY65,96,566948,2031
005/088-mft-ASAQ-DHAPPQ-ASPY65,97,542476,2031
005/088-mft-ASAQ-DHAPPQ-ASPY65,98,514604,2031
005/088-mft-ASAQ-DHAPPQ-ASPY65,99,539348,2031
005/089-mft-AL-ASAQ-DHAPPQ-ASPY85,0,695504,2031
005/089-mft-AL-ASAQ-DHAPPQ-ASPY85,1,763880,2031
005/089-mft-AL-ASAQ-DHAPPQ-ASPY85,2,731536,2031
005/089-mft-AL-ASAQ-DHAPPQ-ASPY85,3,798388,2031
005/089-mft-AL-ASAQ-DHAPPQ-ASPY85,4,704340,2031
005/089-mft-AL-ASAQ-DHAPPQ-ASPY85,5,680376,2031
005/089-mft-AL-ASAQ-DHAPPQ-ASPY85,6,609952,2031
005/089-mft-AL-ASAQ-DHAPPQ-ASPY85,7,848976,2031
005/089-mft-AL-ASAQ-DHAPPQ-ASPY85,8,721352,2031
005/089-mft-AL-ASAQ-DHAPPQ-ASPY85,9,751764,2031
005/089-mft-AL-ASAQ-DHAPPQ-ASPY85,10,792940,2031
005/089-mft-AL-ASAQ-DHAPPQ-ASPY85,11,638564,2031
005/089-mft-AL-ASAQ-DHAPPQ-ASPY85,12,893908,2031
005/089-mft-AL-ASAQ-DHAPPQ-ASPY85,13,672056,2031
005/089-mft-AL-ASAQ-DHAPPQ-ASPY85,14,851484,2031
005/089-mft-AL-ASAQ-DHAPPQ-ASPY85,15,791196,2031
005/089-mft-AL-ASAQ-DHAPPQ-ASPY85,16,653052,2031
005/089-mft-AL-ASAQ-DHAPPQ-ASPY85,17,747364,2031
005/089-mft-AL-ASAQ-DHAPPQ-ASPY85,18,754884,2031
005/089-mft-AL-ASAQ-DHAPPQ-ASPY85,19,735968,2031
005/089-mft-AL-ASAQ-DHAPPQ-ASPY85,20,734436,2031
005/089-mft-AL-ASAQ-DHAPPQ-ASPY85,21,848800,2031
005/089-mft-AL-ASAQ-DHAPPQ-ASPY85,22,652748,2031
005/089-mft-AL-ASAQ-DHAPPQ-ASPY85,23,693328,2031
005/089-mft-AL-ASAQ-DHAPPQ-ASPY85,24,765552,2031
005/089-mft-AL-ASAQ-DHAPPQ-ASPY85,25,665752,2031
005/089-mft-AL-ASAQ-DHAPPQ-ASPY85,26,714864,2031
005/089-mft-AL-ASAQ-DHAPPQ-ASPY85,27,736532,2031
005/089-mft-AL-ASAQ-DHAPPQ-ASPY85,28,844428,2031
005/089-mft-AL-ASAQ-DHAPPQ-ASPY85,29,831884,2031
005/089-mft-AL-ASAQ-DHAPPQ-ASPY85,30,721464,2031
005/089-mft-AL-ASAQ-DHAPPQ-ASPY85,31,741064,2031
005/089-mft-AL-ASAQ-DHAPPQ-ASPY85,32,729544,2031
005/089-mft-AL-ASAQ-DHAPPQ-ASPY85,33,776400,2031
005/089-mft-AL-ASAQ-DHAPPQ-ASPY85,34,685552,2031
005/089-mft-AL-ASAQ-DHAPPQ-ASPY85,35,757244,2031
005/089-mft-AL-ASAQ-DHAPPQ-ASPY85,36,733664,2031
005/089-mft-AL-ASAQ-DHAPPQ-ASPY85,37,830864,2031
005/089-mft-AL-ASAQ-DHAPPQ-ASPY85,38,704012,2031
005/089-mft-AL-ASAQ-DHAPPQ-ASPY85,39,871516,2031
005/089-mft-AL-ASAQ-DHAPPQ-ASPY85,40,733696,2031
005/089-mft-AL-ASAQ-DHAPPQ-ASPY85,41,754052,2031
005/089-mft-AL-ASAQ-DHAPPQ-ASPY85,42,774336,2031
005/089-mft-AL-ASAQ-DHAPPQ-ASPY85,43,655184,2031
005/089-mft-AL-ASAQ-DHAPPQ-ASPY85,44,723384,2031
005/089-mft-AL-ASAQ-DHAPPQ-ASPY85,45,740796,2031
005/089-mft-AL-ASAQ-DHAPPQ-ASPY85,46,770508,2031
005/089-mft-AL-ASAQ-DHAPPQ-ASPY85,47,712988,2031
005/089-mft-AL-ASAQ-DHAPPQ-ASPY85,48,689496,2031
005/089-mft-AL-ASAQ-DHAPPQ-ASPY85,49,702044,2031
005/089-mft-AL-ASAQ-DHAPPQ-ASPY85,50,718096,2031
005/089-mft-AL-ASAQ-DHAPPQ-ASPY85,51,698176,2031
005/089-mft-AL-ASAQ-DHAPPQ-ASPY85,52,746568,2031
005/089-mft-AL-ASAQ-DHAPPQ-ASPY85,53,771488,2031
005/089-mft-AL-ASAQ-DHAPPQ-ASPY85,54,840820,2031
005/089-mft-AL-ASAQ-DHAPPQ-ASPY85,55,659936,2031
005/089-mft-AL-ASAQ-DHAPPQ-ASPY85,56,696236,2031
005/089-mft-AL-ASAQ-DHAPPQ-ASPY85,57,685460,2031
005/089-mft-AL-ASAQ-DHAPPQ-ASPY85,58,783184,2031
005/089-mft-AL-ASAQ-DHAPPQ-ASPY85,59,782948,2031
005/089-mft-AL-ASAQ-DHAPPQ-ASPY85,60,654152,2031
005/089-mft-AL-ASAQ-DHAPPQ-ASPY85,61,691048,2031
005/089-mft-AL-ASAQ-DHAPPQ-ASPY85,62,807320,2031
005/089-mft-AL-ASAQ-DHAPPQ-ASPY85,63,703928,2031
005/089-mft-AL-ASAQ-DHAPPQ-ASPY85,64,746544,2031
005/089-mft-AL-ASAQ-DHAPPQ-ASPY85,65,698472,2031
005/089-mft-AL-ASAQ-DHAPPQ-ASPY85,66,736684,2031
005/089-mft-AL-ASAQ-DHAPPQ-ASPY85,67,709512,2031
005/089-mft-AL-ASAQ-DHAPPQ-ASPY85,68,790600,2031
005/089-mft-AL-ASAQ-DHAPPQ-ASPY85,69,698056,2031
005/089-mft-AL-ASAQ-DHAPPQ-ASPY85,70,618824,2031
005/089-mft-AL-ASAQ-DHAPPQ-ASPY85,71,698708,2031
005/089-mft-AL-ASAQ-DHAPPQ-ASPY85,72,740008,2031
005/089-mft-AL-ASAQ-DHAPPQ-ASPY85,73,726824,2031
005/089-mft-AL-ASAQ-DHAPPQ-ASPY85,74,642944,2031
005/089-mft-AL-ASAQ-DHAPPQ-ASPY85,75,817900,2031
005/089-mft-AL-ASAQ-DHAPPQ-ASPY85,76,719196,2031
005/089-mft-AL-ASAQ-DHAPPQ-ASPY85,77,716708,2031
005/089-mft-AL-ASAQ-DHAPPQ-ASPY85,78,693080,2031
005/089-mft-AL-ASAQ-DHAPPQ-ASPY85,79,690292,2031
005/089-mft-AL-ASAQ-DHAPPQ-ASPY85,80,725040,2031
005/089-mft-AL-ASAQ-DHAPPQ-ASPY85,81,718428,2031
005/089-mft-AL-ASAQ-DHAPPQ-ASPY85,82,848284,2031
005/089-mft-AL-ASAQ-DHAPPQ-ASPY85,83,732048,2031
005/089-mft-AL-ASAQ-DHAPPQ-ASPY85,84,720680,2031
005/089-mft-AL-ASAQ-DHAPPQ-ASPY85,85,682348,2031
005/089-mft-AL-ASAQ-DHAPPQ-ASPY85,86,705232,2031
005/089-mft-AL-ASAQ-DHAPPQ-ASPY85,87,723832,2031
005/089-mft-AL-ASAQ-DHAPPQ-ASPY85,88,729480,2031
005/089-mft-AL-ASAQ-DHAPPQ-ASPY85,89,718064,2031
005/089-mft-AL-ASAQ-DHAPPQ-ASPY85,90,684460,2031
005/089-mft-AL-ASAQ-DHAPPQ-ASPY85,91,795816,2031
005/089-mft-AL-ASAQ-DHAPPQ-ASPY85,92,735588,2031
005/089-mft-AL-ASAQ-DHAPPQ-ASPY85,93,758684,2031
005/089-mft-AL-ASAQ-DHAPPQ-ASPY85,94,813740,2031
005/089-mft-AL-ASAQ-DHAPPQ-ASPY85,95,851116,2031
005/089-mft-AL-ASAQ-DHAPPQ-ASPY85,96,763816,2031
005/089-mft-AL-ASAQ-DHAPPQ-ASPY85,97,805780,2031
005/089-mft-AL-ASAQ-DHAPPQ-ASPY85,98,756728,2031
005/089-mft-AL-ASAQ-DHAPPQ-ASPY85,99,777976,2031
005/090-mft-AL-ASAQ-DHAPPQ-ASPY75,0,803356,2031
005/090-mft-AL-ASAQ-DHAPPQ-ASPY75,1,747228,2031
005/090-mft-AL-ASAQ-DHAPPQ-ASPY75,2,759316,2031
005/090-mft-AL-ASAQ-DHAPPQ-ASPY75,3,802264,2031
005/090-mft-AL-ASAQ-DHAPPQ-ASPY75,4,778568,2031
005/090-mft-AL-ASAQ-DHAPPQ-ASPY75,5,644924,2031
005/090-mft-AL-ASAQ-DHAPPQ-ASPY75,6,702752,2031
005/090-mft-AL-ASAQ-DHAPPQ-ASPY75,7,890156,2031
005/090-mft-AL-ASAQ-DHAPPQ-ASPY75,8,694232,2031
005/090-mft-AL-ASAQ-DHAPPQ-ASPY75,9,651584,2031
005/090-mft-AL-ASAQ-DHAPPQ-ASPY75,10,785252,2031
005/090-mft-AL-ASAQ-DHAPPQ-ASPY75,11,672124,2031
005/090-mft-AL-ASAQ-DHAPPQ-ASPY75,12,730320,2031
005/090-mft-AL-ASAQ-DHAPPQ-ASPY75,13,689824,2031
005/090-mft-AL-ASAQ-DHAPPQ-ASPY75,14,715368,2031
005/090-mft-AL-ASAQ-DHAPPQ-ASPY75,15,780208,2031
005/090-mft-AL-ASAQ-DHAPPQ-ASPY75,16,752512,2031
005/090-mft-AL-ASAQ-DHAPPQ-ASPY75,17,706492,2031
005/090-mft-AL-ASAQ-DHAPPQ-ASPY75,18,654916,2031
005/090-mft-AL-ASAQ-DHAPPQ-ASPY75,19,690432,2031
005/090-mft-AL-ASAQ-DHAPPQ-ASPY75,20,791560,2031
005/090-mft-AL-ASAQ-DHAPPQ-ASPY75,21,958332,2031
005/090-mft-AL-ASAQ-DHAPPQ-ASPY75,22,611928,2031
005/090-mft-AL-ASAQ-DHAPPQ-ASPY75,23,824128,2031
005/090-mft-AL-ASAQ-DHAPPQ-ASPY75,24,818864,2031
005/090-mft-AL-ASAQ-DHAPPQ-ASPY75,25,686072,2031
005/090-mft-AL-ASAQ-DHAPPQ-ASPY75,26,667736,2031
005/090-mft-AL-ASAQ-DHAPPQ-ASPY75,27,713936,2031
005/090-mft-AL-ASAQ-DHAPPQ-ASPY75,28,660984,2031
005/090-mft-AL-ASAQ-DHAPPQ-ASPY75,29,709832,2031
005/090-mft-AL-ASAQ-DHAPPQ-ASPY75,30,702656,2031
005/090-mft-AL-ASAQ-DHAPPQ-ASPY75,31,734096,2031
005/090-mft-AL-ASAQ-DHAPPQ-ASPY75,32,844124,2031
005/090-mft-AL-ASAQ-DHAPPQ-ASPY75,33,669244,2031
005/090-mft-AL-ASAQ-DHAPPQ-ASPY75,34,680888,2031
005/090-mft-AL-ASAQ-DHAPPQ-ASPY75,35,747168,2031
005/090-mft-AL-ASAQ-DHAPPQ-ASPY75,36,706008,2031
005/090-mft-AL-ASAQ-DHAPPQ-ASPY75,37,710084,2031
005/090-mft-AL-ASAQ-DHAPPQ-ASPY75,38,811800,2031
005/090-mft-AL-ASAQ-DHAPPQ-ASPY75,39,877704,2031
005/090-mft-AL-ASAQ-DHAPPQ-ASPY75,40,783660,2031
005/090-mft-AL-ASAQ-DHAPPQ-ASPY75,41,803684,2031
005/090-mft-AL-ASAQ-DHAPPQ-ASPY75,42,710392,2031
005/090-mft-AL-ASAQ-DHAPPQ-ASPY75,43,819956,2031
005/090-mft-AL-ASAQ-DHAPPQ-ASPY75,44,746164,2031
005/090-mft-AL-ASAQ-DHAPPQ-ASPY75,45,712760,2031
005/090-mft-AL-ASAQ-DHAPPQ-ASPY75,46,607328,2031
005/090-mft-AL-ASAQ-DHAPPQ-ASPY75,47,747380,2031
005/090-mft-AL-ASAQ-DHAPPQ-ASPY75,48,618152,2031
005/090-mft-AL-ASAQ-DHAPPQ-ASPY75,49,810768,2031
005/090-mft-AL-ASAQ-DHAPPQ-ASPY75,50,732912,2031
005/090-mft-AL-ASAQ-DHAPPQ-ASPY75,51,792240,2031
005/090-mft-AL-ASAQ-DHAPPQ-ASPY75,52,790976,2031
005/090-mft-AL-ASAQ-DHAPPQ-ASPY75,53,783784,2031
005/090-mft-AL-ASAQ-DHAPPQ-ASPY75,54,798924,2031
005/090-mft-AL-ASAQ-DHAPPQ-ASPY75,55,777824,2031
005/090-mft-AL-ASAQ-DHAPPQ-ASPY75,56,706340,2031
005/090-mft-AL-ASAQ-DHAPPQ-ASPY75,57,716772,2031
005/090-mft-AL-ASAQ-DHAPPQ-ASPY75,58,731112,2031
005/090-mft-AL-ASAQ-DHAPPQ-ASPY75,59,769824,2031
005/090-mft-AL-ASAQ-DHAPPQ-ASPY75,60,708724,2031
005/090-mft-AL-ASAQ-DHAPPQ-ASPY75,61,651764,2031
005/090-mft-AL-ASAQ-DHAPPQ-ASPY75,62,793632,2031
005/090-mft-AL-ASAQ-DHAPPQ-ASPY75,63,721896,2031
005/090-mft-AL-ASAQ-DHAPPQ-ASPY75,64,720724,2031
005/090-mft-AL-ASAQ-DHAPPQ-ASPY75,65,768168,2031
005/090-mft-AL-ASAQ-DHAPPQ-ASPY75,66,671392,2031
005/090-mft-AL-ASAQ-DHAPPQ-ASPY75,67,720200,2031
005/090-mft-AL-ASAQ-DHAPPQ-ASPY75,68,753952,2031
005/090-mft-AL-ASAQ-DHAPPQ-ASPY75,69,803316,2031
005/090-mft-AL-ASAQ-DHAPPQ-ASPY75,70,745980,2031
005/090-mft-AL-ASAQ-DHAPPQ-ASPY75,71,747144,2031
005/090-mft-AL-ASAQ-DHAPPQ-ASPY75,72,742328,2031
005/090-mft-AL-ASAQ-DHAPPQ-ASPY75,73,733588,2031
005/090-mft-AL-ASAQ-DHAPPQ-ASPY75,74,777476,2031
005/090-mft-AL-ASAQ-DHAPPQ-ASPY75,75,709656,2031
005/090-mft-AL-ASAQ-DHAPPQ-ASPY75,76,719880,2031
005/090-mft-AL-ASAQ-DHAPPQ-ASPY75,77,735984,2031
005/090-mft-AL-ASAQ-DHAPPQ-ASPY75,78,760152,2031
005/090-mft-AL-ASAQ-DHAPPQ-ASPY75,79,748784,2031
005/090-mft-AL-ASAQ-DHAPPQ-ASPY75,80,795132,2031
005/090-mft-AL-ASAQ-DHAPPQ-ASPY75,81,791364,2031
005/090-mft-AL-ASAQ-DHAPPQ-ASPY75,82,709640,2031
005/090-mft-AL-ASAQ-DHAPPQ-ASPY75,83,724760,2031
005/090-mft-AL-ASAQ-DHAPPQ-ASPY75,84,779332,2031
005/090-mft-AL-ASAQ-DHAPPQ-ASPY75,85,669660,2031
005/090-mft-AL-ASAQ-DHAPPQ-ASPY75,86,773552,2031
005/090-mft-AL-ASAQ-DHAPPQ-ASPY75,87,779932,2031
005/090-mft-AL-ASAQ-DHAPPQ-ASPY75,88,847000,2031
005/090-mft-AL-ASAQ-DHAPPQ-ASPY75,89,710336,2031
005/090-mft-AL-ASAQ-DHAPPQ-ASPY75,90,697824,2031
005/090-mft-AL-ASAQ-DHAPPQ-ASPY75,91,676276,2031
005/090-mft-AL-ASAQ-DHAPPQ-ASPY75,92,889792,2031
005/090-mft-AL-ASAQ-DHAPPQ-ASPY75,93,704888,2031
005/090-mft-AL-ASAQ-DHAPPQ-ASPY75,94,667324,2031
005/090-mft-AL-ASAQ-DHAPPQ-ASPY75,95,777372,2031
005/090-mft-AL-ASAQ-DHAPPQ-ASPY75,96,729020,2031
005/090-mft-AL-ASAQ-DHAPPQ-ASPY75,97,711336,2031
005/090-mft-AL-ASAQ-DHAPPQ-ASPY75,98,677864,2031
005/090-mft-AL-ASAQ-DHAPPQ-ASPY75,99,788208,2031
005/091-mft-AL-ASAQ-DHAPPQ-ASPY65,0,774696,2031
005/091-mft-AL-ASAQ-DHAPPQ-ASPY65,1,850744,2031
005/091-mft-AL-ASAQ-DHAPPQ-ASPY65,2,833076,2031
005/091-mft-AL-ASAQ-DHAPPQ-ASPY65,3,819432,2031
005/091-mft-AL-ASAQ-DHAPPQ-ASPY65,4,767968,2031
005/091-mft-AL-ASAQ-DHAPPQ-ASPY65,5,701776,2031
005/091-mft-AL-ASAQ-DHAPPQ-ASPY65,6,650776,2031
005/091-mft-AL-ASAQ-DHAPPQ-ASPY65,7,825084,2031
005/091-mft-AL-ASAQ-DHAPPQ-ASPY65,8,656004,2031
005/091-mft-AL-ASAQ-DHAPPQ-ASPY65,9,798416,2031
005/091-mft-AL-ASAQ-DHAPPQ-ASPY65,10,776776,2031
005/091-mft-AL-ASAQ-DHAPPQ-ASPY65,11,753148,2031
005/091-mft-AL-ASAQ-DHAPPQ-ASPY65,12,718072,2031
005/091-mft-AL-ASAQ-DHAPPQ-ASPY65,13,740664,2031
005/091-mft-AL-ASAQ-DHAPPQ-ASPY65,14,847340,2031
005/091-mft-AL-ASAQ-DHAPPQ-ASPY65,15,694320,2031
005/091-mft-AL-ASAQ-DHAPPQ-ASPY65,16,722140,2031
005/091-mft-AL-ASAQ-DHAPPQ-ASPY65,17,820416,2031
005/091-mft-AL-ASAQ-DHAPPQ-ASPY65,18,698340,2031
005/091-mft-AL-ASAQ-DHAPPQ-ASPY65,19,675264,2031
005/091-mft-AL-ASAQ-DHAPPQ-ASPY65,20,709844,2031
005/091-mft-AL-ASAQ-DHAPPQ-ASPY65,21,697056,2031
005/091-mft-AL-ASAQ-DHAPPQ-ASPY65,22,999572,2031
005/091-mft-AL-ASAQ-DHAPPQ-ASPY65,23,735176,2031
005/091-mft-AL-ASAQ-DHAPPQ-ASPY65,24,799280,2031
005/091-mft-AL-ASAQ-DHAPPQ-ASPY65,25,766368,2031
005/091-mft-AL-ASAQ-DHAPPQ-ASPY65,26,824804,2031
005/091-mft-AL-ASAQ-DHAPPQ-ASPY65,27,737312,2031
005/091-mft-AL-ASAQ-DHAPPQ-ASPY65,28,790044,2031
005/091-mft-AL-ASAQ-DHAPPQ-ASPY65,29,724880,2031
005/091-mft-AL-ASAQ-DHAPPQ-ASPY65,30,810152,2031
005/091-mft-AL-ASAQ-DHAPPQ-ASPY65,31,754696,2031
005/091-mft-AL-ASAQ-DHAPPQ-ASPY65,32,793324,2031
005/091-mft-AL-ASAQ-DHAPPQ-ASPY65,33,801056,2031
005/091-mft-AL-ASAQ-DHAPPQ-ASPY65,34,872000,2031
005/091-mft-AL-ASAQ-DHAPPQ-ASPY65,35,699024,2031
005/091-mft-AL-ASAQ-DHAPPQ-ASPY65,36,699204,2031
005/091-mft-AL-ASAQ-DHAPPQ-ASPY65,37,742948,2031
005/091-mft-AL-ASAQ-DHAPPQ-ASPY65,38,857660,2031
005/091-mft-AL-ASAQ-DHAPPQ-ASPY65,39,692428,2031
005/091-mft-AL-ASAQ-DHAPPQ-ASPY65,40,725072,2031
005/091-mft-AL-ASAQ-DHAPPQ-ASPY65,41,799368,2031
005/091-mft-AL-ASAQ-DHAPPQ-ASPY65,42,744348,2031
005/091-mft-AL-ASAQ-DHAPPQ-ASPY65,43,719880,2031
005/091-mft-AL-ASAQ-DHAPPQ-ASPY65,44,693940,2031
005/091-mft-AL-ASAQ-DHAPPQ-ASPY65,45,783784,2031
005/091-mft-AL-ASAQ-DHAPPQ-ASPY65,46,696636,2031
005/091-mft-AL-ASAQ-DHAPPQ-ASPY65,47,810440,2031
005/091-mft-AL-ASAQ-DHAPPQ-ASPY65,48,713804,2031
005/091-mft-AL-ASAQ-DHAPPQ-ASPY65,49,767360,2031
005/091-mft-AL-ASAQ-DHAPPQ-ASPY65,50,720232,2031
005/091-mft-AL-ASAQ-DHAPPQ-ASPY65,51,706996,2031
005/091-mft-AL-ASAQ-DHAPPQ-ASPY65,52,682956,2031
005/091-mft-AL-ASAQ-DHAPPQ-ASPY65,53,755280,2031
005/091-mft-AL-ASAQ-DHAPPQ-ASPY65,54,976508,2031
005/091-mft-AL-ASAQ-DHAPPQ-ASPY65,55,717756,2031
005/091-mft-AL-ASAQ-DHAPPQ-ASPY65,56,681388,2031
005/091-mft-AL-ASAQ-DHAPPQ-ASPY65,57,710864,2031
005/091-mft-AL-ASAQ-DHAPPQ-ASPY65,58,707532,2031
005/091-mft-AL-ASAQ-DHAPPQ-ASPY65,59,710988,2031
005/091-mft-AL-ASAQ-DHAPPQ-ASPY65,60,766268,2031
005/091-mft-AL-ASAQ-DHAPPQ-ASPY65,61,675448,2031
005/091-mft-AL-ASAQ-DHAPPQ-ASPY65,62,679220,2031
005/091-mft-AL-ASAQ-DHAPPQ-ASPY65,63,768940,2031
005/091-mft-AL-ASAQ-DHAPPQ-ASPY65,64,683612,2031
005/091-mft-AL-ASAQ-DHAPPQ-ASPY65,65,675628,2031
005/091-mft-AL-ASAQ-DHAPPQ-ASPY65,66,706280,2031
005/091-mft-AL-ASAQ-DHAPPQ-ASPY65,67,704724,2031
005/091-mft-AL-ASAQ-DHAPPQ-ASPY65,68,754028,2031
005/091-mft-AL-ASAQ-DHAPPQ-ASPY65,69,658480,2031
005/091-mft-AL-ASAQ-DHAPPQ-ASPY65,70,771140,2031
005/091-mft-AL-ASAQ-DHAPPQ-ASPY65,71,767792,2031
005/091-mft-AL-ASAQ-DHAPPQ-ASPY65,72,828752,2031
005/091-mft-AL-ASAQ-DHAPPQ-ASPY65,73,699612,2031
005/091-mft-AL-ASAQ-DHAPPQ-ASPY65,74,702344,2031
005/091-mft-AL-ASAQ-DHAPPQ-ASPY65,75,776128,2031
005/091-mft-AL-ASAQ-DHAPPQ-ASPY65,76,931680,2031
005/091-mft-AL-ASAQ-DHAPPQ-ASPY65,77,770216,2031
005/091-mft-AL-ASAQ-DHAPPQ-ASPY65,78,677640,2031
005/091-mft-AL-ASAQ-DHAPPQ-ASPY65,79,781652,2031
005/091-mft-AL-ASAQ-DHAPPQ-ASPY65,80,738648,2031
005/091-mft-AL-ASAQ-DHAPPQ-ASPY65,81,668344,2031
005/091-mft-AL-ASAQ-DHAPPQ-ASPY65,82,717804,2031
005/091-mft-AL-ASAQ-DHAPPQ-ASPY65,83,752492,2031
005/091-mft-AL-ASAQ-DHAPPQ-ASPY65,84,889076,2031
005/091-mft-AL-ASAQ-DHAPPQ-ASPY65,85,841236,2031
005/091-mft-AL-ASAQ-DHAPPQ-ASPY65,86,639724,2031
005/091-mft-AL-ASAQ-DHAPPQ-ASPY65,87,723660,2031
005/091-mft-AL-ASAQ-DHAPPQ-ASPY65,88,683440,2031
005/091-mft-AL-ASAQ-DHAPPQ-ASPY65,89,657908,2031
005/091-mft-AL-ASAQ-DHAPPQ-ASPY65,90,767224,2031
005/091-mft-AL-ASAQ-DHAPPQ-ASPY65,91,725696,2031
005/091-mft-AL-ASAQ-DHAPPQ-ASPY65,92,827928,2031
005/091-mft-AL-ASAQ-DHAPPQ-ASPY65,93,720336,2031
005/091-mft-AL-ASAQ-DHAPPQ-ASPY65,94,719296,2031
005/091-mft-AL-ASAQ-DHAPPQ-ASPY65,95,719764,2031
005/091-mft-AL-ASAQ-DHAPPQ-ASPY65,96,760160,2031
005/091-mft-AL-ASAQ-DHAPPQ-ASPY65,97,672516,2031
005/091-mft-AL-ASAQ-DHAPPQ-ASPY65,98,630772,2031
005/091-mft-AL-ASAQ-DHAPPQ-ASPY65,99,715112,2031
005/092-region-specific-Kagera-ASAQ-Others-ASAQ-Delay-0y,0,560424,2031
005/092-region-specific-Kagera-ASAQ-Others-ASAQ-Delay-0y,1,495708,2031
005/092-region-specific-Kagera-ASAQ-Others-ASAQ-Delay-0y,2,556612,2031
005/092-region-specific-Kagera-ASAQ-Others-ASAQ-Delay-0y,3,502224,2031
005/092-region-specific-Kagera-ASAQ-Others-ASAQ-Delay-0y,4,518712,2031
005/092-region-specific-Kagera-ASAQ-Others-ASAQ-Delay-0y,5,509792,2031
005/092-region-specific-Kagera-ASAQ-Others-ASAQ-Delay-0y,6,572168,2031
005/092-region-specific-Kagera-ASAQ-Others-ASAQ-Delay-0y,7,480444,2031
005/092-region-specific-Kagera-ASAQ-Others-ASAQ-Delay-0y,8,549784,2031
005/092-region-specific-Kagera-ASAQ-Others-ASAQ-Delay-0y,9,496616,2031
005/092-region-specific-Kagera-ASAQ-Others-ASAQ-Delay-0y,10,497628,2031
005/092-region-specific-Kagera-ASAQ-Others-ASAQ-Delay-0y,11,503224,2031
005/092-region-specific-Kagera-ASAQ-Others-ASAQ-Delay-0y,12,572324,2031
005/092-region-specific-Kagera-ASAQ-Others-ASAQ-Delay-0y,13,590900,2031
005/092-region-specific-Kagera-ASAQ-Others-ASAQ-Delay-0y,14,547372,2031
005/092-region-specific-Kagera-ASAQ-Others-ASAQ-Delay-0y,15,547660,2031
005/092-region-specific-Kagera-ASAQ-Others-ASAQ-Delay-0y,16,563556,2031
005/092-region-specific-Kagera-ASAQ-Others-ASAQ-Delay-0y,17,574060,2031
005/092-region-specific-Kagera-ASAQ-Others-ASAQ-Delay-0y,18,538896,2031
005/092-region-specific-Kagera-ASAQ-Others-ASAQ-Delay-0y,19,503880,2031
005/092-region-specific-Kagera-ASAQ-Others-ASAQ-Delay-0y,20,500496,2031
005/092-region-specific-Kagera-ASAQ-Others-ASAQ-Delay-0y,21,595164,2031
005/092-region-specific-Kagera-ASAQ-Others-ASAQ-Delay-0y,22,555820,2031
005/092-region-specific-Kagera-ASAQ-Others-ASAQ-Delay-0y,23,538148,2031
005/092-region-specific-Kagera-ASAQ-Others-ASAQ-Delay-0y,24,504552,2031
005/092-region-specific-Kagera-ASAQ-Others-ASAQ-Delay-0y,25,572532,2031
005/092-region-specific-Kagera-ASAQ-Others-ASAQ-Delay-0y,26,515468,2031
005/092-region-specific-Kagera-ASAQ-Others-ASAQ-Delay-0y,27,537764,2031
005/092-region-specific-Kagera-ASAQ-Others-ASAQ-Delay-0y,28,487020,2031
005/092-region-specific-Kagera-ASAQ-Others-ASAQ-Delay-0y,29,517060,2031
005/092-region-specific-Kagera-ASAQ-Others-ASAQ-Delay-0y,30,480436,2031
005/092-region-specific-Kagera-ASAQ-Others-ASAQ-Delay-0y,31,475988,2031
005/092-region-specific-Kagera-ASAQ-Others-ASAQ-Delay-0y,32,557516,2031
005/092-region-specific-Kagera-ASAQ-Others-ASAQ-Delay-0y,33,518440,2031
005/092-region-specific-Kagera-ASAQ-Others-ASAQ-Delay-0y,34,509868,2031
005/092-region-specific-Kagera-ASAQ-Others-ASAQ-Delay-0y,35,519460,2031
005/092-region-specific-Kagera-ASAQ-Others-ASAQ-Delay-0y,36,469524,2031
005/092-region-specific-Kagera-ASAQ-Others-ASAQ-Delay-0y,37,555632,2031
005/092-region-specific-Kagera-ASAQ-Others-ASAQ-Delay-0y,38,487392,2031
005/092-region-specific-Kagera-ASAQ-Others-ASAQ-Delay-0y,39,493464,2031
005/092-region-specific-Kagera-ASAQ-Others-ASAQ-Delay-0y,40,524668,2031
005/092-region-specific-Kagera-ASAQ-Others-ASAQ-Delay-0y,41,570584,2031
005/092-region-specific-Kagera-ASAQ-Others-ASAQ-Delay-0y,42,502444,2031
005/092-region-specific-Kagera-ASAQ-Others-ASAQ-Delay-0y,43,544392,2031
005/092-region-specific-Kagera-ASAQ-Others-ASAQ-Delay-0y,44,536480,2031
005/092-region-specific-Kagera-ASAQ-Others-ASAQ-Delay-0y,45,539760,2031
005/092-region-specific-Kagera-ASAQ-Others-ASAQ-Delay-0y,46,536948,2031
005/092-region-specific-Kagera-ASAQ-Others-ASAQ-Delay-0y,47,515776,2031
005/092-region-specific-Kagera-ASAQ-Others-ASAQ-Delay-0y,48,521860,2031
005/092-region-specific-Kagera-ASAQ-Others-ASAQ-Delay-0y,49,544784,2031
005/092-region-specific-Kagera-ASAQ-Others-ASAQ-Delay-0y,50,541704,2031
005/092-region-specific-Kagera-ASAQ-Others-ASAQ-Delay-0y,51,545596,2031
005/092-region-specific-Kagera-ASAQ-Others-ASAQ-Delay-0y,52,522608,2031
005/092-region-specific-Kagera-ASAQ-Others-ASAQ-Delay-0y,53,537312,2031
005/092-region-specific-Kagera-ASAQ-Others-ASAQ-Delay-0y,54,550172,2031
005/092-region-specific-Kagera-ASAQ-Others-ASAQ-Delay-0y,55,568596,2031
005/092-region-specific-Kagera-ASAQ-Others-ASAQ-Delay-0y,56,545756,2031
005/092-region-specific-Kagera-ASAQ-Others-ASAQ-Delay-0y,57,528280,2031
005/092-region-specific-Kagera-ASAQ-Others-ASAQ-Delay-0y,58,603572,2031
005/092-region-specific-Kagera-ASAQ-Others-ASAQ-Delay-0y,59,479088,2031
005/092-region-specific-Kagera-ASAQ-Others-ASAQ-Delay-0y,60,542728,2031
005/092-region-specific-Kagera-ASAQ-Others-ASAQ-Delay-0y,61,495932,2031
005/092-region-specific-Kagera-ASAQ-Others-ASAQ-Delay-0y,62,515204,2031
005/092-region-specific-Kagera-ASAQ-Others-ASAQ-Delay-0y,63,500336,2031
005/092-region-specific-Kagera-ASAQ-Others-ASAQ-Delay-0y,64,537408,2031
005/092-region-specific-Kagera-ASAQ-Others-ASAQ-Delay-0y,65,532260,2031
005/092-region-specific-Kagera-ASAQ-Others-ASAQ-Delay-0y,66,547204,2031
005/092-region-specific-Kagera-ASAQ-Others-ASAQ-Delay-0y,67,501328,2031
005/092-region-specific-Kagera-ASAQ-Others-ASAQ-Delay-0y,68,513100,2031
005/092-region-specific-Kagera-ASAQ-Others-ASAQ-Delay-0y,69,536868,2031
005/092-region-specific-Kagera-ASAQ-Others-ASAQ-Delay-0y,70,514944,2031
005/092-region-specific-Kagera-ASAQ-Others-ASAQ-Delay-0y,71,546968,2031
005/092-region-specific-Kagera-ASAQ-Others-ASAQ-Delay-0y,72,548472,2031
005/092-region-specific-Kagera-ASAQ-Others-ASAQ-Delay-0y,73,554612,2031
005/092-region-specific-Kagera-ASAQ-Others-ASAQ-Delay-0y,74,516748,2031
005/092-region-specific-Kagera-ASAQ-Others-ASAQ-Delay-0y,75,531232,2031
005/092-region-specific-Kagera-ASAQ-Others-ASAQ-Delay-0y,76,555816,2031
005/092-region-specific-Kagera-ASAQ-Others-ASAQ-Delay-0y,77,499968,2031
005/092-region-specific-Kagera-ASAQ-Others-ASAQ-Delay-0y,78,578832,2031
005/092-region-specific-Kagera-ASAQ-Others-ASAQ-Delay-0y,79,542452,2031
005/092-region-specific-Kagera-ASAQ-Others-ASAQ-Delay-0y,80,517216,2031
005/092-region-specific-Kagera-ASAQ-Others-ASAQ-Delay-0y,81,520576,2031
005/092-region-specific-Kagera-ASAQ-Others-ASAQ-Delay-0y,82,505760,2031
005/092-region-specific-Kagera-ASAQ-Others-ASAQ-Delay-0y,83,480044,2031
005/092-region-specific-Kagera-ASAQ-Others-ASAQ-Delay-0y,84,522180,2031
005/092-region-specific-Kagera-ASAQ-Others-ASAQ-Delay-0y,85,531156,2031
005/092-region-specific-Kagera-ASAQ-Others-ASAQ-Delay-0y,86,526032,2031
005/092-region-specific-Kagera-ASAQ-Others-ASAQ-Delay-0y,87,521524,2031
005/092-region-specific-Kagera-ASAQ-Others-ASAQ-Delay-0y,88,546760,2031
005/092-region-specific-Kagera-ASAQ-Others-ASAQ-Delay-0y,89,476216,2031
005/092-region-specific-Kagera-ASAQ-Others-ASAQ-Delay-0y,90,522392,2031
005/092-region-specific-Kagera-ASAQ-Others-ASAQ-Delay-0y,91,528268,2031
005/092-region-specific-Kagera-ASAQ-Others-ASAQ-Delay-0y,92,534168,2031
005/092-region-specific-Kagera-ASAQ-Others-ASAQ-Delay-0y,93,544092,2031
005/092-region-specific-Kagera-ASAQ-Others-ASAQ-Delay-0y,94,571596,2031
005/092-region-specific-Kagera-ASAQ-Others-ASAQ-Delay-0y,95,528068,2031
005/092-region-specific-Kagera-ASAQ-Others-ASAQ-Delay-0y,96,543604,2031
005/092-region-specific-Kagera-ASAQ-Others-ASAQ-Delay-0y,97,503884,2031
005/092-region-specific-Kagera-ASAQ-Others-ASAQ-Delay-0y,98,541608,2031
005/092-region-specific-Kagera-ASAQ-Others-ASAQ-Delay-0y,99,533672,2031
005/093-region-specific-Kagera-ASAQ-Others-ASAQ-Delay-1y,0,604548,2031
005/093-region-specific-Kagera-ASAQ-Others-ASAQ-Delay-1y,1,647028,2031
005/093-region-specific-Kagera-ASAQ-Others-ASAQ-Delay-1y,2,632952,2031
005/093-region-specific-Kagera-ASAQ-Others-ASAQ-Delay-1y,3,615876,2031
005/093-region-specific-Kagera-ASAQ-Others-ASAQ-Delay-1y,4,619140,2031
005/093-region-specific-Kagera-ASAQ-Others-ASAQ-Delay-1y,5,720332,2031
005/093-region-specific-Kagera-ASAQ-Others-ASAQ-Delay-1y,6,646728,2031
005/093-region-specific-Kagera-ASAQ-Others-ASAQ-Delay-1y,7,629336,2031
005/093-region-specific-Kagera-ASAQ-Others-ASAQ-Delay-1y,8,574800,2031
005/093-region-specific-Kagera-ASAQ-Others-ASAQ-Delay-1y,9,578000,2031
005/093-region-specific-Kagera-ASAQ-Others-ASAQ-Delay-1y,10,614892,2031
005/093-region-specific-Kagera-ASAQ-Others-ASAQ-Delay-1y,11,652444,2031
005/093-region-specific-Kagera-ASAQ-Others-ASAQ-Delay-1y,12,665704,2031
005/093-region-specific-Kagera-ASAQ-Others-ASAQ-Delay-1y,13,663492,2031
005/093-region-specific-Kagera-ASAQ-Others-ASAQ-Delay-1y,14,734012,2031
005/093-region-specific-Kagera-ASAQ-Others-ASAQ-Delay-1y,15,608804,2031
005/093-region-specific-Kagera-ASAQ-Others-ASAQ-Delay-1y,16,680060,2031
005/093-region-specific-Kagera-ASAQ-Others-ASAQ-Delay-1y,17,568604,2031
005/093-region-specific-Kagera-ASAQ-Others-ASAQ-Delay-1y,18,763324,2031
005/093-region-specific-Kagera-ASAQ-Others-ASAQ-Delay-1y,19,716020,2031
005/093-region-specific-Kagera-ASAQ-Others-ASAQ-Delay-1y,20,652496,2031
005/093-region-specific-Kagera-ASAQ-Others-ASAQ-Delay-1y,21,673652,2031
005/093-region-specific-Kagera-ASAQ-Others-ASAQ-Delay-1y,22,626316,2031
005/093-region-specific-Kagera-ASAQ-Others-ASAQ-Delay-1y,23,619112,2031
005/093-region-specific-Kagera-ASAQ-Others-ASAQ-Delay-1y,24,716532,2031
005/093-region-specific-Kagera-ASAQ-Others-ASAQ-Delay-1y,25,599280,2031
005/093-region-specific-Kagera-ASAQ-Others-ASAQ-Delay-1y,26,628332,2031
005/093-region-specific-Kagera-ASAQ-Others-ASAQ-Delay-1y,27,614456,2031
005/093-region-specific-Kagera-ASAQ-Others-ASAQ-Delay-1y,28,605992,2031
005/093-region-specific-Kagera-ASAQ-Others-ASAQ-Delay-1y,29,631436,2031
005/093-region-specific-Kagera-ASAQ-Others-ASAQ-Delay-1y,30,621392,2031
005/093-region-specific-Kagera-ASAQ-Others-ASAQ-Delay-1y,31,633392,2031
005/093-region-specific-Kagera-ASAQ-Others-ASAQ-Delay-1y,32,666880,2031
005/093-region-specific-Kagera-ASAQ-Others-ASAQ-Delay-1y,33,576704,2031
005/093-region-specific-Kagera-ASAQ-Others-ASAQ-Delay-1y,34,612120,2031
005/093-region-specific-Kagera-ASAQ-Others-ASAQ-Delay-1y,35,646324,2031
005/093-region-specific-Kagera-ASAQ-Others-ASAQ-Delay-1y,36,591312,2031
005/093-region-specific-Kagera-ASAQ-Others-ASAQ-Delay-1y,37,658816,2031
005/093-region-specific-Kagera-ASAQ-Others-ASAQ-Delay-1y,38,671344,2031
005/093-region-specific-Kagera-ASAQ-Others-ASAQ-Delay-1y,39,646780,2031
005/093-region-specific-Kagera-ASAQ-Others-ASAQ-Delay-1y,40,658332,2031
005/093-region-specific-Kagera-ASAQ-Others-ASAQ-Delay-1y,41,729412,2031
005/093-region-specific-Kagera-ASAQ-Others-ASAQ-Delay-1y,42,592380,2031
005/093-region-specific-Kagera-ASAQ-Others-ASAQ-Delay-1y,43,660188,2031
005/093-region-specific-Kagera-ASAQ-Others-ASAQ-Delay-1y,44,645556,2031
005/093-region-specific-Kagera-ASAQ-Others-ASAQ-Delay-1y,45,610096,2031
005/093-region-specific-Kagera-ASAQ-Others-ASAQ-Delay-1y,46,615004,2031
005/093-region-specific-Kagera-ASAQ-Others-ASAQ-Delay-1y,47,652808,2031
005/093-region-specific-Kagera-ASAQ-Others-ASAQ-Delay-1y,48,623164,2031
005/093-region-specific-Kagera-ASAQ-Others-ASAQ-Delay-1y,49,617868,2031
005/093-region-specific-Kagera-ASAQ-Others-ASAQ-Delay-1y,50,608328,2031
005/093-region-specific-Kagera-ASAQ-Others-ASAQ-Delay-1y,51,559228,2031
005/093-region-specific-Kagera-ASAQ-Others-ASAQ-Delay-1y,52,685268,2031
005/093-region-specific-Kagera-ASAQ-Others-ASAQ-Delay-1y,53,629412,2031
005/093-region-specific-Kagera-ASAQ-Others-ASAQ-Delay-1y,54,682532,2031
005/093-region-specific-Kagera-ASAQ-Others-ASAQ-Delay-1y,55,660784,2031
005/093-region-specific-Kagera-ASAQ-Others-ASAQ-Delay-1y,56,601196,2031
005/093-region-specific-Kagera-ASAQ-Others-ASAQ-Delay-1y,57,658404,2031
005/093-region-specific-Kagera-ASAQ-Others-ASAQ-Delay-1y,58,676884,2031
005/093-region-specific-Kagera-ASAQ-Others-ASAQ-Delay-1y,59,709208,2031
005/093-region-specific-Kagera-ASAQ-Others-ASAQ-Delay-1y,60,677732,2031
005/093-region-specific-Kagera-ASAQ-Others-ASAQ-Delay-1y,61,657744,2031
005/093-region-specific-Kagera-ASAQ-Others-ASAQ-Delay-1y,62,552120,2031
005/093-region-specific-Kagera-ASAQ-Others-ASAQ-Delay-1y,63,669904,2031
005/093-region-specific-Kagera-ASAQ-Others-ASAQ-Delay-1y,64,642228,2031
005/093-region-specific-Kagera-ASAQ-Others-ASAQ-Delay-1y,65,686928,2031
005/093-region-specific-Kagera-ASAQ-Others-ASAQ-Delay-1y,66,666348,2031
005/093-region-specific-Kagera-ASAQ-Others-ASAQ-Delay-1y,67,645916,2031
005/093-region-specific-Kagera-ASAQ-Others-ASAQ-Delay-1y,68,725624,2031
005/093-region-specific-Kagera-ASAQ-Others-ASAQ-Delay-1y,69,605720,2031
005/093-region-specific-Kagera-ASAQ-Others-ASAQ-Delay-1y,70,665616,2031
005/093-region-specific-Kagera-ASAQ-Others-ASAQ-Delay-1y,71,661312,2031
005/093-region-specific-Kagera-ASAQ-Others-ASAQ-Delay-1y,72,639528,2031
005/093-region-specific-Kagera-ASAQ-Others-ASAQ-Delay-1y,73,675216,2031
005/093-region-specific-Kagera-ASAQ-Others-ASAQ-Delay-1y,74,606552,2031
005/093-region-specific-Kagera-ASAQ-Others-ASAQ-Delay-1y,75,628224,2031
005/093-region-specific-Kagera-ASAQ-Others-ASAQ-Delay-1y,76,633156,2031
005/093-region-specific-Kagera-ASAQ-Others-ASAQ-Delay-1y,77,745744,2031
005/093-region-specific-Kagera-ASAQ-Others-ASAQ-Delay-1y,78,633956,2031
005/093-region-specific-Kagera-ASAQ-Others-ASAQ-Delay-1y,79,695816,2031
005/093-region-specific-Kagera-ASAQ-Others-ASAQ-Delay-1y,80,650652,2031
005/093-region-specific-Kagera-ASAQ-Others-ASAQ-Delay-1y,81,587820,2031
005/093-region-specific-Kagera-ASAQ-Others-ASAQ-Delay-1y,82,624652,2031
005/093-region-specific-Kagera-ASAQ-Others-ASAQ-Delay-1y,83,629144,2031
005/093-region-specific-Kagera-ASAQ-Others-ASAQ-Delay-1y,84,618056,2031
005/093-region-specific-Kagera-ASAQ-Others-ASAQ-Delay-1y,85,573168,2031
005/093-region-specific-Kagera-ASAQ-Others-ASAQ-Delay-1y,86,656368,2031
005/093-region-specific-Kagera-ASAQ-Others-ASAQ-Delay-1y,87,670792,2031
005/093-region-specific-Kagera-ASAQ-Others-ASAQ-Delay-1y,88,614380,2031
005/093-region-specific-Kagera-ASAQ-Others-ASAQ-Delay-1y,89,640632,2031
005/093-region-specific-Kagera-ASAQ-Others-ASAQ-Delay-1y,90,751412,2031
005/093-region-specific-Kagera-ASAQ-Others-ASAQ-Delay-1y,91,624796,2031
005/093-region-specific-Kagera-ASAQ-Others-ASAQ-Delay-1y,92,572836,2031
005/093-region-specific-Kagera-ASAQ-Others-ASAQ-Delay-1y,93,610376,2031
005/093-region-specific-Kagera-ASAQ-Others-ASAQ-Delay-1y,94,610944,2031
005/093-region-specific-Kagera-ASAQ-Others-ASAQ-Delay-1y,95,643500,2031
005/093-region-specific-Kagera-ASAQ-Others-ASAQ-Delay-1y,96,634460,2031
005/093-region-specific-Kagera-ASAQ-Others-ASAQ-Delay-1y,97,676272,2031
005/093-region-specific-Kagera-ASAQ-Others-ASAQ-Delay-1y,98,615212,2031
005/093-region-specific-Kagera-ASAQ-Others-ASAQ-Delay-1y,99,605224,2031
005/094-region-specific-Kagera-ASAQ-Others-ASAQ-Delay-2y,0,814396,2031
005/094-region-specific-Kagera-ASAQ-Others-ASAQ-Delay-2y,1,709004,2031
005/094-region-specific-Kagera-ASAQ-Others-ASAQ-Delay-2y,2,701596,2031
005/094-region-specific-Kagera-ASAQ-Others-ASAQ-Delay-2y,3,759724,2031
005/094-region-specific-Kagera-ASAQ-Others-ASAQ-Delay-2y,4,753288,2031
005/094-region-specific-Kagera-ASAQ-Others-ASAQ-Delay-2y,5,715872,2031
005/094-region-specific-Kagera-ASAQ-Others-ASAQ-Delay-2y,6,693020,2031
005/094-region-specific-Kagera-ASAQ-Others-ASAQ-Delay-2y,7,687424,2031
005/094-region-specific-Kagera-ASAQ-Others-ASAQ-Delay-2y,8,679284,2031
005/094-region-specific-Kagera-ASAQ-Others-ASAQ-Delay-2y,9,694624,2031
005/094-region-specific-Kagera-ASAQ-Others-ASAQ-Delay-2y,10,773216,2031
005/094-region-specific-Kagera-ASAQ-Others-ASAQ-Delay-2y,11,780188,2031
005/094-region-specific-Kagera-ASAQ-Others-ASAQ-Delay-2y,12,716160,2031
005/094-region-specific-Kagera-ASAQ-Others-ASAQ-Delay-2y,13,814872,2031
005/094-region-specific-Kagera-ASAQ-Others-ASAQ-Delay-2y,14,725552,2031
005/094-region-specific-Kagera-ASAQ-Others-ASAQ-Delay-2y,15,812832,2031
005/094-region-specific-Kagera-ASAQ-Others-ASAQ-Delay-2y,16,883356,2031
005/094-region-specific-Kagera-ASAQ-Others-ASAQ-Delay-2y,17,755344,2031
005/094-region-specific-Kagera-ASAQ-Others-ASAQ-Delay-2y,18,697132,2031
005/094-region-specific-Kagera-ASAQ-Others-ASAQ-Delay-2y,19,802792,2031
005/094-region-specific-Kagera-ASAQ-Others-ASAQ-Delay-2y,20,776660,2031
005/094-region-specific-Kagera-ASAQ-Others-ASAQ-Delay-2y,21,776208,2031
005/094-region-specific-Kagera-ASAQ-Others-ASAQ-Delay-2y,22,710044,2031
005/094-region-specific-Kagera-ASAQ-Others-ASAQ-Delay-2y,23,747180,2031
005/094-region-specific-Kagera-ASAQ-Others-ASAQ-Delay-2y,24,734912,2031
005/094-region-specific-Kagera-ASAQ-Others-ASAQ-Delay-2y,25,925452,2031
005/094-region-specific-Kagera-ASAQ-Others-ASAQ-Delay-2y,26,726040,2031
005/094-region-specific-Kagera-ASAQ-Others-ASAQ-Delay-2y,27,759408,2031
005/094-region-specific-Kagera-ASAQ-Others-ASAQ-Delay-2y,28,831176,2031
005/094-region-specific-Kagera-ASAQ-Others-ASAQ-Delay-2y,29,774420,2031
005/094-region-specific-Kagera-ASAQ-Others-ASAQ-Delay-2y,30,935076,2031
005/094-region-specific-Kagera-ASAQ-Others-ASAQ-Delay-2y,31,685848,2031
005/094-region-specific-Kagera-ASAQ-Others-ASAQ-Delay-2y,32,749896,2031
005/094-region-specific-Kagera-ASAQ-Others-ASAQ-Delay-2y,33,790344,2031
005/094-region-specific-Kagera-ASAQ-Others-ASAQ-Delay-2y,34,797556,2031
005/094-region-specific-Kagera-ASAQ-Others-ASAQ-Delay-2y,35,832696,2031
005/094-region-specific-Kagera-ASAQ-Others-ASAQ-Delay-2y,36,794504,2031
005/094-region-specific-Kagera-ASAQ-Others-ASAQ-Delay-2y,37,780748,2031
005/094-region-specific-Kagera-ASAQ-Others-ASAQ-Delay-2y,38,757112,2031
005/094-region-specific-Kagera-ASAQ-Others-ASAQ-Delay-2y,39,754328,2031
005/094-region-specific-Kagera-ASAQ-Others-ASAQ-Delay-2y,40,791440,2031
005/094-region-specific-Kagera-ASAQ-Others-ASAQ-Delay-2y,41,757596,2031
005/094-region-specific-Kagera-ASAQ-Others-ASAQ-Delay-2y,42,740136,2031
005/094-region-specific-Kagera-ASAQ-Others-ASAQ-Delay-2y,43,741672,2031
005/094-region-specific-Kagera-ASAQ-Others-ASAQ-Delay-2y,44,715928,2031
005/094-region-specific-Kagera-ASAQ-Others-ASAQ-Delay-2y,45,764220,2031
005/094-region-specific-Kagera-ASAQ-Others-ASAQ-Delay-2y,46,770528,2031
005/094-region-specific-Kagera-ASAQ-Others-ASAQ-Delay-2y,47,707908,2031
005/094-region-specific-Kagera-ASAQ-Others-ASAQ-Delay-2y,48,724744,2031
005/094-region-specific-Kagera-ASAQ-Others-ASAQ-Delay-2y,49,866816,2031
005/094-region-specific-Kagera-ASAQ-Others-ASAQ-Delay-2y,50,777776,2031
005/094-region-specific-Kagera-ASAQ-Others-ASAQ-Delay-2y,51,795108,2031
005/094-region-specific-Kagera-ASAQ-Others-ASAQ-Delay-2y,52,839244,2031
005/094-region-specific-Kagera-ASAQ-Others-ASAQ-Delay-2y,53,851548,2031
005/094-region-specific-Kagera-ASAQ-Others-ASAQ-Delay-2y,54,758604,2031
005/094-region-specific-Kagera-ASAQ-Others-ASAQ-Delay-2y,55,735484,2031
005/094-region-specific-Kagera-ASAQ-Others-ASAQ-Delay-2y,56,672564,2031
005/094-region-specific-Kagera-ASAQ-Others-ASAQ-Delay-2y,57,792920,2031
005/094-region-specific-Kagera-ASAQ-Others-ASAQ-Delay-2y,58,660112,2031
005/094-region-specific-Kagera-ASAQ-Others-ASAQ-Delay-2y,59,826764,2031
005/094-region-specific-Kagera-ASAQ-Others-ASAQ-Delay-2y,60,685356,2031
005/094-region-specific-Kagera-ASAQ-Others-ASAQ-Delay-2y,61,789892,2031
005/094-region-specific-Kagera-ASAQ-Others-ASAQ-Delay-2y,62,746208,2031
005/094-region-specific-Kagera-ASAQ-Others-ASAQ-Delay-2y,63,870600,2031
005/094-region-specific-Kagera-ASAQ-Others-ASAQ-Delay-2y,64,779080,2031
005/094-region-specific-Kagera-ASAQ-Others-ASAQ-Delay-2y,65,752108,2031
005/094-region-specific-Kagera-ASAQ-Others-ASAQ-Delay-2y,66,697968,2031
005/094-region-specific-Kagera-ASAQ-Others-ASAQ-Delay-2y,67,764856,2031
005/094-region-specific-Kagera-ASAQ-Others-ASAQ-Delay-2y,68,676944,2031
005/094-region-specific-Kagera-ASAQ-Others-ASAQ-Delay-2y,69,728992,2031
005/094-region-specific-Kagera-ASAQ-Others-ASAQ-Delay-2y,70,722068,2031
005/094-region-specific-Kagera-ASAQ-Others-ASAQ-Delay-2y,71,684764,2031
005/094-region-specific-Kagera-ASAQ-Others-ASAQ-Delay-2y,72,849368,2031
005/094-region-specific-Kagera-ASAQ-Others-ASAQ-Delay-2y,73,990304,2031
005/094-region-specific-Kagera-ASAQ-Others-ASAQ-Delay-2y,74,798128,2031
005/094-region-specific-Kagera-ASAQ-Others-ASAQ-Delay-2y,75,642920,2031
005/094-region-specific-Kagera-ASAQ-Others-ASAQ-Delay-2y,76,989508,2031
005/094-region-specific-Kagera-ASAQ-Others-ASAQ-Delay-2y,77,825180,2031
005/094-region-specific-Kagera-ASAQ-Others-ASAQ-Delay-2y,78,881928,2031
005/094-region-specific-Kagera-ASAQ-Others-ASAQ-Delay-2y,79,677696,2031
005/094-region-specific-Kagera-ASAQ-Others-ASAQ-Delay-2y,80,738944,2031
005/094-region-specific-Kagera-ASAQ-Others-ASAQ-Delay-2y,81,786456,2031
005/094-region-specific-Kagera-ASAQ-Others-ASAQ-Delay-2y,82,695652,2031
005/094-region-specific-Kagera-ASAQ-Others-ASAQ-Delay-2y,83,910984,2031
005/094-region-specific-Kagera-ASAQ-Others-ASAQ-Delay-2y,84,828216,2031
005/094-region-specific-Kagera-ASAQ-Others-ASAQ-Delay-2y,85,807444,2031
005/094-region-specific-Kagera-ASAQ-Others-ASAQ-Delay-2y,86,786520,2031
005/094-region-specific-Kagera-ASAQ-Others-ASAQ-Delay-2y,87,744064,2031
005/094-region-specific-Kagera-ASAQ-Others-ASAQ-Delay-2y,88,747872,2031
005/094-region-specific-Kagera-ASAQ-Others-ASAQ-Delay-2y,89,752604,2031
005/094-region-specific-Kagera-ASAQ-Others-ASAQ-Delay-2y,90,791768,2031
005/094-region-specific-Kagera-ASAQ-Others-ASAQ-Delay-2y,91,683492,2031
005/094-region-specific-Kagera-ASAQ-Others-ASAQ-Delay-2y,92,692496,2031
005/094-region-specific-Kagera-ASAQ-Others-ASAQ-Delay-2y,93,887936,2031
005/094-region-specific-Kagera-ASAQ-Others-ASAQ-Delay-2y,94,811916,2031
005/094-region-specific-Kagera-ASAQ-Others-ASAQ-Delay-2y,95,721388,2031
005/094-region-specific-Kagera-ASAQ-Others-ASAQ-Delay-2y,96,895424,2031
005/094-region-specific-Kagera-ASAQ-Others-ASAQ-Delay-2y,97,725532,2031
005/094-region-specific-Kagera-ASAQ-Others-ASAQ-Delay-2y,98,718716,2031
005/094-region-specific-Kagera-ASAQ-Others-ASAQ-Delay-2y,99,761296,2031
005/095-region-specific-Kagera-DHAPPQ-Others-ASAQ-Delay-0y,0,802912,2031
005/095-region-specific-Kagera-DHAPPQ-Others-ASAQ-Delay-0y,1,700644,2031
005/095-region-specific-Kagera-DHAPPQ-Others-ASAQ-Delay-0y,2,634504,2031
005/095-region-specific-Kagera-DHAPPQ-Others-ASAQ-Delay-0y,3,743552,2031
005/095-region-specific-Kagera-DHAPPQ-Others-ASAQ-Delay-0y,4,773776,2031
005/095-region-specific-Kagera-DHAPPQ-Others-ASAQ-Delay-0y,5,926128,2031
005/095-region-specific-Kagera-DHAPPQ-Others-ASAQ-Delay-0y,6,733884,2031
005/095-region-specific-Kagera-DHAPPQ-Others-ASAQ-Delay-0y,7,864208,2031
005/095-region-specific-Kagera-DHAPPQ-Others-ASAQ-Delay-0y,8,712344,2031
005/095-region-specific-Kagera-DHAPPQ-Others-ASAQ-Delay-0y,9,763332,2031
005/095-region-specific-Kagera-DHAPPQ-Others-ASAQ-Delay-0y,10,787568,2031
005/095-region-specific-Kagera-DHAPPQ-Others-ASAQ-Delay-0y,11,755756,2031
005/095-region-specific-Kagera-DHAPPQ-Others-ASAQ-Delay-0y,12,830832,2031
005/095-region-specific-Kagera-DHAPPQ-Others-ASAQ-Delay-0y,13,810684,2031
005/095-region-specific-Kagera-DHAPPQ-Others-ASAQ-Delay-0y,14,673328,2031
005/095-region-specific-Kagera-DHAPPQ-Others-ASAQ-Delay-0y,15,724040,2031
005/095-region-specific-Kagera-DHAPPQ-Others-ASAQ-Delay-0y,16,659248,2031
005/095-region-specific-Kagera-DHAPPQ-Others-ASAQ-Delay-0y,17,665668,2031
005/095-region-specific-Kagera-DHAPPQ-Others-ASAQ-Delay-0y,18,823144,2031
005/095-region-specific-Kagera-DHAPPQ-Others-ASAQ-Delay-0y,19,817352,2031
005/095-region-specific-Kagera-DHAPPQ-Others-ASAQ-Delay-0y,20,799456,2031
005/095-region-specific-Kagera-DHAPPQ-Others-ASAQ-Delay-0y,21,756200,2031
005/095-region-specific-Kagera-DHAPPQ-Others-ASAQ-Delay-0y,22,828788,2031
005/095-region-specific-Kagera-DHAPPQ-Others-ASAQ-Delay-0y,23,733896,2031
005/095-region-specific-Kagera-DHAPPQ-Others-ASAQ-Delay-0y,24,849184,2031
005/095-region-specific-Kagera-DHAPPQ-Others-ASAQ-Delay-0y,25,770768,2031
005/095-region-specific-Kagera-DHAPPQ-Others-ASAQ-Delay-0y,26,725168,2031
005/095-region-specific-Kagera-DHAPPQ-Others-ASAQ-Delay-0y,27,738652,2031
005/095-region-specific-Kagera-DHAPPQ-Others-ASAQ-Delay-0y,28,774996,2031
005/095-region-specific-Kagera-DHAPPQ-Others-ASAQ-Delay-0y,29,766420,2031
005/095-region-specific-Kagera-DHAPPQ-Others-ASAQ-Delay-0y,30,681636,2031
005/095-region-specific-Kagera-DHAPPQ-Others-ASAQ-Delay-0y,31,879812,2031
005/095-region-specific-Kagera-DHAPPQ-Others-ASAQ-Delay-0y,32,750812,2031
005/095-region-specific-Kagera-DHAPPQ-Others-ASAQ-Delay-0y,33,814816,2031
005/095-region-specific-Kagera-DHAPPQ-Others-ASAQ-Delay-0y,34,781832,2031
005/095-region-specific-Kagera-DHAPPQ-Others-ASAQ-Delay-0y,35,755892,2031
005/095-region-specific-Kagera-DHAPPQ-Others-ASAQ-Delay-0y,36,829788,2031
005/095-region-specific-Kagera-DHAPPQ-Others-ASAQ-Delay-0y,37,681400,2031
005/095-region-specific-Kagera-DHAPPQ-Others-ASAQ-Delay-0y,38,777328,2031
005/095-region-specific-Kagera-DHAPPQ-Others-ASAQ-Delay-0y,39,720500,2031
005/095-region-specific-Kagera-DHAPPQ-Others-ASAQ-Delay-0y,40,830168,2031
005/095-region-specific-Kagera-DHAPPQ-Others-ASAQ-Delay-0y,41,791696,2031
005/095-region-specific-Kagera-DHAPPQ-Others-ASAQ-Delay-0y,42,788532,2031
005/095-region-specific-Kagera-DHAPPQ-Others-ASAQ-Delay-0y,43,868220,2031
005/095-region-specific-Kagera-DHAPPQ-Others-ASAQ-Delay-0y,44,855112,2031
005/095-region-specific-Kagera-DHAPPQ-Others-ASAQ-Delay-0y,45,754404,2031
005/095-region-specific-Kagera-DHAPPQ-Others-ASAQ-Delay-0y,46,700640,2031
005/095-region-specific-Kagera-DHAPPQ-Others-ASAQ-Delay-0y,47,753888,2031
005/095-region-specific-Kagera-DHAPPQ-Others-ASAQ-Delay-0y,48,619384,2031
005/095-region-specific-Kagera-DHAPPQ-Others-ASAQ-Delay-0y,49,731164,2031
005/095-region-specific-Kagera-DHAPPQ-Others-ASAQ-Delay-0y,50,783776,2031
005/095-region-specific-Kagera-DHAPPQ-Others-ASAQ-Delay-0y,51,706044,2031
005/095-region-specific-Kagera-DHAPPQ-Others-ASAQ-Delay-0y,52,821120,2031
005/095-region-specific-Kagera-DHAPPQ-Others-ASAQ-Delay-0y,53,810744,2031
005/095-region-specific-Kagera-DHAPPQ-Others-ASAQ-Delay-0y,54,774188,2031
005/095-region-specific-Kagera-DHAPPQ-Others-ASAQ-Delay-0y,55,887548,2031
005/095-region-specific-Kagera-DHAPPQ-Others-ASAQ-Delay-0y,56,797964,2031
005/095-region-specific-Kagera-DHAPPQ-Others-ASAQ-Delay-0y,57,653044,2031
005/095-region-specific-Kagera-DHAPPQ-Others-ASAQ-Delay-0y,58,752360,2031
005/095-region-specific-Kagera-DHAPPQ-Others-ASAQ-Delay-0y,59,724596,2031
005/095-region-specific-Kagera-DHAPPQ-Others-ASAQ-Delay-0y,60,881920,2031
005/095-region-specific-Kagera-DHAPPQ-Others-ASAQ-Delay-0y,61,831064,2031
005/095-region-specific-Kagera-DHAPPQ-Others-ASAQ-Delay-0y,62,808928,2031
005/095-region-specific-Kagera-DHAPPQ-Others-ASAQ-Delay-0y,63,838200,2031
005/095-region-specific-Kagera-DHAPPQ-Others-ASAQ-Delay-0y,64,776304,2031
005/095-region-specific-Kagera-DHAPPQ-Others-ASAQ-Delay-0y,65,687024,2031
005/095-region-specific-Kagera-DHAPPQ-Others-ASAQ-Delay-0y,66,693428,2031
005/095-region-specific-Kagera-DHAPPQ-Others-ASAQ-Delay-0y,67,810896,2031
005/095-region-specific-Kagera-DHAPPQ-Others-ASAQ-Delay-0y,68,760012,2031
005/095-region-specific-Kagera-DHAPPQ-Others-ASAQ-Delay-0y,69,746540,2031
005/095-region-specific-Kagera-DHAPPQ-Others-ASAQ-Delay-0y,70,779048,2031
005/095-region-specific-Kagera-DHAPPQ-Others-ASAQ-Delay-0y,71,778328,2031
005/095-region-specific-Kagera-DHAPPQ-Others-ASAQ-Delay-0y,72,858948,2031
005/095-region-specific-Kagera-DHAPPQ-Others-ASAQ-Delay-0y,73,725980,2031
005/095-region-specific-Kagera-DHAPPQ-Others-ASAQ-Delay-0y,74,764108,2031
005/095-region-specific-Kagera-DHAPPQ-Others-ASAQ-Delay-0y,75,790640,2031
005/095-region-specific-Kagera-DHAPPQ-Others-ASAQ-Delay-0y,76,589104,2031
005/095-region-specific-Kagera-DHAPPQ-Others-ASAQ-Delay-0y,77,856524,2031
005/095-region-specific-Kagera-DHAPPQ-Others-ASAQ-Delay-0y,78,772476,2031
005/095-region-specific-Kagera-DHAPPQ-Others-ASAQ-Delay-0y,79,883624,2031
005/095-region-specific-Kagera-DHAPPQ-Others-ASAQ-Delay-0y,80,793860,2031
005/095-region-specific-Kagera-DHAPPQ-Others-ASAQ-Delay-0y,81,947104,2031
005/095-region-specific-Kagera-DHAPPQ-Others-ASAQ-Delay-0y,82,803208,2031
005/095-region-specific-Kagera-DHAPPQ-Others-ASAQ-Delay-0y,83,740936,2031
005/095-region-specific-Kagera-DHAPPQ-Others-ASAQ-Delay-0y,84,687296,2031
005/095-region-specific-Kagera-DHAPPQ-Others-ASAQ-Delay-0y,85,706052,2031
005/095-region-specific-Kagera-DHAPPQ-Others-ASAQ-Delay-0y,86,817744,2031
005/095-region-specific-Kagera-DHAPPQ-Others-ASAQ-Delay-0y,87,867688,2031
005/095-region-specific-Kagera-DHAPPQ-Others-ASAQ-Delay-0y,88,675428,2031
005/095-region-specific-Kagera-DHAPPQ-Others-ASAQ-Delay-0y,89,755456,2031
005/095-region-specific-Kagera-DHAPPQ-Others-ASAQ-Delay-0y,90,680512,2031
005/095-region-specific-Kagera-DHAPPQ-Others-ASAQ-Delay-0y,91,667684,2031
005/095-region-specific-Kagera-DHAPPQ-Others-ASAQ-Delay-0y,92,766164,2031
005/095-region-specific-Kagera-DHAPPQ-Others-ASAQ-Delay-0y,93,769088,2031
005/095-region-specific-Kagera-DHAPPQ-Others-ASAQ-Delay-0y,94,742576,2031
005/095-region-specific-Kagera-DHAPPQ-Others-ASAQ-Delay-0y,95,720808,2031
005/095-region-specific-Kagera-DHAPPQ-Others-ASAQ-Delay-0y,96,780004,2031
005/095-region-specific-Kagera-DHAPPQ-Others-ASAQ-Delay-0y,97,897404,2031
005/095-region-specific-Kagera-DHAPPQ-Others-ASAQ-Delay-0y,98,736928,2031
005/095-region-specific-Kagera-DHAPPQ-Others-ASAQ-Delay-0y,99,732696,2031
005/096-region-specific-Kagera-DHAPPQ-Others-ASAQ-Delay-1y,0,756968,2031
005/096-region-specific-Kagera-DHAPPQ-Others-ASAQ-Delay-1y,1,824532,2031
005/096-region-specific-Kagera-DHAPPQ-Others-ASAQ-Delay-1y,2,792640,2031
005/096-region-specific-Kagera-DHAPPQ-Others-ASAQ-Delay-1y,3,826224,2031
005/096-region-specific-Kagera-DHAPPQ-Others-ASAQ-Delay-1y,4,842880,2031
005/096-region-specific-Kagera-DHAPPQ-Others-ASAQ-Delay-1y,5,941760,2031
005/096-region-specific-Kagera-DHAPPQ-Others-ASAQ-Delay-1y,6,844424,2031
005/096-region-specific-Kagera-DHAPPQ-Others-ASAQ-Delay-1y,7,1058892,2031
005/096-region-specific-Kagera-DHAPPQ-Others-ASAQ-Delay-1y,8,887992,2031
005/096-region-specific-Kagera-DHAPPQ-Others-ASAQ-Delay-1y,9,752260,2031
005/096-region-specific-Kagera-DHAPPQ-Others-ASAQ-Delay-1y,10,810444,2031
005/096-region-specific-Kagera-DHAPPQ-Others-ASAQ-Delay-1y,11,823592,2031
005/096-region-specific-Kagera-DHAPPQ-Others-ASAQ-Delay-1y,12,915900,2031
005/096-region-specific-Kagera-DHAPPQ-Others-ASAQ-Delay-1y,13,888860,2031
005/096-region-specific-Kagera-DHAPPQ-Others-ASAQ-Delay-1y,14,878964,2031
005/096-region-specific-Kagera-DHAPPQ-Others-ASAQ-Delay-1y,15,845960,2031
005/096-region-specific-Kagera-DHAPPQ-Others-ASAQ-Delay-1y,16,794256,2031
005/096-region-specific-Kagera-DHAPPQ-Others-ASAQ-Delay-1y,17,929640,2031
005/096-region-specific-Kagera-DHAPPQ-Others-ASAQ-Delay-1y,18,730112,2031
005/096-region-specific-Kagera-DHAPPQ-Others-ASAQ-Delay-1y,19,800892,2031
005/096-region-specific-Kagera-DHAPPQ-Others-ASAQ-Delay-1y,20,927752,2031
005/096-region-specific-Kagera-DHAPPQ-Others-ASAQ-Delay-1y,21,1079340,2031
005/096-region-specific-Kagera-DHAPPQ-Others-ASAQ-Delay-1y,22,802152,2031
005/096-region-specific-Kagera-DHAPPQ-Others-ASAQ-Delay-1y,23,905260,2031
005/096-region-specific-Kagera-DHAPPQ-Others-ASAQ-Delay-1y,24,788876,2031
005/096-region-specific-Kagera-DHAPPQ-Others-ASAQ-Delay-1y,25,869956,2031
005/096-region-specific-Kagera-DHAPPQ-Others-ASAQ-Delay-1y,26,844996,2031
005/096-region-specific-Kagera-DHAPPQ-Others-ASAQ-Delay-1y,27,867704,2031
005/096-region-specific-Kagera-DHAPPQ-Others-ASAQ-Delay-1y,28,809900,2031
005/096-region-specific-Kagera-DHAPPQ-Others-ASAQ-Delay-1y,29,953996,2031
005/096-region-specific-Kagera-DHAPPQ-Others-ASAQ-Delay-1y,30,906740,2031
005/096-region-specific-Kagera-DHAPPQ-Others-ASAQ-Delay-1y,31,802488,2031
005/096-region-specific-Kagera-DHAPPQ-Others-ASAQ-Delay-1y,32,1035660,2031
005/096-region-specific-Kagera-DHAPPQ-Others-ASAQ-Delay-1y,33,878044,2031
005/096-region-specific-Kagera-DHAPPQ-Others-ASAQ-Delay-1y,34,773396,2031
005/096-region-specific-Kagera-DHAPPQ-Others-ASAQ-Delay-1y,35,912804,2031
005/096-region-specific-Kagera-DHAPPQ-Others-ASAQ-Delay-1y,36,995688,2031
005/096-region-specific-Kagera-DHAPPQ-Others-ASAQ-Delay-1y,37,786740,2031
005/096-region-specific-Kagera-DHAPPQ-Others-ASAQ-Delay-1y,38,831396,2031
005/096-region-specific-Kagera-DHAPPQ-Others-ASAQ-Delay-1y,39,793560,2031
005/096-region-specific-Kagera-DHAPPQ-Others-ASAQ-Delay-1y,40,1011900,2031
005/096-region-specific-Kagera-DHAPPQ-Others-ASAQ-Delay-1y,41,952828,2031
005/096-region-specific-Kagera-DHAPPQ-Others-ASAQ-Delay-1y,42,918468,2031
005/096-region-specific-Kagera-DHAPPQ-Others-ASAQ-Delay-1y,43,969676,2031
005/096-region-specific-Kagera-DHAPPQ-Others-ASAQ-Delay-1y,44,814460,2031
005/096-region-specific-Kagera-DHAPPQ-Others-ASAQ-Delay-1y,45,777088,2031
005/096-region-specific-Kagera-DHAPPQ-Others-ASAQ-Delay-1y,46,905904,2031
005/096-region-specific-Kagera-DHAPPQ-Others-ASAQ-Delay-1y,47,821168,2031
005/096-region-specific-Kagera-DHAPPQ-Others-ASAQ-Delay-1y,48,822324,2031
005/096-region-specific-Kagera-DHAPPQ-Others-ASAQ-Delay-1y,49,827136,2031
005/096-region-specific-Kagera-DHAPPQ-Others-ASAQ-Delay-1y,50,935960,2031
005/096-region-specific-Kagera-DHAPPQ-Others-ASAQ-Delay-1y,51,905332,2031
005/096-region-specific-Kagera-DHAPPQ-Others-ASAQ-Delay-1y,52,785084,2031
005/096-region-specific-Kagera-DHAPPQ-Others-ASAQ-Delay-1y,53,782476,2031
005/096-region-specific-Kagera-DHAPPQ-Others-ASAQ-Delay-1y,54,851592,2031
005/096-region-specific-Kagera-DHAPPQ-Others-ASAQ-Delay-1y,55,989700,2031
005/096-region-specific-Kagera-DHAPPQ-Others-ASAQ-Delay-1y,56,806780,2031
005/096-region-specific-Kagera-DHAPPQ-Others-ASAQ-Delay-1y,57,819636,2031
005/096-region-specific-Kagera-DHAPPQ-Others-ASAQ-Delay-1y,58,914340,2031
005/096-region-specific-Kagera-DHAPPQ-Others-ASAQ-Delay-1y,59,819260,2031
005/096-region-specific-Kagera-DHAPPQ-Others-ASAQ-Delay-1y,60,1005404,2031
005/096-region-specific-Kagera-DHAPPQ-Others-ASAQ-Delay-1y,61,799620,2031
005/096-region-specific-Kagera-DHAPPQ-Others-ASAQ-Delay-1y,62,967756,2031
005/096-region-specific-Kagera-DHAPPQ-Others-ASAQ-Delay-1y,63,998576,2031
005/096-region-specific-Kagera-DHAPPQ-Others-ASAQ-Delay-1y,64,884328,2031
005/096-region-specific-Kagera-DHAPPQ-Others-ASAQ-Delay-1y,65,969492,2031
005/096-region-specific-Kagera-DHAPPQ-Others-ASAQ-Delay-1y,66,791260,2031
005/096-region-specific-Kagera-DHAPPQ-Others-ASAQ-Delay-1y,67,985272,2031
005/096-region-specific-Kagera-DHAPPQ-Others-ASAQ-Delay-1y,68,820160,2031
005/096-region-specific-Kagera-DHAPPQ-Others-ASAQ-Delay-1y,69,954624,2031
005/096-region-specific-Kagera-DHAPPQ-Others-ASAQ-Delay-1y,70,1030124,2031
005/096-region-specific-Kagera-DHAPPQ-Others-ASAQ-Delay-1y,71,854808,2031
005/096-region-specific-Kagera-DHAPPQ-Others-ASAQ-Delay-1y,72,1057140,2031
005/096-region-specific-Kagera-DHAPPQ-Others-ASAQ-Delay-1y,73,794768,2031
005/096-region-specific-Kagera-DHAPPQ-Others-ASAQ-Delay-1y,74,904884,2031
005/096-region-specific-Kagera-DHAPPQ-Others-ASAQ-Delay-1y,75,858052,2031
005/096-region-specific-Kagera-DHAPPQ-Others-ASAQ-Delay-1y,76,962380,2031
005/096-region-specific-Kagera-DHAPPQ-Others-ASAQ-Delay-1y,77,892548,2031
005/096-region-specific-Kagera-DHAPPQ-Others-ASAQ-Delay-1y,78,939752,2031
005/096-region-specific-Kagera-DHAPPQ-Others-ASAQ-Delay-1y,79,873380,2031
005/096-region-specific-Kagera-DHAPPQ-Others-ASAQ-Delay-1y,80,841608,2031
005/096-region-specific-Kagera-DHAPPQ-Others-ASAQ-Delay-1y,81,878300,2031
005/096-region-specific-Kagera-DHAPPQ-Others-ASAQ-Delay-1y,82,939936,2031
005/096-region-specific-Kagera-DHAPPQ-Others-ASAQ-Delay-1y,83,873368,2031
005/096-region-specific-Kagera-DHAPPQ-Others-ASAQ-Delay-1y,84,819128,2031
005/096-region-specific-Kagera-DHAPPQ-Others-ASAQ-Delay-1y,85,893464,2031
005/096-region-specific-Kagera-DHAPPQ-Others-ASAQ-Delay-1y,86,764440,2031
005/096-region-specific-Kagera-DHAPPQ-Others-ASAQ-Delay-1y,87,815688,2031
005/096-region-specific-Kagera-DHAPPQ-Others-ASAQ-Delay-1y,88,860552,2031
005/096-region-specific-Kagera-DHAPPQ-Others-ASAQ-Delay-1y,89,830288,2031
005/096-region-specific-Kagera-DHAPPQ-Others-ASAQ-Delay-1y,90,975880,2031
005/096-region-specific-Kagera-DHAPPQ-Others-ASAQ-Delay-1y,91,843328,2031
005/096-region-specific-Kagera-DHAPPQ-Others-ASAQ-Delay-1y,92,1029796,2031
005/096-region-specific-Kagera-DHAPPQ-Others-ASAQ-Delay-1y,93,837160,2031
005/096-region-specific-Kagera-DHAPPQ-Others-ASAQ-Delay-1y,94,819128,2031
005/096-region-specific-Kagera-DHAPPQ-Others-ASAQ-Delay-1y,95,884136,2031
005/096-region-specific-Kagera-DHAPPQ-Others-ASAQ-Delay-1y,96,928260,2031
005/096-region-specific-Kagera-DHAPPQ-Others-ASAQ-Delay-1y,97,960052,2031
005/096-region-specific-Kagera-DHAPPQ-Others-ASAQ-Delay-1y,98,844888,2031
005/096-region-specific-Kagera-DHAPPQ-Others-ASAQ-Delay-1y,99,933564,2031
005/097-region-specific-Kagera-DHAPPQ-Others-ASAQ-Delay-2y,0,1102460,2031
005/097-region-specific-Kagera-DHAPPQ-Others-ASAQ-Delay-2y,1,1010036,2031
005/097-region-specific-Kagera-DHAPPQ-Others-ASAQ-Delay-2y,2,971344,2031
005/097-region-specific-Kagera-DHAPPQ-Others-ASAQ-Delay-2y,3,863300,2031
005/097-region-specific-Kagera-DHAPPQ-Others-ASAQ-Delay-2y,4,1016060,2031
005/097-region-specific-Kagera-DHAPPQ-Others-ASAQ-Delay-2y,5,1038120,2031
005/097-region-specific-Kagera-DHAPPQ-Others-ASAQ-Delay-2y,6,957528,2031
005/097-region-specific-Kagera-DHAPPQ-Others-ASAQ-Delay-2y,7,1266184,2031
005/097-region-specific-Kagera-DHAPPQ-Others-ASAQ-Delay-2y,8,970064,2031
005/097-region-specific-Kagera-DHAPPQ-Others-ASAQ-Delay-2y,9,893956,2031
005/097-region-specific-Kagera-DHAPPQ-Others-ASAQ-Delay-2y,10,1012756,2031
005/097-region-specific-Kagera-DHAPPQ-Others-ASAQ-Delay-2y,11,863596,2031
005/097-region-specific-Kagera-DHAPPQ-Others-ASAQ-Delay-2y,12,936856,2031
005/097-region-specific-Kagera-DHAPPQ-Others-ASAQ-Delay-2y,13,1091844,2031
005/097-region-specific-Kagera-DHAPPQ-Others-ASAQ-Delay-2y,14,967816,2031
005/097-region-specific-Kagera-DHAPPQ-Others-ASAQ-Delay-2y,15,1026816,2031
005/097-region-specific-Kagera-DHAPPQ-Others-ASAQ-Delay-2y,16,947480,2031
005/097-region-specific-Kagera-DHAPPQ-Others-ASAQ-Delay-2y,17,1003304,2031
005/097-region-specific-Kagera-DHAPPQ-Others-ASAQ-Delay-2y,18,1013464,2031
005/097-region-specific-Kagera-DHAPPQ-Others-ASAQ-Delay-2y,19,1142512,2031
005/097-region-specific-Kagera-DHAPPQ-Others-ASAQ-Delay-2y,20,1074616,2031
005/097-region-specific-Kagera-DHAPPQ-Others-ASAQ-Delay-2y,21,878336,2031
005/097-region-specific-Kagera-DHAPPQ-Others-ASAQ-Delay-2y,22,1107756,2031
005/097-region-specific-Kagera-DHAPPQ-Others-ASAQ-Delay-2y,23,905224,2031
005/097-region-specific-Kagera-DHAPPQ-Others-ASAQ-Delay-2y,24,1107860,2031
005/097-region-specific-Kagera-DHAPPQ-Others-ASAQ-Delay-2y,25,953168,2031
005/097-region-specific-Kagera-DHAPPQ-Others-ASAQ-Delay-2y,26,941820,2031
005/097-region-specific-Kagera-DHAPPQ-Others-ASAQ-Delay-2y,27,893340,2031
005/097-region-specific-Kagera-DHAPPQ-Others-ASAQ-Delay-2y,28,937508,2031
005/097-region-specific-Kagera-DHAPPQ-Others-ASAQ-Delay-2y,29,1022956,2031
005/097-region-specific-Kagera-DHAPPQ-Others-ASAQ-Delay-2y,30,1010108,2031
005/097-region-specific-Kagera-DHAPPQ-Others-ASAQ-Delay-2y,31,1215016,2031
005/097-region-specific-Kagera-DHAPPQ-Others-ASAQ-Delay-2y,32,931836,2031
005/097-region-specific-Kagera-DHAPPQ-Others-ASAQ-Delay-2y,33,944568,2031
005/097-region-specific-Kagera-DHAPPQ-Others-ASAQ-Delay-2y,34,993212,2031
005/097-region-specific-Kagera-DHAPPQ-Others-ASAQ-Delay-2y,35,876520,2031
005/097-region-specific-Kagera-DHAPPQ-Others-ASAQ-Delay-2y,36,850756,2031
005/097-region-specific-Kagera-DHAPPQ-Others-ASAQ-Delay-2y,37,1117680,2031
005/097-region-specific-Kagera-DHAPPQ-Others-ASAQ-Delay-2y,38,961108,2031
005/097-region-specific-Kagera-DHAPPQ-Others-ASAQ-Delay-2y,39,948580,2031
005/097-region-specific-Kagera-DHAPPQ-Others-ASAQ-Delay-2y,40,1107796,2031
005/097-region-specific-Kagera-DHAPPQ-Others-ASAQ-Delay-2y,41,1137256,2031
005/097-region-specific-Kagera-DHAPPQ-Others-ASAQ-Delay-2y,42,950552,2031
005/097-region-specific-Kagera-DHAPPQ-Others-ASAQ-Delay-2y,43,935180,2031
005/097-region-specific-Kagera-DHAPPQ-Others-ASAQ-Delay-2y,44,1046604,2031
005/097-region-specific-Kagera-DHAPPQ-Others-ASAQ-Delay-2y,45,969104,2031
005/097-region-specific-Kagera-DHAPPQ-Others-ASAQ-Delay-2y,46,923152,2031
005/097-region-specific-Kagera-DHAPPQ-Others-ASAQ-Delay-2y,47,986940,2031
005/097-region-specific-Kagera-DHAPPQ-Others-ASAQ-Delay-2y,48,962156,2031
005/097-region-specific-Kagera-DHAPPQ-Others-ASAQ-Delay-2y,49,1179572,2031
005/097-region-specific-Kagera-DHAPPQ-Others-ASAQ-Delay-2y,50,1256448,2031
005/097-region-specific-Kagera-DHAPPQ-Others-ASAQ-Delay-2y,51,995636,2031
005/097-region-specific-Kagera-DHAPPQ-Others-ASAQ-Delay-2y,52,983476,2031
005/097-region-specific-Kagera-DHAPPQ-Others-ASAQ-Delay-2y,53,1074200,2031
005/097-region-specific-Kagera-DHAPPQ-Others-ASAQ-Delay-2y,54,987668,2031
005/097-region-specific-Kagera-DHAPPQ-Others-ASAQ-Delay-2y,55,985624,2031
005/097-region-specific-Kagera-DHAPPQ-Others-ASAQ-Delay-2y,56,915056,2031
005/097-region-specific-Kagera-DHAPPQ-Others-ASAQ-Delay-2y,57,1050232,2031
005/097-region-specific-Kagera-DHAPPQ-Others-ASAQ-Delay-2y,58,1032472,2031
005/097-region-specific-Kagera-DHAPPQ-Others-ASAQ-Delay-2y,59,1014688,2031
005/097-region-specific-Kagera-DHAPPQ-Others-ASAQ-Delay-2y,60,1035468,2031
005/097-region-specific-Kagera-DHAPPQ-Others-ASAQ-Delay-2y,61,967332,2031
005/097-region-specific-Kagera-DHAPPQ-Others-ASAQ-Delay-2y,62,1278024,2031
005/097-region-specific-Kagera-DHAPPQ-Others-ASAQ-Delay-2y,63,1028204,2031
005/097-region-specific-Kagera-DHAPPQ-Others-ASAQ-Delay-2y,64,1028112,2031
005/097-region-specific-Kagera-DHAPPQ-Others-ASAQ-Delay-2y,65,965860,2031
005/097-region-specific-Kagera-DHAPPQ-Others-ASAQ-Delay-2y,66,995408,2031
005/097-region-specific-Kagera-DHAPPQ-Others-ASAQ-Delay-2y,67,916036,2031
005/097-region-specific-Kagera-DHAPPQ-Others-ASAQ-Delay-2y,68,892276,2031
005/097-region-specific-Kagera-DHAPPQ-Others-ASAQ-Delay-2y,69,1078424,2031
005/097-region-specific-Kagera-DHAPPQ-Others-ASAQ-Delay-2y,70,935000,2031
005/097-region-specific-Kagera-DHAPPQ-Others-ASAQ-Delay-2y,71,1079400,2031
005/097-region-specific-Kagera-DHAPPQ-Others-ASAQ-Delay-2y,72,1035808,2031
005/097-region-specific-Kagera-DHAPPQ-Others-ASAQ-Delay-2y,73,1162216,2031
005/097-region-specific-Kagera-DHAPPQ-Others-ASAQ-Delay-2y,74,954420,2031
005/097-region-specific-Kagera-DHAPPQ-Others-ASAQ-Delay-2y,75,946504,2031
005/097-region-specific-Kagera-DHAPPQ-Others-ASAQ-Delay-2y,76,1058864,2031
005/097-region-specific-Kagera-DHAPPQ-Others-ASAQ-Delay-2y,77,956952,2031
005/097-region-specific-Kagera-DHAPPQ-Others-ASAQ-Delay-2y,78,1048456,2031
005/097-region-specific-Kagera-DHAPPQ-Others-ASAQ-Delay-2y,79,911156,2031
005/097-region-specific-Kagera-DHAPPQ-Others-ASAQ-Delay-2y,80,932652,2031
005/097-region-specific-Kagera-DHAPPQ-Others-ASAQ-Delay-2y,81,996152,2031
005/097-region-specific-Kagera-DHAPPQ-Others-ASAQ-Delay-2y,82,982160,2031
005/097-region-specific-Kagera-DHAPPQ-Others-ASAQ-Delay-2y,83,969740,2031
005/097-region-specific-Kagera-DHAPPQ-Others-ASAQ-Delay-2y,84,992684,2031
005/097-region-specific-Kagera-DHAPPQ-Others-ASAQ-Delay-2y,85,1024960,2031
005/097-region-specific-Kagera-DHAPPQ-Others-ASAQ-Delay-2y,86,1202856,2031
005/097-region-specific-Kagera-DHAPPQ-Others-ASAQ-Delay-2y,87,1156096,2031
005/097-region-specific-Kagera-DHAPPQ-Others-ASAQ-Delay-2y,88,1038808,2031
005/097-region-specific-Kagera-DHAPPQ-Others-ASAQ-Delay-2y,89,1187552,2031
005/097-region-specific-Kagera-DHAPPQ-Others-ASAQ-Delay-2y,90,961292,2031
005/097-region-specific-Kagera-DHAPPQ-Others-ASAQ-Delay-2y,91,1084712,2031
005/097-region-specific-Kagera-DHAPPQ-Others-ASAQ-Delay-2y,92,964852,2031
005/097-region-specific-Kagera-DHAPPQ-Others-ASAQ-Delay-2y,93,1007736,2031
005/097-region-specific-Kagera-DHAPPQ-Others-ASAQ-Delay-2y,94,1227800,2031
005/097-region-specific-Kagera-DHAPPQ-Others-ASAQ-Delay-2y,95,1035948,2031
005/097-region-specific-Kagera-DHAPPQ-Others-ASAQ-Delay-2y,96,1084588,2031
005/097-region-specific-Kagera-DHAPPQ-Others-ASAQ-Delay-2y,97,922524,2031
005/097-region-specific-Kagera-DHAPPQ-Others-ASAQ-Delay-2y,98,869332,2031
005/097-region-specific-Kagera-DHAPPQ-Others-ASAQ-Delay-2y,99,1237872,2031
005/098-Delay-ASAQ-1y,0,741356,2031
005/098-Delay-ASAQ-1y,1,676372,2031
005/098-Delay-ASAQ-1y,2,627888,2031
005/098-Delay-ASAQ-1y,3,631248,2031
005/098-Delay-ASAQ-1y,4,670808,2031
005/098-Delay-ASAQ-1y,5,575176,2031
005/098-Delay-ASAQ-1y,6,646840,2031
005/098-Delay-ASAQ-1y,7,782448,2031
005/098-Delay-ASAQ-1y,8,695452,2031
005/098-Delay-ASAQ-1y,9,626104,2031
005/098-Delay-ASAQ-1y,10,637036,2031
005/098-Delay-ASAQ-1y,11,738680,2031
005/098-Delay-ASAQ-1y,12,598708,2031
005/098-Delay-ASAQ-1y,13,734120,2031
005/098-Delay-ASAQ-1y,14,702824,2031
005/098-Delay-ASAQ-1y,15,671112,2031
005/098-Delay-ASAQ-1y,16,641244,2031
005/098-Delay-ASAQ-1y,17,667876,2031
005/098-Delay-ASAQ-1y,18,688040,2031
005/098-Delay-ASAQ-1y,19,797108,2031
005/098-Delay-ASAQ-1y,20,666376,2031
005/098-Delay-ASAQ-1y,21,699676,2031
005/098-Delay-ASAQ-1y,22,690048,2031
005/098-Delay-ASAQ-1y,23,727540,2031
005/098-Delay-ASAQ-1y,24,592404,2031
005/098-Delay-ASAQ-1y,25,659608,2031
005/098-Delay-ASAQ-1y,26,704464,2031
005/098-Delay-ASAQ-1y,27,653716,2031
005/098-Delay-ASAQ-1y,28,743296,2031
005/098-Delay-ASAQ-1y,29,694048,2031
005/098-Delay-ASAQ-1y,30,666552,2031
005/098-Delay-ASAQ-1y,31,670676,2031
005/098-Delay-ASAQ-1y,32,640908,2031
005/098-Delay-ASAQ-1y,33,641536,2031
005/098-Delay-ASAQ-1y,34,668804,2031
005/098-Delay-ASAQ-1y,35,619980,2031
005/098-Delay-ASAQ-1y,36,649800,2031
005/098-Delay-ASAQ-1y,37,644316,2031
005/098-Delay-ASAQ-1y,38,675352,2031
005/098-Delay-ASAQ-1y,39,789196,2031
005/098-Delay-ASAQ-1y,40,654844,2031
005/098-Delay-ASAQ-1y,41,653316,2031
005/098-Delay-ASAQ-1y,42,733380,2031
005/098-Delay-ASAQ-1y,43,707536,2031
005/098-Delay-ASAQ-1y,44,728792,2031
005/098-Delay-ASAQ-1y,45,655684,2031
005/098-Delay-ASAQ-1y,46,822304,2031
005/098-Delay-ASAQ-1y,47,604748,2031
005/098-Delay-ASAQ-1y,48,654944,2031
005/098-Delay-ASAQ-1y,49,668556,2031
005/098-Delay-ASAQ-1y,50,627128,2031
005/098-Delay-ASAQ-1y,51,718744,2031
005/098-Delay-ASAQ-1y,52,667436,2031
005/098-Delay-ASAQ-1y,53,701708,2031
005/098-Delay-ASAQ-1y,54,658484,2031
005/098-Delay-ASAQ-1y,55,721600,2031
005/098-Delay-ASAQ-1y,56,695316,2031
005/098-Delay-ASAQ-1y,57,747228,2031
005/098-Delay-ASAQ-1y,58,663912,2031
005/098-Delay-ASAQ-1y,59,723364,2031
005/098-Delay-ASAQ-1y,60,725572,2031
005/098-Delay-ASAQ-1y,61,691228,2031
005/098-Delay-ASAQ-1y,62,707036,2031
005/098-Delay-ASAQ-1y,63,658804,2031
005/098-Delay-ASAQ-1y,64,697992,2031
005/098-Delay-ASAQ-1y,65,757444,2031
005/098-Delay-ASAQ-1y,66,681832,2031
005/098-Delay-ASAQ-1y,67,706048,2031
005/098-Delay-ASAQ-1y,68,623696,2031
005/098-Delay-ASAQ-1y,69,726164,2031
005/098-Delay-ASAQ-1y,70,681388,2031
005/098-Delay-ASAQ-1y,71,692372,2031
005/098-Delay-ASAQ-1y,72,623424,2031
005/098-Delay-ASAQ-1y,73,730796,2031
005/098-Delay-ASAQ-1y,74,657712,2031
005/098-Delay-ASAQ-1y,75,705128,2031
005/098-Delay-ASAQ-1y,76,638380,2031
005/098-Delay-ASAQ-1y,77,686204,2031
005/098-Delay-ASAQ-1y,78,684996,2031
005/098-Delay-ASAQ-1y,79,684516,2031
005/098-Delay-ASAQ-1y,80,647984,2031
005/098-Delay-ASAQ-1y,81,641644,2031
005/098-Delay-ASAQ-1y,82,706656,2031
005/098-Delay-ASAQ-1y,83,658768,2031
005/098-Delay-ASAQ-1y,84,675624,2031
005/098-Delay-ASAQ-1y,85,783344,2031
005/098-Delay-ASAQ-1y,86,708788,2031
005/098-Delay-ASAQ-1y,87,809920,2031
005/098-Delay-ASAQ-1y,88,701468,2031
005/098-Delay-ASAQ-1y,89,699952,2031
005/098-Delay-ASAQ-1y,90,592252,2031
005/098-Delay-ASAQ-1y,91,697460,2031
005/098-Delay-ASAQ-1y,92,623428,2031
005/098-Delay-ASAQ-1y,93,636012,2031
005/098-Delay-ASAQ-1y,94,708572,2031
005/098-Delay-ASAQ-1y,95,658740,2031
005/098-Delay-ASAQ-1y,96,643404,2031
005/098-Delay-ASAQ-1y,97,699524,2031
005/098-Delay-ASAQ-1y,98,684928,2031
005/098-Delay-ASAQ-1y,99,643480,2031
005/099-Delay-ASAQ-2y,0,837444,2031
005/099-Delay-ASAQ-2y,1,749696,2031
005/099-Delay-ASAQ-2y,2,820304,2031
005/099-Delay-ASAQ-2y,3,888288,2031
005/099-Delay-ASAQ-2y,4,788360,2031
005/099-Delay-ASAQ-2y,5,803372,2031
005/099-Delay-ASAQ-2y,6,840204,2031
005/099-Delay-ASAQ-2y,7,865192,2031
005/099-Delay-ASAQ-2y,8,794664,2031
005/099-Delay-ASAQ-2y,9,876248,2031
005/099-Delay-ASAQ-2y,10,807880,2031
005/099-Delay-ASAQ-2y,11,1133284,2031
005/099-Delay-ASAQ-2y,12,841836,2031
005/099-Delay-ASAQ-2y,13,812368,2031
005/099-Delay-ASAQ-2y,14,771356,2031
005/099-Delay-ASAQ-2y,15,713528,2031
005/099-Delay-ASAQ-2y,16,769072,2031
005/099-Delay-ASAQ-2y,17,1031252,2031
005/099-Delay-ASAQ-2y,18,848780,2031
005/099-Delay-ASAQ-2y,19,913320,2031
005/099-Delay-ASAQ-2y,20,765788,2031
005/099-Delay-ASAQ-2y,21,839196,2031
005/099-Delay-ASAQ-2y,22,766180,2031
005/099-Delay-ASAQ-2y,23,930840,2031
005/099-Delay-ASAQ-2y,24,980688,2031
005/099-Delay-ASAQ-2y,25,939424,2031
005/099-Delay-ASAQ-2y,26,852684,2031
005/099-Delay-ASAQ-2y,27,746180,2031
005/099-Delay-ASAQ-2y,28,951500,2031
005/099-Delay-ASAQ-2y,29,814080,2031
005/099-Delay-ASAQ-2y,30,920276,2031
005/099-Delay-ASAQ-2y,31,978980,2031
005/099-Delay-ASAQ-2y,32,847404,2031
005/099-Delay-ASAQ-2y,33,786908,2031
005/099-Delay-ASAQ-2y,34,862928,2031
005/099-Delay-ASAQ-2y,35,888124,2031
005/099-Delay-ASAQ-2y,36,807928,2031
005/099-Delay-ASAQ-2y,37,759728,2031
005/099-Delay-ASAQ-2y,38,825368,2031
005/099-Delay-ASAQ-2y,39,827908,2031
005/099-Delay-ASAQ-2y,40,818148,2031
005/099-Delay-ASAQ-2y,41,807504,2031
005/099-Delay-ASAQ-2y,42,774556,2031
005/099-Delay-ASAQ-2y,43,842452,2031
005/099-Delay-ASAQ-2y,44,944064,2031
005/099-Delay-ASAQ-2y,45,777844,2031
005/099-Delay-ASAQ-2y,46,869288,2031
005/099-Delay-ASAQ-2y,47,904336,2031
005/099-Delay-ASAQ-2y,48,770580,2031
005/099-Delay-ASAQ-2y,49,724044,2031
005/099-Delay-ASAQ-2y,50,842824,2031
005/099-Delay-ASAQ-2y,51,885552,2031
005/099-Delay-ASAQ-2y,52,813712,2031
005/099-Delay-ASAQ-2y,53,882908,2031
005/099-Delay-ASAQ-2y,54,739392,2031
005/099-Delay-ASAQ-2y,55,939660,2031
005/099-Delay-ASAQ-2y,56,817688,2031
005/099-Delay-ASAQ-2y,57,754656,2031
005/099-Delay-ASAQ-2y,58,1011204,2031
005/099-Delay-ASAQ-2y,59,750568,2031
005/099-Delay-ASAQ-2y,60,704000,2031
005/099-Delay-ASAQ-2y,61,902128,2031
005/099-Delay-ASAQ-2y,62,801084,2031
005/099-Delay-ASAQ-2y,63,798052,2031
005/099-Delay-ASAQ-2y,64,909696,2031
005/099-Delay-ASAQ-2y,65,1064692,2031
005/099-Delay-ASAQ-2y,66,901136,2031
005/099-Delay-ASAQ-2y,67,919972,2031
005/099-Delay-ASAQ-2y,68,826320,2031
005/099-Delay-ASAQ-2y,69,860884,2031
005/099-Delay-ASAQ-2y,70,796504,2031
005/099-Delay-ASAQ-2y,71,838212,2031
005/099-Delay-ASAQ-2y,72,894400,2031
005/099-Delay-ASAQ-2y,73,960044,2031
005/099-Delay-ASAQ-2y,74,1014364,2031
005/099-Delay-ASAQ-2y,75,963432,2031
005/099-Delay-ASAQ-2y,76,875364,2031
005/099-Delay-ASAQ-2y,77,790924,2031
005/099-Delay-ASAQ-2y,78,872948,2031
005/099-Delay-ASAQ-2y,79,778104,2031
005/099-Delay-ASAQ-2y,80,851628,2031
005/099-Delay-ASAQ-2y,81,885480,2031
005/099-Delay-ASAQ-2y,82,746620,2031
005/099-Delay-ASAQ-2y,83,825660,2031
005/099-Delay-ASAQ-2y,84,844008,2031
005/099-Delay-ASAQ-2y,85,840412,2031
005/099-Delay-ASAQ-2y,86,842464,2031
005/099-Delay-ASAQ-2y,87,755668,2031
005/099-Delay-ASAQ-2y,88,765488,2031
005/099-Delay-ASAQ-2y,89,790536,2031
005/099-Delay-ASAQ-2y,90,827360,2031
005/099-Delay-ASAQ-2y,91,790724,2031
005/099-Delay-ASAQ-2y,92,941616,2031
005/099-Delay-ASAQ-2y,93,890472,2031
005/099-Delay-ASAQ-2y,94,804184,2031
005/099-Delay-ASAQ-2y,95,907048,2031
005/099-Delay-ASAQ-2y,96,860024,2031
005/099-Delay-ASAQ-2y,97,849516,2031
005/099-Delay-ASAQ-2y,98,781096,2031
005/099-Delay-ASAQ-2y,99,970332,2031
005/100-Delay-ASAQ-3y,0,1176604,2031
005/100-Delay-ASAQ-3y,1,1055604,2031
005/100-Delay-ASAQ-3y,2,1212436,2031
005/100-Delay-ASAQ-3y,3,1128584,2031
005/100-Delay-ASAQ-3y,4,1149692,2031
005/100-Delay-ASAQ-3y,5,1219560,2031
005/100-Delay-ASAQ-3y,6,1127228,2031
005/100-Delay-ASAQ-3y,7,1065024,2031
005/100-Delay-ASAQ-3y,8,1022252,2031
005/100-Delay-ASAQ-3y,9,1021080,2031
005/100-Delay-ASAQ-3y,10,962044,2031
005/100-Delay-ASAQ-3y,11,1108444,2031
005/100-Delay-ASAQ-3y,12,1114000,2031
005/100-Delay-ASAQ-3y,13,957572,2031
005/100-Delay-ASAQ-3y,14,978952,2031
005/100-Delay-ASAQ-3y,15,1203460,2031
005/100-Delay-ASAQ-3y,16,1029752,2031
005/100-Delay-ASAQ-3y,17,1117880,2031
005/100-Delay-ASAQ-3y,18,1016872,2031
005/100-Delay-ASAQ-3y,19,1060864,2031
005/100-Delay-ASAQ-3y,20,1208732,2031
005/100-Delay-ASAQ-3y,21,1205552,2031
005/100-Delay-ASAQ-3y,22,1165324,2031
005/100-Delay-ASAQ-3y,23,1103860,2031
005/100-Delay-ASAQ-3y,24,923512,2031
005/100-Delay-ASAQ-3y,25,988152,2031
005/100-Delay-ASAQ-3y,26,1109148,2031
005/100-Delay-ASAQ-3y,27,963604,2031
005/100-Delay-ASAQ-3y,28,1049956,2031
005/100-Delay-ASAQ-3y,29,944964,2031
005/100-Delay-ASAQ-3y,30,1051860,2031
005/100-Delay-ASAQ-3y,31,1083764,2031
005/100-Delay-ASAQ-3y,32,1211920,2031
005/100-Delay-ASAQ-3y,33,966604,2031
005/100-Delay-ASAQ-3y,34,1230328,2031
005/100-Delay-ASAQ-3y,35,911224,2031
005/100-Delay-ASAQ-3y,36,1059444,2031
005/100-Delay-ASAQ-3y,37,1195984,2031
005/100-Delay-ASAQ-3y,38,1093288,2031
005/100-Delay-ASAQ-3y,39,1067132,2031
005/100-Delay-ASAQ-3y,40,1043992,2031
005/100-Delay-ASAQ-3y,41,1016940,2031
005/100-Delay-ASAQ-3y,42,1098524,2031
005/100-Delay-ASAQ-3y,43,1086820,2031
005/100-Delay-ASAQ-3y,44,1006452,2031
005/100-Delay-ASAQ-3y,45,1399948,2031
005/100-Delay-ASAQ-3y,46,1060488,2031
005/100-Delay-ASAQ-3y,47,1279844,2031
005/100-Delay-ASAQ-3y,48,1198512,2031
005/100-Delay-ASAQ-3y,49,1178576,2031
005/100-Delay-ASAQ-3y,50,932856,2031
005/100-Delay-ASAQ-3y,51,975396,2031
005/100-Delay-ASAQ-3y,52,988720,2031
005/100-Delay-ASAQ-3y,53,1069588,2031
005/100-Delay-ASAQ-3y,54,1032288,2031
005/100-Delay-ASAQ-3y,55,1175092,2031
005/100-Delay-ASAQ-3y,56,1102444,2031
005/100-Delay-ASAQ-3y,57,1095708,2031
005/100-Delay-ASAQ-3y,58,936500,2031
005/100-Delay-ASAQ-3y,59,1233320,2031
005/100-Delay-ASAQ-3y,60,1289912,2031
005/100-Delay-ASAQ-3y,61,1081016,2031
005/100-Delay-ASAQ-3y,62,1098236,2031
005/100-Delay-ASAQ-3y,63,1148672,2031
005/100-Delay-ASAQ-3y,64,1118216,2031
005/100-Delay-ASAQ-3y,65,949624,2031
005/100-Delay-ASAQ-3y,66,1024056,2031
005/100-Delay-ASAQ-3y,67,1111852,2031
005/100-Delay-ASAQ-3y,68,1394592,2031
005/100-Delay-ASAQ-3y,69,1027896,2031
005/100-Delay-ASAQ-3y,70,988904,2031
005/100-Delay-ASAQ-3y,71,1022644,2031
005/100-Delay-ASAQ-3y,72,1223684,2031
005/100-Delay-ASAQ-3y,73,908364,2031
005/100-Delay-ASAQ-3y,74,1060636,2031
005/100-Delay-ASAQ-3y,75,1120104,2031
005/100-Delay-ASAQ-3y,76,1044196,2031
005/100-Delay-ASAQ-3y,77,980404,2031
005/100-Delay-ASAQ-3y,78,966036,2031
005/100-Delay-ASAQ-3y,79,924604,2031
005/100-Delay-ASAQ-3y,80,1004816,2031
005/100-Delay-ASAQ-3y,81,970732,2031
005/100-Delay-ASAQ-3y,82,1112272,2031
005/100-Delay-ASAQ-3y,83,1001572,2031
005/100-Delay-ASAQ-3y,84,1112592,2031
005/100-Delay-ASAQ-3y,85,1050156,2031
005/100-Delay-ASAQ-3y,86,1005300,2031
005/100-Delay-ASAQ-3y,87,1048656,2031
005/100-Delay-ASAQ-3y,88,1220792,2031
005/100-Delay-ASAQ-3y,89,1118420,2031
005/100-Delay-ASAQ-3y,90,1082872,2031
005/100-Delay-ASAQ-3y,91,1040792,2031
005/100-Delay-ASAQ-3y,92,1781248,2031
005/100-Delay-ASAQ-3y,93,900084,2031
005/100-Delay-ASAQ-3y,94,1056384,2031
005/100-Delay-ASAQ-3y,95,1018164,2031
005/100-Delay-ASAQ-3y,96,1053896,2031
005/100-Delay-ASAQ-3y,97,989924,2031
005/100-Delay-ASAQ-3y,98,1299052,2031
005/100-Delay-ASAQ-3y,99,966040,2031
005/101-Delay-ASAQ-4y,0,1354688,2031
005/101-Delay-ASAQ-4y,1,1254328,2031
005/101-Delay-ASAQ-4y,2,1300392,2031
005/101-Delay-ASAQ-4y,3,1308596,2031
005/101-Delay-ASAQ-4y,4,1269460,2031
005/101-Delay-ASAQ-4y,5,1489052,2031
005/101-Delay-ASAQ-4y,6,1019484,2031
005/101-Delay-ASAQ-4y,7,1276764,2031
005/101-Delay-ASAQ-4y,8,1162072,2031
005/101-Delay-ASAQ-4y,9,1270500,2031
005/101-Delay-ASAQ-4y,10,1412600,2031
005/101-Delay-ASAQ-4y,11,1313372,2031
005/101-Delay-ASAQ-4y,12,1190972,2031
005/101-Delay-ASAQ-4y,13,1323756,2031
005/101-Delay-ASAQ-4y,14,1546368,2031
005/101-Delay-ASAQ-4y,15,1274412,2031
005/101-Delay-ASAQ-4y,16,1340364,2031
005/101-Delay-ASAQ-4y,17,1316368,2031
005/101-Delay-ASAQ-4y,18,1376020,2031
005/101-Delay-ASAQ-4y,19,1342356,2031
005/101-Delay-ASAQ-4y,20,2080012,2031
005/101-Delay-ASAQ-4y,21,2007344,2031
005/101-Delay-ASAQ-4y,22,1224992,2031
005/101-Delay-ASAQ-4y,23,1254848,2031
005/101-Delay-ASAQ-4y,24,1440600,2031
005/101-Delay-ASAQ-4y,25,1137060,2031
005/101-Delay-ASAQ-4y,26,1497312,2031
005/101-Delay-ASAQ-4y,27,1266532,2031
005/101-Delay-ASAQ-4y,28,1268764,2031
005/101-Delay-ASAQ-4y,29,1533884,2031
005/101-Delay-ASAQ-4y,30,1272408,2031
005/101-Delay-ASAQ-4y,31,1353496,2031
005/101-Delay-ASAQ-4y,32,1953540,2031
005/101-Delay-ASAQ-4y,33,1307140,2031
005/101-Delay-ASAQ-4y,34,1402248,2031
005/101-Delay-ASAQ-4y,35,1586292,2031
005/101-Delay-ASAQ-4y,36,1302952,2031
005/101-Delay-ASAQ-4y,37,1391912,2031
005/101-Delay-ASAQ-4y,38,1371208,2031
005/101-Delay-ASAQ-4y,39,1506464,2031
005/101-Delay-ASAQ-4y,40,1226760,2031
005/101-Delay-ASAQ-4y,41,1443368,2031
005/101-Delay-ASAQ-4y,42,1275340,2031
005/101-Delay-ASAQ-4y,43,1375216,2031
005/101-Delay-ASAQ-4y,44,1305856,2031
005/101-Delay-ASAQ-4y,45,1602296,2031
005/101-Delay-ASAQ-4y,46,1827016,2031
005/101-Delay-ASAQ-4y,47,1467516,2031
005/101-Delay-ASAQ-4y,48,1279996,2031
005/101-Delay-ASAQ-4y,49,1359884,2031
005/101-Delay-ASAQ-4y,50,1573776,2031
005/101-Delay-ASAQ-4y,51,1172724,2031
005/101-Delay-ASAQ-4y,52,1259092,2031
005/101-Delay-ASAQ-4y,53,1278116,2031
005/101-Delay-ASAQ-4y,54,1025968,2031
005/101-Delay-ASAQ-4y,55,1311048,2031
005/101-Delay-ASAQ-4y,56,1917224,2031
005/101-Delay-ASAQ-4y,57,1247476,2031
005/101-Delay-ASAQ-4y,58,1321620,2031
005/101-Delay-ASAQ-4y,59,1142912,2031
005/101-Delay-ASAQ-4y,60,1704484,2031
005/101-Delay-ASAQ-4y,61,1281124,2031
005/101-Delay-ASAQ-4y,62,1477524,2031
005/101-Delay-ASAQ-4y,63,1424288,2031
005/101-Delay-ASAQ-4y,64,1418632,2031
005/101-Delay-ASAQ-4y,65,1247180,2031
005/101-Delay-ASAQ-4y,66,1533380,2031
005/101-Delay-ASAQ-4y,67,1421060,2031
005/101-Delay-ASAQ-4y,68,1540260,2031
005/101-Delay-ASAQ-4y,69,1280324,2031
005/101-Delay-ASAQ-4y,70,1344400,2031
005/101-Delay-ASAQ-4y,71,1515100,2031
005/101-Delay-ASAQ-4y,72,1180692,2031
005/101-Delay-ASAQ-4y,73,1160392,2031
005/101-Delay-ASAQ-4y,74,1298864,2031
005/101-Delay-ASAQ-4y,75,1390084,2031
005/101-Delay-ASAQ-4y,76,1474800,2031
005/101-Delay-ASAQ-4y,77,1428720,2031
005/101-Delay-ASAQ-4y,78,1248832,2031
005/101-Delay-ASAQ-4y,79,1206876,2031
005/101-Delay-ASAQ-4y,80,1225712,2031
005/101-Delay-ASAQ-4y,81,1278112,2031
005/101-Delay-ASAQ-4y,82,1978480,2031
005/101-Delay-ASAQ-4y,83,1481172,2031
005/101-Delay-ASAQ-4y,84,1212432,2031
005/101-Delay-ASAQ-4y,85,1491864,2031
005/101-Delay-ASAQ-4y,86,1299024,2031
005/101-Delay-ASAQ-4y,87,1266192,2031
005/101-Delay-ASAQ-4y,88,1143092,2031
005/101-Delay-ASAQ-4y,89,1244612,2031
005/101-Delay-ASAQ-4y,90,1268676,2031
005/101-Delay-ASAQ-4y,91,1116744,2031
005/101-Delay-ASAQ-4y,92,1865804,2031
005/101-Delay-ASAQ-4y,93,1506864,2031
005/101-Delay-ASAQ-4y,94,1564480,2031
005/101-Delay-ASAQ-4y,95,1631468,2031
005/101-Delay-ASAQ-4y,96,1395568,2031
005/101-Delay-ASAQ-4y,97,1678092,2031
005/101-Delay-ASAQ-4y,98,1378408,2031
005/101-Delay-ASAQ-4y,99,1108804,2031
