scenario,run,k13_frequency,year
007/000-status-quo,0,0.8202131178348036,2031
007/000-status-quo,1,0.7773037664055735,2031
007/000-status-quo,2,0.729802487863881,2031
007/000-status-quo,3,0.8313848612016491,2031
007/000-status-quo,4,0.711789205708453,2031
007/000-status-quo,5,0.7804313477944896,2031
007/000-status-quo,6,0.7153078713792002,2031
007/000-status-quo,7,0.7403319556070772,2031
007/000-status-quo,8,0.7598152119619378,2031
007/000-status-quo,9,0.7970322071252937,2031
007/000-status-quo,10,0.7722084173126057,2031
007/000-status-quo,11,0.7324235977477301,2031
007/000-status-quo,12,0.7358137453596397,2031
007/000-status-quo,13,0.7331963017081363,2031
007/000-status-quo,14,0.8125206488767119,2031
007/000-status-quo,15,0.7378458809145974,2031
007/000-status-quo,16,0.6789827267448781,2031
007/000-status-quo,17,0.7618178699999237,2031
007/000-status-quo,18,0.7785572660458971,2031
007/000-status-quo,19,0.7966525195631058,2031
007/000-status-quo,20,0.7694615185824372,2031
007/000-status-quo,21,0.7262607693543334,2031
007/000-status-quo,22,0.7826751878049283,2031
007/000-status-quo,23,0.7756542365702828,2031
007/000-status-quo,24,0.7789131578397784,2031
007/000-status-quo,25,0.8337453868587782,2031
007/000-status-quo,26,0.7003440160264546,2031
007/000-status-quo,27,0.7533827867226573,2031
007/000-status-quo,28,0.7366087947193715,2031
007/000-status-quo,29,0.6391798366055518,2031
007/000-status-quo,30,0.7234685887030051,2031
007/000-status-quo,31,0.8423003628504032,2031
007/000-status-quo,32,0.7325229108774405,2031
007/000-status-quo,33,0.7404168668640408,2031
007/000-status-quo,34,0.6554958099689969,2031
007/000-status-quo,35,0.6582922396170553,2031
007/000-status-quo,36,0.6284578065012156,2031
007/000-status-quo,37,0.818549629690864,2031
007/000-status-quo,38,0.7899604969632313,2031
007/000-status-quo,39,0.6520790296314899,2031
007/000-status-quo,40,0.7685435342767687,2031
007/000-status-quo,41,0.7010947387879399,2031
007/000-status-quo,42,0.8902264800274354,2031
007/000-status-quo,43,0.6875348300072347,2031
007/000-status-quo,44,0.6773322433421322,2031
007/000-status-quo,45,0.7002555990022631,2031
007/000-status-quo,46,0.6461430016307509,2031
007/000-status-quo,47,0.7327039730926023,2031
007/000-status-quo,48,0.6440710758952346,2031
007/000-status-quo,49,0.650521819318014,2031
007/000-status-quo,50,0.7307611733983636,2031
007/000-status-quo,51,0.9041100118280134,2031
007/000-status-quo,52,0.6743928509704739,2031
007/000-status-quo,53,0.7403401125408346,2031
007/000-status-quo,54,0.7812182148381126,2031
007/000-status-quo,55,0.8394651374738951,2031
007/000-status-quo,56,0.8253142699953048,2031
007/000-status-quo,57,0.7948916562711728,2031
007/000-status-quo,58,0.7220957634026965,2031
007/000-status-quo,59,0.6553305686363188,2031
007/000-status-quo,60,0.864310187539128,2031
007/000-status-quo,61,0.7274876858446099,2031
007/000-status-quo,62,0.7140017022555539,2031
007/000-status-quo,63,0.8562227806614283,2031
007/000-status-quo,64,0.7571603205733343,2031
007/000-status-quo,65,0.7197449661909695,2031
007/000-status-quo,66,0.6754376995184468,2031
007/000-status-quo,67,0.6882992397621144,2031
007/000-status-quo,68,0.7476271882040427,2031
007/000-status-quo,69,0.6535326551032058,2031
007/000-status-quo,70,0.7580936682573497,2031
007/000-status-quo,71,0.7855407376667957,2031
007/000-status-quo,72,0.746740429440802,2031
007/000-status-quo,73,0.7109383141403889,2031
007/000-status-quo,74,0.6966407705705214,2031
007/000-status-quo,75,0.74021315905049,2031
007/000-status-quo,76,0.7984205980737715,2031
007/000-status-quo,77,0.7256666127834909,2031
007/000-status-quo,78,0.6915145195780088,2031
007/000-status-quo,79,0.7720416686066094,2031
007/000-status-quo,80,0.8116589995485343,2031
007/000-status-quo,81,0.7127600966198263,2031
007/000-status-quo,82,0.6846954351671831,2031
007/000-status-quo,83,0.7396589523911965,2031
007/000-status-quo,84,0.6678795187734837,2031
007/000-status-quo,85,0.735094694844664,2031
007/000-status-quo,86,0.7798709966630067,2031
007/000-status-quo,87,0.7799551311636064,2031
007/000-status-quo,88,0.7687276095105856,2031
007/000-status-quo,89,0.7582177253187683,2031
007/000-status-quo,90,0.7403282790372931,2031
007/000-status-quo,91,0.7612753840746883,2031
007/000-status-quo,92,0.7639463427877741,2031
007/000-status-quo,93,0.7807819400268211,2031
007/000-status-quo,94,0.7816460410056009,2031
007/000-status-quo,95,0.7962293690102964,2031
007/000-status-quo,96,0.7876864539450282,2031
007/000-status-quo,97,0.5718815041726742,2031
007/000-status-quo,98,0.7026857538764463,2031
007/000-status-quo,99,0.8592869071209169,2031
007/001-basic-ASAQ,0,0.34965170358878767,2031
007/001-basic-ASAQ,1,0.37529276339348167,2031
007/001-basic-ASAQ,2,0.41918674576867293,2031
007/001-basic-ASAQ,3,0.37987697056976594,2031
007/001-basic-ASAQ,4,0.4717427283368016,2031
007/001-basic-ASAQ,5,0.4562922527907997,2031
007/001-basic-ASAQ,6,0.34264585138636133,2031
007/001-basic-ASAQ,7,0.31797639435415764,2031
007/001-basic-ASAQ,8,0.37921607387354767,2031
007/001-basic-ASAQ,9,0.34576627892528555,2031
007/001-basic-ASAQ,10,0.3362186259691997,2031
007/001-basic-ASAQ,11,0.39131023727397324,2031
007/001-basic-ASAQ,12,0.33178634865725126,2031
007/001-basic-ASAQ,13,0.36566426440515687,2031
007/001-basic-ASAQ,14,0.27878707770314987,2031
007/001-basic-ASAQ,15,0.4042234663253695,2031
007/001-basic-ASAQ,16,0.34561021129233754,2031
007/001-basic-ASAQ,17,0.2922880176525512,2031
007/001-basic-ASAQ,18,0.4240020721464184,2031
007/001-basic-ASAQ,19,0.30087963806840007,2031
007/001-basic-ASAQ,20,0.35119994454419096,2031
007/001-basic-ASAQ,21,0.3555805243140602,2031
007/001-basic-ASAQ,22,0.3646172789956488,2031
007/001-basic-ASAQ,23,0.38598319752152993,2031
007/001-basic-ASAQ,24,0.397385284505891,2031
007/001-basic-ASAQ,25,0.41875304791170426,2031
007/001-basic-ASAQ,26,0.3569560223986818,2031
007/001-basic-ASAQ,27,0.38545409626444965,2031
007/001-basic-ASAQ,28,0.3996512909985863,2031
007/001-basic-ASAQ,29,0.43060485782514596,2031
007/001-basic-ASAQ,30,0.332779915694612,2031
007/001-basic-ASAQ,31,0.3751589455181967,2031
007/001-basic-ASAQ,32,0.2657673977812945,2031
007/001-basic-ASAQ,33,0.3303315179946679,2031
007/001-basic-ASAQ,34,0.35682582510974675,2031
007/001-basic-ASAQ,35,0.38938767565494753,2031
007/001-basic-ASAQ,36,0.3590290776308261,2031
007/001-basic-ASAQ,37,0.4345797575225537,2031
007/001-basic-ASAQ,38,0.38002675427420946,2031
007/001-basic-ASAQ,39,0.36927867491985905,2031
007/001-basic-ASAQ,40,0.3626581535121369,2031
007/001-basic-ASAQ,41,0.4492827103012464,2031
007/001-basic-ASAQ,42,0.3479954270318904,2031
007/001-basic-ASAQ,43,0.38282473449392534,2031
007/001-basic-ASAQ,44,0.3662628541760587,2031
007/001-basic-ASAQ,45,0.4044201846373827,2031
007/001-basic-ASAQ,46,0.4057400792588841,2031
007/001-basic-ASAQ,47,0.37207995912333347,2031
007/001-basic-ASAQ,48,0.3759038096514144,2031
007/001-basic-ASAQ,49,0.3654067392864519,2031
007/001-basic-ASAQ,50,0.3585952668464489,2031
007/001-basic-ASAQ,51,0.41110377060738906,2031
007/001-basic-ASAQ,52,0.39326248449653334,2031
007/001-basic-ASAQ,53,0.39076653472192174,2031
007/001-basic-ASAQ,54,0.37621354211674407,2031
007/001-basic-ASAQ,55,0.3556249368411062,2031
007/001-basic-ASAQ,56,0.34577804604408424,2031
007/001-basic-ASAQ,57,0.38931373476559156,2031
007/001-basic-ASAQ,58,0.4114664031032398,2031
007/001-basic-ASAQ,59,0.3323871752058639,2031
007/001-basic-ASAQ,60,0.3858795591147144,2031
007/001-basic-ASAQ,61,0.36234691888328324,2031
007/001-basic-ASAQ,62,0.4021523834456085,2031
007/001-basic-ASAQ,63,0.42646139621392903,2031
007/001-basic-ASAQ,64,0.2988196885100744,2031
007/001-basic-ASAQ,65,0.28309235705302904,2031
007/001-basic-ASAQ,66,0.3007169858261281,2031
007/001-basic-ASAQ,67,0.3613798422998413,2031
007/001-basic-ASAQ,68,0.35698950376776745,2031
007/001-basic-ASAQ,69,0.42997818145621336,2031
007/001-basic-ASAQ,70,0.41001155284386637,2031
007/001-basic-ASAQ,71,0.32323188373524636,2031
007/001-basic-ASAQ,72,0.4173539784863161,2031
007/001-basic-ASAQ,73,0.3705095083803591,2031
007/001-basic-ASAQ,74,0.3243866322232524,2031
007/001-basic-ASAQ,75,0.4756826353829338,2031
007/001-basic-ASAQ,76,0.4051494442175258,2031
007/001-basic-ASAQ,77,0.35973887176282354,2031
007/001-basic-ASAQ,78,0.38407416390827076,2031
007/001-basic-ASAQ,79,0.34896424005118626,2031
007/001-basic-ASAQ,80,0.2757909575439824,2031
007/001-basic-ASAQ,81,0.30984397591674506,2031
007/001-basic-ASAQ,82,0.4049026254117796,2031
007/001-basic-ASAQ,83,0.4029293566462458,2031
007/001-basic-ASAQ,84,0.4036003280385345,2031
007/001-basic-ASAQ,85,0.4891081857601516,2031
007/001-basic-ASAQ,86,0.3305230160882508,2031
007/001-basic-ASAQ,87,0.3425978487474177,2031
007/001-basic-ASAQ,88,0.38274838819453555,2031
007/001-basic-ASAQ,89,0.433197588832648,2031
007/001-basic-ASAQ,90,0.42275159737787055,2031
007/001-basic-ASAQ,91,0.3046116423065816,2031
007/001-basic-ASAQ,92,0.39033450651992424,2031
007/001-basic-ASAQ,93,0.3984266663205884,2031
007/001-basic-ASAQ,94,0.43866403669757964,2031
007/001-basic-ASAQ,95,0.4005791472365842,2031
007/001-basic-ASAQ,96,0.4262133077240427,2031
007/001-basic-ASAQ,97,0.33874366505157355,2031
007/001-basic-ASAQ,98,0.4118352858897955,2031
007/001-basic-ASAQ,99,0.3965353209260513,2031
007/002-basic-DHAPPQ,0,0.8417471534594122,2031
007/002-basic-DHAPPQ,1,0.7819056405261131,2031
007/002-basic-DHAPPQ,2,0.7678486268382763,2031
007/002-basic-DHAPPQ,3,0.8333535325122593,2031
007/002-basic-DHAPPQ,4,0.8122737088256522,2031
007/002-basic-DHAPPQ,5,0.7718108729483425,2031
007/002-basic-DHAPPQ,6,0.9025790295575219,2031
007/002-basic-DHAPPQ,7,0.8328475328869699,2031
007/002-basic-DHAPPQ,8,0.7643275959873272,2031
007/002-basic-DHAPPQ,9,0.8362355260138604,2031
007/002-basic-DHAPPQ,10,0.8187754051866928,2031
007/002-basic-DHAPPQ,11,0.7506913557463286,2031
007/002-basic-DHAPPQ,12,0.8403819413304404,2031
007/002-basic-DHAPPQ,13,0.7927510446247691,2031
007/002-basic-DHAPPQ,14,0.7810730486099177,2031
007/002-basic-DHAPPQ,15,0.8539378019192299,2031
007/002-basic-DHAPPQ,16,0.8178714309455097,2031
007/002-basic-DHAPPQ,17,0.7178203951381145,2031
007/002-basic-DHAPPQ,18,0.7815513368366526,2031
007/002-basic-DHAPPQ,19,0.7952049466054315,2031
007/002-basic-DHAPPQ,20,0.8136553192032245,2031
007/002-basic-DHAPPQ,21,0.8438739578590821,2031
007/002-basic-DHAPPQ,22,0.7774809053258326,2031
007/002-basic-DHAPPQ,23,0.8346175053185724,2031
007/002-basic-DHAPPQ,24,0.7400214327092033,2031
007/002-basic-DHAPPQ,25,0.7830923322618704,2031
007/002-basic-DHAPPQ,26,0.7365840334818108,2031
007/002-basic-DHAPPQ,27,0.7508741107788562,2031
007/002-basic-DHAPPQ,28,0.8501946310545617,2031
007/002-basic-DHAPPQ,29,0.7470030519208318,2031
007/002-basic-DHAPPQ,30,0.8381316914843056,2031
007/002-basic-DHAPPQ,31,0.8436782356880327,2031
007/002-basic-DHAPPQ,32,0.812076758287202,2031
007/002-basic-DHAPPQ,33,0.7908513966014771,2031
007/002-basic-DHAPPQ,34,0.7943080216104678,2031
007/002-basic-DHAPPQ,35,0.7883192730529679,2031
007/002-basic-DHAPPQ,36,0.8248761999414221,2031
007/002-basic-DHAPPQ,37,0.8465592579630549,2031
007/002-basic-DHAPPQ,38,0.8197113288190726,2031
007/002-basic-DHAPPQ,39,0.8037733482875639,2031
007/002-basic-DHAPPQ,40,0.8080086155068611,2031
007/002-basic-DHAPPQ,41,0.74992405513083,2031
007/002-basic-DHAPPQ,42,0.8169894081191619,2031
007/002-basic-DHAPPQ,43,0.8060050860299802,2031
007/002-basic-DHAPPQ,44,0.8001578480258328,2031
007/002-basic-DHAPPQ,45,0.8278013594507594,2031
007/002-basic-DHAPPQ,46,0.8204595075650291,2031
007/002-basic-DHAPPQ,47,0.8228938084660361,2031
007/002-basic-DHAPPQ,48,0.7908004617701797,2031
007/002-basic-DHAPPQ,49,0.8232356838955909,2031
007/002-basic-DHAPPQ,50,0.8451903435278382,2031
007/002-basic-DHAPPQ,51,0.827609135927259,2031
007/002-basic-DHAPPQ,52,0.8041999302008974,2031
007/002-basic-DHAPPQ,53,0.8309016418084155,2031
007/002-basic-DHAPPQ,54,0.8254951884784392,2031
007/002-basic-DHAPPQ,55,0.8273318245779095,2031
007/002-basic-DHAPPQ,56,0.826785830587948,2031
007/002-basic-DHAPPQ,57,0.822561968526272,2031
007/002-basic-DHAPPQ,58,0.8061429361340496,2031
007/002-basic-DHAPPQ,59,0.8133017785104467,2031
007/002-basic-DHAPPQ,60,0.7840613215016415,2031
007/002-basic-DHAPPQ,61,0.779867442802013,2031
007/002-basic-DHAPPQ,62,0.8709381818791151,2031
007/002-basic-DHAPPQ,63,0.8235661333337588,2031
007/002-basic-DHAPPQ,64,0.7472248790865853,2031
007/002-basic-DHAPPQ,65,0.7540638495019736,2031
007/002-basic-DHAPPQ,66,0.7868808311875229,2031
007/002-basic-DHAPPQ,67,0.7604811487002164,2031
007/002-basic-DHAPPQ,68,0.8555199219195431,2031
007/002-basic-DHAPPQ,69,0.8140377405179727,2031
007/002-basic-DHAPPQ,70,0.8004648840756471,2031
007/002-basic-DHAPPQ,71,0.7603874355276274,2031
007/002-basic-DHAPPQ,72,0.770179791176718,2031
007/002-basic-DHAPPQ,73,0.7719411217128612,2031
007/002-basic-DHAPPQ,74,0.7952162685562252,2031
007/002-basic-DHAPPQ,75,0.8432003680642306,2031
007/002-basic-DHAPPQ,76,0.758890904978689,2031
007/002-basic-DHAPPQ,77,0.7955479768450378,2031
007/002-basic-DHAPPQ,78,0.8449537766630835,2031
007/002-basic-DHAPPQ,79,0.8071631268175717,2031
007/002-basic-DHAPPQ,80,0.8336287530657146,2031
007/002-basic-DHAPPQ,81,0.8463029469310529,2031
007/002-basic-DHAPPQ,82,0.8314511166867228,2031
007/002-basic-DHAPPQ,83,0.7853335609287928,2031
007/002-basic-DHAPPQ,84,0.8199824378817074,2031
007/002-basic-DHAPPQ,85,0.8362314158315249,2031
007/002-basic-DHAPPQ,86,0.7792195774662088,2031
007/002-basic-DHAPPQ,87,0.8314635593354329,2031
007/002-basic-DHAPPQ,88,0.8383749038956823,2031
007/002-basic-DHAPPQ,89,0.8092405386588876,2031
007/002-basic-DHAPPQ,90,0.8108909788347743,2031
007/002-basic-DHAPPQ,91,0.8454865195441751,2031
007/002-basic-DHAPPQ,92,0.8554638473071453,2031
007/002-basic-DHAPPQ,93,0.7963149482830564,2031
007/002-basic-DHAPPQ,94,0.8000905229545497,2031
007/002-basic-DHAPPQ,95,0.8221430780292508,2031
007/002-basic-DHAPPQ,96,0.8107293387657131,2031
007/002-basic-DHAPPQ,97,0.7399005512352694,2031
007/002-basic-DHAPPQ,98,0.7440156546390745,2031
007/002-basic-DHAPPQ,99,0.8469748065802426,2031
007/003-Cycling-1y-AL-ASAQ,0,0.6330480658458516,2031
007/003-Cycling-1y-AL-ASAQ,1,0.5396401381540951,2031
007/003-Cycling-1y-AL-ASAQ,2,0.4717377182733624,2031
007/003-Cycling-1y-AL-ASAQ,3,0.6026343188693911,2031
007/003-Cycling-1y-AL-ASAQ,4,0.5616022371299905,2031
007/003-Cycling-1y-AL-ASAQ,5,0.5347429696002494,2031
007/003-Cycling-1y-AL-ASAQ,6,0.5839779014978436,2031
007/003-Cycling-1y-AL-ASAQ,7,0.6201983569262497,2031
007/003-Cycling-1y-AL-ASAQ,8,0.5580216182249188,2031
007/003-Cycling-1y-AL-ASAQ,9,0.7434063802517388,2031
007/003-Cycling-1y-AL-ASAQ,10,0.5794911651169866,2031
007/003-Cycling-1y-AL-ASAQ,11,0.5512569866853653,2031
007/003-Cycling-1y-AL-ASAQ,12,0.7059187010678788,2031
007/003-Cycling-1y-AL-ASAQ,13,0.6302544013232239,2031
007/003-Cycling-1y-AL-ASAQ,14,0.5548106917463548,2031
007/003-Cycling-1y-AL-ASAQ,15,0.6195399737233781,2031
007/003-Cycling-1y-AL-ASAQ,16,0.5740690139664412,2031
007/003-Cycling-1y-AL-ASAQ,17,0.5391713449701473,2031
007/003-Cycling-1y-AL-ASAQ,18,0.5880064295766713,2031
007/003-Cycling-1y-AL-ASAQ,19,0.5577286257639902,2031
007/003-Cycling-1y-AL-ASAQ,20,0.5607504338893085,2031
007/003-Cycling-1y-AL-ASAQ,21,0.5036320143384949,2031
007/003-Cycling-1y-AL-ASAQ,22,0.5466735176304317,2031
007/003-Cycling-1y-AL-ASAQ,23,0.6381760055225612,2031
007/003-Cycling-1y-AL-ASAQ,24,0.5663025542886273,2031
007/003-Cycling-1y-AL-ASAQ,25,0.5568599532363668,2031
007/003-Cycling-1y-AL-ASAQ,26,0.6131397903856901,2031
007/003-Cycling-1y-AL-ASAQ,27,0.4921805830022467,2031
007/003-Cycling-1y-AL-ASAQ,28,0.6225954488085145,2031
007/003-Cycling-1y-AL-ASAQ,29,0.6195183853345841,2031
007/003-Cycling-1y-AL-ASAQ,30,0.5463054621113361,2031
007/003-Cycling-1y-AL-ASAQ,31,0.51947078154534,2031
007/003-Cycling-1y-AL-ASAQ,32,0.511457250584406,2031
007/003-Cycling-1y-AL-ASAQ,33,0.556824657994983,2031
007/003-Cycling-1y-AL-ASAQ,34,0.5006625202362288,2031
007/003-Cycling-1y-AL-ASAQ,35,0.541752766512423,2031
007/003-Cycling-1y-AL-ASAQ,36,0.5252940077825478,2031
007/003-Cycling-1y-AL-ASAQ,37,0.4948254185040604,2031
007/003-Cycling-1y-AL-ASAQ,38,0.5431478652850835,2031
007/003-Cycling-1y-AL-ASAQ,39,0.5046950367685004,2031
007/003-Cycling-1y-AL-ASAQ,40,0.48367517168046437,2031
007/003-Cycling-1y-AL-ASAQ,41,0.47548241866026847,2031
007/003-Cycling-1y-AL-ASAQ,42,0.5085962651190518,2031
007/003-Cycling-1y-AL-ASAQ,43,0.6268860609626046,2031
007/003-Cycling-1y-AL-ASAQ,44,0.4846663336169066,2031
007/003-Cycling-1y-AL-ASAQ,45,0.5143055131783786,2031
007/003-Cycling-1y-AL-ASAQ,46,0.5626778602816632,2031
007/003-Cycling-1y-AL-ASAQ,47,0.6013425934627166,2031
007/003-Cycling-1y-AL-ASAQ,48,0.5543612588428039,2031
007/003-Cycling-1y-AL-ASAQ,49,0.4920862128384915,2031
007/003-Cycling-1y-AL-ASAQ,50,0.654580015846438,2031
007/003-Cycling-1y-AL-ASAQ,51,0.51242493483244,2031
007/003-Cycling-1y-AL-ASAQ,52,0.5926894842649398,2031
007/003-Cycling-1y-AL-ASAQ,53,0.6004974090082571,2031
007/003-Cycling-1y-AL-ASAQ,54,0.6372316978612399,2031
007/003-Cycling-1y-AL-ASAQ,55,0.5015466557002362,2031
007/003-Cycling-1y-AL-ASAQ,56,0.55534960322686,2031
007/003-Cycling-1y-AL-ASAQ,57,0.5936127778371287,2031
007/003-Cycling-1y-AL-ASAQ,58,0.6047420519989327,2031
007/003-Cycling-1y-AL-ASAQ,59,0.4832036916080769,2031
007/003-Cycling-1y-AL-ASAQ,60,0.4782101919543467,2031
007/003-Cycling-1y-AL-ASAQ,61,0.6186792407689184,2031
007/003-Cycling-1y-AL-ASAQ,62,0.48888941074532527,2031
007/003-Cycling-1y-AL-ASAQ,63,0.6071731951319077,2031
007/003-Cycling-1y-AL-ASAQ,64,0.5371011760392747,2031
007/003-Cycling-1y-AL-ASAQ,65,0.5347182937342245,2031
007/003-Cycling-1y-AL-ASAQ,66,0.5716295991079204,2031
007/003-Cycling-1y-AL-ASAQ,67,0.5846999404345722,2031
007/003-Cycling-1y-AL-ASAQ,68,0.5751358300327988,2031
007/003-Cycling-1y-AL-ASAQ,69,0.5905675379873591,2031
007/003-Cycling-1y-AL-ASAQ,70,0.4900785908947934,2031
007/003-Cycling-1y-AL-ASAQ,71,0.5451046561599513,2031
007/003-Cycling-1y-AL-ASAQ,72,0.4399638832350306,2031
007/003-Cycling-1y-AL-ASAQ,73,0.5441719613297905,2031
007/003-Cycling-1y-AL-ASAQ,74,0.6283777161937004,2031
007/003-Cycling-1y-AL-ASAQ,75,0.5668219681226923,2031
007/003-Cycling-1y-AL-ASAQ,76,0.6958690102991927,2031
007/003-Cycling-1y-AL-ASAQ,77,0.5803486674094502,2031
007/003-Cycling-1y-AL-ASAQ,78,0.5376533877050674,2031
007/003-Cycling-1y-AL-ASAQ,79,0.5518586688546159,2031
007/003-Cycling-1y-AL-ASAQ,80,0.5910285698785511,2031
007/003-Cycling-1y-AL-ASAQ,81,0.4554515501743462,2031
007/003-Cycling-1y-AL-ASAQ,82,0.5368627140794446,2031
007/003-Cycling-1y-AL-ASAQ,83,0.59149279497837,2031
007/003-Cycling-1y-AL-ASAQ,84,0.554829818177388,2031
007/003-Cycling-1y-AL-ASAQ,85,0.46405480298068874,2031
007/003-Cycling-1y-AL-ASAQ,86,0.5904928797917176,2031
007/003-Cycling-1y-AL-ASAQ,87,0.5336280202038385,2031
007/003-Cycling-1y-AL-ASAQ,88,0.5415639244977518,2031
007/003-Cycling-1y-AL-ASAQ,89,0.5646023145673827,2031
007/003-Cycling-1y-AL-ASAQ,90,0.5864737734851669,2031
007/003-Cycling-1y-AL-ASAQ,91,0.4913676648840796,2031
007/003-Cycling-1y-AL-ASAQ,92,0.4705251175657342,2031
007/003-Cycling-1y-AL-ASAQ,93,0.5982265764173603,2031
007/003-Cycling-1y-AL-ASAQ,94,0.6179039946153835,2031
007/003-Cycling-1y-AL-ASAQ,95,0.6075114148306011,2031
007/003-Cycling-1y-AL-ASAQ,96,0.5225086500624736,2031
007/003-Cycling-1y-AL-ASAQ,97,0.583547597849531,2031
007/003-Cycling-1y-AL-ASAQ,98,0.5816765463873016,2031
007/003-Cycling-1y-AL-ASAQ,99,0.5421034302962456,2031
007/004-Cycling-1y-AL-DHAPPQ,0,0.544613136316048,2031
007/004-Cycling-1y-AL-DHAPPQ,1,0.6794835882983615,2031
007/004-Cycling-1y-AL-DHAPPQ,2,0.6076262439893895,2031
007/004-Cycling-1y-AL-DHAPPQ,3,0.5268815187204444,2031
007/004-Cycling-1y-AL-DHAPPQ,4,0.6941298293514052,2031
007/004-Cycling-1y-AL-DHAPPQ,5,0.5908063319912101,2031
007/004-Cycling-1y-AL-DHAPPQ,6,0.5912183359006048,2031
007/004-Cycling-1y-AL-DHAPPQ,7,0.6562887407558636,2031
007/004-Cycling-1y-AL-DHAPPQ,8,0.5817776550220832,2031
007/004-Cycling-1y-AL-DHAPPQ,9,0.5849422495919455,2031
007/004-Cycling-1y-AL-DHAPPQ,10,0.6197035512145822,2031
007/004-Cycling-1y-AL-DHAPPQ,11,0.6156407122539014,2031
007/004-Cycling-1y-AL-DHAPPQ,12,0.6408758251595306,2031
007/004-Cycling-1y-AL-DHAPPQ,13,0.5845593746838199,2031
007/004-Cycling-1y-AL-DHAPPQ,14,0.6125135671349202,2031
007/004-Cycling-1y-AL-DHAPPQ,15,0.5632298752841135,2031
007/004-Cycling-1y-AL-DHAPPQ,16,0.6183764892295235,2031
007/004-Cycling-1y-AL-DHAPPQ,17,0.6198986340090382,2031
007/004-Cycling-1y-AL-DHAPPQ,18,0.6802224773321641,2031
007/004-Cycling-1y-AL-DHAPPQ,19,0.6793311058186986,2031
007/004-Cycling-1y-AL-DHAPPQ,20,0.7091314736570596,2031
007/004-Cycling-1y-AL-DHAPPQ,21,0.5599185860413595,2031
007/004-Cycling-1y-AL-DHAPPQ,22,0.6925197560785546,2031
007/004-Cycling-1y-AL-DHAPPQ,23,0.5776430857491126,2031
007/004-Cycling-1y-AL-DHAPPQ,24,0.5742813987258087,2031
007/004-Cycling-1y-AL-DHAPPQ,25,0.6032639506911611,2031
007/004-Cycling-1y-AL-DHAPPQ,26,0.6399206397985805,2031
007/004-Cycling-1y-AL-DHAPPQ,27,0.6768080698366822,2031
007/004-Cycling-1y-AL-DHAPPQ,28,0.7104819312871128,2031
007/004-Cycling-1y-AL-DHAPPQ,29,0.6763347501172761,2031
007/004-Cycling-1y-AL-DHAPPQ,30,0.6235146135521772,2031
007/004-Cycling-1y-AL-DHAPPQ,31,0.5609890356705575,2031
007/004-Cycling-1y-AL-DHAPPQ,32,0.7254330156790791,2031
007/004-Cycling-1y-AL-DHAPPQ,33,0.5960352786500333,2031
007/004-Cycling-1y-AL-DHAPPQ,34,0.6674557736227144,2031
007/004-Cycling-1y-AL-DHAPPQ,35,0.5677220237936934,2031
007/004-Cycling-1y-AL-DHAPPQ,36,0.6309712026347901,2031
007/004-Cycling-1y-AL-DHAPPQ,37,0.6038994516852543,2031
007/004-Cycling-1y-AL-DHAPPQ,38,0.5455948323757096,2031
007/004-Cycling-1y-AL-DHAPPQ,39,0.6062493779659058,2031
007/004-Cycling-1y-AL-DHAPPQ,40,0.6902620783715955,2031
007/004-Cycling-1y-AL-DHAPPQ,41,0.6097246761638764,2031
007/004-Cycling-1y-AL-DHAPPQ,42,0.6746029464163179,2031
007/004-Cycling-1y-AL-DHAPPQ,43,0.5308643602876878,2031
007/004-Cycling-1y-AL-DHAPPQ,44,0.48656019906889053,2031
007/004-Cycling-1y-AL-DHAPPQ,45,0.6813302659050229,2031
007/004-Cycling-1y-AL-DHAPPQ,46,0.5736973058151453,2031
007/004-Cycling-1y-AL-DHAPPQ,47,0.5532180617439644,2031
007/004-Cycling-1y-AL-DHAPPQ,48,0.6537184996138242,2031
007/004-Cycling-1y-AL-DHAPPQ,49,0.6746314753225652,2031
007/004-Cycling-1y-AL-DHAPPQ,50,0.6569637930067072,2031
007/004-Cycling-1y-AL-DHAPPQ,51,0.643069061318308,2031
007/004-Cycling-1y-AL-DHAPPQ,52,0.6633895057668734,2031
007/004-Cycling-1y-AL-DHAPPQ,53,0.67143474990058,2031
007/004-Cycling-1y-AL-DHAPPQ,54,0.6336332557963278,2031
007/004-Cycling-1y-AL-DHAPPQ,55,0.630773204410409,2031
007/004-Cycling-1y-AL-DHAPPQ,56,0.563269865143643,2031
007/004-Cycling-1y-AL-DHAPPQ,57,0.6535843026168422,2031
007/004-Cycling-1y-AL-DHAPPQ,58,0.6608674772908077,2031
007/004-Cycling-1y-AL-DHAPPQ,59,0.6872989011163338,2031
007/004-Cycling-1y-AL-DHAPPQ,60,0.5352305212544117,2031
007/004-Cycling-1y-AL-DHAPPQ,61,0.7311310473675707,2031
007/004-Cycling-1y-AL-DHAPPQ,62,0.7084855113615603,2031
007/004-Cycling-1y-AL-DHAPPQ,63,0.6473236252391238,2031
007/004-Cycling-1y-AL-DHAPPQ,64,0.624623926611633,2031
007/004-Cycling-1y-AL-DHAPPQ,65,0.6309307424920804,2031
007/004-Cycling-1y-AL-DHAPPQ,66,0.7329262491500047,2031
007/004-Cycling-1y-AL-DHAPPQ,67,0.6596942396946396,2031
007/004-Cycling-1y-AL-DHAPPQ,68,0.62184539582393,2031
007/004-Cycling-1y-AL-DHAPPQ,69,0.6426599365691218,2031
007/004-Cycling-1y-AL-DHAPPQ,70,0.6310945532461901,2031
007/004-Cycling-1y-AL-DHAPPQ,71,0.6647113159090999,2031
007/004-Cycling-1y-AL-DHAPPQ,72,0.6211587187622324,2031
007/004-Cycling-1y-AL-DHAPPQ,73,0.5093617308718631,2031
007/004-Cycling-1y-AL-DHAPPQ,74,0.7008052139129458,2031
007/004-Cycling-1y-AL-DHAPPQ,75,0.6764146308782967,2031
007/004-Cycling-1y-AL-DHAPPQ,76,0.6320439291057532,2031
007/004-Cycling-1y-AL-DHAPPQ,77,0.6134509737955232,2031
007/004-Cycling-1y-AL-DHAPPQ,78,0.6477202701134736,2031
007/004-Cycling-1y-AL-DHAPPQ,79,0.6200829228370436,2031
007/004-Cycling-1y-AL-DHAPPQ,80,0.6268862430132077,2031
007/004-Cycling-1y-AL-DHAPPQ,81,0.5978633649157056,2031
007/004-Cycling-1y-AL-DHAPPQ,82,0.6145108018926534,2031
007/004-Cycling-1y-AL-DHAPPQ,83,0.630015822059579,2031
007/004-Cycling-1y-AL-DHAPPQ,84,0.6303441920308835,2031
007/004-Cycling-1y-AL-DHAPPQ,85,0.6589854134947791,2031
007/004-Cycling-1y-AL-DHAPPQ,86,0.6405759154663115,2031
007/004-Cycling-1y-AL-DHAPPQ,87,0.6968420520545385,2031
007/004-Cycling-1y-AL-DHAPPQ,88,0.6618049448630705,2031
007/004-Cycling-1y-AL-DHAPPQ,89,0.6916352459833087,2031
007/004-Cycling-1y-AL-DHAPPQ,90,0.5917554191449725,2031
007/004-Cycling-1y-AL-DHAPPQ,91,0.6599104506889807,2031
007/004-Cycling-1y-AL-DHAPPQ,92,0.6371684064214701,2031
007/004-Cycling-1y-AL-DHAPPQ,93,0.7030332652017081,2031
007/004-Cycling-1y-AL-DHAPPQ,94,0.6648272959303546,2031
007/004-Cycling-1y-AL-DHAPPQ,95,0.6026767886430134,2031
007/004-Cycling-1y-AL-DHAPPQ,96,0.6205486298427182,2031
007/004-Cycling-1y-AL-DHAPPQ,97,0.687732856448541,2031
007/004-Cycling-1y-AL-DHAPPQ,98,0.6177212160331239,2031
007/004-Cycling-1y-AL-DHAPPQ,99,0.5905708867632475,2031
007/005-Cycling-1y-ASAQ-AL,0,0.3956827546197578,2031
007/005-Cycling-1y-ASAQ-AL,1,0.4942062796184972,2031
007/005-Cycling-1y-ASAQ-AL,2,0.6130346532031664,2031
007/005-Cycling-1y-ASAQ-AL,3,0.537640926769677,2031
007/005-Cycling-1y-ASAQ-AL,4,0.4506716565298141,2031
007/005-Cycling-1y-ASAQ-AL,5,0.5720311524378546,2031
007/005-Cycling-1y-ASAQ-AL,6,0.5528230609877046,2031
007/005-Cycling-1y-ASAQ-AL,7,0.48340496580712683,2031
007/005-Cycling-1y-ASAQ-AL,8,0.45217537581790856,2031
007/005-Cycling-1y-ASAQ-AL,9,0.5353081057310084,2031
007/005-Cycling-1y-ASAQ-AL,10,0.483900840299847,2031
007/005-Cycling-1y-ASAQ-AL,11,0.44460572306175017,2031
007/005-Cycling-1y-ASAQ-AL,12,0.4905152202527914,2031
007/005-Cycling-1y-ASAQ-AL,13,0.350705088480289,2031
007/005-Cycling-1y-ASAQ-AL,14,0.4300435541918431,2031
007/005-Cycling-1y-ASAQ-AL,15,0.5318862795374811,2031
007/005-Cycling-1y-ASAQ-AL,16,0.4860079419517042,2031
007/005-Cycling-1y-ASAQ-AL,17,0.5188322872194159,2031
007/005-Cycling-1y-ASAQ-AL,18,0.5209491646417045,2031
007/005-Cycling-1y-ASAQ-AL,19,0.4500416403505801,2031
007/005-Cycling-1y-ASAQ-AL,20,0.5038913544525482,2031
007/005-Cycling-1y-ASAQ-AL,21,0.5884974567762306,2031
007/005-Cycling-1y-ASAQ-AL,22,0.5933552914669666,2031
007/005-Cycling-1y-ASAQ-AL,23,0.5619937205608417,2031
007/005-Cycling-1y-ASAQ-AL,24,0.5821080034626888,2031
007/005-Cycling-1y-ASAQ-AL,25,0.5577505217527541,2031
007/005-Cycling-1y-ASAQ-AL,26,0.6061380108005385,2031
007/005-Cycling-1y-ASAQ-AL,27,0.5668842543478534,2031
007/005-Cycling-1y-ASAQ-AL,28,0.5814742015027855,2031
007/005-Cycling-1y-ASAQ-AL,29,0.6051324192756827,2031
007/005-Cycling-1y-ASAQ-AL,30,0.5685295937310734,2031
007/005-Cycling-1y-ASAQ-AL,31,0.5760659605661725,2031
007/005-Cycling-1y-ASAQ-AL,32,0.40510248642056523,2031
007/005-Cycling-1y-ASAQ-AL,33,0.47349432660944135,2031
007/005-Cycling-1y-ASAQ-AL,34,0.5171923574301839,2031
007/005-Cycling-1y-ASAQ-AL,35,0.505208715095596,2031
007/005-Cycling-1y-ASAQ-AL,36,0.5151369457353393,2031
007/005-Cycling-1y-ASAQ-AL,37,0.5671052573166251,2031
007/005-Cycling-1y-ASAQ-AL,38,0.41828780156783757,2031
007/005-Cycling-1y-ASAQ-AL,39,0.5861311552216792,2031
007/005-Cycling-1y-ASAQ-AL,40,0.47993990456903174,2031
007/005-Cycling-1y-ASAQ-AL,41,0.5189077741277003,2031
007/005-Cycling-1y-ASAQ-AL,42,0.4188655401457755,2031
007/005-Cycling-1y-ASAQ-AL,43,0.6467562820427105,2031
007/005-Cycling-1y-ASAQ-AL,44,0.45654369980354553,2031
007/005-Cycling-1y-ASAQ-AL,45,0.5588862661841519,2031
007/005-Cycling-1y-ASAQ-AL,46,0.48165560262063356,2031
007/005-Cycling-1y-ASAQ-AL,47,0.5347051518742794,2031
007/005-Cycling-1y-ASAQ-AL,48,0.39716056721919707,2031
007/005-Cycling-1y-ASAQ-AL,49,0.5377390750472067,2031
007/005-Cycling-1y-ASAQ-AL,50,0.5436671423665136,2031
007/005-Cycling-1y-ASAQ-AL,51,0.49367356327379897,2031
007/005-Cycling-1y-ASAQ-AL,52,0.4954210191309261,2031
007/005-Cycling-1y-ASAQ-AL,53,0.5155501949953164,2031
007/005-Cycling-1y-ASAQ-AL,54,0.5491464994603737,2031
007/005-Cycling-1y-ASAQ-AL,55,0.540034338469947,2031
007/005-Cycling-1y-ASAQ-AL,56,0.4931119586648127,2031
007/005-Cycling-1y-ASAQ-AL,57,0.5916244824526047,2031
007/005-Cycling-1y-ASAQ-AL,58,0.7214649559595685,2031
007/005-Cycling-1y-ASAQ-AL,59,0.6001152992239392,2031
007/005-Cycling-1y-ASAQ-AL,60,0.5175980779647259,2031
007/005-Cycling-1y-ASAQ-AL,61,0.3901465444757258,2031
007/005-Cycling-1y-ASAQ-AL,62,0.5301626503972648,2031
007/005-Cycling-1y-ASAQ-AL,63,0.591677164706546,2031
007/005-Cycling-1y-ASAQ-AL,64,0.5567820031729855,2031
007/005-Cycling-1y-ASAQ-AL,65,0.5144736331489518,2031
007/005-Cycling-1y-ASAQ-AL,66,0.5629692315540513,2031
007/005-Cycling-1y-ASAQ-AL,67,0.5193977993756864,2031
007/005-Cycling-1y-ASAQ-AL,68,0.527783040210433,2031
007/005-Cycling-1y-ASAQ-AL,69,0.43152278873555955,2031
007/005-Cycling-1y-ASAQ-AL,70,0.5786358144264864,2031
007/005-Cycling-1y-ASAQ-AL,71,0.5498167909171195,2031
007/005-Cycling-1y-ASAQ-AL,72,0.4524341425515442,2031
007/005-Cycling-1y-ASAQ-AL,73,0.5170311468933664,2031
007/005-Cycling-1y-ASAQ-AL,74,0.5224180732123843,2031
007/005-Cycling-1y-ASAQ-AL,75,0.5098230748125182,2031
007/005-Cycling-1y-ASAQ-AL,76,0.45537798415156633,2031
007/005-Cycling-1y-ASAQ-AL,77,0.4902905896060736,2031
007/005-Cycling-1y-ASAQ-AL,78,0.6815316792505963,2031
007/005-Cycling-1y-ASAQ-AL,79,0.5853609297830707,2031
007/005-Cycling-1y-ASAQ-AL,80,0.545455833400505,2031
007/005-Cycling-1y-ASAQ-AL,81,0.5847712024745749,2031
007/005-Cycling-1y-ASAQ-AL,82,0.52215541721512,2031
007/005-Cycling-1y-ASAQ-AL,83,0.5414510850791086,2031
007/005-Cycling-1y-ASAQ-AL,84,0.4836977266417528,2031
007/005-Cycling-1y-ASAQ-AL,85,0.46252505579387315,2031
007/005-Cycling-1y-ASAQ-AL,86,0.6415674486246116,2031
007/005-Cycling-1y-ASAQ-AL,87,0.5414044824880825,2031
007/005-Cycling-1y-ASAQ-AL,88,0.5947915442313546,2031
007/005-Cycling-1y-ASAQ-AL,89,0.6192570420416147,2031
007/005-Cycling-1y-ASAQ-AL,90,0.554048793437523,2031
007/005-Cycling-1y-ASAQ-AL,91,0.457960341754642,2031
007/005-Cycling-1y-ASAQ-AL,92,0.6531125318446784,2031
007/005-Cycling-1y-ASAQ-AL,93,0.6487425549434308,2031
007/005-Cycling-1y-ASAQ-AL,94,0.4955836920205326,2031
007/005-Cycling-1y-ASAQ-AL,95,0.4327789322887372,2031
007/005-Cycling-1y-ASAQ-AL,96,0.5078674158480421,2031
007/005-Cycling-1y-ASAQ-AL,97,0.6361355990611529,2031
007/005-Cycling-1y-ASAQ-AL,98,0.650328898176144,2031
007/005-Cycling-1y-ASAQ-AL,99,0.5706197586277937,2031
007/006-Cycling-1y-ASAQ-DHAPPQ,0,0.3863120531258602,2031
007/006-Cycling-1y-ASAQ-DHAPPQ,1,0.5420300834631394,2031
007/006-Cycling-1y-ASAQ-DHAPPQ,2,0.4427463849773736,2031
007/006-Cycling-1y-ASAQ-DHAPPQ,3,0.4535629147801508,2031
007/006-Cycling-1y-ASAQ-DHAPPQ,4,0.36346635619905276,2031
007/006-Cycling-1y-ASAQ-DHAPPQ,5,0.4213833862963962,2031
007/006-Cycling-1y-ASAQ-DHAPPQ,6,0.3220586596247903,2031
007/006-Cycling-1y-ASAQ-DHAPPQ,7,0.45254254289096424,2031
007/006-Cycling-1y-ASAQ-DHAPPQ,8,0.3999576431650262,2031
007/006-Cycling-1y-ASAQ-DHAPPQ,9,0.41649864268419384,2031
007/006-Cycling-1y-ASAQ-DHAPPQ,10,0.3873836037535015,2031
007/006-Cycling-1y-ASAQ-DHAPPQ,11,0.4700283381347452,2031
007/006-Cycling-1y-ASAQ-DHAPPQ,12,0.32801554646970227,2031
007/006-Cycling-1y-ASAQ-DHAPPQ,13,0.50372796490198,2031
007/006-Cycling-1y-ASAQ-DHAPPQ,14,0.4628508828609532,2031
007/006-Cycling-1y-ASAQ-DHAPPQ,15,0.437601835206795,2031
007/006-Cycling-1y-ASAQ-DHAPPQ,16,0.37973542209932876,2031
007/006-Cycling-1y-ASAQ-DHAPPQ,17,0.4989551907478787,2031
007/006-Cycling-1y-ASAQ-DHAPPQ,18,0.3713256163508844,2031
007/006-Cycling-1y-ASAQ-DHAPPQ,19,0.39999906132028223,2031
007/006-Cycling-1y-ASAQ-DHAPPQ,20,0.47595882546910867,2031
007/006-Cycling-1y-ASAQ-DHAPPQ,21,0.4260999625193831,2031
007/006-Cycling-1y-ASAQ-DHAPPQ,22,0.4651770702401466,2031
007/006-Cycling-1y-ASAQ-DHAPPQ,23,0.45203673840040665,2031
007/006-Cycling-1y-ASAQ-DHAPPQ,24,0.4461353931788925,2031
007/006-Cycling-1y-ASAQ-DHAPPQ,25,0.4297314374620101,2031
007/006-Cycling-1y-ASAQ-DHAPPQ,26,0.4592392896761112,2031
007/006-Cycling-1y-ASAQ-DHAPPQ,27,0.3793046903647222,2031
007/006-Cycling-1y-ASAQ-DHAPPQ,28,0.47209925560899246,2031
007/006-Cycling-1y-ASAQ-DHAPPQ,29,0.4228835404273099,2031
007/006-Cycling-1y-ASAQ-DHAPPQ,30,0.40805772339750884,2031
007/006-Cycling-1y-ASAQ-DHAPPQ,31,0.41888082716646263,2031
007/006-Cycling-1y-ASAQ-DHAPPQ,32,0.4266140167874517,2031
007/006-Cycling-1y-ASAQ-DHAPPQ,33,0.4097494757310394,2031
007/006-Cycling-1y-ASAQ-DHAPPQ,34,0.4898543392249579,2031
007/006-Cycling-1y-ASAQ-DHAPPQ,35,0.5040623597346897,2031
007/006-Cycling-1y-ASAQ-DHAPPQ,36,0.4382463058827141,2031
007/006-Cycling-1y-ASAQ-DHAPPQ,37,0.4738978869368795,2031
007/006-Cycling-1y-ASAQ-DHAPPQ,38,0.39999296522663785,2031
007/006-Cycling-1y-ASAQ-DHAPPQ,39,0.4393634120643816,2031
007/006-Cycling-1y-ASAQ-DHAPPQ,40,0.4133240898160866,2031
007/006-Cycling-1y-ASAQ-DHAPPQ,41,0.39447358019177575,2031
007/006-Cycling-1y-ASAQ-DHAPPQ,42,0.4765091279021991,2031
007/006-Cycling-1y-ASAQ-DHAPPQ,43,0.39085278106343174,2031
007/006-Cycling-1y-ASAQ-DHAPPQ,44,0.4337961572521727,2031
007/006-Cycling-1y-ASAQ-DHAPPQ,45,0.5019621109910197,2031
007/006-Cycling-1y-ASAQ-DHAPPQ,46,0.4814409350452799,2031
007/006-Cycling-1y-ASAQ-DHAPPQ,47,0.49139338624694656,2031
007/006-Cycling-1y-ASAQ-DHAPPQ,48,0.48868559194573297,2031
007/006-Cycling-1y-ASAQ-DHAPPQ,49,0.34284146917350705,2031
007/006-Cycling-1y-ASAQ-DHAPPQ,50,0.41008379133167105,2031
007/006-Cycling-1y-ASAQ-DHAPPQ,51,0.42549877783479867,2031
007/006-Cycling-1y-ASAQ-DHAPPQ,52,0.4027414778670248,2031
007/006-Cycling-1y-ASAQ-DHAPPQ,53,0.47601488487306426,2031
007/006-Cycling-1y-ASAQ-DHAPPQ,54,0.32597484498427326,2031
007/006-Cycling-1y-ASAQ-DHAPPQ,55,0.43856987929633434,2031
007/006-Cycling-1y-ASAQ-DHAPPQ,56,0.5228961148250314,2031
007/006-Cycling-1y-ASAQ-DHAPPQ,57,0.35581506689955994,2031
007/006-Cycling-1y-ASAQ-DHAPPQ,58,0.45563630319917076,2031
007/006-Cycling-1y-ASAQ-DHAPPQ,59,0.4817510479138802,2031
007/006-Cycling-1y-ASAQ-DHAPPQ,60,0.4723992585599193,2031
007/006-Cycling-1y-ASAQ-DHAPPQ,61,0.35958751513897286,2031
007/006-Cycling-1y-ASAQ-DHAPPQ,62,0.4187161260678085,2031
007/006-Cycling-1y-ASAQ-DHAPPQ,63,0.4137918216331677,2031
007/006-Cycling-1y-ASAQ-DHAPPQ,64,0.42773501894040983,2031
007/006-Cycling-1y-ASAQ-DHAPPQ,65,0.4501578658879808,2031
007/006-Cycling-1y-ASAQ-DHAPPQ,66,0.4281515529448925,2031
007/006-Cycling-1y-ASAQ-DHAPPQ,67,0.49247082590385555,2031
007/006-Cycling-1y-ASAQ-DHAPPQ,68,0.4613605776218442,2031
007/006-Cycling-1y-ASAQ-DHAPPQ,69,0.4211442844971231,2031
007/006-Cycling-1y-ASAQ-DHAPPQ,70,0.5348433733946242,2031
007/006-Cycling-1y-ASAQ-DHAPPQ,71,0.471344593212329,2031
007/006-Cycling-1y-ASAQ-DHAPPQ,72,0.4656576373287174,2031
007/006-Cycling-1y-ASAQ-DHAPPQ,73,0.42662592542622074,2031
007/006-Cycling-1y-ASAQ-DHAPPQ,74,0.40999690259224075,2031
007/006-Cycling-1y-ASAQ-DHAPPQ,75,0.3361423263857575,2031
007/006-Cycling-1y-ASAQ-DHAPPQ,76,0.45514775238329447,2031
007/006-Cycling-1y-ASAQ-DHAPPQ,77,0.32238028176710537,2031
007/006-Cycling-1y-ASAQ-DHAPPQ,78,0.39276354577622735,2031
007/006-Cycling-1y-ASAQ-DHAPPQ,79,0.3587688652386067,2031
007/006-Cycling-1y-ASAQ-DHAPPQ,80,0.45848300323983077,2031
007/006-Cycling-1y-ASAQ-DHAPPQ,81,0.3817799995740603,2031
007/006-Cycling-1y-ASAQ-DHAPPQ,82,0.3787705822964165,2031
007/006-Cycling-1y-ASAQ-DHAPPQ,83,0.4040129580853766,2031
007/006-Cycling-1y-ASAQ-DHAPPQ,84,0.3516133712230299,2031
007/006-Cycling-1y-ASAQ-DHAPPQ,85,0.3941837949445257,2031
007/006-Cycling-1y-ASAQ-DHAPPQ,86,0.38760888668797994,2031
007/006-Cycling-1y-ASAQ-DHAPPQ,87,0.40875581971675334,2031
007/006-Cycling-1y-ASAQ-DHAPPQ,88,0.38561939521482697,2031
007/006-Cycling-1y-ASAQ-DHAPPQ,89,0.34208360148658956,2031
007/006-Cycling-1y-ASAQ-DHAPPQ,90,0.40939792977025236,2031
007/006-Cycling-1y-ASAQ-DHAPPQ,91,0.47944459122248356,2031
007/006-Cycling-1y-ASAQ-DHAPPQ,92,0.5162342444115519,2031
007/006-Cycling-1y-ASAQ-DHAPPQ,93,0.5120741497603528,2031
007/006-Cycling-1y-ASAQ-DHAPPQ,94,0.37728856721568743,2031
007/006-Cycling-1y-ASAQ-DHAPPQ,95,0.46225468864186237,2031
007/006-Cycling-1y-ASAQ-DHAPPQ,96,0.44275800510883384,2031
007/006-Cycling-1y-ASAQ-DHAPPQ,97,0.44150676842194847,2031
007/006-Cycling-1y-ASAQ-DHAPPQ,98,0.4602675287782392,2031
007/006-Cycling-1y-ASAQ-DHAPPQ,99,0.48885994988572445,2031
007/007-Cycling-1y-DHAPPQ-AL,0,0.6559795663719538,2031
007/007-Cycling-1y-DHAPPQ-AL,1,0.7089914759835452,2031
007/007-Cycling-1y-DHAPPQ-AL,2,0.6130402134800946,2031
007/007-Cycling-1y-DHAPPQ-AL,3,0.618304631761567,2031
007/007-Cycling-1y-DHAPPQ-AL,4,0.6830816362822336,2031
007/007-Cycling-1y-DHAPPQ-AL,5,0.6223796729314593,2031
007/007-Cycling-1y-DHAPPQ-AL,6,0.5582334635564937,2031
007/007-Cycling-1y-DHAPPQ-AL,7,0.47554284651809303,2031
007/007-Cycling-1y-DHAPPQ-AL,8,0.46688086413930385,2031
007/007-Cycling-1y-DHAPPQ-AL,9,0.6949091921700439,2031
007/007-Cycling-1y-DHAPPQ-AL,10,0.5717653732327186,2031
007/007-Cycling-1y-DHAPPQ-AL,11,0.6008342934919001,2031
007/007-Cycling-1y-DHAPPQ-AL,12,0.6548056096248085,2031
007/007-Cycling-1y-DHAPPQ-AL,13,0.7233802023635255,2031
007/007-Cycling-1y-DHAPPQ-AL,14,0.6997599812739052,2031
007/007-Cycling-1y-DHAPPQ-AL,15,0.6317412632002175,2031
007/007-Cycling-1y-DHAPPQ-AL,16,0.6424488898237131,2031
007/007-Cycling-1y-DHAPPQ-AL,17,0.7036100384151184,2031
007/007-Cycling-1y-DHAPPQ-AL,18,0.6398265747146648,2031
007/007-Cycling-1y-DHAPPQ-AL,19,0.6018382004074978,2031
007/007-Cycling-1y-DHAPPQ-AL,20,0.6799873153730971,2031
007/007-Cycling-1y-DHAPPQ-AL,21,0.6196728239479655,2031
007/007-Cycling-1y-DHAPPQ-AL,22,0.6646356393343348,2031
007/007-Cycling-1y-DHAPPQ-AL,23,0.5609734459972009,2031
007/007-Cycling-1y-DHAPPQ-AL,24,0.6262341687380516,2031
007/007-Cycling-1y-DHAPPQ-AL,25,0.6598520727118854,2031
007/007-Cycling-1y-DHAPPQ-AL,26,0.6521602694252798,2031
007/007-Cycling-1y-DHAPPQ-AL,27,0.5730097683294081,2031
007/007-Cycling-1y-DHAPPQ-AL,28,0.5561271626438332,2031
007/007-Cycling-1y-DHAPPQ-AL,29,0.6561652887274582,2031
007/007-Cycling-1y-DHAPPQ-AL,30,0.6735375591699557,2031
007/007-Cycling-1y-DHAPPQ-AL,31,0.6881901113590955,2031
007/007-Cycling-1y-DHAPPQ-AL,32,0.7387399050138074,2031
007/007-Cycling-1y-DHAPPQ-AL,33,0.6368705192052412,2031
007/007-Cycling-1y-DHAPPQ-AL,34,0.666900359001978,2031
007/007-Cycling-1y-DHAPPQ-AL,35,0.6110010437684731,2031
007/007-Cycling-1y-DHAPPQ-AL,36,0.7029657155248388,2031
007/007-Cycling-1y-DHAPPQ-AL,37,0.6988529659914199,2031
007/007-Cycling-1y-DHAPPQ-AL,38,0.6310935044337204,2031
007/007-Cycling-1y-DHAPPQ-AL,39,0.7147687384552553,2031
007/007-Cycling-1y-DHAPPQ-AL,40,0.6816363615096953,2031
007/007-Cycling-1y-DHAPPQ-AL,41,0.6490772471939711,2031
007/007-Cycling-1y-DHAPPQ-AL,42,0.6529774355854286,2031
007/007-Cycling-1y-DHAPPQ-AL,43,0.6211905825443862,2031
007/007-Cycling-1y-DHAPPQ-AL,44,0.5632396007936845,2031
007/007-Cycling-1y-DHAPPQ-AL,45,0.6486557107578514,2031
007/007-Cycling-1y-DHAPPQ-AL,46,0.7098177908908898,2031
007/007-Cycling-1y-DHAPPQ-AL,47,0.7266906644166071,2031
007/007-Cycling-1y-DHAPPQ-AL,48,0.5405358888499897,2031
007/007-Cycling-1y-DHAPPQ-AL,49,0.7150951815366356,2031
007/007-Cycling-1y-DHAPPQ-AL,50,0.5896611152537273,2031
007/007-Cycling-1y-DHAPPQ-AL,51,0.6311517060053883,2031
007/007-Cycling-1y-DHAPPQ-AL,52,0.6737851816279218,2031
007/007-Cycling-1y-DHAPPQ-AL,53,0.6678802932693763,2031
007/007-Cycling-1y-DHAPPQ-AL,54,0.6260634590570106,2031
007/007-Cycling-1y-DHAPPQ-AL,55,0.6096601740329611,2031
007/007-Cycling-1y-DHAPPQ-AL,56,0.5934159065775652,2031
007/007-Cycling-1y-DHAPPQ-AL,57,0.5863202488413456,2031
007/007-Cycling-1y-DHAPPQ-AL,58,0.721161210560311,2031
007/007-Cycling-1y-DHAPPQ-AL,59,0.5862709593105144,2031
007/007-Cycling-1y-DHAPPQ-AL,60,0.6018700235414581,2031
007/007-Cycling-1y-DHAPPQ-AL,61,0.6678622319760622,2031
007/007-Cycling-1y-DHAPPQ-AL,62,0.658578156730763,2031
007/007-Cycling-1y-DHAPPQ-AL,63,0.6351205254852746,2031
007/007-Cycling-1y-DHAPPQ-AL,64,0.6152820880502392,2031
007/007-Cycling-1y-DHAPPQ-AL,65,0.7141381178174494,2031
007/007-Cycling-1y-DHAPPQ-AL,66,0.5959205314720787,2031
007/007-Cycling-1y-DHAPPQ-AL,67,0.590402750215761,2031
007/007-Cycling-1y-DHAPPQ-AL,68,0.6416324783089787,2031
007/007-Cycling-1y-DHAPPQ-AL,69,0.5899124107334944,2031
007/007-Cycling-1y-DHAPPQ-AL,70,0.6147942763881014,2031
007/007-Cycling-1y-DHAPPQ-AL,71,0.6464752648530886,2031
007/007-Cycling-1y-DHAPPQ-AL,72,0.5894892489410068,2031
007/007-Cycling-1y-DHAPPQ-AL,73,0.7873166045179071,2031
007/007-Cycling-1y-DHAPPQ-AL,74,0.7782002845957091,2031
007/007-Cycling-1y-DHAPPQ-AL,75,0.6130682335478382,2031
007/007-Cycling-1y-DHAPPQ-AL,76,0.6542002511298887,2031
007/007-Cycling-1y-DHAPPQ-AL,77,0.612588443793825,2031
007/007-Cycling-1y-DHAPPQ-AL,78,0.7129479666971751,2031
007/007-Cycling-1y-DHAPPQ-AL,79,0.7539269823506661,2031
007/007-Cycling-1y-DHAPPQ-AL,80,0.5783259182947151,2031
007/007-Cycling-1y-DHAPPQ-AL,81,0.5735293818489127,2031
007/007-Cycling-1y-DHAPPQ-AL,82,0.7394179642708734,2031
007/007-Cycling-1y-DHAPPQ-AL,83,0.6400194731524408,2031
007/007-Cycling-1y-DHAPPQ-AL,84,0.6115367238064203,2031
007/007-Cycling-1y-DHAPPQ-AL,85,0.6363276412715331,2031
007/007-Cycling-1y-DHAPPQ-AL,86,0.6207300931439267,2031
007/007-Cycling-1y-DHAPPQ-AL,87,0.6346846700342134,2031
007/007-Cycling-1y-DHAPPQ-AL,88,0.5248877322409656,2031
007/007-Cycling-1y-DHAPPQ-AL,89,0.6988369697782054,2031
007/007-Cycling-1y-DHAPPQ-AL,90,0.6668177985790366,2031
007/007-Cycling-1y-DHAPPQ-AL,91,0.6285537035511365,2031
007/007-Cycling-1y-DHAPPQ-AL,92,0.55572188897005,2031
007/007-Cycling-1y-DHAPPQ-AL,93,0.6840094697106212,2031
007/007-Cycling-1y-DHAPPQ-AL,94,0.6038268063524265,2031
007/007-Cycling-1y-DHAPPQ-AL,95,0.7305917813778079,2031
007/007-Cycling-1y-DHAPPQ-AL,96,0.758219273153583,2031
007/007-Cycling-1y-DHAPPQ-AL,97,0.6040395178868835,2031
007/007-Cycling-1y-DHAPPQ-AL,98,0.6312849842089318,2031
007/007-Cycling-1y-DHAPPQ-AL,99,0.6443494553229373,2031
007/008-Cycling-1y-DHAPPQ-ASAQ,0,0.5065624655536827,2031
007/008-Cycling-1y-DHAPPQ-ASAQ,1,0.4266496832162751,2031
007/008-Cycling-1y-DHAPPQ-ASAQ,2,0.4887902834423021,2031
007/008-Cycling-1y-DHAPPQ-ASAQ,3,0.4818782431412041,2031
007/008-Cycling-1y-DHAPPQ-ASAQ,4,0.45850162959270685,2031
007/008-Cycling-1y-DHAPPQ-ASAQ,5,0.5463675904827793,2031
007/008-Cycling-1y-DHAPPQ-ASAQ,6,0.5205022545351441,2031
007/008-Cycling-1y-DHAPPQ-ASAQ,7,0.4905997022433963,2031
007/008-Cycling-1y-DHAPPQ-ASAQ,8,0.45743135259209744,2031
007/008-Cycling-1y-DHAPPQ-ASAQ,9,0.3465833676376891,2031
007/008-Cycling-1y-DHAPPQ-ASAQ,10,0.48718703554957116,2031
007/008-Cycling-1y-DHAPPQ-ASAQ,11,0.39259350183270464,2031
007/008-Cycling-1y-DHAPPQ-ASAQ,12,0.5403183915343622,2031
007/008-Cycling-1y-DHAPPQ-ASAQ,13,0.5208096001431719,2031
007/008-Cycling-1y-DHAPPQ-ASAQ,14,0.5004796291425557,2031
007/008-Cycling-1y-DHAPPQ-ASAQ,15,0.5232358242176112,2031
007/008-Cycling-1y-DHAPPQ-ASAQ,16,0.44001292522565905,2031
007/008-Cycling-1y-DHAPPQ-ASAQ,17,0.40956632378868857,2031
007/008-Cycling-1y-DHAPPQ-ASAQ,18,0.4605082883920483,2031
007/008-Cycling-1y-DHAPPQ-ASAQ,19,0.4328944390925212,2031
007/008-Cycling-1y-DHAPPQ-ASAQ,20,0.5240622398062325,2031
007/008-Cycling-1y-DHAPPQ-ASAQ,21,0.530739766511607,2031
007/008-Cycling-1y-DHAPPQ-ASAQ,22,0.3716519109168052,2031
007/008-Cycling-1y-DHAPPQ-ASAQ,23,0.45648250613059194,2031
007/008-Cycling-1y-DHAPPQ-ASAQ,24,0.5552927177917846,2031
007/008-Cycling-1y-DHAPPQ-ASAQ,25,0.45547366763020114,2031
007/008-Cycling-1y-DHAPPQ-ASAQ,26,0.40054865709870074,2031
007/008-Cycling-1y-DHAPPQ-ASAQ,27,0.534661299930079,2031
007/008-Cycling-1y-DHAPPQ-ASAQ,28,0.46289404653581173,2031
007/008-Cycling-1y-DHAPPQ-ASAQ,29,0.44767687550598145,2031
007/008-Cycling-1y-DHAPPQ-ASAQ,30,0.3882887437342211,2031
007/008-Cycling-1y-DHAPPQ-ASAQ,31,0.4491754686572728,2031
007/008-Cycling-1y-DHAPPQ-ASAQ,32,0.4179710728149359,2031
007/008-Cycling-1y-DHAPPQ-ASAQ,33,0.4236797125149499,2031
007/008-Cycling-1y-DHAPPQ-ASAQ,34,0.4840733134849073,2031
007/008-Cycling-1y-DHAPPQ-ASAQ,35,0.40872480244932996,2031
007/008-Cycling-1y-DHAPPQ-ASAQ,36,0.3523291247998426,2031
007/008-Cycling-1y-DHAPPQ-ASAQ,37,0.4883243854766101,2031
007/008-Cycling-1y-DHAPPQ-ASAQ,38,0.4449929788828945,2031
007/008-Cycling-1y-DHAPPQ-ASAQ,39,0.4950495681870903,2031
007/008-Cycling-1y-DHAPPQ-ASAQ,40,0.48073604290308464,2031
007/008-Cycling-1y-DHAPPQ-ASAQ,41,0.5492731747249473,2031
007/008-Cycling-1y-DHAPPQ-ASAQ,42,0.4907624304663838,2031
007/008-Cycling-1y-DHAPPQ-ASAQ,43,0.4758608183468886,2031
007/008-Cycling-1y-DHAPPQ-ASAQ,44,0.5247103075988845,2031
007/008-Cycling-1y-DHAPPQ-ASAQ,45,0.5221826379821495,2031
007/008-Cycling-1y-DHAPPQ-ASAQ,46,0.5194994578501179,2031
007/008-Cycling-1y-DHAPPQ-ASAQ,47,0.36433938445050135,2031
007/008-Cycling-1y-DHAPPQ-ASAQ,48,0.5801718864954161,2031
007/008-Cycling-1y-DHAPPQ-ASAQ,49,0.5271753395440708,2031
007/008-Cycling-1y-DHAPPQ-ASAQ,50,0.4766100649145176,2031
007/008-Cycling-1y-DHAPPQ-ASAQ,51,0.4326689442863423,2031
007/008-Cycling-1y-DHAPPQ-ASAQ,52,0.5350277634674132,2031
007/008-Cycling-1y-DHAPPQ-ASAQ,53,0.5722073135046343,2031
007/008-Cycling-1y-DHAPPQ-ASAQ,54,0.5089390960416534,2031
007/008-Cycling-1y-DHAPPQ-ASAQ,55,0.40051307613489434,2031
007/008-Cycling-1y-DHAPPQ-ASAQ,56,0.49379303950293857,2031
007/008-Cycling-1y-DHAPPQ-ASAQ,57,0.4650943956588887,2031
007/008-Cycling-1y-DHAPPQ-ASAQ,58,0.45189260985716034,2031
007/008-Cycling-1y-DHAPPQ-ASAQ,59,0.45142114823804436,2031
007/008-Cycling-1y-DHAPPQ-ASAQ,60,0.5037569421118672,2031
007/008-Cycling-1y-DHAPPQ-ASAQ,61,0.4723957315280823,2031
007/008-Cycling-1y-DHAPPQ-ASAQ,62,0.4510487270671668,2031
007/008-Cycling-1y-DHAPPQ-ASAQ,63,0.42255786076572055,2031
007/008-Cycling-1y-DHAPPQ-ASAQ,64,0.4528288950661108,2031
007/008-Cycling-1y-DHAPPQ-ASAQ,65,0.49704306338920984,2031
007/008-Cycling-1y-DHAPPQ-ASAQ,66,0.5150125056011298,2031
007/008-Cycling-1y-DHAPPQ-ASAQ,67,0.5254309404537062,2031
007/008-Cycling-1y-DHAPPQ-ASAQ,68,0.3549795757008412,2031
007/008-Cycling-1y-DHAPPQ-ASAQ,69,0.44238096247639475,2031
007/008-Cycling-1y-DHAPPQ-ASAQ,70,0.45725851924788463,2031
007/008-Cycling-1y-DHAPPQ-ASAQ,71,0.5162194298666632,2031
007/008-Cycling-1y-DHAPPQ-ASAQ,72,0.43591438150643985,2031
007/008-Cycling-1y-DHAPPQ-ASAQ,73,0.44938357592677375,2031
007/008-Cycling-1y-DHAPPQ-ASAQ,74,0.5289368648210545,2031
007/008-Cycling-1y-DHAPPQ-ASAQ,75,0.4817801735619276,2031
007/008-Cycling-1y-DHAPPQ-ASAQ,76,0.5353558473619434,2031
007/008-Cycling-1y-DHAPPQ-ASAQ,77,0.5112686297887429,2031
007/008-Cycling-1y-DHAPPQ-ASAQ,78,0.44533781654786453,2031
007/008-Cycling-1y-DHAPPQ-ASAQ,79,0.52036061571981,2031
007/008-Cycling-1y-DHAPPQ-ASAQ,80,0.3598742354346142,2031
007/008-Cycling-1y-DHAPPQ-ASAQ,81,0.3638120788658545,2031
007/008-Cycling-1y-DHAPPQ-ASAQ,82,0.40812958218288786,2031
007/008-Cycling-1y-DHAPPQ-ASAQ,83,0.48479442569982356,2031
007/008-Cycling-1y-DHAPPQ-ASAQ,84,0.490316093762087,2031
007/008-Cycling-1y-DHAPPQ-ASAQ,85,0.5443572519527861,2031
007/008-Cycling-1y-DHAPPQ-ASAQ,86,0.45094584357486595,2031
007/008-Cycling-1y-DHAPPQ-ASAQ,87,0.45110230873367807,2031
007/008-Cycling-1y-DHAPPQ-ASAQ,88,0.43792725580524633,2031
007/008-Cycling-1y-DHAPPQ-ASAQ,89,0.494435063950261,2031
007/008-Cycling-1y-DHAPPQ-ASAQ,90,0.33053692386623074,2031
007/008-Cycling-1y-DHAPPQ-ASAQ,91,0.4721763927270129,2031
007/008-Cycling-1y-DHAPPQ-ASAQ,92,0.5033758988271496,2031
007/008-Cycling-1y-DHAPPQ-ASAQ,93,0.31862490953841505,2031
007/008-Cycling-1y-DHAPPQ-ASAQ,94,0.5261941681843264,2031
007/008-Cycling-1y-DHAPPQ-ASAQ,95,0.4492821967563618,2031
007/008-Cycling-1y-DHAPPQ-ASAQ,96,0.4939667233801932,2031
007/008-Cycling-1y-DHAPPQ-ASAQ,97,0.5156818694463748,2031
007/008-Cycling-1y-DHAPPQ-ASAQ,98,0.5526185113524924,2031
007/008-Cycling-1y-DHAPPQ-ASAQ,99,0.5508317086409237,2031
007/009-Cycling-1y-AL-ASAQ-DHAPPQ,0,0.5252444544400822,2031
007/009-Cycling-1y-AL-ASAQ-DHAPPQ,1,0.551783111470466,2031
007/009-Cycling-1y-AL-ASAQ-DHAPPQ,2,0.394992898579511,2031
007/009-Cycling-1y-AL-ASAQ-DHAPPQ,3,0.5289951447110937,2031
007/009-Cycling-1y-AL-ASAQ-DHAPPQ,4,0.481404083326851,2031
007/009-Cycling-1y-AL-ASAQ-DHAPPQ,5,0.4397114980775554,2031
007/009-Cycling-1y-AL-ASAQ-DHAPPQ,6,0.5382772262412806,2031
007/009-Cycling-1y-AL-ASAQ-DHAPPQ,7,0.4931834869470799,2031
007/009-Cycling-1y-AL-ASAQ-DHAPPQ,8,0.4791931538742458,2031
007/009-Cycling-1y-AL-ASAQ-DHAPPQ,9,0.4875615224358541,2031
007/009-Cycling-1y-AL-ASAQ-DHAPPQ,10,0.4054733974751202,2031
007/009-Cycling-1y-AL-ASAQ-DHAPPQ,11,0.4047006234612363,2031
007/009-Cycling-1y-AL-ASAQ-DHAPPQ,12,0.5571570296445526,2031
007/009-Cycling-1y-AL-ASAQ-DHAPPQ,13,0.5071526012574591,2031
007/009-Cycling-1y-AL-ASAQ-DHAPPQ,14,0.47258132679232573,2031
007/009-Cycling-1y-AL-ASAQ-DHAPPQ,15,0.4129304446147875,2031
007/009-Cycling-1y-AL-ASAQ-DHAPPQ,16,0.4805732123867217,2031
007/009-Cycling-1y-AL-ASAQ-DHAPPQ,17,0.5218433130312928,2031
007/009-Cycling-1y-AL-ASAQ-DHAPPQ,18,0.6047906493345033,2031
007/009-Cycling-1y-AL-ASAQ-DHAPPQ,19,0.5751139446278787,2031
007/009-Cycling-1y-AL-ASAQ-DHAPPQ,20,0.49889194305652335,2031
007/009-Cycling-1y-AL-ASAQ-DHAPPQ,21,0.43272454199475546,2031
007/009-Cycling-1y-AL-ASAQ-DHAPPQ,22,0.48583396744774604,2031
007/009-Cycling-1y-AL-ASAQ-DHAPPQ,23,0.5515963112399123,2031
007/009-Cycling-1y-AL-ASAQ-DHAPPQ,24,0.5604608162538541,2031
007/009-Cycling-1y-AL-ASAQ-DHAPPQ,25,0.5560651205072981,2031
007/009-Cycling-1y-AL-ASAQ-DHAPPQ,26,0.4606461324699225,2031
007/009-Cycling-1y-AL-ASAQ-DHAPPQ,27,0.5725202079657862,2031
007/009-Cycling-1y-AL-ASAQ-DHAPPQ,28,0.5975690694688379,2031
007/009-Cycling-1y-AL-ASAQ-DHAPPQ,29,0.48780992836964715,2031
007/009-Cycling-1y-AL-ASAQ-DHAPPQ,30,0.47866456314215816,2031
007/009-Cycling-1y-AL-ASAQ-DHAPPQ,31,0.5664063111782645,2031
007/009-Cycling-1y-AL-ASAQ-DHAPPQ,32,0.4705858287834561,2031
007/009-Cycling-1y-AL-ASAQ-DHAPPQ,33,0.5390026602276864,2031
007/009-Cycling-1y-AL-ASAQ-DHAPPQ,34,0.5319304569404851,2031
007/009-Cycling-1y-AL-ASAQ-DHAPPQ,35,0.5703589661302626,2031
007/009-Cycling-1y-AL-ASAQ-DHAPPQ,36,0.4660372024566319,2031
007/009-Cycling-1y-AL-ASAQ-DHAPPQ,37,0.4643122444277661,2031
007/009-Cycling-1y-AL-ASAQ-DHAPPQ,38,0.49268115195337553,2031
007/009-Cycling-1y-AL-ASAQ-DHAPPQ,39,0.5420804952316339,2031
007/009-Cycling-1y-AL-ASAQ-DHAPPQ,40,0.5570701987355925,2031
007/009-Cycling-1y-AL-ASAQ-DHAPPQ,41,0.5345024182762869,2031
007/009-Cycling-1y-AL-ASAQ-DHAPPQ,42,0.516111615854976,2031
007/009-Cycling-1y-AL-ASAQ-DHAPPQ,43,0.5171684775775524,2031
007/009-Cycling-1y-AL-ASAQ-DHAPPQ,44,0.5177125769526106,2031
007/009-Cycling-1y-AL-ASAQ-DHAPPQ,45,0.5062467879440723,2031
007/009-Cycling-1y-AL-ASAQ-DHAPPQ,46,0.5576784647051598,2031
007/009-Cycling-1y-AL-ASAQ-DHAPPQ,47,0.4958978090667696,2031
007/009-Cycling-1y-AL-ASAQ-DHAPPQ,48,0.40333211649809697,2031
007/009-Cycling-1y-AL-ASAQ-DHAPPQ,49,0.4417244117717427,2031
007/009-Cycling-1y-AL-ASAQ-DHAPPQ,50,0.44443056055105573,2031
007/009-Cycling-1y-AL-ASAQ-DHAPPQ,51,0.5158468906048763,2031
007/009-Cycling-1y-AL-ASAQ-DHAPPQ,52,0.5158206541912916,2031
007/009-Cycling-1y-AL-ASAQ-DHAPPQ,53,0.4245708513910908,2031
007/009-Cycling-1y-AL-ASAQ-DHAPPQ,54,0.4759865117369046,2031
007/009-Cycling-1y-AL-ASAQ-DHAPPQ,55,0.46813316500138985,2031
007/009-Cycling-1y-AL-ASAQ-DHAPPQ,56,0.6007641738711845,2031
007/009-Cycling-1y-AL-ASAQ-DHAPPQ,57,0.44616924185352075,2031
007/009-Cycling-1y-AL-ASAQ-DHAPPQ,58,0.5465872841938483,2031
007/009-Cycling-1y-AL-ASAQ-DHAPPQ,59,0.5101928867514262,2031
007/009-Cycling-1y-AL-ASAQ-DHAPPQ,60,0.47835071951054037,2031
007/009-Cycling-1y-AL-ASAQ-DHAPPQ,61,0.42684536425872643,2031
007/009-Cycling-1y-AL-ASAQ-DHAPPQ,62,0.37999139566430457,2031
007/009-Cycling-1y-AL-ASAQ-DHAPPQ,63,0.5691066158441516,2031
007/009-Cycling-1y-AL-ASAQ-DHAPPQ,64,0.44173579789937123,2031
007/009-Cycling-1y-AL-ASAQ-DHAPPQ,65,0.5345490707260306,2031
007/009-Cycling-1y-AL-ASAQ-DHAPPQ,66,0.4446535211253344,2031
007/009-Cycling-1y-AL-ASAQ-DHAPPQ,67,0.49125733894300033,2031
007/009-Cycling-1y-AL-ASAQ-DHAPPQ,68,0.3922128837975352,2031
007/009-Cycling-1y-AL-ASAQ-DHAPPQ,69,0.46691525756956814,2031
007/009-Cycling-1y-AL-ASAQ-DHAPPQ,70,0.4431796248485609,2031
007/009-Cycling-1y-AL-ASAQ-DHAPPQ,71,0.41378927325274867,2031
007/009-Cycling-1y-AL-ASAQ-DHAPPQ,72,0.4716134594598192,2031
007/009-Cycling-1y-AL-ASAQ-DHAPPQ,73,0.402607060411142,2031
007/009-Cycling-1y-AL-ASAQ-DHAPPQ,74,0.48690801533926,2031
007/009-Cycling-1y-AL-ASAQ-DHAPPQ,75,0.5329649831251506,2031
007/009-Cycling-1y-AL-ASAQ-DHAPPQ,76,0.5409794803468553,2031
007/009-Cycling-1y-AL-ASAQ-DHAPPQ,77,0.492485103879692,2031
007/009-Cycling-1y-AL-ASAQ-DHAPPQ,78,0.5038917922720242,2031
007/009-Cycling-1y-AL-ASAQ-DHAPPQ,79,0.4506338175971945,2031
007/009-Cycling-1y-AL-ASAQ-DHAPPQ,80,0.5371673230993484,2031
007/009-Cycling-1y-AL-ASAQ-DHAPPQ,81,0.4789360980486623,2031
007/009-Cycling-1y-AL-ASAQ-DHAPPQ,82,0.40275175159593696,2031
007/009-Cycling-1y-AL-ASAQ-DHAPPQ,83,0.38417673936094343,2031
007/009-Cycling-1y-AL-ASAQ-DHAPPQ,84,0.5367000276184746,2031
007/009-Cycling-1y-AL-ASAQ-DHAPPQ,85,0.5414787003974498,2031
007/009-Cycling-1y-AL-ASAQ-DHAPPQ,86,0.5192243963216275,2031
007/009-Cycling-1y-AL-ASAQ-DHAPPQ,87,0.47154095973898785,2031
007/009-Cycling-1y-AL-ASAQ-DHAPPQ,88,0.6894469218600333,2031
007/009-Cycling-1y-AL-ASAQ-DHAPPQ,89,0.45885822828201883,2031
007/009-Cycling-1y-AL-ASAQ-DHAPPQ,90,0.4625641522732185,2031
007/009-Cycling-1y-AL-ASAQ-DHAPPQ,91,0.4767757541765138,2031
007/009-Cycling-1y-AL-ASAQ-DHAPPQ,92,0.4697575708044946,2031
007/009-Cycling-1y-AL-ASAQ-DHAPPQ,93,0.5351167605775596,2031
007/009-Cycling-1y-AL-ASAQ-DHAPPQ,94,0.47979163705536937,2031
007/009-Cycling-1y-AL-ASAQ-DHAPPQ,95,0.5123561062788258,2031
007/009-Cycling-1y-AL-ASAQ-DHAPPQ,96,0.37837079430512865,2031
007/009-Cycling-1y-AL-ASAQ-DHAPPQ,97,0.58389358575434,2031
007/009-Cycling-1y-AL-ASAQ-DHAPPQ,98,0.512173277237295,2031
007/009-Cycling-1y-AL-ASAQ-DHAPPQ,99,0.5844037056232758,2031
007/010-Cycling-1y-AL-DHAPPQ-ASAQ,0,0.4430320161817077,2031
007/010-Cycling-1y-AL-DHAPPQ-ASAQ,1,0.5674475912303579,2031
007/010-Cycling-1y-AL-DHAPPQ-ASAQ,2,0.5469903717530417,2031
007/010-Cycling-1y-AL-DHAPPQ-ASAQ,3,0.5189663409348867,2031
007/010-Cycling-1y-AL-DHAPPQ-ASAQ,4,0.5368337875599091,2031
007/010-Cycling-1y-AL-DHAPPQ-ASAQ,5,0.5491572910042304,2031
007/010-Cycling-1y-AL-DHAPPQ-ASAQ,6,0.4198331110286954,2031
007/010-Cycling-1y-AL-DHAPPQ-ASAQ,7,0.4197182726662361,2031
007/010-Cycling-1y-AL-DHAPPQ-ASAQ,8,0.43869888936852663,2031
007/010-Cycling-1y-AL-DHAPPQ-ASAQ,9,0.4890153690554478,2031
007/010-Cycling-1y-AL-DHAPPQ-ASAQ,10,0.4816733302666081,2031
007/010-Cycling-1y-AL-DHAPPQ-ASAQ,11,0.5381030609305931,2031
007/010-Cycling-1y-AL-DHAPPQ-ASAQ,12,0.49494459770996585,2031
007/010-Cycling-1y-AL-DHAPPQ-ASAQ,13,0.5019568154006676,2031
007/010-Cycling-1y-AL-DHAPPQ-ASAQ,14,0.48354226568095743,2031
007/010-Cycling-1y-AL-DHAPPQ-ASAQ,15,0.44956238677860655,2031
007/010-Cycling-1y-AL-DHAPPQ-ASAQ,16,0.4133865620478334,2031
007/010-Cycling-1y-AL-DHAPPQ-ASAQ,17,0.3860157622841365,2031
007/010-Cycling-1y-AL-DHAPPQ-ASAQ,18,0.6613448063609086,2031
007/010-Cycling-1y-AL-DHAPPQ-ASAQ,19,0.5357442740845609,2031
007/010-Cycling-1y-AL-DHAPPQ-ASAQ,20,0.46516434559906905,2031
007/010-Cycling-1y-AL-DHAPPQ-ASAQ,21,0.4974900561417855,2031
007/010-Cycling-1y-AL-DHAPPQ-ASAQ,22,0.48703308386738015,2031
007/010-Cycling-1y-AL-DHAPPQ-ASAQ,23,0.5592526871961864,2031
007/010-Cycling-1y-AL-DHAPPQ-ASAQ,24,0.4547854987759896,2031
007/010-Cycling-1y-AL-DHAPPQ-ASAQ,25,0.5284032081014536,2031
007/010-Cycling-1y-AL-DHAPPQ-ASAQ,26,0.4370536265575456,2031
007/010-Cycling-1y-AL-DHAPPQ-ASAQ,27,0.6769698993279998,2031
007/010-Cycling-1y-AL-DHAPPQ-ASAQ,28,0.5999939920090676,2031
007/010-Cycling-1y-AL-DHAPPQ-ASAQ,29,0.5618356831487755,2031
007/010-Cycling-1y-AL-DHAPPQ-ASAQ,30,0.6626496817391171,2031
007/010-Cycling-1y-AL-DHAPPQ-ASAQ,31,0.4696587399896301,2031
007/010-Cycling-1y-AL-DHAPPQ-ASAQ,32,0.5375515338212932,2031
007/010-Cycling-1y-AL-DHAPPQ-ASAQ,33,0.5174240817220305,2031
007/010-Cycling-1y-AL-DHAPPQ-ASAQ,34,0.5122309287861958,2031
007/010-Cycling-1y-AL-DHAPPQ-ASAQ,35,0.49828451974310495,2031
007/010-Cycling-1y-AL-DHAPPQ-ASAQ,36,0.5003215887317584,2031
007/010-Cycling-1y-AL-DHAPPQ-ASAQ,37,0.5245250300770091,2031
007/010-Cycling-1y-AL-DHAPPQ-ASAQ,38,0.6486996474583958,2031
007/010-Cycling-1y-AL-DHAPPQ-ASAQ,39,0.5412287592603978,2031
007/010-Cycling-1y-AL-DHAPPQ-ASAQ,40,0.47999956197825727,2031
007/010-Cycling-1y-AL-DHAPPQ-ASAQ,41,0.49026937671236914,2031
007/010-Cycling-1y-AL-DHAPPQ-ASAQ,42,0.4688169865296465,2031
007/010-Cycling-1y-AL-DHAPPQ-ASAQ,43,0.5459309101809683,2031
007/010-Cycling-1y-AL-DHAPPQ-ASAQ,44,0.554345320549982,2031
007/010-Cycling-1y-AL-DHAPPQ-ASAQ,45,0.43750597340249553,2031
007/010-Cycling-1y-AL-DHAPPQ-ASAQ,46,0.5988026086696955,2031
007/010-Cycling-1y-AL-DHAPPQ-ASAQ,47,0.5225380747900593,2031
007/010-Cycling-1y-AL-DHAPPQ-ASAQ,48,0.49747114286459687,2031
007/010-Cycling-1y-AL-DHAPPQ-ASAQ,49,0.4748999372508386,2031
007/010-Cycling-1y-AL-DHAPPQ-ASAQ,50,0.49040351536536625,2031
007/010-Cycling-1y-AL-DHAPPQ-ASAQ,51,0.5548941427163278,2031
007/010-Cycling-1y-AL-DHAPPQ-ASAQ,52,0.46747674486445007,2031
007/010-Cycling-1y-AL-DHAPPQ-ASAQ,53,0.40803498242132347,2031
007/010-Cycling-1y-AL-DHAPPQ-ASAQ,54,0.5142934498245432,2031
007/010-Cycling-1y-AL-DHAPPQ-ASAQ,55,0.5809594988229174,2031
007/010-Cycling-1y-AL-DHAPPQ-ASAQ,56,0.5042504993455844,2031
007/010-Cycling-1y-AL-DHAPPQ-ASAQ,57,0.5139507374553985,2031
007/010-Cycling-1y-AL-DHAPPQ-ASAQ,58,0.537481369162966,2031
007/010-Cycling-1y-AL-DHAPPQ-ASAQ,59,0.573953509282956,2031
007/010-Cycling-1y-AL-DHAPPQ-ASAQ,60,0.4350040602886895,2031
007/010-Cycling-1y-AL-DHAPPQ-ASAQ,61,0.5104740811298223,2031
007/010-Cycling-1y-AL-DHAPPQ-ASAQ,62,0.5323410696636112,2031
007/010-Cycling-1y-AL-DHAPPQ-ASAQ,63,0.4969907936913957,2031
007/010-Cycling-1y-AL-DHAPPQ-ASAQ,64,0.3828489277679179,2031
007/010-Cycling-1y-AL-DHAPPQ-ASAQ,65,0.529425076457249,2031
007/010-Cycling-1y-AL-DHAPPQ-ASAQ,66,0.4312439823706313,2031
007/010-Cycling-1y-AL-DHAPPQ-ASAQ,67,0.5663868258726116,2031
007/010-Cycling-1y-AL-DHAPPQ-ASAQ,68,0.5204834560476427,2031
007/010-Cycling-1y-AL-DHAPPQ-ASAQ,69,0.5619184430422091,2031
007/010-Cycling-1y-AL-DHAPPQ-ASAQ,70,0.493898813037081,2031
007/010-Cycling-1y-AL-DHAPPQ-ASAQ,71,0.42465295296578215,2031
007/010-Cycling-1y-AL-DHAPPQ-ASAQ,72,0.4978098610626231,2031
007/010-Cycling-1y-AL-DHAPPQ-ASAQ,73,0.6135733838911878,2031
007/010-Cycling-1y-AL-DHAPPQ-ASAQ,74,0.5149434129876823,2031
007/010-Cycling-1y-AL-DHAPPQ-ASAQ,75,0.5821720737441285,2031
007/010-Cycling-1y-AL-DHAPPQ-ASAQ,76,0.5121757084293995,2031
007/010-Cycling-1y-AL-DHAPPQ-ASAQ,77,0.5300656184256437,2031
007/010-Cycling-1y-AL-DHAPPQ-ASAQ,78,0.5166053885236586,2031
007/010-Cycling-1y-AL-DHAPPQ-ASAQ,79,0.45541423117163166,2031
007/010-Cycling-1y-AL-DHAPPQ-ASAQ,80,0.538650672562429,2031
007/010-Cycling-1y-AL-DHAPPQ-ASAQ,81,0.44150559499947034,2031
007/010-Cycling-1y-AL-DHAPPQ-ASAQ,82,0.4791403161780656,2031
007/010-Cycling-1y-AL-DHAPPQ-ASAQ,83,0.7076771665901832,2031
007/010-Cycling-1y-AL-DHAPPQ-ASAQ,84,0.408811813820003,2031
007/010-Cycling-1y-AL-DHAPPQ-ASAQ,85,0.4928366010608956,2031
007/010-Cycling-1y-AL-DHAPPQ-ASAQ,86,0.5159090639187383,2031
007/010-Cycling-1y-AL-DHAPPQ-ASAQ,87,0.5017936505388209,2031
007/010-Cycling-1y-AL-DHAPPQ-ASAQ,88,0.4640450059231638,2031
007/010-Cycling-1y-AL-DHAPPQ-ASAQ,89,0.4590071708678336,2031
007/010-Cycling-1y-AL-DHAPPQ-ASAQ,90,0.41311002231562316,2031
007/010-Cycling-1y-AL-DHAPPQ-ASAQ,91,0.4492032060607964,2031
007/010-Cycling-1y-AL-DHAPPQ-ASAQ,92,0.5895315821342121,2031
007/010-Cycling-1y-AL-DHAPPQ-ASAQ,93,0.4760995705630935,2031
007/010-Cycling-1y-AL-DHAPPQ-ASAQ,94,0.45083966570258466,2031
007/010-Cycling-1y-AL-DHAPPQ-ASAQ,95,0.5004333844580039,2031
007/010-Cycling-1y-AL-DHAPPQ-ASAQ,96,0.4945637068396926,2031
007/010-Cycling-1y-AL-DHAPPQ-ASAQ,97,0.5344238907258517,2031
007/010-Cycling-1y-AL-DHAPPQ-ASAQ,98,0.5706343259040568,2031
007/010-Cycling-1y-AL-DHAPPQ-ASAQ,99,0.5500031734944189,2031
007/011-Cycling-1y-ASAQ-AL-DHAPPQ,0,0.4325248086168776,2031
007/011-Cycling-1y-ASAQ-AL-DHAPPQ,1,0.49780636819543284,2031
007/011-Cycling-1y-ASAQ-AL-DHAPPQ,2,0.6231794634696967,2031
007/011-Cycling-1y-ASAQ-AL-DHAPPQ,3,0.4972007464696782,2031
007/011-Cycling-1y-ASAQ-AL-DHAPPQ,4,0.5373843297878357,2031
007/011-Cycling-1y-ASAQ-AL-DHAPPQ,5,0.4771575837428887,2031
007/011-Cycling-1y-ASAQ-AL-DHAPPQ,6,0.5843469448347496,2031
007/011-Cycling-1y-ASAQ-AL-DHAPPQ,7,0.5752131460064424,2031
007/011-Cycling-1y-ASAQ-AL-DHAPPQ,8,0.5385206486782986,2031
007/011-Cycling-1y-ASAQ-AL-DHAPPQ,9,0.477993819953507,2031
007/011-Cycling-1y-ASAQ-AL-DHAPPQ,10,0.6192387103483279,2031
007/011-Cycling-1y-ASAQ-AL-DHAPPQ,11,0.4355033999826365,2031
007/011-Cycling-1y-ASAQ-AL-DHAPPQ,12,0.56835753381049,2031
007/011-Cycling-1y-ASAQ-AL-DHAPPQ,13,0.5238493449906984,2031
007/011-Cycling-1y-ASAQ-AL-DHAPPQ,14,0.5518504345596967,2031
007/011-Cycling-1y-ASAQ-AL-DHAPPQ,15,0.4732551900455975,2031
007/011-Cycling-1y-ASAQ-AL-DHAPPQ,16,0.6131245652888807,2031
007/011-Cycling-1y-ASAQ-AL-DHAPPQ,17,0.4437143621080084,2031
007/011-Cycling-1y-ASAQ-AL-DHAPPQ,18,0.60047533743789,2031
007/011-Cycling-1y-ASAQ-AL-DHAPPQ,19,0.45705707856756,2031
007/011-Cycling-1y-ASAQ-AL-DHAPPQ,20,0.5570270102126967,2031
007/011-Cycling-1y-ASAQ-AL-DHAPPQ,21,0.5361700600066839,2031
007/011-Cycling-1y-ASAQ-AL-DHAPPQ,22,0.35164859350861283,2031
007/011-Cycling-1y-ASAQ-AL-DHAPPQ,23,0.5126157919001556,2031
007/011-Cycling-1y-ASAQ-AL-DHAPPQ,24,0.4233632707754411,2031
007/011-Cycling-1y-ASAQ-AL-DHAPPQ,25,0.6317986715127718,2031
007/011-Cycling-1y-ASAQ-AL-DHAPPQ,26,0.44001074799672285,2031
007/011-Cycling-1y-ASAQ-AL-DHAPPQ,27,0.5619787791882697,2031
007/011-Cycling-1y-ASAQ-AL-DHAPPQ,28,0.484637009991739,2031
007/011-Cycling-1y-ASAQ-AL-DHAPPQ,29,0.5018007635183297,2031
007/011-Cycling-1y-ASAQ-AL-DHAPPQ,30,0.5751322165010049,2031
007/011-Cycling-1y-ASAQ-AL-DHAPPQ,31,0.47113790954655826,2031
007/011-Cycling-1y-ASAQ-AL-DHAPPQ,32,0.6072942651202954,2031
007/011-Cycling-1y-ASAQ-AL-DHAPPQ,33,0.5550262289122317,2031
007/011-Cycling-1y-ASAQ-AL-DHAPPQ,34,0.5142633796520174,2031
007/011-Cycling-1y-ASAQ-AL-DHAPPQ,35,0.4583435473072408,2031
007/011-Cycling-1y-ASAQ-AL-DHAPPQ,36,0.5169070789577903,2031
007/011-Cycling-1y-ASAQ-AL-DHAPPQ,37,0.5090587811313824,2031
007/011-Cycling-1y-ASAQ-AL-DHAPPQ,38,0.4734784702233989,2031
007/011-Cycling-1y-ASAQ-AL-DHAPPQ,39,0.5328196631770732,2031
007/011-Cycling-1y-ASAQ-AL-DHAPPQ,40,0.5785309351550559,2031
007/011-Cycling-1y-ASAQ-AL-DHAPPQ,41,0.5803882694364487,2031
007/011-Cycling-1y-ASAQ-AL-DHAPPQ,42,0.5090063538824187,2031
007/011-Cycling-1y-ASAQ-AL-DHAPPQ,43,0.5655230157178855,2031
007/011-Cycling-1y-ASAQ-AL-DHAPPQ,44,0.6356300019707963,2031
007/011-Cycling-1y-ASAQ-AL-DHAPPQ,45,0.5076176985692912,2031
007/011-Cycling-1y-ASAQ-AL-DHAPPQ,46,0.48162737712613657,2031
007/011-Cycling-1y-ASAQ-AL-DHAPPQ,47,0.47951597143722374,2031
007/011-Cycling-1y-ASAQ-AL-DHAPPQ,48,0.5265118522168705,2031
007/011-Cycling-1y-ASAQ-AL-DHAPPQ,49,0.5400493005404906,2031
007/011-Cycling-1y-ASAQ-AL-DHAPPQ,50,0.559671962221851,2031
007/011-Cycling-1y-ASAQ-AL-DHAPPQ,51,0.5093549101034588,2031
007/011-Cycling-1y-ASAQ-AL-DHAPPQ,52,0.5016941895268429,2031
007/011-Cycling-1y-ASAQ-AL-DHAPPQ,53,0.5404728380597534,2031
007/011-Cycling-1y-ASAQ-AL-DHAPPQ,54,0.426581813890699,2031
007/011-Cycling-1y-ASAQ-AL-DHAPPQ,55,0.46625741786187475,2031
007/011-Cycling-1y-ASAQ-AL-DHAPPQ,56,0.5048684641152142,2031
007/011-Cycling-1y-ASAQ-AL-DHAPPQ,57,0.5816944537065085,2031
007/011-Cycling-1y-ASAQ-AL-DHAPPQ,58,0.5724860402440689,2031
007/011-Cycling-1y-ASAQ-AL-DHAPPQ,59,0.5985130927116471,2031
007/011-Cycling-1y-ASAQ-AL-DHAPPQ,60,0.5180293855618061,2031
007/011-Cycling-1y-ASAQ-AL-DHAPPQ,61,0.47009555588199586,2031
007/011-Cycling-1y-ASAQ-AL-DHAPPQ,62,0.4782386204057148,2031
007/011-Cycling-1y-ASAQ-AL-DHAPPQ,63,0.4906953370576385,2031
007/011-Cycling-1y-ASAQ-AL-DHAPPQ,64,0.6233584563869363,2031
007/011-Cycling-1y-ASAQ-AL-DHAPPQ,65,0.5098527877751039,2031
007/011-Cycling-1y-ASAQ-AL-DHAPPQ,66,0.4924023944438935,2031
007/011-Cycling-1y-ASAQ-AL-DHAPPQ,67,0.4429987985371309,2031
007/011-Cycling-1y-ASAQ-AL-DHAPPQ,68,0.5304945856841292,2031
007/011-Cycling-1y-ASAQ-AL-DHAPPQ,69,0.46483740353807934,2031
007/011-Cycling-1y-ASAQ-AL-DHAPPQ,70,0.3961284793516084,2031
007/011-Cycling-1y-ASAQ-AL-DHAPPQ,71,0.5084604628684691,2031
007/011-Cycling-1y-ASAQ-AL-DHAPPQ,72,0.5034020969534013,2031
007/011-Cycling-1y-ASAQ-AL-DHAPPQ,73,0.5480901317402328,2031
007/011-Cycling-1y-ASAQ-AL-DHAPPQ,74,0.4380100222901158,2031
007/011-Cycling-1y-ASAQ-AL-DHAPPQ,75,0.548139956942446,2031
007/011-Cycling-1y-ASAQ-AL-DHAPPQ,76,0.550861210466128,2031
007/011-Cycling-1y-ASAQ-AL-DHAPPQ,77,0.4857719353179137,2031
007/011-Cycling-1y-ASAQ-AL-DHAPPQ,78,0.5046451846043665,2031
007/011-Cycling-1y-ASAQ-AL-DHAPPQ,79,0.5988329507027622,2031
007/011-Cycling-1y-ASAQ-AL-DHAPPQ,80,0.5282837068841709,2031
007/011-Cycling-1y-ASAQ-AL-DHAPPQ,81,0.4337299414618321,2031
007/011-Cycling-1y-ASAQ-AL-DHAPPQ,82,0.5032751089175164,2031
007/011-Cycling-1y-ASAQ-AL-DHAPPQ,83,0.577249824063922,2031
007/011-Cycling-1y-ASAQ-AL-DHAPPQ,84,0.5537503670514649,2031
007/011-Cycling-1y-ASAQ-AL-DHAPPQ,85,0.5249365814645458,2031
007/011-Cycling-1y-ASAQ-AL-DHAPPQ,86,0.5526333344621454,2031
007/011-Cycling-1y-ASAQ-AL-DHAPPQ,87,0.4979881874363099,2031
007/011-Cycling-1y-ASAQ-AL-DHAPPQ,88,0.5235080149954908,2031
007/011-Cycling-1y-ASAQ-AL-DHAPPQ,89,0.46364164669288055,2031
007/011-Cycling-1y-ASAQ-AL-DHAPPQ,90,0.47557012947171323,2031
007/011-Cycling-1y-ASAQ-AL-DHAPPQ,91,0.58789566559868,2031
007/011-Cycling-1y-ASAQ-AL-DHAPPQ,92,0.5764481778268689,2031
007/011-Cycling-1y-ASAQ-AL-DHAPPQ,93,0.6565570343817667,2031
007/011-Cycling-1y-ASAQ-AL-DHAPPQ,94,0.4808718137429189,2031
007/011-Cycling-1y-ASAQ-AL-DHAPPQ,95,0.5157168785831007,2031
007/011-Cycling-1y-ASAQ-AL-DHAPPQ,96,0.5655352301216144,2031
007/011-Cycling-1y-ASAQ-AL-DHAPPQ,97,0.49351745817703346,2031
007/011-Cycling-1y-ASAQ-AL-DHAPPQ,98,0.6825227226020177,2031
007/011-Cycling-1y-ASAQ-AL-DHAPPQ,99,0.4426182405472893,2031
007/012-Cycling-1y-ASAQ-DHAPPQ-AL,0,0.5653246673721424,2031
007/012-Cycling-1y-ASAQ-DHAPPQ-AL,1,0.5369443896875039,2031
007/012-Cycling-1y-ASAQ-DHAPPQ-AL,2,0.5259949960035639,2031
007/012-Cycling-1y-ASAQ-DHAPPQ-AL,3,0.5309579567166773,2031
007/012-Cycling-1y-ASAQ-DHAPPQ-AL,4,0.5178317834086565,2031
007/012-Cycling-1y-ASAQ-DHAPPQ-AL,5,0.45782640654217976,2031
007/012-Cycling-1y-ASAQ-DHAPPQ-AL,6,0.5144500388671845,2031
007/012-Cycling-1y-ASAQ-DHAPPQ-AL,7,0.5757044932145754,2031
007/012-Cycling-1y-ASAQ-DHAPPQ-AL,8,0.6326559461271405,2031
007/012-Cycling-1y-ASAQ-DHAPPQ-AL,9,0.5844378266960134,2031
007/012-Cycling-1y-ASAQ-DHAPPQ-AL,10,0.433201128549585,2031
007/012-Cycling-1y-ASAQ-DHAPPQ-AL,11,0.5350695294032789,2031
007/012-Cycling-1y-ASAQ-DHAPPQ-AL,12,0.5803348916516647,2031
007/012-Cycling-1y-ASAQ-DHAPPQ-AL,13,0.4243649894637845,2031
007/012-Cycling-1y-ASAQ-DHAPPQ-AL,14,0.4841312013244799,2031
007/012-Cycling-1y-ASAQ-DHAPPQ-AL,15,0.49472518681457545,2031
007/012-Cycling-1y-ASAQ-DHAPPQ-AL,16,0.44684306549025155,2031
007/012-Cycling-1y-ASAQ-DHAPPQ-AL,17,0.5089887289140581,2031
007/012-Cycling-1y-ASAQ-DHAPPQ-AL,18,0.5623984631396504,2031
007/012-Cycling-1y-ASAQ-DHAPPQ-AL,19,0.4591133312878273,2031
007/012-Cycling-1y-ASAQ-DHAPPQ-AL,20,0.3713972981412525,2031
007/012-Cycling-1y-ASAQ-DHAPPQ-AL,21,0.5524374449013895,2031
007/012-Cycling-1y-ASAQ-DHAPPQ-AL,22,0.49303475752573606,2031
007/012-Cycling-1y-ASAQ-DHAPPQ-AL,23,0.5179820795273967,2031
007/012-Cycling-1y-ASAQ-DHAPPQ-AL,24,0.43503353270521455,2031
007/012-Cycling-1y-ASAQ-DHAPPQ-AL,25,0.6048354487189973,2031
007/012-Cycling-1y-ASAQ-DHAPPQ-AL,26,0.5316429187834465,2031
007/012-Cycling-1y-ASAQ-DHAPPQ-AL,27,0.3956006105909002,2031
007/012-Cycling-1y-ASAQ-DHAPPQ-AL,28,0.4301602349249291,2031
007/012-Cycling-1y-ASAQ-DHAPPQ-AL,29,0.5256178044205864,2031
007/012-Cycling-1y-ASAQ-DHAPPQ-AL,30,0.5734419556624883,2031
007/012-Cycling-1y-ASAQ-DHAPPQ-AL,31,0.4808355332592474,2031
007/012-Cycling-1y-ASAQ-DHAPPQ-AL,32,0.3999845564136777,2031
007/012-Cycling-1y-ASAQ-DHAPPQ-AL,33,0.5173436068318598,2031
007/012-Cycling-1y-ASAQ-DHAPPQ-AL,34,0.5748569151450842,2031
007/012-Cycling-1y-ASAQ-DHAPPQ-AL,35,0.5169312179499793,2031
007/012-Cycling-1y-ASAQ-DHAPPQ-AL,36,0.46416007496033207,2031
007/012-Cycling-1y-ASAQ-DHAPPQ-AL,37,0.5536421435880107,2031
007/012-Cycling-1y-ASAQ-DHAPPQ-AL,38,0.4115438420173989,2031
007/012-Cycling-1y-ASAQ-DHAPPQ-AL,39,0.5109446723496578,2031
007/012-Cycling-1y-ASAQ-DHAPPQ-AL,40,0.38101581107337973,2031
007/012-Cycling-1y-ASAQ-DHAPPQ-AL,41,0.4695298006964633,2031
007/012-Cycling-1y-ASAQ-DHAPPQ-AL,42,0.4965918273110776,2031
007/012-Cycling-1y-ASAQ-DHAPPQ-AL,43,0.4795604415390348,2031
007/012-Cycling-1y-ASAQ-DHAPPQ-AL,44,0.5292413458704126,2031
007/012-Cycling-1y-ASAQ-DHAPPQ-AL,45,0.5302080825605501,2031
007/012-Cycling-1y-ASAQ-DHAPPQ-AL,46,0.5227560604785307,2031
007/012-Cycling-1y-ASAQ-DHAPPQ-AL,47,0.5340358631561272,2031
007/012-Cycling-1y-ASAQ-DHAPPQ-AL,48,0.5283759736152618,2031
007/012-Cycling-1y-ASAQ-DHAPPQ-AL,49,0.4956272757094222,2031
007/012-Cycling-1y-ASAQ-DHAPPQ-AL,50,0.5276828126410844,2031
007/012-Cycling-1y-ASAQ-DHAPPQ-AL,51,0.430129968217954,2031
007/012-Cycling-1y-ASAQ-DHAPPQ-AL,52,0.5194179588176767,2031
007/012-Cycling-1y-ASAQ-DHAPPQ-AL,53,0.5620501072588641,2031
007/012-Cycling-1y-ASAQ-DHAPPQ-AL,54,0.5292849874580303,2031
007/012-Cycling-1y-ASAQ-DHAPPQ-AL,55,0.46847135669785,2031
007/012-Cycling-1y-ASAQ-DHAPPQ-AL,56,0.48568189378857957,2031
007/012-Cycling-1y-ASAQ-DHAPPQ-AL,57,0.41600424758852433,2031
007/012-Cycling-1y-ASAQ-DHAPPQ-AL,58,0.4264880714893782,2031
007/012-Cycling-1y-ASAQ-DHAPPQ-AL,59,0.518415375305782,2031
007/012-Cycling-1y-ASAQ-DHAPPQ-AL,60,0.5478689651119808,2031
007/012-Cycling-1y-ASAQ-DHAPPQ-AL,61,0.5221272884972732,2031
007/012-Cycling-1y-ASAQ-DHAPPQ-AL,62,0.4487860235933398,2031
007/012-Cycling-1y-ASAQ-DHAPPQ-AL,63,0.5121582483913101,2031
007/012-Cycling-1y-ASAQ-DHAPPQ-AL,64,0.5123421418634639,2031
007/012-Cycling-1y-ASAQ-DHAPPQ-AL,65,0.5444884774116415,2031
007/012-Cycling-1y-ASAQ-DHAPPQ-AL,66,0.517433132954933,2031
007/012-Cycling-1y-ASAQ-DHAPPQ-AL,67,0.5169205871372108,2031
007/012-Cycling-1y-ASAQ-DHAPPQ-AL,68,0.48764029721834895,2031
007/012-Cycling-1y-ASAQ-DHAPPQ-AL,69,0.46465793808715256,2031
007/012-Cycling-1y-ASAQ-DHAPPQ-AL,70,0.5035879380064491,2031
007/012-Cycling-1y-ASAQ-DHAPPQ-AL,71,0.5210964750602874,2031
007/012-Cycling-1y-ASAQ-DHAPPQ-AL,72,0.5296731256075567,2031
007/012-Cycling-1y-ASAQ-DHAPPQ-AL,73,0.4784182130089132,2031
007/012-Cycling-1y-ASAQ-DHAPPQ-AL,74,0.4678385703183559,2031
007/012-Cycling-1y-ASAQ-DHAPPQ-AL,75,0.566836973545586,2031
007/012-Cycling-1y-ASAQ-DHAPPQ-AL,76,0.5392352909973529,2031
007/012-Cycling-1y-ASAQ-DHAPPQ-AL,77,0.5451265791930299,2031
007/012-Cycling-1y-ASAQ-DHAPPQ-AL,78,0.5314628841811028,2031
007/012-Cycling-1y-ASAQ-DHAPPQ-AL,79,0.4896962455591963,2031
007/012-Cycling-1y-ASAQ-DHAPPQ-AL,80,0.5775450311363424,2031
007/012-Cycling-1y-ASAQ-DHAPPQ-AL,81,0.40840607242947974,2031
007/012-Cycling-1y-ASAQ-DHAPPQ-AL,82,0.48362048729804213,2031
007/012-Cycling-1y-ASAQ-DHAPPQ-AL,83,0.4449913215118299,2031
007/012-Cycling-1y-ASAQ-DHAPPQ-AL,84,0.5885000426270045,2031
007/012-Cycling-1y-ASAQ-DHAPPQ-AL,85,0.4982971584108105,2031
007/012-Cycling-1y-ASAQ-DHAPPQ-AL,86,0.5611714621894145,2031
007/012-Cycling-1y-ASAQ-DHAPPQ-AL,87,0.6077204284389055,2031
007/012-Cycling-1y-ASAQ-DHAPPQ-AL,88,0.48892751783861926,2031
007/012-Cycling-1y-ASAQ-DHAPPQ-AL,89,0.5304921412382406,2031
007/012-Cycling-1y-ASAQ-DHAPPQ-AL,90,0.5204656332275668,2031
007/012-Cycling-1y-ASAQ-DHAPPQ-AL,91,0.5580404875991188,2031
007/012-Cycling-1y-ASAQ-DHAPPQ-AL,92,0.520254168698978,2031
007/012-Cycling-1y-ASAQ-DHAPPQ-AL,93,0.603280660231101,2031
007/012-Cycling-1y-ASAQ-DHAPPQ-AL,94,0.5802886067501478,2031
007/012-Cycling-1y-ASAQ-DHAPPQ-AL,95,0.3679904394313948,2031
007/012-Cycling-1y-ASAQ-DHAPPQ-AL,96,0.5385562597537731,2031
007/012-Cycling-1y-ASAQ-DHAPPQ-AL,97,0.5767944926406511,2031
007/012-Cycling-1y-ASAQ-DHAPPQ-AL,98,0.44454565547744057,2031
007/012-Cycling-1y-ASAQ-DHAPPQ-AL,99,0.5342354109298223,2031
007/013-Cycling-1y-DHAPPQ-AL-ASAQ,0,0.5638526723831293,2031
007/013-Cycling-1y-DHAPPQ-AL-ASAQ,1,0.49990467340550987,2031
007/013-Cycling-1y-DHAPPQ-AL-ASAQ,2,0.4555100257565374,2031
007/013-Cycling-1y-DHAPPQ-AL-ASAQ,3,0.49726995713862054,2031
007/013-Cycling-1y-DHAPPQ-AL-ASAQ,4,0.4909519415409525,2031
007/013-Cycling-1y-DHAPPQ-AL-ASAQ,5,0.4783922412978275,2031
007/013-Cycling-1y-DHAPPQ-AL-ASAQ,6,0.5220624294177045,2031
007/013-Cycling-1y-DHAPPQ-AL-ASAQ,7,0.49772938830821295,2031
007/013-Cycling-1y-DHAPPQ-AL-ASAQ,8,0.49970767121481924,2031
007/013-Cycling-1y-DHAPPQ-AL-ASAQ,9,0.44158014965777403,2031
007/013-Cycling-1y-DHAPPQ-AL-ASAQ,10,0.569426061340068,2031
007/013-Cycling-1y-DHAPPQ-AL-ASAQ,11,0.5099242267263087,2031
007/013-Cycling-1y-DHAPPQ-AL-ASAQ,12,0.5736696303686835,2031
007/013-Cycling-1y-DHAPPQ-AL-ASAQ,13,0.3708293062059118,2031
007/013-Cycling-1y-DHAPPQ-AL-ASAQ,14,0.4821196452667988,2031
007/013-Cycling-1y-DHAPPQ-AL-ASAQ,15,0.5114954421768445,2031
007/013-Cycling-1y-DHAPPQ-AL-ASAQ,16,0.5172778275295401,2031
007/013-Cycling-1y-DHAPPQ-AL-ASAQ,17,0.4300710900791406,2031
007/013-Cycling-1y-DHAPPQ-AL-ASAQ,18,0.5392267627470086,2031
007/013-Cycling-1y-DHAPPQ-AL-ASAQ,19,0.48607297314302556,2031
007/013-Cycling-1y-DHAPPQ-AL-ASAQ,20,0.5152244556770353,2031
007/013-Cycling-1y-DHAPPQ-AL-ASAQ,21,0.5270474628703027,2031
007/013-Cycling-1y-DHAPPQ-AL-ASAQ,22,0.46676191255184635,2031
007/013-Cycling-1y-DHAPPQ-AL-ASAQ,23,0.4250110118139629,2031
007/013-Cycling-1y-DHAPPQ-AL-ASAQ,24,0.5919643098247098,2031
007/013-Cycling-1y-DHAPPQ-AL-ASAQ,25,0.5137032047442373,2031
007/013-Cycling-1y-DHAPPQ-AL-ASAQ,26,0.566261739577402,2031
007/013-Cycling-1y-DHAPPQ-AL-ASAQ,27,0.7030471140235499,2031
007/013-Cycling-1y-DHAPPQ-AL-ASAQ,28,0.5473030050183051,2031
007/013-Cycling-1y-DHAPPQ-AL-ASAQ,29,0.5029635921900008,2031
007/013-Cycling-1y-DHAPPQ-AL-ASAQ,30,0.41522055952655695,2031
007/013-Cycling-1y-DHAPPQ-AL-ASAQ,31,0.5562829349025149,2031
007/013-Cycling-1y-DHAPPQ-AL-ASAQ,32,0.48963671255005187,2031
007/013-Cycling-1y-DHAPPQ-AL-ASAQ,33,0.4908035550001089,2031
007/013-Cycling-1y-DHAPPQ-AL-ASAQ,34,0.6616299163355973,2031
007/013-Cycling-1y-DHAPPQ-AL-ASAQ,35,0.5836423981488047,2031
007/013-Cycling-1y-DHAPPQ-AL-ASAQ,36,0.55758017754821,2031
007/013-Cycling-1y-DHAPPQ-AL-ASAQ,37,0.4728168537982908,2031
007/013-Cycling-1y-DHAPPQ-AL-ASAQ,38,0.6227469485585173,2031
007/013-Cycling-1y-DHAPPQ-AL-ASAQ,39,0.5166817454898768,2031
007/013-Cycling-1y-DHAPPQ-AL-ASAQ,40,0.5886356818544782,2031
007/013-Cycling-1y-DHAPPQ-AL-ASAQ,41,0.4574866732116967,2031
007/013-Cycling-1y-DHAPPQ-AL-ASAQ,42,0.46537963001520016,2031
007/013-Cycling-1y-DHAPPQ-AL-ASAQ,43,0.5238960589410949,2031
007/013-Cycling-1y-DHAPPQ-AL-ASAQ,44,0.6749600406325453,2031
007/013-Cycling-1y-DHAPPQ-AL-ASAQ,45,0.5298313056011802,2031
007/013-Cycling-1y-DHAPPQ-AL-ASAQ,46,0.4543716990077456,2031
007/013-Cycling-1y-DHAPPQ-AL-ASAQ,47,0.6692462670742917,2031
007/013-Cycling-1y-DHAPPQ-AL-ASAQ,48,0.40527561561619,2031
007/013-Cycling-1y-DHAPPQ-AL-ASAQ,49,0.5035455469464578,2031
007/013-Cycling-1y-DHAPPQ-AL-ASAQ,50,0.5673468135787921,2031
007/013-Cycling-1y-DHAPPQ-AL-ASAQ,51,0.41325684427512877,2031
007/013-Cycling-1y-DHAPPQ-AL-ASAQ,52,0.5230203476113701,2031
007/013-Cycling-1y-DHAPPQ-AL-ASAQ,53,0.4782041676880297,2031
007/013-Cycling-1y-DHAPPQ-AL-ASAQ,54,0.5675223569924231,2031
007/013-Cycling-1y-DHAPPQ-AL-ASAQ,55,0.4726582751451575,2031
007/013-Cycling-1y-DHAPPQ-AL-ASAQ,56,0.45775059508903054,2031
007/013-Cycling-1y-DHAPPQ-AL-ASAQ,57,0.6093158804948033,2031
007/013-Cycling-1y-DHAPPQ-AL-ASAQ,58,0.49824934353684047,2031
007/013-Cycling-1y-DHAPPQ-AL-ASAQ,59,0.43453865853950724,2031
007/013-Cycling-1y-DHAPPQ-AL-ASAQ,60,0.48646391078316326,2031
007/013-Cycling-1y-DHAPPQ-AL-ASAQ,61,0.5450159047640978,2031
007/013-Cycling-1y-DHAPPQ-AL-ASAQ,62,0.5739673444679722,2031
007/013-Cycling-1y-DHAPPQ-AL-ASAQ,63,0.48945484676703904,2031
007/013-Cycling-1y-DHAPPQ-AL-ASAQ,64,0.4990672012690946,2031
007/013-Cycling-1y-DHAPPQ-AL-ASAQ,65,0.4991056310927118,2031
007/013-Cycling-1y-DHAPPQ-AL-ASAQ,66,0.4589221066490905,2031
007/013-Cycling-1y-DHAPPQ-AL-ASAQ,67,0.6103333183401585,2031
007/013-Cycling-1y-DHAPPQ-AL-ASAQ,68,0.6039041404433029,2031
007/013-Cycling-1y-DHAPPQ-AL-ASAQ,69,0.5452415144406935,2031
007/013-Cycling-1y-DHAPPQ-AL-ASAQ,70,0.5228632649864472,2031
007/013-Cycling-1y-DHAPPQ-AL-ASAQ,71,0.35219908899336966,2031
007/013-Cycling-1y-DHAPPQ-AL-ASAQ,72,0.44075663332302417,2031
007/013-Cycling-1y-DHAPPQ-AL-ASAQ,73,0.46455676641565535,2031
007/013-Cycling-1y-DHAPPQ-AL-ASAQ,74,0.4137535559405732,2031
007/013-Cycling-1y-DHAPPQ-AL-ASAQ,75,0.4506215658543553,2031
007/013-Cycling-1y-DHAPPQ-AL-ASAQ,76,0.5693826475834258,2031
007/013-Cycling-1y-DHAPPQ-AL-ASAQ,77,0.5301802978811078,2031
007/013-Cycling-1y-DHAPPQ-AL-ASAQ,78,0.48755659389469663,2031
007/013-Cycling-1y-DHAPPQ-AL-ASAQ,79,0.5820865463718151,2031
007/013-Cycling-1y-DHAPPQ-AL-ASAQ,80,0.5088000555553337,2031
007/013-Cycling-1y-DHAPPQ-AL-ASAQ,81,0.6348893998881023,2031
007/013-Cycling-1y-DHAPPQ-AL-ASAQ,82,0.43830470409869293,2031
007/013-Cycling-1y-DHAPPQ-AL-ASAQ,83,0.5385880997680169,2031
007/013-Cycling-1y-DHAPPQ-AL-ASAQ,84,0.5330466009496587,2031
007/013-Cycling-1y-DHAPPQ-AL-ASAQ,85,0.5313987826315122,2031
007/013-Cycling-1y-DHAPPQ-AL-ASAQ,86,0.5851515099067132,2031
007/013-Cycling-1y-DHAPPQ-AL-ASAQ,87,0.5307584787552965,2031
007/013-Cycling-1y-DHAPPQ-AL-ASAQ,88,0.5446175475432194,2031
007/013-Cycling-1y-DHAPPQ-AL-ASAQ,89,0.5196762125581013,2031
007/013-Cycling-1y-DHAPPQ-AL-ASAQ,90,0.491492373610305,2031
007/013-Cycling-1y-DHAPPQ-AL-ASAQ,91,0.44636857793264534,2031
007/013-Cycling-1y-DHAPPQ-AL-ASAQ,92,0.5171447518470281,2031
007/013-Cycling-1y-DHAPPQ-AL-ASAQ,93,0.4991191913478779,2031
007/013-Cycling-1y-DHAPPQ-AL-ASAQ,94,0.48803043664561696,2031
007/013-Cycling-1y-DHAPPQ-AL-ASAQ,95,0.5120684227751334,2031
007/013-Cycling-1y-DHAPPQ-AL-ASAQ,96,0.4602887815541625,2031
007/013-Cycling-1y-DHAPPQ-AL-ASAQ,97,0.44871389927723776,2031
007/013-Cycling-1y-DHAPPQ-AL-ASAQ,98,0.4893631667310512,2031
007/013-Cycling-1y-DHAPPQ-AL-ASAQ,99,0.6553596643077138,2031
007/014-Cycling-1y-DHAPPQ-ASAQ-AL,0,0.5682794938799537,2031
007/014-Cycling-1y-DHAPPQ-ASAQ-AL,1,0.49351354746506954,2031
007/014-Cycling-1y-DHAPPQ-ASAQ-AL,2,0.483273675292282,2031
007/014-Cycling-1y-DHAPPQ-ASAQ-AL,3,0.4899379095602679,2031
007/014-Cycling-1y-DHAPPQ-ASAQ-AL,4,0.5415102081218804,2031
007/014-Cycling-1y-DHAPPQ-ASAQ-AL,5,0.5458007176987637,2031
007/014-Cycling-1y-DHAPPQ-ASAQ-AL,6,0.4411885706204208,2031
007/014-Cycling-1y-DHAPPQ-ASAQ-AL,7,0.5119564036489872,2031
007/014-Cycling-1y-DHAPPQ-ASAQ-AL,8,0.4853522738838805,2031
007/014-Cycling-1y-DHAPPQ-ASAQ-AL,9,0.4801146213694394,2031
007/014-Cycling-1y-DHAPPQ-ASAQ-AL,10,0.43644648164832583,2031
007/014-Cycling-1y-DHAPPQ-ASAQ-AL,11,0.4814465981761921,2031
007/014-Cycling-1y-DHAPPQ-ASAQ-AL,12,0.45803600808938566,2031
007/014-Cycling-1y-DHAPPQ-ASAQ-AL,13,0.5488473797763221,2031
007/014-Cycling-1y-DHAPPQ-ASAQ-AL,14,0.5805373536165049,2031
007/014-Cycling-1y-DHAPPQ-ASAQ-AL,15,0.44256446494300367,2031
007/014-Cycling-1y-DHAPPQ-ASAQ-AL,16,0.3953837769904207,2031
007/014-Cycling-1y-DHAPPQ-ASAQ-AL,17,0.4998692264802212,2031
007/014-Cycling-1y-DHAPPQ-ASAQ-AL,18,0.4401716846024804,2031
007/014-Cycling-1y-DHAPPQ-ASAQ-AL,19,0.42271988463070126,2031
007/014-Cycling-1y-DHAPPQ-ASAQ-AL,20,0.4991634731826217,2031
007/014-Cycling-1y-DHAPPQ-ASAQ-AL,21,0.5421207561356295,2031
007/014-Cycling-1y-DHAPPQ-ASAQ-AL,22,0.5241084990693873,2031
007/014-Cycling-1y-DHAPPQ-ASAQ-AL,23,0.5679601805708515,2031
007/014-Cycling-1y-DHAPPQ-ASAQ-AL,24,0.5528611237218174,2031
007/014-Cycling-1y-DHAPPQ-ASAQ-AL,25,0.439143862347583,2031
007/014-Cycling-1y-DHAPPQ-ASAQ-AL,26,0.46431568856853006,2031
007/014-Cycling-1y-DHAPPQ-ASAQ-AL,27,0.4938222339473135,2031
007/014-Cycling-1y-DHAPPQ-ASAQ-AL,28,0.5149515446321358,2031
007/014-Cycling-1y-DHAPPQ-ASAQ-AL,29,0.3747968891030095,2031
007/014-Cycling-1y-DHAPPQ-ASAQ-AL,30,0.4454382559469421,2031
007/014-Cycling-1y-DHAPPQ-ASAQ-AL,31,0.5069260784403761,2031
007/014-Cycling-1y-DHAPPQ-ASAQ-AL,32,0.49652953016941637,2031
007/014-Cycling-1y-DHAPPQ-ASAQ-AL,33,0.3483282581083144,2031
007/014-Cycling-1y-DHAPPQ-ASAQ-AL,34,0.47728577790665616,2031
007/014-Cycling-1y-DHAPPQ-ASAQ-AL,35,0.5690395771585616,2031
007/014-Cycling-1y-DHAPPQ-ASAQ-AL,36,0.48739196488740316,2031
007/014-Cycling-1y-DHAPPQ-ASAQ-AL,37,0.5533901586933496,2031
007/014-Cycling-1y-DHAPPQ-ASAQ-AL,38,0.4799156284141155,2031
007/014-Cycling-1y-DHAPPQ-ASAQ-AL,39,0.5519548729006672,2031
007/014-Cycling-1y-DHAPPQ-ASAQ-AL,40,0.4870082192177992,2031
007/014-Cycling-1y-DHAPPQ-ASAQ-AL,41,0.44485989286392824,2031
007/014-Cycling-1y-DHAPPQ-ASAQ-AL,42,0.5596724347988399,2031
007/014-Cycling-1y-DHAPPQ-ASAQ-AL,43,0.46983605059901845,2031
007/014-Cycling-1y-DHAPPQ-ASAQ-AL,44,0.548335754070992,2031
007/014-Cycling-1y-DHAPPQ-ASAQ-AL,45,0.5776308096219608,2031
007/014-Cycling-1y-DHAPPQ-ASAQ-AL,46,0.3741478673597915,2031
007/014-Cycling-1y-DHAPPQ-ASAQ-AL,47,0.4864967559522628,2031
007/014-Cycling-1y-DHAPPQ-ASAQ-AL,48,0.47671859258433624,2031
007/014-Cycling-1y-DHAPPQ-ASAQ-AL,49,0.5332076830844796,2031
007/014-Cycling-1y-DHAPPQ-ASAQ-AL,50,0.5226391483471321,2031
007/014-Cycling-1y-DHAPPQ-ASAQ-AL,51,0.393138109784158,2031
007/014-Cycling-1y-DHAPPQ-ASAQ-AL,52,0.4028374068677847,2031
007/014-Cycling-1y-DHAPPQ-ASAQ-AL,53,0.5726961894902153,2031
007/014-Cycling-1y-DHAPPQ-ASAQ-AL,54,0.5134317850542756,2031
007/014-Cycling-1y-DHAPPQ-ASAQ-AL,55,0.43598075455856283,2031
007/014-Cycling-1y-DHAPPQ-ASAQ-AL,56,0.5872179027622352,2031
007/014-Cycling-1y-DHAPPQ-ASAQ-AL,57,0.6853511217919932,2031
007/014-Cycling-1y-DHAPPQ-ASAQ-AL,58,0.47773169577682134,2031
007/014-Cycling-1y-DHAPPQ-ASAQ-AL,59,0.5852236668071374,2031
007/014-Cycling-1y-DHAPPQ-ASAQ-AL,60,0.4079940809001726,2031
007/014-Cycling-1y-DHAPPQ-ASAQ-AL,61,0.5263532464567126,2031
007/014-Cycling-1y-DHAPPQ-ASAQ-AL,62,0.5474975484260306,2031
007/014-Cycling-1y-DHAPPQ-ASAQ-AL,63,0.49467124839756366,2031
007/014-Cycling-1y-DHAPPQ-ASAQ-AL,64,0.5271592189009512,2031
007/014-Cycling-1y-DHAPPQ-ASAQ-AL,65,0.49693412599320047,2031
007/014-Cycling-1y-DHAPPQ-ASAQ-AL,66,0.5805689099896295,2031
007/014-Cycling-1y-DHAPPQ-ASAQ-AL,67,0.6129496782050791,2031
007/014-Cycling-1y-DHAPPQ-ASAQ-AL,68,0.5358709321181278,2031
007/014-Cycling-1y-DHAPPQ-ASAQ-AL,69,0.27684621101233503,2031
007/014-Cycling-1y-DHAPPQ-ASAQ-AL,70,0.47896081379307254,2031
007/014-Cycling-1y-DHAPPQ-ASAQ-AL,71,0.46529557496600366,2031
007/014-Cycling-1y-DHAPPQ-ASAQ-AL,72,0.44031915804752564,2031
007/014-Cycling-1y-DHAPPQ-ASAQ-AL,73,0.5471692375872433,2031
007/014-Cycling-1y-DHAPPQ-ASAQ-AL,74,0.4538197092581575,2031
007/014-Cycling-1y-DHAPPQ-ASAQ-AL,75,0.5882647726013733,2031
007/014-Cycling-1y-DHAPPQ-ASAQ-AL,76,0.36851896270819745,2031
007/014-Cycling-1y-DHAPPQ-ASAQ-AL,77,0.535593362071396,2031
007/014-Cycling-1y-DHAPPQ-ASAQ-AL,78,0.5271813090467833,2031
007/014-Cycling-1y-DHAPPQ-ASAQ-AL,79,0.5522969643426591,2031
007/014-Cycling-1y-DHAPPQ-ASAQ-AL,80,0.48485501298058925,2031
007/014-Cycling-1y-DHAPPQ-ASAQ-AL,81,0.5322909086538421,2031
007/014-Cycling-1y-DHAPPQ-ASAQ-AL,82,0.48160273376988033,2031
007/014-Cycling-1y-DHAPPQ-ASAQ-AL,83,0.4068168333789382,2031
007/014-Cycling-1y-DHAPPQ-ASAQ-AL,84,0.4944590267132754,2031
007/014-Cycling-1y-DHAPPQ-ASAQ-AL,85,0.4279663646027694,2031
007/014-Cycling-1y-DHAPPQ-ASAQ-AL,86,0.5449691275809828,2031
007/014-Cycling-1y-DHAPPQ-ASAQ-AL,87,0.3776299253736404,2031
007/014-Cycling-1y-DHAPPQ-ASAQ-AL,88,0.5125364426192077,2031
007/014-Cycling-1y-DHAPPQ-ASAQ-AL,89,0.5361728650209566,2031
007/014-Cycling-1y-DHAPPQ-ASAQ-AL,90,0.6659408456467887,2031
007/014-Cycling-1y-DHAPPQ-ASAQ-AL,91,0.5237818151763942,2031
007/014-Cycling-1y-DHAPPQ-ASAQ-AL,92,0.5232137727100657,2031
007/014-Cycling-1y-DHAPPQ-ASAQ-AL,93,0.5618793171902151,2031
007/014-Cycling-1y-DHAPPQ-ASAQ-AL,94,0.5363772044524374,2031
007/014-Cycling-1y-DHAPPQ-ASAQ-AL,95,0.48469260057779656,2031
007/014-Cycling-1y-DHAPPQ-ASAQ-AL,96,0.5635386791616838,2031
007/014-Cycling-1y-DHAPPQ-ASAQ-AL,97,0.4824191624262694,2031
007/014-Cycling-1y-DHAPPQ-ASAQ-AL,98,0.5302855302394175,2031
007/014-Cycling-1y-DHAPPQ-ASAQ-AL,99,0.5239856622504887,2031
007/015-Cycling-2y-AL-ASAQ,0,0.575911711316501,2031
007/015-Cycling-2y-AL-ASAQ,1,0.8045974345896806,2031
007/015-Cycling-2y-AL-ASAQ,2,0.5460922243850063,2031
007/015-Cycling-2y-AL-ASAQ,3,0.6057514989560461,2031
007/015-Cycling-2y-AL-ASAQ,4,0.6390521002245378,2031
007/015-Cycling-2y-AL-ASAQ,5,0.5152063916029509,2031
007/015-Cycling-2y-AL-ASAQ,6,0.7373422315263299,2031
007/015-Cycling-2y-AL-ASAQ,7,0.576057332942017,2031
007/015-Cycling-2y-AL-ASAQ,8,0.5814958479393347,2031
007/015-Cycling-2y-AL-ASAQ,9,0.5342596855765238,2031
007/015-Cycling-2y-AL-ASAQ,10,0.6865756064956869,2031
007/015-Cycling-2y-AL-ASAQ,11,0.5888326185306567,2031
007/015-Cycling-2y-AL-ASAQ,12,0.6469222821827195,2031
007/015-Cycling-2y-AL-ASAQ,13,0.6275577211691665,2031
007/015-Cycling-2y-AL-ASAQ,14,0.6416371746024917,2031
007/015-Cycling-2y-AL-ASAQ,15,0.5785586505936691,2031
007/015-Cycling-2y-AL-ASAQ,16,0.7664608819955476,2031
007/015-Cycling-2y-AL-ASAQ,17,0.7521959527977735,2031
007/015-Cycling-2y-AL-ASAQ,18,0.6543673352269262,2031
007/015-Cycling-2y-AL-ASAQ,19,0.6537518008882739,2031
007/015-Cycling-2y-AL-ASAQ,20,0.633987693334119,2031
007/015-Cycling-2y-AL-ASAQ,21,0.6592448882197656,2031
007/015-Cycling-2y-AL-ASAQ,22,0.7100136854186104,2031
007/015-Cycling-2y-AL-ASAQ,23,0.6134007133095587,2031
007/015-Cycling-2y-AL-ASAQ,24,0.6417607286539982,2031
007/015-Cycling-2y-AL-ASAQ,25,0.7113866954644217,2031
007/015-Cycling-2y-AL-ASAQ,26,0.6142225793858033,2031
007/015-Cycling-2y-AL-ASAQ,27,0.621019970038032,2031
007/015-Cycling-2y-AL-ASAQ,28,0.6390670541808379,2031
007/015-Cycling-2y-AL-ASAQ,29,0.6182019648343952,2031
007/015-Cycling-2y-AL-ASAQ,30,0.8739215059868058,2031
007/015-Cycling-2y-AL-ASAQ,31,0.6921821865419431,2031
007/015-Cycling-2y-AL-ASAQ,32,0.6972453325936029,2031
007/015-Cycling-2y-AL-ASAQ,33,0.6152549614807739,2031
007/015-Cycling-2y-AL-ASAQ,34,0.6196153910467935,2031
007/015-Cycling-2y-AL-ASAQ,35,0.5762916834111619,2031
007/015-Cycling-2y-AL-ASAQ,36,0.6105224344403941,2031
007/015-Cycling-2y-AL-ASAQ,37,0.5643786522106917,2031
007/015-Cycling-2y-AL-ASAQ,38,0.6530271523175059,2031
007/015-Cycling-2y-AL-ASAQ,39,0.6288871403138208,2031
007/015-Cycling-2y-AL-ASAQ,40,0.7040367738368385,2031
007/015-Cycling-2y-AL-ASAQ,41,0.759917552072829,2031
007/015-Cycling-2y-AL-ASAQ,42,0.6294338596819508,2031
007/015-Cycling-2y-AL-ASAQ,43,0.6264606156898849,2031
007/015-Cycling-2y-AL-ASAQ,44,0.5633072525286077,2031
007/015-Cycling-2y-AL-ASAQ,45,0.5977557378764821,2031
007/015-Cycling-2y-AL-ASAQ,46,0.6304038170240693,2031
007/015-Cycling-2y-AL-ASAQ,47,0.5718058524549423,2031
007/015-Cycling-2y-AL-ASAQ,48,0.6721612309983187,2031
007/015-Cycling-2y-AL-ASAQ,49,0.5994132297806111,2031
007/015-Cycling-2y-AL-ASAQ,50,0.6238292714990525,2031
007/015-Cycling-2y-AL-ASAQ,51,0.6588779268456554,2031
007/015-Cycling-2y-AL-ASAQ,52,0.5991137522706356,2031
007/015-Cycling-2y-AL-ASAQ,53,0.6826227239332227,2031
007/015-Cycling-2y-AL-ASAQ,54,0.5618039783936188,2031
007/015-Cycling-2y-AL-ASAQ,55,0.5633080696033763,2031
007/015-Cycling-2y-AL-ASAQ,56,0.626117329084803,2031
007/015-Cycling-2y-AL-ASAQ,57,0.5339672851076049,2031
007/015-Cycling-2y-AL-ASAQ,58,0.6676177149142434,2031
007/015-Cycling-2y-AL-ASAQ,59,0.7046951801191964,2031
007/015-Cycling-2y-AL-ASAQ,60,0.7140212271984444,2031
007/015-Cycling-2y-AL-ASAQ,61,0.5765526165673708,2031
007/015-Cycling-2y-AL-ASAQ,62,0.6345888973662362,2031
007/015-Cycling-2y-AL-ASAQ,63,0.5617538413445466,2031
007/015-Cycling-2y-AL-ASAQ,64,0.6282453645171605,2031
007/015-Cycling-2y-AL-ASAQ,65,0.5959803052327706,2031
007/015-Cycling-2y-AL-ASAQ,66,0.6845462213669494,2031
007/015-Cycling-2y-AL-ASAQ,67,0.6415424961301265,2031
007/015-Cycling-2y-AL-ASAQ,68,0.5879698443831566,2031
007/015-Cycling-2y-AL-ASAQ,69,0.6849452732498508,2031
007/015-Cycling-2y-AL-ASAQ,70,0.6505341032884352,2031
007/015-Cycling-2y-AL-ASAQ,71,0.5361117504627902,2031
007/015-Cycling-2y-AL-ASAQ,72,0.6807542479480092,2031
007/015-Cycling-2y-AL-ASAQ,73,0.5782176022591252,2031
007/015-Cycling-2y-AL-ASAQ,74,0.6257297176132355,2031
007/015-Cycling-2y-AL-ASAQ,75,0.5452906543062173,2031
007/015-Cycling-2y-AL-ASAQ,76,0.6407799728445204,2031
007/015-Cycling-2y-AL-ASAQ,77,0.5539125516342752,2031
007/015-Cycling-2y-AL-ASAQ,78,0.6053040296292744,2031
007/015-Cycling-2y-AL-ASAQ,79,0.655261111098749,2031
007/015-Cycling-2y-AL-ASAQ,80,0.6854841545985182,2031
007/015-Cycling-2y-AL-ASAQ,81,0.5665069813145586,2031
007/015-Cycling-2y-AL-ASAQ,82,0.6599068106135396,2031
007/015-Cycling-2y-AL-ASAQ,83,0.6337305345369056,2031
007/015-Cycling-2y-AL-ASAQ,84,0.6968548520751986,2031
007/015-Cycling-2y-AL-ASAQ,85,0.5412869681148709,2031
007/015-Cycling-2y-AL-ASAQ,86,0.6654178264151639,2031
007/015-Cycling-2y-AL-ASAQ,87,0.6874716591279791,2031
007/015-Cycling-2y-AL-ASAQ,88,0.5790778551609393,2031
007/015-Cycling-2y-AL-ASAQ,89,0.5941239296486013,2031
007/015-Cycling-2y-AL-ASAQ,90,0.5343231750527437,2031
007/015-Cycling-2y-AL-ASAQ,91,0.6344139940570221,2031
007/015-Cycling-2y-AL-ASAQ,92,0.6331246335574588,2031
007/015-Cycling-2y-AL-ASAQ,93,0.6063299221540378,2031
007/015-Cycling-2y-AL-ASAQ,94,0.6427811684198633,2031
007/015-Cycling-2y-AL-ASAQ,95,0.6375180072539368,2031
007/015-Cycling-2y-AL-ASAQ,96,0.6844131274558104,2031
007/015-Cycling-2y-AL-ASAQ,97,0.5637545318473208,2031
007/015-Cycling-2y-AL-ASAQ,98,0.5773688679502719,2031
007/015-Cycling-2y-AL-ASAQ,99,0.5993608578422176,2031
007/016-Cycling-2y-AL-DHAPPQ,0,0.6743698150096362,2031
007/016-Cycling-2y-AL-DHAPPQ,1,0.6733680504672565,2031
007/016-Cycling-2y-AL-DHAPPQ,2,0.4534304668845545,2031
007/016-Cycling-2y-AL-DHAPPQ,3,0.6635834271067691,2031
007/016-Cycling-2y-AL-DHAPPQ,4,0.6237266797670119,2031
007/016-Cycling-2y-AL-DHAPPQ,5,0.6342259565025672,2031
007/016-Cycling-2y-AL-DHAPPQ,6,0.5710273510986773,2031
007/016-Cycling-2y-AL-DHAPPQ,7,0.5657758585948717,2031
007/016-Cycling-2y-AL-DHAPPQ,8,0.703964984167149,2031
007/016-Cycling-2y-AL-DHAPPQ,9,0.5996735561176385,2031
007/016-Cycling-2y-AL-DHAPPQ,10,0.5674253059567018,2031
007/016-Cycling-2y-AL-DHAPPQ,11,0.6146618045433723,2031
007/016-Cycling-2y-AL-DHAPPQ,12,0.666575221797019,2031
007/016-Cycling-2y-AL-DHAPPQ,13,0.6301870764316954,2031
007/016-Cycling-2y-AL-DHAPPQ,14,0.6833664681067262,2031
007/016-Cycling-2y-AL-DHAPPQ,15,0.5810999085313807,2031
007/016-Cycling-2y-AL-DHAPPQ,16,0.5818767571513389,2031
007/016-Cycling-2y-AL-DHAPPQ,17,0.6552476204344443,2031
007/016-Cycling-2y-AL-DHAPPQ,18,0.6357474437645437,2031
007/016-Cycling-2y-AL-DHAPPQ,19,0.6670054563136985,2031
007/016-Cycling-2y-AL-DHAPPQ,20,0.7023807356983549,2031
007/016-Cycling-2y-AL-DHAPPQ,21,0.6697887257913541,2031
007/016-Cycling-2y-AL-DHAPPQ,22,0.5964541190425598,2031
007/016-Cycling-2y-AL-DHAPPQ,23,0.7071818651751952,2031
007/016-Cycling-2y-AL-DHAPPQ,24,0.6591976059143736,2031
007/016-Cycling-2y-AL-DHAPPQ,25,0.7135971521786043,2031
007/016-Cycling-2y-AL-DHAPPQ,26,0.7057907572887117,2031
007/016-Cycling-2y-AL-DHAPPQ,27,0.7823574984699215,2031
007/016-Cycling-2y-AL-DHAPPQ,28,0.5911961295069502,2031
007/016-Cycling-2y-AL-DHAPPQ,29,0.6030751252831009,2031
007/016-Cycling-2y-AL-DHAPPQ,30,0.7472956931818713,2031
007/016-Cycling-2y-AL-DHAPPQ,31,0.7266290392094739,2031
007/016-Cycling-2y-AL-DHAPPQ,32,0.6692104441783191,2031
007/016-Cycling-2y-AL-DHAPPQ,33,0.6581082835234918,2031
007/016-Cycling-2y-AL-DHAPPQ,34,0.5485128234605595,2031
007/016-Cycling-2y-AL-DHAPPQ,35,0.685987986655194,2031
007/016-Cycling-2y-AL-DHAPPQ,36,0.6451667944697013,2031
007/016-Cycling-2y-AL-DHAPPQ,37,0.6172155719200557,2031
007/016-Cycling-2y-AL-DHAPPQ,38,0.6493471371433089,2031
007/016-Cycling-2y-AL-DHAPPQ,39,0.6456574071439706,2031
007/016-Cycling-2y-AL-DHAPPQ,40,0.6704582219766283,2031
007/016-Cycling-2y-AL-DHAPPQ,41,0.5926496946174128,2031
007/016-Cycling-2y-AL-DHAPPQ,42,0.6850433958749735,2031
007/016-Cycling-2y-AL-DHAPPQ,43,0.6444635253178461,2031
007/016-Cycling-2y-AL-DHAPPQ,44,0.7196827007718465,2031
007/016-Cycling-2y-AL-DHAPPQ,45,0.6376500762840002,2031
007/016-Cycling-2y-AL-DHAPPQ,46,0.6537109707717379,2031
007/016-Cycling-2y-AL-DHAPPQ,47,0.5626229943014472,2031
007/016-Cycling-2y-AL-DHAPPQ,48,0.6682050476759896,2031
007/016-Cycling-2y-AL-DHAPPQ,49,0.6388155752346251,2031
007/016-Cycling-2y-AL-DHAPPQ,50,0.5037729504920943,2031
007/016-Cycling-2y-AL-DHAPPQ,51,0.6244455347396837,2031
007/016-Cycling-2y-AL-DHAPPQ,52,0.5068529895465158,2031
007/016-Cycling-2y-AL-DHAPPQ,53,0.694109735052001,2031
007/016-Cycling-2y-AL-DHAPPQ,54,0.7821072868950103,2031
007/016-Cycling-2y-AL-DHAPPQ,55,0.5218487937913651,2031
007/016-Cycling-2y-AL-DHAPPQ,56,0.7048942746942845,2031
007/016-Cycling-2y-AL-DHAPPQ,57,0.751344821279959,2031
007/016-Cycling-2y-AL-DHAPPQ,58,0.699481974935335,2031
007/016-Cycling-2y-AL-DHAPPQ,59,0.7101083550217369,2031
007/016-Cycling-2y-AL-DHAPPQ,60,0.717618846227455,2031
007/016-Cycling-2y-AL-DHAPPQ,61,0.6477001173132995,2031
007/016-Cycling-2y-AL-DHAPPQ,62,0.7025010058329227,2031
007/016-Cycling-2y-AL-DHAPPQ,63,0.5991715555135789,2031
007/016-Cycling-2y-AL-DHAPPQ,64,0.65662437518459,2031
007/016-Cycling-2y-AL-DHAPPQ,65,0.7328589125751184,2031
007/016-Cycling-2y-AL-DHAPPQ,66,0.6970307469042192,2031
007/016-Cycling-2y-AL-DHAPPQ,67,0.6282725804166445,2031
007/016-Cycling-2y-AL-DHAPPQ,68,0.6089171336507354,2031
007/016-Cycling-2y-AL-DHAPPQ,69,0.6532858792622377,2031
007/016-Cycling-2y-AL-DHAPPQ,70,0.7467576675900528,2031
007/016-Cycling-2y-AL-DHAPPQ,71,0.7468154970136597,2031
007/016-Cycling-2y-AL-DHAPPQ,72,0.6507057160172485,2031
007/016-Cycling-2y-AL-DHAPPQ,73,0.5835776227692001,2031
007/016-Cycling-2y-AL-DHAPPQ,74,0.6691057849851036,2031
007/016-Cycling-2y-AL-DHAPPQ,75,0.6247703330932918,2031
007/016-Cycling-2y-AL-DHAPPQ,76,0.7019615221687473,2031
007/016-Cycling-2y-AL-DHAPPQ,77,0.655011936332243,2031
007/016-Cycling-2y-AL-DHAPPQ,78,0.5587911567893528,2031
007/016-Cycling-2y-AL-DHAPPQ,79,0.521651078349181,2031
007/016-Cycling-2y-AL-DHAPPQ,80,0.7181348311716961,2031
007/016-Cycling-2y-AL-DHAPPQ,81,0.6468637101754516,2031
007/016-Cycling-2y-AL-DHAPPQ,82,0.6110548467124324,2031
007/016-Cycling-2y-AL-DHAPPQ,83,0.6042233937975249,2031
007/016-Cycling-2y-AL-DHAPPQ,84,0.6319032342677159,2031
007/016-Cycling-2y-AL-DHAPPQ,85,0.6200377503687516,2031
007/016-Cycling-2y-AL-DHAPPQ,86,0.5733995133942642,2031
007/016-Cycling-2y-AL-DHAPPQ,87,0.6750119279369061,2031
007/016-Cycling-2y-AL-DHAPPQ,88,0.6919787991803329,2031
007/016-Cycling-2y-AL-DHAPPQ,89,0.640607456392619,2031
007/016-Cycling-2y-AL-DHAPPQ,90,0.6875403893221144,2031
007/016-Cycling-2y-AL-DHAPPQ,91,0.6129715174823313,2031
007/016-Cycling-2y-AL-DHAPPQ,92,0.5491688660082861,2031
007/016-Cycling-2y-AL-DHAPPQ,93,0.5850881870096464,2031
007/016-Cycling-2y-AL-DHAPPQ,94,0.762043968617773,2031
007/016-Cycling-2y-AL-DHAPPQ,95,0.6838137260007079,2031
007/016-Cycling-2y-AL-DHAPPQ,96,0.5087768312195488,2031
007/016-Cycling-2y-AL-DHAPPQ,97,0.5944328428202905,2031
007/016-Cycling-2y-AL-DHAPPQ,98,0.6464076632902312,2031
007/016-Cycling-2y-AL-DHAPPQ,99,0.6177028517746497,2031
007/017-Cycling-2y-ASAQ-AL,0,0.48743151476055546,2031
007/017-Cycling-2y-ASAQ-AL,1,0.42059821509833145,2031
007/017-Cycling-2y-ASAQ-AL,2,0.52390878475041,2031
007/017-Cycling-2y-ASAQ-AL,3,0.49237036455041033,2031
007/017-Cycling-2y-ASAQ-AL,4,0.4036812926094186,2031
007/017-Cycling-2y-ASAQ-AL,5,0.41418586060480306,2031
007/017-Cycling-2y-ASAQ-AL,6,0.4925785016836984,2031
007/017-Cycling-2y-ASAQ-AL,7,0.4403140725895938,2031
007/017-Cycling-2y-ASAQ-AL,8,0.3984701305143468,2031
007/017-Cycling-2y-ASAQ-AL,9,0.5003584998156209,2031
007/017-Cycling-2y-ASAQ-AL,10,0.4525659496784363,2031
007/017-Cycling-2y-ASAQ-AL,11,0.46248296631713054,2031
007/017-Cycling-2y-ASAQ-AL,12,0.46863073017886464,2031
007/017-Cycling-2y-ASAQ-AL,13,0.5218280959360496,2031
007/017-Cycling-2y-ASAQ-AL,14,0.43708953715217386,2031
007/017-Cycling-2y-ASAQ-AL,15,0.4568121839394219,2031
007/017-Cycling-2y-ASAQ-AL,16,0.545939326787502,2031
007/017-Cycling-2y-ASAQ-AL,17,0.3860144478421263,2031
007/017-Cycling-2y-ASAQ-AL,18,0.46483361063697726,2031
007/017-Cycling-2y-ASAQ-AL,19,0.5591240138972632,2031
007/017-Cycling-2y-ASAQ-AL,20,0.4315804191856705,2031
007/017-Cycling-2y-ASAQ-AL,21,0.4643948293639555,2031
007/017-Cycling-2y-ASAQ-AL,22,0.5022542487377526,2031
007/017-Cycling-2y-ASAQ-AL,23,0.4888999308074741,2031
007/017-Cycling-2y-ASAQ-AL,24,0.44338425874206755,2031
007/017-Cycling-2y-ASAQ-AL,25,0.549379538583028,2031
007/017-Cycling-2y-ASAQ-AL,26,0.5193955712507426,2031
007/017-Cycling-2y-ASAQ-AL,27,0.4257368820480912,2031
007/017-Cycling-2y-ASAQ-AL,28,0.4521682470324282,2031
007/017-Cycling-2y-ASAQ-AL,29,0.5162925776325294,2031
007/017-Cycling-2y-ASAQ-AL,30,0.5355971422612273,2031
007/017-Cycling-2y-ASAQ-AL,31,0.49374057055151055,2031
007/017-Cycling-2y-ASAQ-AL,32,0.4202688252038748,2031
007/017-Cycling-2y-ASAQ-AL,33,0.3787605115815988,2031
007/017-Cycling-2y-ASAQ-AL,34,0.376086657033871,2031
007/017-Cycling-2y-ASAQ-AL,35,0.4310509505415676,2031
007/017-Cycling-2y-ASAQ-AL,36,0.49737367753194617,2031
007/017-Cycling-2y-ASAQ-AL,37,0.4442405700451233,2031
007/017-Cycling-2y-ASAQ-AL,38,0.4637855231682709,2031
007/017-Cycling-2y-ASAQ-AL,39,0.45696750597986285,2031
007/017-Cycling-2y-ASAQ-AL,40,0.4647427933610964,2031
007/017-Cycling-2y-ASAQ-AL,41,0.5437849155946969,2031
007/017-Cycling-2y-ASAQ-AL,42,0.49288187758217167,2031
007/017-Cycling-2y-ASAQ-AL,43,0.47895865322308334,2031
007/017-Cycling-2y-ASAQ-AL,44,0.4515619454740756,2031
007/017-Cycling-2y-ASAQ-AL,45,0.6407600309276166,2031
007/017-Cycling-2y-ASAQ-AL,46,0.497939879892827,2031
007/017-Cycling-2y-ASAQ-AL,47,0.4142953522494408,2031
007/017-Cycling-2y-ASAQ-AL,48,0.4665610956149881,2031
007/017-Cycling-2y-ASAQ-AL,49,0.5458469118786274,2031
007/017-Cycling-2y-ASAQ-AL,50,0.4502340349367528,2031
007/017-Cycling-2y-ASAQ-AL,51,0.49870476623317317,2031
007/017-Cycling-2y-ASAQ-AL,52,0.5399009244881273,2031
007/017-Cycling-2y-ASAQ-AL,53,0.4385031250407428,2031
007/017-Cycling-2y-ASAQ-AL,54,0.51371418235795,2031
007/017-Cycling-2y-ASAQ-AL,55,0.388123222603262,2031
007/017-Cycling-2y-ASAQ-AL,56,0.4767041376950316,2031
007/017-Cycling-2y-ASAQ-AL,57,0.4106313915509165,2031
007/017-Cycling-2y-ASAQ-AL,58,0.3995503049973179,2031
007/017-Cycling-2y-ASAQ-AL,59,0.45950308662674866,2031
007/017-Cycling-2y-ASAQ-AL,60,0.3965694920104821,2031
007/017-Cycling-2y-ASAQ-AL,61,0.4667072302254455,2031
007/017-Cycling-2y-ASAQ-AL,62,0.45835786794714733,2031
007/017-Cycling-2y-ASAQ-AL,63,0.41652114166644955,2031
007/017-Cycling-2y-ASAQ-AL,64,0.48115006611459815,2031
007/017-Cycling-2y-ASAQ-AL,65,0.4057097762675208,2031
007/017-Cycling-2y-ASAQ-AL,66,0.4985313553762067,2031
007/017-Cycling-2y-ASAQ-AL,67,0.49080140301249214,2031
007/017-Cycling-2y-ASAQ-AL,68,0.535325989630331,2031
007/017-Cycling-2y-ASAQ-AL,69,0.4663058251920144,2031
007/017-Cycling-2y-ASAQ-AL,70,0.5030615545200007,2031
007/017-Cycling-2y-ASAQ-AL,71,0.5434026775535619,2031
007/017-Cycling-2y-ASAQ-AL,72,0.6042131729671901,2031
007/017-Cycling-2y-ASAQ-AL,73,0.5089626884834616,2031
007/017-Cycling-2y-ASAQ-AL,74,0.5172271051586851,2031
007/017-Cycling-2y-ASAQ-AL,75,0.40583651768291734,2031
007/017-Cycling-2y-ASAQ-AL,76,0.5114706789022748,2031
007/017-Cycling-2y-ASAQ-AL,77,0.4433173279589569,2031
007/017-Cycling-2y-ASAQ-AL,78,0.5354206341831983,2031
007/017-Cycling-2y-ASAQ-AL,79,0.5239473313905935,2031
007/017-Cycling-2y-ASAQ-AL,80,0.49543620055187426,2031
007/017-Cycling-2y-ASAQ-AL,81,0.46282718035022624,2031
007/017-Cycling-2y-ASAQ-AL,82,0.43300413397820536,2031
007/017-Cycling-2y-ASAQ-AL,83,0.5429738474743804,2031
007/017-Cycling-2y-ASAQ-AL,84,0.42709129509976446,2031
007/017-Cycling-2y-ASAQ-AL,85,0.4205149325988293,2031
007/017-Cycling-2y-ASAQ-AL,86,0.4773449520205694,2031
007/017-Cycling-2y-ASAQ-AL,87,0.5346895325958715,2031
007/017-Cycling-2y-ASAQ-AL,88,0.4625480483333492,2031
007/017-Cycling-2y-ASAQ-AL,89,0.5291905207660784,2031
007/017-Cycling-2y-ASAQ-AL,90,0.4548418293649848,2031
007/017-Cycling-2y-ASAQ-AL,91,0.5014236483592136,2031
007/017-Cycling-2y-ASAQ-AL,92,0.5071082915621582,2031
007/017-Cycling-2y-ASAQ-AL,93,0.5148747329899123,2031
007/017-Cycling-2y-ASAQ-AL,94,0.47163108582524194,2031
007/017-Cycling-2y-ASAQ-AL,95,0.4900462885875825,2031
007/017-Cycling-2y-ASAQ-AL,96,0.4735536965918344,2031
007/017-Cycling-2y-ASAQ-AL,97,0.43647232639490136,2031
007/017-Cycling-2y-ASAQ-AL,98,0.4858440894981291,2031
007/017-Cycling-2y-ASAQ-AL,99,0.4510200058465134,2031
007/018-Cycling-2y-ASAQ-DHAPPQ,0,0.34746243543393723,2031
007/018-Cycling-2y-ASAQ-DHAPPQ,1,0.4228749606218227,2031
007/018-Cycling-2y-ASAQ-DHAPPQ,2,0.37457237486803213,2031
007/018-Cycling-2y-ASAQ-DHAPPQ,3,0.3580181671701803,2031
007/018-Cycling-2y-ASAQ-DHAPPQ,4,0.43930399466931885,2031
007/018-Cycling-2y-ASAQ-DHAPPQ,5,0.3005094318070621,2031
007/018-Cycling-2y-ASAQ-DHAPPQ,6,0.4512767475135488,2031
007/018-Cycling-2y-ASAQ-DHAPPQ,7,0.3899123128481062,2031
007/018-Cycling-2y-ASAQ-DHAPPQ,8,0.4038092389767877,2031
007/018-Cycling-2y-ASAQ-DHAPPQ,9,0.43328346950983826,2031
007/018-Cycling-2y-ASAQ-DHAPPQ,10,0.3170949082518568,2031
007/018-Cycling-2y-ASAQ-DHAPPQ,11,0.386388109302047,2031
007/018-Cycling-2y-ASAQ-DHAPPQ,12,0.34921662422202643,2031
007/018-Cycling-2y-ASAQ-DHAPPQ,13,0.4371194674074887,2031
007/018-Cycling-2y-ASAQ-DHAPPQ,14,0.43494802375486447,2031
007/018-Cycling-2y-ASAQ-DHAPPQ,15,0.3943426413289295,2031
007/018-Cycling-2y-ASAQ-DHAPPQ,16,0.38402118477776037,2031
007/018-Cycling-2y-ASAQ-DHAPPQ,17,0.3748797190746776,2031
007/018-Cycling-2y-ASAQ-DHAPPQ,18,0.34700349020344873,2031
007/018-Cycling-2y-ASAQ-DHAPPQ,19,0.2728293627729314,2031
007/018-Cycling-2y-ASAQ-DHAPPQ,20,0.3835962448031505,2031
007/018-Cycling-2y-ASAQ-DHAPPQ,21,0.36776840758694185,2031
007/018-Cycling-2y-ASAQ-DHAPPQ,22,0.28195741484993747,2031
007/018-Cycling-2y-ASAQ-DHAPPQ,23,0.3885491153856542,2031
007/018-Cycling-2y-ASAQ-DHAPPQ,24,0.396032275698323,2031
007/018-Cycling-2y-ASAQ-DHAPPQ,25,0.42295385354729365,2031
007/018-Cycling-2y-ASAQ-DHAPPQ,26,0.4045220150298921,2031
007/018-Cycling-2y-ASAQ-DHAPPQ,27,0.3400004509048622,2031
007/018-Cycling-2y-ASAQ-DHAPPQ,28,0.3407035117383648,2031
007/018-Cycling-2y-ASAQ-DHAPPQ,29,0.4239853678821877,2031
007/018-Cycling-2y-ASAQ-DHAPPQ,30,0.41456830267007017,2031
007/018-Cycling-2y-ASAQ-DHAPPQ,31,0.3844973688650091,2031
007/018-Cycling-2y-ASAQ-DHAPPQ,32,0.3280840642914401,2031
007/018-Cycling-2y-ASAQ-DHAPPQ,33,0.5014551114231945,2031
007/018-Cycling-2y-ASAQ-DHAPPQ,34,0.35858403195172034,2031
007/018-Cycling-2y-ASAQ-DHAPPQ,35,0.3929338581225499,2031
007/018-Cycling-2y-ASAQ-DHAPPQ,36,0.4283142712204188,2031
007/018-Cycling-2y-ASAQ-DHAPPQ,37,0.40003391755240886,2031
007/018-Cycling-2y-ASAQ-DHAPPQ,38,0.40869009211341806,2031
007/018-Cycling-2y-ASAQ-DHAPPQ,39,0.44646714480110195,2031
007/018-Cycling-2y-ASAQ-DHAPPQ,40,0.39287135047101507,2031
007/018-Cycling-2y-ASAQ-DHAPPQ,41,0.39231548331283456,2031
007/018-Cycling-2y-ASAQ-DHAPPQ,42,0.33718338332480674,2031
007/018-Cycling-2y-ASAQ-DHAPPQ,43,0.4005898264524144,2031
007/018-Cycling-2y-ASAQ-DHAPPQ,44,0.41141897986935366,2031
007/018-Cycling-2y-ASAQ-DHAPPQ,45,0.4222836797034181,2031
007/018-Cycling-2y-ASAQ-DHAPPQ,46,0.33849440618605037,2031
007/018-Cycling-2y-ASAQ-DHAPPQ,47,0.4202701986217623,2031
007/018-Cycling-2y-ASAQ-DHAPPQ,48,0.3918509146549319,2031
007/018-Cycling-2y-ASAQ-DHAPPQ,49,0.38448176192689765,2031
007/018-Cycling-2y-ASAQ-DHAPPQ,50,0.46373564350784946,2031
007/018-Cycling-2y-ASAQ-DHAPPQ,51,0.37536138233404,2031
007/018-Cycling-2y-ASAQ-DHAPPQ,52,0.3724657271042384,2031
007/018-Cycling-2y-ASAQ-DHAPPQ,53,0.37024214340140765,2031
007/018-Cycling-2y-ASAQ-DHAPPQ,54,0.371746093189095,2031
007/018-Cycling-2y-ASAQ-DHAPPQ,55,0.4609107467588163,2031
007/018-Cycling-2y-ASAQ-DHAPPQ,56,0.4583834767182446,2031
007/018-Cycling-2y-ASAQ-DHAPPQ,57,0.36473123223264325,2031
007/018-Cycling-2y-ASAQ-DHAPPQ,58,0.36269032372881765,2031
007/018-Cycling-2y-ASAQ-DHAPPQ,59,0.32850069443873425,2031
007/018-Cycling-2y-ASAQ-DHAPPQ,60,0.3577707451028342,2031
007/018-Cycling-2y-ASAQ-DHAPPQ,61,0.3132164117654118,2031
007/018-Cycling-2y-ASAQ-DHAPPQ,62,0.3934447799036387,2031
007/018-Cycling-2y-ASAQ-DHAPPQ,63,0.47533600331284265,2031
007/018-Cycling-2y-ASAQ-DHAPPQ,64,0.44659454393793974,2031
007/018-Cycling-2y-ASAQ-DHAPPQ,65,0.49278628488916604,2031
007/018-Cycling-2y-ASAQ-DHAPPQ,66,0.3649194469112082,2031
007/018-Cycling-2y-ASAQ-DHAPPQ,67,0.36375141035045583,2031
007/018-Cycling-2y-ASAQ-DHAPPQ,68,0.4047136969367601,2031
007/018-Cycling-2y-ASAQ-DHAPPQ,69,0.4267927697897065,2031
007/018-Cycling-2y-ASAQ-DHAPPQ,70,0.2919403120364365,2031
007/018-Cycling-2y-ASAQ-DHAPPQ,71,0.3080164612299542,2031
007/018-Cycling-2y-ASAQ-DHAPPQ,72,0.44538329803167254,2031
007/018-Cycling-2y-ASAQ-DHAPPQ,73,0.443315445565432,2031
007/018-Cycling-2y-ASAQ-DHAPPQ,74,0.3576451747565592,2031
007/018-Cycling-2y-ASAQ-DHAPPQ,75,0.39194636839461916,2031
007/018-Cycling-2y-ASAQ-DHAPPQ,76,0.38025015758158665,2031
007/018-Cycling-2y-ASAQ-DHAPPQ,77,0.28737299453039583,2031
007/018-Cycling-2y-ASAQ-DHAPPQ,78,0.42333789629305146,2031
007/018-Cycling-2y-ASAQ-DHAPPQ,79,0.2960617073693687,2031
007/018-Cycling-2y-ASAQ-DHAPPQ,80,0.4551321297380911,2031
007/018-Cycling-2y-ASAQ-DHAPPQ,81,0.41140228949599145,2031
007/018-Cycling-2y-ASAQ-DHAPPQ,82,0.35595876821076494,2031
007/018-Cycling-2y-ASAQ-DHAPPQ,83,0.34120412078041834,2031
007/018-Cycling-2y-ASAQ-DHAPPQ,84,0.3531515022394742,2031
007/018-Cycling-2y-ASAQ-DHAPPQ,85,0.4186728346885904,2031
007/018-Cycling-2y-ASAQ-DHAPPQ,86,0.35928413988674146,2031
007/018-Cycling-2y-ASAQ-DHAPPQ,87,0.40075733227113935,2031
007/018-Cycling-2y-ASAQ-DHAPPQ,88,0.45482571988874515,2031
007/018-Cycling-2y-ASAQ-DHAPPQ,89,0.315149284065177,2031
007/018-Cycling-2y-ASAQ-DHAPPQ,90,0.4360304659649648,2031
007/018-Cycling-2y-ASAQ-DHAPPQ,91,0.3635650166256344,2031
007/018-Cycling-2y-ASAQ-DHAPPQ,92,0.4551305398997001,2031
007/018-Cycling-2y-ASAQ-DHAPPQ,93,0.40138807021621564,2031
007/018-Cycling-2y-ASAQ-DHAPPQ,94,0.46451107191934504,2031
007/018-Cycling-2y-ASAQ-DHAPPQ,95,0.3543688308380181,2031
007/018-Cycling-2y-ASAQ-DHAPPQ,96,0.4029812596412014,2031
007/018-Cycling-2y-ASAQ-DHAPPQ,97,0.3896860590268318,2031
007/018-Cycling-2y-ASAQ-DHAPPQ,98,0.3308931532050946,2031
007/018-Cycling-2y-ASAQ-DHAPPQ,99,0.37620378998866594,2031
007/019-Cycling-2y-DHAPPQ-AL,0,0.7602692814522894,2031
007/019-Cycling-2y-DHAPPQ-AL,1,0.7775001010392049,2031
007/019-Cycling-2y-DHAPPQ-AL,2,0.6533144180430159,2031
007/019-Cycling-2y-DHAPPQ-AL,3,0.6770841258188113,2031
007/019-Cycling-2y-DHAPPQ-AL,4,0.783480389230636,2031
007/019-Cycling-2y-DHAPPQ-AL,5,0.7066300581273043,2031
007/019-Cycling-2y-DHAPPQ-AL,6,0.6854695275256573,2031
007/019-Cycling-2y-DHAPPQ-AL,7,0.7296705796376627,2031
007/019-Cycling-2y-DHAPPQ-AL,8,0.7219836298523884,2031
007/019-Cycling-2y-DHAPPQ-AL,9,0.7743864452048709,2031
007/019-Cycling-2y-DHAPPQ-AL,10,0.6272123005705282,2031
007/019-Cycling-2y-DHAPPQ-AL,11,0.6106307422758427,2031
007/019-Cycling-2y-DHAPPQ-AL,12,0.635077923798415,2031
007/019-Cycling-2y-DHAPPQ-AL,13,0.7333647880865234,2031
007/019-Cycling-2y-DHAPPQ-AL,14,0.6729603331280538,2031
007/019-Cycling-2y-DHAPPQ-AL,15,0.6849292154632485,2031
007/019-Cycling-2y-DHAPPQ-AL,16,0.5792682137100277,2031
007/019-Cycling-2y-DHAPPQ-AL,17,0.6827525560257862,2031
007/019-Cycling-2y-DHAPPQ-AL,18,0.7255280921417278,2031
007/019-Cycling-2y-DHAPPQ-AL,19,0.7220096031156301,2031
007/019-Cycling-2y-DHAPPQ-AL,20,0.5888512410769946,2031
007/019-Cycling-2y-DHAPPQ-AL,21,0.7925137169413438,2031
007/019-Cycling-2y-DHAPPQ-AL,22,0.7042154664670207,2031
007/019-Cycling-2y-DHAPPQ-AL,23,0.6491773432611867,2031
007/019-Cycling-2y-DHAPPQ-AL,24,0.6773081432493674,2031
007/019-Cycling-2y-DHAPPQ-AL,25,0.7833092822490307,2031
007/019-Cycling-2y-DHAPPQ-AL,26,0.7322195372913352,2031
007/019-Cycling-2y-DHAPPQ-AL,27,0.720493580324033,2031
007/019-Cycling-2y-DHAPPQ-AL,28,0.6709373772450249,2031
007/019-Cycling-2y-DHAPPQ-AL,29,0.7317823849200242,2031
007/019-Cycling-2y-DHAPPQ-AL,30,0.5954545735678677,2031
007/019-Cycling-2y-DHAPPQ-AL,31,0.6846782888829944,2031
007/019-Cycling-2y-DHAPPQ-AL,32,0.6452976081734556,2031
007/019-Cycling-2y-DHAPPQ-AL,33,0.7072897699615588,2031
007/019-Cycling-2y-DHAPPQ-AL,34,0.7041783462826877,2031
007/019-Cycling-2y-DHAPPQ-AL,35,0.6502908685637535,2031
007/019-Cycling-2y-DHAPPQ-AL,36,0.7117772053455785,2031
007/019-Cycling-2y-DHAPPQ-AL,37,0.5794180373390159,2031
007/019-Cycling-2y-DHAPPQ-AL,38,0.78446843019076,2031
007/019-Cycling-2y-DHAPPQ-AL,39,0.7108126198127476,2031
007/019-Cycling-2y-DHAPPQ-AL,40,0.6812854031008625,2031
007/019-Cycling-2y-DHAPPQ-AL,41,0.6483814756320619,2031
007/019-Cycling-2y-DHAPPQ-AL,42,0.6928990657538815,2031
007/019-Cycling-2y-DHAPPQ-AL,43,0.7076122976103316,2031
007/019-Cycling-2y-DHAPPQ-AL,44,0.6843948751707707,2031
007/019-Cycling-2y-DHAPPQ-AL,45,0.6541524954159416,2031
007/019-Cycling-2y-DHAPPQ-AL,46,0.6144395734697107,2031
007/019-Cycling-2y-DHAPPQ-AL,47,0.6721616097429749,2031
007/019-Cycling-2y-DHAPPQ-AL,48,0.7199594435349356,2031
007/019-Cycling-2y-DHAPPQ-AL,49,0.6948092615583908,2031
007/019-Cycling-2y-DHAPPQ-AL,50,0.5819914373809159,2031
007/019-Cycling-2y-DHAPPQ-AL,51,0.649619215374019,2031
007/019-Cycling-2y-DHAPPQ-AL,52,0.7547742936278422,2031
007/019-Cycling-2y-DHAPPQ-AL,53,0.7170340203493669,2031
007/019-Cycling-2y-DHAPPQ-AL,54,0.6241927557537054,2031
007/019-Cycling-2y-DHAPPQ-AL,55,0.8087668739605749,2031
007/019-Cycling-2y-DHAPPQ-AL,56,0.6939872607991983,2031
007/019-Cycling-2y-DHAPPQ-AL,57,0.6346268936052034,2031
007/019-Cycling-2y-DHAPPQ-AL,58,0.7290980076638696,2031
007/019-Cycling-2y-DHAPPQ-AL,59,0.6648004200446374,2031
007/019-Cycling-2y-DHAPPQ-AL,60,0.6975295865474874,2031
007/019-Cycling-2y-DHAPPQ-AL,61,0.7063722595150622,2031
007/019-Cycling-2y-DHAPPQ-AL,62,0.6939235061948935,2031
007/019-Cycling-2y-DHAPPQ-AL,63,0.6839766371143322,2031
007/019-Cycling-2y-DHAPPQ-AL,64,0.7317312939039747,2031
007/019-Cycling-2y-DHAPPQ-AL,65,0.6664473618679262,2031
007/019-Cycling-2y-DHAPPQ-AL,66,0.6599332970943602,2031
007/019-Cycling-2y-DHAPPQ-AL,67,0.7738207444914291,2031
007/019-Cycling-2y-DHAPPQ-AL,68,0.7512784553627817,2031
007/019-Cycling-2y-DHAPPQ-AL,69,0.7372730354894349,2031
007/019-Cycling-2y-DHAPPQ-AL,70,0.6110138973559597,2031
007/019-Cycling-2y-DHAPPQ-AL,71,0.6666060712665539,2031
007/019-Cycling-2y-DHAPPQ-AL,72,0.8009986259928422,2031
007/019-Cycling-2y-DHAPPQ-AL,73,0.635168054512972,2031
007/019-Cycling-2y-DHAPPQ-AL,74,0.6766419567753186,2031
007/019-Cycling-2y-DHAPPQ-AL,75,0.7566548392378029,2031
007/019-Cycling-2y-DHAPPQ-AL,76,0.711348651601067,2031
007/019-Cycling-2y-DHAPPQ-AL,77,0.6898620508914598,2031
007/019-Cycling-2y-DHAPPQ-AL,78,0.6457147079659896,2031
007/019-Cycling-2y-DHAPPQ-AL,79,0.7541402954454237,2031
007/019-Cycling-2y-DHAPPQ-AL,80,0.7555740318733398,2031
007/019-Cycling-2y-DHAPPQ-AL,81,0.6673565491725949,2031
007/019-Cycling-2y-DHAPPQ-AL,82,0.6769825329983581,2031
007/019-Cycling-2y-DHAPPQ-AL,83,0.6138980763204558,2031
007/019-Cycling-2y-DHAPPQ-AL,84,0.664083634375657,2031
007/019-Cycling-2y-DHAPPQ-AL,85,0.690613947314934,2031
007/019-Cycling-2y-DHAPPQ-AL,86,0.7275768930793717,2031
007/019-Cycling-2y-DHAPPQ-AL,87,0.6088930009955233,2031
007/019-Cycling-2y-DHAPPQ-AL,88,0.6227559529171136,2031
007/019-Cycling-2y-DHAPPQ-AL,89,0.7308162595180722,2031
007/019-Cycling-2y-DHAPPQ-AL,90,0.6841142869344053,2031
007/019-Cycling-2y-DHAPPQ-AL,91,0.5824884779746005,2031
007/019-Cycling-2y-DHAPPQ-AL,92,0.6539907416844873,2031
007/019-Cycling-2y-DHAPPQ-AL,93,0.5758102565159494,2031
007/019-Cycling-2y-DHAPPQ-AL,94,0.652111120735388,2031
007/019-Cycling-2y-DHAPPQ-AL,95,0.7549376180260078,2031
007/019-Cycling-2y-DHAPPQ-AL,96,0.7312486319020183,2031
007/019-Cycling-2y-DHAPPQ-AL,97,0.5275054486620586,2031
007/019-Cycling-2y-DHAPPQ-AL,98,0.677481881069606,2031
007/019-Cycling-2y-DHAPPQ-AL,99,0.579920750936599,2031
007/020-Cycling-2y-DHAPPQ-ASAQ,0,0.5864777120186125,2031
007/020-Cycling-2y-DHAPPQ-ASAQ,1,0.6027942634138151,2031
007/020-Cycling-2y-DHAPPQ-ASAQ,2,0.637032090186485,2031
007/020-Cycling-2y-DHAPPQ-ASAQ,3,0.5961236943382021,2031
007/020-Cycling-2y-DHAPPQ-ASAQ,4,0.6216059733127975,2031
007/020-Cycling-2y-DHAPPQ-ASAQ,5,0.557919374517122,2031
007/020-Cycling-2y-DHAPPQ-ASAQ,6,0.4965328422425848,2031
007/020-Cycling-2y-DHAPPQ-ASAQ,7,0.4684507040220492,2031
007/020-Cycling-2y-DHAPPQ-ASAQ,8,0.6043971818574835,2031
007/020-Cycling-2y-DHAPPQ-ASAQ,9,0.6029895726709077,2031
007/020-Cycling-2y-DHAPPQ-ASAQ,10,0.6262385683397715,2031
007/020-Cycling-2y-DHAPPQ-ASAQ,11,0.48499660272650885,2031
007/020-Cycling-2y-DHAPPQ-ASAQ,12,0.6150822892122775,2031
007/020-Cycling-2y-DHAPPQ-ASAQ,13,0.4881756986984376,2031
007/020-Cycling-2y-DHAPPQ-ASAQ,14,0.5571329258046182,2031
007/020-Cycling-2y-DHAPPQ-ASAQ,15,0.6677796236376072,2031
007/020-Cycling-2y-DHAPPQ-ASAQ,16,0.6074419632085314,2031
007/020-Cycling-2y-DHAPPQ-ASAQ,17,0.5776900336898947,2031
007/020-Cycling-2y-DHAPPQ-ASAQ,18,0.5778163700409724,2031
007/020-Cycling-2y-DHAPPQ-ASAQ,19,0.6067391162018637,2031
007/020-Cycling-2y-DHAPPQ-ASAQ,20,0.6086196312900644,2031
007/020-Cycling-2y-DHAPPQ-ASAQ,21,0.5835102242121081,2031
007/020-Cycling-2y-DHAPPQ-ASAQ,22,0.5542391415918563,2031
007/020-Cycling-2y-DHAPPQ-ASAQ,23,0.5428758564812612,2031
007/020-Cycling-2y-DHAPPQ-ASAQ,24,0.49693669543585933,2031
007/020-Cycling-2y-DHAPPQ-ASAQ,25,0.5673248209639646,2031
007/020-Cycling-2y-DHAPPQ-ASAQ,26,0.6169073843062866,2031
007/020-Cycling-2y-DHAPPQ-ASAQ,27,0.5747622858164068,2031
007/020-Cycling-2y-DHAPPQ-ASAQ,28,0.6100631083586056,2031
007/020-Cycling-2y-DHAPPQ-ASAQ,29,0.5734625180365274,2031
007/020-Cycling-2y-DHAPPQ-ASAQ,30,0.6193092177799051,2031
007/020-Cycling-2y-DHAPPQ-ASAQ,31,0.6318463967885827,2031
007/020-Cycling-2y-DHAPPQ-ASAQ,32,0.4661525720550537,2031
007/020-Cycling-2y-DHAPPQ-ASAQ,33,0.5939346242324396,2031
007/020-Cycling-2y-DHAPPQ-ASAQ,34,0.562197235229211,2031
007/020-Cycling-2y-DHAPPQ-ASAQ,35,0.6036615025025512,2031
007/020-Cycling-2y-DHAPPQ-ASAQ,36,0.6061734363470161,2031
007/020-Cycling-2y-DHAPPQ-ASAQ,37,0.5853474876808421,2031
007/020-Cycling-2y-DHAPPQ-ASAQ,38,0.5863196485712211,2031
007/020-Cycling-2y-DHAPPQ-ASAQ,39,0.5169198020785571,2031
007/020-Cycling-2y-DHAPPQ-ASAQ,40,0.6055927205971828,2031
007/020-Cycling-2y-DHAPPQ-ASAQ,41,0.5440022199040229,2031
007/020-Cycling-2y-DHAPPQ-ASAQ,42,0.6096610189708564,2031
007/020-Cycling-2y-DHAPPQ-ASAQ,43,0.5531062215790051,2031
007/020-Cycling-2y-DHAPPQ-ASAQ,44,0.5719123163857521,2031
007/020-Cycling-2y-DHAPPQ-ASAQ,45,0.5955238517093245,2031
007/020-Cycling-2y-DHAPPQ-ASAQ,46,0.5732503946629841,2031
007/020-Cycling-2y-DHAPPQ-ASAQ,47,0.5341847964630033,2031
007/020-Cycling-2y-DHAPPQ-ASAQ,48,0.608700910250916,2031
007/020-Cycling-2y-DHAPPQ-ASAQ,49,0.6382513295064569,2031
007/020-Cycling-2y-DHAPPQ-ASAQ,50,0.56083038233247,2031
007/020-Cycling-2y-DHAPPQ-ASAQ,51,0.5501165374432776,2031
007/020-Cycling-2y-DHAPPQ-ASAQ,52,0.5132328659951882,2031
007/020-Cycling-2y-DHAPPQ-ASAQ,53,0.6204225111635823,2031
007/020-Cycling-2y-DHAPPQ-ASAQ,54,0.5978305911044598,2031
007/020-Cycling-2y-DHAPPQ-ASAQ,55,0.6549313474022925,2031
007/020-Cycling-2y-DHAPPQ-ASAQ,56,0.605326932033075,2031
007/020-Cycling-2y-DHAPPQ-ASAQ,57,0.5695896891082289,2031
007/020-Cycling-2y-DHAPPQ-ASAQ,58,0.5890832468732221,2031
007/020-Cycling-2y-DHAPPQ-ASAQ,59,0.5011037298614837,2031
007/020-Cycling-2y-DHAPPQ-ASAQ,60,0.6868136824783839,2031
007/020-Cycling-2y-DHAPPQ-ASAQ,61,0.5062010608894068,2031
007/020-Cycling-2y-DHAPPQ-ASAQ,62,0.5324212509677039,2031
007/020-Cycling-2y-DHAPPQ-ASAQ,63,0.5949304743136653,2031
007/020-Cycling-2y-DHAPPQ-ASAQ,64,0.5897343120880939,2031
007/020-Cycling-2y-DHAPPQ-ASAQ,65,0.5349584573591213,2031
007/020-Cycling-2y-DHAPPQ-ASAQ,66,0.5667734843220533,2031
007/020-Cycling-2y-DHAPPQ-ASAQ,67,0.6380095164670352,2031
007/020-Cycling-2y-DHAPPQ-ASAQ,68,0.7227708122910633,2031
007/020-Cycling-2y-DHAPPQ-ASAQ,69,0.6154325131247661,2031
007/020-Cycling-2y-DHAPPQ-ASAQ,70,0.5461677915425251,2031
007/020-Cycling-2y-DHAPPQ-ASAQ,71,0.6343996462880584,2031
007/020-Cycling-2y-DHAPPQ-ASAQ,72,0.6406990229132976,2031
007/020-Cycling-2y-DHAPPQ-ASAQ,73,0.47926916007798587,2031
007/020-Cycling-2y-DHAPPQ-ASAQ,74,0.5060139389712691,2031
007/020-Cycling-2y-DHAPPQ-ASAQ,75,0.6393579390662233,2031
007/020-Cycling-2y-DHAPPQ-ASAQ,76,0.4813461328748252,2031
007/020-Cycling-2y-DHAPPQ-ASAQ,77,0.6199612931420276,2031
007/020-Cycling-2y-DHAPPQ-ASAQ,78,0.5117533112075247,2031
007/020-Cycling-2y-DHAPPQ-ASAQ,79,0.5217485353058798,2031
007/020-Cycling-2y-DHAPPQ-ASAQ,80,0.5986523737322321,2031
007/020-Cycling-2y-DHAPPQ-ASAQ,81,0.5779633423993373,2031
007/020-Cycling-2y-DHAPPQ-ASAQ,82,0.5644639025401039,2031
007/020-Cycling-2y-DHAPPQ-ASAQ,83,0.6212252332757006,2031
007/020-Cycling-2y-DHAPPQ-ASAQ,84,0.5495982401081343,2031
007/020-Cycling-2y-DHAPPQ-ASAQ,85,0.6282104264180987,2031
007/020-Cycling-2y-DHAPPQ-ASAQ,86,0.4827634502134732,2031
007/020-Cycling-2y-DHAPPQ-ASAQ,87,0.5339921642244605,2031
007/020-Cycling-2y-DHAPPQ-ASAQ,88,0.5504989915665726,2031
007/020-Cycling-2y-DHAPPQ-ASAQ,89,0.5587301964340553,2031
007/020-Cycling-2y-DHAPPQ-ASAQ,90,0.5116491728163778,2031
007/020-Cycling-2y-DHAPPQ-ASAQ,91,0.6145770845081687,2031
007/020-Cycling-2y-DHAPPQ-ASAQ,92,0.451903747666282,2031
007/020-Cycling-2y-DHAPPQ-ASAQ,93,0.5476243885137471,2031
007/020-Cycling-2y-DHAPPQ-ASAQ,94,0.5273797295339383,2031
007/020-Cycling-2y-DHAPPQ-ASAQ,95,0.5873597638364918,2031
007/020-Cycling-2y-DHAPPQ-ASAQ,96,0.5891839214639041,2031
007/020-Cycling-2y-DHAPPQ-ASAQ,97,0.5433669477914483,2031
007/020-Cycling-2y-DHAPPQ-ASAQ,98,0.5410194653533708,2031
007/020-Cycling-2y-DHAPPQ-ASAQ,99,0.5585811557764216,2031
007/021-Cycling-2y-AL-ASAQ-DHAPPQ,0,0.44279840399093223,2031
007/021-Cycling-2y-AL-ASAQ-DHAPPQ,1,0.41361362179536326,2031
007/021-Cycling-2y-AL-ASAQ-DHAPPQ,2,0.4967053184548906,2031
007/021-Cycling-2y-AL-ASAQ-DHAPPQ,3,0.5115888441279575,2031
007/021-Cycling-2y-AL-ASAQ-DHAPPQ,4,0.47642892404880643,2031
007/021-Cycling-2y-AL-ASAQ-DHAPPQ,5,0.5348799228444063,2031
007/021-Cycling-2y-AL-ASAQ-DHAPPQ,6,0.5712871422410379,2031
007/021-Cycling-2y-AL-ASAQ-DHAPPQ,7,0.3755862177244887,2031
007/021-Cycling-2y-AL-ASAQ-DHAPPQ,8,0.48699217335621775,2031
007/021-Cycling-2y-AL-ASAQ-DHAPPQ,9,0.4521327078019646,2031
007/021-Cycling-2y-AL-ASAQ-DHAPPQ,10,0.41733143331693645,2031
007/021-Cycling-2y-AL-ASAQ-DHAPPQ,11,0.48696876667140376,2031
007/021-Cycling-2y-AL-ASAQ-DHAPPQ,12,0.48668537103738824,2031
007/021-Cycling-2y-AL-ASAQ-DHAPPQ,13,0.6138606166054633,2031
007/021-Cycling-2y-AL-ASAQ-DHAPPQ,14,0.6230030809406023,2031
007/021-Cycling-2y-AL-ASAQ-DHAPPQ,15,0.45835481572851206,2031
007/021-Cycling-2y-AL-ASAQ-DHAPPQ,16,0.5094174119559615,2031
007/021-Cycling-2y-AL-ASAQ-DHAPPQ,17,0.4254638433966076,2031
007/021-Cycling-2y-AL-ASAQ-DHAPPQ,18,0.4660057125814511,2031
007/021-Cycling-2y-AL-ASAQ-DHAPPQ,19,0.5049023914102838,2031
007/021-Cycling-2y-AL-ASAQ-DHAPPQ,20,0.4892948126106604,2031
007/021-Cycling-2y-AL-ASAQ-DHAPPQ,21,0.4775633448132624,2031
007/021-Cycling-2y-AL-ASAQ-DHAPPQ,22,0.5494972314182003,2031
007/021-Cycling-2y-AL-ASAQ-DHAPPQ,23,0.4825830316195572,2031
007/021-Cycling-2y-AL-ASAQ-DHAPPQ,24,0.5015150993833898,2031
007/021-Cycling-2y-AL-ASAQ-DHAPPQ,25,0.5213005541628192,2031
007/021-Cycling-2y-AL-ASAQ-DHAPPQ,26,0.4951827041981934,2031
007/021-Cycling-2y-AL-ASAQ-DHAPPQ,27,0.46398540802661853,2031
007/021-Cycling-2y-AL-ASAQ-DHAPPQ,28,0.474680643174971,2031
007/021-Cycling-2y-AL-ASAQ-DHAPPQ,29,0.5280859823182601,2031
007/021-Cycling-2y-AL-ASAQ-DHAPPQ,30,0.5063049476515195,2031
007/021-Cycling-2y-AL-ASAQ-DHAPPQ,31,0.47470804927635707,2031
007/021-Cycling-2y-AL-ASAQ-DHAPPQ,32,0.45787374470556497,2031
007/021-Cycling-2y-AL-ASAQ-DHAPPQ,33,0.49209211074767994,2031
007/021-Cycling-2y-AL-ASAQ-DHAPPQ,34,0.4552277489145431,2031
007/021-Cycling-2y-AL-ASAQ-DHAPPQ,35,0.48735584770454765,2031
007/021-Cycling-2y-AL-ASAQ-DHAPPQ,36,0.5329958774140601,2031
007/021-Cycling-2y-AL-ASAQ-DHAPPQ,37,0.5023790987387342,2031
007/021-Cycling-2y-AL-ASAQ-DHAPPQ,38,0.41364786449541185,2031
007/021-Cycling-2y-AL-ASAQ-DHAPPQ,39,0.3734037404975517,2031
007/021-Cycling-2y-AL-ASAQ-DHAPPQ,40,0.5951795369741576,2031
007/021-Cycling-2y-AL-ASAQ-DHAPPQ,41,0.503282855744699,2031
007/021-Cycling-2y-AL-ASAQ-DHAPPQ,42,0.4489668028601301,2031
007/021-Cycling-2y-AL-ASAQ-DHAPPQ,43,0.4955786616597393,2031
007/021-Cycling-2y-AL-ASAQ-DHAPPQ,44,0.5369678960137428,2031
007/021-Cycling-2y-AL-ASAQ-DHAPPQ,45,0.4896225053858267,2031
007/021-Cycling-2y-AL-ASAQ-DHAPPQ,46,0.5222368411989887,2031
007/021-Cycling-2y-AL-ASAQ-DHAPPQ,47,0.5898790839039297,2031
007/021-Cycling-2y-AL-ASAQ-DHAPPQ,48,0.4254399360565711,2031
007/021-Cycling-2y-AL-ASAQ-DHAPPQ,49,0.4813924981336078,2031
007/021-Cycling-2y-AL-ASAQ-DHAPPQ,50,0.605085278836068,2031
007/021-Cycling-2y-AL-ASAQ-DHAPPQ,51,0.5262430982247429,2031
007/021-Cycling-2y-AL-ASAQ-DHAPPQ,52,0.6381915368709666,2031
007/021-Cycling-2y-AL-ASAQ-DHAPPQ,53,0.4778042760077364,2031
007/021-Cycling-2y-AL-ASAQ-DHAPPQ,54,0.4358042125841248,2031
007/021-Cycling-2y-AL-ASAQ-DHAPPQ,55,0.5455335399467698,2031
007/021-Cycling-2y-AL-ASAQ-DHAPPQ,56,0.5024638582555376,2031
007/021-Cycling-2y-AL-ASAQ-DHAPPQ,57,0.4509218005242379,2031
007/021-Cycling-2y-AL-ASAQ-DHAPPQ,58,0.4644969334676337,2031
007/021-Cycling-2y-AL-ASAQ-DHAPPQ,59,0.47939429065552835,2031
007/021-Cycling-2y-AL-ASAQ-DHAPPQ,60,0.5179717172715269,2031
007/021-Cycling-2y-AL-ASAQ-DHAPPQ,61,0.5246559058093122,2031
007/021-Cycling-2y-AL-ASAQ-DHAPPQ,62,0.560501602121561,2031
007/021-Cycling-2y-AL-ASAQ-DHAPPQ,63,0.3941883149917091,2031
007/021-Cycling-2y-AL-ASAQ-DHAPPQ,64,0.5195897355490479,2031
007/021-Cycling-2y-AL-ASAQ-DHAPPQ,65,0.41765461770231366,2031
007/021-Cycling-2y-AL-ASAQ-DHAPPQ,66,0.4386179160287649,2031
007/021-Cycling-2y-AL-ASAQ-DHAPPQ,67,0.39248587728518486,2031
007/021-Cycling-2y-AL-ASAQ-DHAPPQ,68,0.4116934817877815,2031
007/021-Cycling-2y-AL-ASAQ-DHAPPQ,69,0.5494047863029954,2031
007/021-Cycling-2y-AL-ASAQ-DHAPPQ,70,0.4585900645239433,2031
007/021-Cycling-2y-AL-ASAQ-DHAPPQ,71,0.5966660913906204,2031
007/021-Cycling-2y-AL-ASAQ-DHAPPQ,72,0.42047243227203573,2031
007/021-Cycling-2y-AL-ASAQ-DHAPPQ,73,0.5684284770171746,2031
007/021-Cycling-2y-AL-ASAQ-DHAPPQ,74,0.5519593362190781,2031
007/021-Cycling-2y-AL-ASAQ-DHAPPQ,75,0.5248816695747195,2031
007/021-Cycling-2y-AL-ASAQ-DHAPPQ,76,0.4619671327856821,2031
007/021-Cycling-2y-AL-ASAQ-DHAPPQ,77,0.4738117324490319,2031
007/021-Cycling-2y-AL-ASAQ-DHAPPQ,78,0.4757979633691128,2031
007/021-Cycling-2y-AL-ASAQ-DHAPPQ,79,0.48901795935221576,2031
007/021-Cycling-2y-AL-ASAQ-DHAPPQ,80,0.5094670344306219,2031
007/021-Cycling-2y-AL-ASAQ-DHAPPQ,81,0.5785246299057014,2031
007/021-Cycling-2y-AL-ASAQ-DHAPPQ,82,0.5298737177552897,2031
007/021-Cycling-2y-AL-ASAQ-DHAPPQ,83,0.4956388436799526,2031
007/021-Cycling-2y-AL-ASAQ-DHAPPQ,84,0.5533409551734602,2031
007/021-Cycling-2y-AL-ASAQ-DHAPPQ,85,0.5759980480849823,2031
007/021-Cycling-2y-AL-ASAQ-DHAPPQ,86,0.4304056572079851,2031
007/021-Cycling-2y-AL-ASAQ-DHAPPQ,87,0.5204943109273333,2031
007/021-Cycling-2y-AL-ASAQ-DHAPPQ,88,0.46202789479469447,2031
007/021-Cycling-2y-AL-ASAQ-DHAPPQ,89,0.44117317415199286,2031
007/021-Cycling-2y-AL-ASAQ-DHAPPQ,90,0.56953878121137,2031
007/021-Cycling-2y-AL-ASAQ-DHAPPQ,91,0.5168283193007963,2031
007/021-Cycling-2y-AL-ASAQ-DHAPPQ,92,0.434593622592563,2031
007/021-Cycling-2y-AL-ASAQ-DHAPPQ,93,0.5108660386849629,2031
007/021-Cycling-2y-AL-ASAQ-DHAPPQ,94,0.4551911349558672,2031
007/021-Cycling-2y-AL-ASAQ-DHAPPQ,95,0.5459203977692327,2031
007/021-Cycling-2y-AL-ASAQ-DHAPPQ,96,0.45989187280162963,2031
007/021-Cycling-2y-AL-ASAQ-DHAPPQ,97,0.5343539887373002,2031
007/021-Cycling-2y-AL-ASAQ-DHAPPQ,98,0.49945146946018926,2031
007/021-Cycling-2y-AL-ASAQ-DHAPPQ,99,0.4888845919408978,2031
007/022-Cycling-2y-AL-DHAPPQ-ASAQ,0,0.49837169833690886,2031
007/022-Cycling-2y-AL-DHAPPQ-ASAQ,1,0.4570254893504382,2031
007/022-Cycling-2y-AL-DHAPPQ-ASAQ,2,0.4569344352016003,2031
007/022-Cycling-2y-AL-DHAPPQ-ASAQ,3,0.4919728136651627,2031
007/022-Cycling-2y-AL-DHAPPQ-ASAQ,4,0.5043264590434641,2031
007/022-Cycling-2y-AL-DHAPPQ-ASAQ,5,0.571651260824052,2031
007/022-Cycling-2y-AL-DHAPPQ-ASAQ,6,0.43619735614171945,2031
007/022-Cycling-2y-AL-DHAPPQ-ASAQ,7,0.5210476377113779,2031
007/022-Cycling-2y-AL-DHAPPQ-ASAQ,8,0.5555587359186374,2031
007/022-Cycling-2y-AL-DHAPPQ-ASAQ,9,0.46977973694518615,2031
007/022-Cycling-2y-AL-DHAPPQ-ASAQ,10,0.4741465110876703,2031
007/022-Cycling-2y-AL-DHAPPQ-ASAQ,11,0.46532979617831943,2031
007/022-Cycling-2y-AL-DHAPPQ-ASAQ,12,0.5449557617793941,2031
007/022-Cycling-2y-AL-DHAPPQ-ASAQ,13,0.5891009428508583,2031
007/022-Cycling-2y-AL-DHAPPQ-ASAQ,14,0.47450229878565153,2031
007/022-Cycling-2y-AL-DHAPPQ-ASAQ,15,0.48651760724743515,2031
007/022-Cycling-2y-AL-DHAPPQ-ASAQ,16,0.4941225732575106,2031
007/022-Cycling-2y-AL-DHAPPQ-ASAQ,17,0.44875385889803354,2031
007/022-Cycling-2y-AL-DHAPPQ-ASAQ,18,0.3792518503210731,2031
007/022-Cycling-2y-AL-DHAPPQ-ASAQ,19,0.4784551518095958,2031
007/022-Cycling-2y-AL-DHAPPQ-ASAQ,20,0.44996466831707327,2031
007/022-Cycling-2y-AL-DHAPPQ-ASAQ,21,0.4373763709057672,2031
007/022-Cycling-2y-AL-DHAPPQ-ASAQ,22,0.5241387276673702,2031
007/022-Cycling-2y-AL-DHAPPQ-ASAQ,23,0.5644949281862991,2031
007/022-Cycling-2y-AL-DHAPPQ-ASAQ,24,0.5471913726559196,2031
007/022-Cycling-2y-AL-DHAPPQ-ASAQ,25,0.4369931981229486,2031
007/022-Cycling-2y-AL-DHAPPQ-ASAQ,26,0.5433181366356221,2031
007/022-Cycling-2y-AL-DHAPPQ-ASAQ,27,0.47284575778610294,2031
007/022-Cycling-2y-AL-DHAPPQ-ASAQ,28,0.5798889571322001,2031
007/022-Cycling-2y-AL-DHAPPQ-ASAQ,29,0.5579435239092115,2031
007/022-Cycling-2y-AL-DHAPPQ-ASAQ,30,0.4978179689085089,2031
007/022-Cycling-2y-AL-DHAPPQ-ASAQ,31,0.5217890527996712,2031
007/022-Cycling-2y-AL-DHAPPQ-ASAQ,32,0.564910685141694,2031
007/022-Cycling-2y-AL-DHAPPQ-ASAQ,33,0.43647571853219186,2031
007/022-Cycling-2y-AL-DHAPPQ-ASAQ,34,0.46957386176203414,2031
007/022-Cycling-2y-AL-DHAPPQ-ASAQ,35,0.4468046363395872,2031
007/022-Cycling-2y-AL-DHAPPQ-ASAQ,36,0.5122991280475191,2031
007/022-Cycling-2y-AL-DHAPPQ-ASAQ,37,0.5403571835934416,2031
007/022-Cycling-2y-AL-DHAPPQ-ASAQ,38,0.5985849823483732,2031
007/022-Cycling-2y-AL-DHAPPQ-ASAQ,39,0.40562892117958854,2031
007/022-Cycling-2y-AL-DHAPPQ-ASAQ,40,0.46207847548799025,2031
007/022-Cycling-2y-AL-DHAPPQ-ASAQ,41,0.5210672409978733,2031
007/022-Cycling-2y-AL-DHAPPQ-ASAQ,42,0.5240023245333975,2031
007/022-Cycling-2y-AL-DHAPPQ-ASAQ,43,0.7004104884096766,2031
007/022-Cycling-2y-AL-DHAPPQ-ASAQ,44,0.45239344770915807,2031
007/022-Cycling-2y-AL-DHAPPQ-ASAQ,45,0.47648417402603144,2031
007/022-Cycling-2y-AL-DHAPPQ-ASAQ,46,0.4666756672589723,2031
007/022-Cycling-2y-AL-DHAPPQ-ASAQ,47,0.42234819755344405,2031
007/022-Cycling-2y-AL-DHAPPQ-ASAQ,48,0.5528187959075544,2031
007/022-Cycling-2y-AL-DHAPPQ-ASAQ,49,0.5724626294210783,2031
007/022-Cycling-2y-AL-DHAPPQ-ASAQ,50,0.5410131721130118,2031
007/022-Cycling-2y-AL-DHAPPQ-ASAQ,51,0.5854016107500736,2031
007/022-Cycling-2y-AL-DHAPPQ-ASAQ,52,0.5359276153255812,2031
007/022-Cycling-2y-AL-DHAPPQ-ASAQ,53,0.3741324072896368,2031
007/022-Cycling-2y-AL-DHAPPQ-ASAQ,54,0.5040032452892662,2031
007/022-Cycling-2y-AL-DHAPPQ-ASAQ,55,0.48691519954300927,2031
007/022-Cycling-2y-AL-DHAPPQ-ASAQ,56,0.47145374246065136,2031
007/022-Cycling-2y-AL-DHAPPQ-ASAQ,57,0.4900255656132349,2031
007/022-Cycling-2y-AL-DHAPPQ-ASAQ,58,0.5266735588081125,2031
007/022-Cycling-2y-AL-DHAPPQ-ASAQ,59,0.5370838506980978,2031
007/022-Cycling-2y-AL-DHAPPQ-ASAQ,60,0.48628041886521545,2031
007/022-Cycling-2y-AL-DHAPPQ-ASAQ,61,0.6111452883152879,2031
007/022-Cycling-2y-AL-DHAPPQ-ASAQ,62,0.5448447426620512,2031
007/022-Cycling-2y-AL-DHAPPQ-ASAQ,63,0.5637778001964525,2031
007/022-Cycling-2y-AL-DHAPPQ-ASAQ,64,0.42497644739498536,2031
007/022-Cycling-2y-AL-DHAPPQ-ASAQ,65,0.37753409679749955,2031
007/022-Cycling-2y-AL-DHAPPQ-ASAQ,66,0.41895300396317586,2031
007/022-Cycling-2y-AL-DHAPPQ-ASAQ,67,0.516001145782666,2031
007/022-Cycling-2y-AL-DHAPPQ-ASAQ,68,0.5631848249782779,2031
007/022-Cycling-2y-AL-DHAPPQ-ASAQ,69,0.5265209767711466,2031
007/022-Cycling-2y-AL-DHAPPQ-ASAQ,70,0.4742890780844465,2031
007/022-Cycling-2y-AL-DHAPPQ-ASAQ,71,0.4904688649420199,2031
007/022-Cycling-2y-AL-DHAPPQ-ASAQ,72,0.48398406092454366,2031
007/022-Cycling-2y-AL-DHAPPQ-ASAQ,73,0.5545255831129469,2031
007/022-Cycling-2y-AL-DHAPPQ-ASAQ,74,0.6075247506995709,2031
007/022-Cycling-2y-AL-DHAPPQ-ASAQ,75,0.40833041365782824,2031
007/022-Cycling-2y-AL-DHAPPQ-ASAQ,76,0.4913136007498446,2031
007/022-Cycling-2y-AL-DHAPPQ-ASAQ,77,0.5326844545644016,2031
007/022-Cycling-2y-AL-DHAPPQ-ASAQ,78,0.6219606521593036,2031
007/022-Cycling-2y-AL-DHAPPQ-ASAQ,79,0.5681879209909179,2031
007/022-Cycling-2y-AL-DHAPPQ-ASAQ,80,0.4944730312117935,2031
007/022-Cycling-2y-AL-DHAPPQ-ASAQ,81,0.4265259560531636,2031
007/022-Cycling-2y-AL-DHAPPQ-ASAQ,82,0.5490901729409275,2031
007/022-Cycling-2y-AL-DHAPPQ-ASAQ,83,0.44031520455729023,2031
007/022-Cycling-2y-AL-DHAPPQ-ASAQ,84,0.5828192690238185,2031
007/022-Cycling-2y-AL-DHAPPQ-ASAQ,85,0.5610370619237368,2031
007/022-Cycling-2y-AL-DHAPPQ-ASAQ,86,0.4728862999022469,2031
007/022-Cycling-2y-AL-DHAPPQ-ASAQ,87,0.5826389715383732,2031
007/022-Cycling-2y-AL-DHAPPQ-ASAQ,88,0.4872118227058897,2031
007/022-Cycling-2y-AL-DHAPPQ-ASAQ,89,0.518723982097567,2031
007/022-Cycling-2y-AL-DHAPPQ-ASAQ,90,0.42615533731344307,2031
007/022-Cycling-2y-AL-DHAPPQ-ASAQ,91,0.44456602417626695,2031
007/022-Cycling-2y-AL-DHAPPQ-ASAQ,92,0.41010667229793635,2031
007/022-Cycling-2y-AL-DHAPPQ-ASAQ,93,0.5701318602511398,2031
007/022-Cycling-2y-AL-DHAPPQ-ASAQ,94,0.5135049329129939,2031
007/022-Cycling-2y-AL-DHAPPQ-ASAQ,95,0.4047795476265846,2031
007/022-Cycling-2y-AL-DHAPPQ-ASAQ,96,0.49191731139242006,2031
007/022-Cycling-2y-AL-DHAPPQ-ASAQ,97,0.4798838527526305,2031
007/022-Cycling-2y-AL-DHAPPQ-ASAQ,98,0.5214895265647382,2031
007/022-Cycling-2y-AL-DHAPPQ-ASAQ,99,0.4985642192117601,2031
007/023-Cycling-2y-ASAQ-AL-DHAPPQ,0,0.49847779560254296,2031
007/023-Cycling-2y-ASAQ-AL-DHAPPQ,1,0.5301911159338991,2031
007/023-Cycling-2y-ASAQ-AL-DHAPPQ,2,0.4132770660215655,2031
007/023-Cycling-2y-ASAQ-AL-DHAPPQ,3,0.5190128930263628,2031
007/023-Cycling-2y-ASAQ-AL-DHAPPQ,4,0.46961939695091903,2031
007/023-Cycling-2y-ASAQ-AL-DHAPPQ,5,0.44084755740233117,2031
007/023-Cycling-2y-ASAQ-AL-DHAPPQ,6,0.4631048998968999,2031
007/023-Cycling-2y-ASAQ-AL-DHAPPQ,7,0.5668899205870517,2031
007/023-Cycling-2y-ASAQ-AL-DHAPPQ,8,0.5616139972798894,2031
007/023-Cycling-2y-ASAQ-AL-DHAPPQ,9,0.4864128974305936,2031
007/023-Cycling-2y-ASAQ-AL-DHAPPQ,10,0.6044313606922792,2031
007/023-Cycling-2y-ASAQ-AL-DHAPPQ,11,0.4592355072057214,2031
007/023-Cycling-2y-ASAQ-AL-DHAPPQ,12,0.5572898119660702,2031
007/023-Cycling-2y-ASAQ-AL-DHAPPQ,13,0.46566487700619436,2031
007/023-Cycling-2y-ASAQ-AL-DHAPPQ,14,0.44872692782360374,2031
007/023-Cycling-2y-ASAQ-AL-DHAPPQ,15,0.5507983030842972,2031
007/023-Cycling-2y-ASAQ-AL-DHAPPQ,16,0.4794697781664384,2031
007/023-Cycling-2y-ASAQ-AL-DHAPPQ,17,0.535081981931149,2031
007/023-Cycling-2y-ASAQ-AL-DHAPPQ,18,0.4882699454073128,2031
007/023-Cycling-2y-ASAQ-AL-DHAPPQ,19,0.5398125652650446,2031
007/023-Cycling-2y-ASAQ-AL-DHAPPQ,20,0.4333973735157471,2031
007/023-Cycling-2y-ASAQ-AL-DHAPPQ,21,0.49161357573548964,2031
007/023-Cycling-2y-ASAQ-AL-DHAPPQ,22,0.5285541805912993,2031
007/023-Cycling-2y-ASAQ-AL-DHAPPQ,23,0.5326899913531356,2031
007/023-Cycling-2y-ASAQ-AL-DHAPPQ,24,0.4336851286599184,2031
007/023-Cycling-2y-ASAQ-AL-DHAPPQ,25,0.536752816886337,2031
007/023-Cycling-2y-ASAQ-AL-DHAPPQ,26,0.5380540910911286,2031
007/023-Cycling-2y-ASAQ-AL-DHAPPQ,27,0.5021699336571657,2031
007/023-Cycling-2y-ASAQ-AL-DHAPPQ,28,0.5993186255294064,2031
007/023-Cycling-2y-ASAQ-AL-DHAPPQ,29,0.4687989145529315,2031
007/023-Cycling-2y-ASAQ-AL-DHAPPQ,30,0.4759262888381938,2031
007/023-Cycling-2y-ASAQ-AL-DHAPPQ,31,0.5341584621879438,2031
007/023-Cycling-2y-ASAQ-AL-DHAPPQ,32,0.5144465794318291,2031
007/023-Cycling-2y-ASAQ-AL-DHAPPQ,33,0.5257768745281691,2031
007/023-Cycling-2y-ASAQ-AL-DHAPPQ,34,0.5309748337373218,2031
007/023-Cycling-2y-ASAQ-AL-DHAPPQ,35,0.5040336444228815,2031
007/023-Cycling-2y-ASAQ-AL-DHAPPQ,36,0.5414373609808482,2031
007/023-Cycling-2y-ASAQ-AL-DHAPPQ,37,0.56899110430653,2031
007/023-Cycling-2y-ASAQ-AL-DHAPPQ,38,0.534751261179721,2031
007/023-Cycling-2y-ASAQ-AL-DHAPPQ,39,0.5387320063805914,2031
007/023-Cycling-2y-ASAQ-AL-DHAPPQ,40,0.4326432762560146,2031
007/023-Cycling-2y-ASAQ-AL-DHAPPQ,41,0.46456177045741875,2031
007/023-Cycling-2y-ASAQ-AL-DHAPPQ,42,0.5605381055959205,2031
007/023-Cycling-2y-ASAQ-AL-DHAPPQ,43,0.5188863182570342,2031
007/023-Cycling-2y-ASAQ-AL-DHAPPQ,44,0.586779605661163,2031
007/023-Cycling-2y-ASAQ-AL-DHAPPQ,45,0.5868521032697663,2031
007/023-Cycling-2y-ASAQ-AL-DHAPPQ,46,0.4926415100210866,2031
007/023-Cycling-2y-ASAQ-AL-DHAPPQ,47,0.44059530955821674,2031
007/023-Cycling-2y-ASAQ-AL-DHAPPQ,48,0.5352296493639689,2031
007/023-Cycling-2y-ASAQ-AL-DHAPPQ,49,0.5173177671937031,2031
007/023-Cycling-2y-ASAQ-AL-DHAPPQ,50,0.44316171910675556,2031
007/023-Cycling-2y-ASAQ-AL-DHAPPQ,51,0.3677346690713956,2031
007/023-Cycling-2y-ASAQ-AL-DHAPPQ,52,0.5024345527972908,2031
007/023-Cycling-2y-ASAQ-AL-DHAPPQ,53,0.4309141141385693,2031
007/023-Cycling-2y-ASAQ-AL-DHAPPQ,54,0.504791129073488,2031
007/023-Cycling-2y-ASAQ-AL-DHAPPQ,55,0.5077592927215591,2031
007/023-Cycling-2y-ASAQ-AL-DHAPPQ,56,0.547239964368444,2031
007/023-Cycling-2y-ASAQ-AL-DHAPPQ,57,0.559170127467827,2031
007/023-Cycling-2y-ASAQ-AL-DHAPPQ,58,0.4844041639758336,2031
007/023-Cycling-2y-ASAQ-AL-DHAPPQ,59,0.5512672547433453,2031
007/023-Cycling-2y-ASAQ-AL-DHAPPQ,60,0.4054923142519209,2031
007/023-Cycling-2y-ASAQ-AL-DHAPPQ,61,0.4091382900994578,2031
007/023-Cycling-2y-ASAQ-AL-DHAPPQ,62,0.4464410893467678,2031
007/023-Cycling-2y-ASAQ-AL-DHAPPQ,63,0.39066094054002387,2031
007/023-Cycling-2y-ASAQ-AL-DHAPPQ,64,0.6272110268160481,2031
007/023-Cycling-2y-ASAQ-AL-DHAPPQ,65,0.4693238559846514,2031
007/023-Cycling-2y-ASAQ-AL-DHAPPQ,66,0.47823226323301754,2031
007/023-Cycling-2y-ASAQ-AL-DHAPPQ,67,0.44892253688798056,2031
007/023-Cycling-2y-ASAQ-AL-DHAPPQ,68,0.42229262610198187,2031
007/023-Cycling-2y-ASAQ-AL-DHAPPQ,69,0.440258431750229,2031
007/023-Cycling-2y-ASAQ-AL-DHAPPQ,70,0.470777789408618,2031
007/023-Cycling-2y-ASAQ-AL-DHAPPQ,71,0.47372936730716986,2031
007/023-Cycling-2y-ASAQ-AL-DHAPPQ,72,0.5680876979670031,2031
007/023-Cycling-2y-ASAQ-AL-DHAPPQ,73,0.38664317048296376,2031
007/023-Cycling-2y-ASAQ-AL-DHAPPQ,74,0.4344349953739186,2031
007/023-Cycling-2y-ASAQ-AL-DHAPPQ,75,0.5482087527397231,2031
007/023-Cycling-2y-ASAQ-AL-DHAPPQ,76,0.403027745151641,2031
007/023-Cycling-2y-ASAQ-AL-DHAPPQ,77,0.5644961204909897,2031
007/023-Cycling-2y-ASAQ-AL-DHAPPQ,78,0.5124959906293128,2031
007/023-Cycling-2y-ASAQ-AL-DHAPPQ,79,0.4825016353675832,2031
007/023-Cycling-2y-ASAQ-AL-DHAPPQ,80,0.5138258501080066,2031
007/023-Cycling-2y-ASAQ-AL-DHAPPQ,81,0.4326941960044514,2031
007/023-Cycling-2y-ASAQ-AL-DHAPPQ,82,0.5454852656658139,2031
007/023-Cycling-2y-ASAQ-AL-DHAPPQ,83,0.44918193550810154,2031
007/023-Cycling-2y-ASAQ-AL-DHAPPQ,84,0.6297654356091111,2031
007/023-Cycling-2y-ASAQ-AL-DHAPPQ,85,0.603399711842289,2031
007/023-Cycling-2y-ASAQ-AL-DHAPPQ,86,0.5366655895065394,2031
007/023-Cycling-2y-ASAQ-AL-DHAPPQ,87,0.533061482591875,2031
007/023-Cycling-2y-ASAQ-AL-DHAPPQ,88,0.5420039299895143,2031
007/023-Cycling-2y-ASAQ-AL-DHAPPQ,89,0.38588279288930477,2031
007/023-Cycling-2y-ASAQ-AL-DHAPPQ,90,0.5022891589329956,2031
007/023-Cycling-2y-ASAQ-AL-DHAPPQ,91,0.3597380005857973,2031
007/023-Cycling-2y-ASAQ-AL-DHAPPQ,92,0.5026728500288956,2031
007/023-Cycling-2y-ASAQ-AL-DHAPPQ,93,0.5250537408415986,2031
007/023-Cycling-2y-ASAQ-AL-DHAPPQ,94,0.481876387225404,2031
007/023-Cycling-2y-ASAQ-AL-DHAPPQ,95,0.5254038562732912,2031
007/023-Cycling-2y-ASAQ-AL-DHAPPQ,96,0.5492472714130716,2031
007/023-Cycling-2y-ASAQ-AL-DHAPPQ,97,0.4499365075510085,2031
007/023-Cycling-2y-ASAQ-AL-DHAPPQ,98,0.4507197926611599,2031
007/023-Cycling-2y-ASAQ-AL-DHAPPQ,99,0.5775319996876048,2031
007/024-Cycling-2y-ASAQ-DHAPPQ-AL,0,0.5333360477984692,2031
007/024-Cycling-2y-ASAQ-DHAPPQ-AL,1,0.5758010539458515,2031
007/024-Cycling-2y-ASAQ-DHAPPQ-AL,2,0.48296594583166313,2031
007/024-Cycling-2y-ASAQ-DHAPPQ-AL,3,0.5616973296336077,2031
007/024-Cycling-2y-ASAQ-DHAPPQ-AL,4,0.5246739902715941,2031
007/024-Cycling-2y-ASAQ-DHAPPQ-AL,5,0.5793973784798095,2031
007/024-Cycling-2y-ASAQ-DHAPPQ-AL,6,0.5401097461546699,2031
007/024-Cycling-2y-ASAQ-DHAPPQ-AL,7,0.5451335888267947,2031
007/024-Cycling-2y-ASAQ-DHAPPQ-AL,8,0.5442121056498529,2031
007/024-Cycling-2y-ASAQ-DHAPPQ-AL,9,0.5282263849570386,2031
007/024-Cycling-2y-ASAQ-DHAPPQ-AL,10,0.4433561501181165,2031
007/024-Cycling-2y-ASAQ-DHAPPQ-AL,11,0.475966635683522,2031
007/024-Cycling-2y-ASAQ-DHAPPQ-AL,12,0.5322336494451023,2031
007/024-Cycling-2y-ASAQ-DHAPPQ-AL,13,0.48690218261515034,2031
007/024-Cycling-2y-ASAQ-DHAPPQ-AL,14,0.5845555807440993,2031
007/024-Cycling-2y-ASAQ-DHAPPQ-AL,15,0.5272343779043909,2031
007/024-Cycling-2y-ASAQ-DHAPPQ-AL,16,0.46129548431252054,2031
007/024-Cycling-2y-ASAQ-DHAPPQ-AL,17,0.5363499440617838,2031
007/024-Cycling-2y-ASAQ-DHAPPQ-AL,18,0.49498432584539026,2031
007/024-Cycling-2y-ASAQ-DHAPPQ-AL,19,0.495976924495574,2031
007/024-Cycling-2y-ASAQ-DHAPPQ-AL,20,0.605971947206159,2031
007/024-Cycling-2y-ASAQ-DHAPPQ-AL,21,0.6204913948440706,2031
007/024-Cycling-2y-ASAQ-DHAPPQ-AL,22,0.6053156353202999,2031
007/024-Cycling-2y-ASAQ-DHAPPQ-AL,23,0.5646894219895157,2031
007/024-Cycling-2y-ASAQ-DHAPPQ-AL,24,0.5839519866926434,2031
007/024-Cycling-2y-ASAQ-DHAPPQ-AL,25,0.5583355862049386,2031
007/024-Cycling-2y-ASAQ-DHAPPQ-AL,26,0.45088042588991,2031
007/024-Cycling-2y-ASAQ-DHAPPQ-AL,27,0.48789883572105724,2031
007/024-Cycling-2y-ASAQ-DHAPPQ-AL,28,0.5141851695811573,2031
007/024-Cycling-2y-ASAQ-DHAPPQ-AL,29,0.5404901822985441,2031
007/024-Cycling-2y-ASAQ-DHAPPQ-AL,30,0.594853971522501,2031
007/024-Cycling-2y-ASAQ-DHAPPQ-AL,31,0.4146290417809875,2031
007/024-Cycling-2y-ASAQ-DHAPPQ-AL,32,0.49762296955872404,2031
007/024-Cycling-2y-ASAQ-DHAPPQ-AL,33,0.5954015114681465,2031
007/024-Cycling-2y-ASAQ-DHAPPQ-AL,34,0.4640915542262108,2031
007/024-Cycling-2y-ASAQ-DHAPPQ-AL,35,0.5422780933428747,2031
007/024-Cycling-2y-ASAQ-DHAPPQ-AL,36,0.5230856243121701,2031
007/024-Cycling-2y-ASAQ-DHAPPQ-AL,37,0.5540589493282676,2031
007/024-Cycling-2y-ASAQ-DHAPPQ-AL,38,0.5298237179978935,2031
007/024-Cycling-2y-ASAQ-DHAPPQ-AL,39,0.4794476098255607,2031
007/024-Cycling-2y-ASAQ-DHAPPQ-AL,40,0.4689023984613352,2031
007/024-Cycling-2y-ASAQ-DHAPPQ-AL,41,0.5688892684420885,2031
007/024-Cycling-2y-ASAQ-DHAPPQ-AL,42,0.5446890391118409,2031
007/024-Cycling-2y-ASAQ-DHAPPQ-AL,43,0.5161968570155436,2031
007/024-Cycling-2y-ASAQ-DHAPPQ-AL,44,0.4438709605551669,2031
007/024-Cycling-2y-ASAQ-DHAPPQ-AL,45,0.5438954919354483,2031
007/024-Cycling-2y-ASAQ-DHAPPQ-AL,46,0.5511041110700655,2031
007/024-Cycling-2y-ASAQ-DHAPPQ-AL,47,0.4674015828313349,2031
007/024-Cycling-2y-ASAQ-DHAPPQ-AL,48,0.4956463730594258,2031
007/024-Cycling-2y-ASAQ-DHAPPQ-AL,49,0.5420145344243766,2031
007/024-Cycling-2y-ASAQ-DHAPPQ-AL,50,0.552796185087347,2031
007/024-Cycling-2y-ASAQ-DHAPPQ-AL,51,0.5219042182058252,2031
007/024-Cycling-2y-ASAQ-DHAPPQ-AL,52,0.5568124751437756,2031
007/024-Cycling-2y-ASAQ-DHAPPQ-AL,53,0.5601075696735565,2031
007/024-Cycling-2y-ASAQ-DHAPPQ-AL,54,0.5307926236457265,2031
007/024-Cycling-2y-ASAQ-DHAPPQ-AL,55,0.4929895870248737,2031
007/024-Cycling-2y-ASAQ-DHAPPQ-AL,56,0.500675689649016,2031
007/024-Cycling-2y-ASAQ-DHAPPQ-AL,57,0.5550086083958808,2031
007/024-Cycling-2y-ASAQ-DHAPPQ-AL,58,0.4777548587677119,2031
007/024-Cycling-2y-ASAQ-DHAPPQ-AL,59,0.4071192766717385,2031
007/024-Cycling-2y-ASAQ-DHAPPQ-AL,60,0.4433305732991169,2031
007/024-Cycling-2y-ASAQ-DHAPPQ-AL,61,0.5465110170255482,2031
007/024-Cycling-2y-ASAQ-DHAPPQ-AL,62,0.3600369390590439,2031
007/024-Cycling-2y-ASAQ-DHAPPQ-AL,63,0.4940940300358476,2031
007/024-Cycling-2y-ASAQ-DHAPPQ-AL,64,0.5566002742290425,2031
007/024-Cycling-2y-ASAQ-DHAPPQ-AL,65,0.533100076524241,2031
007/024-Cycling-2y-ASAQ-DHAPPQ-AL,66,0.5853697560338169,2031
007/024-Cycling-2y-ASAQ-DHAPPQ-AL,67,0.40827799997585196,2031
007/024-Cycling-2y-ASAQ-DHAPPQ-AL,68,0.46143147604217966,2031
007/024-Cycling-2y-ASAQ-DHAPPQ-AL,69,0.5640521093137812,2031
007/024-Cycling-2y-ASAQ-DHAPPQ-AL,70,0.525185554013602,2031
007/024-Cycling-2y-ASAQ-DHAPPQ-AL,71,0.5505914282868329,2031
007/024-Cycling-2y-ASAQ-DHAPPQ-AL,72,0.5157124956232063,2031
007/024-Cycling-2y-ASAQ-DHAPPQ-AL,73,0.4789800114565466,2031
007/024-Cycling-2y-ASAQ-DHAPPQ-AL,74,0.5287544842800956,2031
007/024-Cycling-2y-ASAQ-DHAPPQ-AL,75,0.4251732752765389,2031
007/024-Cycling-2y-ASAQ-DHAPPQ-AL,76,0.5411418696703146,2031
007/024-Cycling-2y-ASAQ-DHAPPQ-AL,77,0.5142361773412373,2031
007/024-Cycling-2y-ASAQ-DHAPPQ-AL,78,0.6228890250462533,2031
007/024-Cycling-2y-ASAQ-DHAPPQ-AL,79,0.5111171561486653,2031
007/024-Cycling-2y-ASAQ-DHAPPQ-AL,80,0.5006705108692145,2031
007/024-Cycling-2y-ASAQ-DHAPPQ-AL,81,0.3286591677493555,2031
007/024-Cycling-2y-ASAQ-DHAPPQ-AL,82,0.5200655663946259,2031
007/024-Cycling-2y-ASAQ-DHAPPQ-AL,83,0.5672982174455156,2031
007/024-Cycling-2y-ASAQ-DHAPPQ-AL,84,0.4138858399762568,2031
007/024-Cycling-2y-ASAQ-DHAPPQ-AL,85,0.49345258256448243,2031
007/024-Cycling-2y-ASAQ-DHAPPQ-AL,86,0.4983810973728726,2031
007/024-Cycling-2y-ASAQ-DHAPPQ-AL,87,0.5004239671167824,2031
007/024-Cycling-2y-ASAQ-DHAPPQ-AL,88,0.4892689094785487,2031
007/024-Cycling-2y-ASAQ-DHAPPQ-AL,89,0.5436044396017288,2031
007/024-Cycling-2y-ASAQ-DHAPPQ-AL,90,0.5942605709581098,2031
007/024-Cycling-2y-ASAQ-DHAPPQ-AL,91,0.5097461735543164,2031
007/024-Cycling-2y-ASAQ-DHAPPQ-AL,92,0.49955718268900173,2031
007/024-Cycling-2y-ASAQ-DHAPPQ-AL,93,0.46933251258661884,2031
007/024-Cycling-2y-ASAQ-DHAPPQ-AL,94,0.6537437464385166,2031
007/024-Cycling-2y-ASAQ-DHAPPQ-AL,95,0.5495805649295441,2031
007/024-Cycling-2y-ASAQ-DHAPPQ-AL,96,0.46956089272820645,2031
007/024-Cycling-2y-ASAQ-DHAPPQ-AL,97,0.5774648887226511,2031
007/024-Cycling-2y-ASAQ-DHAPPQ-AL,98,0.4412546735501284,2031
007/024-Cycling-2y-ASAQ-DHAPPQ-AL,99,0.6553432105653946,2031
007/025-Cycling-2y-DHAPPQ-AL-ASAQ,0,0.5864347065918117,2031
007/025-Cycling-2y-DHAPPQ-AL-ASAQ,1,0.43573974727626436,2031
007/025-Cycling-2y-DHAPPQ-AL-ASAQ,2,0.42035782190925136,2031
007/025-Cycling-2y-DHAPPQ-AL-ASAQ,3,0.45162951966641046,2031
007/025-Cycling-2y-DHAPPQ-AL-ASAQ,4,0.49516300198321966,2031
007/025-Cycling-2y-DHAPPQ-AL-ASAQ,5,0.48553721208799594,2031
007/025-Cycling-2y-DHAPPQ-AL-ASAQ,6,0.43128899154875366,2031
007/025-Cycling-2y-DHAPPQ-AL-ASAQ,7,0.43223055505426067,2031
007/025-Cycling-2y-DHAPPQ-AL-ASAQ,8,0.48134984153473365,2031
007/025-Cycling-2y-DHAPPQ-AL-ASAQ,9,0.5175000943697223,2031
007/025-Cycling-2y-DHAPPQ-AL-ASAQ,10,0.43129981289474567,2031
007/025-Cycling-2y-DHAPPQ-AL-ASAQ,11,0.49946066756901253,2031
007/025-Cycling-2y-DHAPPQ-AL-ASAQ,12,0.5478489379932426,2031
007/025-Cycling-2y-DHAPPQ-AL-ASAQ,13,0.5094784874535373,2031
007/025-Cycling-2y-DHAPPQ-AL-ASAQ,14,0.5119192185792414,2031
007/025-Cycling-2y-DHAPPQ-AL-ASAQ,15,0.5327389979180842,2031
007/025-Cycling-2y-DHAPPQ-AL-ASAQ,16,0.4679533236206022,2031
007/025-Cycling-2y-DHAPPQ-AL-ASAQ,17,0.516289710739234,2031
007/025-Cycling-2y-DHAPPQ-AL-ASAQ,18,0.5327183120636384,2031
007/025-Cycling-2y-DHAPPQ-AL-ASAQ,19,0.4967902824818938,2031
007/025-Cycling-2y-DHAPPQ-AL-ASAQ,20,0.4261806937125015,2031
007/025-Cycling-2y-DHAPPQ-AL-ASAQ,21,0.44586216304455045,2031
007/025-Cycling-2y-DHAPPQ-AL-ASAQ,22,0.4495776431975298,2031
007/025-Cycling-2y-DHAPPQ-AL-ASAQ,23,0.5247459818086405,2031
007/025-Cycling-2y-DHAPPQ-AL-ASAQ,24,0.3935627238645986,2031
007/025-Cycling-2y-DHAPPQ-AL-ASAQ,25,0.5677705244222432,2031
007/025-Cycling-2y-DHAPPQ-AL-ASAQ,26,0.5474867998135148,2031
007/025-Cycling-2y-DHAPPQ-AL-ASAQ,27,0.5563883836094758,2031
007/025-Cycling-2y-DHAPPQ-AL-ASAQ,28,0.5808805163408406,2031
007/025-Cycling-2y-DHAPPQ-AL-ASAQ,29,0.4663174377235939,2031
007/025-Cycling-2y-DHAPPQ-AL-ASAQ,30,0.47709972654515304,2031
007/025-Cycling-2y-DHAPPQ-AL-ASAQ,31,0.5020011600489365,2031
007/025-Cycling-2y-DHAPPQ-AL-ASAQ,32,0.5138915256221049,2031
007/025-Cycling-2y-DHAPPQ-AL-ASAQ,33,0.5127084880709534,2031
007/025-Cycling-2y-DHAPPQ-AL-ASAQ,34,0.550476746499004,2031
007/025-Cycling-2y-DHAPPQ-AL-ASAQ,35,0.5046761705849313,2031
007/025-Cycling-2y-DHAPPQ-AL-ASAQ,36,0.5137882619736812,2031
007/025-Cycling-2y-DHAPPQ-AL-ASAQ,37,0.45446689961359293,2031
007/025-Cycling-2y-DHAPPQ-AL-ASAQ,38,0.5242652664109829,2031
007/025-Cycling-2y-DHAPPQ-AL-ASAQ,39,0.44354038430118553,2031
007/025-Cycling-2y-DHAPPQ-AL-ASAQ,40,0.4499413364470126,2031
007/025-Cycling-2y-DHAPPQ-AL-ASAQ,41,0.5155509458987145,2031
007/025-Cycling-2y-DHAPPQ-AL-ASAQ,42,0.4072261281952337,2031
007/025-Cycling-2y-DHAPPQ-AL-ASAQ,43,0.48405431333647364,2031
007/025-Cycling-2y-DHAPPQ-AL-ASAQ,44,0.5723108590570022,2031
007/025-Cycling-2y-DHAPPQ-AL-ASAQ,45,0.5949826924737959,2031
007/025-Cycling-2y-DHAPPQ-AL-ASAQ,46,0.5428219186254293,2031
007/025-Cycling-2y-DHAPPQ-AL-ASAQ,47,0.6052745993125158,2031
007/025-Cycling-2y-DHAPPQ-AL-ASAQ,48,0.523195507318054,2031
007/025-Cycling-2y-DHAPPQ-AL-ASAQ,49,0.5647836812713941,2031
007/025-Cycling-2y-DHAPPQ-AL-ASAQ,50,0.5299582209228874,2031
007/025-Cycling-2y-DHAPPQ-AL-ASAQ,51,0.5366794731734051,2031
007/025-Cycling-2y-DHAPPQ-AL-ASAQ,52,0.45845196467897087,2031
007/025-Cycling-2y-DHAPPQ-AL-ASAQ,53,0.4303883083735756,2031
007/025-Cycling-2y-DHAPPQ-AL-ASAQ,54,0.4011377401031804,2031
007/025-Cycling-2y-DHAPPQ-AL-ASAQ,55,0.492008228678315,2031
007/025-Cycling-2y-DHAPPQ-AL-ASAQ,56,0.4874115376680724,2031
007/025-Cycling-2y-DHAPPQ-AL-ASAQ,57,0.5606595661907209,2031
007/025-Cycling-2y-DHAPPQ-AL-ASAQ,58,0.5427742219322461,2031
007/025-Cycling-2y-DHAPPQ-AL-ASAQ,59,0.528983733361103,2031
007/025-Cycling-2y-DHAPPQ-AL-ASAQ,60,0.5712524143701099,2031
007/025-Cycling-2y-DHAPPQ-AL-ASAQ,61,0.5254374991559644,2031
007/025-Cycling-2y-DHAPPQ-AL-ASAQ,62,0.43591773490086233,2031
007/025-Cycling-2y-DHAPPQ-AL-ASAQ,63,0.43627642959787866,2031
007/025-Cycling-2y-DHAPPQ-AL-ASAQ,64,0.5136121999485376,2031
007/025-Cycling-2y-DHAPPQ-AL-ASAQ,65,0.4879296638894974,2031
007/025-Cycling-2y-DHAPPQ-AL-ASAQ,66,0.5411397318397444,2031
007/025-Cycling-2y-DHAPPQ-AL-ASAQ,67,0.5349630012824861,2031
007/025-Cycling-2y-DHAPPQ-AL-ASAQ,68,0.4355098258287599,2031
007/025-Cycling-2y-DHAPPQ-AL-ASAQ,69,0.5416270310667066,2031
007/025-Cycling-2y-DHAPPQ-AL-ASAQ,70,0.4838546257835245,2031
007/025-Cycling-2y-DHAPPQ-AL-ASAQ,71,0.43897288002167306,2031
007/025-Cycling-2y-DHAPPQ-AL-ASAQ,72,0.512591192686487,2031
007/025-Cycling-2y-DHAPPQ-AL-ASAQ,73,0.5393000928255347,2031
007/025-Cycling-2y-DHAPPQ-AL-ASAQ,74,0.5319033534046669,2031
007/025-Cycling-2y-DHAPPQ-AL-ASAQ,75,0.43793361329298763,2031
007/025-Cycling-2y-DHAPPQ-AL-ASAQ,76,0.4328317264897045,2031
007/025-Cycling-2y-DHAPPQ-AL-ASAQ,77,0.5651743734324176,2031
007/025-Cycling-2y-DHAPPQ-AL-ASAQ,78,0.4859885194498858,2031
007/025-Cycling-2y-DHAPPQ-AL-ASAQ,79,0.42848633787780405,2031
007/025-Cycling-2y-DHAPPQ-AL-ASAQ,80,0.4859690340282463,2031
007/025-Cycling-2y-DHAPPQ-AL-ASAQ,81,0.5702593454696862,2031
007/025-Cycling-2y-DHAPPQ-AL-ASAQ,82,0.5073217642279043,2031
007/025-Cycling-2y-DHAPPQ-AL-ASAQ,83,0.43902854072354613,2031
007/025-Cycling-2y-DHAPPQ-AL-ASAQ,84,0.4994126443561559,2031
007/025-Cycling-2y-DHAPPQ-AL-ASAQ,85,0.4693373311219677,2031
007/025-Cycling-2y-DHAPPQ-AL-ASAQ,86,0.4916320445560085,2031
007/025-Cycling-2y-DHAPPQ-AL-ASAQ,87,0.4335535029014976,2031
007/025-Cycling-2y-DHAPPQ-AL-ASAQ,88,0.4723145572992781,2031
007/025-Cycling-2y-DHAPPQ-AL-ASAQ,89,0.46985772650536867,2031
007/025-Cycling-2y-DHAPPQ-AL-ASAQ,90,0.511605627324877,2031
007/025-Cycling-2y-DHAPPQ-AL-ASAQ,91,0.5291307541651779,2031
007/025-Cycling-2y-DHAPPQ-AL-ASAQ,92,0.5129483438353616,2031
007/025-Cycling-2y-DHAPPQ-AL-ASAQ,93,0.44713108405216256,2031
007/025-Cycling-2y-DHAPPQ-AL-ASAQ,94,0.5517792927386621,2031
007/025-Cycling-2y-DHAPPQ-AL-ASAQ,95,0.4774814564691674,2031
007/025-Cycling-2y-DHAPPQ-AL-ASAQ,96,0.4787705675872313,2031
007/025-Cycling-2y-DHAPPQ-AL-ASAQ,97,0.5774042652021938,2031
007/025-Cycling-2y-DHAPPQ-AL-ASAQ,98,0.4884457552219814,2031
007/025-Cycling-2y-DHAPPQ-AL-ASAQ,99,0.470734233034362,2031
007/026-Cycling-2y-DHAPPQ-ASAQ-AL,0,0.5137491780166311,2031
007/026-Cycling-2y-DHAPPQ-ASAQ-AL,1,0.5657517482779295,2031
007/026-Cycling-2y-DHAPPQ-ASAQ-AL,2,0.5283102102925002,2031
007/026-Cycling-2y-DHAPPQ-ASAQ-AL,3,0.4428101440623607,2031
007/026-Cycling-2y-DHAPPQ-ASAQ-AL,4,0.5788077978942864,2031
007/026-Cycling-2y-DHAPPQ-ASAQ-AL,5,0.6013575924427893,2031
007/026-Cycling-2y-DHAPPQ-ASAQ-AL,6,0.5396866604214691,2031
007/026-Cycling-2y-DHAPPQ-ASAQ-AL,7,0.5770092176395318,2031
007/026-Cycling-2y-DHAPPQ-ASAQ-AL,8,0.5292303411508917,2031
007/026-Cycling-2y-DHAPPQ-ASAQ-AL,9,0.5297051378377359,2031
007/026-Cycling-2y-DHAPPQ-ASAQ-AL,10,0.4875370789709545,2031
007/026-Cycling-2y-DHAPPQ-ASAQ-AL,11,0.5060064265128082,2031
007/026-Cycling-2y-DHAPPQ-ASAQ-AL,12,0.5137876818820836,2031
007/026-Cycling-2y-DHAPPQ-ASAQ-AL,13,0.42116297710595707,2031
007/026-Cycling-2y-DHAPPQ-ASAQ-AL,14,0.5653212538879334,2031
007/026-Cycling-2y-DHAPPQ-ASAQ-AL,15,0.5373604328477213,2031
007/026-Cycling-2y-DHAPPQ-ASAQ-AL,16,0.5329686076494548,2031
007/026-Cycling-2y-DHAPPQ-ASAQ-AL,17,0.6038019885519207,2031
007/026-Cycling-2y-DHAPPQ-ASAQ-AL,18,0.4575827153351857,2031
007/026-Cycling-2y-DHAPPQ-ASAQ-AL,19,0.36584476994975096,2031
007/026-Cycling-2y-DHAPPQ-ASAQ-AL,20,0.5558249696927896,2031
007/026-Cycling-2y-DHAPPQ-ASAQ-AL,21,0.5215790759822811,2031
007/026-Cycling-2y-DHAPPQ-ASAQ-AL,22,0.4423261919765566,2031
007/026-Cycling-2y-DHAPPQ-ASAQ-AL,23,0.5165625453527841,2031
007/026-Cycling-2y-DHAPPQ-ASAQ-AL,24,0.5469708155139391,2031
007/026-Cycling-2y-DHAPPQ-ASAQ-AL,25,0.44312179454713535,2031
007/026-Cycling-2y-DHAPPQ-ASAQ-AL,26,0.5115246451533483,2031
007/026-Cycling-2y-DHAPPQ-ASAQ-AL,27,0.5044767443100465,2031
007/026-Cycling-2y-DHAPPQ-ASAQ-AL,28,0.45592535284184227,2031
007/026-Cycling-2y-DHAPPQ-ASAQ-AL,29,0.5389885611624459,2031
007/026-Cycling-2y-DHAPPQ-ASAQ-AL,30,0.5209084260455831,2031
007/026-Cycling-2y-DHAPPQ-ASAQ-AL,31,0.5126580333825496,2031
007/026-Cycling-2y-DHAPPQ-ASAQ-AL,32,0.5261094219896101,2031
007/026-Cycling-2y-DHAPPQ-ASAQ-AL,33,0.5130555416807988,2031
007/026-Cycling-2y-DHAPPQ-ASAQ-AL,34,0.43529694816367764,2031
007/026-Cycling-2y-DHAPPQ-ASAQ-AL,35,0.4572871911753444,2031
007/026-Cycling-2y-DHAPPQ-ASAQ-AL,36,0.5547071958561836,2031
007/026-Cycling-2y-DHAPPQ-ASAQ-AL,37,0.5132270397990931,2031
007/026-Cycling-2y-DHAPPQ-ASAQ-AL,38,0.5736907521661451,2031
007/026-Cycling-2y-DHAPPQ-ASAQ-AL,39,0.5108543297412115,2031
007/026-Cycling-2y-DHAPPQ-ASAQ-AL,40,0.6261369497178805,2031
007/026-Cycling-2y-DHAPPQ-ASAQ-AL,41,0.4696760180173247,2031
007/026-Cycling-2y-DHAPPQ-ASAQ-AL,42,0.5350291383354759,2031
007/026-Cycling-2y-DHAPPQ-ASAQ-AL,43,0.42252895584454947,2031
007/026-Cycling-2y-DHAPPQ-ASAQ-AL,44,0.5477816649025111,2031
007/026-Cycling-2y-DHAPPQ-ASAQ-AL,45,0.6533982360735889,2031
007/026-Cycling-2y-DHAPPQ-ASAQ-AL,46,0.5588040894867782,2031
007/026-Cycling-2y-DHAPPQ-ASAQ-AL,47,0.499880111079654,2031
007/026-Cycling-2y-DHAPPQ-ASAQ-AL,48,0.5234940942808647,2031
007/026-Cycling-2y-DHAPPQ-ASAQ-AL,49,0.485197944458211,2031
007/026-Cycling-2y-DHAPPQ-ASAQ-AL,50,0.5625994691917645,2031
007/026-Cycling-2y-DHAPPQ-ASAQ-AL,51,0.5887614607516273,2031
007/026-Cycling-2y-DHAPPQ-ASAQ-AL,52,0.4951212905839919,2031
007/026-Cycling-2y-DHAPPQ-ASAQ-AL,53,0.5163114332799705,2031
007/026-Cycling-2y-DHAPPQ-ASAQ-AL,54,0.5295282438798596,2031
007/026-Cycling-2y-DHAPPQ-ASAQ-AL,55,0.4840784986604018,2031
007/026-Cycling-2y-DHAPPQ-ASAQ-AL,56,0.4706741049384402,2031
007/026-Cycling-2y-DHAPPQ-ASAQ-AL,57,0.515659498364848,2031
007/026-Cycling-2y-DHAPPQ-ASAQ-AL,58,0.5230302921528224,2031
007/026-Cycling-2y-DHAPPQ-ASAQ-AL,59,0.45303995554763743,2031
007/026-Cycling-2y-DHAPPQ-ASAQ-AL,60,0.4661472547318735,2031
007/026-Cycling-2y-DHAPPQ-ASAQ-AL,61,0.5720341091268856,2031
007/026-Cycling-2y-DHAPPQ-ASAQ-AL,62,0.5106206049573903,2031
007/026-Cycling-2y-DHAPPQ-ASAQ-AL,63,0.5279028734532144,2031
007/026-Cycling-2y-DHAPPQ-ASAQ-AL,64,0.5157105528207526,2031
007/026-Cycling-2y-DHAPPQ-ASAQ-AL,65,0.49257391967930614,2031
007/026-Cycling-2y-DHAPPQ-ASAQ-AL,66,0.5685180553531547,2031
007/026-Cycling-2y-DHAPPQ-ASAQ-AL,67,0.5387223800068595,2031
007/026-Cycling-2y-DHAPPQ-ASAQ-AL,68,0.43722177640684207,2031
007/026-Cycling-2y-DHAPPQ-ASAQ-AL,69,0.525282023793986,2031
007/026-Cycling-2y-DHAPPQ-ASAQ-AL,70,0.5106631256019831,2031
007/026-Cycling-2y-DHAPPQ-ASAQ-AL,71,0.46592040398015966,2031
007/026-Cycling-2y-DHAPPQ-ASAQ-AL,72,0.5878636269700662,2031
007/026-Cycling-2y-DHAPPQ-ASAQ-AL,73,0.4522833014585701,2031
007/026-Cycling-2y-DHAPPQ-ASAQ-AL,74,0.5406609109482691,2031
007/026-Cycling-2y-DHAPPQ-ASAQ-AL,75,0.6025876033878593,2031
007/026-Cycling-2y-DHAPPQ-ASAQ-AL,76,0.4946878158825571,2031
007/026-Cycling-2y-DHAPPQ-ASAQ-AL,77,0.6455076496231461,2031
007/026-Cycling-2y-DHAPPQ-ASAQ-AL,78,0.49779315394173107,2031
007/026-Cycling-2y-DHAPPQ-ASAQ-AL,79,0.48558679784496656,2031
007/026-Cycling-2y-DHAPPQ-ASAQ-AL,80,0.507006267049673,2031
007/026-Cycling-2y-DHAPPQ-ASAQ-AL,81,0.5050245164068149,2031
007/026-Cycling-2y-DHAPPQ-ASAQ-AL,82,0.6280570986877304,2031
007/026-Cycling-2y-DHAPPQ-ASAQ-AL,83,0.4998082606972583,2031
007/026-Cycling-2y-DHAPPQ-ASAQ-AL,84,0.4765562183688301,2031
007/026-Cycling-2y-DHAPPQ-ASAQ-AL,85,0.5127828846068395,2031
007/026-Cycling-2y-DHAPPQ-ASAQ-AL,86,0.48389428026459996,2031
007/026-Cycling-2y-DHAPPQ-ASAQ-AL,87,0.5805627172399341,2031
007/026-Cycling-2y-DHAPPQ-ASAQ-AL,88,0.507338573585255,2031
007/026-Cycling-2y-DHAPPQ-ASAQ-AL,89,0.45789804520946026,2031
007/026-Cycling-2y-DHAPPQ-ASAQ-AL,90,0.5862473420169265,2031
007/026-Cycling-2y-DHAPPQ-ASAQ-AL,91,0.48595912235734,2031
007/026-Cycling-2y-DHAPPQ-ASAQ-AL,92,0.5287145242491084,2031
007/026-Cycling-2y-DHAPPQ-ASAQ-AL,93,0.47985613110068154,2031
007/026-Cycling-2y-DHAPPQ-ASAQ-AL,94,0.5387313579386991,2031
007/026-Cycling-2y-DHAPPQ-ASAQ-AL,95,0.5688547553365099,2031
007/026-Cycling-2y-DHAPPQ-ASAQ-AL,96,0.4747940037714457,2031
007/026-Cycling-2y-DHAPPQ-ASAQ-AL,97,0.4867771760738382,2031
007/026-Cycling-2y-DHAPPQ-ASAQ-AL,98,0.4737704302656344,2031
007/026-Cycling-2y-DHAPPQ-ASAQ-AL,99,0.5529002489944731,2031
007/027-Cycling-3y-AL-ASAQ,0,0.44183732672560155,2031
007/027-Cycling-3y-AL-ASAQ,1,0.6186551797472029,2031
007/027-Cycling-3y-AL-ASAQ,2,0.43511287119971004,2031
007/027-Cycling-3y-AL-ASAQ,3,0.4753530563833617,2031
007/027-Cycling-3y-AL-ASAQ,4,0.6547865788109412,2031
007/027-Cycling-3y-AL-ASAQ,5,0.4349666647663109,2031
007/027-Cycling-3y-AL-ASAQ,6,0.5201252105125694,2031
007/027-Cycling-3y-AL-ASAQ,7,0.48094080200380235,2031
007/027-Cycling-3y-AL-ASAQ,8,0.5586933628163189,2031
007/027-Cycling-3y-AL-ASAQ,9,0.581520731902212,2031
007/027-Cycling-3y-AL-ASAQ,10,0.4414823574176813,2031
007/027-Cycling-3y-AL-ASAQ,11,0.47411954099533227,2031
007/027-Cycling-3y-AL-ASAQ,12,0.4310368717859155,2031
007/027-Cycling-3y-AL-ASAQ,13,0.5092881315271263,2031
007/027-Cycling-3y-AL-ASAQ,14,0.6119190583091346,2031
007/027-Cycling-3y-AL-ASAQ,15,0.4902253711199489,2031
007/027-Cycling-3y-AL-ASAQ,16,0.47275225194007925,2031
007/027-Cycling-3y-AL-ASAQ,17,0.5880851617093182,2031
007/027-Cycling-3y-AL-ASAQ,18,0.5828594119849263,2031
007/027-Cycling-3y-AL-ASAQ,19,0.452472362730868,2031
007/027-Cycling-3y-AL-ASAQ,20,0.5002776839551771,2031
007/027-Cycling-3y-AL-ASAQ,21,0.6112370767246109,2031
007/027-Cycling-3y-AL-ASAQ,22,0.6070975380653185,2031
007/027-Cycling-3y-AL-ASAQ,23,0.5000476255480543,2031
007/027-Cycling-3y-AL-ASAQ,24,0.42851820925847867,2031
007/027-Cycling-3y-AL-ASAQ,25,0.7346695012356595,2031
007/027-Cycling-3y-AL-ASAQ,26,0.4403162425501948,2031
007/027-Cycling-3y-AL-ASAQ,27,0.5795063604547471,2031
007/027-Cycling-3y-AL-ASAQ,28,0.5716504394457784,2031
007/027-Cycling-3y-AL-ASAQ,29,0.670222366202792,2031
007/027-Cycling-3y-AL-ASAQ,30,0.5651324772800821,2031
007/027-Cycling-3y-AL-ASAQ,31,0.5186735884803029,2031
007/027-Cycling-3y-AL-ASAQ,32,0.40886956903470856,2031
007/027-Cycling-3y-AL-ASAQ,33,0.5497217586202628,2031
007/027-Cycling-3y-AL-ASAQ,34,0.4473069814030768,2031
007/027-Cycling-3y-AL-ASAQ,35,0.4792392908413703,2031
007/027-Cycling-3y-AL-ASAQ,36,0.5070622593947761,2031
007/027-Cycling-3y-AL-ASAQ,37,0.4821539432402939,2031
007/027-Cycling-3y-AL-ASAQ,38,0.5517576212979102,2031
007/027-Cycling-3y-AL-ASAQ,39,0.5903363953562459,2031
007/027-Cycling-3y-AL-ASAQ,40,0.48714195078371536,2031
007/027-Cycling-3y-AL-ASAQ,41,0.5663229639789407,2031
007/027-Cycling-3y-AL-ASAQ,42,0.6587671749786117,2031
007/027-Cycling-3y-AL-ASAQ,43,0.5432062156078145,2031
007/027-Cycling-3y-AL-ASAQ,44,0.47060909869810225,2031
007/027-Cycling-3y-AL-ASAQ,45,0.5146170149317846,2031
007/027-Cycling-3y-AL-ASAQ,46,0.4815584785241511,2031
007/027-Cycling-3y-AL-ASAQ,47,0.5177845787015232,2031
007/027-Cycling-3y-AL-ASAQ,48,0.5510801623020274,2031
007/027-Cycling-3y-AL-ASAQ,49,0.45854317012837925,2031
007/027-Cycling-3y-AL-ASAQ,50,0.5457016900101958,2031
007/027-Cycling-3y-AL-ASAQ,51,0.45131464209376343,2031
007/027-Cycling-3y-AL-ASAQ,52,0.5414947740425667,2031
007/027-Cycling-3y-AL-ASAQ,53,0.5118683961571574,2031
007/027-Cycling-3y-AL-ASAQ,54,0.5400977029762339,2031
007/027-Cycling-3y-AL-ASAQ,55,0.6092581925013102,2031
007/027-Cycling-3y-AL-ASAQ,56,0.5538419370897102,2031
007/027-Cycling-3y-AL-ASAQ,57,0.5127773528206935,2031
007/027-Cycling-3y-AL-ASAQ,58,0.592541905662202,2031
007/027-Cycling-3y-AL-ASAQ,59,0.5966035255123178,2031
007/027-Cycling-3y-AL-ASAQ,60,0.576638609344302,2031
007/027-Cycling-3y-AL-ASAQ,61,0.553185134576249,2031
007/027-Cycling-3y-AL-ASAQ,62,0.5122552899181712,2031
007/027-Cycling-3y-AL-ASAQ,63,0.6336671673578732,2031
007/027-Cycling-3y-AL-ASAQ,64,0.5491163015119206,2031
007/027-Cycling-3y-AL-ASAQ,65,0.62464682276041,2031
007/027-Cycling-3y-AL-ASAQ,66,0.5631408146172232,2031
007/027-Cycling-3y-AL-ASAQ,67,0.4910320388543699,2031
007/027-Cycling-3y-AL-ASAQ,68,0.48297419975412414,2031
007/027-Cycling-3y-AL-ASAQ,69,0.5238344537228766,2031
007/027-Cycling-3y-AL-ASAQ,70,0.5319350151107086,2031
007/027-Cycling-3y-AL-ASAQ,71,0.5247147799919876,2031
007/027-Cycling-3y-AL-ASAQ,72,0.5174597044235377,2031
007/027-Cycling-3y-AL-ASAQ,73,0.6767665513987521,2031
007/027-Cycling-3y-AL-ASAQ,74,0.5855155315473574,2031
007/027-Cycling-3y-AL-ASAQ,75,0.42938351479948844,2031
007/027-Cycling-3y-AL-ASAQ,76,0.5490465560624027,2031
007/027-Cycling-3y-AL-ASAQ,77,0.5430765550250197,2031
007/027-Cycling-3y-AL-ASAQ,78,0.5701702313211313,2031
007/027-Cycling-3y-AL-ASAQ,79,0.619315158539142,2031
007/027-Cycling-3y-AL-ASAQ,80,0.5391767782778457,2031
007/027-Cycling-3y-AL-ASAQ,81,0.5509335499106219,2031
007/027-Cycling-3y-AL-ASAQ,82,0.5413385551331447,2031
007/027-Cycling-3y-AL-ASAQ,83,0.5438010952879466,2031
007/027-Cycling-3y-AL-ASAQ,84,0.5955569580529881,2031
007/027-Cycling-3y-AL-ASAQ,85,0.5416056647987346,2031
007/027-Cycling-3y-AL-ASAQ,86,0.5577365417842437,2031
007/027-Cycling-3y-AL-ASAQ,87,0.44909825253628705,2031
007/027-Cycling-3y-AL-ASAQ,88,0.5862794621557369,2031
007/027-Cycling-3y-AL-ASAQ,89,0.5286401695417501,2031
007/027-Cycling-3y-AL-ASAQ,90,0.5924292257741061,2031
007/027-Cycling-3y-AL-ASAQ,91,0.6089867964605286,2031
007/027-Cycling-3y-AL-ASAQ,92,0.6025279629765411,2031
007/027-Cycling-3y-AL-ASAQ,93,0.4822915910151771,2031
007/027-Cycling-3y-AL-ASAQ,94,0.5599844097645843,2031
007/027-Cycling-3y-AL-ASAQ,95,0.5544240582808769,2031
007/027-Cycling-3y-AL-ASAQ,96,0.4418427204852722,2031
007/027-Cycling-3y-AL-ASAQ,97,0.5404222505837818,2031
007/027-Cycling-3y-AL-ASAQ,98,0.5726825049333909,2031
007/027-Cycling-3y-AL-ASAQ,99,0.5017131422252087,2031
007/028-Cycling-3y-AL-DHAPPQ,0,0.6056684223555197,2031
007/028-Cycling-3y-AL-DHAPPQ,1,0.5667998889360405,2031
007/028-Cycling-3y-AL-DHAPPQ,2,0.5999180695867646,2031
007/028-Cycling-3y-AL-DHAPPQ,3,0.5712659708951137,2031
007/028-Cycling-3y-AL-DHAPPQ,4,0.5809136532655668,2031
007/028-Cycling-3y-AL-DHAPPQ,5,0.5793068720559628,2031
007/028-Cycling-3y-AL-DHAPPQ,6,0.6146673937026133,2031
007/028-Cycling-3y-AL-DHAPPQ,7,0.5922172861224028,2031
007/028-Cycling-3y-AL-DHAPPQ,8,0.6605668960954999,2031
007/028-Cycling-3y-AL-DHAPPQ,9,0.5459642997714015,2031
007/028-Cycling-3y-AL-DHAPPQ,10,0.6468532533918485,2031
007/028-Cycling-3y-AL-DHAPPQ,11,0.6371202017257661,2031
007/028-Cycling-3y-AL-DHAPPQ,12,0.630031892225727,2031
007/028-Cycling-3y-AL-DHAPPQ,13,0.665007660916364,2031
007/028-Cycling-3y-AL-DHAPPQ,14,0.6344997543235363,2031
007/028-Cycling-3y-AL-DHAPPQ,15,0.5910380094120461,2031
007/028-Cycling-3y-AL-DHAPPQ,16,0.6426894005685511,2031
007/028-Cycling-3y-AL-DHAPPQ,17,0.6055614516188069,2031
007/028-Cycling-3y-AL-DHAPPQ,18,0.6365987645176442,2031
007/028-Cycling-3y-AL-DHAPPQ,19,0.5500257967476666,2031
007/028-Cycling-3y-AL-DHAPPQ,20,0.5867060184095172,2031
007/028-Cycling-3y-AL-DHAPPQ,21,0.5815018369462402,2031
007/028-Cycling-3y-AL-DHAPPQ,22,0.4772015712524475,2031
007/028-Cycling-3y-AL-DHAPPQ,23,0.7442734700692873,2031
007/028-Cycling-3y-AL-DHAPPQ,24,0.5575882934580894,2031
007/028-Cycling-3y-AL-DHAPPQ,25,0.6878712981869874,2031
007/028-Cycling-3y-AL-DHAPPQ,26,0.550328065290638,2031
007/028-Cycling-3y-AL-DHAPPQ,27,0.5429488394572731,2031
007/028-Cycling-3y-AL-DHAPPQ,28,0.6570498868754013,2031
007/028-Cycling-3y-AL-DHAPPQ,29,0.5555514072166196,2031
007/028-Cycling-3y-AL-DHAPPQ,30,0.5535278217102166,2031
007/028-Cycling-3y-AL-DHAPPQ,31,0.6186094181428564,2031
007/028-Cycling-3y-AL-DHAPPQ,32,0.6337508446594348,2031
007/028-Cycling-3y-AL-DHAPPQ,33,0.6083135809321637,2031
007/028-Cycling-3y-AL-DHAPPQ,34,0.6676350882422605,2031
007/028-Cycling-3y-AL-DHAPPQ,35,0.5579286361666229,2031
007/028-Cycling-3y-AL-DHAPPQ,36,0.6694679224127218,2031
007/028-Cycling-3y-AL-DHAPPQ,37,0.524512310305141,2031
007/028-Cycling-3y-AL-DHAPPQ,38,0.6008370811001654,2031
007/028-Cycling-3y-AL-DHAPPQ,39,0.49230921985046106,2031
007/028-Cycling-3y-AL-DHAPPQ,40,0.5612099526104196,2031
007/028-Cycling-3y-AL-DHAPPQ,41,0.6859264149872466,2031
007/028-Cycling-3y-AL-DHAPPQ,42,0.8139249778514821,2031
007/028-Cycling-3y-AL-DHAPPQ,43,0.7000977864139184,2031
007/028-Cycling-3y-AL-DHAPPQ,44,0.5348081053705327,2031
007/028-Cycling-3y-AL-DHAPPQ,45,0.5734255657652823,2031
007/028-Cycling-3y-AL-DHAPPQ,46,0.6599371956966734,2031
007/028-Cycling-3y-AL-DHAPPQ,47,0.6438880263249659,2031
007/028-Cycling-3y-AL-DHAPPQ,48,0.6984321226119379,2031
007/028-Cycling-3y-AL-DHAPPQ,49,0.7059652861014881,2031
007/028-Cycling-3y-AL-DHAPPQ,50,0.6402934705282811,2031
007/028-Cycling-3y-AL-DHAPPQ,51,0.7410097118684099,2031
007/028-Cycling-3y-AL-DHAPPQ,52,0.6975133891162716,2031
007/028-Cycling-3y-AL-DHAPPQ,53,0.5810600810626818,2031
007/028-Cycling-3y-AL-DHAPPQ,54,0.5594109130570832,2031
007/028-Cycling-3y-AL-DHAPPQ,55,0.7384686538059445,2031
007/028-Cycling-3y-AL-DHAPPQ,56,0.5556874341005109,2031
007/028-Cycling-3y-AL-DHAPPQ,57,0.6410420225500395,2031
007/028-Cycling-3y-AL-DHAPPQ,58,0.5874151480191019,2031
007/028-Cycling-3y-AL-DHAPPQ,59,0.6928189219037172,2031
007/028-Cycling-3y-AL-DHAPPQ,60,0.5474479376311157,2031
007/028-Cycling-3y-AL-DHAPPQ,61,0.7499752769110904,2031
007/028-Cycling-3y-AL-DHAPPQ,62,0.6717061264442828,2031
007/028-Cycling-3y-AL-DHAPPQ,63,0.5788345408893899,2031
007/028-Cycling-3y-AL-DHAPPQ,64,0.723409562981494,2031
007/028-Cycling-3y-AL-DHAPPQ,65,0.700420084834443,2031
007/028-Cycling-3y-AL-DHAPPQ,66,0.5997402673149513,2031
007/028-Cycling-3y-AL-DHAPPQ,67,0.6266908163731956,2031
007/028-Cycling-3y-AL-DHAPPQ,68,0.705102332159905,2031
007/028-Cycling-3y-AL-DHAPPQ,69,0.6987034314126864,2031
007/028-Cycling-3y-AL-DHAPPQ,70,0.615699516642317,2031
007/028-Cycling-3y-AL-DHAPPQ,71,0.7227840307662353,2031
007/028-Cycling-3y-AL-DHAPPQ,72,0.6287215159414224,2031
007/028-Cycling-3y-AL-DHAPPQ,73,0.544417682883935,2031
007/028-Cycling-3y-AL-DHAPPQ,74,0.563403065910362,2031
007/028-Cycling-3y-AL-DHAPPQ,75,0.6627622663536533,2031
007/028-Cycling-3y-AL-DHAPPQ,76,0.6703056997297289,2031
007/028-Cycling-3y-AL-DHAPPQ,77,0.6206105644598096,2031
007/028-Cycling-3y-AL-DHAPPQ,78,0.5095709872306221,2031
007/028-Cycling-3y-AL-DHAPPQ,79,0.6317460742485161,2031
007/028-Cycling-3y-AL-DHAPPQ,80,0.6326962774902873,2031
007/028-Cycling-3y-AL-DHAPPQ,81,0.5662562618730188,2031
007/028-Cycling-3y-AL-DHAPPQ,82,0.5747847418390434,2031
007/028-Cycling-3y-AL-DHAPPQ,83,0.5680287699063705,2031
007/028-Cycling-3y-AL-DHAPPQ,84,0.6212963094144338,2031
007/028-Cycling-3y-AL-DHAPPQ,85,0.6615268907092735,2031
007/028-Cycling-3y-AL-DHAPPQ,86,0.6553333399174359,2031
007/028-Cycling-3y-AL-DHAPPQ,87,0.6591720155487478,2031
007/028-Cycling-3y-AL-DHAPPQ,88,0.6369656159893112,2031
007/028-Cycling-3y-AL-DHAPPQ,89,0.6854039198556053,2031
007/028-Cycling-3y-AL-DHAPPQ,90,0.6439913435711978,2031
007/028-Cycling-3y-AL-DHAPPQ,91,0.6958182692680701,2031
007/028-Cycling-3y-AL-DHAPPQ,92,0.5972964235020394,2031
007/028-Cycling-3y-AL-DHAPPQ,93,0.5551397543312849,2031
007/028-Cycling-3y-AL-DHAPPQ,94,0.6921614910441622,2031
007/028-Cycling-3y-AL-DHAPPQ,95,0.6477778745753148,2031
007/028-Cycling-3y-AL-DHAPPQ,96,0.7960585129101972,2031
007/028-Cycling-3y-AL-DHAPPQ,97,0.6405755154570966,2031
007/028-Cycling-3y-AL-DHAPPQ,98,0.642437944546513,2031
007/028-Cycling-3y-AL-DHAPPQ,99,0.6136740536261515,2031
007/029-Cycling-3y-ASAQ-AL,0,0.5614538478657368,2031
007/029-Cycling-3y-ASAQ-AL,1,0.6014049626783651,2031
007/029-Cycling-3y-ASAQ-AL,2,0.5011759106193245,2031
007/029-Cycling-3y-ASAQ-AL,3,0.47305962248282607,2031
007/029-Cycling-3y-ASAQ-AL,4,0.5972535771423203,2031
007/029-Cycling-3y-ASAQ-AL,5,0.5160088396527117,2031
007/029-Cycling-3y-ASAQ-AL,6,0.5625608400072822,2031
007/029-Cycling-3y-ASAQ-AL,7,0.6191037575360302,2031
007/029-Cycling-3y-ASAQ-AL,8,0.46592497198127014,2031
007/029-Cycling-3y-ASAQ-AL,9,0.6175336804681207,2031
007/029-Cycling-3y-ASAQ-AL,10,0.6851136961785986,2031
007/029-Cycling-3y-ASAQ-AL,11,0.5560308197540323,2031
007/029-Cycling-3y-ASAQ-AL,12,0.6200039839062067,2031
007/029-Cycling-3y-ASAQ-AL,13,0.5373261398974303,2031
007/029-Cycling-3y-ASAQ-AL,14,0.5817979511182657,2031
007/029-Cycling-3y-ASAQ-AL,15,0.47267601323573233,2031
007/029-Cycling-3y-ASAQ-AL,16,0.5767062668629909,2031
007/029-Cycling-3y-ASAQ-AL,17,0.5841920120398634,2031
007/029-Cycling-3y-ASAQ-AL,18,0.6263475927110469,2031
007/029-Cycling-3y-ASAQ-AL,19,0.5541206675988545,2031
007/029-Cycling-3y-ASAQ-AL,20,0.5979349453374702,2031
007/029-Cycling-3y-ASAQ-AL,21,0.5180018053082078,2031
007/029-Cycling-3y-ASAQ-AL,22,0.6814568085829175,2031
007/029-Cycling-3y-ASAQ-AL,23,0.5585094159897126,2031
007/029-Cycling-3y-ASAQ-AL,24,0.6427980241131827,2031
007/029-Cycling-3y-ASAQ-AL,25,0.7151492217165317,2031
007/029-Cycling-3y-ASAQ-AL,26,0.4892719585351554,2031
007/029-Cycling-3y-ASAQ-AL,27,0.46569593660379954,2031
007/029-Cycling-3y-ASAQ-AL,28,0.5267454208270738,2031
007/029-Cycling-3y-ASAQ-AL,29,0.6137777601213511,2031
007/029-Cycling-3y-ASAQ-AL,30,0.6660238604774948,2031
007/029-Cycling-3y-ASAQ-AL,31,0.5200916768803998,2031
007/029-Cycling-3y-ASAQ-AL,32,0.6945961826364441,2031
007/029-Cycling-3y-ASAQ-AL,33,0.6468302032333177,2031
007/029-Cycling-3y-ASAQ-AL,34,0.5512722825685702,2031
007/029-Cycling-3y-ASAQ-AL,35,0.6717042731568698,2031
007/029-Cycling-3y-ASAQ-AL,36,0.4752021278485732,2031
007/029-Cycling-3y-ASAQ-AL,37,0.5563897473040992,2031
007/029-Cycling-3y-ASAQ-AL,38,0.6021664331464801,2031
007/029-Cycling-3y-ASAQ-AL,39,0.45376937851083515,2031
007/029-Cycling-3y-ASAQ-AL,40,0.5485975355874607,2031
007/029-Cycling-3y-ASAQ-AL,41,0.5256689506204059,2031
007/029-Cycling-3y-ASAQ-AL,42,0.6824216524089352,2031
007/029-Cycling-3y-ASAQ-AL,43,0.5309660161749599,2031
007/029-Cycling-3y-ASAQ-AL,44,0.632282763937397,2031
007/029-Cycling-3y-ASAQ-AL,45,0.4985145087439558,2031
007/029-Cycling-3y-ASAQ-AL,46,0.5865289469262295,2031
007/029-Cycling-3y-ASAQ-AL,47,0.6031731248637918,2031
007/029-Cycling-3y-ASAQ-AL,48,0.5558099423868893,2031
007/029-Cycling-3y-ASAQ-AL,49,0.49832265284368843,2031
007/029-Cycling-3y-ASAQ-AL,50,0.5154058293829861,2031
007/029-Cycling-3y-ASAQ-AL,51,0.5520419689742013,2031
007/029-Cycling-3y-ASAQ-AL,52,0.5115941394900697,2031
007/029-Cycling-3y-ASAQ-AL,53,0.6631771906804131,2031
007/029-Cycling-3y-ASAQ-AL,54,0.7039106029985835,2031
007/029-Cycling-3y-ASAQ-AL,55,0.4089306162484276,2031
007/029-Cycling-3y-ASAQ-AL,56,0.5465795760789212,2031
007/029-Cycling-3y-ASAQ-AL,57,0.49750997731058516,2031
007/029-Cycling-3y-ASAQ-AL,58,0.5417378572404602,2031
007/029-Cycling-3y-ASAQ-AL,59,0.6336330143296097,2031
007/029-Cycling-3y-ASAQ-AL,60,0.4656319534480282,2031
007/029-Cycling-3y-ASAQ-AL,61,0.5498386174900264,2031
007/029-Cycling-3y-ASAQ-AL,62,0.5644960488347207,2031
007/029-Cycling-3y-ASAQ-AL,63,0.5838498658711325,2031
007/029-Cycling-3y-ASAQ-AL,64,0.5567888125660594,2031
007/029-Cycling-3y-ASAQ-AL,65,0.6028537681270688,2031
007/029-Cycling-3y-ASAQ-AL,66,0.5494778867849723,2031
007/029-Cycling-3y-ASAQ-AL,67,0.7246554389592984,2031
007/029-Cycling-3y-ASAQ-AL,68,0.5584476903391576,2031
007/029-Cycling-3y-ASAQ-AL,69,0.6233792953057707,2031
007/029-Cycling-3y-ASAQ-AL,70,0.5317355794143875,2031
007/029-Cycling-3y-ASAQ-AL,71,0.5819748246996618,2031
007/029-Cycling-3y-ASAQ-AL,72,0.5919110325012664,2031
007/029-Cycling-3y-ASAQ-AL,73,0.6005037928166143,2031
007/029-Cycling-3y-ASAQ-AL,74,0.5583925624107219,2031
007/029-Cycling-3y-ASAQ-AL,75,0.45628136879567277,2031
007/029-Cycling-3y-ASAQ-AL,76,0.6262676492555586,2031
007/029-Cycling-3y-ASAQ-AL,77,0.5746301808972732,2031
007/029-Cycling-3y-ASAQ-AL,78,0.5569942806624243,2031
007/029-Cycling-3y-ASAQ-AL,79,0.5275988686973613,2031
007/029-Cycling-3y-ASAQ-AL,80,0.4787151973445498,2031
007/029-Cycling-3y-ASAQ-AL,81,0.4485802147382179,2031
007/029-Cycling-3y-ASAQ-AL,82,0.5708888708529046,2031
007/029-Cycling-3y-ASAQ-AL,83,0.4485162567083738,2031
007/029-Cycling-3y-ASAQ-AL,84,0.5724386478027776,2031
007/029-Cycling-3y-ASAQ-AL,85,0.5860005276930911,2031
007/029-Cycling-3y-ASAQ-AL,86,0.590033259538081,2031
007/029-Cycling-3y-ASAQ-AL,87,0.49736752357658,2031
007/029-Cycling-3y-ASAQ-AL,88,0.5294574755065254,2031
007/029-Cycling-3y-ASAQ-AL,89,0.5103411263712957,2031
007/029-Cycling-3y-ASAQ-AL,90,0.6027117305878106,2031
007/029-Cycling-3y-ASAQ-AL,91,0.5547380382535405,2031
007/029-Cycling-3y-ASAQ-AL,92,0.43963796694800544,2031
007/029-Cycling-3y-ASAQ-AL,93,0.6360162334412746,2031
007/029-Cycling-3y-ASAQ-AL,94,0.5715073858180255,2031
007/029-Cycling-3y-ASAQ-AL,95,0.7014932409316099,2031
007/029-Cycling-3y-ASAQ-AL,96,0.5123804295281831,2031
007/029-Cycling-3y-ASAQ-AL,97,0.6591837094438917,2031
007/029-Cycling-3y-ASAQ-AL,98,0.5845334419757705,2031
007/029-Cycling-3y-ASAQ-AL,99,0.5310102978063554,2031
007/030-Cycling-3y-ASAQ-DHAPPQ,0,0.4520617577404409,2031
007/030-Cycling-3y-ASAQ-DHAPPQ,1,0.48260976280529766,2031
007/030-Cycling-3y-ASAQ-DHAPPQ,2,0.4330646633225978,2031
007/030-Cycling-3y-ASAQ-DHAPPQ,3,0.4771773809990125,2031
007/030-Cycling-3y-ASAQ-DHAPPQ,4,0.4314877729955983,2031
007/030-Cycling-3y-ASAQ-DHAPPQ,5,0.49836213979402166,2031
007/030-Cycling-3y-ASAQ-DHAPPQ,6,0.5303162603969079,2031
007/030-Cycling-3y-ASAQ-DHAPPQ,7,0.40588157821291043,2031
007/030-Cycling-3y-ASAQ-DHAPPQ,8,0.4832080662453206,2031
007/030-Cycling-3y-ASAQ-DHAPPQ,9,0.4783155610294951,2031
007/030-Cycling-3y-ASAQ-DHAPPQ,10,0.41379643332674615,2031
007/030-Cycling-3y-ASAQ-DHAPPQ,11,0.46948407757009053,2031
007/030-Cycling-3y-ASAQ-DHAPPQ,12,0.4036161085924564,2031
007/030-Cycling-3y-ASAQ-DHAPPQ,13,0.5308825533458873,2031
007/030-Cycling-3y-ASAQ-DHAPPQ,14,0.48446573363527173,2031
007/030-Cycling-3y-ASAQ-DHAPPQ,15,0.4759662689779301,2031
007/030-Cycling-3y-ASAQ-DHAPPQ,16,0.44762396247639386,2031
007/030-Cycling-3y-ASAQ-DHAPPQ,17,0.4488536447734697,2031
007/030-Cycling-3y-ASAQ-DHAPPQ,18,0.38347200648543206,2031
007/030-Cycling-3y-ASAQ-DHAPPQ,19,0.4552366545405551,2031
007/030-Cycling-3y-ASAQ-DHAPPQ,20,0.37279759329786444,2031
007/030-Cycling-3y-ASAQ-DHAPPQ,21,0.546329036554524,2031
007/030-Cycling-3y-ASAQ-DHAPPQ,22,0.4624456596837903,2031
007/030-Cycling-3y-ASAQ-DHAPPQ,23,0.46449205045231867,2031
007/030-Cycling-3y-ASAQ-DHAPPQ,24,0.5748749439545481,2031
007/030-Cycling-3y-ASAQ-DHAPPQ,25,0.5205826440805795,2031
007/030-Cycling-3y-ASAQ-DHAPPQ,26,0.40184994904642074,2031
007/030-Cycling-3y-ASAQ-DHAPPQ,27,0.4787277164715225,2031
007/030-Cycling-3y-ASAQ-DHAPPQ,28,0.4334430103796418,2031
007/030-Cycling-3y-ASAQ-DHAPPQ,29,0.44777561254189685,2031
007/030-Cycling-3y-ASAQ-DHAPPQ,30,0.4523966463736147,2031
007/030-Cycling-3y-ASAQ-DHAPPQ,31,0.432491944549352,2031
007/030-Cycling-3y-ASAQ-DHAPPQ,32,0.39202254521417834,2031
007/030-Cycling-3y-ASAQ-DHAPPQ,33,0.42745676842560326,2031
007/030-Cycling-3y-ASAQ-DHAPPQ,34,0.43077948217462064,2031
007/030-Cycling-3y-ASAQ-DHAPPQ,35,0.38409424080551585,2031
007/030-Cycling-3y-ASAQ-DHAPPQ,36,0.4400883351592586,2031
007/030-Cycling-3y-ASAQ-DHAPPQ,37,0.5369668419221773,2031
007/030-Cycling-3y-ASAQ-DHAPPQ,38,0.43246544299653183,2031
007/030-Cycling-3y-ASAQ-DHAPPQ,39,0.4879478550363811,2031
007/030-Cycling-3y-ASAQ-DHAPPQ,40,0.5425368846213572,2031
007/030-Cycling-3y-ASAQ-DHAPPQ,41,0.49580039465932974,2031
007/030-Cycling-3y-ASAQ-DHAPPQ,42,0.5148069596031905,2031
007/030-Cycling-3y-ASAQ-DHAPPQ,43,0.49568965935035725,2031
007/030-Cycling-3y-ASAQ-DHAPPQ,44,0.4386156162965878,2031
007/030-Cycling-3y-ASAQ-DHAPPQ,45,0.42358004569749474,2031
007/030-Cycling-3y-ASAQ-DHAPPQ,46,0.5093182503292971,2031
007/030-Cycling-3y-ASAQ-DHAPPQ,47,0.5005726510796159,2031
007/030-Cycling-3y-ASAQ-DHAPPQ,48,0.5004685257689782,2031
007/030-Cycling-3y-ASAQ-DHAPPQ,49,0.4550554918225213,2031
007/030-Cycling-3y-ASAQ-DHAPPQ,50,0.5435804687928735,2031
007/030-Cycling-3y-ASAQ-DHAPPQ,51,0.41095208740159955,2031
007/030-Cycling-3y-ASAQ-DHAPPQ,52,0.37939125173813903,2031
007/030-Cycling-3y-ASAQ-DHAPPQ,53,0.43194419206393464,2031
007/030-Cycling-3y-ASAQ-DHAPPQ,54,0.533052782713246,2031
007/030-Cycling-3y-ASAQ-DHAPPQ,55,0.4525813338605464,2031
007/030-Cycling-3y-ASAQ-DHAPPQ,56,0.5407714282090902,2031
007/030-Cycling-3y-ASAQ-DHAPPQ,57,0.4924556433382417,2031
007/030-Cycling-3y-ASAQ-DHAPPQ,58,0.44289947308469385,2031
007/030-Cycling-3y-ASAQ-DHAPPQ,59,0.4277351197339572,2031
007/030-Cycling-3y-ASAQ-DHAPPQ,60,0.46098758625325703,2031
007/030-Cycling-3y-ASAQ-DHAPPQ,61,0.4134735306766153,2031
007/030-Cycling-3y-ASAQ-DHAPPQ,62,0.5725043124442672,2031
007/030-Cycling-3y-ASAQ-DHAPPQ,63,0.4266800740558567,2031
007/030-Cycling-3y-ASAQ-DHAPPQ,64,0.46528588268005255,2031
007/030-Cycling-3y-ASAQ-DHAPPQ,65,0.4700208936709187,2031
007/030-Cycling-3y-ASAQ-DHAPPQ,66,0.4828741480197018,2031
007/030-Cycling-3y-ASAQ-DHAPPQ,67,0.5452223824490822,2031
007/030-Cycling-3y-ASAQ-DHAPPQ,68,0.39695151390960565,2031
007/030-Cycling-3y-ASAQ-DHAPPQ,69,0.44063489056181676,2031
007/030-Cycling-3y-ASAQ-DHAPPQ,70,0.516496208493243,2031
007/030-Cycling-3y-ASAQ-DHAPPQ,71,0.4087306546934777,2031
007/030-Cycling-3y-ASAQ-DHAPPQ,72,0.4770191390601317,2031
007/030-Cycling-3y-ASAQ-DHAPPQ,73,0.4491087473410169,2031
007/030-Cycling-3y-ASAQ-DHAPPQ,74,0.44166978284661296,2031
007/030-Cycling-3y-ASAQ-DHAPPQ,75,0.420377314361372,2031
007/030-Cycling-3y-ASAQ-DHAPPQ,76,0.49437390103677775,2031
007/030-Cycling-3y-ASAQ-DHAPPQ,77,0.5011460855580432,2031
007/030-Cycling-3y-ASAQ-DHAPPQ,78,0.41775120908847874,2031
007/030-Cycling-3y-ASAQ-DHAPPQ,79,0.3604499440892437,2031
007/030-Cycling-3y-ASAQ-DHAPPQ,80,0.4571715541931518,2031
007/030-Cycling-3y-ASAQ-DHAPPQ,81,0.44922238497599576,2031
007/030-Cycling-3y-ASAQ-DHAPPQ,82,0.526678710680227,2031
007/030-Cycling-3y-ASAQ-DHAPPQ,83,0.39902251594225285,2031
007/030-Cycling-3y-ASAQ-DHAPPQ,84,0.44059397543888185,2031
007/030-Cycling-3y-ASAQ-DHAPPQ,85,0.5347203348601649,2031
007/030-Cycling-3y-ASAQ-DHAPPQ,86,0.5220775261796713,2031
007/030-Cycling-3y-ASAQ-DHAPPQ,87,0.49574762169995173,2031
007/030-Cycling-3y-ASAQ-DHAPPQ,88,0.3582929143167741,2031
007/030-Cycling-3y-ASAQ-DHAPPQ,89,0.4611849062767186,2031
007/030-Cycling-3y-ASAQ-DHAPPQ,90,0.45524827993075695,2031
007/030-Cycling-3y-ASAQ-DHAPPQ,91,0.4502962501900987,2031
007/030-Cycling-3y-ASAQ-DHAPPQ,92,0.47204186725858904,2031
007/030-Cycling-3y-ASAQ-DHAPPQ,93,0.5041171919081017,2031
007/030-Cycling-3y-ASAQ-DHAPPQ,94,0.4698875269288521,2031
007/030-Cycling-3y-ASAQ-DHAPPQ,95,0.5346551289698248,2031
007/030-Cycling-3y-ASAQ-DHAPPQ,96,0.4873563725564769,2031
007/030-Cycling-3y-ASAQ-DHAPPQ,97,0.42853189794345714,2031
007/030-Cycling-3y-ASAQ-DHAPPQ,98,0.4990333713168115,2031
007/030-Cycling-3y-ASAQ-DHAPPQ,99,0.4287090331910719,2031
007/031-Cycling-3y-DHAPPQ-AL,0,0.5383773479203072,2031
007/031-Cycling-3y-DHAPPQ-AL,1,0.6038831431678661,2031
007/031-Cycling-3y-DHAPPQ-AL,2,0.5956134198359554,2031
007/031-Cycling-3y-DHAPPQ-AL,3,0.6171063614512168,2031
007/031-Cycling-3y-DHAPPQ-AL,4,0.5535988892835813,2031
007/031-Cycling-3y-DHAPPQ-AL,5,0.8009530675929925,2031
007/031-Cycling-3y-DHAPPQ-AL,6,0.620189896347975,2031
007/031-Cycling-3y-DHAPPQ-AL,7,0.5065929136329216,2031
007/031-Cycling-3y-DHAPPQ-AL,8,0.6779588193631091,2031
007/031-Cycling-3y-DHAPPQ-AL,9,0.6097364669596009,2031
007/031-Cycling-3y-DHAPPQ-AL,10,0.5280283425305025,2031
007/031-Cycling-3y-DHAPPQ-AL,11,0.6667701751382423,2031
007/031-Cycling-3y-DHAPPQ-AL,12,0.5808980089688704,2031
007/031-Cycling-3y-DHAPPQ-AL,13,0.5790373764770774,2031
007/031-Cycling-3y-DHAPPQ-AL,14,0.6842628804232609,2031
007/031-Cycling-3y-DHAPPQ-AL,15,0.6549157888699602,2031
007/031-Cycling-3y-DHAPPQ-AL,16,0.6525502392950685,2031
007/031-Cycling-3y-DHAPPQ-AL,17,0.6876363230651984,2031
007/031-Cycling-3y-DHAPPQ-AL,18,0.6142811552415913,2031
007/031-Cycling-3y-DHAPPQ-AL,19,0.7333829473311813,2031
007/031-Cycling-3y-DHAPPQ-AL,20,0.7472650891103861,2031
007/031-Cycling-3y-DHAPPQ-AL,21,0.5759860060176317,2031
007/031-Cycling-3y-DHAPPQ-AL,22,0.6066086646369483,2031
007/031-Cycling-3y-DHAPPQ-AL,23,0.6323812791434205,2031
007/031-Cycling-3y-DHAPPQ-AL,24,0.7439684202670237,2031
007/031-Cycling-3y-DHAPPQ-AL,25,0.6413880167944936,2031
007/031-Cycling-3y-DHAPPQ-AL,26,0.6681039658023015,2031
007/031-Cycling-3y-DHAPPQ-AL,27,0.5147908143924911,2031
007/031-Cycling-3y-DHAPPQ-AL,28,0.543597612095258,2031
007/031-Cycling-3y-DHAPPQ-AL,29,0.7012728083121935,2031
007/031-Cycling-3y-DHAPPQ-AL,30,0.5526600957059941,2031
007/031-Cycling-3y-DHAPPQ-AL,31,0.577949034025072,2031
007/031-Cycling-3y-DHAPPQ-AL,32,0.7166779214397074,2031
007/031-Cycling-3y-DHAPPQ-AL,33,0.5935173484233123,2031
007/031-Cycling-3y-DHAPPQ-AL,34,0.5667107295871849,2031
007/031-Cycling-3y-DHAPPQ-AL,35,0.6386336703731396,2031
007/031-Cycling-3y-DHAPPQ-AL,36,0.635344434696052,2031
007/031-Cycling-3y-DHAPPQ-AL,37,0.7373872371238885,2031
007/031-Cycling-3y-DHAPPQ-AL,38,0.5449793673217241,2031
007/031-Cycling-3y-DHAPPQ-AL,39,0.6370173966514463,2031
007/031-Cycling-3y-DHAPPQ-AL,40,0.7414451665083704,2031
007/031-Cycling-3y-DHAPPQ-AL,41,0.7307229177703071,2031
007/031-Cycling-3y-DHAPPQ-AL,42,0.6445281965204849,2031
007/031-Cycling-3y-DHAPPQ-AL,43,0.6245767028782961,2031
007/031-Cycling-3y-DHAPPQ-AL,44,0.6225832845342141,2031
007/031-Cycling-3y-DHAPPQ-AL,45,0.6932508668937407,2031
007/031-Cycling-3y-DHAPPQ-AL,46,0.6198976573990386,2031
007/031-Cycling-3y-DHAPPQ-AL,47,0.6973833641182868,2031
007/031-Cycling-3y-DHAPPQ-AL,48,0.6429746585960047,2031
007/031-Cycling-3y-DHAPPQ-AL,49,0.5725809099383645,2031
007/031-Cycling-3y-DHAPPQ-AL,50,0.6296338885472371,2031
007/031-Cycling-3y-DHAPPQ-AL,51,0.601805332665235,2031
007/031-Cycling-3y-DHAPPQ-AL,52,0.6794451312270522,2031
007/031-Cycling-3y-DHAPPQ-AL,53,0.7100879973383991,2031
007/031-Cycling-3y-DHAPPQ-AL,54,0.5789651801173428,2031
007/031-Cycling-3y-DHAPPQ-AL,55,0.5812374184121956,2031
007/031-Cycling-3y-DHAPPQ-AL,56,0.7030130544921366,2031
007/031-Cycling-3y-DHAPPQ-AL,57,0.5355404658005053,2031
007/031-Cycling-3y-DHAPPQ-AL,58,0.6437590324713872,2031
007/031-Cycling-3y-DHAPPQ-AL,59,0.679613949872126,2031
007/031-Cycling-3y-DHAPPQ-AL,60,0.6729836528413516,2031
007/031-Cycling-3y-DHAPPQ-AL,61,0.5465346643626448,2031
007/031-Cycling-3y-DHAPPQ-AL,62,0.6554627997730065,2031
007/031-Cycling-3y-DHAPPQ-AL,63,0.6408811942931085,2031
007/031-Cycling-3y-DHAPPQ-AL,64,0.6531457566752199,2031
007/031-Cycling-3y-DHAPPQ-AL,65,0.6530402421190417,2031
007/031-Cycling-3y-DHAPPQ-AL,66,0.5531668562376183,2031
007/031-Cycling-3y-DHAPPQ-AL,67,0.6501177054815052,2031
007/031-Cycling-3y-DHAPPQ-AL,68,0.6553642514826667,2031
007/031-Cycling-3y-DHAPPQ-AL,69,0.6584113183420724,2031
007/031-Cycling-3y-DHAPPQ-AL,70,0.6047617991346509,2031
007/031-Cycling-3y-DHAPPQ-AL,71,0.6191487824452996,2031
007/031-Cycling-3y-DHAPPQ-AL,72,0.7023656856896396,2031
007/031-Cycling-3y-DHAPPQ-AL,73,0.6749372416632152,2031
007/031-Cycling-3y-DHAPPQ-AL,74,0.8368304665068874,2031
007/031-Cycling-3y-DHAPPQ-AL,75,0.6712562897584466,2031
007/031-Cycling-3y-DHAPPQ-AL,76,0.552716639766917,2031
007/031-Cycling-3y-DHAPPQ-AL,77,0.5877356996378459,2031
007/031-Cycling-3y-DHAPPQ-AL,78,0.5961826443056185,2031
007/031-Cycling-3y-DHAPPQ-AL,79,0.6147827650049509,2031
007/031-Cycling-3y-DHAPPQ-AL,80,0.6832313759704639,2031
007/031-Cycling-3y-DHAPPQ-AL,81,0.730940637797726,2031
007/031-Cycling-3y-DHAPPQ-AL,82,0.652368262421099,2031
007/031-Cycling-3y-DHAPPQ-AL,83,0.7047006925853005,2031
007/031-Cycling-3y-DHAPPQ-AL,84,0.5936412667463155,2031
007/031-Cycling-3y-DHAPPQ-AL,85,0.6373355398738072,2031
007/031-Cycling-3y-DHAPPQ-AL,86,0.6330341168542326,2031
007/031-Cycling-3y-DHAPPQ-AL,87,0.6514127635614516,2031
007/031-Cycling-3y-DHAPPQ-AL,88,0.6173790329918196,2031
007/031-Cycling-3y-DHAPPQ-AL,89,0.5539536603580303,2031
007/031-Cycling-3y-DHAPPQ-AL,90,0.6974487752480077,2031
007/031-Cycling-3y-DHAPPQ-AL,91,0.6075006841796705,2031
007/031-Cycling-3y-DHAPPQ-AL,92,0.668495780770829,2031
007/031-Cycling-3y-DHAPPQ-AL,93,0.5527598359456826,2031
007/031-Cycling-3y-DHAPPQ-AL,94,0.6698716954187196,2031
007/031-Cycling-3y-DHAPPQ-AL,95,0.6257656728641797,2031
007/031-Cycling-3y-DHAPPQ-AL,96,0.6661826376962073,2031
007/031-Cycling-3y-DHAPPQ-AL,97,0.6066757354503095,2031
007/031-Cycling-3y-DHAPPQ-AL,98,0.5784166566002553,2031
007/031-Cycling-3y-DHAPPQ-AL,99,0.6677883678821669,2031
007/032-Cycling-3y-DHAPPQ-ASAQ,0,0.39010417681548765,2031
007/032-Cycling-3y-DHAPPQ-ASAQ,1,0.4662475335079029,2031
007/032-Cycling-3y-DHAPPQ-ASAQ,2,0.4306122428205645,2031
007/032-Cycling-3y-DHAPPQ-ASAQ,3,0.4802038788103587,2031
007/032-Cycling-3y-DHAPPQ-ASAQ,4,0.41719952634004914,2031
007/032-Cycling-3y-DHAPPQ-ASAQ,5,0.45738444837638453,2031
007/032-Cycling-3y-DHAPPQ-ASAQ,6,0.46093004257657477,2031
007/032-Cycling-3y-DHAPPQ-ASAQ,7,0.4201872934372251,2031
007/032-Cycling-3y-DHAPPQ-ASAQ,8,0.3898219146556492,2031
007/032-Cycling-3y-DHAPPQ-ASAQ,9,0.40555323893247913,2031
007/032-Cycling-3y-DHAPPQ-ASAQ,10,0.3620889399640821,2031
007/032-Cycling-3y-DHAPPQ-ASAQ,11,0.4594407889573689,2031
007/032-Cycling-3y-DHAPPQ-ASAQ,12,0.4753009561563739,2031
007/032-Cycling-3y-DHAPPQ-ASAQ,13,0.5339150126269306,2031
007/032-Cycling-3y-DHAPPQ-ASAQ,14,0.43962207597770764,2031
007/032-Cycling-3y-DHAPPQ-ASAQ,15,0.4607053067669766,2031
007/032-Cycling-3y-DHAPPQ-ASAQ,16,0.46015374759359867,2031
007/032-Cycling-3y-DHAPPQ-ASAQ,17,0.4286944655495201,2031
007/032-Cycling-3y-DHAPPQ-ASAQ,18,0.47576979490571975,2031
007/032-Cycling-3y-DHAPPQ-ASAQ,19,0.4273294380227073,2031
007/032-Cycling-3y-DHAPPQ-ASAQ,20,0.5028142035420009,2031
007/032-Cycling-3y-DHAPPQ-ASAQ,21,0.489175723757085,2031
007/032-Cycling-3y-DHAPPQ-ASAQ,22,0.4944832605105131,2031
007/032-Cycling-3y-DHAPPQ-ASAQ,23,0.5119400315908613,2031
007/032-Cycling-3y-DHAPPQ-ASAQ,24,0.41025664519610433,2031
007/032-Cycling-3y-DHAPPQ-ASAQ,25,0.45581536561254016,2031
007/032-Cycling-3y-DHAPPQ-ASAQ,26,0.4955923057231659,2031
007/032-Cycling-3y-DHAPPQ-ASAQ,27,0.37429950394398254,2031
007/032-Cycling-3y-DHAPPQ-ASAQ,28,0.411804487785756,2031
007/032-Cycling-3y-DHAPPQ-ASAQ,29,0.4217559477520989,2031
007/032-Cycling-3y-DHAPPQ-ASAQ,30,0.490404325069399,2031
007/032-Cycling-3y-DHAPPQ-ASAQ,31,0.5036466198846138,2031
007/032-Cycling-3y-DHAPPQ-ASAQ,32,0.47756191715503077,2031
007/032-Cycling-3y-DHAPPQ-ASAQ,33,0.4404798773339551,2031
007/032-Cycling-3y-DHAPPQ-ASAQ,34,0.4310294934783811,2031
007/032-Cycling-3y-DHAPPQ-ASAQ,35,0.5185750485550231,2031
007/032-Cycling-3y-DHAPPQ-ASAQ,36,0.4642292394674798,2031
007/032-Cycling-3y-DHAPPQ-ASAQ,37,0.5141046777845062,2031
007/032-Cycling-3y-DHAPPQ-ASAQ,38,0.5053448007257605,2031
007/032-Cycling-3y-DHAPPQ-ASAQ,39,0.3790869309437997,2031
007/032-Cycling-3y-DHAPPQ-ASAQ,40,0.4013180991452084,2031
007/032-Cycling-3y-DHAPPQ-ASAQ,41,0.4885005110804075,2031
007/032-Cycling-3y-DHAPPQ-ASAQ,42,0.44441178346941457,2031
007/032-Cycling-3y-DHAPPQ-ASAQ,43,0.3241026594281578,2031
007/032-Cycling-3y-DHAPPQ-ASAQ,44,0.4777129299414689,2031
007/032-Cycling-3y-DHAPPQ-ASAQ,45,0.44611456715367986,2031
007/032-Cycling-3y-DHAPPQ-ASAQ,46,0.42548568939751114,2031
007/032-Cycling-3y-DHAPPQ-ASAQ,47,0.47351308482650883,2031
007/032-Cycling-3y-DHAPPQ-ASAQ,48,0.5313389946232591,2031
007/032-Cycling-3y-DHAPPQ-ASAQ,49,0.3805488957776772,2031
007/032-Cycling-3y-DHAPPQ-ASAQ,50,0.45164697902170264,2031
007/032-Cycling-3y-DHAPPQ-ASAQ,51,0.4874696317662157,2031
007/032-Cycling-3y-DHAPPQ-ASAQ,52,0.35258663938089124,2031
007/032-Cycling-3y-DHAPPQ-ASAQ,53,0.4894654887004535,2031
007/032-Cycling-3y-DHAPPQ-ASAQ,54,0.40243432647597466,2031
007/032-Cycling-3y-DHAPPQ-ASAQ,55,0.44581457838315597,2031
007/032-Cycling-3y-DHAPPQ-ASAQ,56,0.3698296267456969,2031
007/032-Cycling-3y-DHAPPQ-ASAQ,57,0.4192148326514121,2031
007/032-Cycling-3y-DHAPPQ-ASAQ,58,0.3165348392260194,2031
007/032-Cycling-3y-DHAPPQ-ASAQ,59,0.44064769547499555,2031
007/032-Cycling-3y-DHAPPQ-ASAQ,60,0.5006737153930847,2031
007/032-Cycling-3y-DHAPPQ-ASAQ,61,0.4492324690885952,2031
007/032-Cycling-3y-DHAPPQ-ASAQ,62,0.4505680728923485,2031
007/032-Cycling-3y-DHAPPQ-ASAQ,63,0.43138296906945683,2031
007/032-Cycling-3y-DHAPPQ-ASAQ,64,0.4694789581866105,2031
007/032-Cycling-3y-DHAPPQ-ASAQ,65,0.46792570990571897,2031
007/032-Cycling-3y-DHAPPQ-ASAQ,66,0.47518873587773447,2031
007/032-Cycling-3y-DHAPPQ-ASAQ,67,0.41361894135927274,2031
007/032-Cycling-3y-DHAPPQ-ASAQ,68,0.4662789024968887,2031
007/032-Cycling-3y-DHAPPQ-ASAQ,69,0.5290497141305293,2031
007/032-Cycling-3y-DHAPPQ-ASAQ,70,0.3150319434691496,2031
007/032-Cycling-3y-DHAPPQ-ASAQ,71,0.3891001323709891,2031
007/032-Cycling-3y-DHAPPQ-ASAQ,72,0.5161926038013659,2031
007/032-Cycling-3y-DHAPPQ-ASAQ,73,0.48820049279817584,2031
007/032-Cycling-3y-DHAPPQ-ASAQ,74,0.43840605867617405,2031
007/032-Cycling-3y-DHAPPQ-ASAQ,75,0.4368812807316458,2031
007/032-Cycling-3y-DHAPPQ-ASAQ,76,0.535122925174743,2031
007/032-Cycling-3y-DHAPPQ-ASAQ,77,0.34183780299798633,2031
007/032-Cycling-3y-DHAPPQ-ASAQ,78,0.40961802156282584,2031
007/032-Cycling-3y-DHAPPQ-ASAQ,79,0.43590349075075036,2031
007/032-Cycling-3y-DHAPPQ-ASAQ,80,0.4507231813674588,2031
007/032-Cycling-3y-DHAPPQ-ASAQ,81,0.4461707994674344,2031
007/032-Cycling-3y-DHAPPQ-ASAQ,82,0.4022305246190765,2031
007/032-Cycling-3y-DHAPPQ-ASAQ,83,0.5433813943402587,2031
007/032-Cycling-3y-DHAPPQ-ASAQ,84,0.4129305857002054,2031
007/032-Cycling-3y-DHAPPQ-ASAQ,85,0.45891100382904226,2031
007/032-Cycling-3y-DHAPPQ-ASAQ,86,0.34521294107403433,2031
007/032-Cycling-3y-DHAPPQ-ASAQ,87,0.483672256623854,2031
007/032-Cycling-3y-DHAPPQ-ASAQ,88,0.46953112953209986,2031
007/032-Cycling-3y-DHAPPQ-ASAQ,89,0.4570269573239632,2031
007/032-Cycling-3y-DHAPPQ-ASAQ,90,0.4125779675137222,2031
007/032-Cycling-3y-DHAPPQ-ASAQ,91,0.41049484487136323,2031
007/032-Cycling-3y-DHAPPQ-ASAQ,92,0.3974537445099937,2031
007/032-Cycling-3y-DHAPPQ-ASAQ,93,0.43129328786357557,2031
007/032-Cycling-3y-DHAPPQ-ASAQ,94,0.3456710093059255,2031
007/032-Cycling-3y-DHAPPQ-ASAQ,95,0.4057884400476835,2031
007/032-Cycling-3y-DHAPPQ-ASAQ,96,0.4388745394661677,2031
007/032-Cycling-3y-DHAPPQ-ASAQ,97,0.40754695724288853,2031
007/032-Cycling-3y-DHAPPQ-ASAQ,98,0.4976823663235024,2031
007/032-Cycling-3y-DHAPPQ-ASAQ,99,0.44561628483638643,2031
007/033-Cycling-3y-AL-ASAQ-DHAPPQ,0,0.6073251943010328,2031
007/033-Cycling-3y-AL-ASAQ-DHAPPQ,1,0.5308761506236782,2031
007/033-Cycling-3y-AL-ASAQ-DHAPPQ,2,0.6308021611644969,2031
007/033-Cycling-3y-AL-ASAQ-DHAPPQ,3,0.519699419027064,2031
007/033-Cycling-3y-AL-ASAQ-DHAPPQ,4,0.5339831683699806,2031
007/033-Cycling-3y-AL-ASAQ-DHAPPQ,5,0.5450887236438556,2031
007/033-Cycling-3y-AL-ASAQ-DHAPPQ,6,0.5625666725394164,2031
007/033-Cycling-3y-AL-ASAQ-DHAPPQ,7,0.43378330857155634,2031
007/033-Cycling-3y-AL-ASAQ-DHAPPQ,8,0.4666402580059073,2031
007/033-Cycling-3y-AL-ASAQ-DHAPPQ,9,0.43762948872225005,2031
007/033-Cycling-3y-AL-ASAQ-DHAPPQ,10,0.6046260287931479,2031
007/033-Cycling-3y-AL-ASAQ-DHAPPQ,11,0.6204685463359805,2031
007/033-Cycling-3y-AL-ASAQ-DHAPPQ,12,0.5922988921012685,2031
007/033-Cycling-3y-AL-ASAQ-DHAPPQ,13,0.4650656486071443,2031
007/033-Cycling-3y-AL-ASAQ-DHAPPQ,14,0.5558736278309871,2031
007/033-Cycling-3y-AL-ASAQ-DHAPPQ,15,0.5312502797757309,2031
007/033-Cycling-3y-AL-ASAQ-DHAPPQ,16,0.4721290565583936,2031
007/033-Cycling-3y-AL-ASAQ-DHAPPQ,17,0.5417878226055698,2031
007/033-Cycling-3y-AL-ASAQ-DHAPPQ,18,0.4531429062366692,2031
007/033-Cycling-3y-AL-ASAQ-DHAPPQ,19,0.5012204352093211,2031
007/033-Cycling-3y-AL-ASAQ-DHAPPQ,20,0.5204684483122873,2031
007/033-Cycling-3y-AL-ASAQ-DHAPPQ,21,0.5605702906029469,2031
007/033-Cycling-3y-AL-ASAQ-DHAPPQ,22,0.6052462847360564,2031
007/033-Cycling-3y-AL-ASAQ-DHAPPQ,23,0.5094321722035914,2031
007/033-Cycling-3y-AL-ASAQ-DHAPPQ,24,0.5671744949104826,2031
007/033-Cycling-3y-AL-ASAQ-DHAPPQ,25,0.5237490410385464,2031
007/033-Cycling-3y-AL-ASAQ-DHAPPQ,26,0.511667603970268,2031
007/033-Cycling-3y-AL-ASAQ-DHAPPQ,27,0.6116751685547502,2031
007/033-Cycling-3y-AL-ASAQ-DHAPPQ,28,0.5922869841090157,2031
007/033-Cycling-3y-AL-ASAQ-DHAPPQ,29,0.6078140287735734,2031
007/033-Cycling-3y-AL-ASAQ-DHAPPQ,30,0.4510069830833448,2031
007/033-Cycling-3y-AL-ASAQ-DHAPPQ,31,0.5756932202898729,2031
007/033-Cycling-3y-AL-ASAQ-DHAPPQ,32,0.49422984394394415,2031
007/033-Cycling-3y-AL-ASAQ-DHAPPQ,33,0.6333624586887648,2031
007/033-Cycling-3y-AL-ASAQ-DHAPPQ,34,0.7253450558373831,2031
007/033-Cycling-3y-AL-ASAQ-DHAPPQ,35,0.6154222260736592,2031
007/033-Cycling-3y-AL-ASAQ-DHAPPQ,36,0.4608169684245324,2031
007/033-Cycling-3y-AL-ASAQ-DHAPPQ,37,0.6048091869065327,2031
007/033-Cycling-3y-AL-ASAQ-DHAPPQ,38,0.5169798966753939,2031
007/033-Cycling-3y-AL-ASAQ-DHAPPQ,39,0.5078083112338937,2031
007/033-Cycling-3y-AL-ASAQ-DHAPPQ,40,0.47637561629425046,2031
007/033-Cycling-3y-AL-ASAQ-DHAPPQ,41,0.5361421951536041,2031
007/033-Cycling-3y-AL-ASAQ-DHAPPQ,42,0.5603386481717492,2031
007/033-Cycling-3y-AL-ASAQ-DHAPPQ,43,0.6641451805652251,2031
007/033-Cycling-3y-AL-ASAQ-DHAPPQ,44,0.5853968835244784,2031
007/033-Cycling-3y-AL-ASAQ-DHAPPQ,45,0.5304575954600497,2031
007/033-Cycling-3y-AL-ASAQ-DHAPPQ,46,0.5186983088485378,2031
007/033-Cycling-3y-AL-ASAQ-DHAPPQ,47,0.6107501940538034,2031
007/033-Cycling-3y-AL-ASAQ-DHAPPQ,48,0.5572850934747556,2031
007/033-Cycling-3y-AL-ASAQ-DHAPPQ,49,0.7008135800877581,2031
007/033-Cycling-3y-AL-ASAQ-DHAPPQ,50,0.6351615166868277,2031
007/033-Cycling-3y-AL-ASAQ-DHAPPQ,51,0.555617387896464,2031
007/033-Cycling-3y-AL-ASAQ-DHAPPQ,52,0.6604023428479588,2031
007/033-Cycling-3y-AL-ASAQ-DHAPPQ,53,0.5479114834467816,2031
007/033-Cycling-3y-AL-ASAQ-DHAPPQ,54,0.49379980029344744,2031
007/033-Cycling-3y-AL-ASAQ-DHAPPQ,55,0.5003085476263521,2031
007/033-Cycling-3y-AL-ASAQ-DHAPPQ,56,0.5680600841280382,2031
007/033-Cycling-3y-AL-ASAQ-DHAPPQ,57,0.5345141328924164,2031
007/033-Cycling-3y-AL-ASAQ-DHAPPQ,58,0.5589415822963795,2031
007/033-Cycling-3y-AL-ASAQ-DHAPPQ,59,0.6496494942960068,2031
007/033-Cycling-3y-AL-ASAQ-DHAPPQ,60,0.5621880050409356,2031
007/033-Cycling-3y-AL-ASAQ-DHAPPQ,61,0.5711688381340093,2031
007/033-Cycling-3y-AL-ASAQ-DHAPPQ,62,0.517784965584092,2031
007/033-Cycling-3y-AL-ASAQ-DHAPPQ,63,0.5264657308977996,2031
007/033-Cycling-3y-AL-ASAQ-DHAPPQ,64,0.46234737021334654,2031
007/033-Cycling-3y-AL-ASAQ-DHAPPQ,65,0.47750529647263,2031
007/033-Cycling-3y-AL-ASAQ-DHAPPQ,66,0.45385634851059403,2031
007/033-Cycling-3y-AL-ASAQ-DHAPPQ,67,0.6220839195933275,2031
007/033-Cycling-3y-AL-ASAQ-DHAPPQ,68,0.5275715027007394,2031
007/033-Cycling-3y-AL-ASAQ-DHAPPQ,69,0.6206570074663579,2031
007/033-Cycling-3y-AL-ASAQ-DHAPPQ,70,0.4540869449702311,2031
007/033-Cycling-3y-AL-ASAQ-DHAPPQ,71,0.5791574924875255,2031
007/033-Cycling-3y-AL-ASAQ-DHAPPQ,72,0.538297801547812,2031
007/033-Cycling-3y-AL-ASAQ-DHAPPQ,73,0.590463010803316,2031
007/033-Cycling-3y-AL-ASAQ-DHAPPQ,74,0.540115443304155,2031
007/033-Cycling-3y-AL-ASAQ-DHAPPQ,75,0.6147724491144911,2031
007/033-Cycling-3y-AL-ASAQ-DHAPPQ,76,0.5556450163620026,2031
007/033-Cycling-3y-AL-ASAQ-DHAPPQ,77,0.5953552978970459,2031
007/033-Cycling-3y-AL-ASAQ-DHAPPQ,78,0.4595924855261808,2031
007/033-Cycling-3y-AL-ASAQ-DHAPPQ,79,0.4649807595364163,2031
007/033-Cycling-3y-AL-ASAQ-DHAPPQ,80,0.5414003065421013,2031
007/033-Cycling-3y-AL-ASAQ-DHAPPQ,81,0.5344905168764248,2031
007/033-Cycling-3y-AL-ASAQ-DHAPPQ,82,0.5684535483588236,2031
007/033-Cycling-3y-AL-ASAQ-DHAPPQ,83,0.5535072350993127,2031
007/033-Cycling-3y-AL-ASAQ-DHAPPQ,84,0.4494942461371733,2031
007/033-Cycling-3y-AL-ASAQ-DHAPPQ,85,0.5775345077048029,2031
007/033-Cycling-3y-AL-ASAQ-DHAPPQ,86,0.6152223936749704,2031
007/033-Cycling-3y-AL-ASAQ-DHAPPQ,87,0.677323410049941,2031
007/033-Cycling-3y-AL-ASAQ-DHAPPQ,88,0.53230982943171,2031
007/033-Cycling-3y-AL-ASAQ-DHAPPQ,89,0.5428543515747473,2031
007/033-Cycling-3y-AL-ASAQ-DHAPPQ,90,0.583764010371854,2031
007/033-Cycling-3y-AL-ASAQ-DHAPPQ,91,0.48220699025734587,2031
007/033-Cycling-3y-AL-ASAQ-DHAPPQ,92,0.5434997932644626,2031
007/033-Cycling-3y-AL-ASAQ-DHAPPQ,93,0.5816064364513495,2031
007/033-Cycling-3y-AL-ASAQ-DHAPPQ,94,0.5613828426467782,2031
007/033-Cycling-3y-AL-ASAQ-DHAPPQ,95,0.5988374805931752,2031
007/033-Cycling-3y-AL-ASAQ-DHAPPQ,96,0.46996151213760157,2031
007/033-Cycling-3y-AL-ASAQ-DHAPPQ,97,0.5656610387514669,2031
007/033-Cycling-3y-AL-ASAQ-DHAPPQ,98,0.5544662808696764,2031
007/033-Cycling-3y-AL-ASAQ-DHAPPQ,99,0.5780346450586293,2031
007/034-Cycling-3y-AL-DHAPPQ-ASAQ,0,0.6456833634105243,2031
007/034-Cycling-3y-AL-DHAPPQ-ASAQ,1,0.6340882421909241,2031
007/034-Cycling-3y-AL-DHAPPQ-ASAQ,2,0.6269850250491047,2031
007/034-Cycling-3y-AL-DHAPPQ-ASAQ,3,0.5599008161805344,2031
007/034-Cycling-3y-AL-DHAPPQ-ASAQ,4,0.6692111389119374,2031
007/034-Cycling-3y-AL-DHAPPQ-ASAQ,5,0.6489930693643338,2031
007/034-Cycling-3y-AL-DHAPPQ-ASAQ,6,0.6536227107379645,2031
007/034-Cycling-3y-AL-DHAPPQ-ASAQ,7,0.679235840227779,2031
007/034-Cycling-3y-AL-DHAPPQ-ASAQ,8,0.5817761749991922,2031
007/034-Cycling-3y-AL-DHAPPQ-ASAQ,9,0.6236850544680239,2031
007/034-Cycling-3y-AL-DHAPPQ-ASAQ,10,0.5855336324106434,2031
007/034-Cycling-3y-AL-DHAPPQ-ASAQ,11,0.6382831935404635,2031
007/034-Cycling-3y-AL-DHAPPQ-ASAQ,12,0.716245226658934,2031
007/034-Cycling-3y-AL-DHAPPQ-ASAQ,13,0.6430107725946733,2031
007/034-Cycling-3y-AL-DHAPPQ-ASAQ,14,0.6567460016607855,2031
007/034-Cycling-3y-AL-DHAPPQ-ASAQ,15,0.6569084314900098,2031
007/034-Cycling-3y-AL-DHAPPQ-ASAQ,16,0.5545443535738456,2031
007/034-Cycling-3y-AL-DHAPPQ-ASAQ,17,0.6786096169612309,2031
007/034-Cycling-3y-AL-DHAPPQ-ASAQ,18,0.6052282627730516,2031
007/034-Cycling-3y-AL-DHAPPQ-ASAQ,19,0.6476378555362617,2031
007/034-Cycling-3y-AL-DHAPPQ-ASAQ,20,0.7317965737214429,2031
007/034-Cycling-3y-AL-DHAPPQ-ASAQ,21,0.60277382432823,2031
007/034-Cycling-3y-AL-DHAPPQ-ASAQ,22,0.6994751175815631,2031
007/034-Cycling-3y-AL-DHAPPQ-ASAQ,23,0.7321908880596378,2031
007/034-Cycling-3y-AL-DHAPPQ-ASAQ,24,0.6303536155433441,2031
007/034-Cycling-3y-AL-DHAPPQ-ASAQ,25,0.6223791907007931,2031
007/034-Cycling-3y-AL-DHAPPQ-ASAQ,26,0.7109309544475281,2031
007/034-Cycling-3y-AL-DHAPPQ-ASAQ,27,0.5872250383449701,2031
007/034-Cycling-3y-AL-DHAPPQ-ASAQ,28,0.5839535821412013,2031
007/034-Cycling-3y-AL-DHAPPQ-ASAQ,29,0.514555204282103,2031
007/034-Cycling-3y-AL-DHAPPQ-ASAQ,30,0.6476334539713038,2031
007/034-Cycling-3y-AL-DHAPPQ-ASAQ,31,0.7790107553205868,2031
007/034-Cycling-3y-AL-DHAPPQ-ASAQ,32,0.6745685798296693,2031
007/034-Cycling-3y-AL-DHAPPQ-ASAQ,33,0.6572457754055567,2031
007/034-Cycling-3y-AL-DHAPPQ-ASAQ,34,0.6543320334205109,2031
007/034-Cycling-3y-AL-DHAPPQ-ASAQ,35,0.6259758890641257,2031
007/034-Cycling-3y-AL-DHAPPQ-ASAQ,36,0.687173741044622,2031
007/034-Cycling-3y-AL-DHAPPQ-ASAQ,37,0.559771865532665,2031
007/034-Cycling-3y-AL-DHAPPQ-ASAQ,38,0.7238108106589606,2031
007/034-Cycling-3y-AL-DHAPPQ-ASAQ,39,0.6123962395996242,2031
007/034-Cycling-3y-AL-DHAPPQ-ASAQ,40,0.5681297972916257,2031
007/034-Cycling-3y-AL-DHAPPQ-ASAQ,41,0.48543580678568926,2031
007/034-Cycling-3y-AL-DHAPPQ-ASAQ,42,0.6609429895723425,2031
007/034-Cycling-3y-AL-DHAPPQ-ASAQ,43,0.6814610647840311,2031
007/034-Cycling-3y-AL-DHAPPQ-ASAQ,44,0.619476351866776,2031
007/034-Cycling-3y-AL-DHAPPQ-ASAQ,45,0.6953293778658461,2031
007/034-Cycling-3y-AL-DHAPPQ-ASAQ,46,0.6361858834170404,2031
007/034-Cycling-3y-AL-DHAPPQ-ASAQ,47,0.6874870972253619,2031
007/034-Cycling-3y-AL-DHAPPQ-ASAQ,48,0.7197395184995199,2031
007/034-Cycling-3y-AL-DHAPPQ-ASAQ,49,0.5670013907863451,2031
007/034-Cycling-3y-AL-DHAPPQ-ASAQ,50,0.7056071110270689,2031
007/034-Cycling-3y-AL-DHAPPQ-ASAQ,51,0.6511917762879563,2031
007/034-Cycling-3y-AL-DHAPPQ-ASAQ,52,0.5723617905539208,2031
007/034-Cycling-3y-AL-DHAPPQ-ASAQ,53,0.6670754129824946,2031
007/034-Cycling-3y-AL-DHAPPQ-ASAQ,54,0.5920217219272339,2031
007/034-Cycling-3y-AL-DHAPPQ-ASAQ,55,0.6400032475123396,2031
007/034-Cycling-3y-AL-DHAPPQ-ASAQ,56,0.5902433631855918,2031
007/034-Cycling-3y-AL-DHAPPQ-ASAQ,57,0.6215185804127374,2031
007/034-Cycling-3y-AL-DHAPPQ-ASAQ,58,0.5374111377838803,2031
007/034-Cycling-3y-AL-DHAPPQ-ASAQ,59,0.6578690526710116,2031
007/034-Cycling-3y-AL-DHAPPQ-ASAQ,60,0.6625092744031046,2031
007/034-Cycling-3y-AL-DHAPPQ-ASAQ,61,0.6337378955743368,2031
007/034-Cycling-3y-AL-DHAPPQ-ASAQ,62,0.6760127426641281,2031
007/034-Cycling-3y-AL-DHAPPQ-ASAQ,63,0.5855374789588389,2031
007/034-Cycling-3y-AL-DHAPPQ-ASAQ,64,0.7147727892153855,2031
007/034-Cycling-3y-AL-DHAPPQ-ASAQ,65,0.5788573343297708,2031
007/034-Cycling-3y-AL-DHAPPQ-ASAQ,66,0.6843142706481613,2031
007/034-Cycling-3y-AL-DHAPPQ-ASAQ,67,0.681003392141132,2031
007/034-Cycling-3y-AL-DHAPPQ-ASAQ,68,0.5373673655472891,2031
007/034-Cycling-3y-AL-DHAPPQ-ASAQ,69,0.6422678738186126,2031
007/034-Cycling-3y-AL-DHAPPQ-ASAQ,70,0.6534246886953473,2031
007/034-Cycling-3y-AL-DHAPPQ-ASAQ,71,0.642300522501441,2031
007/034-Cycling-3y-AL-DHAPPQ-ASAQ,72,0.5947807636707544,2031
007/034-Cycling-3y-AL-DHAPPQ-ASAQ,73,0.5116122598384464,2031
007/034-Cycling-3y-AL-DHAPPQ-ASAQ,74,0.7085839333623034,2031
007/034-Cycling-3y-AL-DHAPPQ-ASAQ,75,0.6434132484026148,2031
007/034-Cycling-3y-AL-DHAPPQ-ASAQ,76,0.7357960908110419,2031
007/034-Cycling-3y-AL-DHAPPQ-ASAQ,77,0.638984926324688,2031
007/034-Cycling-3y-AL-DHAPPQ-ASAQ,78,0.6488941554967369,2031
007/034-Cycling-3y-AL-DHAPPQ-ASAQ,79,0.7236513892883889,2031
007/034-Cycling-3y-AL-DHAPPQ-ASAQ,80,0.7635862650216142,2031
007/034-Cycling-3y-AL-DHAPPQ-ASAQ,81,0.6045290216636633,2031
007/034-Cycling-3y-AL-DHAPPQ-ASAQ,82,0.6295792814525373,2031
007/034-Cycling-3y-AL-DHAPPQ-ASAQ,83,0.509106154810937,2031
007/034-Cycling-3y-AL-DHAPPQ-ASAQ,84,0.5673332105245449,2031
007/034-Cycling-3y-AL-DHAPPQ-ASAQ,85,0.5707721003709924,2031
007/034-Cycling-3y-AL-DHAPPQ-ASAQ,86,0.5752080516878281,2031
007/034-Cycling-3y-AL-DHAPPQ-ASAQ,87,0.6060587011582071,2031
007/034-Cycling-3y-AL-DHAPPQ-ASAQ,88,0.5414292196019632,2031
007/034-Cycling-3y-AL-DHAPPQ-ASAQ,89,0.629941717692779,2031
007/034-Cycling-3y-AL-DHAPPQ-ASAQ,90,0.5975484600565284,2031
007/034-Cycling-3y-AL-DHAPPQ-ASAQ,91,0.6375388465472097,2031
007/034-Cycling-3y-AL-DHAPPQ-ASAQ,92,0.5843360803763243,2031
007/034-Cycling-3y-AL-DHAPPQ-ASAQ,93,0.4833331749196048,2031
007/034-Cycling-3y-AL-DHAPPQ-ASAQ,94,0.6653503341348245,2031
007/034-Cycling-3y-AL-DHAPPQ-ASAQ,95,0.6822272962636634,2031
007/034-Cycling-3y-AL-DHAPPQ-ASAQ,96,0.6727237100763852,2031
007/034-Cycling-3y-AL-DHAPPQ-ASAQ,97,0.6792272454582206,2031
007/034-Cycling-3y-AL-DHAPPQ-ASAQ,98,0.5649481166967995,2031
007/034-Cycling-3y-AL-DHAPPQ-ASAQ,99,0.6701946246343091,2031
007/035-Cycling-3y-ASAQ-AL-DHAPPQ,0,0.5880653274801421,2031
007/035-Cycling-3y-ASAQ-AL-DHAPPQ,1,0.5266382804267072,2031
007/035-Cycling-3y-ASAQ-AL-DHAPPQ,2,0.5293295627116589,2031
007/035-Cycling-3y-ASAQ-AL-DHAPPQ,3,0.519113961511262,2031
007/035-Cycling-3y-ASAQ-AL-DHAPPQ,4,0.40682055176536674,2031
007/035-Cycling-3y-ASAQ-AL-DHAPPQ,5,0.45935476057883323,2031
007/035-Cycling-3y-ASAQ-AL-DHAPPQ,6,0.4544717200536692,2031
007/035-Cycling-3y-ASAQ-AL-DHAPPQ,7,0.7208471410886464,2031
007/035-Cycling-3y-ASAQ-AL-DHAPPQ,8,0.5730552323140033,2031
007/035-Cycling-3y-ASAQ-AL-DHAPPQ,9,0.5809949189395344,2031
007/035-Cycling-3y-ASAQ-AL-DHAPPQ,10,0.5499397878281803,2031
007/035-Cycling-3y-ASAQ-AL-DHAPPQ,11,0.5132679335712165,2031
007/035-Cycling-3y-ASAQ-AL-DHAPPQ,12,0.5561708108352754,2031
007/035-Cycling-3y-ASAQ-AL-DHAPPQ,13,0.5654646485858051,2031
007/035-Cycling-3y-ASAQ-AL-DHAPPQ,14,0.5739038341251355,2031
007/035-Cycling-3y-ASAQ-AL-DHAPPQ,15,0.4792752513183052,2031
007/035-Cycling-3y-ASAQ-AL-DHAPPQ,16,0.5639148559398331,2031
007/035-Cycling-3y-ASAQ-AL-DHAPPQ,17,0.640945589896751,2031
007/035-Cycling-3y-ASAQ-AL-DHAPPQ,18,0.5952649320560959,2031
007/035-Cycling-3y-ASAQ-AL-DHAPPQ,19,0.5843342345528604,2031
007/035-Cycling-3y-ASAQ-AL-DHAPPQ,20,0.5828534071660859,2031
007/035-Cycling-3y-ASAQ-AL-DHAPPQ,21,0.42870831982155555,2031
007/035-Cycling-3y-ASAQ-AL-DHAPPQ,22,0.4874663645994653,2031
007/035-Cycling-3y-ASAQ-AL-DHAPPQ,23,0.5313810084215614,2031
007/035-Cycling-3y-ASAQ-AL-DHAPPQ,24,0.5255938983698877,2031
007/035-Cycling-3y-ASAQ-AL-DHAPPQ,25,0.6555825279698241,2031
007/035-Cycling-3y-ASAQ-AL-DHAPPQ,26,0.6324876158417524,2031
007/035-Cycling-3y-ASAQ-AL-DHAPPQ,27,0.5621701110351588,2031
007/035-Cycling-3y-ASAQ-AL-DHAPPQ,28,0.5340501832233354,2031
007/035-Cycling-3y-ASAQ-AL-DHAPPQ,29,0.5704876402286913,2031
007/035-Cycling-3y-ASAQ-AL-DHAPPQ,30,0.46287102100786415,2031
007/035-Cycling-3y-ASAQ-AL-DHAPPQ,31,0.5622069242248099,2031
007/035-Cycling-3y-ASAQ-AL-DHAPPQ,32,0.5675602723027721,2031
007/035-Cycling-3y-ASAQ-AL-DHAPPQ,33,0.6059296829610867,2031
007/035-Cycling-3y-ASAQ-AL-DHAPPQ,34,0.5080511700043163,2031
007/035-Cycling-3y-ASAQ-AL-DHAPPQ,35,0.516303751178765,2031
007/035-Cycling-3y-ASAQ-AL-DHAPPQ,36,0.46297319517707175,2031
007/035-Cycling-3y-ASAQ-AL-DHAPPQ,37,0.5258644189997467,2031
007/035-Cycling-3y-ASAQ-AL-DHAPPQ,38,0.5490508675795707,2031
007/035-Cycling-3y-ASAQ-AL-DHAPPQ,39,0.5247724608750226,2031
007/035-Cycling-3y-ASAQ-AL-DHAPPQ,40,0.4894251523782432,2031
007/035-Cycling-3y-ASAQ-AL-DHAPPQ,41,0.5084496404253446,2031
007/035-Cycling-3y-ASAQ-AL-DHAPPQ,42,0.5366976888987475,2031
007/035-Cycling-3y-ASAQ-AL-DHAPPQ,43,0.5593705177130827,2031
007/035-Cycling-3y-ASAQ-AL-DHAPPQ,44,0.6039787560495347,2031
007/035-Cycling-3y-ASAQ-AL-DHAPPQ,45,0.572279049104261,2031
007/035-Cycling-3y-ASAQ-AL-DHAPPQ,46,0.46114477278681415,2031
007/035-Cycling-3y-ASAQ-AL-DHAPPQ,47,0.568878645757323,2031
007/035-Cycling-3y-ASAQ-AL-DHAPPQ,48,0.4957359575597293,2031
007/035-Cycling-3y-ASAQ-AL-DHAPPQ,49,0.42105807503351156,2031
007/035-Cycling-3y-ASAQ-AL-DHAPPQ,50,0.5100700546342918,2031
007/035-Cycling-3y-ASAQ-AL-DHAPPQ,51,0.5453582879451553,2031
007/035-Cycling-3y-ASAQ-AL-DHAPPQ,52,0.6102126384150762,2031
007/035-Cycling-3y-ASAQ-AL-DHAPPQ,53,0.5042374277100264,2031
007/035-Cycling-3y-ASAQ-AL-DHAPPQ,54,0.6062423448725401,2031
007/035-Cycling-3y-ASAQ-AL-DHAPPQ,55,0.6007097296587103,2031
007/035-Cycling-3y-ASAQ-AL-DHAPPQ,56,0.548032139833892,2031
007/035-Cycling-3y-ASAQ-AL-DHAPPQ,57,0.5438547692409824,2031
007/035-Cycling-3y-ASAQ-AL-DHAPPQ,58,0.5654046931345394,2031
007/035-Cycling-3y-ASAQ-AL-DHAPPQ,59,0.542778113239,2031
007/035-Cycling-3y-ASAQ-AL-DHAPPQ,60,0.5335546975105645,2031
007/035-Cycling-3y-ASAQ-AL-DHAPPQ,61,0.6511885189790836,2031
007/035-Cycling-3y-ASAQ-AL-DHAPPQ,62,0.5899564436270445,2031
007/035-Cycling-3y-ASAQ-AL-DHAPPQ,63,0.5601562695849654,2031
007/035-Cycling-3y-ASAQ-AL-DHAPPQ,64,0.4831258111783971,2031
007/035-Cycling-3y-ASAQ-AL-DHAPPQ,65,0.42669455416873125,2031
007/035-Cycling-3y-ASAQ-AL-DHAPPQ,66,0.6742260033124273,2031
007/035-Cycling-3y-ASAQ-AL-DHAPPQ,67,0.599747753409686,2031
007/035-Cycling-3y-ASAQ-AL-DHAPPQ,68,0.48938302831180297,2031
007/035-Cycling-3y-ASAQ-AL-DHAPPQ,69,0.6010483067971828,2031
007/035-Cycling-3y-ASAQ-AL-DHAPPQ,70,0.4947180870424976,2031
007/035-Cycling-3y-ASAQ-AL-DHAPPQ,71,0.5372888530529777,2031
007/035-Cycling-3y-ASAQ-AL-DHAPPQ,72,0.6100919192833224,2031
007/035-Cycling-3y-ASAQ-AL-DHAPPQ,73,0.5607314729884588,2031
007/035-Cycling-3y-ASAQ-AL-DHAPPQ,74,0.6230069753775495,2031
007/035-Cycling-3y-ASAQ-AL-DHAPPQ,75,0.5511116252006839,2031
007/035-Cycling-3y-ASAQ-AL-DHAPPQ,76,0.5489788266684599,2031
007/035-Cycling-3y-ASAQ-AL-DHAPPQ,77,0.5609989014971429,2031
007/035-Cycling-3y-ASAQ-AL-DHAPPQ,78,0.5948639855691732,2031
007/035-Cycling-3y-ASAQ-AL-DHAPPQ,79,0.4561837261025122,2031
007/035-Cycling-3y-ASAQ-AL-DHAPPQ,80,0.6436507274519646,2031
007/035-Cycling-3y-ASAQ-AL-DHAPPQ,81,0.5677040144045206,2031
007/035-Cycling-3y-ASAQ-AL-DHAPPQ,82,0.5055611145961479,2031
007/035-Cycling-3y-ASAQ-AL-DHAPPQ,83,0.7706237084352017,2031
007/035-Cycling-3y-ASAQ-AL-DHAPPQ,84,0.5075720550622685,2031
007/035-Cycling-3y-ASAQ-AL-DHAPPQ,85,0.5450911710003123,2031
007/035-Cycling-3y-ASAQ-AL-DHAPPQ,86,0.563268264146359,2031
007/035-Cycling-3y-ASAQ-AL-DHAPPQ,87,0.6107836420200766,2031
007/035-Cycling-3y-ASAQ-AL-DHAPPQ,88,0.501231424665285,2031
007/035-Cycling-3y-ASAQ-AL-DHAPPQ,89,0.5556757490800831,2031
007/035-Cycling-3y-ASAQ-AL-DHAPPQ,90,0.5496879552068441,2031
007/035-Cycling-3y-ASAQ-AL-DHAPPQ,91,0.4751983490303165,2031
007/035-Cycling-3y-ASAQ-AL-DHAPPQ,92,0.6848628010139737,2031
007/035-Cycling-3y-ASAQ-AL-DHAPPQ,93,0.4525929409896432,2031
007/035-Cycling-3y-ASAQ-AL-DHAPPQ,94,0.5049979416886368,2031
007/035-Cycling-3y-ASAQ-AL-DHAPPQ,95,0.5942014239137489,2031
007/035-Cycling-3y-ASAQ-AL-DHAPPQ,96,0.5775274497021138,2031
007/035-Cycling-3y-ASAQ-AL-DHAPPQ,97,0.4837986621088077,2031
007/035-Cycling-3y-ASAQ-AL-DHAPPQ,98,0.572134549356688,2031
007/035-Cycling-3y-ASAQ-AL-DHAPPQ,99,0.6104323686092474,2031
007/036-Cycling-3y-ASAQ-DHAPPQ-AL,0,0.542266352408436,2031
007/036-Cycling-3y-ASAQ-DHAPPQ-AL,1,0.5483862930938429,2031
007/036-Cycling-3y-ASAQ-DHAPPQ-AL,2,0.36406171449209285,2031
007/036-Cycling-3y-ASAQ-DHAPPQ-AL,3,0.4499813906464552,2031
007/036-Cycling-3y-ASAQ-DHAPPQ-AL,4,0.42268881989099777,2031
007/036-Cycling-3y-ASAQ-DHAPPQ-AL,5,0.46122399188299096,2031
007/036-Cycling-3y-ASAQ-DHAPPQ-AL,6,0.542372279105813,2031
007/036-Cycling-3y-ASAQ-DHAPPQ-AL,7,0.4176878593116849,2031
007/036-Cycling-3y-ASAQ-DHAPPQ-AL,8,0.3301064863085764,2031
007/036-Cycling-3y-ASAQ-DHAPPQ-AL,9,0.5699067928120812,2031
007/036-Cycling-3y-ASAQ-DHAPPQ-AL,10,0.42099435811034275,2031
007/036-Cycling-3y-ASAQ-DHAPPQ-AL,11,0.4527886144236939,2031
007/036-Cycling-3y-ASAQ-DHAPPQ-AL,12,0.43665335701553126,2031
007/036-Cycling-3y-ASAQ-DHAPPQ-AL,13,0.4834026003643095,2031
007/036-Cycling-3y-ASAQ-DHAPPQ-AL,14,0.5213020682294935,2031
007/036-Cycling-3y-ASAQ-DHAPPQ-AL,15,0.5007834967799383,2031
007/036-Cycling-3y-ASAQ-DHAPPQ-AL,16,0.5552390724184443,2031
007/036-Cycling-3y-ASAQ-DHAPPQ-AL,17,0.4408857992383037,2031
007/036-Cycling-3y-ASAQ-DHAPPQ-AL,18,0.48123870005977093,2031
007/036-Cycling-3y-ASAQ-DHAPPQ-AL,19,0.48692576877513466,2031
007/036-Cycling-3y-ASAQ-DHAPPQ-AL,20,0.47345378669049976,2031
007/036-Cycling-3y-ASAQ-DHAPPQ-AL,21,0.45241112794785376,2031
007/036-Cycling-3y-ASAQ-DHAPPQ-AL,22,0.3411437595914715,2031
007/036-Cycling-3y-ASAQ-DHAPPQ-AL,23,0.49603916797614594,2031
007/036-Cycling-3y-ASAQ-DHAPPQ-AL,24,0.5378629502306993,2031
007/036-Cycling-3y-ASAQ-DHAPPQ-AL,25,0.4463954204730665,2031
007/036-Cycling-3y-ASAQ-DHAPPQ-AL,26,0.5873621599234057,2031
007/036-Cycling-3y-ASAQ-DHAPPQ-AL,27,0.45633026993348275,2031
007/036-Cycling-3y-ASAQ-DHAPPQ-AL,28,0.47723458961575455,2031
007/036-Cycling-3y-ASAQ-DHAPPQ-AL,29,0.4985376184997789,2031
007/036-Cycling-3y-ASAQ-DHAPPQ-AL,30,0.5762881240706673,2031
007/036-Cycling-3y-ASAQ-DHAPPQ-AL,31,0.41205347949446475,2031
007/036-Cycling-3y-ASAQ-DHAPPQ-AL,32,0.45817186202146126,2031
007/036-Cycling-3y-ASAQ-DHAPPQ-AL,33,0.44150036337808257,2031
007/036-Cycling-3y-ASAQ-DHAPPQ-AL,34,0.4975817549905561,2031
007/036-Cycling-3y-ASAQ-DHAPPQ-AL,35,0.577108393947029,2031
007/036-Cycling-3y-ASAQ-DHAPPQ-AL,36,0.48669703030807626,2031
007/036-Cycling-3y-ASAQ-DHAPPQ-AL,37,0.49376278297638826,2031
007/036-Cycling-3y-ASAQ-DHAPPQ-AL,38,0.4932326279632096,2031
007/036-Cycling-3y-ASAQ-DHAPPQ-AL,39,0.4397336794787876,2031
007/036-Cycling-3y-ASAQ-DHAPPQ-AL,40,0.5561790518634543,2031
007/036-Cycling-3y-ASAQ-DHAPPQ-AL,41,0.4191526798924327,2031
007/036-Cycling-3y-ASAQ-DHAPPQ-AL,42,0.44102693953851224,2031
007/036-Cycling-3y-ASAQ-DHAPPQ-AL,43,0.47058137362308744,2031
007/036-Cycling-3y-ASAQ-DHAPPQ-AL,44,0.4203587011081374,2031
007/036-Cycling-3y-ASAQ-DHAPPQ-AL,45,0.5528325634236039,2031
007/036-Cycling-3y-ASAQ-DHAPPQ-AL,46,0.4289728231080525,2031
007/036-Cycling-3y-ASAQ-DHAPPQ-AL,47,0.45787826559256956,2031
007/036-Cycling-3y-ASAQ-DHAPPQ-AL,48,0.4689654107267713,2031
007/036-Cycling-3y-ASAQ-DHAPPQ-AL,49,0.45654983646951103,2031
007/036-Cycling-3y-ASAQ-DHAPPQ-AL,50,0.45593894685966263,2031
007/036-Cycling-3y-ASAQ-DHAPPQ-AL,51,0.5442393043501127,2031
007/036-Cycling-3y-ASAQ-DHAPPQ-AL,52,0.5549359308603709,2031
007/036-Cycling-3y-ASAQ-DHAPPQ-AL,53,0.46098703760043436,2031
007/036-Cycling-3y-ASAQ-DHAPPQ-AL,54,0.39258375841450227,2031
007/036-Cycling-3y-ASAQ-DHAPPQ-AL,55,0.436740472773325,2031
007/036-Cycling-3y-ASAQ-DHAPPQ-AL,56,0.4439775766702369,2031
007/036-Cycling-3y-ASAQ-DHAPPQ-AL,57,0.48979310824334726,2031
007/036-Cycling-3y-ASAQ-DHAPPQ-AL,58,0.5774739175219582,2031
007/036-Cycling-3y-ASAQ-DHAPPQ-AL,59,0.35906823035427005,2031
007/036-Cycling-3y-ASAQ-DHAPPQ-AL,60,0.4970029705707634,2031
007/036-Cycling-3y-ASAQ-DHAPPQ-AL,61,0.3945776316410942,2031
007/036-Cycling-3y-ASAQ-DHAPPQ-AL,62,0.42858574322100723,2031
007/036-Cycling-3y-ASAQ-DHAPPQ-AL,63,0.5247796770678052,2031
007/036-Cycling-3y-ASAQ-DHAPPQ-AL,64,0.4863519460938246,2031
007/036-Cycling-3y-ASAQ-DHAPPQ-AL,65,0.42892617725335985,2031
007/036-Cycling-3y-ASAQ-DHAPPQ-AL,66,0.49522423591340997,2031
007/036-Cycling-3y-ASAQ-DHAPPQ-AL,67,0.4598310782600355,2031
007/036-Cycling-3y-ASAQ-DHAPPQ-AL,68,0.46145412243099476,2031
007/036-Cycling-3y-ASAQ-DHAPPQ-AL,69,0.5034644277786028,2031
007/036-Cycling-3y-ASAQ-DHAPPQ-AL,70,0.46301228999932204,2031
007/036-Cycling-3y-ASAQ-DHAPPQ-AL,71,0.5125388493387305,2031
007/036-Cycling-3y-ASAQ-DHAPPQ-AL,72,0.4555114605100323,2031
007/036-Cycling-3y-ASAQ-DHAPPQ-AL,73,0.3583062628658898,2031
007/036-Cycling-3y-ASAQ-DHAPPQ-AL,74,0.3935190215044562,2031
007/036-Cycling-3y-ASAQ-DHAPPQ-AL,75,0.4859503068186582,2031
007/036-Cycling-3y-ASAQ-DHAPPQ-AL,76,0.5374877143799682,2031
007/036-Cycling-3y-ASAQ-DHAPPQ-AL,77,0.4803849487257901,2031
007/036-Cycling-3y-ASAQ-DHAPPQ-AL,78,0.4476825190657981,2031
007/036-Cycling-3y-ASAQ-DHAPPQ-AL,79,0.39154515149486,2031
007/036-Cycling-3y-ASAQ-DHAPPQ-AL,80,0.5405719439082547,2031
007/036-Cycling-3y-ASAQ-DHAPPQ-AL,81,0.5171044375502568,2031
007/036-Cycling-3y-ASAQ-DHAPPQ-AL,82,0.39398702363774696,2031
007/036-Cycling-3y-ASAQ-DHAPPQ-AL,83,0.5047841606687531,2031
007/036-Cycling-3y-ASAQ-DHAPPQ-AL,84,0.4613205932302067,2031
007/036-Cycling-3y-ASAQ-DHAPPQ-AL,85,0.517240781429753,2031
007/036-Cycling-3y-ASAQ-DHAPPQ-AL,86,0.41281487748158946,2031
007/036-Cycling-3y-ASAQ-DHAPPQ-AL,87,0.554392266469527,2031
007/036-Cycling-3y-ASAQ-DHAPPQ-AL,88,0.5211480891618593,2031
007/036-Cycling-3y-ASAQ-DHAPPQ-AL,89,0.3939024397705267,2031
007/036-Cycling-3y-ASAQ-DHAPPQ-AL,90,0.4125008731934903,2031
007/036-Cycling-3y-ASAQ-DHAPPQ-AL,91,0.4640441381962135,2031
007/036-Cycling-3y-ASAQ-DHAPPQ-AL,92,0.48949593674408165,2031
007/036-Cycling-3y-ASAQ-DHAPPQ-AL,93,0.5019224082761363,2031
007/036-Cycling-3y-ASAQ-DHAPPQ-AL,94,0.5691607463298147,2031
007/036-Cycling-3y-ASAQ-DHAPPQ-AL,95,0.4623712457761881,2031
007/036-Cycling-3y-ASAQ-DHAPPQ-AL,96,0.5220437948728016,2031
007/036-Cycling-3y-ASAQ-DHAPPQ-AL,97,0.4891678289852883,2031
007/036-Cycling-3y-ASAQ-DHAPPQ-AL,98,0.5467512355354787,2031
007/036-Cycling-3y-ASAQ-DHAPPQ-AL,99,0.4913476255740781,2031
007/037-Cycling-3y-DHAPPQ-AL-ASAQ,0,0.6862830498207665,2031
007/037-Cycling-3y-DHAPPQ-AL-ASAQ,1,0.6454366671891391,2031
007/037-Cycling-3y-DHAPPQ-AL-ASAQ,2,0.4743049814437816,2031
007/037-Cycling-3y-DHAPPQ-AL-ASAQ,3,0.7354529439100316,2031
007/037-Cycling-3y-DHAPPQ-AL-ASAQ,4,0.6551596207328818,2031
007/037-Cycling-3y-DHAPPQ-AL-ASAQ,5,0.6910541964095738,2031
007/037-Cycling-3y-DHAPPQ-AL-ASAQ,6,0.6260872609914655,2031
007/037-Cycling-3y-DHAPPQ-AL-ASAQ,7,0.6363824970217241,2031
007/037-Cycling-3y-DHAPPQ-AL-ASAQ,8,0.6923740087194429,2031
007/037-Cycling-3y-DHAPPQ-AL-ASAQ,9,0.5885735259316839,2031
007/037-Cycling-3y-DHAPPQ-AL-ASAQ,10,0.6686401895637596,2031
007/037-Cycling-3y-DHAPPQ-AL-ASAQ,11,0.6381385262811875,2031
007/037-Cycling-3y-DHAPPQ-AL-ASAQ,12,0.6677973549097556,2031
007/037-Cycling-3y-DHAPPQ-AL-ASAQ,13,0.6170042079506236,2031
007/037-Cycling-3y-DHAPPQ-AL-ASAQ,14,0.6040038293841167,2031
007/037-Cycling-3y-DHAPPQ-AL-ASAQ,15,0.7738812637877293,2031
007/037-Cycling-3y-DHAPPQ-AL-ASAQ,16,0.6501798847974501,2031
007/037-Cycling-3y-DHAPPQ-AL-ASAQ,17,0.7461701066927006,2031
007/037-Cycling-3y-DHAPPQ-AL-ASAQ,18,0.5762990357278479,2031
007/037-Cycling-3y-DHAPPQ-AL-ASAQ,19,0.6576446206586547,2031
007/037-Cycling-3y-DHAPPQ-AL-ASAQ,20,0.6947293818896104,2031
007/037-Cycling-3y-DHAPPQ-AL-ASAQ,21,0.6728022150245591,2031
007/037-Cycling-3y-DHAPPQ-AL-ASAQ,22,0.6579701191338057,2031
007/037-Cycling-3y-DHAPPQ-AL-ASAQ,23,0.601547484731351,2031
007/037-Cycling-3y-DHAPPQ-AL-ASAQ,24,0.6485081116896914,2031
007/037-Cycling-3y-DHAPPQ-AL-ASAQ,25,0.7787912694980254,2031
007/037-Cycling-3y-DHAPPQ-AL-ASAQ,26,0.6562163192765106,2031
007/037-Cycling-3y-DHAPPQ-AL-ASAQ,27,0.6667126763060297,2031
007/037-Cycling-3y-DHAPPQ-AL-ASAQ,28,0.6652371534241872,2031
007/037-Cycling-3y-DHAPPQ-AL-ASAQ,29,0.712581185642959,2031
007/037-Cycling-3y-DHAPPQ-AL-ASAQ,30,0.7113823112559733,2031
007/037-Cycling-3y-DHAPPQ-AL-ASAQ,31,0.6520733230811357,2031
007/037-Cycling-3y-DHAPPQ-AL-ASAQ,32,0.6715078280790202,2031
007/037-Cycling-3y-DHAPPQ-AL-ASAQ,33,0.5435687761198857,2031
007/037-Cycling-3y-DHAPPQ-AL-ASAQ,34,0.6313588376918443,2031
007/037-Cycling-3y-DHAPPQ-AL-ASAQ,35,0.6213367180522619,2031
007/037-Cycling-3y-DHAPPQ-AL-ASAQ,36,0.6783788891663397,2031
007/037-Cycling-3y-DHAPPQ-AL-ASAQ,37,0.6460789814407101,2031
007/037-Cycling-3y-DHAPPQ-AL-ASAQ,38,0.6357944115721138,2031
007/037-Cycling-3y-DHAPPQ-AL-ASAQ,39,0.5498641492431783,2031
007/037-Cycling-3y-DHAPPQ-AL-ASAQ,40,0.7241272734236458,2031
007/037-Cycling-3y-DHAPPQ-AL-ASAQ,41,0.6065551186881132,2031
007/037-Cycling-3y-DHAPPQ-AL-ASAQ,42,0.6685500142187095,2031
007/037-Cycling-3y-DHAPPQ-AL-ASAQ,43,0.6532128682375927,2031
007/037-Cycling-3y-DHAPPQ-AL-ASAQ,44,0.5820426580653509,2031
007/037-Cycling-3y-DHAPPQ-AL-ASAQ,45,0.5973635477306537,2031
007/037-Cycling-3y-DHAPPQ-AL-ASAQ,46,0.6793100967847869,2031
007/037-Cycling-3y-DHAPPQ-AL-ASAQ,47,0.6306923130421763,2031
007/037-Cycling-3y-DHAPPQ-AL-ASAQ,48,0.5969884355747608,2031
007/037-Cycling-3y-DHAPPQ-AL-ASAQ,49,0.6364193150750376,2031
007/037-Cycling-3y-DHAPPQ-AL-ASAQ,50,0.7503783199166215,2031
007/037-Cycling-3y-DHAPPQ-AL-ASAQ,51,0.7187353849475867,2031
007/037-Cycling-3y-DHAPPQ-AL-ASAQ,52,0.6172274724566273,2031
007/037-Cycling-3y-DHAPPQ-AL-ASAQ,53,0.5249913202878983,2031
007/037-Cycling-3y-DHAPPQ-AL-ASAQ,54,0.5830623870121409,2031
007/037-Cycling-3y-DHAPPQ-AL-ASAQ,55,0.7091372362114946,2031
007/037-Cycling-3y-DHAPPQ-AL-ASAQ,56,0.6519179420361304,2031
007/037-Cycling-3y-DHAPPQ-AL-ASAQ,57,0.714878375219917,2031
007/037-Cycling-3y-DHAPPQ-AL-ASAQ,58,0.6510187193516891,2031
007/037-Cycling-3y-DHAPPQ-AL-ASAQ,59,0.7004922042855014,2031
007/037-Cycling-3y-DHAPPQ-AL-ASAQ,60,0.5840332583507831,2031
007/037-Cycling-3y-DHAPPQ-AL-ASAQ,61,0.6914792011925579,2031
007/037-Cycling-3y-DHAPPQ-AL-ASAQ,62,0.548492461461463,2031
007/037-Cycling-3y-DHAPPQ-AL-ASAQ,63,0.633166938416233,2031
007/037-Cycling-3y-DHAPPQ-AL-ASAQ,64,0.6072435301221605,2031
007/037-Cycling-3y-DHAPPQ-AL-ASAQ,65,0.5821615588859841,2031
007/037-Cycling-3y-DHAPPQ-AL-ASAQ,66,0.6520254546487149,2031
007/037-Cycling-3y-DHAPPQ-AL-ASAQ,67,0.5518801446769739,2031
007/037-Cycling-3y-DHAPPQ-AL-ASAQ,68,0.7183189868518389,2031
007/037-Cycling-3y-DHAPPQ-AL-ASAQ,69,0.5988975058731439,2031
007/037-Cycling-3y-DHAPPQ-AL-ASAQ,70,0.6382283965008111,2031
007/037-Cycling-3y-DHAPPQ-AL-ASAQ,71,0.7300174782966824,2031
007/037-Cycling-3y-DHAPPQ-AL-ASAQ,72,0.6342920405600367,2031
007/037-Cycling-3y-DHAPPQ-AL-ASAQ,73,0.6273360983346409,2031
007/037-Cycling-3y-DHAPPQ-AL-ASAQ,74,0.47777372783652466,2031
007/037-Cycling-3y-DHAPPQ-AL-ASAQ,75,0.605577478707775,2031
007/037-Cycling-3y-DHAPPQ-AL-ASAQ,76,0.7313061485631879,2031
007/037-Cycling-3y-DHAPPQ-AL-ASAQ,77,0.729865296599079,2031
007/037-Cycling-3y-DHAPPQ-AL-ASAQ,78,0.68105174318717,2031
007/037-Cycling-3y-DHAPPQ-AL-ASAQ,79,0.6443706134226334,2031
007/037-Cycling-3y-DHAPPQ-AL-ASAQ,80,0.5955654652299861,2031
007/037-Cycling-3y-DHAPPQ-AL-ASAQ,81,0.5286812745117105,2031
007/037-Cycling-3y-DHAPPQ-AL-ASAQ,82,0.793780675245633,2031
007/037-Cycling-3y-DHAPPQ-AL-ASAQ,83,0.6371533925564279,2031
007/037-Cycling-3y-DHAPPQ-AL-ASAQ,84,0.6266292274096792,2031
007/037-Cycling-3y-DHAPPQ-AL-ASAQ,85,0.6278607260997295,2031
007/037-Cycling-3y-DHAPPQ-AL-ASAQ,86,0.6363791332833378,2031
007/037-Cycling-3y-DHAPPQ-AL-ASAQ,87,0.6737050314798086,2031
007/037-Cycling-3y-DHAPPQ-AL-ASAQ,88,0.6297737477282498,2031
007/037-Cycling-3y-DHAPPQ-AL-ASAQ,89,0.7442054427720937,2031
007/037-Cycling-3y-DHAPPQ-AL-ASAQ,90,0.5717597134250001,2031
007/037-Cycling-3y-DHAPPQ-AL-ASAQ,91,0.6548037686026661,2031
007/037-Cycling-3y-DHAPPQ-AL-ASAQ,92,0.54709989881323,2031
007/037-Cycling-3y-DHAPPQ-AL-ASAQ,93,0.620601616533656,2031
007/037-Cycling-3y-DHAPPQ-AL-ASAQ,94,0.5552190704685953,2031
007/037-Cycling-3y-DHAPPQ-AL-ASAQ,95,0.6109129514645432,2031
007/037-Cycling-3y-DHAPPQ-AL-ASAQ,96,0.6361610292445805,2031
007/037-Cycling-3y-DHAPPQ-AL-ASAQ,97,0.6281672352631154,2031
007/037-Cycling-3y-DHAPPQ-AL-ASAQ,98,0.5803605700149645,2031
007/037-Cycling-3y-DHAPPQ-AL-ASAQ,99,0.6690298640339057,2031
007/038-Cycling-3y-DHAPPQ-ASAQ-AL,0,0.4892738053393579,2031
007/038-Cycling-3y-DHAPPQ-ASAQ-AL,1,0.5245164507267187,2031
007/038-Cycling-3y-DHAPPQ-ASAQ-AL,2,0.41136415609810667,2031
007/038-Cycling-3y-DHAPPQ-ASAQ-AL,3,0.4508856569885779,2031
007/038-Cycling-3y-DHAPPQ-ASAQ-AL,4,0.3970512134203282,2031
007/038-Cycling-3y-DHAPPQ-ASAQ-AL,5,0.4872894156386037,2031
007/038-Cycling-3y-DHAPPQ-ASAQ-AL,6,0.5285765529477162,2031
007/038-Cycling-3y-DHAPPQ-ASAQ-AL,7,0.4367467533664324,2031
007/038-Cycling-3y-DHAPPQ-ASAQ-AL,8,0.4492295004387082,2031
007/038-Cycling-3y-DHAPPQ-ASAQ-AL,9,0.41925975022479656,2031
007/038-Cycling-3y-DHAPPQ-ASAQ-AL,10,0.40591579314369847,2031
007/038-Cycling-3y-DHAPPQ-ASAQ-AL,11,0.39641211577421237,2031
007/038-Cycling-3y-DHAPPQ-ASAQ-AL,12,0.49401679245393687,2031
007/038-Cycling-3y-DHAPPQ-ASAQ-AL,13,0.4427817470917541,2031
007/038-Cycling-3y-DHAPPQ-ASAQ-AL,14,0.448327288763053,2031
007/038-Cycling-3y-DHAPPQ-ASAQ-AL,15,0.4327428577271657,2031
007/038-Cycling-3y-DHAPPQ-ASAQ-AL,16,0.4308928284061333,2031
007/038-Cycling-3y-DHAPPQ-ASAQ-AL,17,0.43251657501608126,2031
007/038-Cycling-3y-DHAPPQ-ASAQ-AL,18,0.3905969420274296,2031
007/038-Cycling-3y-DHAPPQ-ASAQ-AL,19,0.48015729842236526,2031
007/038-Cycling-3y-DHAPPQ-ASAQ-AL,20,0.42973522413897663,2031
007/038-Cycling-3y-DHAPPQ-ASAQ-AL,21,0.515248215128266,2031
007/038-Cycling-3y-DHAPPQ-ASAQ-AL,22,0.42624378475779245,2031
007/038-Cycling-3y-DHAPPQ-ASAQ-AL,23,0.4063151290060764,2031
007/038-Cycling-3y-DHAPPQ-ASAQ-AL,24,0.37340663971363713,2031
007/038-Cycling-3y-DHAPPQ-ASAQ-AL,25,0.417079340268439,2031
007/038-Cycling-3y-DHAPPQ-ASAQ-AL,26,0.417001935622664,2031
007/038-Cycling-3y-DHAPPQ-ASAQ-AL,27,0.424401806601252,2031
007/038-Cycling-3y-DHAPPQ-ASAQ-AL,28,0.45032478270796905,2031
007/038-Cycling-3y-DHAPPQ-ASAQ-AL,29,0.3631664734367808,2031
007/038-Cycling-3y-DHAPPQ-ASAQ-AL,30,0.5057131866541477,2031
007/038-Cycling-3y-DHAPPQ-ASAQ-AL,31,0.5224813646773171,2031
007/038-Cycling-3y-DHAPPQ-ASAQ-AL,32,0.41877381932261243,2031
007/038-Cycling-3y-DHAPPQ-ASAQ-AL,33,0.4132636257720921,2031
007/038-Cycling-3y-DHAPPQ-ASAQ-AL,34,0.4499771557287015,2031
007/038-Cycling-3y-DHAPPQ-ASAQ-AL,35,0.43732221501951934,2031
007/038-Cycling-3y-DHAPPQ-ASAQ-AL,36,0.484258721565708,2031
007/038-Cycling-3y-DHAPPQ-ASAQ-AL,37,0.42537674026329925,2031
007/038-Cycling-3y-DHAPPQ-ASAQ-AL,38,0.44610090324100354,2031
007/038-Cycling-3y-DHAPPQ-ASAQ-AL,39,0.4045290296084618,2031
007/038-Cycling-3y-DHAPPQ-ASAQ-AL,40,0.3936815129353939,2031
007/038-Cycling-3y-DHAPPQ-ASAQ-AL,41,0.3891551845484797,2031
007/038-Cycling-3y-DHAPPQ-ASAQ-AL,42,0.47202549248040526,2031
007/038-Cycling-3y-DHAPPQ-ASAQ-AL,43,0.468790853896327,2031
007/038-Cycling-3y-DHAPPQ-ASAQ-AL,44,0.3111312637918396,2031
007/038-Cycling-3y-DHAPPQ-ASAQ-AL,45,0.4364140640210887,2031
007/038-Cycling-3y-DHAPPQ-ASAQ-AL,46,0.4031337059235327,2031
007/038-Cycling-3y-DHAPPQ-ASAQ-AL,47,0.4515374420517249,2031
007/038-Cycling-3y-DHAPPQ-ASAQ-AL,48,0.4506867363444608,2031
007/038-Cycling-3y-DHAPPQ-ASAQ-AL,49,0.4465449088935279,2031
007/038-Cycling-3y-DHAPPQ-ASAQ-AL,50,0.4003523237766465,2031
007/038-Cycling-3y-DHAPPQ-ASAQ-AL,51,0.366832107281315,2031
007/038-Cycling-3y-DHAPPQ-ASAQ-AL,52,0.435167464462811,2031
007/038-Cycling-3y-DHAPPQ-ASAQ-AL,53,0.504792521626199,2031
007/038-Cycling-3y-DHAPPQ-ASAQ-AL,54,0.4621218322350142,2031
007/038-Cycling-3y-DHAPPQ-ASAQ-AL,55,0.44925141540529306,2031
007/038-Cycling-3y-DHAPPQ-ASAQ-AL,56,0.4245698586172472,2031
007/038-Cycling-3y-DHAPPQ-ASAQ-AL,57,0.46766463820298015,2031
007/038-Cycling-3y-DHAPPQ-ASAQ-AL,58,0.5452671364080298,2031
007/038-Cycling-3y-DHAPPQ-ASAQ-AL,59,0.3884974594070758,2031
007/038-Cycling-3y-DHAPPQ-ASAQ-AL,60,0.42257226977060447,2031
007/038-Cycling-3y-DHAPPQ-ASAQ-AL,61,0.45399957019579745,2031
007/038-Cycling-3y-DHAPPQ-ASAQ-AL,62,0.3635746052946409,2031
007/038-Cycling-3y-DHAPPQ-ASAQ-AL,63,0.4401379379277471,2031
007/038-Cycling-3y-DHAPPQ-ASAQ-AL,64,0.42281522611202754,2031
007/038-Cycling-3y-DHAPPQ-ASAQ-AL,65,0.36883326897291546,2031
007/038-Cycling-3y-DHAPPQ-ASAQ-AL,66,0.3814218594779222,2031
007/038-Cycling-3y-DHAPPQ-ASAQ-AL,67,0.44874860967558144,2031
007/038-Cycling-3y-DHAPPQ-ASAQ-AL,68,0.45769162186454665,2031
007/038-Cycling-3y-DHAPPQ-ASAQ-AL,69,0.34444519479316266,2031
007/038-Cycling-3y-DHAPPQ-ASAQ-AL,70,0.40616460416219485,2031
007/038-Cycling-3y-DHAPPQ-ASAQ-AL,71,0.3598668856231048,2031
007/038-Cycling-3y-DHAPPQ-ASAQ-AL,72,0.4742097338308265,2031
007/038-Cycling-3y-DHAPPQ-ASAQ-AL,73,0.3968378964222004,2031
007/038-Cycling-3y-DHAPPQ-ASAQ-AL,74,0.47180070060115614,2031
007/038-Cycling-3y-DHAPPQ-ASAQ-AL,75,0.3801519369829207,2031
007/038-Cycling-3y-DHAPPQ-ASAQ-AL,76,0.46318004078634906,2031
007/038-Cycling-3y-DHAPPQ-ASAQ-AL,77,0.4637088597270351,2031
007/038-Cycling-3y-DHAPPQ-ASAQ-AL,78,0.48203124010151727,2031
007/038-Cycling-3y-DHAPPQ-ASAQ-AL,79,0.35925257199148924,2031
007/038-Cycling-3y-DHAPPQ-ASAQ-AL,80,0.4189010254250187,2031
007/038-Cycling-3y-DHAPPQ-ASAQ-AL,81,0.44383349447863174,2031
007/038-Cycling-3y-DHAPPQ-ASAQ-AL,82,0.5358620035287892,2031
007/038-Cycling-3y-DHAPPQ-ASAQ-AL,83,0.4027087454667228,2031
007/038-Cycling-3y-DHAPPQ-ASAQ-AL,84,0.441318883620296,2031
007/038-Cycling-3y-DHAPPQ-ASAQ-AL,85,0.44723586180698277,2031
007/038-Cycling-3y-DHAPPQ-ASAQ-AL,86,0.46800126434932027,2031
007/038-Cycling-3y-DHAPPQ-ASAQ-AL,87,0.4539053214603419,2031
007/038-Cycling-3y-DHAPPQ-ASAQ-AL,88,0.39713032592697567,2031
007/038-Cycling-3y-DHAPPQ-ASAQ-AL,89,0.4409369657932387,2031
007/038-Cycling-3y-DHAPPQ-ASAQ-AL,90,0.3969792300047079,2031
007/038-Cycling-3y-DHAPPQ-ASAQ-AL,91,0.4206973078532659,2031
007/038-Cycling-3y-DHAPPQ-ASAQ-AL,92,0.4597390736994356,2031
007/038-Cycling-3y-DHAPPQ-ASAQ-AL,93,0.37584022207885726,2031
007/038-Cycling-3y-DHAPPQ-ASAQ-AL,94,0.3656532139148477,2031
007/038-Cycling-3y-DHAPPQ-ASAQ-AL,95,0.42326316935185626,2031
007/038-Cycling-3y-DHAPPQ-ASAQ-AL,96,0.4082878734053494,2031
007/038-Cycling-3y-DHAPPQ-ASAQ-AL,97,0.5070147474927643,2031
007/038-Cycling-3y-DHAPPQ-ASAQ-AL,98,0.49043310605369017,2031
007/038-Cycling-3y-DHAPPQ-ASAQ-AL,99,0.5068074593550508,2031
007/039-Cycling-4y-AL-ASAQ,0,0.5282740969806713,2031
007/039-Cycling-4y-AL-ASAQ,1,0.556669642312218,2031
007/039-Cycling-4y-AL-ASAQ,2,0.5865448578814337,2031
007/039-Cycling-4y-AL-ASAQ,3,0.5915928963076914,2031
007/039-Cycling-4y-AL-ASAQ,4,0.7200191833449349,2031
007/039-Cycling-4y-AL-ASAQ,5,0.7108979402515163,2031
007/039-Cycling-4y-AL-ASAQ,6,0.7226537921724304,2031
007/039-Cycling-4y-AL-ASAQ,7,0.6047143471169992,2031
007/039-Cycling-4y-AL-ASAQ,8,0.5988818083826846,2031
007/039-Cycling-4y-AL-ASAQ,9,0.5872900888368277,2031
007/039-Cycling-4y-AL-ASAQ,10,0.5819497299228279,2031
007/039-Cycling-4y-AL-ASAQ,11,0.5347892988478847,2031
007/039-Cycling-4y-AL-ASAQ,12,0.6278723099458777,2031
007/039-Cycling-4y-AL-ASAQ,13,0.43694765407197217,2031
007/039-Cycling-4y-AL-ASAQ,14,0.5854989893581787,2031
007/039-Cycling-4y-AL-ASAQ,15,0.5483565182644662,2031
007/039-Cycling-4y-AL-ASAQ,16,0.6147444186965544,2031
007/039-Cycling-4y-AL-ASAQ,17,0.628849363298892,2031
007/039-Cycling-4y-AL-ASAQ,18,0.5365405961369856,2031
007/039-Cycling-4y-AL-ASAQ,19,0.6099574806039206,2031
007/039-Cycling-4y-AL-ASAQ,20,0.709354720682117,2031
007/039-Cycling-4y-AL-ASAQ,21,0.5701868623893064,2031
007/039-Cycling-4y-AL-ASAQ,22,0.535162015498683,2031
007/039-Cycling-4y-AL-ASAQ,23,0.6085149061360627,2031
007/039-Cycling-4y-AL-ASAQ,24,0.5893375168477805,2031
007/039-Cycling-4y-AL-ASAQ,25,0.6714018917190172,2031
007/039-Cycling-4y-AL-ASAQ,26,0.5288166340779451,2031
007/039-Cycling-4y-AL-ASAQ,27,0.556530496434228,2031
007/039-Cycling-4y-AL-ASAQ,28,0.4807753385966759,2031
007/039-Cycling-4y-AL-ASAQ,29,0.6237656043795224,2031
007/039-Cycling-4y-AL-ASAQ,30,0.6004513502369206,2031
007/039-Cycling-4y-AL-ASAQ,31,0.5632393397705772,2031
007/039-Cycling-4y-AL-ASAQ,32,0.5925778728730969,2031
007/039-Cycling-4y-AL-ASAQ,33,0.6214452955494493,2031
007/039-Cycling-4y-AL-ASAQ,34,0.5307567261673761,2031
007/039-Cycling-4y-AL-ASAQ,35,0.555077507542364,2031
007/039-Cycling-4y-AL-ASAQ,36,0.6718968090469103,2031
007/039-Cycling-4y-AL-ASAQ,37,0.6332563064385807,2031
007/039-Cycling-4y-AL-ASAQ,38,0.7125514844993103,2031
007/039-Cycling-4y-AL-ASAQ,39,0.5597929826227318,2031
007/039-Cycling-4y-AL-ASAQ,40,0.6646546029492199,2031
007/039-Cycling-4y-AL-ASAQ,41,0.5454532915906444,2031
007/039-Cycling-4y-AL-ASAQ,42,0.5218228804805868,2031
007/039-Cycling-4y-AL-ASAQ,43,0.6547439770644129,2031
007/039-Cycling-4y-AL-ASAQ,44,0.5470690559673134,2031
007/039-Cycling-4y-AL-ASAQ,45,0.48976110277134577,2031
007/039-Cycling-4y-AL-ASAQ,46,0.6185144750268498,2031
007/039-Cycling-4y-AL-ASAQ,47,0.5873128581713036,2031
007/039-Cycling-4y-AL-ASAQ,48,0.4674037217068759,2031
007/039-Cycling-4y-AL-ASAQ,49,0.5744565912437584,2031
007/039-Cycling-4y-AL-ASAQ,50,0.6234819844553869,2031
007/039-Cycling-4y-AL-ASAQ,51,0.5866489965573548,2031
007/039-Cycling-4y-AL-ASAQ,52,0.7804414957460922,2031
007/039-Cycling-4y-AL-ASAQ,53,0.4993169560736344,2031
007/039-Cycling-4y-AL-ASAQ,54,0.6971842245464196,2031
007/039-Cycling-4y-AL-ASAQ,55,0.6021567127040786,2031
007/039-Cycling-4y-AL-ASAQ,56,0.6680139770439867,2031
007/039-Cycling-4y-AL-ASAQ,57,0.597170497503902,2031
007/039-Cycling-4y-AL-ASAQ,58,0.6774060991667676,2031
007/039-Cycling-4y-AL-ASAQ,59,0.7035513526151608,2031
007/039-Cycling-4y-AL-ASAQ,60,0.6017688076779135,2031
007/039-Cycling-4y-AL-ASAQ,61,0.5808949745352223,2031
007/039-Cycling-4y-AL-ASAQ,62,0.6116638667854385,2031
007/039-Cycling-4y-AL-ASAQ,63,0.5515686761567008,2031
007/039-Cycling-4y-AL-ASAQ,64,0.5272174917780904,2031
007/039-Cycling-4y-AL-ASAQ,65,0.6387340874037921,2031
007/039-Cycling-4y-AL-ASAQ,66,0.591629889439237,2031
007/039-Cycling-4y-AL-ASAQ,67,0.5744360566715586,2031
007/039-Cycling-4y-AL-ASAQ,68,0.5652981432952426,2031
007/039-Cycling-4y-AL-ASAQ,69,0.5687706135878315,2031
007/039-Cycling-4y-AL-ASAQ,70,0.7134485093068711,2031
007/039-Cycling-4y-AL-ASAQ,71,0.6164495956984649,2031
007/039-Cycling-4y-AL-ASAQ,72,0.6436955451405874,2031
007/039-Cycling-4y-AL-ASAQ,73,0.6146547525310694,2031
007/039-Cycling-4y-AL-ASAQ,74,0.4916375455066793,2031
007/039-Cycling-4y-AL-ASAQ,75,0.6440285743834272,2031
007/039-Cycling-4y-AL-ASAQ,76,0.6540933640164277,2031
007/039-Cycling-4y-AL-ASAQ,77,0.631621142108081,2031
007/039-Cycling-4y-AL-ASAQ,78,0.6434808692071591,2031
007/039-Cycling-4y-AL-ASAQ,79,0.4863287877337313,2031
007/039-Cycling-4y-AL-ASAQ,80,0.5377045514976407,2031
007/039-Cycling-4y-AL-ASAQ,81,0.6919059421931596,2031
007/039-Cycling-4y-AL-ASAQ,82,0.6229880102655045,2031
007/039-Cycling-4y-AL-ASAQ,83,0.710835200991728,2031
007/039-Cycling-4y-AL-ASAQ,84,0.6463349353099265,2031
007/039-Cycling-4y-AL-ASAQ,85,0.574854734502285,2031
007/039-Cycling-4y-AL-ASAQ,86,0.5663402333137061,2031
007/039-Cycling-4y-AL-ASAQ,87,0.527483828905881,2031
007/039-Cycling-4y-AL-ASAQ,88,0.6407572980918446,2031
007/039-Cycling-4y-AL-ASAQ,89,0.5849391106177698,2031
007/039-Cycling-4y-AL-ASAQ,90,0.5161871225664375,2031
007/039-Cycling-4y-AL-ASAQ,91,0.588685208070297,2031
007/039-Cycling-4y-AL-ASAQ,92,0.6466346546468845,2031
007/039-Cycling-4y-AL-ASAQ,93,0.5801477010787052,2031
007/039-Cycling-4y-AL-ASAQ,94,0.5449859746532683,2031
007/039-Cycling-4y-AL-ASAQ,95,0.5507828768363532,2031
007/039-Cycling-4y-AL-ASAQ,96,0.526592648870079,2031
007/039-Cycling-4y-AL-ASAQ,97,0.5603658424637963,2031
007/039-Cycling-4y-AL-ASAQ,98,0.6114200716949655,2031
007/039-Cycling-4y-AL-ASAQ,99,0.5970922944443918,2031
007/040-Cycling-4y-AL-DHAPPQ,0,0.605045117455642,2031
007/040-Cycling-4y-AL-DHAPPQ,1,0.6353033979089561,2031
007/040-Cycling-4y-AL-DHAPPQ,2,0.6088260644963207,2031
007/040-Cycling-4y-AL-DHAPPQ,3,0.6477567685849349,2031
007/040-Cycling-4y-AL-DHAPPQ,4,0.7551612255328966,2031
007/040-Cycling-4y-AL-DHAPPQ,5,0.5759986940302283,2031
007/040-Cycling-4y-AL-DHAPPQ,6,0.6594618294772361,2031
007/040-Cycling-4y-AL-DHAPPQ,7,0.8145351052779777,2031
007/040-Cycling-4y-AL-DHAPPQ,8,0.6288299359463968,2031
007/040-Cycling-4y-AL-DHAPPQ,9,0.5837503708854294,2031
007/040-Cycling-4y-AL-DHAPPQ,10,0.6493236360816897,2031
007/040-Cycling-4y-AL-DHAPPQ,11,0.6584323842366673,2031
007/040-Cycling-4y-AL-DHAPPQ,12,0.6918550152037173,2031
007/040-Cycling-4y-AL-DHAPPQ,13,0.5992924055154033,2031
007/040-Cycling-4y-AL-DHAPPQ,14,0.6371927383145014,2031
007/040-Cycling-4y-AL-DHAPPQ,15,0.7037940425883442,2031
007/040-Cycling-4y-AL-DHAPPQ,16,0.6190539542014907,2031
007/040-Cycling-4y-AL-DHAPPQ,17,0.6960291086356704,2031
007/040-Cycling-4y-AL-DHAPPQ,18,0.6849140270527636,2031
007/040-Cycling-4y-AL-DHAPPQ,19,0.6033657108469089,2031
007/040-Cycling-4y-AL-DHAPPQ,20,0.6218598958928103,2031
007/040-Cycling-4y-AL-DHAPPQ,21,0.6648388777083952,2031
007/040-Cycling-4y-AL-DHAPPQ,22,0.6149829933031611,2031
007/040-Cycling-4y-AL-DHAPPQ,23,0.7246123262761791,2031
007/040-Cycling-4y-AL-DHAPPQ,24,0.7075850675290196,2031
007/040-Cycling-4y-AL-DHAPPQ,25,0.6596002834113268,2031
007/040-Cycling-4y-AL-DHAPPQ,26,0.6256735686785305,2031
007/040-Cycling-4y-AL-DHAPPQ,27,0.7533486774158457,2031
007/040-Cycling-4y-AL-DHAPPQ,28,0.6439061984780844,2031
007/040-Cycling-4y-AL-DHAPPQ,29,0.5656383898679218,2031
007/040-Cycling-4y-AL-DHAPPQ,30,0.6066916135520574,2031
007/040-Cycling-4y-AL-DHAPPQ,31,0.6270902428697673,2031
007/040-Cycling-4y-AL-DHAPPQ,32,0.5740099348582063,2031
007/040-Cycling-4y-AL-DHAPPQ,33,0.5799257331761614,2031
007/040-Cycling-4y-AL-DHAPPQ,34,0.6713319519109024,2031
007/040-Cycling-4y-AL-DHAPPQ,35,0.6079248181439892,2031
007/040-Cycling-4y-AL-DHAPPQ,36,0.6520569658970345,2031
007/040-Cycling-4y-AL-DHAPPQ,37,0.6619883882564899,2031
007/040-Cycling-4y-AL-DHAPPQ,38,0.5995609314437622,2031
007/040-Cycling-4y-AL-DHAPPQ,39,0.5784200868952957,2031
007/040-Cycling-4y-AL-DHAPPQ,40,0.5966644621981377,2031
007/040-Cycling-4y-AL-DHAPPQ,41,0.678936037156633,2031
007/040-Cycling-4y-AL-DHAPPQ,42,0.6388779547901098,2031
007/040-Cycling-4y-AL-DHAPPQ,43,0.5719426291276982,2031
007/040-Cycling-4y-AL-DHAPPQ,44,0.6358247585636204,2031
007/040-Cycling-4y-AL-DHAPPQ,45,0.5778889124768901,2031
007/040-Cycling-4y-AL-DHAPPQ,46,0.6615336065414872,2031
007/040-Cycling-4y-AL-DHAPPQ,47,0.6623229123200288,2031
007/040-Cycling-4y-AL-DHAPPQ,48,0.6690613143911882,2031
007/040-Cycling-4y-AL-DHAPPQ,49,0.6417207568966729,2031
007/040-Cycling-4y-AL-DHAPPQ,50,0.6662147193672582,2031
007/040-Cycling-4y-AL-DHAPPQ,51,0.6024662038871106,2031
007/040-Cycling-4y-AL-DHAPPQ,52,0.6016882726403324,2031
007/040-Cycling-4y-AL-DHAPPQ,53,0.6644917562521425,2031
007/040-Cycling-4y-AL-DHAPPQ,54,0.7105767485111837,2031
007/040-Cycling-4y-AL-DHAPPQ,55,0.5412271180812412,2031
007/040-Cycling-4y-AL-DHAPPQ,56,0.5843456055864149,2031
007/040-Cycling-4y-AL-DHAPPQ,57,0.6050448099761273,2031
007/040-Cycling-4y-AL-DHAPPQ,58,0.6862768193164935,2031
007/040-Cycling-4y-AL-DHAPPQ,59,0.6226168378865232,2031
007/040-Cycling-4y-AL-DHAPPQ,60,0.5512624841476569,2031
007/040-Cycling-4y-AL-DHAPPQ,61,0.5727507564636701,2031
007/040-Cycling-4y-AL-DHAPPQ,62,0.728490617189697,2031
007/040-Cycling-4y-AL-DHAPPQ,63,0.6575839642961919,2031
007/040-Cycling-4y-AL-DHAPPQ,64,0.5922847204480036,2031
007/040-Cycling-4y-AL-DHAPPQ,65,0.6273950378479393,2031
007/040-Cycling-4y-AL-DHAPPQ,66,0.6214474646469057,2031
007/040-Cycling-4y-AL-DHAPPQ,67,0.6561086353364961,2031
007/040-Cycling-4y-AL-DHAPPQ,68,0.6922623854663735,2031
007/040-Cycling-4y-AL-DHAPPQ,69,0.5010540066589285,2031
007/040-Cycling-4y-AL-DHAPPQ,70,0.5841721726956554,2031
007/040-Cycling-4y-AL-DHAPPQ,71,0.644632878785589,2031
007/040-Cycling-4y-AL-DHAPPQ,72,0.7088170209977608,2031
007/040-Cycling-4y-AL-DHAPPQ,73,0.705890750940875,2031
007/040-Cycling-4y-AL-DHAPPQ,74,0.6383761848271056,2031
007/040-Cycling-4y-AL-DHAPPQ,75,0.674484339441066,2031
007/040-Cycling-4y-AL-DHAPPQ,76,0.6865131685994909,2031
007/040-Cycling-4y-AL-DHAPPQ,77,0.6025402707701027,2031
007/040-Cycling-4y-AL-DHAPPQ,78,0.7537829187382376,2031
007/040-Cycling-4y-AL-DHAPPQ,79,0.6360770725083253,2031
007/040-Cycling-4y-AL-DHAPPQ,80,0.7671833712713481,2031
007/040-Cycling-4y-AL-DHAPPQ,81,0.6670796065360519,2031
007/040-Cycling-4y-AL-DHAPPQ,82,0.5682526892279519,2031
007/040-Cycling-4y-AL-DHAPPQ,83,0.6245527739472898,2031
007/040-Cycling-4y-AL-DHAPPQ,84,0.6832061534705853,2031
007/040-Cycling-4y-AL-DHAPPQ,85,0.653103608892503,2031
007/040-Cycling-4y-AL-DHAPPQ,86,0.5365380261348628,2031
007/040-Cycling-4y-AL-DHAPPQ,87,0.5132390547360232,2031
007/040-Cycling-4y-AL-DHAPPQ,88,0.5677319299041649,2031
007/040-Cycling-4y-AL-DHAPPQ,89,0.694683639184081,2031
007/040-Cycling-4y-AL-DHAPPQ,90,0.65911346078483,2031
007/040-Cycling-4y-AL-DHAPPQ,91,0.7488819173767589,2031
007/040-Cycling-4y-AL-DHAPPQ,92,0.6648031011102907,2031
007/040-Cycling-4y-AL-DHAPPQ,93,0.6852941958636838,2031
007/040-Cycling-4y-AL-DHAPPQ,94,0.6823781758888039,2031
007/040-Cycling-4y-AL-DHAPPQ,95,0.6110883087850538,2031
007/040-Cycling-4y-AL-DHAPPQ,96,0.6658175458415124,2031
007/040-Cycling-4y-AL-DHAPPQ,97,0.5698924406154696,2031
007/040-Cycling-4y-AL-DHAPPQ,98,0.6407994072027529,2031
007/040-Cycling-4y-AL-DHAPPQ,99,0.6778189955462297,2031
007/041-Cycling-4y-ASAQ-AL,0,0.5878748158344334,2031
007/041-Cycling-4y-ASAQ-AL,1,0.47921895426810557,2031
007/041-Cycling-4y-ASAQ-AL,2,0.45834958140826726,2031
007/041-Cycling-4y-ASAQ-AL,3,0.45947816507010364,2031
007/041-Cycling-4y-ASAQ-AL,4,0.4437072945786907,2031
007/041-Cycling-4y-ASAQ-AL,5,0.4812260270082634,2031
007/041-Cycling-4y-ASAQ-AL,6,0.41552099836852735,2031
007/041-Cycling-4y-ASAQ-AL,7,0.4563172157388211,2031
007/041-Cycling-4y-ASAQ-AL,8,0.4919238606616822,2031
007/041-Cycling-4y-ASAQ-AL,9,0.5023696882938814,2031
007/041-Cycling-4y-ASAQ-AL,10,0.5253224625642847,2031
007/041-Cycling-4y-ASAQ-AL,11,0.5316683595476338,2031
007/041-Cycling-4y-ASAQ-AL,12,0.5357689241943147,2031
007/041-Cycling-4y-ASAQ-AL,13,0.4340283557990416,2031
007/041-Cycling-4y-ASAQ-AL,14,0.543070415211789,2031
007/041-Cycling-4y-ASAQ-AL,15,0.4148421936654711,2031
007/041-Cycling-4y-ASAQ-AL,16,0.4736239224799785,2031
007/041-Cycling-4y-ASAQ-AL,17,0.5129118587537028,2031
007/041-Cycling-4y-ASAQ-AL,18,0.47664006101468764,2031
007/041-Cycling-4y-ASAQ-AL,19,0.5925052894682553,2031
007/041-Cycling-4y-ASAQ-AL,20,0.44943112988436823,2031
007/041-Cycling-4y-ASAQ-AL,21,0.4933246767527489,2031
007/041-Cycling-4y-ASAQ-AL,22,0.27207486638090395,2031
007/041-Cycling-4y-ASAQ-AL,23,0.4722885382200817,2031
007/041-Cycling-4y-ASAQ-AL,24,0.547968115721604,2031
007/041-Cycling-4y-ASAQ-AL,25,0.46242588808949603,2031
007/041-Cycling-4y-ASAQ-AL,26,0.5967088079421029,2031
007/041-Cycling-4y-ASAQ-AL,27,0.4000061823196846,2031
007/041-Cycling-4y-ASAQ-AL,28,0.47096384295010224,2031
007/041-Cycling-4y-ASAQ-AL,29,0.5458374735677941,2031
007/041-Cycling-4y-ASAQ-AL,30,0.4403250074850204,2031
007/041-Cycling-4y-ASAQ-AL,31,0.5055327836799116,2031
007/041-Cycling-4y-ASAQ-AL,32,0.5628619027504175,2031
007/041-Cycling-4y-ASAQ-AL,33,0.44212202790538796,2031
007/041-Cycling-4y-ASAQ-AL,34,0.5619826281837982,2031
007/041-Cycling-4y-ASAQ-AL,35,0.4925042664003594,2031
007/041-Cycling-4y-ASAQ-AL,36,0.3810916101740149,2031
007/041-Cycling-4y-ASAQ-AL,37,0.5800451910773843,2031
007/041-Cycling-4y-ASAQ-AL,38,0.4454146727802624,2031
007/041-Cycling-4y-ASAQ-AL,39,0.5135855398471724,2031
007/041-Cycling-4y-ASAQ-AL,40,0.4587133583818916,2031
007/041-Cycling-4y-ASAQ-AL,41,0.4834318870231979,2031
007/041-Cycling-4y-ASAQ-AL,42,0.4219043159957651,2031
007/041-Cycling-4y-ASAQ-AL,43,0.4445522336650563,2031
007/041-Cycling-4y-ASAQ-AL,44,0.4745239397071824,2031
007/041-Cycling-4y-ASAQ-AL,45,0.4530903643919584,2031
007/041-Cycling-4y-ASAQ-AL,46,0.4236578680024657,2031
007/041-Cycling-4y-ASAQ-AL,47,0.5058483426221282,2031
007/041-Cycling-4y-ASAQ-AL,48,0.5353125749024769,2031
007/041-Cycling-4y-ASAQ-AL,49,0.4353892455857027,2031
007/041-Cycling-4y-ASAQ-AL,50,0.5102967184710927,2031
007/041-Cycling-4y-ASAQ-AL,51,0.5776438215675985,2031
007/041-Cycling-4y-ASAQ-AL,52,0.5381623722443841,2031
007/041-Cycling-4y-ASAQ-AL,53,0.4090039327456392,2031
007/041-Cycling-4y-ASAQ-AL,54,0.4633636295273045,2031
007/041-Cycling-4y-ASAQ-AL,55,0.4838805205518176,2031
007/041-Cycling-4y-ASAQ-AL,56,0.39556216044601983,2031
007/041-Cycling-4y-ASAQ-AL,57,0.3821178242605569,2031
007/041-Cycling-4y-ASAQ-AL,58,0.35605650357255425,2031
007/041-Cycling-4y-ASAQ-AL,59,0.40097145542844587,2031
007/041-Cycling-4y-ASAQ-AL,60,0.517486546338623,2031
007/041-Cycling-4y-ASAQ-AL,61,0.4841093136484457,2031
007/041-Cycling-4y-ASAQ-AL,62,0.47691999438366156,2031
007/041-Cycling-4y-ASAQ-AL,63,0.5273023747268472,2031
007/041-Cycling-4y-ASAQ-AL,64,0.4381612583227275,2031
007/041-Cycling-4y-ASAQ-AL,65,0.4868808408432934,2031
007/041-Cycling-4y-ASAQ-AL,66,0.4475427488537316,2031
007/041-Cycling-4y-ASAQ-AL,67,0.5201097350461207,2031
007/041-Cycling-4y-ASAQ-AL,68,0.502721979748228,2031
007/041-Cycling-4y-ASAQ-AL,69,0.4824561148115356,2031
007/041-Cycling-4y-ASAQ-AL,70,0.6783485276356878,2031
007/041-Cycling-4y-ASAQ-AL,71,0.5285356717028585,2031
007/041-Cycling-4y-ASAQ-AL,72,0.5828158870793946,2031
007/041-Cycling-4y-ASAQ-AL,73,0.40821783313233184,2031
007/041-Cycling-4y-ASAQ-AL,74,0.39247905914446873,2031
007/041-Cycling-4y-ASAQ-AL,75,0.44360663798690175,2031
007/041-Cycling-4y-ASAQ-AL,76,0.610069200059797,2031
007/041-Cycling-4y-ASAQ-AL,77,0.5869495083588658,2031
007/041-Cycling-4y-ASAQ-AL,78,0.5352911001607122,2031
007/041-Cycling-4y-ASAQ-AL,79,0.4337389597925656,2031
007/041-Cycling-4y-ASAQ-AL,80,0.43736108117822753,2031
007/041-Cycling-4y-ASAQ-AL,81,0.4905101241382466,2031
007/041-Cycling-4y-ASAQ-AL,82,0.5752899634499117,2031
007/041-Cycling-4y-ASAQ-AL,83,0.47450030815669636,2031
007/041-Cycling-4y-ASAQ-AL,84,0.5344153720755137,2031
007/041-Cycling-4y-ASAQ-AL,85,0.4239842769771336,2031
007/041-Cycling-4y-ASAQ-AL,86,0.4944271444666053,2031
007/041-Cycling-4y-ASAQ-AL,87,0.4955990405422517,2031
007/041-Cycling-4y-ASAQ-AL,88,0.5285198493901998,2031
007/041-Cycling-4y-ASAQ-AL,89,0.5922122355599678,2031
007/041-Cycling-4y-ASAQ-AL,90,0.4105653698859675,2031
007/041-Cycling-4y-ASAQ-AL,91,0.44117754422412664,2031
007/041-Cycling-4y-ASAQ-AL,92,0.4690471998970394,2031
007/041-Cycling-4y-ASAQ-AL,93,0.420883748869729,2031
007/041-Cycling-4y-ASAQ-AL,94,0.44425395091415393,2031
007/041-Cycling-4y-ASAQ-AL,95,0.4462898736341623,2031
007/041-Cycling-4y-ASAQ-AL,96,0.44964515476619366,2031
007/041-Cycling-4y-ASAQ-AL,97,0.45870913470426605,2031
007/041-Cycling-4y-ASAQ-AL,98,0.5094692623329843,2031
007/041-Cycling-4y-ASAQ-AL,99,0.5454619624000993,2031
007/042-Cycling-4y-ASAQ-DHAPPQ,0,0.3271507810804401,2031
007/042-Cycling-4y-ASAQ-DHAPPQ,1,0.38066332471749487,2031
007/042-Cycling-4y-ASAQ-DHAPPQ,2,0.3881872857442264,2031
007/042-Cycling-4y-ASAQ-DHAPPQ,3,0.4727804731686871,2031
007/042-Cycling-4y-ASAQ-DHAPPQ,4,0.425339015999232,2031
007/042-Cycling-4y-ASAQ-DHAPPQ,5,0.39353846489450944,2031
007/042-Cycling-4y-ASAQ-DHAPPQ,6,0.27040651584472636,2031
007/042-Cycling-4y-ASAQ-DHAPPQ,7,0.3520003889720013,2031
007/042-Cycling-4y-ASAQ-DHAPPQ,8,0.3833058503923843,2031
007/042-Cycling-4y-ASAQ-DHAPPQ,9,0.3182929105047062,2031
007/042-Cycling-4y-ASAQ-DHAPPQ,10,0.43977537663095273,2031
007/042-Cycling-4y-ASAQ-DHAPPQ,11,0.4641062584853562,2031
007/042-Cycling-4y-ASAQ-DHAPPQ,12,0.43836769254984825,2031
007/042-Cycling-4y-ASAQ-DHAPPQ,13,0.4692938856564733,2031
007/042-Cycling-4y-ASAQ-DHAPPQ,14,0.42580406335410087,2031
007/042-Cycling-4y-ASAQ-DHAPPQ,15,0.41785610500123194,2031
007/042-Cycling-4y-ASAQ-DHAPPQ,16,0.44805375512622153,2031
007/042-Cycling-4y-ASAQ-DHAPPQ,17,0.464469936578338,2031
007/042-Cycling-4y-ASAQ-DHAPPQ,18,0.40018456381474854,2031
007/042-Cycling-4y-ASAQ-DHAPPQ,19,0.3656931759293929,2031
007/042-Cycling-4y-ASAQ-DHAPPQ,20,0.32758607584796345,2031
007/042-Cycling-4y-ASAQ-DHAPPQ,21,0.37061635408170307,2031
007/042-Cycling-4y-ASAQ-DHAPPQ,22,0.4188393133206256,2031
007/042-Cycling-4y-ASAQ-DHAPPQ,23,0.39890268827412245,2031
007/042-Cycling-4y-ASAQ-DHAPPQ,24,0.3900476658315297,2031
007/042-Cycling-4y-ASAQ-DHAPPQ,25,0.36627145946990464,2031
007/042-Cycling-4y-ASAQ-DHAPPQ,26,0.4004514393232952,2031
007/042-Cycling-4y-ASAQ-DHAPPQ,27,0.36277463262261506,2031
007/042-Cycling-4y-ASAQ-DHAPPQ,28,0.40018286927061975,2031
007/042-Cycling-4y-ASAQ-DHAPPQ,29,0.42647360499100495,2031
007/042-Cycling-4y-ASAQ-DHAPPQ,30,0.41100111396983346,2031
007/042-Cycling-4y-ASAQ-DHAPPQ,31,0.38283215603360987,2031
007/042-Cycling-4y-ASAQ-DHAPPQ,32,0.40246596211560154,2031
007/042-Cycling-4y-ASAQ-DHAPPQ,33,0.33879387909380504,2031
007/042-Cycling-4y-ASAQ-DHAPPQ,34,0.36309909645346766,2031
007/042-Cycling-4y-ASAQ-DHAPPQ,35,0.35283127774596484,2031
007/042-Cycling-4y-ASAQ-DHAPPQ,36,0.3580273793729236,2031
007/042-Cycling-4y-ASAQ-DHAPPQ,37,0.4201896114215898,2031
007/042-Cycling-4y-ASAQ-DHAPPQ,38,0.3802339111825684,2031
007/042-Cycling-4y-ASAQ-DHAPPQ,39,0.4045805887173011,2031
007/042-Cycling-4y-ASAQ-DHAPPQ,40,0.3939989828505999,2031
007/042-Cycling-4y-ASAQ-DHAPPQ,41,0.4210467698848335,2031
007/042-Cycling-4y-ASAQ-DHAPPQ,42,0.36887101873521577,2031
007/042-Cycling-4y-ASAQ-DHAPPQ,43,0.4042361594523239,2031
007/042-Cycling-4y-ASAQ-DHAPPQ,44,0.462221644773287,2031
007/042-Cycling-4y-ASAQ-DHAPPQ,45,0.4336100922191286,2031
007/042-Cycling-4y-ASAQ-DHAPPQ,46,0.5284712618580217,2031
007/042-Cycling-4y-ASAQ-DHAPPQ,47,0.38424128256873646,2031
007/042-Cycling-4y-ASAQ-DHAPPQ,48,0.489521135048996,2031
007/042-Cycling-4y-ASAQ-DHAPPQ,49,0.30640937984887523,2031
007/042-Cycling-4y-ASAQ-DHAPPQ,50,0.29144374241739807,2031
007/042-Cycling-4y-ASAQ-DHAPPQ,51,0.3860161781789014,2031
007/042-Cycling-4y-ASAQ-DHAPPQ,52,0.35736756028207317,2031
007/042-Cycling-4y-ASAQ-DHAPPQ,53,0.29881859491003104,2031
007/042-Cycling-4y-ASAQ-DHAPPQ,54,0.4579785382636717,2031
007/042-Cycling-4y-ASAQ-DHAPPQ,55,0.3695020395776451,2031
007/042-Cycling-4y-ASAQ-DHAPPQ,56,0.49282696002257714,2031
007/042-Cycling-4y-ASAQ-DHAPPQ,57,0.38399735720469114,2031
007/042-Cycling-4y-ASAQ-DHAPPQ,58,0.394045757563606,2031
007/042-Cycling-4y-ASAQ-DHAPPQ,59,0.5002079174141437,2031
007/042-Cycling-4y-ASAQ-DHAPPQ,60,0.4332369353627668,2031
007/042-Cycling-4y-ASAQ-DHAPPQ,61,0.37458705815481613,2031
007/042-Cycling-4y-ASAQ-DHAPPQ,62,0.35871052598486464,2031
007/042-Cycling-4y-ASAQ-DHAPPQ,63,0.35270559477846475,2031
007/042-Cycling-4y-ASAQ-DHAPPQ,64,0.3681260393550267,2031
007/042-Cycling-4y-ASAQ-DHAPPQ,65,0.4279109403305705,2031
007/042-Cycling-4y-ASAQ-DHAPPQ,66,0.36184534566534826,2031
007/042-Cycling-4y-ASAQ-DHAPPQ,67,0.3639526938016721,2031
007/042-Cycling-4y-ASAQ-DHAPPQ,68,0.294286672817042,2031
007/042-Cycling-4y-ASAQ-DHAPPQ,69,0.4855592594968788,2031
007/042-Cycling-4y-ASAQ-DHAPPQ,70,0.371308041813226,2031
007/042-Cycling-4y-ASAQ-DHAPPQ,71,0.3800401816952064,2031
007/042-Cycling-4y-ASAQ-DHAPPQ,72,0.37393220817817335,2031
007/042-Cycling-4y-ASAQ-DHAPPQ,73,0.4075776875059007,2031
007/042-Cycling-4y-ASAQ-DHAPPQ,74,0.381240896731253,2031
007/042-Cycling-4y-ASAQ-DHAPPQ,75,0.5263009546961197,2031
007/042-Cycling-4y-ASAQ-DHAPPQ,76,0.43674017462876763,2031
007/042-Cycling-4y-ASAQ-DHAPPQ,77,0.3288703735575278,2031
007/042-Cycling-4y-ASAQ-DHAPPQ,78,0.4627926341641197,2031
007/042-Cycling-4y-ASAQ-DHAPPQ,79,0.3833976087526208,2031
007/042-Cycling-4y-ASAQ-DHAPPQ,80,0.25719408204507344,2031
007/042-Cycling-4y-ASAQ-DHAPPQ,81,0.31588517671313243,2031
007/042-Cycling-4y-ASAQ-DHAPPQ,82,0.3937905976027263,2031
007/042-Cycling-4y-ASAQ-DHAPPQ,83,0.30323074441413356,2031
007/042-Cycling-4y-ASAQ-DHAPPQ,84,0.4105167098915556,2031
007/042-Cycling-4y-ASAQ-DHAPPQ,85,0.3935938990962258,2031
007/042-Cycling-4y-ASAQ-DHAPPQ,86,0.37406516107433796,2031
007/042-Cycling-4y-ASAQ-DHAPPQ,87,0.4433336183012749,2031
007/042-Cycling-4y-ASAQ-DHAPPQ,88,0.48315679818632135,2031
007/042-Cycling-4y-ASAQ-DHAPPQ,89,0.36768463478875774,2031
007/042-Cycling-4y-ASAQ-DHAPPQ,90,0.3611955093676567,2031
007/042-Cycling-4y-ASAQ-DHAPPQ,91,0.478546304665383,2031
007/042-Cycling-4y-ASAQ-DHAPPQ,92,0.36451965012296356,2031
007/042-Cycling-4y-ASAQ-DHAPPQ,93,0.34283706050586155,2031
007/042-Cycling-4y-ASAQ-DHAPPQ,94,0.35364291580799095,2031
007/042-Cycling-4y-ASAQ-DHAPPQ,95,0.4285841941616691,2031
007/042-Cycling-4y-ASAQ-DHAPPQ,96,0.36830428251809394,2031
007/042-Cycling-4y-ASAQ-DHAPPQ,97,0.3822424383555075,2031
007/042-Cycling-4y-ASAQ-DHAPPQ,98,0.35302926729122147,2031
007/042-Cycling-4y-ASAQ-DHAPPQ,99,0.3190710041574875,2031
007/043-Cycling-4y-DHAPPQ-AL,0,0.730177321210066,2031
007/043-Cycling-4y-DHAPPQ-AL,1,0.7101418540147653,2031
007/043-Cycling-4y-DHAPPQ-AL,2,0.7557298453669626,2031
007/043-Cycling-4y-DHAPPQ-AL,3,0.6451529337599958,2031
007/043-Cycling-4y-DHAPPQ-AL,4,0.7510823013391232,2031
007/043-Cycling-4y-DHAPPQ-AL,5,0.6566555452565211,2031
007/043-Cycling-4y-DHAPPQ-AL,6,0.6600886442703405,2031
007/043-Cycling-4y-DHAPPQ-AL,7,0.7225432972164767,2031
007/043-Cycling-4y-DHAPPQ-AL,8,0.6447986301431355,2031
007/043-Cycling-4y-DHAPPQ-AL,9,0.6564634397099821,2031
007/043-Cycling-4y-DHAPPQ-AL,10,0.7088866045953255,2031
007/043-Cycling-4y-DHAPPQ-AL,11,0.746564999102052,2031
007/043-Cycling-4y-DHAPPQ-AL,12,0.6780255414431484,2031
007/043-Cycling-4y-DHAPPQ-AL,13,0.6146802505898189,2031
007/043-Cycling-4y-DHAPPQ-AL,14,0.6523856843175774,2031
007/043-Cycling-4y-DHAPPQ-AL,15,0.6872288206984377,2031
007/043-Cycling-4y-DHAPPQ-AL,16,0.6253647499264462,2031
007/043-Cycling-4y-DHAPPQ-AL,17,0.5854138309869462,2031
007/043-Cycling-4y-DHAPPQ-AL,18,0.6729837887410651,2031
007/043-Cycling-4y-DHAPPQ-AL,19,0.6714831259139048,2031
007/043-Cycling-4y-DHAPPQ-AL,20,0.6758928017963916,2031
007/043-Cycling-4y-DHAPPQ-AL,21,0.7319288563793545,2031
007/043-Cycling-4y-DHAPPQ-AL,22,0.7144843044888813,2031
007/043-Cycling-4y-DHAPPQ-AL,23,0.6292004083276947,2031
007/043-Cycling-4y-DHAPPQ-AL,24,0.6637213021814617,2031
007/043-Cycling-4y-DHAPPQ-AL,25,0.7051087777314692,2031
007/043-Cycling-4y-DHAPPQ-AL,26,0.6428978967358338,2031
007/043-Cycling-4y-DHAPPQ-AL,27,0.6318642319718508,2031
007/043-Cycling-4y-DHAPPQ-AL,28,0.6671258072920336,2031
007/043-Cycling-4y-DHAPPQ-AL,29,0.6108190840153686,2031
007/043-Cycling-4y-DHAPPQ-AL,30,0.5639937851983511,2031
007/043-Cycling-4y-DHAPPQ-AL,31,0.6769990741618973,2031
007/043-Cycling-4y-DHAPPQ-AL,32,0.6810862382106082,2031
007/043-Cycling-4y-DHAPPQ-AL,33,0.7196379021753323,2031
007/043-Cycling-4y-DHAPPQ-AL,34,0.6361755478533774,2031
007/043-Cycling-4y-DHAPPQ-AL,35,0.6940399322452643,2031
007/043-Cycling-4y-DHAPPQ-AL,36,0.6264845654712968,2031
007/043-Cycling-4y-DHAPPQ-AL,37,0.7967316812943372,2031
007/043-Cycling-4y-DHAPPQ-AL,38,0.742094855990794,2031
007/043-Cycling-4y-DHAPPQ-AL,39,0.7223091354494665,2031
007/043-Cycling-4y-DHAPPQ-AL,40,0.6773391030363897,2031
007/043-Cycling-4y-DHAPPQ-AL,41,0.6796785200650245,2031
007/043-Cycling-4y-DHAPPQ-AL,42,0.7237955363530998,2031
007/043-Cycling-4y-DHAPPQ-AL,43,0.6925814584918256,2031
007/043-Cycling-4y-DHAPPQ-AL,44,0.6851522400854552,2031
007/043-Cycling-4y-DHAPPQ-AL,45,0.6725141419210998,2031
007/043-Cycling-4y-DHAPPQ-AL,46,0.7146657186405806,2031
007/043-Cycling-4y-DHAPPQ-AL,47,0.7026684099684002,2031
007/043-Cycling-4y-DHAPPQ-AL,48,0.715139306115343,2031
007/043-Cycling-4y-DHAPPQ-AL,49,0.584303114282898,2031
007/043-Cycling-4y-DHAPPQ-AL,50,0.6958819087714919,2031
007/043-Cycling-4y-DHAPPQ-AL,51,0.6478966844479067,2031
007/043-Cycling-4y-DHAPPQ-AL,52,0.7048211823973191,2031
007/043-Cycling-4y-DHAPPQ-AL,53,0.6760030221245664,2031
007/043-Cycling-4y-DHAPPQ-AL,54,0.6207055928350401,2031
007/043-Cycling-4y-DHAPPQ-AL,55,0.6639707780842886,2031
007/043-Cycling-4y-DHAPPQ-AL,56,0.662100380066495,2031
007/043-Cycling-4y-DHAPPQ-AL,57,0.6972637333280675,2031
007/043-Cycling-4y-DHAPPQ-AL,58,0.7618102916327963,2031
007/043-Cycling-4y-DHAPPQ-AL,59,0.7015526096931265,2031
007/043-Cycling-4y-DHAPPQ-AL,60,0.543885224567421,2031
007/043-Cycling-4y-DHAPPQ-AL,61,0.6850773828474171,2031
007/043-Cycling-4y-DHAPPQ-AL,62,0.7966373914678319,2031
007/043-Cycling-4y-DHAPPQ-AL,63,0.7051641445290255,2031
007/043-Cycling-4y-DHAPPQ-AL,64,0.5812717507686561,2031
007/043-Cycling-4y-DHAPPQ-AL,65,0.6948360149054115,2031
007/043-Cycling-4y-DHAPPQ-AL,66,0.5540502361246729,2031
007/043-Cycling-4y-DHAPPQ-AL,67,0.7240519007184897,2031
007/043-Cycling-4y-DHAPPQ-AL,68,0.6576465433300651,2031
007/043-Cycling-4y-DHAPPQ-AL,69,0.7232760943783555,2031
007/043-Cycling-4y-DHAPPQ-AL,70,0.6291625161223603,2031
007/043-Cycling-4y-DHAPPQ-AL,71,0.6479069523038179,2031
007/043-Cycling-4y-DHAPPQ-AL,72,0.6907634592355979,2031
007/043-Cycling-4y-DHAPPQ-AL,73,0.7310415464650865,2031
007/043-Cycling-4y-DHAPPQ-AL,74,0.653470990557531,2031
007/043-Cycling-4y-DHAPPQ-AL,75,0.6453215400470403,2031
007/043-Cycling-4y-DHAPPQ-AL,76,0.6291557421231776,2031
007/043-Cycling-4y-DHAPPQ-AL,77,0.6407870283973142,2031
007/043-Cycling-4y-DHAPPQ-AL,78,0.6727323153313454,2031
007/043-Cycling-4y-DHAPPQ-AL,79,0.7808822476900831,2031
007/043-Cycling-4y-DHAPPQ-AL,80,0.6631952729075007,2031
007/043-Cycling-4y-DHAPPQ-AL,81,0.6808272530164401,2031
007/043-Cycling-4y-DHAPPQ-AL,82,0.6925071485570301,2031
007/043-Cycling-4y-DHAPPQ-AL,83,0.6880695750546827,2031
007/043-Cycling-4y-DHAPPQ-AL,84,0.7440493452416499,2031
007/043-Cycling-4y-DHAPPQ-AL,85,0.642759769303386,2031
007/043-Cycling-4y-DHAPPQ-AL,86,0.6687268381919084,2031
007/043-Cycling-4y-DHAPPQ-AL,87,0.6623530318310933,2031
007/043-Cycling-4y-DHAPPQ-AL,88,0.7269929633061362,2031
007/043-Cycling-4y-DHAPPQ-AL,89,0.6749748811030631,2031
007/043-Cycling-4y-DHAPPQ-AL,90,0.725882582503964,2031
007/043-Cycling-4y-DHAPPQ-AL,91,0.673502302524276,2031
007/043-Cycling-4y-DHAPPQ-AL,92,0.7337742134659723,2031
007/043-Cycling-4y-DHAPPQ-AL,93,0.6531995947368722,2031
007/043-Cycling-4y-DHAPPQ-AL,94,0.6869945259207689,2031
007/043-Cycling-4y-DHAPPQ-AL,95,0.6261205234816749,2031
007/043-Cycling-4y-DHAPPQ-AL,96,0.6374667656472615,2031
007/043-Cycling-4y-DHAPPQ-AL,97,0.5888883444114262,2031
007/043-Cycling-4y-DHAPPQ-AL,98,0.6587085063394847,2031
007/043-Cycling-4y-DHAPPQ-AL,99,0.638599722487302,2031
007/044-Cycling-4y-DHAPPQ-ASAQ,0,0.567261853253414,2031
007/044-Cycling-4y-DHAPPQ-ASAQ,1,0.5670231159447581,2031
007/044-Cycling-4y-DHAPPQ-ASAQ,2,0.5698873422502791,2031
007/044-Cycling-4y-DHAPPQ-ASAQ,3,0.644512275928197,2031
007/044-Cycling-4y-DHAPPQ-ASAQ,4,0.4608035638686825,2031
007/044-Cycling-4y-DHAPPQ-ASAQ,5,0.4592179499207376,2031
007/044-Cycling-4y-DHAPPQ-ASAQ,6,0.5610168880388327,2031
007/044-Cycling-4y-DHAPPQ-ASAQ,7,0.520365198080709,2031
007/044-Cycling-4y-DHAPPQ-ASAQ,8,0.46980524099029725,2031
007/044-Cycling-4y-DHAPPQ-ASAQ,9,0.5986234210536157,2031
007/044-Cycling-4y-DHAPPQ-ASAQ,10,0.5083158853779676,2031
007/044-Cycling-4y-DHAPPQ-ASAQ,11,0.5461955144899816,2031
007/044-Cycling-4y-DHAPPQ-ASAQ,12,0.5675305187201687,2031
007/044-Cycling-4y-DHAPPQ-ASAQ,13,0.5905010604781334,2031
007/044-Cycling-4y-DHAPPQ-ASAQ,14,0.5408369054227541,2031
007/044-Cycling-4y-DHAPPQ-ASAQ,15,0.47256081697385427,2031
007/044-Cycling-4y-DHAPPQ-ASAQ,16,0.6114418731452606,2031
007/044-Cycling-4y-DHAPPQ-ASAQ,17,0.593429635987441,2031
007/044-Cycling-4y-DHAPPQ-ASAQ,18,0.6118135876341056,2031
007/044-Cycling-4y-DHAPPQ-ASAQ,19,0.44850576136906534,2031
007/044-Cycling-4y-DHAPPQ-ASAQ,20,0.4931095344013558,2031
007/044-Cycling-4y-DHAPPQ-ASAQ,21,0.6144344423513033,2031
007/044-Cycling-4y-DHAPPQ-ASAQ,22,0.48305812875062654,2031
007/044-Cycling-4y-DHAPPQ-ASAQ,23,0.5536550333215975,2031
007/044-Cycling-4y-DHAPPQ-ASAQ,24,0.48716113265146954,2031
007/044-Cycling-4y-DHAPPQ-ASAQ,25,0.5679045102132997,2031
007/044-Cycling-4y-DHAPPQ-ASAQ,26,0.5260926551832813,2031
007/044-Cycling-4y-DHAPPQ-ASAQ,27,0.5935249974051106,2031
007/044-Cycling-4y-DHAPPQ-ASAQ,28,0.4958211009800739,2031
007/044-Cycling-4y-DHAPPQ-ASAQ,29,0.5459713421985414,2031
007/044-Cycling-4y-DHAPPQ-ASAQ,30,0.5210969535793148,2031
007/044-Cycling-4y-DHAPPQ-ASAQ,31,0.5581787122521166,2031
007/044-Cycling-4y-DHAPPQ-ASAQ,32,0.4526729099063556,2031
007/044-Cycling-4y-DHAPPQ-ASAQ,33,0.5639980554525371,2031
007/044-Cycling-4y-DHAPPQ-ASAQ,34,0.4449054152401308,2031
007/044-Cycling-4y-DHAPPQ-ASAQ,35,0.546211464784918,2031
007/044-Cycling-4y-DHAPPQ-ASAQ,36,0.5080799298977342,2031
007/044-Cycling-4y-DHAPPQ-ASAQ,37,0.6283085444768777,2031
007/044-Cycling-4y-DHAPPQ-ASAQ,38,0.5565434002538722,2031
007/044-Cycling-4y-DHAPPQ-ASAQ,39,0.5952251195439965,2031
007/044-Cycling-4y-DHAPPQ-ASAQ,40,0.47481147508022875,2031
007/044-Cycling-4y-DHAPPQ-ASAQ,41,0.560575583730764,2031
007/044-Cycling-4y-DHAPPQ-ASAQ,42,0.5301100199722139,2031
007/044-Cycling-4y-DHAPPQ-ASAQ,43,0.5630482521109594,2031
007/044-Cycling-4y-DHAPPQ-ASAQ,44,0.5814584187905705,2031
007/044-Cycling-4y-DHAPPQ-ASAQ,45,0.47471477655817856,2031
007/044-Cycling-4y-DHAPPQ-ASAQ,46,0.556074382898554,2031
007/044-Cycling-4y-DHAPPQ-ASAQ,47,0.5769209414310096,2031
007/044-Cycling-4y-DHAPPQ-ASAQ,48,0.5111848501139634,2031
007/044-Cycling-4y-DHAPPQ-ASAQ,49,0.5689685448934236,2031
007/044-Cycling-4y-DHAPPQ-ASAQ,50,0.5550311023685192,2031
007/044-Cycling-4y-DHAPPQ-ASAQ,51,0.5245671501271459,2031
007/044-Cycling-4y-DHAPPQ-ASAQ,52,0.5128155966443175,2031
007/044-Cycling-4y-DHAPPQ-ASAQ,53,0.427397655680432,2031
007/044-Cycling-4y-DHAPPQ-ASAQ,54,0.5247934031902147,2031
007/044-Cycling-4y-DHAPPQ-ASAQ,55,0.5828061971791235,2031
007/044-Cycling-4y-DHAPPQ-ASAQ,56,0.5523253410889132,2031
007/044-Cycling-4y-DHAPPQ-ASAQ,57,0.46422762143762214,2031
007/044-Cycling-4y-DHAPPQ-ASAQ,58,0.5032310048421694,2031
007/044-Cycling-4y-DHAPPQ-ASAQ,59,0.6364094556484561,2031
007/044-Cycling-4y-DHAPPQ-ASAQ,60,0.5488581199636082,2031
007/044-Cycling-4y-DHAPPQ-ASAQ,61,0.5400364045539288,2031
007/044-Cycling-4y-DHAPPQ-ASAQ,62,0.48015590086201093,2031
007/044-Cycling-4y-DHAPPQ-ASAQ,63,0.5179639916566736,2031
007/044-Cycling-4y-DHAPPQ-ASAQ,64,0.5098018143819939,2031
007/044-Cycling-4y-DHAPPQ-ASAQ,65,0.5844628887716304,2031
007/044-Cycling-4y-DHAPPQ-ASAQ,66,0.5553965355053823,2031
007/044-Cycling-4y-DHAPPQ-ASAQ,67,0.508937013090384,2031
007/044-Cycling-4y-DHAPPQ-ASAQ,68,0.6080032702933414,2031
007/044-Cycling-4y-DHAPPQ-ASAQ,69,0.5315386081032776,2031
007/044-Cycling-4y-DHAPPQ-ASAQ,70,0.5144958875725311,2031
007/044-Cycling-4y-DHAPPQ-ASAQ,71,0.43445997564511746,2031
007/044-Cycling-4y-DHAPPQ-ASAQ,72,0.51659314815614,2031
007/044-Cycling-4y-DHAPPQ-ASAQ,73,0.5310516311362975,2031
007/044-Cycling-4y-DHAPPQ-ASAQ,74,0.5131348910134105,2031
007/044-Cycling-4y-DHAPPQ-ASAQ,75,0.5218300035796201,2031
007/044-Cycling-4y-DHAPPQ-ASAQ,76,0.5848614659204371,2031
007/044-Cycling-4y-DHAPPQ-ASAQ,77,0.52191682680214,2031
007/044-Cycling-4y-DHAPPQ-ASAQ,78,0.5208648542211344,2031
007/044-Cycling-4y-DHAPPQ-ASAQ,79,0.5632103176851112,2031
007/044-Cycling-4y-DHAPPQ-ASAQ,80,0.5283584145729294,2031
007/044-Cycling-4y-DHAPPQ-ASAQ,81,0.503332406004638,2031
007/044-Cycling-4y-DHAPPQ-ASAQ,82,0.46070880775228545,2031
007/044-Cycling-4y-DHAPPQ-ASAQ,83,0.5830095291448688,2031
007/044-Cycling-4y-DHAPPQ-ASAQ,84,0.5456656202084599,2031
007/044-Cycling-4y-DHAPPQ-ASAQ,85,0.5627289963481502,2031
007/044-Cycling-4y-DHAPPQ-ASAQ,86,0.5958263607862085,2031
007/044-Cycling-4y-DHAPPQ-ASAQ,87,0.49432742035185256,2031
007/044-Cycling-4y-DHAPPQ-ASAQ,88,0.48906447980845796,2031
007/044-Cycling-4y-DHAPPQ-ASAQ,89,0.549962265598477,2031
007/044-Cycling-4y-DHAPPQ-ASAQ,90,0.5704921367645671,2031
007/044-Cycling-4y-DHAPPQ-ASAQ,91,0.5409267896615266,2031
007/044-Cycling-4y-DHAPPQ-ASAQ,92,0.49729611088619324,2031
007/044-Cycling-4y-DHAPPQ-ASAQ,93,0.5943517960572042,2031
007/044-Cycling-4y-DHAPPQ-ASAQ,94,0.7514481566332422,2031
007/044-Cycling-4y-DHAPPQ-ASAQ,95,0.5480595557123124,2031
007/044-Cycling-4y-DHAPPQ-ASAQ,96,0.578638487991087,2031
007/044-Cycling-4y-DHAPPQ-ASAQ,97,0.6175127839190335,2031
007/044-Cycling-4y-DHAPPQ-ASAQ,98,0.529162917516436,2031
007/044-Cycling-4y-DHAPPQ-ASAQ,99,0.52633675720379,2031
007/045-Cycling-4y-AL-ASAQ-DHAPPQ,0,0.648587670460508,2031
007/045-Cycling-4y-AL-ASAQ-DHAPPQ,1,0.6087241990543765,2031
007/045-Cycling-4y-AL-ASAQ-DHAPPQ,2,0.5425037918547487,2031
007/045-Cycling-4y-AL-ASAQ-DHAPPQ,3,0.573777215422148,2031
007/045-Cycling-4y-AL-ASAQ-DHAPPQ,4,0.6003509679685887,2031
007/045-Cycling-4y-AL-ASAQ-DHAPPQ,5,0.5773781108267793,2031
007/045-Cycling-4y-AL-ASAQ-DHAPPQ,6,0.5764677985651605,2031
007/045-Cycling-4y-AL-ASAQ-DHAPPQ,7,0.6290870105490851,2031
007/045-Cycling-4y-AL-ASAQ-DHAPPQ,8,0.6487115897325102,2031
007/045-Cycling-4y-AL-ASAQ-DHAPPQ,9,0.5798795903875212,2031
007/045-Cycling-4y-AL-ASAQ-DHAPPQ,10,0.6760591570770894,2031
007/045-Cycling-4y-AL-ASAQ-DHAPPQ,11,0.6113091878846583,2031
007/045-Cycling-4y-AL-ASAQ-DHAPPQ,12,0.5425812131434142,2031
007/045-Cycling-4y-AL-ASAQ-DHAPPQ,13,0.5182975020728942,2031
007/045-Cycling-4y-AL-ASAQ-DHAPPQ,14,0.5941252575828175,2031
007/045-Cycling-4y-AL-ASAQ-DHAPPQ,15,0.5767858938051177,2031
007/045-Cycling-4y-AL-ASAQ-DHAPPQ,16,0.5969018411733447,2031
007/045-Cycling-4y-AL-ASAQ-DHAPPQ,17,0.5865282476822379,2031
007/045-Cycling-4y-AL-ASAQ-DHAPPQ,18,0.5622611074151145,2031
007/045-Cycling-4y-AL-ASAQ-DHAPPQ,19,0.599487233254675,2031
007/045-Cycling-4y-AL-ASAQ-DHAPPQ,20,0.5819361279319043,2031
007/045-Cycling-4y-AL-ASAQ-DHAPPQ,21,0.5169093982307877,2031
007/045-Cycling-4y-AL-ASAQ-DHAPPQ,22,0.6649989549142622,2031
007/045-Cycling-4y-AL-ASAQ-DHAPPQ,23,0.5182414362845802,2031
007/045-Cycling-4y-AL-ASAQ-DHAPPQ,24,0.6232772894615077,2031
007/045-Cycling-4y-AL-ASAQ-DHAPPQ,25,0.5892749226866182,2031
007/045-Cycling-4y-AL-ASAQ-DHAPPQ,26,0.6533134136046826,2031
007/045-Cycling-4y-AL-ASAQ-DHAPPQ,27,0.5754734497022351,2031
007/045-Cycling-4y-AL-ASAQ-DHAPPQ,28,0.5939190637771804,2031
007/045-Cycling-4y-AL-ASAQ-DHAPPQ,29,0.5600769744970167,2031
007/045-Cycling-4y-AL-ASAQ-DHAPPQ,30,0.7020043731920561,2031
007/045-Cycling-4y-AL-ASAQ-DHAPPQ,31,0.600561246488574,2031
007/045-Cycling-4y-AL-ASAQ-DHAPPQ,32,0.653412448462186,2031
007/045-Cycling-4y-AL-ASAQ-DHAPPQ,33,0.44988921730010584,2031
007/045-Cycling-4y-AL-ASAQ-DHAPPQ,34,0.5598956870296616,2031
007/045-Cycling-4y-AL-ASAQ-DHAPPQ,35,0.5700163006847337,2031
007/045-Cycling-4y-AL-ASAQ-DHAPPQ,36,0.5913150734262616,2031
007/045-Cycling-4y-AL-ASAQ-DHAPPQ,37,0.48929200984356475,2031
007/045-Cycling-4y-AL-ASAQ-DHAPPQ,38,0.6395617914404584,2031
007/045-Cycling-4y-AL-ASAQ-DHAPPQ,39,0.5968273729371315,2031
007/045-Cycling-4y-AL-ASAQ-DHAPPQ,40,0.5387570233837293,2031
007/045-Cycling-4y-AL-ASAQ-DHAPPQ,41,0.6380167212052837,2031
007/045-Cycling-4y-AL-ASAQ-DHAPPQ,42,0.6322074826177396,2031
007/045-Cycling-4y-AL-ASAQ-DHAPPQ,43,0.5956245854109915,2031
007/045-Cycling-4y-AL-ASAQ-DHAPPQ,44,0.4885980497843961,2031
007/045-Cycling-4y-AL-ASAQ-DHAPPQ,45,0.694075941671458,2031
007/045-Cycling-4y-AL-ASAQ-DHAPPQ,46,0.6098318953310259,2031
007/045-Cycling-4y-AL-ASAQ-DHAPPQ,47,0.561038865934418,2031
007/045-Cycling-4y-AL-ASAQ-DHAPPQ,48,0.5142833341882366,2031
007/045-Cycling-4y-AL-ASAQ-DHAPPQ,49,0.5491002477337036,2031
007/045-Cycling-4y-AL-ASAQ-DHAPPQ,50,0.5956843582991872,2031
007/045-Cycling-4y-AL-ASAQ-DHAPPQ,51,0.5470566474196955,2031
007/045-Cycling-4y-AL-ASAQ-DHAPPQ,52,0.5935401423367354,2031
007/045-Cycling-4y-AL-ASAQ-DHAPPQ,53,0.6073148010539452,2031
007/045-Cycling-4y-AL-ASAQ-DHAPPQ,54,0.5656008361365864,2031
007/045-Cycling-4y-AL-ASAQ-DHAPPQ,55,0.5668164708529845,2031
007/045-Cycling-4y-AL-ASAQ-DHAPPQ,56,0.6841479274143727,2031
007/045-Cycling-4y-AL-ASAQ-DHAPPQ,57,0.5651167883190987,2031
007/045-Cycling-4y-AL-ASAQ-DHAPPQ,58,0.6379309987263998,2031
007/045-Cycling-4y-AL-ASAQ-DHAPPQ,59,0.6170826235689161,2031
007/045-Cycling-4y-AL-ASAQ-DHAPPQ,60,0.49639979524044753,2031
007/045-Cycling-4y-AL-ASAQ-DHAPPQ,61,0.693133076055406,2031
007/045-Cycling-4y-AL-ASAQ-DHAPPQ,62,0.47312464514336666,2031
007/045-Cycling-4y-AL-ASAQ-DHAPPQ,63,0.5819004030540781,2031
007/045-Cycling-4y-AL-ASAQ-DHAPPQ,64,0.5708442964477174,2031
007/045-Cycling-4y-AL-ASAQ-DHAPPQ,65,0.5462739763105079,2031
007/045-Cycling-4y-AL-ASAQ-DHAPPQ,66,0.6492335084377552,2031
007/045-Cycling-4y-AL-ASAQ-DHAPPQ,67,0.5692447541862634,2031
007/045-Cycling-4y-AL-ASAQ-DHAPPQ,68,0.7073305185812188,2031
007/045-Cycling-4y-AL-ASAQ-DHAPPQ,69,0.6924562538250477,2031
007/045-Cycling-4y-AL-ASAQ-DHAPPQ,70,0.6191357555175775,2031
007/045-Cycling-4y-AL-ASAQ-DHAPPQ,71,0.6407117846270856,2031
007/045-Cycling-4y-AL-ASAQ-DHAPPQ,72,0.5839252600064587,2031
007/045-Cycling-4y-AL-ASAQ-DHAPPQ,73,0.6420533072352412,2031
007/045-Cycling-4y-AL-ASAQ-DHAPPQ,74,0.6267140797374245,2031
007/045-Cycling-4y-AL-ASAQ-DHAPPQ,75,0.6472200407583406,2031
007/045-Cycling-4y-AL-ASAQ-DHAPPQ,76,0.6753665951770585,2031
007/045-Cycling-4y-AL-ASAQ-DHAPPQ,77,0.5230211217279171,2031
007/045-Cycling-4y-AL-ASAQ-DHAPPQ,78,0.5410604419861941,2031
007/045-Cycling-4y-AL-ASAQ-DHAPPQ,79,0.7733664488976363,2031
007/045-Cycling-4y-AL-ASAQ-DHAPPQ,80,0.7126640420870879,2031
007/045-Cycling-4y-AL-ASAQ-DHAPPQ,81,0.5799514797047801,2031
007/045-Cycling-4y-AL-ASAQ-DHAPPQ,82,0.6225948547085703,2031
007/045-Cycling-4y-AL-ASAQ-DHAPPQ,83,0.438067685799615,2031
007/045-Cycling-4y-AL-ASAQ-DHAPPQ,84,0.6166324783464137,2031
007/045-Cycling-4y-AL-ASAQ-DHAPPQ,85,0.5912111440674829,2031
007/045-Cycling-4y-AL-ASAQ-DHAPPQ,86,0.5523399356037993,2031
007/045-Cycling-4y-AL-ASAQ-DHAPPQ,87,0.5821525781108375,2031
007/045-Cycling-4y-AL-ASAQ-DHAPPQ,88,0.5155957534870613,2031
007/045-Cycling-4y-AL-ASAQ-DHAPPQ,89,0.5784523343045443,2031
007/045-Cycling-4y-AL-ASAQ-DHAPPQ,90,0.5576235760346181,2031
007/045-Cycling-4y-AL-ASAQ-DHAPPQ,91,0.7379011932865073,2031
007/045-Cycling-4y-AL-ASAQ-DHAPPQ,92,0.5356035504084906,2031
007/045-Cycling-4y-AL-ASAQ-DHAPPQ,93,0.6260389946941217,2031
007/045-Cycling-4y-AL-ASAQ-DHAPPQ,94,0.588986067867341,2031
007/045-Cycling-4y-AL-ASAQ-DHAPPQ,95,0.5176195064628818,2031
007/045-Cycling-4y-AL-ASAQ-DHAPPQ,96,0.6421699053712495,2031
007/045-Cycling-4y-AL-ASAQ-DHAPPQ,97,0.6894258749694245,2031
007/045-Cycling-4y-AL-ASAQ-DHAPPQ,98,0.5047693985287617,2031
007/045-Cycling-4y-AL-ASAQ-DHAPPQ,99,0.6027180171028345,2031
007/046-Cycling-4y-AL-DHAPPQ-ASAQ,0,0.6570889721535251,2031
007/046-Cycling-4y-AL-DHAPPQ-ASAQ,1,0.6763104582870767,2031
007/046-Cycling-4y-AL-DHAPPQ-ASAQ,2,0.7059442965188021,2031
007/046-Cycling-4y-AL-DHAPPQ-ASAQ,3,0.6233869717518307,2031
007/046-Cycling-4y-AL-DHAPPQ-ASAQ,4,0.667680919177369,2031
007/046-Cycling-4y-AL-DHAPPQ-ASAQ,5,0.617099045948902,2031
007/046-Cycling-4y-AL-DHAPPQ-ASAQ,6,0.7202743104405455,2031
007/046-Cycling-4y-AL-DHAPPQ-ASAQ,7,0.6036461646517267,2031
007/046-Cycling-4y-AL-DHAPPQ-ASAQ,8,0.6544028986616693,2031
007/046-Cycling-4y-AL-DHAPPQ-ASAQ,9,0.5375440643669073,2031
007/046-Cycling-4y-AL-DHAPPQ-ASAQ,10,0.6439441808887664,2031
007/046-Cycling-4y-AL-DHAPPQ-ASAQ,11,0.7180949473356492,2031
007/046-Cycling-4y-AL-DHAPPQ-ASAQ,12,0.6787134900838403,2031
007/046-Cycling-4y-AL-DHAPPQ-ASAQ,13,0.7028806826364832,2031
007/046-Cycling-4y-AL-DHAPPQ-ASAQ,14,0.5724130701713063,2031
007/046-Cycling-4y-AL-DHAPPQ-ASAQ,15,0.6336095474830904,2031
007/046-Cycling-4y-AL-DHAPPQ-ASAQ,16,0.6063425502239799,2031
007/046-Cycling-4y-AL-DHAPPQ-ASAQ,17,0.5269293183787901,2031
007/046-Cycling-4y-AL-DHAPPQ-ASAQ,18,0.6807048150818278,2031
007/046-Cycling-4y-AL-DHAPPQ-ASAQ,19,0.5901984235545243,2031
007/046-Cycling-4y-AL-DHAPPQ-ASAQ,20,0.6895553105390834,2031
007/046-Cycling-4y-AL-DHAPPQ-ASAQ,21,0.6478726359998844,2031
007/046-Cycling-4y-AL-DHAPPQ-ASAQ,22,0.705171962466257,2031
007/046-Cycling-4y-AL-DHAPPQ-ASAQ,23,0.6386468119525165,2031
007/046-Cycling-4y-AL-DHAPPQ-ASAQ,24,0.6129277608665927,2031
007/046-Cycling-4y-AL-DHAPPQ-ASAQ,25,0.6488489468849677,2031
007/046-Cycling-4y-AL-DHAPPQ-ASAQ,26,0.5931144010812716,2031
007/046-Cycling-4y-AL-DHAPPQ-ASAQ,27,0.6259642349855923,2031
007/046-Cycling-4y-AL-DHAPPQ-ASAQ,28,0.6022348417403386,2031
007/046-Cycling-4y-AL-DHAPPQ-ASAQ,29,0.5698865050732417,2031
007/046-Cycling-4y-AL-DHAPPQ-ASAQ,30,0.6598708808442747,2031
007/046-Cycling-4y-AL-DHAPPQ-ASAQ,31,0.6947141143159015,2031
007/046-Cycling-4y-AL-DHAPPQ-ASAQ,32,0.5501376764182583,2031
007/046-Cycling-4y-AL-DHAPPQ-ASAQ,33,0.513304233505803,2031
007/046-Cycling-4y-AL-DHAPPQ-ASAQ,34,0.6651593375486199,2031
007/046-Cycling-4y-AL-DHAPPQ-ASAQ,35,0.6902550954951083,2031
007/046-Cycling-4y-AL-DHAPPQ-ASAQ,36,0.6193732947859055,2031
007/046-Cycling-4y-AL-DHAPPQ-ASAQ,37,0.6491568110154212,2031
007/046-Cycling-4y-AL-DHAPPQ-ASAQ,38,0.616359189296468,2031
007/046-Cycling-4y-AL-DHAPPQ-ASAQ,39,0.7002471803112599,2031
007/046-Cycling-4y-AL-DHAPPQ-ASAQ,40,0.5879401690967216,2031
007/046-Cycling-4y-AL-DHAPPQ-ASAQ,41,0.5881890613050107,2031
007/046-Cycling-4y-AL-DHAPPQ-ASAQ,42,0.6024119458830881,2031
007/046-Cycling-4y-AL-DHAPPQ-ASAQ,43,0.5431723294965306,2031
007/046-Cycling-4y-AL-DHAPPQ-ASAQ,44,0.692961337163208,2031
007/046-Cycling-4y-AL-DHAPPQ-ASAQ,45,0.7349248183644833,2031
007/046-Cycling-4y-AL-DHAPPQ-ASAQ,46,0.6454348845960631,2031
007/046-Cycling-4y-AL-DHAPPQ-ASAQ,47,0.6648302922252521,2031
007/046-Cycling-4y-AL-DHAPPQ-ASAQ,48,0.5880130163628657,2031
007/046-Cycling-4y-AL-DHAPPQ-ASAQ,49,0.609923383359161,2031
007/046-Cycling-4y-AL-DHAPPQ-ASAQ,50,0.743498499147369,2031
007/046-Cycling-4y-AL-DHAPPQ-ASAQ,51,0.625979008035705,2031
007/046-Cycling-4y-AL-DHAPPQ-ASAQ,52,0.578103112826642,2031
007/046-Cycling-4y-AL-DHAPPQ-ASAQ,53,0.6755458715593532,2031
007/046-Cycling-4y-AL-DHAPPQ-ASAQ,54,0.5812628201485762,2031
007/046-Cycling-4y-AL-DHAPPQ-ASAQ,55,0.6486188496450711,2031
007/046-Cycling-4y-AL-DHAPPQ-ASAQ,56,0.5890404166890073,2031
007/046-Cycling-4y-AL-DHAPPQ-ASAQ,57,0.4739630541559407,2031
007/046-Cycling-4y-AL-DHAPPQ-ASAQ,58,0.5964503015886925,2031
007/046-Cycling-4y-AL-DHAPPQ-ASAQ,59,0.5929245472937393,2031
007/046-Cycling-4y-AL-DHAPPQ-ASAQ,60,0.5479490296560022,2031
007/046-Cycling-4y-AL-DHAPPQ-ASAQ,61,0.6079082267511504,2031
007/046-Cycling-4y-AL-DHAPPQ-ASAQ,62,0.6404444046171532,2031
007/046-Cycling-4y-AL-DHAPPQ-ASAQ,63,0.5984333149872976,2031
007/046-Cycling-4y-AL-DHAPPQ-ASAQ,64,0.6320683333288959,2031
007/046-Cycling-4y-AL-DHAPPQ-ASAQ,65,0.7187292807867561,2031
007/046-Cycling-4y-AL-DHAPPQ-ASAQ,66,0.5542708508945574,2031
007/046-Cycling-4y-AL-DHAPPQ-ASAQ,67,0.6412030998673858,2031
007/046-Cycling-4y-AL-DHAPPQ-ASAQ,68,0.7282311321727747,2031
007/046-Cycling-4y-AL-DHAPPQ-ASAQ,69,0.5126853295557516,2031
007/046-Cycling-4y-AL-DHAPPQ-ASAQ,70,0.7514380792123966,2031
007/046-Cycling-4y-AL-DHAPPQ-ASAQ,71,0.6199210026631213,2031
007/046-Cycling-4y-AL-DHAPPQ-ASAQ,72,0.6500085488156967,2031
007/046-Cycling-4y-AL-DHAPPQ-ASAQ,73,0.6467844752118993,2031
007/046-Cycling-4y-AL-DHAPPQ-ASAQ,74,0.6875836546540811,2031
007/046-Cycling-4y-AL-DHAPPQ-ASAQ,75,0.5280052283839964,2031
007/046-Cycling-4y-AL-DHAPPQ-ASAQ,76,0.5796197413195053,2031
007/046-Cycling-4y-AL-DHAPPQ-ASAQ,77,0.6196042439696988,2031
007/046-Cycling-4y-AL-DHAPPQ-ASAQ,78,0.5305110197347934,2031
007/046-Cycling-4y-AL-DHAPPQ-ASAQ,79,0.5661442564360311,2031
007/046-Cycling-4y-AL-DHAPPQ-ASAQ,80,0.6793947413982689,2031
007/046-Cycling-4y-AL-DHAPPQ-ASAQ,81,0.6474369101717522,2031
007/046-Cycling-4y-AL-DHAPPQ-ASAQ,82,0.5612185868605546,2031
007/046-Cycling-4y-AL-DHAPPQ-ASAQ,83,0.6513002621485929,2031
007/046-Cycling-4y-AL-DHAPPQ-ASAQ,84,0.6836546067216606,2031
007/046-Cycling-4y-AL-DHAPPQ-ASAQ,85,0.5564469911543067,2031
007/046-Cycling-4y-AL-DHAPPQ-ASAQ,86,0.5728438967929156,2031
007/046-Cycling-4y-AL-DHAPPQ-ASAQ,87,0.7017565108923352,2031
007/046-Cycling-4y-AL-DHAPPQ-ASAQ,88,0.5702418915731688,2031
007/046-Cycling-4y-AL-DHAPPQ-ASAQ,89,0.5537813140313633,2031
007/046-Cycling-4y-AL-DHAPPQ-ASAQ,90,0.6824693239306319,2031
007/046-Cycling-4y-AL-DHAPPQ-ASAQ,91,0.6435229269336462,2031
007/046-Cycling-4y-AL-DHAPPQ-ASAQ,92,0.7092698349117468,2031
007/046-Cycling-4y-AL-DHAPPQ-ASAQ,93,0.6850842158917819,2031
007/046-Cycling-4y-AL-DHAPPQ-ASAQ,94,0.5678691500463157,2031
007/046-Cycling-4y-AL-DHAPPQ-ASAQ,95,0.5758221394651728,2031
007/046-Cycling-4y-AL-DHAPPQ-ASAQ,96,0.6835643853258387,2031
007/046-Cycling-4y-AL-DHAPPQ-ASAQ,97,0.5858947775585245,2031
007/046-Cycling-4y-AL-DHAPPQ-ASAQ,98,0.6776259613827226,2031
007/046-Cycling-4y-AL-DHAPPQ-ASAQ,99,0.5812428719816997,2031
007/047-Cycling-4y-ASAQ-AL-DHAPPQ,0,0.46474002629222094,2031
007/047-Cycling-4y-ASAQ-AL-DHAPPQ,1,0.5905449537642716,2031
007/047-Cycling-4y-ASAQ-AL-DHAPPQ,2,0.48661027473264035,2031
007/047-Cycling-4y-ASAQ-AL-DHAPPQ,3,0.3855813741381449,2031
007/047-Cycling-4y-ASAQ-AL-DHAPPQ,4,0.5667198367907952,2031
007/047-Cycling-4y-ASAQ-AL-DHAPPQ,5,0.4583202041239065,2031
007/047-Cycling-4y-ASAQ-AL-DHAPPQ,6,0.5240098874131354,2031
007/047-Cycling-4y-ASAQ-AL-DHAPPQ,7,0.44349269951254316,2031
007/047-Cycling-4y-ASAQ-AL-DHAPPQ,8,0.41765750001693586,2031
007/047-Cycling-4y-ASAQ-AL-DHAPPQ,9,0.5273752955941408,2031
007/047-Cycling-4y-ASAQ-AL-DHAPPQ,10,0.3634741247943065,2031
007/047-Cycling-4y-ASAQ-AL-DHAPPQ,11,0.5669947210576873,2031
007/047-Cycling-4y-ASAQ-AL-DHAPPQ,12,0.48050517746428273,2031
007/047-Cycling-4y-ASAQ-AL-DHAPPQ,13,0.500702228062076,2031
007/047-Cycling-4y-ASAQ-AL-DHAPPQ,14,0.49488562734338676,2031
007/047-Cycling-4y-ASAQ-AL-DHAPPQ,15,0.478104401117219,2031
007/047-Cycling-4y-ASAQ-AL-DHAPPQ,16,0.5392298692589691,2031
007/047-Cycling-4y-ASAQ-AL-DHAPPQ,17,0.4889155068604866,2031
007/047-Cycling-4y-ASAQ-AL-DHAPPQ,18,0.478082248738175,2031
007/047-Cycling-4y-ASAQ-AL-DHAPPQ,19,0.5166518137001963,2031
007/047-Cycling-4y-ASAQ-AL-DHAPPQ,20,0.4583738515478415,2031
007/047-Cycling-4y-ASAQ-AL-DHAPPQ,21,0.525025757047732,2031
007/047-Cycling-4y-ASAQ-AL-DHAPPQ,22,0.449679814954014,2031
007/047-Cycling-4y-ASAQ-AL-DHAPPQ,23,0.506483255378022,2031
007/047-Cycling-4y-ASAQ-AL-DHAPPQ,24,0.4690792235711245,2031
007/047-Cycling-4y-ASAQ-AL-DHAPPQ,25,0.4271746685698103,2031
007/047-Cycling-4y-ASAQ-AL-DHAPPQ,26,0.5874669700497397,2031
007/047-Cycling-4y-ASAQ-AL-DHAPPQ,27,0.42063621257252465,2031
007/047-Cycling-4y-ASAQ-AL-DHAPPQ,28,0.4831768983613449,2031
007/047-Cycling-4y-ASAQ-AL-DHAPPQ,29,0.5437020004713363,2031
007/047-Cycling-4y-ASAQ-AL-DHAPPQ,30,0.4714300470570129,2031
007/047-Cycling-4y-ASAQ-AL-DHAPPQ,31,0.6180824338299694,2031
007/047-Cycling-4y-ASAQ-AL-DHAPPQ,32,0.4582005164923609,2031
007/047-Cycling-4y-ASAQ-AL-DHAPPQ,33,0.44463971569058164,2031
007/047-Cycling-4y-ASAQ-AL-DHAPPQ,34,0.45429519405948043,2031
007/047-Cycling-4y-ASAQ-AL-DHAPPQ,35,0.5895063824232807,2031
007/047-Cycling-4y-ASAQ-AL-DHAPPQ,36,0.6169941458505172,2031
007/047-Cycling-4y-ASAQ-AL-DHAPPQ,37,0.4717018243096609,2031
007/047-Cycling-4y-ASAQ-AL-DHAPPQ,38,0.47100786169556424,2031
007/047-Cycling-4y-ASAQ-AL-DHAPPQ,39,0.44005794363546263,2031
007/047-Cycling-4y-ASAQ-AL-DHAPPQ,40,0.45196913054244336,2031
007/047-Cycling-4y-ASAQ-AL-DHAPPQ,41,0.5922897564807234,2031
007/047-Cycling-4y-ASAQ-AL-DHAPPQ,42,0.45411358067813534,2031
007/047-Cycling-4y-ASAQ-AL-DHAPPQ,43,0.4855894398846006,2031
007/047-Cycling-4y-ASAQ-AL-DHAPPQ,44,0.5367061964325155,2031
007/047-Cycling-4y-ASAQ-AL-DHAPPQ,45,0.5013461684709112,2031
007/047-Cycling-4y-ASAQ-AL-DHAPPQ,46,0.45673442045936646,2031
007/047-Cycling-4y-ASAQ-AL-DHAPPQ,47,0.3816847218813583,2031
007/047-Cycling-4y-ASAQ-AL-DHAPPQ,48,0.4722262723597017,2031
007/047-Cycling-4y-ASAQ-AL-DHAPPQ,49,0.5112116763569025,2031
007/047-Cycling-4y-ASAQ-AL-DHAPPQ,50,0.5931827942866629,2031
007/047-Cycling-4y-ASAQ-AL-DHAPPQ,51,0.5748140209331433,2031
007/047-Cycling-4y-ASAQ-AL-DHAPPQ,52,0.5099781639213005,2031
007/047-Cycling-4y-ASAQ-AL-DHAPPQ,53,0.5025696239401087,2031
007/047-Cycling-4y-ASAQ-AL-DHAPPQ,54,0.5153153301072849,2031
007/047-Cycling-4y-ASAQ-AL-DHAPPQ,55,0.4002165244384452,2031
007/047-Cycling-4y-ASAQ-AL-DHAPPQ,56,0.5297179509312833,2031
007/047-Cycling-4y-ASAQ-AL-DHAPPQ,57,0.5485165709146601,2031
007/047-Cycling-4y-ASAQ-AL-DHAPPQ,58,0.4652600781199527,2031
007/047-Cycling-4y-ASAQ-AL-DHAPPQ,59,0.5580346574471029,2031
007/047-Cycling-4y-ASAQ-AL-DHAPPQ,60,0.41594227412165824,2031
007/047-Cycling-4y-ASAQ-AL-DHAPPQ,61,0.5208119951341306,2031
007/047-Cycling-4y-ASAQ-AL-DHAPPQ,62,0.4732441679950106,2031
007/047-Cycling-4y-ASAQ-AL-DHAPPQ,63,0.5189238406790387,2031
007/047-Cycling-4y-ASAQ-AL-DHAPPQ,64,0.4997654891998215,2031
007/047-Cycling-4y-ASAQ-AL-DHAPPQ,65,0.4512775324079133,2031
007/047-Cycling-4y-ASAQ-AL-DHAPPQ,66,0.5094558230259146,2031
007/047-Cycling-4y-ASAQ-AL-DHAPPQ,67,0.40407317066562976,2031
007/047-Cycling-4y-ASAQ-AL-DHAPPQ,68,0.4881635244281384,2031
007/047-Cycling-4y-ASAQ-AL-DHAPPQ,69,0.5349071321389219,2031
007/047-Cycling-4y-ASAQ-AL-DHAPPQ,70,0.4668357495862507,2031
007/047-Cycling-4y-ASAQ-AL-DHAPPQ,71,0.4263781836552829,2031
007/047-Cycling-4y-ASAQ-AL-DHAPPQ,72,0.4439976800249363,2031
007/047-Cycling-4y-ASAQ-AL-DHAPPQ,73,0.4749949111008361,2031
007/047-Cycling-4y-ASAQ-AL-DHAPPQ,74,0.5602453869095215,2031
007/047-Cycling-4y-ASAQ-AL-DHAPPQ,75,0.4734617925271867,2031
007/047-Cycling-4y-ASAQ-AL-DHAPPQ,76,0.47613400932846234,2031
007/047-Cycling-4y-ASAQ-AL-DHAPPQ,77,0.5315994182272006,2031
007/047-Cycling-4y-ASAQ-AL-DHAPPQ,78,0.4476950673435081,2031
007/047-Cycling-4y-ASAQ-AL-DHAPPQ,79,0.33581558280803137,2031
007/047-Cycling-4y-ASAQ-AL-DHAPPQ,80,0.5483500211293378,2031
007/047-Cycling-4y-ASAQ-AL-DHAPPQ,81,0.44595212718113797,2031
007/047-Cycling-4y-ASAQ-AL-DHAPPQ,82,0.3689414418986317,2031
007/047-Cycling-4y-ASAQ-AL-DHAPPQ,83,0.4369720069622169,2031
007/047-Cycling-4y-ASAQ-AL-DHAPPQ,84,0.4997942288886395,2031
007/047-Cycling-4y-ASAQ-AL-DHAPPQ,85,0.5539203146942403,2031
007/047-Cycling-4y-ASAQ-AL-DHAPPQ,86,0.45856055813468105,2031
007/047-Cycling-4y-ASAQ-AL-DHAPPQ,87,0.5133422050738552,2031
007/047-Cycling-4y-ASAQ-AL-DHAPPQ,88,0.49936058377354015,2031
007/047-Cycling-4y-ASAQ-AL-DHAPPQ,89,0.5477828723752904,2031
007/047-Cycling-4y-ASAQ-AL-DHAPPQ,90,0.4793442182298775,2031
007/047-Cycling-4y-ASAQ-AL-DHAPPQ,91,0.49506880874442505,2031
007/047-Cycling-4y-ASAQ-AL-DHAPPQ,92,0.3955983565888279,2031
007/047-Cycling-4y-ASAQ-AL-DHAPPQ,93,0.5274122517931811,2031
007/047-Cycling-4y-ASAQ-AL-DHAPPQ,94,0.5021781093095542,2031
007/047-Cycling-4y-ASAQ-AL-DHAPPQ,95,0.49497186528016196,2031
007/047-Cycling-4y-ASAQ-AL-DHAPPQ,96,0.5100790787821111,2031
007/047-Cycling-4y-ASAQ-AL-DHAPPQ,97,0.42894344756382,2031
007/047-Cycling-4y-ASAQ-AL-DHAPPQ,98,0.43067376684284353,2031
007/047-Cycling-4y-ASAQ-AL-DHAPPQ,99,0.39177760978979354,2031
007/048-Cycling-4y-ASAQ-DHAPPQ-AL,0,0.3595759591728327,2031
007/048-Cycling-4y-ASAQ-DHAPPQ-AL,1,0.42386160279948415,2031
007/048-Cycling-4y-ASAQ-DHAPPQ-AL,2,0.382735258551311,2031
007/048-Cycling-4y-ASAQ-DHAPPQ-AL,3,0.5346798163969434,2031
007/048-Cycling-4y-ASAQ-DHAPPQ-AL,4,0.37575785761267255,2031
007/048-Cycling-4y-ASAQ-DHAPPQ-AL,5,0.37233361569571005,2031
007/048-Cycling-4y-ASAQ-DHAPPQ-AL,6,0.3785390006855516,2031
007/048-Cycling-4y-ASAQ-DHAPPQ-AL,7,0.4739265140542887,2031
007/048-Cycling-4y-ASAQ-DHAPPQ-AL,8,0.366041624471143,2031
007/048-Cycling-4y-ASAQ-DHAPPQ-AL,9,0.4003124792446185,2031
007/048-Cycling-4y-ASAQ-DHAPPQ-AL,10,0.310763286473842,2031
007/048-Cycling-4y-ASAQ-DHAPPQ-AL,11,0.39480420555488954,2031
007/048-Cycling-4y-ASAQ-DHAPPQ-AL,12,0.4554950882672506,2031
007/048-Cycling-4y-ASAQ-DHAPPQ-AL,13,0.4047816174981178,2031
007/048-Cycling-4y-ASAQ-DHAPPQ-AL,14,0.33123045858174466,2031
007/048-Cycling-4y-ASAQ-DHAPPQ-AL,15,0.35959064822243425,2031
007/048-Cycling-4y-ASAQ-DHAPPQ-AL,16,0.4256934853142194,2031
007/048-Cycling-4y-ASAQ-DHAPPQ-AL,17,0.33436048710373517,2031
007/048-Cycling-4y-ASAQ-DHAPPQ-AL,18,0.4756384101913651,2031
007/048-Cycling-4y-ASAQ-DHAPPQ-AL,19,0.4542395757038235,2031
007/048-Cycling-4y-ASAQ-DHAPPQ-AL,20,0.38657127374757755,2031
007/048-Cycling-4y-ASAQ-DHAPPQ-AL,21,0.3652655558066438,2031
007/048-Cycling-4y-ASAQ-DHAPPQ-AL,22,0.36206008755146696,2031
007/048-Cycling-4y-ASAQ-DHAPPQ-AL,23,0.5035448143683582,2031
007/048-Cycling-4y-ASAQ-DHAPPQ-AL,24,0.42260061743127936,2031
007/048-Cycling-4y-ASAQ-DHAPPQ-AL,25,0.3489718350263919,2031
007/048-Cycling-4y-ASAQ-DHAPPQ-AL,26,0.4445435718433906,2031
007/048-Cycling-4y-ASAQ-DHAPPQ-AL,27,0.326021386218384,2031
007/048-Cycling-4y-ASAQ-DHAPPQ-AL,28,0.34037737725124395,2031
007/048-Cycling-4y-ASAQ-DHAPPQ-AL,29,0.42206870229925525,2031
007/048-Cycling-4y-ASAQ-DHAPPQ-AL,30,0.34606749865886144,2031
007/048-Cycling-4y-ASAQ-DHAPPQ-AL,31,0.425267441446142,2031
007/048-Cycling-4y-ASAQ-DHAPPQ-AL,32,0.3926774675594487,2031
007/048-Cycling-4y-ASAQ-DHAPPQ-AL,33,0.4025095500240674,2031
007/048-Cycling-4y-ASAQ-DHAPPQ-AL,34,0.35262274353836864,2031
007/048-Cycling-4y-ASAQ-DHAPPQ-AL,35,0.4245204044696209,2031
007/048-Cycling-4y-ASAQ-DHAPPQ-AL,36,0.3846454090409608,2031
007/048-Cycling-4y-ASAQ-DHAPPQ-AL,37,0.4337620030438775,2031
007/048-Cycling-4y-ASAQ-DHAPPQ-AL,38,0.298850401069413,2031
007/048-Cycling-4y-ASAQ-DHAPPQ-AL,39,0.274466871679592,2031
007/048-Cycling-4y-ASAQ-DHAPPQ-AL,40,0.35413677395896276,2031
007/048-Cycling-4y-ASAQ-DHAPPQ-AL,41,0.4419580811605213,2031
007/048-Cycling-4y-ASAQ-DHAPPQ-AL,42,0.3383150328299256,2031
007/048-Cycling-4y-ASAQ-DHAPPQ-AL,43,0.4205530294576711,2031
007/048-Cycling-4y-ASAQ-DHAPPQ-AL,44,0.38386836394990853,2031
007/048-Cycling-4y-ASAQ-DHAPPQ-AL,45,0.4735617088304946,2031
007/048-Cycling-4y-ASAQ-DHAPPQ-AL,46,0.382347764635631,2031
007/048-Cycling-4y-ASAQ-DHAPPQ-AL,47,0.34725895330881346,2031
007/048-Cycling-4y-ASAQ-DHAPPQ-AL,48,0.38342142726249234,2031
007/048-Cycling-4y-ASAQ-DHAPPQ-AL,49,0.46183461272247994,2031
007/048-Cycling-4y-ASAQ-DHAPPQ-AL,50,0.42570359571208516,2031
007/048-Cycling-4y-ASAQ-DHAPPQ-AL,51,0.33922133702944973,2031
007/048-Cycling-4y-ASAQ-DHAPPQ-AL,52,0.38621223480358086,2031
007/048-Cycling-4y-ASAQ-DHAPPQ-AL,53,0.42983350614482707,2031
007/048-Cycling-4y-ASAQ-DHAPPQ-AL,54,0.39986001752913486,2031
007/048-Cycling-4y-ASAQ-DHAPPQ-AL,55,0.4043227526806649,2031
007/048-Cycling-4y-ASAQ-DHAPPQ-AL,56,0.447540223409711,2031
007/048-Cycling-4y-ASAQ-DHAPPQ-AL,57,0.5405225870809304,2031
007/048-Cycling-4y-ASAQ-DHAPPQ-AL,58,0.4310658369859321,2031
007/048-Cycling-4y-ASAQ-DHAPPQ-AL,59,0.32034601765985815,2031
007/048-Cycling-4y-ASAQ-DHAPPQ-AL,60,0.4242386564259375,2031
007/048-Cycling-4y-ASAQ-DHAPPQ-AL,61,0.41012383871562297,2031
007/048-Cycling-4y-ASAQ-DHAPPQ-AL,62,0.3728357439358821,2031
007/048-Cycling-4y-ASAQ-DHAPPQ-AL,63,0.3481395292503468,2031
007/048-Cycling-4y-ASAQ-DHAPPQ-AL,64,0.30666325706356923,2031
007/048-Cycling-4y-ASAQ-DHAPPQ-AL,65,0.3946970230553297,2031
007/048-Cycling-4y-ASAQ-DHAPPQ-AL,66,0.37646860323425746,2031
007/048-Cycling-4y-ASAQ-DHAPPQ-AL,67,0.4710448135138819,2031
007/048-Cycling-4y-ASAQ-DHAPPQ-AL,68,0.38601834852501593,2031
007/048-Cycling-4y-ASAQ-DHAPPQ-AL,69,0.4720672517156996,2031
007/048-Cycling-4y-ASAQ-DHAPPQ-AL,70,0.32917225430896146,2031
007/048-Cycling-4y-ASAQ-DHAPPQ-AL,71,0.35369328238646053,2031
007/048-Cycling-4y-ASAQ-DHAPPQ-AL,72,0.4217861588816558,2031
007/048-Cycling-4y-ASAQ-DHAPPQ-AL,73,0.4101260917079755,2031
007/048-Cycling-4y-ASAQ-DHAPPQ-AL,74,0.38336532073552987,2031
007/048-Cycling-4y-ASAQ-DHAPPQ-AL,75,0.48280022066701056,2031
007/048-Cycling-4y-ASAQ-DHAPPQ-AL,76,0.3990646812818653,2031
007/048-Cycling-4y-ASAQ-DHAPPQ-AL,77,0.3962948216132311,2031
007/048-Cycling-4y-ASAQ-DHAPPQ-AL,78,0.3610921591784226,2031
007/048-Cycling-4y-ASAQ-DHAPPQ-AL,79,0.24793772102792913,2031
007/048-Cycling-4y-ASAQ-DHAPPQ-AL,80,0.41860442881008053,2031
007/048-Cycling-4y-ASAQ-DHAPPQ-AL,81,0.48034630743660384,2031
007/048-Cycling-4y-ASAQ-DHAPPQ-AL,82,0.37883212009497064,2031
007/048-Cycling-4y-ASAQ-DHAPPQ-AL,83,0.38226406657535666,2031
007/048-Cycling-4y-ASAQ-DHAPPQ-AL,84,0.4789003572458261,2031
007/048-Cycling-4y-ASAQ-DHAPPQ-AL,85,0.40716908741439356,2031
007/048-Cycling-4y-ASAQ-DHAPPQ-AL,86,0.33196634134565967,2031
007/048-Cycling-4y-ASAQ-DHAPPQ-AL,87,0.41796365235650307,2031
007/048-Cycling-4y-ASAQ-DHAPPQ-AL,88,0.3716559195075824,2031
007/048-Cycling-4y-ASAQ-DHAPPQ-AL,89,0.34509454120960736,2031
007/048-Cycling-4y-ASAQ-DHAPPQ-AL,90,0.47273415612313424,2031
007/048-Cycling-4y-ASAQ-DHAPPQ-AL,91,0.3343305571152737,2031
007/048-Cycling-4y-ASAQ-DHAPPQ-AL,92,0.32760617121528063,2031
007/048-Cycling-4y-ASAQ-DHAPPQ-AL,93,0.3296200563035041,2031
007/048-Cycling-4y-ASAQ-DHAPPQ-AL,94,0.41852746460755,2031
007/048-Cycling-4y-ASAQ-DHAPPQ-AL,95,0.3992105186575358,2031
007/048-Cycling-4y-ASAQ-DHAPPQ-AL,96,0.43261645803673154,2031
007/048-Cycling-4y-ASAQ-DHAPPQ-AL,97,0.3535110295861219,2031
007/048-Cycling-4y-ASAQ-DHAPPQ-AL,98,0.4514614350765776,2031
007/048-Cycling-4y-ASAQ-DHAPPQ-AL,99,0.40689641404154253,2031
007/049-Cycling-4y-DHAPPQ-AL-ASAQ,0,0.6925327211412203,2031
007/049-Cycling-4y-DHAPPQ-AL-ASAQ,1,0.7507112100717134,2031
007/049-Cycling-4y-DHAPPQ-AL-ASAQ,2,0.5898724495096418,2031
007/049-Cycling-4y-DHAPPQ-AL-ASAQ,3,0.6021222792296866,2031
007/049-Cycling-4y-DHAPPQ-AL-ASAQ,4,0.5508806034790595,2031
007/049-Cycling-4y-DHAPPQ-AL-ASAQ,5,0.593908220206632,2031
007/049-Cycling-4y-DHAPPQ-AL-ASAQ,6,0.6328820295439427,2031
007/049-Cycling-4y-DHAPPQ-AL-ASAQ,7,0.6564684551448735,2031
007/049-Cycling-4y-DHAPPQ-AL-ASAQ,8,0.5820979587510858,2031
007/049-Cycling-4y-DHAPPQ-AL-ASAQ,9,0.6445076282478223,2031
007/049-Cycling-4y-DHAPPQ-AL-ASAQ,10,0.673171769250196,2031
007/049-Cycling-4y-DHAPPQ-AL-ASAQ,11,0.6316075572445212,2031
007/049-Cycling-4y-DHAPPQ-AL-ASAQ,12,0.7202413146098475,2031
007/049-Cycling-4y-DHAPPQ-AL-ASAQ,13,0.6637201728993966,2031
007/049-Cycling-4y-DHAPPQ-AL-ASAQ,14,0.6054700815647128,2031
007/049-Cycling-4y-DHAPPQ-AL-ASAQ,15,0.7278642330864762,2031
007/049-Cycling-4y-DHAPPQ-AL-ASAQ,16,0.6988179150495443,2031
007/049-Cycling-4y-DHAPPQ-AL-ASAQ,17,0.652596488054654,2031
007/049-Cycling-4y-DHAPPQ-AL-ASAQ,18,0.657434189218995,2031
007/049-Cycling-4y-DHAPPQ-AL-ASAQ,19,0.6527003176300903,2031
007/049-Cycling-4y-DHAPPQ-AL-ASAQ,20,0.7075359463082412,2031
007/049-Cycling-4y-DHAPPQ-AL-ASAQ,21,0.651259493172688,2031
007/049-Cycling-4y-DHAPPQ-AL-ASAQ,22,0.61917450756786,2031
007/049-Cycling-4y-DHAPPQ-AL-ASAQ,23,0.6640101678030184,2031
007/049-Cycling-4y-DHAPPQ-AL-ASAQ,24,0.7260371798896207,2031
007/049-Cycling-4y-DHAPPQ-AL-ASAQ,25,0.6572469771793731,2031
007/049-Cycling-4y-DHAPPQ-AL-ASAQ,26,0.6707522820745488,2031
007/049-Cycling-4y-DHAPPQ-AL-ASAQ,27,0.7467935289524817,2031
007/049-Cycling-4y-DHAPPQ-AL-ASAQ,28,0.6647205726628463,2031
007/049-Cycling-4y-DHAPPQ-AL-ASAQ,29,0.6356099545484736,2031
007/049-Cycling-4y-DHAPPQ-AL-ASAQ,30,0.687057377282077,2031
007/049-Cycling-4y-DHAPPQ-AL-ASAQ,31,0.6939397190537795,2031
007/049-Cycling-4y-DHAPPQ-AL-ASAQ,32,0.6723658205346444,2031
007/049-Cycling-4y-DHAPPQ-AL-ASAQ,33,0.5753276768036496,2031
007/049-Cycling-4y-DHAPPQ-AL-ASAQ,34,0.6898467266277105,2031
007/049-Cycling-4y-DHAPPQ-AL-ASAQ,35,0.6858713833873374,2031
007/049-Cycling-4y-DHAPPQ-AL-ASAQ,36,0.6691521336009498,2031
007/049-Cycling-4y-DHAPPQ-AL-ASAQ,37,0.7127946940830752,2031
007/049-Cycling-4y-DHAPPQ-AL-ASAQ,38,0.6556660431267004,2031
007/049-Cycling-4y-DHAPPQ-AL-ASAQ,39,0.6557521887624208,2031
007/049-Cycling-4y-DHAPPQ-AL-ASAQ,40,0.5329308459188461,2031
007/049-Cycling-4y-DHAPPQ-AL-ASAQ,41,0.6028149900074713,2031
007/049-Cycling-4y-DHAPPQ-AL-ASAQ,42,0.7049018709708185,2031
007/049-Cycling-4y-DHAPPQ-AL-ASAQ,43,0.6319064183666073,2031
007/049-Cycling-4y-DHAPPQ-AL-ASAQ,44,0.7060539408830223,2031
007/049-Cycling-4y-DHAPPQ-AL-ASAQ,45,0.6462779293621922,2031
007/049-Cycling-4y-DHAPPQ-AL-ASAQ,46,0.5430145654422606,2031
007/049-Cycling-4y-DHAPPQ-AL-ASAQ,47,0.565994461711019,2031
007/049-Cycling-4y-DHAPPQ-AL-ASAQ,48,0.6296220813969745,2031
007/049-Cycling-4y-DHAPPQ-AL-ASAQ,49,0.6566609660944848,2031
007/049-Cycling-4y-DHAPPQ-AL-ASAQ,50,0.547841179644225,2031
007/049-Cycling-4y-DHAPPQ-AL-ASAQ,51,0.600739871564493,2031
007/049-Cycling-4y-DHAPPQ-AL-ASAQ,52,0.6817706029601545,2031
007/049-Cycling-4y-DHAPPQ-AL-ASAQ,53,0.6149359235670099,2031
007/049-Cycling-4y-DHAPPQ-AL-ASAQ,54,0.6182773029414053,2031
007/049-Cycling-4y-DHAPPQ-AL-ASAQ,55,0.655240020271678,2031
007/049-Cycling-4y-DHAPPQ-AL-ASAQ,56,0.6024208532602229,2031
007/049-Cycling-4y-DHAPPQ-AL-ASAQ,57,0.7960344260354963,2031
007/049-Cycling-4y-DHAPPQ-AL-ASAQ,58,0.7086308217979281,2031
007/049-Cycling-4y-DHAPPQ-AL-ASAQ,59,0.6643736573722975,2031
007/049-Cycling-4y-DHAPPQ-AL-ASAQ,60,0.6287908075701741,2031
007/049-Cycling-4y-DHAPPQ-AL-ASAQ,61,0.6939553193155827,2031
007/049-Cycling-4y-DHAPPQ-AL-ASAQ,62,0.7112502361966618,2031
007/049-Cycling-4y-DHAPPQ-AL-ASAQ,63,0.6876247266538037,2031
007/049-Cycling-4y-DHAPPQ-AL-ASAQ,64,0.6241174602147309,2031
007/049-Cycling-4y-DHAPPQ-AL-ASAQ,65,0.6511748848775667,2031
007/049-Cycling-4y-DHAPPQ-AL-ASAQ,66,0.6907304895039831,2031
007/049-Cycling-4y-DHAPPQ-AL-ASAQ,67,0.7018709032255458,2031
007/049-Cycling-4y-DHAPPQ-AL-ASAQ,68,0.6105567523058103,2031
007/049-Cycling-4y-DHAPPQ-AL-ASAQ,69,0.7112473985491968,2031
007/049-Cycling-4y-DHAPPQ-AL-ASAQ,70,0.5394431707915098,2031
007/049-Cycling-4y-DHAPPQ-AL-ASAQ,71,0.6590629355197394,2031
007/049-Cycling-4y-DHAPPQ-AL-ASAQ,72,0.6223587558251847,2031
007/049-Cycling-4y-DHAPPQ-AL-ASAQ,73,0.7092739373760591,2031
007/049-Cycling-4y-DHAPPQ-AL-ASAQ,74,0.6459305116947299,2031
007/049-Cycling-4y-DHAPPQ-AL-ASAQ,75,0.6748237010231537,2031
007/049-Cycling-4y-DHAPPQ-AL-ASAQ,76,0.6715660304610714,2031
007/049-Cycling-4y-DHAPPQ-AL-ASAQ,77,0.618657974201985,2031
007/049-Cycling-4y-DHAPPQ-AL-ASAQ,78,0.6488919462563912,2031
007/049-Cycling-4y-DHAPPQ-AL-ASAQ,79,0.6404774083858829,2031
007/049-Cycling-4y-DHAPPQ-AL-ASAQ,80,0.7265565420115495,2031
007/049-Cycling-4y-DHAPPQ-AL-ASAQ,81,0.6661253688443055,2031
007/049-Cycling-4y-DHAPPQ-AL-ASAQ,82,0.6108005936187041,2031
007/049-Cycling-4y-DHAPPQ-AL-ASAQ,83,0.7081714123482142,2031
007/049-Cycling-4y-DHAPPQ-AL-ASAQ,84,0.7246129623483126,2031
007/049-Cycling-4y-DHAPPQ-AL-ASAQ,85,0.6668842037771716,2031
007/049-Cycling-4y-DHAPPQ-AL-ASAQ,86,0.7139055000711304,2031
007/049-Cycling-4y-DHAPPQ-AL-ASAQ,87,0.6764453817843611,2031
007/049-Cycling-4y-DHAPPQ-AL-ASAQ,88,0.6563174216890092,2031
007/049-Cycling-4y-DHAPPQ-AL-ASAQ,89,0.5648753541570511,2031
007/049-Cycling-4y-DHAPPQ-AL-ASAQ,90,0.5737566672916002,2031
007/049-Cycling-4y-DHAPPQ-AL-ASAQ,91,0.7002080110484717,2031
007/049-Cycling-4y-DHAPPQ-AL-ASAQ,92,0.5490867889503711,2031
007/049-Cycling-4y-DHAPPQ-AL-ASAQ,93,0.5757950777911144,2031
007/049-Cycling-4y-DHAPPQ-AL-ASAQ,94,0.7207218585879641,2031
007/049-Cycling-4y-DHAPPQ-AL-ASAQ,95,0.6534633731397094,2031
007/049-Cycling-4y-DHAPPQ-AL-ASAQ,96,0.6311256250046472,2031
007/049-Cycling-4y-DHAPPQ-AL-ASAQ,97,0.6492415914877562,2031
007/049-Cycling-4y-DHAPPQ-AL-ASAQ,98,0.6131096421792737,2031
007/049-Cycling-4y-DHAPPQ-AL-ASAQ,99,0.5840809044324698,2031
007/050-Cycling-4y-DHAPPQ-ASAQ-AL,0,0.5936186076127565,2031
007/050-Cycling-4y-DHAPPQ-ASAQ-AL,1,0.5652105588396046,2031
007/050-Cycling-4y-DHAPPQ-ASAQ-AL,2,0.5469038241058044,2031
007/050-Cycling-4y-DHAPPQ-ASAQ-AL,3,0.5628465815391043,2031
007/050-Cycling-4y-DHAPPQ-ASAQ-AL,4,0.5585100778856757,2031
007/050-Cycling-4y-DHAPPQ-ASAQ-AL,5,0.5301923246671967,2031
007/050-Cycling-4y-DHAPPQ-ASAQ-AL,6,0.5154565483159305,2031
007/050-Cycling-4y-DHAPPQ-ASAQ-AL,7,0.5487213044336118,2031
007/050-Cycling-4y-DHAPPQ-ASAQ-AL,8,0.5309029038907831,2031
007/050-Cycling-4y-DHAPPQ-ASAQ-AL,9,0.5716028990511538,2031
007/050-Cycling-4y-DHAPPQ-ASAQ-AL,10,0.606637294040365,2031
007/050-Cycling-4y-DHAPPQ-ASAQ-AL,11,0.5872487255091303,2031
007/050-Cycling-4y-DHAPPQ-ASAQ-AL,12,0.5032598943451178,2031
007/050-Cycling-4y-DHAPPQ-ASAQ-AL,13,0.6364302142722938,2031
007/050-Cycling-4y-DHAPPQ-ASAQ-AL,14,0.5828749252771258,2031
007/050-Cycling-4y-DHAPPQ-ASAQ-AL,15,0.6140147919147191,2031
007/050-Cycling-4y-DHAPPQ-ASAQ-AL,16,0.555450096252449,2031
007/050-Cycling-4y-DHAPPQ-ASAQ-AL,17,0.5859211627274291,2031
007/050-Cycling-4y-DHAPPQ-ASAQ-AL,18,0.5480616625682936,2031
007/050-Cycling-4y-DHAPPQ-ASAQ-AL,19,0.6112987297831681,2031
007/050-Cycling-4y-DHAPPQ-ASAQ-AL,20,0.5595962528043231,2031
007/050-Cycling-4y-DHAPPQ-ASAQ-AL,21,0.4568195188689956,2031
007/050-Cycling-4y-DHAPPQ-ASAQ-AL,22,0.5444958690345091,2031
007/050-Cycling-4y-DHAPPQ-ASAQ-AL,23,0.48703475475380126,2031
007/050-Cycling-4y-DHAPPQ-ASAQ-AL,24,0.5326735534416868,2031
007/050-Cycling-4y-DHAPPQ-ASAQ-AL,25,0.537372704896434,2031
007/050-Cycling-4y-DHAPPQ-ASAQ-AL,26,0.4954797917804483,2031
007/050-Cycling-4y-DHAPPQ-ASAQ-AL,27,0.5871469198164375,2031
007/050-Cycling-4y-DHAPPQ-ASAQ-AL,28,0.5679531338719165,2031
007/050-Cycling-4y-DHAPPQ-ASAQ-AL,29,0.6220601903395683,2031
007/050-Cycling-4y-DHAPPQ-ASAQ-AL,30,0.5072258066466152,2031
007/050-Cycling-4y-DHAPPQ-ASAQ-AL,31,0.5896111178354609,2031
007/050-Cycling-4y-DHAPPQ-ASAQ-AL,32,0.5064895338953853,2031
007/050-Cycling-4y-DHAPPQ-ASAQ-AL,33,0.4982806668598209,2031
007/050-Cycling-4y-DHAPPQ-ASAQ-AL,34,0.6040138801222541,2031
007/050-Cycling-4y-DHAPPQ-ASAQ-AL,35,0.5649660066442836,2031
007/050-Cycling-4y-DHAPPQ-ASAQ-AL,36,0.5002906683112888,2031
007/050-Cycling-4y-DHAPPQ-ASAQ-AL,37,0.4876143992347373,2031
007/050-Cycling-4y-DHAPPQ-ASAQ-AL,38,0.49876764602605667,2031
007/050-Cycling-4y-DHAPPQ-ASAQ-AL,39,0.5261459003544017,2031
007/050-Cycling-4y-DHAPPQ-ASAQ-AL,40,0.5663462203769533,2031
007/050-Cycling-4y-DHAPPQ-ASAQ-AL,41,0.5398471526470126,2031
007/050-Cycling-4y-DHAPPQ-ASAQ-AL,42,0.48674181421276347,2031
007/050-Cycling-4y-DHAPPQ-ASAQ-AL,43,0.5852999264632297,2031
007/050-Cycling-4y-DHAPPQ-ASAQ-AL,44,0.476367473329782,2031
007/050-Cycling-4y-DHAPPQ-ASAQ-AL,45,0.5679494202573799,2031
007/050-Cycling-4y-DHAPPQ-ASAQ-AL,46,0.5427947195195646,2031
007/050-Cycling-4y-DHAPPQ-ASAQ-AL,47,0.5711631365792081,2031
007/050-Cycling-4y-DHAPPQ-ASAQ-AL,48,0.5700483258258964,2031
007/050-Cycling-4y-DHAPPQ-ASAQ-AL,49,0.5598386132759007,2031
007/050-Cycling-4y-DHAPPQ-ASAQ-AL,50,0.5355917759602692,2031
007/050-Cycling-4y-DHAPPQ-ASAQ-AL,51,0.48135304455706523,2031
007/050-Cycling-4y-DHAPPQ-ASAQ-AL,52,0.5386853266070097,2031
007/050-Cycling-4y-DHAPPQ-ASAQ-AL,53,0.5845630686412188,2031
007/050-Cycling-4y-DHAPPQ-ASAQ-AL,54,0.5162985121453976,2031
007/050-Cycling-4y-DHAPPQ-ASAQ-AL,55,0.5263766991642865,2031
007/050-Cycling-4y-DHAPPQ-ASAQ-AL,56,0.5006618356800515,2031
007/050-Cycling-4y-DHAPPQ-ASAQ-AL,57,0.5177960129550475,2031
007/050-Cycling-4y-DHAPPQ-ASAQ-AL,58,0.4414520614545517,2031
007/050-Cycling-4y-DHAPPQ-ASAQ-AL,59,0.47885561808975674,2031
007/050-Cycling-4y-DHAPPQ-ASAQ-AL,60,0.5034647372416243,2031
007/050-Cycling-4y-DHAPPQ-ASAQ-AL,61,0.5667388149840974,2031
007/050-Cycling-4y-DHAPPQ-ASAQ-AL,62,0.45620959390530574,2031
007/050-Cycling-4y-DHAPPQ-ASAQ-AL,63,0.6444466956960891,2031
007/050-Cycling-4y-DHAPPQ-ASAQ-AL,64,0.49901615326117144,2031
007/050-Cycling-4y-DHAPPQ-ASAQ-AL,65,0.5427789174124001,2031
007/050-Cycling-4y-DHAPPQ-ASAQ-AL,66,0.5475710061593996,2031
007/050-Cycling-4y-DHAPPQ-ASAQ-AL,67,0.6633293277824898,2031
007/050-Cycling-4y-DHAPPQ-ASAQ-AL,68,0.5566451976662797,2031
007/050-Cycling-4y-DHAPPQ-ASAQ-AL,69,0.5705173773036308,2031
007/050-Cycling-4y-DHAPPQ-ASAQ-AL,70,0.5930061969714219,2031
007/050-Cycling-4y-DHAPPQ-ASAQ-AL,71,0.5959898301301213,2031
007/050-Cycling-4y-DHAPPQ-ASAQ-AL,72,0.49976795459582796,2031
007/050-Cycling-4y-DHAPPQ-ASAQ-AL,73,0.46712500702922566,2031
007/050-Cycling-4y-DHAPPQ-ASAQ-AL,74,0.5274758359691647,2031
007/050-Cycling-4y-DHAPPQ-ASAQ-AL,75,0.5189312539577152,2031
007/050-Cycling-4y-DHAPPQ-ASAQ-AL,76,0.4610922181067844,2031
007/050-Cycling-4y-DHAPPQ-ASAQ-AL,77,0.5607212903335017,2031
007/050-Cycling-4y-DHAPPQ-ASAQ-AL,78,0.43890024561165336,2031
007/050-Cycling-4y-DHAPPQ-ASAQ-AL,79,0.4492634754308344,2031
007/050-Cycling-4y-DHAPPQ-ASAQ-AL,80,0.4951634626228567,2031
007/050-Cycling-4y-DHAPPQ-ASAQ-AL,81,0.5715790639244169,2031
007/050-Cycling-4y-DHAPPQ-ASAQ-AL,82,0.455733064095659,2031
007/050-Cycling-4y-DHAPPQ-ASAQ-AL,83,0.5669148379828569,2031
007/050-Cycling-4y-DHAPPQ-ASAQ-AL,84,0.5402146633909276,2031
007/050-Cycling-4y-DHAPPQ-ASAQ-AL,85,0.5127702262223776,2031
007/050-Cycling-4y-DHAPPQ-ASAQ-AL,86,0.583077032457983,2031
007/050-Cycling-4y-DHAPPQ-ASAQ-AL,87,0.6173055535955433,2031
007/050-Cycling-4y-DHAPPQ-ASAQ-AL,88,0.5225405426145464,2031
007/050-Cycling-4y-DHAPPQ-ASAQ-AL,89,0.5139365553845663,2031
007/050-Cycling-4y-DHAPPQ-ASAQ-AL,90,0.6065039149333299,2031
007/050-Cycling-4y-DHAPPQ-ASAQ-AL,91,0.5226948086629549,2031
007/050-Cycling-4y-DHAPPQ-ASAQ-AL,92,0.5480904689750855,2031
007/050-Cycling-4y-DHAPPQ-ASAQ-AL,93,0.6086537909184737,2031
007/050-Cycling-4y-DHAPPQ-ASAQ-AL,94,0.555692852306965,2031
007/050-Cycling-4y-DHAPPQ-ASAQ-AL,95,0.5885721141177565,2031
007/050-Cycling-4y-DHAPPQ-ASAQ-AL,96,0.5823633904279321,2031
007/050-Cycling-4y-DHAPPQ-ASAQ-AL,97,0.6067290947967375,2031
007/050-Cycling-4y-DHAPPQ-ASAQ-AL,98,0.46323096047275425,2031
007/050-Cycling-4y-DHAPPQ-ASAQ-AL,99,0.5279959550561475,2031
007/051-mft-AL25-ASAQ75,0,0.5155751941316054,2031
007/051-mft-AL25-ASAQ75,1,0.4943669986863461,2031
007/051-mft-AL25-ASAQ75,2,0.4683044397444161,2031
007/051-mft-AL25-ASAQ75,3,0.4552361437043855,2031
007/051-mft-AL25-ASAQ75,4,0.5474013835409851,2031
007/051-mft-AL25-ASAQ75,5,0.4133368745774452,2031
007/051-mft-AL25-ASAQ75,6,0.40740912354787756,2031
007/051-mft-AL25-ASAQ75,7,0.44440904897876116,2031
007/051-mft-AL25-ASAQ75,8,0.4707142488188723,2031
007/051-mft-AL25-ASAQ75,9,0.4968615695235652,2031
007/051-mft-AL25-ASAQ75,10,0.48108469963340905,2031
007/051-mft-AL25-ASAQ75,11,0.5201959410138766,2031
007/051-mft-AL25-ASAQ75,12,0.3890170905724108,2031
007/051-mft-AL25-ASAQ75,13,0.42015334771548635,2031
007/051-mft-AL25-ASAQ75,14,0.447759306052497,2031
007/051-mft-AL25-ASAQ75,15,0.5445652656353225,2031
007/051-mft-AL25-ASAQ75,16,0.41395743756821046,2031
007/051-mft-AL25-ASAQ75,17,0.4089646293757159,2031
007/051-mft-AL25-ASAQ75,18,0.5435349785332713,2031
007/051-mft-AL25-ASAQ75,19,0.5353806003796607,2031
007/051-mft-AL25-ASAQ75,20,0.4729895120099236,2031
007/051-mft-AL25-ASAQ75,21,0.4620942418608001,2031
007/051-mft-AL25-ASAQ75,22,0.43449050075541445,2031
007/051-mft-AL25-ASAQ75,23,0.41087924990107744,2031
007/051-mft-AL25-ASAQ75,24,0.43898797180608035,2031
007/051-mft-AL25-ASAQ75,25,0.5357147965489448,2031
007/051-mft-AL25-ASAQ75,26,0.44905763559111755,2031
007/051-mft-AL25-ASAQ75,27,0.4046265108730913,2031
007/051-mft-AL25-ASAQ75,28,0.5829467082413632,2031
007/051-mft-AL25-ASAQ75,29,0.4230122980819247,2031
007/051-mft-AL25-ASAQ75,30,0.5080016630566969,2031
007/051-mft-AL25-ASAQ75,31,0.4388891273114131,2031
007/051-mft-AL25-ASAQ75,32,0.4741893241200216,2031
007/051-mft-AL25-ASAQ75,33,0.5504815982403245,2031
007/051-mft-AL25-ASAQ75,34,0.4702939651255755,2031
007/051-mft-AL25-ASAQ75,35,0.4987350704508731,2031
007/051-mft-AL25-ASAQ75,36,0.4586433372284575,2031
007/051-mft-AL25-ASAQ75,37,0.44420819029760117,2031
007/051-mft-AL25-ASAQ75,38,0.39660505040216365,2031
007/051-mft-AL25-ASAQ75,39,0.3677445212405668,2031
007/051-mft-AL25-ASAQ75,40,0.49680187447717605,2031
007/051-mft-AL25-ASAQ75,41,0.5174941626573113,2031
007/051-mft-AL25-ASAQ75,42,0.38295946947590603,2031
007/051-mft-AL25-ASAQ75,43,0.5524313894483254,2031
007/051-mft-AL25-ASAQ75,44,0.37980857942394136,2031
007/051-mft-AL25-ASAQ75,45,0.4887838508766018,2031
007/051-mft-AL25-ASAQ75,46,0.4861839986969098,2031
007/051-mft-AL25-ASAQ75,47,0.4599289849364643,2031
007/051-mft-AL25-ASAQ75,48,0.3721357966497895,2031
007/051-mft-AL25-ASAQ75,49,0.49061314180625826,2031
007/051-mft-AL25-ASAQ75,50,0.4882289086905491,2031
007/051-mft-AL25-ASAQ75,51,0.4652327403201708,2031
007/051-mft-AL25-ASAQ75,52,0.40951063272901417,2031
007/051-mft-AL25-ASAQ75,53,0.4582840762778783,2031
007/051-mft-AL25-ASAQ75,54,0.4790498606683564,2031
007/051-mft-AL25-ASAQ75,55,0.4406467766575832,2031
007/051-mft-AL25-ASAQ75,56,0.6005237891036453,2031
007/051-mft-AL25-ASAQ75,57,0.3787701567284523,2031
007/051-mft-AL25-ASAQ75,58,0.4732938018675303,2031
007/051-mft-AL25-ASAQ75,59,0.46163763310784894,2031
007/051-mft-AL25-ASAQ75,60,0.43302458019217394,2031
007/051-mft-AL25-ASAQ75,61,0.4373691401321755,2031
007/051-mft-AL25-ASAQ75,62,0.5082980327091681,2031
007/051-mft-AL25-ASAQ75,63,0.5378347721230258,2031
007/051-mft-AL25-ASAQ75,64,0.43444031765307684,2031
007/051-mft-AL25-ASAQ75,65,0.44464973605872987,2031
007/051-mft-AL25-ASAQ75,66,0.4562472537222793,2031
007/051-mft-AL25-ASAQ75,67,0.4307548989777434,2031
007/051-mft-AL25-ASAQ75,68,0.43701697222523306,2031
007/051-mft-AL25-ASAQ75,69,0.4291493402685999,2031
007/051-mft-AL25-ASAQ75,70,0.503451636986782,2031
007/051-mft-AL25-ASAQ75,71,0.4959930387903782,2031
007/051-mft-AL25-ASAQ75,72,0.4178492087522319,2031
007/051-mft-AL25-ASAQ75,73,0.5456978957006228,2031
007/051-mft-AL25-ASAQ75,74,0.5263202989662553,2031
007/051-mft-AL25-ASAQ75,75,0.4076314783267827,2031
007/051-mft-AL25-ASAQ75,76,0.48785713543624043,2031
007/051-mft-AL25-ASAQ75,77,0.5524410193788803,2031
007/051-mft-AL25-ASAQ75,78,0.5460658978931459,2031
007/051-mft-AL25-ASAQ75,79,0.3554656845831549,2031
007/051-mft-AL25-ASAQ75,80,0.4536921353257996,2031
007/051-mft-AL25-ASAQ75,81,0.4791146474455614,2031
007/051-mft-AL25-ASAQ75,82,0.4108327595990225,2031
007/051-mft-AL25-ASAQ75,83,0.3546714422388178,2031
007/051-mft-AL25-ASAQ75,84,0.43489380894252494,2031
007/051-mft-AL25-ASAQ75,85,0.44539455725315213,2031
007/051-mft-AL25-ASAQ75,86,0.536920354972856,2031
007/051-mft-AL25-ASAQ75,87,0.553761994262321,2031
007/051-mft-AL25-ASAQ75,88,0.4038371288783287,2031
007/051-mft-AL25-ASAQ75,89,0.40715551680898515,2031
007/051-mft-AL25-ASAQ75,90,0.45322488553152795,2031
007/051-mft-AL25-ASAQ75,91,0.4149135526340555,2031
007/051-mft-AL25-ASAQ75,92,0.442734748270977,2031
007/051-mft-AL25-ASAQ75,93,0.44192578456509607,2031
007/051-mft-AL25-ASAQ75,94,0.4788312334528275,2031
007/051-mft-AL25-ASAQ75,95,0.4367816106134219,2031
007/051-mft-AL25-ASAQ75,96,0.4143325133320898,2031
007/051-mft-AL25-ASAQ75,97,0.4683026254683886,2031
007/051-mft-AL25-ASAQ75,98,0.4308437200955266,2031
007/051-mft-AL25-ASAQ75,99,0.41400298780793915,2031
007/052-mft-AL25-DHAPPQ75,0,0.7737898841862272,2031
007/052-mft-AL25-DHAPPQ75,1,0.7498850748576417,2031
007/052-mft-AL25-DHAPPQ75,2,0.6732770991903355,2031
007/052-mft-AL25-DHAPPQ75,3,0.6760044704820208,2031
007/052-mft-AL25-DHAPPQ75,4,0.6694567304972905,2031
007/052-mft-AL25-DHAPPQ75,5,0.7173193620204547,2031
007/052-mft-AL25-DHAPPQ75,6,0.6782433760582429,2031
007/052-mft-AL25-DHAPPQ75,7,0.6744363165703771,2031
007/052-mft-AL25-DHAPPQ75,8,0.7420992571157224,2031
007/052-mft-AL25-DHAPPQ75,9,0.6910486297584844,2031
007/052-mft-AL25-DHAPPQ75,10,0.7814886770201239,2031
007/052-mft-AL25-DHAPPQ75,11,0.7835327446349095,2031
007/052-mft-AL25-DHAPPQ75,12,0.7064677563019472,2031
007/052-mft-AL25-DHAPPQ75,13,0.7398604931293972,2031
007/052-mft-AL25-DHAPPQ75,14,0.6953087225193678,2031
007/052-mft-AL25-DHAPPQ75,15,0.6928184459716183,2031
007/052-mft-AL25-DHAPPQ75,16,0.7198613372750126,2031
007/052-mft-AL25-DHAPPQ75,17,0.6562783787226408,2031
007/052-mft-AL25-DHAPPQ75,18,0.7774263521307433,2031
007/052-mft-AL25-DHAPPQ75,19,0.6741250027160782,2031
007/052-mft-AL25-DHAPPQ75,20,0.7270589585326225,2031
007/052-mft-AL25-DHAPPQ75,21,0.6865427419812064,2031
007/052-mft-AL25-DHAPPQ75,22,0.7279909912659656,2031
007/052-mft-AL25-DHAPPQ75,23,0.7062836134354137,2031
007/052-mft-AL25-DHAPPQ75,24,0.7344060041566114,2031
007/052-mft-AL25-DHAPPQ75,25,0.7449230296466453,2031
007/052-mft-AL25-DHAPPQ75,26,0.7163275494970267,2031
007/052-mft-AL25-DHAPPQ75,27,0.7572857025730112,2031
007/052-mft-AL25-DHAPPQ75,28,0.6378728372986865,2031
007/052-mft-AL25-DHAPPQ75,29,0.6829159725956752,2031
007/052-mft-AL25-DHAPPQ75,30,0.7526996568891408,2031
007/052-mft-AL25-DHAPPQ75,31,0.73938802727811,2031
007/052-mft-AL25-DHAPPQ75,32,0.6937665304992208,2031
007/052-mft-AL25-DHAPPQ75,33,0.6381711546918986,2031
007/052-mft-AL25-DHAPPQ75,34,0.6871198250412748,2031
007/052-mft-AL25-DHAPPQ75,35,0.8041313615546569,2031
007/052-mft-AL25-DHAPPQ75,36,0.7658090947502325,2031
007/052-mft-AL25-DHAPPQ75,37,0.6766995230773882,2031
007/052-mft-AL25-DHAPPQ75,38,0.7114894204657362,2031
007/052-mft-AL25-DHAPPQ75,39,0.7504736653270179,2031
007/052-mft-AL25-DHAPPQ75,40,0.7438729868951492,2031
007/052-mft-AL25-DHAPPQ75,41,0.688964011150524,2031
007/052-mft-AL25-DHAPPQ75,42,0.7187078443661691,2031
007/052-mft-AL25-DHAPPQ75,43,0.6961980211133394,2031
007/052-mft-AL25-DHAPPQ75,44,0.7290150453025825,2031
007/052-mft-AL25-DHAPPQ75,45,0.6708627646098274,2031
007/052-mft-AL25-DHAPPQ75,46,0.6752756362249767,2031
007/052-mft-AL25-DHAPPQ75,47,0.7614453994535596,2031
007/052-mft-AL25-DHAPPQ75,48,0.621133229530754,2031
007/052-mft-AL25-DHAPPQ75,49,0.7584423582283474,2031
007/052-mft-AL25-DHAPPQ75,50,0.7990397908641094,2031
007/052-mft-AL25-DHAPPQ75,51,0.7925960876717077,2031
007/052-mft-AL25-DHAPPQ75,52,0.8223345844256261,2031
007/052-mft-AL25-DHAPPQ75,53,0.7009077388671104,2031
007/052-mft-AL25-DHAPPQ75,54,0.7252549469087506,2031
007/052-mft-AL25-DHAPPQ75,55,0.649914245749466,2031
007/052-mft-AL25-DHAPPQ75,56,0.7950175267854003,2031
007/052-mft-AL25-DHAPPQ75,57,0.7448752126517895,2031
007/052-mft-AL25-DHAPPQ75,58,0.6199129624153987,2031
007/052-mft-AL25-DHAPPQ75,59,0.7758377630539094,2031
007/052-mft-AL25-DHAPPQ75,60,0.6691133547646602,2031
007/052-mft-AL25-DHAPPQ75,61,0.7834353318810069,2031
007/052-mft-AL25-DHAPPQ75,62,0.7889087999921158,2031
007/052-mft-AL25-DHAPPQ75,63,0.6714512082870804,2031
007/052-mft-AL25-DHAPPQ75,64,0.7410268676794507,2031
007/052-mft-AL25-DHAPPQ75,65,0.733436649621097,2031
007/052-mft-AL25-DHAPPQ75,66,0.6402240603118639,2031
007/052-mft-AL25-DHAPPQ75,67,0.6586263497336621,2031
007/052-mft-AL25-DHAPPQ75,68,0.7489682664467177,2031
007/052-mft-AL25-DHAPPQ75,69,0.6051768298100072,2031
007/052-mft-AL25-DHAPPQ75,70,0.6374028177300918,2031
007/052-mft-AL25-DHAPPQ75,71,0.768223441791862,2031
007/052-mft-AL25-DHAPPQ75,72,0.7133060942778914,2031
007/052-mft-AL25-DHAPPQ75,73,0.695345506698693,2031
007/052-mft-AL25-DHAPPQ75,74,0.6252651457756159,2031
007/052-mft-AL25-DHAPPQ75,75,0.6803373704617556,2031
007/052-mft-AL25-DHAPPQ75,76,0.7600037558364354,2031
007/052-mft-AL25-DHAPPQ75,77,0.7349092371736302,2031
007/052-mft-AL25-DHAPPQ75,78,0.7692954556418451,2031
007/052-mft-AL25-DHAPPQ75,79,0.7502802871571226,2031
007/052-mft-AL25-DHAPPQ75,80,0.7270406796160049,2031
007/052-mft-AL25-DHAPPQ75,81,0.6585185291703781,2031
007/052-mft-AL25-DHAPPQ75,82,0.6509692332799341,2031
007/052-mft-AL25-DHAPPQ75,83,0.7101937605745084,2031
007/052-mft-AL25-DHAPPQ75,84,0.6986559500254078,2031
007/052-mft-AL25-DHAPPQ75,85,0.7494714590011416,2031
007/052-mft-AL25-DHAPPQ75,86,0.7340067319857382,2031
007/052-mft-AL25-DHAPPQ75,87,0.7225081980491365,2031
007/052-mft-AL25-DHAPPQ75,88,0.7186001644188598,2031
007/052-mft-AL25-DHAPPQ75,89,0.7430662418338136,2031
007/052-mft-AL25-DHAPPQ75,90,0.7821226882070672,2031
007/052-mft-AL25-DHAPPQ75,91,0.6904025125777354,2031
007/052-mft-AL25-DHAPPQ75,92,0.6765770596752723,2031
007/052-mft-AL25-DHAPPQ75,93,0.5843404212587738,2031
007/052-mft-AL25-DHAPPQ75,94,0.6575303681667841,2031
007/052-mft-AL25-DHAPPQ75,95,0.7043768888270828,2031
007/052-mft-AL25-DHAPPQ75,96,0.6759305838394457,2031
007/052-mft-AL25-DHAPPQ75,97,0.6785654253927725,2031
007/052-mft-AL25-DHAPPQ75,98,0.7375480877433195,2031
007/052-mft-AL25-DHAPPQ75,99,0.8022881979694837,2031
007/053-mft-ASAQ25-DHAPPQ75,0,0.6532282782927753,2031
007/053-mft-ASAQ25-DHAPPQ75,1,0.7236398515903102,2031
007/053-mft-ASAQ25-DHAPPQ75,2,0.6987951584557489,2031
007/053-mft-ASAQ25-DHAPPQ75,3,0.7421119495654477,2031
007/053-mft-ASAQ25-DHAPPQ75,4,0.6601022974059516,2031
007/053-mft-ASAQ25-DHAPPQ75,5,0.5901805473062932,2031
007/053-mft-ASAQ25-DHAPPQ75,6,0.6234027856918022,2031
007/053-mft-ASAQ25-DHAPPQ75,7,0.6796263329613538,2031
007/053-mft-ASAQ25-DHAPPQ75,8,0.6022949560608903,2031
007/053-mft-ASAQ25-DHAPPQ75,9,0.6602267972461837,2031
007/053-mft-ASAQ25-DHAPPQ75,10,0.7167946174134193,2031
007/053-mft-ASAQ25-DHAPPQ75,11,0.6394012711114869,2031
007/053-mft-ASAQ25-DHAPPQ75,12,0.6562423130599793,2031
007/053-mft-ASAQ25-DHAPPQ75,13,0.6088807515850443,2031
007/053-mft-ASAQ25-DHAPPQ75,14,0.6304230297719317,2031
007/053-mft-ASAQ25-DHAPPQ75,15,0.6365418858239017,2031
007/053-mft-ASAQ25-DHAPPQ75,16,0.598690175743312,2031
007/053-mft-ASAQ25-DHAPPQ75,17,0.6199030190001367,2031
007/053-mft-ASAQ25-DHAPPQ75,18,0.6427462853921034,2031
007/053-mft-ASAQ25-DHAPPQ75,19,0.6759609527952789,2031
007/053-mft-ASAQ25-DHAPPQ75,20,0.6506024407984251,2031
007/053-mft-ASAQ25-DHAPPQ75,21,0.7491744816058107,2031
007/053-mft-ASAQ25-DHAPPQ75,22,0.6453663679558409,2031
007/053-mft-ASAQ25-DHAPPQ75,23,0.6264924145538636,2031
007/053-mft-ASAQ25-DHAPPQ75,24,0.6028704369460473,2031
007/053-mft-ASAQ25-DHAPPQ75,25,0.7281679657785207,2031
007/053-mft-ASAQ25-DHAPPQ75,26,0.65471815644415,2031
007/053-mft-ASAQ25-DHAPPQ75,27,0.7378236057270994,2031
007/053-mft-ASAQ25-DHAPPQ75,28,0.6959773038967919,2031
007/053-mft-ASAQ25-DHAPPQ75,29,0.6368285333476423,2031
007/053-mft-ASAQ25-DHAPPQ75,30,0.7263841843843905,2031
007/053-mft-ASAQ25-DHAPPQ75,31,0.5460038062434337,2031
007/053-mft-ASAQ25-DHAPPQ75,32,0.6549312264265664,2031
007/053-mft-ASAQ25-DHAPPQ75,33,0.7289760197349326,2031
007/053-mft-ASAQ25-DHAPPQ75,34,0.7024356122519478,2031
007/053-mft-ASAQ25-DHAPPQ75,35,0.7003417544510261,2031
007/053-mft-ASAQ25-DHAPPQ75,36,0.6795107730801861,2031
007/053-mft-ASAQ25-DHAPPQ75,37,0.6000235990964781,2031
007/053-mft-ASAQ25-DHAPPQ75,38,0.6240012688265815,2031
007/053-mft-ASAQ25-DHAPPQ75,39,0.6964811061324322,2031
007/053-mft-ASAQ25-DHAPPQ75,40,0.6663112020821204,2031
007/053-mft-ASAQ25-DHAPPQ75,41,0.6717707564002827,2031
007/053-mft-ASAQ25-DHAPPQ75,42,0.7012976996996451,2031
007/053-mft-ASAQ25-DHAPPQ75,43,0.6298917106472749,2031
007/053-mft-ASAQ25-DHAPPQ75,44,0.7554617269550364,2031
007/053-mft-ASAQ25-DHAPPQ75,45,0.5986330867903372,2031
007/053-mft-ASAQ25-DHAPPQ75,46,0.6017450075463265,2031
007/053-mft-ASAQ25-DHAPPQ75,47,0.6582042987461953,2031
007/053-mft-ASAQ25-DHAPPQ75,48,0.6714763390802849,2031
007/053-mft-ASAQ25-DHAPPQ75,49,0.6628372042307381,2031
007/053-mft-ASAQ25-DHAPPQ75,50,0.6025293601615025,2031
007/053-mft-ASAQ25-DHAPPQ75,51,0.5670233711417804,2031
007/053-mft-ASAQ25-DHAPPQ75,52,0.6615641294696087,2031
007/053-mft-ASAQ25-DHAPPQ75,53,0.5815899702163418,2031
007/053-mft-ASAQ25-DHAPPQ75,54,0.6320138923858072,2031
007/053-mft-ASAQ25-DHAPPQ75,55,0.6154750198208913,2031
007/053-mft-ASAQ25-DHAPPQ75,56,0.7693332657046527,2031
007/053-mft-ASAQ25-DHAPPQ75,57,0.7848887375266568,2031
007/053-mft-ASAQ25-DHAPPQ75,58,0.6985421607048744,2031
007/053-mft-ASAQ25-DHAPPQ75,59,0.691074258815659,2031
007/053-mft-ASAQ25-DHAPPQ75,60,0.6389499643886599,2031
007/053-mft-ASAQ25-DHAPPQ75,61,0.6936085722571272,2031
007/053-mft-ASAQ25-DHAPPQ75,62,0.6763706385324383,2031
007/053-mft-ASAQ25-DHAPPQ75,63,0.6837742719088258,2031
007/053-mft-ASAQ25-DHAPPQ75,64,0.528900484631578,2031
007/053-mft-ASAQ25-DHAPPQ75,65,0.7099591170294707,2031
007/053-mft-ASAQ25-DHAPPQ75,66,0.6254993261028805,2031
007/053-mft-ASAQ25-DHAPPQ75,67,0.6115097350086452,2031
007/053-mft-ASAQ25-DHAPPQ75,68,0.705817124193513,2031
007/053-mft-ASAQ25-DHAPPQ75,69,0.6682995834920975,2031
007/053-mft-ASAQ25-DHAPPQ75,70,0.6179291214040434,2031
007/053-mft-ASAQ25-DHAPPQ75,71,0.6301316002809456,2031
007/053-mft-ASAQ25-DHAPPQ75,72,0.6186953669793939,2031
007/053-mft-ASAQ25-DHAPPQ75,73,0.6468291034265509,2031
007/053-mft-ASAQ25-DHAPPQ75,74,0.6194868740414505,2031
007/053-mft-ASAQ25-DHAPPQ75,75,0.6046990234666642,2031
007/053-mft-ASAQ25-DHAPPQ75,76,0.6859710500397412,2031
007/053-mft-ASAQ25-DHAPPQ75,77,0.6503991016668397,2031
007/053-mft-ASAQ25-DHAPPQ75,78,0.6171614435993967,2031
007/053-mft-ASAQ25-DHAPPQ75,79,0.7470865138060269,2031
007/053-mft-ASAQ25-DHAPPQ75,80,0.6661044000059957,2031
007/053-mft-ASAQ25-DHAPPQ75,81,0.6095801622464205,2031
007/053-mft-ASAQ25-DHAPPQ75,82,0.6475119176281016,2031
007/053-mft-ASAQ25-DHAPPQ75,83,0.6729855078577939,2031
007/053-mft-ASAQ25-DHAPPQ75,84,0.7388266055301985,2031
007/053-mft-ASAQ25-DHAPPQ75,85,0.7064073690564578,2031
007/053-mft-ASAQ25-DHAPPQ75,86,0.5638993573917079,2031
007/053-mft-ASAQ25-DHAPPQ75,87,0.687574422186204,2031
007/053-mft-ASAQ25-DHAPPQ75,88,0.6489131306992354,2031
007/053-mft-ASAQ25-DHAPPQ75,89,0.6285141400712563,2031
007/053-mft-ASAQ25-DHAPPQ75,90,0.6129711557358274,2031
007/053-mft-ASAQ25-DHAPPQ75,91,0.6958325549769334,2031
007/053-mft-ASAQ25-DHAPPQ75,92,0.7330153125760365,2031
007/053-mft-ASAQ25-DHAPPQ75,93,0.67829886464501,2031
007/053-mft-ASAQ25-DHAPPQ75,94,0.6987861005956945,2031
007/053-mft-ASAQ25-DHAPPQ75,95,0.6679280420824888,2031
007/053-mft-ASAQ25-DHAPPQ75,96,0.6990711673132819,2031
007/053-mft-ASAQ25-DHAPPQ75,97,0.5992179861877417,2031
007/053-mft-ASAQ25-DHAPPQ75,98,0.589510914918464,2031
007/053-mft-ASAQ25-DHAPPQ75,99,0.6615945296541631,2031
007/054-mft-AL75-ASAQ25,0,0.654137051219945,2031
007/054-mft-AL75-ASAQ25,1,0.7366621725520982,2031
007/054-mft-AL75-ASAQ25,2,0.5574931974280687,2031
007/054-mft-AL75-ASAQ25,3,0.5914719863125314,2031
007/054-mft-AL75-ASAQ25,4,0.7536635387990556,2031
007/054-mft-AL75-ASAQ25,5,0.7027426517237503,2031
007/054-mft-AL75-ASAQ25,6,0.629189492250071,2031
007/054-mft-AL75-ASAQ25,7,0.5983151296681597,2031
007/054-mft-AL75-ASAQ25,8,0.6758878643243257,2031
007/054-mft-AL75-ASAQ25,9,0.6667030303009055,2031
007/054-mft-AL75-ASAQ25,10,0.6595179474516596,2031
007/054-mft-AL75-ASAQ25,11,0.7314401117721342,2031
007/054-mft-AL75-ASAQ25,12,0.6581450354409043,2031
007/054-mft-AL75-ASAQ25,13,0.5774910852964544,2031
007/054-mft-AL75-ASAQ25,14,0.5586488559379496,2031
007/054-mft-AL75-ASAQ25,15,0.6761711545366048,2031
007/054-mft-AL75-ASAQ25,16,0.5674801648187773,2031
007/054-mft-AL75-ASAQ25,17,0.6620795300789386,2031
007/054-mft-AL75-ASAQ25,18,0.7471611468757512,2031
007/054-mft-AL75-ASAQ25,19,0.6162647800058193,2031
007/054-mft-AL75-ASAQ25,20,0.6906515873317315,2031
007/054-mft-AL75-ASAQ25,21,0.814314580106868,2031
007/054-mft-AL75-ASAQ25,22,0.6746297504625355,2031
007/054-mft-AL75-ASAQ25,23,0.6420011984170425,2031
007/054-mft-AL75-ASAQ25,24,0.6063394129040577,2031
007/054-mft-AL75-ASAQ25,25,0.6843725137710273,2031
007/054-mft-AL75-ASAQ25,26,0.6914712697288931,2031
007/054-mft-AL75-ASAQ25,27,0.6357821733215252,2031
007/054-mft-AL75-ASAQ25,28,0.6407643541616506,2031
007/054-mft-AL75-ASAQ25,29,0.6529240440482539,2031
007/054-mft-AL75-ASAQ25,30,0.6066715955726897,2031
007/054-mft-AL75-ASAQ25,31,0.722720826897928,2031
007/054-mft-AL75-ASAQ25,32,0.5065675900028987,2031
007/054-mft-AL75-ASAQ25,33,0.6014821634326899,2031
007/054-mft-AL75-ASAQ25,34,0.7101037029116943,2031
007/054-mft-AL75-ASAQ25,35,0.7007878523656617,2031
007/054-mft-AL75-ASAQ25,36,0.7327546478730707,2031
007/054-mft-AL75-ASAQ25,37,0.6311517708946895,2031
007/054-mft-AL75-ASAQ25,38,0.862359585298623,2031
007/054-mft-AL75-ASAQ25,39,0.6316750818078983,2031
007/054-mft-AL75-ASAQ25,40,0.6165755010254009,2031
007/054-mft-AL75-ASAQ25,41,0.6056012617031025,2031
007/054-mft-AL75-ASAQ25,42,0.7014741976400062,2031
007/054-mft-AL75-ASAQ25,43,0.5915439421547382,2031
007/054-mft-AL75-ASAQ25,44,0.5684288102807517,2031
007/054-mft-AL75-ASAQ25,45,0.6765749676750379,2031
007/054-mft-AL75-ASAQ25,46,0.6409080765916849,2031
007/054-mft-AL75-ASAQ25,47,0.7190249284990436,2031
007/054-mft-AL75-ASAQ25,48,0.6627935373035169,2031
007/054-mft-AL75-ASAQ25,49,0.6076829915420874,2031
007/054-mft-AL75-ASAQ25,50,0.6906889525359318,2031
007/054-mft-AL75-ASAQ25,51,0.6466061441795554,2031
007/054-mft-AL75-ASAQ25,52,0.6189244358205402,2031
007/054-mft-AL75-ASAQ25,53,0.6578644142740073,2031
007/054-mft-AL75-ASAQ25,54,0.5899143322455792,2031
007/054-mft-AL75-ASAQ25,55,0.7605947366431557,2031
007/054-mft-AL75-ASAQ25,56,0.6059895544801494,2031
007/054-mft-AL75-ASAQ25,57,0.581867557349466,2031
007/054-mft-AL75-ASAQ25,58,0.8570738808468188,2031
007/054-mft-AL75-ASAQ25,59,0.7052062411932414,2031
007/054-mft-AL75-ASAQ25,60,0.5910352545836093,2031
007/054-mft-AL75-ASAQ25,61,0.7259228895943218,2031
007/054-mft-AL75-ASAQ25,62,0.6688212591675495,2031
007/054-mft-AL75-ASAQ25,63,0.5276558096830862,2031
007/054-mft-AL75-ASAQ25,64,0.6366179786247402,2031
007/054-mft-AL75-ASAQ25,65,0.6208939578655501,2031
007/054-mft-AL75-ASAQ25,66,0.6683070712215229,2031
007/054-mft-AL75-ASAQ25,67,0.7230034537055133,2031
007/054-mft-AL75-ASAQ25,68,0.7408058996353786,2031
007/054-mft-AL75-ASAQ25,69,0.8096540845315959,2031
007/054-mft-AL75-ASAQ25,70,0.8313167188732149,2031
007/054-mft-AL75-ASAQ25,71,0.641328508891123,2031
007/054-mft-AL75-ASAQ25,72,0.5871830170946934,2031
007/054-mft-AL75-ASAQ25,73,0.7471891383527723,2031
007/054-mft-AL75-ASAQ25,74,0.5216378663935496,2031
007/054-mft-AL75-ASAQ25,75,0.6199621358323651,2031
007/054-mft-AL75-ASAQ25,76,0.6589191041503243,2031
007/054-mft-AL75-ASAQ25,77,0.5953144478364893,2031
007/054-mft-AL75-ASAQ25,78,0.6672857109084919,2031
007/054-mft-AL75-ASAQ25,79,0.500567191544622,2031
007/054-mft-AL75-ASAQ25,80,0.6407236680981806,2031
007/054-mft-AL75-ASAQ25,81,0.7674563168481803,2031
007/054-mft-AL75-ASAQ25,82,0.7177609337952028,2031
007/054-mft-AL75-ASAQ25,83,0.6636929766046359,2031
007/054-mft-AL75-ASAQ25,84,0.6860498891326666,2031
007/054-mft-AL75-ASAQ25,85,0.775023025805683,2031
007/054-mft-AL75-ASAQ25,86,0.5332377182594407,2031
007/054-mft-AL75-ASAQ25,87,0.7602043589171777,2031
007/054-mft-AL75-ASAQ25,88,0.7144487319427589,2031
007/054-mft-AL75-ASAQ25,89,0.6060620013005223,2031
007/054-mft-AL75-ASAQ25,90,0.7358010297193598,2031
007/054-mft-AL75-ASAQ25,91,0.6010658391252135,2031
007/054-mft-AL75-ASAQ25,92,0.6404209057774634,2031
007/054-mft-AL75-ASAQ25,93,0.7484659871159671,2031
007/054-mft-AL75-ASAQ25,94,0.64643966476038,2031
007/054-mft-AL75-ASAQ25,95,0.610881316846882,2031
007/054-mft-AL75-ASAQ25,96,0.7099833046408222,2031
007/054-mft-AL75-ASAQ25,97,0.6975253941557747,2031
007/054-mft-AL75-ASAQ25,98,0.7995852721175721,2031
007/054-mft-AL75-ASAQ25,99,0.5962058034248653,2031
007/055-mft-AL75-DHAPPQ25,0,0.743024755083774,2031
007/055-mft-AL75-DHAPPQ25,1,0.7199688530483043,2031
007/055-mft-AL75-DHAPPQ25,2,0.7253089815176548,2031
007/055-mft-AL75-DHAPPQ25,3,0.753193137700214,2031
007/055-mft-AL75-DHAPPQ25,4,0.5800277136713442,2031
007/055-mft-AL75-DHAPPQ25,5,0.7346446213361313,2031
007/055-mft-AL75-DHAPPQ25,6,0.6423727145703634,2031
007/055-mft-AL75-DHAPPQ25,7,0.6133804726018832,2031
007/055-mft-AL75-DHAPPQ25,8,0.6796864512959941,2031
007/055-mft-AL75-DHAPPQ25,9,0.6420973706795343,2031
007/055-mft-AL75-DHAPPQ25,10,0.7129985929230114,2031
007/055-mft-AL75-DHAPPQ25,11,0.715948881470219,2031
007/055-mft-AL75-DHAPPQ25,12,0.6240574914326703,2031
007/055-mft-AL75-DHAPPQ25,13,0.7117238200416084,2031
007/055-mft-AL75-DHAPPQ25,14,0.8535477634858596,2031
007/055-mft-AL75-DHAPPQ25,15,0.693187950317304,2031
007/055-mft-AL75-DHAPPQ25,16,0.5508159727713668,2031
007/055-mft-AL75-DHAPPQ25,17,0.6559699948421843,2031
007/055-mft-AL75-DHAPPQ25,18,0.5457602292197755,2031
007/055-mft-AL75-DHAPPQ25,19,0.7029049257144843,2031
007/055-mft-AL75-DHAPPQ25,20,0.7047211585747076,2031
007/055-mft-AL75-DHAPPQ25,21,0.6799482256874715,2031
007/055-mft-AL75-DHAPPQ25,22,0.7663573219820656,2031
007/055-mft-AL75-DHAPPQ25,23,0.618073477595854,2031
007/055-mft-AL75-DHAPPQ25,24,0.6453924076475701,2031
007/055-mft-AL75-DHAPPQ25,25,0.6766222788710676,2031
007/055-mft-AL75-DHAPPQ25,26,0.7062488325761276,2031
007/055-mft-AL75-DHAPPQ25,27,0.6159181834878183,2031
007/055-mft-AL75-DHAPPQ25,28,0.6628766269471801,2031
007/055-mft-AL75-DHAPPQ25,29,0.7195211072820719,2031
007/055-mft-AL75-DHAPPQ25,30,0.6834358035355986,2031
007/055-mft-AL75-DHAPPQ25,31,0.5948198409442224,2031
007/055-mft-AL75-DHAPPQ25,32,0.7667117714599624,2031
007/055-mft-AL75-DHAPPQ25,33,0.6538154066313512,2031
007/055-mft-AL75-DHAPPQ25,34,0.7403362691869462,2031
007/055-mft-AL75-DHAPPQ25,35,0.6782962427578814,2031
007/055-mft-AL75-DHAPPQ25,36,0.6454125427447691,2031
007/055-mft-AL75-DHAPPQ25,37,0.6424053157832849,2031
007/055-mft-AL75-DHAPPQ25,38,0.6125488737696216,2031
007/055-mft-AL75-DHAPPQ25,39,0.8026600219374419,2031
007/055-mft-AL75-DHAPPQ25,40,0.5847902323990246,2031
007/055-mft-AL75-DHAPPQ25,41,0.7034293537395548,2031
007/055-mft-AL75-DHAPPQ25,42,0.7486862492932588,2031
007/055-mft-AL75-DHAPPQ25,43,0.6930090483246826,2031
007/055-mft-AL75-DHAPPQ25,44,0.6391673666570181,2031
007/055-mft-AL75-DHAPPQ25,45,0.6452831372675935,2031
007/055-mft-AL75-DHAPPQ25,46,0.6571995417399181,2031
007/055-mft-AL75-DHAPPQ25,47,0.6557463655157892,2031
007/055-mft-AL75-DHAPPQ25,48,0.7289949275828446,2031
007/055-mft-AL75-DHAPPQ25,49,0.628818214190113,2031
007/055-mft-AL75-DHAPPQ25,50,0.7483195053181911,2031
007/055-mft-AL75-DHAPPQ25,51,0.5982624010443289,2031
007/055-mft-AL75-DHAPPQ25,52,0.616269872721077,2031
007/055-mft-AL75-DHAPPQ25,53,0.6759849552438925,2031
007/055-mft-AL75-DHAPPQ25,54,0.7462567072240006,2031
007/055-mft-AL75-DHAPPQ25,55,0.6875259815959373,2031
007/055-mft-AL75-DHAPPQ25,56,0.5939399686602522,2031
007/055-mft-AL75-DHAPPQ25,57,0.7678184807182173,2031
007/055-mft-AL75-DHAPPQ25,58,0.7075992384833857,2031
007/055-mft-AL75-DHAPPQ25,59,0.6460505943304092,2031
007/055-mft-AL75-DHAPPQ25,60,0.5739937270053704,2031
007/055-mft-AL75-DHAPPQ25,61,0.6830139833777094,2031
007/055-mft-AL75-DHAPPQ25,62,0.6784348335692522,2031
007/055-mft-AL75-DHAPPQ25,63,0.6569001761179857,2031
007/055-mft-AL75-DHAPPQ25,64,0.7248322070399627,2031
007/055-mft-AL75-DHAPPQ25,65,0.6093392941519347,2031
007/055-mft-AL75-DHAPPQ25,66,0.6032420109959513,2031
007/055-mft-AL75-DHAPPQ25,67,0.699555519447789,2031
007/055-mft-AL75-DHAPPQ25,68,0.6928911336834146,2031
007/055-mft-AL75-DHAPPQ25,69,0.6644198893704614,2031
007/055-mft-AL75-DHAPPQ25,70,0.7410525278517324,2031
007/055-mft-AL75-DHAPPQ25,71,0.6665044129961498,2031
007/055-mft-AL75-DHAPPQ25,72,0.6533334853699337,2031
007/055-mft-AL75-DHAPPQ25,73,0.7464976152783516,2031
007/055-mft-AL75-DHAPPQ25,74,0.6982178832199845,2031
007/055-mft-AL75-DHAPPQ25,75,0.728580153455201,2031
007/055-mft-AL75-DHAPPQ25,76,0.6271519717365782,2031
007/055-mft-AL75-DHAPPQ25,77,0.6152183299591385,2031
007/055-mft-AL75-DHAPPQ25,78,0.6674205644525739,2031
007/055-mft-AL75-DHAPPQ25,79,0.7442576593205974,2031
007/055-mft-AL75-DHAPPQ25,80,0.7411938142837512,2031
007/055-mft-AL75-DHAPPQ25,81,0.6355193267946616,2031
007/055-mft-AL75-DHAPPQ25,82,0.5540896838183604,2031
007/055-mft-AL75-DHAPPQ25,83,0.6547996933183783,2031
007/055-mft-AL75-DHAPPQ25,84,0.6620712208676575,2031
007/055-mft-AL75-DHAPPQ25,85,0.6071525149508211,2031
007/055-mft-AL75-DHAPPQ25,86,0.6769604675453338,2031
007/055-mft-AL75-DHAPPQ25,87,0.5405168866924077,2031
007/055-mft-AL75-DHAPPQ25,88,0.72553004347477,2031
007/055-mft-AL75-DHAPPQ25,89,0.6955051560541182,2031
007/055-mft-AL75-DHAPPQ25,90,0.7728877560782093,2031
007/055-mft-AL75-DHAPPQ25,91,0.6841134351980126,2031
007/055-mft-AL75-DHAPPQ25,92,0.6731622746821032,2031
007/055-mft-AL75-DHAPPQ25,93,0.6846884073871218,2031
007/055-mft-AL75-DHAPPQ25,94,0.6667372958621852,2031
007/055-mft-AL75-DHAPPQ25,95,0.5994450321202596,2031
007/055-mft-AL75-DHAPPQ25,96,0.6905520212334952,2031
007/055-mft-AL75-DHAPPQ25,97,0.7419251992309265,2031
007/055-mft-AL75-DHAPPQ25,98,0.7499642042738834,2031
007/055-mft-AL75-DHAPPQ25,99,0.6990203657175308,2031
007/056-mft-ASAQ75-DHAPPQ25,0,0.36280925093631233,2031
007/056-mft-ASAQ75-DHAPPQ25,1,0.4579511011575743,2031
007/056-mft-ASAQ75-DHAPPQ25,2,0.3449552263006581,2031
007/056-mft-ASAQ75-DHAPPQ25,3,0.3619012589313346,2031
007/056-mft-ASAQ75-DHAPPQ25,4,0.4214212094497268,2031
007/056-mft-ASAQ75-DHAPPQ25,5,0.3348389792928264,2031
007/056-mft-ASAQ75-DHAPPQ25,6,0.35439881248624056,2031
007/056-mft-ASAQ75-DHAPPQ25,7,0.4005773195429971,2031
007/056-mft-ASAQ75-DHAPPQ25,8,0.41206468360288645,2031
007/056-mft-ASAQ75-DHAPPQ25,9,0.3984613526378915,2031
007/056-mft-ASAQ75-DHAPPQ25,10,0.33944680881700257,2031
007/056-mft-ASAQ75-DHAPPQ25,11,0.47367246551584236,2031
007/056-mft-ASAQ75-DHAPPQ25,12,0.404187824815992,2031
007/056-mft-ASAQ75-DHAPPQ25,13,0.36942112637584373,2031
007/056-mft-ASAQ75-DHAPPQ25,14,0.44252678174384,2031
007/056-mft-ASAQ75-DHAPPQ25,15,0.4695151681327592,2031
007/056-mft-ASAQ75-DHAPPQ25,16,0.3983416527116001,2031
007/056-mft-ASAQ75-DHAPPQ25,17,0.40227494283302656,2031
007/056-mft-ASAQ75-DHAPPQ25,18,0.38299566142708436,2031
007/056-mft-ASAQ75-DHAPPQ25,19,0.27699322972605134,2031
007/056-mft-ASAQ75-DHAPPQ25,20,0.40191012368181994,2031
007/056-mft-ASAQ75-DHAPPQ25,21,0.38096330960573477,2031
007/056-mft-ASAQ75-DHAPPQ25,22,0.3289463606062609,2031
007/056-mft-ASAQ75-DHAPPQ25,23,0.3358784359187575,2031
007/056-mft-ASAQ75-DHAPPQ25,24,0.32409874056688764,2031
007/056-mft-ASAQ75-DHAPPQ25,25,0.38996598640634156,2031
007/056-mft-ASAQ75-DHAPPQ25,26,0.4018354319030881,2031
007/056-mft-ASAQ75-DHAPPQ25,27,0.38546421297947003,2031
007/056-mft-ASAQ75-DHAPPQ25,28,0.4443209735883001,2031
007/056-mft-ASAQ75-DHAPPQ25,29,0.3424319285158303,2031
007/056-mft-ASAQ75-DHAPPQ25,30,0.460287006996917,2031
007/056-mft-ASAQ75-DHAPPQ25,31,0.40351974759968806,2031
007/056-mft-ASAQ75-DHAPPQ25,32,0.4008471346387557,2031
007/056-mft-ASAQ75-DHAPPQ25,33,0.3812091795326944,2031
007/056-mft-ASAQ75-DHAPPQ25,34,0.4247233902852047,2031
007/056-mft-ASAQ75-DHAPPQ25,35,0.3381247430857273,2031
007/056-mft-ASAQ75-DHAPPQ25,36,0.3246423908198866,2031
007/056-mft-ASAQ75-DHAPPQ25,37,0.4485115635054356,2031
007/056-mft-ASAQ75-DHAPPQ25,38,0.44604415765640765,2031
007/056-mft-ASAQ75-DHAPPQ25,39,0.40017749887858894,2031
007/056-mft-ASAQ75-DHAPPQ25,40,0.3365868304257129,2031
007/056-mft-ASAQ75-DHAPPQ25,41,0.2887612739637069,2031
007/056-mft-ASAQ75-DHAPPQ25,42,0.3707659695936065,2031
007/056-mft-ASAQ75-DHAPPQ25,43,0.3739730808785806,2031
007/056-mft-ASAQ75-DHAPPQ25,44,0.4217344868357766,2031
007/056-mft-ASAQ75-DHAPPQ25,45,0.39615028013940257,2031
007/056-mft-ASAQ75-DHAPPQ25,46,0.2572592744614418,2031
007/056-mft-ASAQ75-DHAPPQ25,47,0.4069866651619874,2031
007/056-mft-ASAQ75-DHAPPQ25,48,0.37449676625845635,2031
007/056-mft-ASAQ75-DHAPPQ25,49,0.48073290731403207,2031
007/056-mft-ASAQ75-DHAPPQ25,50,0.3937559289848797,2031
007/056-mft-ASAQ75-DHAPPQ25,51,0.3761187995953919,2031
007/056-mft-ASAQ75-DHAPPQ25,52,0.4033348503148313,2031
007/056-mft-ASAQ75-DHAPPQ25,53,0.427839484589067,2031
007/056-mft-ASAQ75-DHAPPQ25,54,0.36514732870678546,2031
007/056-mft-ASAQ75-DHAPPQ25,55,0.3336093163519583,2031
007/056-mft-ASAQ75-DHAPPQ25,56,0.36706251145336405,2031
007/056-mft-ASAQ75-DHAPPQ25,57,0.43597802110436157,2031
007/056-mft-ASAQ75-DHAPPQ25,58,0.41808628386948016,2031
007/056-mft-ASAQ75-DHAPPQ25,59,0.3393186163621171,2031
007/056-mft-ASAQ75-DHAPPQ25,60,0.48313354858201457,2031
007/056-mft-ASAQ75-DHAPPQ25,61,0.40778029020832735,2031
007/056-mft-ASAQ75-DHAPPQ25,62,0.3423866111376131,2031
007/056-mft-ASAQ75-DHAPPQ25,63,0.39519192186045826,2031
007/056-mft-ASAQ75-DHAPPQ25,64,0.4122913827979761,2031
007/056-mft-ASAQ75-DHAPPQ25,65,0.3584246628692606,2031
007/056-mft-ASAQ75-DHAPPQ25,66,0.43147579837150735,2031
007/056-mft-ASAQ75-DHAPPQ25,67,0.3406917826071883,2031
007/056-mft-ASAQ75-DHAPPQ25,68,0.35721723475158623,2031
007/056-mft-ASAQ75-DHAPPQ25,69,0.40514970977470105,2031
007/056-mft-ASAQ75-DHAPPQ25,70,0.30572717204291533,2031
007/056-mft-ASAQ75-DHAPPQ25,71,0.31785066622748154,2031
007/056-mft-ASAQ75-DHAPPQ25,72,0.3646182801570539,2031
007/056-mft-ASAQ75-DHAPPQ25,73,0.30931752977253285,2031
007/056-mft-ASAQ75-DHAPPQ25,74,0.4241506059946935,2031
007/056-mft-ASAQ75-DHAPPQ25,75,0.4022990847752786,2031
007/056-mft-ASAQ75-DHAPPQ25,76,0.31004309116332307,2031
007/056-mft-ASAQ75-DHAPPQ25,77,0.5106942390565767,2031
007/056-mft-ASAQ75-DHAPPQ25,78,0.49331670703976527,2031
007/056-mft-ASAQ75-DHAPPQ25,79,0.44740669843756864,2031
007/056-mft-ASAQ75-DHAPPQ25,80,0.40423355094622004,2031
007/056-mft-ASAQ75-DHAPPQ25,81,0.41838378619004724,2031
007/056-mft-ASAQ75-DHAPPQ25,82,0.44910135128564815,2031
007/056-mft-ASAQ75-DHAPPQ25,83,0.3788938862542914,2031
007/056-mft-ASAQ75-DHAPPQ25,84,0.3587768558667262,2031
007/056-mft-ASAQ75-DHAPPQ25,85,0.4192357333058998,2031
007/056-mft-ASAQ75-DHAPPQ25,86,0.36542607538720856,2031
007/056-mft-ASAQ75-DHAPPQ25,87,0.4383992041894602,2031
007/056-mft-ASAQ75-DHAPPQ25,88,0.34989535854043213,2031
007/056-mft-ASAQ75-DHAPPQ25,89,0.3106138925162913,2031
007/056-mft-ASAQ75-DHAPPQ25,90,0.4890497772403277,2031
007/056-mft-ASAQ75-DHAPPQ25,91,0.44431812645291396,2031
007/056-mft-ASAQ75-DHAPPQ25,92,0.2751999510571133,2031
007/056-mft-ASAQ75-DHAPPQ25,93,0.4773048777050213,2031
007/056-mft-ASAQ75-DHAPPQ25,94,0.45102044800111046,2031
007/056-mft-ASAQ75-DHAPPQ25,95,0.387990202926538,2031
007/056-mft-ASAQ75-DHAPPQ25,96,0.38642970491485706,2031
007/056-mft-ASAQ75-DHAPPQ25,97,0.35668632933507766,2031
007/056-mft-ASAQ75-DHAPPQ25,98,0.40021119720183335,2031
007/056-mft-ASAQ75-DHAPPQ25,99,0.37617595127121445,2031
007/057-mft-AL50-ASAQ50,0,0.47405065991527806,2031
007/057-mft-AL50-ASAQ50,1,0.5350886173791891,2031
007/057-mft-AL50-ASAQ50,2,0.6141538703582748,2031
007/057-mft-AL50-ASAQ50,3,0.49687184033725273,2031
007/057-mft-AL50-ASAQ50,4,0.6396211356301543,2031
007/057-mft-AL50-ASAQ50,5,0.5021998664634983,2031
007/057-mft-AL50-ASAQ50,6,0.5525148227352352,2031
007/057-mft-AL50-ASAQ50,7,0.5991581651209611,2031
007/057-mft-AL50-ASAQ50,8,0.5775825311404047,2031
007/057-mft-AL50-ASAQ50,9,0.6502381842154249,2031
007/057-mft-AL50-ASAQ50,10,0.5186839208919289,2031
007/057-mft-AL50-ASAQ50,11,0.5239927136347887,2031
007/057-mft-AL50-ASAQ50,12,0.5785451473337507,2031
007/057-mft-AL50-ASAQ50,13,0.6163580302896725,2031
007/057-mft-AL50-ASAQ50,14,0.5726153145494515,2031
007/057-mft-AL50-ASAQ50,15,0.5618891609187439,2031
007/057-mft-AL50-ASAQ50,16,0.5571757470547193,2031
007/057-mft-AL50-ASAQ50,17,0.5849819139700834,2031
007/057-mft-AL50-ASAQ50,18,0.5013281121413459,2031
007/057-mft-AL50-ASAQ50,19,0.7160670281327711,2031
007/057-mft-AL50-ASAQ50,20,0.5728258314101436,2031
007/057-mft-AL50-ASAQ50,21,0.5017470387662544,2031
007/057-mft-AL50-ASAQ50,22,0.532073858154931,2031
007/057-mft-AL50-ASAQ50,23,0.4781765201765349,2031
007/057-mft-AL50-ASAQ50,24,0.6097240861995431,2031
007/057-mft-AL50-ASAQ50,25,0.4456326374234332,2031
007/057-mft-AL50-ASAQ50,26,0.5744687302241194,2031
007/057-mft-AL50-ASAQ50,27,0.6069048762826045,2031
007/057-mft-AL50-ASAQ50,28,0.4612706903973927,2031
007/057-mft-AL50-ASAQ50,29,0.5926335846545925,2031
007/057-mft-AL50-ASAQ50,30,0.6433638818876808,2031
007/057-mft-AL50-ASAQ50,31,0.5925981398215855,2031
007/057-mft-AL50-ASAQ50,32,0.6113957887159961,2031
007/057-mft-AL50-ASAQ50,33,0.7424764874065936,2031
007/057-mft-AL50-ASAQ50,34,0.6478333785680443,2031
007/057-mft-AL50-ASAQ50,35,0.5545996479107075,2031
007/057-mft-AL50-ASAQ50,36,0.5601173082623921,2031
007/057-mft-AL50-ASAQ50,37,0.6025928239904838,2031
007/057-mft-AL50-ASAQ50,38,0.5674122102152932,2031
007/057-mft-AL50-ASAQ50,39,0.5765762757241052,2031
007/057-mft-AL50-ASAQ50,40,0.5448814586952516,2031
007/057-mft-AL50-ASAQ50,41,0.5208519120803987,2031
007/057-mft-AL50-ASAQ50,42,0.48550967414304336,2031
007/057-mft-AL50-ASAQ50,43,0.5786430601575068,2031
007/057-mft-AL50-ASAQ50,44,0.6225016412048842,2031
007/057-mft-AL50-ASAQ50,45,0.5449656393797021,2031
007/057-mft-AL50-ASAQ50,46,0.483425785389665,2031
007/057-mft-AL50-ASAQ50,47,0.6221145678082821,2031
007/057-mft-AL50-ASAQ50,48,0.5713870595682584,2031
007/057-mft-AL50-ASAQ50,49,0.5761985335052072,2031
007/057-mft-AL50-ASAQ50,50,0.6187989540156729,2031
007/057-mft-AL50-ASAQ50,51,0.5835581514776619,2031
007/057-mft-AL50-ASAQ50,52,0.653186049221534,2031
007/057-mft-AL50-ASAQ50,53,0.5298238182868008,2031
007/057-mft-AL50-ASAQ50,54,0.611118709585116,2031
007/057-mft-AL50-ASAQ50,55,0.540493408523198,2031
007/057-mft-AL50-ASAQ50,56,0.48047392796397714,2031
007/057-mft-AL50-ASAQ50,57,0.605333448574245,2031
007/057-mft-AL50-ASAQ50,58,0.5723395969143951,2031
007/057-mft-AL50-ASAQ50,59,0.5556867006074551,2031
007/057-mft-AL50-ASAQ50,60,0.5210884089697467,2031
007/057-mft-AL50-ASAQ50,61,0.5848876916548196,2031
007/057-mft-AL50-ASAQ50,62,0.6590435607609585,2031
007/057-mft-AL50-ASAQ50,63,0.5993962752519072,2031
007/057-mft-AL50-ASAQ50,64,0.4852259990346816,2031
007/057-mft-AL50-ASAQ50,65,0.530913241869272,2031
007/057-mft-AL50-ASAQ50,66,0.5011729276282779,2031
007/057-mft-AL50-ASAQ50,67,0.5212519321609638,2031
007/057-mft-AL50-ASAQ50,68,0.7167642200803703,2031
007/057-mft-AL50-ASAQ50,69,0.5819058677573158,2031
007/057-mft-AL50-ASAQ50,70,0.6449240953123696,2031
007/057-mft-AL50-ASAQ50,71,0.5394569264450887,2031
007/057-mft-AL50-ASAQ50,72,0.4647666925704204,2031
007/057-mft-AL50-ASAQ50,73,0.5691702397272347,2031
007/057-mft-AL50-ASAQ50,74,0.6026063319215919,2031
007/057-mft-AL50-ASAQ50,75,0.5471000649911267,2031
007/057-mft-AL50-ASAQ50,76,0.6114126545003985,2031
007/057-mft-AL50-ASAQ50,77,0.6314954269593306,2031
007/057-mft-AL50-ASAQ50,78,0.4713231768585255,2031
007/057-mft-AL50-ASAQ50,79,0.684177354201899,2031
007/057-mft-AL50-ASAQ50,80,0.5686799900899427,2031
007/057-mft-AL50-ASAQ50,81,0.6402565756431464,2031
007/057-mft-AL50-ASAQ50,82,0.54419867212832,2031
007/057-mft-AL50-ASAQ50,83,0.582070366677006,2031
007/057-mft-AL50-ASAQ50,84,0.5501493482846888,2031
007/057-mft-AL50-ASAQ50,85,0.5342946195944923,2031
007/057-mft-AL50-ASAQ50,86,0.5821977640817172,2031
007/057-mft-AL50-ASAQ50,87,0.5382884031421753,2031
007/057-mft-AL50-ASAQ50,88,0.5298934568547295,2031
007/057-mft-AL50-ASAQ50,89,0.5783993130628345,2031
007/057-mft-AL50-ASAQ50,90,0.5743835207470317,2031
007/057-mft-AL50-ASAQ50,91,0.5138049985320127,2031
007/057-mft-AL50-ASAQ50,92,0.4140490998569685,2031
007/057-mft-AL50-ASAQ50,93,0.5883679579292803,2031
007/057-mft-AL50-ASAQ50,94,0.5591409397936214,2031
007/057-mft-AL50-ASAQ50,95,0.5836618071528733,2031
007/057-mft-AL50-ASAQ50,96,0.5760122322385643,2031
007/057-mft-AL50-ASAQ50,97,0.4823707477866648,2031
007/057-mft-AL50-ASAQ50,98,0.6134758934070255,2031
007/057-mft-AL50-ASAQ50,99,0.5159197265754784,2031
007/058-mft-AL50-DHAPPQ50,0,0.660871929027688,2031
007/058-mft-AL50-DHAPPQ50,1,0.6159844232472499,2031
007/058-mft-AL50-DHAPPQ50,2,0.6103789536694196,2031
007/058-mft-AL50-DHAPPQ50,3,0.6017493657251619,2031
007/058-mft-AL50-DHAPPQ50,4,0.7424302504265031,2031
007/058-mft-AL50-DHAPPQ50,5,0.6981855193166181,2031
007/058-mft-AL50-DHAPPQ50,6,0.6566707398221648,2031
007/058-mft-AL50-DHAPPQ50,7,0.5482814854769354,2031
007/058-mft-AL50-DHAPPQ50,8,0.6181752957310961,2031
007/058-mft-AL50-DHAPPQ50,9,0.5981208691003824,2031
007/058-mft-AL50-DHAPPQ50,10,0.5749601669349321,2031
007/058-mft-AL50-DHAPPQ50,11,0.5192381121744677,2031
007/058-mft-AL50-DHAPPQ50,12,0.6012565927464636,2031
007/058-mft-AL50-DHAPPQ50,13,0.6388628691448143,2031
007/058-mft-AL50-DHAPPQ50,14,0.5526427572513147,2031
007/058-mft-AL50-DHAPPQ50,15,0.5558026898289777,2031
007/058-mft-AL50-DHAPPQ50,16,0.6626466068903906,2031
007/058-mft-AL50-DHAPPQ50,17,0.6388970921848137,2031
007/058-mft-AL50-DHAPPQ50,18,0.5187192629105154,2031
007/058-mft-AL50-DHAPPQ50,19,0.6065501370462634,2031
007/058-mft-AL50-DHAPPQ50,20,0.5644211362394468,2031
007/058-mft-AL50-DHAPPQ50,21,0.6939531316911983,2031
007/058-mft-AL50-DHAPPQ50,22,0.737963130104874,2031
007/058-mft-AL50-DHAPPQ50,23,0.6454397583193144,2031
007/058-mft-AL50-DHAPPQ50,24,0.6779695412162904,2031
007/058-mft-AL50-DHAPPQ50,25,0.7256189452436259,2031
007/058-mft-AL50-DHAPPQ50,26,0.6633774809722699,2031
007/058-mft-AL50-DHAPPQ50,27,0.6929873111764269,2031
007/058-mft-AL50-DHAPPQ50,28,0.623825626109723,2031
007/058-mft-AL50-DHAPPQ50,29,0.6470978507473405,2031
007/058-mft-AL50-DHAPPQ50,30,0.6547541604449664,2031
007/058-mft-AL50-DHAPPQ50,31,0.6903814000398961,2031
007/058-mft-AL50-DHAPPQ50,32,0.7231639571802221,2031
007/058-mft-AL50-DHAPPQ50,33,0.5975342978272303,2031
007/058-mft-AL50-DHAPPQ50,34,0.7746326262450238,2031
007/058-mft-AL50-DHAPPQ50,35,0.7046989853030251,2031
007/058-mft-AL50-DHAPPQ50,36,0.658958868153833,2031
007/058-mft-AL50-DHAPPQ50,37,0.7901670579139323,2031
007/058-mft-AL50-DHAPPQ50,38,0.5342725886554761,2031
007/058-mft-AL50-DHAPPQ50,39,0.6381360180885292,2031
007/058-mft-AL50-DHAPPQ50,40,0.6647109961695864,2031
007/058-mft-AL50-DHAPPQ50,41,0.5935710665449645,2031
007/058-mft-AL50-DHAPPQ50,42,0.6623410495878278,2031
007/058-mft-AL50-DHAPPQ50,43,0.6369969025187033,2031
007/058-mft-AL50-DHAPPQ50,44,0.6506945283768668,2031
007/058-mft-AL50-DHAPPQ50,45,0.6567353736117851,2031
007/058-mft-AL50-DHAPPQ50,46,0.6598517191231676,2031
007/058-mft-AL50-DHAPPQ50,47,0.6666753041782044,2031
007/058-mft-AL50-DHAPPQ50,48,0.6775191776564699,2031
007/058-mft-AL50-DHAPPQ50,49,0.7045318473142569,2031
007/058-mft-AL50-DHAPPQ50,50,0.6533637174841668,2031
007/058-mft-AL50-DHAPPQ50,51,0.7122796844037055,2031
007/058-mft-AL50-DHAPPQ50,52,0.6831358494785444,2031
007/058-mft-AL50-DHAPPQ50,53,0.7057551249289399,2031
007/058-mft-AL50-DHAPPQ50,54,0.5675699764548446,2031
007/058-mft-AL50-DHAPPQ50,55,0.7324800395067834,2031
007/058-mft-AL50-DHAPPQ50,56,0.6252702746236553,2031
007/058-mft-AL50-DHAPPQ50,57,0.645195763815337,2031
007/058-mft-AL50-DHAPPQ50,58,0.5705571780138204,2031
007/058-mft-AL50-DHAPPQ50,59,0.6683034754793052,2031
007/058-mft-AL50-DHAPPQ50,60,0.59130417182793,2031
007/058-mft-AL50-DHAPPQ50,61,0.621133970519283,2031
007/058-mft-AL50-DHAPPQ50,62,0.7848236203284936,2031
007/058-mft-AL50-DHAPPQ50,63,0.6319776570458527,2031
007/058-mft-AL50-DHAPPQ50,64,0.7298156507939985,2031
007/058-mft-AL50-DHAPPQ50,65,0.6410999533266943,2031
007/058-mft-AL50-DHAPPQ50,66,0.6634589095960973,2031
007/058-mft-AL50-DHAPPQ50,67,0.6714565106978801,2031
007/058-mft-AL50-DHAPPQ50,68,0.6218066322374683,2031
007/058-mft-AL50-DHAPPQ50,69,0.5682408716475071,2031
007/058-mft-AL50-DHAPPQ50,70,0.6086537750412077,2031
007/058-mft-AL50-DHAPPQ50,71,0.6905525774470188,2031
007/058-mft-AL50-DHAPPQ50,72,0.673514062436913,2031
007/058-mft-AL50-DHAPPQ50,73,0.6443335875668547,2031
007/058-mft-AL50-DHAPPQ50,74,0.6887562279921884,2031
007/058-mft-AL50-DHAPPQ50,75,0.6368563111947294,2031
007/058-mft-AL50-DHAPPQ50,76,0.6062000903474157,2031
007/058-mft-AL50-DHAPPQ50,77,0.5763964549521458,2031
007/058-mft-AL50-DHAPPQ50,78,0.6735683071144631,2031
007/058-mft-AL50-DHAPPQ50,79,0.7298662529958269,2031
007/058-mft-AL50-DHAPPQ50,80,0.7179654266380314,2031
007/058-mft-AL50-DHAPPQ50,81,0.598747651093173,2031
007/058-mft-AL50-DHAPPQ50,82,0.6154545850602756,2031
007/058-mft-AL50-DHAPPQ50,83,0.6830053816133255,2031
007/058-mft-AL50-DHAPPQ50,84,0.602990131360052,2031
007/058-mft-AL50-DHAPPQ50,85,0.6971238132423009,2031
007/058-mft-AL50-DHAPPQ50,86,0.6800437216200131,2031
007/058-mft-AL50-DHAPPQ50,87,0.6730421426385816,2031
007/058-mft-AL50-DHAPPQ50,88,0.6599155693016139,2031
007/058-mft-AL50-DHAPPQ50,89,0.7592341251298936,2031
007/058-mft-AL50-DHAPPQ50,90,0.6818349818477798,2031
007/058-mft-AL50-DHAPPQ50,91,0.589952736930521,2031
007/058-mft-AL50-DHAPPQ50,92,0.6607031090846263,2031
007/058-mft-AL50-DHAPPQ50,93,0.7186408904746141,2031
007/058-mft-AL50-DHAPPQ50,94,0.5396349211210024,2031
007/058-mft-AL50-DHAPPQ50,95,0.713397582709043,2031
007/058-mft-AL50-DHAPPQ50,96,0.6907599835127525,2031
007/058-mft-AL50-DHAPPQ50,97,0.6294660178929712,2031
007/058-mft-AL50-DHAPPQ50,98,0.5755408725253508,2031
007/058-mft-AL50-DHAPPQ50,99,0.6963987392050881,2031
007/059-mft-ASAQ50-DHAPPQ50,0,0.4344680069206534,2031
007/059-mft-ASAQ50-DHAPPQ50,1,0.4617731717625608,2031
007/059-mft-ASAQ50-DHAPPQ50,2,0.6864154346315853,2031
007/059-mft-ASAQ50-DHAPPQ50,3,0.5421223240233961,2031
007/059-mft-ASAQ50-DHAPPQ50,4,0.49382498830053145,2031
007/059-mft-ASAQ50-DHAPPQ50,5,0.40674907196808724,2031
007/059-mft-ASAQ50-DHAPPQ50,6,0.4748509186328716,2031
007/059-mft-ASAQ50-DHAPPQ50,7,0.4730493494792615,2031
007/059-mft-ASAQ50-DHAPPQ50,8,0.5200506528254483,2031
007/059-mft-ASAQ50-DHAPPQ50,9,0.48060098839732146,2031
007/059-mft-ASAQ50-DHAPPQ50,10,0.41172184663172456,2031
007/059-mft-ASAQ50-DHAPPQ50,11,0.45088655288538476,2031
007/059-mft-ASAQ50-DHAPPQ50,12,0.3947390324446825,2031
007/059-mft-ASAQ50-DHAPPQ50,13,0.5736665603013781,2031
007/059-mft-ASAQ50-DHAPPQ50,14,0.5197416660281803,2031
007/059-mft-ASAQ50-DHAPPQ50,15,0.5114651717228661,2031
007/059-mft-ASAQ50-DHAPPQ50,16,0.4889595639773781,2031
007/059-mft-ASAQ50-DHAPPQ50,17,0.5285645405891422,2031
007/059-mft-ASAQ50-DHAPPQ50,18,0.4343358569982776,2031
007/059-mft-ASAQ50-DHAPPQ50,19,0.45813738843238944,2031
007/059-mft-ASAQ50-DHAPPQ50,20,0.5834203608732574,2031
007/059-mft-ASAQ50-DHAPPQ50,21,0.41370287310896053,2031
007/059-mft-ASAQ50-DHAPPQ50,22,0.44040637009004463,2031
007/059-mft-ASAQ50-DHAPPQ50,23,0.5001854743689172,2031
007/059-mft-ASAQ50-DHAPPQ50,24,0.5038319677060697,2031
007/059-mft-ASAQ50-DHAPPQ50,25,0.48410904422865797,2031
007/059-mft-ASAQ50-DHAPPQ50,26,0.4838313084566543,2031
007/059-mft-ASAQ50-DHAPPQ50,27,0.4874650327554583,2031
007/059-mft-ASAQ50-DHAPPQ50,28,0.5041014505931534,2031
007/059-mft-ASAQ50-DHAPPQ50,29,0.5037596453272065,2031
007/059-mft-ASAQ50-DHAPPQ50,30,0.5337782592033717,2031
007/059-mft-ASAQ50-DHAPPQ50,31,0.448924744476896,2031
007/059-mft-ASAQ50-DHAPPQ50,32,0.430524188445602,2031
007/059-mft-ASAQ50-DHAPPQ50,33,0.37466405412753806,2031
007/059-mft-ASAQ50-DHAPPQ50,34,0.5678738677297374,2031
007/059-mft-ASAQ50-DHAPPQ50,35,0.5201727912347583,2031
007/059-mft-ASAQ50-DHAPPQ50,36,0.5282004642699389,2031
007/059-mft-ASAQ50-DHAPPQ50,37,0.4829749789868479,2031
007/059-mft-ASAQ50-DHAPPQ50,38,0.45652407707568415,2031
007/059-mft-ASAQ50-DHAPPQ50,39,0.4799380608306043,2031
007/059-mft-ASAQ50-DHAPPQ50,40,0.39678418198262416,2031
007/059-mft-ASAQ50-DHAPPQ50,41,0.3923796249548695,2031
007/059-mft-ASAQ50-DHAPPQ50,42,0.5094505388302272,2031
007/059-mft-ASAQ50-DHAPPQ50,43,0.450419183751167,2031
007/059-mft-ASAQ50-DHAPPQ50,44,0.43073073511499654,2031
007/059-mft-ASAQ50-DHAPPQ50,45,0.5287771921731814,2031
007/059-mft-ASAQ50-DHAPPQ50,46,0.5026229326726376,2031
007/059-mft-ASAQ50-DHAPPQ50,47,0.4884233975822187,2031
007/059-mft-ASAQ50-DHAPPQ50,48,0.43838563638261024,2031
007/059-mft-ASAQ50-DHAPPQ50,49,0.4332472261366403,2031
007/059-mft-ASAQ50-DHAPPQ50,50,0.4589099366195541,2031
007/059-mft-ASAQ50-DHAPPQ50,51,0.4616296605291386,2031
007/059-mft-ASAQ50-DHAPPQ50,52,0.41653077378629133,2031
007/059-mft-ASAQ50-DHAPPQ50,53,0.46179235940067187,2031
007/059-mft-ASAQ50-DHAPPQ50,54,0.5707601173400039,2031
007/059-mft-ASAQ50-DHAPPQ50,55,0.46230343460630574,2031
007/059-mft-ASAQ50-DHAPPQ50,56,0.5729585383724105,2031
007/059-mft-ASAQ50-DHAPPQ50,57,0.5719458061234715,2031
007/059-mft-ASAQ50-DHAPPQ50,58,0.4863939652246622,2031
007/059-mft-ASAQ50-DHAPPQ50,59,0.48479834148997014,2031
007/059-mft-ASAQ50-DHAPPQ50,60,0.45874204124714013,2031
007/059-mft-ASAQ50-DHAPPQ50,61,0.4800941701748331,2031
007/059-mft-ASAQ50-DHAPPQ50,62,0.5279256157497958,2031
007/059-mft-ASAQ50-DHAPPQ50,63,0.49425969226103666,2031
007/059-mft-ASAQ50-DHAPPQ50,64,0.5657255357168515,2031
007/059-mft-ASAQ50-DHAPPQ50,65,0.5151268591441076,2031
007/059-mft-ASAQ50-DHAPPQ50,66,0.5507729814848595,2031
007/059-mft-ASAQ50-DHAPPQ50,67,0.498089231635291,2031
007/059-mft-ASAQ50-DHAPPQ50,68,0.5326688695898516,2031
007/059-mft-ASAQ50-DHAPPQ50,69,0.4132629929825086,2031
007/059-mft-ASAQ50-DHAPPQ50,70,0.46715904663556623,2031
007/059-mft-ASAQ50-DHAPPQ50,71,0.527442020107136,2031
007/059-mft-ASAQ50-DHAPPQ50,72,0.47829841478013996,2031
007/059-mft-ASAQ50-DHAPPQ50,73,0.4830555361773312,2031
007/059-mft-ASAQ50-DHAPPQ50,74,0.5191915722214094,2031
007/059-mft-ASAQ50-DHAPPQ50,75,0.39606130967612324,2031
007/059-mft-ASAQ50-DHAPPQ50,76,0.5491475293785908,2031
007/059-mft-ASAQ50-DHAPPQ50,77,0.44236659646221693,2031
007/059-mft-ASAQ50-DHAPPQ50,78,0.3897382447996482,2031
007/059-mft-ASAQ50-DHAPPQ50,79,0.4836883091315267,2031
007/059-mft-ASAQ50-DHAPPQ50,80,0.4026630280055163,2031
007/059-mft-ASAQ50-DHAPPQ50,81,0.5370763767697128,2031
007/059-mft-ASAQ50-DHAPPQ50,82,0.40969369602703193,2031
007/059-mft-ASAQ50-DHAPPQ50,83,0.5980033272831043,2031
007/059-mft-ASAQ50-DHAPPQ50,84,0.4861448245811615,2031
007/059-mft-ASAQ50-DHAPPQ50,85,0.4252873140839455,2031
007/059-mft-ASAQ50-DHAPPQ50,86,0.49745718764595587,2031
007/059-mft-ASAQ50-DHAPPQ50,87,0.5385214436303863,2031
007/059-mft-ASAQ50-DHAPPQ50,88,0.42420054798241735,2031
007/059-mft-ASAQ50-DHAPPQ50,89,0.5397433914485258,2031
007/059-mft-ASAQ50-DHAPPQ50,90,0.5193099429022793,2031
007/059-mft-ASAQ50-DHAPPQ50,91,0.4680765643258638,2031
007/059-mft-ASAQ50-DHAPPQ50,92,0.37295528132440176,2031
007/059-mft-ASAQ50-DHAPPQ50,93,0.4312450866976966,2031
007/059-mft-ASAQ50-DHAPPQ50,94,0.5551230034439508,2031
007/059-mft-ASAQ50-DHAPPQ50,95,0.5691038448968937,2031
007/059-mft-ASAQ50-DHAPPQ50,96,0.4689578006578445,2031
007/059-mft-ASAQ50-DHAPPQ50,97,0.4871140930125956,2031
007/059-mft-ASAQ50-DHAPPQ50,98,0.5328965288197445,2031
007/059-mft-ASAQ50-DHAPPQ50,99,0.49346440110915896,2031
007/060-mft-AL-ASAQ-DHAPPQ,0,0.46669563943794207,2031
007/060-mft-AL-ASAQ-DHAPPQ,1,0.5756253509970807,2031
007/060-mft-AL-ASAQ-DHAPPQ,2,0.5805443019081534,2031
007/060-mft-AL-ASAQ-DHAPPQ,3,0.530204824939076,2031
007/060-mft-AL-ASAQ-DHAPPQ,4,0.5126459620706657,2031
007/060-mft-AL-ASAQ-DHAPPQ,5,0.5597252066810354,2031
007/060-mft-AL-ASAQ-DHAPPQ,6,0.501556190196376,2031
007/060-mft-AL-ASAQ-DHAPPQ,7,0.5348148070922114,2031
007/060-mft-AL-ASAQ-DHAPPQ,8,0.5785128340435551,2031
007/060-mft-AL-ASAQ-DHAPPQ,9,0.5550562666426796,2031
007/060-mft-AL-ASAQ-DHAPPQ,10,0.5114186083890578,2031
007/060-mft-AL-ASAQ-DHAPPQ,11,0.39053797589032024,2031
007/060-mft-AL-ASAQ-DHAPPQ,12,0.5530452939088778,2031
007/060-mft-AL-ASAQ-DHAPPQ,13,0.5192454728269837,2031
007/060-mft-AL-ASAQ-DHAPPQ,14,0.5591287725987378,2031
007/060-mft-AL-ASAQ-DHAPPQ,15,0.5680569112317474,2031
007/060-mft-AL-ASAQ-DHAPPQ,16,0.5120525461281399,2031
007/060-mft-AL-ASAQ-DHAPPQ,17,0.49211500101839406,2031
007/060-mft-AL-ASAQ-DHAPPQ,18,0.5168096447819125,2031
007/060-mft-AL-ASAQ-DHAPPQ,19,0.453611259901118,2031
007/060-mft-AL-ASAQ-DHAPPQ,20,0.5845553434926402,2031
007/060-mft-AL-ASAQ-DHAPPQ,21,0.5634500991904682,2031
007/060-mft-AL-ASAQ-DHAPPQ,22,0.5335960937339955,2031
007/060-mft-AL-ASAQ-DHAPPQ,23,0.6510410558311149,2031
007/060-mft-AL-ASAQ-DHAPPQ,24,0.5184773158735426,2031
007/060-mft-AL-ASAQ-DHAPPQ,25,0.4239411679457348,2031
007/060-mft-AL-ASAQ-DHAPPQ,26,0.544393363090106,2031
007/060-mft-AL-ASAQ-DHAPPQ,27,0.507875569264778,2031
007/060-mft-AL-ASAQ-DHAPPQ,28,0.45470132265591223,2031
007/060-mft-AL-ASAQ-DHAPPQ,29,0.46501312956082735,2031
007/060-mft-AL-ASAQ-DHAPPQ,30,0.4174117682735343,2031
007/060-mft-AL-ASAQ-DHAPPQ,31,0.45598256977763,2031
007/060-mft-AL-ASAQ-DHAPPQ,32,0.5380599471936997,2031
007/060-mft-AL-ASAQ-DHAPPQ,33,0.6477712008334573,2031
007/060-mft-AL-ASAQ-DHAPPQ,34,0.508096085971061,2031
007/060-mft-AL-ASAQ-DHAPPQ,35,0.6304275362498625,2031
007/060-mft-AL-ASAQ-DHAPPQ,36,0.5306532783941772,2031
007/060-mft-AL-ASAQ-DHAPPQ,37,0.3527470535459067,2031
007/060-mft-AL-ASAQ-DHAPPQ,38,0.5197528990205685,2031
007/060-mft-AL-ASAQ-DHAPPQ,39,0.4863574888516768,2031
007/060-mft-AL-ASAQ-DHAPPQ,40,0.6299719466670669,2031
007/060-mft-AL-ASAQ-DHAPPQ,41,0.5397213434496763,2031
007/060-mft-AL-ASAQ-DHAPPQ,42,0.5784099633241314,2031
007/060-mft-AL-ASAQ-DHAPPQ,43,0.5454024323603942,2031
007/060-mft-AL-ASAQ-DHAPPQ,44,0.4898490379631806,2031
007/060-mft-AL-ASAQ-DHAPPQ,45,0.5171008144122698,2031
007/060-mft-AL-ASAQ-DHAPPQ,46,0.4873224938760425,2031
007/060-mft-AL-ASAQ-DHAPPQ,47,0.47726665227912196,2031
007/060-mft-AL-ASAQ-DHAPPQ,48,0.5153145439084351,2031
007/060-mft-AL-ASAQ-DHAPPQ,49,0.5265579510616005,2031
007/060-mft-AL-ASAQ-DHAPPQ,50,0.539159246218726,2031
007/060-mft-AL-ASAQ-DHAPPQ,51,0.4954185596000808,2031
007/060-mft-AL-ASAQ-DHAPPQ,52,0.4378081959483157,2031
007/060-mft-AL-ASAQ-DHAPPQ,53,0.5043947687336886,2031
007/060-mft-AL-ASAQ-DHAPPQ,54,0.40502800685963236,2031
007/060-mft-AL-ASAQ-DHAPPQ,55,0.5378848519943873,2031
007/060-mft-AL-ASAQ-DHAPPQ,56,0.5093213897667136,2031
007/060-mft-AL-ASAQ-DHAPPQ,57,0.5625253504386448,2031
007/060-mft-AL-ASAQ-DHAPPQ,58,0.5073093455077767,2031
007/060-mft-AL-ASAQ-DHAPPQ,59,0.5048639697746354,2031
007/060-mft-AL-ASAQ-DHAPPQ,60,0.49441294316800555,2031
007/060-mft-AL-ASAQ-DHAPPQ,61,0.5706570923608228,2031
007/060-mft-AL-ASAQ-DHAPPQ,62,0.801746333676007,2031
007/060-mft-AL-ASAQ-DHAPPQ,63,0.4446296370903789,2031
007/060-mft-AL-ASAQ-DHAPPQ,64,0.5360683225325067,2031
007/060-mft-AL-ASAQ-DHAPPQ,65,0.48267851994162664,2031
007/060-mft-AL-ASAQ-DHAPPQ,66,0.5513605374529246,2031
007/060-mft-AL-ASAQ-DHAPPQ,67,0.48678323311574906,2031
007/060-mft-AL-ASAQ-DHAPPQ,68,0.5304388673761699,2031
007/060-mft-AL-ASAQ-DHAPPQ,69,0.49267023541359295,2031
007/060-mft-AL-ASAQ-DHAPPQ,70,0.5728064537929524,2031
007/060-mft-AL-ASAQ-DHAPPQ,71,0.4285261922697025,2031
007/060-mft-AL-ASAQ-DHAPPQ,72,0.5581974850205517,2031
007/060-mft-AL-ASAQ-DHAPPQ,73,0.5543491014695945,2031
007/060-mft-AL-ASAQ-DHAPPQ,74,0.4784813329792636,2031
007/060-mft-AL-ASAQ-DHAPPQ,75,0.5235143746455773,2031
007/060-mft-AL-ASAQ-DHAPPQ,76,0.5480466627939405,2031
007/060-mft-AL-ASAQ-DHAPPQ,77,0.5013025347824082,2031
007/060-mft-AL-ASAQ-DHAPPQ,78,0.3829444907170814,2031
007/060-mft-AL-ASAQ-DHAPPQ,79,0.5147360382899072,2031
007/060-mft-AL-ASAQ-DHAPPQ,80,0.5379472422701401,2031
007/060-mft-AL-ASAQ-DHAPPQ,81,0.4821552871217558,2031
007/060-mft-AL-ASAQ-DHAPPQ,82,0.4672104472652317,2031
007/060-mft-AL-ASAQ-DHAPPQ,83,0.5162518035527414,2031
007/060-mft-AL-ASAQ-DHAPPQ,84,0.5430371645499047,2031
007/060-mft-AL-ASAQ-DHAPPQ,85,0.4957784409882966,2031
007/060-mft-AL-ASAQ-DHAPPQ,86,0.5716915233189376,2031
007/060-mft-AL-ASAQ-DHAPPQ,87,0.6008066613894482,2031
007/060-mft-AL-ASAQ-DHAPPQ,88,0.5922285460741243,2031
007/060-mft-AL-ASAQ-DHAPPQ,89,0.5192911675821089,2031
007/060-mft-AL-ASAQ-DHAPPQ,90,0.6085021641361914,2031
007/060-mft-AL-ASAQ-DHAPPQ,91,0.5282006468244748,2031
007/060-mft-AL-ASAQ-DHAPPQ,92,0.43371657796173496,2031
007/060-mft-AL-ASAQ-DHAPPQ,93,0.5225428474389396,2031
007/060-mft-AL-ASAQ-DHAPPQ,94,0.5508006597224416,2031
007/060-mft-AL-ASAQ-DHAPPQ,95,0.6069187526712787,2031
007/060-mft-AL-ASAQ-DHAPPQ,96,0.5635063222626836,2031
007/060-mft-AL-ASAQ-DHAPPQ,97,0.4909225485876452,2031
007/060-mft-AL-ASAQ-DHAPPQ,98,0.5416011449291881,2031
007/060-mft-AL-ASAQ-DHAPPQ,99,0.507413642459542,2031
007/061-tact-AL4y-ALAQ,0,0.6209284664026774,2031
007/061-tact-AL4y-ALAQ,1,0.4882458227911099,2031
007/061-tact-AL4y-ALAQ,2,0.6688823371066942,2031
007/061-tact-AL4y-ALAQ,3,0.4689216673512626,2031
007/061-tact-AL4y-ALAQ,4,0.5024601877676623,2031
007/061-tact-AL4y-ALAQ,5,0.541148414713866,2031
007/061-tact-AL4y-ALAQ,6,0.5164373827307102,2031
007/061-tact-AL4y-ALAQ,7,0.5161061508456065,2031
007/061-tact-AL4y-ALAQ,8,0.5183324407490341,2031
007/061-tact-AL4y-ALAQ,9,0.5481573702648169,2031
007/061-tact-AL4y-ALAQ,10,0.5379415096538921,2031
007/061-tact-AL4y-ALAQ,11,0.6075687925644407,2031
007/061-tact-AL4y-ALAQ,12,0.43852401395102475,2031
007/061-tact-AL4y-ALAQ,13,0.5099513161411502,2031
007/061-tact-AL4y-ALAQ,14,0.5426534354840477,2031
007/061-tact-AL4y-ALAQ,15,0.5810304663139787,2031
007/061-tact-AL4y-ALAQ,16,0.5339734538724794,2031
007/061-tact-AL4y-ALAQ,17,0.7028350432491918,2031
007/061-tact-AL4y-ALAQ,18,0.42149106243292617,2031
007/061-tact-AL4y-ALAQ,19,0.5674548865879271,2031
007/061-tact-AL4y-ALAQ,20,0.581616290703587,2031
007/061-tact-AL4y-ALAQ,21,0.6879994863675263,2031
007/061-tact-AL4y-ALAQ,22,0.38120875074505794,2031
007/061-tact-AL4y-ALAQ,23,0.6418333343671374,2031
007/061-tact-AL4y-ALAQ,24,0.6299433378441139,2031
007/061-tact-AL4y-ALAQ,25,0.5843164378109168,2031
007/061-tact-AL4y-ALAQ,26,0.614350963399002,2031
007/061-tact-AL4y-ALAQ,27,0.6713744361684181,2031
007/061-tact-AL4y-ALAQ,28,0.5727442069651897,2031
007/061-tact-AL4y-ALAQ,29,0.5735052138079286,2031
007/061-tact-AL4y-ALAQ,30,0.495980508048671,2031
007/061-tact-AL4y-ALAQ,31,0.5910103930063003,2031
007/061-tact-AL4y-ALAQ,32,0.706301734640642,2031
007/061-tact-AL4y-ALAQ,33,0.6168958585492381,2031
007/061-tact-AL4y-ALAQ,34,0.5305578187266846,2031
007/061-tact-AL4y-ALAQ,35,0.5401094078493517,2031
007/061-tact-AL4y-ALAQ,36,0.5019375095053152,2031
007/061-tact-AL4y-ALAQ,37,0.5406275380355818,2031
007/061-tact-AL4y-ALAQ,38,0.4984700261500851,2031
007/061-tact-AL4y-ALAQ,39,0.5340144582995436,2031
007/061-tact-AL4y-ALAQ,40,0.5411779886277138,2031
007/061-tact-AL4y-ALAQ,41,0.4387476659034519,2031
007/061-tact-AL4y-ALAQ,42,0.5208586703409408,2031
007/061-tact-AL4y-ALAQ,43,0.5916691347443234,2031
007/061-tact-AL4y-ALAQ,44,0.6254902282116769,2031
007/061-tact-AL4y-ALAQ,45,0.5217046322235349,2031
007/061-tact-AL4y-ALAQ,46,0.6452029616289515,2031
007/061-tact-AL4y-ALAQ,47,0.5402537319470131,2031
007/061-tact-AL4y-ALAQ,48,0.598634183879971,2031
007/061-tact-AL4y-ALAQ,49,0.6151148679461512,2031
007/061-tact-AL4y-ALAQ,50,0.5017086597074406,2031
007/061-tact-AL4y-ALAQ,51,0.5653848089297303,2031
007/061-tact-AL4y-ALAQ,52,0.6729547037746794,2031
007/061-tact-AL4y-ALAQ,53,0.40624174338540064,2031
007/061-tact-AL4y-ALAQ,54,0.641366874848861,2031
007/061-tact-AL4y-ALAQ,55,0.6258523713595181,2031
007/061-tact-AL4y-ALAQ,56,0.5020106705488762,2031
007/061-tact-AL4y-ALAQ,57,0.5776670324173315,2031
007/061-tact-AL4y-ALAQ,58,0.6812276865620688,2031
007/061-tact-AL4y-ALAQ,59,0.6423187983779662,2031
007/061-tact-AL4y-ALAQ,60,0.4886550029083676,2031
007/061-tact-AL4y-ALAQ,61,0.6166354693034731,2031
007/061-tact-AL4y-ALAQ,62,0.5514182341985793,2031
007/061-tact-AL4y-ALAQ,63,0.7026969950057187,2031
007/061-tact-AL4y-ALAQ,64,0.5981241924384225,2031
007/061-tact-AL4y-ALAQ,65,0.6094271723232966,2031
007/061-tact-AL4y-ALAQ,66,0.4923125979297191,2031
007/061-tact-AL4y-ALAQ,67,0.5680541742834669,2031
007/061-tact-AL4y-ALAQ,68,0.47731448413600597,2031
007/061-tact-AL4y-ALAQ,69,0.5301557283131624,2031
007/061-tact-AL4y-ALAQ,70,0.4384169901179618,2031
007/061-tact-AL4y-ALAQ,71,0.5662708328495046,2031
007/061-tact-AL4y-ALAQ,72,0.5843548647745803,2031
007/061-tact-AL4y-ALAQ,73,0.5730090894682605,2031
007/061-tact-AL4y-ALAQ,74,0.5970853798239805,2031
007/061-tact-AL4y-ALAQ,75,0.5658156950251108,2031
007/061-tact-AL4y-ALAQ,76,0.5739800812751339,2031
007/061-tact-AL4y-ALAQ,77,0.6632815396260486,2031
007/061-tact-AL4y-ALAQ,78,0.6074643065449049,2031
007/061-tact-AL4y-ALAQ,79,0.5113924017227747,2031
007/061-tact-AL4y-ALAQ,80,0.6024734023376841,2031
007/061-tact-AL4y-ALAQ,81,0.534647468688337,2031
007/061-tact-AL4y-ALAQ,82,0.47857885830850333,2031
007/061-tact-AL4y-ALAQ,83,0.5842911321713408,2031
007/061-tact-AL4y-ALAQ,84,0.5689405594550995,2031
007/061-tact-AL4y-ALAQ,85,0.5688301794762212,2031
007/061-tact-AL4y-ALAQ,86,0.5773454124771044,2031
007/061-tact-AL4y-ALAQ,87,0.5772848626391777,2031
007/061-tact-AL4y-ALAQ,88,0.6018800384151977,2031
007/061-tact-AL4y-ALAQ,89,0.6195637421647804,2031
007/061-tact-AL4y-ALAQ,90,0.5375592518794104,2031
007/061-tact-AL4y-ALAQ,91,0.663911149304322,2031
007/061-tact-AL4y-ALAQ,92,0.6145978243388296,2031
007/061-tact-AL4y-ALAQ,93,0.46589456410891344,2031
007/061-tact-AL4y-ALAQ,94,0.5570595371551401,2031
007/061-tact-AL4y-ALAQ,95,0.6101718200041321,2031
007/061-tact-AL4y-ALAQ,96,0.4888366558766204,2031
007/061-tact-AL4y-ALAQ,97,0.41574826826200284,2031
007/061-tact-AL4y-ALAQ,98,0.4814330831170672,2031
007/061-tact-AL4y-ALAQ,99,0.5394525099280647,2031
007/062-tact-ASAQ4y-ALAQ,0,0.3745592833652142,2031
007/062-tact-ASAQ4y-ALAQ,1,0.3774375257079816,2031
007/062-tact-ASAQ4y-ALAQ,2,0.2797139022402962,2031
007/062-tact-ASAQ4y-ALAQ,3,0.38781915561252717,2031
007/062-tact-ASAQ4y-ALAQ,4,0.3151027191360603,2031
007/062-tact-ASAQ4y-ALAQ,5,0.3076805502284757,2031
007/062-tact-ASAQ4y-ALAQ,6,0.3343866562061411,2031
007/062-tact-ASAQ4y-ALAQ,7,0.2837062505001549,2031
007/062-tact-ASAQ4y-ALAQ,8,0.32592693654178834,2031
007/062-tact-ASAQ4y-ALAQ,9,0.2621340780233699,2031
007/062-tact-ASAQ4y-ALAQ,10,0.3374533962398483,2031
007/062-tact-ASAQ4y-ALAQ,11,0.285730692135735,2031
007/062-tact-ASAQ4y-ALAQ,12,0.29603690878390526,2031
007/062-tact-ASAQ4y-ALAQ,13,0.42187067176090093,2031
007/062-tact-ASAQ4y-ALAQ,14,0.3633524546358115,2031
007/062-tact-ASAQ4y-ALAQ,15,0.36988132917800454,2031
007/062-tact-ASAQ4y-ALAQ,16,0.2231120379441628,2031
007/062-tact-ASAQ4y-ALAQ,17,0.35490385286025994,2031
007/062-tact-ASAQ4y-ALAQ,18,0.3834842836229175,2031
007/062-tact-ASAQ4y-ALAQ,19,0.321772229157998,2031
007/062-tact-ASAQ4y-ALAQ,20,0.24789407193546154,2031
007/062-tact-ASAQ4y-ALAQ,21,0.3573295712927704,2031
007/062-tact-ASAQ4y-ALAQ,22,0.35784463048098436,2031
007/062-tact-ASAQ4y-ALAQ,23,0.32903884702964326,2031
007/062-tact-ASAQ4y-ALAQ,24,0.31740024150467966,2031
007/062-tact-ASAQ4y-ALAQ,25,0.3177673346763071,2031
007/062-tact-ASAQ4y-ALAQ,26,0.3964220746002272,2031
007/062-tact-ASAQ4y-ALAQ,27,0.303983127618037,2031
007/062-tact-ASAQ4y-ALAQ,28,0.27391606973982247,2031
007/062-tact-ASAQ4y-ALAQ,29,0.3129289289966954,2031
007/062-tact-ASAQ4y-ALAQ,30,0.3084239682199807,2031
007/062-tact-ASAQ4y-ALAQ,31,0.38700118203895845,2031
007/062-tact-ASAQ4y-ALAQ,32,0.27538763363288704,2031
007/062-tact-ASAQ4y-ALAQ,33,0.37657287385954125,2031
007/062-tact-ASAQ4y-ALAQ,34,0.332052618425482,2031
007/062-tact-ASAQ4y-ALAQ,35,0.3044264968528596,2031
007/062-tact-ASAQ4y-ALAQ,36,0.31143408349034796,2031
007/062-tact-ASAQ4y-ALAQ,37,0.3694019643985608,2031
007/062-tact-ASAQ4y-ALAQ,38,0.3182549876422962,2031
007/062-tact-ASAQ4y-ALAQ,39,0.2966045263765931,2031
007/062-tact-ASAQ4y-ALAQ,40,0.31974533769103886,2031
007/062-tact-ASAQ4y-ALAQ,41,0.34710567430369715,2031
007/062-tact-ASAQ4y-ALAQ,42,0.3330243180887677,2031
007/062-tact-ASAQ4y-ALAQ,43,0.2981017756160568,2031
007/062-tact-ASAQ4y-ALAQ,44,0.44339982304762654,2031
007/062-tact-ASAQ4y-ALAQ,45,0.3076127148759822,2031
007/062-tact-ASAQ4y-ALAQ,46,0.3693204189490789,2031
007/062-tact-ASAQ4y-ALAQ,47,0.3405699541421385,2031
007/062-tact-ASAQ4y-ALAQ,48,0.2682261170951581,2031
007/062-tact-ASAQ4y-ALAQ,49,0.38577935882159925,2031
007/062-tact-ASAQ4y-ALAQ,50,0.3588199233989225,2031
007/062-tact-ASAQ4y-ALAQ,51,0.30099371585622153,2031
007/062-tact-ASAQ4y-ALAQ,52,0.3743603865685159,2031
007/062-tact-ASAQ4y-ALAQ,53,0.30046816294777784,2031
007/062-tact-ASAQ4y-ALAQ,54,0.27877817944237004,2031
007/062-tact-ASAQ4y-ALAQ,55,0.3840088298386528,2031
007/062-tact-ASAQ4y-ALAQ,56,0.33858368321417065,2031
007/062-tact-ASAQ4y-ALAQ,57,0.37143558450584385,2031
007/062-tact-ASAQ4y-ALAQ,58,0.3122801465545137,2031
007/062-tact-ASAQ4y-ALAQ,59,0.33231286885978206,2031
007/062-tact-ASAQ4y-ALAQ,60,0.3190383458797007,2031
007/062-tact-ASAQ4y-ALAQ,61,0.3671245941091468,2031
007/062-tact-ASAQ4y-ALAQ,62,0.36635775748891847,2031
007/062-tact-ASAQ4y-ALAQ,63,0.3498223114436532,2031
007/062-tact-ASAQ4y-ALAQ,64,0.32804771472886807,2031
007/062-tact-ASAQ4y-ALAQ,65,0.25920040640869657,2031
007/062-tact-ASAQ4y-ALAQ,66,0.3876659426138677,2031
007/062-tact-ASAQ4y-ALAQ,67,0.37914328306081574,2031
007/062-tact-ASAQ4y-ALAQ,68,0.3131187847228832,2031
007/062-tact-ASAQ4y-ALAQ,69,0.30063553061233694,2031
007/062-tact-ASAQ4y-ALAQ,70,0.36469717760337467,2031
007/062-tact-ASAQ4y-ALAQ,71,0.34998656368408904,2031
007/062-tact-ASAQ4y-ALAQ,72,0.33591388233193525,2031
007/062-tact-ASAQ4y-ALAQ,73,0.2973438307174173,2031
007/062-tact-ASAQ4y-ALAQ,74,0.2730935490831579,2031
007/062-tact-ASAQ4y-ALAQ,75,0.30703060367856405,2031
007/062-tact-ASAQ4y-ALAQ,76,0.3310744357631462,2031
007/062-tact-ASAQ4y-ALAQ,77,0.3282751306654859,2031
007/062-tact-ASAQ4y-ALAQ,78,0.342222447892825,2031
007/062-tact-ASAQ4y-ALAQ,79,0.32632058101958883,2031
007/062-tact-ASAQ4y-ALAQ,80,0.3325528293009368,2031
007/062-tact-ASAQ4y-ALAQ,81,0.38411740795899757,2031
007/062-tact-ASAQ4y-ALAQ,82,0.3780270240141428,2031
007/062-tact-ASAQ4y-ALAQ,83,0.32160472322293127,2031
007/062-tact-ASAQ4y-ALAQ,84,0.321017708773142,2031
007/062-tact-ASAQ4y-ALAQ,85,0.3429189865963948,2031
007/062-tact-ASAQ4y-ALAQ,86,0.2816242751870946,2031
007/062-tact-ASAQ4y-ALAQ,87,0.33622195271502703,2031
007/062-tact-ASAQ4y-ALAQ,88,0.3550386733010014,2031
007/062-tact-ASAQ4y-ALAQ,89,0.3018090703364349,2031
007/062-tact-ASAQ4y-ALAQ,90,0.31435427273480593,2031
007/062-tact-ASAQ4y-ALAQ,91,0.2996058987382965,2031
007/062-tact-ASAQ4y-ALAQ,92,0.27268254514365314,2031
007/062-tact-ASAQ4y-ALAQ,93,0.3300401420995628,2031
007/062-tact-ASAQ4y-ALAQ,94,0.30959296915195683,2031
007/062-tact-ASAQ4y-ALAQ,95,0.34752050577976124,2031
007/062-tact-ASAQ4y-ALAQ,96,0.32308182744551767,2031
007/062-tact-ASAQ4y-ALAQ,97,0.3099687212285777,2031
007/062-tact-ASAQ4y-ALAQ,98,0.35184671882336965,2031
007/062-tact-ASAQ4y-ALAQ,99,0.37981791390497266,2031
007/063-tact-DHAPPQ4y-ALAQ,0,0.5282723662207578,2031
007/063-tact-DHAPPQ4y-ALAQ,1,0.5263730473723154,2031
007/063-tact-DHAPPQ4y-ALAQ,2,0.5003951941521255,2031
007/063-tact-DHAPPQ4y-ALAQ,3,0.5369484035574318,2031
007/063-tact-DHAPPQ4y-ALAQ,4,0.5026797812103129,2031
007/063-tact-DHAPPQ4y-ALAQ,5,0.42474791964251346,2031
007/063-tact-DHAPPQ4y-ALAQ,6,0.43694552713302953,2031
007/063-tact-DHAPPQ4y-ALAQ,7,0.48267047652688494,2031
007/063-tact-DHAPPQ4y-ALAQ,8,0.47244508258750245,2031
007/063-tact-DHAPPQ4y-ALAQ,9,0.5991321660026597,2031
007/063-tact-DHAPPQ4y-ALAQ,10,0.5896715549370307,2031
007/063-tact-DHAPPQ4y-ALAQ,11,0.3900135528097252,2031
007/063-tact-DHAPPQ4y-ALAQ,12,0.4844661394400654,2031
007/063-tact-DHAPPQ4y-ALAQ,13,0.404494722445083,2031
007/063-tact-DHAPPQ4y-ALAQ,14,0.4981751223278996,2031
007/063-tact-DHAPPQ4y-ALAQ,15,0.5674129763901442,2031
007/063-tact-DHAPPQ4y-ALAQ,16,0.5325801806414611,2031
007/063-tact-DHAPPQ4y-ALAQ,17,0.5459185031294441,2031
007/063-tact-DHAPPQ4y-ALAQ,18,0.5214428049140235,2031
007/063-tact-DHAPPQ4y-ALAQ,19,0.4612728129510651,2031
007/063-tact-DHAPPQ4y-ALAQ,20,0.503591329285198,2031
007/063-tact-DHAPPQ4y-ALAQ,21,0.4627511098558275,2031
007/063-tact-DHAPPQ4y-ALAQ,22,0.44859880140600733,2031
007/063-tact-DHAPPQ4y-ALAQ,23,0.4947208259393092,2031
007/063-tact-DHAPPQ4y-ALAQ,24,0.5292267540949017,2031
007/063-tact-DHAPPQ4y-ALAQ,25,0.457517423487868,2031
007/063-tact-DHAPPQ4y-ALAQ,26,0.4222451345596477,2031
007/063-tact-DHAPPQ4y-ALAQ,27,0.4220711307623413,2031
007/063-tact-DHAPPQ4y-ALAQ,28,0.3813738477712185,2031
007/063-tact-DHAPPQ4y-ALAQ,29,0.45118779009061805,2031
007/063-tact-DHAPPQ4y-ALAQ,30,0.5428434716791362,2031
007/063-tact-DHAPPQ4y-ALAQ,31,0.44795364628095125,2031
007/063-tact-DHAPPQ4y-ALAQ,32,0.5278685502426428,2031
007/063-tact-DHAPPQ4y-ALAQ,33,0.5645670752710514,2031
007/063-tact-DHAPPQ4y-ALAQ,34,0.4413494644646774,2031
007/063-tact-DHAPPQ4y-ALAQ,35,0.47621989663650144,2031
007/063-tact-DHAPPQ4y-ALAQ,36,0.4774678783596417,2031
007/063-tact-DHAPPQ4y-ALAQ,37,0.4311791628630209,2031
007/063-tact-DHAPPQ4y-ALAQ,38,0.5270509263115066,2031
007/063-tact-DHAPPQ4y-ALAQ,39,0.3872922676466419,2031
007/063-tact-DHAPPQ4y-ALAQ,40,0.5131825644817437,2031
007/063-tact-DHAPPQ4y-ALAQ,41,0.5267354576321139,2031
007/063-tact-DHAPPQ4y-ALAQ,42,0.43245508291783863,2031
007/063-tact-DHAPPQ4y-ALAQ,43,0.4541023708211151,2031
007/063-tact-DHAPPQ4y-ALAQ,44,0.46815471611225457,2031
007/063-tact-DHAPPQ4y-ALAQ,45,0.4840698880679999,2031
007/063-tact-DHAPPQ4y-ALAQ,46,0.4863315976558467,2031
007/063-tact-DHAPPQ4y-ALAQ,47,0.49120741877692603,2031
007/063-tact-DHAPPQ4y-ALAQ,48,0.5887487920890399,2031
007/063-tact-DHAPPQ4y-ALAQ,49,0.4233072392410906,2031
007/063-tact-DHAPPQ4y-ALAQ,50,0.41694866797404,2031
007/063-tact-DHAPPQ4y-ALAQ,51,0.5305738118707714,2031
007/063-tact-DHAPPQ4y-ALAQ,52,0.47544927916824614,2031
007/063-tact-DHAPPQ4y-ALAQ,53,0.45485726909267815,2031
007/063-tact-DHAPPQ4y-ALAQ,54,0.5463320688373818,2031
007/063-tact-DHAPPQ4y-ALAQ,55,0.5172459494051432,2031
007/063-tact-DHAPPQ4y-ALAQ,56,0.47261559331909603,2031
007/063-tact-DHAPPQ4y-ALAQ,57,0.53576934698537,2031
007/063-tact-DHAPPQ4y-ALAQ,58,0.43670855426921323,2031
007/063-tact-DHAPPQ4y-ALAQ,59,0.4156647935850572,2031
007/063-tact-DHAPPQ4y-ALAQ,60,0.47173200062861037,2031
007/063-tact-DHAPPQ4y-ALAQ,61,0.4941631328552809,2031
007/063-tact-DHAPPQ4y-ALAQ,62,0.5642165931116921,2031
007/063-tact-DHAPPQ4y-ALAQ,63,0.5350572053515517,2031
007/063-tact-DHAPPQ4y-ALAQ,64,0.5186464255464172,2031
007/063-tact-DHAPPQ4y-ALAQ,65,0.4557502951459793,2031
007/063-tact-DHAPPQ4y-ALAQ,66,0.49659629199113225,2031
007/063-tact-DHAPPQ4y-ALAQ,67,0.41935092303562643,2031
007/063-tact-DHAPPQ4y-ALAQ,68,0.5241044290281983,2031
007/063-tact-DHAPPQ4y-ALAQ,69,0.4913586218020618,2031
007/063-tact-DHAPPQ4y-ALAQ,70,0.5276152741043808,2031
007/063-tact-DHAPPQ4y-ALAQ,71,0.3682984051709659,2031
007/063-tact-DHAPPQ4y-ALAQ,72,0.4907302057044593,2031
007/063-tact-DHAPPQ4y-ALAQ,73,0.39963921114409473,2031
007/063-tact-DHAPPQ4y-ALAQ,74,0.46784890362024173,2031
007/063-tact-DHAPPQ4y-ALAQ,75,0.466486432810919,2031
007/063-tact-DHAPPQ4y-ALAQ,76,0.42874245912599696,2031
007/063-tact-DHAPPQ4y-ALAQ,77,0.4879541555677409,2031
007/063-tact-DHAPPQ4y-ALAQ,78,0.4999392010326095,2031
007/063-tact-DHAPPQ4y-ALAQ,79,0.4952784905795746,2031
007/063-tact-DHAPPQ4y-ALAQ,80,0.47170585508818,2031
007/063-tact-DHAPPQ4y-ALAQ,81,0.4252909834583964,2031
007/063-tact-DHAPPQ4y-ALAQ,82,0.559040976716673,2031
007/063-tact-DHAPPQ4y-ALAQ,83,0.46351451114620407,2031
007/063-tact-DHAPPQ4y-ALAQ,84,0.3739709378388631,2031
007/063-tact-DHAPPQ4y-ALAQ,85,0.5247426962755525,2031
007/063-tact-DHAPPQ4y-ALAQ,86,0.45650558612789477,2031
007/063-tact-DHAPPQ4y-ALAQ,87,0.3791603924051736,2031
007/063-tact-DHAPPQ4y-ALAQ,88,0.5555262308903398,2031
007/063-tact-DHAPPQ4y-ALAQ,89,0.500332563171426,2031
007/063-tact-DHAPPQ4y-ALAQ,90,0.5034939201798417,2031
007/063-tact-DHAPPQ4y-ALAQ,91,0.5425640168397682,2031
007/063-tact-DHAPPQ4y-ALAQ,92,0.3935746879889357,2031
007/063-tact-DHAPPQ4y-ALAQ,93,0.4046591478795149,2031
007/063-tact-DHAPPQ4y-ALAQ,94,0.45417235976711834,2031
007/063-tact-DHAPPQ4y-ALAQ,95,0.4667064074568448,2031
007/063-tact-DHAPPQ4y-ALAQ,96,0.4954394725982973,2031
007/063-tact-DHAPPQ4y-ALAQ,97,0.5058035946037146,2031
007/063-tact-DHAPPQ4y-ALAQ,98,0.42656262432514774,2031
007/063-tact-DHAPPQ4y-ALAQ,99,0.5044814562920479,2031
007/064-tact-AL2y-ASAQ2y-ALAQ,0,0.47977767705199187,2031
007/064-tact-AL2y-ASAQ2y-ALAQ,1,0.31361983582752345,2031
007/064-tact-AL2y-ASAQ2y-ALAQ,2,0.3712337615452652,2031
007/064-tact-AL2y-ASAQ2y-ALAQ,3,0.40879576978590554,2031
007/064-tact-AL2y-ASAQ2y-ALAQ,4,0.4739693676081827,2031
007/064-tact-AL2y-ASAQ2y-ALAQ,5,0.45412569577427236,2031
007/064-tact-AL2y-ASAQ2y-ALAQ,6,0.3998674847087808,2031
007/064-tact-AL2y-ASAQ2y-ALAQ,7,0.42228097816516413,2031
007/064-tact-AL2y-ASAQ2y-ALAQ,8,0.3805533543403367,2031
007/064-tact-AL2y-ASAQ2y-ALAQ,9,0.40100808654489634,2031
007/064-tact-AL2y-ASAQ2y-ALAQ,10,0.44397128830390314,2031
007/064-tact-AL2y-ASAQ2y-ALAQ,11,0.4256330942093904,2031
007/064-tact-AL2y-ASAQ2y-ALAQ,12,0.3482885153180056,2031
007/064-tact-AL2y-ASAQ2y-ALAQ,13,0.4766938901729047,2031
007/064-tact-AL2y-ASAQ2y-ALAQ,14,0.39637570647194403,2031
007/064-tact-AL2y-ASAQ2y-ALAQ,15,0.4135196763774785,2031
007/064-tact-AL2y-ASAQ2y-ALAQ,16,0.43890122527081155,2031
007/064-tact-AL2y-ASAQ2y-ALAQ,17,0.4008680751335724,2031
007/064-tact-AL2y-ASAQ2y-ALAQ,18,0.5197171019515195,2031
007/064-tact-AL2y-ASAQ2y-ALAQ,19,0.44757298280239227,2031
007/064-tact-AL2y-ASAQ2y-ALAQ,20,0.40616313599774384,2031
007/064-tact-AL2y-ASAQ2y-ALAQ,21,0.43655168854886184,2031
007/064-tact-AL2y-ASAQ2y-ALAQ,22,0.3831775683785632,2031
007/064-tact-AL2y-ASAQ2y-ALAQ,23,0.5489603459338086,2031
007/064-tact-AL2y-ASAQ2y-ALAQ,24,0.3334388711951763,2031
007/064-tact-AL2y-ASAQ2y-ALAQ,25,0.45844663840028527,2031
007/064-tact-AL2y-ASAQ2y-ALAQ,26,0.4213931245965856,2031
007/064-tact-AL2y-ASAQ2y-ALAQ,27,0.4233023332942516,2031
007/064-tact-AL2y-ASAQ2y-ALAQ,28,0.4141391299967947,2031
007/064-tact-AL2y-ASAQ2y-ALAQ,29,0.4038800264836242,2031
007/064-tact-AL2y-ASAQ2y-ALAQ,30,0.5449796297184498,2031
007/064-tact-AL2y-ASAQ2y-ALAQ,31,0.5007726168662249,2031
007/064-tact-AL2y-ASAQ2y-ALAQ,32,0.4831593728549474,2031
007/064-tact-AL2y-ASAQ2y-ALAQ,33,0.42115044331992474,2031
007/064-tact-AL2y-ASAQ2y-ALAQ,34,0.4131181505890358,2031
007/064-tact-AL2y-ASAQ2y-ALAQ,35,0.42377766349624385,2031
007/064-tact-AL2y-ASAQ2y-ALAQ,36,0.42806837744329623,2031
007/064-tact-AL2y-ASAQ2y-ALAQ,37,0.4184546370713964,2031
007/064-tact-AL2y-ASAQ2y-ALAQ,38,0.43484881524742064,2031
007/064-tact-AL2y-ASAQ2y-ALAQ,39,0.37988511294297905,2031
007/064-tact-AL2y-ASAQ2y-ALAQ,40,0.29482701703418174,2031
007/064-tact-AL2y-ASAQ2y-ALAQ,41,0.4516308501752029,2031
007/064-tact-AL2y-ASAQ2y-ALAQ,42,0.4935835807523355,2031
007/064-tact-AL2y-ASAQ2y-ALAQ,43,0.4169190105705804,2031
007/064-tact-AL2y-ASAQ2y-ALAQ,44,0.49418417947179677,2031
007/064-tact-AL2y-ASAQ2y-ALAQ,45,0.41898346169786466,2031
007/064-tact-AL2y-ASAQ2y-ALAQ,46,0.4226257451664237,2031
007/064-tact-AL2y-ASAQ2y-ALAQ,47,0.4375159180399944,2031
007/064-tact-AL2y-ASAQ2y-ALAQ,48,0.4324342314187343,2031
007/064-tact-AL2y-ASAQ2y-ALAQ,49,0.44490740926934597,2031
007/064-tact-AL2y-ASAQ2y-ALAQ,50,0.3651843682918288,2031
007/064-tact-AL2y-ASAQ2y-ALAQ,51,0.4190884441943263,2031
007/064-tact-AL2y-ASAQ2y-ALAQ,52,0.40480122058049584,2031
007/064-tact-AL2y-ASAQ2y-ALAQ,53,0.4072451843519265,2031
007/064-tact-AL2y-ASAQ2y-ALAQ,54,0.3471045212949255,2031
007/064-tact-AL2y-ASAQ2y-ALAQ,55,0.3415487603214922,2031
007/064-tact-AL2y-ASAQ2y-ALAQ,56,0.39184341923394767,2031
007/064-tact-AL2y-ASAQ2y-ALAQ,57,0.5326598304418011,2031
007/064-tact-AL2y-ASAQ2y-ALAQ,58,0.4181942391737274,2031
007/064-tact-AL2y-ASAQ2y-ALAQ,59,0.5550790876601394,2031
007/064-tact-AL2y-ASAQ2y-ALAQ,60,0.3913448669340707,2031
007/064-tact-AL2y-ASAQ2y-ALAQ,61,0.43522292050347033,2031
007/064-tact-AL2y-ASAQ2y-ALAQ,62,0.45826657675931237,2031
007/064-tact-AL2y-ASAQ2y-ALAQ,63,0.46475666247400516,2031
007/064-tact-AL2y-ASAQ2y-ALAQ,64,0.4368658268588934,2031
007/064-tact-AL2y-ASAQ2y-ALAQ,65,0.43936142150538954,2031
007/064-tact-AL2y-ASAQ2y-ALAQ,66,0.3750344511377856,2031
007/064-tact-AL2y-ASAQ2y-ALAQ,67,0.4904004512710123,2031
007/064-tact-AL2y-ASAQ2y-ALAQ,68,0.5871672336637354,2031
007/064-tact-AL2y-ASAQ2y-ALAQ,69,0.3343118293840452,2031
007/064-tact-AL2y-ASAQ2y-ALAQ,70,0.42119347202589213,2031
007/064-tact-AL2y-ASAQ2y-ALAQ,71,0.48794092280827894,2031
007/064-tact-AL2y-ASAQ2y-ALAQ,72,0.34284987186976057,2031
007/064-tact-AL2y-ASAQ2y-ALAQ,73,0.4369613659598754,2031
007/064-tact-AL2y-ASAQ2y-ALAQ,74,0.44477550116876224,2031
007/064-tact-AL2y-ASAQ2y-ALAQ,75,0.3938049247999287,2031
007/064-tact-AL2y-ASAQ2y-ALAQ,76,0.41602875392480837,2031
007/064-tact-AL2y-ASAQ2y-ALAQ,77,0.3613524214690469,2031
007/064-tact-AL2y-ASAQ2y-ALAQ,78,0.42139447718740247,2031
007/064-tact-AL2y-ASAQ2y-ALAQ,79,0.42053189902636073,2031
007/064-tact-AL2y-ASAQ2y-ALAQ,80,0.5107923172689411,2031
007/064-tact-AL2y-ASAQ2y-ALAQ,81,0.4772132019620326,2031
007/064-tact-AL2y-ASAQ2y-ALAQ,82,0.3697154167887257,2031
007/064-tact-AL2y-ASAQ2y-ALAQ,83,0.4638514648189833,2031
007/064-tact-AL2y-ASAQ2y-ALAQ,84,0.3615515608516346,2031
007/064-tact-AL2y-ASAQ2y-ALAQ,85,0.4264871019890892,2031
007/064-tact-AL2y-ASAQ2y-ALAQ,86,0.4982840045829024,2031
007/064-tact-AL2y-ASAQ2y-ALAQ,87,0.37240615578008374,2031
007/064-tact-AL2y-ASAQ2y-ALAQ,88,0.4420379575841782,2031
007/064-tact-AL2y-ASAQ2y-ALAQ,89,0.43222534271198904,2031
007/064-tact-AL2y-ASAQ2y-ALAQ,90,0.49448005174477433,2031
007/064-tact-AL2y-ASAQ2y-ALAQ,91,0.4998724848348921,2031
007/064-tact-AL2y-ASAQ2y-ALAQ,92,0.36229641431595966,2031
007/064-tact-AL2y-ASAQ2y-ALAQ,93,0.42688147143987504,2031
007/064-tact-AL2y-ASAQ2y-ALAQ,94,0.41022149599446484,2031
007/064-tact-AL2y-ASAQ2y-ALAQ,95,0.34021415062217053,2031
007/064-tact-AL2y-ASAQ2y-ALAQ,96,0.3138053164211948,2031
007/064-tact-AL2y-ASAQ2y-ALAQ,97,0.44421230055909916,2031
007/064-tact-AL2y-ASAQ2y-ALAQ,98,0.45306396238672336,2031
007/064-tact-AL2y-ASAQ2y-ALAQ,99,0.40878539181833773,2031
007/065-tact-AL2y-DHAPPQ2y-ALAQ,0,0.39373081977243185,2031
007/065-tact-AL2y-DHAPPQ2y-ALAQ,1,0.5182714540517848,2031
007/065-tact-AL2y-DHAPPQ2y-ALAQ,2,0.4278133320654287,2031
007/065-tact-AL2y-DHAPPQ2y-ALAQ,3,0.37723844039225524,2031
007/065-tact-AL2y-DHAPPQ2y-ALAQ,4,0.31806674278085123,2031
007/065-tact-AL2y-DHAPPQ2y-ALAQ,5,0.4099746720822716,2031
007/065-tact-AL2y-DHAPPQ2y-ALAQ,6,0.3765219425141542,2031
007/065-tact-AL2y-DHAPPQ2y-ALAQ,7,0.4576492228864278,2031
007/065-tact-AL2y-DHAPPQ2y-ALAQ,8,0.5074670629871708,2031
007/065-tact-AL2y-DHAPPQ2y-ALAQ,9,0.3346328205504098,2031
007/065-tact-AL2y-DHAPPQ2y-ALAQ,10,0.32121215568731265,2031
007/065-tact-AL2y-DHAPPQ2y-ALAQ,11,0.36093368057816405,2031
007/065-tact-AL2y-DHAPPQ2y-ALAQ,12,0.44288541242326196,2031
007/065-tact-AL2y-DHAPPQ2y-ALAQ,13,0.358202263298391,2031
007/065-tact-AL2y-DHAPPQ2y-ALAQ,14,0.42410529619434373,2031
007/065-tact-AL2y-DHAPPQ2y-ALAQ,15,0.5417255291129253,2031
007/065-tact-AL2y-DHAPPQ2y-ALAQ,16,0.5104726709579115,2031
007/065-tact-AL2y-DHAPPQ2y-ALAQ,17,0.4800010365633769,2031
007/065-tact-AL2y-DHAPPQ2y-ALAQ,18,0.4045458772968908,2031
007/065-tact-AL2y-DHAPPQ2y-ALAQ,19,0.4191121077042348,2031
007/065-tact-AL2y-DHAPPQ2y-ALAQ,20,0.46040491229757574,2031
007/065-tact-AL2y-DHAPPQ2y-ALAQ,21,0.3798193731491517,2031
007/065-tact-AL2y-DHAPPQ2y-ALAQ,22,0.6174332779461524,2031
007/065-tact-AL2y-DHAPPQ2y-ALAQ,23,0.33423999352385136,2031
007/065-tact-AL2y-DHAPPQ2y-ALAQ,24,0.36878096599501453,2031
007/065-tact-AL2y-DHAPPQ2y-ALAQ,25,0.44043406470172203,2031
007/065-tact-AL2y-DHAPPQ2y-ALAQ,26,0.5340661665370805,2031
007/065-tact-AL2y-DHAPPQ2y-ALAQ,27,0.47111296569137134,2031
007/065-tact-AL2y-DHAPPQ2y-ALAQ,28,0.5414528826636928,2031
007/065-tact-AL2y-DHAPPQ2y-ALAQ,29,0.4201523735161791,2031
007/065-tact-AL2y-DHAPPQ2y-ALAQ,30,0.5477721473297604,2031
007/065-tact-AL2y-DHAPPQ2y-ALAQ,31,0.40564805991227343,2031
007/065-tact-AL2y-DHAPPQ2y-ALAQ,32,0.4038956730036894,2031
007/065-tact-AL2y-DHAPPQ2y-ALAQ,33,0.5458957389942851,2031
007/065-tact-AL2y-DHAPPQ2y-ALAQ,34,0.4202573076706106,2031
007/065-tact-AL2y-DHAPPQ2y-ALAQ,35,0.42550930454172536,2031
007/065-tact-AL2y-DHAPPQ2y-ALAQ,36,0.5012969553694867,2031
007/065-tact-AL2y-DHAPPQ2y-ALAQ,37,0.456590464598861,2031
007/065-tact-AL2y-DHAPPQ2y-ALAQ,38,0.43079842081005415,2031
007/065-tact-AL2y-DHAPPQ2y-ALAQ,39,0.3827998578482925,2031
007/065-tact-AL2y-DHAPPQ2y-ALAQ,40,0.434426212003542,2031
007/065-tact-AL2y-DHAPPQ2y-ALAQ,41,0.42052695608371365,2031
007/065-tact-AL2y-DHAPPQ2y-ALAQ,42,0.32644941780178627,2031
007/065-tact-AL2y-DHAPPQ2y-ALAQ,43,0.5307860932564882,2031
007/065-tact-AL2y-DHAPPQ2y-ALAQ,44,0.4246635153929084,2031
007/065-tact-AL2y-DHAPPQ2y-ALAQ,45,0.29317922225972565,2031
007/065-tact-AL2y-DHAPPQ2y-ALAQ,46,0.5078101258235707,2031
007/065-tact-AL2y-DHAPPQ2y-ALAQ,47,0.5044900459836362,2031
007/065-tact-AL2y-DHAPPQ2y-ALAQ,48,0.4149003906677404,2031
007/065-tact-AL2y-DHAPPQ2y-ALAQ,49,0.35725908202562034,2031
007/065-tact-AL2y-DHAPPQ2y-ALAQ,50,0.5610746961218388,2031
007/065-tact-AL2y-DHAPPQ2y-ALAQ,51,0.32168800179947954,2031
007/065-tact-AL2y-DHAPPQ2y-ALAQ,52,0.44948123118188515,2031
007/065-tact-AL2y-DHAPPQ2y-ALAQ,53,0.39197031570617025,2031
007/065-tact-AL2y-DHAPPQ2y-ALAQ,54,0.37067386229208094,2031
007/065-tact-AL2y-DHAPPQ2y-ALAQ,55,0.416959030906722,2031
007/065-tact-AL2y-DHAPPQ2y-ALAQ,56,0.4653989723293995,2031
007/065-tact-AL2y-DHAPPQ2y-ALAQ,57,0.38643250341208596,2031
007/065-tact-AL2y-DHAPPQ2y-ALAQ,58,0.4625921389001855,2031
007/065-tact-AL2y-DHAPPQ2y-ALAQ,59,0.40743539136170925,2031
007/065-tact-AL2y-DHAPPQ2y-ALAQ,60,0.5105211444200174,2031
007/065-tact-AL2y-DHAPPQ2y-ALAQ,61,0.4224411234768563,2031
007/065-tact-AL2y-DHAPPQ2y-ALAQ,62,0.36378177736489853,2031
007/065-tact-AL2y-DHAPPQ2y-ALAQ,63,0.4468842925985443,2031
007/065-tact-AL2y-DHAPPQ2y-ALAQ,64,0.4345026147437985,2031
007/065-tact-AL2y-DHAPPQ2y-ALAQ,65,0.4233719214263876,2031
007/065-tact-AL2y-DHAPPQ2y-ALAQ,66,0.48449765460847133,2031
007/065-tact-AL2y-DHAPPQ2y-ALAQ,67,0.428460248970799,2031
007/065-tact-AL2y-DHAPPQ2y-ALAQ,68,0.40521132176418134,2031
007/065-tact-AL2y-DHAPPQ2y-ALAQ,69,0.4764556493744229,2031
007/065-tact-AL2y-DHAPPQ2y-ALAQ,70,0.47712033419445704,2031
007/065-tact-AL2y-DHAPPQ2y-ALAQ,71,0.4866973278630322,2031
007/065-tact-AL2y-DHAPPQ2y-ALAQ,72,0.39199726730800877,2031
007/065-tact-AL2y-DHAPPQ2y-ALAQ,73,0.5524478865215691,2031
007/065-tact-AL2y-DHAPPQ2y-ALAQ,74,0.37539497010275413,2031
007/065-tact-AL2y-DHAPPQ2y-ALAQ,75,0.5141989580238092,2031
007/065-tact-AL2y-DHAPPQ2y-ALAQ,76,0.4872427946223028,2031
007/065-tact-AL2y-DHAPPQ2y-ALAQ,77,0.47805775973778775,2031
007/065-tact-AL2y-DHAPPQ2y-ALAQ,78,0.43603826599705714,2031
007/065-tact-AL2y-DHAPPQ2y-ALAQ,79,0.38109124461176264,2031
007/065-tact-AL2y-DHAPPQ2y-ALAQ,80,0.4516760631815411,2031
007/065-tact-AL2y-DHAPPQ2y-ALAQ,81,0.3629260391363131,2031
007/065-tact-AL2y-DHAPPQ2y-ALAQ,82,0.4598872905555979,2031
007/065-tact-AL2y-DHAPPQ2y-ALAQ,83,0.5151641561210247,2031
007/065-tact-AL2y-DHAPPQ2y-ALAQ,84,0.4980082892811708,2031
007/065-tact-AL2y-DHAPPQ2y-ALAQ,85,0.437033774919338,2031
007/065-tact-AL2y-DHAPPQ2y-ALAQ,86,0.5397442004084407,2031
007/065-tact-AL2y-DHAPPQ2y-ALAQ,87,0.5398279658468469,2031
007/065-tact-AL2y-DHAPPQ2y-ALAQ,88,0.5597390278395257,2031
007/065-tact-AL2y-DHAPPQ2y-ALAQ,89,0.36391302470548975,2031
007/065-tact-AL2y-DHAPPQ2y-ALAQ,90,0.37661906814744456,2031
007/065-tact-AL2y-DHAPPQ2y-ALAQ,91,0.4570571534012047,2031
007/065-tact-AL2y-DHAPPQ2y-ALAQ,92,0.4472109122426475,2031
007/065-tact-AL2y-DHAPPQ2y-ALAQ,93,0.4348931338821033,2031
007/065-tact-AL2y-DHAPPQ2y-ALAQ,94,0.43333973710028717,2031
007/065-tact-AL2y-DHAPPQ2y-ALAQ,95,0.5227056789912695,2031
007/065-tact-AL2y-DHAPPQ2y-ALAQ,96,0.4061691792038224,2031
007/065-tact-AL2y-DHAPPQ2y-ALAQ,97,0.4958262691288953,2031
007/065-tact-AL2y-DHAPPQ2y-ALAQ,98,0.4900231099249602,2031
007/065-tact-AL2y-DHAPPQ2y-ALAQ,99,0.5214958277898355,2031
007/066-tact-ASAQ2y-AL2y-ALAQ,0,0.5048371229992425,2031
007/066-tact-ASAQ2y-AL2y-ALAQ,1,0.4465307792261645,2031
007/066-tact-ASAQ2y-AL2y-ALAQ,2,0.3789518738884993,2031
007/066-tact-ASAQ2y-AL2y-ALAQ,3,0.30914020024110084,2031
007/066-tact-ASAQ2y-AL2y-ALAQ,4,0.47601850126214346,2031
007/066-tact-ASAQ2y-AL2y-ALAQ,5,0.44160576453698264,2031
007/066-tact-ASAQ2y-AL2y-ALAQ,6,0.39378879140255024,2031
007/066-tact-ASAQ2y-AL2y-ALAQ,7,0.42865564981338616,2031
007/066-tact-ASAQ2y-AL2y-ALAQ,8,0.2716773153963545,2031
007/066-tact-ASAQ2y-AL2y-ALAQ,9,0.34156988214588613,2031
007/066-tact-ASAQ2y-AL2y-ALAQ,10,0.3706562840201805,2031
007/066-tact-ASAQ2y-AL2y-ALAQ,11,0.4427259689913867,2031
007/066-tact-ASAQ2y-AL2y-ALAQ,12,0.4886938689469278,2031
007/066-tact-ASAQ2y-AL2y-ALAQ,13,0.5165358256798854,2031
007/066-tact-ASAQ2y-AL2y-ALAQ,14,0.4522344551991833,2031
007/066-tact-ASAQ2y-AL2y-ALAQ,15,0.37750358732119454,2031
007/066-tact-ASAQ2y-AL2y-ALAQ,16,0.33689894957118366,2031
007/066-tact-ASAQ2y-AL2y-ALAQ,17,0.43313782298008263,2031
007/066-tact-ASAQ2y-AL2y-ALAQ,18,0.471442676722152,2031
007/066-tact-ASAQ2y-AL2y-ALAQ,19,0.5154828975758815,2031
007/066-tact-ASAQ2y-AL2y-ALAQ,20,0.3452789249052366,2031
007/066-tact-ASAQ2y-AL2y-ALAQ,21,0.43641565252353987,2031
007/066-tact-ASAQ2y-AL2y-ALAQ,22,0.4585299445273767,2031
007/066-tact-ASAQ2y-AL2y-ALAQ,23,0.37529168994908946,2031
007/066-tact-ASAQ2y-AL2y-ALAQ,24,0.5154852184098496,2031
007/066-tact-ASAQ2y-AL2y-ALAQ,25,0.46633254082185865,2031
007/066-tact-ASAQ2y-AL2y-ALAQ,26,0.3649283226065901,2031
007/066-tact-ASAQ2y-AL2y-ALAQ,27,0.43122640168136467,2031
007/066-tact-ASAQ2y-AL2y-ALAQ,28,0.3643011653230637,2031
007/066-tact-ASAQ2y-AL2y-ALAQ,29,0.43256393186771463,2031
007/066-tact-ASAQ2y-AL2y-ALAQ,30,0.4116061122104491,2031
007/066-tact-ASAQ2y-AL2y-ALAQ,31,0.433007566584329,2031
007/066-tact-ASAQ2y-AL2y-ALAQ,32,0.38235092428926903,2031
007/066-tact-ASAQ2y-AL2y-ALAQ,33,0.3262140864829594,2031
007/066-tact-ASAQ2y-AL2y-ALAQ,34,0.4305840939519187,2031
007/066-tact-ASAQ2y-AL2y-ALAQ,35,0.4062835598608716,2031
007/066-tact-ASAQ2y-AL2y-ALAQ,36,0.5102077430564859,2031
007/066-tact-ASAQ2y-AL2y-ALAQ,37,0.41258893686997217,2031
007/066-tact-ASAQ2y-AL2y-ALAQ,38,0.38548574423890875,2031
007/066-tact-ASAQ2y-AL2y-ALAQ,39,0.4832079129506601,2031
007/066-tact-ASAQ2y-AL2y-ALAQ,40,0.42036630592690183,2031
007/066-tact-ASAQ2y-AL2y-ALAQ,41,0.4666208460043084,2031
007/066-tact-ASAQ2y-AL2y-ALAQ,42,0.5395872986984881,2031
007/066-tact-ASAQ2y-AL2y-ALAQ,43,0.3945637374206427,2031
007/066-tact-ASAQ2y-AL2y-ALAQ,44,0.34675623092806335,2031
007/066-tact-ASAQ2y-AL2y-ALAQ,45,0.3681780135377941,2031
007/066-tact-ASAQ2y-AL2y-ALAQ,46,0.37089392345500105,2031
007/066-tact-ASAQ2y-AL2y-ALAQ,47,0.31809568957905243,2031
007/066-tact-ASAQ2y-AL2y-ALAQ,48,0.3906192705195472,2031
007/066-tact-ASAQ2y-AL2y-ALAQ,49,0.4132740251957851,2031
007/066-tact-ASAQ2y-AL2y-ALAQ,50,0.46512812548310073,2031
007/066-tact-ASAQ2y-AL2y-ALAQ,51,0.3410296406572755,2031
007/066-tact-ASAQ2y-AL2y-ALAQ,52,0.48884556243790095,2031
007/066-tact-ASAQ2y-AL2y-ALAQ,53,0.38645096107119087,2031
007/066-tact-ASAQ2y-AL2y-ALAQ,54,0.3797440451651684,2031
007/066-tact-ASAQ2y-AL2y-ALAQ,55,0.4466225240047228,2031
007/066-tact-ASAQ2y-AL2y-ALAQ,56,0.4582145319697067,2031
007/066-tact-ASAQ2y-AL2y-ALAQ,57,0.42523951059905846,2031
007/066-tact-ASAQ2y-AL2y-ALAQ,58,0.41698184863998766,2031
007/066-tact-ASAQ2y-AL2y-ALAQ,59,0.5186373466604849,2031
007/066-tact-ASAQ2y-AL2y-ALAQ,60,0.4587865120122714,2031
007/066-tact-ASAQ2y-AL2y-ALAQ,61,0.3879847948628563,2031
007/066-tact-ASAQ2y-AL2y-ALAQ,62,0.302374215966434,2031
007/066-tact-ASAQ2y-AL2y-ALAQ,63,0.40088566020734606,2031
007/066-tact-ASAQ2y-AL2y-ALAQ,64,0.4037013090282646,2031
007/066-tact-ASAQ2y-AL2y-ALAQ,65,0.3815592245368966,2031
007/066-tact-ASAQ2y-AL2y-ALAQ,66,0.4335572534009185,2031
007/066-tact-ASAQ2y-AL2y-ALAQ,67,0.4563526713788945,2031
007/066-tact-ASAQ2y-AL2y-ALAQ,68,0.44003565248361004,2031
007/066-tact-ASAQ2y-AL2y-ALAQ,69,0.41742419663877767,2031
007/066-tact-ASAQ2y-AL2y-ALAQ,70,0.462913851732206,2031
007/066-tact-ASAQ2y-AL2y-ALAQ,71,0.40099614343096723,2031
007/066-tact-ASAQ2y-AL2y-ALAQ,72,0.3801318812539574,2031
007/066-tact-ASAQ2y-AL2y-ALAQ,73,0.42385611493424485,2031
007/066-tact-ASAQ2y-AL2y-ALAQ,74,0.46424875975386654,2031
007/066-tact-ASAQ2y-AL2y-ALAQ,75,0.3401181764987757,2031
007/066-tact-ASAQ2y-AL2y-ALAQ,76,0.525868240238607,2031
007/066-tact-ASAQ2y-AL2y-ALAQ,77,0.37712470443093055,2031
007/066-tact-ASAQ2y-AL2y-ALAQ,78,0.3662745483240804,2031
007/066-tact-ASAQ2y-AL2y-ALAQ,79,0.48477275890608823,2031
007/066-tact-ASAQ2y-AL2y-ALAQ,80,0.408911083881276,2031
007/066-tact-ASAQ2y-AL2y-ALAQ,81,0.4521338087988114,2031
007/066-tact-ASAQ2y-AL2y-ALAQ,82,0.4244178939425536,2031
007/066-tact-ASAQ2y-AL2y-ALAQ,83,0.44227987316755185,2031
007/066-tact-ASAQ2y-AL2y-ALAQ,84,0.3787592879061062,2031
007/066-tact-ASAQ2y-AL2y-ALAQ,85,0.4758749532731404,2031
007/066-tact-ASAQ2y-AL2y-ALAQ,86,0.43245982766143115,2031
007/066-tact-ASAQ2y-AL2y-ALAQ,87,0.41504448345196043,2031
007/066-tact-ASAQ2y-AL2y-ALAQ,88,0.31341435507227156,2031
007/066-tact-ASAQ2y-AL2y-ALAQ,89,0.3327328203426179,2031
007/066-tact-ASAQ2y-AL2y-ALAQ,90,0.5238842221591018,2031
007/066-tact-ASAQ2y-AL2y-ALAQ,91,0.5357438431310507,2031
007/066-tact-ASAQ2y-AL2y-ALAQ,92,0.41455394125934525,2031
007/066-tact-ASAQ2y-AL2y-ALAQ,93,0.4457102283274119,2031
007/066-tact-ASAQ2y-AL2y-ALAQ,94,0.32619057655288924,2031
007/066-tact-ASAQ2y-AL2y-ALAQ,95,0.44732289190154767,2031
007/066-tact-ASAQ2y-AL2y-ALAQ,96,0.472905912400768,2031
007/066-tact-ASAQ2y-AL2y-ALAQ,97,0.44368362045935533,2031
007/066-tact-ASAQ2y-AL2y-ALAQ,98,0.4557024836426841,2031
007/066-tact-ASAQ2y-AL2y-ALAQ,99,0.5000479422981051,2031
007/067-tact-ASAQ2y-DHAPPQ2y-ALAQ,0,0.3525212235976894,2031
007/067-tact-ASAQ2y-DHAPPQ2y-ALAQ,1,0.3016915657401091,2031
007/067-tact-ASAQ2y-DHAPPQ2y-ALAQ,2,0.2715961409596083,2031
007/067-tact-ASAQ2y-DHAPPQ2y-ALAQ,3,0.34428413090003196,2031
007/067-tact-ASAQ2y-DHAPPQ2y-ALAQ,4,0.39781669894829474,2031
007/067-tact-ASAQ2y-DHAPPQ2y-ALAQ,5,0.29161806721325195,2031
007/067-tact-ASAQ2y-DHAPPQ2y-ALAQ,6,0.3439211745973376,2031
007/067-tact-ASAQ2y-DHAPPQ2y-ALAQ,7,0.3707400199178997,2031
007/067-tact-ASAQ2y-DHAPPQ2y-ALAQ,8,0.4382834596923621,2031
007/067-tact-ASAQ2y-DHAPPQ2y-ALAQ,9,0.2588229427707277,2031
007/067-tact-ASAQ2y-DHAPPQ2y-ALAQ,10,0.41849910055808043,2031
007/067-tact-ASAQ2y-DHAPPQ2y-ALAQ,11,0.3266655679181667,2031
007/067-tact-ASAQ2y-DHAPPQ2y-ALAQ,12,0.45292189292940965,2031
007/067-tact-ASAQ2y-DHAPPQ2y-ALAQ,13,0.359614283271159,2031
007/067-tact-ASAQ2y-DHAPPQ2y-ALAQ,14,0.2327148780437465,2031
007/067-tact-ASAQ2y-DHAPPQ2y-ALAQ,15,0.35975411600544316,2031
007/067-tact-ASAQ2y-DHAPPQ2y-ALAQ,16,0.38481511492117376,2031
007/067-tact-ASAQ2y-DHAPPQ2y-ALAQ,17,0.334140178175418,2031
007/067-tact-ASAQ2y-DHAPPQ2y-ALAQ,18,0.3421122949283974,2031
007/067-tact-ASAQ2y-DHAPPQ2y-ALAQ,19,0.4417245740876867,2031
007/067-tact-ASAQ2y-DHAPPQ2y-ALAQ,20,0.3380178715915317,2031
007/067-tact-ASAQ2y-DHAPPQ2y-ALAQ,21,0.44750075522834637,2031
007/067-tact-ASAQ2y-DHAPPQ2y-ALAQ,22,0.3077693914458422,2031
007/067-tact-ASAQ2y-DHAPPQ2y-ALAQ,23,0.38593047654331053,2031
007/067-tact-ASAQ2y-DHAPPQ2y-ALAQ,24,0.3878472720529784,2031
007/067-tact-ASAQ2y-DHAPPQ2y-ALAQ,25,0.2905000153196134,2031
007/067-tact-ASAQ2y-DHAPPQ2y-ALAQ,26,0.36438260483010637,2031
007/067-tact-ASAQ2y-DHAPPQ2y-ALAQ,27,0.37191352816026124,2031
007/067-tact-ASAQ2y-DHAPPQ2y-ALAQ,28,0.33277524937169184,2031
007/067-tact-ASAQ2y-DHAPPQ2y-ALAQ,29,0.34682543380407727,2031
007/067-tact-ASAQ2y-DHAPPQ2y-ALAQ,30,0.37021157635812196,2031
007/067-tact-ASAQ2y-DHAPPQ2y-ALAQ,31,0.3535270879840851,2031
007/067-tact-ASAQ2y-DHAPPQ2y-ALAQ,32,0.3434771754714387,2031
007/067-tact-ASAQ2y-DHAPPQ2y-ALAQ,33,0.32865010322667826,2031
007/067-tact-ASAQ2y-DHAPPQ2y-ALAQ,34,0.2942489663220898,2031
007/067-tact-ASAQ2y-DHAPPQ2y-ALAQ,35,0.30796213021906943,2031
007/067-tact-ASAQ2y-DHAPPQ2y-ALAQ,36,0.32783745136779735,2031
007/067-tact-ASAQ2y-DHAPPQ2y-ALAQ,37,0.322541810303245,2031
007/067-tact-ASAQ2y-DHAPPQ2y-ALAQ,38,0.36407770959716146,2031
007/067-tact-ASAQ2y-DHAPPQ2y-ALAQ,39,0.27352582671703024,2031
007/067-tact-ASAQ2y-DHAPPQ2y-ALAQ,40,0.23445882614916488,2031
007/067-tact-ASAQ2y-DHAPPQ2y-ALAQ,41,0.4150963909540113,2031
007/067-tact-ASAQ2y-DHAPPQ2y-ALAQ,42,0.2694365969764858,2031
007/067-tact-ASAQ2y-DHAPPQ2y-ALAQ,43,0.3326813250952306,2031
007/067-tact-ASAQ2y-DHAPPQ2y-ALAQ,44,0.28082780947790026,2031
007/067-tact-ASAQ2y-DHAPPQ2y-ALAQ,45,0.3154209050038224,2031
007/067-tact-ASAQ2y-DHAPPQ2y-ALAQ,46,0.3654151162569576,2031
007/067-tact-ASAQ2y-DHAPPQ2y-ALAQ,47,0.3636950780467872,2031
007/067-tact-ASAQ2y-DHAPPQ2y-ALAQ,48,0.3040316494510426,2031
007/067-tact-ASAQ2y-DHAPPQ2y-ALAQ,49,0.27521076433443975,2031
007/067-tact-ASAQ2y-DHAPPQ2y-ALAQ,50,0.260141659515567,2031
007/067-tact-ASAQ2y-DHAPPQ2y-ALAQ,51,0.3391822853660993,2031
007/067-tact-ASAQ2y-DHAPPQ2y-ALAQ,52,0.42130503097941413,2031
007/067-tact-ASAQ2y-DHAPPQ2y-ALAQ,53,0.2845444930120994,2031
007/067-tact-ASAQ2y-DHAPPQ2y-ALAQ,54,0.352108006367801,2031
007/067-tact-ASAQ2y-DHAPPQ2y-ALAQ,55,0.4405032489593745,2031
007/067-tact-ASAQ2y-DHAPPQ2y-ALAQ,56,0.3729981520065077,2031
007/067-tact-ASAQ2y-DHAPPQ2y-ALAQ,57,0.3459898756013893,2031
007/067-tact-ASAQ2y-DHAPPQ2y-ALAQ,58,0.3396177289214893,2031
007/067-tact-ASAQ2y-DHAPPQ2y-ALAQ,59,0.2651708243409314,2031
007/067-tact-ASAQ2y-DHAPPQ2y-ALAQ,60,0.3819737886795051,2031
007/067-tact-ASAQ2y-DHAPPQ2y-ALAQ,61,0.30628066755816913,2031
007/067-tact-ASAQ2y-DHAPPQ2y-ALAQ,62,0.36378253570460867,2031
007/067-tact-ASAQ2y-DHAPPQ2y-ALAQ,63,0.36300459838050236,2031
007/067-tact-ASAQ2y-DHAPPQ2y-ALAQ,64,0.34693938714257094,2031
007/067-tact-ASAQ2y-DHAPPQ2y-ALAQ,65,0.3233680476245459,2031
007/067-tact-ASAQ2y-DHAPPQ2y-ALAQ,66,0.38154610897563807,2031
007/067-tact-ASAQ2y-DHAPPQ2y-ALAQ,67,0.34169403452911484,2031
007/067-tact-ASAQ2y-DHAPPQ2y-ALAQ,68,0.20271458509272763,2031
007/067-tact-ASAQ2y-DHAPPQ2y-ALAQ,69,0.3930828338825008,2031
007/067-tact-ASAQ2y-DHAPPQ2y-ALAQ,70,0.44331979190525367,2031
007/067-tact-ASAQ2y-DHAPPQ2y-ALAQ,71,0.3116911285053005,2031
007/067-tact-ASAQ2y-DHAPPQ2y-ALAQ,72,0.4027028473055436,2031
007/067-tact-ASAQ2y-DHAPPQ2y-ALAQ,73,0.3390777346449041,2031
007/067-tact-ASAQ2y-DHAPPQ2y-ALAQ,74,0.33041203782457823,2031
007/067-tact-ASAQ2y-DHAPPQ2y-ALAQ,75,0.2518227791959723,2031
007/067-tact-ASAQ2y-DHAPPQ2y-ALAQ,76,0.28383453995732627,2031
007/067-tact-ASAQ2y-DHAPPQ2y-ALAQ,77,0.3800039152782571,2031
007/067-tact-ASAQ2y-DHAPPQ2y-ALAQ,78,0.35908384579764735,2031
007/067-tact-ASAQ2y-DHAPPQ2y-ALAQ,79,0.24859225687647937,2031
007/067-tact-ASAQ2y-DHAPPQ2y-ALAQ,80,0.35820376667117215,2031
007/067-tact-ASAQ2y-DHAPPQ2y-ALAQ,81,0.3148520853894921,2031
007/067-tact-ASAQ2y-DHAPPQ2y-ALAQ,82,0.3563380441873641,2031
007/067-tact-ASAQ2y-DHAPPQ2y-ALAQ,83,0.3199761645733299,2031
007/067-tact-ASAQ2y-DHAPPQ2y-ALAQ,84,0.26643075919378195,2031
007/067-tact-ASAQ2y-DHAPPQ2y-ALAQ,85,0.36126075084790465,2031
007/067-tact-ASAQ2y-DHAPPQ2y-ALAQ,86,0.3474742556780263,2031
007/067-tact-ASAQ2y-DHAPPQ2y-ALAQ,87,0.346398212907115,2031
007/067-tact-ASAQ2y-DHAPPQ2y-ALAQ,88,0.35039492971901204,2031
007/067-tact-ASAQ2y-DHAPPQ2y-ALAQ,89,0.3779912273347044,2031
007/067-tact-ASAQ2y-DHAPPQ2y-ALAQ,90,0.2120871774895742,2031
007/067-tact-ASAQ2y-DHAPPQ2y-ALAQ,91,0.41837749681128206,2031
007/067-tact-ASAQ2y-DHAPPQ2y-ALAQ,92,0.37029036468246446,2031
007/067-tact-ASAQ2y-DHAPPQ2y-ALAQ,93,0.3618347027381221,2031
007/067-tact-ASAQ2y-DHAPPQ2y-ALAQ,94,0.2861313900027137,2031
007/067-tact-ASAQ2y-DHAPPQ2y-ALAQ,95,0.3483298117632238,2031
007/067-tact-ASAQ2y-DHAPPQ2y-ALAQ,96,0.2834870763968628,2031
007/067-tact-ASAQ2y-DHAPPQ2y-ALAQ,97,0.3426720601810258,2031
007/067-tact-ASAQ2y-DHAPPQ2y-ALAQ,98,0.3398944182231051,2031
007/067-tact-ASAQ2y-DHAPPQ2y-ALAQ,99,0.2826003125910623,2031
007/068-tact-DHAPPQ2y-AL2y-ALAQ,0,0.45543489495154715,2031
007/068-tact-DHAPPQ2y-AL2y-ALAQ,1,0.4811578150515606,2031
007/068-tact-DHAPPQ2y-AL2y-ALAQ,2,0.4270264443538247,2031
007/068-tact-DHAPPQ2y-AL2y-ALAQ,3,0.4129405381312295,2031
007/068-tact-DHAPPQ2y-AL2y-ALAQ,4,0.5102926587391446,2031
007/068-tact-DHAPPQ2y-AL2y-ALAQ,5,0.4454469423428135,2031
007/068-tact-DHAPPQ2y-AL2y-ALAQ,6,0.41135202555383854,2031
007/068-tact-DHAPPQ2y-AL2y-ALAQ,7,0.4649057494850546,2031
007/068-tact-DHAPPQ2y-AL2y-ALAQ,8,0.4539312138884366,2031
007/068-tact-DHAPPQ2y-AL2y-ALAQ,9,0.5372194724266203,2031
007/068-tact-DHAPPQ2y-AL2y-ALAQ,10,0.42346689627477213,2031
007/068-tact-DHAPPQ2y-AL2y-ALAQ,11,0.3680886010603465,2031
007/068-tact-DHAPPQ2y-AL2y-ALAQ,12,0.5704377866142617,2031
007/068-tact-DHAPPQ2y-AL2y-ALAQ,13,0.40895167034748114,2031
007/068-tact-DHAPPQ2y-AL2y-ALAQ,14,0.4494970940470658,2031
007/068-tact-DHAPPQ2y-AL2y-ALAQ,15,0.430912788996684,2031
007/068-tact-DHAPPQ2y-AL2y-ALAQ,16,0.4025881233467179,2031
007/068-tact-DHAPPQ2y-AL2y-ALAQ,17,0.45834616004413253,2031
007/068-tact-DHAPPQ2y-AL2y-ALAQ,18,0.44454716761351337,2031
007/068-tact-DHAPPQ2y-AL2y-ALAQ,19,0.4318686187154903,2031
007/068-tact-DHAPPQ2y-AL2y-ALAQ,20,0.4782688942849657,2031
007/068-tact-DHAPPQ2y-AL2y-ALAQ,21,0.4556532319880064,2031
007/068-tact-DHAPPQ2y-AL2y-ALAQ,22,0.5100610126289377,2031
007/068-tact-DHAPPQ2y-AL2y-ALAQ,23,0.41370352579026365,2031
007/068-tact-DHAPPQ2y-AL2y-ALAQ,24,0.46421606253832176,2031
007/068-tact-DHAPPQ2y-AL2y-ALAQ,25,0.46242667001006005,2031
007/068-tact-DHAPPQ2y-AL2y-ALAQ,26,0.4218150455982343,2031
007/068-tact-DHAPPQ2y-AL2y-ALAQ,27,0.42629419621691983,2031
007/068-tact-DHAPPQ2y-AL2y-ALAQ,28,0.4017441854163241,2031
007/068-tact-DHAPPQ2y-AL2y-ALAQ,29,0.500498250411541,2031
007/068-tact-DHAPPQ2y-AL2y-ALAQ,30,0.45968055888893705,2031
007/068-tact-DHAPPQ2y-AL2y-ALAQ,31,0.5078713873779145,2031
007/068-tact-DHAPPQ2y-AL2y-ALAQ,32,0.35877091615284634,2031
007/068-tact-DHAPPQ2y-AL2y-ALAQ,33,0.4549801522624574,2031
007/068-tact-DHAPPQ2y-AL2y-ALAQ,34,0.506705373299213,2031
007/068-tact-DHAPPQ2y-AL2y-ALAQ,35,0.39878769648290874,2031
007/068-tact-DHAPPQ2y-AL2y-ALAQ,36,0.48684386454377854,2031
007/068-tact-DHAPPQ2y-AL2y-ALAQ,37,0.4755393453859755,2031
007/068-tact-DHAPPQ2y-AL2y-ALAQ,38,0.5321228633213453,2031
007/068-tact-DHAPPQ2y-AL2y-ALAQ,39,0.5024142012122413,2031
007/068-tact-DHAPPQ2y-AL2y-ALAQ,40,0.45858155961423147,2031
007/068-tact-DHAPPQ2y-AL2y-ALAQ,41,0.5653978834248905,2031
007/068-tact-DHAPPQ2y-AL2y-ALAQ,42,0.3310923709360554,2031
007/068-tact-DHAPPQ2y-AL2y-ALAQ,43,0.46752901903590044,2031
007/068-tact-DHAPPQ2y-AL2y-ALAQ,44,0.3935442480789942,2031
007/068-tact-DHAPPQ2y-AL2y-ALAQ,45,0.4310016083516701,2031
007/068-tact-DHAPPQ2y-AL2y-ALAQ,46,0.4361245332045897,2031
007/068-tact-DHAPPQ2y-AL2y-ALAQ,47,0.5263350170646293,2031
007/068-tact-DHAPPQ2y-AL2y-ALAQ,48,0.46457024754777954,2031
007/068-tact-DHAPPQ2y-AL2y-ALAQ,49,0.4936187165176133,2031
007/068-tact-DHAPPQ2y-AL2y-ALAQ,50,0.4737673454530833,2031
007/068-tact-DHAPPQ2y-AL2y-ALAQ,51,0.45595254653818457,2031
007/068-tact-DHAPPQ2y-AL2y-ALAQ,52,0.49759342158469044,2031
007/068-tact-DHAPPQ2y-AL2y-ALAQ,53,0.43321636209673625,2031
007/068-tact-DHAPPQ2y-AL2y-ALAQ,54,0.578122749490081,2031
007/068-tact-DHAPPQ2y-AL2y-ALAQ,55,0.4775094041387782,2031
007/068-tact-DHAPPQ2y-AL2y-ALAQ,56,0.4840284501396373,2031
007/068-tact-DHAPPQ2y-AL2y-ALAQ,57,0.4532521313205662,2031
007/068-tact-DHAPPQ2y-AL2y-ALAQ,58,0.3895423978709926,2031
007/068-tact-DHAPPQ2y-AL2y-ALAQ,59,0.3910632994143901,2031
007/068-tact-DHAPPQ2y-AL2y-ALAQ,60,0.4721865810000174,2031
007/068-tact-DHAPPQ2y-AL2y-ALAQ,61,0.4811693837510908,2031
007/068-tact-DHAPPQ2y-AL2y-ALAQ,62,0.3811381651547994,2031
007/068-tact-DHAPPQ2y-AL2y-ALAQ,63,0.3462374373108222,2031
007/068-tact-DHAPPQ2y-AL2y-ALAQ,64,0.4886265060258583,2031
007/068-tact-DHAPPQ2y-AL2y-ALAQ,65,0.4835087905896593,2031
007/068-tact-DHAPPQ2y-AL2y-ALAQ,66,0.39641058023169634,2031
007/068-tact-DHAPPQ2y-AL2y-ALAQ,67,0.4482709311679763,2031
007/068-tact-DHAPPQ2y-AL2y-ALAQ,68,0.34377560979883,2031
007/068-tact-DHAPPQ2y-AL2y-ALAQ,69,0.4909166982565801,2031
007/068-tact-DHAPPQ2y-AL2y-ALAQ,70,0.5025153673335949,2031
007/068-tact-DHAPPQ2y-AL2y-ALAQ,71,0.4452006827941161,2031
007/068-tact-DHAPPQ2y-AL2y-ALAQ,72,0.5112128050245937,2031
007/068-tact-DHAPPQ2y-AL2y-ALAQ,73,0.3522129529186455,2031
007/068-tact-DHAPPQ2y-AL2y-ALAQ,74,0.42764979214719595,2031
007/068-tact-DHAPPQ2y-AL2y-ALAQ,75,0.339707573625816,2031
007/068-tact-DHAPPQ2y-AL2y-ALAQ,76,0.5018556298675931,2031
007/068-tact-DHAPPQ2y-AL2y-ALAQ,77,0.4761901494078578,2031
007/068-tact-DHAPPQ2y-AL2y-ALAQ,78,0.31002248642848024,2031
007/068-tact-DHAPPQ2y-AL2y-ALAQ,79,0.40316509660532657,2031
007/068-tact-DHAPPQ2y-AL2y-ALAQ,80,0.42217820746923956,2031
007/068-tact-DHAPPQ2y-AL2y-ALAQ,81,0.47765284377113937,2031
007/068-tact-DHAPPQ2y-AL2y-ALAQ,82,0.3491814152777013,2031
007/068-tact-DHAPPQ2y-AL2y-ALAQ,83,0.33518669331962053,2031
007/068-tact-DHAPPQ2y-AL2y-ALAQ,84,0.4733472465119539,2031
007/068-tact-DHAPPQ2y-AL2y-ALAQ,85,0.4495968431642024,2031
007/068-tact-DHAPPQ2y-AL2y-ALAQ,86,0.46118439691681834,2031
007/068-tact-DHAPPQ2y-AL2y-ALAQ,87,0.4239213976019341,2031
007/068-tact-DHAPPQ2y-AL2y-ALAQ,88,0.44976255942398485,2031
007/068-tact-DHAPPQ2y-AL2y-ALAQ,89,0.43340079590475455,2031
007/068-tact-DHAPPQ2y-AL2y-ALAQ,90,0.380057519630431,2031
007/068-tact-DHAPPQ2y-AL2y-ALAQ,91,0.38015806185972845,2031
007/068-tact-DHAPPQ2y-AL2y-ALAQ,92,0.42076024121055383,2031
007/068-tact-DHAPPQ2y-AL2y-ALAQ,93,0.4477270980900578,2031
007/068-tact-DHAPPQ2y-AL2y-ALAQ,94,0.39438638300328327,2031
007/068-tact-DHAPPQ2y-AL2y-ALAQ,95,0.544198887258189,2031
007/068-tact-DHAPPQ2y-AL2y-ALAQ,96,0.45696713374805037,2031
007/068-tact-DHAPPQ2y-AL2y-ALAQ,97,0.37955081492677617,2031
007/068-tact-DHAPPQ2y-AL2y-ALAQ,98,0.5289289793531212,2031
007/068-tact-DHAPPQ2y-AL2y-ALAQ,99,0.39730603169260603,2031
007/069-tact-DHAPPQ2y-ASAQ2y-ALAQ,0,0.32781242939908817,2031
007/069-tact-DHAPPQ2y-ASAQ2y-ALAQ,1,0.37975699401406415,2031
007/069-tact-DHAPPQ2y-ASAQ2y-ALAQ,2,0.3545303885302374,2031
007/069-tact-DHAPPQ2y-ASAQ2y-ALAQ,3,0.34728665429353295,2031
007/069-tact-DHAPPQ2y-ASAQ2y-ALAQ,4,0.30542432590704494,2031
007/069-tact-DHAPPQ2y-ASAQ2y-ALAQ,5,0.3575039304539381,2031
007/069-tact-DHAPPQ2y-ASAQ2y-ALAQ,6,0.3217511808825881,2031
007/069-tact-DHAPPQ2y-ASAQ2y-ALAQ,7,0.3448468821146422,2031
007/069-tact-DHAPPQ2y-ASAQ2y-ALAQ,8,0.3347824763569842,2031
007/069-tact-DHAPPQ2y-ASAQ2y-ALAQ,9,0.39955159925566397,2031
007/069-tact-DHAPPQ2y-ASAQ2y-ALAQ,10,0.3585843859270432,2031
007/069-tact-DHAPPQ2y-ASAQ2y-ALAQ,11,0.3113174279188186,2031
007/069-tact-DHAPPQ2y-ASAQ2y-ALAQ,12,0.3143206943937425,2031
007/069-tact-DHAPPQ2y-ASAQ2y-ALAQ,13,0.2457881707349039,2031
007/069-tact-DHAPPQ2y-ASAQ2y-ALAQ,14,0.26365312458504336,2031
007/069-tact-DHAPPQ2y-ASAQ2y-ALAQ,15,0.3538792832698188,2031
007/069-tact-DHAPPQ2y-ASAQ2y-ALAQ,16,0.282734681001841,2031
007/069-tact-DHAPPQ2y-ASAQ2y-ALAQ,17,0.38351028146749205,2031
007/069-tact-DHAPPQ2y-ASAQ2y-ALAQ,18,0.344082908156772,2031
007/069-tact-DHAPPQ2y-ASAQ2y-ALAQ,19,0.31526109238829897,2031
007/069-tact-DHAPPQ2y-ASAQ2y-ALAQ,20,0.34475152622561156,2031
007/069-tact-DHAPPQ2y-ASAQ2y-ALAQ,21,0.33094983765806524,2031
007/069-tact-DHAPPQ2y-ASAQ2y-ALAQ,22,0.3956472216978304,2031
007/069-tact-DHAPPQ2y-ASAQ2y-ALAQ,23,0.3671465733755345,2031
007/069-tact-DHAPPQ2y-ASAQ2y-ALAQ,24,0.41621145100117446,2031
007/069-tact-DHAPPQ2y-ASAQ2y-ALAQ,25,0.4932967177356651,2031
007/069-tact-DHAPPQ2y-ASAQ2y-ALAQ,26,0.28609731700324104,2031
007/069-tact-DHAPPQ2y-ASAQ2y-ALAQ,27,0.37796517301228877,2031
007/069-tact-DHAPPQ2y-ASAQ2y-ALAQ,28,0.3699088485042304,2031
007/069-tact-DHAPPQ2y-ASAQ2y-ALAQ,29,0.3989387804449563,2031
007/069-tact-DHAPPQ2y-ASAQ2y-ALAQ,30,0.31602901852641957,2031
007/069-tact-DHAPPQ2y-ASAQ2y-ALAQ,31,0.3692135343845407,2031
007/069-tact-DHAPPQ2y-ASAQ2y-ALAQ,32,0.24063990678630875,2031
007/069-tact-DHAPPQ2y-ASAQ2y-ALAQ,33,0.37718993782282184,2031
007/069-tact-DHAPPQ2y-ASAQ2y-ALAQ,34,0.3046766430055585,2031
007/069-tact-DHAPPQ2y-ASAQ2y-ALAQ,35,0.2538611620580162,2031
007/069-tact-DHAPPQ2y-ASAQ2y-ALAQ,36,0.3664482340633181,2031
007/069-tact-DHAPPQ2y-ASAQ2y-ALAQ,37,0.3863114438093696,2031
007/069-tact-DHAPPQ2y-ASAQ2y-ALAQ,38,0.31283030951137986,2031
007/069-tact-DHAPPQ2y-ASAQ2y-ALAQ,39,0.31926353380579453,2031
007/069-tact-DHAPPQ2y-ASAQ2y-ALAQ,40,0.4324761621654781,2031
007/069-tact-DHAPPQ2y-ASAQ2y-ALAQ,41,0.39350594495088137,2031
007/069-tact-DHAPPQ2y-ASAQ2y-ALAQ,42,0.33068486973823996,2031
007/069-tact-DHAPPQ2y-ASAQ2y-ALAQ,43,0.31212160760792346,2031
007/069-tact-DHAPPQ2y-ASAQ2y-ALAQ,44,0.3520725834882033,2031
007/069-tact-DHAPPQ2y-ASAQ2y-ALAQ,45,0.3488527277765454,2031
007/069-tact-DHAPPQ2y-ASAQ2y-ALAQ,46,0.2954938990012351,2031
007/069-tact-DHAPPQ2y-ASAQ2y-ALAQ,47,0.3067851677368219,2031
007/069-tact-DHAPPQ2y-ASAQ2y-ALAQ,48,0.3015033126407433,2031
007/069-tact-DHAPPQ2y-ASAQ2y-ALAQ,49,0.35701246618196353,2031
007/069-tact-DHAPPQ2y-ASAQ2y-ALAQ,50,0.38070445713856366,2031
007/069-tact-DHAPPQ2y-ASAQ2y-ALAQ,51,0.2829025115417314,2031
007/069-tact-DHAPPQ2y-ASAQ2y-ALAQ,52,0.30525726545260357,2031
007/069-tact-DHAPPQ2y-ASAQ2y-ALAQ,53,0.243819630715527,2031
007/069-tact-DHAPPQ2y-ASAQ2y-ALAQ,54,0.40429679845364586,2031
007/069-tact-DHAPPQ2y-ASAQ2y-ALAQ,55,0.34254502917655155,2031
007/069-tact-DHAPPQ2y-ASAQ2y-ALAQ,56,0.3685994755136828,2031
007/069-tact-DHAPPQ2y-ASAQ2y-ALAQ,57,0.26361441645882316,2031
007/069-tact-DHAPPQ2y-ASAQ2y-ALAQ,58,0.2817167554649521,2031
007/069-tact-DHAPPQ2y-ASAQ2y-ALAQ,59,0.3746899815139151,2031
007/069-tact-DHAPPQ2y-ASAQ2y-ALAQ,60,0.3560958666068866,2031
007/069-tact-DHAPPQ2y-ASAQ2y-ALAQ,61,0.24097867748232982,2031
007/069-tact-DHAPPQ2y-ASAQ2y-ALAQ,62,0.3780144834685282,2031
007/069-tact-DHAPPQ2y-ASAQ2y-ALAQ,63,0.3331836749294828,2031
007/069-tact-DHAPPQ2y-ASAQ2y-ALAQ,64,0.28546551734995546,2031
007/069-tact-DHAPPQ2y-ASAQ2y-ALAQ,65,0.3818098331735973,2031
007/069-tact-DHAPPQ2y-ASAQ2y-ALAQ,66,0.4412243154366706,2031
007/069-tact-DHAPPQ2y-ASAQ2y-ALAQ,67,0.31620598091783386,2031
007/069-tact-DHAPPQ2y-ASAQ2y-ALAQ,68,0.3165210711961807,2031
007/069-tact-DHAPPQ2y-ASAQ2y-ALAQ,69,0.3884752837240905,2031
007/069-tact-DHAPPQ2y-ASAQ2y-ALAQ,70,0.29644967951737206,2031
007/069-tact-DHAPPQ2y-ASAQ2y-ALAQ,71,0.3095279569451462,2031
007/069-tact-DHAPPQ2y-ASAQ2y-ALAQ,72,0.27879909454892565,2031
007/069-tact-DHAPPQ2y-ASAQ2y-ALAQ,73,0.3123212515966696,2031
007/069-tact-DHAPPQ2y-ASAQ2y-ALAQ,74,0.37246773455171817,2031
007/069-tact-DHAPPQ2y-ASAQ2y-ALAQ,75,0.32747204865669977,2031
007/069-tact-DHAPPQ2y-ASAQ2y-ALAQ,76,0.3866294489668541,2031
007/069-tact-DHAPPQ2y-ASAQ2y-ALAQ,77,0.2618128764045767,2031
007/069-tact-DHAPPQ2y-ASAQ2y-ALAQ,78,0.3153233032593675,2031
007/069-tact-DHAPPQ2y-ASAQ2y-ALAQ,79,0.2674311860133042,2031
007/069-tact-DHAPPQ2y-ASAQ2y-ALAQ,80,0.31671388598810585,2031
007/069-tact-DHAPPQ2y-ASAQ2y-ALAQ,81,0.3656193411843786,2031
007/069-tact-DHAPPQ2y-ASAQ2y-ALAQ,82,0.3179096377105716,2031
007/069-tact-DHAPPQ2y-ASAQ2y-ALAQ,83,0.44000869955655286,2031
007/069-tact-DHAPPQ2y-ASAQ2y-ALAQ,84,0.30026681569042774,2031
007/069-tact-DHAPPQ2y-ASAQ2y-ALAQ,85,0.3871920297856946,2031
007/069-tact-DHAPPQ2y-ASAQ2y-ALAQ,86,0.32552507025188376,2031
007/069-tact-DHAPPQ2y-ASAQ2y-ALAQ,87,0.3446441356616246,2031
007/069-tact-DHAPPQ2y-ASAQ2y-ALAQ,88,0.3803434700856247,2031
007/069-tact-DHAPPQ2y-ASAQ2y-ALAQ,89,0.33358807970450216,2031
007/069-tact-DHAPPQ2y-ASAQ2y-ALAQ,90,0.29364288374736414,2031
007/069-tact-DHAPPQ2y-ASAQ2y-ALAQ,91,0.2797266339194163,2031
007/069-tact-DHAPPQ2y-ASAQ2y-ALAQ,92,0.3310427309925502,2031
007/069-tact-DHAPPQ2y-ASAQ2y-ALAQ,93,0.28720277716376036,2031
007/069-tact-DHAPPQ2y-ASAQ2y-ALAQ,94,0.32276822504821395,2031
007/069-tact-DHAPPQ2y-ASAQ2y-ALAQ,95,0.34041818745138186,2031
007/069-tact-DHAPPQ2y-ASAQ2y-ALAQ,96,0.27678080455787585,2031
007/069-tact-DHAPPQ2y-ASAQ2y-ALAQ,97,0.35074204153012944,2031
007/069-tact-DHAPPQ2y-ASAQ2y-ALAQ,98,0.37038903134697304,2031
007/069-tact-DHAPPQ2y-ASAQ2y-ALAQ,99,0.387135645005727,2031
007/070-tact-ALAQ-immediate,0,0.2612698429631023,2031
007/070-tact-ALAQ-immediate,1,0.399956602766055,2031
007/070-tact-ALAQ-immediate,2,0.2734983577410299,2031
007/070-tact-ALAQ-immediate,3,0.29366216113862137,2031
007/070-tact-ALAQ-immediate,4,0.2382566167830821,2031
007/070-tact-ALAQ-immediate,5,0.210811235190599,2031
007/070-tact-ALAQ-immediate,6,0.1793138179141217,2031
007/070-tact-ALAQ-immediate,7,0.28315710265904587,2031
007/070-tact-ALAQ-immediate,8,0.26569931171126726,2031
007/070-tact-ALAQ-immediate,9,0.30958823597656215,2031
007/070-tact-ALAQ-immediate,10,0.23436395603095725,2031
007/070-tact-ALAQ-immediate,11,0.26093001108822994,2031
007/070-tact-ALAQ-immediate,12,0.2775341201240009,2031
007/070-tact-ALAQ-immediate,13,0.27079554834247027,2031
007/070-tact-ALAQ-immediate,14,0.19876796496933732,2031
007/070-tact-ALAQ-immediate,15,0.21340559995903363,2031
007/070-tact-ALAQ-immediate,16,0.21549894798882727,2031
007/070-tact-ALAQ-immediate,17,0.18170190097597635,2031
007/070-tact-ALAQ-immediate,18,0.16246248961711898,2031
007/070-tact-ALAQ-immediate,19,0.2615518258244122,2031
007/070-tact-ALAQ-immediate,20,0.3811422498359575,2031
007/070-tact-ALAQ-immediate,21,0.25802158543574105,2031
007/070-tact-ALAQ-immediate,22,0.2930405513009261,2031
007/070-tact-ALAQ-immediate,23,0.26425999704012026,2031
007/070-tact-ALAQ-immediate,24,0.3357752674812539,2031
007/070-tact-ALAQ-immediate,25,0.20519320634817448,2031
007/070-tact-ALAQ-immediate,26,0.1888190660535751,2031
007/070-tact-ALAQ-immediate,27,0.29000004005831653,2031
007/070-tact-ALAQ-immediate,28,0.22261740463088253,2031
007/070-tact-ALAQ-immediate,29,0.1998461766450904,2031
007/070-tact-ALAQ-immediate,30,0.26844827638509255,2031
007/070-tact-ALAQ-immediate,31,0.20808464316156705,2031
007/070-tact-ALAQ-immediate,32,0.20185075214107653,2031
007/070-tact-ALAQ-immediate,33,0.2288801636822333,2031
007/070-tact-ALAQ-immediate,34,0.20086628332873072,2031
007/070-tact-ALAQ-immediate,35,0.2804741422691819,2031
007/070-tact-ALAQ-immediate,36,0.29982683697423873,2031
007/070-tact-ALAQ-immediate,37,0.2790602404421307,2031
007/070-tact-ALAQ-immediate,38,0.1916854053798505,2031
007/070-tact-ALAQ-immediate,39,0.31155631782543675,2031
007/070-tact-ALAQ-immediate,40,0.3152508232098921,2031
007/070-tact-ALAQ-immediate,41,0.22236153144267365,2031
007/070-tact-ALAQ-immediate,42,0.256773479107214,2031
007/070-tact-ALAQ-immediate,43,0.2474337265981744,2031
007/070-tact-ALAQ-immediate,44,0.24716347404533326,2031
007/070-tact-ALAQ-immediate,45,0.28135285061295595,2031
007/070-tact-ALAQ-immediate,46,0.29699615132874396,2031
007/070-tact-ALAQ-immediate,47,0.24179588731868518,2031
007/070-tact-ALAQ-immediate,48,0.2461698950537492,2031
007/070-tact-ALAQ-immediate,49,0.27827252866091634,2031
007/070-tact-ALAQ-immediate,50,0.18780790677243966,2031
007/070-tact-ALAQ-immediate,51,0.24792877929289672,2031
007/070-tact-ALAQ-immediate,52,0.2728843713653713,2031
007/070-tact-ALAQ-immediate,53,0.23161051722312165,2031
007/070-tact-ALAQ-immediate,54,0.23507723439335138,2031
007/070-tact-ALAQ-immediate,55,0.20075638997134773,2031
007/070-tact-ALAQ-immediate,56,0.3294763818013687,2031
007/070-tact-ALAQ-immediate,57,0.2596327947811772,2031
007/070-tact-ALAQ-immediate,58,0.2645799077857811,2031
007/070-tact-ALAQ-immediate,59,0.29163457771088747,2031
007/070-tact-ALAQ-immediate,60,0.3053334284698291,2031
007/070-tact-ALAQ-immediate,61,0.316961706813182,2031
007/070-tact-ALAQ-immediate,62,0.294052428727282,2031
007/070-tact-ALAQ-immediate,63,0.23264807068987123,2031
007/070-tact-ALAQ-immediate,64,0.26937188322686995,2031
007/070-tact-ALAQ-immediate,65,0.19187593192845673,2031
007/070-tact-ALAQ-immediate,66,0.2556467409830813,2031
007/070-tact-ALAQ-immediate,67,0.26615056171650414,2031
007/070-tact-ALAQ-immediate,68,0.29714232631305215,2031
007/070-tact-ALAQ-immediate,69,0.2961434662810069,2031
007/070-tact-ALAQ-immediate,70,0.2625519225572245,2031
007/070-tact-ALAQ-immediate,71,0.26226952252345986,2031
007/070-tact-ALAQ-immediate,72,0.27665460532861025,2031
007/070-tact-ALAQ-immediate,73,0.2369132417061468,2031
007/070-tact-ALAQ-immediate,74,0.20878736550554625,2031
007/070-tact-ALAQ-immediate,75,0.21436949874161762,2031
007/070-tact-ALAQ-immediate,76,0.2796576359436346,2031
007/070-tact-ALAQ-immediate,77,0.25830070484462425,2031
007/070-tact-ALAQ-immediate,78,0.25319040714285374,2031
007/070-tact-ALAQ-immediate,79,0.1907786340720262,2031
007/070-tact-ALAQ-immediate,80,0.21112308210809524,2031
007/070-tact-ALAQ-immediate,81,0.3617350873555351,2031
007/070-tact-ALAQ-immediate,82,0.2036640187634623,2031
007/070-tact-ALAQ-immediate,83,0.17470272534344392,2031
007/070-tact-ALAQ-immediate,84,0.24360387713496076,2031
007/070-tact-ALAQ-immediate,85,0.36294722053729195,2031
007/070-tact-ALAQ-immediate,86,0.29826369081610044,2031
007/070-tact-ALAQ-immediate,87,0.3195390205621976,2031
007/070-tact-ALAQ-immediate,88,0.2768506011764473,2031
007/070-tact-ALAQ-immediate,89,0.24278600676284245,2031
007/070-tact-ALAQ-immediate,90,0.22474865700744576,2031
007/070-tact-ALAQ-immediate,91,0.3226331865486081,2031
007/070-tact-ALAQ-immediate,92,0.2616158622696252,2031
007/070-tact-ALAQ-immediate,93,0.2541176102445387,2031
007/070-tact-ALAQ-immediate,94,0.21409124030678606,2031
007/070-tact-ALAQ-immediate,95,0.19032102348621463,2031
007/070-tact-ALAQ-immediate,96,0.30896178137271124,2031
007/070-tact-ALAQ-immediate,97,0.16546516665235,2031
007/070-tact-ALAQ-immediate,98,0.2528601432656229,2031
007/070-tact-ALAQ-immediate,99,0.2353932472629349,2031
007/071-mft-AL_75-ASPY85_25,0,0.5367195058771554,2031
007/071-mft-AL_75-ASPY85_25,1,0.5158870110032306,2031
007/071-mft-AL_75-ASPY85_25,2,0.5853401692814099,2031
007/071-mft-AL_75-ASPY85_25,3,0.7534295964020782,2031
007/071-mft-AL_75-ASPY85_25,4,0.6785531300098174,2031
007/071-mft-AL_75-ASPY85_25,5,0.6512820896358917,2031
007/071-mft-AL_75-ASPY85_25,6,0.48748561494584025,2031
007/071-mft-AL_75-ASPY85_25,7,0.7426928216771306,2031
007/071-mft-AL_75-ASPY85_25,8,0.6734008417731315,2031
007/071-mft-AL_75-ASPY85_25,9,0.8398209795033518,2031
007/071-mft-AL_75-ASPY85_25,10,0.7760431099311379,2031
007/071-mft-AL_75-ASPY85_25,11,0.6753581439779864,2031
007/071-mft-AL_75-ASPY85_25,12,0.6942553412401691,2031
007/071-mft-AL_75-ASPY85_25,13,0.6023330989359544,2031
007/071-mft-AL_75-ASPY85_25,14,0.6659658996632821,2031
007/071-mft-AL_75-ASPY85_25,15,0.6331657905083028,2031
007/071-mft-AL_75-ASPY85_25,16,0.6639314943303173,2031
007/071-mft-AL_75-ASPY85_25,17,0.7322305901607903,2031
007/071-mft-AL_75-ASPY85_25,18,0.6850257821419455,2031
007/071-mft-AL_75-ASPY85_25,19,0.6769419485224151,2031
007/071-mft-AL_75-ASPY85_25,20,0.791708265645211,2031
007/071-mft-AL_75-ASPY85_25,21,0.6733094893041941,2031
007/071-mft-AL_75-ASPY85_25,22,0.6269896604619546,2031
007/071-mft-AL_75-ASPY85_25,23,0.6409843247448371,2031
007/071-mft-AL_75-ASPY85_25,24,0.5525887632920773,2031
007/071-mft-AL_75-ASPY85_25,25,0.5941105067984567,2031
007/071-mft-AL_75-ASPY85_25,26,0.6650227152817099,2031
007/071-mft-AL_75-ASPY85_25,27,0.7880527980949871,2031
007/071-mft-AL_75-ASPY85_25,28,0.757048095423137,2031
007/071-mft-AL_75-ASPY85_25,29,0.6251701697974986,2031
007/071-mft-AL_75-ASPY85_25,30,0.6056263700923799,2031
007/071-mft-AL_75-ASPY85_25,31,0.6819179771368501,2031
007/071-mft-AL_75-ASPY85_25,32,0.7270870260504543,2031
007/071-mft-AL_75-ASPY85_25,33,0.622031555611441,2031
007/071-mft-AL_75-ASPY85_25,34,0.6881064515320615,2031
007/071-mft-AL_75-ASPY85_25,35,0.6581026052054246,2031
007/071-mft-AL_75-ASPY85_25,36,0.6811429333369595,2031
007/071-mft-AL_75-ASPY85_25,37,0.7359916425186084,2031
007/071-mft-AL_75-ASPY85_25,38,0.7827148789178547,2031
007/071-mft-AL_75-ASPY85_25,39,0.6664078804936695,2031
007/071-mft-AL_75-ASPY85_25,40,0.6339147246473954,2031
007/071-mft-AL_75-ASPY85_25,41,0.6421615420341512,2031
007/071-mft-AL_75-ASPY85_25,42,0.6039753965061995,2031
007/071-mft-AL_75-ASPY85_25,43,0.7386651134861525,2031
007/071-mft-AL_75-ASPY85_25,44,0.6480160209994544,2031
007/071-mft-AL_75-ASPY85_25,45,0.6231189024646655,2031
007/071-mft-AL_75-ASPY85_25,46,0.647416323843775,2031
007/071-mft-AL_75-ASPY85_25,47,0.7603472439849113,2031
007/071-mft-AL_75-ASPY85_25,48,0.6194553204734433,2031
007/071-mft-AL_75-ASPY85_25,49,0.7368840146437418,2031
007/071-mft-AL_75-ASPY85_25,50,0.6441854803958267,2031
007/071-mft-AL_75-ASPY85_25,51,0.6276281132355833,2031
007/071-mft-AL_75-ASPY85_25,52,0.8238816050243263,2031
007/071-mft-AL_75-ASPY85_25,53,0.6764196553738522,2031
007/071-mft-AL_75-ASPY85_25,54,0.6144035686750279,2031
007/071-mft-AL_75-ASPY85_25,55,0.6278242129966398,2031
007/071-mft-AL_75-ASPY85_25,56,0.7782435750070436,2031
007/071-mft-AL_75-ASPY85_25,57,0.5877829621412599,2031
007/071-mft-AL_75-ASPY85_25,58,0.6121349534115476,2031
007/071-mft-AL_75-ASPY85_25,59,0.6239222364927561,2031
007/071-mft-AL_75-ASPY85_25,60,0.702981824577714,2031
007/071-mft-AL_75-ASPY85_25,61,0.6799885120622866,2031
007/071-mft-AL_75-ASPY85_25,62,0.5960725410920655,2031
007/071-mft-AL_75-ASPY85_25,63,0.6817261178302273,2031
007/071-mft-AL_75-ASPY85_25,64,0.7033276408980682,2031
007/071-mft-AL_75-ASPY85_25,65,0.7180466219728561,2031
007/071-mft-AL_75-ASPY85_25,66,0.585806618680051,2031
007/071-mft-AL_75-ASPY85_25,67,0.6369969656321742,2031
007/071-mft-AL_75-ASPY85_25,68,0.6718430307457083,2031
007/071-mft-AL_75-ASPY85_25,69,0.6490192833924194,2031
007/071-mft-AL_75-ASPY85_25,70,0.6684972458405148,2031
007/071-mft-AL_75-ASPY85_25,71,0.6584760666523297,2031
007/071-mft-AL_75-ASPY85_25,72,0.6138877743043386,2031
007/071-mft-AL_75-ASPY85_25,73,0.6909219621620517,2031
007/071-mft-AL_75-ASPY85_25,74,0.6490682122089056,2031
007/071-mft-AL_75-ASPY85_25,75,0.6080493874325293,2031
007/071-mft-AL_75-ASPY85_25,76,0.6184850261238811,2031
007/071-mft-AL_75-ASPY85_25,77,0.6698216486317589,2031
007/071-mft-AL_75-ASPY85_25,78,0.668010527038505,2031
007/071-mft-AL_75-ASPY85_25,79,0.7045473617936286,2031
007/071-mft-AL_75-ASPY85_25,80,0.634063316799322,2031
007/071-mft-AL_75-ASPY85_25,81,0.6012467853508874,2031
007/071-mft-AL_75-ASPY85_25,82,0.7484770274409364,2031
007/071-mft-AL_75-ASPY85_25,83,0.5562954639401996,2031
007/071-mft-AL_75-ASPY85_25,84,0.7414118872125762,2031
007/071-mft-AL_75-ASPY85_25,85,0.7715931891336675,2031
007/071-mft-AL_75-ASPY85_25,86,0.6362272188846848,2031
007/071-mft-AL_75-ASPY85_25,87,0.7176097815264404,2031
007/071-mft-AL_75-ASPY85_25,88,0.7089633645558036,2031
007/071-mft-AL_75-ASPY85_25,89,0.6437678008187042,2031
007/071-mft-AL_75-ASPY85_25,90,0.7297580852159286,2031
007/071-mft-AL_75-ASPY85_25,91,0.7334755215408366,2031
007/071-mft-AL_75-ASPY85_25,92,0.6743116996051958,2031
007/071-mft-AL_75-ASPY85_25,93,0.6187687986482114,2031
007/071-mft-AL_75-ASPY85_25,94,0.4601066916338499,2031
007/071-mft-AL_75-ASPY85_25,95,0.7184927580216353,2031
007/071-mft-AL_75-ASPY85_25,96,0.763729150477778,2031
007/071-mft-AL_75-ASPY85_25,97,0.640170318574176,2031
007/071-mft-AL_75-ASPY85_25,98,0.6961902123021266,2031
007/071-mft-AL_75-ASPY85_25,99,0.6771597244281385,2031
007/072-mft-AL_75-ASPY75_25,0,0.829031920457299,2031
007/072-mft-AL_75-ASPY75_25,1,0.6735412517650011,2031
007/072-mft-AL_75-ASPY75_25,2,0.6491537446948882,2031
007/072-mft-AL_75-ASPY75_25,3,0.66392601232553,2031
007/072-mft-AL_75-ASPY75_25,4,0.7374435430591673,2031
007/072-mft-AL_75-ASPY75_25,5,0.7460058108012152,2031
007/072-mft-AL_75-ASPY75_25,6,0.7456539332007149,2031
007/072-mft-AL_75-ASPY75_25,7,0.6367336837655465,2031
007/072-mft-AL_75-ASPY75_25,8,0.6617757191822057,2031
007/072-mft-AL_75-ASPY75_25,9,0.6903458675302696,2031
007/072-mft-AL_75-ASPY75_25,10,0.6850601220728284,2031
007/072-mft-AL_75-ASPY75_25,11,0.6688784355174033,2031
007/072-mft-AL_75-ASPY75_25,12,0.7570730942244374,2031
007/072-mft-AL_75-ASPY75_25,13,0.613024219929193,2031
007/072-mft-AL_75-ASPY75_25,14,0.745465288160407,2031
007/072-mft-AL_75-ASPY75_25,15,0.7785747662677007,2031
007/072-mft-AL_75-ASPY75_25,16,0.6908567139475558,2031
007/072-mft-AL_75-ASPY75_25,17,0.7519613881446072,2031
007/072-mft-AL_75-ASPY75_25,18,0.6654822359202189,2031
007/072-mft-AL_75-ASPY75_25,19,0.6555984858511642,2031
007/072-mft-AL_75-ASPY75_25,20,0.6328399613393046,2031
007/072-mft-AL_75-ASPY75_25,21,0.7888650053452935,2031
007/072-mft-AL_75-ASPY75_25,22,0.6587719291964399,2031
007/072-mft-AL_75-ASPY75_25,23,0.5643018563055803,2031
007/072-mft-AL_75-ASPY75_25,24,0.6551687527186036,2031
007/072-mft-AL_75-ASPY75_25,25,0.7170014167570833,2031
007/072-mft-AL_75-ASPY75_25,26,0.7064542200988909,2031
007/072-mft-AL_75-ASPY75_25,27,0.7429784723872687,2031
007/072-mft-AL_75-ASPY75_25,28,0.6737342750732997,2031
007/072-mft-AL_75-ASPY75_25,29,0.6616249016722162,2031
007/072-mft-AL_75-ASPY75_25,30,0.5343839796036817,2031
007/072-mft-AL_75-ASPY75_25,31,0.6378406939141771,2031
007/072-mft-AL_75-ASPY75_25,32,0.6233863023944582,2031
007/072-mft-AL_75-ASPY75_25,33,0.7225733930814302,2031
007/072-mft-AL_75-ASPY75_25,34,0.7152053227929039,2031
007/072-mft-AL_75-ASPY75_25,35,0.7785160863570488,2031
007/072-mft-AL_75-ASPY75_25,36,0.7458013061130769,2031
007/072-mft-AL_75-ASPY75_25,37,0.6599279021582088,2031
007/072-mft-AL_75-ASPY75_25,38,0.7880099863737519,2031
007/072-mft-AL_75-ASPY75_25,39,0.712970212903491,2031
007/072-mft-AL_75-ASPY75_25,40,0.7102345325553278,2031
007/072-mft-AL_75-ASPY75_25,41,0.6834105879647351,2031
007/072-mft-AL_75-ASPY75_25,42,0.6715331059905031,2031
007/072-mft-AL_75-ASPY75_25,43,0.7349901648987879,2031
007/072-mft-AL_75-ASPY75_25,44,0.6088305888870944,2031
007/072-mft-AL_75-ASPY75_25,45,0.701705464210058,2031
007/072-mft-AL_75-ASPY75_25,46,0.5643462060592225,2031
007/072-mft-AL_75-ASPY75_25,47,0.6794540523809919,2031
007/072-mft-AL_75-ASPY75_25,48,0.7374479014063078,2031
007/072-mft-AL_75-ASPY75_25,49,0.6640651888471445,2031
007/072-mft-AL_75-ASPY75_25,50,0.7065172186728295,2031
007/072-mft-AL_75-ASPY75_25,51,0.7544260030953723,2031
007/072-mft-AL_75-ASPY75_25,52,0.6539381183332396,2031
007/072-mft-AL_75-ASPY75_25,53,0.6830102325492349,2031
007/072-mft-AL_75-ASPY75_25,54,0.68602662902312,2031
007/072-mft-AL_75-ASPY75_25,55,0.634656679976076,2031
007/072-mft-AL_75-ASPY75_25,56,0.6806221563070288,2031
007/072-mft-AL_75-ASPY75_25,57,0.6585235532166254,2031
007/072-mft-AL_75-ASPY75_25,58,0.7242116584004822,2031
007/072-mft-AL_75-ASPY75_25,59,0.6734491276265387,2031
007/072-mft-AL_75-ASPY75_25,60,0.6973223525530233,2031
007/072-mft-AL_75-ASPY75_25,61,0.7312589784600833,2031
007/072-mft-AL_75-ASPY75_25,62,0.7046767414305912,2031
007/072-mft-AL_75-ASPY75_25,63,0.7403985577963788,2031
007/072-mft-AL_75-ASPY75_25,64,0.6534482993288838,2031
007/072-mft-AL_75-ASPY75_25,65,0.5819116732922075,2031
007/072-mft-AL_75-ASPY75_25,66,0.5958125508994291,2031
007/072-mft-AL_75-ASPY75_25,67,0.6362023446095499,2031
007/072-mft-AL_75-ASPY75_25,68,0.5919110592207577,2031
007/072-mft-AL_75-ASPY75_25,69,0.7354215012172807,2031
007/072-mft-AL_75-ASPY75_25,70,0.6684690464661128,2031
007/072-mft-AL_75-ASPY75_25,71,0.7503776054264195,2031
007/072-mft-AL_75-ASPY75_25,72,0.6904164301675904,2031
007/072-mft-AL_75-ASPY75_25,73,0.5848558275586898,2031
007/072-mft-AL_75-ASPY75_25,74,0.6765269976858973,2031
007/072-mft-AL_75-ASPY75_25,75,0.6895091820332349,2031
007/072-mft-AL_75-ASPY75_25,76,0.7292022372639763,2031
007/072-mft-AL_75-ASPY75_25,77,0.7317772703429392,2031
007/072-mft-AL_75-ASPY75_25,78,0.7045228129598934,2031
007/072-mft-AL_75-ASPY75_25,79,0.7566117516375196,2031
007/072-mft-AL_75-ASPY75_25,80,0.6479856627089599,2031
007/072-mft-AL_75-ASPY75_25,81,0.6839459162563156,2031
007/072-mft-AL_75-ASPY75_25,82,0.6722132921149421,2031
007/072-mft-AL_75-ASPY75_25,83,0.6744453655394386,2031
007/072-mft-AL_75-ASPY75_25,84,0.6484880931317162,2031
007/072-mft-AL_75-ASPY75_25,85,0.598179785998679,2031
007/072-mft-AL_75-ASPY75_25,86,0.6310751834435299,2031
007/072-mft-AL_75-ASPY75_25,87,0.6345365106263591,2031
007/072-mft-AL_75-ASPY75_25,88,0.6385613992467275,2031
007/072-mft-AL_75-ASPY75_25,89,0.6963195797027798,2031
007/072-mft-AL_75-ASPY75_25,90,0.6146221776150078,2031
007/072-mft-AL_75-ASPY75_25,91,0.6410565858815049,2031
007/072-mft-AL_75-ASPY75_25,92,0.5071529888094929,2031
007/072-mft-AL_75-ASPY75_25,93,0.7178833132567627,2031
007/072-mft-AL_75-ASPY75_25,94,0.7764881950283397,2031
007/072-mft-AL_75-ASPY75_25,95,0.8139800386845847,2031
007/072-mft-AL_75-ASPY75_25,96,0.7461890094794813,2031
007/072-mft-AL_75-ASPY75_25,97,0.6011703682108265,2031
007/072-mft-AL_75-ASPY75_25,98,0.6604402151880396,2031
007/072-mft-AL_75-ASPY75_25,99,0.7064383679403236,2031
007/073-mft-AL_75-ASPY65_25,0,0.47698751914500304,2031
007/073-mft-AL_75-ASPY65_25,1,0.6408441372417385,2031
007/073-mft-AL_75-ASPY65_25,2,0.6952570917029745,2031
007/073-mft-AL_75-ASPY65_25,3,0.6589286689333659,2031
007/073-mft-AL_75-ASPY65_25,4,0.76233294138647,2031
007/073-mft-AL_75-ASPY65_25,5,0.7507088173477965,2031
007/073-mft-AL_75-ASPY65_25,6,0.7702446416242164,2031
007/073-mft-AL_75-ASPY65_25,7,0.6653209946464934,2031
007/073-mft-AL_75-ASPY65_25,8,0.6604599710472138,2031
007/073-mft-AL_75-ASPY65_25,9,0.613954523654049,2031
007/073-mft-AL_75-ASPY65_25,10,0.7127657843969016,2031
007/073-mft-AL_75-ASPY65_25,11,0.6951110344176237,2031
007/073-mft-AL_75-ASPY65_25,12,0.6510317230548451,2031
007/073-mft-AL_75-ASPY65_25,13,0.6902436963152895,2031
007/073-mft-AL_75-ASPY65_25,14,0.7026966149884702,2031
007/073-mft-AL_75-ASPY65_25,15,0.5484914838522228,2031
007/073-mft-AL_75-ASPY65_25,16,0.6621449484096521,2031
007/073-mft-AL_75-ASPY65_25,17,0.6448913765309915,2031
007/073-mft-AL_75-ASPY65_25,18,0.6689540717168315,2031
007/073-mft-AL_75-ASPY65_25,19,0.6881870284609425,2031
007/073-mft-AL_75-ASPY65_25,20,0.587754374046199,2031
007/073-mft-AL_75-ASPY65_25,21,0.62219538590819,2031
007/073-mft-AL_75-ASPY65_25,22,0.7026539045595879,2031
007/073-mft-AL_75-ASPY65_25,23,0.6079541677174534,2031
007/073-mft-AL_75-ASPY65_25,24,0.7227497291476072,2031
007/073-mft-AL_75-ASPY65_25,25,0.6513444641225518,2031
007/073-mft-AL_75-ASPY65_25,26,0.8017709031877573,2031
007/073-mft-AL_75-ASPY65_25,27,0.6154275296093935,2031
007/073-mft-AL_75-ASPY65_25,28,0.7052465219038345,2031
007/073-mft-AL_75-ASPY65_25,29,0.6685155763123253,2031
007/073-mft-AL_75-ASPY65_25,30,0.6905124545012927,2031
007/073-mft-AL_75-ASPY65_25,31,0.6743559728986073,2031
007/073-mft-AL_75-ASPY65_25,32,0.6260244839493859,2031
007/073-mft-AL_75-ASPY65_25,33,0.5888851545133037,2031
007/073-mft-AL_75-ASPY65_25,34,0.7719130674245896,2031
007/073-mft-AL_75-ASPY65_25,35,0.6886308726527449,2031
007/073-mft-AL_75-ASPY65_25,36,0.6675568907111001,2031
007/073-mft-AL_75-ASPY65_25,37,0.7191705676905329,2031
007/073-mft-AL_75-ASPY65_25,38,0.7342712649743101,2031
007/073-mft-AL_75-ASPY65_25,39,0.7302312140352982,2031
007/073-mft-AL_75-ASPY65_25,40,0.6912381714315448,2031
007/073-mft-AL_75-ASPY65_25,41,0.640494861207269,2031
007/073-mft-AL_75-ASPY65_25,42,0.5727311215730769,2031
007/073-mft-AL_75-ASPY65_25,43,0.7022792939082193,2031
007/073-mft-AL_75-ASPY65_25,44,0.6939569237772152,2031
007/073-mft-AL_75-ASPY65_25,45,0.6908347111289858,2031
007/073-mft-AL_75-ASPY65_25,46,0.7765594686325766,2031
007/073-mft-AL_75-ASPY65_25,47,0.6083907370402,2031
007/073-mft-AL_75-ASPY65_25,48,0.7218575588435363,2031
007/073-mft-AL_75-ASPY65_25,49,0.783339344388871,2031
007/073-mft-AL_75-ASPY65_25,50,0.7252287738965978,2031
007/073-mft-AL_75-ASPY65_25,51,0.5778834490424937,2031
007/073-mft-AL_75-ASPY65_25,52,0.6937120592420216,2031
007/073-mft-AL_75-ASPY65_25,53,0.7273210392649548,2031
007/073-mft-AL_75-ASPY65_25,54,0.7101757578989302,2031
007/073-mft-AL_75-ASPY65_25,55,0.7350708127919962,2031
007/073-mft-AL_75-ASPY65_25,56,0.6508629582174215,2031
007/073-mft-AL_75-ASPY65_25,57,0.7405733043153596,2031
007/073-mft-AL_75-ASPY65_25,58,0.7083520518215444,2031
007/073-mft-AL_75-ASPY65_25,59,0.8023732727013013,2031
007/073-mft-AL_75-ASPY65_25,60,0.6701688196299692,2031
007/073-mft-AL_75-ASPY65_25,61,0.6213927804573668,2031
007/073-mft-AL_75-ASPY65_25,62,0.7095717769541862,2031
007/073-mft-AL_75-ASPY65_25,63,0.7514497342909928,2031
007/073-mft-AL_75-ASPY65_25,64,0.6984032995384295,2031
007/073-mft-AL_75-ASPY65_25,65,0.6666995840922189,2031
007/073-mft-AL_75-ASPY65_25,66,0.6596700749764338,2031
007/073-mft-AL_75-ASPY65_25,67,0.7097688755740794,2031
007/073-mft-AL_75-ASPY65_25,68,0.651614769198066,2031
007/073-mft-AL_75-ASPY65_25,69,0.7315108401815721,2031
007/073-mft-AL_75-ASPY65_25,70,0.6851457994989462,2031
007/073-mft-AL_75-ASPY65_25,71,0.8513776534959435,2031
007/073-mft-AL_75-ASPY65_25,72,0.741456749165013,2031
007/073-mft-AL_75-ASPY65_25,73,0.69838597324428,2031
007/073-mft-AL_75-ASPY65_25,74,0.6834935583004397,2031
007/073-mft-AL_75-ASPY65_25,75,0.5738061404546947,2031
007/073-mft-AL_75-ASPY65_25,76,0.5956395815489289,2031
007/073-mft-AL_75-ASPY65_25,77,0.5548331423393357,2031
007/073-mft-AL_75-ASPY65_25,78,0.6089408665106711,2031
007/073-mft-AL_75-ASPY65_25,79,0.6523021116148412,2031
007/073-mft-AL_75-ASPY65_25,80,0.5650238416188051,2031
007/073-mft-AL_75-ASPY65_25,81,0.7260658514722483,2031
007/073-mft-AL_75-ASPY65_25,82,0.7166797848214164,2031
007/073-mft-AL_75-ASPY65_25,83,0.7016037522746865,2031
007/073-mft-AL_75-ASPY65_25,84,0.7318250329055784,2031
007/073-mft-AL_75-ASPY65_25,85,0.6693513324364532,2031
007/073-mft-AL_75-ASPY65_25,86,0.6577375435556562,2031
007/073-mft-AL_75-ASPY65_25,87,0.7171706154698315,2031
007/073-mft-AL_75-ASPY65_25,88,0.6272747981836065,2031
007/073-mft-AL_75-ASPY65_25,89,0.6474902420388701,2031
007/073-mft-AL_75-ASPY65_25,90,0.6481968174534084,2031
007/073-mft-AL_75-ASPY65_25,91,0.6628788770626772,2031
007/073-mft-AL_75-ASPY65_25,92,0.6578600008096032,2031
007/073-mft-AL_75-ASPY65_25,93,0.6919440165673062,2031
007/073-mft-AL_75-ASPY65_25,94,0.6442800494749522,2031
007/073-mft-AL_75-ASPY65_25,95,0.6253969624531955,2031
007/073-mft-AL_75-ASPY65_25,96,0.63057910009829,2031
007/073-mft-AL_75-ASPY65_25,97,0.7297399821494452,2031
007/073-mft-AL_75-ASPY65_25,98,0.7388080534050209,2031
007/073-mft-AL_75-ASPY65_25,99,0.7118962354428491,2031
007/074-mft-AL_50-ASPY85_50,0,0.6413336432672371,2031
007/074-mft-AL_50-ASPY85_50,1,0.45597824448591545,2031
007/074-mft-AL_50-ASPY85_50,2,0.6568689605244417,2031
007/074-mft-AL_50-ASPY85_50,3,0.4527561768533029,2031
007/074-mft-AL_50-ASPY85_50,4,0.7168675555580736,2031
007/074-mft-AL_50-ASPY85_50,5,0.6040491510657436,2031
007/074-mft-AL_50-ASPY85_50,6,0.6340893829567933,2031
007/074-mft-AL_50-ASPY85_50,7,0.5215777506601079,2031
007/074-mft-AL_50-ASPY85_50,8,0.5162873832707816,2031
007/074-mft-AL_50-ASPY85_50,9,0.5488903641557915,2031
007/074-mft-AL_50-ASPY85_50,10,0.5465431443377361,2031
007/074-mft-AL_50-ASPY85_50,11,0.5248923231607703,2031
007/074-mft-AL_50-ASPY85_50,12,0.5550184103720658,2031
007/074-mft-AL_50-ASPY85_50,13,0.6500506897563979,2031
007/074-mft-AL_50-ASPY85_50,14,0.5802487009421006,2031
007/074-mft-AL_50-ASPY85_50,15,0.5740058720942037,2031
007/074-mft-AL_50-ASPY85_50,16,0.5443864645525284,2031
007/074-mft-AL_50-ASPY85_50,17,0.5986234122310071,2031
007/074-mft-AL_50-ASPY85_50,18,0.6364385319996702,2031
007/074-mft-AL_50-ASPY85_50,19,0.6081529301859832,2031
007/074-mft-AL_50-ASPY85_50,20,0.597322218742021,2031
007/074-mft-AL_50-ASPY85_50,21,0.5315991720537007,2031
007/074-mft-AL_50-ASPY85_50,22,0.569633175517623,2031
007/074-mft-AL_50-ASPY85_50,23,0.5395993089274739,2031
007/074-mft-AL_50-ASPY85_50,24,0.5059491816335356,2031
007/074-mft-AL_50-ASPY85_50,25,0.5421553114387965,2031
007/074-mft-AL_50-ASPY85_50,26,0.6211663162297543,2031
007/074-mft-AL_50-ASPY85_50,27,0.690077866056865,2031
007/074-mft-AL_50-ASPY85_50,28,0.4885593357206903,2031
007/074-mft-AL_50-ASPY85_50,29,0.5625296494539647,2031
007/074-mft-AL_50-ASPY85_50,30,0.579642354320961,2031
007/074-mft-AL_50-ASPY85_50,31,0.5338548131749926,2031
007/074-mft-AL_50-ASPY85_50,32,0.5201079557311438,2031
007/074-mft-AL_50-ASPY85_50,33,0.5919168516126735,2031
007/074-mft-AL_50-ASPY85_50,34,0.5361335999966222,2031
007/074-mft-AL_50-ASPY85_50,35,0.6827101784421002,2031
007/074-mft-AL_50-ASPY85_50,36,0.5787635658598166,2031
007/074-mft-AL_50-ASPY85_50,37,0.5426576887972886,2031
007/074-mft-AL_50-ASPY85_50,38,0.37032710980887745,2031
007/074-mft-AL_50-ASPY85_50,39,0.7991156383706531,2031
007/074-mft-AL_50-ASPY85_50,40,0.7247683866123502,2031
007/074-mft-AL_50-ASPY85_50,41,0.5257328540232432,2031
007/074-mft-AL_50-ASPY85_50,42,0.6015678244246789,2031
007/074-mft-AL_50-ASPY85_50,43,0.5189660604673966,2031
007/074-mft-AL_50-ASPY85_50,44,0.6681018720369173,2031
007/074-mft-AL_50-ASPY85_50,45,0.6600072738944741,2031
007/074-mft-AL_50-ASPY85_50,46,0.6807662973089189,2031
007/074-mft-AL_50-ASPY85_50,47,0.5586779979060474,2031
007/074-mft-AL_50-ASPY85_50,48,0.5389034363850095,2031
007/074-mft-AL_50-ASPY85_50,49,0.5948525666413855,2031
007/074-mft-AL_50-ASPY85_50,50,0.6478866771965354,2031
007/074-mft-AL_50-ASPY85_50,51,0.5546611758979267,2031
007/074-mft-AL_50-ASPY85_50,52,0.5930591176472477,2031
007/074-mft-AL_50-ASPY85_50,53,0.6157500490071798,2031
007/074-mft-AL_50-ASPY85_50,54,0.5162869039820742,2031
007/074-mft-AL_50-ASPY85_50,55,0.6054067846098968,2031
007/074-mft-AL_50-ASPY85_50,56,0.5012398181648557,2031
007/074-mft-AL_50-ASPY85_50,57,0.5584177565388247,2031
007/074-mft-AL_50-ASPY85_50,58,0.6101179988553783,2031
007/074-mft-AL_50-ASPY85_50,59,0.6444260222193262,2031
007/074-mft-AL_50-ASPY85_50,60,0.5675077538117231,2031
007/074-mft-AL_50-ASPY85_50,61,0.5361134146232323,2031
007/074-mft-AL_50-ASPY85_50,62,0.582510688980946,2031
007/074-mft-AL_50-ASPY85_50,63,0.654091369211215,2031
007/074-mft-AL_50-ASPY85_50,64,0.5816048958225525,2031
007/074-mft-AL_50-ASPY85_50,65,0.6480884068226905,2031
007/074-mft-AL_50-ASPY85_50,66,0.5933932820835689,2031
007/074-mft-AL_50-ASPY85_50,67,0.6494083495245889,2031
007/074-mft-AL_50-ASPY85_50,68,0.651351733160614,2031
007/074-mft-AL_50-ASPY85_50,69,0.508428688141633,2031
007/074-mft-AL_50-ASPY85_50,70,0.5956390736545137,2031
007/074-mft-AL_50-ASPY85_50,71,0.6855911591060737,2031
007/074-mft-AL_50-ASPY85_50,72,0.6779509617090653,2031
007/074-mft-AL_50-ASPY85_50,73,0.5559228431141156,2031
007/074-mft-AL_50-ASPY85_50,74,0.5641392078903931,2031
007/074-mft-AL_50-ASPY85_50,75,0.5807338654307412,2031
007/074-mft-AL_50-ASPY85_50,76,0.5706286140714282,2031
007/074-mft-AL_50-ASPY85_50,77,0.5597995930741236,2031
007/074-mft-AL_50-ASPY85_50,78,0.6632709147997401,2031
007/074-mft-AL_50-ASPY85_50,79,0.5292578997506951,2031
007/074-mft-AL_50-ASPY85_50,80,0.7536633611212286,2031
007/074-mft-AL_50-ASPY85_50,81,0.7038650904807557,2031
007/074-mft-AL_50-ASPY85_50,82,0.5845376701357855,2031
007/074-mft-AL_50-ASPY85_50,83,0.6270001785482628,2031
007/074-mft-AL_50-ASPY85_50,84,0.652542494260597,2031
007/074-mft-AL_50-ASPY85_50,85,0.5747792632838232,2031
007/074-mft-AL_50-ASPY85_50,86,0.6379508526866394,2031
007/074-mft-AL_50-ASPY85_50,87,0.5686798648156252,2031
007/074-mft-AL_50-ASPY85_50,88,0.5041706508423299,2031
007/074-mft-AL_50-ASPY85_50,89,0.6613527402554168,2031
007/074-mft-AL_50-ASPY85_50,90,0.540222752279811,2031
007/074-mft-AL_50-ASPY85_50,91,0.5378722582581869,2031
007/074-mft-AL_50-ASPY85_50,92,0.5355969534934474,2031
007/074-mft-AL_50-ASPY85_50,93,0.6720974159677618,2031
007/074-mft-AL_50-ASPY85_50,94,0.6704918013571518,2031
007/074-mft-AL_50-ASPY85_50,95,0.6375804033080819,2031
007/074-mft-AL_50-ASPY85_50,96,0.6162540078626954,2031
007/074-mft-AL_50-ASPY85_50,97,0.6565836945502599,2031
007/074-mft-AL_50-ASPY85_50,98,0.633916916631463,2031
007/074-mft-AL_50-ASPY85_50,99,0.5101933029435156,2031
007/075-mft-AL_50-ASPY75_50,0,0.6930165699578793,2031
007/075-mft-AL_50-ASPY75_50,1,0.6262106480197763,2031
007/075-mft-AL_50-ASPY75_50,2,0.6498591667684136,2031
007/075-mft-AL_50-ASPY75_50,3,0.5641457290473441,2031
007/075-mft-AL_50-ASPY75_50,4,0.5722508870156671,2031
007/075-mft-AL_50-ASPY75_50,5,0.5996020704043826,2031
007/075-mft-AL_50-ASPY75_50,6,0.6119298608831402,2031
007/075-mft-AL_50-ASPY75_50,7,0.5988237785910828,2031
007/075-mft-AL_50-ASPY75_50,8,0.5102849807349402,2031
007/075-mft-AL_50-ASPY75_50,9,0.6962966368359825,2031
007/075-mft-AL_50-ASPY75_50,10,0.5665560648015084,2031
007/075-mft-AL_50-ASPY75_50,11,0.5340642121756382,2031
007/075-mft-AL_50-ASPY75_50,12,0.5818854881253192,2031
007/075-mft-AL_50-ASPY75_50,13,0.6627817672724765,2031
007/075-mft-AL_50-ASPY75_50,14,0.6942285790181946,2031
007/075-mft-AL_50-ASPY75_50,15,0.6942526220484072,2031
007/075-mft-AL_50-ASPY75_50,16,0.49352592210309565,2031
007/075-mft-AL_50-ASPY75_50,17,0.5843292704397647,2031
007/075-mft-AL_50-ASPY75_50,18,0.5403570159398489,2031
007/075-mft-AL_50-ASPY75_50,19,0.5857716464121098,2031
007/075-mft-AL_50-ASPY75_50,20,0.6084351697362362,2031
007/075-mft-AL_50-ASPY75_50,21,0.46757489249434236,2031
007/075-mft-AL_50-ASPY75_50,22,0.643742019939315,2031
007/075-mft-AL_50-ASPY75_50,23,0.566811458944768,2031
007/075-mft-AL_50-ASPY75_50,24,0.6611704257408803,2031
007/075-mft-AL_50-ASPY75_50,25,0.46073135406526045,2031
007/075-mft-AL_50-ASPY75_50,26,0.6624920687087689,2031
007/075-mft-AL_50-ASPY75_50,27,0.594333443773314,2031
007/075-mft-AL_50-ASPY75_50,28,0.665660698832489,2031
007/075-mft-AL_50-ASPY75_50,29,0.5311827264094632,2031
007/075-mft-AL_50-ASPY75_50,30,0.6255925819743395,2031
007/075-mft-AL_50-ASPY75_50,31,0.5482734020064214,2031
007/075-mft-AL_50-ASPY75_50,32,0.6315766617851258,2031
007/075-mft-AL_50-ASPY75_50,33,0.5791915308057457,2031
007/075-mft-AL_50-ASPY75_50,34,0.6525809067109298,2031
007/075-mft-AL_50-ASPY75_50,35,0.6668227384590363,2031
007/075-mft-AL_50-ASPY75_50,36,0.5123911241474985,2031
007/075-mft-AL_50-ASPY75_50,37,0.5051277504025955,2031
007/075-mft-AL_50-ASPY75_50,38,0.6331836594882948,2031
007/075-mft-AL_50-ASPY75_50,39,0.5035158650064374,2031
007/075-mft-AL_50-ASPY75_50,40,0.5933285331150798,2031
007/075-mft-AL_50-ASPY75_50,41,0.6041044994994839,2031
007/075-mft-AL_50-ASPY75_50,42,0.5583662784236604,2031
007/075-mft-AL_50-ASPY75_50,43,0.6323190625079471,2031
007/075-mft-AL_50-ASPY75_50,44,0.5755749595473035,2031
007/075-mft-AL_50-ASPY75_50,45,0.5666650931176903,2031
007/075-mft-AL_50-ASPY75_50,46,0.5302589715853491,2031
007/075-mft-AL_50-ASPY75_50,47,0.6291028059311375,2031
007/075-mft-AL_50-ASPY75_50,48,0.5375992682415955,2031
007/075-mft-AL_50-ASPY75_50,49,0.5296449912341415,2031
007/075-mft-AL_50-ASPY75_50,50,0.5735126117019668,2031
007/075-mft-AL_50-ASPY75_50,51,0.4905715773844234,2031
007/075-mft-AL_50-ASPY75_50,52,0.5747898618503052,2031
007/075-mft-AL_50-ASPY75_50,53,0.5632331771279406,2031
007/075-mft-AL_50-ASPY75_50,54,0.6035912105580251,2031
007/075-mft-AL_50-ASPY75_50,55,0.5756315460359127,2031
007/075-mft-AL_50-ASPY75_50,56,0.6371490356072412,2031
007/075-mft-AL_50-ASPY75_50,57,0.6727798555438347,2031
007/075-mft-AL_50-ASPY75_50,58,0.6014764168496675,2031
007/075-mft-AL_50-ASPY75_50,59,0.5628630816503094,2031
007/075-mft-AL_50-ASPY75_50,60,0.5207691379986784,2031
007/075-mft-AL_50-ASPY75_50,61,0.553349092022215,2031
007/075-mft-AL_50-ASPY75_50,62,0.782651949647219,2031
007/075-mft-AL_50-ASPY75_50,63,0.5699093925467481,2031
007/075-mft-AL_50-ASPY75_50,64,0.6363086777628016,2031
007/075-mft-AL_50-ASPY75_50,65,0.48690145181084704,2031
007/075-mft-AL_50-ASPY75_50,66,0.6003719849654482,2031
007/075-mft-AL_50-ASPY75_50,67,0.5702049038050793,2031
007/075-mft-AL_50-ASPY75_50,68,0.6881364157859866,2031
007/075-mft-AL_50-ASPY75_50,69,0.5752894313419504,2031
007/075-mft-AL_50-ASPY75_50,70,0.5141056032901489,2031
007/075-mft-AL_50-ASPY75_50,71,0.7196295527622522,2031
007/075-mft-AL_50-ASPY75_50,72,0.6026420892347777,2031
007/075-mft-AL_50-ASPY75_50,73,0.48400395323642287,2031
007/075-mft-AL_50-ASPY75_50,74,0.5671914834346711,2031
007/075-mft-AL_50-ASPY75_50,75,0.689846854856984,2031
007/075-mft-AL_50-ASPY75_50,76,0.6473936338691149,2031
007/075-mft-AL_50-ASPY75_50,77,0.6686401492504487,2031
007/075-mft-AL_50-ASPY75_50,78,0.5509832341212172,2031
007/075-mft-AL_50-ASPY75_50,79,0.5559257189294389,2031
007/075-mft-AL_50-ASPY75_50,80,0.612275251011662,2031
007/075-mft-AL_50-ASPY75_50,81,0.6109735365691754,2031
007/075-mft-AL_50-ASPY75_50,82,0.544733315013323,2031
007/075-mft-AL_50-ASPY75_50,83,0.6255732867211133,2031
007/075-mft-AL_50-ASPY75_50,84,0.5644331024564352,2031
007/075-mft-AL_50-ASPY75_50,85,0.5466041610421222,2031
007/075-mft-AL_50-ASPY75_50,86,0.6043339826099371,2031
007/075-mft-AL_50-ASPY75_50,87,0.6084726697664753,2031
007/075-mft-AL_50-ASPY75_50,88,0.5304043583811258,2031
007/075-mft-AL_50-ASPY75_50,89,0.6047906664984593,2031
007/075-mft-AL_50-ASPY75_50,90,0.5527559346303441,2031
007/075-mft-AL_50-ASPY75_50,91,0.6013653414102499,2031
007/075-mft-AL_50-ASPY75_50,92,0.6069954323901791,2031
007/075-mft-AL_50-ASPY75_50,93,0.5719680078604823,2031
007/075-mft-AL_50-ASPY75_50,94,0.5250372629288832,2031
007/075-mft-AL_50-ASPY75_50,95,0.547292504830219,2031
007/075-mft-AL_50-ASPY75_50,96,0.7086250741583174,2031
007/075-mft-AL_50-ASPY75_50,97,0.6518278989640885,2031
007/075-mft-AL_50-ASPY75_50,98,0.6698081435354069,2031
007/075-mft-AL_50-ASPY75_50,99,0.6025899832031648,2031
007/076-mft-AL_50-ASPY65_50,0,0.6378391556992741,2031
007/076-mft-AL_50-ASPY65_50,1,0.690439458469263,2031
007/076-mft-AL_50-ASPY65_50,2,0.690315276430517,2031
007/076-mft-AL_50-ASPY65_50,3,0.5755147157124777,2031
007/076-mft-AL_50-ASPY65_50,4,0.6330182631775404,2031
007/076-mft-AL_50-ASPY65_50,5,0.6259661049516642,2031
007/076-mft-AL_50-ASPY65_50,6,0.5045945285985419,2031
007/076-mft-AL_50-ASPY65_50,7,0.6270104309132841,2031
007/076-mft-AL_50-ASPY65_50,8,0.6207344270212101,2031
007/076-mft-AL_50-ASPY65_50,9,0.6889195985799974,2031
007/076-mft-AL_50-ASPY65_50,10,0.5889042457964276,2031
007/076-mft-AL_50-ASPY65_50,11,0.6034508329487936,2031
007/076-mft-AL_50-ASPY65_50,12,0.6171897489962358,2031
007/076-mft-AL_50-ASPY65_50,13,0.6418045425777031,2031
007/076-mft-AL_50-ASPY65_50,14,0.53687228346365,2031
007/076-mft-AL_50-ASPY65_50,15,0.5855226470082961,2031
007/076-mft-AL_50-ASPY65_50,16,0.5729266941140025,2031
007/076-mft-AL_50-ASPY65_50,17,0.5434617597603588,2031
007/076-mft-AL_50-ASPY65_50,18,0.6271800149267732,2031
007/076-mft-AL_50-ASPY65_50,19,0.6206712140658184,2031
007/076-mft-AL_50-ASPY65_50,20,0.6013331213866306,2031
007/076-mft-AL_50-ASPY65_50,21,0.7251477247079694,2031
007/076-mft-AL_50-ASPY65_50,22,0.626375021194597,2031
007/076-mft-AL_50-ASPY65_50,23,0.7750816470171781,2031
007/076-mft-AL_50-ASPY65_50,24,0.6214005272117181,2031
007/076-mft-AL_50-ASPY65_50,25,0.6287353620587361,2031
007/076-mft-AL_50-ASPY65_50,26,0.6181295201143197,2031
007/076-mft-AL_50-ASPY65_50,27,0.5490045721900968,2031
007/076-mft-AL_50-ASPY65_50,28,0.6641324003864943,2031
007/076-mft-AL_50-ASPY65_50,29,0.666731093159257,2031
007/076-mft-AL_50-ASPY65_50,30,0.533998512661001,2031
007/076-mft-AL_50-ASPY65_50,31,0.7519965701363404,2031
007/076-mft-AL_50-ASPY65_50,32,0.5247480207823095,2031
007/076-mft-AL_50-ASPY65_50,33,0.5651475390999562,2031
007/076-mft-AL_50-ASPY65_50,34,0.5724923734529468,2031
007/076-mft-AL_50-ASPY65_50,35,0.5959550452596926,2031
007/076-mft-AL_50-ASPY65_50,36,0.5730117618670632,2031
007/076-mft-AL_50-ASPY65_50,37,0.5030768114390508,2031
007/076-mft-AL_50-ASPY65_50,38,0.5938842154701257,2031
007/076-mft-AL_50-ASPY65_50,39,0.5803735471515342,2031
007/076-mft-AL_50-ASPY65_50,40,0.5523274153814444,2031
007/076-mft-AL_50-ASPY65_50,41,0.5732063609155365,2031
007/076-mft-AL_50-ASPY65_50,42,0.5423662681080413,2031
007/076-mft-AL_50-ASPY65_50,43,0.5875729194629814,2031
007/076-mft-AL_50-ASPY65_50,44,0.7025598169356376,2031
007/076-mft-AL_50-ASPY65_50,45,0.6452958168795262,2031
007/076-mft-AL_50-ASPY65_50,46,0.49213732707342644,2031
007/076-mft-AL_50-ASPY65_50,47,0.5931278721090272,2031
007/076-mft-AL_50-ASPY65_50,48,0.6182552329473463,2031
007/076-mft-AL_50-ASPY65_50,49,0.6878647644942686,2031
007/076-mft-AL_50-ASPY65_50,50,0.6807223171186196,2031
007/076-mft-AL_50-ASPY65_50,51,0.5549352515036681,2031
007/076-mft-AL_50-ASPY65_50,52,0.48085110437992024,2031
007/076-mft-AL_50-ASPY65_50,53,0.5297164135341427,2031
007/076-mft-AL_50-ASPY65_50,54,0.6234361738242195,2031
007/076-mft-AL_50-ASPY65_50,55,0.5272437116013231,2031
007/076-mft-AL_50-ASPY65_50,56,0.6037776666133864,2031
007/076-mft-AL_50-ASPY65_50,57,0.5932589890132035,2031
007/076-mft-AL_50-ASPY65_50,58,0.4915951835878018,2031
007/076-mft-AL_50-ASPY65_50,59,0.7218102345954297,2031
007/076-mft-AL_50-ASPY65_50,60,0.6002840703530218,2031
007/076-mft-AL_50-ASPY65_50,61,0.5901376783630807,2031
007/076-mft-AL_50-ASPY65_50,62,0.6373828226680437,2031
007/076-mft-AL_50-ASPY65_50,63,0.6914360115632103,2031
007/076-mft-AL_50-ASPY65_50,64,0.6641418585084147,2031
007/076-mft-AL_50-ASPY65_50,65,0.7004134414557169,2031
007/076-mft-AL_50-ASPY65_50,66,0.6960542824206803,2031
007/076-mft-AL_50-ASPY65_50,67,0.5833071738889367,2031
007/076-mft-AL_50-ASPY65_50,68,0.6336225978840601,2031
007/076-mft-AL_50-ASPY65_50,69,0.6124898407439849,2031
007/076-mft-AL_50-ASPY65_50,70,0.6465033040930441,2031
007/076-mft-AL_50-ASPY65_50,71,0.6499979821419472,2031
007/076-mft-AL_50-ASPY65_50,72,0.6354129254457316,2031
007/076-mft-AL_50-ASPY65_50,73,0.5847900892698586,2031
007/076-mft-AL_50-ASPY65_50,74,0.6107464136131467,2031
007/076-mft-AL_50-ASPY65_50,75,0.6110425043484892,2031
007/076-mft-AL_50-ASPY65_50,76,0.6028264302146666,2031
007/076-mft-AL_50-ASPY65_50,77,0.5988228840380638,2031
007/076-mft-AL_50-ASPY65_50,78,0.5021484236301811,2031
007/076-mft-AL_50-ASPY65_50,79,0.6101737140480702,2031
007/076-mft-AL_50-ASPY65_50,80,0.5937385217858463,2031
007/076-mft-AL_50-ASPY65_50,81,0.5725475759606556,2031
007/076-mft-AL_50-ASPY65_50,82,0.6172360000974662,2031
007/076-mft-AL_50-ASPY65_50,83,0.6467678618546449,2031
007/076-mft-AL_50-ASPY65_50,84,0.5398135652459818,2031
007/076-mft-AL_50-ASPY65_50,85,0.5860629942844855,2031
007/076-mft-AL_50-ASPY65_50,86,0.6179339562483063,2031
007/076-mft-AL_50-ASPY65_50,87,0.6102148319591236,2031
007/076-mft-AL_50-ASPY65_50,88,0.523874390535397,2031
007/076-mft-AL_50-ASPY65_50,89,0.5310121431085751,2031
007/076-mft-AL_50-ASPY65_50,90,0.580777024718303,2031
007/076-mft-AL_50-ASPY65_50,91,0.831527016267693,2031
007/076-mft-AL_50-ASPY65_50,92,0.6664212790621598,2031
007/076-mft-AL_50-ASPY65_50,93,0.6024838489320371,2031
007/076-mft-AL_50-ASPY65_50,94,0.6067841110300214,2031
007/076-mft-AL_50-ASPY65_50,95,0.5724446129794292,2031
007/076-mft-AL_50-ASPY65_50,96,0.6316308701740558,2031
007/076-mft-AL_50-ASPY65_50,97,0.46763923735546964,2031
007/076-mft-AL_50-ASPY65_50,98,0.6504311680209097,2031
007/076-mft-AL_50-ASPY65_50,99,0.6085544832826172,2031
007/077-mft-ASAQ_75-ASPY85_25,0,0.3931216496635083,2031
007/077-mft-ASAQ_75-ASPY85_25,1,0.41237752584710496,2031
007/077-mft-ASAQ_75-ASPY85_25,2,0.401747421812346,2031
007/077-mft-ASAQ_75-ASPY85_25,3,0.4083045029345152,2031
007/077-mft-ASAQ_75-ASPY85_25,4,0.39113516637041396,2031
007/077-mft-ASAQ_75-ASPY85_25,5,0.3507139380382249,2031
007/077-mft-ASAQ_75-ASPY85_25,6,0.382641065474385,2031
007/077-mft-ASAQ_75-ASPY85_25,7,0.4578122090075021,2031
007/077-mft-ASAQ_75-ASPY85_25,8,0.41174993807832355,2031
007/077-mft-ASAQ_75-ASPY85_25,9,0.38759452952096557,2031
007/077-mft-ASAQ_75-ASPY85_25,10,0.37298300071562746,2031
007/077-mft-ASAQ_75-ASPY85_25,11,0.3805272866347526,2031
007/077-mft-ASAQ_75-ASPY85_25,12,0.3683434823401048,2031
007/077-mft-ASAQ_75-ASPY85_25,13,0.4054587130575989,2031
007/077-mft-ASAQ_75-ASPY85_25,14,0.32317763742336303,2031
007/077-mft-ASAQ_75-ASPY85_25,15,0.48841652726595625,2031
007/077-mft-ASAQ_75-ASPY85_25,16,0.37220663731434844,2031
007/077-mft-ASAQ_75-ASPY85_25,17,0.4877736277436356,2031
007/077-mft-ASAQ_75-ASPY85_25,18,0.3834776121837362,2031
007/077-mft-ASAQ_75-ASPY85_25,19,0.40779407724540767,2031
007/077-mft-ASAQ_75-ASPY85_25,20,0.41832624016340986,2031
007/077-mft-ASAQ_75-ASPY85_25,21,0.42746933519903574,2031
007/077-mft-ASAQ_75-ASPY85_25,22,0.3307421291666342,2031
007/077-mft-ASAQ_75-ASPY85_25,23,0.3596495565260968,2031
007/077-mft-ASAQ_75-ASPY85_25,24,0.3134207847289954,2031
007/077-mft-ASAQ_75-ASPY85_25,25,0.3636953860068901,2031
007/077-mft-ASAQ_75-ASPY85_25,26,0.32045190575284427,2031
007/077-mft-ASAQ_75-ASPY85_25,27,0.4166563882318155,2031
007/077-mft-ASAQ_75-ASPY85_25,28,0.39086306583117447,2031
007/077-mft-ASAQ_75-ASPY85_25,29,0.3686744972431208,2031
007/077-mft-ASAQ_75-ASPY85_25,30,0.34520743725022096,2031
007/077-mft-ASAQ_75-ASPY85_25,31,0.3804779055366778,2031
007/077-mft-ASAQ_75-ASPY85_25,32,0.4636875395766795,2031
007/077-mft-ASAQ_75-ASPY85_25,33,0.45355238695429617,2031
007/077-mft-ASAQ_75-ASPY85_25,34,0.4401963553877905,2031
007/077-mft-ASAQ_75-ASPY85_25,35,0.3818879796569555,2031
007/077-mft-ASAQ_75-ASPY85_25,36,0.4539513614005715,2031
007/077-mft-ASAQ_75-ASPY85_25,37,0.3640845388020196,2031
007/077-mft-ASAQ_75-ASPY85_25,38,0.3167754232144658,2031
007/077-mft-ASAQ_75-ASPY85_25,39,0.4044574755035888,2031
007/077-mft-ASAQ_75-ASPY85_25,40,0.36493901135093704,2031
007/077-mft-ASAQ_75-ASPY85_25,41,0.35888982355197635,2031
007/077-mft-ASAQ_75-ASPY85_25,42,0.38230082569294344,2031
007/077-mft-ASAQ_75-ASPY85_25,43,0.3820571520842724,2031
007/077-mft-ASAQ_75-ASPY85_25,44,0.39437600513264,2031
007/077-mft-ASAQ_75-ASPY85_25,45,0.36524030805025953,2031
007/077-mft-ASAQ_75-ASPY85_25,46,0.40366474176038564,2031
007/077-mft-ASAQ_75-ASPY85_25,47,0.37306276185078596,2031
007/077-mft-ASAQ_75-ASPY85_25,48,0.344992228957826,2031
007/077-mft-ASAQ_75-ASPY85_25,49,0.3759595601584799,2031
007/077-mft-ASAQ_75-ASPY85_25,50,0.3743587000130579,2031
007/077-mft-ASAQ_75-ASPY85_25,51,0.50276718390412,2031
007/077-mft-ASAQ_75-ASPY85_25,52,0.38163021850266715,2031
007/077-mft-ASAQ_75-ASPY85_25,53,0.34084560048117324,2031
007/077-mft-ASAQ_75-ASPY85_25,54,0.35733037156023234,2031
007/077-mft-ASAQ_75-ASPY85_25,55,0.4036292056349633,2031
007/077-mft-ASAQ_75-ASPY85_25,56,0.3242773757404735,2031
007/077-mft-ASAQ_75-ASPY85_25,57,0.3561887320005943,2031
007/077-mft-ASAQ_75-ASPY85_25,58,0.43843820005199374,2031
007/077-mft-ASAQ_75-ASPY85_25,59,0.33921901504508206,2031
007/077-mft-ASAQ_75-ASPY85_25,60,0.4071022570941753,2031
007/077-mft-ASAQ_75-ASPY85_25,61,0.3819757267828334,2031
007/077-mft-ASAQ_75-ASPY85_25,62,0.2550941614387682,2031
007/077-mft-ASAQ_75-ASPY85_25,63,0.4021956635265643,2031
007/077-mft-ASAQ_75-ASPY85_25,64,0.34766975422078844,2031
007/077-mft-ASAQ_75-ASPY85_25,65,0.43949040354214314,2031
007/077-mft-ASAQ_75-ASPY85_25,66,0.3825040198717602,2031
007/077-mft-ASAQ_75-ASPY85_25,67,0.39100177048413537,2031
007/077-mft-ASAQ_75-ASPY85_25,68,0.3205273438779212,2031
007/077-mft-ASAQ_75-ASPY85_25,69,0.4365164266974349,2031
007/077-mft-ASAQ_75-ASPY85_25,70,0.4516342890074329,2031
007/077-mft-ASAQ_75-ASPY85_25,71,0.45537361907465135,2031
007/077-mft-ASAQ_75-ASPY85_25,72,0.33896054536073256,2031
007/077-mft-ASAQ_75-ASPY85_25,73,0.3815525064162854,2031
007/077-mft-ASAQ_75-ASPY85_25,74,0.5091764388462335,2031
007/077-mft-ASAQ_75-ASPY85_25,75,0.44747463326236075,2031
007/077-mft-ASAQ_75-ASPY85_25,76,0.367443205653013,2031
007/077-mft-ASAQ_75-ASPY85_25,77,0.2966415459159493,2031
007/077-mft-ASAQ_75-ASPY85_25,78,0.44375112539286565,2031
007/077-mft-ASAQ_75-ASPY85_25,79,0.43885263159300175,2031
007/077-mft-ASAQ_75-ASPY85_25,80,0.3594387122816444,2031
007/077-mft-ASAQ_75-ASPY85_25,81,0.42865869642499216,2031
007/077-mft-ASAQ_75-ASPY85_25,82,0.3292435734929446,2031
007/077-mft-ASAQ_75-ASPY85_25,83,0.43203309511167626,2031
007/077-mft-ASAQ_75-ASPY85_25,84,0.4046495519483872,2031
007/077-mft-ASAQ_75-ASPY85_25,85,0.34049351925957144,2031
007/077-mft-ASAQ_75-ASPY85_25,86,0.4146531021852058,2031
007/077-mft-ASAQ_75-ASPY85_25,87,0.38674174175770953,2031
007/077-mft-ASAQ_75-ASPY85_25,88,0.42878829864256923,2031
007/077-mft-ASAQ_75-ASPY85_25,89,0.33191470351446567,2031
007/077-mft-ASAQ_75-ASPY85_25,90,0.4238799137733484,2031
007/077-mft-ASAQ_75-ASPY85_25,91,0.42144555987748644,2031
007/077-mft-ASAQ_75-ASPY85_25,92,0.4345693064834147,2031
007/077-mft-ASAQ_75-ASPY85_25,93,0.3834819829243876,2031
007/077-mft-ASAQ_75-ASPY85_25,94,0.3963175484975914,2031
007/077-mft-ASAQ_75-ASPY85_25,95,0.4039840398237402,2031
007/077-mft-ASAQ_75-ASPY85_25,96,0.4289729663380329,2031
007/077-mft-ASAQ_75-ASPY85_25,97,0.35859316457504226,2031
007/077-mft-ASAQ_75-ASPY85_25,98,0.3855557806852948,2031
007/077-mft-ASAQ_75-ASPY85_25,99,0.3243134790716556,2031
007/078-mft-ASAQ_75-ASPY75_25,0,0.39208080002665785,2031
007/078-mft-ASAQ_75-ASPY75_25,1,0.3417682183423994,2031
007/078-mft-ASAQ_75-ASPY75_25,2,0.3159798484854388,2031
007/078-mft-ASAQ_75-ASPY75_25,3,0.4320549812467069,2031
007/078-mft-ASAQ_75-ASPY75_25,4,0.3842735761266911,2031
007/078-mft-ASAQ_75-ASPY75_25,5,0.3527639794817918,2031
007/078-mft-ASAQ_75-ASPY75_25,6,0.387363598707624,2031
007/078-mft-ASAQ_75-ASPY75_25,7,0.3056429486910014,2031
007/078-mft-ASAQ_75-ASPY75_25,8,0.46929036096325355,2031
007/078-mft-ASAQ_75-ASPY75_25,9,0.39159000999123866,2031
007/078-mft-ASAQ_75-ASPY75_25,10,0.38661802523594124,2031
007/078-mft-ASAQ_75-ASPY75_25,11,0.42224907648268784,2031
007/078-mft-ASAQ_75-ASPY75_25,12,0.47339694472244226,2031
007/078-mft-ASAQ_75-ASPY75_25,13,0.3406306929375478,2031
007/078-mft-ASAQ_75-ASPY75_25,14,0.4414992870614811,2031
007/078-mft-ASAQ_75-ASPY75_25,15,0.48797160765109865,2031
007/078-mft-ASAQ_75-ASPY75_25,16,0.32219903451305243,2031
007/078-mft-ASAQ_75-ASPY75_25,17,0.3154348384926643,2031
007/078-mft-ASAQ_75-ASPY75_25,18,0.40758590097246666,2031
007/078-mft-ASAQ_75-ASPY75_25,19,0.4028100712152884,2031
007/078-mft-ASAQ_75-ASPY75_25,20,0.41865199457436325,2031
007/078-mft-ASAQ_75-ASPY75_25,21,0.4041454728501417,2031
007/078-mft-ASAQ_75-ASPY75_25,22,0.3134953992922642,2031
007/078-mft-ASAQ_75-ASPY75_25,23,0.34015619063908553,2031
007/078-mft-ASAQ_75-ASPY75_25,24,0.3767284708433298,2031
007/078-mft-ASAQ_75-ASPY75_25,25,0.41891569449789917,2031
007/078-mft-ASAQ_75-ASPY75_25,26,0.4051041170470831,2031
007/078-mft-ASAQ_75-ASPY75_25,27,0.33841670864838164,2031
007/078-mft-ASAQ_75-ASPY75_25,28,0.34130102453880173,2031
007/078-mft-ASAQ_75-ASPY75_25,29,0.3804910519588433,2031
007/078-mft-ASAQ_75-ASPY75_25,30,0.44513076953393416,2031
007/078-mft-ASAQ_75-ASPY75_25,31,0.270957488724143,2031
007/078-mft-ASAQ_75-ASPY75_25,32,0.4677303843567338,2031
007/078-mft-ASAQ_75-ASPY75_25,33,0.4514244884994633,2031
007/078-mft-ASAQ_75-ASPY75_25,34,0.3836034390996061,2031
007/078-mft-ASAQ_75-ASPY75_25,35,0.36448215908742837,2031
007/078-mft-ASAQ_75-ASPY75_25,36,0.36090116184184834,2031
007/078-mft-ASAQ_75-ASPY75_25,37,0.4073946596743622,2031
007/078-mft-ASAQ_75-ASPY75_25,38,0.3220384248657473,2031
007/078-mft-ASAQ_75-ASPY75_25,39,0.4008222734561559,2031
007/078-mft-ASAQ_75-ASPY75_25,40,0.39438398509783973,2031
007/078-mft-ASAQ_75-ASPY75_25,41,0.41854413134379603,2031
007/078-mft-ASAQ_75-ASPY75_25,42,0.38153500422091846,2031
007/078-mft-ASAQ_75-ASPY75_25,43,0.46758552130745246,2031
007/078-mft-ASAQ_75-ASPY75_25,44,0.3295465920581492,2031
007/078-mft-ASAQ_75-ASPY75_25,45,0.3458657797617919,2031
007/078-mft-ASAQ_75-ASPY75_25,46,0.3712385313935092,2031
007/078-mft-ASAQ_75-ASPY75_25,47,0.38475538873426607,2031
007/078-mft-ASAQ_75-ASPY75_25,48,0.33903797199069347,2031
007/078-mft-ASAQ_75-ASPY75_25,49,0.47477077846119214,2031
007/078-mft-ASAQ_75-ASPY75_25,50,0.333142756532909,2031
007/078-mft-ASAQ_75-ASPY75_25,51,0.39559974091271527,2031
007/078-mft-ASAQ_75-ASPY75_25,52,0.381622652782785,2031
007/078-mft-ASAQ_75-ASPY75_25,53,0.34181331259433634,2031
007/078-mft-ASAQ_75-ASPY75_25,54,0.3202317324531468,2031
007/078-mft-ASAQ_75-ASPY75_25,55,0.4135515999892767,2031
007/078-mft-ASAQ_75-ASPY75_25,56,0.33902724839191806,2031
007/078-mft-ASAQ_75-ASPY75_25,57,0.4392154082590695,2031
007/078-mft-ASAQ_75-ASPY75_25,58,0.3778130152815488,2031
007/078-mft-ASAQ_75-ASPY75_25,59,0.3682949833913103,2031
007/078-mft-ASAQ_75-ASPY75_25,60,0.29943535833594787,2031
007/078-mft-ASAQ_75-ASPY75_25,61,0.34206809857622034,2031
007/078-mft-ASAQ_75-ASPY75_25,62,0.37041457093463476,2031
007/078-mft-ASAQ_75-ASPY75_25,63,0.34154551876245715,2031
007/078-mft-ASAQ_75-ASPY75_25,64,0.40289687588688533,2031
007/078-mft-ASAQ_75-ASPY75_25,65,0.4722199949297179,2031
007/078-mft-ASAQ_75-ASPY75_25,66,0.3668074323162371,2031
007/078-mft-ASAQ_75-ASPY75_25,67,0.3895454920103918,2031
007/078-mft-ASAQ_75-ASPY75_25,68,0.33220401786092174,2031
007/078-mft-ASAQ_75-ASPY75_25,69,0.39011274042760546,2031
007/078-mft-ASAQ_75-ASPY75_25,70,0.46205285031201354,2031
007/078-mft-ASAQ_75-ASPY75_25,71,0.38927144383837015,2031
007/078-mft-ASAQ_75-ASPY75_25,72,0.37975443592866265,2031
007/078-mft-ASAQ_75-ASPY75_25,73,0.4020944516808413,2031
007/078-mft-ASAQ_75-ASPY75_25,74,0.3413119597495589,2031
007/078-mft-ASAQ_75-ASPY75_25,75,0.40025381861980197,2031
007/078-mft-ASAQ_75-ASPY75_25,76,0.37109363286161084,2031
007/078-mft-ASAQ_75-ASPY75_25,77,0.40397126203807726,2031
007/078-mft-ASAQ_75-ASPY75_25,78,0.43164600881487863,2031
007/078-mft-ASAQ_75-ASPY75_25,79,0.3150573677941,2031
007/078-mft-ASAQ_75-ASPY75_25,80,0.43640746101389366,2031
007/078-mft-ASAQ_75-ASPY75_25,81,0.37303289857520877,2031
007/078-mft-ASAQ_75-ASPY75_25,82,0.4639706101909491,2031
007/078-mft-ASAQ_75-ASPY75_25,83,0.3804403231003883,2031
007/078-mft-ASAQ_75-ASPY75_25,84,0.4039768022342523,2031
007/078-mft-ASAQ_75-ASPY75_25,85,0.3729939851570138,2031
007/078-mft-ASAQ_75-ASPY75_25,86,0.39008649212686497,2031
007/078-mft-ASAQ_75-ASPY75_25,87,0.30184743334206054,2031
007/078-mft-ASAQ_75-ASPY75_25,88,0.35937975361057645,2031
007/078-mft-ASAQ_75-ASPY75_25,89,0.382221483182753,2031
007/078-mft-ASAQ_75-ASPY75_25,90,0.4123117014746389,2031
007/078-mft-ASAQ_75-ASPY75_25,91,0.4577752596643021,2031
007/078-mft-ASAQ_75-ASPY75_25,92,0.38752446113124234,2031
007/078-mft-ASAQ_75-ASPY75_25,93,0.46478683475849375,2031
007/078-mft-ASAQ_75-ASPY75_25,94,0.3883576794328352,2031
007/078-mft-ASAQ_75-ASPY75_25,95,0.31219529355359465,2031
007/078-mft-ASAQ_75-ASPY75_25,96,0.3013178370675886,2031
007/078-mft-ASAQ_75-ASPY75_25,97,0.4350459116135424,2031
007/078-mft-ASAQ_75-ASPY75_25,98,0.29241407191950725,2031
007/078-mft-ASAQ_75-ASPY75_25,99,0.378014135705048,2031
007/079-mft-ASAQ_75-ASPY65_25,0,0.41624775220871446,2031
007/079-mft-ASAQ_75-ASPY65_25,1,0.31751213304292997,2031
007/079-mft-ASAQ_75-ASPY65_25,2,0.3925098864556371,2031
007/079-mft-ASAQ_75-ASPY65_25,3,0.3806085511847857,2031
007/079-mft-ASAQ_75-ASPY65_25,4,0.38580031816000115,2031
007/079-mft-ASAQ_75-ASPY65_25,5,0.40196958870590355,2031
007/079-mft-ASAQ_75-ASPY65_25,6,0.5157183604768661,2031
007/079-mft-ASAQ_75-ASPY65_25,7,0.4290190577437567,2031
007/079-mft-ASAQ_75-ASPY65_25,8,0.4567613990906296,2031
007/079-mft-ASAQ_75-ASPY65_25,9,0.3752876155859351,2031
007/079-mft-ASAQ_75-ASPY65_25,10,0.439587058890498,2031
007/079-mft-ASAQ_75-ASPY65_25,11,0.3776681107622642,2031
007/079-mft-ASAQ_75-ASPY65_25,12,0.4264632016916332,2031
007/079-mft-ASAQ_75-ASPY65_25,13,0.3638528214649602,2031
007/079-mft-ASAQ_75-ASPY65_25,14,0.35647496899741665,2031
007/079-mft-ASAQ_75-ASPY65_25,15,0.37507492603473414,2031
007/079-mft-ASAQ_75-ASPY65_25,16,0.4093799956679489,2031
007/079-mft-ASAQ_75-ASPY65_25,17,0.3798988720647156,2031
007/079-mft-ASAQ_75-ASPY65_25,18,0.4182366360479084,2031
007/079-mft-ASAQ_75-ASPY65_25,19,0.4727595499342809,2031
007/079-mft-ASAQ_75-ASPY65_25,20,0.39728424492362846,2031
007/079-mft-ASAQ_75-ASPY65_25,21,0.37844600198331735,2031
007/079-mft-ASAQ_75-ASPY65_25,22,0.3412252983979693,2031
007/079-mft-ASAQ_75-ASPY65_25,23,0.3238373640562084,2031
007/079-mft-ASAQ_75-ASPY65_25,24,0.3846592428217976,2031
007/079-mft-ASAQ_75-ASPY65_25,25,0.44051988561653577,2031
007/079-mft-ASAQ_75-ASPY65_25,26,0.33945816343694607,2031
007/079-mft-ASAQ_75-ASPY65_25,27,0.4916784389339795,2031
007/079-mft-ASAQ_75-ASPY65_25,28,0.31197292580666414,2031
007/079-mft-ASAQ_75-ASPY65_25,29,0.4663513243692406,2031
007/079-mft-ASAQ_75-ASPY65_25,30,0.444108568559004,2031
007/079-mft-ASAQ_75-ASPY65_25,31,0.4628839113318965,2031
007/079-mft-ASAQ_75-ASPY65_25,32,0.3132191508299524,2031
007/079-mft-ASAQ_75-ASPY65_25,33,0.44931603112139934,2031
007/079-mft-ASAQ_75-ASPY65_25,34,0.3618093863982772,2031
007/079-mft-ASAQ_75-ASPY65_25,35,0.2839241306042574,2031
007/079-mft-ASAQ_75-ASPY65_25,36,0.4820172400133888,2031
007/079-mft-ASAQ_75-ASPY65_25,37,0.41075501734057385,2031
007/079-mft-ASAQ_75-ASPY65_25,38,0.4579650908657513,2031
007/079-mft-ASAQ_75-ASPY65_25,39,0.41022687729332147,2031
007/079-mft-ASAQ_75-ASPY65_25,40,0.4672080326234473,2031
007/079-mft-ASAQ_75-ASPY65_25,41,0.38075598666760246,2031
007/079-mft-ASAQ_75-ASPY65_25,42,0.3214829303812799,2031
007/079-mft-ASAQ_75-ASPY65_25,43,0.44693041260113126,2031
007/079-mft-ASAQ_75-ASPY65_25,44,0.37198429857915977,2031
007/079-mft-ASAQ_75-ASPY65_25,45,0.45049821586107397,2031
007/079-mft-ASAQ_75-ASPY65_25,46,0.3510799181260178,2031
007/079-mft-ASAQ_75-ASPY65_25,47,0.45370851829529496,2031
007/079-mft-ASAQ_75-ASPY65_25,48,0.3881599785767307,2031
007/079-mft-ASAQ_75-ASPY65_25,49,0.41356202407773784,2031
007/079-mft-ASAQ_75-ASPY65_25,50,0.3816837346465079,2031
007/079-mft-ASAQ_75-ASPY65_25,51,0.4127159498316278,2031
007/079-mft-ASAQ_75-ASPY65_25,52,0.37317821821358493,2031
007/079-mft-ASAQ_75-ASPY65_25,53,0.4170237698916474,2031
007/079-mft-ASAQ_75-ASPY65_25,54,0.4772033930711351,2031
007/079-mft-ASAQ_75-ASPY65_25,55,0.35378146195985033,2031
007/079-mft-ASAQ_75-ASPY65_25,56,0.3845134584679039,2031
007/079-mft-ASAQ_75-ASPY65_25,57,0.45128173970226904,2031
007/079-mft-ASAQ_75-ASPY65_25,58,0.4624431042476158,2031
007/079-mft-ASAQ_75-ASPY65_25,59,0.35841530020684154,2031
007/079-mft-ASAQ_75-ASPY65_25,60,0.4253555039549161,2031
007/079-mft-ASAQ_75-ASPY65_25,61,0.3877604734539571,2031
007/079-mft-ASAQ_75-ASPY65_25,62,0.33827922093635426,2031
007/079-mft-ASAQ_75-ASPY65_25,63,0.4090778465785303,2031
007/079-mft-ASAQ_75-ASPY65_25,64,0.337699521766119,2031
007/079-mft-ASAQ_75-ASPY65_25,65,0.33292893788144995,2031
007/079-mft-ASAQ_75-ASPY65_25,66,0.35396792235363955,2031
007/079-mft-ASAQ_75-ASPY65_25,67,0.41820658911512254,2031
007/079-mft-ASAQ_75-ASPY65_25,68,0.42816761793294406,2031
007/079-mft-ASAQ_75-ASPY65_25,69,0.4124620035227528,2031
007/079-mft-ASAQ_75-ASPY65_25,70,0.4555695537159246,2031
007/079-mft-ASAQ_75-ASPY65_25,71,0.4760445127178315,2031
007/079-mft-ASAQ_75-ASPY65_25,72,0.3688058779667786,2031
007/079-mft-ASAQ_75-ASPY65_25,73,0.35705551148235654,2031
007/079-mft-ASAQ_75-ASPY65_25,74,0.4136094039236568,2031
007/079-mft-ASAQ_75-ASPY65_25,75,0.38218734134627663,2031
007/079-mft-ASAQ_75-ASPY65_25,76,0.40350583711927746,2031
007/079-mft-ASAQ_75-ASPY65_25,77,0.44067331277245486,2031
007/079-mft-ASAQ_75-ASPY65_25,78,0.40300984112728205,2031
007/079-mft-ASAQ_75-ASPY65_25,79,0.41250603442705763,2031
007/079-mft-ASAQ_75-ASPY65_25,80,0.39942032347464057,2031
007/079-mft-ASAQ_75-ASPY65_25,81,0.4288094426769207,2031
007/079-mft-ASAQ_75-ASPY65_25,82,0.3857574908154405,2031
007/079-mft-ASAQ_75-ASPY65_25,83,0.41213361426730905,2031
007/079-mft-ASAQ_75-ASPY65_25,84,0.3999158875312568,2031
007/079-mft-ASAQ_75-ASPY65_25,85,0.41281057622379674,2031
007/079-mft-ASAQ_75-ASPY65_25,86,0.3417675262742071,2031
007/079-mft-ASAQ_75-ASPY65_25,87,0.4952744007180287,2031
007/079-mft-ASAQ_75-ASPY65_25,88,0.403374677696513,2031
007/079-mft-ASAQ_75-ASPY65_25,89,0.420936299719389,2031
007/079-mft-ASAQ_75-ASPY65_25,90,0.5960341402049579,2031
007/079-mft-ASAQ_75-ASPY65_25,91,0.46193940580644116,2031
007/079-mft-ASAQ_75-ASPY65_25,92,0.40365354296316647,2031
007/079-mft-ASAQ_75-ASPY65_25,93,0.3595776018545453,2031
007/079-mft-ASAQ_75-ASPY65_25,94,0.43588669390851104,2031
007/079-mft-ASAQ_75-ASPY65_25,95,0.4603519669932865,2031
007/079-mft-ASAQ_75-ASPY65_25,96,0.4380350304355715,2031
007/079-mft-ASAQ_75-ASPY65_25,97,0.4564420814019907,2031
007/079-mft-ASAQ_75-ASPY65_25,98,0.3696947284886649,2031
007/079-mft-ASAQ_75-ASPY65_25,99,0.4296010396145586,2031
007/080-mft-ASAQ_50-ASPY85_50,0,0.46404520879199046,2031
007/080-mft-ASAQ_50-ASPY85_50,1,0.4099069052331931,2031
007/080-mft-ASAQ_50-ASPY85_50,2,0.4574389772561635,2031
007/080-mft-ASAQ_50-ASPY85_50,3,0.47070429901959226,2031
007/080-mft-ASAQ_50-ASPY85_50,4,0.39127070558983407,2031
007/080-mft-ASAQ_50-ASPY85_50,5,0.3995266415524616,2031
007/080-mft-ASAQ_50-ASPY85_50,6,0.3955584105490871,2031
007/080-mft-ASAQ_50-ASPY85_50,7,0.43929052154781467,2031
007/080-mft-ASAQ_50-ASPY85_50,8,0.4032857541810569,2031
007/080-mft-ASAQ_50-ASPY85_50,9,0.4678930251685751,2031
007/080-mft-ASAQ_50-ASPY85_50,10,0.4269462593487999,2031
007/080-mft-ASAQ_50-ASPY85_50,11,0.3468569345196739,2031
007/080-mft-ASAQ_50-ASPY85_50,12,0.38480173092036324,2031
007/080-mft-ASAQ_50-ASPY85_50,13,0.3999181055932857,2031
007/080-mft-ASAQ_50-ASPY85_50,14,0.3961945379284222,2031
007/080-mft-ASAQ_50-ASPY85_50,15,0.3249616456012412,2031
007/080-mft-ASAQ_50-ASPY85_50,16,0.4596013225198526,2031
007/080-mft-ASAQ_50-ASPY85_50,17,0.39509425894025524,2031
007/080-mft-ASAQ_50-ASPY85_50,18,0.457918801747822,2031
007/080-mft-ASAQ_50-ASPY85_50,19,0.43714935805755695,2031
007/080-mft-ASAQ_50-ASPY85_50,20,0.4093458355259245,2031
007/080-mft-ASAQ_50-ASPY85_50,21,0.3859114897691714,2031
007/080-mft-ASAQ_50-ASPY85_50,22,0.46021654870921763,2031
007/080-mft-ASAQ_50-ASPY85_50,23,0.3931334534786192,2031
007/080-mft-ASAQ_50-ASPY85_50,24,0.45019586396091893,2031
007/080-mft-ASAQ_50-ASPY85_50,25,0.3443397693976575,2031
007/080-mft-ASAQ_50-ASPY85_50,26,0.36560815043267286,2031
007/080-mft-ASAQ_50-ASPY85_50,27,0.4470267378315782,2031
007/080-mft-ASAQ_50-ASPY85_50,28,0.3948096936483732,2031
007/080-mft-ASAQ_50-ASPY85_50,29,0.44328400040968424,2031
007/080-mft-ASAQ_50-ASPY85_50,30,0.3818193455738352,2031
007/080-mft-ASAQ_50-ASPY85_50,31,0.3984301130655268,2031
007/080-mft-ASAQ_50-ASPY85_50,32,0.32209999360853586,2031
007/080-mft-ASAQ_50-ASPY85_50,33,0.3877400141191782,2031
007/080-mft-ASAQ_50-ASPY85_50,34,0.393456860403352,2031
007/080-mft-ASAQ_50-ASPY85_50,35,0.40121775043816493,2031
007/080-mft-ASAQ_50-ASPY85_50,36,0.3818164145789289,2031
007/080-mft-ASAQ_50-ASPY85_50,37,0.4490147688615753,2031
007/080-mft-ASAQ_50-ASPY85_50,38,0.3999282264934934,2031
007/080-mft-ASAQ_50-ASPY85_50,39,0.39474054598025793,2031
007/080-mft-ASAQ_50-ASPY85_50,40,0.4018869892385151,2031
007/080-mft-ASAQ_50-ASPY85_50,41,0.3996164629684828,2031
007/080-mft-ASAQ_50-ASPY85_50,42,0.4506208312580397,2031
007/080-mft-ASAQ_50-ASPY85_50,43,0.3976621974117725,2031
007/080-mft-ASAQ_50-ASPY85_50,44,0.48968543458673475,2031
007/080-mft-ASAQ_50-ASPY85_50,45,0.4275181796269361,2031
007/080-mft-ASAQ_50-ASPY85_50,46,0.4695841208476719,2031
007/080-mft-ASAQ_50-ASPY85_50,47,0.3626077774902543,2031
007/080-mft-ASAQ_50-ASPY85_50,48,0.3311194994176598,2031
007/080-mft-ASAQ_50-ASPY85_50,49,0.33224753664244205,2031
007/080-mft-ASAQ_50-ASPY85_50,50,0.4690553492031871,2031
007/080-mft-ASAQ_50-ASPY85_50,51,0.3772982842027209,2031
007/080-mft-ASAQ_50-ASPY85_50,52,0.32780089814056407,2031
007/080-mft-ASAQ_50-ASPY85_50,53,0.40742998075352577,2031
007/080-mft-ASAQ_50-ASPY85_50,54,0.4406545676664337,2031
007/080-mft-ASAQ_50-ASPY85_50,55,0.3656442864328366,2031
007/080-mft-ASAQ_50-ASPY85_50,56,0.4571183313713769,2031
007/080-mft-ASAQ_50-ASPY85_50,57,0.4102233650684137,2031
007/080-mft-ASAQ_50-ASPY85_50,58,0.32965904268200036,2031
007/080-mft-ASAQ_50-ASPY85_50,59,0.450122734789881,2031
007/080-mft-ASAQ_50-ASPY85_50,60,0.32669035295534193,2031
007/080-mft-ASAQ_50-ASPY85_50,61,0.45735966841038467,2031
007/080-mft-ASAQ_50-ASPY85_50,62,0.38368424143840857,2031
007/080-mft-ASAQ_50-ASPY85_50,63,0.44471767125709505,2031
007/080-mft-ASAQ_50-ASPY85_50,64,0.3593509961638825,2031
007/080-mft-ASAQ_50-ASPY85_50,65,0.41899886999938585,2031
007/080-mft-ASAQ_50-ASPY85_50,66,0.4131183196016182,2031
007/080-mft-ASAQ_50-ASPY85_50,67,0.4490394587266519,2031
007/080-mft-ASAQ_50-ASPY85_50,68,0.46601480639550275,2031
007/080-mft-ASAQ_50-ASPY85_50,69,0.416994110637157,2031
007/080-mft-ASAQ_50-ASPY85_50,70,0.4267522965779897,2031
007/080-mft-ASAQ_50-ASPY85_50,71,0.39169690728236656,2031
007/080-mft-ASAQ_50-ASPY85_50,72,0.467716591443522,2031
007/080-mft-ASAQ_50-ASPY85_50,73,0.38094712440588413,2031
007/080-mft-ASAQ_50-ASPY85_50,74,0.353289402639497,2031
007/080-mft-ASAQ_50-ASPY85_50,75,0.3899896177215158,2031
007/080-mft-ASAQ_50-ASPY85_50,76,0.37517525645386635,2031
007/080-mft-ASAQ_50-ASPY85_50,77,0.3245411054942447,2031
007/080-mft-ASAQ_50-ASPY85_50,78,0.3092328272269345,2031
007/080-mft-ASAQ_50-ASPY85_50,79,0.3371688023093085,2031
007/080-mft-ASAQ_50-ASPY85_50,80,0.3374205029327019,2031
007/080-mft-ASAQ_50-ASPY85_50,81,0.4767794850812534,2031
007/080-mft-ASAQ_50-ASPY85_50,82,0.32440009427016836,2031
007/080-mft-ASAQ_50-ASPY85_50,83,0.41462001565962386,2031
007/080-mft-ASAQ_50-ASPY85_50,84,0.3387729245818008,2031
007/080-mft-ASAQ_50-ASPY85_50,85,0.32942813636378593,2031
007/080-mft-ASAQ_50-ASPY85_50,86,0.36908977628244344,2031
007/080-mft-ASAQ_50-ASPY85_50,87,0.37155549877618976,2031
007/080-mft-ASAQ_50-ASPY85_50,88,0.2526151140190463,2031
007/080-mft-ASAQ_50-ASPY85_50,89,0.4310525046629512,2031
007/080-mft-ASAQ_50-ASPY85_50,90,0.36072346922980897,2031
007/080-mft-ASAQ_50-ASPY85_50,91,0.4133182366234034,2031
007/080-mft-ASAQ_50-ASPY85_50,92,0.4202164137688808,2031
007/080-mft-ASAQ_50-ASPY85_50,93,0.39388823679373125,2031
007/080-mft-ASAQ_50-ASPY85_50,94,0.43731580988535,2031
007/080-mft-ASAQ_50-ASPY85_50,95,0.34663282637282933,2031
007/080-mft-ASAQ_50-ASPY85_50,96,0.3446495136545769,2031
007/080-mft-ASAQ_50-ASPY85_50,97,0.48634848099111294,2031
007/080-mft-ASAQ_50-ASPY85_50,98,0.3393948693887281,2031
007/080-mft-ASAQ_50-ASPY85_50,99,0.40512657175757355,2031
007/081-mft-ASAQ_50-ASPY75_50,0,0.3500552883705807,2031
007/081-mft-ASAQ_50-ASPY75_50,1,0.3622843074099135,2031
007/081-mft-ASAQ_50-ASPY75_50,2,0.3438266354659858,2031
007/081-mft-ASAQ_50-ASPY75_50,3,0.5340665565885144,2031
007/081-mft-ASAQ_50-ASPY75_50,4,0.42624316463652584,2031
007/081-mft-ASAQ_50-ASPY75_50,5,0.34986802870883743,2031
007/081-mft-ASAQ_50-ASPY75_50,6,0.40172205083475254,2031
007/081-mft-ASAQ_50-ASPY75_50,7,0.43551162444585384,2031
007/081-mft-ASAQ_50-ASPY75_50,8,0.3910521960568685,2031
007/081-mft-ASAQ_50-ASPY75_50,9,0.43461625032704404,2031
007/081-mft-ASAQ_50-ASPY75_50,10,0.42422905856641213,2031
007/081-mft-ASAQ_50-ASPY75_50,11,0.36239696202955796,2031
007/081-mft-ASAQ_50-ASPY75_50,12,0.40352198999334904,2031
007/081-mft-ASAQ_50-ASPY75_50,13,0.40306988856138865,2031
007/081-mft-ASAQ_50-ASPY75_50,14,0.3347512649685182,2031
007/081-mft-ASAQ_50-ASPY75_50,15,0.4212768611976339,2031
007/081-mft-ASAQ_50-ASPY75_50,16,0.3794790792768956,2031
007/081-mft-ASAQ_50-ASPY75_50,17,0.4167789418643297,2031
007/081-mft-ASAQ_50-ASPY75_50,18,0.3489330447692561,2031
007/081-mft-ASAQ_50-ASPY75_50,19,0.44291505610966725,2031
007/081-mft-ASAQ_50-ASPY75_50,20,0.41417680966679055,2031
007/081-mft-ASAQ_50-ASPY75_50,21,0.4288586667938534,2031
007/081-mft-ASAQ_50-ASPY75_50,22,0.37397377613283916,2031
007/081-mft-ASAQ_50-ASPY75_50,23,0.3666211080435871,2031
007/081-mft-ASAQ_50-ASPY75_50,24,0.4277334859254803,2031
007/081-mft-ASAQ_50-ASPY75_50,25,0.39017681872809606,2031
007/081-mft-ASAQ_50-ASPY75_50,26,0.3879603221996104,2031
007/081-mft-ASAQ_50-ASPY75_50,27,0.4097997925027869,2031
007/081-mft-ASAQ_50-ASPY75_50,28,0.42296104560667275,2031
007/081-mft-ASAQ_50-ASPY75_50,29,0.3646506847264439,2031
007/081-mft-ASAQ_50-ASPY75_50,30,0.5074710632641791,2031
007/081-mft-ASAQ_50-ASPY75_50,31,0.3975307381753359,2031
007/081-mft-ASAQ_50-ASPY75_50,32,0.5373259419737223,2031
007/081-mft-ASAQ_50-ASPY75_50,33,0.3935638542668327,2031
007/081-mft-ASAQ_50-ASPY75_50,34,0.46706594002736734,2031
007/081-mft-ASAQ_50-ASPY75_50,35,0.4613064000381148,2031
007/081-mft-ASAQ_50-ASPY75_50,36,0.420001809735486,2031
007/081-mft-ASAQ_50-ASPY75_50,37,0.3623382709407674,2031
007/081-mft-ASAQ_50-ASPY75_50,38,0.3237443413403915,2031
007/081-mft-ASAQ_50-ASPY75_50,39,0.363888946363947,2031
007/081-mft-ASAQ_50-ASPY75_50,40,0.4049234373561234,2031
007/081-mft-ASAQ_50-ASPY75_50,41,0.41195922022248216,2031
007/081-mft-ASAQ_50-ASPY75_50,42,0.41211169228044847,2031
007/081-mft-ASAQ_50-ASPY75_50,43,0.3345134953513041,2031
007/081-mft-ASAQ_50-ASPY75_50,44,0.30427302200780854,2031
007/081-mft-ASAQ_50-ASPY75_50,45,0.43376680982609717,2031
007/081-mft-ASAQ_50-ASPY75_50,46,0.3763874644500412,2031
007/081-mft-ASAQ_50-ASPY75_50,47,0.36354480649917115,2031
007/081-mft-ASAQ_50-ASPY75_50,48,0.3718491864157438,2031
007/081-mft-ASAQ_50-ASPY75_50,49,0.34013996596480883,2031
007/081-mft-ASAQ_50-ASPY75_50,50,0.3402972155363715,2031
007/081-mft-ASAQ_50-ASPY75_50,51,0.42488503837213293,2031
007/081-mft-ASAQ_50-ASPY75_50,52,0.4082011388663183,2031
007/081-mft-ASAQ_50-ASPY75_50,53,0.4570679924154211,2031
007/081-mft-ASAQ_50-ASPY75_50,54,0.34554110651401043,2031
007/081-mft-ASAQ_50-ASPY75_50,55,0.4718245097412012,2031
007/081-mft-ASAQ_50-ASPY75_50,56,0.4017873190691399,2031
007/081-mft-ASAQ_50-ASPY75_50,57,0.4160619999559679,2031
007/081-mft-ASAQ_50-ASPY75_50,58,0.5045396907612976,2031
007/081-mft-ASAQ_50-ASPY75_50,59,0.4378670326833893,2031
007/081-mft-ASAQ_50-ASPY75_50,60,0.35197122976200984,2031
007/081-mft-ASAQ_50-ASPY75_50,61,0.4368868094794675,2031
007/081-mft-ASAQ_50-ASPY75_50,62,0.34790849600779694,2031
007/081-mft-ASAQ_50-ASPY75_50,63,0.3657690548756727,2031
007/081-mft-ASAQ_50-ASPY75_50,64,0.3611132963859432,2031
007/081-mft-ASAQ_50-ASPY75_50,65,0.42992729923598977,2031
007/081-mft-ASAQ_50-ASPY75_50,66,0.3774556749635629,2031
007/081-mft-ASAQ_50-ASPY75_50,67,0.4076142438104851,2031
007/081-mft-ASAQ_50-ASPY75_50,68,0.4022919883257243,2031
007/081-mft-ASAQ_50-ASPY75_50,69,0.42367832946649187,2031
007/081-mft-ASAQ_50-ASPY75_50,70,0.41679959195757427,2031
007/081-mft-ASAQ_50-ASPY75_50,71,0.3908110760182793,2031
007/081-mft-ASAQ_50-ASPY75_50,72,0.4380368188398238,2031
007/081-mft-ASAQ_50-ASPY75_50,73,0.37718677782041937,2031
007/081-mft-ASAQ_50-ASPY75_50,74,0.4117127859617975,2031
007/081-mft-ASAQ_50-ASPY75_50,75,0.43177640486921165,2031
007/081-mft-ASAQ_50-ASPY75_50,76,0.3492711303301461,2031
007/081-mft-ASAQ_50-ASPY75_50,77,0.35877114416795325,2031
007/081-mft-ASAQ_50-ASPY75_50,78,0.37133960186860615,2031
007/081-mft-ASAQ_50-ASPY75_50,79,0.41065042586487815,2031
007/081-mft-ASAQ_50-ASPY75_50,80,0.29494024824787385,2031
007/081-mft-ASAQ_50-ASPY75_50,81,0.5169623407519292,2031
007/081-mft-ASAQ_50-ASPY75_50,82,0.38831218721200383,2031
007/081-mft-ASAQ_50-ASPY75_50,83,0.3969245957437399,2031
007/081-mft-ASAQ_50-ASPY75_50,84,0.36539325663256966,2031
007/081-mft-ASAQ_50-ASPY75_50,85,0.43913213394892386,2031
007/081-mft-ASAQ_50-ASPY75_50,86,0.384540886646898,2031
007/081-mft-ASAQ_50-ASPY75_50,87,0.42926695446132795,2031
007/081-mft-ASAQ_50-ASPY75_50,88,0.40191970692652274,2031
007/081-mft-ASAQ_50-ASPY75_50,89,0.34727649102489927,2031
007/081-mft-ASAQ_50-ASPY75_50,90,0.46526247191781,2031
007/081-mft-ASAQ_50-ASPY75_50,91,0.3842355012310852,2031
007/081-mft-ASAQ_50-ASPY75_50,92,0.42521580719458935,2031
007/081-mft-ASAQ_50-ASPY75_50,93,0.37377879508836026,2031
007/081-mft-ASAQ_50-ASPY75_50,94,0.37328105223986663,2031
007/081-mft-ASAQ_50-ASPY75_50,95,0.41844301792484,2031
007/081-mft-ASAQ_50-ASPY75_50,96,0.3690082159069161,2031
007/081-mft-ASAQ_50-ASPY75_50,97,0.441866142337028,2031
007/081-mft-ASAQ_50-ASPY75_50,98,0.37801181024279423,2031
007/081-mft-ASAQ_50-ASPY75_50,99,0.3800223539345911,2031
007/082-mft-ASAQ_50-ASPY65_50,0,0.31924340781290206,2031
007/082-mft-ASAQ_50-ASPY65_50,1,0.4022083888364681,2031
007/082-mft-ASAQ_50-ASPY65_50,2,0.40695899530272533,2031
007/082-mft-ASAQ_50-ASPY65_50,3,0.40477752727084626,2031
007/082-mft-ASAQ_50-ASPY65_50,4,0.3677885836718846,2031
007/082-mft-ASAQ_50-ASPY65_50,5,0.4729547347895189,2031
007/082-mft-ASAQ_50-ASPY65_50,6,0.41466718879037684,2031
007/082-mft-ASAQ_50-ASPY65_50,7,0.4948087512174915,2031
007/082-mft-ASAQ_50-ASPY65_50,8,0.40628901551560864,2031
007/082-mft-ASAQ_50-ASPY65_50,9,0.47277618468600496,2031
007/082-mft-ASAQ_50-ASPY65_50,10,0.5204309638853651,2031
007/082-mft-ASAQ_50-ASPY65_50,11,0.3601972976736529,2031
007/082-mft-ASAQ_50-ASPY65_50,12,0.4449739462937618,2031
007/082-mft-ASAQ_50-ASPY65_50,13,0.5130660710825686,2031
007/082-mft-ASAQ_50-ASPY65_50,14,0.38484527321481804,2031
007/082-mft-ASAQ_50-ASPY65_50,15,0.4216121957103405,2031
007/082-mft-ASAQ_50-ASPY65_50,16,0.4243037107059253,2031
007/082-mft-ASAQ_50-ASPY65_50,17,0.3899236356368499,2031
007/082-mft-ASAQ_50-ASPY65_50,18,0.36783157715720366,2031
007/082-mft-ASAQ_50-ASPY65_50,19,0.43016298452074614,2031
007/082-mft-ASAQ_50-ASPY65_50,20,0.4047084471774364,2031
007/082-mft-ASAQ_50-ASPY65_50,21,0.3912746831943205,2031
007/082-mft-ASAQ_50-ASPY65_50,22,0.4434202145553918,2031
007/082-mft-ASAQ_50-ASPY65_50,23,0.434618535043057,2031
007/082-mft-ASAQ_50-ASPY65_50,24,0.4424061499632143,2031
007/082-mft-ASAQ_50-ASPY65_50,25,0.43463225891019186,2031
007/082-mft-ASAQ_50-ASPY65_50,26,0.35902964016654626,2031
007/082-mft-ASAQ_50-ASPY65_50,27,0.3939599618488308,2031
007/082-mft-ASAQ_50-ASPY65_50,28,0.4589084062711665,2031
007/082-mft-ASAQ_50-ASPY65_50,29,0.4173010096064467,2031
007/082-mft-ASAQ_50-ASPY65_50,30,0.5114352925226301,2031
007/082-mft-ASAQ_50-ASPY65_50,31,0.42353148321176554,2031
007/082-mft-ASAQ_50-ASPY65_50,32,0.5088956963811857,2031
007/082-mft-ASAQ_50-ASPY65_50,33,0.366089092165694,2031
007/082-mft-ASAQ_50-ASPY65_50,34,0.4362838819908977,2031
007/082-mft-ASAQ_50-ASPY65_50,35,0.40885814649598246,2031
007/082-mft-ASAQ_50-ASPY65_50,36,0.4051653310670675,2031
007/082-mft-ASAQ_50-ASPY65_50,37,0.4323017657041029,2031
007/082-mft-ASAQ_50-ASPY65_50,38,0.36902725001711206,2031
007/082-mft-ASAQ_50-ASPY65_50,39,0.4814074582027354,2031
007/082-mft-ASAQ_50-ASPY65_50,40,0.3874438117354669,2031
007/082-mft-ASAQ_50-ASPY65_50,41,0.3775337729741964,2031
007/082-mft-ASAQ_50-ASPY65_50,42,0.43674757415244647,2031
007/082-mft-ASAQ_50-ASPY65_50,43,0.3833582232673003,2031
007/082-mft-ASAQ_50-ASPY65_50,44,0.39479057674568924,2031
007/082-mft-ASAQ_50-ASPY65_50,45,0.4531366328294601,2031
007/082-mft-ASAQ_50-ASPY65_50,46,0.43291520084771307,2031
007/082-mft-ASAQ_50-ASPY65_50,47,0.4021867982412148,2031
007/082-mft-ASAQ_50-ASPY65_50,48,0.416099150062106,2031
007/082-mft-ASAQ_50-ASPY65_50,49,0.4121858649314807,2031
007/082-mft-ASAQ_50-ASPY65_50,50,0.46978815900608306,2031
007/082-mft-ASAQ_50-ASPY65_50,51,0.4757087758647703,2031
007/082-mft-ASAQ_50-ASPY65_50,52,0.45474403352685333,2031
007/082-mft-ASAQ_50-ASPY65_50,53,0.5141301232514873,2031
007/082-mft-ASAQ_50-ASPY65_50,54,0.40613968193086597,2031
007/082-mft-ASAQ_50-ASPY65_50,55,0.41612851018870695,2031
007/082-mft-ASAQ_50-ASPY65_50,56,0.3120234099941602,2031
007/082-mft-ASAQ_50-ASPY65_50,57,0.459066422541651,2031
007/082-mft-ASAQ_50-ASPY65_50,58,0.4013650017962616,2031
007/082-mft-ASAQ_50-ASPY65_50,59,0.35745941769482154,2031
007/082-mft-ASAQ_50-ASPY65_50,60,0.41891312108465123,2031
007/082-mft-ASAQ_50-ASPY65_50,61,0.39804396151716026,2031
007/082-mft-ASAQ_50-ASPY65_50,62,0.43943839516820954,2031
007/082-mft-ASAQ_50-ASPY65_50,63,0.4531788639780177,2031
007/082-mft-ASAQ_50-ASPY65_50,64,0.3720416393817252,2031
007/082-mft-ASAQ_50-ASPY65_50,65,0.4211374125773311,2031
007/082-mft-ASAQ_50-ASPY65_50,66,0.3746448931685442,2031
007/082-mft-ASAQ_50-ASPY65_50,67,0.43454089941803925,2031
007/082-mft-ASAQ_50-ASPY65_50,68,0.4427310067274475,2031
007/082-mft-ASAQ_50-ASPY65_50,69,0.46375367265269135,2031
007/082-mft-ASAQ_50-ASPY65_50,70,0.4109072335588191,2031
007/082-mft-ASAQ_50-ASPY65_50,71,0.4200174566672436,2031
007/082-mft-ASAQ_50-ASPY65_50,72,0.48102196485855225,2031
007/082-mft-ASAQ_50-ASPY65_50,73,0.3927734530399047,2031
007/082-mft-ASAQ_50-ASPY65_50,74,0.44125129907178645,2031
007/082-mft-ASAQ_50-ASPY65_50,75,0.4173576726586679,2031
007/082-mft-ASAQ_50-ASPY65_50,76,0.4870866007301435,2031
007/082-mft-ASAQ_50-ASPY65_50,77,0.40517510280589786,2031
007/082-mft-ASAQ_50-ASPY65_50,78,0.5010461109650978,2031
007/082-mft-ASAQ_50-ASPY65_50,79,0.47536310235719803,2031
007/082-mft-ASAQ_50-ASPY65_50,80,0.385634029526529,2031
007/082-mft-ASAQ_50-ASPY65_50,81,0.35032487404730284,2031
007/082-mft-ASAQ_50-ASPY65_50,82,0.3920391927480033,2031
007/082-mft-ASAQ_50-ASPY65_50,83,0.44211219601665025,2031
007/082-mft-ASAQ_50-ASPY65_50,84,0.401142157210842,2031
007/082-mft-ASAQ_50-ASPY65_50,85,0.38552811392750996,2031
007/082-mft-ASAQ_50-ASPY65_50,86,0.3379166992997251,2031
007/082-mft-ASAQ_50-ASPY65_50,87,0.39891493569157443,2031
007/082-mft-ASAQ_50-ASPY65_50,88,0.4213160371139224,2031
007/082-mft-ASAQ_50-ASPY65_50,89,0.48703375229565515,2031
007/082-mft-ASAQ_50-ASPY65_50,90,0.3725933881604766,2031
007/082-mft-ASAQ_50-ASPY65_50,91,0.35190773954741666,2031
007/082-mft-ASAQ_50-ASPY65_50,92,0.3646924535126661,2031
007/082-mft-ASAQ_50-ASPY65_50,93,0.4655831136510004,2031
007/082-mft-ASAQ_50-ASPY65_50,94,0.4917851774049942,2031
007/082-mft-ASAQ_50-ASPY65_50,95,0.46728772393707296,2031
007/082-mft-ASAQ_50-ASPY65_50,96,0.3695667548730867,2031
007/082-mft-ASAQ_50-ASPY65_50,97,0.4312184636517175,2031
007/082-mft-ASAQ_50-ASPY65_50,98,0.4015309524827532,2031
007/082-mft-ASAQ_50-ASPY65_50,99,0.36524754538120924,2031
007/083-mft-AL-DHAPPQ-ASPY85,0,0.654108925318179,2031
007/083-mft-AL-DHAPPQ-ASPY85,1,0.5377689782575245,2031
007/083-mft-AL-DHAPPQ-ASPY85,2,0.5006205543579291,2031
007/083-mft-AL-DHAPPQ-ASPY85,3,0.5230787928812243,2031
007/083-mft-AL-DHAPPQ-ASPY85,4,0.7296987645443407,2031
007/083-mft-AL-DHAPPQ-ASPY85,5,0.533525248095481,2031
007/083-mft-AL-DHAPPQ-ASPY85,6,0.47752109840699736,2031
007/083-mft-AL-DHAPPQ-ASPY85,7,0.585095343388501,2031
007/083-mft-AL-DHAPPQ-ASPY85,8,0.5840984284554556,2031
007/083-mft-AL-DHAPPQ-ASPY85,9,0.5583030823564359,2031
007/083-mft-AL-DHAPPQ-ASPY85,10,0.6678475589629551,2031
007/083-mft-AL-DHAPPQ-ASPY85,11,0.6632936335040084,2031
007/083-mft-AL-DHAPPQ-ASPY85,12,0.577410597515561,2031
007/083-mft-AL-DHAPPQ-ASPY85,13,0.5254569815338999,2031
007/083-mft-AL-DHAPPQ-ASPY85,14,0.4909478741870206,2031
007/083-mft-AL-DHAPPQ-ASPY85,15,0.5617732146302291,2031
007/083-mft-AL-DHAPPQ-ASPY85,16,0.5403601754848165,2031
007/083-mft-AL-DHAPPQ-ASPY85,17,0.5393144000961467,2031
007/083-mft-AL-DHAPPQ-ASPY85,18,0.627062103972576,2031
007/083-mft-AL-DHAPPQ-ASPY85,19,0.6226185170383604,2031
007/083-mft-AL-DHAPPQ-ASPY85,20,0.4733899393231025,2031
007/083-mft-AL-DHAPPQ-ASPY85,21,0.6329145668650522,2031
007/083-mft-AL-DHAPPQ-ASPY85,22,0.426904836171933,2031
007/083-mft-AL-DHAPPQ-ASPY85,23,0.49560409857991133,2031
007/083-mft-AL-DHAPPQ-ASPY85,24,0.6661953093663158,2031
007/083-mft-AL-DHAPPQ-ASPY85,25,0.46242341771336704,2031
007/083-mft-AL-DHAPPQ-ASPY85,26,0.6525418812736862,2031
007/083-mft-AL-DHAPPQ-ASPY85,27,0.5151762563162873,2031
007/083-mft-AL-DHAPPQ-ASPY85,28,0.4467823171476946,2031
007/083-mft-AL-DHAPPQ-ASPY85,29,0.5557209480271702,2031
007/083-mft-AL-DHAPPQ-ASPY85,30,0.573287410268697,2031
007/083-mft-AL-DHAPPQ-ASPY85,31,0.5078873174924902,2031
007/083-mft-AL-DHAPPQ-ASPY85,32,0.6217082012732004,2031
007/083-mft-AL-DHAPPQ-ASPY85,33,0.5631400686673669,2031
007/083-mft-AL-DHAPPQ-ASPY85,34,0.5242226238806738,2031
007/083-mft-AL-DHAPPQ-ASPY85,35,0.5253543005368444,2031
007/083-mft-AL-DHAPPQ-ASPY85,36,0.6135686578736799,2031
007/083-mft-AL-DHAPPQ-ASPY85,37,0.5457240243184666,2031
007/083-mft-AL-DHAPPQ-ASPY85,38,0.512425140281285,2031
007/083-mft-AL-DHAPPQ-ASPY85,39,0.4890063203644052,2031
007/083-mft-AL-DHAPPQ-ASPY85,40,0.5227646761322206,2031
007/083-mft-AL-DHAPPQ-ASPY85,41,0.5434270264745602,2031
007/083-mft-AL-DHAPPQ-ASPY85,42,0.6216955813378405,2031
007/083-mft-AL-DHAPPQ-ASPY85,43,0.49844631921366744,2031
007/083-mft-AL-DHAPPQ-ASPY85,44,0.5759570150938361,2031
007/083-mft-AL-DHAPPQ-ASPY85,45,0.47478111852768584,2031
007/083-mft-AL-DHAPPQ-ASPY85,46,0.5812465072321394,2031
007/083-mft-AL-DHAPPQ-ASPY85,47,0.5599597958521326,2031
007/083-mft-AL-DHAPPQ-ASPY85,48,0.522924044886154,2031
007/083-mft-AL-DHAPPQ-ASPY85,49,0.49017780822901424,2031
007/083-mft-AL-DHAPPQ-ASPY85,50,0.4969175613542213,2031
007/083-mft-AL-DHAPPQ-ASPY85,51,0.5479397881588626,2031
007/083-mft-AL-DHAPPQ-ASPY85,52,0.6154722191975163,2031
007/083-mft-AL-DHAPPQ-ASPY85,53,0.486723994401497,2031
007/083-mft-AL-DHAPPQ-ASPY85,54,0.583750400122283,2031
007/083-mft-AL-DHAPPQ-ASPY85,55,0.4544032771814268,2031
007/083-mft-AL-DHAPPQ-ASPY85,56,0.5081019424286846,2031
007/083-mft-AL-DHAPPQ-ASPY85,57,0.5282157596144902,2031
007/083-mft-AL-DHAPPQ-ASPY85,58,0.5599174846968944,2031
007/083-mft-AL-DHAPPQ-ASPY85,59,0.5817758950018664,2031
007/083-mft-AL-DHAPPQ-ASPY85,60,0.4765429749454128,2031
007/083-mft-AL-DHAPPQ-ASPY85,61,0.5306807054927755,2031
007/083-mft-AL-DHAPPQ-ASPY85,62,0.609530324029852,2031
007/083-mft-AL-DHAPPQ-ASPY85,63,0.6097139007818083,2031
007/083-mft-AL-DHAPPQ-ASPY85,64,0.4922670411254831,2031
007/083-mft-AL-DHAPPQ-ASPY85,65,0.46191774262718366,2031
007/083-mft-AL-DHAPPQ-ASPY85,66,0.46356635758359,2031
007/083-mft-AL-DHAPPQ-ASPY85,67,0.5234632521891588,2031
007/083-mft-AL-DHAPPQ-ASPY85,68,0.5177009220698366,2031
007/083-mft-AL-DHAPPQ-ASPY85,69,0.5422652732103389,2031
007/083-mft-AL-DHAPPQ-ASPY85,70,0.5818583249993305,2031
007/083-mft-AL-DHAPPQ-ASPY85,71,0.39731948528520605,2031
007/083-mft-AL-DHAPPQ-ASPY85,72,0.49090300408331755,2031
007/083-mft-AL-DHAPPQ-ASPY85,73,0.6453143493915922,2031
007/083-mft-AL-DHAPPQ-ASPY85,74,0.6526570544915166,2031
007/083-mft-AL-DHAPPQ-ASPY85,75,0.6530969798848816,2031
007/083-mft-AL-DHAPPQ-ASPY85,76,0.5191478481581627,2031
007/083-mft-AL-DHAPPQ-ASPY85,77,0.5681086716109597,2031
007/083-mft-AL-DHAPPQ-ASPY85,78,0.5883908782940345,2031
007/083-mft-AL-DHAPPQ-ASPY85,79,0.550982429225087,2031
007/083-mft-AL-DHAPPQ-ASPY85,80,0.49231986158140734,2031
007/083-mft-AL-DHAPPQ-ASPY85,81,0.6408326818093929,2031
007/083-mft-AL-DHAPPQ-ASPY85,82,0.6101245676208314,2031
007/083-mft-AL-DHAPPQ-ASPY85,83,0.5436009890648581,2031
007/083-mft-AL-DHAPPQ-ASPY85,84,0.43671503874830225,2031
007/083-mft-AL-DHAPPQ-ASPY85,85,0.5562739615960244,2031
007/083-mft-AL-DHAPPQ-ASPY85,86,0.49387363831859793,2031
007/083-mft-AL-DHAPPQ-ASPY85,87,0.48009835920286664,2031
007/083-mft-AL-DHAPPQ-ASPY85,88,0.5359051291044217,2031
007/083-mft-AL-DHAPPQ-ASPY85,89,0.6067865700000353,2031
007/083-mft-AL-DHAPPQ-ASPY85,90,0.5632348698863517,2031
007/083-mft-AL-DHAPPQ-ASPY85,91,0.6159682170857121,2031
007/083-mft-AL-DHAPPQ-ASPY85,92,0.5906948989790525,2031
007/083-mft-AL-DHAPPQ-ASPY85,93,0.5621002559992926,2031
007/083-mft-AL-DHAPPQ-ASPY85,94,0.6485481465643835,2031
007/083-mft-AL-DHAPPQ-ASPY85,95,0.5235763296100461,2031
007/083-mft-AL-DHAPPQ-ASPY85,96,0.6089547358735,2031
007/083-mft-AL-DHAPPQ-ASPY85,97,0.6036995377989264,2031
007/083-mft-AL-DHAPPQ-ASPY85,98,0.5214548548806971,2031
007/083-mft-AL-DHAPPQ-ASPY85,99,0.4527960558787085,2031
007/084-mft-AL-DHAPPQ-ASPY75,0,0.6100129009689798,2031
007/084-mft-AL-DHAPPQ-ASPY75,1,0.5871114934254603,2031
007/084-mft-AL-DHAPPQ-ASPY75,2,0.5824179796518463,2031
007/084-mft-AL-DHAPPQ-ASPY75,3,0.6089253270166416,2031
007/084-mft-AL-DHAPPQ-ASPY75,4,0.5950018265315017,2031
007/084-mft-AL-DHAPPQ-ASPY75,5,0.5549602459573978,2031
007/084-mft-AL-DHAPPQ-ASPY75,6,0.4892399535475347,2031
007/084-mft-AL-DHAPPQ-ASPY75,7,0.5034115605292829,2031
007/084-mft-AL-DHAPPQ-ASPY75,8,0.5788260216583939,2031
007/084-mft-AL-DHAPPQ-ASPY75,9,0.490265501999712,2031
007/084-mft-AL-DHAPPQ-ASPY75,10,0.4810300815146868,2031
007/084-mft-AL-DHAPPQ-ASPY75,11,0.6296858978656722,2031
007/084-mft-AL-DHAPPQ-ASPY75,12,0.6468765132481713,2031
007/084-mft-AL-DHAPPQ-ASPY75,13,0.6272540020315879,2031
007/084-mft-AL-DHAPPQ-ASPY75,14,0.6229871047005352,2031
007/084-mft-AL-DHAPPQ-ASPY75,15,0.5263444329525696,2031
007/084-mft-AL-DHAPPQ-ASPY75,16,0.6078966714493185,2031
007/084-mft-AL-DHAPPQ-ASPY75,17,0.42816531481385156,2031
007/084-mft-AL-DHAPPQ-ASPY75,18,0.4724648746934839,2031
007/084-mft-AL-DHAPPQ-ASPY75,19,0.6013408475998349,2031
007/084-mft-AL-DHAPPQ-ASPY75,20,0.5862446023302307,2031
007/084-mft-AL-DHAPPQ-ASPY75,21,0.6160216379439969,2031
007/084-mft-AL-DHAPPQ-ASPY75,22,0.6235149732305013,2031
007/084-mft-AL-DHAPPQ-ASPY75,23,0.43026837485541614,2031
007/084-mft-AL-DHAPPQ-ASPY75,24,0.5914842567482336,2031
007/084-mft-AL-DHAPPQ-ASPY75,25,0.5125249244747754,2031
007/084-mft-AL-DHAPPQ-ASPY75,26,0.5685541164539838,2031
007/084-mft-AL-DHAPPQ-ASPY75,27,0.5233324887152709,2031
007/084-mft-AL-DHAPPQ-ASPY75,28,0.5192439562037071,2031
007/084-mft-AL-DHAPPQ-ASPY75,29,0.48061735689204355,2031
007/084-mft-AL-DHAPPQ-ASPY75,30,0.5328906654277413,2031
007/084-mft-AL-DHAPPQ-ASPY75,31,0.5793991326724773,2031
007/084-mft-AL-DHAPPQ-ASPY75,32,0.5455591489063809,2031
007/084-mft-AL-DHAPPQ-ASPY75,33,0.5576205079700279,2031
007/084-mft-AL-DHAPPQ-ASPY75,34,0.5195166975568806,2031
007/084-mft-AL-DHAPPQ-ASPY75,35,0.5553284913629951,2031
007/084-mft-AL-DHAPPQ-ASPY75,36,0.5913613575950517,2031
007/084-mft-AL-DHAPPQ-ASPY75,37,0.41838130011210445,2031
007/084-mft-AL-DHAPPQ-ASPY75,38,0.5917465567094631,2031
007/084-mft-AL-DHAPPQ-ASPY75,39,0.46199306575725024,2031
007/084-mft-AL-DHAPPQ-ASPY75,40,0.4321904088508337,2031
007/084-mft-AL-DHAPPQ-ASPY75,41,0.5252640851698763,2031
007/084-mft-AL-DHAPPQ-ASPY75,42,0.4905269255761608,2031
007/084-mft-AL-DHAPPQ-ASPY75,43,0.5417863417188743,2031
007/084-mft-AL-DHAPPQ-ASPY75,44,0.6330173112653602,2031
007/084-mft-AL-DHAPPQ-ASPY75,45,0.4525447489962992,2031
007/084-mft-AL-DHAPPQ-ASPY75,46,0.5350586269250089,2031
007/084-mft-AL-DHAPPQ-ASPY75,47,0.5523745557351074,2031
007/084-mft-AL-DHAPPQ-ASPY75,48,0.5981066473819374,2031
007/084-mft-AL-DHAPPQ-ASPY75,49,0.6450458800160814,2031
007/084-mft-AL-DHAPPQ-ASPY75,50,0.5935645196452666,2031
007/084-mft-AL-DHAPPQ-ASPY75,51,0.5337324634884754,2031
007/084-mft-AL-DHAPPQ-ASPY75,52,0.5103920078251611,2031
007/084-mft-AL-DHAPPQ-ASPY75,53,0.49305927071611766,2031
007/084-mft-AL-DHAPPQ-ASPY75,54,0.49188326304212576,2031
007/084-mft-AL-DHAPPQ-ASPY75,55,0.5102699295191152,2031
007/084-mft-AL-DHAPPQ-ASPY75,56,0.5453397376860497,2031
007/084-mft-AL-DHAPPQ-ASPY75,57,0.5662375256600792,2031
007/084-mft-AL-DHAPPQ-ASPY75,58,0.49991572322994715,2031
007/084-mft-AL-DHAPPQ-ASPY75,59,0.5163267480041244,2031
007/084-mft-AL-DHAPPQ-ASPY75,60,0.47447226626200384,2031
007/084-mft-AL-DHAPPQ-ASPY75,61,0.46966973334539563,2031
007/084-mft-AL-DHAPPQ-ASPY75,62,0.5604937481717,2031
007/084-mft-AL-DHAPPQ-ASPY75,63,0.5158420806072265,2031
007/084-mft-AL-DHAPPQ-ASPY75,64,0.6134861488149502,2031
007/084-mft-AL-DHAPPQ-ASPY75,65,0.6017636107146326,2031
007/084-mft-AL-DHAPPQ-ASPY75,66,0.5724336785546745,2031
007/084-mft-AL-DHAPPQ-ASPY75,67,0.43329864068516527,2031
007/084-mft-AL-DHAPPQ-ASPY75,68,0.5861700282868041,2031
007/084-mft-AL-DHAPPQ-ASPY75,69,0.662832419140616,2031
007/084-mft-AL-DHAPPQ-ASPY75,70,0.5994390274116931,2031
007/084-mft-AL-DHAPPQ-ASPY75,71,0.6656686536910357,2031
007/084-mft-AL-DHAPPQ-ASPY75,72,0.5166723376598908,2031
007/084-mft-AL-DHAPPQ-ASPY75,73,0.48318274219702917,2031
007/084-mft-AL-DHAPPQ-ASPY75,74,0.5986696138079296,2031
007/084-mft-AL-DHAPPQ-ASPY75,75,0.46102416015673015,2031
007/084-mft-AL-DHAPPQ-ASPY75,76,0.5394969198196852,2031
007/084-mft-AL-DHAPPQ-ASPY75,77,0.5303842642014974,2031
007/084-mft-AL-DHAPPQ-ASPY75,78,0.5908698098744944,2031
007/084-mft-AL-DHAPPQ-ASPY75,79,0.5393463174554319,2031
007/084-mft-AL-DHAPPQ-ASPY75,80,0.5190721262165231,2031
007/084-mft-AL-DHAPPQ-ASPY75,81,0.5041160255921123,2031
007/084-mft-AL-DHAPPQ-ASPY75,82,0.5896272021710076,2031
007/084-mft-AL-DHAPPQ-ASPY75,83,0.5724258188692217,2031
007/084-mft-AL-DHAPPQ-ASPY75,84,0.6216583192334802,2031
007/084-mft-AL-DHAPPQ-ASPY75,85,0.598975511188839,2031
007/084-mft-AL-DHAPPQ-ASPY75,86,0.5296359078370849,2031
007/084-mft-AL-DHAPPQ-ASPY75,87,0.6547178574237167,2031
007/084-mft-AL-DHAPPQ-ASPY75,88,0.541105361272264,2031
007/084-mft-AL-DHAPPQ-ASPY75,89,0.6085560515646941,2031
007/084-mft-AL-DHAPPQ-ASPY75,90,0.6143106405732861,2031
007/084-mft-AL-DHAPPQ-ASPY75,91,0.7295338247302917,2031
007/084-mft-AL-DHAPPQ-ASPY75,92,0.5403039880811485,2031
007/084-mft-AL-DHAPPQ-ASPY75,93,0.5652066746137869,2031
007/084-mft-AL-DHAPPQ-ASPY75,94,0.5653380594694561,2031
007/084-mft-AL-DHAPPQ-ASPY75,95,0.5187467463741814,2031
007/084-mft-AL-DHAPPQ-ASPY75,96,0.5979816545731808,2031
007/084-mft-AL-DHAPPQ-ASPY75,97,0.5164665771900415,2031
007/084-mft-AL-DHAPPQ-ASPY75,98,0.6000399747311086,2031
007/084-mft-AL-DHAPPQ-ASPY75,99,0.49113190360380937,2031
007/085-mft-AL-DHAPPQ-ASPY65,0,0.6025385699187716,2031
007/085-mft-AL-DHAPPQ-ASPY65,1,0.5392569656170153,2031
007/085-mft-AL-DHAPPQ-ASPY65,2,0.5479528227268516,2031
007/085-mft-AL-DHAPPQ-ASPY65,3,0.6380501080067438,2031
007/085-mft-AL-DHAPPQ-ASPY65,4,0.6288769624334388,2031
007/085-mft-AL-DHAPPQ-ASPY65,5,0.5713444844996712,2031
007/085-mft-AL-DHAPPQ-ASPY65,6,0.6013206581115992,2031
007/085-mft-AL-DHAPPQ-ASPY65,7,0.5151020372456361,2031
007/085-mft-AL-DHAPPQ-ASPY65,8,0.5152765284403159,2031
007/085-mft-AL-DHAPPQ-ASPY65,9,0.49327549516518254,2031
007/085-mft-AL-DHAPPQ-ASPY65,10,0.4919239186669748,2031
007/085-mft-AL-DHAPPQ-ASPY65,11,0.37877031575583003,2031
007/085-mft-AL-DHAPPQ-ASPY65,12,0.5363261231426272,2031
007/085-mft-AL-DHAPPQ-ASPY65,13,0.6012231149775769,2031
007/085-mft-AL-DHAPPQ-ASPY65,14,0.5629277606164437,2031
007/085-mft-AL-DHAPPQ-ASPY65,15,0.44634081683515475,2031
007/085-mft-AL-DHAPPQ-ASPY65,16,0.6036166136986493,2031
007/085-mft-AL-DHAPPQ-ASPY65,17,0.5205112258071436,2031
007/085-mft-AL-DHAPPQ-ASPY65,18,0.6152625078204078,2031
007/085-mft-AL-DHAPPQ-ASPY65,19,0.5290848120799847,2031
007/085-mft-AL-DHAPPQ-ASPY65,20,0.6027960988783587,2031
007/085-mft-AL-DHAPPQ-ASPY65,21,0.6146234653907198,2031
007/085-mft-AL-DHAPPQ-ASPY65,22,0.62443881499515,2031
007/085-mft-AL-DHAPPQ-ASPY65,23,0.5762170885443233,2031
007/085-mft-AL-DHAPPQ-ASPY65,24,0.48673022022798346,2031
007/085-mft-AL-DHAPPQ-ASPY65,25,0.5313345772734809,2031
007/085-mft-AL-DHAPPQ-ASPY65,26,0.5856542861948909,2031
007/085-mft-AL-DHAPPQ-ASPY65,27,0.6277275855592294,2031
007/085-mft-AL-DHAPPQ-ASPY65,28,0.6804904979092394,2031
007/085-mft-AL-DHAPPQ-ASPY65,29,0.5521600104777447,2031
007/085-mft-AL-DHAPPQ-ASPY65,30,0.4372753170670751,2031
007/085-mft-AL-DHAPPQ-ASPY65,31,0.4085047187827904,2031
007/085-mft-AL-DHAPPQ-ASPY65,32,0.5414570961303213,2031
007/085-mft-AL-DHAPPQ-ASPY65,33,0.4942048601581783,2031
007/085-mft-AL-DHAPPQ-ASPY65,34,0.5633936180416582,2031
007/085-mft-AL-DHAPPQ-ASPY65,35,0.4677869022079992,2031
007/085-mft-AL-DHAPPQ-ASPY65,36,0.49608733287881296,2031
007/085-mft-AL-DHAPPQ-ASPY65,37,0.6233702340341186,2031
007/085-mft-AL-DHAPPQ-ASPY65,38,0.6488093137856978,2031
007/085-mft-AL-DHAPPQ-ASPY65,39,0.595531752627129,2031
007/085-mft-AL-DHAPPQ-ASPY65,40,0.4519120933896424,2031
007/085-mft-AL-DHAPPQ-ASPY65,41,0.6042711166717165,2031
007/085-mft-AL-DHAPPQ-ASPY65,42,0.5795644792720046,2031
007/085-mft-AL-DHAPPQ-ASPY65,43,0.5746686816010392,2031
007/085-mft-AL-DHAPPQ-ASPY65,44,0.4686653192859496,2031
007/085-mft-AL-DHAPPQ-ASPY65,45,0.6419809834111634,2031
007/085-mft-AL-DHAPPQ-ASPY65,46,0.5037917583626758,2031
007/085-mft-AL-DHAPPQ-ASPY65,47,0.6034825411618056,2031
007/085-mft-AL-DHAPPQ-ASPY65,48,0.5277965584398855,2031
007/085-mft-AL-DHAPPQ-ASPY65,49,0.6022149573337596,2031
007/085-mft-AL-DHAPPQ-ASPY65,50,0.5236966006903592,2031
007/085-mft-AL-DHAPPQ-ASPY65,51,0.556980458880903,2031
007/085-mft-AL-DHAPPQ-ASPY65,52,0.4316466645742805,2031
007/085-mft-AL-DHAPPQ-ASPY65,53,0.5789899297725114,2031
007/085-mft-AL-DHAPPQ-ASPY65,54,0.6062571699893897,2031
007/085-mft-AL-DHAPPQ-ASPY65,55,0.47082186329542247,2031
007/085-mft-AL-DHAPPQ-ASPY65,56,0.557634374169436,2031
007/085-mft-AL-DHAPPQ-ASPY65,57,0.49620558550625377,2031
007/085-mft-AL-DHAPPQ-ASPY65,58,0.4982237288142728,2031
007/085-mft-AL-DHAPPQ-ASPY65,59,0.6022181251200774,2031
007/085-mft-AL-DHAPPQ-ASPY65,60,0.4574320697504268,2031
007/085-mft-AL-DHAPPQ-ASPY65,61,0.5918367658700953,2031
007/085-mft-AL-DHAPPQ-ASPY65,62,0.6059215248029058,2031
007/085-mft-AL-DHAPPQ-ASPY65,63,0.5604529787730022,2031
007/085-mft-AL-DHAPPQ-ASPY65,64,0.48682914809224725,2031
007/085-mft-AL-DHAPPQ-ASPY65,65,0.5202681176068294,2031
007/085-mft-AL-DHAPPQ-ASPY65,66,0.5679629025067365,2031
007/085-mft-AL-DHAPPQ-ASPY65,67,0.6159411580937458,2031
007/085-mft-AL-DHAPPQ-ASPY65,68,0.535410084594231,2031
007/085-mft-AL-DHAPPQ-ASPY65,69,0.5408575403730832,2031
007/085-mft-AL-DHAPPQ-ASPY65,70,0.5989985442072951,2031
007/085-mft-AL-DHAPPQ-ASPY65,71,0.5676617064700583,2031
007/085-mft-AL-DHAPPQ-ASPY65,72,0.6117478100156343,2031
007/085-mft-AL-DHAPPQ-ASPY65,73,0.5251365049087194,2031
007/085-mft-AL-DHAPPQ-ASPY65,74,0.5734826646863604,2031
007/085-mft-AL-DHAPPQ-ASPY65,75,0.5586982125834693,2031
007/085-mft-AL-DHAPPQ-ASPY65,76,0.5968783067647657,2031
007/085-mft-AL-DHAPPQ-ASPY65,77,0.39153360727563574,2031
007/085-mft-AL-DHAPPQ-ASPY65,78,0.5556990622747556,2031
007/085-mft-AL-DHAPPQ-ASPY65,79,0.5806172307807755,2031
007/085-mft-AL-DHAPPQ-ASPY65,80,0.38292829173879334,2031
007/085-mft-AL-DHAPPQ-ASPY65,81,0.5301005991874704,2031
007/085-mft-AL-DHAPPQ-ASPY65,82,0.46217639800317345,2031
007/085-mft-AL-DHAPPQ-ASPY65,83,0.5564617209366101,2031
007/085-mft-AL-DHAPPQ-ASPY65,84,0.5707901005815287,2031
007/085-mft-AL-DHAPPQ-ASPY65,85,0.5900404337944316,2031
007/085-mft-AL-DHAPPQ-ASPY65,86,0.5756098640535158,2031
007/085-mft-AL-DHAPPQ-ASPY65,87,0.5838906771859597,2031
007/085-mft-AL-DHAPPQ-ASPY65,88,0.4642737948022744,2031
007/085-mft-AL-DHAPPQ-ASPY65,89,0.4896394071606795,2031
007/085-mft-AL-DHAPPQ-ASPY65,90,0.6121551600482295,2031
007/085-mft-AL-DHAPPQ-ASPY65,91,0.5550328645475272,2031
007/085-mft-AL-DHAPPQ-ASPY65,92,0.5273239404405627,2031
007/085-mft-AL-DHAPPQ-ASPY65,93,0.572323048125883,2031
007/085-mft-AL-DHAPPQ-ASPY65,94,0.5887561902058267,2031
007/085-mft-AL-DHAPPQ-ASPY65,95,0.597395940076516,2031
007/085-mft-AL-DHAPPQ-ASPY65,96,0.46722981060994573,2031
007/085-mft-AL-DHAPPQ-ASPY65,97,0.6379136991248276,2031
007/085-mft-AL-DHAPPQ-ASPY65,98,0.49133165937029016,2031
007/085-mft-AL-DHAPPQ-ASPY65,99,0.4957781979778863,2031
007/086-mft-ASAQ-DHAPPQ-ASPY85,0,0.44005652436544446,2031
007/086-mft-ASAQ-DHAPPQ-ASPY85,1,0.42286812202947766,2031
007/086-mft-ASAQ-DHAPPQ-ASPY85,2,0.4558332266107488,2031
007/086-mft-ASAQ-DHAPPQ-ASPY85,3,0.39103169383514774,2031
007/086-mft-ASAQ-DHAPPQ-ASPY85,4,0.37162419112525896,2031
007/086-mft-ASAQ-DHAPPQ-ASPY85,5,0.3541264090082623,2031
007/086-mft-ASAQ-DHAPPQ-ASPY85,6,0.377571548928886,2031
007/086-mft-ASAQ-DHAPPQ-ASPY85,7,0.39715069073847015,2031
007/086-mft-ASAQ-DHAPPQ-ASPY85,8,0.42188888267034885,2031
007/086-mft-ASAQ-DHAPPQ-ASPY85,9,0.4793535383374703,2031
007/086-mft-ASAQ-DHAPPQ-ASPY85,10,0.3961109225734945,2031
007/086-mft-ASAQ-DHAPPQ-ASPY85,11,0.39325152508453637,2031
007/086-mft-ASAQ-DHAPPQ-ASPY85,12,0.3945565827536799,2031
007/086-mft-ASAQ-DHAPPQ-ASPY85,13,0.3989522134132317,2031
007/086-mft-ASAQ-DHAPPQ-ASPY85,14,0.41085726369527426,2031
007/086-mft-ASAQ-DHAPPQ-ASPY85,15,0.4363120153579228,2031
007/086-mft-ASAQ-DHAPPQ-ASPY85,16,0.34537929455320876,2031
007/086-mft-ASAQ-DHAPPQ-ASPY85,17,0.4094868557302927,2031
007/086-mft-ASAQ-DHAPPQ-ASPY85,18,0.46553075299903196,2031
007/086-mft-ASAQ-DHAPPQ-ASPY85,19,0.3160377640402646,2031
007/086-mft-ASAQ-DHAPPQ-ASPY85,20,0.50572174920285,2031
007/086-mft-ASAQ-DHAPPQ-ASPY85,21,0.4035832279762797,2031
007/086-mft-ASAQ-DHAPPQ-ASPY85,22,0.557508099862426,2031
007/086-mft-ASAQ-DHAPPQ-ASPY85,23,0.5167066838773076,2031
007/086-mft-ASAQ-DHAPPQ-ASPY85,24,0.38362716693506466,2031
007/086-mft-ASAQ-DHAPPQ-ASPY85,25,0.4248042148322629,2031
007/086-mft-ASAQ-DHAPPQ-ASPY85,26,0.36234879797921943,2031
007/086-mft-ASAQ-DHAPPQ-ASPY85,27,0.3893637267960011,2031
007/086-mft-ASAQ-DHAPPQ-ASPY85,28,0.4244301554787926,2031
007/086-mft-ASAQ-DHAPPQ-ASPY85,29,0.45186552019751886,2031
007/086-mft-ASAQ-DHAPPQ-ASPY85,30,0.3760525176482388,2031
007/086-mft-ASAQ-DHAPPQ-ASPY85,31,0.5002171240107635,2031
007/086-mft-ASAQ-DHAPPQ-ASPY85,32,0.41946806541664333,2031
007/086-mft-ASAQ-DHAPPQ-ASPY85,33,0.4291308217770789,2031
007/086-mft-ASAQ-DHAPPQ-ASPY85,34,0.3257251906624228,2031
007/086-mft-ASAQ-DHAPPQ-ASPY85,35,0.44060164010719105,2031
007/086-mft-ASAQ-DHAPPQ-ASPY85,36,0.5430240196840718,2031
007/086-mft-ASAQ-DHAPPQ-ASPY85,37,0.3462921824119325,2031
007/086-mft-ASAQ-DHAPPQ-ASPY85,38,0.38923139648006927,2031
007/086-mft-ASAQ-DHAPPQ-ASPY85,39,0.3644307608055157,2031
007/086-mft-ASAQ-DHAPPQ-ASPY85,40,0.44726610618067747,2031
007/086-mft-ASAQ-DHAPPQ-ASPY85,41,0.44831255607451775,2031
007/086-mft-ASAQ-DHAPPQ-ASPY85,42,0.4669230913143791,2031
007/086-mft-ASAQ-DHAPPQ-ASPY85,43,0.4608204447861373,2031
007/086-mft-ASAQ-DHAPPQ-ASPY85,44,0.4618338175972135,2031
007/086-mft-ASAQ-DHAPPQ-ASPY85,45,0.4213070040885205,2031
007/086-mft-ASAQ-DHAPPQ-ASPY85,46,0.41207064903377527,2031
007/086-mft-ASAQ-DHAPPQ-ASPY85,47,0.3913105950280335,2031
007/086-mft-ASAQ-DHAPPQ-ASPY85,48,0.41783529328415087,2031
007/086-mft-ASAQ-DHAPPQ-ASPY85,49,0.48816537008525235,2031
007/086-mft-ASAQ-DHAPPQ-ASPY85,50,0.4144688480331866,2031
007/086-mft-ASAQ-DHAPPQ-ASPY85,51,0.4636068957831097,2031
007/086-mft-ASAQ-DHAPPQ-ASPY85,52,0.4815698350703297,2031
007/086-mft-ASAQ-DHAPPQ-ASPY85,53,0.6256788451722907,2031
007/086-mft-ASAQ-DHAPPQ-ASPY85,54,0.4260505761185463,2031
007/086-mft-ASAQ-DHAPPQ-ASPY85,55,0.46195390743023695,2031
007/086-mft-ASAQ-DHAPPQ-ASPY85,56,0.43233608177343386,2031
007/086-mft-ASAQ-DHAPPQ-ASPY85,57,0.4720940470837523,2031
007/086-mft-ASAQ-DHAPPQ-ASPY85,58,0.43597770623634996,2031
007/086-mft-ASAQ-DHAPPQ-ASPY85,59,0.378881319136174,2031
007/086-mft-ASAQ-DHAPPQ-ASPY85,60,0.458996222236363,2031
007/086-mft-ASAQ-DHAPPQ-ASPY85,61,0.5109266482302213,2031
007/086-mft-ASAQ-DHAPPQ-ASPY85,62,0.2831359048878883,2031
007/086-mft-ASAQ-DHAPPQ-ASPY85,63,0.4865084822725903,2031
007/086-mft-ASAQ-DHAPPQ-ASPY85,64,0.3664610480066243,2031
007/086-mft-ASAQ-DHAPPQ-ASPY85,65,0.39958645434267187,2031
007/086-mft-ASAQ-DHAPPQ-ASPY85,66,0.4246732472070436,2031
007/086-mft-ASAQ-DHAPPQ-ASPY85,67,0.5177042347389559,2031
007/086-mft-ASAQ-DHAPPQ-ASPY85,68,0.4001265735429045,2031
007/086-mft-ASAQ-DHAPPQ-ASPY85,69,0.43688341379295476,2031
007/086-mft-ASAQ-DHAPPQ-ASPY85,70,0.35535603593234283,2031
007/086-mft-ASAQ-DHAPPQ-ASPY85,71,0.44009587511932713,2031
007/086-mft-ASAQ-DHAPPQ-ASPY85,72,0.43920865761080896,2031
007/086-mft-ASAQ-DHAPPQ-ASPY85,73,0.38748970404273314,2031
007/086-mft-ASAQ-DHAPPQ-ASPY85,74,0.43767846436556485,2031
007/086-mft-ASAQ-DHAPPQ-ASPY85,75,0.39531198780439186,2031
007/086-mft-ASAQ-DHAPPQ-ASPY85,76,0.47226528309696486,2031
007/086-mft-ASAQ-DHAPPQ-ASPY85,77,0.42126206214812206,2031
007/086-mft-ASAQ-DHAPPQ-ASPY85,78,0.409629439110419,2031
007/086-mft-ASAQ-DHAPPQ-ASPY85,79,0.44128437334309895,2031
007/086-mft-ASAQ-DHAPPQ-ASPY85,80,0.4478349397841807,2031
007/086-mft-ASAQ-DHAPPQ-ASPY85,81,0.3893745070044092,2031
007/086-mft-ASAQ-DHAPPQ-ASPY85,82,0.3777196572414728,2031
007/086-mft-ASAQ-DHAPPQ-ASPY85,83,0.39334476755035924,2031
007/086-mft-ASAQ-DHAPPQ-ASPY85,84,0.4993089143566561,2031
007/086-mft-ASAQ-DHAPPQ-ASPY85,85,0.3909974468783924,2031
007/086-mft-ASAQ-DHAPPQ-ASPY85,86,0.4043474643588691,2031
007/086-mft-ASAQ-DHAPPQ-ASPY85,87,0.3698652585758552,2031
007/086-mft-ASAQ-DHAPPQ-ASPY85,88,0.2827984788384587,2031
007/086-mft-ASAQ-DHAPPQ-ASPY85,89,0.4859931417558079,2031
007/086-mft-ASAQ-DHAPPQ-ASPY85,90,0.4308580198496608,2031
007/086-mft-ASAQ-DHAPPQ-ASPY85,91,0.374633191915752,2031
007/086-mft-ASAQ-DHAPPQ-ASPY85,92,0.485944781523629,2031
007/086-mft-ASAQ-DHAPPQ-ASPY85,93,0.45483322541262977,2031
007/086-mft-ASAQ-DHAPPQ-ASPY85,94,0.4040270227297429,2031
007/086-mft-ASAQ-DHAPPQ-ASPY85,95,0.40789621788338076,2031
007/086-mft-ASAQ-DHAPPQ-ASPY85,96,0.3998460828694768,2031
007/086-mft-ASAQ-DHAPPQ-ASPY85,97,0.44015044629481986,2031
007/086-mft-ASAQ-DHAPPQ-ASPY85,98,0.47001860872287077,2031
007/086-mft-ASAQ-DHAPPQ-ASPY85,99,0.45885788371618114,2031
007/087-mft-ASAQ-DHAPPQ-ASPY75,0,0.38808531403070057,2031
007/087-mft-ASAQ-DHAPPQ-ASPY75,1,0.4545436597737311,2031
007/087-mft-ASAQ-DHAPPQ-ASPY75,2,0.3450516554216108,2031
007/087-mft-ASAQ-DHAPPQ-ASPY75,3,0.46763127314860115,2031
007/087-mft-ASAQ-DHAPPQ-ASPY75,4,0.4053218080641179,2031
007/087-mft-ASAQ-DHAPPQ-ASPY75,5,0.4708171680185538,2031
007/087-mft-ASAQ-DHAPPQ-ASPY75,6,0.3804183323313452,2031
007/087-mft-ASAQ-DHAPPQ-ASPY75,7,0.38185450319825703,2031
007/087-mft-ASAQ-DHAPPQ-ASPY75,8,0.3743477595118741,2031
007/087-mft-ASAQ-DHAPPQ-ASPY75,9,0.4044869859221474,2031
007/087-mft-ASAQ-DHAPPQ-ASPY75,10,0.3761354173798593,2031
007/087-mft-ASAQ-DHAPPQ-ASPY75,11,0.46198323481567044,2031
007/087-mft-ASAQ-DHAPPQ-ASPY75,12,0.4510276170966702,2031
007/087-mft-ASAQ-DHAPPQ-ASPY75,13,0.33520944019851523,2031
007/087-mft-ASAQ-DHAPPQ-ASPY75,14,0.3810602592049233,2031
007/087-mft-ASAQ-DHAPPQ-ASPY75,15,0.4968017368413388,2031
007/087-mft-ASAQ-DHAPPQ-ASPY75,16,0.5183313539180014,2031
007/087-mft-ASAQ-DHAPPQ-ASPY75,17,0.4455993367609939,2031
007/087-mft-ASAQ-DHAPPQ-ASPY75,18,0.4681934553772425,2031
007/087-mft-ASAQ-DHAPPQ-ASPY75,19,0.47079752136834285,2031
007/087-mft-ASAQ-DHAPPQ-ASPY75,20,0.39124080439755454,2031
007/087-mft-ASAQ-DHAPPQ-ASPY75,21,0.37968647544336936,2031
007/087-mft-ASAQ-DHAPPQ-ASPY75,22,0.33643416532766174,2031
007/087-mft-ASAQ-DHAPPQ-ASPY75,23,0.3681521324125758,2031
007/087-mft-ASAQ-DHAPPQ-ASPY75,24,0.45717292271718085,2031
007/087-mft-ASAQ-DHAPPQ-ASPY75,25,0.3651141124100385,2031
007/087-mft-ASAQ-DHAPPQ-ASPY75,26,0.46336542735306835,2031
007/087-mft-ASAQ-DHAPPQ-ASPY75,27,0.3020589080200695,2031
007/087-mft-ASAQ-DHAPPQ-ASPY75,28,0.42030538951987295,2031
007/087-mft-ASAQ-DHAPPQ-ASPY75,29,0.39482524285158327,2031
007/087-mft-ASAQ-DHAPPQ-ASPY75,30,0.4396953837450435,2031
007/087-mft-ASAQ-DHAPPQ-ASPY75,31,0.4008758296129489,2031
007/087-mft-ASAQ-DHAPPQ-ASPY75,32,0.3421320527247174,2031
007/087-mft-ASAQ-DHAPPQ-ASPY75,33,0.49927802475909294,2031
007/087-mft-ASAQ-DHAPPQ-ASPY75,34,0.4658034521780441,2031
007/087-mft-ASAQ-DHAPPQ-ASPY75,35,0.5023675710588309,2031
007/087-mft-ASAQ-DHAPPQ-ASPY75,36,0.473901149485346,2031
007/087-mft-ASAQ-DHAPPQ-ASPY75,37,0.37160696942951077,2031
007/087-mft-ASAQ-DHAPPQ-ASPY75,38,0.3914683935423024,2031
007/087-mft-ASAQ-DHAPPQ-ASPY75,39,0.394982111484067,2031
007/087-mft-ASAQ-DHAPPQ-ASPY75,40,0.4981519022362068,2031
007/087-mft-ASAQ-DHAPPQ-ASPY75,41,0.4277616538340144,2031
007/087-mft-ASAQ-DHAPPQ-ASPY75,42,0.3919853168847627,2031
007/087-mft-ASAQ-DHAPPQ-ASPY75,43,0.4510842771896493,2031
007/087-mft-ASAQ-DHAPPQ-ASPY75,44,0.4312724506499579,2031
007/087-mft-ASAQ-DHAPPQ-ASPY75,45,0.42621695439419294,2031
007/087-mft-ASAQ-DHAPPQ-ASPY75,46,0.41559382740259543,2031
007/087-mft-ASAQ-DHAPPQ-ASPY75,47,0.3109899383074048,2031
007/087-mft-ASAQ-DHAPPQ-ASPY75,48,0.35865892197923044,2031
007/087-mft-ASAQ-DHAPPQ-ASPY75,49,0.4310491129383349,2031
007/087-mft-ASAQ-DHAPPQ-ASPY75,50,0.3837473349058313,2031
007/087-mft-ASAQ-DHAPPQ-ASPY75,51,0.3802820829505647,2031
007/087-mft-ASAQ-DHAPPQ-ASPY75,52,0.41926798641185337,2031
007/087-mft-ASAQ-DHAPPQ-ASPY75,53,0.4563011941134476,2031
007/087-mft-ASAQ-DHAPPQ-ASPY75,54,0.45459882449166544,2031
007/087-mft-ASAQ-DHAPPQ-ASPY75,55,0.3630464697915956,2031
007/087-mft-ASAQ-DHAPPQ-ASPY75,56,0.3900140701235893,2031
007/087-mft-ASAQ-DHAPPQ-ASPY75,57,0.419637010285219,2031
007/087-mft-ASAQ-DHAPPQ-ASPY75,58,0.4589427575012044,2031
007/087-mft-ASAQ-DHAPPQ-ASPY75,59,0.4179820696081358,2031
007/087-mft-ASAQ-DHAPPQ-ASPY75,60,0.4166130470775597,2031
007/087-mft-ASAQ-DHAPPQ-ASPY75,61,0.4035732416816343,2031
007/087-mft-ASAQ-DHAPPQ-ASPY75,62,0.31079983229458924,2031
007/087-mft-ASAQ-DHAPPQ-ASPY75,63,0.4029942957167188,2031
007/087-mft-ASAQ-DHAPPQ-ASPY75,64,0.3538109334187685,2031
007/087-mft-ASAQ-DHAPPQ-ASPY75,65,0.42488191778867224,2031
007/087-mft-ASAQ-DHAPPQ-ASPY75,66,0.4345264855798323,2031
007/087-mft-ASAQ-DHAPPQ-ASPY75,67,0.41467474351772843,2031
007/087-mft-ASAQ-DHAPPQ-ASPY75,68,0.3868533524331424,2031
007/087-mft-ASAQ-DHAPPQ-ASPY75,69,0.3179610292791199,2031
007/087-mft-ASAQ-DHAPPQ-ASPY75,70,0.3810928421059491,2031
007/087-mft-ASAQ-DHAPPQ-ASPY75,71,0.44302581939987123,2031
007/087-mft-ASAQ-DHAPPQ-ASPY75,72,0.3594991080751555,2031
007/087-mft-ASAQ-DHAPPQ-ASPY75,73,0.45443707035165687,2031
007/087-mft-ASAQ-DHAPPQ-ASPY75,74,0.4862075622292874,2031
007/087-mft-ASAQ-DHAPPQ-ASPY75,75,0.41726908631740894,2031
007/087-mft-ASAQ-DHAPPQ-ASPY75,76,0.4281555763912545,2031
007/087-mft-ASAQ-DHAPPQ-ASPY75,77,0.4038601530728359,2031
007/087-mft-ASAQ-DHAPPQ-ASPY75,78,0.5554223900919565,2031
007/087-mft-ASAQ-DHAPPQ-ASPY75,79,0.5234366141339736,2031
007/087-mft-ASAQ-DHAPPQ-ASPY75,80,0.4717026876120088,2031
007/087-mft-ASAQ-DHAPPQ-ASPY75,81,0.42581935143812627,2031
007/087-mft-ASAQ-DHAPPQ-ASPY75,82,0.551494537541345,2031
007/087-mft-ASAQ-DHAPPQ-ASPY75,83,0.3574462707792121,2031
007/087-mft-ASAQ-DHAPPQ-ASPY75,84,0.39614275918786285,2031
007/087-mft-ASAQ-DHAPPQ-ASPY75,85,0.38325654834330275,2031
007/087-mft-ASAQ-DHAPPQ-ASPY75,86,0.39550133353082667,2031
007/087-mft-ASAQ-DHAPPQ-ASPY75,87,0.42873197528044044,2031
007/087-mft-ASAQ-DHAPPQ-ASPY75,88,0.42699316115727975,2031
007/087-mft-ASAQ-DHAPPQ-ASPY75,89,0.4604900659494699,2031
007/087-mft-ASAQ-DHAPPQ-ASPY75,90,0.3635772250253926,2031
007/087-mft-ASAQ-DHAPPQ-ASPY75,91,0.4209753611589693,2031
007/087-mft-ASAQ-DHAPPQ-ASPY75,92,0.41762083370677155,2031
007/087-mft-ASAQ-DHAPPQ-ASPY75,93,0.3907420336236704,2031
007/087-mft-ASAQ-DHAPPQ-ASPY75,94,0.48384570972834257,2031
007/087-mft-ASAQ-DHAPPQ-ASPY75,95,0.5145223518288469,2031
007/087-mft-ASAQ-DHAPPQ-ASPY75,96,0.4258255997223103,2031
007/087-mft-ASAQ-DHAPPQ-ASPY75,97,0.3424222031108614,2031
007/087-mft-ASAQ-DHAPPQ-ASPY75,98,0.5059482150939917,2031
007/087-mft-ASAQ-DHAPPQ-ASPY75,99,0.3778964339597952,2031
007/088-mft-ASAQ-DHAPPQ-ASPY65,0,0.35318257484744114,2031
007/088-mft-ASAQ-DHAPPQ-ASPY65,1,0.3984261204618453,2031
007/088-mft-ASAQ-DHAPPQ-ASPY65,2,0.44269516395037817,2031
007/088-mft-ASAQ-DHAPPQ-ASPY65,3,0.5082308203602276,2031
007/088-mft-ASAQ-DHAPPQ-ASPY65,4,0.3510650809469036,2031
007/088-mft-ASAQ-DHAPPQ-ASPY65,5,0.40931684105469196,2031
007/088-mft-ASAQ-DHAPPQ-ASPY65,6,0.39281818609853075,2031
007/088-mft-ASAQ-DHAPPQ-ASPY65,7,0.38961663620833353,2031
007/088-mft-ASAQ-DHAPPQ-ASPY65,8,0.5080456544102252,2031
007/088-mft-ASAQ-DHAPPQ-ASPY65,9,0.5082770265893108,2031
007/088-mft-ASAQ-DHAPPQ-ASPY65,10,0.4537437535128497,2031
007/088-mft-ASAQ-DHAPPQ-ASPY65,11,0.43536627813244455,2031
007/088-mft-ASAQ-DHAPPQ-ASPY65,12,0.45000944093563916,2031
007/088-mft-ASAQ-DHAPPQ-ASPY65,13,0.5259923683722453,2031
007/088-mft-ASAQ-DHAPPQ-ASPY65,14,0.30978558171868464,2031
007/088-mft-ASAQ-DHAPPQ-ASPY65,15,0.4350714235147392,2031
007/088-mft-ASAQ-DHAPPQ-ASPY65,16,0.4188932555353602,2031
007/088-mft-ASAQ-DHAPPQ-ASPY65,17,0.40539188422860833,2031
007/088-mft-ASAQ-DHAPPQ-ASPY65,18,0.43716367452935656,2031
007/088-mft-ASAQ-DHAPPQ-ASPY65,19,0.5262779110023602,2031
007/088-mft-ASAQ-DHAPPQ-ASPY65,20,0.4504187868448823,2031
007/088-mft-ASAQ-DHAPPQ-ASPY65,21,0.439579879407717,2031
007/088-mft-ASAQ-DHAPPQ-ASPY65,22,0.4747864084186677,2031
007/088-mft-ASAQ-DHAPPQ-ASPY65,23,0.4361979466829386,2031
007/088-mft-ASAQ-DHAPPQ-ASPY65,24,0.35191851652857814,2031
007/088-mft-ASAQ-DHAPPQ-ASPY65,25,0.3071791027690759,2031
007/088-mft-ASAQ-DHAPPQ-ASPY65,26,0.4180753656246563,2031
007/088-mft-ASAQ-DHAPPQ-ASPY65,27,0.3874112030073593,2031
007/088-mft-ASAQ-DHAPPQ-ASPY65,28,0.5397969632964266,2031
007/088-mft-ASAQ-DHAPPQ-ASPY65,29,0.40200806018597485,2031
007/088-mft-ASAQ-DHAPPQ-ASPY65,30,0.36556797142562064,2031
007/088-mft-ASAQ-DHAPPQ-ASPY65,31,0.4199009909141181,2031
007/088-mft-ASAQ-DHAPPQ-ASPY65,32,0.43160445189450763,2031
007/088-mft-ASAQ-DHAPPQ-ASPY65,33,0.43665177169491476,2031
007/088-mft-ASAQ-DHAPPQ-ASPY65,34,0.39885426521511164,2031
007/088-mft-ASAQ-DHAPPQ-ASPY65,35,0.3898988601257997,2031
007/088-mft-ASAQ-DHAPPQ-ASPY65,36,0.28317078207587576,2031
007/088-mft-ASAQ-DHAPPQ-ASPY65,37,0.4136732927490992,2031
007/088-mft-ASAQ-DHAPPQ-ASPY65,38,0.4033745663401409,2031
007/088-mft-ASAQ-DHAPPQ-ASPY65,39,0.4115636159724472,2031
007/088-mft-ASAQ-DHAPPQ-ASPY65,40,0.39622313953717225,2031
007/088-mft-ASAQ-DHAPPQ-ASPY65,41,0.5243895697175096,2031
007/088-mft-ASAQ-DHAPPQ-ASPY65,42,0.4330980094491163,2031
007/088-mft-ASAQ-DHAPPQ-ASPY65,43,0.44204099642018263,2031
007/088-mft-ASAQ-DHAPPQ-ASPY65,44,0.47090576578882143,2031
007/088-mft-ASAQ-DHAPPQ-ASPY65,45,0.4071873760816776,2031
007/088-mft-ASAQ-DHAPPQ-ASPY65,46,0.386961572319167,2031
007/088-mft-ASAQ-DHAPPQ-ASPY65,47,0.39137443043108594,2031
007/088-mft-ASAQ-DHAPPQ-ASPY65,48,0.3980423223800879,2031
007/088-mft-ASAQ-DHAPPQ-ASPY65,49,0.4620419251204366,2031
007/088-mft-ASAQ-DHAPPQ-ASPY65,50,0.44392168731394915,2031
007/088-mft-ASAQ-DHAPPQ-ASPY65,51,0.3537485783670106,2031
007/088-mft-ASAQ-DHAPPQ-ASPY65,52,0.43568926241682937,2031
007/088-mft-ASAQ-DHAPPQ-ASPY65,53,0.35233084837287515,2031
007/088-mft-ASAQ-DHAPPQ-ASPY65,54,0.3871189911545892,2031
007/088-mft-ASAQ-DHAPPQ-ASPY65,55,0.46620275285144624,2031
007/088-mft-ASAQ-DHAPPQ-ASPY65,56,0.49030932231376817,2031
007/088-mft-ASAQ-DHAPPQ-ASPY65,57,0.46597214073615617,2031
007/088-mft-ASAQ-DHAPPQ-ASPY65,58,0.40075330418408134,2031
007/088-mft-ASAQ-DHAPPQ-ASPY65,59,0.45224157326623526,2031
007/088-mft-ASAQ-DHAPPQ-ASPY65,60,0.3900962604321712,2031
007/088-mft-ASAQ-DHAPPQ-ASPY65,61,0.44383858254720837,2031
007/088-mft-ASAQ-DHAPPQ-ASPY65,62,0.4532788532511092,2031
007/088-mft-ASAQ-DHAPPQ-ASPY65,63,0.4657919738241659,2031
007/088-mft-ASAQ-DHAPPQ-ASPY65,64,0.4059655038098738,2031
007/088-mft-ASAQ-DHAPPQ-ASPY65,65,0.382893080702651,2031
007/088-mft-ASAQ-DHAPPQ-ASPY65,66,0.35571294180026686,2031
007/088-mft-ASAQ-DHAPPQ-ASPY65,67,0.4886183717436106,2031
007/088-mft-ASAQ-DHAPPQ-ASPY65,68,0.420494666990925,2031
007/088-mft-ASAQ-DHAPPQ-ASPY65,69,0.45253068161912147,2031
007/088-mft-ASAQ-DHAPPQ-ASPY65,70,0.3418319000142814,2031
007/088-mft-ASAQ-DHAPPQ-ASPY65,71,0.4013764363506597,2031
007/088-mft-ASAQ-DHAPPQ-ASPY65,72,0.3331833374868653,2031
007/088-mft-ASAQ-DHAPPQ-ASPY65,73,0.4521041512369479,2031
007/088-mft-ASAQ-DHAPPQ-ASPY65,74,0.48831248941943545,2031
007/088-mft-ASAQ-DHAPPQ-ASPY65,75,0.4192343578767532,2031
007/088-mft-ASAQ-DHAPPQ-ASPY65,76,0.42834714513597766,2031
007/088-mft-ASAQ-DHAPPQ-ASPY65,77,0.3978905336839904,2031
007/088-mft-ASAQ-DHAPPQ-ASPY65,78,0.4851399950571054,2031
007/088-mft-ASAQ-DHAPPQ-ASPY65,79,0.3718817397509391,2031
007/088-mft-ASAQ-DHAPPQ-ASPY65,80,0.4119974695665412,2031
007/088-mft-ASAQ-DHAPPQ-ASPY65,81,0.432679405555276,2031
007/088-mft-ASAQ-DHAPPQ-ASPY65,82,0.3602498267489615,2031
007/088-mft-ASAQ-DHAPPQ-ASPY65,83,0.41646562162155804,2031
007/088-mft-ASAQ-DHAPPQ-ASPY65,84,0.4733297641299363,2031
007/088-mft-ASAQ-DHAPPQ-ASPY65,85,0.5190782328132849,2031
007/088-mft-ASAQ-DHAPPQ-ASPY65,86,0.4163624941068868,2031
007/088-mft-ASAQ-DHAPPQ-ASPY65,87,0.375032411547392,2031
007/088-mft-ASAQ-DHAPPQ-ASPY65,88,0.3433937948241002,2031
007/088-mft-ASAQ-DHAPPQ-ASPY65,89,0.4278324063887216,2031
007/088-mft-ASAQ-DHAPPQ-ASPY65,90,0.4079718828398063,2031
007/088-mft-ASAQ-DHAPPQ-ASPY65,91,0.4927770342445859,2031
007/088-mft-ASAQ-DHAPPQ-ASPY65,92,0.4362417297435031,2031
007/088-mft-ASAQ-DHAPPQ-ASPY65,93,0.35046917291191765,2031
007/088-mft-ASAQ-DHAPPQ-ASPY65,94,0.4408793586397037,2031
007/088-mft-ASAQ-DHAPPQ-ASPY65,95,0.4635667012313267,2031
007/088-mft-ASAQ-DHAPPQ-ASPY65,96,0.3346399073835533,2031
007/088-mft-ASAQ-DHAPPQ-ASPY65,97,0.5835434571127902,2031
007/088-mft-ASAQ-DHAPPQ-ASPY65,98,0.39626738914483645,2031
007/088-mft-ASAQ-DHAPPQ-ASPY65,99,0.5017570437926854,2031
007/089-mft-AL-ASAQ-DHAPPQ-ASPY85,0,0.40753872684324893,2031
007/089-mft-AL-ASAQ-DHAPPQ-ASPY85,1,0.3829050919225834,2031
007/089-mft-AL-ASAQ-DHAPPQ-ASPY85,2,0.4885129705017775,2031
007/089-mft-AL-ASAQ-DHAPPQ-ASPY85,3,0.499638010649419,2031
007/089-mft-AL-ASAQ-DHAPPQ-ASPY85,4,0.5457706240373791,2031
007/089-mft-AL-ASAQ-DHAPPQ-ASPY85,5,0.5297246990800766,2031
007/089-mft-AL-ASAQ-DHAPPQ-ASPY85,6,0.449930399131393,2031
007/089-mft-AL-ASAQ-DHAPPQ-ASPY85,7,0.4445662353591424,2031
007/089-mft-AL-ASAQ-DHAPPQ-ASPY85,8,0.3820517631768073,2031
007/089-mft-AL-ASAQ-DHAPPQ-ASPY85,9,0.4654134732570426,2031
007/089-mft-AL-ASAQ-DHAPPQ-ASPY85,10,0.45861577484464777,2031
007/089-mft-AL-ASAQ-DHAPPQ-ASPY85,11,0.3976144385098595,2031
007/089-mft-AL-ASAQ-DHAPPQ-ASPY85,12,0.47355262082716226,2031
007/089-mft-AL-ASAQ-DHAPPQ-ASPY85,13,0.3882470680834254,2031
007/089-mft-AL-ASAQ-DHAPPQ-ASPY85,14,0.5135804006958851,2031
007/089-mft-AL-ASAQ-DHAPPQ-ASPY85,15,0.43642987654004023,2031
007/089-mft-AL-ASAQ-DHAPPQ-ASPY85,16,0.5410344266487885,2031
007/089-mft-AL-ASAQ-DHAPPQ-ASPY85,17,0.5412278947410187,2031
007/089-mft-AL-ASAQ-DHAPPQ-ASPY85,18,0.45013285116005347,2031
007/089-mft-AL-ASAQ-DHAPPQ-ASPY85,19,0.45219395785848376,2031
007/089-mft-AL-ASAQ-DHAPPQ-ASPY85,20,0.5535092043182428,2031
007/089-mft-AL-ASAQ-DHAPPQ-ASPY85,21,0.47760697607779473,2031
007/089-mft-AL-ASAQ-DHAPPQ-ASPY85,22,0.5950344287475272,2031
007/089-mft-AL-ASAQ-DHAPPQ-ASPY85,23,0.4766162984928226,2031
007/089-mft-AL-ASAQ-DHAPPQ-ASPY85,24,0.5090022823682063,2031
007/089-mft-AL-ASAQ-DHAPPQ-ASPY85,25,0.4794634704782788,2031
007/089-mft-AL-ASAQ-DHAPPQ-ASPY85,26,0.5614886972581314,2031
007/089-mft-AL-ASAQ-DHAPPQ-ASPY85,27,0.5456311669181783,2031
007/089-mft-AL-ASAQ-DHAPPQ-ASPY85,28,0.5773626897607339,2031
007/089-mft-AL-ASAQ-DHAPPQ-ASPY85,29,0.5403997531521813,2031
007/089-mft-AL-ASAQ-DHAPPQ-ASPY85,30,0.5660286113370717,2031
007/089-mft-AL-ASAQ-DHAPPQ-ASPY85,31,0.4601977345836365,2031
007/089-mft-AL-ASAQ-DHAPPQ-ASPY85,32,0.48070615373319686,2031
007/089-mft-AL-ASAQ-DHAPPQ-ASPY85,33,0.4265735186887641,2031
007/089-mft-AL-ASAQ-DHAPPQ-ASPY85,34,0.5025014885420621,2031
007/089-mft-AL-ASAQ-DHAPPQ-ASPY85,35,0.5550356685959711,2031
007/089-mft-AL-ASAQ-DHAPPQ-ASPY85,36,0.5378308854047228,2031
007/089-mft-AL-ASAQ-DHAPPQ-ASPY85,37,0.5081108891817053,2031
007/089-mft-AL-ASAQ-DHAPPQ-ASPY85,38,0.44595072818843823,2031
007/089-mft-AL-ASAQ-DHAPPQ-ASPY85,39,0.4610536848528693,2031
007/089-mft-AL-ASAQ-DHAPPQ-ASPY85,40,0.4659683732703808,2031
007/089-mft-AL-ASAQ-DHAPPQ-ASPY85,41,0.429435884132437,2031
007/089-mft-AL-ASAQ-DHAPPQ-ASPY85,42,0.4648232757005653,2031
007/089-mft-AL-ASAQ-DHAPPQ-ASPY85,43,0.4935154493756935,2031
007/089-mft-AL-ASAQ-DHAPPQ-ASPY85,44,0.45918703084282503,2031
007/089-mft-AL-ASAQ-DHAPPQ-ASPY85,45,0.43888748401844424,2031
007/089-mft-AL-ASAQ-DHAPPQ-ASPY85,46,0.32580609711137704,2031
007/089-mft-AL-ASAQ-DHAPPQ-ASPY85,47,0.48075577720905,2031
007/089-mft-AL-ASAQ-DHAPPQ-ASPY85,48,0.4892509697137491,2031
007/089-mft-AL-ASAQ-DHAPPQ-ASPY85,49,0.5745617766937059,2031
007/089-mft-AL-ASAQ-DHAPPQ-ASPY85,50,0.4926610691531305,2031
007/089-mft-AL-ASAQ-DHAPPQ-ASPY85,51,0.4879772855050429,2031
007/089-mft-AL-ASAQ-DHAPPQ-ASPY85,52,0.47644788327570975,2031
007/089-mft-AL-ASAQ-DHAPPQ-ASPY85,53,0.5620333594329613,2031
007/089-mft-AL-ASAQ-DHAPPQ-ASPY85,54,0.48525714819308563,2031
007/089-mft-AL-ASAQ-DHAPPQ-ASPY85,55,0.5636266837865339,2031
007/089-mft-AL-ASAQ-DHAPPQ-ASPY85,56,0.6046785770887632,2031
007/089-mft-AL-ASAQ-DHAPPQ-ASPY85,57,0.36346618936987346,2031
007/089-mft-AL-ASAQ-DHAPPQ-ASPY85,58,0.4400126053939984,2031
007/089-mft-AL-ASAQ-DHAPPQ-ASPY85,59,0.45093718741555927,2031
007/089-mft-AL-ASAQ-DHAPPQ-ASPY85,60,0.42523459648543177,2031
007/089-mft-AL-ASAQ-DHAPPQ-ASPY85,61,0.6190104886831264,2031
007/089-mft-AL-ASAQ-DHAPPQ-ASPY85,62,0.48445353842646616,2031
007/089-mft-AL-ASAQ-DHAPPQ-ASPY85,63,0.47331917955033925,2031
007/089-mft-AL-ASAQ-DHAPPQ-ASPY85,64,0.4273860377250245,2031
007/089-mft-AL-ASAQ-DHAPPQ-ASPY85,65,0.4703549479935188,2031
007/089-mft-AL-ASAQ-DHAPPQ-ASPY85,66,0.47255556236642066,2031
007/089-mft-AL-ASAQ-DHAPPQ-ASPY85,67,0.52687188129376,2031
007/089-mft-AL-ASAQ-DHAPPQ-ASPY85,68,0.4726447378795275,2031
007/089-mft-AL-ASAQ-DHAPPQ-ASPY85,69,0.48628240183414523,2031
007/089-mft-AL-ASAQ-DHAPPQ-ASPY85,70,0.5243036422221496,2031
007/089-mft-AL-ASAQ-DHAPPQ-ASPY85,71,0.5418038592906123,2031
007/089-mft-AL-ASAQ-DHAPPQ-ASPY85,72,0.5051853167457375,2031
007/089-mft-AL-ASAQ-DHAPPQ-ASPY85,73,0.5843855387309215,2031
007/089-mft-AL-ASAQ-DHAPPQ-ASPY85,74,0.4322505802326302,2031
007/089-mft-AL-ASAQ-DHAPPQ-ASPY85,75,0.46173214918991445,2031
007/089-mft-AL-ASAQ-DHAPPQ-ASPY85,76,0.4842485119772082,2031
007/089-mft-AL-ASAQ-DHAPPQ-ASPY85,77,0.468948180913888,2031
007/089-mft-AL-ASAQ-DHAPPQ-ASPY85,78,0.5089565955733226,2031
007/089-mft-AL-ASAQ-DHAPPQ-ASPY85,79,0.5375005861545942,2031
007/089-mft-AL-ASAQ-DHAPPQ-ASPY85,80,0.44791429472745087,2031
007/089-mft-AL-ASAQ-DHAPPQ-ASPY85,81,0.5039132697973588,2031
007/089-mft-AL-ASAQ-DHAPPQ-ASPY85,82,0.37952467117763744,2031
007/089-mft-AL-ASAQ-DHAPPQ-ASPY85,83,0.41952560470663053,2031
007/089-mft-AL-ASAQ-DHAPPQ-ASPY85,84,0.4859082314790954,2031
007/089-mft-AL-ASAQ-DHAPPQ-ASPY85,85,0.5022380542369987,2031
007/089-mft-AL-ASAQ-DHAPPQ-ASPY85,86,0.5029963082221519,2031
007/089-mft-AL-ASAQ-DHAPPQ-ASPY85,87,0.42842825857701206,2031
007/089-mft-AL-ASAQ-DHAPPQ-ASPY85,88,0.47120860285023,2031
007/089-mft-AL-ASAQ-DHAPPQ-ASPY85,89,0.4745313231620532,2031
007/089-mft-AL-ASAQ-DHAPPQ-ASPY85,90,0.4223682386585417,2031
007/089-mft-AL-ASAQ-DHAPPQ-ASPY85,91,0.5200839842423143,2031
007/089-mft-AL-ASAQ-DHAPPQ-ASPY85,92,0.41833362271374197,2031
007/089-mft-AL-ASAQ-DHAPPQ-ASPY85,93,0.5164563661842906,2031
007/089-mft-AL-ASAQ-DHAPPQ-ASPY85,94,0.48535006892619165,2031
007/089-mft-AL-ASAQ-DHAPPQ-ASPY85,95,0.4901372541145177,2031
007/089-mft-AL-ASAQ-DHAPPQ-ASPY85,96,0.49942645691180315,2031
007/089-mft-AL-ASAQ-DHAPPQ-ASPY85,97,0.4062005862100437,2031
007/089-mft-AL-ASAQ-DHAPPQ-ASPY85,98,0.4280437467465718,2031
007/089-mft-AL-ASAQ-DHAPPQ-ASPY85,99,0.3849861985472543,2031
007/090-mft-AL-ASAQ-DHAPPQ-ASPY75,0,0.4866918478466473,2031
007/090-mft-AL-ASAQ-DHAPPQ-ASPY75,1,0.3507420376812786,2031
007/090-mft-AL-ASAQ-DHAPPQ-ASPY75,2,0.5330725972475768,2031
007/090-mft-AL-ASAQ-DHAPPQ-ASPY75,3,0.4393040858604065,2031
007/090-mft-AL-ASAQ-DHAPPQ-ASPY75,4,0.4441356347534215,2031
007/090-mft-AL-ASAQ-DHAPPQ-ASPY75,5,0.5719725230678555,2031
007/090-mft-AL-ASAQ-DHAPPQ-ASPY75,6,0.5896005025166836,2031
007/090-mft-AL-ASAQ-DHAPPQ-ASPY75,7,0.4585733259452076,2031
007/090-mft-AL-ASAQ-DHAPPQ-ASPY75,8,0.4835836174973361,2031
007/090-mft-AL-ASAQ-DHAPPQ-ASPY75,9,0.4367042867624356,2031
007/090-mft-AL-ASAQ-DHAPPQ-ASPY75,10,0.5025649105424328,2031
007/090-mft-AL-ASAQ-DHAPPQ-ASPY75,11,0.4727420833740352,2031
007/090-mft-AL-ASAQ-DHAPPQ-ASPY75,12,0.526006128120949,2031
007/090-mft-AL-ASAQ-DHAPPQ-ASPY75,13,0.5393921304739911,2031
007/090-mft-AL-ASAQ-DHAPPQ-ASPY75,14,0.38738584654311087,2031
007/090-mft-AL-ASAQ-DHAPPQ-ASPY75,15,0.4111792845878281,2031
007/090-mft-AL-ASAQ-DHAPPQ-ASPY75,16,0.4561255394271441,2031
007/090-mft-AL-ASAQ-DHAPPQ-ASPY75,17,0.586968558162254,2031
007/090-mft-AL-ASAQ-DHAPPQ-ASPY75,18,0.39114581377879426,2031
007/090-mft-AL-ASAQ-DHAPPQ-ASPY75,19,0.4485222508753531,2031
007/090-mft-AL-ASAQ-DHAPPQ-ASPY75,20,0.44552240565060236,2031
007/090-mft-AL-ASAQ-DHAPPQ-ASPY75,21,0.6354401653727647,2031
007/090-mft-AL-ASAQ-DHAPPQ-ASPY75,22,0.43070489973240417,2031
007/090-mft-AL-ASAQ-DHAPPQ-ASPY75,23,0.46324921208084574,2031
007/090-mft-AL-ASAQ-DHAPPQ-ASPY75,24,0.5111270531432274,2031
007/090-mft-AL-ASAQ-DHAPPQ-ASPY75,25,0.48229554744420416,2031
007/090-mft-AL-ASAQ-DHAPPQ-ASPY75,26,0.44180691925475674,2031
007/090-mft-AL-ASAQ-DHAPPQ-ASPY75,27,0.5641093546597349,2031
007/090-mft-AL-ASAQ-DHAPPQ-ASPY75,28,0.4504994445100931,2031
007/090-mft-AL-ASAQ-DHAPPQ-ASPY75,29,0.5235930071296786,2031
007/090-mft-AL-ASAQ-DHAPPQ-ASPY75,30,0.47216383397936856,2031
007/090-mft-AL-ASAQ-DHAPPQ-ASPY75,31,0.4017679611596545,2031
007/090-mft-AL-ASAQ-DHAPPQ-ASPY75,32,0.44763885379486884,2031
007/090-mft-AL-ASAQ-DHAPPQ-ASPY75,33,0.5154106564780787,2031
007/090-mft-AL-ASAQ-DHAPPQ-ASPY75,34,0.49624148789601935,2031
007/090-mft-AL-ASAQ-DHAPPQ-ASPY75,35,0.5278003132410417,2031
007/090-mft-AL-ASAQ-DHAPPQ-ASPY75,36,0.5252558203969094,2031
007/090-mft-AL-ASAQ-DHAPPQ-ASPY75,37,0.48063959120376615,2031
007/090-mft-AL-ASAQ-DHAPPQ-ASPY75,38,0.5799209155347954,2031
007/090-mft-AL-ASAQ-DHAPPQ-ASPY75,39,0.6105378443340104,2031
007/090-mft-AL-ASAQ-DHAPPQ-ASPY75,40,0.5322776141294263,2031
007/090-mft-AL-ASAQ-DHAPPQ-ASPY75,41,0.49917983454742093,2031
007/090-mft-AL-ASAQ-DHAPPQ-ASPY75,42,0.5657443722028519,2031
007/090-mft-AL-ASAQ-DHAPPQ-ASPY75,43,0.5022962847758266,2031
007/090-mft-AL-ASAQ-DHAPPQ-ASPY75,44,0.462935304765631,2031
007/090-mft-AL-ASAQ-DHAPPQ-ASPY75,45,0.5086070954918559,2031
007/090-mft-AL-ASAQ-DHAPPQ-ASPY75,46,0.5352175663348613,2031
007/090-mft-AL-ASAQ-DHAPPQ-ASPY75,47,0.5049986353403071,2031
007/090-mft-AL-ASAQ-DHAPPQ-ASPY75,48,0.5288991449145531,2031
007/090-mft-AL-ASAQ-DHAPPQ-ASPY75,49,0.5612906458247652,2031
007/090-mft-AL-ASAQ-DHAPPQ-ASPY75,50,0.5925954551440283,2031
007/090-mft-AL-ASAQ-DHAPPQ-ASPY75,51,0.6086997117721212,2031
007/090-mft-AL-ASAQ-DHAPPQ-ASPY75,52,0.5261646815623066,2031
007/090-mft-AL-ASAQ-DHAPPQ-ASPY75,53,0.5002451422569681,2031
007/090-mft-AL-ASAQ-DHAPPQ-ASPY75,54,0.4398207259397969,2031
007/090-mft-AL-ASAQ-DHAPPQ-ASPY75,55,0.49981254786081125,2031
007/090-mft-AL-ASAQ-DHAPPQ-ASPY75,56,0.572587614148616,2031
007/090-mft-AL-ASAQ-DHAPPQ-ASPY75,57,0.4865632433125309,2031
007/090-mft-AL-ASAQ-DHAPPQ-ASPY75,58,0.404106464956834,2031
007/090-mft-AL-ASAQ-DHAPPQ-ASPY75,59,0.5582960493681317,2031
007/090-mft-AL-ASAQ-DHAPPQ-ASPY75,60,0.5622439557841028,2031
007/090-mft-AL-ASAQ-DHAPPQ-ASPY75,61,0.5467062186755174,2031
007/090-mft-AL-ASAQ-DHAPPQ-ASPY75,62,0.5853943125011284,2031
007/090-mft-AL-ASAQ-DHAPPQ-ASPY75,63,0.3698211721303677,2031
007/090-mft-AL-ASAQ-DHAPPQ-ASPY75,64,0.5687305890499218,2031
007/090-mft-AL-ASAQ-DHAPPQ-ASPY75,65,0.4875805228826522,2031
007/090-mft-AL-ASAQ-DHAPPQ-ASPY75,66,0.5049420707025828,2031
007/090-mft-AL-ASAQ-DHAPPQ-ASPY75,67,0.4746214496234211,2031
007/090-mft-AL-ASAQ-DHAPPQ-ASPY75,68,0.4794447862503311,2031
007/090-mft-AL-ASAQ-DHAPPQ-ASPY75,69,0.47236930690700607,2031
007/090-mft-AL-ASAQ-DHAPPQ-ASPY75,70,0.5254364755744989,2031
007/090-mft-AL-ASAQ-DHAPPQ-ASPY75,71,0.5326274950840825,2031
007/090-mft-AL-ASAQ-DHAPPQ-ASPY75,72,0.40723914987478144,2031
007/090-mft-AL-ASAQ-DHAPPQ-ASPY75,73,0.566163207157737,2031
007/090-mft-AL-ASAQ-DHAPPQ-ASPY75,74,0.5032104397652802,2031
007/090-mft-AL-ASAQ-DHAPPQ-ASPY75,75,0.6513602646894808,2031
007/090-mft-AL-ASAQ-DHAPPQ-ASPY75,76,0.43557022909430815,2031
007/090-mft-AL-ASAQ-DHAPPQ-ASPY75,77,0.4890746063144153,2031
007/090-mft-AL-ASAQ-DHAPPQ-ASPY75,78,0.4467728511511814,2031
007/090-mft-AL-ASAQ-DHAPPQ-ASPY75,79,0.4827790899013275,2031
007/090-mft-AL-ASAQ-DHAPPQ-ASPY75,80,0.4427250386046988,2031
007/090-mft-AL-ASAQ-DHAPPQ-ASPY75,81,0.6162671949801289,2031
007/090-mft-AL-ASAQ-DHAPPQ-ASPY75,82,0.4099678835540633,2031
007/090-mft-AL-ASAQ-DHAPPQ-ASPY75,83,0.5023250099729758,2031
007/090-mft-AL-ASAQ-DHAPPQ-ASPY75,84,0.49640551466318544,2031
007/090-mft-AL-ASAQ-DHAPPQ-ASPY75,85,0.6376729056873577,2031
007/090-mft-AL-ASAQ-DHAPPQ-ASPY75,86,0.412881961611896,2031
007/090-mft-AL-ASAQ-DHAPPQ-ASPY75,87,0.5715531082451358,2031
007/090-mft-AL-ASAQ-DHAPPQ-ASPY75,88,0.4511422373000369,2031
007/090-mft-AL-ASAQ-DHAPPQ-ASPY75,89,0.4688946744167508,2031
007/090-mft-AL-ASAQ-DHAPPQ-ASPY75,90,0.4433075584936721,2031
007/090-mft-AL-ASAQ-DHAPPQ-ASPY75,91,0.49786869529211514,2031
007/090-mft-AL-ASAQ-DHAPPQ-ASPY75,92,0.5127811931237726,2031
007/090-mft-AL-ASAQ-DHAPPQ-ASPY75,93,0.5086937879935535,2031
007/090-mft-AL-ASAQ-DHAPPQ-ASPY75,94,0.5056341522219231,2031
007/090-mft-AL-ASAQ-DHAPPQ-ASPY75,95,0.40620262521963574,2031
007/090-mft-AL-ASAQ-DHAPPQ-ASPY75,96,0.5734513037173985,2031
007/090-mft-AL-ASAQ-DHAPPQ-ASPY75,97,0.37726617258877077,2031
007/090-mft-AL-ASAQ-DHAPPQ-ASPY75,98,0.520551968452381,2031
007/090-mft-AL-ASAQ-DHAPPQ-ASPY75,99,0.41491219867689483,2031
007/091-mft-AL-ASAQ-DHAPPQ-ASPY65,0,0.48038647555287284,2031
007/091-mft-AL-ASAQ-DHAPPQ-ASPY65,1,0.5704172152906345,2031
007/091-mft-AL-ASAQ-DHAPPQ-ASPY65,2,0.36249197015044304,2031
007/091-mft-AL-ASAQ-DHAPPQ-ASPY65,3,0.5396781567362117,2031
007/091-mft-AL-ASAQ-DHAPPQ-ASPY65,4,0.5169290678226457,2031
007/091-mft-AL-ASAQ-DHAPPQ-ASPY65,5,0.4485770209220221,2031
007/091-mft-AL-ASAQ-DHAPPQ-ASPY65,6,0.5070351586716341,2031
007/091-mft-AL-ASAQ-DHAPPQ-ASPY65,7,0.44816799367250665,2031
007/091-mft-AL-ASAQ-DHAPPQ-ASPY65,8,0.42400000299938506,2031
007/091-mft-AL-ASAQ-DHAPPQ-ASPY65,9,0.5386701453639093,2031
007/091-mft-AL-ASAQ-DHAPPQ-ASPY65,10,0.569979874382573,2031
007/091-mft-AL-ASAQ-DHAPPQ-ASPY65,11,0.4846443294494141,2031
007/091-mft-AL-ASAQ-DHAPPQ-ASPY65,12,0.5021041640896915,2031
007/091-mft-AL-ASAQ-DHAPPQ-ASPY65,13,0.3619375648652216,2031
007/091-mft-AL-ASAQ-DHAPPQ-ASPY65,14,0.4770111760324109,2031
007/091-mft-AL-ASAQ-DHAPPQ-ASPY65,15,0.5139315716139007,2031
007/091-mft-AL-ASAQ-DHAPPQ-ASPY65,16,0.49770493677346844,2031
007/091-mft-AL-ASAQ-DHAPPQ-ASPY65,17,0.4062664829383536,2031
007/091-mft-AL-ASAQ-DHAPPQ-ASPY65,18,0.5315723155643819,2031
007/091-mft-AL-ASAQ-DHAPPQ-ASPY65,19,0.43242139422811804,2031
007/091-mft-AL-ASAQ-DHAPPQ-ASPY65,20,0.5875161611537453,2031
007/091-mft-AL-ASAQ-DHAPPQ-ASPY65,21,0.5834405837654644,2031
007/091-mft-AL-ASAQ-DHAPPQ-ASPY65,22,0.5826814948241338,2031
007/091-mft-AL-ASAQ-DHAPPQ-ASPY65,23,0.5757261542091768,2031
007/091-mft-AL-ASAQ-DHAPPQ-ASPY65,24,0.4784418906883781,2031
007/091-mft-AL-ASAQ-DHAPPQ-ASPY65,25,0.5068623220296881,2031
007/091-mft-AL-ASAQ-DHAPPQ-ASPY65,26,0.45541542156756337,2031
007/091-mft-AL-ASAQ-DHAPPQ-ASPY65,27,0.5625095337900358,2031
007/091-mft-AL-ASAQ-DHAPPQ-ASPY65,28,0.4122681173476392,2031
007/091-mft-AL-ASAQ-DHAPPQ-ASPY65,29,0.6031053425846667,2031
007/091-mft-AL-ASAQ-DHAPPQ-ASPY65,30,0.41642487300172587,2031
007/091-mft-AL-ASAQ-DHAPPQ-ASPY65,31,0.49570311842157116,2031
007/091-mft-AL-ASAQ-DHAPPQ-ASPY65,32,0.45186173208287245,2031
007/091-mft-AL-ASAQ-DHAPPQ-ASPY65,33,0.5075831608750119,2031
007/091-mft-AL-ASAQ-DHAPPQ-ASPY65,34,0.4733085629350353,2031
007/091-mft-AL-ASAQ-DHAPPQ-ASPY65,35,0.5246147712877339,2031
007/091-mft-AL-ASAQ-DHAPPQ-ASPY65,36,0.4776975317685153,2031
007/091-mft-AL-ASAQ-DHAPPQ-ASPY65,37,0.46331873211929236,2031
007/091-mft-AL-ASAQ-DHAPPQ-ASPY65,38,0.4086838025241062,2031
007/091-mft-AL-ASAQ-DHAPPQ-ASPY65,39,0.47337618086827266,2031
007/091-mft-AL-ASAQ-DHAPPQ-ASPY65,40,0.5599769651250216,2031
007/091-mft-AL-ASAQ-DHAPPQ-ASPY65,41,0.5451910198334238,2031
007/091-mft-AL-ASAQ-DHAPPQ-ASPY65,42,0.4572569289538649,2031
007/091-mft-AL-ASAQ-DHAPPQ-ASPY65,43,0.6672363150149311,2031
007/091-mft-AL-ASAQ-DHAPPQ-ASPY65,44,0.4076531566679403,2031
007/091-mft-AL-ASAQ-DHAPPQ-ASPY65,45,0.3577586396992995,2031
007/091-mft-AL-ASAQ-DHAPPQ-ASPY65,46,0.5312592035720767,2031
007/091-mft-AL-ASAQ-DHAPPQ-ASPY65,47,0.4743613794997981,2031
007/091-mft-AL-ASAQ-DHAPPQ-ASPY65,48,0.5110847235646545,2031
007/091-mft-AL-ASAQ-DHAPPQ-ASPY65,49,0.5633909753352614,2031
007/091-mft-AL-ASAQ-DHAPPQ-ASPY65,50,0.47607288167871925,2031
007/091-mft-AL-ASAQ-DHAPPQ-ASPY65,51,0.5575668248409807,2031
007/091-mft-AL-ASAQ-DHAPPQ-ASPY65,52,0.4880129622171838,2031
007/091-mft-AL-ASAQ-DHAPPQ-ASPY65,53,0.5676830863545405,2031
007/091-mft-AL-ASAQ-DHAPPQ-ASPY65,54,0.5236931407910373,2031
007/091-mft-AL-ASAQ-DHAPPQ-ASPY65,55,0.5379261476597567,2031
007/091-mft-AL-ASAQ-DHAPPQ-ASPY65,56,0.3929091217442375,2031
007/091-mft-AL-ASAQ-DHAPPQ-ASPY65,57,0.3357591482317736,2031
007/091-mft-AL-ASAQ-DHAPPQ-ASPY65,58,0.5164138043803955,2031
007/091-mft-AL-ASAQ-DHAPPQ-ASPY65,59,0.47866964546592095,2031
007/091-mft-AL-ASAQ-DHAPPQ-ASPY65,60,0.46571148458479183,2031
007/091-mft-AL-ASAQ-DHAPPQ-ASPY65,61,0.5920617544145521,2031
007/091-mft-AL-ASAQ-DHAPPQ-ASPY65,62,0.540577986082425,2031
007/091-mft-AL-ASAQ-DHAPPQ-ASPY65,63,0.6440167401594183,2031
007/091-mft-AL-ASAQ-DHAPPQ-ASPY65,64,0.48443997091742674,2031
007/091-mft-AL-ASAQ-DHAPPQ-ASPY65,65,0.5414594793561401,2031
007/091-mft-AL-ASAQ-DHAPPQ-ASPY65,66,0.6064872269282807,2031
007/091-mft-AL-ASAQ-DHAPPQ-ASPY65,67,0.5729214535846319,2031
007/091-mft-AL-ASAQ-DHAPPQ-ASPY65,68,0.49600354748857045,2031
007/091-mft-AL-ASAQ-DHAPPQ-ASPY65,69,0.480238151405913,2031
007/091-mft-AL-ASAQ-DHAPPQ-ASPY65,70,0.520877464809426,2031
007/091-mft-AL-ASAQ-DHAPPQ-ASPY65,71,0.5074685566307451,2031
007/091-mft-AL-ASAQ-DHAPPQ-ASPY65,72,0.4603204644364252,2031
007/091-mft-AL-ASAQ-DHAPPQ-ASPY65,73,0.39132041576650356,2031
007/091-mft-AL-ASAQ-DHAPPQ-ASPY65,74,0.4522314114148287,2031
007/091-mft-AL-ASAQ-DHAPPQ-ASPY65,75,0.41276875102305577,2031
007/091-mft-AL-ASAQ-DHAPPQ-ASPY65,76,0.4664079541096871,2031
007/091-mft-AL-ASAQ-DHAPPQ-ASPY65,77,0.5115161249838799,2031
007/091-mft-AL-ASAQ-DHAPPQ-ASPY65,78,0.4893759602212116,2031
007/091-mft-AL-ASAQ-DHAPPQ-ASPY65,79,0.5831536880140334,2031
007/091-mft-AL-ASAQ-DHAPPQ-ASPY65,80,0.47048682166052885,2031
007/091-mft-AL-ASAQ-DHAPPQ-ASPY65,81,0.4723600910001418,2031
007/091-mft-AL-ASAQ-DHAPPQ-ASPY65,82,0.4508241470737388,2031
007/091-mft-AL-ASAQ-DHAPPQ-ASPY65,83,0.5109349112382716,2031
007/091-mft-AL-ASAQ-DHAPPQ-ASPY65,84,0.5684325898652353,2031
007/091-mft-AL-ASAQ-DHAPPQ-ASPY65,85,0.3642105992962699,2031
007/091-mft-AL-ASAQ-DHAPPQ-ASPY65,86,0.5324613648546884,2031
007/091-mft-AL-ASAQ-DHAPPQ-ASPY65,87,0.538791658832171,2031
007/091-mft-AL-ASAQ-DHAPPQ-ASPY65,88,0.5077950153547487,2031
007/091-mft-AL-ASAQ-DHAPPQ-ASPY65,89,0.5142685475794239,2031
007/091-mft-AL-ASAQ-DHAPPQ-ASPY65,90,0.37767651045216605,2031
007/091-mft-AL-ASAQ-DHAPPQ-ASPY65,91,0.5078955167456743,2031
007/091-mft-AL-ASAQ-DHAPPQ-ASPY65,92,0.5116944746160853,2031
007/091-mft-AL-ASAQ-DHAPPQ-ASPY65,93,0.4561995880129846,2031
007/091-mft-AL-ASAQ-DHAPPQ-ASPY65,94,0.4550282174403543,2031
007/091-mft-AL-ASAQ-DHAPPQ-ASPY65,95,0.4908943930540243,2031
007/091-mft-AL-ASAQ-DHAPPQ-ASPY65,96,0.4982976888231609,2031
007/091-mft-AL-ASAQ-DHAPPQ-ASPY65,97,0.492562644297972,2031
007/091-mft-AL-ASAQ-DHAPPQ-ASPY65,98,0.4138360964177828,2031
007/091-mft-AL-ASAQ-DHAPPQ-ASPY65,99,0.507245850947386,2031
007/092-region-specific-Kagera-ASAQ-Others-ASAQ-Delay-0y,0,0.3885400917226782,2031
007/092-region-specific-Kagera-ASAQ-Others-ASAQ-Delay-0y,1,0.3704112169548715,2031
007/092-region-specific-Kagera-ASAQ-Others-ASAQ-Delay-0y,2,0.4072820327974724,2031
007/092-region-specific-Kagera-ASAQ-Others-ASAQ-Delay-0y,3,0.32091590011374554,2031
007/092-region-specific-Kagera-ASAQ-Others-ASAQ-Delay-0y,4,0.40310586515428604,2031
007/092-region-specific-Kagera-ASAQ-Others-ASAQ-Delay-0y,5,0.3754641767208093,2031
007/092-region-specific-Kagera-ASAQ-Others-ASAQ-Delay-0y,6,0.4036775193372477,2031
007/092-region-specific-Kagera-ASAQ-Others-ASAQ-Delay-0y,7,0.34345045678469693,2031
007/092-region-specific-Kagera-ASAQ-Others-ASAQ-Delay-0y,8,0.3952118881128046,2031
007/092-region-specific-Kagera-ASAQ-Others-ASAQ-Delay-0y,9,0.40154466576353487,2031
007/092-region-specific-Kagera-ASAQ-Others-ASAQ-Delay-0y,10,0.35161129936386054,2031
007/092-region-specific-Kagera-ASAQ-Others-ASAQ-Delay-0y,11,0.4112520663427706,2031
007/092-region-specific-Kagera-ASAQ-Others-ASAQ-Delay-0y,12,0.3618158261385231,2031
007/092-region-specific-Kagera-ASAQ-Others-ASAQ-Delay-0y,13,0.32449457345727073,2031
007/092-region-specific-Kagera-ASAQ-Others-ASAQ-Delay-0y,14,0.38380223973152416,2031
007/092-region-specific-Kagera-ASAQ-Others-ASAQ-Delay-0y,15,0.26296660807270195,2031
007/092-region-specific-Kagera-ASAQ-Others-ASAQ-Delay-0y,16,0.3955342902176621,2031
007/092-region-specific-Kagera-ASAQ-Others-ASAQ-Delay-0y,17,0.4050492198757327,2031
007/092-region-specific-Kagera-ASAQ-Others-ASAQ-Delay-0y,18,0.43504745721024934,2031
007/092-region-specific-Kagera-ASAQ-Others-ASAQ-Delay-0y,19,0.26748620076251384,2031
007/092-region-specific-Kagera-ASAQ-Others-ASAQ-Delay-0y,20,0.4204113833963055,2031
007/092-region-specific-Kagera-ASAQ-Others-ASAQ-Delay-0y,21,0.37665003783819784,2031
007/092-region-specific-Kagera-ASAQ-Others-ASAQ-Delay-0y,22,0.4279815535476709,2031
007/092-region-specific-Kagera-ASAQ-Others-ASAQ-Delay-0y,23,0.3505737347241389,2031
007/092-region-specific-Kagera-ASAQ-Others-ASAQ-Delay-0y,24,0.3244671353572193,2031
007/092-region-specific-Kagera-ASAQ-Others-ASAQ-Delay-0y,25,0.3771145313374178,2031
007/092-region-specific-Kagera-ASAQ-Others-ASAQ-Delay-0y,26,0.4207555345628185,2031
007/092-region-specific-Kagera-ASAQ-Others-ASAQ-Delay-0y,27,0.3494627693603096,2031
007/092-region-specific-Kagera-ASAQ-Others-ASAQ-Delay-0y,28,0.35493661190197906,2031
007/092-region-specific-Kagera-ASAQ-Others-ASAQ-Delay-0y,29,0.43931716351364364,2031
007/092-region-specific-Kagera-ASAQ-Others-ASAQ-Delay-0y,30,0.3300071845290344,2031
007/092-region-specific-Kagera-ASAQ-Others-ASAQ-Delay-0y,31,0.37423850531343916,2031
007/092-region-specific-Kagera-ASAQ-Others-ASAQ-Delay-0y,32,0.4088874391319441,2031
007/092-region-specific-Kagera-ASAQ-Others-ASAQ-Delay-0y,33,0.34081355284761217,2031
007/092-region-specific-Kagera-ASAQ-Others-ASAQ-Delay-0y,34,0.3527510579318045,2031
007/092-region-specific-Kagera-ASAQ-Others-ASAQ-Delay-0y,35,0.4807607752101579,2031
007/092-region-specific-Kagera-ASAQ-Others-ASAQ-Delay-0y,36,0.40537878409709277,2031
007/092-region-specific-Kagera-ASAQ-Others-ASAQ-Delay-0y,37,0.34206848847773214,2031
007/092-region-specific-Kagera-ASAQ-Others-ASAQ-Delay-0y,38,0.3420185552543719,2031
007/092-region-specific-Kagera-ASAQ-Others-ASAQ-Delay-0y,39,0.33773224668837015,2031
007/092-region-specific-Kagera-ASAQ-Others-ASAQ-Delay-0y,40,0.33444442965359594,2031
007/092-region-specific-Kagera-ASAQ-Others-ASAQ-Delay-0y,41,0.41784772598806486,2031
007/092-region-specific-Kagera-ASAQ-Others-ASAQ-Delay-0y,42,0.3700051425567208,2031
007/092-region-specific-Kagera-ASAQ-Others-ASAQ-Delay-0y,43,0.3604025321508248,2031
007/092-region-specific-Kagera-ASAQ-Others-ASAQ-Delay-0y,44,0.3044541084184118,2031
007/092-region-specific-Kagera-ASAQ-Others-ASAQ-Delay-0y,45,0.366592434021054,2031
007/092-region-specific-Kagera-ASAQ-Others-ASAQ-Delay-0y,46,0.504509687103817,2031
007/092-region-specific-Kagera-ASAQ-Others-ASAQ-Delay-0y,47,0.3255888348502007,2031
007/092-region-specific-Kagera-ASAQ-Others-ASAQ-Delay-0y,48,0.329173296419557,2031
007/092-region-specific-Kagera-ASAQ-Others-ASAQ-Delay-0y,49,0.4029569019298714,2031
007/092-region-specific-Kagera-ASAQ-Others-ASAQ-Delay-0y,50,0.3821691495929611,2031
007/092-region-specific-Kagera-ASAQ-Others-ASAQ-Delay-0y,51,0.44517317714396004,2031
007/092-region-specific-Kagera-ASAQ-Others-ASAQ-Delay-0y,52,0.4353644478046908,2031
007/092-region-specific-Kagera-ASAQ-Others-ASAQ-Delay-0y,53,0.29617122722031713,2031
007/092-region-specific-Kagera-ASAQ-Others-ASAQ-Delay-0y,54,0.3402390356763487,2031
007/092-region-specific-Kagera-ASAQ-Others-ASAQ-Delay-0y,55,0.36293456638101396,2031
007/092-region-specific-Kagera-ASAQ-Others-ASAQ-Delay-0y,56,0.3982129858602664,2031
007/092-region-specific-Kagera-ASAQ-Others-ASAQ-Delay-0y,57,0.36594865009609356,2031
007/092-region-specific-Kagera-ASAQ-Others-ASAQ-Delay-0y,58,0.398662394454474,2031
007/092-region-specific-Kagera-ASAQ-Others-ASAQ-Delay-0y,59,0.37785757603112674,2031
007/092-region-specific-Kagera-ASAQ-Others-ASAQ-Delay-0y,60,0.3953800863343219,2031
007/092-region-specific-Kagera-ASAQ-Others-ASAQ-Delay-0y,61,0.32319174401735656,2031
007/092-region-specific-Kagera-ASAQ-Others-ASAQ-Delay-0y,62,0.27841874916668724,2031
007/092-region-specific-Kagera-ASAQ-Others-ASAQ-Delay-0y,63,0.47407221305467556,2031
007/092-region-specific-Kagera-ASAQ-Others-ASAQ-Delay-0y,64,0.39958801637012825,2031
007/092-region-specific-Kagera-ASAQ-Others-ASAQ-Delay-0y,65,0.47389523980397263,2031
007/092-region-specific-Kagera-ASAQ-Others-ASAQ-Delay-0y,66,0.4197525961294007,2031
007/092-region-specific-Kagera-ASAQ-Others-ASAQ-Delay-0y,67,0.4145681100565665,2031
007/092-region-specific-Kagera-ASAQ-Others-ASAQ-Delay-0y,68,0.41383820612071914,2031
007/092-region-specific-Kagera-ASAQ-Others-ASAQ-Delay-0y,69,0.3652560015473291,2031
007/092-region-specific-Kagera-ASAQ-Others-ASAQ-Delay-0y,70,0.446310456085909,2031
007/092-region-specific-Kagera-ASAQ-Others-ASAQ-Delay-0y,71,0.35874158484859153,2031
007/092-region-specific-Kagera-ASAQ-Others-ASAQ-Delay-0y,72,0.4021529369848846,2031
007/092-region-specific-Kagera-ASAQ-Others-ASAQ-Delay-0y,73,0.4151716697485674,2031
007/092-region-specific-Kagera-ASAQ-Others-ASAQ-Delay-0y,74,0.2740390200737352,2031
007/092-region-specific-Kagera-ASAQ-Others-ASAQ-Delay-0y,75,0.3714874848650072,2031
007/092-region-specific-Kagera-ASAQ-Others-ASAQ-Delay-0y,76,0.4240197794690024,2031
007/092-region-specific-Kagera-ASAQ-Others-ASAQ-Delay-0y,77,0.3344051696676808,2031
007/092-region-specific-Kagera-ASAQ-Others-ASAQ-Delay-0y,78,0.39408715752945384,2031
007/092-region-specific-Kagera-ASAQ-Others-ASAQ-Delay-0y,79,0.3440125253435929,2031
007/092-region-specific-Kagera-ASAQ-Others-ASAQ-Delay-0y,80,0.402158946720188,2031
007/092-region-specific-Kagera-ASAQ-Others-ASAQ-Delay-0y,81,0.3864387584625902,2031
007/092-region-specific-Kagera-ASAQ-Others-ASAQ-Delay-0y,82,0.3307542256049051,2031
007/092-region-specific-Kagera-ASAQ-Others-ASAQ-Delay-0y,83,0.353819201715945,2031
007/092-region-specific-Kagera-ASAQ-Others-ASAQ-Delay-0y,84,0.4296561512568604,2031
007/092-region-specific-Kagera-ASAQ-Others-ASAQ-Delay-0y,85,0.3347981935715297,2031
007/092-region-specific-Kagera-ASAQ-Others-ASAQ-Delay-0y,86,0.38338964312311363,2031
007/092-region-specific-Kagera-ASAQ-Others-ASAQ-Delay-0y,87,0.44714528660913033,2031
007/092-region-specific-Kagera-ASAQ-Others-ASAQ-Delay-0y,88,0.3377446122796603,2031
007/092-region-specific-Kagera-ASAQ-Others-ASAQ-Delay-0y,89,0.39581290841363387,2031
007/092-region-specific-Kagera-ASAQ-Others-ASAQ-Delay-0y,90,0.4123560797844734,2031
007/092-region-specific-Kagera-ASAQ-Others-ASAQ-Delay-0y,91,0.31611488554805767,2031
007/092-region-specific-Kagera-ASAQ-Others-ASAQ-Delay-0y,92,0.36145428945742925,2031
007/092-region-specific-Kagera-ASAQ-Others-ASAQ-Delay-0y,93,0.3816204176623322,2031
007/092-region-specific-Kagera-ASAQ-Others-ASAQ-Delay-0y,94,0.47574845247543135,2031
007/092-region-specific-Kagera-ASAQ-Others-ASAQ-Delay-0y,95,0.43461853189616656,2031
007/092-region-specific-Kagera-ASAQ-Others-ASAQ-Delay-0y,96,0.44483690457539155,2031
007/092-region-specific-Kagera-ASAQ-Others-ASAQ-Delay-0y,97,0.32959732149813875,2031
007/092-region-specific-Kagera-ASAQ-Others-ASAQ-Delay-0y,98,0.448933839917908,2031
007/092-region-specific-Kagera-ASAQ-Others-ASAQ-Delay-0y,99,0.3675831722386375,2031
007/093-region-specific-Kagera-ASAQ-Others-ASAQ-Delay-1y,0,0.4835072161039237,2031
007/093-region-specific-Kagera-ASAQ-Others-ASAQ-Delay-1y,1,0.3570752451788097,2031
007/093-region-specific-Kagera-ASAQ-Others-ASAQ-Delay-1y,2,0.33061445315496263,2031
007/093-region-specific-Kagera-ASAQ-Others-ASAQ-Delay-1y,3,0.44118816379130915,2031
007/093-region-specific-Kagera-ASAQ-Others-ASAQ-Delay-1y,4,0.40509335255919404,2031
007/093-region-specific-Kagera-ASAQ-Others-ASAQ-Delay-1y,5,0.398995801166957,2031
007/093-region-specific-Kagera-ASAQ-Others-ASAQ-Delay-1y,6,0.2700148932922893,2031
007/093-region-specific-Kagera-ASAQ-Others-ASAQ-Delay-1y,7,0.35346969169855064,2031
007/093-region-specific-Kagera-ASAQ-Others-ASAQ-Delay-1y,8,0.4368911743597639,2031
007/093-region-specific-Kagera-ASAQ-Others-ASAQ-Delay-1y,9,0.28124415298939787,2031
007/093-region-specific-Kagera-ASAQ-Others-ASAQ-Delay-1y,10,0.40910535371504575,2031
007/093-region-specific-Kagera-ASAQ-Others-ASAQ-Delay-1y,11,0.37044736781938586,2031
007/093-region-specific-Kagera-ASAQ-Others-ASAQ-Delay-1y,12,0.34806252011444005,2031
007/093-region-specific-Kagera-ASAQ-Others-ASAQ-Delay-1y,13,0.35545920788727486,2031
007/093-region-specific-Kagera-ASAQ-Others-ASAQ-Delay-1y,14,0.49921720570862926,2031
007/093-region-specific-Kagera-ASAQ-Others-ASAQ-Delay-1y,15,0.4394248647757734,2031
007/093-region-specific-Kagera-ASAQ-Others-ASAQ-Delay-1y,16,0.4322815402005509,2031
007/093-region-specific-Kagera-ASAQ-Others-ASAQ-Delay-1y,17,0.3836688890786224,2031
007/093-region-specific-Kagera-ASAQ-Others-ASAQ-Delay-1y,18,0.41947918985402466,2031
007/093-region-specific-Kagera-ASAQ-Others-ASAQ-Delay-1y,19,0.4175175455311562,2031
007/093-region-specific-Kagera-ASAQ-Others-ASAQ-Delay-1y,20,0.34932540702728615,2031
007/093-region-specific-Kagera-ASAQ-Others-ASAQ-Delay-1y,21,0.4474486184090553,2031
007/093-region-specific-Kagera-ASAQ-Others-ASAQ-Delay-1y,22,0.34809402924968885,2031
007/093-region-specific-Kagera-ASAQ-Others-ASAQ-Delay-1y,23,0.4073809194078421,2031
007/093-region-specific-Kagera-ASAQ-Others-ASAQ-Delay-1y,24,0.4113107018396833,2031
007/093-region-specific-Kagera-ASAQ-Others-ASAQ-Delay-1y,25,0.4931560086967812,2031
007/093-region-specific-Kagera-ASAQ-Others-ASAQ-Delay-1y,26,0.4494457305418513,2031
007/093-region-specific-Kagera-ASAQ-Others-ASAQ-Delay-1y,27,0.3702077714754756,2031
007/093-region-specific-Kagera-ASAQ-Others-ASAQ-Delay-1y,28,0.4022782168907412,2031
007/093-region-specific-Kagera-ASAQ-Others-ASAQ-Delay-1y,29,0.470549858742814,2031
007/093-region-specific-Kagera-ASAQ-Others-ASAQ-Delay-1y,30,0.3611861859052134,2031
007/093-region-specific-Kagera-ASAQ-Others-ASAQ-Delay-1y,31,0.34892859891904576,2031
007/093-region-specific-Kagera-ASAQ-Others-ASAQ-Delay-1y,32,0.4773019484834746,2031
007/093-region-specific-Kagera-ASAQ-Others-ASAQ-Delay-1y,33,0.3360590623219332,2031
007/093-region-specific-Kagera-ASAQ-Others-ASAQ-Delay-1y,34,0.37757965148325195,2031
007/093-region-specific-Kagera-ASAQ-Others-ASAQ-Delay-1y,35,0.45651709107546584,2031
007/093-region-specific-Kagera-ASAQ-Others-ASAQ-Delay-1y,36,0.39621200762739583,2031
007/093-region-specific-Kagera-ASAQ-Others-ASAQ-Delay-1y,37,0.37435870151668976,2031
007/093-region-specific-Kagera-ASAQ-Others-ASAQ-Delay-1y,38,0.45370174349272013,2031
007/093-region-specific-Kagera-ASAQ-Others-ASAQ-Delay-1y,39,0.40906382335457403,2031
007/093-region-specific-Kagera-ASAQ-Others-ASAQ-Delay-1y,40,0.40642842618414715,2031
007/093-region-specific-Kagera-ASAQ-Others-ASAQ-Delay-1y,41,0.4390867987162874,2031
007/093-region-specific-Kagera-ASAQ-Others-ASAQ-Delay-1y,42,0.44267252678050467,2031
007/093-region-specific-Kagera-ASAQ-Others-ASAQ-Delay-1y,43,0.3481618553391382,2031
007/093-region-specific-Kagera-ASAQ-Others-ASAQ-Delay-1y,44,0.41043198070496856,2031
007/093-region-specific-Kagera-ASAQ-Others-ASAQ-Delay-1y,45,0.36333663067917255,2031
007/093-region-specific-Kagera-ASAQ-Others-ASAQ-Delay-1y,46,0.430286036501829,2031
007/093-region-specific-Kagera-ASAQ-Others-ASAQ-Delay-1y,47,0.4198073793328187,2031
007/093-region-specific-Kagera-ASAQ-Others-ASAQ-Delay-1y,48,0.41672948024529727,2031
007/093-region-specific-Kagera-ASAQ-Others-ASAQ-Delay-1y,49,0.4425043643493418,2031
007/093-region-specific-Kagera-ASAQ-Others-ASAQ-Delay-1y,50,0.38140666482611824,2031
007/093-region-specific-Kagera-ASAQ-Others-ASAQ-Delay-1y,51,0.4961421610237389,2031
007/093-region-specific-Kagera-ASAQ-Others-ASAQ-Delay-1y,52,0.42478160857547226,2031
007/093-region-specific-Kagera-ASAQ-Others-ASAQ-Delay-1y,53,0.3958803416230421,2031
007/093-region-specific-Kagera-ASAQ-Others-ASAQ-Delay-1y,54,0.4199629833188798,2031
007/093-region-specific-Kagera-ASAQ-Others-ASAQ-Delay-1y,55,0.4273444921899059,2031
007/093-region-specific-Kagera-ASAQ-Others-ASAQ-Delay-1y,56,0.3831698238976138,2031
007/093-region-specific-Kagera-ASAQ-Others-ASAQ-Delay-1y,57,0.42637811203029297,2031
007/093-region-specific-Kagera-ASAQ-Others-ASAQ-Delay-1y,58,0.38317901002401394,2031
007/093-region-specific-Kagera-ASAQ-Others-ASAQ-Delay-1y,59,0.3732055311315528,2031
007/093-region-specific-Kagera-ASAQ-Others-ASAQ-Delay-1y,60,0.31635436863038624,2031
007/093-region-specific-Kagera-ASAQ-Others-ASAQ-Delay-1y,61,0.38453448751246083,2031
007/093-region-specific-Kagera-ASAQ-Others-ASAQ-Delay-1y,62,0.4005143702182661,2031
007/093-region-specific-Kagera-ASAQ-Others-ASAQ-Delay-1y,63,0.4204869123062173,2031
007/093-region-specific-Kagera-ASAQ-Others-ASAQ-Delay-1y,64,0.4414708106528839,2031
007/093-region-specific-Kagera-ASAQ-Others-ASAQ-Delay-1y,65,0.4663078817852328,2031
007/093-region-specific-Kagera-ASAQ-Others-ASAQ-Delay-1y,66,0.40335025611909886,2031
007/093-region-specific-Kagera-ASAQ-Others-ASAQ-Delay-1y,67,0.49064977295239237,2031
007/093-region-specific-Kagera-ASAQ-Others-ASAQ-Delay-1y,68,0.44676088922702517,2031
007/093-region-specific-Kagera-ASAQ-Others-ASAQ-Delay-1y,69,0.3801628622761975,2031
007/093-region-specific-Kagera-ASAQ-Others-ASAQ-Delay-1y,70,0.38490067734074773,2031
007/093-region-specific-Kagera-ASAQ-Others-ASAQ-Delay-1y,71,0.4590374780032013,2031
007/093-region-specific-Kagera-ASAQ-Others-ASAQ-Delay-1y,72,0.3846622811140592,2031
007/093-region-specific-Kagera-ASAQ-Others-ASAQ-Delay-1y,73,0.44362800814525066,2031
007/093-region-specific-Kagera-ASAQ-Others-ASAQ-Delay-1y,74,0.37518523679667065,2031
007/093-region-specific-Kagera-ASAQ-Others-ASAQ-Delay-1y,75,0.3833732411385374,2031
007/093-region-specific-Kagera-ASAQ-Others-ASAQ-Delay-1y,76,0.43594432898201324,2031
007/093-region-specific-Kagera-ASAQ-Others-ASAQ-Delay-1y,77,0.3906713779103906,2031
007/093-region-specific-Kagera-ASAQ-Others-ASAQ-Delay-1y,78,0.3598075521531088,2031
007/093-region-specific-Kagera-ASAQ-Others-ASAQ-Delay-1y,79,0.4015081311506665,2031
007/093-region-specific-Kagera-ASAQ-Others-ASAQ-Delay-1y,80,0.38304361757115624,2031
007/093-region-specific-Kagera-ASAQ-Others-ASAQ-Delay-1y,81,0.38729707534263386,2031
007/093-region-specific-Kagera-ASAQ-Others-ASAQ-Delay-1y,82,0.3472357094089895,2031
007/093-region-specific-Kagera-ASAQ-Others-ASAQ-Delay-1y,83,0.3438457665909999,2031
007/093-region-specific-Kagera-ASAQ-Others-ASAQ-Delay-1y,84,0.4359444558988442,2031
007/093-region-specific-Kagera-ASAQ-Others-ASAQ-Delay-1y,85,0.5040930332618683,2031
007/093-region-specific-Kagera-ASAQ-Others-ASAQ-Delay-1y,86,0.32281094113548936,2031
007/093-region-specific-Kagera-ASAQ-Others-ASAQ-Delay-1y,87,0.3811539217491695,2031
007/093-region-specific-Kagera-ASAQ-Others-ASAQ-Delay-1y,88,0.3774095463587564,2031
007/093-region-specific-Kagera-ASAQ-Others-ASAQ-Delay-1y,89,0.339644276704068,2031
007/093-region-specific-Kagera-ASAQ-Others-ASAQ-Delay-1y,90,0.4056929548632752,2031
007/093-region-specific-Kagera-ASAQ-Others-ASAQ-Delay-1y,91,0.451354030582705,2031
007/093-region-specific-Kagera-ASAQ-Others-ASAQ-Delay-1y,92,0.3859037151499798,2031
007/093-region-specific-Kagera-ASAQ-Others-ASAQ-Delay-1y,93,0.30521562951947556,2031
007/093-region-specific-Kagera-ASAQ-Others-ASAQ-Delay-1y,94,0.5638000939656398,2031
007/093-region-specific-Kagera-ASAQ-Others-ASAQ-Delay-1y,95,0.4241221870482159,2031
007/093-region-specific-Kagera-ASAQ-Others-ASAQ-Delay-1y,96,0.36802525909491973,2031
007/093-region-specific-Kagera-ASAQ-Others-ASAQ-Delay-1y,97,0.3745934566947125,2031
007/093-region-specific-Kagera-ASAQ-Others-ASAQ-Delay-1y,98,0.4267485391011288,2031
007/093-region-specific-Kagera-ASAQ-Others-ASAQ-Delay-1y,99,0.42878984745667115,2031
007/094-region-specific-Kagera-ASAQ-Others-ASAQ-Delay-2y,0,0.48399070386863685,2031
007/094-region-specific-Kagera-ASAQ-Others-ASAQ-Delay-2y,1,0.5785641083060694,2031
007/094-region-specific-Kagera-ASAQ-Others-ASAQ-Delay-2y,2,0.39434420970843503,2031
007/094-region-specific-Kagera-ASAQ-Others-ASAQ-Delay-2y,3,0.4273392329766113,2031
007/094-region-specific-Kagera-ASAQ-Others-ASAQ-Delay-2y,4,0.41629731506674417,2031
007/094-region-specific-Kagera-ASAQ-Others-ASAQ-Delay-2y,5,0.49417755145281506,2031
007/094-region-specific-Kagera-ASAQ-Others-ASAQ-Delay-2y,6,0.5020980194019946,2031
007/094-region-specific-Kagera-ASAQ-Others-ASAQ-Delay-2y,7,0.5107830998065004,2031
007/094-region-specific-Kagera-ASAQ-Others-ASAQ-Delay-2y,8,0.4814448386285923,2031
007/094-region-specific-Kagera-ASAQ-Others-ASAQ-Delay-2y,9,0.385549899112855,2031
007/094-region-specific-Kagera-ASAQ-Others-ASAQ-Delay-2y,10,0.39371282427551035,2031
007/094-region-specific-Kagera-ASAQ-Others-ASAQ-Delay-2y,11,0.5018782990187102,2031
007/094-region-specific-Kagera-ASAQ-Others-ASAQ-Delay-2y,12,0.40905863296079037,2031
007/094-region-specific-Kagera-ASAQ-Others-ASAQ-Delay-2y,13,0.4155859672110754,2031
007/094-region-specific-Kagera-ASAQ-Others-ASAQ-Delay-2y,14,0.47674198133944395,2031
007/094-region-specific-Kagera-ASAQ-Others-ASAQ-Delay-2y,15,0.3972191388834319,2031
007/094-region-specific-Kagera-ASAQ-Others-ASAQ-Delay-2y,16,0.43086222865187485,2031
007/094-region-specific-Kagera-ASAQ-Others-ASAQ-Delay-2y,17,0.46259889679176697,2031
007/094-region-specific-Kagera-ASAQ-Others-ASAQ-Delay-2y,18,0.46226969838496346,2031
007/094-region-specific-Kagera-ASAQ-Others-ASAQ-Delay-2y,19,0.44749222261602273,2031
007/094-region-specific-Kagera-ASAQ-Others-ASAQ-Delay-2y,20,0.50148349020764,2031
007/094-region-specific-Kagera-ASAQ-Others-ASAQ-Delay-2y,21,0.46546486788102076,2031
007/094-region-specific-Kagera-ASAQ-Others-ASAQ-Delay-2y,22,0.4474966188459528,2031
007/094-region-specific-Kagera-ASAQ-Others-ASAQ-Delay-2y,23,0.3663000609397586,2031
007/094-region-specific-Kagera-ASAQ-Others-ASAQ-Delay-2y,24,0.556001464845255,2031
007/094-region-specific-Kagera-ASAQ-Others-ASAQ-Delay-2y,25,0.43899561374771445,2031
007/094-region-specific-Kagera-ASAQ-Others-ASAQ-Delay-2y,26,0.4682655780479865,2031
007/094-region-specific-Kagera-ASAQ-Others-ASAQ-Delay-2y,27,0.4677037090372434,2031
007/094-region-specific-Kagera-ASAQ-Others-ASAQ-Delay-2y,28,0.5261507244748694,2031
007/094-region-specific-Kagera-ASAQ-Others-ASAQ-Delay-2y,29,0.43791007869473364,2031
007/094-region-specific-Kagera-ASAQ-Others-ASAQ-Delay-2y,30,0.4893138751294341,2031
007/094-region-specific-Kagera-ASAQ-Others-ASAQ-Delay-2y,31,0.43289050331089896,2031
007/094-region-specific-Kagera-ASAQ-Others-ASAQ-Delay-2y,32,0.4533576273710047,2031
007/094-region-specific-Kagera-ASAQ-Others-ASAQ-Delay-2y,33,0.4382166081562772,2031
007/094-region-specific-Kagera-ASAQ-Others-ASAQ-Delay-2y,34,0.4286324352376099,2031
007/094-region-specific-Kagera-ASAQ-Others-ASAQ-Delay-2y,35,0.48175922997870185,2031
007/094-region-specific-Kagera-ASAQ-Others-ASAQ-Delay-2y,36,0.3518175100808669,2031
007/094-region-specific-Kagera-ASAQ-Others-ASAQ-Delay-2y,37,0.52380586409945,2031
007/094-region-specific-Kagera-ASAQ-Others-ASAQ-Delay-2y,38,0.42456298179195145,2031
007/094-region-specific-Kagera-ASAQ-Others-ASAQ-Delay-2y,39,0.3785116348218496,2031
007/094-region-specific-Kagera-ASAQ-Others-ASAQ-Delay-2y,40,0.4687208653434296,2031
007/094-region-specific-Kagera-ASAQ-Others-ASAQ-Delay-2y,41,0.5304810230936602,2031
007/094-region-specific-Kagera-ASAQ-Others-ASAQ-Delay-2y,42,0.4377226180737451,2031
007/094-region-specific-Kagera-ASAQ-Others-ASAQ-Delay-2y,43,0.4143900845576036,2031
007/094-region-specific-Kagera-ASAQ-Others-ASAQ-Delay-2y,44,0.3683908977721036,2031
007/094-region-specific-Kagera-ASAQ-Others-ASAQ-Delay-2y,45,0.3656044992764227,2031
007/094-region-specific-Kagera-ASAQ-Others-ASAQ-Delay-2y,46,0.47073021809474946,2031
007/094-region-specific-Kagera-ASAQ-Others-ASAQ-Delay-2y,47,0.5030156518113124,2031
007/094-region-specific-Kagera-ASAQ-Others-ASAQ-Delay-2y,48,0.5106533669473926,2031
007/094-region-specific-Kagera-ASAQ-Others-ASAQ-Delay-2y,49,0.4987505607926846,2031
007/094-region-specific-Kagera-ASAQ-Others-ASAQ-Delay-2y,50,0.34416822073400083,2031
007/094-region-specific-Kagera-ASAQ-Others-ASAQ-Delay-2y,51,0.5855206605004446,2031
007/094-region-specific-Kagera-ASAQ-Others-ASAQ-Delay-2y,52,0.4404323860644057,2031
007/094-region-specific-Kagera-ASAQ-Others-ASAQ-Delay-2y,53,0.4352709204526737,2031
007/094-region-specific-Kagera-ASAQ-Others-ASAQ-Delay-2y,54,0.4806325194385923,2031
007/094-region-specific-Kagera-ASAQ-Others-ASAQ-Delay-2y,55,0.4532140782547052,2031
007/094-region-specific-Kagera-ASAQ-Others-ASAQ-Delay-2y,56,0.4103407153409595,2031
007/094-region-specific-Kagera-ASAQ-Others-ASAQ-Delay-2y,57,0.4828166198846679,2031
007/094-region-specific-Kagera-ASAQ-Others-ASAQ-Delay-2y,58,0.40192085881303274,2031
007/094-region-specific-Kagera-ASAQ-Others-ASAQ-Delay-2y,59,0.4114485065514495,2031
007/094-region-specific-Kagera-ASAQ-Others-ASAQ-Delay-2y,60,0.43991326393634433,2031
007/094-region-specific-Kagera-ASAQ-Others-ASAQ-Delay-2y,61,0.49436783272089774,2031
007/094-region-specific-Kagera-ASAQ-Others-ASAQ-Delay-2y,62,0.38116030127037154,2031
007/094-region-specific-Kagera-ASAQ-Others-ASAQ-Delay-2y,63,0.45971954871985715,2031
007/094-region-specific-Kagera-ASAQ-Others-ASAQ-Delay-2y,64,0.38970278914290085,2031
007/094-region-specific-Kagera-ASAQ-Others-ASAQ-Delay-2y,65,0.4329278907307397,2031
007/094-region-specific-Kagera-ASAQ-Others-ASAQ-Delay-2y,66,0.4653858240834488,2031
007/094-region-specific-Kagera-ASAQ-Others-ASAQ-Delay-2y,67,0.5140921295508093,2031
007/094-region-specific-Kagera-ASAQ-Others-ASAQ-Delay-2y,68,0.4832457892756708,2031
007/094-region-specific-Kagera-ASAQ-Others-ASAQ-Delay-2y,69,0.41867907166928225,2031
007/094-region-specific-Kagera-ASAQ-Others-ASAQ-Delay-2y,70,0.5658133988918241,2031
007/094-region-specific-Kagera-ASAQ-Others-ASAQ-Delay-2y,71,0.5234392168255279,2031
007/094-region-specific-Kagera-ASAQ-Others-ASAQ-Delay-2y,72,0.4903994111647259,2031
007/094-region-specific-Kagera-ASAQ-Others-ASAQ-Delay-2y,73,0.48781719593526485,2031
007/094-region-specific-Kagera-ASAQ-Others-ASAQ-Delay-2y,74,0.41702834010018625,2031
007/094-region-specific-Kagera-ASAQ-Others-ASAQ-Delay-2y,75,0.4489150579091897,2031
007/094-region-specific-Kagera-ASAQ-Others-ASAQ-Delay-2y,76,0.4324430689718883,2031
007/094-region-specific-Kagera-ASAQ-Others-ASAQ-Delay-2y,77,0.45148890938947844,2031
007/094-region-specific-Kagera-ASAQ-Others-ASAQ-Delay-2y,78,0.49711271499648074,2031
007/094-region-specific-Kagera-ASAQ-Others-ASAQ-Delay-2y,79,0.413164435391784,2031
007/094-region-specific-Kagera-ASAQ-Others-ASAQ-Delay-2y,80,0.432356072651047,2031
007/094-region-specific-Kagera-ASAQ-Others-ASAQ-Delay-2y,81,0.44119022616282044,2031
007/094-region-specific-Kagera-ASAQ-Others-ASAQ-Delay-2y,82,0.4168700527717861,2031
007/094-region-specific-Kagera-ASAQ-Others-ASAQ-Delay-2y,83,0.42227380669390496,2031
007/094-region-specific-Kagera-ASAQ-Others-ASAQ-Delay-2y,84,0.45342839466369106,2031
007/094-region-specific-Kagera-ASAQ-Others-ASAQ-Delay-2y,85,0.45945890276323254,2031
007/094-region-specific-Kagera-ASAQ-Others-ASAQ-Delay-2y,86,0.34449976205083904,2031
007/094-region-specific-Kagera-ASAQ-Others-ASAQ-Delay-2y,87,0.4929506154778995,2031
007/094-region-specific-Kagera-ASAQ-Others-ASAQ-Delay-2y,88,0.44675768507665564,2031
007/094-region-specific-Kagera-ASAQ-Others-ASAQ-Delay-2y,89,0.49524567719082163,2031
007/094-region-specific-Kagera-ASAQ-Others-ASAQ-Delay-2y,90,0.38374879881417967,2031
007/094-region-specific-Kagera-ASAQ-Others-ASAQ-Delay-2y,91,0.4065363513642635,2031
007/094-region-specific-Kagera-ASAQ-Others-ASAQ-Delay-2y,92,0.5222074554159427,2031
007/094-region-specific-Kagera-ASAQ-Others-ASAQ-Delay-2y,93,0.4184724139863949,2031
007/094-region-specific-Kagera-ASAQ-Others-ASAQ-Delay-2y,94,0.42682700332023743,2031
007/094-region-specific-Kagera-ASAQ-Others-ASAQ-Delay-2y,95,0.363268677169084,2031
007/094-region-specific-Kagera-ASAQ-Others-ASAQ-Delay-2y,96,0.46213469819233394,2031
007/094-region-specific-Kagera-ASAQ-Others-ASAQ-Delay-2y,97,0.44038819252941885,2031
007/094-region-specific-Kagera-ASAQ-Others-ASAQ-Delay-2y,98,0.5123277682172317,2031
007/094-region-specific-Kagera-ASAQ-Others-ASAQ-Delay-2y,99,0.3789432403345426,2031
007/095-region-specific-Kagera-DHAPPQ-Others-ASAQ-Delay-0y,0,0.5500468177795489,2031
007/095-region-specific-Kagera-DHAPPQ-Others-ASAQ-Delay-0y,1,0.41967639107737703,2031
007/095-region-specific-Kagera-DHAPPQ-Others-ASAQ-Delay-0y,2,0.43437254521083624,2031
007/095-region-specific-Kagera-DHAPPQ-Others-ASAQ-Delay-0y,3,0.4871720993246667,2031
007/095-region-specific-Kagera-DHAPPQ-Others-ASAQ-Delay-0y,4,0.43498382781474576,2031
007/095-region-specific-Kagera-DHAPPQ-Others-ASAQ-Delay-0y,5,0.4808018127981782,2031
007/095-region-specific-Kagera-DHAPPQ-Others-ASAQ-Delay-0y,6,0.5548130759481719,2031
007/095-region-specific-Kagera-DHAPPQ-Others-ASAQ-Delay-0y,7,0.5430388302591292,2031
007/095-region-specific-Kagera-DHAPPQ-Others-ASAQ-Delay-0y,8,0.5262481360581758,2031
007/095-region-specific-Kagera-DHAPPQ-Others-ASAQ-Delay-0y,9,0.5015092441824112,2031
007/095-region-specific-Kagera-DHAPPQ-Others-ASAQ-Delay-0y,10,0.3274501512321817,2031
007/095-region-specific-Kagera-DHAPPQ-Others-ASAQ-Delay-0y,11,0.5809293815075355,2031
007/095-region-specific-Kagera-DHAPPQ-Others-ASAQ-Delay-0y,12,0.47544660452272053,2031
007/095-region-specific-Kagera-DHAPPQ-Others-ASAQ-Delay-0y,13,0.45802856923636387,2031
007/095-region-specific-Kagera-DHAPPQ-Others-ASAQ-Delay-0y,14,0.5502629438521157,2031
007/095-region-specific-Kagera-DHAPPQ-Others-ASAQ-Delay-0y,15,0.5665212151918179,2031
007/095-region-specific-Kagera-DHAPPQ-Others-ASAQ-Delay-0y,16,0.43990361306879283,2031
007/095-region-specific-Kagera-DHAPPQ-Others-ASAQ-Delay-0y,17,0.5489850622334366,2031
007/095-region-specific-Kagera-DHAPPQ-Others-ASAQ-Delay-0y,18,0.5072789865871622,2031
007/095-region-specific-Kagera-DHAPPQ-Others-ASAQ-Delay-0y,19,0.48288161798599605,2031
007/095-region-specific-Kagera-DHAPPQ-Others-ASAQ-Delay-0y,20,0.446806909632862,2031
007/095-region-specific-Kagera-DHAPPQ-Others-ASAQ-Delay-0y,21,0.4711446001177153,2031
007/095-region-specific-Kagera-DHAPPQ-Others-ASAQ-Delay-0y,22,0.38431465772911594,2031
007/095-region-specific-Kagera-DHAPPQ-Others-ASAQ-Delay-0y,23,0.492933584666156,2031
007/095-region-specific-Kagera-DHAPPQ-Others-ASAQ-Delay-0y,24,0.4979709170417718,2031
007/095-region-specific-Kagera-DHAPPQ-Others-ASAQ-Delay-0y,25,0.5513779771973267,2031
007/095-region-specific-Kagera-DHAPPQ-Others-ASAQ-Delay-0y,26,0.41743028794469267,2031
007/095-region-specific-Kagera-DHAPPQ-Others-ASAQ-Delay-0y,27,0.5235888890805772,2031
007/095-region-specific-Kagera-DHAPPQ-Others-ASAQ-Delay-0y,28,0.47942194502965657,2031
007/095-region-specific-Kagera-DHAPPQ-Others-ASAQ-Delay-0y,29,0.5601117142676885,2031
007/095-region-specific-Kagera-DHAPPQ-Others-ASAQ-Delay-0y,30,0.5100434673104489,2031
007/095-region-specific-Kagera-DHAPPQ-Others-ASAQ-Delay-0y,31,0.4349832616447637,2031
007/095-region-specific-Kagera-DHAPPQ-Others-ASAQ-Delay-0y,32,0.5581142168358338,2031
007/095-region-specific-Kagera-DHAPPQ-Others-ASAQ-Delay-0y,33,0.5028260743472642,2031
007/095-region-specific-Kagera-DHAPPQ-Others-ASAQ-Delay-0y,34,0.48626831941125026,2031
007/095-region-specific-Kagera-DHAPPQ-Others-ASAQ-Delay-0y,35,0.48426248413901035,2031
007/095-region-specific-Kagera-DHAPPQ-Others-ASAQ-Delay-0y,36,0.38245889600319866,2031
007/095-region-specific-Kagera-DHAPPQ-Others-ASAQ-Delay-0y,37,0.4604280016054226,2031
007/095-region-specific-Kagera-DHAPPQ-Others-ASAQ-Delay-0y,38,0.4955674429412477,2031
007/095-region-specific-Kagera-DHAPPQ-Others-ASAQ-Delay-0y,39,0.45393352009200266,2031
007/095-region-specific-Kagera-DHAPPQ-Others-ASAQ-Delay-0y,40,0.4835217959275268,2031
007/095-region-specific-Kagera-DHAPPQ-Others-ASAQ-Delay-0y,41,0.5238007047026585,2031
007/095-region-specific-Kagera-DHAPPQ-Others-ASAQ-Delay-0y,42,0.46920030119171896,2031
007/095-region-specific-Kagera-DHAPPQ-Others-ASAQ-Delay-0y,43,0.5234174690545809,2031
007/095-region-specific-Kagera-DHAPPQ-Others-ASAQ-Delay-0y,44,0.5060701016849202,2031
007/095-region-specific-Kagera-DHAPPQ-Others-ASAQ-Delay-0y,45,0.4660949373673022,2031
007/095-region-specific-Kagera-DHAPPQ-Others-ASAQ-Delay-0y,46,0.4961271827048627,2031
007/095-region-specific-Kagera-DHAPPQ-Others-ASAQ-Delay-0y,47,0.4030122933420184,2031
007/095-region-specific-Kagera-DHAPPQ-Others-ASAQ-Delay-0y,48,0.6242948174613526,2031
007/095-region-specific-Kagera-DHAPPQ-Others-ASAQ-Delay-0y,49,0.4827280293891892,2031
007/095-region-specific-Kagera-DHAPPQ-Others-ASAQ-Delay-0y,50,0.5121912579780015,2031
007/095-region-specific-Kagera-DHAPPQ-Others-ASAQ-Delay-0y,51,0.49909359995062036,2031
007/095-region-specific-Kagera-DHAPPQ-Others-ASAQ-Delay-0y,52,0.5056815101433443,2031
007/095-region-specific-Kagera-DHAPPQ-Others-ASAQ-Delay-0y,53,0.4850438624650894,2031
007/095-region-specific-Kagera-DHAPPQ-Others-ASAQ-Delay-0y,54,0.4715517381983538,2031
007/095-region-specific-Kagera-DHAPPQ-Others-ASAQ-Delay-0y,55,0.5118564790263574,2031
007/095-region-specific-Kagera-DHAPPQ-Others-ASAQ-Delay-0y,56,0.4150751957844992,2031
007/095-region-specific-Kagera-DHAPPQ-Others-ASAQ-Delay-0y,57,0.5469954938794783,2031
007/095-region-specific-Kagera-DHAPPQ-Others-ASAQ-Delay-0y,58,0.4800948212238383,2031
007/095-region-specific-Kagera-DHAPPQ-Others-ASAQ-Delay-0y,59,0.6077078226147222,2031
007/095-region-specific-Kagera-DHAPPQ-Others-ASAQ-Delay-0y,60,0.4938724723647683,2031
007/095-region-specific-Kagera-DHAPPQ-Others-ASAQ-Delay-0y,61,0.5476331211221743,2031
007/095-region-specific-Kagera-DHAPPQ-Others-ASAQ-Delay-0y,62,0.4455944154233908,2031
007/095-region-specific-Kagera-DHAPPQ-Others-ASAQ-Delay-0y,63,0.5046716296761105,2031
007/095-region-specific-Kagera-DHAPPQ-Others-ASAQ-Delay-0y,64,0.4614330357011669,2031
007/095-region-specific-Kagera-DHAPPQ-Others-ASAQ-Delay-0y,65,0.5547551080489769,2031
007/095-region-specific-Kagera-DHAPPQ-Others-ASAQ-Delay-0y,66,0.46946053472623767,2031
007/095-region-specific-Kagera-DHAPPQ-Others-ASAQ-Delay-0y,67,0.4946991899717738,2031
007/095-region-specific-Kagera-DHAPPQ-Others-ASAQ-Delay-0y,68,0.5133687480268531,2031
007/095-region-specific-Kagera-DHAPPQ-Others-ASAQ-Delay-0y,69,0.5128909477939853,2031
007/095-region-specific-Kagera-DHAPPQ-Others-ASAQ-Delay-0y,70,0.45903079060908375,2031
007/095-region-specific-Kagera-DHAPPQ-Others-ASAQ-Delay-0y,71,0.5825863445798684,2031
007/095-region-specific-Kagera-DHAPPQ-Others-ASAQ-Delay-0y,72,0.5234257276515756,2031
007/095-region-specific-Kagera-DHAPPQ-Others-ASAQ-Delay-0y,73,0.5111915651837861,2031
007/095-region-specific-Kagera-DHAPPQ-Others-ASAQ-Delay-0y,74,0.359853832734333,2031
007/095-region-specific-Kagera-DHAPPQ-Others-ASAQ-Delay-0y,75,0.42389110374237093,2031
007/095-region-specific-Kagera-DHAPPQ-Others-ASAQ-Delay-0y,76,0.5630059382324404,2031
007/095-region-specific-Kagera-DHAPPQ-Others-ASAQ-Delay-0y,77,0.5697586033958475,2031
007/095-region-specific-Kagera-DHAPPQ-Others-ASAQ-Delay-0y,78,0.5131166466950146,2031
007/095-region-specific-Kagera-DHAPPQ-Others-ASAQ-Delay-0y,79,0.4535348575595912,2031
007/095-region-specific-Kagera-DHAPPQ-Others-ASAQ-Delay-0y,80,0.5300048963421777,2031
007/095-region-specific-Kagera-DHAPPQ-Others-ASAQ-Delay-0y,81,0.5012271731869856,2031
007/095-region-specific-Kagera-DHAPPQ-Others-ASAQ-Delay-0y,82,0.4489289620795358,2031
007/095-region-specific-Kagera-DHAPPQ-Others-ASAQ-Delay-0y,83,0.5059249151514252,2031
007/095-region-specific-Kagera-DHAPPQ-Others-ASAQ-Delay-0y,84,0.4834809815999599,2031
007/095-region-specific-Kagera-DHAPPQ-Others-ASAQ-Delay-0y,85,0.47502376151798975,2031
007/095-region-specific-Kagera-DHAPPQ-Others-ASAQ-Delay-0y,86,0.4896839250927821,2031
007/095-region-specific-Kagera-DHAPPQ-Others-ASAQ-Delay-0y,87,0.525574465398951,2031
007/095-region-specific-Kagera-DHAPPQ-Others-ASAQ-Delay-0y,88,0.4876613175796423,2031
007/095-region-specific-Kagera-DHAPPQ-Others-ASAQ-Delay-0y,89,0.5327466201690058,2031
007/095-region-specific-Kagera-DHAPPQ-Others-ASAQ-Delay-0y,90,0.5008720681125566,2031
007/095-region-specific-Kagera-DHAPPQ-Others-ASAQ-Delay-0y,91,0.5545518279211318,2031
007/095-region-specific-Kagera-DHAPPQ-Others-ASAQ-Delay-0y,92,0.5769732584635268,2031
007/095-region-specific-Kagera-DHAPPQ-Others-ASAQ-Delay-0y,93,0.47616695563989014,2031
007/095-region-specific-Kagera-DHAPPQ-Others-ASAQ-Delay-0y,94,0.5109587518200788,2031
007/095-region-specific-Kagera-DHAPPQ-Others-ASAQ-Delay-0y,95,0.520455513933291,2031
007/095-region-specific-Kagera-DHAPPQ-Others-ASAQ-Delay-0y,96,0.4715037215210885,2031
007/095-region-specific-Kagera-DHAPPQ-Others-ASAQ-Delay-0y,97,0.443279589924556,2031
007/095-region-specific-Kagera-DHAPPQ-Others-ASAQ-Delay-0y,98,0.4710888651154292,2031
007/095-region-specific-Kagera-DHAPPQ-Others-ASAQ-Delay-0y,99,0.4376254299818778,2031
007/096-region-specific-Kagera-DHAPPQ-Others-ASAQ-Delay-1y,0,0.4221092198863101,2031
007/096-region-specific-Kagera-DHAPPQ-Others-ASAQ-Delay-1y,1,0.5769356394725893,2031
007/096-region-specific-Kagera-DHAPPQ-Others-ASAQ-Delay-1y,2,0.4567855552670883,2031
007/096-region-specific-Kagera-DHAPPQ-Others-ASAQ-Delay-1y,3,0.5050709411586773,2031
007/096-region-specific-Kagera-DHAPPQ-Others-ASAQ-Delay-1y,4,0.43802484767858746,2031
007/096-region-specific-Kagera-DHAPPQ-Others-ASAQ-Delay-1y,5,0.5189913805867667,2031
007/096-region-specific-Kagera-DHAPPQ-Others-ASAQ-Delay-1y,6,0.42590444952071765,2031
007/096-region-specific-Kagera-DHAPPQ-Others-ASAQ-Delay-1y,7,0.5286866066375288,2031
007/096-region-specific-Kagera-DHAPPQ-Others-ASAQ-Delay-1y,8,0.5592612252456498,2031
007/096-region-specific-Kagera-DHAPPQ-Others-ASAQ-Delay-1y,9,0.583722723643363,2031
007/096-region-specific-Kagera-DHAPPQ-Others-ASAQ-Delay-1y,10,0.48166060155975265,2031
007/096-region-specific-Kagera-DHAPPQ-Others-ASAQ-Delay-1y,11,0.5886030391185889,2031
007/096-region-specific-Kagera-DHAPPQ-Others-ASAQ-Delay-1y,12,0.535571903231891,2031
007/096-region-specific-Kagera-DHAPPQ-Others-ASAQ-Delay-1y,13,0.618643615932054,2031
007/096-region-specific-Kagera-DHAPPQ-Others-ASAQ-Delay-1y,14,0.5652042231042997,2031
007/096-region-specific-Kagera-DHAPPQ-Others-ASAQ-Delay-1y,15,0.5940152421450517,2031
007/096-region-specific-Kagera-DHAPPQ-Others-ASAQ-Delay-1y,16,0.529449227729402,2031
007/096-region-specific-Kagera-DHAPPQ-Others-ASAQ-Delay-1y,17,0.5288606142439516,2031
007/096-region-specific-Kagera-DHAPPQ-Others-ASAQ-Delay-1y,18,0.5415640707901641,2031
007/096-region-specific-Kagera-DHAPPQ-Others-ASAQ-Delay-1y,19,0.4972905519099111,2031
007/096-region-specific-Kagera-DHAPPQ-Others-ASAQ-Delay-1y,20,0.47212367468310107,2031
007/096-region-specific-Kagera-DHAPPQ-Others-ASAQ-Delay-1y,21,0.48115015911994297,2031
007/096-region-specific-Kagera-DHAPPQ-Others-ASAQ-Delay-1y,22,0.5682038049694713,2031
007/096-region-specific-Kagera-DHAPPQ-Others-ASAQ-Delay-1y,23,0.4751128611457744,2031
007/096-region-specific-Kagera-DHAPPQ-Others-ASAQ-Delay-1y,24,0.5722957799709808,2031
007/096-region-specific-Kagera-DHAPPQ-Others-ASAQ-Delay-1y,25,0.5519156065011658,2031
007/096-region-specific-Kagera-DHAPPQ-Others-ASAQ-Delay-1y,26,0.41525285552933355,2031
007/096-region-specific-Kagera-DHAPPQ-Others-ASAQ-Delay-1y,27,0.5098705346223958,2031
007/096-region-specific-Kagera-DHAPPQ-Others-ASAQ-Delay-1y,28,0.6734201555382132,2031
007/096-region-specific-Kagera-DHAPPQ-Others-ASAQ-Delay-1y,29,0.5044788322497727,2031
007/096-region-specific-Kagera-DHAPPQ-Others-ASAQ-Delay-1y,30,0.44753891481065144,2031
007/096-region-specific-Kagera-DHAPPQ-Others-ASAQ-Delay-1y,31,0.6409346976882725,2031
007/096-region-specific-Kagera-DHAPPQ-Others-ASAQ-Delay-1y,32,0.4681916627590827,2031
007/096-region-specific-Kagera-DHAPPQ-Others-ASAQ-Delay-1y,33,0.5456227791003786,2031
007/096-region-specific-Kagera-DHAPPQ-Others-ASAQ-Delay-1y,34,0.45721084691230846,2031
007/096-region-specific-Kagera-DHAPPQ-Others-ASAQ-Delay-1y,35,0.5046931196078535,2031
007/096-region-specific-Kagera-DHAPPQ-Others-ASAQ-Delay-1y,36,0.6141799163822057,2031
007/096-region-specific-Kagera-DHAPPQ-Others-ASAQ-Delay-1y,37,0.5530647899490877,2031
007/096-region-specific-Kagera-DHAPPQ-Others-ASAQ-Delay-1y,38,0.4465660086156207,2031
007/096-region-specific-Kagera-DHAPPQ-Others-ASAQ-Delay-1y,39,0.6053728422631277,2031
007/096-region-specific-Kagera-DHAPPQ-Others-ASAQ-Delay-1y,40,0.5113379591760606,2031
007/096-region-specific-Kagera-DHAPPQ-Others-ASAQ-Delay-1y,41,0.49580454583066286,2031
007/096-region-specific-Kagera-DHAPPQ-Others-ASAQ-Delay-1y,42,0.49373287246360276,2031
007/096-region-specific-Kagera-DHAPPQ-Others-ASAQ-Delay-1y,43,0.4832109740298703,2031
007/096-region-specific-Kagera-DHAPPQ-Others-ASAQ-Delay-1y,44,0.5527740694404872,2031
007/096-region-specific-Kagera-DHAPPQ-Others-ASAQ-Delay-1y,45,0.530343245009821,2031
007/096-region-specific-Kagera-DHAPPQ-Others-ASAQ-Delay-1y,46,0.5606827497149004,2031
007/096-region-specific-Kagera-DHAPPQ-Others-ASAQ-Delay-1y,47,0.5888145071159913,2031
007/096-region-specific-Kagera-DHAPPQ-Others-ASAQ-Delay-1y,48,0.45179763987340177,2031
007/096-region-specific-Kagera-DHAPPQ-Others-ASAQ-Delay-1y,49,0.5131749403423219,2031
007/096-region-specific-Kagera-DHAPPQ-Others-ASAQ-Delay-1y,50,0.5354561691355775,2031
007/096-region-specific-Kagera-DHAPPQ-Others-ASAQ-Delay-1y,51,0.5158973447193363,2031
007/096-region-specific-Kagera-DHAPPQ-Others-ASAQ-Delay-1y,52,0.6023340242116652,2031
007/096-region-specific-Kagera-DHAPPQ-Others-ASAQ-Delay-1y,53,0.5123602128165295,2031
007/096-region-specific-Kagera-DHAPPQ-Others-ASAQ-Delay-1y,54,0.64715317079505,2031
007/096-region-specific-Kagera-DHAPPQ-Others-ASAQ-Delay-1y,55,0.6024363879718623,2031
007/096-region-specific-Kagera-DHAPPQ-Others-ASAQ-Delay-1y,56,0.5052253069546999,2031
007/096-region-specific-Kagera-DHAPPQ-Others-ASAQ-Delay-1y,57,0.45553131354034027,2031
007/096-region-specific-Kagera-DHAPPQ-Others-ASAQ-Delay-1y,58,0.5919007807604675,2031
007/096-region-specific-Kagera-DHAPPQ-Others-ASAQ-Delay-1y,59,0.6187106080814688,2031
007/096-region-specific-Kagera-DHAPPQ-Others-ASAQ-Delay-1y,60,0.4998911632819065,2031
007/096-region-specific-Kagera-DHAPPQ-Others-ASAQ-Delay-1y,61,0.43543182980172884,2031
007/096-region-specific-Kagera-DHAPPQ-Others-ASAQ-Delay-1y,62,0.5601449567445926,2031
007/096-region-specific-Kagera-DHAPPQ-Others-ASAQ-Delay-1y,63,0.5305255628495491,2031
007/096-region-specific-Kagera-DHAPPQ-Others-ASAQ-Delay-1y,64,0.5549978690617733,2031
007/096-region-specific-Kagera-DHAPPQ-Others-ASAQ-Delay-1y,65,0.6187537080079316,2031
007/096-region-specific-Kagera-DHAPPQ-Others-ASAQ-Delay-1y,66,0.5701332048854599,2031
007/096-region-specific-Kagera-DHAPPQ-Others-ASAQ-Delay-1y,67,0.5340979930192464,2031
007/096-region-specific-Kagera-DHAPPQ-Others-ASAQ-Delay-1y,68,0.5784761048468848,2031
007/096-region-specific-Kagera-DHAPPQ-Others-ASAQ-Delay-1y,69,0.4903173119637941,2031
007/096-region-specific-Kagera-DHAPPQ-Others-ASAQ-Delay-1y,70,0.555422487957517,2031
007/096-region-specific-Kagera-DHAPPQ-Others-ASAQ-Delay-1y,71,0.5825639420629803,2031
007/096-region-specific-Kagera-DHAPPQ-Others-ASAQ-Delay-1y,72,0.513102578631881,2031
007/096-region-specific-Kagera-DHAPPQ-Others-ASAQ-Delay-1y,73,0.5291876261980327,2031
007/096-region-specific-Kagera-DHAPPQ-Others-ASAQ-Delay-1y,74,0.5662714384431432,2031
007/096-region-specific-Kagera-DHAPPQ-Others-ASAQ-Delay-1y,75,0.7295409253314661,2031
007/096-region-specific-Kagera-DHAPPQ-Others-ASAQ-Delay-1y,76,0.49904413183716373,2031
007/096-region-specific-Kagera-DHAPPQ-Others-ASAQ-Delay-1y,77,0.47790547456864657,2031
007/096-region-specific-Kagera-DHAPPQ-Others-ASAQ-Delay-1y,78,0.5363291927847711,2031
007/096-region-specific-Kagera-DHAPPQ-Others-ASAQ-Delay-1y,79,0.39675846166215156,2031
007/096-region-specific-Kagera-DHAPPQ-Others-ASAQ-Delay-1y,80,0.4528768547123278,2031
007/096-region-specific-Kagera-DHAPPQ-Others-ASAQ-Delay-1y,81,0.46241025409880976,2031
007/096-region-specific-Kagera-DHAPPQ-Others-ASAQ-Delay-1y,82,0.6067106137553185,2031
007/096-region-specific-Kagera-DHAPPQ-Others-ASAQ-Delay-1y,83,0.3569385155799379,2031
007/096-region-specific-Kagera-DHAPPQ-Others-ASAQ-Delay-1y,84,0.481084051468933,2031
007/096-region-specific-Kagera-DHAPPQ-Others-ASAQ-Delay-1y,85,0.5676110141571454,2031
007/096-region-specific-Kagera-DHAPPQ-Others-ASAQ-Delay-1y,86,0.5240453316563175,2031
007/096-region-specific-Kagera-DHAPPQ-Others-ASAQ-Delay-1y,87,0.5521149787249958,2031
007/096-region-specific-Kagera-DHAPPQ-Others-ASAQ-Delay-1y,88,0.4964242381979256,2031
007/096-region-specific-Kagera-DHAPPQ-Others-ASAQ-Delay-1y,89,0.4998340787754442,2031
007/096-region-specific-Kagera-DHAPPQ-Others-ASAQ-Delay-1y,90,0.5210112346401828,2031
007/096-region-specific-Kagera-DHAPPQ-Others-ASAQ-Delay-1y,91,0.5164893705798365,2031
007/096-region-specific-Kagera-DHAPPQ-Others-ASAQ-Delay-1y,92,0.4478690982254662,2031
007/096-region-specific-Kagera-DHAPPQ-Others-ASAQ-Delay-1y,93,0.4885871671795527,2031
007/096-region-specific-Kagera-DHAPPQ-Others-ASAQ-Delay-1y,94,0.619919064409519,2031
007/096-region-specific-Kagera-DHAPPQ-Others-ASAQ-Delay-1y,95,0.4504644877147281,2031
007/096-region-specific-Kagera-DHAPPQ-Others-ASAQ-Delay-1y,96,0.5494401602476642,2031
007/096-region-specific-Kagera-DHAPPQ-Others-ASAQ-Delay-1y,97,0.5616061307785212,2031
007/096-region-specific-Kagera-DHAPPQ-Others-ASAQ-Delay-1y,98,0.5344460119373188,2031
007/096-region-specific-Kagera-DHAPPQ-Others-ASAQ-Delay-1y,99,0.48397622763247994,2031
007/097-region-specific-Kagera-DHAPPQ-Others-ASAQ-Delay-2y,0,0.590796098459972,2031
007/097-region-specific-Kagera-DHAPPQ-Others-ASAQ-Delay-2y,1,0.5629922692377659,2031
007/097-region-specific-Kagera-DHAPPQ-Others-ASAQ-Delay-2y,2,0.5750342606917566,2031
007/097-region-specific-Kagera-DHAPPQ-Others-ASAQ-Delay-2y,3,0.522761923771867,2031
007/097-region-specific-Kagera-DHAPPQ-Others-ASAQ-Delay-2y,4,0.4937651678996029,2031
007/097-region-specific-Kagera-DHAPPQ-Others-ASAQ-Delay-2y,5,0.5053054871336903,2031
007/097-region-specific-Kagera-DHAPPQ-Others-ASAQ-Delay-2y,6,0.592579478035092,2031
007/097-region-specific-Kagera-DHAPPQ-Others-ASAQ-Delay-2y,7,0.5373723499458768,2031
007/097-region-specific-Kagera-DHAPPQ-Others-ASAQ-Delay-2y,8,0.6931527889230248,2031
007/097-region-specific-Kagera-DHAPPQ-Others-ASAQ-Delay-2y,9,0.5616608766451175,2031
007/097-region-specific-Kagera-DHAPPQ-Others-ASAQ-Delay-2y,10,0.5225584055400102,2031
007/097-region-specific-Kagera-DHAPPQ-Others-ASAQ-Delay-2y,11,0.5423084555873064,2031
007/097-region-specific-Kagera-DHAPPQ-Others-ASAQ-Delay-2y,12,0.5725491716896196,2031
007/097-region-specific-Kagera-DHAPPQ-Others-ASAQ-Delay-2y,13,0.5072816799996834,2031
007/097-region-specific-Kagera-DHAPPQ-Others-ASAQ-Delay-2y,14,0.581664174776198,2031
007/097-region-specific-Kagera-DHAPPQ-Others-ASAQ-Delay-2y,15,0.4784738332230713,2031
007/097-region-specific-Kagera-DHAPPQ-Others-ASAQ-Delay-2y,16,0.638402226320769,2031
007/097-region-specific-Kagera-DHAPPQ-Others-ASAQ-Delay-2y,17,0.5338295959806819,2031
007/097-region-specific-Kagera-DHAPPQ-Others-ASAQ-Delay-2y,18,0.4804234930604987,2031
007/097-region-specific-Kagera-DHAPPQ-Others-ASAQ-Delay-2y,19,0.600851597538366,2031
007/097-region-specific-Kagera-DHAPPQ-Others-ASAQ-Delay-2y,20,0.5742751044913105,2031
007/097-region-specific-Kagera-DHAPPQ-Others-ASAQ-Delay-2y,21,0.4564666068896079,2031
007/097-region-specific-Kagera-DHAPPQ-Others-ASAQ-Delay-2y,22,0.5616209822719004,2031
007/097-region-specific-Kagera-DHAPPQ-Others-ASAQ-Delay-2y,23,0.5533686983957506,2031
007/097-region-specific-Kagera-DHAPPQ-Others-ASAQ-Delay-2y,24,0.5671995019411237,2031
007/097-region-specific-Kagera-DHAPPQ-Others-ASAQ-Delay-2y,25,0.6185914220350787,2031
007/097-region-specific-Kagera-DHAPPQ-Others-ASAQ-Delay-2y,26,0.5162203370492918,2031
007/097-region-specific-Kagera-DHAPPQ-Others-ASAQ-Delay-2y,27,0.5628104512401572,2031
007/097-region-specific-Kagera-DHAPPQ-Others-ASAQ-Delay-2y,28,0.5903673792725757,2031
007/097-region-specific-Kagera-DHAPPQ-Others-ASAQ-Delay-2y,29,0.5889510634963117,2031
007/097-region-specific-Kagera-DHAPPQ-Others-ASAQ-Delay-2y,30,0.4736414704593222,2031
007/097-region-specific-Kagera-DHAPPQ-Others-ASAQ-Delay-2y,31,0.5560657951316359,2031
007/097-region-specific-Kagera-DHAPPQ-Others-ASAQ-Delay-2y,32,0.5433441651172197,2031
007/097-region-specific-Kagera-DHAPPQ-Others-ASAQ-Delay-2y,33,0.5088094329161787,2031
007/097-region-specific-Kagera-DHAPPQ-Others-ASAQ-Delay-2y,34,0.517783814066488,2031
007/097-region-specific-Kagera-DHAPPQ-Others-ASAQ-Delay-2y,35,0.5408068899324272,2031
007/097-region-specific-Kagera-DHAPPQ-Others-ASAQ-Delay-2y,36,0.49505074315562897,2031
007/097-region-specific-Kagera-DHAPPQ-Others-ASAQ-Delay-2y,37,0.6032470393764859,2031
007/097-region-specific-Kagera-DHAPPQ-Others-ASAQ-Delay-2y,38,0.5754382534682001,2031
007/097-region-specific-Kagera-DHAPPQ-Others-ASAQ-Delay-2y,39,0.5620475943119239,2031
007/097-region-specific-Kagera-DHAPPQ-Others-ASAQ-Delay-2y,40,0.51132134221376,2031
007/097-region-specific-Kagera-DHAPPQ-Others-ASAQ-Delay-2y,41,0.5146955904353777,2031
007/097-region-specific-Kagera-DHAPPQ-Others-ASAQ-Delay-2y,42,0.6527028086578364,2031
007/097-region-specific-Kagera-DHAPPQ-Others-ASAQ-Delay-2y,43,0.47655655729024865,2031
007/097-region-specific-Kagera-DHAPPQ-Others-ASAQ-Delay-2y,44,0.6197756655613424,2031
007/097-region-specific-Kagera-DHAPPQ-Others-ASAQ-Delay-2y,45,0.5648943575848226,2031
007/097-region-specific-Kagera-DHAPPQ-Others-ASAQ-Delay-2y,46,0.5667975220692222,2031
007/097-region-specific-Kagera-DHAPPQ-Others-ASAQ-Delay-2y,47,0.6718283543640204,2031
007/097-region-specific-Kagera-DHAPPQ-Others-ASAQ-Delay-2y,48,0.5865726799596968,2031
007/097-region-specific-Kagera-DHAPPQ-Others-ASAQ-Delay-2y,49,0.5013365356563952,2031
007/097-region-specific-Kagera-DHAPPQ-Others-ASAQ-Delay-2y,50,0.5891692272520392,2031
007/097-region-specific-Kagera-DHAPPQ-Others-ASAQ-Delay-2y,51,0.4796708690004821,2031
007/097-region-specific-Kagera-DHAPPQ-Others-ASAQ-Delay-2y,52,0.4994534331190515,2031
007/097-region-specific-Kagera-DHAPPQ-Others-ASAQ-Delay-2y,53,0.3964055263298439,2031
007/097-region-specific-Kagera-DHAPPQ-Others-ASAQ-Delay-2y,54,0.4617449128303564,2031
007/097-region-specific-Kagera-DHAPPQ-Others-ASAQ-Delay-2y,55,0.5872878150756878,2031
007/097-region-specific-Kagera-DHAPPQ-Others-ASAQ-Delay-2y,56,0.5042139665498987,2031
007/097-region-specific-Kagera-DHAPPQ-Others-ASAQ-Delay-2y,57,0.5729314678800145,2031
007/097-region-specific-Kagera-DHAPPQ-Others-ASAQ-Delay-2y,58,0.4891089937258218,2031
007/097-region-specific-Kagera-DHAPPQ-Others-ASAQ-Delay-2y,59,0.5776361616107681,2031
007/097-region-specific-Kagera-DHAPPQ-Others-ASAQ-Delay-2y,60,0.4558638248193685,2031
007/097-region-specific-Kagera-DHAPPQ-Others-ASAQ-Delay-2y,61,0.5024538773287022,2031
007/097-region-specific-Kagera-DHAPPQ-Others-ASAQ-Delay-2y,62,0.574874735018181,2031
007/097-region-specific-Kagera-DHAPPQ-Others-ASAQ-Delay-2y,63,0.5912972010198161,2031
007/097-region-specific-Kagera-DHAPPQ-Others-ASAQ-Delay-2y,64,0.6366102926830076,2031
007/097-region-specific-Kagera-DHAPPQ-Others-ASAQ-Delay-2y,65,0.5696590761435779,2031
007/097-region-specific-Kagera-DHAPPQ-Others-ASAQ-Delay-2y,66,0.6723329389315739,2031
007/097-region-specific-Kagera-DHAPPQ-Others-ASAQ-Delay-2y,67,0.5800318259270427,2031
007/097-region-specific-Kagera-DHAPPQ-Others-ASAQ-Delay-2y,68,0.5773527019744361,2031
007/097-region-specific-Kagera-DHAPPQ-Others-ASAQ-Delay-2y,69,0.5436922929054633,2031
007/097-region-specific-Kagera-DHAPPQ-Others-ASAQ-Delay-2y,70,0.583137225589262,2031
007/097-region-specific-Kagera-DHAPPQ-Others-ASAQ-Delay-2y,71,0.5381077491767663,2031
007/097-region-specific-Kagera-DHAPPQ-Others-ASAQ-Delay-2y,72,0.6128151862551637,2031
007/097-region-specific-Kagera-DHAPPQ-Others-ASAQ-Delay-2y,73,0.47813865853418963,2031
007/097-region-specific-Kagera-DHAPPQ-Others-ASAQ-Delay-2y,74,0.5752133725365779,2031
007/097-region-specific-Kagera-DHAPPQ-Others-ASAQ-Delay-2y,75,0.45565226697784755,2031
007/097-region-specific-Kagera-DHAPPQ-Others-ASAQ-Delay-2y,76,0.579304661950503,2031
007/097-region-specific-Kagera-DHAPPQ-Others-ASAQ-Delay-2y,77,0.5221742583125174,2031
007/097-region-specific-Kagera-DHAPPQ-Others-ASAQ-Delay-2y,78,0.6560539190240635,2031
007/097-region-specific-Kagera-DHAPPQ-Others-ASAQ-Delay-2y,79,0.4240508334846422,2031
007/097-region-specific-Kagera-DHAPPQ-Others-ASAQ-Delay-2y,80,0.5733232714833078,2031
007/097-region-specific-Kagera-DHAPPQ-Others-ASAQ-Delay-2y,81,0.5945692542702706,2031
007/097-region-specific-Kagera-DHAPPQ-Others-ASAQ-Delay-2y,82,0.559882427494684,2031
007/097-region-specific-Kagera-DHAPPQ-Others-ASAQ-Delay-2y,83,0.5549292955090116,2031
007/097-region-specific-Kagera-DHAPPQ-Others-ASAQ-Delay-2y,84,0.5733200378580753,2031
007/097-region-specific-Kagera-DHAPPQ-Others-ASAQ-Delay-2y,85,0.5031506488325482,2031
007/097-region-specific-Kagera-DHAPPQ-Others-ASAQ-Delay-2y,86,0.5609310051150106,2031
007/097-region-specific-Kagera-DHAPPQ-Others-ASAQ-Delay-2y,87,0.5392152559368644,2031
007/097-region-specific-Kagera-DHAPPQ-Others-ASAQ-Delay-2y,88,0.5568219983884233,2031
007/097-region-specific-Kagera-DHAPPQ-Others-ASAQ-Delay-2y,89,0.5685853622974641,2031
007/097-region-specific-Kagera-DHAPPQ-Others-ASAQ-Delay-2y,90,0.47299303551959065,2031
007/097-region-specific-Kagera-DHAPPQ-Others-ASAQ-Delay-2y,91,0.5457156373858721,2031
007/097-region-specific-Kagera-DHAPPQ-Others-ASAQ-Delay-2y,92,0.48023075919357067,2031
007/097-region-specific-Kagera-DHAPPQ-Others-ASAQ-Delay-2y,93,0.5639111194322711,2031
007/097-region-specific-Kagera-DHAPPQ-Others-ASAQ-Delay-2y,94,0.545000700614198,2031
007/097-region-specific-Kagera-DHAPPQ-Others-ASAQ-Delay-2y,95,0.5810490986975404,2031
007/097-region-specific-Kagera-DHAPPQ-Others-ASAQ-Delay-2y,96,0.5072762984385134,2031
007/097-region-specific-Kagera-DHAPPQ-Others-ASAQ-Delay-2y,97,0.47824385108955597,2031
007/097-region-specific-Kagera-DHAPPQ-Others-ASAQ-Delay-2y,98,0.541584736930322,2031
007/097-region-specific-Kagera-DHAPPQ-Others-ASAQ-Delay-2y,99,0.6240343776963502,2031
007/098-Delay-ASAQ-1y,0,0.3784653344894722,2031
007/098-Delay-ASAQ-1y,1,0.4961865005083521,2031
007/098-Delay-ASAQ-1y,2,0.5021530175277779,2031
007/098-Delay-ASAQ-1y,3,0.3996853140408811,2031
007/098-Delay-ASAQ-1y,4,0.4308913055300705,2031
007/098-Delay-ASAQ-1y,5,0.41586270684237014,2031
007/098-Delay-ASAQ-1y,6,0.4218888133686547,2031
007/098-Delay-ASAQ-1y,7,0.43952478903191605,2031
007/098-Delay-ASAQ-1y,8,0.34617589172292607,2031
007/098-Delay-ASAQ-1y,9,0.4491143610065231,2031
007/098-Delay-ASAQ-1y,10,0.4708258793268519,2031
007/098-Delay-ASAQ-1y,11,0.4402616131119814,2031
007/098-Delay-ASAQ-1y,12,0.42585419412246944,2031
007/098-Delay-ASAQ-1y,13,0.49954946318336474,2031
007/098-Delay-ASAQ-1y,14,0.3903766438017177,2031
007/098-Delay-ASAQ-1y,15,0.39267262640839595,2031
007/098-Delay-ASAQ-1y,16,0.5133963400188818,2031
007/098-Delay-ASAQ-1y,17,0.42079887319302495,2031
007/098-Delay-ASAQ-1y,18,0.49131207510924363,2031
007/098-Delay-ASAQ-1y,19,0.37872260580282596,2031
007/098-Delay-ASAQ-1y,20,0.45646614047985173,2031
007/098-Delay-ASAQ-1y,21,0.38634773940938,2031
007/098-Delay-ASAQ-1y,22,0.3649657665897374,2031
007/098-Delay-ASAQ-1y,23,0.4399817482538107,2031
007/098-Delay-ASAQ-1y,24,0.2882238636927575,2031
007/098-Delay-ASAQ-1y,25,0.4326842106548789,2031
007/098-Delay-ASAQ-1y,26,0.47573175027784814,2031
007/098-Delay-ASAQ-1y,27,0.4451309350765411,2031
007/098-Delay-ASAQ-1y,28,0.34129739744072357,2031
007/098-Delay-ASAQ-1y,29,0.42154598741770166,2031
007/098-Delay-ASAQ-1y,30,0.486559425073751,2031
007/098-Delay-ASAQ-1y,31,0.434272762418136,2031
007/098-Delay-ASAQ-1y,32,0.38759431478579986,2031
007/098-Delay-ASAQ-1y,33,0.3999226396648425,2031
007/098-Delay-ASAQ-1y,34,0.4506327770654253,2031
007/098-Delay-ASAQ-1y,35,0.44548405139929015,2031
007/098-Delay-ASAQ-1y,36,0.34386181089615486,2031
007/098-Delay-ASAQ-1y,37,0.4245664490750299,2031
007/098-Delay-ASAQ-1y,38,0.36968016712287843,2031
007/098-Delay-ASAQ-1y,39,0.4585034607575083,2031
007/098-Delay-ASAQ-1y,40,0.4461849094559564,2031
007/098-Delay-ASAQ-1y,41,0.4706070821668816,2031
007/098-Delay-ASAQ-1y,42,0.4273746122713223,2031
007/098-Delay-ASAQ-1y,43,0.408492444347954,2031
007/098-Delay-ASAQ-1y,44,0.3774597524318253,2031
007/098-Delay-ASAQ-1y,45,0.45190237707276076,2031
007/098-Delay-ASAQ-1y,46,0.4311830561042696,2031
007/098-Delay-ASAQ-1y,47,0.394999093974705,2031
007/098-Delay-ASAQ-1y,48,0.3929666405197743,2031
007/098-Delay-ASAQ-1y,49,0.4424836108540897,2031
007/098-Delay-ASAQ-1y,50,0.4398882100503035,2031
007/098-Delay-ASAQ-1y,51,0.4416725607267433,2031
007/098-Delay-ASAQ-1y,52,0.38498544954037633,2031
007/098-Delay-ASAQ-1y,53,0.4465967785228486,2031
007/098-Delay-ASAQ-1y,54,0.4994862441631492,2031
007/098-Delay-ASAQ-1y,55,0.3572011077663619,2031
007/098-Delay-ASAQ-1y,56,0.40554709134362654,2031
007/098-Delay-ASAQ-1y,57,0.44524856282931813,2031
007/098-Delay-ASAQ-1y,58,0.33644242587126866,2031
007/098-Delay-ASAQ-1y,59,0.4533054902617461,2031
007/098-Delay-ASAQ-1y,60,0.3896406200836555,2031
007/098-Delay-ASAQ-1y,61,0.33786053840129887,2031
007/098-Delay-ASAQ-1y,62,0.5214467422869001,2031
007/098-Delay-ASAQ-1y,63,0.41658262234222593,2031
007/098-Delay-ASAQ-1y,64,0.41573284425936124,2031
007/098-Delay-ASAQ-1y,65,0.4790633195527008,2031
007/098-Delay-ASAQ-1y,66,0.4043639499909149,2031
007/098-Delay-ASAQ-1y,67,0.47343319837245174,2031
007/098-Delay-ASAQ-1y,68,0.4480151289094985,2031
007/098-Delay-ASAQ-1y,69,0.400382705739974,2031
007/098-Delay-ASAQ-1y,70,0.3639570891645248,2031
007/098-Delay-ASAQ-1y,71,0.37668876532559153,2031
007/098-Delay-ASAQ-1y,72,0.40114910916170105,2031
007/098-Delay-ASAQ-1y,73,0.44397810411470623,2031
007/098-Delay-ASAQ-1y,74,0.4573546861835028,2031
007/098-Delay-ASAQ-1y,75,0.5081061472991948,2031
007/098-Delay-ASAQ-1y,76,0.3661258278763382,2031
007/098-Delay-ASAQ-1y,77,0.3634062472657524,2031
007/098-Delay-ASAQ-1y,78,0.45337728247473624,2031
007/098-Delay-ASAQ-1y,79,0.4257722641479405,2031
007/098-Delay-ASAQ-1y,80,0.416727823423011,2031
007/098-Delay-ASAQ-1y,81,0.4620339825442131,2031
007/098-Delay-ASAQ-1y,82,0.4157334307063216,2031
007/098-Delay-ASAQ-1y,83,0.4292542103128177,2031
007/098-Delay-ASAQ-1y,84,0.47417084892470746,2031
007/098-Delay-ASAQ-1y,85,0.3854078471068671,2031
007/098-Delay-ASAQ-1y,86,0.39142289217027265,2031
007/098-Delay-ASAQ-1y,87,0.5422441825502572,2031
007/098-Delay-ASAQ-1y,88,0.3714754020821193,2031
007/098-Delay-ASAQ-1y,89,0.40916201439401273,2031
007/098-Delay-ASAQ-1y,90,0.4025394335996233,2031
007/098-Delay-ASAQ-1y,91,0.41063251251874094,2031
007/098-Delay-ASAQ-1y,92,0.4199261224847218,2031
007/098-Delay-ASAQ-1y,93,0.397350642985799,2031
007/098-Delay-ASAQ-1y,94,0.4091396914333383,2031
007/098-Delay-ASAQ-1y,95,0.4152125905801478,2031
007/098-Delay-ASAQ-1y,96,0.3681730763596402,2031
007/098-Delay-ASAQ-1y,97,0.4581849565848168,2031
007/098-Delay-ASAQ-1y,98,0.3615063240718223,2031
007/098-Delay-ASAQ-1y,99,0.4366237432310074,2031
007/099-Delay-ASAQ-2y,0,0.38300517056563144,2031
007/099-Delay-ASAQ-2y,1,0.4125592043969255,2031
007/099-Delay-ASAQ-2y,2,0.42673653491914254,2031
007/099-Delay-ASAQ-2y,3,0.40882602050186295,2031
007/099-Delay-ASAQ-2y,4,0.4338217490230363,2031
007/099-Delay-ASAQ-2y,5,0.37295905128903484,2031
007/099-Delay-ASAQ-2y,6,0.3650078611076964,2031
007/099-Delay-ASAQ-2y,7,0.5379025444985711,2031
007/099-Delay-ASAQ-2y,8,0.5281448865884663,2031
007/099-Delay-ASAQ-2y,9,0.44085128728422873,2031
007/099-Delay-ASAQ-2y,10,0.4023165505599015,2031
007/099-Delay-ASAQ-2y,11,0.4414263153905915,2031
007/099-Delay-ASAQ-2y,12,0.4316189648958979,2031
007/099-Delay-ASAQ-2y,13,0.39848417543431974,2031
007/099-Delay-ASAQ-2y,14,0.4521697996118968,2031
007/099-Delay-ASAQ-2y,15,0.4699805532181123,2031
007/099-Delay-ASAQ-2y,16,0.4104431917781512,2031
007/099-Delay-ASAQ-2y,17,0.4939635048896302,2031
007/099-Delay-ASAQ-2y,18,0.4326573718574209,2031
007/099-Delay-ASAQ-2y,19,0.49852906565948735,2031
007/099-Delay-ASAQ-2y,20,0.4824912257856057,2031
007/099-Delay-ASAQ-2y,21,0.49608268637517455,2031
007/099-Delay-ASAQ-2y,22,0.47433674892849337,2031
007/099-Delay-ASAQ-2y,23,0.49149369025221684,2031
007/099-Delay-ASAQ-2y,24,0.5149096577963345,2031
007/099-Delay-ASAQ-2y,25,0.4802098523481151,2031
007/099-Delay-ASAQ-2y,26,0.4360231194582959,2031
007/099-Delay-ASAQ-2y,27,0.4470718291511005,2031
007/099-Delay-ASAQ-2y,28,0.46168725843462743,2031
007/099-Delay-ASAQ-2y,29,0.4680450039877142,2031
007/099-Delay-ASAQ-2y,30,0.47589330302492844,2031
007/099-Delay-ASAQ-2y,31,0.42007640012301767,2031
007/099-Delay-ASAQ-2y,32,0.4057865148996824,2031
007/099-Delay-ASAQ-2y,33,0.4572628889718873,2031
007/099-Delay-ASAQ-2y,34,0.48249606647502036,2031
007/099-Delay-ASAQ-2y,35,0.5306924420551659,2031
007/099-Delay-ASAQ-2y,36,0.43837584940872776,2031
007/099-Delay-ASAQ-2y,37,0.40046165294720826,2031
007/099-Delay-ASAQ-2y,38,0.526053557595818,2031
007/099-Delay-ASAQ-2y,39,0.45519525990358484,2031
007/099-Delay-ASAQ-2y,40,0.5408057050648306,2031
007/099-Delay-ASAQ-2y,41,0.45008962216880993,2031
007/099-Delay-ASAQ-2y,42,0.4642003037149592,2031
007/099-Delay-ASAQ-2y,43,0.45452652853153935,2031
007/099-Delay-ASAQ-2y,44,0.45843023938477706,2031
007/099-Delay-ASAQ-2y,45,0.4043924613618705,2031
007/099-Delay-ASAQ-2y,46,0.42158372768093083,2031
007/099-Delay-ASAQ-2y,47,0.40152296467605814,2031
007/099-Delay-ASAQ-2y,48,0.4901958852839159,2031
007/099-Delay-ASAQ-2y,49,0.4116786273562121,2031
007/099-Delay-ASAQ-2y,50,0.4079454554537881,2031
007/099-Delay-ASAQ-2y,51,0.47200913843036774,2031
007/099-Delay-ASAQ-2y,52,0.34655780711974726,2031
007/099-Delay-ASAQ-2y,53,0.43696223804783196,2031
007/099-Delay-ASAQ-2y,54,0.5507478475499589,2031
007/099-Delay-ASAQ-2y,55,0.5011474326037776,2031
007/099-Delay-ASAQ-2y,56,0.46634121006179097,2031
007/099-Delay-ASAQ-2y,57,0.45887102804771257,2031
007/099-Delay-ASAQ-2y,58,0.5731920793798113,2031
007/099-Delay-ASAQ-2y,59,0.6015809602459823,2031
007/099-Delay-ASAQ-2y,60,0.45245848690630686,2031
007/099-Delay-ASAQ-2y,61,0.43863154591965453,2031
007/099-Delay-ASAQ-2y,62,0.4910120577688744,2031
007/099-Delay-ASAQ-2y,63,0.5030269809698654,2031
007/099-Delay-ASAQ-2y,64,0.503695752072479,2031
007/099-Delay-ASAQ-2y,65,0.5083259129039895,2031
007/099-Delay-ASAQ-2y,66,0.44453472886587964,2031
007/099-Delay-ASAQ-2y,67,0.4640316583842139,2031
007/099-Delay-ASAQ-2y,68,0.47449520000925527,2031
007/099-Delay-ASAQ-2y,69,0.39562423147816145,2031
007/099-Delay-ASAQ-2y,70,0.42312319775031,2031
007/099-Delay-ASAQ-2y,71,0.5180968981790456,2031
007/099-Delay-ASAQ-2y,72,0.5130585519963068,2031
007/099-Delay-ASAQ-2y,73,0.4617771059990276,2031
007/099-Delay-ASAQ-2y,74,0.4558485039688495,2031
007/099-Delay-ASAQ-2y,75,0.4206380505932134,2031
007/099-Delay-ASAQ-2y,76,0.4302672829749945,2031
007/099-Delay-ASAQ-2y,77,0.5023743133375494,2031
007/099-Delay-ASAQ-2y,78,0.47295612863533015,2031
007/099-Delay-ASAQ-2y,79,0.5566609191872463,2031
007/099-Delay-ASAQ-2y,80,0.4659640039923756,2031
007/099-Delay-ASAQ-2y,81,0.4755885676831549,2031
007/099-Delay-ASAQ-2y,82,0.40438040073803755,2031
007/099-Delay-ASAQ-2y,83,0.43004243073780235,2031
007/099-Delay-ASAQ-2y,84,0.5792112577397573,2031
007/099-Delay-ASAQ-2y,85,0.4614910757452109,2031
007/099-Delay-ASAQ-2y,86,0.37636112028633223,2031
007/099-Delay-ASAQ-2y,87,0.4563376313937309,2031
007/099-Delay-ASAQ-2y,88,0.546978634061671,2031
007/099-Delay-ASAQ-2y,89,0.4457611599563515,2031
007/099-Delay-ASAQ-2y,90,0.48299234010881315,2031
007/099-Delay-ASAQ-2y,91,0.4229820110164368,2031
007/099-Delay-ASAQ-2y,92,0.5466057216620017,2031
007/099-Delay-ASAQ-2y,93,0.5145119782207327,2031
007/099-Delay-ASAQ-2y,94,0.4543241416351294,2031
007/099-Delay-ASAQ-2y,95,0.5101005273612301,2031
007/099-Delay-ASAQ-2y,96,0.4214747848394926,2031
007/099-Delay-ASAQ-2y,97,0.48314665601805884,2031
007/099-Delay-ASAQ-2y,98,0.4739807184154838,2031
007/099-Delay-ASAQ-2y,99,0.45596609557990825,2031
007/100-Delay-ASAQ-3y,0,0.5549640626457286,2031
007/100-Delay-ASAQ-3y,1,0.5340046335571659,2031
007/100-Delay-ASAQ-3y,2,0.47290460000005735,2031
007/100-Delay-ASAQ-3y,3,0.4886984329973491,2031
007/100-Delay-ASAQ-3y,4,0.5270627305486925,2031
007/100-Delay-ASAQ-3y,5,0.4770968495139394,2031
007/100-Delay-ASAQ-3y,6,0.5626541931793932,2031
007/100-Delay-ASAQ-3y,7,0.502304460394844,2031
007/100-Delay-ASAQ-3y,8,0.5119696472238394,2031
007/100-Delay-ASAQ-3y,9,0.5458931235604331,2031
007/100-Delay-ASAQ-3y,10,0.48637050878874216,2031
007/100-Delay-ASAQ-3y,11,0.583010827622464,2031
007/100-Delay-ASAQ-3y,12,0.4727412226554814,2031
007/100-Delay-ASAQ-3y,13,0.5227271253696124,2031
007/100-Delay-ASAQ-3y,14,0.4787977790374296,2031
007/100-Delay-ASAQ-3y,15,0.6939795984417274,2031
007/100-Delay-ASAQ-3y,16,0.5174395049620981,2031
007/100-Delay-ASAQ-3y,17,0.5237815242568801,2031
007/100-Delay-ASAQ-3y,18,0.4198708023500896,2031
007/100-Delay-ASAQ-3y,19,0.46723814755350096,2031
007/100-Delay-ASAQ-3y,20,0.4740627713214054,2031
007/100-Delay-ASAQ-3y,21,0.4464523286152375,2031
007/100-Delay-ASAQ-3y,22,0.5054855987339181,2031
007/100-Delay-ASAQ-3y,23,0.5055184373774247,2031
007/100-Delay-ASAQ-3y,24,0.5723295582058742,2031
007/100-Delay-ASAQ-3y,25,0.544785981909118,2031
007/100-Delay-ASAQ-3y,26,0.47283896824954624,2031
007/100-Delay-ASAQ-3y,27,0.46981007340847275,2031
007/100-Delay-ASAQ-3y,28,0.5926509343886094,2031
007/100-Delay-ASAQ-3y,29,0.45631612120546006,2031
007/100-Delay-ASAQ-3y,30,0.6001616213279721,2031
007/100-Delay-ASAQ-3y,31,0.6139524602397297,2031
007/100-Delay-ASAQ-3y,32,0.5616764700922571,2031
007/100-Delay-ASAQ-3y,33,0.566967413290407,2031
007/100-Delay-ASAQ-3y,34,0.5348386168588705,2031
007/100-Delay-ASAQ-3y,35,0.3695438771264305,2031
007/100-Delay-ASAQ-3y,36,0.42550656688068084,2031
007/100-Delay-ASAQ-3y,37,0.5314921949726988,2031
007/100-Delay-ASAQ-3y,38,0.5082930878438732,2031
007/100-Delay-ASAQ-3y,39,0.45660514401024904,2031
007/100-Delay-ASAQ-3y,40,0.5029055318824746,2031
007/100-Delay-ASAQ-3y,41,0.5295219823104507,2031
007/100-Delay-ASAQ-3y,42,0.46292671418656745,2031
007/100-Delay-ASAQ-3y,43,0.5128038420879659,2031
007/100-Delay-ASAQ-3y,44,0.6521423543671717,2031
007/100-Delay-ASAQ-3y,45,0.45221617399323266,2031
007/100-Delay-ASAQ-3y,46,0.571267869898125,2031
007/100-Delay-ASAQ-3y,47,0.43078040196615386,2031
007/100-Delay-ASAQ-3y,48,0.5331546121639623,2031
007/100-Delay-ASAQ-3y,49,0.38768205612572704,2031
007/100-Delay-ASAQ-3y,50,0.5552032350109727,2031
007/100-Delay-ASAQ-3y,51,0.5377677720208864,2031
007/100-Delay-ASAQ-3y,52,0.5614618539140123,2031
007/100-Delay-ASAQ-3y,53,0.5553580932731739,2031
007/100-Delay-ASAQ-3y,54,0.4214229882319572,2031
007/100-Delay-ASAQ-3y,55,0.5729134538151781,2031
007/100-Delay-ASAQ-3y,56,0.5691073191302707,2031
007/100-Delay-ASAQ-3y,57,0.5723423351902429,2031
007/100-Delay-ASAQ-3y,58,0.5081922270985564,2031
007/100-Delay-ASAQ-3y,59,0.4088379690080861,2031
007/100-Delay-ASAQ-3y,60,0.6382380226406733,2031
007/100-Delay-ASAQ-3y,61,0.4891034100989969,2031
007/100-Delay-ASAQ-3y,62,0.5507798473624013,2031
007/100-Delay-ASAQ-3y,63,0.557083291028314,2031
007/100-Delay-ASAQ-3y,64,0.5017009953370777,2031
007/100-Delay-ASAQ-3y,65,0.5386046996870857,2031
007/100-Delay-ASAQ-3y,66,0.4888350084194439,2031
007/100-Delay-ASAQ-3y,67,0.541613593009095,2031
007/100-Delay-ASAQ-3y,68,0.5136842619215803,2031
007/100-Delay-ASAQ-3y,69,0.5903799694735329,2031
007/100-Delay-ASAQ-3y,70,0.5103910874742095,2031
007/100-Delay-ASAQ-3y,71,0.547194341300464,2031
007/100-Delay-ASAQ-3y,72,0.47332998955949607,2031
007/100-Delay-ASAQ-3y,73,0.48636727557460674,2031
007/100-Delay-ASAQ-3y,74,0.553047494185222,2031
007/100-Delay-ASAQ-3y,75,0.5060469171308687,2031
007/100-Delay-ASAQ-3y,76,0.44755592714483483,2031
007/100-Delay-ASAQ-3y,77,0.5063224240246887,2031
007/100-Delay-ASAQ-3y,78,0.5242928832110606,2031
007/100-Delay-ASAQ-3y,79,0.5352304641175528,2031
007/100-Delay-ASAQ-3y,80,0.43830126683689236,2031
007/100-Delay-ASAQ-3y,81,0.5513912962942235,2031
007/100-Delay-ASAQ-3y,82,0.5434307837850426,2031
007/100-Delay-ASAQ-3y,83,0.6911397716552677,2031
007/100-Delay-ASAQ-3y,84,0.5777348412052087,2031
007/100-Delay-ASAQ-3y,85,0.48214749698642895,2031
007/100-Delay-ASAQ-3y,86,0.6286774761710262,2031
007/100-Delay-ASAQ-3y,87,0.49033088552948395,2031
007/100-Delay-ASAQ-3y,88,0.5842248394335711,2031
007/100-Delay-ASAQ-3y,89,0.544132119191968,2031
007/100-Delay-ASAQ-3y,90,0.5344410122012417,2031
007/100-Delay-ASAQ-3y,91,0.5728618566660774,2031
007/100-Delay-ASAQ-3y,92,0.5496008192019864,2031
007/100-Delay-ASAQ-3y,93,0.6126746156855091,2031
007/100-Delay-ASAQ-3y,94,0.4655064545625765,2031
007/100-Delay-ASAQ-3y,95,0.4753296690399134,2031
007/100-Delay-ASAQ-3y,96,0.5018275644790998,2031
007/100-Delay-ASAQ-3y,97,0.5435264960077925,2031
007/100-Delay-ASAQ-3y,98,0.6227021290124132,2031
007/100-Delay-ASAQ-3y,99,0.4973923527801776,2031
007/101-Delay-ASAQ-4y,0,0.6363773753514538,2031
007/101-Delay-ASAQ-4y,1,0.6316534665030578,2031
007/101-Delay-ASAQ-4y,2,0.530244951016477,2031
007/101-Delay-ASAQ-4y,3,0.6118631352894527,2031
007/101-Delay-ASAQ-4y,4,0.4991081506738029,2031
007/101-Delay-ASAQ-4y,5,0.5995387372898028,2031
007/101-Delay-ASAQ-4y,6,0.6611280590888813,2031
007/101-Delay-ASAQ-4y,7,0.6205263674295279,2031
007/101-Delay-ASAQ-4y,8,0.593398907393606,2031
007/101-Delay-ASAQ-4y,9,0.6599770456391253,2031
007/101-Delay-ASAQ-4y,10,0.6758558326268714,2031
007/101-Delay-ASAQ-4y,11,0.6766122771887089,2031
007/101-Delay-ASAQ-4y,12,0.5560910579640755,2031
007/101-Delay-ASAQ-4y,13,0.6416436042773006,2031
007/101-Delay-ASAQ-4y,14,0.6696371447221775,2031
007/101-Delay-ASAQ-4y,15,0.6623612324655984,2031
007/101-Delay-ASAQ-4y,16,0.6652791469759338,2031
007/101-Delay-ASAQ-4y,17,0.6053847158318839,2031
007/101-Delay-ASAQ-4y,18,0.6269034184188645,2031
007/101-Delay-ASAQ-4y,19,0.6007535429173861,2031
007/101-Delay-ASAQ-4y,20,0.6367802823217887,2031
007/101-Delay-ASAQ-4y,21,0.4645818660519611,2031
007/101-Delay-ASAQ-4y,22,0.5576548401385347,2031
007/101-Delay-ASAQ-4y,23,0.5566471291658416,2031
007/101-Delay-ASAQ-4y,24,0.5787877788623651,2031
007/101-Delay-ASAQ-4y,25,0.7724266985207852,2031
007/101-Delay-ASAQ-4y,26,0.5751896268361355,2031
007/101-Delay-ASAQ-4y,27,0.6427431873503974,2031
007/101-Delay-ASAQ-4y,28,0.5886256117376569,2031
007/101-Delay-ASAQ-4y,29,0.5515831898251746,2031
007/101-Delay-ASAQ-4y,30,0.6450868957745214,2031
007/101-Delay-ASAQ-4y,31,0.7436700752602952,2031
007/101-Delay-ASAQ-4y,32,0.5953807410106227,2031
007/101-Delay-ASAQ-4y,33,0.5556673279046339,2031
007/101-Delay-ASAQ-4y,34,0.45617673496886907,2031
007/101-Delay-ASAQ-4y,35,0.6212390497094756,2031
007/101-Delay-ASAQ-4y,36,0.6155712891229889,2031
007/101-Delay-ASAQ-4y,37,0.5389837510345917,2031
007/101-Delay-ASAQ-4y,38,0.5025725562458528,2031
007/101-Delay-ASAQ-4y,39,0.6695612757103596,2031
007/101-Delay-ASAQ-4y,40,0.5646843219555423,2031
007/101-Delay-ASAQ-4y,41,0.6809627675193565,2031
007/101-Delay-ASAQ-4y,42,0.47300206320273963,2031
007/101-Delay-ASAQ-4y,43,0.5993785459093396,2031
007/101-Delay-ASAQ-4y,44,0.5621482740839093,2031
007/101-Delay-ASAQ-4y,45,0.5825250530863465,2031
007/101-Delay-ASAQ-4y,46,0.5281852840545479,2031
007/101-Delay-ASAQ-4y,47,0.6275247234794896,2031
007/101-Delay-ASAQ-4y,48,0.6435207849024803,2031
007/101-Delay-ASAQ-4y,49,0.639390011844968,2031
007/101-Delay-ASAQ-4y,50,0.591982649329836,2031
007/101-Delay-ASAQ-4y,51,0.6490898797103006,2031
007/101-Delay-ASAQ-4y,52,0.641369926282558,2031
007/101-Delay-ASAQ-4y,53,0.4548049177780588,2031
007/101-Delay-ASAQ-4y,54,0.5730863872264477,2031
007/101-Delay-ASAQ-4y,55,0.6354664833248042,2031
007/101-Delay-ASAQ-4y,56,0.6440331144958628,2031
007/101-Delay-ASAQ-4y,57,0.5963457740844874,2031
007/101-Delay-ASAQ-4y,58,0.6318348903442123,2031
007/101-Delay-ASAQ-4y,59,0.49016358560492473,2031
007/101-Delay-ASAQ-4y,60,0.6983680905188066,2031
007/101-Delay-ASAQ-4y,61,0.5258103113603804,2031
007/101-Delay-ASAQ-4y,62,0.7706031758753232,2031
007/101-Delay-ASAQ-4y,63,0.5771983689116481,2031
007/101-Delay-ASAQ-4y,64,0.6632942553654654,2031
007/101-Delay-ASAQ-4y,65,0.5557319501496476,2031
007/101-Delay-ASAQ-4y,66,0.5242554325264958,2031
007/101-Delay-ASAQ-4y,67,0.49115430251017506,2031
007/101-Delay-ASAQ-4y,68,0.6046878159539971,2031
007/101-Delay-ASAQ-4y,69,0.5536330556118547,2031
007/101-Delay-ASAQ-4y,70,0.6335726584909913,2031
007/101-Delay-ASAQ-4y,71,0.5273905656866801,2031
007/101-Delay-ASAQ-4y,72,0.5175360047651373,2031
007/101-Delay-ASAQ-4y,73,0.5322478184880692,2031
007/101-Delay-ASAQ-4y,74,0.6421300387064922,2031
007/101-Delay-ASAQ-4y,75,0.5377600078228983,2031
007/101-Delay-ASAQ-4y,76,0.5780367958689357,2031
007/101-Delay-ASAQ-4y,77,0.614963105938844,2031
007/101-Delay-ASAQ-4y,78,0.6386273397589676,2031
007/101-Delay-ASAQ-4y,79,0.5205351859691334,2031
007/101-Delay-ASAQ-4y,80,0.6767535522440946,2031
007/101-Delay-ASAQ-4y,81,0.6156267194952264,2031
007/101-Delay-ASAQ-4y,82,0.5716247346728593,2031
007/101-Delay-ASAQ-4y,83,0.45357756934791976,2031
007/101-Delay-ASAQ-4y,84,0.6527854676171015,2031
007/101-Delay-ASAQ-4y,85,0.6259376788420312,2031
007/101-Delay-ASAQ-4y,86,0.5819002347551422,2031
007/101-Delay-ASAQ-4y,87,0.5714154446066084,2031
007/101-Delay-ASAQ-4y,88,0.5078006157301195,2031
007/101-Delay-ASAQ-4y,89,0.473210387527244,2031
007/101-Delay-ASAQ-4y,90,0.7065059987355976,2031
007/101-Delay-ASAQ-4y,91,0.6352447111828577,2031
007/101-Delay-ASAQ-4y,92,0.5510200383055494,2031
007/101-Delay-ASAQ-4y,93,0.6282038540141942,2031
007/101-Delay-ASAQ-4y,94,0.5583015836748204,2031
007/101-Delay-ASAQ-4y,95,0.5800021002402342,2031
007/101-Delay-ASAQ-4y,96,0.6202677621039514,2031
007/101-Delay-ASAQ-4y,97,0.4919496672524735,2031
007/101-Delay-ASAQ-4y,98,0.7643855439599864,2031
007/101-Delay-ASAQ-4y,99,0.6271584182180194,2031
